unix_ms,latitude,longitude,altitude_m,speed_mps,steeringAngleDegree
1763595360394,35.193179145590754,-97.43848076061694,322.5985562857877,-1.2480989191462909e-21,0.4000000059604645
1763595360394,35.193179114983984,-97.43848076636341,322.5988457322321,8.005651457659449e-19,0.4000000059604645
1763595361394,35.19317828897694,-97.4384795368003,322.7253041258854,1.0237373376594095e-18,0.4000000059604645
1763595361394,35.193178269030376,-97.43847952374651,322.72554515530663,8.385497447834745e-19,0.4000000059604645
1763595361394,35.19317824060233,-97.43847947961059,322.7258981641969,5.073340130129008e-19,0.5
1763595361394,35.19317821250192,-97.43847945856106,322.7262002537395,2.1831914908901014e-19,0.4000000059604645
1763595361394,35.193178183773725,-97.43847940766511,322.72656149155256,3.1758113278810316e-20,0.4000000059604645
1763595361394,35.19317816707138,-97.438479361343,322.7269494529975,-4.5555809013621596e-20,0.4000000059604645
1763595361394,35.1931781426104,-97.43847929157063,322.72750892108184,-7.771149243668875e-20,0.4000000059604645
1763595361394,35.19317811579977,-97.43847921916606,322.7280268536362,-6.388582119506698e-20,0.4000000059604645
1763595361394,35.19317809897518,-97.43847913493691,322.7286855957583,-3.932936851134207e-20,0.5
1763595361394,35.19317809353199,-97.43847903859327,322.72950688494177,0.20102590322494507,0.4000000059604645
1763595361394,35.193178118595604,-97.43847893510947,322.7298182994368,0.37315887212753296,0.4000000059604645
1763595361394,35.19317814962235,-97.43847881491732,322.72999476665893,0.45818743109703064,0.4000000059604645
1763595361394,35.193178184531504,-97.4384786688976,322.73049097340686,0.5142470598220825,0.4000000059604645
1763595361394,35.19317822113577,-97.43847851314182,322.73059591419496,0.5434635877609253,0.4000000059604645
1763595361394,35.19317826062759,-97.43847834990989,322.730899728192,0.5718792080879211,0.4000000059604645
1763595361394,35.19317830157195,-97.43847817250207,322.73147681446017,0.5984835624694824,0.4000000059604645
1763595361394,35.19317835133987,-97.4384779619,322.7326546999636,0.6296927332878113,0.30000001192092896
1763595361394,35.193178405239216,-97.43847773811623,322.7332811874964,0.6672462821006775,0.0
1763595361394,35.193178466148815,-97.43847747258286,322.7339782573153,0.7088330984115601,-0.30000001192092896
1763595362394,35.19317802340139,-97.43847484974295,322.83735474849476,0.7883809804916382,-0.8999999761581421
1763595362394,35.193178045546155,-97.43847475281423,322.83817949596727,0.7968311905860901,-0.8999999761581421
1763595362394,35.19317811903091,-97.43847443004623,322.8389606053291,0.8395670652389526,-1.0
1763595362394,35.193178193974525,-97.43847409654155,322.83927726230763,0.8826706409454346,-0.8999999761581421
1763595362394,35.193178273818425,-97.43847374207036,322.83971257932376,0.9329171180725098,-0.8999999761581421
1763595362394,35.19317834392837,-97.43847342861471,322.839868116122,0.9670156240463257,-0.8999999761581421
1763595362394,35.193178434360476,-97.43847302870319,322.83971943504514,1.012498140335083,-0.8999999761581421
1763595362394,35.19317853070494,-97.4384726017836,322.8397104099395,1.0565598011016846,-0.8999999761581421
1763595362394,35.19317863058711,-97.43847215770568,322.83989468830555,1.1006228923797607,-0.8999999761581421
1763595362394,35.19317873660923,-97.43847168938942,322.84002038821916,1.141761302947998,-0.8999999761581421
1763595362394,35.19317882907749,-97.4384712765316,322.84027887117605,1.180212378501892,-0.8999999761581421
1763595362394,35.193178944792,-97.43847076390897,322.840032956799,1.2345062494277954,-0.8999999761581421
1763595362394,35.19317906223631,-97.43847024806256,322.8396725121073,1.281127691268921,-0.8999999761581421
1763595362394,35.19317918815952,-97.43846969810235,322.8397545487022,1.3231911659240723,-0.8999999761581421
1763595362394,35.19317931927493,-97.43846913289822,322.8394978126958,1.369930624961853,-0.8999999761581421
1763595362394,35.19317945793274,-97.43846852701573,322.83939108205476,1.4133244752883911,-0.8999999761581421
1763595362394,35.19317958357975,-97.43846798406554,322.8397222463713,1.4462172985076904,-0.8999999761581421
1763595362394,35.193179732250044,-97.43846733240639,322.83993813919824,1.4938093423843384,-0.8999999761581421
1763595362394,35.193179883692466,-97.43846667277695,322.8400853534451,1.5336002111434937,-0.8999999761581421
1763595362394,35.193180044060675,-97.43846596348921,322.8403325354226,1.5749309062957764,-0.8999999761581421
1763595363394,35.19317917242488,-97.43846173447226,322.9232249429471,1.6498732566833496,-0.8999999761581421
1763595363394,35.193179216269144,-97.43846151662835,322.9237581402745,1.6575334072113037,-0.8999999761581421
1763595363394,35.19317936367174,-97.43846076942724,322.923516254652,1.7009788751602173,-0.8999999761581421
1763595363394,35.19317953221259,-97.4384599186318,322.9230348107512,1.7404345273971558,-0.8999999761581421
1763595363394,35.193179670705156,-97.43845922598078,322.9224717728083,1.784842610359192,-0.8999999761581421
1763595363394,35.19317983361483,-97.43845840541823,322.9216050543834,1.8279852867126465,-0.8999999761581421
1763595363394,35.19318000007346,-97.43845756863114,322.92077463767464,1.877768874168396,-0.8999999761581421
1763595363394,35.19318016885753,-97.43845673066943,322.92042987638854,1.909618616104126,-0.8999999761581421
1763595363394,35.19318034652895,-97.43845584625579,322.919892368189,1.949960470199585,-0.8999999761581421
1763595363394,35.19318052932391,-97.43845493985899,322.91935785657984,1.9882136583328247,-0.8999999761581421
1763595363394,35.19318071001739,-97.43845402937828,322.91900306867797,2.0363988876342773,-0.8999999761581421
1763595363394,35.193180895294354,-97.43845309874798,322.9187815958394,2.067481517791748,-0.8999999761581421
1763595363394,35.19318109222572,-97.43845211089933,322.91853250612115,2.107943058013916,-0.8999999761581421
1763595363394,35.19318125524866,-97.43845128599045,322.9187923988016,2.1468968391418457,-0.8999999761581421
1763595363394,35.193181457843515,-97.43845027008376,322.9186909932766,2.1879940032958984,-0.8999999761581421
1763595363394,35.193181660336144,-97.4384492408043,322.9183655587774,2.229787588119507,-0.8999999761581421
1763595363394,35.193181868886974,-97.43844818772435,322.91766236832314,2.272935628890991,-0.8999999761581421
1763595363394,35.1931820813117,-97.43844712045414,322.91706729204566,2.315668821334839,-0.8999999761581421
1763595363394,35.19318229712901,-97.4384460322437,322.91693501612593,2.3541266918182373,-0.8999999761581421
1763595363394,35.19318253487153,-97.43844485125564,322.9165126161093,2.3928678035736084,-0.8999999761581421
1763595364394,35.19318093750537,-97.43843868713574,323.00420865924053,2.462620258331299,-0.8999999761581421
1763595364394,35.19318101107019,-97.43843822788406,323.00388257454506,2.468886137008667,-0.8999999761581421
1763595364394,35.19318120634791,-97.43843701353501,323.00318853037703,2.5097408294677734,-0.8999999761581421
1763595364394,35.1931814102055,-97.43843574580345,323.0022503755578,2.5487797260284424,-0.8999999761581421
1763595364394,35.193181611655326,-97.43843449386878,323.00167170481456,2.5906805992126465,-0.800000011920929
1763595364394,35.19318182122043,-97.43843319469303,323.0010612755508,2.6288084983825684,-0.800000011920929
1763595364394,35.19318203213859,-97.43843189014582,323.0006111128868,2.6754796504974365,-0.699999988079071
1763595364394,35.19318224168155,-97.43843057880325,323.0003253696189,2.7044661045074463,-0.699999988079071
1763595364394,35.1931824504186,-97.43842926537764,322.99980446841016,2.742058277130127,-0.699999988079071
1763595364394,35.193182678497784,-97.43842782784125,322.99896459074347,2.7789926528930664,-0.6000000238418579
1763595364394,35.1931828608265,-97.43842669839835,322.99892601133655,2.8191325664520264,-0.6000000238418579
1763595364394,35.193183085256045,-97.4384252916337,322.99850278853205,2.858815908432007,-0.6000000238418579
1763595364394,35.19318331694793,-97.43842386035121,322.99782071551715,2.8942513465881348,-0.6000000238418579
1763595364394,35.19318354948107,-97.43842242332306,322.99651099884136,2.9380104541778564,-0.6000000238418579
1763595364394,35.19318378176381,-97.43842099508981,322.9958260103246,2.968050718307495,-0.6000000238418579
1763595364394,35.19318402495589,-97.4384195307902,322.9955260929129,3.0050511360168457,-0.6000000238418579
1763595364394,35.19318427863151,-97.43841800752186,322.9964157111868,3.0443902015686035,-0.6000000238418579
1763595364394,35.193184492539274,-97.4384167293541,322.99667846888474,3.073312520980835,-0.6000000238418579
1763595364394,35.19318474690436,-97.43841519816748,322.99578000608005,3.1114683151245117,-0.4000000059604645
1763595364394,35.19318501918447,-97.43841353152679,322.99444638713476,3.144918918609619,-0.30000001192092896
1763595365394,35.19318448298418,-97.43840744849767,323.08591510790615,3.198082685470581,0.10000000149011612
1763595365394,35.19318460328535,-97.43840661956786,323.0858772323281,3.2087836265563965,0.30000001192092896
1763595365394,35.193184841556075,-97.43840497402348,323.08547560356817,3.2421770095825195,0.800000011920929
1763595365394,35.19318506320061,-97.43840343947164,323.08431994263753,3.267153739929199,1.2999999523162842
1763595365394,35.19318531688037,-97.43840169114448,323.08225464441944,3.3020050525665283,2.200000047683716
1763595365394,35.19318556800104,-97.43839997347794,323.0806887305291,3.344442844390869,3.5999999046325684
1763595365394,35.1931857875728,-97.43839848924985,323.0794169173672,3.367018222808838,4.599999904632568
1763595365394,35.19318604726749,-97.43839675107246,323.07837982270934,3.39728045463562,5.900000095367432
1763595365394,35.19318631357777,-97.43839498079507,323.0781286201175,3.4264070987701416,7.099999904632568
1763595365394,35.19318658460693,-97.43839320472053,323.07757466274035,3.4560179710388184,8.5
1763595365394,35.19318685520291,-97.43839145255822,323.0766355858431,3.484252452850342,10.100000381469727
1763595365394,35.193187066532595,-97.43839007838784,323.0757487145821,3.507147789001465,11.399999618530273
1763595365394,35.193187364675246,-97.43838814500675,323.0747254397181,3.5372140407562256,13.199999809265137
1763595365394,35.19318764799702,-97.43838635512081,323.0740906362378,3.5583407878875732,14.600000381469727
1763595365394,35.19318794042997,-97.4383845184623,323.07341311572895,3.5850257873535156,15.800000190734863
1763595365394,35.19318823763598,-97.43838269954166,323.0720814472093,3.6099793910980225,16.899999618530273
1763595365394,35.193188543876495,-97.43838086488672,323.07015862273175,3.636950731277466,18.0
1763595365394,35.19318885120745,-97.43837902375586,323.0675831121614,3.664412260055542,19.100000381469727
1763595365394,35.19318914640809,-97.43837728005424,323.06528126802,3.684298515319824,20.100000381469727
1763595365394,35.19318945731199,-97.43837544465424,323.0641009585196,3.7124295234680176,21.5
1763595366394,35.19319052598248,-97.43836907700201,323.1228379951107,3.74808669090271,23.100000381469727
1763595366394,35.193190729839564,-97.4383679135996,323.122224460068,3.7601706981658936,23.5
1763595366394,35.19319107840954,-97.43836594559242,323.12003776902947,3.777479887008667,24.0
1763595366394,35.19319138215829,-97.43836424964591,323.11810454933794,3.7981977462768555,24.5
1763595366394,35.19319175116585,-97.43836220993663,323.1163867886119,3.8138039112091064,24.899999618530273
1763595366394,35.193192110606674,-97.43836023274726,323.1146714488595,3.8288216590881348,25.200000762939453
1763595366394,35.19319248293201,-97.43835821410649,323.1133770220553,3.8569295406341553,25.5
1763595366394,35.19319285916007,-97.43835620583235,323.111602811077,3.8815131187438965,25.799999237060547
1763595366394,35.193193253527774,-97.4383541323679,323.1107844019836,3.900099039077759,26.399999618530273
1763595366394,35.193193584839996,-97.43835242845805,323.1098260309573,3.9098010063171387,26.899999618530273
1763595366394,35.19319398409536,-97.4383503992494,323.1087713597839,3.9192447662353516,27.700000762939453
1763595366394,35.193194389957455,-97.43834836385244,323.10787808419053,3.928886890411377,28.899999618530273
1763595366394,35.193194797806356,-97.43834636139394,323.1074076206584,3.9362645149230957,30.299999237060547
1763595366394,35.19319521049818,-97.43834433950686,323.1073288056465,3.9397993087768555,31.299999237060547
1763595366394,35.19319562859176,-97.43834235131332,323.10698192130513,3.9427073001861572,31.799999237060547
1763595366394,35.193196334231075,-97.43833902342368,323.1032566071798,3.955272912979126,31.899999618530273
1763595366394,35.1931966103431,-97.43833776498873,323.10213861014444,3.9683990478515625,31.899999618530273
1763595366394,35.19319692780826,-97.43833635931936,323.1007582395303,3.982466697692871,31.899999618530273
1763595366394,35.19319739472108,-97.43833428629617,323.09915892009366,4.002570629119873,31.899999618530273
1763595366394,35.193197853044765,-97.43833222289093,323.0988895271367,4.018854141235352,31.899999618530273
1763595367394,35.19319752649397,-97.43832641507883,323.173664157877,4.034614562988281,31.899999618530273
1763595367394,35.19319772287326,-97.43832549579139,323.17366369588103,4.042241096496582,31.899999618530273
1763595367394,35.19319817810436,-97.43832337959613,323.1723234624729,4.0637407302856445,31.899999618530273
1763595367394,35.19319863562563,-97.43832128246494,323.1715439815163,4.084969520568848,31.899999618530273
1763595367394,35.193199101377466,-97.43831918306911,323.171552451143,4.101525783538818,31.899999618530273
1763595367394,35.19319958781634,-97.4383170195465,323.17075714735466,4.112003803253174,32.20000076293945
1763595367394,35.193199999616255,-97.43831520445796,323.1693428168942,4.128140449523926,32.900001525878906
1763595367394,35.19320049791277,-97.43831301889337,323.16695573205664,4.157830238342285,33.900001525878906
1763595367394,35.19320100947073,-97.4383108179104,323.1652648198025,4.187861442565918,35.400001525878906
1763595367394,35.19320153680656,-97.4383085900892,323.1642864422587,4.198014736175537,36.29999923706055
1763595367394,35.193201977043024,-97.43830677587033,323.16386118664656,4.205380916595459,36.79999923706055
1763595367394,35.193202496149055,-97.43830466795907,323.16345840231145,4.213855743408203,36.900001525878906
1763595367394,35.193203046467865,-97.43830249610785,323.1627762581804,4.230360984802246,36.900001525878906
1763595367394,35.19320359387907,-97.43830033256549,323.16233993961447,4.247529029846191,36.900001525878906
1763595367394,35.19320413756048,-97.4382982042082,323.1618771595345,4.260264873504639,36.900001525878906
1763595367394,35.193204687230484,-97.43829604730833,323.16138639768064,4.2694926261901855,36.900001525878906
1763595367394,35.19320524209069,-97.43829388762968,323.16055640192,4.294874668121338,36.900001525878906
1763595367394,35.19320579797572,-97.43829176245762,323.1596540993477,4.317802429199219,36.900001525878906
1763595367394,35.19320639966533,-97.43828949168706,323.1581253729055,4.334751129150391,36.900001525878906
1763595367394,35.19320695725335,-97.43828742726485,323.1572162301766,4.347944259643555,36.900001525878906
1763595368394,35.19320842303477,-97.43828253243524,323.2202849375929,4.372393608093262,36.900001525878906
1763595368394,35.193208838641034,-97.43828106489775,323.21962348978235,4.381285190582275,36.900001525878906
1763595368394,35.19320947406355,-97.4382788277362,323.21844614307344,4.401959419250488,36.900001525878906
1763595368394,35.193210111755704,-97.43827659087306,323.2180599644812,4.420199394226074,36.900001525878906
1763595368394,35.193210759788485,-97.43827432228609,323.2181129087889,4.4376044273376465,36.900001525878906
1763595368394,35.19321131075827,-97.43827239800734,323.21880284444654,4.4501633644104,37.20000076293945
1763595368394,35.193211969012864,-97.43827009266478,323.2196953242445,4.471298694610596,37.599998474121094
1763595368394,35.19321263109153,-97.43826783090488,323.2190456534433,4.467540740966797,38.099998474121094
1763595368394,35.193213308440576,-97.43826554918464,323.21788263222726,4.482289791107178,39.0
1763595368394,35.193214024903504,-97.43826318081514,323.21640515181605,4.495047569274902,40.400001525878906
1763595368394,35.19321462016233,-97.43826125246227,323.2151812575952,4.5059685707092285,42.599998474121094
1763595368394,35.1932153615667,-97.4382588882904,323.21286537683784,4.508074760437012,45.900001525878906
1763595368394,35.19321608555311,-97.4382566435861,323.21098645368266,4.516969203948975,51.70000076293945
1763595368394,35.19321683816639,-97.43825432108969,323.20903135023724,4.5061116218566895,58.20000076293945
1763595368394,35.19321746100043,-97.43825242385084,323.2077054706033,4.494713306427002,63.900001525878906
1763595368394,35.19321820750569,-97.4382501814811,323.2057141013104,4.483203887939453,71.19999694824219
1763595368394,35.1932189809195,-97.43824790736689,323.2036474721256,4.467928886413574,78.30000305175781
1763595368394,35.193219743336925,-97.43824572098224,323.20247409250084,4.4538044929504395,84.5999984741211
1763595368394,35.19322053886647,-97.43824354186302,323.201298383169,4.448886871337891,90.19999694824219
1763595368394,35.19322136517428,-97.43824135166905,323.19973737316667,4.43367338180542,95.4000015258789
1763595369394,35.19322375866703,-97.43823560825057,323.23981910636024,4.410188674926758,101.9000015258789
1763595369394,35.19322415419943,-97.43823468074804,323.2392986077422,4.40447998046875,103.0999984741211
1763595369394,35.19322507609188,-97.43823258000802,323.238053702995,4.383500099182129,106.19999694824219
1763595369394,35.19322588083694,-97.43823079970879,323.2369820212868,4.369915008544922,108.5
1763595369394,35.1932268449067,-97.43822872577871,323.2361077515143,4.35243558883667,112.0
1763595369394,35.193227820364925,-97.43822668412123,323.23578874982314,4.330066680908203,114.5999984741211
1763595369394,35.19322873383998,-97.4382248176239,323.23563170306295,4.314525604248047,115.0999984741211
1763595369394,35.19322973155031,-97.43822281612296,323.23531863561186,4.291045665740967,114.69999694824219
1763595369394,35.19323065524609,-97.43822101373954,323.2349671898184,4.270805835723877,111.9000015258789
1763595369394,35.19323170545653,-97.43821900623745,323.23397501302986,4.259901523590088,106.5
1763595369394,35.19323271604371,-97.43821710674955,323.23341413003084,4.247006416320801,98.5
1763595369394,35.19323372624317,-97.43821523716785,323.2336795160499,4.22627067565918,85.30000305175781
1763595369394,35.193234756973006,-97.43821334423113,323.2340519045744,4.210909843444824,71.19999694824219
1763595369394,35.19323578839808,-97.43821148447297,323.23532814294873,4.198330402374268,54.599998474121094
1763595369394,35.1932368134193,-97.43820962132988,323.23674746528576,4.174673557281494,36.599998474121094
1763595369394,35.19323764974475,-97.43820810723004,323.2385187908904,4.158280849456787,21.0
1763595369394,35.19323861480497,-97.43820631917055,323.2414376484646,4.133411884307861,-0.20000000298023224
1763595369394,35.19323994506006,-97.43820372644478,323.2450349608519,4.10378360748291,-30.0
1763595369394,35.19324057424699,-97.43820261153218,323.24989250246,4.0943403244018555,-42.099998474121094
1763595369394,35.19324134872373,-97.4382012307711,323.2536795689231,4.072599411010742,-61.0
1763595370394,35.19324442006179,-97.43819606287006,323.309415920115,4.041604518890381,-88.19999694824219
1763595370394,35.19324476178854,-97.43819518786447,323.31180018833095,4.032190799713135,-94.0
1763595370394,35.19324550564104,-97.43819321603421,323.31446074448706,4.0020294189453125,-110.4000015258789
1763595370394,35.19324608396023,-97.43819159084396,323.3161700911701,3.9858028888702393,-121.5
1763595370394,35.193246741206735,-97.43818964119066,323.3172575364045,3.972517251968384,-133.60000610351562
1763595370394,35.19324736826749,-97.43818765809183,323.31752502125164,3.949256181716919,-152.1999969482422
1763595370394,35.19324794798485,-97.438185688905,323.31784795774763,3.9204065799713135,-169.89999389648438
1763595370394,35.19324849214372,-97.43818369330955,323.318571369596,3.8987576961517334,-182.8000030517578
1763595370394,35.193249037533846,-97.43818147349417,323.31906160099373,3.881295919418335,-193.60000610351562
1763595370394,35.193249398341045,-97.43817984192741,323.3197525192092,3.871129274368286,-201.3000030517578
1763595370394,35.193249789866066,-97.43817785277051,323.3207969537781,3.861560344696045,-209.89999389648438
1763595370394,35.19325013194248,-97.4381758514145,323.32168810401953,3.84674072265625,-216.89999389648438
1763595370394,35.19325042535221,-97.438173849789,323.32232518615746,3.834160327911377,-222.0
1763595370394,35.19325068734173,-97.4381717637368,323.3230969200675,3.8248822689056396,-226.10000610351562
1763595370394,35.19325090192322,-97.43816973319078,323.32438951304414,3.817469358444214,-229.89999389648438
1763595370394,35.19325105272244,-97.43816799590736,323.32521822001087,3.8055832386016846,-233.5
1763595370394,35.19325120621819,-97.43816590336702,323.3264847349596,3.794382333755493,-239.3000030517578
1763595370394,35.19325132016678,-97.43816386789655,323.32727027266355,3.7885303497314453,-244.8000030517578
1763595370394,35.19325139993181,-97.43816183785769,323.3282087537655,3.783125638961792,-251.1999969482422
1763595370394,35.19325143239527,-97.43815978147364,323.32889883584073,3.7738208770751953,-257.8999938964844
1763595371394,35.19324925789688,-97.43815344391166,323.390982245554,3.7616782188415527,-266.79998779296875
1763595371394,35.19324918683016,-97.438152196989,323.390941089778,3.754354238510132,-269.5
1763595371394,35.19324905290237,-97.43815037248984,323.3906483325576,3.745919942855835,-271.5
1763595371394,35.19324885195735,-97.43814823229808,323.3904903694357,3.7449357509613037,-271.5
1763595371394,35.19324861831179,-97.43814614646111,323.39055622346825,3.7412657737731934,-270.79998779296875
1763595371394,35.19324835605169,-97.43814408922657,323.39076244344926,3.740920066833496,-269.5
1763595371394,35.19324802484428,-97.43814176670524,323.3909021899122,3.736973762512207,-267.5
1763595371394,35.19324777277247,-97.43814010590143,323.3907578027324,3.739439010620117,-265.79998779296875
1763595371394,35.1932471411921,-97.43813669264398,323.39138921693996,3.753211498260498,-262.1000061035156
1763595371394,35.19324697392644,-97.43813565014419,323.39046593225055,3.7557177543640137,-261.20001220703125
1763595371394,35.1932466562529,-97.43813392399596,323.38953960330855,3.7620646953582764,-259.20001220703125
1763595371394,35.19324622340916,-97.43813176850789,323.388373579114,3.7702183723449707,-254.8000030517578
1763595371394,35.19324577219502,-97.43812960858091,323.38719176504696,3.782487154006958,-250.1999969482422
1763595371394,35.193245300030156,-97.43812744572432,323.3857486178229,3.800797700881958,-244.1999969482422
1763595371394,35.193244897459344,-97.43812557977454,323.3840616307266,3.809682846069336,-238.3000030517578
1763595371394,35.19324440887416,-97.43812344542495,323.3829032570012,3.817944049835205,-229.8000030517578
1763595371394,35.19324390678125,-97.4381213209753,323.38168899180585,3.8215765953063965,-220.60000610351562
1763595371394,35.19324339654048,-97.4381192230632,323.3806012801531,3.816321849822998,-210.3000030517578
1763595371394,35.19324284971805,-97.43811707785915,323.3791275194185,3.814761161804199,-205.1999969482422
1763595371394,35.19324235276701,-97.43811510643961,323.3765259722404,3.8125035762786865,-201.5
1763595372394,35.19324130259682,-97.43810935474309,323.41168650536855,3.8147146701812744,-196.5
1763595372394,35.19324104663579,-97.43810849770793,323.4094392282819,3.814713716506958,-196.1999969482422
1763595372394,35.19324037920034,-97.43810642788634,323.40655895358276,3.8197879791259766,-194.5
1763595372394,35.1932397514749,-97.43810452152258,323.4037099593876,3.8257739543914795,-191.89999389648438
1763595372394,35.193239016561655,-97.4381023834442,323.401356124439,3.819796085357666,-186.0
1763595372394,35.19323833012518,-97.43810045882131,323.3987669176098,3.813142776489258,-181.3000030517578
1763595372394,35.19323755593735,-97.43809840306079,323.39584420762657,3.809514045715332,-168.60000610351562
1763595372394,35.19323674547966,-97.43809635889045,323.3934856980653,3.809427499771118,-154.89999389648438
1763595372394,35.19323588875532,-97.43809427123611,323.3917640660072,3.8143723011016846,-134.89999389648438
1763595372394,35.19323519484115,-97.43809258134874,323.390728577491,3.8187978267669678,-120.4000015258789
1763595372394,35.19323436724115,-97.43809057319494,323.3902665158887,3.82034969329834,-99.80000305175781
1763595372394,35.193233576567785,-97.438088632592,323.39047651379485,3.8228795528411865,-78.30000305175781
1763595372394,35.193232792267565,-97.43808664249248,323.3905168986758,3.8294944763183594,-56.599998474121094
1763595372394,35.193232040178394,-97.43808464357546,323.39070503514785,3.838517665863037,-33.79999923706055
1763595372394,35.19323144051077,-97.43808299162518,323.3907797975021,3.8449411392211914,-15.899999618530273
1763595372394,35.193230685365606,-97.43808083560681,323.39190136499076,3.8497262001037598,14.399999618530273
1763595372394,35.193230023299805,-97.4380788283188,323.3922059883771,3.8521511554718018,34.900001525878906
1763595372394,35.193229484531976,-97.43807715214963,323.39281362801967,3.855907678604126,50.400001525878906
1763595372394,35.193228898973594,-97.43807511418841,323.3921674187627,3.859834671020508,69.30000305175781
1763595372394,35.19322829551543,-97.43807285149579,323.3912063591328,3.8687355518341064,87.4000015258789
1763595373394,35.19322811166711,-97.43806905340146,323.4802800059393,3.870361804962158,113.0999984741211
1763595373394,35.19322792857635,-97.43806820734476,323.48085395734256,3.8697361946105957,119.69999694824219
1763595373394,35.19322752832627,-97.43806619845891,323.48038938713285,3.8658459186553955,133.39999389648438
1763595373394,35.19322713017993,-97.43806398717037,323.47994056706966,3.8641231060028076,152.60000610351562
1763595373394,35.193226788117784,-97.43806182269527,323.4797059839942,3.872145891189575,168.0
1763595373394,35.19322649531278,-97.43805965629171,323.47959978367044,3.8794729709625244,183.89999389648438
1763595373394,35.19322625353065,-97.43805749453333,323.4803197364436,3.8791608810424805,199.60000610351562
1763595373394,35.19322607637587,-97.43805544160527,323.4808638947893,3.8729302883148193,211.0
1763595373394,35.19322594407236,-97.43805316574746,323.4810039807207,3.8670506477355957,226.10000610351562
1763595373394,35.19322587465594,-97.43805093775326,323.4808320487169,3.865093469619751,237.60000610351562
1763595373394,35.19322586358193,-97.43804878053169,323.4801549642639,3.86780047416687,249.1999969482422
1763595373394,35.19322590867452,-97.43804653572175,323.47935164120844,3.865074872970581,261.29998779296875
1763595373394,35.193226008853706,-97.43804431784842,323.4788067350057,3.8626956939697266,273.8999938964844
1763595373394,35.1932261457499,-97.43804237196173,323.4776557435811,3.8606491088867188,287.0
1763595373394,35.19322635860285,-97.43804011776015,323.4762347129143,3.858621597290039,299.6000061035156
1763595373394,35.19322663026547,-97.43803793830955,323.4743142009737,3.8590495586395264,312.8999938964844
1763595373394,35.19322697021045,-97.43803576079412,323.4725629097312,3.8526556491851807,321.79998779296875
1763595373394,35.193227368942985,-97.43803363639034,323.47101329064947,3.8481194972991943,327.8999938964844
1763595373394,35.19322786253741,-97.43803139819525,323.46952116661555,3.8479182720184326,335.8999938964844
1763595373394,35.19322835972229,-97.43802941260857,323.46826866190645,3.8427953720092773,340.3999938964844
1763595374394,35.1932323921014,-97.4380262429702,323.5126136248884,3.832711935043335,347.79998779296875
1763595374394,35.19323267249292,-97.43802547382093,323.5120582781612,3.8305375576019287,349.3999938964844
1763595374394,35.1932334618757,-97.43802340708521,323.5105374753849,3.8261091709136963,353.20001220703125
1763595374394,35.193234340323365,-97.43802130039896,323.5086695274304,3.822284460067749,356.79998779296875
1763595374394,35.19323505257663,-97.43801971649671,323.5072073905866,3.822716236114502,359.29998779296875
1763595374394,35.19323598817401,-97.43801776510318,323.50531387023705,3.816833972930908,362.6000061035156
1763595374394,35.19323696890773,-97.43801585859731,323.5036738707572,3.811797857284546,365.1000061035156
1763595374394,35.193237979590066,-97.43801402231738,323.5023936278218,3.8101658821105957,367.20001220703125
1763595374394,35.193239071662475,-97.43801217441845,323.50145099501196,3.805023670196533,368.79998779296875
1763595374394,35.19324019231549,-97.43801040310917,323.5005473510101,3.7943849563598633,369.8999938964844
1763595374394,35.19324138968423,-97.43800863268883,323.49966226766037,3.7788431644439697,370.6000061035156
1763595374394,35.19324239987838,-97.43800721815744,323.4991399024938,3.771460771560669,370.8999938964844
1763595374394,35.19324362766419,-97.43800559888903,323.4988189869689,3.7637107372283936,370.8999938964844
1763595374394,35.19324486667898,-97.43800405704192,323.49911595831185,3.759399175643921,370.8999938964844
1763595374394,35.19324621219193,-97.43800248713936,323.4988466769346,3.7525148391723633,370.29998779296875
1763595374394,35.19324753748384,-97.43800103241769,323.49844526752213,3.7465176582336426,368.6000061035156
1763595374394,35.19324890162169,-97.4379996062921,323.497612200888,3.739823341369629,364.29998779296875
1763595374394,35.19325028678123,-97.43799821597294,323.49641052574185,3.731584310531616,356.20001220703125
1763595374394,35.193251700491174,-97.43799686633395,323.49564814005856,3.7262277603149414,344.3999938964844
1763595374394,35.19325317948384,-97.43799555871179,323.49622269154605,3.718845844268799,329.6000061035156
1763595375394,35.193255001041166,-97.4379928634538,323.54993390651066,3.7138564586639404,302.20001220703125
1763595375394,35.19325553060475,-97.43799242798282,323.55101144244486,3.7129032611846924,298.5
1763595375394,35.19325702051403,-97.43799123653487,323.5518348043175,3.702176570892334,276.70001220703125
1763595375394,35.19325849494609,-97.43799006702815,323.5527631483324,3.692723274230957,255.10000610351562
1763595375394,35.19325992818877,-97.43798892941349,323.5532760683097,3.6904423236846924,234.0
1763595375394,35.193261377690845,-97.4379877684602,323.55332394098633,3.686931848526001,210.60000610351562
1763595375394,35.1932628324179,-97.43798659972028,323.5539624086967,3.6891212463378906,184.39999389648438
1763595375394,35.193264027561874,-97.4379856186659,323.5554496206185,3.691134452819824,161.8000030517578
1763595375394,35.19326545886347,-97.43798443687189,323.5567283958734,3.689384698867798,132.60000610351562
1763595375394,35.193266839554454,-97.4379832922693,323.5587149335853,3.678927421569824,101.30000305175781
1763595375394,35.19326822832555,-97.43798212456693,323.5608682930227,3.673830509185791,73.0999984741211
1763595375394,35.1932695918601,-97.43798095298969,323.5635325731618,3.661439895629883,49.099998474121094
1763595375394,35.19327094858215,-97.43797978626661,323.5671120884058,3.6549289226531982,20.399999618530273
1763595375394,35.193272275383634,-97.43797861057683,323.5691673136688,3.653069019317627,-9.5
1763595375394,35.1932736027915,-97.43797735724891,323.5704392454799,3.647988796234131,-43.29999923706055
1763595375394,35.193274674999735,-97.4379764047102,323.5705823719455,3.64351487159729,-64.30000305175781
1763595375394,35.19327594772195,-97.43797527779377,323.57366031320424,3.638869047164917,-89.0
1763595375394,35.19327705689931,-97.43797412097281,323.57605473905625,3.637385845184326,-112.69999694824219
1763595375394,35.19327826398563,-97.43797273245728,323.5797052056601,3.6390724182128906,-134.1999969482422
1763595375394,35.19327939085211,-97.43797132708954,323.5825306911644,3.6333954334259033,-153.10000610351562
1763595376394,35.19328009546724,-97.43796666340377,323.60267384438606,3.6189661026000977,-177.6999969482422
1763595376394,35.19328040845067,-97.43796617858493,323.60397043785764,3.6169631481170654,-179.6999969482422
1763595376394,35.1932813317693,-97.43796464956276,323.60485805205576,3.611579418182373,-190.0
1763595376394,35.1932822502877,-97.43796303379007,323.60572884562913,3.6115617752075195,-202.0
1763595376394,35.19328311989385,-97.43796141606627,323.6071987995375,3.6100857257843018,-218.0
1763595376394,35.19328394437334,-97.43795978063058,323.6092404333767,3.605689525604248,-228.5
1763595376394,35.19328455497317,-97.4379585077671,323.6116381327774,3.6017932891845703,-238.89999389648438
1763595376394,35.19328533561239,-97.437956762751,323.6141258682354,3.597414016723633,-251.10000610351562
1763595376394,35.19328604970054,-97.43795502573299,323.61616931843184,3.603848934173584,-262.70001220703125
1763595376394,35.19328670928342,-97.43795326997073,323.61804185097503,3.6083638668060303,-270.70001220703125
1763595376394,35.19328731506451,-97.4379514894654,323.620007226867,3.613835096359253,-275.29998779296875
1763595376394,35.19328786942042,-97.43794967707194,323.6215960309128,3.619729518890381,-278.8999938964844
1763595376394,35.19328830332183,-97.43794816168715,323.62323802472895,3.627876043319702,-281.29998779296875
1763595376394,35.19328878892069,-97.43794632714925,323.6252207338113,3.647712469100952,-284.20001220703125
1763595376394,35.19328923915325,-97.43794449591414,323.6274192501035,3.6648623943328857,-287.3999938964844
1763595376394,35.1932896629111,-97.43794264554099,323.6301279448277,3.6775190830230713,-290.6000061035156
1763595376394,35.193290057123825,-97.4379407663865,323.6327110775896,3.690291166305542,-295.0
1763595376394,35.19329042959703,-97.43793885892676,323.6346402025959,3.69844913482666,-299.3999938964844
1763595376394,35.1932907677159,-97.43793693103895,323.6356635030786,3.705932378768921,-303.79998779296875
1763595376394,35.19329107161762,-97.43793496602,323.63673981036226,3.711738348007202,-308.0
1763595377394,35.19329046770242,-97.4379286639785,323.68495482012423,3.7332987785339355,-314.0
1763595377394,35.19329052008594,-97.43792789992757,323.6862155474615,3.736008644104004,-314.6000061035156
1763595377394,35.193290612536586,-97.43792585245565,323.68643847883646,3.7493765354156494,-317.8999938964844
1763595377394,35.19329066287515,-97.43792375184397,323.686491030806,3.7667651176452637,-320.70001220703125
1763595377394,35.19329066291387,-97.43792146223244,323.68695586151483,3.7886719703674316,-322.70001220703125
1763595377394,35.19329063339614,-97.43791981027083,323.68745737434665,3.7952823638916016,-323.5
1763595377394,35.19329054550353,-97.43791772452867,323.68841717806663,3.7953689098358154,-324.3999938964844
1763595377394,35.193290407824385,-97.43791565652089,323.6885601075921,3.799644947052002,-324.8999938964844
1763595377394,35.19329021854071,-97.43791349212232,323.68878721988233,3.8094711303710938,-325.0
1763595377394,35.19328998161489,-97.43791132828909,323.6890667246454,3.817242383956909,-324.8999938964844
1763595377394,35.19328972967231,-97.43790935241294,323.68944934605724,3.8323965072631836,-324.6000061035156
1763595377394,35.19328942601266,-97.43790725917741,323.68964034901137,3.8406338691711426,-324.29998779296875
1763595377394,35.19328906373416,-97.43790508633197,323.68957429701254,3.8480117321014404,-323.8999938964844
1763595377394,35.193288766717544,-97.43790338346712,323.69028065509025,3.8597657680511475,-323.0
1763595377394,35.193288356064556,-97.43790129974708,323.69032110437945,3.8685965538024902,-320.8999938964844
1763595377394,35.19328790025562,-97.43789918166615,323.68979295241576,3.874107837677002,-316.79998779296875
1763595377394,35.193287412236074,-97.43789710900427,323.68811466861183,3.8790011405944824,-311.0
1763595377394,35.193286879906054,-97.43789501102712,323.6867648475773,3.8817806243896484,-304.20001220703125
1763595377394,35.193286306390426,-97.43789293573349,323.6846624945015,3.880409002304077,-296.29998779296875
1763595377394,35.19328572255183,-97.43789101491201,323.6821090345749,3.887493133544922,-288.5
1763595378394,35.19328480397885,-97.43788572275908,323.7369066572504,3.905651569366455,-279.20001220703125
1763595378394,35.193284465850894,-97.43788470878079,323.73373552551743,3.910273551940918,-278.6000061035156
1763595378394,35.193283729125255,-97.43788267034195,323.72993523086416,3.923750162124634,-279.1000061035156
1763595378394,35.19328306653844,-97.43788091148103,323.7270372910298,3.937128782272339,-282.3999938964844
1763595378394,35.193282297621636,-97.43787893084779,323.7233161794622,3.948512315750122,-289.79998779296875
1763595378394,35.19328148777608,-97.4378769136088,323.72074555760236,3.9580190181732178,-301.5
1763595378394,35.19328067498195,-97.43787493203344,323.7186287888632,3.9621708393096924,-310.20001220703125
1763595378394,35.193279808735355,-97.43787292431485,323.71610091207384,3.961618185043335,-321.1000061035156
1763595378394,35.19327889750171,-97.4378709444555,323.7131592534242,3.9519479274749756,-331.70001220703125
1763595378394,35.1932778651734,-97.43786896918077,323.71085584003106,3.943866014480591,-338.20001220703125
1763595378394,35.193276976172804,-97.43786741240821,323.70837420471463,3.9394099712371826,-341.79998779296875
1763595378394,35.193275831923295,-97.43786559190292,323.7061997705098,3.9267942905426025,-344.5
1763595378394,35.19327464865667,-97.43786386585194,323.7036548259809,3.9200491905212402,-346.0
1763595378394,35.19327335246704,-97.43786218864018,323.7018592325572,3.908522844314575,-347.8999938964844
1763595378394,35.19327201291164,-97.43786058904578,323.6999830399105,3.9018540382385254,-351.8999938964844
1763595378394,35.193270846829236,-97.43785926237621,323.69840050311626,3.900907278060913,-355.79998779296875
1763595378394,35.19326949498846,-97.43785781587485,323.6966203088102,3.892019748687744,-361.20001220703125
1763595378394,35.19326810095016,-97.43785640209245,323.6949304679039,3.891192674636841,-366.5
1763595378394,35.19326653450049,-97.43785489685344,323.69337600373865,3.8931307792663574,-370.8999938964844
1763595378394,35.193265266944344,-97.43785371233051,323.6934378766119,3.891026258468628,-374.8999938964844
1763595379394,35.193259557641966,-97.43785131250372,323.71954689360496,3.8609964847564697,-379.8999938964844
1763595379394,35.193259010293524,-97.43785088440593,323.7201116708771,3.8577165603637695,-380.70001220703125
1763595379394,35.19325719324622,-97.43784966305338,323.7204251159777,3.8491199016571045,-382.3999938964844
1763595379394,35.193256010259155,-97.43784891121916,323.72119373402955,3.8414435386657715,-383.1000061035156
1763595379394,35.193254262070816,-97.43784790956433,323.72147556887114,3.8365590572357178,-383.6000061035156
1763595379394,35.19325242085934,-97.43784694816966,323.7214350836027,3.829437255859375,-383.6000061035156
1763595379394,35.19325061871844,-97.43784608375411,323.71993324868185,3.8242881298065186,-383.5
1763595379394,35.19324916768539,-97.43784544231771,323.717602274098,3.8267266750335693,-383.29998779296875
1763595379394,35.19324732621108,-97.43784469955057,323.71445452979873,3.8376173973083496,-383.29998779296875
1763595379394,35.1932455456671,-97.43784404601747,323.711326328981,3.8440425395965576,-383.29998779296875
1763595379394,35.193243799740586,-97.43784346443988,323.7086429290737,3.837759256362915,-383.6000061035156
1763595379394,35.19324198630057,-97.43784293837628,323.70609782752086,3.830190420150757,-383.5
1763595379394,35.19324016015461,-97.4378424729421,323.7029912901347,3.8292322158813477,-383.3999938964844
1763595379394,35.19323874485438,-97.43784215275879,323.7012004425089,3.82641863822937,-383.3999938964844
1763595379394,35.19323700263884,-97.43784180819002,323.6995419392673,3.820350170135498,-383.3999938964844
1763595379394,35.193235060382435,-97.43784147419561,323.69787223026486,3.8176677227020264,-383.29998779296875
1763595379394,35.19323333815281,-97.43784121863816,323.697043473313,3.8170595169067383,-383.29998779296875
1763595379394,35.19323147015115,-97.4378410092984,323.6960835114352,3.8215980529785156,-383.29998779296875
1763595379394,35.19322957688387,-97.43784089019675,323.6951684719555,3.8266801834106445,-383.29998779296875
1763595379394,35.193227754787316,-97.4378408527984,323.6954385342685,3.826838254928589,-383.29998779296875
1763595380394,35.1932240132507,-97.43784339236886,323.83918251796104,3.8164913654327393,-383.29998779296875
1763595380394,35.19322342378432,-97.43784341067554,323.838535678243,3.8150928020477295,-383.29998779296875
1763595380394,35.19322151462861,-97.43784367091983,323.84088708952976,3.8107314109802246,-383.29998779296875
1763595380394,35.19321976195031,-97.43784398168829,323.8430427423786,3.8015880584716797,-383.29998779296875
1763595380394,35.19321797637443,-97.43784436168038,323.8448006826927,3.791079044342041,-383.29998779296875
1763595380394,35.193216127317655,-97.43784482765226,323.84647892694755,3.7843759059906006,-383.29998779296875
1763595380394,35.193214717764356,-97.43784521914971,323.84740341249073,3.7838664054870605,-383.29998779296875
1763595380394,35.19321297040256,-97.43784579285767,323.8494213905268,3.7873589992523193,-383.29998779296875
1763595380394,35.19321125989315,-97.43784642387637,323.85233518607873,3.783133029937744,-383.29998779296875
1763595380394,35.19320957207745,-97.43784710918762,323.85539968028013,3.7755472660064697,-383.29998779296875
1763595380394,35.193207906266544,-97.43784783364039,323.8581950687606,3.7681729793548584,-383.29998779296875
1763595380394,35.193206509045744,-97.43784849384475,323.85917113094496,3.7650344371795654,-383.29998779296875
1763595380394,35.19320480900148,-97.43784937585109,323.861364164583,3.756530523300171,-383.29998779296875
1763595380394,35.193203196262154,-97.43785028056608,323.864082476713,3.749929189682007,-383.29998779296875
1763595380394,35.193201635178774,-97.43785123763391,323.8675481893878,3.743727445602417,-383.20001220703125
1763595380394,35.193200315199306,-97.43785210515031,323.87106536518485,3.740868330001831,-383.1000061035156
1763595380394,35.19319883148225,-97.43785315887929,323.8755994874653,3.7381033897399902,-382.8999938964844
1763595380394,35.1931973574071,-97.43785426356946,323.87969773573127,3.734673023223877,-382.6000061035156
1763595380394,35.19319593376257,-97.43785538894554,323.88472570623173,3.731449842453003,-382.3999938964844
1763595380394,35.19319453915537,-97.43785656604362,323.8902232383086,3.7200264930725098,-382.3999938964844
1763595381394,35.193192692239464,-97.43785979300819,323.95528414899206,3.7068088054656982,-382.3999938964844
1763595381394,35.19319224467743,-97.43786021152978,323.9570299730344,3.705930471420288,-382.3999938964844
1763595381394,35.19319092619363,-97.43786162839015,323.96341454172523,3.699306011199951,-382.3999938964844
1763595381394,35.19318967246105,-97.4378630542374,323.9704731719785,3.6947858333587646,-382.3999938964844
1763595381394,35.193188503985986,-97.4378644562293,323.9779264051488,3.6932289600372314,-382.3999938964844
1763595381394,35.1931874445755,-97.43786578884513,323.9853974270299,3.688431739807129,-382.3999938964844
1763595381394,35.19318629512701,-97.43786734978052,323.9938015053228,3.68502140045166,-382.3999938964844
1763595381394,35.19318523683395,-97.43786887040234,324.00260941840315,3.6752853393554688,-382.3999938964844
1763595381394,35.19318421107457,-97.43787043838384,324.01177850013613,3.665498733520508,-382.3999938964844
1763595381394,35.19318324048007,-97.43787199403256,324.02153137081484,3.659717321395874,-382.3999938964844
1763595381394,35.19318227998279,-97.43787358584655,324.03311144266894,3.651576280593872,-382.3999938964844
1763595381394,35.19318143306725,-97.437875081422,324.0433682903185,3.649735927581787,-382.3999938964844
1763595381394,35.19318056771281,-97.4378767310343,324.0541437751491,3.6480934619903564,-382.3999938964844
1763595381394,35.193179762484924,-97.43787839981178,324.0648939820376,3.6474599838256836,-382.3999938964844
1763595381394,35.19317899575924,-97.4378800935455,324.0763983886622,3.6459555625915527,-382.3999938964844
1763595381394,35.19317843338191,-97.43788140970464,324.08512381165053,3.6464788913726807,-382.3999938964844
1763595381394,35.19317773388234,-97.43788320762631,324.0968520521237,3.6521942615509033,-382.3999938964844
1763595381394,35.193177117175104,-97.43788489991427,324.1085320416639,3.660451650619507,-382.1000061035156
1763595381394,35.19317649944663,-97.4378867360666,324.1216785719343,3.673868179321289,-381.29998779296875
1763595381394,35.19317596617027,-97.43788850382147,324.13408451681045,3.679633140563965,-380.1000061035156
1763595382394,35.1931767610958,-97.43789414796134,324.1646405752572,3.6864428520202637,-376.3999938964844
1763595382394,35.193176587252744,-97.43789487257497,324.168691022126,3.688049793243408,-375.20001220703125
1763595382394,35.19317622303271,-97.43789674854312,324.17971582163153,3.6973133087158203,-371.8999938964844
1763595382394,35.19317594618633,-97.43789840029412,324.18874850501226,3.707650899887085,-367.8999938964844
1763595382394,35.19317568061154,-97.43790031593932,324.19885211175153,3.7146711349487305,-363.1000061035156
1763595382394,35.19317546251705,-97.43790225375128,324.2083035020414,3.7246313095092773,-357.0
1763595382394,35.19317525837502,-97.4379048087654,324.2219993250242,3.731764316558838,-348.20001220703125
1763595382394,35.19317517105536,-97.43790613297453,324.22806620340634,3.737802028656006,-338.79998779296875
1763595382394,35.19317508280403,-97.43790777497598,324.2360509363299,3.7443056106567383,-329.5
1763595382394,35.19317501581604,-97.43790973920288,324.2463245726332,3.7467637062072754,-314.6000061035156
1763595382394,35.19317497138574,-97.4379116450056,324.25607999932936,3.750872850418091,-297.20001220703125
1763595382394,35.19317494962855,-97.43791358735933,324.26641776090867,3.757319927215576,-277.3999938964844
1763595382394,35.19317493077684,-97.43791552765191,324.2774048800383,3.762575149536133,-254.8000030517578
1763595382394,35.19317492483471,-97.43791710589123,324.28588653924277,3.7613627910614014,-230.3000030517578
1763595382394,35.19317494297774,-97.43791898460475,324.2956793146303,3.7578375339508057,-201.8000030517578
1763595382394,35.193175000191324,-97.43792082974673,324.30361674435267,3.756490707397461,-171.89999389648438
1763595382394,35.19317507166268,-97.43792273765023,324.31078594419535,3.7552103996276855,-141.60000610351562
1763595382394,35.193175186815246,-97.43792461045865,324.3165538671827,3.759967088699341,-114.4000015258789
1763595382394,35.193175333935386,-97.43792651662436,324.323089780063,3.761406660079956,-88.9000015258789
1763595382394,35.19317548662298,-97.43792845771262,324.32922801626,3.7605092525482178,-58.900001525878906
1763595383394,35.19317672040119,-97.43793563800881,324.3240620040893,3.7575995922088623,-22.399999618530273
1763595383394,35.19317682477981,-97.43793637957856,324.32405722704885,3.7572524547576904,-11.899999618530273
1763595383394,35.19317677852245,-97.43793835573798,324.3283022651219,3.761578321456909,12.5
1763595383394,35.19317670467331,-97.4379403262619,324.33234648788596,3.762892484664917,33.599998474121094
1763595383394,35.193176571952485,-97.43794228941977,324.3353049539232,3.7602808475494385,55.20000076293945
1763595383394,35.193176411842494,-97.43794422677583,324.34006594367776,3.760679006576538,79.69999694824219
1763595383394,35.19317622410909,-97.43794621097817,324.34561950764913,3.761789560317993,105.4000015258789
1763595383394,35.193175987183835,-97.43794819550891,324.35228542028733,3.7606804370880127,137.6999969482422
1763595383394,35.193175746227375,-97.43794984999724,324.3583165254904,3.76753306388855,159.0
1763595383394,35.19317537108419,-97.43795174282903,324.3652160225719,3.762357473373413,185.8000030517578
1763595383394,35.19317490688874,-97.43795360035172,324.37179609465244,3.760364055633545,210.1999969482422
1763595383394,35.19317439013883,-97.43795541816293,324.3782680643246,3.7588918209075928,232.10000610351562
1763595383394,35.19317377789299,-97.43795721394831,324.38493017873907,3.7540223598480225,251.6999969482422
1763595383394,35.19317304611197,-97.43795899842848,324.39151016719825,3.7596757411956787,269.1000061035156
1763595383394,35.19317222661268,-97.43796071986635,324.3978974710245,3.758981227874756,284.79998779296875
1763595383394,35.19317131206839,-97.43796240734319,324.40378825057485,3.7530083656311035,300.5
1763595383394,35.19317051781048,-97.43796379314844,324.40832966271483,3.7508089542388916,309.8999938964844
1763595383394,35.193169502885276,-97.4379653582098,324.4140791732731,3.746337652206421,319.70001220703125
1763595383394,35.193168440188956,-97.43796686257959,324.42033005983683,3.7428901195526123,328.79998779296875
1763595383394,35.19316728785017,-97.4379683489534,324.42585816354494,3.739743232727051,337.6000061035156
1763595384394,35.19316465538506,-97.43797285433561,324.4046189980188,3.7396461963653564,350.70001220703125
1763595384394,35.19316405621739,-97.43797356651758,324.40678621416464,3.7371304035186768,353.6000061035156
1763595384394,35.19316274025523,-97.4379749439866,324.4090872825351,3.734467029571533,359.70001220703125
1763595384394,35.19316135694231,-97.43797630161014,324.41115186419654,3.734006404876709,364.79998779296875
1763595384394,35.19315993672424,-97.43797756869102,324.41235974043934,3.730391025543213,369.20001220703125
1763595384394,35.193158664959824,-97.43797862696505,324.4134262366307,3.731161594390869,372.79998779296875
1763595384394,35.19315717677459,-97.43797977401638,324.4142643491367,3.7312912940979004,376.0
1763595384394,35.193155597865584,-97.43798088582801,324.4146195910498,3.731081008911133,378.5
1763595384394,35.19315415299119,-97.43798182816752,324.41485049502944,3.73533296585083,379.6000061035156
1763595384394,35.19315245331693,-97.43798284650491,324.4149082544711,3.7271687984466553,380.1000061035156
1763595384394,35.19315080166972,-97.43798374600698,324.41429469515003,3.721860647201538,380.0
1763595384394,35.19314910441766,-97.43798458942894,324.41368568434194,3.7280752658843994,380.20001220703125
1763595384394,35.1931474118773,-97.4379853697291,324.4138890977768,3.7304024696350098,382.5
1763595384394,35.19314564135079,-97.43798614862487,324.4155234053288,3.7309327125549316,385.79998779296875
1763595384394,35.193143913183185,-97.4379869122573,324.4171218880293,3.7313709259033203,388.5
1763595384394,35.19314244217077,-97.43798750782638,324.4187016681545,3.732433319091797,389.79998779296875
1763595384394,35.193140655418865,-97.43798813680002,324.4195714163914,3.7307400703430176,391.79998779296875
1763595384394,35.19313887316285,-97.43798868557316,324.41998050294114,3.7257978916168213,395.0
1763595384394,35.1931370065607,-97.43798914804823,324.4193817053724,3.7160444259643555,399.29998779296875
1763595384394,35.193135114886225,-97.43798951107733,324.41834234080306,3.6972243785858154,404.6000061035156
1763595385394,35.19313424170001,-97.43798990504412,324.45027461158224,3.663370132446289,409.79998779296875
1763595385394,35.19313351122039,-97.43798997801953,324.45097118663176,3.6561803817749023,410.8999938964844
1763595385394,35.1931316546481,-97.4379900238741,324.4492774827484,3.638772487640381,413.20001220703125
1763595385394,35.1931301436035,-97.43799000716422,324.4483028951627,3.62272047996521,414.8999938964844
1763595385394,35.19312829790651,-97.43798990643816,324.44718324138853,3.607098340988159,416.70001220703125
1763595385394,35.19312643998724,-97.43798971693836,324.4466153315141,3.5767221450805664,419.70001220703125
1763595385394,35.19312460432487,-97.43798945246361,324.44622991912837,3.556975841522217,421.79998779296875
1763595385394,35.1931227702772,-97.4379891074105,324.44568867818367,3.5345215797424316,423.29998779296875
1763595385394,35.19312095970565,-97.4379886972543,324.44496255252375,3.513801336288452,423.8999938964844
1763595385394,35.19311928104158,-97.43798827134609,324.4448882606831,3.492448091506958,423.8999938964844
1763595385394,35.193117488854334,-97.43798772513574,324.44402919918326,3.4701523780822754,424.3999938964844
1763595385394,35.193115718099826,-97.4379871138254,324.44370415529625,3.4529597759246826,425.70001220703125
1763595385394,35.19311427490389,-97.43798657339548,324.4441663898455,3.4396865367889404,426.79998779296875
1763595385394,35.19311256215067,-97.43798585132731,324.443758972459,3.427086353302002,428.1000061035156
1763595385394,35.19311089561449,-97.43798505666578,324.44339784074015,3.4104952812194824,428.70001220703125
1763595385394,35.1931093870968,-97.43798427888338,324.443551925421,3.3938090801239014,428.70001220703125
1763595385394,35.193107730997895,-97.43798334420453,324.4439237639598,3.3757588863372803,428.70001220703125
1763595385394,35.19310623439481,-97.43798246713533,324.44425426280094,3.368250608444214,428.70001220703125
1763595385394,35.193104590472736,-97.4379814251376,324.44536916395475,3.362370491027832,428.70001220703125
1763595385394,35.193103021258366,-97.43798037530567,324.44608349031915,3.355319023132324,428.70001220703125
1763595386394,35.193101249221,-97.43797834794994,324.4823217108193,3.339735507965088,428.70001220703125
1763595386394,35.19310051793167,-97.43797794073143,324.4833765292898,3.3377435207366943,428.70001220703125
1763595386394,35.193099034171226,-97.43797681485984,324.4839071776937,3.3241069316864014,428.70001220703125
1763595386394,35.193097815669034,-97.4379757894996,324.48374868009546,3.317483901977539,428.70001220703125
1763595386394,35.19309644416712,-97.43797453750179,324.4833854022247,3.310944080352783,428.70001220703125
1763595386394,35.19309508357101,-97.43797321793971,324.4830427542756,3.295853853225708,428.70001220703125
1763595386394,35.1930937533633,-97.43797187104467,324.4838639490738,3.2901768684387207,428.70001220703125
1763595386394,35.193092452917526,-97.43797044045093,324.48461900378635,3.2817986011505127,428.70001220703125
1763595386394,35.19309117058999,-97.43796893585103,324.48507878697365,3.2768189907073975,428.70001220703125
1763595386394,35.19309012135083,-97.437967646434,324.48550210716763,3.2719147205352783,428.70001220703125
1763595386394,35.1930890573735,-97.43796623690366,324.4861638098046,3.260374069213867,428.79998779296875
1763595386394,35.19308790913995,-97.43796461286905,324.48712151659174,3.246659994125366,428.79998779296875
1763595386394,35.19308683390285,-97.43796302143107,324.4877279996146,3.238089084625244,428.8999938964844
1763595386394,35.193085771173074,-97.43796136635183,324.4881253721968,3.229283332824707,428.8999938964844
1763595386394,35.19308482824761,-97.43795984638669,324.4892656431314,3.22338604927063,428.8999938964844
1763595386394,35.19308383849598,-97.43795812071028,324.48961724204133,3.2188055515289307,428.8999938964844
1763595386394,35.19308288600877,-97.43795637381402,324.48989878829565,3.217371940612793,428.8999938964844
1763595386394,35.19308194759828,-97.43795468102816,324.48913301315633,3.2152628898620605,428.79998779296875
1763595386394,35.193081017011465,-97.43795297130899,324.4883047785515,3.2210402488708496,428.20001220703125
1763595386394,35.193080176680795,-97.43795121968726,324.4875854174749,3.229215621948242,426.79998779296875
1763595386394,35.19307936319589,-97.43794935089454,324.48741344181605,3.245163917541504,424.5
1763595387394,35.193079596092964,-97.4379473754743,324.52574316726486,3.261137008666992,422.29998779296875
1763595387394,35.19307899167462,-97.43794576675491,324.52619408365086,3.2762234210968018,420.79998779296875
1763595387394,35.19307835861405,-97.43794385830776,324.52651642676364,3.3015310764312744,419.0
1763595387394,35.19307775937751,-97.43794194930257,324.527635764273,3.330859899520874,417.5
1763595387394,35.19307718447074,-97.43793996979787,324.5291593945784,3.3600850105285645,416.3999938964844
1763595387394,35.19307666995052,-97.437937974693,324.5304037633823,3.390111207962036,415.3999938964844
1763595387394,35.19307616498169,-97.4379359482131,324.5324599121723,3.4245922565460205,414.5
1763595387394,35.19307566720327,-97.43793378931656,324.5344461119947,3.4607584476470947,413.3999938964844
1763595387394,35.19307521558057,-97.4379316150453,324.5361915792129,3.497506856918335,411.8999938964844
1763595387394,35.19307486232195,-97.43792980573257,324.5379052078214,3.5207560062408447,410.70001220703125
1763595387394,35.193074512981354,-97.43792765833021,324.53899146294805,3.5511581897735596,408.8999938964844
1763595387394,35.19307420506135,-97.43792538613522,324.5405831330364,3.581801176071167,406.79998779296875
1763595387394,35.193073970596785,-97.43792316015883,324.5417043200502,3.6125049591064453,404.3999938964844
1763595387394,35.193073807497754,-97.4379213082075,324.5433330528594,3.6358628273010254,402.0
1763595387394,35.193073708281666,-97.43791904279448,324.5444150497578,3.6655313968658447,399.70001220703125
1763595387394,35.19307362733033,-97.43791674636999,324.54748536771064,3.6924901008605957,397.20001220703125
1763595387394,35.19307363206188,-97.43791449269128,324.5507735380728,3.7294304370880127,394.1000061035156
1763595387394,35.19307366013989,-97.43791214843831,324.5538467185675,3.7597742080688477,391.29998779296875
1763595387394,35.19307371653254,-97.43791017179767,324.55543005568717,3.7779223918914795,388.8999938964844
1763595388394,35.1930753192212,-97.43790828082594,324.60622762296407,3.822896957397461,383.5
1763595388394,35.193075512025054,-97.43790604162457,324.6089547109927,3.82907772064209,382.8999938964844
1763595388394,35.1930757586871,-97.43790375079637,324.6128871777503,3.8546173572540283,380.0
1763595388394,35.193076097572735,-97.43790152880283,324.6173533845455,3.8762478828430176,377.0
1763595388394,35.19307652117038,-97.43789931060034,324.6212076771534,3.9005424976348877,374.1000061035156
1763595388394,35.19307701102888,-97.43789704008076,324.6245748131895,3.9279510974884033,371.6000061035156
1763595388394,35.193077535111534,-97.4378947309743,324.6284441795461,3.9581143856048584,369.70001220703125
1763595388394,35.19307799677417,-97.43789284999987,324.63224206328476,3.9864492416381836,368.79998779296875
1763595388394,35.19307869486763,-97.437890629627,324.6361523739092,4.01253080368042,368.29998779296875
1763595388394,35.19307939811492,-97.43788847513947,324.6410968928506,4.032901287078857,368.20001220703125
1763595388394,35.1930802111393,-97.43788630728338,324.6455294790587,4.052512168884277,368.1000061035156
1763595388394,35.19308106290639,-97.43788415821322,324.6500777752591,4.068991661071777,367.5
1763595388394,35.19308180509805,-97.43788241249945,324.6544615964774,4.079914569854736,366.79998779296875
1763595388394,35.19308277239516,-97.4378803387775,324.65899981158816,4.100576877593994,365.79998779296875
1763595388394,35.1930837716291,-97.4378783239365,324.6635033009688,4.119340896606445,364.5
1763595388394,35.193084842706774,-97.43787632760211,324.667458791881,4.131983280181885,362.29998779296875
1763595388394,35.19308598761681,-97.43787438444703,324.6712496315141,4.151467323303223,358.0
1763595388394,35.19308695617065,-97.43787283709518,324.6741135718118,4.165025234222412,355.1000061035156
1763595388394,35.193088079488,-97.43787115116329,324.67764244577995,4.188032627105713,348.6000061035156
1763595388394,35.193089397999984,-97.43786928571312,324.6822983300443,4.212940216064453,343.5
1763595389394,35.19309311226603,-97.4378672995107,324.7205812797381,4.231130123138428,335.29998779296875
1763595389394,35.19309354466652,-97.43786638323928,324.7223563384557,4.232060432434082,334.5
1763595389394,35.19309484132301,-97.43786461794758,324.7251700899473,4.237608909606934,331.29998779296875
1763595389394,35.19309627303867,-97.4378629277165,324.7280354548005,4.247947692871094,329.79998779296875
1763595389394,35.193097472172745,-97.43786155839743,324.7304690672707,4.253454685211182,329.6000061035156
1763595389394,35.19309890141939,-97.4378600764412,324.7335637661531,4.264060020446777,329.6000061035156
1763595389394,35.1931004034743,-97.43785859663174,324.7381144720401,4.275116920471191,329.6000061035156
1763595389394,35.19310195911038,-97.43785719370165,324.74338296934536,4.2832112312316895,329.3999938964844
1763595389394,35.19310359584638,-97.43785583687877,324.74908156280276,4.282076358795166,328.79998779296875
1763595389394,35.193105122219876,-97.43785462788712,324.7547977790715,4.282189846038818,327.79998779296875
1763595389394,35.19310684031405,-97.43785334026397,324.75942966832804,4.27844762802124,325.3999938964844
1763595389394,35.19310823400869,-97.43785228282388,324.76261847574426,4.26833963394165,321.79998779296875
1763595389394,35.193109931004244,-97.43785107384615,324.7675608823983,4.269649505615234,316.70001220703125
1763595389394,35.19311160361337,-97.43784994905747,324.7734241312712,4.278578758239746,309.70001220703125
1763595389394,35.19311318046163,-97.43784892851872,324.78084072430687,4.281264305114746,302.3999938964844
1763595389394,35.19311494139089,-97.4378477646448,324.7906679439278,4.280821323394775,288.6000061035156
1763595389394,35.19311663987056,-97.43784668994927,324.7989728942786,4.283646106719971,274.79998779296875
1763595389394,35.193118426913315,-97.4378456622838,324.807164735552,4.278650760650635,259.70001220703125
1763595389394,35.19312017099269,-97.43784453694423,324.81485983159513,4.277945041656494,242.60000610351562
1763595389394,35.193121967965496,-97.43784339307417,324.82279764024344,4.278205871582031,219.10000610351562
1763595390394,35.19313013241759,-97.43784753452952,324.76233932931393,4.287924766540527,187.8000030517578
1763595390394,35.19313098007252,-97.43784700007926,324.7680154345743,4.288323402404785,183.89999389648438
1763595390394,35.19313286758834,-97.43784612721244,324.77628494363165,4.284733772277832,164.3000030517578
1763595390394,35.1931347518757,-97.43784514583666,324.78543331471747,4.281223773956299,145.5
1763595390394,35.19313665022078,-97.43784421618865,324.7949749326234,4.279661178588867,125.5999984741211
1763595390394,35.19313851142537,-97.43784325003801,324.80448009047285,4.278869152069092,101.69999694824219
1763595390394,35.19314037174765,-97.43784229024699,324.81386973692736,4.280217170715332,86.5
1763595390394,35.19314225540494,-97.43784131607104,324.823656799418,4.275774002075195,67.69999694824219
1763595390394,35.19314414937185,-97.43784029471604,324.83391309021357,4.275556564331055,49.70000076293945
1763595390394,35.193146054869715,-97.43783916030002,324.8444329226205,4.280479431152344,28.0
1763595390394,35.19314759239785,-97.43783816592737,324.85377150107155,4.2847442626953125,14.399999618530273
1763595390394,35.19314946198469,-97.43783684925002,324.8665668946817,4.282177448272705,-1.5
1763595390394,35.193152428469794,-97.4378352872501,324.8805004628402,4.283148765563965,-32.599998474121094
1763595390394,35.19315352702263,-97.43783444573637,324.8896196629116,4.2833943367004395,-44.29999923706055
1763595390394,35.193154754683974,-97.43783365291381,324.8981607420593,4.284017562866211,-56.0
1763595390394,35.19315653984983,-97.43783268985128,324.9081846005782,4.284442901611328,-75.0
1763595390394,35.193158323208436,-97.4378317017976,324.917675363626,4.286242485046387,-93.30000305175781
1763595390394,35.19315975142099,-97.43783079555693,324.9265644743615,4.289894104003906,-108.19999694824219
1763595390394,35.19316152078813,-97.43782964087313,324.93680868079406,4.300176620483398,-127.30000305175781
1763595390394,35.19316315641311,-97.4378285478607,324.94656416647535,4.307500839233398,-141.10000610351562
1763595391394,35.193165766304304,-97.43782523897394,324.962794949076,4.3150458335876465,-162.1999969482422
1763595391394,35.19316651530798,-97.4378246652095,324.9684292765831,4.31588077545166,-167.3000030517578
1763595391394,35.193167831825455,-97.43782362920354,324.97603380908834,4.316730499267578,-177.39999389648438
1763595391394,35.19316937352954,-97.43782235296868,324.98383384145797,4.319217205047607,-192.3000030517578
1763595391394,35.193170827041996,-97.437821077007,324.9911057634391,4.322397232055664,-204.0
1763595391394,35.193172289180254,-97.43781971644906,324.99796846496514,4.322775363922119,-214.39999389648438
1763595391394,35.193173680619616,-97.43781833910825,325.00484119559565,4.3300042152404785,-223.0
1763595391394,35.19317491224117,-97.43781704538443,325.01073930772526,4.337120056152344,-230.0
1763595391394,35.19317628997847,-97.4378155070401,325.0169577966846,4.340562343597412,-235.3000030517578
1763595391394,35.193177614634514,-97.4378139229578,325.02297990085935,4.3391642570495605,-238.89999389648438
1763595391394,35.19317884296024,-97.43781235594244,325.0289407563879,4.3412556648254395,-242.39999389648438
1763595391394,35.19317996238762,-97.43781084066804,325.0345217895612,4.346397876739502,-245.6999969482422
1763595391394,35.19318109405464,-97.43780922269005,325.03955032662344,4.3506999015808105,-249.10000610351562
1763595391394,35.19318212378848,-97.4378076606702,325.0440060949524,4.354257106781006,-253.39999389648438
1763595391394,35.19318317916045,-97.43780596272298,325.04909776282045,4.358055591583252,-256.20001220703125
1763595391394,35.19318419391069,-97.43780421790262,325.0544819314303,4.365695953369141,-259.5
1763595391394,35.193185167846245,-97.43780242794774,325.0600650613547,4.373003005981445,-262.0
1763595391394,35.193186087650844,-97.43780061691547,325.0654976835705,4.37822151184082,-262.70001220703125
1763595391394,35.19318697738968,-97.43779872217034,325.0707366066391,4.380280017852783,-262.29998779296875
1763595391394,35.19318767112588,-97.43779713519352,325.07535511808453,4.382843017578125,-261.1000061035156
1763595392394,35.193190863615015,-97.43778972027332,325.0428796242801,4.3967604637146,-254.89999389648438
1763595392394,35.19319127302463,-97.43778859722549,325.04487508230164,4.400938987731934,-250.39999389648438
1763595392394,35.19319189443025,-97.43778680527059,325.0479787692286,4.406618118286133,-241.8000030517578
1763595392394,35.193192567895444,-97.43778473672891,325.05189425324244,4.415045261383057,-226.60000610351562
1763595392394,35.19319323068016,-97.43778259802336,325.05633956775335,4.426175117492676,-207.39999389648438
1763595392394,35.193193882627504,-97.4377804026426,325.05999164028674,4.436216354370117,-183.1999969482422
1763595392394,35.193194896272,-97.43777691665014,325.06438406211646,4.444239139556885,-154.8000030517578
1763595392394,35.19319528232779,-97.43777558338702,325.0665281081584,4.449485778808594,-144.8000030517578
1763595392394,35.19319571389617,-97.43777411427318,325.0689283315635,4.458839416503906,-134.89999389648438
1763595392394,35.19319630786004,-97.43777211974803,325.072587862283,4.470012664794922,-117.80000305175781
1763595392394,35.193196972082944,-97.43776992632924,325.07722655363557,4.48638391494751,-95.69999694824219
1763595392394,35.19319750882071,-97.43776818337908,325.0822597533803,4.496112823486328,-80.5999984741211
1763595392394,35.19319816660777,-97.43776608485256,325.086821320117,4.5039777755737305,-61.5
1763595392394,35.193198845159,-97.43776397619662,325.0917750908454,4.506960868835449,-41.70000076293945
1763595392394,35.19319953101459,-97.43776191024921,325.09681233838836,4.5160813331604,-22.5
1763595392394,35.193200233039136,-97.43775986372135,325.10213337565887,4.527951240539551,-3.9000000953674316
1763595392394,35.19320096083033,-97.43775781033179,325.1086163769533,4.538859844207764,14.100000381469727
1763595392394,35.1932017198722,-97.43775575910672,325.11650056880075,4.550610065460205,30.700000762939453
1763595392394,35.1932025254767,-97.43775368443792,325.12470930405436,4.553774356842041,50.29999923706055
1763595392394,35.19320320901093,-97.43775199210644,325.1315286373831,4.554769515991211,64.0999984741211
1763595393394,35.19320910727307,-97.43774571789102,325.0701229044776,4.566817760467529,90.30000305175781
1763595393394,35.193209651734115,-97.43774463333946,325.0730581690873,4.570139408111572,96.19999694824219
1763595393394,35.19321070611536,-97.43774255924558,325.0762466186622,4.5779547691345215,109.80000305175781
1763595393394,35.193211788292466,-97.43774053618678,325.07999531232855,4.587898254394531,121.5999984741211
1763595393394,35.193212899220164,-97.4377385694508,325.08439631487266,4.5935750007629395,131.60000610351562
1763595393394,35.193214052997995,-97.43773663326166,325.08945139980256,4.598924160003662,139.89999389648438
1763595393394,35.19321527412042,-97.43773468679497,325.0947032071261,4.601623058319092,148.39999389648438
1763595393394,35.193216274319155,-97.43773315877344,325.09863099926673,4.600818157196045,153.5
1763595393394,35.19321754774413,-97.43773128580304,325.1026447814566,4.599874496459961,159.39999389648438
1763595393394,35.19321886602331,-97.43772942853296,325.10679268305745,4.609077453613281,164.39999389648438
1763595393394,35.19322024292639,-97.43772757372844,325.1112004313062,4.617024898529053,169.60000610351562
1763595393394,35.19322161338333,-97.43772580856458,325.1162809168353,4.62343692779541,172.8000030517578
1763595393394,35.19322277742273,-97.43772437134504,325.12060280853154,4.62679386138916,175.60000610351562
1763595393394,35.193224185529786,-97.43772270248452,325.12547926858895,4.623811721801758,179.1999969482422
1763595393394,35.19322564320504,-97.43772104597008,325.1306692825772,4.615813255310059,181.5
1763595393394,35.19322710152578,-97.43771945764765,325.13595527828545,4.6143951416015625,182.8000030517578
1763595393394,35.19322860540853,-97.43771789033987,325.1415170050389,4.6193318367004395,183.10000610351562
1763595393394,35.19323018459466,-97.43771631557082,325.1478046624944,4.626625061035156,183.10000610351562
1763595393394,35.19323179120971,-97.4377147756007,325.154694485497,4.6279401779174805,183.10000610351562
1763595393394,35.19323316741697,-97.43771350125482,325.16077366455033,4.627854347229004,181.89999389648438
1763595394394,35.19323984075638,-97.43770980401455,325.19458511200753,4.632900714874268,173.89999389648438
1763595394394,35.19324096287933,-97.43770890348145,325.1983015929229,4.632419109344482,168.5
1763595394394,35.19324275620141,-97.43770749698297,325.20333608302866,4.6246771812438965,156.6999969482422
1763595394394,35.19324428748513,-97.43770632850116,325.20710906396874,4.621647834777832,144.60000610351562
1763595394394,35.19324612967651,-97.43770494774363,325.2104454817426,4.629332542419434,127.0
1763595394394,35.19324795545633,-97.43770359638343,325.2129989926842,4.639305114746094,109.19999694824219
1763595394394,35.19324976868149,-97.43770225347666,325.2151354995892,4.644725799560547,91.0
1763595394394,35.19325157635801,-97.43770089231073,325.21685042297077,4.6428351402282715,71.30000305175781
1763595394394,35.19325341899988,-97.43769947638626,325.2180371916329,4.658766269683838,51.20000076293945
1763595394394,35.19325493788381,-97.43769827989597,325.21813600693724,4.672377586364746,35.599998474121094
1763595394394,35.19325686024966,-97.43769671570733,325.21847406365754,4.684257507324219,9.100000381469727
1763595394394,35.193258562578805,-97.43769527726697,325.21845827294675,4.6887054443359375,-7.800000190734863
1763595394394,35.19326001260989,-97.43769400245053,325.21788198409337,4.7003889083862305,-19.5
1763595394394,35.19326170525821,-97.43769244262894,325.2193146920417,4.709946632385254,-32.0
1763595394394,35.19326334473491,-97.43769087929925,325.2197676966583,4.719841003417969,-43.29999923706055
1763595394394,35.19326492551221,-97.43768933514339,325.2200259832768,4.732033729553223,-55.599998474121094
1763595394394,35.19326650018008,-97.43768774946997,325.2225865440035,4.728389739990234,-63.599998474121094
1763595394394,35.19326805480027,-97.43768611654677,325.2269478945709,4.720880508422852,-73.30000305175781
1763595394394,35.19326962579623,-97.43768440873046,325.2298838094482,4.7136993408203125,-83.5999984741211
1763595394394,35.193271131655465,-97.43768271952025,325.23241925256553,4.693168640136719,-94.69999694824219
1763595395394,35.193274393081786,-97.43767841072022,325.2204655127096,4.663461685180664,-112.4000015258789
1763595395394,35.193274811164486,-97.43767789504818,325.22107495996664,4.655272483825684,-116.69999694824219
1763595395394,35.19327620214976,-97.43767614415482,325.22166984076296,4.636390209197998,-127.80000305175781
1763595395394,35.19327760225891,-97.43767431045536,325.2216107323367,4.603129863739014,-140.39999389648438
1763595395394,35.193278918798036,-97.43767249955766,325.2220089863872,4.594376564025879,-148.0
1763595395394,35.193280198700165,-97.43767064014122,325.22293902755143,4.576863765716553,-156.1999969482422
1763595395394,35.19328144031479,-97.4376687306838,325.22380264851944,4.543315887451172,-163.3000030517578
1763595395394,35.193282457828055,-97.4376670799651,325.22488348539906,4.523625373840332,-169.8000030517578
1763595395394,35.19328364044893,-97.43766505865922,325.2251196147117,4.505650997161865,-175.39999389648438
1763595395394,35.19328476433674,-97.43766303350925,325.2248391715103,4.48295259475708,-179.89999389648438
1763595395394,35.19328583188116,-97.43766100971804,325.2244866816903,4.472256183624268,-183.5
1763595395394,35.19328684494974,-97.43765898906169,325.22441141408854,4.457843780517578,-186.1999969482422
1763595395394,35.19328765862125,-97.4376572942569,325.22471769223637,4.450099468231201,-188.60000610351562
1763595395394,35.19328858301604,-97.43765528049053,325.2250658536688,4.436731338500977,-190.3000030517578
1763595395394,35.19328942086969,-97.43765336895515,325.22519198794845,4.420660018920898,-191.8000030517578
1763595395394,35.19329029890148,-97.4376512558065,325.22492904258036,4.4068989753723145,-191.89999389648438
1763595395394,35.193291109585765,-97.43764919373315,325.22442486180967,4.3961076736450195,-191.8000030517578
1763595395394,35.19329188701528,-97.43764710691883,325.2246444442944,4.3798065185546875,-191.5
1763595395394,35.193292634192794,-97.4376449916284,325.2242137065946,4.3694376945495605,-189.5
1763595395394,35.19329333966343,-97.43764288491079,325.22409286693824,4.3637166023254395,-185.0
1763595396394,35.19329554826455,-97.43763726264899,325.1971870819344,4.351016998291016,-167.0
1763595396394,35.19329585363261,-97.43763621175837,325.196422894391,4.34260368347168,-156.89999389648438
1763595396394,35.193296360692386,-97.4376344280405,325.194805627346,4.331010818481445,-141.5
1763595396394,35.19329697606406,-97.43763222460036,325.1928882726839,4.3195390701293945,-122.0999984741211
1763595396394,35.19329760558825,-97.43762997303014,325.19072021992946,4.312033176422119,-102.19999694824219
1763595396394,35.19329822851894,-97.4376277770812,325.1886886237088,4.304129600524902,-82.4000015258789
1763595396394,35.19329876278902,-97.43762595724093,325.18674030750554,4.304338455200195,-66.80000305175781
1763595396394,35.19329953640566,-97.43762342009157,325.1849668032365,4.303422451019287,-39.5
1763595396394,35.193300115078124,-97.43762161807533,325.1835134908152,4.303280830383301,-24.899999618530273
1763595396394,35.19330083585224,-97.43761946368475,325.182035599774,4.297016143798828,-7.900000095367432
1763595396394,35.19330155892518,-97.43761736872634,325.1807993155039,4.288241386413574,9.0
1763595396394,35.19330234402788,-97.4376152182022,325.17953010886214,4.286891460418701,26.700000762939453
1763595396394,35.19330314539324,-97.43761307302053,325.1795929441247,4.282627582550049,47.79999923706055
1763595396394,35.193303809024364,-97.43761136021536,325.1795970483106,4.278207302093506,61.79999923706055
1763595396394,35.19330458255561,-97.43760943699579,325.1792698801688,4.279271602630615,75.9000015258789
1763595396394,35.19330545328325,-97.43760736185008,325.17785147536006,4.279223918914795,99.0999984741211
1763595396394,35.19330633067682,-97.43760536716658,325.17708168958706,4.279433250427246,114.9000015258789
1763595396394,35.19330724675882,-97.43760339200541,325.1763115383079,4.28074836730957,126.9000015258789
1763595396394,35.19330821149018,-97.43760144975116,325.17538313108906,4.278250217437744,142.39999389648438
1763595396394,35.19330916453838,-97.43759965977549,325.1749784923505,4.278805732727051,149.39999389648438
1763595397394,35.19331515473439,-97.4375950050027,325.1488476348342,4.292125701904297,158.0
1763595397394,35.19331573387626,-97.4375940916038,325.14889638501916,4.29591178894043,158.60000610351562
1763595397394,35.19331698743427,-97.43759220232272,325.1485795847192,4.3083672523498535,161.39999389648438
1763595397394,35.19331804557434,-97.43759066397698,325.1485741156256,4.317707061767578,162.5
1763595397394,35.19331930313941,-97.4375888865468,325.1483810163178,4.332780361175537,163.5
1763595397394,35.193320585176345,-97.43758712289888,325.1486233242096,4.346160411834717,164.1999969482422
1763595397394,35.19332190296519,-97.43758536078415,325.1487290951069,4.3534321784973145,165.0
1763595397394,35.19332324554583,-97.43758361309665,325.1486661032212,4.367264747619629,165.5
1763595397394,35.193324627873544,-97.43758186536517,325.1485144233604,4.379394054412842,165.6999969482422
1763595397394,35.193326147731234,-97.43758000068522,325.1489716786656,4.395110607147217,165.6999969482422
1763595397394,35.19332725117516,-97.43757868378691,325.14942722578667,4.404623985290527,165.6999969482422
1763595397394,35.19332863467094,-97.43757708156151,325.14960689700376,4.414838790893555,165.6999969482422
1763595397394,35.193330181431975,-97.43757534739642,325.1498213728161,4.437434196472168,165.6999969482422
1763595397394,35.19333165766107,-97.43757374998923,325.15028702035966,4.445265293121338,165.6999969482422
1763595397394,35.19333319904055,-97.43757213519073,325.15078452705524,4.446091175079346,165.6999969482422
1763595397394,35.19333473231748,-97.43757058303352,325.1514277776479,4.450270175933838,165.6999969482422
1763595397394,35.19333630639132,-97.43756903882905,325.15196134505766,4.43991231918335,165.60000610351562
1763595397394,35.1933376491085,-97.43756775573672,325.1523480544087,4.4352288246154785,164.1999969482422
1763595397394,35.19333924614422,-97.43756627691879,325.15284572407603,4.421451568603516,158.8000030517578
1763595397394,35.193340872283656,-97.4375648094757,325.1532206870141,4.407751560211182,152.5
1763595398394,35.1933464854524,-97.43756223310939,325.18835645291125,4.3892083168029785,131.5
1763595398394,35.193347121829426,-97.43756170367091,325.1885094027887,4.385982990264893,128.6999969482422
1763595398394,35.193348518934286,-97.43756055895314,325.1887619177561,4.372012138366699,117.5999984741211
1763595398394,35.193350098404295,-97.43755927035907,325.18928407039874,4.353669166564941,105.0
1763595398394,35.193351763919594,-97.43755790885443,325.18960066319306,4.329557418823242,92.9000015258789
1763595398394,35.19335338432177,-97.43755657251614,325.1902002755983,4.310574531555176,83.30000305175781
1763595398394,35.193354980019606,-97.43755524168225,325.1902891668516,4.295120716094971,73.0
1763595398394,35.19335657013639,-97.43755390274042,325.19036174168593,4.273298740386963,62.20000076293945
1763595398394,35.1933582156068,-97.43755251806274,325.19057852563054,4.248016357421875,51.29999923706055
1763595398394,35.19335979007778,-97.43755117090923,325.1908600644184,4.217166900634766,41.099998474121094
1763595398394,35.19336146969201,-97.43754971458225,325.19099337018406,4.174129009246826,30.100000381469727
1763595398394,35.19336277958644,-97.43754856132827,325.19042998243424,4.136343955993652,23.200000762939453
1763595398394,35.19336485346034,-97.43754671341686,325.1895052416077,4.0423197746276855,12.800000190734863
1763595398394,35.193365885141446,-97.43754574674841,325.1877082058681,3.9874870777130127,9.199999809265137
1763595398394,35.19336708868066,-97.43754462687525,325.1875328317798,3.8944339752197266,4.900000095367432
1763595398394,35.19336848211528,-97.43754333298615,325.18626083038663,3.791118621826172,2.0
1763595398394,35.19336971932345,-97.43754215329363,325.1860063365939,3.670287609100342,0.30000001192092896
1763595398394,35.19337104207336,-97.43754088489531,325.1865525988965,3.521878480911255,-1.100000023841858
1763595398394,35.19337230173619,-97.43753973729879,325.18587404811973,3.3824265003204346,-2.299999952316284
1763595398394,35.193373480694305,-97.43753863893451,325.18517836407784,3.224212408065796,-3.200000047683716
1763595399394,35.19337631774887,-97.43753684305278,325.1947403052711,2.932241201400757,-5.400000095367432
1763595399394,35.193376742220345,-97.43753642804361,325.1942824897514,2.894972562789917,-5.599999904632568
1763595399394,35.19337773260648,-97.43753547096028,325.19425089108137,2.690553903579712,-6.400000095367432
1763595399394,35.193378585516804,-97.43753466722625,325.19431905054876,2.554764747619629,-6.5
1763595399394,35.19337945700875,-97.43753384422148,325.19490764732944,2.3864026069641113,-6.5
1763595399394,35.19338025945309,-97.43753306576205,325.1958332193289,2.1867854595184326,-6.5
1763595399394,35.193380997231706,-97.43753234429224,325.19616314417686,2.0495247840881348,-6.300000190734863
1763595399394,35.19338159107299,-97.4375317787894,325.19593026506243,1.8517279624938965,-5.699999809265137
1763595399394,35.19338223229018,-97.43753117728065,325.19647522428943,1.7252674102783203,-5.599999904632568
1763595399394,35.19338278540335,-97.43753065794918,325.19546654006666,1.5686147212982178,-5.599999904632568
1763595399394,35.19338331395595,-97.43753014475773,325.19396797851044,1.419516682624817,-5.599999904632568
1763595399394,35.19338381349554,-97.43752967105368,325.1922150117205,1.2581154108047485,-5.5
1763595399394,35.19338425138036,-97.43752926821927,325.1901315913615,1.1214724779129028,-5.5
1763595399394,35.19338464385688,-97.43752890702895,325.1877524074206,0.9791227579116821,-5.199999809265137
1763595399394,35.193385022535345,-97.4375285695782,325.18517208441057,0.8261705636978149,-5.0
1763595399394,35.1933853283119,-97.43752829939478,325.18214536028836,0.6632193326950073,-4.699999809265137
1763595399394,35.19338559526088,-97.43752804511749,325.1790434792787,0.5684226751327515,-4.300000190734863
1763595399394,35.19338579579866,-97.43752786376878,325.1765316817603,0.4649967849254608,-3.799999952316284
1763595399394,35.19338598728304,-97.43752769099113,325.17395905757166,0.38362860679626465,-3.200000047683716
1763595399394,35.19338617615622,-97.43752751781994,325.1712333216342,0.30819445848464966,-2.799999952316284
1763595400394,35.193386220799496,-97.43752860696327,325.1827303137539,0.02421249821782112,-2.799999952316284
1763595400394,35.19338636644963,-97.43752860808628,325.1682077341948,-0.008610637858510017,-2.799999952316284
1763595400394,35.193386643313566,-97.43752869021303,325.13645873588445,-0.10092300176620483,-2.799999952316284
1763595400394,35.19338688454896,-97.43752878933051,325.10754089350036,-0.11059438437223434,-2.799999952316284
1763595400394,35.19338691845978,-97.43752880996873,325.1071560673051,-0.07508419454097748,-2.799999952316284
1763595400394,35.193386819634235,-97.43752879867755,325.11772023419235,-0.04627276211977005,-2.799999952316284
1763595400394,35.193386693678434,-97.43752868861883,325.1424734090077,-0.017420604825019836,-2.799999952316284
1763595400394,35.19338658655508,-97.43752860194606,325.161111352887,-7.576059579150751e-05,-2.799999952316284
1763595400394,35.19338655077123,-97.43752857611287,325.16668519094634,0.007310214452445507,-2.799999952316284
1763595400394,35.19338659852394,-97.43752855801664,325.1630453618726,0.008055107668042183,-2.799999952316284
1763595400394,35.193386620310534,-97.43752858007252,325.1591210710639,0.006301175802946091,-2.799999952316284
1763595400394,35.193386637020744,-97.43752859872585,325.1565404655265,0.0036061916034668684,-2.799999952316284
1763595400394,35.19338662455982,-97.43752859981723,325.16021649690384,0.0014072090853005648,-2.799999952316284
1763595400394,35.193386581202596,-97.43752858606274,325.1684035190822,6.20121427346021e-05,-2.799999952316284
1763595400394,35.19338653689315,-97.43752857399504,325.17481759284044,-0.0005272346315905452,-2.799999952316284
1763595400394,35.19338650386075,-97.43752856116238,325.1783077668508,-0.0006231843726709485,-2.799999952316284
1763595400394,35.1933864763581,-97.43752855064871,325.1802385497629,-0.00048163768951781094,-2.799999952316284
1763595400394,35.19338646706596,-97.43752853708784,325.18229814663897,-0.000320058868965134,-2.799999952316284
1763595400394,35.1933864379536,-97.43752851625412,325.18810528166523,-8.718930621398613e-05,-2.9000000953674316
1763595400394,35.193386392397336,-97.43752849445828,325.19414343291874,4.3851564441865776e-06,-2.9000000953674316
1763595400394,35.19338633370284,-97.43752845419444,325.2026263176802,4.1980754758697e-05,-2.9000000953674316
1763595400394,35.193386276590836,-97.4375284273034,325.20952440615764,4.5662654883926734e-05,-2.9000000953674316
1763595400394,35.193386211486285,-97.43752838589519,325.21824441867176,3.3869411709019914e-05,-3.0
1763595401394,35.193387327079236,-97.43752781348185,325.22968675300297,1.623201933398377e-05,-3.0
1763595401394,35.19338732017605,-97.437527746755,325.2344904366513,9.08237234398257e-06,-3.0
1763595401394,35.19338731579959,-97.4375276627507,325.24053632752225,1.0200393489867565e-06,-3.0
1763595401394,35.193387320488874,-97.43752755108464,325.2477667816474,-2.7012158625439042e-06,-3.0
1763595401394,35.19338735089177,-97.43752742811712,325.2536566177753,-3.4909776331915054e-06,-3.0
1763595401394,35.19338738598193,-97.43752729899526,325.25977978602504,-2.805156782414997e-06,-2.9000000953674316
1763595401394,35.19338741760162,-97.43752714670983,325.2676706991394,0.013475898653268814,-2.700000047683716
1763595401394,35.19338746256173,-97.43752700085567,325.27393025945923,0.09841965138912201,-2.4000000953674316
1763595401394,35.19338751917086,-97.43752691097896,325.27635927865316,0.31677865982055664,-2.0999999046325684
1763595401394,35.193387590062244,-97.43752684427326,325.27619849632725,0.4989337921142578,-1.600000023841858
1763595401394,35.193387673743125,-97.43752676432378,325.2762830857855,0.5698533058166504,-1.100000023841858
1763595401394,35.193387778835316,-97.43752666294608,325.2763116928145,0.6333727836608887,-0.20000000298023224
1763595401394,35.19338790223811,-97.43752654367718,325.27641684933644,0.66611248254776,0.6000000238418579
1763595401394,35.19338802415969,-97.43752642595497,325.2763532573857,0.6943187117576599,1.2000000476837158
1763595401394,35.19338817289575,-97.43752628390094,325.27652957123274,0.734346330165863,1.7000000476837158
1763595401394,35.193388324978784,-97.43752613996553,325.2766409677526,0.7705212235450745,2.0999999046325684
1763595401394,35.193388512704324,-97.43752596191928,325.27716357925715,0.831956148147583,2.5999999046325684
1763595401394,35.193388710448104,-97.4375257720602,325.2774903014472,0.8837377429008484,2.9000000953674316
1763595401394,35.19338892091346,-97.43752557094706,325.27785352906835,0.9520620703697205,3.200000047683716
1763595401394,35.19338913845352,-97.43752536327587,325.2783363591201,1.0102134943008423,3.4000000953674316
1763595402394,35.193391390480855,-97.43752362921215,325.26628513117055,1.066271185874939,3.5999999046325684
1763595402394,35.193391663923784,-97.43752336593319,325.2669443170638,1.1250864267349243,3.799999952316284
1763595402394,35.19339190159204,-97.43752313931134,325.2676306461806,1.17103111743927,3.9000000953674316
1763595402394,35.193392200885256,-97.43752285446804,325.2683741690844,1.2243393659591675,4.099999904632568
1763595402394,35.193392523113054,-97.43752254543546,325.2690873837224,1.2845840454101562,4.5
1763595402394,35.19339287807372,-97.4375222077416,325.269889844686,1.3460803031921387,5.0
1763595402394,35.193393251050026,-97.43752184552342,325.2708910856295,1.4246091842651367,5.5
1763595402394,35.193393578354,-97.43752152403404,325.27194490713345,1.4758766889572144,5.900000095367432
1763595402394,35.193393977054505,-97.43752113221838,325.2729172807174,1.542858362197876,6.199999809265137
1763595402394,35.19339440272862,-97.43752071841884,325.2739323276403,1.619397521018982,6.5
1763595402394,35.19339484870611,-97.43752028941645,325.2749994379935,1.6826913356781006,6.699999809265137
1763595402394,35.19339532927956,-97.43751983754238,325.2757049723178,1.7491761445999146,7.0
1763595402394,35.19339581342278,-97.43751938107188,325.27654948450703,1.8140769004821777,7.199999809265137
1763595402394,35.19339624359402,-97.43751897235553,325.2773747702324,1.8697298765182495,7.5
1763595402394,35.19339678136985,-97.43751846676395,325.2785521443268,1.937739610671997,8.0
1763595402394,35.19339733869732,-97.43751794493511,325.2797032101247,2.0030574798583984,8.600000381469727
1763595402394,35.19339791885671,-97.43751740122329,325.2808624278022,2.0726358890533447,9.399999618530273
1763595402394,35.193398523505365,-97.43751683562506,325.28256486125406,2.1392312049865723,10.199999809265137
1763595402394,35.19339914641576,-97.43751625293545,325.28449625660807,2.219947099685669,11.100000381469727
1763595402394,35.193399801330564,-97.4375156391332,325.28626482103664,2.285566568374634,11.699999809265137
1763595403394,35.19340280143293,-97.43751345116725,325.2630268185389,2.3385069370269775,12.100000381469727
1763595403394,35.19340355794907,-97.43751273887636,325.26361085126797,2.4057223796844482,12.399999618530273
1763595403394,35.19340432165347,-97.43751202930649,325.2649861569473,2.4747414588928223,12.600000381469727
1763595403394,35.19340511267682,-97.43751129196728,325.2667259383798,2.543156623840332,12.899999618530273
1763595403394,35.19340577609073,-97.43751068208257,325.26889824540854,2.6082539558410645,13.300000190734863
1763595403394,35.19340660542544,-97.43750991751179,325.27120683108325,2.6692609786987305,14.0
1763595403394,35.19340746766948,-97.43750912421334,325.27246567498656,2.732581853866577,15.199999809265137
1763595403394,35.193408338708146,-97.4375083232596,325.2743614681818,2.794982671737671,17.299999237060547
1763595403394,35.1934092291268,-97.4375075052994,325.2765862120758,2.8565633296966553,20.399999618530273
1763595403394,35.193410158758496,-97.4375066573497,325.27894688656585,2.9211525917053223,25.399999618530273
1763595403394,35.19341117101964,-97.43750573861551,325.2810868904655,2.9761102199554443,30.200000762939453
1763595403394,35.19341192937672,-97.43750505146913,325.28242173660004,3.0197014808654785,33.79999923706055
1763595403394,35.19341288816102,-97.43750419238067,325.28496322142274,3.075913429260254,37.900001525878906
1763595403394,35.19341388770219,-97.43750330620162,325.2874289190874,3.123659610748291,41.70000076293945
1763595403394,35.1934149230001,-97.43750239537327,325.2898663946492,3.166105031967163,45.20000076293945
1763595403394,35.19341597110883,-97.43750149616093,325.2914474633237,3.2085700035095215,49.099998474121094
1763595403394,35.19341707034476,-97.43750056762659,325.2930157490177,3.258012533187866,55.099998474121094
1763595403394,35.19341802210845,-97.43749977809327,325.2946712679318,3.29730224609375,60.20000076293945
1763595403394,35.19341912606433,-97.43749887341167,325.2959838475714,3.3463051319122314,67.5999984741211
1763595403394,35.19342025749419,-97.43749795531919,325.29775342549493,3.39496111869812,78.0999984741211
1763595404394,35.193424101889875,-97.4374953166023,325.2683849400375,3.4255874156951904,85.69999694824219
1763595404394,35.19342534393882,-97.43749435270843,325.2694865409859,3.465070962905884,96.0
1763595404394,35.193426620364136,-97.43749339855432,325.27051368495194,3.503903865814209,108.0999984741211
1763595404394,35.193427881632495,-97.43749248328201,325.27108294564187,3.5388896465301514,121.5999984741211
1763595404394,35.19342897183093,-97.43749173417442,325.27203885897416,3.5711469650268555,133.10000610351562
1763595404394,35.193430216595694,-97.43749092373024,325.27308479758466,3.6123874187469482,150.89999389648438
1763595404394,35.193431650623126,-97.43749004021075,325.2738129829867,3.6425492763519287,165.5
1763595404394,35.19343305070757,-97.43748923436463,325.27433876837773,3.6708593368530273,179.60000610351562
1763595404394,35.193434463736565,-97.43748847657265,325.27493478269594,3.698957681655884,193.0
1763595404394,35.19343590507623,-97.43748776441628,325.27585220133693,3.7262465953826904,205.39999389648438
1763595404394,35.193437406558964,-97.4374870894458,325.27733024638155,3.749753475189209,216.89999389648438
1763595404394,35.19343894641768,-97.43748646542994,325.2796061135826,3.7724757194519043,227.6999969482422
1763595404394,35.19344052231772,-97.43748589435398,325.2823648822318,3.795691728591919,237.89999389648438
1763595404394,35.1934418713197,-97.4374854544901,325.28492678336687,3.817575216293335,249.0
1763595404394,35.193443421269635,-97.43748500796877,325.2879723199014,3.833890676498413,255.1999969482422
1763595404394,35.19344499557714,-97.43748462013524,325.2914155204191,3.850187063217163,261.70001220703125
1763595404394,35.19344662478698,-97.4374842792399,325.2948008236049,3.870802402496338,267.0
1763595404394,35.19344825247422,-97.4374840019448,325.29813721302077,3.8891611099243164,272.29998779296875
1763595404394,35.193449898580056,-97.43748377275797,325.301676461334,3.902184009552002,277.6000061035156
1763595405394,35.19345489232436,-97.43748295571511,325.2825627710901,3.93100905418396,283.6000061035156
1763595405394,35.19345625113864,-97.43748286436592,325.2853552656801,3.9415242671966553,285.70001220703125
1763595405394,35.19345784864568,-97.43748280212597,325.2891217373452,3.961341142654419,290.70001220703125
1763595405394,35.19345962559848,-97.43748279738504,325.2935703081912,3.970285654067993,295.29998779296875
1763595405394,35.19346124889924,-97.4374828442644,325.2977056908417,3.9794108867645264,299.0
1763595405394,35.19346302515565,-97.43748295752692,325.3021319706767,3.989417552947998,303.29998779296875
1763595405394,35.19346481785945,-97.4374831350139,325.30695622633317,3.9996302127838135,307.20001220703125
1763595405394,35.19346661041227,-97.43748338383104,325.31206450243525,4.008974552154541,310.5
1763595405394,35.193468122610014,-97.43748364609807,325.3164857613205,4.023642063140869,314.3999938964844
1763595405394,35.1934698567033,-97.43748401130804,325.3217321198212,4.038771152496338,316.8999938964844
1763595405394,35.193471601153334,-97.43748444239642,325.3272411882356,4.042901515960693,318.8999938964844
1763595405394,35.19347335827934,-97.43748494730265,325.33308661645526,4.0473833084106445,320.1000061035156
1763595405394,35.19347512371451,-97.43748553509356,325.3390819466657,4.046468257904053,320.6000061035156
1763595405394,35.19347683334243,-97.43748617722336,325.34498637731724,4.050541400909424,320.6000061035156
1763595405394,35.19347828236005,-97.43748676469787,325.35030639328016,4.05492639541626,320.6000061035156
1763595405394,35.193479965222224,-97.4374875182326,325.3569969343113,4.055055141448975,320.6000061035156
1763595405394,35.19348159899357,-97.43748831221528,325.3634290528161,4.05737829208374,320.6000061035156
1763595405394,35.19348312914782,-97.43748912217642,325.3698485045917,4.05552339553833,320.6000061035156
1763595405394,35.19348482092744,-97.43749008270423,325.37692575437006,4.054134368896484,320.6000061035156
1763595406394,35.19348775468065,-97.4374913560865,325.40209455487434,4.052496910095215,320.6000061035156
1763595406394,35.19348888205176,-97.43749206121672,325.40704120390575,4.052860736846924,320.6000061035156
1763595406394,35.19349047269559,-97.4374931490641,325.4140285160689,4.044557571411133,320.6000061035156
1763595406394,35.19349201755037,-97.43749428552398,325.42068679818686,4.040065288543701,320.6000061035156
1763595406394,35.193493508319285,-97.43749545975413,325.4273775732562,4.0368733406066895,320.6000061035156
1763595406394,35.193494985936134,-97.43749672516748,325.4347903225623,4.033769607543945,320.6000061035156
1763595406394,35.193496212037466,-97.4374978092068,325.4415376053111,4.032952785491943,320.6000061035156
1763595406394,35.19349762729488,-97.43749916856687,325.450087878313,4.038093566894531,320.6000061035156
1763595406394,35.19349899170722,-97.43750055277745,325.45870912631455,4.03578519821167,320.6000061035156
1763595406394,35.193500348055814,-97.43750194946246,325.4666051609738,4.028260707855225,320.6000061035156
1763595406394,35.19350156863488,-97.43750329149661,325.47411401564443,4.025735855102539,320.6000061035156
1763595406394,35.193502843242236,-97.4375048290952,325.4831049986992,4.022307872772217,320.6000061035156
1763595406394,35.193503988345554,-97.4375062525979,325.491161763944,4.023982524871826,320.6000061035156
1763595406394,35.19350516590075,-97.43750785267764,325.49983809644925,4.029789447784424,320.6000061035156
1763595406394,35.19350623335298,-97.43750940258226,325.5087760846157,4.0305023193359375,320.6000061035156
1763595406394,35.19350723831529,-97.43751096073939,325.51707688447055,4.027324676513672,320.6000061035156
1763595406394,35.1935083093154,-97.43751271742877,325.5257602842046,4.021248817443848,320.6000061035156
1763595406394,35.19350922652217,-97.43751429547248,325.5334560117514,4.023801326751709,320.6000061035156
1763595406394,35.19351020064257,-97.43751610122844,325.54251043161713,4.025031566619873,320.6000061035156
1763595406394,35.193511108875995,-97.43751787838016,325.55177843645237,4.021089553833008,320.6000061035156
1763595406394,35.193511960595366,-97.43751966731347,325.5607537697723,4.011023044586182,320.6000061035156
1763595406394,35.19351278887627,-97.43752146556237,325.5703335995354,4.005417346954346,320.6000061035156
1763595407394,35.193516723872655,-97.43752559228521,325.540966525071,4.004181385040283,320.6000061035156
1763595407394,35.19351754103711,-97.43752757632348,325.5504084450806,4.00498628616333,320.70001220703125
1763595407394,35.19351829748347,-97.43752959983789,325.5599174722842,4.003087520599365,321.0
1763595407394,35.19351900003895,-97.43753162395811,325.5693884440355,4.002433776855469,321.6000061035156
1763595407394,35.193519659938346,-97.43753366402844,325.57918502174556,4.000237464904785,322.29998779296875
1763595407394,35.193520205880326,-97.43753544240852,325.5878506191379,3.9939630031585693,323.1000061035156
1763595407394,35.19352076419405,-97.43753753044793,325.5970576990568,3.9853620529174805,324.3999938964844
1763595407394,35.19352124997236,-97.43753944192136,325.60653396495644,3.9753379821777344,326.29998779296875
1763595407394,35.19352168173345,-97.4375415515383,325.61623348583663,3.9735288619995117,328.0
1763595407394,35.19352208630229,-97.43754363930358,325.62755722001447,3.9712822437286377,329.0
1763595407394,35.19352245600967,-97.4375457718279,325.63926367694074,3.9639523029327393,330.20001220703125
1763595407394,35.19352277088632,-97.43754787072538,325.6510174438494,3.9537811279296875,330.70001220703125
1763595407394,35.193523004209425,-97.43754994055496,325.66215743142465,3.9432613849639893,331.0
1763595407394,35.19352321516171,-97.43755213823388,325.67311849333123,3.9362080097198486,331.1000061035156
1763595407394,35.19352333913342,-97.43755391969273,325.680782453238,3.927201271057129,331.29998779296875
1763595407394,35.19352342912069,-97.43755605281443,325.6904096451225,3.916283130645752,331.5
1763595407394,35.19352346290037,-97.43755813100971,325.69925981179176,3.9019699096679688,331.5
1763595408394,35.193523702246424,-97.43756195486125,325.71602336649454,3.893322467803955,331.5
1763595408394,35.19352370643807,-97.4375629196695,325.72043137837676,3.8926467895507812,331.5
1763595408394,35.19352359930321,-97.43756498735173,325.73023776187074,3.8892812728881836,331.5
1763595408394,35.19352343434212,-97.43756698817846,325.7397213116087,3.8873538970947266,331.5
1763595408394,35.19352319917597,-97.4375690790445,325.75047528390536,3.8874919414520264,331.5
1763595408394,35.19352291166707,-97.43757112906785,325.76105068210165,3.8824963569641113,331.5
1763595408394,35.19352255713204,-97.43757320267326,325.77144328829405,3.86594557762146,331.5
1763595408394,35.19352223170351,-97.43757494909943,325.7807140519529,3.8575642108917236,331.3999938964844
1763595408394,35.19352177333845,-97.43757699435086,325.79094712554485,3.854372024536133,331.5
1763595408394,35.19352127886976,-97.4375789894923,325.80121059030245,3.855078935623169,331.5
1763595408394,35.19352075284844,-97.43758098895621,325.8125304267026,3.8545982837677,331.3999938964844
1763595408394,35.19352021130416,-97.43758292810809,325.82433851942267,3.8491904735565186,331.5
1763595408394,35.193519718676065,-97.43758454378434,325.8337786674436,3.8395955562591553,331.3999938964844
1763595408394,35.19351905524273,-97.43758646677946,325.84525430057107,3.834031343460083,331.3999938964844
1763595408394,35.19351835879794,-97.43758836672762,325.85693435161613,3.8314785957336426,331.3999938964844
1763595408394,35.19351763394653,-97.43759022730227,325.8687800161405,3.8283851146698,331.3999938964844
1763595408394,35.193516839168595,-97.43759205610158,325.880118298089,3.8222200870513916,331.3999938964844
1763595408394,35.19351606575001,-97.43759376717328,325.89081372692885,3.814779281616211,331.3999938964844
1763595408394,35.19351519694497,-97.43759549871416,325.9010406702059,3.8113675117492676,331.29998779296875
1763595408394,35.193514367697425,-97.43759716633409,325.9127096140497,3.8082387447357178,331.1000061035156
1763595409394,35.193511855374474,-97.43760096434613,325.84204282331,3.805624485015869,330.6000061035156
1763595409394,35.19351129830223,-97.43760188864576,325.84873086530376,3.804929494857788,330.5
1763595409394,35.1935101555556,-97.4376035342213,325.85780772215946,3.8029048442840576,330.29998779296875
1763595409394,35.193509183076294,-97.43760489924578,325.865987105492,3.800952672958374,329.79998779296875
1763595409394,35.193508004161906,-97.43760643808564,325.874830085301,3.7935633659362793,329.0
1763595409394,35.1935067967363,-97.4376079344356,325.88397564018516,3.790407657623291,327.6000061035156
1763595409394,35.19350554720233,-97.437609362287,325.8925342616577,3.7918262481689453,325.8999938964844
1763595409394,35.19350428172631,-97.43761077430374,325.9020556043516,3.7970380783081055,322.79998779296875
1763595409394,35.19350294148155,-97.43761218593279,325.9122644312977,3.802171468734741,318.5
1763595409394,35.19350157944708,-97.43761352718728,325.92209722048324,3.8147025108337402,311.5
1763595409394,35.19350018257558,-97.43761481674939,325.93163370749517,3.8195488452911377,303.3999938964844
1763595409394,35.193499002695745,-97.43761587464954,325.9399448643522,3.830958604812622,295.20001220703125
1763595409394,35.193497565168876,-97.43761707977424,325.9486692380909,3.850074052810669,282.79998779296875
1763595409394,35.193496076375446,-97.43761826940184,325.95765885663633,3.8664205074310303,269.6000061035156
1763595409394,35.19349462418075,-97.43761942368667,325.9673084034855,3.880791187286377,255.3000030517578
1763595409394,35.19349317439696,-97.43762059913077,325.97624514772644,3.8944592475891113,242.39999389648438
1763595409394,35.19349176318879,-97.43762181732548,325.9861248513667,3.9085843563079834,221.89999389648438
1763595409394,35.193490297436696,-97.43762304416,325.996990471523,3.9173457622528076,204.3000030517578
1763595409394,35.19348885211617,-97.43762430762315,326.00877536678536,3.93007493019104,179.8000030517578
1763595409394,35.193487414855355,-97.4376256187557,326.0214125378319,3.942314863204956,157.10000610351562
1763595410394,35.19348592550612,-97.43762966570192,326.03661022707615,3.957286834716797,123.69999694824219
1763595410394,35.19348536428852,-97.43763049931546,326.04556564889293,3.959048271179199,113.9000015258789
1763595410394,35.193483945443695,-97.43763187726891,326.0574076170772,3.961383819580078,90.69999694824219
1763595410394,35.19348264165681,-97.4376333069819,326.0704265049326,3.9615209102630615,68.5999984741211
1763595410394,35.193481365279446,-97.43763480403716,326.0837056826722,3.9628100395202637,47.79999923706055
1763595410394,35.193480149861415,-97.43763634562936,326.0965811957582,3.9695017337799072,29.100000381469727
1763595410394,35.19347878786226,-97.43763794222306,326.1108858117032,3.983870267868042,8.399999618530273
1763595410394,35.193477758048225,-97.43763932028506,326.1238432408414,3.991098642349243,-4.400000095367432
1763595410394,35.19347652394021,-97.43764089333213,326.1362690601183,3.996960401535034,-15.199999809265137
1763595410394,35.19347533999175,-97.43764250335981,326.1488280187021,4.00337553024292,-32.0
1763595410394,35.19347411238517,-97.43764408801786,326.15950471122346,4.010849475860596,-39.599998474121094
1763595410394,35.1934729363497,-97.43764570960009,326.170943919083,4.024799823760986,-52.5
1763595410394,35.193472014274924,-97.43764714432199,326.18203252319154,4.042749881744385,-70.69999694824219
1763595410394,35.19347091128569,-97.43764882760205,326.19598983160796,4.058485507965088,-83.5
1763595410394,35.19346985648685,-97.43765043289227,326.21053551806597,4.07293176651001,-93.4000015258789
1763595410394,35.193468631714545,-97.4376524255181,326.2260592366125,4.092088222503662,-106.69999694824219
1763595410394,35.19346780239687,-97.43765377002227,326.23667500156915,4.107954978942871,-115.9000015258789
1763595410394,35.193466705188165,-97.43765541455429,326.2496572914551,4.115199565887451,-128.5
1763595410394,35.1934656088434,-97.43765713690755,326.26284228087644,4.122261047363281,-142.8000030517578
1763595410394,35.19346455863126,-97.43765884399372,326.274047230378,4.138379096984863,-154.39999389648438
1763595411394,35.19346296321396,-97.43766298975783,326.2383798531347,4.180951118469238,-171.0
1763595411394,35.19346205162334,-97.43766466152255,326.2481684144257,4.186281204223633,-171.0
1763595411394,35.19346111271206,-97.43766649015426,326.2598505252317,4.2038373947143555,-178.89999389648438
1763595411394,35.193460230325435,-97.43766829192728,326.27124690881107,4.211950302124023,-186.1999969482422
1763595411394,35.193459376331425,-97.43767009164398,326.2825884812457,4.222092628479004,-193.5
1763595411394,35.19345854509898,-97.43767194077626,326.29351706569327,4.232218265533447,-202.10000610351562
1763595411394,35.19345774914121,-97.43767379491096,326.3046381255554,4.243401527404785,-209.60000610351562
1763595411394,35.19345699079019,-97.43767568407756,326.3162213087584,4.270890712738037,-217.3000030517578
1763595411394,35.193456312361,-97.43767750253627,326.3277395527925,4.284160614013672,-225.39999389648438
1763595411394,35.19345567564231,-97.43767934055275,326.3391715744085,4.291319370269775,-233.6999969482422
1763595411394,35.19345504019932,-97.4376813144045,326.3504473843019,4.302550315856934,-239.39999389648438
1763595411394,35.19345447331885,-97.4376832603485,326.3610964947869,4.310797691345215,-244.6999969482422
1763595411394,35.19345398069347,-97.43768523908597,326.3707935914399,4.3146796226501465,-248.39999389648438
1763595411394,35.19345354676931,-97.43768727458243,326.3807911161808,4.321922302246094,-249.89999389648438
1763595411394,35.193453177021944,-97.43768928081407,326.390893182364,4.326756000518799,-251.10000610351562
1763595411394,35.19345285373599,-97.43769133183565,326.4015602165223,4.331475734710693,-251.60000610351562
1763595411394,35.19345261360717,-97.43769306057335,326.410453568579,4.334331035614014,-251.8000030517578
1763595411394,35.19345233964566,-97.43769529939905,326.4222710225791,4.357247829437256,-251.8000030517578
1763595411394,35.19345214865731,-97.43769745926365,326.43460970615354,4.357569694519043,-251.8000030517578
1763595411394,35.19345202498686,-97.437699125819,326.44406362888714,4.355822563171387,-251.8000030517578
1763595411394,35.19345190089512,-97.43770106807338,326.45455266681853,4.357974529266357,-250.5
1763595412394,35.1934506905188,-97.43770903439864,326.46118480701574,4.36805534362793,-242.89999389648438
1763595412394,35.19345062875946,-97.43771048003175,326.46942052981296,4.371903419494629,-237.1999969482422
1763595412394,35.19345061375149,-97.43771272751607,326.4806393677866,4.37624979019165,-224.3000030517578
1763595412394,35.19345061412519,-97.43771489832149,326.4913997771165,4.375751972198486,-202.5
1763595412394,35.193450626553734,-97.43771674233437,326.50040209961736,4.379103183746338,-185.39999389648438
1763595412394,35.193450670648495,-97.43771890164102,326.51062484782,4.386501312255859,-163.5
1763595412394,35.19345072947316,-97.4377210388027,326.51855805011076,4.396299839019775,-141.5
1763595412394,35.19345079651339,-97.43772329103618,326.5276074022121,4.408481597900391,-123.9000015258789
1763595412394,35.19345086796986,-97.43772552103404,326.5368206388096,4.410338401794434,-100.80000305175781
1763595412394,35.193450959049116,-97.43772776351614,326.54573603611414,4.413470268249512,-76.5999984741211
1763595412394,35.193451028031646,-97.43772996985878,326.5543125930481,4.431420803070068,-47.900001525878906
1763595412394,35.19345104433394,-97.43773187769207,326.5623561180886,4.441504001617432,-25.100000381469727
1763595412394,35.19345101596932,-97.43773412353191,326.5728003838368,4.450769901275635,-3.0
1763595412394,35.19345096121024,-97.43773633037848,326.5831212052111,4.460376262664795,21.5
1763595412394,35.19345085970611,-97.43773849264274,326.5920008418523,4.470685958862305,45.599998474121094
1763595412394,35.19345071853724,-97.43774074442126,326.59957531396515,4.478317737579346,69.0999984741211
1763595412394,35.193450568443346,-97.43774293224904,326.6082234803409,4.486286640167236,96.19999694824219
1763595412394,35.193450374187954,-97.43774518032825,326.61746679220175,4.481936454772949,117.30000305175781
1763595412394,35.1934501967893,-97.43774695808521,326.6252492864952,4.489072799682617,129.1999969482422
1763595412394,35.1934499052661,-97.43774922437788,326.63504463764275,4.49946403503418,146.8000030517578
1763595413394,35.19344575422077,-97.43776004937146,326.578479133208,4.513550281524658,160.6999969482422
1763595413394,35.1934452689747,-97.43776239459464,326.5869356976073,4.5183539390563965,176.0
1763595413394,35.19344471022631,-97.4377647200825,326.5950990421902,4.523118019104004,189.3000030517578
1763595413394,35.19344409113491,-97.43776701016476,326.6036023489576,4.533790111541748,201.89999389648438
1763595413394,35.193443398253336,-97.43776928860282,326.61285432231085,4.53942346572876,215.39999389648438
1763595413394,35.19344270002308,-97.43777137338706,326.6215642694747,4.54356575012207,223.39999389648438
1763595413394,35.193441863976574,-97.43777361924957,326.6312295731487,4.547122001647949,232.60000610351562
1763595413394,35.19344096125455,-97.43777582951307,326.6412180162366,4.558421611785889,241.60000610351562
1763595413394,35.19344006961178,-97.43777784398807,326.6505610889499,4.569113731384277,246.89999389648438
1763595413394,35.19343903492918,-97.43778001207774,326.6601827704754,4.576494216918945,251.39999389648438
1763595413394,35.19343805412388,-97.4377819468679,326.66887563436995,4.579608917236328,254.1999969482422
1763595413394,35.19343691597203,-97.43778404044343,326.6784374572719,4.585934162139893,258.70001220703125
1763595413394,35.1934357267141,-97.43778607123495,326.6868940240352,4.593023777008057,264.1000061035156
1763595413394,35.19343473891639,-97.4377876788787,326.69424545680823,4.594820499420166,267.79998779296875
1763595413394,35.1934334891945,-97.43778958242495,326.70326508825866,4.5933990478515625,273.20001220703125
1763595413394,35.19343230138812,-97.43779128485777,326.711864667514,4.596517562866211,276.79998779296875
1763595413394,35.193430884850066,-97.43779316837134,326.72208827599087,4.607612133026123,279.20001220703125
1763595413394,35.19342957499866,-97.43779482271981,326.7328128544869,4.615503787994385,280.1000061035156
1763595413394,35.19342805446226,-97.43779663167741,326.7450693505535,4.623462200164795,281.29998779296875
1763595413394,35.193426688665895,-97.43779818368408,326.75574258897484,4.624422073364258,281.29998779296875
1763595414394,35.193421134403025,-97.43780145239458,326.6575685406492,4.625272750854492,281.29998779296875
1763595414394,35.193419444498765,-97.43780303592062,326.6670974103494,4.622690200805664,280.8999938964844
1763595414394,35.19341767893476,-97.43780458864863,326.6768377648969,4.624806880950928,280.3999938964844
1763595414394,35.19341585102992,-97.43780611571233,326.68768346162227,4.630003452301025,279.6000061035156
1763595414394,35.193414064089346,-97.43780752549118,326.6983086439908,4.632391452789307,277.6000061035156
1763595414394,35.19341219706769,-97.43780890232486,326.70935093389454,4.632533550262451,275.1000061035156
1763595414394,35.19341032187349,-97.43781023085232,326.7203457683807,4.629403591156006,271.29998779296875
1763595414394,35.19340863698797,-97.4378113508098,326.72947639645247,4.629550457000732,264.8999938964844
1763595414394,35.19340661213056,-97.43781261298061,326.7394359503617,4.625391960144043,255.6999969482422
1763595414394,35.19340469246985,-97.43781375822222,326.7491281188589,4.623289108276367,247.3000030517578
1763595414394,35.19340271921737,-97.43781491293885,326.75918854850124,4.625973224639893,238.10000610351562
1763595414394,35.193401200069566,-97.43781581992894,326.7674087414358,4.624569416046143,227.3000030517578
1763595414394,35.19339905230473,-97.43781694084409,326.7787229314862,4.625729084014893,215.10000610351562
1763595414394,35.193397069038916,-97.43781796567106,326.78945777133487,4.619989395141602,201.39999389648438
1763595414394,35.19339506819497,-97.43781898479504,326.8003357923227,4.608364105224609,181.8000030517578
1763595414394,35.193393048638285,-97.437820005715,326.81092642480274,4.5942487716674805,164.6999969482422
1763595414394,35.193391030195606,-97.43782100807734,326.82051613245545,4.578939437866211,148.0
1763595414394,35.19338897179171,-97.43782202917316,326.82960980024814,4.560208797454834,133.8000030517578
1763595414394,35.19338721892699,-97.43782294779646,326.83665535019315,4.544760704040527,118.5999984741211
1763595415394,35.1933840798015,-97.43782437635167,326.81872254287947,4.540414333343506,78.4000015258789
1763595415394,35.19338334125113,-97.43782484178244,326.8209961814926,4.537477970123291,74.0
1763595415394,35.193381352609265,-97.43782585166103,326.8288283630167,4.53085994720459,56.5
1763595415394,35.19337969846411,-97.4378267477971,326.8347235942948,4.518900394439697,32.0
1763595415394,35.19337765183738,-97.4378278400719,326.84352617198266,4.513421535491943,16.700000762939453
1763595415394,35.193375754100344,-97.43782889918934,326.852035778208,4.5083842277526855,-1.399999976158142
1763595415394,35.1933738808453,-97.43782998145262,326.8596657201268,4.503523349761963,-22.0
1763595415394,35.19337200040388,-97.43783112845104,326.86720225484913,4.503905296325684,-43.0
1763595415394,35.19337009097589,-97.43783233814007,326.87685244045525,4.501601219177246,-56.400001525878906
1763595415394,35.19336858773012,-97.43783337203217,326.8831448312294,4.500301361083984,-70.0999984741211
1763595415394,35.19336660354565,-97.43783474030838,326.8942896162115,4.498342037200928,-90.0
1763595415394,35.193365121002046,-97.43783581095215,326.90330302421745,4.490075588226318,-103.0999984741211
1763595415394,35.193363355271366,-97.4378371014783,326.9131602923421,4.483757972717285,-118.30000305175781
1763595415394,35.19336136628602,-97.43783863163343,326.92522565583045,4.476145267486572,-136.6999969482422
1763595415394,35.193360086184235,-97.43783970010529,326.93271127576156,4.473901271820068,-146.60000610351562
1763595415394,35.19335841845075,-97.43784111611063,326.942970465155,4.46834659576416,-159.0
1763595415394,35.19335683182878,-97.43784251788242,326.9532120404084,4.466602325439453,-170.10000610351562
1763595415394,35.19335525920839,-97.4378439966922,326.963720915975,4.461292743682861,-177.89999389648438
1763595415394,35.19335369523999,-97.43784555234404,326.9736531033043,4.45831298828125,-187.0
1763595415394,35.19335217517959,-97.43784715646858,326.98350511475525,4.457491874694824,-198.6999969482422
1763595416394,35.193350948179166,-97.4378502410377,326.8860791246893,4.469145774841309,-215.6999969482422
1763595416394,35.193349521807185,-97.4378519654695,326.89557170652137,4.467824459075928,-217.89999389648438
1763595416394,35.19334826371579,-97.43785356962,326.9042053866596,4.464212417602539,-229.5
1763595416394,35.193346868563,-97.43785544214377,326.91392053285807,4.4612298011779785,-241.3000030517578
1763595416394,35.19334560158105,-97.43785726714671,326.9235465891336,4.446328639984131,-253.10000610351562
1763595416394,35.19334439192308,-97.43785914487593,326.93235594979274,4.438710689544678,-264.20001220703125
1763595416394,35.193343337794325,-97.437860896404,326.94032569176835,4.432286262512207,-275.1000061035156
1763595416394,35.193342187555,-97.43786295448855,326.9489774839716,4.424712657928467,-281.5
1763595416394,35.19334115637735,-97.43786498563911,326.9576762702699,4.420500755310059,-285.20001220703125
1763595416394,35.19334019169858,-97.43786707243098,326.9657147109489,4.419787883758545,-287.20001220703125
1763595416394,35.193339282628294,-97.43786922434597,326.97331298081144,4.416401386260986,-288.20001220703125
1763595416394,35.19333844967575,-97.43787139676375,326.9810750977443,4.411083221435547,-289.29998779296875
1763595416394,35.19333768473494,-97.4378735782851,326.9884305823785,4.4108052253723145,-290.29998779296875
1763595416394,35.19333696508447,-97.43787581974232,326.99580998986886,4.408516883850098,-290.5
1763595416394,35.19333646002707,-97.43787750260843,327.00126822244704,4.405463218688965,-290.5
1763595416394,35.193335809971416,-97.43787989457923,327.0083433252575,4.400393962860107,-289.6000061035156
1763595416394,35.1933352517841,-97.43788214442871,327.01466114760314,4.40320348739624,-284.70001220703125
1763595416394,35.19333473586775,-97.43788444685023,327.0208222603098,4.407215118408203,-275.1000061035156
1763595416394,35.19333424800439,-97.43788691604473,327.02696707410735,4.412780284881592,-263.29998779296875
1763595416394,35.193333875855025,-97.43788896916456,327.031583143213,4.409486293792725,-239.8000030517578
1763595417394,35.19333255121939,-97.43789619892803,326.98879387862956,4.414738178253174,-207.6999969482422
1763595417394,35.193332420729476,-97.43789699597353,326.9899332762609,4.416252136230469,-194.8000030517578
1763595417394,35.193332069845795,-97.43789939419183,326.99442717851923,4.422699451446533,-174.6999969482422
1763595417394,35.19333171081726,-97.43790188280619,326.9988477701894,4.43284797668457,-153.1999969482422
1763595417394,35.19333140860217,-97.43790388931903,327.0023680767918,4.436870574951172,-134.8000030517578
1763595417394,35.193331029683705,-97.43790628646555,327.00729876446206,4.450965881347656,-111.5999984741211
1763595417394,35.19333057625359,-97.43790906297326,327.01276970513334,4.469581127166748,-84.0
1763595417394,35.193330242381855,-97.43791099629175,327.0167012151858,4.476747035980225,-66.80000305175781
1763595417394,35.19332979808814,-97.43791347410634,327.0219433211011,4.488260269165039,-45.599998474121094
1763595417394,35.193329298720755,-97.43791593100734,327.0263627405497,4.4959588050842285,-26.799999237060547
1763595417394,35.193328772903875,-97.43791837602377,327.03077020590996,4.511754989624023,-12.100000381469727
1763595417394,35.19332829445947,-97.43792039822114,327.0331067470394,4.5288848876953125,-0.20000000298023224
1763595417394,35.193327703172194,-97.43792274351247,327.0346551403655,4.546727180480957,7.400000095367432
1763595417394,35.193327054643326,-97.43792513759333,327.0361502343441,4.567809104919434,18.700000762939453
1763595417394,35.19332636520542,-97.43792756122937,327.0393909451352,4.588126182556152,26.899999618530273
1763595417394,35.19332574288337,-97.43792993007361,327.0431205378301,4.609381675720215,35.20000076293945
1763595417394,35.193325111036295,-97.43793233997475,327.04723844615506,4.6283721923828125,43.79999923706055
1763595417394,35.19332449434825,-97.43793471326661,327.0518258036036,4.643901348114014,53.70000076293945
1763595417394,35.19332382767389,-97.43793717004837,327.05808827081154,4.67209529876709,64.5999984741211
1763595417394,35.19332326004052,-97.43793920435719,327.06414594450854,4.694669723510742,73.80000305175781
1763595417394,35.19332259381967,-97.43794153913039,327.07213777355105,4.72149658203125,87.5
1763595418394,35.19332000379714,-97.43794531086961,327.01424485657896,4.737133026123047,96.0999984741211
1763595418394,35.193319193728115,-97.43794775859276,327.0224899264846,4.75178861618042,106.0
1763595418394,35.193318344380025,-97.43795019127467,327.03073784924663,4.776804447174072,115.9000015258789
1763595418394,35.19331750490046,-97.43795243886751,327.03886836633427,4.79705810546875,123.19999694824219
1763595418394,35.19331652920027,-97.43795490505265,327.0473102243328,4.808122634887695,129.5
1763595418394,35.19331552510638,-97.4379573227736,327.05624646891494,4.823554992675781,134.1999969482422
1763595418394,35.19331448618059,-97.4379597146498,327.06624550313256,4.847117900848389,135.39999389648438
1763595418394,35.19331366793925,-97.43796152680842,327.0749151186912,4.863446235656738,135.0
1763595418394,35.19331246611274,-97.43796406461587,327.0858340496861,4.8768839836120605,128.8000030517578
1763595418394,35.19331132407842,-97.43796639115554,327.0964303080703,4.884570598602295,117.9000015258789
1763595418394,35.19331013849028,-97.43796872824915,327.1072973340817,4.896218299865723,103.0999984741211
1763595418394,35.1933089308687,-97.43797103175697,327.11790608581845,4.9042229652404785,82.69999694824219
1763595418394,35.19330770284774,-97.43797337823358,327.12783673316164,4.90778112411499,64.0999984741211
1763595418394,35.19330650942699,-97.43797566863432,327.13778075380196,4.905473232269287,48.79999923706055
1763595418394,35.19330530896598,-97.43797800823768,327.14825478003064,4.9007978439331055,30.399999618530273
1763595418394,35.19330427779849,-97.43798003927886,327.1568419236921,4.893685340881348,11.899999618530273
1763595418394,35.19330315114606,-97.43798237515841,327.1651258202463,4.88168478012085,-5.599999904632568
1763595418394,35.19330205374238,-97.43798472967589,327.172651528126,4.867854595184326,-26.200000762939453
1763595418394,35.19330096129141,-97.43798712388363,327.1792412905218,4.8594207763671875,-34.599998474121094
1763595419394,35.193296930641466,-97.43799053293807,327.1129310904928,4.836736679077148,-41.20000076293945
1763595419394,35.193296380317115,-97.43799172038769,327.1157462370538,4.8282976150512695,-41.29999923706055
1763595419394,35.19329543797691,-97.43799390765271,327.1215249081787,4.819632530212402,-41.0
1763595419394,35.19329444469838,-97.43799634602352,327.1284174261078,4.799442291259766,-39.599998474121094
1763595419394,35.193293532285686,-97.43799865992105,327.13458071709346,4.780892848968506,-38.400001525878906
1763595419394,35.193292596801626,-97.43800104962746,327.1412654470921,4.764310836791992,-38.099998474121094
1763595419394,35.193291523333315,-97.4380037873873,327.14866671983293,4.733630180358887,-38.099998474121094
1763595419394,35.193290771131515,-97.43800567806554,327.1543433393962,4.710396766662598,-38.099998474121094
1763595419394,35.19328981793804,-97.43800807566619,327.16129416774197,4.683231353759766,-37.29999923706055
1763595419394,35.19328885461486,-97.43801053295547,327.1681389443589,4.6487860679626465,-35.099998474121094
1763595419394,35.19328793103531,-97.43801290477371,327.1747052546689,4.612131595611572,-32.5
1763595419394,35.19328701417394,-97.4380152762723,327.18126037206486,4.582226276397705,-29.299999237060547
1763595419394,35.193286250486096,-97.43801727150453,327.1861402716579,4.557093143463135,-26.899999618530273
1763595419394,35.193285366152885,-97.43801960041138,327.19178518582765,4.528948783874512,-24.600000381469727
1763595419394,35.19328446582882,-97.43802194563892,327.19775867772665,4.488525390625,-23.0
1763595419394,35.19328358245616,-97.43802426210702,327.2035730292188,4.439322471618652,-22.0
1763595419394,35.19328270506134,-97.43802653342965,327.2079077688622,4.378607273101807,-21.299999237060547
1763595419394,35.193281896349326,-97.43802863055626,327.21188525193116,4.298934459686279,-20.700000762939453
1763595419394,35.193281043638336,-97.4380308403489,327.21701466254416,4.207854270935059,-20.299999237060547
1763595419394,35.19328020823377,-97.43803301434662,327.22154271790686,4.066158771514893,-19.700000762939453
1763595420394,35.19327865035858,-97.43803443385777,327.21913557594917,3.8626601696014404,-18.899999618530273
1763595420394,35.19327823109255,-97.43803552682796,327.22121006263245,3.808093786239624,-18.700000762939453
1763595420394,35.193277495604576,-97.43803744093505,327.22585946656034,3.658226728439331,-18.399999618530273
1763595420394,35.193276875362805,-97.43803905530437,327.22920670780934,3.5352511405944824,-18.200000762939453
1763595420394,35.19327619484763,-97.43804083679755,327.2321922809616,3.3818790912628174,-18.100000381469727
1763595420394,35.193275549536395,-97.43804253913373,327.23539971218173,3.1969120502471924,-18.100000381469727
1763595420394,35.193274924230614,-97.43804418418917,327.238819948306,3.0395286083221436,-18.0
1763595420394,35.193274422025844,-97.4380455106465,327.2414042087591,2.9089062213897705,-18.0
1763595420394,35.1932738678768,-97.43804696443648,327.2453602976964,2.7653050422668457,-18.0
1763595420394,35.19327334491423,-97.43804835172374,327.24921781316345,2.6068756580352783,-17.899999618530273
1763595420394,35.19327284554174,-97.43804967392227,327.2525621784246,2.468581438064575,-17.899999618530273
1763595420394,35.19327239609099,-97.43805088165907,327.254604007981,2.318702459335327,-17.799999237060547
1763595420394,35.1932719555972,-97.43805205295448,327.25566799667905,2.1449902057647705,-17.799999237060547
1763595420394,35.193271551047054,-97.43805313229637,327.2565815995964,2.002882957458496,-17.799999237060547
1763595420394,35.19327116243897,-97.43805417286335,327.25776735571105,1.8570069074630737,-17.799999237060547
1763595420394,35.19327086787572,-97.43805497499015,327.25782721425986,1.7447688579559326,-17.799999237060547
1763595420394,35.19327054587501,-97.43805585178434,327.25788396454163,1.601496934890747,-17.799999237060547
1763595420394,35.19327023745301,-97.4380567176647,327.25750921791035,1.4434393644332886,-17.799999237060547
1763595420394,35.193269963087516,-97.43805746048653,327.2559224874263,1.3103781938552856,-17.700000762939453
1763595420394,35.193269703994105,-97.43805820420013,327.2549306021788,1.1635079383850098,-17.700000762939453
1763595420394,35.19326946411329,-97.43805886312701,327.25449915210027,1.0299421548843384,-17.600000381469727
1763595421394,35.193269820543215,-97.43805755056219,327.2314935644908,0.8988633155822754,-17.600000381469727
1763595421394,35.193269678520416,-97.43805792693392,327.2307810667239,0.7594237923622131,-17.600000381469727
1763595421394,35.19326954764253,-97.43805829266039,327.23009450669235,0.6592606902122498,-17.600000381469727
1763595421394,35.193269426368055,-97.43805864584947,327.2289579044593,0.567128598690033,-17.600000381469727
1763595421394,35.19326932941341,-97.4380589360756,327.22775397958566,0.47918665409088135,-17.600000381469727
1763595421394,35.193269254044694,-97.43805915868026,327.22687326475994,0.4059525728225708,-17.600000381469727
1763595421394,35.19326917931002,-97.43805935391342,327.22590999786934,0.34628942608833313,-17.600000381469727
1763595421394,35.19326912516447,-97.43805948715602,327.2240249400888,0.29941126704216003,-17.600000381469727
1763595421394,35.193269009214006,-97.43806003673737,327.17138212583626,0.14420223236083984,-17.600000381469727
1763595421394,35.193268888855556,-97.4380606170527,327.1094966998813,-0.033795300871133804,-17.600000381469727
1763595421394,35.19326881085547,-97.43806101456963,327.07062774897537,-0.10316802561283112,-17.600000381469727
1763595421394,35.1932688942768,-97.43806087832195,327.0637955744064,-0.09826815128326416,-17.600000381469727
1763595421394,35.193269007295335,-97.43806063335828,327.0794758173623,-0.06901021301746368,-17.700000762939453
1763595421394,35.19326909385661,-97.43806040112187,327.1059770759327,-0.036403048783540726,-17.799999237060547
1763595421394,35.193269114987174,-97.43806032690858,327.1301311230702,-0.011911604553461075,-17.899999618530273
1763595421394,35.19326913336623,-97.43806023575421,327.1466398431617,0.0019704897422343493,-17.899999618530273
1763595421394,35.19326914729898,-97.43806020053233,327.152607682409,0.00762114766985178,-17.899999618530273
1763595421394,35.193269162035264,-97.43806019732195,327.151860335095,0.007092706859111786,-17.899999618530273
1763595421394,35.19326920049744,-97.43806013382168,327.1534232814996,0.004793726373463869,-17.899999618530273
1763595422394,35.19326968990308,-97.4380590870434,327.1346181322975,0.00045315336319617927,-17.899999618530273
1763595422394,35.19326966196655,-97.43805915778198,327.1429780041454,-0.0002338796912226826,-17.899999618530273
1763595422394,35.19326962823523,-97.43805922442341,327.1507756220783,-0.0005322599899955094,-17.899999618530273
1763595422394,35.1932695579417,-97.43805936152957,327.16392689526174,-0.0005585960461758077,-17.899999618530273
1763595422394,35.19326950337507,-97.43805948411901,327.17558106655065,-0.0004063867963850498,-17.899999618530273
1763595422394,35.19326945140531,-97.43805960814355,327.18719825312337,-0.0002228969824500382,-17.899999618530273
1763595422394,35.19326937696943,-97.43805976098606,327.2002626418776,-7.979796646395698e-05,-17.899999618530273
1763595422394,35.19326927027708,-97.43805995354597,327.2142755497474,1.4606142940465361e-05,-17.899999618530273
1763595422394,35.19326918089416,-97.43806011236161,327.2254768105896,4.128599175601266e-05,-17.899999618530273
1763595422394,35.193269065311256,-97.43806030965834,327.2395715099175,4.053679367643781e-05,-17.899999618530273
1763595422394,35.1932689808751,-97.43806047793285,327.2476080340368,0.1409892737865448,-17.899999618530273
1763595422394,35.19326894293007,-97.43806057596817,327.2476287363365,0.29233118891716003,-17.899999618530273
1763595422394,35.19326889528489,-97.43806069726865,327.24776560066954,0.43085557222366333,-17.899999618530273
1763595422394,35.19326883917023,-97.43806083744522,327.24796072306816,0.5291083455085754,-17.899999618530273
1763595422394,35.19326877508961,-97.43806100029818,327.24834031231,0.6077548861503601,-17.899999618530273
1763595422394,35.19326870245476,-97.43806119853629,327.248919194561,0.6555331945419312,-17.899999618530273
1763595422394,35.19326862591719,-97.43806141063818,327.2495198360728,0.6944740414619446,-17.899999618530273
1763595422394,35.19326853797014,-97.43806164885872,327.25020243719763,0.7580130100250244,-17.899999618530273
1763595422394,35.19326843995281,-97.43806191608631,327.2510112060642,0.8247011303901672,-17.899999618530273
1763595423394,35.1932677510822,-97.43806403809708,327.2103607723583,0.9273505806922913,-17.899999618530273
1763595423394,35.19326768887119,-97.43806419985202,327.2107427031978,0.9546846747398376,-17.899999618530273
1763595423394,35.19326757995544,-97.43806450223128,327.21165585368794,1.0073899030685425,-17.899999618530273
1763595423394,35.19326743621616,-97.43806491101194,327.21301803605513,1.0791785717010498,-17.899999618530273
1763595423394,35.193267282706444,-97.43806535130442,327.21424777280885,1.1523557901382446,-17.899999618530273
1763595423394,35.19326711650436,-97.43806582810365,327.2156236041779,1.242013931274414,-17.899999618530273
1763595423394,35.19326692883935,-97.4380663609377,327.2170619117219,1.3138492107391357,-17.899999618530273
1763595423394,35.19326673748951,-97.43806690931419,327.21849032123254,1.3837636709213257,-17.899999618530273
1763595423394,35.19326656210134,-97.43806740837725,327.2197729094296,1.4397438764572144,-17.899999618530273
1763595423394,35.193266346801494,-97.43806803228257,327.2213029475005,1.512054681777954,-17.899999618530273
1763595423394,35.19326612589992,-97.43806867832903,327.2229178861579,1.582433819770813,-17.899999618530273
1763595423394,35.193265890855514,-97.43806936473878,327.2245724776987,1.6532564163208008,-17.899999618530273
1763595423394,35.193265641277435,-97.43807009414849,327.2264875006629,1.7222251892089844,-17.899999618530273
1763595423394,35.193265379991466,-97.43807085893748,327.22822111138544,1.8039355278015137,-17.899999618530273
1763595423394,35.193265160857756,-97.4380715063826,327.2298442071865,1.8582994937896729,-17.899999618530273
1763595423394,35.19326488600712,-97.4380723256771,327.2322190946875,1.9368159770965576,-17.899999618530273
1763595423394,35.19326459321602,-97.43807319788601,327.23487795740465,2.018399477005005,-17.899999618530273
1763595423394,35.1932642956721,-97.43807408098031,327.23771262850374,2.084182024002075,-17.899999618530273
1763595423394,35.19326398162353,-97.43807500999084,327.24053039494515,2.15268874168396,-17.899999618530273
1763595423394,35.19326363763937,-97.43807603350069,327.2432155787892,2.2239749431610107,-18.0
1763595423394,35.19326340535366,-97.43807672715594,327.2452194478662,2.264536142349243,-18.0
1763595424394,35.19326230465931,-97.43807994326187,327.19453262568254,2.3524668216705322,-18.0
1763595424394,35.1932619143512,-97.43808109927551,327.1976219717784,2.418116331100464,-18.0
1763595424394,35.1932615891196,-97.43808205903333,327.2002357736578,2.4737980365753174,-17.899999618530273
1763595424394,35.19326121291006,-97.43808318613857,327.20313633538836,2.5336496829986572,-17.899999618530273
1763595424394,35.19326082378419,-97.43808435133293,327.2062695318681,2.597193956375122,-17.799999237060547
1763595424394,35.19326042169308,-97.43808555851172,327.2095969768707,2.660654067993164,-17.899999618530273
1763595424394,35.193260003254274,-97.43808681520176,327.21325645384456,2.728161334991455,-17.899999618530273
1763595424394,35.193259571951245,-97.43808809957083,327.21684599833446,2.7862751483917236,-17.899999618530273
1763595424394,35.193259011312385,-97.43808979369844,327.22142737527895,2.8755979537963867,-17.899999618530273
1763595424394,35.19325872009976,-97.43809066852653,327.22418418458204,2.9115307331085205,-17.899999618530273
1763595424394,35.193258263270664,-97.43809205454006,327.22815358944365,2.972820520401001,-17.899999618530273
1763595424394,35.19325789162234,-97.43809318033044,327.2310162854816,3.021373987197876,-17.899999618530273
1763595424394,35.19325738905354,-97.4380947259445,327.2345615304586,3.083122491836548,-17.899999618530273
1763595424394,35.193256920444526,-97.43809617429999,327.2375896753873,3.1419460773468018,-18.100000381469727
1763595424394,35.19325643587103,-97.43809767495547,327.2408454190563,3.199082374572754,-18.5
1763595424394,35.19325596917979,-97.4380991107594,327.24427895885736,3.263564348220825,-19.0
1763595424394,35.19325545086748,-97.43810069181211,327.24740045858334,3.311065435409546,-19.299999237060547
1763595424394,35.19325497502899,-97.4381021493622,327.25115993255605,3.363084554672241,-19.700000762939453
1763595424394,35.193254432372115,-97.43810382195292,327.25496956136703,3.4308018684387207,-20.100000381469727
1763595424394,35.19325389326577,-97.43810547842419,327.25887816287934,3.4841599464416504,-20.600000381469727
1763595425394,35.193251846237644,-97.43811032419207,327.19024638189626,3.5307416915893555,-21.5
1763595425394,35.19325126087,-97.43811210937487,327.1936165711019,3.5765280723571777,-23.399999618530273
1763595425394,35.19325069556606,-97.43811384007022,327.1969771732717,3.614654541015625,-25.600000381469727
1763595425394,35.193250092568185,-97.43811569658658,327.2004418037744,3.670184373855591,-30.700000762939453
1763595425394,35.19324949645872,-97.438117531744,327.2030763291028,3.7165720462799072,-36.599998474121094
1763595425394,35.193248875434826,-97.43811948176027,327.2061203418012,3.7628695964813232,-44.0
1763595425394,35.193248372847535,-97.43812106227105,327.20846812636216,3.803720474243164,-50.70000076293945
1763595425394,35.19324772258971,-97.43812317510654,327.211314759477,3.8399956226348877,-59.70000076293945
1763595425394,35.193246871460424,-97.43812610291639,327.2147728594072,3.908838987350464,-77.0999984741211
1763595425394,35.19324656426522,-97.43812714855974,327.21684526428703,3.9207913875579834,-81.0999984741211
1763595425394,35.19324610530399,-97.43812881646753,327.21963709689663,3.941690444946289,-89.19999694824219
1763595425394,35.19324558568966,-97.43813086817084,327.2229870758871,3.9630818367004395,-99.30000305175781
1763595425394,35.1932450770962,-97.4381330125671,327.2261933236352,3.987354278564453,-110.30000305175781
1763595425394,35.1932446037522,-97.43813515166593,327.2294727712064,4.014801979064941,-117.9000015258789
1763595425394,35.19324422814243,-97.43813696920161,327.23230102956916,4.031534671783447,-123.4000015258789
1763595425394,35.19324383271632,-97.43813907346124,327.235461457871,4.0507307052612305,-129.5
1763595425394,35.19324345467362,-97.43814124083494,327.2385134511047,4.071367263793945,-134.89999389648438
1763595425394,35.193243107140596,-97.43814342165635,327.24184428517754,4.083570957183838,-140.5
1763595425394,35.193242787709366,-97.43814557920403,327.24486172849106,4.100712776184082,-146.10000610351562
1763595426394,35.19324165887906,-97.43815073046093,327.1792581712727,4.1291937828063965,-155.5
1763595426394,35.193241540014895,-97.43815168616405,327.180982330236,4.131555557250977,-156.6999969482422
1763595426394,35.193241296674024,-97.4381539985684,327.1835357936528,4.141064643859863,-163.60000610351562
1763595426394,35.193241091190636,-97.43815626817887,327.1860898880415,4.159294128417969,-170.60000610351562
1763595426394,35.19324091958501,-97.43815860276486,327.18893337481813,4.1798176765441895,-176.0
1763595426394,35.19324079275072,-97.43816090069028,327.19173409586256,4.1956658363342285,-179.89999389648438
1763595426394,35.19324069321452,-97.43816327943156,327.1944784091996,4.206410884857178,-181.5
1763595426394,35.19324064486087,-97.43816564863576,327.19676815500026,4.217391014099121,-181.10000610351562
1763595426394,35.193240640561214,-97.43816808757478,327.1989074496773,4.232816219329834,-178.10000610351562
1763595426394,35.19324066104084,-97.43817004041911,327.20124920489,4.249863624572754,-172.3000030517578
1763595426394,35.193240716248944,-97.4381724076557,327.2039154175796,4.264638423919678,-161.10000610351562
1763595426394,35.19324078817857,-97.43817477749576,327.2066736214576,4.275282859802246,-145.60000610351562
1763595426394,35.19324087277504,-97.4381771910354,327.2090604465076,4.279644966125488,-123.69999694824219
1763595426394,35.19324098814593,-97.43817975010946,327.2113425543665,4.296500205993652,-102.4000015258789
1763595426394,35.193241073932924,-97.43818179269995,327.2127314234838,4.304335117340088,-83.4000015258789
1763595426394,35.193241176528254,-97.43818426343076,327.2139502077267,4.314488410949707,-54.5
1763595426394,35.193241245405176,-97.43818673485036,327.21448269778307,4.322416305541992,-29.399999618530273
1763595426394,35.19324129381459,-97.43818916620492,327.2160230582976,4.327736854553223,-3.5
1763595426394,35.19324131405034,-97.43819167208724,327.21806526884234,4.33066463470459,23.5
1763595426394,35.19324132257934,-97.43819368994406,327.2202080870333,4.326771259307861,43.900001525878906
1763595427394,35.193241143733935,-97.43819804657852,327.1929381696719,4.310459136962891,85.0
1763595427394,35.19324117853698,-97.4381989902596,327.1965876589467,4.308701038360596,88.9000015258789
1763595427394,35.193241047831215,-97.4382013780703,327.20153572122825,4.29970121383667,106.9000015258789
1763595427394,35.19324083589711,-97.4382038089058,327.2069469034015,4.291519641876221,128.1999969482422
1763595427394,35.19324056606464,-97.43820615264798,327.21237130365995,4.280092239379883,144.10000610351562
1763595427394,35.19324029412448,-97.4382081677397,327.2172404578492,4.272482872009277,156.89999389648438
1763595427394,35.193239932409796,-97.4382104484256,327.2231850219424,4.268640995025635,166.5
1763595427394,35.19323952246405,-97.43821272855001,327.22940139441783,4.259127616882324,179.3000030517578
1763595427394,35.193239045728276,-97.4382150535855,327.23647851280737,4.24914026260376,192.6999969482422
1763595427394,35.193238530733765,-97.43821730120796,327.24330302143443,4.230706691741943,206.10000610351562
1763595427394,35.19323793980159,-97.43821959544871,327.25027288833303,4.210868835449219,219.39999389648438
1763595427394,35.193237311972574,-97.4382218101566,327.25737041758657,4.190841197967529,232.60000610351562
1763595427394,35.19323664502123,-97.43822396377715,327.2650349451099,4.17401647567749,244.0
1763595427394,35.19323600892569,-97.43822584084577,327.27219375572884,4.1566948890686035,255.1999969482422
1763595427394,35.193235234562685,-97.43822792192904,327.2800391095748,4.136873245239258,266.8999938964844
1763595427394,35.193234417620474,-97.43822999653852,327.2887714311318,4.124328136444092,276.0
1763595427394,35.19323352233936,-97.43823204618847,327.29768343585454,4.10342264175415,284.5
1763595427394,35.193232579151505,-97.43823406529378,327.30731474557444,4.08723258972168,291.5
1763595427394,35.193231550119975,-97.43823612096614,327.3175968822965,4.068719863891602,300.5
1763595427394,35.193230500703,-97.43823806919472,327.32752108056417,4.043233871459961,310.5
1763595427394,35.19322958908544,-97.4382396907739,327.33588518275786,4.021801471710205,316.29998779296875
1763595428394,35.19322490813648,-97.4382398454223,327.1822769877574,4.008724689483643,322.3999938964844
1763595428394,35.193223695108735,-97.43824154420506,327.18920194997247,3.9863836765289307,328.20001220703125
1763595428394,35.19322239588279,-97.43824323891455,327.19535519736803,3.9712536334991455,333.0
1763595428394,35.193221070552596,-97.43824488677215,327.2016892788639,3.955843925476074,335.70001220703125
1763595428394,35.1932197225526,-97.43824642703561,327.20830959396636,3.933913469314575,335.79998779296875
1763595428394,35.193218315012665,-97.43824791872674,327.21471348653887,3.922727108001709,335.20001220703125
1763595428394,35.193216882989454,-97.43824932797635,327.2210823917788,3.9116506576538086,333.70001220703125
1763595428394,35.19321571194631,-97.438250420837,327.22657314252365,3.9059033393859863,332.1000061035156
1763595428394,35.19321415491285,-97.43825179924224,327.23370229675146,3.9088897705078125,329.1000061035156
1763595428394,35.1932126280488,-97.43825307664767,327.24090353944615,3.9144701957702637,326.1000061035156
1763595428394,35.19321108346648,-97.43825431305939,327.24858771039396,3.915703058242798,323.3999938964844
1763595428394,35.19320950842743,-97.43825551960944,327.2563901282459,3.9195916652679443,321.3999938964844
1763595428394,35.19320792033833,-97.43825671146293,327.2649831276369,3.9295480251312256,320.6000061035156
1763595428394,35.193206330274904,-97.43825786339794,327.2736624734885,3.9330391883850098,320.6000061035156
1763595428394,35.1932047331498,-97.43825895043467,327.28305760391083,3.932138442993164,320.6000061035156
1763595428394,35.1932033708601,-97.4382598453959,327.29057504308946,3.938788652420044,320.6000061035156
1763595428394,35.19320172492427,-97.43826089485174,327.2982247500685,3.9442121982574463,320.6000061035156
1763595428394,35.19319990800621,-97.43826196491274,327.30641037804486,3.9530563354492188,320.6000061035156
1763595428394,35.19319822981137,-97.43826289724099,327.31437029262844,3.9525649547576904,320.5
1763595429394,35.19319555225193,-97.4382604188762,327.40854741850933,3.9559481143951416,320.3999938964844
1763595429394,35.19319500321806,-97.4382606703532,327.4108748965697,3.9582579135894775,320.3999938964844
1763595429394,35.19319325114943,-97.43826129723556,327.42063826772454,3.9564096927642822,320.1000061035156
1763595429394,35.19319147985055,-97.43826185916379,327.43013522793757,3.9529201984405518,319.5
1763595429394,35.19318967323588,-97.43826234033455,327.4400627318957,3.9567410945892334,318.6000061035156
1763595429394,35.19318788230476,-97.43826275122183,327.4503074612895,3.9650990962982178,317.29998779296875
1763595429394,35.19318608016291,-97.43826310872879,327.460930095005,3.9683291912078857,316.5
1763595429394,35.19318455210857,-97.43826338188113,327.46948834924285,3.9687659740448,316.1000061035156
1763595429394,35.19318270118406,-97.43826365072373,327.47934690547424,3.9691028594970703,316.0
1763595429394,35.19318090546512,-97.43826385758409,327.48855738490096,3.972292900085449,316.0
1763595429394,35.19317905100332,-97.43826404749544,327.49767433013295,3.975818634033203,316.0
1763595429394,35.19317725826125,-97.43826416648359,327.5062964985151,3.9675185680389404,316.0
1763595429394,35.19317544833732,-97.43826419961978,327.5152526517344,3.964796781539917,315.8999938964844
1763595429394,35.19317390034777,-97.43826416885167,327.5225417439579,3.9631173610687256,315.5
1763595429394,35.19317205797556,-97.43826406574917,327.531511841114,3.95748233795166,314.0
1763595429394,35.19317026657292,-97.43826391077444,327.53954042235216,3.9596786499023438,310.70001220703125
1763595429394,35.19316847678808,-97.43826370697786,327.5474417216103,3.963210105895996,304.1000061035156
1763595429394,35.19316665630586,-97.43826343217007,327.5557843718342,3.9680371284484863,295.79998779296875
1763595429394,35.193164855626215,-97.43826312375924,327.5637002090799,3.9724504947662354,282.29998779296875
1763595429394,35.19316305581718,-97.43826275741327,327.5719227094364,3.981745481491089,262.6000061035156
1763595429394,35.193161537065976,-97.43826241157653,327.57963729241635,3.983922243118286,243.5
1763595430394,35.19315875787526,-97.43826051899255,327.61115279156775,3.982297897338867,227.3000030517578
1763595430394,35.19315694443912,-97.43826000278553,327.62001826819943,3.981513261795044,206.1999969482422
1763595430394,35.19315515943595,-97.438259490957,327.6275217440408,3.979552984237671,178.0
1763595430394,35.19315326945768,-97.43825896769086,327.63448024873594,3.9809770584106445,155.6999969482422
1763595430394,35.193151427849294,-97.4382584757972,327.640627637795,3.9815616607666016,133.6999969482422
1763595430394,35.193149893881014,-97.43825809704337,327.64544875673533,3.987025022506714,113.30000305175781
1763595430394,35.193148163028795,-97.43825768390964,327.65139910464586,3.9871835708618164,86.5999984741211
1763595430394,35.19314633857694,-97.43825727098532,327.65734661141505,3.9903435707092285,57.599998474121094
1763595430394,35.193144518024674,-97.43825693324054,327.66303901757533,3.9907257556915283,17.0
1763595430394,35.19314255852469,-97.43825659539323,327.6703340435706,3.9966647624969482,-5.900000095367432
1763595430394,35.19314066147271,-97.4382563008543,327.67886755766045,3.99542236328125,-33.0
1763595430394,35.19313831192011,-97.43825595657245,327.68692212373617,3.988579511642456,-63.70000076293945
1763595430394,35.19313705876465,-97.43825576123945,327.6898841705394,3.981982707977295,-82.69999694824219
1763595430394,35.193135605209484,-97.43825561579888,327.6929886930651,3.9819705486297607,-100.5999984741211
1763595430394,35.193133794038,-97.43825543107086,327.700724052894,3.990605592727661,-122.30000305175781
1763595430394,35.19313200303624,-97.43825532952737,327.70872377655,3.997793436050415,-143.0
1763595430394,35.19313019334046,-97.43825535979622,327.71606788955535,3.9923927783966064,-162.5
1763595430394,35.193128308128784,-97.43825549390785,327.72271690534177,3.981484889984131,-185.39999389648438
1763595430394,35.193126948365304,-97.4382556273248,327.72753578386204,3.9719433784484863,-200.39999389648438
1763595430394,35.19312522573555,-97.43825586962106,327.73237602995005,3.9602982997894287,-219.1999969482422
1763595431394,35.193122928012116,-97.43825724150018,327.69328234665,3.9537789821624756,-238.5
1763595431394,35.193121352887125,-97.43825758415005,327.69667478343405,3.942546844482422,-257.70001220703125
1763595431394,35.1931195894491,-97.43825807008015,327.70253853223704,3.93723726272583,-275.20001220703125
1763595431394,35.19311791219978,-97.43825862711229,327.708315805839,3.9374008178710938,-291.20001220703125
1763595431394,35.19311627098193,-97.43825926642755,327.71424695883405,3.936056613922119,-305.5
1763595431394,35.193114921349924,-97.43825987305294,327.7194698795836,3.9324355125427246,-318.20001220703125
1763595431394,35.193113337423846,-97.43826070015012,327.72537164395425,3.910619020462036,-331.3999938964844
1763595431394,35.19311176251664,-97.43826163629865,327.7316808977723,3.892503023147583,-341.1000061035156
1763595431394,35.193110277945884,-97.4382626282622,327.73764535743425,3.8751535415649414,-351.5
1763595431394,35.19310903056879,-97.43826353736132,327.74275582773146,3.866318464279175,-357.8999938964844
1763595431394,35.193107626675335,-97.43826466249567,327.74901085887296,3.8586833477020264,-363.79998779296875
1763595431394,35.193106287624595,-97.43826582857777,327.75633361197913,3.848071336746216,-370.1000061035156
1763595431394,35.193104923930576,-97.43826711072197,327.76460082808416,3.827786922454834,-374.70001220703125
1763595431394,35.19310365340174,-97.43826841258797,327.77153407924726,3.8154165744781494,-380.6000061035156
1763595431394,35.19310242206581,-97.43826975737501,327.7789410470167,3.8115482330322266,-386.0
1763595431394,35.19310123904039,-97.43827116270852,327.78667574232634,3.806414842605591,-391.20001220703125
1763595431394,35.193100268031955,-97.43827238520743,327.79370245042605,3.798246145248413,-394.79998779296875
1763595431394,35.19309915637767,-97.4382738963243,327.80151876745305,3.785918712615967,-398.20001220703125
1763595431394,35.19309809989506,-97.43827542489875,327.80867707653505,3.777848243713379,-400.5
1763595431394,35.193097070248136,-97.43827704014795,327.8164209296919,3.7752151489257812,-401.29998779296875
1763595432394,35.193096072261355,-97.43827934795857,327.8061486070041,3.7636168003082275,-401.70001220703125
1763595432394,35.1930952685229,-97.43828080355493,327.8136789737408,3.7564752101898193,-401.8999938964844
1763595432394,35.19309408271149,-97.43828328641722,327.8235313908203,3.7677652835845947,-402.20001220703125
1763595432394,35.19309347887247,-97.43828452394335,327.8292063888187,3.7749409675598145,-402.20001220703125
1763595432394,35.19309279889811,-97.43828606716929,327.83587782397746,3.777878999710083,-402.20001220703125
1763595432394,35.19309207647131,-97.43828791861102,327.8428440087091,3.7798471450805664,-402.20001220703125
1763595432394,35.19309140106838,-97.43828976658595,327.85040427739347,3.780731201171875,-402.20001220703125
1763595432394,35.1930907064183,-97.43829198465438,327.85837235827967,3.7927353382110596,-402.20001220703125
1763595432394,35.19309018723764,-97.43829353987176,327.865192424397,3.8030285835266113,-402.20001220703125
1763595432394,35.19308957190851,-97.43829561194852,327.87287394733676,3.8107869625091553,-402.20001220703125
1763595432394,35.19308902779284,-97.43829764051509,327.8799740512703,3.816495418548584,-402.20001220703125
1763595432394,35.19308858273273,-97.43829970506833,327.88588499574286,3.823637008666992,-402.20001220703125
1763595432394,35.19308828133906,-97.43830130378082,327.88940797302314,3.828418493270874,-402.20001220703125
1763595432394,35.19308799516353,-97.43830348591439,327.8940150546433,3.8427040576934814,-402.20001220703125
1763595432394,35.193087772546,-97.43830553088411,327.89921239020265,3.8544490337371826,-402.20001220703125
1763595432394,35.19308762070201,-97.43830763804746,327.9040964385357,3.8562114238739014,-402.20001220703125
1763595432394,35.19308751256035,-97.4383097359784,327.9091137282087,3.8625500202178955,-402.20001220703125
1763595432394,35.19308742265849,-97.43831191348669,327.9142972759373,3.866624593734741,-402.20001220703125
1763595432394,35.19308744171354,-97.43831407023394,327.91919493876486,3.870032787322998,-402.20001220703125
1763595433394,35.19308394778189,-97.43832096253428,327.8555688128531,3.8799774646759033,-402.20001220703125
1763595433394,35.19308402288279,-97.43832215786901,327.8573438845443,3.885502338409424,-402.20001220703125
1763595433394,35.193084186899334,-97.43832402729902,327.86079997176677,3.891373634338379,-402.20001220703125
1763595433394,35.19308441845103,-97.43832629259606,327.864957199825,3.903491735458374,-402.20001220703125
1763595433394,35.193084712060205,-97.43832852466167,327.86986486480606,3.909658670425415,-402.20001220703125
1763595433394,35.19308507099177,-97.43833078428514,327.87471245935143,3.9133481979370117,-402.20001220703125
1763595433394,35.19308544575256,-97.43833302492713,327.88039815339096,3.9103455543518066,-402.20001220703125
1763595433394,35.1930858924169,-97.43833524563593,327.88480438883806,3.9075286388397217,-402.20001220703125
1763595433394,35.193086318447335,-97.43833707775825,327.88657641968376,3.914971113204956,-402.29998779296875
1763595433394,35.19308688970149,-97.43833924604122,327.8897816903925,3.916818141937256,-402.29998779296875
1763595433394,35.193087577039904,-97.43834155849014,327.89265338790244,3.9191477298736572,-402.29998779296875
1763595433394,35.19308824543597,-97.43834369266318,327.8938834411764,3.920413017272949,-402.29998779296875
1763595433394,35.19308882364885,-97.43834544873818,327.8943136439329,3.920576810836792,-402.29998779296875
1763595433394,35.193089704452795,-97.43834770472859,327.8969630276093,3.9298312664031982,-402.3999938964844
1763595433394,35.193090558090745,-97.43834973538685,327.89938931810116,3.9408199787139893,-402.3999938964844
1763595433394,35.19309131217088,-97.4383514198108,327.90164401100503,3.944239377975464,-402.3999938964844
1763595433394,35.19309246096548,-97.43835370480714,327.9069865239924,3.9457266330718994,-402.3999938964844
1763595433394,35.193093264412255,-97.43835530110948,327.9099782379955,3.94608211517334,-402.3999938964844
1763595433394,35.193094308715956,-97.43835719218046,327.9131696551981,3.9492411613464355,-402.5
1763595433394,35.19309539038206,-97.43835900946327,327.9165494591509,3.9467720985412598,-402.5
1763595433394,35.19309656549703,-97.43836081550413,327.92006947159535,3.945028305053711,-402.5
1763595434394,35.19309928273459,-97.43836256059012,327.8874214456382,3.9458513259887695,-402.5
1763595434394,35.1931006117828,-97.43836422276883,327.8912175596016,3.955451726913452,-402.20001220703125
1763595434394,35.193102033521214,-97.43836586316618,327.89488624249924,3.9606900215148926,-401.29998779296875
1763595434394,35.193103501372576,-97.43836744148226,327.89942577078364,3.9540374279022217,-399.5
1763595434394,35.19310480197714,-97.4383687533903,327.903615541036,3.9458999633789062,-396.8999938964844
1763595434394,35.1931063187576,-97.43837015678973,327.90870925721254,3.935526132583618,-391.70001220703125
1763595434394,35.1931078961943,-97.43837154142939,327.9126602410664,3.9348607063293457,-382.5
1763595434394,35.19310949088569,-97.43837287922277,327.9155355071533,3.930917263031006,-368.79998779296875
1763595434394,35.19311115816859,-97.43837416624318,327.9191641681349,3.9268720149993896,-347.79998779296875
1763595434394,35.19311286948683,-97.43837539961535,327.92217852904224,3.9333484172821045,-327.8999938964844
1763595434394,35.19311426875085,-97.43837637996253,327.92461358231543,3.9407317638397217,-306.20001220703125
1763595434394,35.1931159358936,-97.43837752697856,327.9268739826471,3.958049774169922,-286.0
1763595434394,35.193117659605434,-97.43837870417926,327.9286803985432,3.9660987854003906,-264.8999938964844
1763595434394,35.19311927960835,-97.43837981383497,327.9294623927883,3.9743947982788086,-246.10000610351562
1763595434394,35.19312097749015,-97.43838098409147,327.9298190581488,3.985262393951416,-220.89999389648438
1763595434394,35.19312266756974,-97.43838217483166,327.9293565214934,3.999826431274414,-193.10000610351562
1763595434394,35.193124235863785,-97.4383833212181,327.9286394115066,4.013666152954102,-165.10000610351562
1763595434394,35.19312598008052,-97.43838459595095,327.92730260448417,4.025126934051514,-135.8000030517578
1763595434394,35.19312778124353,-97.43838592858901,327.9254795810735,4.038906574249268,-104.0
1763595435394,35.193129332783464,-97.43838508107909,327.8613056584891,4.06227970123291,-76.80000305175781
1763595435394,35.19313023481369,-97.43838574668348,327.85963722294895,4.0759663581848145,-55.70000076293945
1763595435394,35.19313195972717,-97.43838705783254,327.85863596204126,4.096574783325195,-26.200000762939453
1763595435394,35.1931336333058,-97.43838834066752,327.8563842278747,4.115147590637207,2.299999952316284
1763595435394,35.19313526707836,-97.43838961657818,327.85383726800893,4.123289108276367,23.200000762939453
1763595435394,35.193136723789756,-97.43839073813332,327.8509870024312,4.140351295471191,45.400001525878906
1763595435394,35.19313834585257,-97.43839204657414,327.8470653112543,4.152958393096924,65.19999694824219
1763595435394,35.193139960808665,-97.43839341833457,327.8454218585359,4.1538920402526855,86.80000305175781
1763595435394,35.193141418591495,-97.43839474537249,327.8432160666297,4.15310001373291,100.4000015258789
1763595435394,35.19314294726895,-97.43839623861754,327.84156073549366,4.161747932434082,117.0999984741211
1763595435394,35.193144462678596,-97.43839782008106,327.84121221705067,4.173056602478027,133.10000610351562
1763595435394,35.193145964188325,-97.43839944037057,327.8403068923377,4.180202960968018,150.1999969482422
1763595435394,35.193147209041285,-97.43840087110912,327.83952363371316,4.1847004890441895,163.3000030517578
1763595435394,35.193148624602856,-97.4384025843047,327.8387972934354,4.193784713745117,174.89999389648438
1763595435394,35.19314989976532,-97.43840418401209,327.83822166383857,4.198578357696533,183.3000030517578
1763595435394,35.193151253072394,-97.43840598256652,327.83828240782464,4.203381538391113,194.39999389648438
1763595435394,35.19315254125282,-97.4384077815227,327.83811645650275,4.210870265960693,205.60000610351562
1763595435394,35.19315382842204,-97.43840968406927,327.83855994119415,4.2129058837890625,216.89999389648438
1763595435394,35.19315506756052,-97.43841163459746,327.83903447809126,4.205604076385498,230.39999389648438
1763595435394,35.19315622598974,-97.43841357389499,327.8394393861921,4.2008585929870605,241.10000610351562
1763595436394,35.19315493958549,-97.43841700824457,327.78408100225374,4.183298587799072,256.3999938964844
1763595436394,35.19315580008881,-97.43841874949096,327.7852634395515,4.1807122230529785,258.20001220703125
1763595436394,35.193156759370716,-97.43842087889992,327.78608924540697,4.1708502769470215,267.1000061035156
1763595436394,35.193157661958224,-97.43842306722381,327.7867120394054,4.153050899505615,276.29998779296875
1763595436394,35.19315849959379,-97.43842528085405,327.7875784941024,4.131063461303711,285.0
1763595436394,35.19315926866599,-97.43842749258917,327.7886124820432,4.1013922691345215,293.5
1763595436394,35.19315989095004,-97.4384294270171,327.7901821823215,4.082026481628418,298.29998779296875
1763595436394,35.19316055942451,-97.43843172975541,327.79185019340315,4.058676242828369,303.3999938964844
1763595436394,35.193161154517284,-97.4384340119315,327.7938376001654,4.04423189163208,307.6000061035156
1763595436394,35.1931616913997,-97.4384363129544,327.7964550462959,4.024681568145752,310.5
1763595436394,35.19316216534508,-97.43843861185336,327.7991386009924,3.997682809829712,311.29998779296875
1763595436394,35.19316252265393,-97.43844059190504,327.80155357953106,3.978131055831909,311.0
1763595436394,35.19316288939284,-97.43844292297041,327.80479975666464,3.9677984714508057,310.0
1763595436394,35.19316320480406,-97.43844528107594,327.80819289465245,3.9613561630249023,308.79998779296875
1763595436394,35.19316347058798,-97.43844763135141,327.81207359211754,3.9536147117614746,307.20001220703125
1763595436394,35.193163689564685,-97.43844996417445,327.81667311933603,3.9426116943359375,305.29998779296875
1763595436394,35.19316384041895,-97.43845193150825,327.82103881452144,3.934194564819336,303.6000061035156
1763595436394,35.19316397806166,-97.43845425478743,327.82665409516756,3.918560743331909,301.29998779296875
1763595436394,35.19316407471035,-97.43845656938508,327.83150980823166,3.898064613342285,297.79998779296875
1763595436394,35.19316413233545,-97.43845885938129,327.83637752773933,3.878828287124634,293.79998779296875
1763595437394,35.19316257903584,-97.43846038704882,327.7850170065441,3.8465285301208496,282.8999938964844
1763595437394,35.19316254855834,-97.43846123047749,327.78801874910727,3.8435275554656982,281.1000061035156
1763595437394,35.193162436357184,-97.43846342539486,327.79327213204544,3.816352605819702,269.79998779296875
1763595437394,35.19316231358691,-97.43846531373924,327.7982131185565,3.7935662269592285,262.70001220703125
1763595437394,35.19316214335056,-97.43846748586338,327.8040539208124,3.7711880207061768,253.6999969482422
1763595437394,35.193161952640494,-97.43846965535003,327.8103794943238,3.7430336475372314,242.89999389648438
1763595437394,35.19316175059393,-97.4384717585402,327.81724141503764,3.7237091064453125,233.6999969482422
1763595437394,35.193161526464635,-97.43847390296713,327.8243621368042,3.7004244327545166,222.8000030517578
1763595437394,35.19316129627376,-97.4384760019837,327.8315294144963,3.6747734546661377,210.3000030517578
1763595437394,35.193161089851394,-97.43847777154149,327.83775387356036,3.654296636581421,199.5
1763595437394,35.19316084090723,-97.4384798324239,327.84495948013387,3.6269030570983887,185.10000610351562
1763595437394,35.19316058388931,-97.43848186568395,327.8525812125599,3.5981695652008057,168.1999969482422
1763595437394,35.19316032435008,-97.4384839183989,327.86056206694855,3.580014944076538,156.10000610351562
1763595437394,35.1931600678761,-97.43848594529999,327.8692042501337,3.5564794540405273,143.60000610351562
1763595437394,35.19315981812063,-97.43848792630624,327.8771979971009,3.527757167816162,130.1999969482422
1763595437394,35.193159570492725,-97.43848992865735,327.8853383988641,3.5053763389587402,115.9000015258789
1763595437394,35.193159372510195,-97.43849159794199,327.89276654281946,3.4886279106140137,104.0999984741211
1763595437394,35.193159154223636,-97.43849351768249,327.8998255432205,3.4644179344177246,89.19999694824219
1763595437394,35.19315894952692,-97.43849546613252,327.9072097444697,3.448105812072754,73.19999694824219
1763595437394,35.19315874429337,-97.43849743065313,327.91457181033115,3.4242591857910156,56.400001525878906
1763595437394,35.19315855022329,-97.43849939230273,327.9216128575479,3.385608196258545,46.5
1763595438394,35.19315765416107,-97.43850059243795,327.87534859122735,3.3395280838012695,40.5
1763595438394,35.193157472395164,-97.43850243684277,327.8811780862785,3.3069944381713867,37.400001525878906
1763595438394,35.193157302867846,-97.43850429758551,327.88789679809247,3.2440662384033203,33.599998474121094
1763595438394,35.19315720190409,-97.43850578791681,327.89205299271686,3.166048288345337,29.299999237060547
1763595438394,35.19315709049153,-97.43850748961268,327.8971570703751,3.067885398864746,24.899999618530273
1763595438394,35.19315698261818,-97.43850916722728,327.90199328743176,2.952298164367676,21.399999618530273
1763595438394,35.19315686789975,-97.43851078076356,327.9059468576085,2.797560930252075,19.0
1763595438394,35.19315679774233,-97.43851226063401,327.9080299778571,2.6680943965911865,17.600000381469727
1763595438394,35.193156740629206,-97.43851375069926,327.9112792101368,2.5371041297912598,16.899999618530273
1763595438394,35.19315666689151,-97.43851519803634,327.914742583334,2.407946825027466,16.399999618530273
1763595438394,35.19315658702701,-97.43851651894737,327.9179966377843,2.3049333095550537,16.399999618530273
1763595438394,35.193156508586526,-97.43851779568357,327.9211324926905,2.141078233718872,16.299999237060547
1763595438394,35.19315642363713,-97.43851898943569,327.92385834548486,2.005274772644043,16.299999237060547
1763595438394,35.193156361981245,-97.43851988157881,327.92556212049413,1.9074175357818604,16.299999237060547
1763595438394,35.193156281316305,-97.4385209998444,327.9279396725888,1.772857666015625,16.299999237060547
1763595438394,35.193156206460415,-97.43852188471018,327.9287633710358,1.6608048677444458,16.299999237060547
1763595438394,35.19315613530944,-97.43852284370615,327.92974956104086,1.4782568216323853,16.399999618530273
1763595438394,35.193156068577146,-97.43852370367429,327.9299488459966,1.3408962488174438,16.700000762939453
1763595438394,35.193156017889606,-97.43852448957828,327.9301947590949,1.2090964317321777,16.799999237060547
1763595438394,35.19315597558261,-97.43852521200635,327.9301558249077,1.0964845418930054,16.799999237060547
1763595439394,35.193156076816564,-97.43852382300057,327.9132824936375,0.9707779884338379,16.799999237060547
1763595439394,35.193156045272474,-97.43852434748253,327.9145620494661,0.8390151262283325,16.799999237060547
1763595439394,35.1931560189108,-97.43852480199078,327.9147266602153,0.7428225874900818,16.799999237060547
1763595439394,35.19315599448718,-97.43852518971514,327.91481518515656,0.600935161113739,16.799999237060547
1763595439394,35.19315597851275,-97.43852552932786,327.91394815372473,0.5133522152900696,16.799999237060547
1763595439394,35.19315596622497,-97.43852583406876,327.9128720051307,0.39320582151412964,16.799999237060547
1763595439394,35.19315595955817,-97.43852606953276,327.91130433283945,0.3141724467277527,16.799999237060547
1763595439394,35.193155957243846,-97.43852624755887,327.90926279683475,0.14183782041072845,16.799999237060547
1763595439394,35.19315625575412,-97.43852731606502,327.8741293628739,-0.02289922907948494,16.799999237060547
1763595439394,35.193156380738316,-97.43852760757478,327.8619745193157,-0.11043032258749008,16.799999237060547
1763595439394,35.19315633704882,-97.43852735682378,327.8668069649128,-0.11529089510440826,16.799999237060547
1763595439394,35.19315625596993,-97.43852701950827,327.8815233115107,-0.08363167941570282,16.799999237060547
1763595439394,35.193156189702044,-97.43852669831738,327.89401688366365,-0.038917142897844315,16.799999237060547
1763595439394,35.19315612517837,-97.43852646508846,327.90186533776483,-0.016260607168078423,16.700000762939453
1763595439394,35.19315610791041,-97.43852639728219,327.90194667263466,0.0010062367655336857,16.5
1763595439394,35.19315611504537,-97.43852645992412,327.89679882300175,0.008556418120861053,16.399999618530273
1763595439394,35.193156143483584,-97.43852655097069,327.89107221403145,0.00836276262998581,16.399999618530273
1763595439394,35.19315616592865,-97.43852659102124,327.8891580429242,0.005834422539919615,16.399999618530273
1763595439394,35.1931561680987,-97.43852652808754,327.8924020071988,0.0030544281471520662,16.399999618530273
1763595440394,35.19315645290373,-97.43852694545383,327.8601674809987,-0.00032385694794356823,16.399999618530273
1763595440394,35.19315645977646,-97.43852693669989,327.8574197027217,-0.0006275215419009328,16.399999618530273
1763595440394,35.19315647367971,-97.43852694799017,327.8550310860004,-0.0006312021287158132,16.399999618530273
1763595440394,35.193156495358046,-97.43852694074168,327.85332242857527,-0.00044813702697865665,16.399999618530273
1763595440394,35.193156505247,-97.43852694873885,327.8528468001661,-0.00023933523334562778,16.399999618530273
1763595440394,35.19315650324654,-97.4385269326429,327.85213352802407,-8.068171155173331e-05,16.399999618530273
1763595440394,35.193156496822816,-97.43852692340076,327.85299002162276,1.0274743544869125e-05,16.399999618530273
1763595440394,35.193156479623504,-97.43852691062389,327.85348374934546,4.588524825521745e-05,16.399999618530273
1763595440394,35.19315647744597,-97.4385268978715,327.85210222941106,4.7582299885107204e-05,16.399999618530273
1763595440394,35.19315648484841,-97.43852689737325,327.85133738729377,3.438488420215435e-05,16.399999618530273
1763595440394,35.19315649288909,-97.43852688872306,327.8508372487893,1.8724234905675985e-05,16.399999618530273
1763595440394,35.19315649747374,-97.43852687504038,327.84979035569364,8.62204615259543e-06,16.399999618530273
1763595440394,35.19315650029331,-97.43852686499078,327.85056965093196,5.535341642826097e-07,16.399999618530273
1763595440394,35.19315650025353,-97.43852685333576,327.8508591885408,-3.344276592542883e-06,16.399999618530273
1763595440394,35.193156503287724,-97.4385268373739,327.85026290337487,-3.5823181860905606e-06,16.399999618530273
1763595440394,35.19315650227596,-97.43852683070982,327.8498023819364,-2.6355451154813636e-06,16.399999618530273
1763595440394,35.193156499905385,-97.43852682281332,327.84901923526604,-1.6866009673321969e-06,16.399999618530273
1763595440394,35.19315649513724,-97.43852681251289,327.8478702608747,-6.925300226612308e-07,16.399999618530273
1763595440394,35.193156492324405,-97.43852679899574,327.84687837725676,-6.792745921302412e-08,16.399999618530273
1763595441394,35.19315673315153,-97.43852770975882,327.79273044206883,2.7549296532924927e-07,16.399999618530273
1763595441394,35.19315673450528,-97.43852769866703,327.7923760314176,2.1871510114124249e-07,16.399999618530273
1763595441394,35.19315673950438,-97.43852769356162,327.79217387913303,1.1409736089262879e-07,16.399999618530273
1763595441394,35.193156740524365,-97.43852768281937,327.7915260688679,5.54451773382425e-08,16.399999618530273
1763595360394,35.19317932071851,-97.438480687324,322.59861818649694,1.3224337623210226e-16,0.4000000059604645
1763595360394,35.19317931870319,-97.43848069250157,322.59831099569254,9.586626252795565e-17,0.4000000059604645
1763595360394,35.19317931850888,-97.4384806904215,322.59786390399324,2.6275544358979634e-17,0.4000000059604645
1763595360394,35.19317931940756,-97.43848069112224,322.5974202278291,2.8639352339283126e-18,0.4000000059604645
1763595360394,35.19317931237739,-97.43848069458159,322.59701592079887,-1.122365308098496e-17,0.4000000059604645
1763595360394,35.1931792935323,-97.43848071020962,322.59701209156503,-1.3997699218132594e-17,0.4000000059604645
1763595360394,35.1931792667175,-97.4384807202977,322.5972247255958,-1.1804899662536171e-17,0.4000000059604645
1763595360394,35.193179233740366,-97.43848073042982,322.59760796909853,-6.536409738125158e-18,0.4000000059604645
1763595360394,35.193179181796346,-97.43848074575446,322.59818448608013,-2.731593366955035e-18,0.4000000059604645
1763595360394,35.193179145590754,-97.43848076061694,322.5985562857877,-3.17249174868528e-19,0.4000000059604645
1763595360394,35.193179114983984,-97.43848076636341,322.5988457322321,8.005651457659449e-19,0.4000000059604645
1763595361394,35.19317828897694,-97.4384795368003,322.7253041258854,1.0237373376594095e-18,0.4000000059604645
1763595361394,35.193178269030376,-97.43847952374651,322.72554515530663,8.385497447834745e-19,0.4000000059604645
1763595361394,35.19317824060233,-97.43847947961059,322.7258981641969,5.073340130129008e-19,0.5
1763595361394,35.19317821250192,-97.43847945856106,322.7262002537395,2.1831914908901014e-19,0.4000000059604645
1763595361394,35.193178183773725,-97.43847940766511,322.72656149155256,3.1758113278810316e-20,0.4000000059604645
1763595361394,35.19317816707138,-97.438479361343,322.7269494529975,-5.673633760205777e-20,0.4000000059604645
1763595361394,35.1931781426104,-97.43847929157063,322.72750892108184,-7.771149243668875e-20,0.4000000059604645
1763595361394,35.19317811579977,-97.43847921916606,322.7280268536362,-6.388582119506698e-20,0.4000000059604645
1763595361394,35.19317809897518,-97.43847913493691,322.7286855957583,-3.932936851134207e-20,0.5
1763595361394,35.19317809353199,-97.43847903859327,322.72950688494177,0.20102590322494507,0.4000000059604645
1763595361394,35.193178118595604,-97.43847893510947,322.7298182994368,0.37315887212753296,0.4000000059604645
1763595361394,35.19317814962235,-97.43847881491732,322.72999476665893,0.45818743109703064,0.4000000059604645
1763595361394,35.193178184531504,-97.4384786688976,322.73049097340686,0.5142470598220825,0.4000000059604645
1763595361394,35.19317822113577,-97.43847851314182,322.73059591419496,0.5434635877609253,0.4000000059604645
1763595361394,35.19317826062759,-97.43847834990989,322.730899728192,0.5671652555465698,0.4000000059604645
