unix_ms,latitude,longitude,altitude_m,speed_mps,steeringAngleDegree
1763595652401,35.19317667344737,-97.43852755952574,335.5047301975253,0.9654672145843506,-96.5
1763595652401,35.19317672381073,-97.43852767797567,335.5044653808355,0.97159743309021,-95.5999984741211
1763595652401,35.19317689816155,-97.43852814802244,335.5052556833612,0.999617338180542,-90.9000015258789
1763595652401,35.19317707770884,-97.43852861498895,335.50601122082264,1.0266056060791016,-85.69999694824219
1763595652401,35.19317727416893,-97.4385291126679,335.50664788479025,1.045810341835022,-81.0999984741211
1763595652401,35.19317747705515,-97.43852961890565,335.50744534918886,1.0737773180007935,-73.5999984741211
1763595652401,35.1931776871522,-97.43853011864255,335.5083987252483,1.0988980531692505,-66.9000015258789
1763595652401,35.193177918505164,-97.43853065998792,335.5089842576249,1.1263647079467773,-59.20000076293945
1763595652401,35.193178141846055,-97.43853119131515,335.50963337292796,1.1506435871124268,-51.5
1763595652401,35.193178368810024,-97.43853172060804,335.51038432530345,1.1747111082077026,-44.099998474121094
1763595652401,35.193178594163044,-97.43853221940893,335.51131228799386,1.1944520473480225,-38.20000076293945
1763595652401,35.19317883520843,-97.43853275338584,335.5120790415036,1.2184545993804932,-31.200000762939453
1763595652401,35.193179095572724,-97.4385333482343,335.5124301712054,1.2449042797088623,-24.600000381469727
1763595652401,35.19317934178329,-97.43853392655514,335.5130299540102,1.270279049873352,-18.5
1763595652401,35.19317957861233,-97.4385345207822,335.51382218306713,1.3007709980010986,-12.399999618530273
1763595652401,35.19317982965345,-97.43853511245987,335.5143236768817,1.325269103050232,-8.399999618530273
1763595652401,35.19318010482115,-97.43853575776888,335.5144692708555,1.3471676111221313,-5.300000190734863
1763595652401,35.19318038506579,-97.43853642241555,335.51559267961227,1.36789870262146,-3.200000047683716
1763595652401,35.19318060916099,-97.43853697943844,335.515783543548,1.380718469619751,-2.0
1763595652401,35.193180880901885,-97.4385376400905,335.5162020720693,1.396248698234558,-1.2999999523162842
1763595653401,35.19317543593279,-97.4385423835928,335.0741765211585,1.4193726778030396,-1.5
1763595653401,35.19317547649874,-97.43854303619253,335.07462184633005,1.4334197044372559,-1.5
1763595653401,35.19317552803011,-97.43854381563781,335.0750965551132,1.453740119934082,-2.0
1763595653401,35.19317558774921,-97.43854459429816,335.0759581230634,1.472354769706726,-2.9000000953674316
1763595653401,35.193175656731945,-97.43854539744821,335.07731373302335,1.4957765340805054,-5.099999904632568
1763595653401,35.19317572782307,-97.43854618442955,335.0787922062926,1.5193217992782593,-10.300000190734863
1763595653401,35.19317579964519,-97.43854699768754,335.080030862958,1.5341053009033203,-17.0
1763595653401,35.19317586629831,-97.43854782776441,335.0805796622408,1.5504493713378906,-25.600000381469727
1763595653401,35.193175933969776,-97.43854863897059,335.08103521478273,1.5638607740402222,-33.400001525878906
1763595653401,35.19317600849932,-97.4385494923247,335.0819220579233,1.5798927545547485,-44.099998474121094
1763595653401,35.19317608887338,-97.43855034477079,335.0825245418299,1.5974578857421875,-57.29999923706055
1763595653401,35.193176168868014,-97.43855115465865,335.0832501636503,1.60943603515625,-67.80000305175781
1763595653401,35.19317626101186,-97.43855200298506,335.0839180653673,1.6179853677749634,-77.4000015258789
1763595653401,35.19317636061958,-97.43855284114024,335.0845286391518,1.6279290914535522,-86.0
1763595653401,35.19317647123756,-97.43855370745935,335.0848526826479,1.6389085054397583,-93.69999694824219
1763595653401,35.1931765850248,-97.43855454719821,335.08547787445485,1.6483020782470703,-99.0999984741211
1763595653401,35.19317671716204,-97.43855542399974,335.0862007612951,1.6623659133911133,-105.19999694824219
1763595653401,35.1931768497052,-97.43855628185337,335.0864503825793,1.680898666381836,-112.4000015258789
1763595653401,35.193176978379206,-97.43855712175264,335.08698254621385,1.695846438407898,-118.0999984741211
1763595653401,35.193177132802965,-97.43855802550472,335.0872315235294,1.7133363485336304,-124.0
1763595653401,35.19317727091296,-97.43855884274568,335.08745332067895,1.7239114046096802,-129.10000610351562
1763595654401,35.193176227905404,-97.43856118944653,334.9850239348558,1.7355334758758545,-135.10000610351562
1763595654401,35.193176353637284,-97.43856210812524,334.98514961948854,1.7446346282958984,-140.0
1763595654401,35.19317648862518,-97.43856302436292,334.98543590175865,1.7540894746780396,-144.0
1763595654401,35.19317663095201,-97.43856393015183,334.9858649708798,1.7599056959152222,-146.0
1763595654401,35.19317678230879,-97.43856485601775,334.986497437381,1.7646368741989136,-147.10000610351562
1763595654401,35.19317693737652,-97.43856577326143,334.986964824747,1.7692246437072754,-147.60000610351562
1763595654401,35.19317709864722,-97.438566693868,334.98757548908924,1.7733981609344482,-147.60000610351562
1763595654401,35.19317726170471,-97.43856760697302,334.9881685976458,1.7791249752044678,-147.60000610351562
1763595654401,35.19317743772089,-97.43856854485186,334.9889092460245,1.7811617851257324,-147.5
1763595654401,35.1931776144327,-97.43856946383995,334.988999741792,1.7829197645187378,-147.0
1763595654401,35.19317779918497,-97.43857039463087,334.98906421067323,1.7882136106491089,-146.10000610351562
1763595654401,35.1931779869981,-97.4385713110023,334.9888102509043,1.7922348976135254,-144.6999969482422
1763595654401,35.19317819178099,-97.43857227301908,334.98878306919005,1.7973307371139526,-142.6999969482422
1763595654401,35.19317838870866,-97.43857319876926,334.98839590466497,1.8011205196380615,-140.3000030517578
1763595654401,35.19317860696229,-97.43857418880698,334.98792419386865,1.809370756149292,-136.0
1763595654401,35.193178807331975,-97.43857509762418,334.9874371748342,1.815470576286316,-132.60000610351562
1763595654401,35.19317901468678,-97.43857602299418,334.9871284599199,1.825627088546753,-127.5999984741211
1763595654401,35.19317923461482,-97.43857699367089,334.9865852420634,1.8398727178573608,-120.4000015258789
1763595654401,35.193179446009715,-97.43857795417338,334.9861409772043,1.8507232666015625,-114.0999984741211
1763595654401,35.19317966616489,-97.43857896480455,334.9855019696106,1.8619695901870728,-108.19999694824219
1763595655401,35.193179145134486,-97.43858265062134,334.4562608973308,1.8746447563171387,-102.9000015258789
1763595655401,35.19317932733719,-97.43858358281071,334.45578978313154,1.8858073949813843,-98.80000305175781
1763595655401,35.19317952724006,-97.43858459653356,334.45538456712507,1.9007389545440674,-93.69999694824219
1763595655401,35.19317972100244,-97.4385855799629,334.4551504732019,1.9186689853668213,-87.19999694824219
1763595655401,35.193179915813474,-97.4385865641385,334.454790054749,1.9357515573501587,-81.4000015258789
1763595655401,35.19318011941192,-97.43858760209058,334.4543898628066,1.9490092992782593,-76.4000015258789
1763595655401,35.19318031460919,-97.43858858200491,334.45407095394614,1.9635027647018433,-69.5999984741211
1763595655401,35.19318051323342,-97.43858957901391,334.4537045129661,1.978462815284729,-62.70000076293945
1763595655401,35.19318070316942,-97.43859058748171,334.45313089573443,1.992013692855835,-56.099998474121094
1763595655401,35.193180896119365,-97.43859161037861,334.4522915877762,2.004342794418335,-49.400001525878906
1763595655401,35.19318109618186,-97.43859264288115,334.4514216479416,2.015676259994507,-42.20000076293945
1763595655401,35.1931812955805,-97.43859365136376,334.45071642952075,2.031351089477539,-32.400001525878906
1763595655401,35.193181491801624,-97.438594642255,334.4500002299416,2.0464158058166504,-23.600000381469727
1763595655401,35.193181713930414,-97.43859571700786,334.44963882325055,2.0579278469085693,-14.699999809265137
1763595655401,35.19318193839263,-97.43859676878837,334.4491618449821,2.0686802864074707,-5.599999904632568
1763595655401,35.19318215421998,-97.43859778959255,334.4484996843533,2.0814144611358643,3.200000047683716
1763595655401,35.19318236581879,-97.43859880652147,334.447622753815,2.0955591201782227,10.0
1763595655401,35.19318258219236,-97.43859979551102,334.4470589568921,2.116969585418701,17.799999237060547
1763595655401,35.19318283556546,-97.43860089861882,334.44717618461164,2.136914014816284,24.600000381469727
1763595656401,35.19318359358153,-97.4386054103894,333.93322861192286,2.1653339862823486,33.20000076293945
1763595656401,35.19318372935836,-97.43860622066039,333.9332642028148,2.1785006523132324,37.79999923706055
1763595656401,35.19318389065345,-97.4386072930839,333.9327825881956,2.1957004070281982,43.599998474121094
1763595656401,35.19318404982056,-97.43860840809073,333.93193838673943,2.2142722606658936,50.79999923706055
1763595656401,35.193184211046606,-97.43860953727689,333.9312867696805,2.232851505279541,59.599998474121094
1763595656401,35.19318437053505,-97.43861073886823,333.93085018013556,2.249673843383789,69.5
1763595656401,35.193184515902836,-97.43861184843585,333.9310280888532,2.2609293460845947,79.19999694824219
1763595656401,35.193184653485396,-97.4386129986683,333.9304996176857,2.271742820739746,92.0999984741211
1763595656401,35.193184790915424,-97.43861423892434,333.929409515434,2.283284902572632,105.5999984741211
1763595656401,35.19318491324075,-97.43861541617474,333.9284737996905,2.295379400253296,120.0999984741211
1763595656401,35.19318502529978,-97.43861662053244,333.9280542115585,2.3099112510681152,136.5
1763595656401,35.193185119221305,-97.43861786553873,333.927953000284,2.3178224563598633,148.0
1763595656401,35.19318518420254,-97.43861903647546,333.928305924095,2.323143720626831,158.3000030517578
1763595656401,35.19318522857685,-97.43862026715584,333.9288218484852,2.330958366394043,167.8000030517578
1763595656401,35.193185248012234,-97.43862149196458,333.92959386587376,2.3382887840270996,176.8000030517578
1763595656401,35.1931852418119,-97.43862267984501,333.93070067000866,2.3460137844085693,184.6999969482422
1763595656401,35.193185218944414,-97.43862388086671,333.93186816882235,2.353415012359619,191.89999389648438
1763595656401,35.19318516898992,-97.4386251259957,333.9331364639408,2.3590238094329834,198.39999389648438
1763595656401,35.19318511524112,-97.43862634958236,333.9341054749502,2.3632819652557373,203.10000610351562
1763595656401,35.19318504426542,-97.43862761114634,333.93510118521084,2.368394374847412,208.3000030517578
1763595657401,35.19318450066025,-97.4386324012051,333.43700797368143,2.3740429878234863,214.60000610351562
1763595657401,35.19318444627869,-97.43863306547124,333.4377690486372,2.374574661254883,215.1999969482422
1763595657401,35.19318431080771,-97.43863439657144,333.43902268831835,2.3739781379699707,218.3000030517578
1763595657401,35.19318416378925,-97.43863568989042,333.44021817509054,2.3738296031951904,220.5
1763595657401,35.19318400086104,-97.43863696911107,333.441504680795,2.3749499320983887,221.89999389648438
1763595657401,35.193183826245864,-97.43863822575189,333.4428515263279,2.3769800662994385,222.5
1763595657401,35.19318364528935,-97.43863943041409,333.44434725070556,2.37983775138855,221.39999389648438
1763595657401,35.19318344054123,-97.43864071164525,333.4456491691778,2.3827099800109863,214.0
1763595657401,35.193183227921914,-97.43864193853076,333.446905255355,2.386223554611206,204.5
1763595657401,35.193183006273664,-97.43864318113702,333.4481910064534,2.3863322734832764,193.39999389648438
1763595657401,35.19318277727776,-97.43864441411705,333.4496339216728,2.3850886821746826,180.6999969482422
1763595657401,35.19318254755797,-97.43864566363591,333.451060674041,2.3826537132263184,167.10000610351562
1763595657401,35.19318232448746,-97.43864689963277,333.4524384218142,2.382232666015625,151.60000610351562
1763595657401,35.19318211998998,-97.43864807547145,333.45351972751325,2.382866144180298,133.10000610351562
1763595657401,35.19318191153966,-97.4386493142737,333.45465188646796,2.3863909244537354,112.0999984741211
1763595657401,35.193181711922286,-97.43865054388421,333.45560940087233,2.39204478263855,90.9000015258789
1763595657401,35.19318152178862,-97.43865177380196,333.45654324126974,2.3979790210723877,69.5999984741211
1763595657401,35.19318135342317,-97.43865303410826,333.45718308333767,2.3987526893615723,53.70000076293945
1763595657401,35.193181162874524,-97.43865425473281,333.45807457400633,2.3988897800445557,35.70000076293945
1763595657401,35.19318098851976,-97.43865551988881,333.459240920553,2.398725748062134,19.5
1763595657401,35.19318081229039,-97.43865673206136,333.4606472751124,2.3998360633850098,5.900000095367432
1763595658401,35.19318028601832,-97.43866025940349,333.0585551682331,2.402850389480591,-6.0
1763595658401,35.193180167072136,-97.43866142927378,333.0595641788814,2.40730881690979,-17.899999618530273
1763595658401,35.19318006516783,-97.43866265355162,333.0600827328615,2.4136853218078613,-31.200000762939453
1763595658401,35.1931799613559,-97.43866386724908,333.06026893280296,2.4194469451904297,-44.29999923706055
1763595658401,35.193179884837754,-97.43866512172352,333.060666157876,2.4275128841400146,-58.400001525878906
1763595658401,35.193179816435574,-97.43866635749264,333.0610421145771,2.43166446685791,-67.30000305175781
1763595658401,35.19317976669847,-97.43866763272487,333.06086492528476,2.4331490993499756,-72.9000015258789
1763595658401,35.19317972514022,-97.43866894243035,333.06057346176874,2.437318801879883,-75.19999694824219
1763595658401,35.19317970168696,-97.43867027845016,333.06012147586506,2.4435195922851562,-75.19999694824219
1763595658401,35.193179689597834,-97.43867156847932,333.0592046186541,2.45393443107605,-73.5
1763595658401,35.193179678684864,-97.43867291841211,333.05811202098806,2.4683401584625244,-69.9000015258789
1763595658401,35.19317967644051,-97.43867424084466,333.0565781127632,2.4836459159851074,-65.5999984741211
1763595658401,35.19317967593877,-97.43867557803405,333.05530440222407,2.500340700149536,-59.79999923706055
1763595658401,35.193179675413234,-97.43867690162865,333.05355964123515,2.5104010105133057,-53.79999923706055
1763595658401,35.19317966944028,-97.43867825191941,333.0524303778049,2.5196638107299805,-44.70000076293945
1763595658401,35.193179663963356,-97.43867963330737,333.05089711178323,2.5316717624664307,-34.0
1763595658401,35.19317965188381,-97.43868099483375,333.04962301018475,2.544680595397949,-22.5
1763595658401,35.19317963641209,-97.43868244949073,333.0481049575121,2.562692403793335,-9.399999618530273
1763595658401,35.193179618598386,-97.43868383300439,333.04712162207505,2.5768322944641113,1.0
1763595658401,35.19317958772219,-97.4386852217573,333.0457688749863,2.591984510421753,12.0
1763595659401,35.19317909458689,-97.43868918467942,332.82262956670803,2.607893228530884,24.899999618530273
1763595659401,35.193179042673094,-97.43869058174239,332.82189802333664,2.62027907371521,38.20000076293945
1763595659401,35.19317898386105,-97.43869186970164,332.8214345127611,2.6268348693847656,49.0
1763595659401,35.19317890359134,-97.43869340631785,332.82080943963666,2.6364190578460693,63.20000076293945
1763595659401,35.19317882072167,-97.4386947580144,332.8208067240043,2.6473581790924072,77.9000015258789
1763595659401,35.193178704842005,-97.4386961973981,332.82110591848675,2.6606650352478027,92.5999984741211
1763595659401,35.19317857020814,-97.4386976480714,332.8209672371844,2.674692392349243,106.69999694824219
1763595659401,35.193178418132,-97.43869903771596,332.8210944440969,2.68880033493042,122.30000305175781
1763595659401,35.19317824947188,-97.43870040707158,332.82167024949047,2.6968185901641846,134.1999969482422
1763595659401,35.19317805395374,-97.43870179149486,332.82278668929524,2.705162286758423,144.8000030517578
1763595659401,35.193177831224496,-97.43870320511238,332.82435747462654,2.7090413570404053,155.10000610351562
1763595659401,35.193177582044505,-97.4387046236727,332.82598828259967,2.7148797512054443,165.0
1763595659401,35.19317730332292,-97.43870606976134,332.82773682992394,2.7168447971343994,173.60000610351562
1763595659401,35.19317702307185,-97.43870741643717,332.82956153149263,2.724125385284424,180.5
1763595659401,35.19317672015797,-97.4387087634338,332.8324899688757,2.733569383621216,184.8000030517578
1763595659401,35.193176381654695,-97.43871017784774,332.83530509815324,2.738159418106079,188.39999389648438
1763595659401,35.19317603081847,-97.43871156799337,332.8375939769493,2.7416787147521973,189.1999969482422
1763595659401,35.19317567303379,-97.43871291739116,332.8396553864756,2.7475457191467285,189.3000030517578
1763595659401,35.19317529155891,-97.4387143028601,332.8419474654479,2.7533812522888184,189.0
1763595660401,35.193171686429,-97.43871809280684,332.6798969707234,2.76281476020813,188.10000610351562
1763595660401,35.19317151269848,-97.43871863377764,332.681074710776,2.765967845916748,187.8000030517578
1763595660401,35.19317106201046,-97.43871999650068,332.6845861291992,2.7757201194763184,187.0
1763595660401,35.193170592707055,-97.43872137758225,332.68855567431365,2.78053879737854,186.0
1763595660401,35.19317011329735,-97.4387227401448,332.6926979744634,2.7831201553344727,184.89999389648438
1763595660401,35.19316963700411,-97.43872406503225,332.69642005224244,2.7805747985839844,183.6999969482422
1763595660401,35.193169164367035,-97.43872535505868,332.69988212120325,2.7799384593963623,182.60000610351562
1763595660401,35.193168639163936,-97.43872674930437,332.70400682528384,2.779069423675537,181.10000610351562
1763595660401,35.19316813685993,-97.43872805654138,332.7080800095657,2.7790560722351074,180.5
1763595660401,35.193167603936885,-97.43872942167744,332.7122783846604,2.7789509296417236,180.3000030517578
1763595660401,35.19316708715114,-97.4387307192038,332.7158283389018,2.7832610607147217,180.3000030517578
1763595660401,35.19316654868553,-97.43873203163113,332.7196827471469,2.7940456867218018,180.39999389648438
1763595660401,35.193165987407845,-97.43873336372722,332.7241261220294,2.7979893684387207,180.6999969482422
1763595660401,35.19316541601264,-97.43873468456826,332.72861670494217,2.8025166988372803,181.1999969482422
1763595660401,35.19316484430241,-97.43873596078664,332.7330375984385,2.8100996017456055,181.60000610351562
1763595660401,35.193164246488976,-97.43873726280727,332.7374749444401,2.8180925846099854,182.0
1763595660401,35.19316365895514,-97.4387385204264,332.74198004834426,2.823648452758789,182.39999389648438
1763595660401,35.19316305442615,-97.43873978916066,332.74671829507895,2.826418399810791,182.89999389648438
1763595660401,35.19316244166982,-97.43874102854494,332.7516159707012,2.831204652786255,183.60000610351562
1763595660401,35.193161837288464,-97.43874221181454,332.75700374989384,2.8348093032836914,184.1999969482422
1763595661401,35.19315976150633,-97.43874567258855,332.64323559333565,2.834455728530884,184.6999969482422
1763595661401,35.19315945148986,-97.43874625741613,332.64582868487844,2.8348522186279297,184.6999969482422
1763595661401,35.19315876891428,-97.43874750770567,332.6519184172239,2.8359439373016357,184.6999969482422
1763595661401,35.19315808649129,-97.43874872912397,332.6576908387276,2.835069179534912,184.8000030517578
1763595661401,35.19315739708121,-97.43874993270734,332.6633356623836,2.8374183177948,185.39999389648438
1763595661401,35.19315670921575,-97.43875111535739,332.6688080414296,2.844020128250122,186.8000030517578
1763595661401,35.19315603031919,-97.43875226597919,332.6743610059462,2.8499879837036133,188.1999969482422
1763595661401,35.193155293847155,-97.43875347961254,332.6807541861057,2.8547236919403076,190.5
1763595661401,35.193154552428474,-97.43875466355182,332.6868750268959,2.856804847717285,192.60000610351562
1763595661401,35.19315380935475,-97.43875581451576,332.6933008840395,2.8588478565216064,194.60000610351562
1763595661401,35.19315307512725,-97.43875692623097,332.6990480318816,2.8581717014312744,196.0
1763595661401,35.193152299783044,-97.43875806663172,332.70483926603157,2.8560903072357178,197.3000030517578
1763595661401,35.19315153763917,-97.43875916381023,332.71036103581713,2.85913348197937,199.39999389648438
1763595661401,35.19315075674607,-97.43876026574245,332.7156894582993,2.866105794906616,201.89999389648438
1763595661401,35.193149931396924,-97.43876138729611,332.7211187739225,2.876063108444214,207.5
1763595661401,35.19314913877559,-97.43876242705198,332.726425209371,2.879193067550659,212.60000610351562
1763595661401,35.19314833664739,-97.43876345334138,332.7314859950576,2.8837809562683105,220.10000610351562
1763595661401,35.1931474742939,-97.43876451013489,332.737290546812,2.8852665424346924,228.89999389648438
1763595661401,35.19314659345006,-97.4387655322126,332.74362169777754,2.884281635284424,241.3000030517578
1763595661401,35.193145699055954,-97.43876654403182,332.7496873388548,2.8827617168426514,252.3000030517578
1763595662401,35.19314179843179,-97.43877060093932,332.667401226603,2.8844099044799805,270.70001220703125
1763595662401,35.193141475851455,-97.4387709269021,332.6693945648701,2.8849754333496094,275.6000061035156
1763595662401,35.19314046105369,-97.43877189243503,332.6761403229421,2.8861563205718994,285.6000061035156
1763595662401,35.19313955034334,-97.4387727147844,332.6819212910826,2.8856277465820312,297.79998779296875
1763595662401,35.19313845205863,-97.4387736518944,332.6889396911669,2.884035110473633,309.29998779296875
1763595662401,35.193137431912554,-97.43877447326686,332.69552508000123,2.8786261081695557,322.1000061035156
1763595662401,35.19313645749843,-97.43877520483706,332.7017885932901,2.8734683990478516,331.3999938964844
1763595662401,35.19313532100655,-97.43877599669554,332.709053252174,2.873394250869751,340.3999938964844
1763595662401,35.19313425411682,-97.43877669166396,332.7159686046965,2.878946542739868,349.0
1763595662401,35.193133173906,-97.43877733962202,332.7229969010557,2.881220817565918,355.1000061035156
1763595662401,35.19313208014117,-97.43877793555967,332.7304903362556,2.8681070804595947,363.6000061035156
1763595662401,35.193130997439965,-97.43877847233132,332.7383035635492,2.855989694595337,370.29998779296875
1763595662401,35.19312986994657,-97.43877898593298,332.7466899667976,2.8431081771850586,376.70001220703125
1763595662401,35.19312879354458,-97.43877943728816,332.75462378838773,2.826663017272949,381.8999938964844
1763595662401,35.19312763741212,-97.43877987293799,332.76332235196674,2.807236671447754,386.1000061035156
1763595662401,35.193126544583315,-97.43878023686824,332.77133892833405,2.789445161819458,389.6000061035156
1763595662401,35.193125474452685,-97.43878053388745,332.7786548306402,2.779165029525757,392.20001220703125
1763595662401,35.19312440006839,-97.43878077459526,332.7856809251037,2.7656946182250977,395.6000061035156
1763595662401,35.193123293522454,-97.43878096743357,332.7928097742281,2.7456846237182617,399.3999938964844
1763595662401,35.19312221146499,-97.43878111658077,332.80002787821655,2.728316307067871,401.5
1763595663401,35.193118053568995,-97.43878158718577,332.61212090039544,2.7082295417785645,402.5
1763595663401,35.1931175924235,-97.43878161345103,332.61514350882993,2.703547239303589,402.5
1763595663401,35.193116498325885,-97.43878161985373,332.6225704029771,2.6967194080352783,402.5
1763595663401,35.19311543811409,-97.43878159336357,332.62995680370415,2.691250801086426,402.5
1763595663401,35.19311437139046,-97.4387815347339,332.63790752252885,2.6814703941345215,402.5
1763595663401,35.193113309892254,-97.4387814464764,332.64604557781007,2.665705680847168,402.5
1763595663401,35.1931123081654,-97.43878133338569,332.6537806380069,2.650967597961426,402.5
1763595663401,35.19311126745585,-97.43878117761909,332.66163982337036,2.636812686920166,402.5
1763595663401,35.19311025509909,-97.43878098920865,332.6692086465681,2.623155355453491,402.5
1763595663401,35.19310925809698,-97.43878076217968,332.6768426030975,2.6135313510894775,402.5
1763595663401,35.19310828769498,-97.43878050364128,332.6848265353949,2.6063590049743652,402.5
1763595663401,35.193107326965496,-97.43878021668195,332.69275737441063,2.6008784770965576,402.5
1763595663401,35.19310639399667,-97.43877989709851,332.70054111180747,2.5933914184570312,402.5
1763595663401,35.19310547335067,-97.4387795452003,332.70802137534423,2.587355613708496,402.5
1763595663401,35.19310455734346,-97.43877916097665,332.71573325322805,2.581817388534546,401.79998779296875
1763595663401,35.19310366743434,-97.43877875346799,332.72354600090875,2.5772202014923096,399.6000061035156
1763595663401,35.19310281257067,-97.43877834477203,332.73153649817954,2.577195167541504,396.20001220703125
1763595663401,35.193101976158516,-97.43877790833454,332.7391750085484,2.5764353275299072,391.20001220703125
1763595663401,35.19310112501063,-97.43877743289593,332.7471007581061,2.578211784362793,385.29998779296875
1763595663401,35.19310029868426,-97.43877691389599,332.7546554911123,2.5801045894622803,379.1000061035156
1763595664401,35.19309765805236,-97.43877566411457,332.63408110521675,2.5823488235473633,370.79998779296875
1763595664401,35.1930972535234,-97.43877539470007,332.6375635058277,2.583585262298584,368.6000061035156
1763595664401,35.19309649949331,-97.4387748499438,332.64401570445926,2.583232879638672,363.70001220703125
1763595664401,35.193095627018224,-97.43877419433977,332.65142041166735,2.584928512573242,359.1000061035156
1763595664401,35.19309482499765,-97.43877357684296,332.6583200687583,2.588804244995117,356.20001220703125
1763595664401,35.19309402977627,-97.43877295095554,332.66544685849544,2.5923869609832764,354.5
1763595664401,35.193093261477514,-97.43877234251715,332.67232282938267,2.5968246459960938,353.0
1763595664401,35.19309249222827,-97.43877171372046,332.6791039120126,2.602145195007324,351.0
1763595664401,35.19309172752763,-97.4387710812576,332.6856343274936,2.6074986457824707,348.20001220703125
1763595664401,35.193090979009696,-97.43877043151886,332.6922998284119,2.6093389987945557,343.5
1763595664401,35.19309026758425,-97.43876976860024,332.6988394717475,2.614194393157959,336.29998779296875
1763595664401,35.19308954331234,-97.43876908619568,332.7057453480308,2.6198513507843018,326.3999938964844
1763595664401,35.19308885018381,-97.43876838163555,332.7129774330306,2.622577428817749,317.1000061035156
1763595664401,35.19308814632663,-97.43876767185809,332.7208849660282,2.6268961429595947,303.6000061035156
1763595664401,35.19308747050706,-97.43876697132505,332.7283576164168,2.6330161094665527,287.79998779296875
1763595664401,35.19308676588146,-97.43876625907869,332.7362470915136,2.6394665241241455,267.0
1763595664401,35.19308609241742,-97.43876557677922,332.7436277600911,2.646505832672119,247.8000030517578
1763595664401,35.19308539296278,-97.43876491400178,332.7510147698198,2.654440402984619,226.3000030517578
1763595664401,35.19308468109558,-97.4387642823286,332.7584209731879,2.6636385917663574,204.10000610351562
1763595664401,35.193083959035214,-97.43876367897559,332.76464463377675,2.6704108715057373,179.6999969482422
1763595665401,35.1930778363813,-97.43876050450903,332.6130731804082,2.6831765174865723,143.10000610351562
1763595665401,35.19307749338637,-97.43876026739792,332.61524080306395,2.6847732067108154,138.39999389648438
1763595665401,35.193076651389575,-97.43875956505181,332.6212525745948,2.6949799060821533,112.69999694824219
1763595665401,35.19307580488032,-97.438758914896,332.6273965297416,2.7043814659118652,87.19999694824219
1763595665401,35.19307494247265,-97.43875825951021,332.63369150932544,2.715235948562622,62.29999923706055
1763595665401,35.19307406019324,-97.43875762663842,332.63950400848165,2.7244699001312256,35.29999923706055
1763595665401,35.19307322090306,-97.43875701631038,332.6450761750978,2.73101544380188,14.800000190734863
1763595665401,35.19307234330443,-97.43875641473217,332.6504872133863,2.7375705242156982,-2.5
1763595665401,35.19307147134647,-97.43875584049525,332.65630508675736,2.7442820072174072,-18.299999237060547
1763595665401,35.19307060554764,-97.43875529591446,332.66244120984777,2.7539114952087402,-32.29999923706055
1763595665401,35.1930697643623,-97.43875475801413,332.6685331167708,2.766735792160034,-49.79999923706055
1763595665401,35.19306889797715,-97.43875422976755,332.6743759137591,2.775123119354248,-66.69999694824219
1763595665401,35.19306803120724,-97.4387537386927,332.6806415444724,2.7787044048309326,-83.0999984741211
1763595665401,35.193067153858784,-97.43875328458773,332.6877295858826,2.7813467979431152,-97.5999984741211
1763595665401,35.193066267417926,-97.43875284201683,332.6941428099608,2.7826619148254395,-107.4000015258789
1763595665401,35.193065351833454,-97.43875244634697,332.70094325562417,2.7877461910247803,-108.80000305175781
1763595665401,35.193064468825455,-97.4387520810948,332.7079657125277,2.7957324981689453,-106.19999694824219
1763595665401,35.19306355973568,-97.43875175967712,332.7139709040568,2.804867744445801,-98.9000015258789
1763595665401,35.19306264774489,-97.43875145667755,332.71993128383605,2.8121020793914795,-89.69999694824219
1763595665401,35.1930617340992,-97.43875114769023,332.72587886910384,2.8210983276367188,-75.4000015258789
1763595666401,35.193055304912434,-97.43874907045607,332.59916767338365,2.830889940261841,-42.0
1763595666401,35.19305485279675,-97.43874890481833,332.60157151605335,2.832890510559082,-38.20000076293945
1763595666401,35.193053830943796,-97.43874853133397,332.6069811480831,2.842250347137451,-16.799999237060547
1763595666401,35.19305283421961,-97.43874814243306,332.61173531783487,2.8554697036743164,-1.5
1763595666401,35.193051802197935,-97.4387477139159,332.61717188094354,2.8685805797576904,12.899999618530273
1763595666401,35.19305079452361,-97.43874727089305,332.62237208515336,2.882047653198242,27.600000381469727
1763595666401,35.19304981363896,-97.43874680581028,332.6277287723793,2.887279748916626,39.0
1763595666401,35.193048870533914,-97.43874633222302,332.6330433260919,2.895325183868408,56.0
1763595666401,35.19304788575911,-97.43874582072364,332.63871205575396,2.9043099880218506,70.30000305175781
1763595666401,35.1930469107133,-97.43874529414549,332.6446312324219,2.914850950241089,84.19999694824219
1763595666401,35.19304593035634,-97.43874473712731,332.65140472652206,2.9267396926879883,94.4000015258789
1763595666401,35.19304493883637,-97.43874416315181,332.65847819097445,2.941631317138672,106.5
1763595666401,35.193043947216076,-97.43874357103662,332.66529192613535,2.9598371982574463,118.5999984741211
1763595666401,35.19304296364932,-97.43874295475206,332.6716127460653,2.9773876667022705,130.39999389648438
1763595666401,35.193041979980066,-97.43874231731995,332.67776022134893,2.993884325027466,144.1999969482422
1763595666401,35.19304099766489,-97.43874164224201,332.68450456871574,3.0100457668304443,155.89999389648438
1763595666401,35.19304003214922,-97.43874095327713,332.6910373101048,3.0247514247894287,167.6999969482422
1763595666401,35.19303908717509,-97.43874023472786,332.69771776671206,3.041433334350586,177.3000030517578
1763595666401,35.19303817994567,-97.43873949595941,332.70477665097604,3.058802366256714,189.8000030517578
1763595666401,35.19303724533675,-97.43873870366377,332.7123070436033,3.0736050605773926,201.8000030517578
1763595667401,35.193034101613925,-97.43873645405439,332.5896775846601,3.097848892211914,224.60000610351562
1763595667401,35.193033783194565,-97.43873619843238,332.59276764281583,3.0993926525115967,226.8000030517578
1763595667401,35.19303291992212,-97.4387353266646,332.6004433956568,3.1061863899230957,238.10000610351562
1763595667401,35.19303208329163,-97.43873442695117,332.60807432039707,3.1121041774749756,249.1999969482422
1763595667401,35.19303125323151,-97.43873348710864,332.6155138384742,3.1212241649627686,259.70001220703125
1763595667401,35.19303045643773,-97.4387324975062,332.6226985258128,3.134408712387085,270.1000061035156
1763595667401,35.193029689725286,-97.43873150261898,332.630190543486,3.1445295810699463,278.6000061035156
1763595667401,35.19302892636746,-97.4387304520518,332.63889322731046,3.1556684970855713,290.29998779296875
1763595667401,35.19302823370184,-97.43872942250098,332.64729703136044,3.1589584350585938,302.1000061035156
1763595667401,35.19302754992418,-97.43872834447497,332.6554836116371,3.1605803966522217,315.8999938964844
1763595667401,35.1930269158071,-97.43872726037743,332.66316709636914,3.155597686767578,326.70001220703125
1763595667401,35.19302628230563,-97.4387260710482,332.6709338368757,3.1522722244262695,336.79998779296875
1763595667401,35.19302574629912,-97.43872496718217,332.6781604626296,3.1498024463653564,344.1000061035156
1763595667401,35.1930251755108,-97.43872364570456,332.6859376016076,3.1410369873046875,352.6000061035156
1763595667401,35.19302468020555,-97.43872237862503,332.69262637709454,3.134160041809082,358.70001220703125
1763595667401,35.19302424105878,-97.43872112851075,332.6992023081532,3.1326968669891357,362.79998779296875
1763595667401,35.19302381930098,-97.43871990139755,332.70584819797676,3.1277103424072266,367.70001220703125
1763595667401,35.193023431372374,-97.43871848783171,332.71363165663547,3.1290454864501953,370.70001220703125
1763595667401,35.193023108792566,-97.43871726690107,332.7209470126235,3.1269779205322266,372.70001220703125
1763595667401,35.193022773371894,-97.43871581216216,332.7293941865424,3.11617374420166,374.70001220703125
1763595667401,35.19302251144146,-97.43871450427876,332.7369762779877,3.1073062419891357,375.29998779296875
1763595668401,35.19301487112671,-97.43870429981045,332.5118826270636,3.092867851257324,375.3999938964844
1763595668401,35.19301460998856,-97.43870279410334,332.5180971011515,3.074471950531006,375.3999938964844
1763595668401,35.19301437444797,-97.43870124996975,332.52463540845554,3.0629703998565674,375.3999938964844
1763595668401,35.1930141922016,-97.43869974887502,332.5311836252975,3.0465734004974365,375.3999938964844
1763595668401,35.193014061463245,-97.43869824324028,332.5372916310576,3.0272068977355957,375.3999938964844
1763595668401,35.19301398935593,-97.43869676520698,332.54331346312046,3.0079333782196045,375.3999938964844
1763595668401,35.193013959129466,-97.43869530810042,332.54896551700284,2.991978645324707,375.20001220703125
1763595668401,35.19301396112062,-97.43869382616593,332.5546627557299,2.97265887260437,374.20001220703125
1763595668401,35.1930140079118,-97.43869236320141,332.56057228257214,2.955514430999756,372.29998779296875
1763595668401,35.1930140746915,-97.4386909265619,332.5668850876727,2.938068389892578,370.20001220703125
1763595668401,35.19301416128413,-97.43868948963241,332.5735652016655,2.9238250255584717,367.8999938964844
1763595668401,35.19301427173573,-97.43868809190872,332.5799299348608,2.911153793334961,365.79998779296875
1763595668401,35.19301440515387,-97.43868671597964,332.58583610063033,2.891129970550537,362.70001220703125
1763595668401,35.19301456150701,-97.43868529430809,332.5920867392115,2.875856876373291,358.5
1763595668401,35.19301472873591,-97.43868389661075,332.5983023199154,2.8653059005737305,352.70001220703125
1763595668401,35.19301492115454,-97.4386825519756,332.60471629176527,2.8521552085876465,343.6000061035156
1763595668401,35.193015119025056,-97.43868121915007,332.61144957318805,2.845133066177368,334.6000061035156
1763595668401,35.19301532721244,-97.4386799064827,332.6188171736934,2.835768938064575,326.79998779296875
1763595668401,35.1930155630528,-97.43867860375136,332.6263184823692,2.821143627166748,316.8999938964844
1763595669401,35.1930156574249,-97.43867383106092,332.4963903975884,2.7892305850982666,296.0
1763595669401,35.193015750488755,-97.4386732086897,332.49996367072157,2.782034158706665,290.8999938964844
1763595669401,35.193016050029,-97.4386718954301,332.5064845629837,2.76705265045166,279.8999938964844
1763595669401,35.19301634981227,-97.43867057394648,332.5131040379148,2.7557404041290283,262.29998779296875
1763595669401,35.19301667215422,-97.43866922253223,332.5197754116669,2.753490924835205,246.60000610351562
1763595669401,35.19301695236502,-97.43866798179418,332.5259822371736,2.7516307830810547,230.6999969482422
1763595669401,35.19301723741686,-97.43866675234963,332.5318328431105,2.7504899501800537,218.8000030517578
1763595669401,35.193017507050705,-97.43866547293686,332.5379415428422,2.7466623783111572,204.60000610351562
1763595669401,35.19301777762253,-97.43866426018168,332.54337300008086,2.742666482925415,190.5
1763595669401,35.193018006787774,-97.43866299730875,332.54906619292615,2.749268054962158,173.3000030517578
1763595669401,35.193018222883616,-97.43866175538975,332.55423891356145,2.7527053356170654,158.1999969482422
1763595669401,35.193018375554175,-97.43866051516301,332.56010431585923,2.757824420928955,141.5
1763595669401,35.19301848888561,-97.43865924202905,332.5661090765535,2.765122413635254,122.19999694824219
1763595669401,35.1930185460042,-97.4386579665071,332.5710264861744,2.773655414581299,102.0
1763595669401,35.193018636893314,-97.43865669593853,332.57605473130747,2.7816832065582275,86.5
1763595669401,35.19301871194549,-97.4386554731868,332.5801389817268,2.789180040359497,67.5999984741211
1763595669401,35.19301851967065,-97.43865417894918,332.58225027699046,2.795105218887329,50.599998474121094
1763595669401,35.19301837944054,-97.43865283162707,332.58565663515674,2.800527334213257,32.29999923706055
1763595669401,35.19301814801082,-97.4386514446324,332.5878824420921,2.805051565170288,18.799999237060547
1763595669401,35.193017988032544,-97.43865011121596,332.591381428976,2.8098790645599365,5.400000095367432
1763595669401,35.19301743192425,-97.4386486743562,332.5930058959149,2.821248769760132,-7.099999904632568
1763595670401,35.19301503655773,-97.43864176881202,332.38940981500036,2.8358030319213867,-18.0
1763595670401,35.19301501740125,-97.43864041607462,332.3943250532081,2.850466251373291,-28.100000381469727
1763595670401,35.19301502143975,-97.43863906276435,332.40069808558115,2.8593950271606445,-35.400001525878906
1763595670401,35.19301502597165,-97.43863772096879,332.4066727380505,2.875054359436035,-44.29999923706055
1763595670401,35.19301503793953,-97.43863636977463,332.41166652268896,2.8905587196350098,-54.0
1763595670401,35.19301504678055,-97.43863506790497,332.41838472684833,2.9121322631835938,-67.0
1763595670401,35.19301504699826,-97.43863385059849,332.4241517744377,2.9250569343566895,-77.69999694824219
1763595670401,35.193015023710224,-97.43863244298159,332.42975574537365,2.938417911529541,-87.4000015258789
1763595670401,35.193014983119284,-97.43863124218609,332.4347096582747,2.9481687545776367,-94.5999984741211
1763595670401,35.19301492912951,-97.43862984611106,332.44162591748193,2.9551007747650146,-102.80000305175781
1763595670401,35.19301485974395,-97.43862855511055,332.44733816893824,2.9586057662963867,-109.9000015258789
1763595670401,35.193014763838335,-97.43862725736967,332.4521451125215,2.956519842147827,-115.30000305175781
1763595670401,35.193014661847634,-97.438625989141,332.45646893721636,2.9532933235168457,-118.80000305175781
1763595670401,35.193014542951985,-97.4386246926859,332.46106639595945,2.951568126678467,-120.0
1763595670401,35.19301440523875,-97.43862341243285,332.46643124774675,2.951507806777954,-120.0
1763595670401,35.193014256611114,-97.4386221504885,332.4717768223948,2.943593978881836,-118.69999694824219
1763595670401,35.193014084738984,-97.4386208652573,332.47678080245544,2.9397189617156982,-115.5
1763595670401,35.19301391843181,-97.4386196496798,332.48089821272697,2.9323556423187256,-111.0999984741211
1763595670401,35.19301374083528,-97.43861839923217,332.4859326465144,2.927205801010132,-106.5
1763595671401,35.19301198099183,-97.43860948681807,332.23484817448997,2.919485569000244,-101.0999984741211
1763595671401,35.193011919037914,-97.43860892814338,332.2370053547521,2.920365333557129,-100.0999984741211
1763595671401,35.19301171927962,-97.43860754834292,332.2400569136647,2.9178433418273926,-97.80000305175781
1763595671401,35.19301151241048,-97.43860617855891,332.2437962945876,2.9144601821899414,-95.9000015258789
1763595671401,35.193011315752806,-97.43860483465686,332.24735258097513,2.908578395843506,-93.5
1763595671401,35.193011103686224,-97.43860344440127,332.25069560727707,2.90320086479187,-90.9000015258789
1763595671401,35.193010891870216,-97.4386021494597,332.2537092782917,2.8970890045166016,-88.5
1763595671401,35.19301067872082,-97.43860085882,332.256487132921,2.8861825466156006,-86.30000305175781
1763595671401,35.19301044615687,-97.43859950553168,332.25960130875757,2.883957624435425,-84.5
1763595671401,35.19301021179126,-97.43859815291944,332.26243508537476,2.886005163192749,-82.0999984741211
1763595671401,35.19300998156261,-97.43859680962595,332.2649837818494,2.8900575637817383,-79.5999984741211
1763595671401,35.193009764260914,-97.43859551161142,332.26818111300304,2.8904004096984863,-76.5999984741211
1763595671401,35.193009555337674,-97.4385941863632,332.27166328227867,2.889700412750244,-72.0999984741211
1763595671401,35.19300933990291,-97.43859286503782,332.274587980555,2.8853585720062256,-66.69999694824219
1763595671401,35.19300911916769,-97.4385915138423,332.2782321082296,2.8856618404388428,-59.70000076293945
1763595671401,35.19300889882019,-97.43859017831615,332.2813251221344,2.889132022857666,-54.400001525878906
1763595671401,35.19300867191733,-97.43858887643235,332.2844955373747,2.8962395191192627,-49.900001525878906
1763595671401,35.19300846240311,-97.43858753714892,332.288338274934,2.9011757373809814,-46.099998474121094
1763595671401,35.19300825472895,-97.43858618251238,332.2923042376675,2.9072437286376953,-42.400001525878906
1763595671401,35.193008054631875,-97.43858480311802,332.2960984890241,2.9114902019500732,-39.400001525878906
1763595672401,35.193006813836966,-97.43857866778004,332.07828157799275,2.9188308715820312,-31.100000381469727
1763595672401,35.193006770319634,-97.43857820439052,332.0798773354859,2.9214978218078613,-29.100000381469727
1763595672401,35.193006558546614,-97.43857684300961,332.08283758470003,2.9285383224487305,-24.899999618530273
1763595672401,35.193006333811184,-97.43857546273168,332.08548709829887,2.9385883808135986,-19.200000762939453
1763595672401,35.19300611821336,-97.43857406648027,332.0885660352086,2.952720880508423,-13.0
1763595672401,35.19300589486392,-97.43857268086624,332.0911483249518,2.965928792953491,-6.400000095367432
1763595672401,35.19300567430255,-97.43857127192868,332.0938671153562,2.980741024017334,1.899999976158142
1763595672401,35.19300545588853,-97.43856988511452,332.09688951365047,2.99068546295166,7.5
1763595672401,35.193005247128205,-97.43856848663164,332.09978710458637,3.0060477256774902,15.399999618530273
1763595672401,35.1930050389208,-97.43856706639374,332.1028170615965,3.017268180847168,21.0
1763595672401,35.19300484298898,-97.4385656778111,332.105642508417,3.025400400161743,25.299999237060547
1763595672401,35.19300465124071,-97.43856423858735,332.1078859208456,3.0356171131134033,28.799999237060547
1763595672401,35.193004465966425,-97.4385628197229,332.11018572619037,3.048717498779297,31.799999237060547
1763595672401,35.193004288684804,-97.43856140260249,332.112215137533,3.0623373985290527,33.5
1763595672401,35.19300412065544,-97.43855993209385,332.1149612235458,3.078507423400879,35.0
1763595672401,35.193003958320034,-97.43855844338535,332.1175511652054,3.0889554023742676,36.099998474121094
1763595672401,35.193003804190894,-97.43855697108867,332.12004038351307,3.1007864475250244,37.099998474121094
1763595672401,35.193003655690575,-97.43855553278871,332.1219157791184,3.11684250831604,38.0
1763595672401,35.19300351048416,-97.4385540040534,332.1236470719901,3.136904001235962,38.599998474121094
1763595672401,35.19300337078328,-97.43855246729831,332.124918102084,3.1535027027130127,38.79999923706055
1763595672401,35.19300324597074,-97.43855096886831,332.12674273566563,3.1683642864227295,38.79999923706055
1763595673401,35.193002533009505,-97.43854460787304,331.91988755708655,3.1889584064483643,37.400001525878906
1763595673401,35.19300242489891,-97.43854331843659,331.9208715152164,3.200718641281128,35.70000076293945
1763595673401,35.19300229407569,-97.43854174662812,331.9222352638849,3.214726686477661,33.5
1763595673401,35.19300216251146,-97.43854010162961,331.923442239915,3.230041265487671,30.600000381469727
1763595673401,35.193002038825796,-97.43853852576457,331.9248635427865,3.248224973678589,27.5
1763595673401,35.19300192106727,-97.4385369335154,331.9266562387541,3.2651591300964355,25.700000762939453
1763595673401,35.19300180211346,-97.43853532100755,331.92834475131065,3.281156301498413,24.5
1763595673401,35.19300167894141,-97.438533704186,331.93023904463143,3.294508695602417,23.700000762939453
1763595673401,35.19300155195752,-97.43853205408925,331.9324868004181,3.310948371887207,22.899999618530273
1763595673401,35.19300142523233,-97.43853039746695,331.93320590638257,3.3267743587493896,22.399999618530273
1763595673401,35.19300129355958,-97.43852873101326,331.93415144047816,3.3502376079559326,22.100000381469727
1763595673401,35.19300117099857,-97.43852708928377,331.93527614265133,3.3650710582733154,22.100000381469727
1763595673401,35.19300105714593,-97.43852551973148,331.93610312523583,3.3797080516815186,22.100000381469727
1763595673401,35.1930009239056,-97.4385236746237,331.93761139567107,3.401435375213623,22.100000381469727
1763595673401,35.193000803296684,-97.43852198130648,331.9395869743285,3.416904926300049,22.200000762939453
1763595673401,35.19300069174747,-97.43852030430037,331.9414471921906,3.4329519271850586,22.299999237060547
1763595673401,35.19300058288407,-97.43851856593665,331.94196371556046,3.4480574131011963,22.399999618530273
1763595673401,35.19300047237096,-97.43851686324581,331.94262187828315,3.4595630168914795,22.399999618530273
1763595673401,35.19300036903722,-97.4385151669506,331.94345965201035,3.473022699356079,22.700000762939453
1763595673401,35.19300026446667,-97.43851346257408,331.94517533974664,3.4893198013305664,23.299999237060547
1763595674401,35.19299958650282,-97.43850745292542,331.75523679783186,3.505852222442627,24.799999237060547
1763595674401,35.19299948750334,-97.43850590781071,331.7570990552724,3.511456251144409,26.0
1763595674401,35.19299937412051,-97.43850409566835,331.7586075154254,3.5172224044799805,27.399999618530273
1763595674401,35.19299926283269,-97.43850228961122,331.7596616705941,3.520332098007202,28.899999618530273
1763595674401,35.19299916124882,-97.43850049179731,331.76001758479515,3.5284483432769775,30.600000381469727
1763595674401,35.1929990633662,-97.43849873657564,331.7608079130532,3.538001775741577,32.70000076293945
1763595674401,35.192998975846045,-97.43849689792211,331.76197658453503,3.5449318885803223,35.29999923706055
1763595674401,35.192998892536956,-97.43849510020803,331.7632484472163,3.5534348487854004,38.400001525878906
1763595674401,35.19299881976418,-97.43849329908262,331.7649061806614,3.5599749088287354,41.900001525878906
1763595674401,35.19299876151469,-97.43849150399613,331.7664251461521,3.5745773315429688,45.900001525878906
1763595674401,35.19299871303411,-97.43848967119733,331.7685272455367,3.5894956588745117,50.599998474121094
1763595674401,35.19299867285874,-97.43848784666457,331.7702049438552,3.60365629196167,55.70000076293945
1763595674401,35.19299863578436,-97.43848606601772,331.77154754256554,3.6199941635131836,61.5
1763595674401,35.1929986057489,-97.43848417310798,331.7723851035031,3.632728099822998,68.19999694824219
1763595674401,35.1929985907946,-97.43848234705904,331.7732628834092,3.6418871879577637,76.30000305175781
1763595674401,35.19299858424835,-97.43848043807299,331.7743989715601,3.653099536895752,85.30000305175781
1763595674401,35.19299859353499,-97.43847860336734,331.77504721099467,3.6644115447998047,92.9000015258789
1763595674401,35.192998622419225,-97.43847674087513,331.77573207578405,3.6786608695983887,103.0999984741211
1763595674401,35.192998674903286,-97.43847479324974,331.7770270862461,3.6859290599823,113.80000305175781
1763595674401,35.19299875272927,-97.43847296810299,331.778735282089,3.683828830718994,126.4000015258789
1763595674401,35.19299886126772,-97.43847115342336,331.78052264121976,3.6804769039154053,135.8000030517578
1763595675401,35.19299916747567,-97.43846343364511,331.58219383449614,3.680429458618164,148.89999389648438
1763595675401,35.1929992234744,-97.43846285005675,331.5828304682979,3.6788923740386963,151.8000030517578
1763595675401,35.192999456858956,-97.43846094016985,331.58425675999024,3.6848154067993164,156.8000030517578
1763595675401,35.19299969688056,-97.43845918959714,331.58587889309246,3.6887571811676025,161.89999389648438
1763595675401,35.19300001215321,-97.43845711955831,331.5877258656126,3.6871960163116455,165.5
1763595675401,35.19300030923767,-97.4384553717338,331.5895355839279,3.6856799125671387,166.60000610351562
1763595675401,35.19300069882195,-97.43845332170473,331.5916300221208,3.6834187507629395,167.5
1763595675401,35.19300107862748,-97.43845146531038,331.59324664857627,3.6825778484344482,168.1999969482422
1763595675401,35.19300148138651,-97.43844961317177,331.5954514634084,3.681713342666626,169.0
1763595675401,35.19300190235885,-97.43844775590765,331.59744132654265,3.6698927879333496,169.89999389648438
1763595675401,35.19300233845725,-97.43844592245713,331.5994895426193,3.655337333679199,170.60000610351562
1763595675401,35.19300279046247,-97.43844408630845,331.6015786319102,3.639948606491089,171.10000610351562
1763595675401,35.19300324991018,-97.43844228684159,331.6039372069861,3.63116455078125,171.3000030517578
1763595675401,35.193003737979396,-97.43844045919371,331.60669958429406,3.6291942596435547,171.8000030517578
1763595675401,35.193004206055846,-97.4384387637796,331.60936796527943,3.6186985969543457,172.3000030517578
1763595675401,35.19300475106707,-97.43843690823208,331.6126504443293,3.6016480922698975,173.39999389648438
1763595675401,35.19300528436497,-97.43843516010483,331.6156060672589,3.581862211227417,174.60000610351562
1763595675401,35.193005849753746,-97.43843338737646,331.6185207291231,3.56361985206604,175.5
1763595675401,35.193006406490255,-97.4384317132764,331.6214385352278,3.5455353260040283,175.8000030517578
1763595675401,35.193006996273276,-97.43843004251738,331.62422972243166,3.5294125080108643,175.8000030517578
1763595675401,35.193007611746346,-97.43842838484235,331.626118376917,3.513772487640381,175.6999969482422
1763595676401,35.19300861005107,-97.43842404019459,331.45366397594466,3.4976866245269775,175.6999969482422
1763595676401,35.193009274640694,-97.43842236600582,331.4546332077788,3.483184576034546,175.6999969482422
1763595676401,35.19300994288691,-97.43842072481809,331.4553865158168,3.478001356124878,175.10000610351562
1763595676401,35.193010626411024,-97.43841909459319,331.4562885973656,3.4708139896392822,173.8000030517578
1763595676401,35.193011322752554,-97.43841748667211,331.4578252745587,3.459644317626953,171.60000610351562
1763595676401,35.19301203783898,-97.43841587387591,331.45950939855373,3.444516658782959,168.1999969482422
1763595676401,35.19301277708153,-97.43841426019462,331.4614809447113,3.429274320602417,163.10000610351562
1763595676401,35.193013486783336,-97.43841275773403,331.4635335939107,3.405189275741577,154.10000610351562
1763595676401,35.19301421800312,-97.43841123698688,331.465573111691,3.391212224960327,143.60000610351562
1763595676401,35.19301496259441,-97.43840970705496,331.4677458647747,3.379856824874878,131.1999969482422
1763595676401,35.19301571055068,-97.43840817986059,331.47076587730845,3.3666913509368896,116.80000305175781
1763595676401,35.19301644913374,-97.43840668143314,331.47292315197143,3.357274293899536,104.19999694824219
1763595676401,35.19301718148052,-97.43840521212744,331.47549899877424,3.3394131660461426,84.5999984741211
1763595676401,35.193017900559376,-97.43840375888232,331.4784346191481,3.3296523094177246,67.19999694824219
1763595676401,35.19301861671836,-97.43840229593867,331.481603503641,3.322139024734497,51.5
1763595676401,35.19301931702484,-97.43840080691376,331.4846840123668,3.3181281089782715,38.099998474121094
1763595676401,35.19302001147924,-97.4383992834449,331.48864124615136,3.3201451301574707,26.799999237060547
1763595676401,35.19302066801942,-97.43839781239569,331.4925520435992,3.3203508853912354,17.399999618530273
1763595676401,35.1930213098607,-97.43839632369216,331.4962586360417,3.3231258392333984,10.800000190734863
1763595676401,35.19302193421284,-97.43839482474849,331.5001455178967,3.3304781913757324,2.9000000953674316
1763595677401,35.1930223506891,-97.43839324500645,331.38182785323505,3.3311305046081543,-6.599999904632568
1763595677401,35.19302302270091,-97.43839159324469,331.38625171269075,3.3326900005340576,-15.399999618530273
1763595677401,35.193023665650344,-97.43839007610185,331.390491756515,3.3354439735412598,-26.100000381469727
1763595677401,35.1930242892061,-97.43838865380695,331.3958209095173,3.3432469367980957,-38.70000076293945
1763595677401,35.19302492159163,-97.43838715191448,331.4005090172307,3.3452727794647217,-52.29999923706055
1763595677401,35.19302550966618,-97.43838567903224,331.4047261598569,3.3488619327545166,-63.400001525878906
1763595677401,35.19302611501318,-97.43838413777097,331.4086030228462,3.3574411869049072,-77.19999694824219
1763595677401,35.193026693866784,-97.43838258728925,331.4130881720595,3.3649206161499023,-90.5999984741211
1763595677401,35.193027245188716,-97.43838111503374,331.418162118565,3.3690152168273926,-105.69999694824219
1763595677401,35.193027743842514,-97.43837958392938,331.42255930634445,3.372715473175049,-116.80000305175781
1763595677401,35.19302822697629,-97.4383779526308,331.42644199534647,3.370439291000366,-127.19999694824219
1763595677401,35.19302865447828,-97.43837634621634,331.4297278509629,3.3696577548980713,-136.89999389648438
1763595677401,35.193029072420316,-97.43837466190588,331.4323170702784,3.374417781829834,-144.8000030517578
1763595677401,35.193029438932186,-97.4383730170395,331.43434805946134,3.3774468898773193,-149.8000030517578
1763595677401,35.193029764083455,-97.43837142436595,331.4361893855422,3.3828511238098145,-155.1999969482422
1763595677401,35.19303006497969,-97.43836981306124,331.43803874505926,3.390355348587036,-160.0
1763595677401,35.19303035416882,-97.43836813578987,331.4400845710005,3.395432949066162,-162.39999389648438
1763595677401,35.193030599507125,-97.43836652016105,331.4417971592034,3.3988375663757324,-163.60000610351562
1763595677401,35.19303083709353,-97.43836486196764,331.4432752654819,3.409100294113159,-164.0
1763595678401,35.19303217354221,-97.43835869428356,331.28319697859365,3.431147813796997,-164.1999969482422
1763595678401,35.193032286433265,-97.43835784178465,331.28375861478565,3.4331231117248535,-164.1999969482422
1763595678401,35.193032494119386,-97.43835608245924,331.2852737067039,3.437584161758423,-164.5
1763595678401,35.19303269295523,-97.43835425866742,331.28700763079115,3.439417839050293,-164.6999969482422
1763595678401,35.19303286934907,-97.43835251422995,331.28836255514705,3.441542148590088,-164.8000030517578
1763595678401,35.19303303667148,-97.43835071224545,331.28918255602065,3.452692747116089,-164.8000030517578
1763595678401,35.19303318159218,-97.43834893007568,331.289947591182,3.4660940170288086,-164.8000030517578
1763595678401,35.193033317549244,-97.4383471296893,331.2909769061183,3.4757800102233887,-164.8000030517578
1763595678401,35.193033438991506,-97.4383452987095,331.29224558570695,3.48417329788208,-164.8000030517578
1763595678401,35.19303353251856,-97.43834349993506,331.2938647222923,3.4875240325927734,-164.8000030517578
1763595678401,35.193033613743545,-97.4383416619924,331.29530308724287,3.49308705329895,-164.8000030517578
1763595678401,35.193033674672684,-97.43833979260755,331.29625200005745,3.5024497509002686,-164.8000030517578
1763595678401,35.193033708685554,-97.43833797359524,331.29712183840064,3.5133659839630127,-164.8000030517578
1763595678401,35.193033730340716,-97.43833613206637,331.29872430732206,3.5232677459716797,-164.8000030517578
1763595678401,35.19303373249483,-97.4383342886271,331.2999330109331,3.5249476432800293,-164.39999389648438
1763595678401,35.193033713480816,-97.43833243365286,331.30096917873925,3.527531862258911,-163.1999969482422
1763595678401,35.19303366839442,-97.43833055077374,331.30143485269883,3.5352835655212402,-161.39999389648438
1763595678401,35.19303360244763,-97.438328681584,331.30184161657064,3.542487621307373,-158.1999969482422
1763595678401,35.193033527629346,-97.43832686085818,331.30224905282194,3.5465915203094482,-153.39999389648438
1763595678401,35.193033453401966,-97.4383249953785,331.30241274032244,3.5505144596099854,-147.10000610351562
1763595679401,35.193034320181035,-97.43832104684375,331.1560652326736,3.5555267333984375,-139.0
1763595679401,35.19303421684694,-97.43831928044865,331.15614699352005,3.560732126235962,-134.10000610351562
1763595679401,35.1930341021092,-97.43831739731748,331.1561985440175,3.5725491046905518,-129.6999969482422
1763595679401,35.193033983840685,-97.43831545291133,331.15603330792334,3.5839359760284424,-124.80000305175781
1763595679401,35.19303387251647,-97.43831359980487,331.15592960492376,3.591902494430542,-120.0999984741211
1763595679401,35.19303375995054,-97.43831172283465,331.15576479076867,3.5964040756225586,-116.9000015258789
1763595679401,35.19303366937051,-97.43830983886693,331.1552285418637,3.5983493328094482,-114.19999694824219
1763595679401,35.193033535038296,-97.4383078377407,331.1550199466215,3.6056506633758545,-109.9000015258789
1763595679401,35.19303339679082,-97.43830589909999,331.15500327563143,3.6149885654449463,-105.80000305175781
1763595679401,35.193033283237725,-97.43830398248123,331.15416896296625,3.6208107471466064,-100.69999694824219
1763595679401,35.19303314429734,-97.43830204615367,331.1535843768125,3.617474317550659,-94.19999694824219
1763595679401,35.193032998609844,-97.43830007217277,331.15293796390324,3.6166129112243652,-86.5
1763595679401,35.19303283639969,-97.43829810852499,331.1519952056776,3.624206781387329,-77.30000305175781
1763595679401,35.19303265006121,-97.43829616713245,331.1518388219441,3.6312506198883057,-69.0999984741211
1763595679401,35.193032458997166,-97.43829419779091,331.151071324684,3.638490915298462,-57.5
1763595679401,35.19303226200274,-97.4382923140739,331.15084554996855,3.64306640625,-45.29999923706055
1763595679401,35.193032075506835,-97.43829039393704,331.15077535083805,3.6420350074768066,-30.899999618530273
1763595679401,35.193031878760046,-97.43828846056857,331.1514606501085,3.642704725265503,-20.399999618530273
1763595679401,35.1930317252988,-97.43828650841031,331.15277818704647,3.64945650100708,-11.399999618530273
1763595680401,35.19303206364038,-97.43828264627734,331.0309039078836,3.651780843734741,-3.799999952316284
1763595680401,35.19303195565772,-97.43828070737858,331.0311908142083,3.654151678085327,1.5
1763595680401,35.19303184825118,-97.4382786538251,331.03190327449227,3.657332181930542,7.900000095367432
1763595680401,35.19303176070077,-97.4382767093367,331.03190338064144,3.6582136154174805,15.899999618530273
1763595680401,35.19303168440663,-97.43827467379185,331.0318361342583,3.6621992588043213,22.200000762939453
1763595680401,35.19303162170788,-97.43827274556007,331.0318011856062,3.6715118885040283,27.600000381469727
1763595680401,35.19303155819786,-97.43827080872369,331.0319124868879,3.6786391735076904,31.399999618530273
1763595680401,35.193031476566716,-97.43826885708734,331.0324965661697,3.684286117553711,36.0
1763595680401,35.19303141335197,-97.43826683782474,331.0331308927329,3.6940596103668213,41.20000076293945
1763595680401,35.19303136785519,-97.43826483582562,331.033272076311,3.701319932937622,45.79999923706055
1763595680401,35.1930313323297,-97.43826287709274,331.0342804709358,3.711056709289551,51.099998474121094
1763595680401,35.19303130924465,-97.43826086862659,331.0349090016994,3.7242836952209473,56.70000076293945
1763595680401,35.193031303743574,-97.43825885739574,331.03516793991747,3.7318155765533447,62.20000076293945
1763595680401,35.19303131437121,-97.43825682543893,331.0354638083503,3.7388267517089844,66.0
1763595680401,35.193031347130336,-97.4382547926734,331.03515256169374,3.750535726547241,70.5999984741211
1763595680401,35.19303139479254,-97.43825279303336,331.0345735367677,3.7691235542297363,75.4000015258789
1763595680401,35.19303145901473,-97.43825076290669,331.03423546156336,3.7850589752197266,79.0
1763595680401,35.19303154062335,-97.43824869175127,331.03440819634653,3.8008604049682617,82.5
1763595680401,35.193031635921365,-97.43824661948906,331.034647062275,3.8131558895111084,86.0999984741211
1763595680401,35.19303175269318,-97.4382445250535,331.0348860631037,3.82019305229187,89.5999984741211
1763595680401,35.193031868935456,-97.43824267446384,331.0350520435269,3.8270151615142822,92.5
1763595680401,35.193032023743775,-97.4382404741512,331.0348045863103,3.836150646209717,96.0
1763595681401,35.19303331476605,-97.43823699519513,330.91810700367165,3.848353862762451,99.5
1763595681401,35.19303351198837,-97.43823490075965,330.9184174369012,3.8564703464508057,102.9000015258789
1763595681401,35.193033732730015,-97.43823274356285,330.91946397173075,3.861934185028076,106.9000015258789
1763595681401,35.193033969071045,-97.43823065459421,330.9201720170965,3.8637170791625977,110.0999984741211
1763595681401,35.19303422617767,-97.43822857353375,330.9206042891653,3.8739020824432373,113.5
1763595681401,35.19303450993767,-97.43822646454917,330.92073061663876,3.876065731048584,117.0999984741211
1763595681401,35.19303481247769,-97.4382243712023,330.92104909482293,3.8720171451568604,120.30000305175781
1763595681401,35.193035128497236,-97.43822231162612,330.92112330479773,3.8603758811950684,124.4000015258789
1763595681401,35.19303547588319,-97.43822020764615,330.9215325149209,3.844944715499878,129.0
1763595681401,35.193035839549005,-97.43821815863308,330.92229753637724,3.8296055793762207,134.89999389648438
1763595681401,35.193036230271375,-97.43821609977039,330.92332302129904,3.821929931640625,139.8000030517578
1763595681401,35.19303664819407,-97.43821403990306,330.924752804822,3.8096423149108887,144.39999389648438
1763595681401,35.19303708262331,-97.43821200300376,330.9262193016624,3.7945759296417236,148.5
1763595681401,35.19303753146254,-97.43821003134798,330.9275164084678,3.7719593048095703,152.0
1763595681401,35.193038023243275,-97.43820800932991,330.9288671320464,3.7573065757751465,154.39999389648438
1763595681401,35.193038476681956,-97.43820623727048,330.929768888802,3.7466392517089844,156.8000030517578
1763595681401,35.1930390610134,-97.43820408706073,330.93122786295936,3.7392890453338623,158.1999969482422
1763595681401,35.19303959660421,-97.43820220015576,330.93272575067215,3.725037097930908,159.89999389648438
1763595681401,35.19304018552428,-97.4382002219882,330.9349262303646,3.706993341445923,160.6999969482422
1763595681401,35.193040767754816,-97.4381983424003,330.9371408685182,3.69282865524292,160.89999389648438
1763595682401,35.19304208501897,-97.4381967423447,330.82784571725335,3.681608200073242,160.89999389648438
1763595682401,35.193042743530555,-97.43819484999436,330.8303953795269,3.669832706451416,160.89999389648438
1763595682401,35.19304340424232,-97.43819301238898,330.83297605762164,3.6632397174835205,160.89999389648438
1763595682401,35.19304405855084,-97.43819124818813,330.83565824217135,3.6598916053771973,160.39999389648438
1763595682401,35.193044765886505,-97.43818938932992,330.83930377248794,3.657899856567383,158.1999969482422
1763595682401,35.19304546177862,-97.43818761030995,330.8422145458254,3.6553890705108643,153.8000030517578
1763595682401,35.1930461998718,-97.43818576288433,330.84554656818653,3.655339002609253,150.10000610351562
1763595682401,35.193046950338314,-97.43818394967339,330.84742690485393,3.6542210578918457,144.5
1763595682401,35.193047718084806,-97.43818213363564,330.8488327536592,3.655210256576538,140.39999389648438
1763595682401,35.19304840895264,-97.4381805141357,330.85021292336063,3.6544411182403564,133.10000610351562
1763595682401,35.19304924793194,-97.4381785782566,330.85154358122423,3.658895969390869,125.4000015258789
1763595682401,35.19305001805716,-97.43817682144106,330.85352399312137,3.6643855571746826,116.5
1763595682401,35.193050804639775,-97.43817504537395,330.85623163315563,3.670710802078247,107.30000305175781
1763595682401,35.193051591717605,-97.4381732958509,330.8594090796486,3.676121711730957,98.5999984741211
1763595682401,35.19305238515576,-97.43817152141419,330.86199018625155,3.6777663230895996,92.19999694824219
1763595682401,35.19305316543431,-97.43816977120933,330.86448899889956,3.6789209842681885,82.19999694824219
1763595682401,35.19305396570858,-97.43816797046115,330.8668802496543,3.6779799461364746,74.9000015258789
1763595683401,35.19305683382226,-97.43816443188081,330.73694208576416,3.6890838146209717,56.79999923706055
1763595683401,35.19305708202661,-97.43816385527035,330.736969990548,3.6912150382995605,54.70000076293945
1763595683401,35.19305788730886,-97.43816207480103,330.73827554258463,3.70163631439209,42.0
1763595683401,35.19305869801868,-97.4381602762864,330.7400697710422,3.710599184036255,31.700000762939453
1763595683401,35.193059448044835,-97.43815860691087,330.7420063102652,3.717057228088379,23.700000762939453
1763595683401,35.193060347289,-97.43815661406308,330.74466413137554,3.721930980682373,12.600000381469727
1763595683401,35.19306109633521,-97.43815479516438,330.7464172470669,3.7207651138305664,4.099999904632568
1763595683401,35.193061848256875,-97.4381530255043,330.7486956690489,3.7198195457458496,-2.0999999046325684
1763595683401,35.193062631146994,-97.43815122860572,330.7502798964838,3.7210092544555664,-8.899999618530273
1763595683401,35.19306339631929,-97.43814943984287,330.75241300681137,3.7246015071868896,-15.100000381469727
1763595683401,35.19306413633605,-97.43814760275859,330.7532485822174,3.7268784046173096,-23.600000381469727
1763595683401,35.1930648807645,-97.43814576321643,330.75351920462305,3.7329068183898926,-30.899999618530273
1763595683401,35.19306562225,-97.43814395311465,330.75520949918206,3.749462366104126,-39.400001525878906
1763595683401,35.19306634134347,-97.43814219956418,330.7580422834162,3.7546074390411377,-46.29999923706055
1763595683401,35.19306705713086,-97.43814037177611,330.7625914150668,3.7581520080566406,-56.29999923706055
1763595683401,35.19306769695894,-97.43813870221837,330.7677299239991,3.7562973499298096,-63.099998474121094
1763595683401,35.19306840850423,-97.43813673926894,330.772892783064,3.754354238510132,-71.9000015258789
1763595683401,35.193069047963164,-97.43813490551555,330.7771130025716,3.75337553024292,-82.5999984741211
1763595683401,35.193069667895436,-97.4381330175436,330.7808281656727,3.7541863918304443,-91.30000305175781
1763595683401,35.193070263763715,-97.43813112312954,330.7839885964734,3.756859064102173,-99.5
1763595684401,35.19307165761563,-97.43812678657842,330.63136066030586,3.769160270690918,-110.19999694824219
1763595684401,35.193071868154064,-97.43812606024215,330.6326843058412,3.7727560997009277,-112.30000305175781
1763595684401,35.19307238717549,-97.43812418598814,330.6352577276008,3.780636787414551,-115.80000305175781
1763595684401,35.193072905645195,-97.43812221822934,330.63831957565617,3.7872560024261475,-119.4000015258789
1763595684401,35.193073383732525,-97.43812029311923,330.6411041542418,3.78501033782959,-121.80000305175781
1763595684401,35.193073837280856,-97.43811834002345,330.6428778688985,3.7291183471679688,-122.80000305175781
1763595684401,35.19307425694283,-97.43811640208553,330.64371491097853,3.714080333709717,-122.9000015258789
1763595684401,35.193074654686704,-97.43811444820412,330.6437895090558,3.7089455127716064,-122.9000015258789
1763595684401,35.1930750376932,-97.43811246179884,330.6448593420366,3.7205970287323,-122.80000305175781
1763595684401,35.193075411812885,-97.43811043382955,330.64622302754736,3.7263429164886475,-121.69999694824219
1763595684401,35.19307575761127,-97.43810846532732,330.64740117070204,3.737884044647217,-119.0
1763595684401,35.19307608542255,-97.43810647817843,330.6485002064662,3.740246295928955,-113.19999694824219
1763595684401,35.19307639658084,-97.43810451607334,330.64968550750626,3.739485263824463,-106.5999984741211
1763595684401,35.19307670373547,-97.43810255383005,330.65061464556356,3.734872817993164,-92.19999694824219
1763595684401,35.19307700307814,-97.43810059258276,330.65137881013624,3.72896409034729,-79.4000015258789
1763595684401,35.19307730873325,-97.43809862629449,330.65177792429637,3.7298781871795654,-65.5
1763595684401,35.19307762507359,-97.43809665058599,330.6528211241303,3.729825258255005,-54.900001525878906
1763595684401,35.19307795856661,-97.43809465093021,330.6534121736557,3.7362332344055176,-41.79999923706055
1763595684401,35.19307828921997,-97.4380927183835,330.6547946240429,3.7538273334503174,-36.099998474121094
1763595684401,35.19307865873434,-97.43809069870876,330.65654894544844,3.7725870609283447,-24.899999618530273
1763595685401,35.19307921052862,-97.43808672697286,330.5022688306992,3.7843077182769775,-15.100000381469727
1763595685401,35.193079354067,-97.43808598729524,330.5038517956321,3.7865774631500244,-13.100000381469727
1763595685401,35.193079765417004,-97.43808381288886,330.50311507317525,3.801330804824829,-8.199999809265137
1763595685401,35.19308015691442,-97.43808182520584,330.5023324597974,3.8204917907714844,-2.799999952316284
1763595685401,35.193080530166334,-97.43807985908741,330.50305845631715,3.832796096801758,3.200000047683716
1763595685401,35.19308091681107,-97.4380778884664,330.5045168703212,3.8419673442840576,10.899999618530273
1763595685401,35.19308129279838,-97.43807592865869,330.5058316729633,3.8457882404327393,18.0
1763595685401,35.19308170458313,-97.43807385444939,330.50721408743846,3.847902297973633,25.399999618530273
1763595685401,35.19308209288543,-97.43807187087783,330.508170658167,3.8531196117401123,36.70000076293945
1763595685401,35.193082502037385,-97.43806987693637,330.50867419486383,3.8514389991760254,44.400001525878906
1763595685401,35.193082941476256,-97.43806788864732,330.5086144847239,3.842139482498169,56.20000076293945
1763595685401,35.193083408956426,-97.43806589952307,330.50858294647884,3.8280715942382812,68.5999984741211
1763595685401,35.19308388780574,-97.43806394890628,330.50880284312774,3.8228085041046143,79.30000305175781
1763595685401,35.19308437924344,-97.43806199007848,330.5089359173836,3.8246078491210938,87.69999694824219
1763595685401,35.19308489286233,-97.4380600749486,330.50924306827875,3.821978807449341,97.9000015258789
1763595685401,35.193085453900906,-97.43805810281033,330.51002058348195,3.807729482650757,109.9000015258789
1763595685401,35.193086012102384,-97.43805627695596,330.51126215709047,3.783060312271118,119.4000015258789
1763595685401,35.19308659837595,-97.43805445576183,330.5122847404819,3.766284465789795,127.0
1763595685401,35.19308718583347,-97.43805270982217,330.51314662102146,3.750322103500366,136.3000030517578
1763595685401,35.19308787455224,-97.4380507955212,330.5142248419997,3.733306407928467,146.89999389648438
1763595686401,35.19308947768139,-97.43804719206423,330.3818682120437,3.711247444152832,158.8000030517578
1763595686401,35.19308980105964,-97.43804639659047,330.38206467394474,3.704721212387085,163.60000610351562
1763595686401,35.19309063294304,-97.43804446850022,330.38305049100967,3.6924631595611572,170.89999389648438
1763595686401,35.19309141427273,-97.43804275076253,330.38353353216684,3.6769003868103027,176.6999969482422
1763595686401,35.193092205967865,-97.43804109649653,330.384308083906,3.6594884395599365,180.10000610351562
1763595686401,35.19309305453134,-97.43803940781362,330.3858870686328,3.6430044174194336,181.0
1763595686401,35.19309389427992,-97.43803780512704,330.3872847902866,3.628338098526001,180.89999389648438
1763595686401,35.193094781841765,-97.43803616409855,330.388776282678,3.6134822368621826,180.89999389648438
1763595686401,35.193095669131345,-97.43803457151012,330.3907381666607,3.5958054065704346,180.3000030517578
1763595686401,35.193096603383,-97.43803293968726,330.39292210210857,3.579718589782715,179.89999389648438
1763595686401,35.19309750673789,-97.43803140195911,330.39472576382315,3.566178321838379,179.60000610351562
1763595686401,35.19309841102904,-97.43802989808901,330.3962698936213,3.552273988723755,179.39999389648438
1763595686401,35.19309937011719,-97.43802834022053,330.398030792585,3.5376265048980713,179.10000610351562
1763595686401,35.19310029267454,-97.43802688218226,330.40025386620937,3.5258660316467285,179.10000610351562
1763595686401,35.19310123697192,-97.4380254248398,330.4020907303851,3.510387420654297,179.10000610351562
1763595686401,35.19310224721564,-97.43802390731754,330.4040099373569,3.488736391067505,179.10000610351562
1763595686401,35.19310321127301,-97.43802249528107,330.4058501315029,3.480936050415039,179.10000610351562
1763595686401,35.19310420413875,-97.43802107789516,330.4079657526215,3.4709784984588623,179.10000610351562
1763595686401,35.19310519138322,-97.43801969960015,330.41072849078756,3.466789722442627,179.0
1763595686401,35.19310621813987,-97.43801830974748,330.4135243849074,3.4588146209716797,178.89999389648438
1763595687401,35.19310992874631,-97.43801526641478,330.26651180075686,3.4440410137176514,178.6999969482422
1763595687401,35.19311035016376,-97.43801472895035,330.26809603332214,3.4425203800201416,178.60000610351562
1763595687401,35.19311144797848,-97.43801339711183,330.2704862911318,3.433323621749878,178.3000030517578
1763595687401,35.19311252668601,-97.43801213121968,330.2732981312819,3.431584596633911,177.89999389648438
1763595687401,35.19311363107793,-97.43801085740559,330.2756836955116,3.4279351234436035,177.60000610351562
1763595687401,35.193114752868695,-97.43800958007132,330.27829027684834,3.4249484539031982,177.5
1763595687401,35.19311585550285,-97.43800834750742,330.28146106576025,3.4162538051605225,177.5
1763595687401,35.193116959235475,-97.43800713104312,330.28444668682295,3.4039506912231445,177.3000030517578
1763595687401,35.19311809259636,-97.43800590988258,330.28735401546646,3.3910446166992188,176.8000030517578
1763595687401,35.193119258240394,-97.43800469328603,330.29045369996317,3.3792834281921387,176.10000610351562
1763595687401,35.193120371156034,-97.43800354882266,330.29319275911195,3.36824107170105,175.0
1763595687401,35.19312154859379,-97.43800236859292,330.2957572058862,3.3571958541870117,171.39999389648438
1763595687401,35.1931227100078,-97.43800123089959,330.29844044569995,3.3447391986846924,164.60000610351562
1763595687401,35.193123873432114,-97.43800011785825,330.30182395386504,3.3302040100097656,155.5
1763595687401,35.193125033226856,-97.43799903670552,330.30570712987327,3.3213820457458496,141.1999969482422
1763595687401,35.19312621138568,-97.43799795319035,330.31004303356093,3.3122589588165283,119.5
1763595687401,35.193127384252456,-97.4379968876037,330.3148653507198,3.3017451763153076,104.0
1763595687401,35.19312850384741,-97.43799587618436,330.3197582682601,3.294660806655884,80.80000305175781
1763595687401,35.19312960455588,-97.43799488735135,330.3248902108699,3.285747766494751,65.5
1763595687401,35.19313075334063,-97.43799384584979,330.33026719038827,3.2712888717651367,51.29999923706055
1763595688401,35.193133850810206,-97.43799142883233,330.1653840397315,3.2538928985595703,16.100000381469727
1763595688401,35.19313435523414,-97.43799096005897,330.16862724504705,3.2535011768341064,16.100000381469727
1763595688401,35.19313543727004,-97.43798989086561,330.17285699301647,3.2550323009490967,-0.10000000149011612
1763595688401,35.19313655493732,-97.4379887538775,330.1775664185009,3.2558774948120117,-11.600000381469727
1763595688401,35.19313760641436,-97.43798761657283,330.1818447276322,3.255740165710449,-21.5
1763595688401,35.19313862489625,-97.43798650726289,330.18634898186866,3.2561633586883545,-31.700000762939453
1763595688401,35.193139666129426,-97.43798532873298,330.19004028271473,3.2593283653259277,-45.0
1763595688401,35.193140699127134,-97.43798413307375,330.1942859891211,3.2647347450256348,-62.099998474121094
1763595688401,35.193141690286666,-97.4379829789076,330.199472623684,3.2677066326141357,-76.5999984741211
1763595688401,35.193142715900784,-97.4379817640953,330.2048450732367,3.2720282077789307,-91.30000305175781
1763595688401,35.193143669586206,-97.43798060998306,330.2094422687166,3.273599147796631,-102.9000015258789
1763595688401,35.19314460671719,-97.43797940489299,330.2136197410989,3.278040647506714,-119.80000305175781
1763595688401,35.19314557050895,-97.43797809121186,330.21762070463257,3.2843005657196045,-135.3000030517578
1763595688401,35.19314648514757,-97.43797678151294,330.22120579169,3.2901511192321777,-143.8000030517578
1763595688401,35.19314735296819,-97.43797547007055,330.22440106733654,3.2950799465179443,-154.6999969482422
1763595688401,35.19314821072808,-97.4379741214202,330.22737613588475,3.3039731979370117,-161.6999969482422
1763595688401,35.19314902842204,-97.43797276852334,330.2299940617479,3.308323860168457,-169.6999969482422
1763595688401,35.19314984697028,-97.43797135354936,330.2327960576017,3.3090009689331055,-173.6999969482422
1763595688401,35.19315062399435,-97.43796993898555,330.2350912671373,3.31140398979187,-176.6999969482422
1763595688401,35.193151394768634,-97.43796847130362,330.2371814697791,3.318535566329956,-177.8000030517578
1763595688401,35.19315210839866,-97.4379670651922,330.2392853771392,3.328669309616089,-178.1999969482422
1763595688401,35.19315282631289,-97.4379655996067,330.24150094826405,3.342090129852295,-178.10000610351562
1763595689401,35.19315527607888,-97.43796114537531,330.08593856552574,3.3650524616241455,-177.89999389648438
1763595689401,35.19315564269716,-97.43796035614425,330.08745060621317,3.3740720748901367,-177.89999389648438
1763595689401,35.19315635369957,-97.43795877729364,330.088984098434,3.3833696842193604,-177.8000030517578
1763595689401,35.19315703584811,-97.43795722116117,330.08998449097203,3.401465892791748,-177.8000030517578
1763595689401,35.19315769523817,-97.437955671951,330.0909811323582,3.4188389778137207,-177.6999969482422
1763595689401,35.193158370735446,-97.43795402356386,330.0916799269941,3.435709238052368,-177.5
1763595689401,35.193159018002966,-97.43795240200618,330.09195967227856,3.453826427459717,-177.3000030517578
1763595689401,35.1931596561437,-97.43795076269988,330.0918954685302,3.4609808921813965,-177.1999969482422
1763595689401,35.1931602832862,-97.43794910008975,330.09200610066034,3.47385835647583,-177.1999969482422
1763595689401,35.19316089553318,-97.43794743113061,330.0924586975656,3.4891014099121094,-177.1999969482422
1763595689401,35.193161484170915,-97.43794577366957,330.09289796997757,3.5006778240203857,-177.1999969482422
1763595689401,35.193162070877094,-97.43794404875655,330.09304671368614,3.5137617588043213,-177.10000610351562
1763595689401,35.19316263965741,-97.43794233036905,330.09289668607244,3.525580883026123,-176.8000030517578
1763595689401,35.19316321592108,-97.43794056892696,330.0928348924868,3.5380749702453613,-176.5
1763595689401,35.19316375675546,-97.43793882777267,330.0918180347401,3.547741174697876,-175.6999969482422
1763595689401,35.193164283277596,-97.4379370610496,330.0907853920841,3.5669448375701904,-174.6999969482422
1763595689401,35.193164799299055,-97.43793526334856,330.090343327786,3.5867581367492676,-173.5
1763595689401,35.19316530829385,-97.43793346600529,330.0903293862227,3.60178542137146,-172.1999969482422
1763595689401,35.19316578353081,-97.4379317083422,330.0899558013751,3.6095669269561768,-171.10000610351562
1763595689401,35.19316623295907,-97.43792991077949,330.0886940151155,3.6172690391540527,-170.3000030517578
1763595689401,35.193166675510355,-97.43792811496469,330.08745675993737,3.6275203227996826,-169.5
1763595690401,35.19316872067934,-97.4379246491558,329.9580725571725,3.6389894485473633,-168.60000610351562
1763595690401,35.193169149095425,-97.43792272110451,329.95712167899524,3.644582986831665,-168.0
1763595690401,35.19316956559814,-97.43792075735652,329.95501401278614,3.6460824012756348,-167.5
1763595690401,35.19316994886316,-97.43791887960545,329.95338183121356,3.6500184535980225,-166.1999969482422
1763595690401,35.19317032499582,-97.43791694765451,329.9511316968003,3.6553468704223633,-165.1999969482422
1763595690401,35.19317066191608,-97.4379150777118,329.9493496898064,3.663849115371704,-163.6999969482422
1763595690401,35.19317098109598,-97.43791317068553,329.94735983626515,3.6675400733947754,-162.60000610351562
1763595690401,35.193171296613805,-97.43791119751047,329.94564214917744,3.6675827503204346,-160.6999969482422
1763595690401,35.19317160484172,-97.43790926554716,329.94291856070765,3.6711220741271973,-158.1999969482422
1763595690401,35.19317187522284,-97.43790733723809,329.9400437892135,3.674569845199585,-155.60000610351562
1763595690401,35.193172148709046,-97.43790536474886,329.9371804474581,3.6784119606018066,-150.39999389648438
1763595690401,35.193172399866896,-97.43790339810235,329.9341526179127,3.685490846633911,-146.3000030517578
1763595690401,35.1931726398277,-97.43790145973954,329.93121843900343,3.6936497688293457,-141.3000030517578
1763595690401,35.193172864155635,-97.43789949313233,329.92896146657057,3.7014811038970947,-131.8000030517578
1763595690401,35.19317307822543,-97.43789750998143,329.92714295561836,3.7074289321899414,-122.30000305175781
1763595690401,35.193173281741956,-97.43789556119317,329.924601405618,3.717074155807495,-113.0999984741211
1763595690401,35.19317347096503,-97.4378935778162,329.9221130713281,3.721531867980957,-104.5
1763595690401,35.19317365259626,-97.43789161090771,329.9201467063554,3.7246696949005127,-96.69999694824219
1763595690401,35.19317383881171,-97.43788962249488,329.9180715940166,3.727567195892334,-89.30000305175781
1763595691401,35.19317461377568,-97.43788576736388,329.77267448963175,3.7361364364624023,-77.5
1763595691401,35.19317470077251,-97.43788491549633,329.7714045806287,3.7407386302948,-76.0
1763595691401,35.193174923985154,-97.43788277350667,329.7679465687377,3.7554407119750977,-65.80000305175781
1763595691401,35.19317511416274,-97.43788081787744,329.76612198062656,3.764444351196289,-59.099998474121094
1763595691401,35.193175329321974,-97.43787887673497,329.76357793446385,3.778236150741577,-53.20000076293945
1763595691401,35.193175554175966,-97.43787683135757,329.7607053193625,3.7880892753601074,-49.29999923706055
1763595691401,35.19317576068774,-97.4378747816172,329.75818250422134,3.806370496749878,-45.20000076293945
1763595691401,35.19317599413644,-97.43787270189536,329.7554536680232,3.8204727172851562,-40.20000076293945
1763595691401,35.19317623138326,-97.43787062259976,329.7532225687128,3.837282180786133,-36.70000076293945
1763595691401,35.193176474968794,-97.43786850321372,329.7515076705837,3.8483753204345703,-32.20000076293945
1763595691401,35.193176693524926,-97.43786645827306,329.7496743899628,3.852328300476074,-28.100000381469727
1763595691401,35.19317692898197,-97.43786440252201,329.7464847497153,3.8628811836242676,-24.5
1763595691401,35.1931771646603,-97.43786223322904,329.7439342602219,3.8825042247772217,-21.100000381469727
1763595691401,35.19317739529416,-97.4378601623815,329.7421887721539,3.894235134124756,-18.100000381469727
1763595691401,35.19317764322144,-97.43785809967855,329.7401608494988,3.9054768085479736,-13.899999618530273
1763595691401,35.19317789675399,-97.43785591359416,329.73736818564936,3.9140024185180664,-9.600000381469727
1763595691401,35.19317814198468,-97.43785376265286,329.7354460237463,3.9290249347686768,-2.799999952316284
1763595691401,35.19317837282249,-97.43785162815858,329.73338437372456,3.9384939670562744,1.100000023841858
1763595691401,35.19317859899256,-97.43784951325476,329.73219878632614,3.9485485553741455,5.0
1763595691401,35.193178836023264,-97.4378473187211,329.7321599114183,3.961244821548462,10.199999809265137
1763595691401,35.19317904096883,-97.43784525620244,329.7335873954241,3.9687588214874268,15.699999809265137
1763595692401,35.19317964935276,-97.43784238038832,329.63991604525125,3.979851245880127,21.399999618530273
1763595692401,35.193179904416944,-97.43784018244364,329.640426412151,3.993781566619873,29.299999237060547
1763595692401,35.19318016858556,-97.43783807350526,329.6401910909277,4.004158973693848,35.79999923706055
1763595692401,35.19318045239955,-97.43783593692561,329.64073743402065,4.010618686676025,42.29999923706055
1763595692401,35.193180751849646,-97.43783377182176,329.6418102855783,4.016186237335205,48.599998474121094
1763595692401,35.19318107234541,-97.43783162662783,329.64256963685733,4.019781112670898,54.70000076293945
1763595692401,35.193181417347716,-97.43782944000945,329.6430859610792,4.025343418121338,61.79999923706055
1763595692401,35.193181775791956,-97.4378273143782,329.64344523204295,4.029926776885986,65.30000305175781
1763595692401,35.193182161258214,-97.43782514227874,329.64337524617804,4.032601356506348,72.0999984741211
1763595692401,35.19318255603905,-97.43782299534666,329.64298703442677,4.03112268447876,76.19999694824219
1763595692401,35.193182976712144,-97.43782083177885,329.64313891172884,4.0322747230529785,82.0
1763595692401,35.193183421761866,-97.43781865798132,329.6436140838844,4.039015769958496,86.0999984741211
1763595692401,35.193183893468756,-97.43781644757614,329.64477256891035,4.043272972106934,89.69999694824219
1763595692401,35.193184355691066,-97.43781437096949,329.64569203052207,4.045749664306641,92.5
1763595692401,35.19318484365401,-97.4378122734119,329.64643249313036,4.039976596832275,96.5
1763595692401,35.19318539086133,-97.43781004446419,329.6460347918124,4.0391459465026855,98.69999694824219
1763595692401,35.19318593332811,-97.43780793714406,329.64545231905464,4.040085315704346,100.0999984741211
1763595692401,35.193186502557346,-97.43780580546984,329.64506604006925,4.046779155731201,102.0999984741211
1763595692401,35.19318708608349,-97.43780369812538,329.64528044764614,4.053308486938477,104.4000015258789
1763595692401,35.19318768906435,-97.4378015470231,329.6456335314521,4.054497718811035,106.5999984741211
1763595693401,35.193188713521145,-97.4377990262965,329.53783648371564,4.056471347808838,108.5
1763595693401,35.193189353740316,-97.43779692536737,329.5373899301466,4.057240962982178,110.0
1763595693401,35.19319002459805,-97.43779479773589,329.537311599395,4.056020736694336,112.30000305175781
1763595693401,35.19319070547382,-97.43779271604637,329.5372974877016,4.050296783447266,115.0999984741211
1763595693401,35.193191394224954,-97.43779068060974,329.5373637162963,4.051877975463867,118.5
1763595693401,35.1931920935309,-97.43778867523118,329.5376837860534,4.058794021606445,123.30000305175781
1763595693401,35.19319286370063,-97.43778654175036,329.5383136246185,4.0621795654296875,128.5
1763595693401,35.19319361883378,-97.43778452272262,329.539130575828,4.066627025604248,132.0
1763595693401,35.19319439649105,-97.43778249928496,329.5400940364856,4.063042163848877,136.39999389648438
1763595693401,35.193195227514245,-97.43778042516703,329.5407596384445,4.055971145629883,140.8000030517578
1763595693401,35.19319606238287,-97.43777842391836,329.5414223643919,4.048738956451416,145.10000610351562
1763595693401,35.19319690416902,-97.43777647728372,329.54243478157724,4.036794185638428,148.89999389648438
1763595693401,35.19319776234526,-97.43777455697466,329.5433227183856,4.026454925537109,152.10000610351562
1763595693401,35.19319867649298,-97.43777259275707,329.5445426232239,4.017529487609863,154.5
1763595693401,35.19319962733194,-97.43777062508782,329.54612233119894,4.005145072937012,156.5
1763595693401,35.19320055591215,-97.43776877549988,329.54801324855777,3.9882357120513916,157.10000610351562
1763595693401,35.19320152272696,-97.43776692251416,329.55027498960237,3.9765868186950684,157.39999389648438
1763595693401,35.19320250948292,-97.43776510639456,329.5526379903554,3.9597346782684326,157.5
1763595693401,35.19320350892667,-97.43776330267963,329.5554022568533,3.9393227100372314,157.5
1763595693401,35.193204533780154,-97.43776152301697,329.5579674333265,3.9256093502044678,157.5
1763595694401,35.193205705906266,-97.43775911880252,329.4667157302912,3.9089229106903076,157.5
1763595694401,35.193206724614704,-97.43775744189199,329.4692601606192,3.889899492263794,157.5
1763595694401,35.193207776253374,-97.43775574372037,329.4721995267125,3.8733136653900146,157.5
1763595694401,35.19320884381283,-97.43775406457476,329.4755533354769,3.855318784713745,157.5
1763595694401,35.19320994089911,-97.43775238153755,329.4796601521122,3.8409230709075928,157.5
1763595694401,35.193211023598955,-97.43775076592145,329.4836384110225,3.8184354305267334,157.5
1763595694401,35.19321215118175,-97.43774912892012,329.48763172863283,3.8009490966796875,157.5
1763595694401,35.19321324255835,-97.43774758504767,329.49151445095526,3.7761802673339844,156.6999969482422
1763595694401,35.193214330371326,-97.43774607553627,329.49501964102063,3.7531819343566895,154.89999389648438
1763595694401,35.19321549370998,-97.4377444987008,329.49928249617716,3.7372453212738037,152.3000030517578
1763595694401,35.19321662394713,-97.43774300866292,329.5035264850794,3.7193591594696045,148.89999389648438
1763595694401,35.19321776113331,-97.43774154400364,329.5078819934063,3.7056820392608643,144.39999389648438
1763595694401,35.19321892014834,-97.43774007243466,329.51253114697727,3.6831932067871094,138.8000030517578
1763595694401,35.193220057178245,-97.43773865006762,329.51731109637893,3.6685802936553955,132.3000030517578
1763595694401,35.193221188292355,-97.43773727660519,329.52268417626095,3.656271457672119,124.5999984741211
1763595694401,35.1932223383336,-97.4377358862662,329.5282767908264,3.6361377239227295,119.80000305175781
1763595694401,35.193223486226316,-97.43773452524847,329.5338520967601,3.620502233505249,113.30000305175781
1763595694401,35.19322461315655,-97.43773319100686,329.5385398649182,3.608670711517334,107.69999694824219
1763595694401,35.19322574893681,-97.43773185593203,329.5432258663279,3.5933728218078613,98.19999694824219
1763595695401,35.19322853779773,-97.43773091805159,329.4609888954958,3.5892953872680664,87.80000305175781
1763595695401,35.19322952398076,-97.43772975835557,329.46366479047197,3.5931155681610107,78.9000015258789
1763595695401,35.19323067902702,-97.43772839744578,329.46796591549224,3.5930824279785156,71.69999694824219
1763595695401,35.19323185782853,-97.43772701189718,329.4726404231091,3.5881149768829346,59.29999923706055
1763595695401,35.1932329837652,-97.43772569173453,329.476718109732,3.5815703868865967,54.099998474121094
1763595695401,35.19323411403964,-97.43772433950977,329.4812183557924,3.5766003131866455,47.29999923706055
1763595695401,35.19323525052263,-97.43772296416262,329.48583290086606,3.5689315795898438,37.0
1763595695401,35.19323638978709,-97.43772158092197,329.4896594115945,3.562998056411743,29.5
1763595695401,35.19323752679594,-97.43772016530329,329.4938022004243,3.5564422607421875,17.700000762939453
1763595695401,35.19323864265357,-97.43771879967404,329.4973033092805,3.552750825881958,5.900000095367432
1763595695401,35.193239658873615,-97.43771749947463,329.4987344058448,3.554581642150879,0.30000001192092896
1763595695401,35.19324083936536,-97.4377160121474,329.50326296718595,3.561166763305664,-8.100000381469727
1763595695401,35.19324194634212,-97.43771461623113,329.50689775664773,3.566807746887207,-15.5
1763595695401,35.19324303997055,-97.43771327163532,329.5123391977067,3.5692522525787354,-21.100000381469727
1763595695401,35.19324409715366,-97.43771196695565,329.51566679413105,3.568325996398926,-25.600000381469727
1763595695401,35.19324515398439,-97.43771062470317,329.51922087071813,3.564033269882202,-27.5
1763595695401,35.19324616818593,-97.43770929234499,329.5225715278403,3.5651960372924805,-28.200000762939453
1763595695401,35.193247196301584,-97.43770788296732,329.5265999411946,3.5672197341918945,-28.200000762939453
1763595695401,35.1932481949274,-97.4377065280159,329.5306475943291,3.567145586013794,-28.200000762939453
1763595696401,35.193249992554186,-97.43770377981923,329.39130830205715,3.5715320110321045,-28.100000381469727
1763595696401,35.1932510432841,-97.43770233067531,329.3933042872507,3.5769500732421875,-28.0
1763595696401,35.193252083828376,-97.43770090092588,329.3956920989386,3.5861783027648926,-27.899999618530273
1763595696401,35.1932531446897,-97.43769944487808,329.39774201929987,3.5973570346832275,-27.899999618530273
1763595696401,35.193254207955505,-97.4376979765049,329.40018615584256,3.6080853939056396,-27.899999618530273
1763595696401,35.19325525659338,-97.4376965148958,329.40297761841,3.6088218688964844,-28.100000381469727
1763595696401,35.193256280977444,-97.437695079382,329.40489249678774,3.6106302738189697,-29.0
1763595696401,35.19325729301327,-97.4376936623296,329.4066566947463,3.613083839416504,-30.5
1763595696401,35.193258332466115,-97.43769218381794,329.4089171602376,3.612581729888916,-31.899999618530273
1763595696401,35.193259325314386,-97.437690770888,329.4117338487823,3.616765022277832,-32.20000076293945
1763595696401,35.19326032295946,-97.43768935958475,329.41446459018334,3.61991024017334,-31.200000762939453
1763595696401,35.1932613103577,-97.43768795531295,329.41664647798876,3.6161043643951416,-29.100000381469727
1763595696401,35.1932623719867,-97.4376864060526,329.4193144122589,3.6206789016723633,-25.399999618530273
1763595696401,35.1932634215192,-97.43768485514718,329.42236063484626,3.617830753326416,-17.899999618530273
1763595696401,35.1932643687003,-97.43768345887975,329.4235225615581,3.6228926181793213,-13.899999618530273
1763595696401,35.19326531149714,-97.43768206821905,329.42556017194073,3.6356141567230225,-4.300000190734863
1763595696401,35.193266281315985,-97.43768063322034,329.4285975880797,3.6412980556488037,5.599999904632568
1763595696401,35.19326725516403,-97.43767918015583,329.4321408777547,3.639787435531616,17.5
1763595696401,35.193268146336926,-97.43767783239703,329.4338460272415,3.634990692138672,28.100000381469727
1763595696401,35.193269174531686,-97.43767627729363,329.4356363405309,3.632124900817871,44.5
1763595696401,35.19327014721511,-97.43767483649407,329.43713653547417,3.634645462036133,55.70000076293945
1763595697401,35.193273806826326,-97.43767155590007,329.3069451616741,3.6340482234954834,80.5
1763595697401,35.19327421046656,-97.43767102240952,329.30682161229015,3.6345012187957764,83.0
1763595697401,35.19327541885208,-97.4376695174292,329.30761450525836,3.6379308700561523,97.80000305175781
1763595697401,35.193276462692644,-97.43766826902055,329.3084833381564,3.6340529918670654,109.80000305175781
1763595697401,35.19327771729754,-97.4376668449514,329.3100341597232,3.6292479038238525,121.4000015258789
1763595697401,35.19327885586323,-97.43766559773057,329.3112366486707,3.6280577182769775,131.8000030517578
1763595697401,35.193280004292816,-97.43766439302163,329.31238415914777,3.6352217197418213,140.6999969482422
1763595697401,35.193281215522966,-97.43766317650329,329.31334356066907,3.6337342262268066,146.39999389648438
1763595697401,35.19328248700405,-97.43766195913612,329.315132136739,3.6008260250091553,153.60000610351562
1763595697401,35.193283767041265,-97.43766078276846,329.31708497707945,3.5985610485076904,156.1999969482422
1763595697401,35.19328499067054,-97.43765969602178,329.3187897740848,3.599424362182617,158.60000610351562
1763595697401,35.19328622769105,-97.4376586335459,329.32085939283803,3.6022164821624756,161.60000610351562
1763595697401,35.1932875609677,-97.43765752884464,329.32252145554776,3.5946059226989746,165.5
1763595697401,35.19328885039042,-97.43765649362577,329.3238395243096,3.5895423889160156,168.6999969482422
1763595697401,35.193290149220374,-97.43765548560489,329.32580625737324,3.5793862342834473,171.8000030517578
1763595697401,35.193291453033495,-97.43765450607222,329.3284882369328,3.574821710586548,174.5
1763595697401,35.193292750166634,-97.43765356336799,329.331066958427,3.5681517124176025,176.39999389648438
1763595697401,35.19329408427494,-97.4376526262817,329.33386841494064,3.5676333904266357,177.6999969482422
1763595697401,35.193295355371376,-97.43765175573472,329.3360209913894,3.563941478729248,179.10000610351562
1763595697401,35.193296651670174,-97.43765090075028,329.3389085500882,3.558229446411133,181.0
1763595697401,35.19329803548696,-97.43765002039932,329.34201681301766,3.552854061126709,186.6999969482422
1763595698401,35.19330113299456,-97.43764836775193,329.1693288743669,3.5458881855010986,192.39999389648438
1763595698401,35.19330251492357,-97.43764756732985,329.17203620190224,3.540011167526245,202.6999969482422
1763595698401,35.19330399468922,-97.43764675625032,329.17506179103043,3.5291104316711426,211.60000610351562
1763595698401,35.19330538004608,-97.43764604147512,329.1780980651609,3.519458293914795,220.60000610351562
1763595698401,35.19330676817786,-97.43764537033624,329.18103676807254,3.5111353397369385,229.0
1763595698401,35.19330819636613,-97.43764472804803,329.1842829835486,3.496412754058838,236.8000030517578
1763595698401,35.19330965572151,-97.43764412077205,329.18779953927384,3.4781885147094727,243.60000610351562
1763595698401,35.19331116437915,-97.43764355206199,329.1918283390951,3.4565768241882324,249.39999389648438
1763595698401,35.19331255816187,-97.4376430901102,329.1960476053979,3.4365105628967285,254.3000030517578
1763595698401,35.19331397219617,-97.43764266768679,329.2003815618069,3.422792673110962,258.6000061035156
1763595698401,35.19331538984011,-97.43764228777522,329.20467106226664,3.413109540939331,262.5
1763595698401,35.19331686359087,-97.43764194169684,329.209529086315,3.4027976989746094,266.29998779296875
1763595698401,35.19331831697558,-97.437641635651,329.2145113237612,3.3975157737731934,269.3999938964844
1763595698401,35.19331974051399,-97.43764137474432,329.2196765862145,3.384523868560791,273.3999938964844
1763595698401,35.19332106693453,-97.43764116828379,329.2247756054905,3.376838445663452,278.5
1763595698401,35.193322612375084,-97.43764097233043,329.2304553479051,3.3734443187713623,283.0
1763595698401,35.19332408837684,-97.43764083216186,329.2354030411304,3.3722169399261475,286.5
1763595698401,35.193325482564035,-97.43764072854052,329.24011807098816,3.368366241455078,288.79998779296875
1763595698401,35.19332690268179,-97.43764065126413,329.244797219321,3.36356782913208,289.3999938964844
1763595699401,35.193330013670355,-97.43764031594314,329.10519529292617,3.352389335632324,289.5
1763595699401,35.193331510464844,-97.43764034943374,329.1098659099738,3.3527281284332275,289.5
1763595699401,35.19333295508785,-97.43764041782013,329.11488568545496,3.3495330810546875,289.5
1763595699401,35.193334397399035,-97.43764053410379,329.1204978407005,3.346001625061035,289.5
1763595699401,35.193335876187454,-97.43764070284537,329.1263690207022,3.340644359588623,289.5
1763595699401,35.193337316500745,-97.43764089897294,329.13178858552624,3.3367505073547363,289.5
1763595699401,35.193338762866176,-97.43764112926142,329.1374763520991,3.335479259490967,289.5
1763595699401,35.193340204324926,-97.43764137412431,329.1431975442369,3.3353333473205566,289.5
1763595699401,35.19334161885454,-97.43764164988154,329.1491942051959,3.336284875869751,289.5
1763595699401,35.19334304934461,-97.43764195731826,329.1556004172051,3.341815233230591,289.5
1763595699401,35.19334445616983,-97.43764230301757,329.1623994681347,3.3457424640655518,289.5
1763595699401,35.19334585958811,-97.4376426912515,329.16905562622424,3.341794729232788,289.5
1763595699401,35.19334726394418,-97.43764310520237,329.1756760382598,3.336984157562256,290.1000061035156
1763595699401,35.19334868009634,-97.43764355864859,329.1823910309258,3.3279433250427246,291.0
1763595699401,35.19335001588128,-97.43764405232469,329.1890462378242,3.3274741172790527,291.8999938964844
1763595699401,35.193351351702105,-97.43764457103032,329.19600839600577,3.3301000595092773,292.0
1763595699401,35.193352698539755,-97.43764514149908,329.2038664460191,3.331430435180664,292.0
1763595699401,35.19335402505933,-97.43764574676369,329.2117564213149,3.3300938606262207,291.8999938964844
1763595699401,35.19335534646652,-97.43764636695242,329.2189892865795,3.3320741653442383,291.20001220703125
1763595699401,35.19335654877931,-97.43764695005997,329.22543851750754,3.336958885192871,289.3999938964844
1763595699401,35.19335794795059,-97.43764766926182,329.23351877682654,3.3431601524353027,286.70001220703125
1763595700401,35.19335948624343,-97.43764825585751,329.1271458243379,3.3360955715179443,282.5
1763595700401,35.19336075442171,-97.4376489687016,329.13534821377493,3.3251209259033203,277.1000061035156
1763595700401,35.193362020899784,-97.43764970530088,329.14321162771853,3.3217031955718994,271.1000061035156
1763595700401,35.1933632579275,-97.43765044826606,329.1503543475508,3.320488691329956,266.20001220703125
1763595700401,35.193364559964536,-97.43765125494353,329.15818401681497,3.3253304958343506,259.20001220703125
1763595700401,35.193365740287284,-97.43765201468439,329.1652871557314,3.3246114253997803,253.89999389648438
1763595700401,35.19336695953518,-97.43765281444946,329.1731864347014,3.323434829711914,249.6999969482422
1763595700401,35.19336821927359,-97.43765368325437,329.18145725921437,3.3172390460968018,243.0
1763595700401,35.1933694078462,-97.43765456702809,329.1888547635776,3.3145062923431396,238.60000610351562
1763595700401,35.19337055147527,-97.43765549414938,329.19569416368523,3.3222670555114746,233.39999389648438
1763595700401,35.193371695554426,-97.43765642616454,329.20299746011614,3.336493492126465,229.6999969482422
1763595700401,35.19337285860703,-97.43765735016474,329.2096054114065,3.346829414367676,227.5
1763595700401,35.193374039399586,-97.4376582503817,329.2165159459556,3.3514697551727295,227.10000610351562
1763595700401,35.19337517484285,-97.43765912879346,329.22394631029084,3.35197377204895,227.10000610351562
1763595700401,35.193376318631614,-97.43766004659213,329.23159325344733,3.3506557941436768,227.10000610351562
1763595700401,35.193377486859454,-97.43766095499984,329.23934492192535,3.35638427734375,227.10000610351562
1763595700401,35.19337866411194,-97.43766184728207,329.2464120874244,3.3645989894866943,226.89999389648438
1763595701401,35.19338275708174,-97.43766578786288,329.13948555340477,3.362943649291992,225.3000030517578
1763595701401,35.19338329025051,-97.4376661555043,329.14257300051554,3.3624942302703857,224.89999389648438
1763595701401,35.193384408223714,-97.43766726932076,329.149591495281,3.355980634689331,223.10000610351562
1763595701401,35.19338550461965,-97.4376684272596,329.15616196957285,3.358596086502075,220.6999969482422
1763595701401,35.19338661032076,-97.43766962191425,329.16299004558743,3.3681111335754395,218.89999389648438
1763595701401,35.19338772401965,-97.43767084720899,329.17009234739123,3.3772215843200684,217.6999969482422
1763595701401,35.19338875693543,-97.4376720303427,329.17698148180307,3.3948771953582764,217.10000610351562
1763595701401,35.19338984669962,-97.43767329869337,329.18414540557353,3.404759645462036,216.6999969482422
1763595701401,35.19339085138543,-97.43767450187998,329.1913389710325,3.412074565887451,216.10000610351562
1763595701401,35.19339190076637,-97.43767572210353,329.19875599349433,3.4184603691101074,214.1999969482422
1763595701401,35.19339292411766,-97.43767694293939,329.2060236965933,3.4192123413085938,211.39999389648438
1763595701401,35.193393904989485,-97.43767820843664,329.21268038022686,3.4214272499084473,207.60000610351562
1763595701401,35.193394902019676,-97.43767948261731,329.2189613144098,3.4271841049194336,203.0
1763595701401,35.193395855028385,-97.43768078057403,329.22556090129274,3.430058717727661,198.0
1763595701401,35.193396813213745,-97.43768211442668,329.2316862454106,3.441603183746338,193.0
1763595701401,35.193397792107625,-97.43768342356489,329.23814346605496,3.4453420639038086,188.1999969482422
1763595701401,35.19339876428067,-97.43768471762405,329.2445115027134,3.4510257244110107,185.0
1763595701401,35.193399729626776,-97.4376860253612,329.25096854778565,3.4586472511291504,182.3000030517578
1763595701401,35.19340064339056,-97.4376873613454,329.25806766444845,3.462263345718384,182.0
1763595701401,35.19340159704953,-97.43768875507034,329.2655873742617,3.4598169326782227,182.0
1763595702401,35.19340484392992,-97.43769454263504,329.16773047423527,3.472536087036133,181.3000030517578
1763595702401,35.19340531182179,-97.43769519844655,329.17096929193445,3.4721670150756836,180.89999389648438
1763595702401,35.19340618926411,-97.43769672259222,329.1773418810023,3.481722831726074,179.5
1763595702401,35.19340704961684,-97.43769828784787,329.1841614969096,3.488111734390259,177.89999389648438
1763595702401,35.193407883951515,-97.43769986701577,329.19143388461794,3.495192766189575,175.6999969482422
1763595702401,35.193408686745585,-97.43770138145474,329.1975826394353,3.5061428546905518,173.1999969482422
1763595702401,35.193409473912524,-97.43770292934128,329.20313602329463,3.5159518718719482,171.8000030517578
1763595702401,35.19341030025315,-97.43770458547236,329.20979132875794,3.525127410888672,171.3000030517578
1763595702401,35.19341107461793,-97.43770617975858,329.21620335652085,3.5366263389587402,171.39999389648438
1763595702401,35.1934118394805,-97.43770777493354,329.22314961202807,3.5498480796813965,172.39999389648438
1763595702401,35.193412595556964,-97.4377093790244,329.2309225943292,3.56197452545166,173.60000610351562
1763595702401,35.19341334347576,-97.43771100939627,329.2391607953543,3.565070152282715,174.10000610351562
1763595702401,35.193414058025446,-97.43771265630387,329.2469376882437,3.566540002822876,174.1999969482422
1763595702401,35.19341472719739,-97.4377143124268,329.25438594435775,3.5717692375183105,174.1999969482422
1763595702401,35.193415380635734,-97.43771601470543,329.26111522138336,3.5796737670898438,174.10000610351562
1763595702401,35.193416008792994,-97.43771775199086,329.26875842074526,3.588482618331909,174.10000610351562
1763595702401,35.193416555372245,-97.43771938815316,329.2761667834918,3.5991740226745605,174.10000610351562
1763595702401,35.193417109129946,-97.43772108403908,329.2840500089921,3.605456829071045,174.10000610351562
1763595702401,35.1934176714651,-97.43772286919267,329.29163925392623,3.6153998374938965,174.10000610351562
1763595702401,35.19341819824164,-97.43772461321946,329.2992301637408,3.623382568359375,174.1999969482422
1763595702401,35.19341869654615,-97.43772634641329,329.3064750355195,3.6329634189605713,174.6999969482422
1763595703401,35.19342031351784,-97.4377309785241,329.20257008206545,3.6405208110809326,176.0
1763595703401,35.19342077356438,-97.43773277016591,329.20856473638355,3.6441550254821777,177.39999389648438
1763595703401,35.193421245350436,-97.43773462181895,329.2145100552846,3.6530377864837646,179.60000610351562
1763595703401,35.19342171251663,-97.4377365089603,329.22059623520215,3.6593470573425293,181.60000610351562
1763595703401,35.19342215645384,-97.43773839249225,329.22643822595785,3.6676828861236572,185.0
1763595703401,35.19342253306148,-97.43774022601045,329.23244699160665,3.679659366607666,188.8000030517578
1763595703401,35.193422908649275,-97.43774213889385,329.2395049706393,3.690664291381836,195.39999389648438
1763595703401,35.19342325931525,-97.43774408240323,329.24755465015477,3.6986289024353027,202.89999389648438
1763595703401,35.19342355409096,-97.43774592645481,329.254799344175,3.70259952545166,210.6999969482422
1763595703401,35.1934238176019,-97.43774777060631,329.2628591630808,3.709427833557129,220.89999389648438
1763595703401,35.1934240671235,-97.43774974237176,329.27188572330704,3.7132515907287598,229.5
1763595703401,35.19342426981172,-97.43775171257549,329.2811242845635,3.715705156326294,238.3000030517578
1763595703401,35.193424399728,-97.437753668123,329.28955318955207,3.719550609588623,246.6999969482422
1763595703401,35.19342450523148,-97.4377556159997,329.29812278337965,3.7292871475219727,254.5
1763595703401,35.19342457776791,-97.43775758371125,329.30715320390675,3.731440544128418,262.0
1763595703401,35.19342463309309,-97.43775952951673,329.3165171784774,3.7324445247650146,267.8999938964844
1763595703401,35.1934246133212,-97.43776148732101,329.3251712229555,3.731487512588501,275.3999938964844
1763595703401,35.19342454170399,-97.43776342302698,329.33415775745806,3.736166477203369,282.79998779296875
1763595703401,35.19342447978593,-97.43776542481773,329.3439068601166,3.736585855484009,290.70001220703125
1763595703401,35.193424346770854,-97.43776733100552,329.3535178497387,3.7279555797576904,296.6000061035156
1763595704401,35.19342405651911,-97.43777338023344,329.2773370010783,3.721843719482422,301.6000061035156
1763595704401,35.19342372491083,-97.43777546553454,329.28661261283065,3.706371307373047,306.20001220703125
1763595704401,35.19342336797094,-97.43777742724852,329.295874655017,3.6942026615142822,310.29998779296875
1763595704401,35.19342293516372,-97.43777937133423,329.30470754702384,3.6842710971832275,313.3999938964844
1763595704401,35.193422396469735,-97.43778146870307,329.31403919643,3.671504020690918,318.70001220703125
1763595704401,35.19342186927121,-97.43778329399927,329.3222022640017,3.6629819869995117,322.29998779296875
1763595704401,35.19342126220248,-97.4377851850175,329.3307293474182,3.6570546627044678,327.1000061035156
1763595704401,35.19342055198097,-97.43778714366941,329.3396493500337,3.6531641483306885,333.3999938964844
1763595704401,35.19341982529788,-97.43778898782361,329.3485336886817,3.649712324142456,337.3999938964844
1763595704401,35.19341904494559,-97.4377907981773,329.35725569960266,3.637727975845337,342.20001220703125
1763595704401,35.19341824902249,-97.43779254166284,329.36663420194066,3.6132657527923584,347.29998779296875
1763595704401,35.1934173979724,-97.43779428351135,329.37602112732185,3.595217704772949,351.29998779296875
1763595704401,35.19341647907194,-97.4377959897509,329.3846854282502,3.5855631828308105,354.3999938964844
1763595704401,35.19341550978688,-97.43779766229366,329.3933883096107,3.5650501251220703,358.70001220703125
1763595704401,35.193414492632016,-97.43779930361735,329.4017927382066,3.5332398414611816,363.70001220703125
1763595704401,35.1934134463637,-97.43780084804018,329.40943229619194,3.511669874191284,367.29998779296875
1763595704401,35.19341236245144,-97.4378023494892,329.41753061036087,3.4933218955993652,369.79998779296875
1763595704401,35.19341121222754,-97.43780383342383,329.42602347118066,3.4801371097564697,371.6000061035156
1763595704401,35.19341003219789,-97.43780525409491,329.43428093293096,3.461419105529785,372.79998779296875
1763595705401,35.193407665745326,-97.43780702026125,329.2864219955707,3.418778419494629,374.0
1763595705401,35.193407336813905,-97.43780740229481,329.2895568353376,3.4157986640930176,374.1000061035156
1763595705401,35.1934060417103,-97.43780863939865,329.29724898406766,3.3974084854125977,374.1000061035156
1763595705401,35.193404750843605,-97.4378098004255,329.3052171057311,3.3759028911590576,374.1000061035156
1763595705401,35.19340339104792,-97.43781093615787,329.3132179222225,3.352247953414917,374.1000061035156
1763595705401,35.19340200934717,-97.4378120461163,329.3213467887525,3.3268723487854004,374.1000061035156
1763595705401,35.1934007768658,-97.43781296225214,329.32735569366133,3.3112759590148926,373.8999938964844
1763595705401,35.19339925179047,-97.43781402815416,329.33390221628787,3.296095609664917,373.0
1763595705401,35.193397855047,-97.4378149729946,329.34030388364994,3.2793710231781006,371.0
1763595705401,35.19339638920795,-97.43781591023414,329.34622416667486,3.2612082958221436,368.5
1763595705401,35.19339497893368,-97.43781675808935,329.35095069236297,3.246288776397705,365.6000061035156
1763595705401,35.19339357412943,-97.43781762252905,329.3567299090801,3.234637975692749,362.20001220703125
1763595705401,35.19339215107781,-97.43781846414635,329.3632129189737,3.227167844772339,358.5
1763595705401,35.19339071482133,-97.43781929011699,329.3700136222726,3.2198612689971924,351.20001220703125
1763595705401,35.193389265845546,-97.43782003072106,329.37659892064636,3.2108170986175537,335.3999938964844
1763595705401,35.193387795296594,-97.43782074621843,329.38298578098323,3.2077832221984863,316.6000061035156
1763595705401,35.19338635049786,-97.43782141388375,329.3893950103061,3.2007744312286377,295.29998779296875
1763595705401,35.19338489924033,-97.43782204541243,329.39526383125593,3.195826768875122,272.70001220703125
1763595705401,35.19338344201903,-97.43782268870137,329.40157701234904,3.1838014125823975,249.3000030517578
1763595705401,35.1933819489952,-97.43782333304634,329.4078414719526,3.1732683181762695,224.8000030517578
1763595705401,35.193380512760015,-97.43782401241445,329.41423910560053,3.174699068069458,203.0
1763595706401,35.193381400615486,-97.4378247934786,329.27517067016305,3.1800742149353027,187.89999389648438
1763595706401,35.193379959816575,-97.43782560807131,329.2837435647516,3.191324472427368,167.3000030517578
1763595706401,35.1933786792171,-97.43782643279766,329.2938207127579,3.198606014251709,154.8000030517578
1763595706401,35.193377403100854,-97.4378272914715,329.30484018532235,3.203401565551758,140.3000030517578
1763595706401,35.193376188547205,-97.437828238587,329.31601163009077,3.2024621963500977,123.4000015258789
1763595706401,35.19337497442761,-97.43782920302682,329.32562698662485,3.208311080932617,109.69999694824219
1763595706401,35.19337385013647,-97.43783027656958,329.3369182207726,3.211064100265503,96.5
1763595706401,35.193372716286085,-97.43783138616898,329.3475446743094,3.2124698162078857,85.69999694824219
1763595706401,35.193371567800426,-97.43783265085952,329.3586664735084,3.2247774600982666,66.5
1763595706401,35.193370472078946,-97.43783369739637,329.36882211100107,3.233808755874634,47.29999923706055
1763595706401,35.19336931937003,-97.43783468855389,329.3788953594428,3.2425734996795654,27.799999237060547
1763595706401,35.19336805284225,-97.4378356845431,329.3884048128693,3.247793674468994,8.399999618530273
1763595706401,35.193366805747,-97.43783661281726,329.3971813355911,3.258204460144043,-9.5
1763595706401,35.19336558716995,-97.43783766173327,329.40705457341875,3.2644927501678467,-27.299999237060547
1763595706401,35.19336435756757,-97.43783871814126,329.41666671652735,3.269317388534546,-44.29999923706055
1763595706401,35.1933632172904,-97.43783980238851,329.4254785176308,3.273359775543213,-58.70000076293945
1763595706401,35.193362058124634,-97.4378409633964,329.4354909367193,3.2785258293151855,-77.0999984741211
1763595706401,35.19336086566328,-97.43784208241952,329.4451141961759,3.2881712913513184,-95.19999694824219
1763595706401,35.193359705885975,-97.43784315435701,329.4547032320094,3.3041951656341553,-113.0
1763595706401,35.193358534523234,-97.43784421490098,329.4643706507445,3.3237252235412598,-132.60000610351562
1763595707401,35.193357687037036,-97.43784597421617,329.34637024806204,3.3346118927001953,-148.10000610351562
1763595707401,35.19335655318446,-97.43784709276596,329.3560915035418,3.3317360877990723,-161.89999389648438
1763595707401,35.19335543175047,-97.43784821674626,329.36487460034215,3.3341963291168213,-175.0
1763595707401,35.193354345401794,-97.43784932734143,329.3736338497065,3.3403334617614746,-188.0
1763595707401,35.193353246521944,-97.4378505204147,329.3831661408628,3.3413681983947754,-200.5
1763595707401,35.19335222448991,-97.43785168113885,329.3927519775748,3.3431506156921387,-209.60000610351562
1763595707401,35.1933512047732,-97.43785288717604,329.4025573014958,3.3428916931152344,-219.5
1763595707401,35.193350229731706,-97.43785409593534,329.4120307113696,3.3443498611450195,-229.8000030517578
1763595707401,35.19334925051806,-97.43785537723285,329.42180367101065,3.3438427448272705,-237.60000610351562
1763595707401,35.19334834099013,-97.4378566408696,329.4312664651354,3.345897674560547,-243.5
1763595707401,35.19334745620136,-97.43785793365024,329.44088366602455,3.3488714694976807,-250.8000030517578
1763595707401,35.19334660275564,-97.43785925183043,329.45006718693526,3.352997064590454,-257.8999938964844
1763595707401,35.19334576794943,-97.43786061825605,329.4593458998932,3.3524866104125977,-264.5
1763595707401,35.193344989077445,-97.43786198404759,329.46871841964935,3.354809045791626,-271.3999938964844
1763595707401,35.193344247429586,-97.43786335244486,329.4782767304774,3.358445882797241,-276.29998779296875
1763595707401,35.19334352291993,-97.43786478365384,329.4879159782734,3.3623905181884766,-280.70001220703125
1763595707401,35.19334286942719,-97.43786615914352,329.49724034926146,3.36683988571167,-284.20001220703125
1763595707401,35.19334223925702,-97.43786756745698,329.5062483594605,3.3678886890411377,-286.3999938964844
1763595707401,35.193341607586554,-97.43786907891604,329.51565081398064,3.3670201301574707,-287.70001220703125
1763595708401,35.19334073887358,-97.43787208911507,329.432283636661,3.371222496032715,-288.0
1763595708401,35.19334058462367,-97.43787253278403,329.4352798679494,3.372082233428955,-288.0
1763595708401,35.19334009834162,-97.4378740229605,329.44429725109285,3.3747942447662354,-288.0
1763595708401,35.19333963868465,-97.43787554851538,329.45346422479383,3.3785400390625,-288.0
1763595708401,35.1933392525437,-97.43787692557605,329.4613363800097,3.3854126930236816,-288.0
1763595708401,35.19333882155091,-97.4378785803351,329.47094111306353,3.3886101245880127,-288.0
1763595708401,35.19333848184164,-97.43787999300082,329.4790350119638,3.389437198638916,-288.0
1763595708401,35.19333811534946,-97.43788167184483,329.4875095158632,3.3909897804260254,-288.0
1763595708401,35.19333782032888,-97.43788318891829,329.4947230127889,3.3954806327819824,-288.0
1763595708401,35.193337547272456,-97.43788481930312,329.50251187224325,3.404630422592163,-288.0
1763595708401,35.19333732679054,-97.43788632898259,329.5101244297093,3.406263589859009,-288.0
1763595708401,35.19333713050333,-97.43788789009447,329.51788612134266,3.410914659500122,-288.0
1763595708401,35.19333695487019,-97.43788947461819,329.52545237150537,3.4192965030670166,-288.0
1763595708401,35.19333681590362,-97.43789107717481,329.53306827419885,3.427257537841797,-288.0
1763595708401,35.193336701513026,-97.43789268516879,329.5412280483547,3.4325313568115234,-288.0
1763595708401,35.19333661471691,-97.43789433547701,329.5499451744326,3.436770439147949,-287.8999938964844
1763595708401,35.1933365596106,-97.4378959100677,329.55774944727375,3.449019432067871,-287.20001220703125
1763595708401,35.19333652879874,-97.43789750932828,329.56551670545997,3.456666946411133,-285.1000061035156
1763595708401,35.19333652522587,-97.4378991688787,329.5731418368481,3.462965965270996,-281.70001220703125
1763595708401,35.19333656523932,-97.4379007348317,329.57911310513356,3.468562602996826,-277.79998779296875
1763595709401,35.19333450607162,-97.43791008692307,329.39868256480355,3.488175868988037,-265.29998779296875
1763595709401,35.19333451307222,-97.43791074282406,329.401741610104,3.4908792972564697,-263.3999938964844
1763595709401,35.19333462081921,-97.4379124849747,329.40628896819743,3.500664472579956,-248.39999389648438
1763595709401,35.19333474804115,-97.43791422239077,329.41104699469906,3.5076913833618164,-232.10000610351562
1763595709401,35.19333488518574,-97.43791597571285,329.41508875805255,3.520627021789551,-216.0
1763595709401,35.193334983506944,-97.43791775703383,329.41975042897025,3.533540725708008,-200.39999389648438
1763595709401,35.19333505100253,-97.43791949311532,329.42429211306904,3.5470502376556396,-186.3000030517578
1763595709401,35.19333515139767,-97.43792126627883,329.42847945381226,3.5562658309936523,-175.60000610351562
1763595709401,35.193335246216286,-97.43792303723104,329.432867091291,3.566868782043457,-160.3000030517578
1763595709401,35.19333529627545,-97.43792486021971,329.43718391114265,3.577752113342285,-137.6999969482422
1763595709401,35.19333535224405,-97.43792666458813,329.4420415006524,3.593277931213379,-116.69999694824219
1763595709401,35.19333538397143,-97.43792846050485,329.4468926875601,3.6112678050994873,-92.5
1763595709401,35.19333543154552,-97.43793028455164,329.45241742012564,3.62802791595459,-68.80000305175781
1763595709401,35.193335523713856,-97.43793214529494,329.4579893926593,3.644585132598877,-47.70000076293945
1763595709401,35.1933355162828,-97.43793402765755,329.463467068901,3.661428689956665,-29.899999618530273
1763595709401,35.193335506451064,-97.43793592870112,329.4703461623757,3.677110433578491,-14.5
1763595709401,35.19333548088851,-97.4379377935,329.4765654955443,3.687800168991089,-1.0
1763595709401,35.19333544087778,-97.43793967804856,329.4825040076793,3.6980555057525635,8.0
1763595709401,35.193335436800474,-97.43794152938035,329.48896525043557,3.7122440338134766,17.899999618530273
1763595709401,35.19333538771259,-97.43794347235826,329.4954308410168,3.728079319000244,27.299999237060547
1763595709401,35.19333532469453,-97.43794535133469,329.5016215289353,3.7400529384613037,34.099998474121094
1763595710401,35.193333549659435,-97.4379539333527,329.35080401398324,3.75311017036438,39.70000076293945
1763595710401,35.193333474001044,-97.4379559555662,329.3567013593811,3.7688252925872803,44.0
1763595710401,35.1933333732555,-97.43795795589428,329.3626544470763,3.780977249145508,46.599998474121094
1763595710401,35.19333325869536,-97.43795994555272,329.3687599823479,3.7943382263183594,47.20000076293945
1763595710401,35.19333314825839,-97.43796190710555,329.3753394260892,3.8042750358581543,46.900001525878906
1763595710401,35.19333301993883,-97.43796390251006,329.3817526948216,3.8144917488098145,45.900001525878906
1763595710401,35.19333287087753,-97.437965912001,329.3870158115452,3.826218843460083,45.29999923706055
1763595710401,35.19333272239918,-97.43796789122732,329.3922900114839,3.8480374813079834,45.099998474121094
1763595710401,35.19333257016229,-97.43796993141176,329.3981771491395,3.859267473220825,45.099998474121094
1763595710401,35.19333241761542,-97.43797196568646,329.4035589429253,3.875728130340576,45.099998474121094
1763595710401,35.193332265961985,-97.43797399923483,329.40940733590577,3.8849825859069824,44.900001525878906
1763595710401,35.19333212051524,-97.43797601145616,329.4152700854737,3.902411699295044,44.29999923706055
1763595710401,35.19333197108766,-97.43797806060553,329.4214546272446,3.916710138320923,43.099998474121094
1763595710401,35.19333179505191,-97.43798014774418,329.42774555187356,3.932997465133667,41.5
1763595710401,35.19333160353459,-97.43798225007744,329.435218227469,3.9432380199432373,39.79999923706055
1763595710401,35.19333141538988,-97.43798421754185,329.44196710452405,3.949552536010742,38.20000076293945
1763595710401,35.19333120577844,-97.43798628508148,329.44860391683716,3.960883617401123,36.79999923706055
1763595710401,35.193330984453546,-97.43798844087335,329.4549123000051,3.971203327178955,35.70000076293945
1763595710401,35.193330776862624,-97.43799047076952,329.4604377356996,3.9863476753234863,34.900001525878906
1763595711401,35.19332936520224,-97.43799737251868,329.30291614180203,4.005369663238525,34.20000076293945
1763595711401,35.19332924973073,-97.43799842199748,329.30518827085604,4.009374141693115,34.099998474121094
1763595711401,35.19332901653577,-97.4380005976958,329.3104906433099,4.024622917175293,33.900001525878906
1763595711401,35.19332878895485,-97.43800275449027,329.3166046222757,4.039393901824951,33.900001525878906
1763595711401,35.19332855570267,-97.4380049296039,329.32236336353236,4.054347038269043,33.900001525878906
1763595711401,35.19332831327604,-97.43800716375934,329.3279770435029,4.059539794921875,33.900001525878906
1763595711401,35.19332807590467,-97.43800928986884,329.33376543566914,4.068085193634033,33.900001525878906
1763595711401,35.193327825406804,-97.4380114862863,329.3406120270204,4.074028968811035,34.0
1763595711401,35.19332755870282,-97.43801369476084,329.3467377138862,4.088418483734131,34.900001525878906
1763595711401,35.193327285669724,-97.43801590839043,329.35318269499703,4.106194972991943,36.70000076293945
1763595711401,35.19332700290535,-97.43801816814471,329.3592839743387,4.121583938598633,39.79999923706055
1763595711401,35.19332672803866,-97.4380203486737,329.3657481999763,4.1352667808532715,44.79999923706055
1763595711401,35.19332645574778,-97.43802248828368,329.37237111086847,4.146658420562744,50.400001525878906
1763595711401,35.19332615354275,-97.43802472718528,329.37862538841904,4.157869815826416,59.5
1763595711401,35.193325845512604,-97.4380269675135,329.38415726235263,4.16378927230835,70.5999984741211
1763595711401,35.19332550549662,-97.43802926308305,329.3905283318135,4.169683933258057,85.0
1763595711401,35.19332515784822,-97.43803147492375,329.39678942271786,4.177676200866699,95.9000015258789
1763595711401,35.19332477574647,-97.43803367877143,329.4038975317147,4.187468528747559,106.19999694824219
1763595711401,35.193324358804205,-97.43803587684647,329.41139886537945,4.191336631774902,115.5999984741211
1763595711401,35.1933238888931,-97.43803814764962,329.4190914356952,4.1951375007629395,125.4000015258789
1763595712401,35.19332227713578,-97.4380429370608,329.28764554286545,4.197373390197754,140.0
1763595712401,35.19332206292615,-97.43804379816783,329.2917272176317,4.201805114746094,143.60000610351562
1763595712401,35.19332147216765,-97.43804595050003,329.29968957374035,4.203767776489258,150.5
1763595712401,35.193320822247806,-97.43804816822396,329.30838205560644,4.209497451782227,159.6999969482422
1763595712401,35.19332014626476,-97.43805032593177,329.3169274744672,4.208861827850342,165.8000030517578
1763595712401,35.193319427081406,-97.43805246801278,329.3255119189639,4.2011332511901855,169.60000610351562
1763595712401,35.193318680860884,-97.43805457621512,329.33383808256053,4.198335647583008,171.5
1763595712401,35.19331789353058,-97.43805666966777,329.3423029670697,4.1963067054748535,171.8000030517578
1763595712401,35.19331705826754,-97.43805879660692,329.35114949421603,4.195570468902588,171.8000030517578
1763595712401,35.193316206777624,-97.43806087083897,329.3600524906007,4.18927001953125,171.8000030517578
1763595712401,35.19331534293783,-97.43806290709381,329.3690575123278,4.181870460510254,171.8000030517578
1763595712401,35.19331443904867,-97.43806496755174,329.37857393995176,4.170998573303223,171.0
1763595712401,35.193313576351336,-97.43806688367839,329.38739001643023,4.156536102294922,169.60000610351562
1763595712401,35.19331261516362,-97.43806893457615,329.39713507676373,4.1390557289123535,167.5
1763595712401,35.19331165761704,-97.43807090692205,329.40614847161174,4.128059387207031,165.0
1763595712401,35.19331067163256,-97.43807289313041,329.4152519111249,4.114771366119385,162.3000030517578
1763595712401,35.19330972315605,-97.43807475394954,329.4243506365145,4.101495265960693,159.5
1763595712401,35.1933087039537,-97.4380766833829,329.4343280162557,4.089078426361084,156.89999389648438
1763595712401,35.19330769516287,-97.43807854300717,329.4439003095554,4.077327728271484,154.3000030517578
1763595712401,35.19330667432905,-97.43808038617915,329.453432504424,4.065018653869629,151.39999389648438
1763595713401,35.19330364790102,-97.43808233440099,329.3429637232576,4.0538482666015625,145.1999969482422
1763595713401,35.19330318135653,-97.43808310860763,329.3480866702373,4.050990104675293,144.3000030517578
1763595713401,35.19330205454291,-97.43808491603566,329.35769971149193,4.041947364807129,138.89999389648438
1763595713401,35.19330095363562,-97.43808666313598,329.3671240945485,4.039158821105957,134.3000030517578
1763595713401,35.19329980079391,-97.43808846872086,329.3767053773605,4.033372402191162,129.6999969482422
1763595713401,35.193298657620595,-97.43809024768785,329.3854715588572,4.0284199714660645,124.4000015258789
1763595713401,35.19329756715745,-97.43809195101736,329.39383306806417,4.025221824645996,117.69999694824219
1763595713401,35.19329641069151,-97.43809370362159,329.4031002467212,4.022099494934082,108.69999694824219
1763595713401,35.19329527717742,-97.43809539382744,329.41210812354353,4.017241477966309,98.19999694824219
1763595713401,35.19329409888327,-97.4380971395021,329.42167342630535,4.01428747177124,87.5
1763595713401,35.19329297026465,-97.43809880001938,329.430959176132,4.012954235076904,76.9000015258789
1763595713401,35.19329178338412,-97.43810053413695,329.44069164434643,4.004980087280273,67.0
1763595713401,35.19329065478996,-97.4381021981663,329.4503317036809,3.9989962577819824,57.5
1763595713401,35.193289529018614,-97.43810386785891,329.45945184232323,3.992915630340576,47.70000076293945
1763595713401,35.193288372300884,-97.43810561253466,329.4689780269598,3.9913623332977295,37.599998474121094
1763595713401,35.193287231952304,-97.43810733627414,329.47780774804323,3.9888522624969482,26.799999237060547
1763595713401,35.193286136149254,-97.43810900871378,329.4869069089521,3.9859390258789062,15.800000190734863
1763595713401,35.19328504209898,-97.43811069330546,329.49584071423584,3.9812445640563965,6.0
1763595713401,35.1932839244046,-97.43811245140279,329.5054222621457,3.97957706451416,-2.5
1763595713401,35.19328285617767,-97.43811418235069,329.51452898778285,3.977813243865967,-10.5
1763595713401,35.19328177523679,-97.43811590556105,329.52350262542075,3.9786248207092285,-17.299999237060547
1763595714401,35.19328051364984,-97.4381178242747,329.40952360234434,3.9752914905548096,-23.299999237060547
1763595714401,35.19327944260839,-97.43811959160087,329.41830963258826,3.9717135429382324,-29.0
1763595714401,35.19327838306483,-97.43812136933465,329.4277756866454,3.9749066829681396,-35.29999923706055
1763595714401,35.193277346027976,-97.43812311772723,329.4372365340507,3.97245192527771,-41.79999923706055
1763595714401,35.19327631867031,-97.43812489754532,329.44573118795205,3.965009927749634,-48.79999923706055
1763595714401,35.193275325566816,-97.43812665149764,329.45437632551125,3.9561245441436768,-55.0
1763595714401,35.193274335806606,-97.4381284160943,329.4627025173901,3.940250873565674,-65.5999984741211
1763595714401,35.19327336933903,-97.4381301914413,329.4711086597124,3.934237241744995,-75.80000305175781
1763595714401,35.19327240704601,-97.43813198619718,329.48031976696484,3.9194631576538086,-86.30000305175781
1763595714401,35.193271486754554,-97.43813375124846,329.48897933141683,3.907452344894409,-96.0999984741211
1763595714401,35.193270582811756,-97.43813556042387,329.4974913603821,3.889752149581909,-104.0
1763595714401,35.19326971069403,-97.43813736968706,329.5061954522035,3.8735244274139404,-109.5
1763595714401,35.19326887016433,-97.43813920030462,329.514222004143,3.8571600914001465,-112.5
1763595714401,35.19326803470268,-97.43814107982456,329.52202398097484,3.846575975418091,-113.4000015258789
1763595714401,35.19326726195132,-97.4381429036014,329.52945357892037,3.834348440170288,-113.4000015258789
1763595714401,35.19326651844049,-97.43814472740308,329.53702425753187,3.825401782989502,-113.4000015258789
1763595714401,35.193265783644044,-97.43814657871746,329.5449375414548,3.812600612640381,-113.30000305175781
1763595714401,35.19326512517072,-97.43814826941198,329.55176028617325,3.8032467365264893,-113.5999984741211
1763595714401,35.193264348976214,-97.43815030011177,329.5600098462917,3.794605255126953,-113.9000015258789
1763595715401,35.19326339542507,-97.4381539153522,329.45068466852786,3.781191825866699,-113.9000015258789
1763595715401,35.193263132339915,-97.4381546363578,329.45379322629594,3.781191825866699,-113.9000015258789
1763595715401,35.193262472164754,-97.43815651874291,329.4608346917278,3.771182060241699,-114.30000305175781
1763595715401,35.19326184701076,-97.43815834231538,329.46777702595307,3.770735740661621,-115.5999984741211
1763595715401,35.19326124555502,-97.43816011242012,329.4742379542741,3.776376485824585,-118.9000015258789
1763595715401,35.19326057817586,-97.43816214439003,329.4822314385633,3.781773328781128,-121.69999694824219
1763595715401,35.193259980056304,-97.43816399362093,329.48953669905615,3.7816216945648193,-125.19999694824219
1763595715401,35.193259402830854,-97.43816587869716,329.49716442475716,3.775726556777954,-128.5
1763595715401,35.19325885817755,-97.43816775056132,329.50437846714163,3.775547981262207,-131.60000610351562
1763595715401,35.19325832359654,-97.43816965466434,329.5110195786198,3.777845859527588,-133.89999389648438
1763595715401,35.19325780763149,-97.43817158146692,329.5174359835396,3.7817764282226562,-136.89999389648438
1763595715401,35.19325733214312,-97.4381734924049,329.5236759214546,3.7835357189178467,-138.8000030517578
1763595715401,35.19325684656003,-97.43817551628395,329.530042826515,3.7900381088256836,-140.1999969482422
1763595715401,35.19325641072088,-97.43817741012278,329.53611725315153,3.7931108474731445,-140.6999969482422
1763595715401,35.19325597988167,-97.43817939754582,329.54213795828963,3.799717903137207,-140.39999389648438
1763595715401,35.1932555716965,-97.4381813994043,329.54823834413116,3.801509380340576,-137.6999969482422
1763595715401,35.193255190102654,-97.43818333911989,329.55388959340496,3.804029703140259,-130.89999389648438
1763595715401,35.193254817245865,-97.43818534407258,329.55970547951193,3.8090121746063232,-119.69999694824219
1763595715401,35.19325446426938,-97.43818726972522,329.5652188928975,3.8137366771698,-105.5
1763595715401,35.193254096871485,-97.43818933903854,329.5716088348978,3.8232815265655518,-90.0
1763595716401,35.19325361853365,-97.43819384620485,329.4749565297525,3.8347349166870117,-64.0999984741211
1763595716401,35.19325345635899,-97.43819472300117,329.4773935067044,3.8365135192871094,-60.79999923706055
1763595716401,35.193253082455186,-97.43819679809063,329.48261833815417,3.8461570739746094,-42.0
1763595716401,35.19325270731148,-97.4381988198968,329.4887164512225,3.8597116470336914,-26.899999618530273
1763595716401,35.193252307382586,-97.4382008945878,329.4950285551733,3.874037981033325,-11.899999618530273
1763595716401,35.193251933666716,-97.43820280854152,329.50242245928314,3.8737430572509766,3.200000047683716
1763595716401,35.19325152706325,-97.43820484014759,329.50933501350045,3.8707287311553955,17.399999618530273
1763595716401,35.19325112757193,-97.43820675229456,329.5153976075538,3.8670003414154053,31.5
1763595716401,35.19325071666384,-97.43820877557953,329.5223918483561,3.8675332069396973,44.79999923706055
1763595716401,35.19325028451391,-97.43821072420354,329.5314848037731,3.8673641681671143,56.900001525878906
1763595716401,35.19324982933353,-97.43821264821283,329.539309215917,3.8607161045074463,67.5999984741211
1763595716401,35.19324932887715,-97.43821456108108,329.54745038920674,3.856166362762451,77.0999984741211
1763595716401,35.193248797116496,-97.43821651053534,329.5556421539438,3.8526108264923096,84.5999984741211
1763595716401,35.193248254173106,-97.43821839323313,329.5647784134566,3.8446152210235596,88.9000015258789
1763595716401,35.193247676071444,-97.43822024946793,329.5737793408791,3.8385627269744873,92.80000305175781
1763595716401,35.1932470512434,-97.43822215582534,329.58264480078765,3.8277862071990967,94.4000015258789
1763595716401,35.19324643095868,-97.43822396003706,329.59079261713714,3.810091257095337,95.19999694824219
1763595716401,35.193245767517915,-97.43822582048304,329.5992593679361,3.79774808883667,95.5
1763595716401,35.1932451056808,-97.43822765583934,329.60762074743195,3.7810235023498535,95.9000015258789
1763595716401,35.193244407547525,-97.4382295579028,329.6160266830216,3.7723703384399414,95.9000015258789
1763595717401,35.193241693415146,-97.43823306245878,329.5464416992776,3.7659494876861572,95.9000015258789
1763595717401,35.193241345644765,-97.43823397017168,329.550918352174,3.7631752490997314,95.9000015258789
1763595717401,35.19324063193159,-97.43823580576259,329.5600322668192,3.747772455215454,95.9000015258789
1763595717401,35.19323991366012,-97.4382375971653,329.5689305520382,3.73848295211792,95.9000015258789
1763595717401,35.19323919440244,-97.43823934385975,329.5779346762265,3.7286264896392822,95.9000015258789
1763595717401,35.193238414011454,-97.43824124411204,329.58670732686085,3.7105484008789062,95.9000015258789
1763595717401,35.193237704846595,-97.43824294938786,329.5951383342447,3.7053651809692383,95.9000015258789
1763595717401,35.19323695094336,-97.438244709866,329.6030225183974,3.7010016441345215,95.0
1763595717401,35.193236188968015,-97.43824644313615,329.6106505888899,3.700406551361084,93.30000305175781
1763595717401,35.1932354138731,-97.43824824336532,329.6192534959532,3.697413206100464,89.5
1763595717401,35.193234666771836,-97.43824995313116,329.6279539015937,3.6974356174468994,84.5
1763595717401,35.19323388691514,-97.4382516850095,329.63598296269197,3.700897455215454,77.9000015258789
1763595717401,35.193233112484656,-97.43825338445326,329.6433557723243,3.7054691314697266,70.0
1763595717401,35.193232267468936,-97.43825516735136,329.65145106807324,3.705023765563965,61.29999923706055
1763595717401,35.1932314540088,-97.43825683861299,329.6584635287684,3.708589553833008,52.29999923706055
1763595717401,35.1932306229985,-97.43825853307604,329.66576753117874,3.711789846420288,42.70000076293945
1763595717401,35.19322978179529,-97.43826022110194,329.67254987316335,3.7178845405578613,32.0
1763595717401,35.19322896516758,-97.43826188342928,329.68045000086886,3.7250285148620605,19.899999618530273
1763595717401,35.193228130560975,-97.43826351530419,329.6884500967584,3.7277376651763916,9.199999809265137
1763595717401,35.19322728528516,-97.43826520019489,329.6962205735355,3.736215591430664,-5.900000095367432
1763595718401,35.193225018201055,-97.43826867251607,329.61544307115616,3.735579490661621,-26.299999237060547
1763595718401,35.193224659639874,-97.4382693996752,329.6182076947217,3.731100082397461,-31.399999618530273
1763595718401,35.19322392394024,-97.43827105532634,329.6246117985568,3.7253799438476562,-44.20000076293945
1763595718401,35.193223168690096,-97.43827282744374,329.6314432593515,3.7308006286621094,-55.599998474121094
1763595718401,35.19322242693954,-97.43827462772218,329.63893731781934,3.7430384159088135,-64.5999984741211
1763595718401,35.19322169928893,-97.43827646262052,329.6461720320112,3.749958038330078,-70.19999694824219
1763595718401,35.19322103113469,-97.4382782325733,329.6528641932004,3.7572622299194336,-70.5999984741211
1763595718401,35.19322036482777,-97.43828006499288,329.6591027997157,3.768580436706543,-68.5999984741211
1763595718401,35.193219724861585,-97.43828189163447,329.66629579123276,3.773775815963745,-64.19999694824219
1763595718401,35.193219096203876,-97.43828378281218,329.67311514233654,3.7765936851501465,-60.20000076293945
1763595718401,35.193218479766024,-97.43828566351293,329.6791686643536,3.7774224281311035,-57.20000076293945
1763595718401,35.193217891996284,-97.43828746751807,329.6853915877005,3.7839791774749756,-55.20000076293945
1763595718401,35.19321726427167,-97.43828937229624,329.6912484211712,3.791743516921997,-54.20000076293945
1763595718401,35.193216636580246,-97.43829126940399,329.69750304691325,3.8058571815490723,-53.20000076293945
1763595718401,35.19321601079006,-97.43829319110003,329.70447630020345,3.8103644847869873,-51.900001525878906
1763595718401,35.193215394386954,-97.43829509022633,329.711554953206,3.812074899673462,-50.099998474121094
1763595718401,35.193214774660206,-97.43829696788684,329.71786654090477,3.8182318210601807,-48.20000076293945
1763595718401,35.19321415126088,-97.43829888444107,329.72407511988797,3.8285129070281982,-47.0
1763595718401,35.193213528004335,-97.43830077962468,329.7306497486145,3.837153434753418,-46.599998474121094
1763595718401,35.193212884034025,-97.4383027231433,329.7373602894522,3.8414535522460938,-46.79999923706055
1763595719401,35.19321132455555,-97.43830784653044,329.61814728345763,3.8428661823272705,-51.20000076293945
1763595719401,35.19321102598627,-97.43830875135318,329.62086479854247,3.845176935195923,-53.099998474121094
1763595719401,35.19321040767553,-97.43831070102917,329.6274420426635,3.856032609939575,-59.20000076293945
1763595719401,35.19320979269171,-97.43831267175696,329.6340830803803,3.861032247543335,-66.19999694824219
1763595719401,35.19320916838919,-97.43831470459448,329.6399690492868,3.8650877475738525,-73.9000015258789
1763595719401,35.19320858961929,-97.43831660817487,329.6461481490912,3.8631720542907715,-83.5
1763595719401,35.193208019354586,-97.43831854292159,329.6521770977324,3.8626179695129395,-89.9000015258789
1763595719401,35.19320745916863,-97.43832056573193,329.6580089243998,3.868769884109497,-97.5999984741211
1763595719401,35.19320694256599,-97.43832257446367,329.66307120632115,3.874941110610962,-104.0
1763595719401,35.19320642657121,-97.43832464431081,329.6679641501415,3.8730711936950684,-108.19999694824219
1763595719401,35.193205990226026,-97.43832659305814,329.6732650173416,3.8702025413513184,-110.5
1763595719401,35.19320555959579,-97.43832866693892,329.67915268351663,3.861954927444458,-111.19999694824219
1763595719401,35.19320515921413,-97.43833069222364,329.68481708770986,3.857867956161499,-111.19999694824219
1763595719401,35.19320476494822,-97.43833275889804,329.690031699304,3.855318307876587,-111.19999694824219
1763595719401,35.19320440263495,-97.43833481412229,329.6951499183792,3.846935272216797,-111.19999694824219
1763595719401,35.193204058644525,-97.43833684392258,329.7007849099846,3.8375368118286133,-111.19999694824219
1763595719401,35.19320373221685,-97.43833887096406,329.70709089519545,3.825254201889038,-110.9000015258789
1763595719401,35.19320340373019,-97.43834092565679,329.71281833369846,3.8157942295074463,-110.30000305175781
1763595719401,35.19320309675604,-97.43834291470851,329.718228914157,3.8091068267822266,-109.4000015258789
1763595719401,35.19320280501752,-97.4383449230913,329.72419730619094,3.8041603565216064,-109.19999694824219
1763595720401,35.193202817403154,-97.43834933114832,329.6367036570396,3.793924331665039,-109.19999694824219
1763595720401,35.19320270634652,-97.43835005604984,329.638737411046,3.7917211055755615,-109.30000305175781
1763595720401,35.19320247154711,-97.43835203444557,329.6443931357062,3.784532308578491,-109.69999694824219
1763595720401,35.193202243163505,-97.43835405309441,329.65071873191664,3.7803375720977783,-110.19999694824219
1763595720401,35.193202015907815,-97.43835613769149,329.65673197750664,3.7715651988983154,-110.5999984741211
1763595720401,35.193201816614625,-97.43835814580389,329.6622606439722,3.7646095752716064,-110.5999984741211
1763595720401,35.19320161842698,-97.43836018893967,329.66696772995,3.7566163539886475,-110.4000015258789
1763595720401,35.193201443555516,-97.4383622360906,329.67165382884866,3.746641159057617,-109.0999984741211
1763595720401,35.19320128538112,-97.43836425300516,329.6763442133071,3.7446987628936768,-107.5999984741211
1763595720401,35.193201136652085,-97.43836632622514,329.6808187094111,3.737588882446289,-105.5
1763595720401,35.19320099818996,-97.43836833257693,329.68524940884083,3.7215423583984375,-103.80000305175781
1763595720401,35.19320087835436,-97.43837034999731,329.68901845908755,3.70196795463562,-101.9000015258789
1763595720401,35.193200759869846,-97.43837234363184,329.69290641253025,3.6840662956237793,-99.30000305175781
1763595720401,35.19320066089156,-97.43837431634117,329.69722500184133,3.669153928756714,-95.69999694824219
1763595720401,35.19320053666133,-97.43837636748738,329.70073235322235,3.64878249168396,-90.5
1763595720401,35.19320043258059,-97.43837836398092,329.7046156611254,3.6272106170654297,-83.4000015258789
1763595720401,35.19320035300265,-97.43838030219801,329.70846713539333,3.5988712310791016,-75.5999984741211
1763595720401,35.193200264990516,-97.43838213008144,329.71121212856866,3.5767834186553955,-68.5999984741211
1763595720401,35.193200180888574,-97.43838428371627,329.7149935831269,3.5563764572143555,-62.400001525878906
1763595720401,35.19320008885645,-97.43838622624432,329.7182372862943,3.540102481842041,-56.29999923706055
1763595721401,35.1932000600477,-97.43839060296106,329.60692664285574,3.5074944496154785,-45.400001525878906
1763595721401,35.19320000735378,-97.43839177896552,329.6079672116593,3.5002946853637695,-42.5
1763595721401,35.19319993498519,-97.43839366464215,329.6114090816159,3.4773709774017334,-33.0
1763595721401,35.193199863736304,-97.43839559764851,329.61488344061615,3.459674596786499,-26.399999618530273
1763595721401,35.19319980559165,-97.4383975369423,329.61907974990476,3.4426848888397217,-18.100000381469727
1763595721401,35.193199727302684,-97.43839945185428,329.6214319453396,3.4253058433532715,-9.800000190734863
1763595721401,35.19319966945102,-97.43840132378138,329.6248124516515,3.3969948291778564,-0.6000000238418579
1763595721401,35.193199607051504,-97.43840316192103,329.6293912431326,3.3778038024902344,4.900000095367432
1763595721401,35.1931995209216,-97.43840503309332,329.63412243765,3.355199098587036,11.399999618530273
1763595721401,35.1931994268979,-97.43840691652332,329.63826230707963,3.337050199508667,17.799999237060547
1763595721401,35.19319933627716,-97.43840873877767,329.64330026762394,3.319291830062866,24.799999237060547
1763595721401,35.193199225124324,-97.43841052852811,329.6477002686343,3.3006575107574463,31.799999237060547
1763595721401,35.19319911640986,-97.43841227853777,329.65197053685625,3.2804338932037354,38.0
1763595721401,35.193199009703235,-97.43841405086245,329.65613687884814,3.2587502002716064,42.79999923706055
1763595721401,35.19319887368206,-97.43841585869232,329.6609912531664,3.2393155097961426,46.099998474121094
1763595721401,35.19319874286511,-97.43841753556586,329.66720652766986,3.2180705070495605,47.5
1763595721401,35.19319858685324,-97.4384192587688,329.6728896723646,3.2039709091186523,47.5
1763595721401,35.193198397315044,-97.43842097605844,329.67775110706526,3.1842501163482666,47.0
1763595721401,35.193198203084435,-97.43842264665454,329.6826514842868,3.163006544113159,45.0
1763595721401,35.19319799898812,-97.43842435990854,329.6865251451927,3.1433422565460205,41.79999923706055
1763595722401,35.193197642521156,-97.43842736924657,329.6029582729887,3.1147730350494385,35.0
1763595722401,35.193197538004625,-97.43842813339758,329.6043544665272,3.107799530029297,33.599998474121094
1763595722401,35.19319733341053,-97.4384297686415,329.6092345580568,3.0967531204223633,31.100000381469727
1763595722401,35.19319712627633,-97.43843138796704,329.6129427391864,3.0837466716766357,28.399999618530273
1763595722401,35.19319691446949,-97.43843301605345,329.6170303242945,3.0651938915252686,25.600000381469727
1763595722401,35.193196715159694,-97.43843463663852,329.6208346085378,3.0455877780914307,23.0
1763595722401,35.193196508282114,-97.43843628743898,329.623990070008,3.0254762172698975,20.799999237060547
1763595722401,35.193196314551116,-97.43843788585698,329.62761575278114,3.006612777709961,18.799999237060547
1763595722401,35.19319612128407,-97.43843944998912,329.6311804843233,2.996182918548584,17.600000381469727
1763595722401,35.19319592610883,-97.43844108888575,329.6348840367813,2.984398365020752,16.5
1763595722401,35.193195716536266,-97.43844264885436,329.6380558624455,2.971088409423828,16.0
1763595722401,35.193195518569276,-97.43844420350044,329.6401974151217,2.956320285797119,16.0
1763595722401,35.193195328282336,-97.4384457008616,329.6426379135423,2.9415194988250732,16.0
1763595722401,35.193195141059526,-97.43844729899801,329.6460936991761,2.9272427558898926,16.0
1763595722401,35.19319496215286,-97.43844885232828,329.6496992750233,2.9129512310028076,15.899999618530273
1763595722401,35.193194771736934,-97.43845045395534,329.65374088058206,2.901362657546997,15.399999618530273
1763595722401,35.19319459504807,-97.43845195150062,329.6567861444743,2.8951220512390137,14.699999809265137
1763595722401,35.19319440982216,-97.43845346088597,329.66011559171676,2.884064197540283,13.800000190734863
1763595722401,35.193194227332235,-97.43845493581786,329.6634556785433,2.8696603775024414,13.199999809265137
1763595722401,35.19319402390182,-97.43845650847497,329.6659255241855,2.8593809604644775,13.199999809265137
1763595723401,35.193193724837535,-97.43845961846331,329.58296380118423,2.8417489528656006,13.199999809265137
1763595723401,35.19319362807071,-97.43846016944475,329.58360163041044,2.8365895748138428,13.199999809265137
1763595723401,35.19319344199137,-97.43846166046802,329.587436703154,2.826143980026245,13.300000190734863
1763595723401,35.19319324286054,-97.43846320881296,329.59106763653756,2.8100244998931885,13.5
1763595723401,35.19319305385506,-97.4384647172843,329.5941143064966,2.794186592102051,13.699999809265137
1763595723401,35.193192867756686,-97.43846625629624,329.596985239043,2.7756593227386475,14.0
1763595723401,35.193192691850854,-97.43846775265354,329.6001509356496,2.7601094245910645,14.0
1763595723401,35.19319250338124,-97.4384692390894,329.6037982672734,2.7342169284820557,14.0
1763595723401,35.19319230722678,-97.43847071991101,329.60666197493384,2.707456111907959,14.0
1763595723401,35.19319211417619,-97.4384721736228,329.6097835307072,2.6830620765686035,14.0
1763595723401,35.19319192263141,-97.43847365884243,329.6128847039364,2.65922474861145,14.0
1763595723401,35.19319173624322,-97.43847510854845,329.6158110074063,2.632458448410034,13.899999618530273
1763595723401,35.1931915481588,-97.43847653429043,329.61884869422727,2.604482412338257,13.600000381469727
1763595723401,35.19319134986069,-97.43847798738881,329.62165380979445,2.568157911300659,13.399999618530273
1763595723401,35.193191164188,-97.43847939140451,329.6243349223843,2.5434646606445312,13.100000381469727
1763595723401,35.19319097832531,-97.43848080293739,329.62771682849564,2.515409231185913,12.800000190734863
1763595723401,35.193190793335575,-97.43848223790576,329.6305856871299,2.483541488647461,12.300000190734863
1763595723401,35.19319061250674,-97.43848361744192,329.63313485287307,2.454113006591797,11.5
1763595723401,35.19319044418357,-97.43848495224933,329.6363957061287,2.424180746078491,10.300000190734863
1763595723401,35.193190268477984,-97.43848627583223,329.6395878924485,2.3906869888305664,8.899999618530273
1763595724401,35.193189830300774,-97.43848778282403,329.5707922560243,2.3294858932495117,7.099999904632568
1763595724401,35.19318975417921,-97.43848832128275,329.5719622459548,2.3050365447998047,6.599999904632568
1763595724401,35.19318958928403,-97.43848954391957,329.5753328276437,2.2723817825317383,5.900000095367432
1763595724401,35.193189431466415,-97.43849073099067,329.5785046408083,2.217510938644409,4.400000095367432
1763595724401,35.19318928917649,-97.43849181486924,329.58135191970223,2.1826846599578857,2.700000047683716
1763595724401,35.1931891304878,-97.43849308544414,329.58518417812655,2.137704372406006,-0.5
1763595724401,35.19318899086404,-97.43849419251652,329.5879292244817,2.0883052349090576,-4.300000190734863
1763595724401,35.19318883763621,-97.43849530208566,329.59043337057653,2.0429680347442627,-6.099999904632568
1763595724401,35.19318868633168,-97.4384963470335,329.5936233107951,1.9977692365646362,-5.699999809265137
1763595724401,35.19318854613959,-97.43849740719712,329.59720990754045,1.949418306350708,-5.599999904632568
1763595724401,35.193188416778746,-97.4384984241235,329.60037619865983,1.893783450126648,-5.599999904632568
1763595724401,35.19318830391554,-97.43849943206881,329.6027114418928,1.8434560298919678,-5.5
1763595724401,35.19318819041588,-97.43850043399621,329.60422800534496,1.7857822179794312,-5.5
1763595724401,35.19318808503187,-97.4385013787875,329.60576221346776,1.7445180416107178,-5.5
1763595724401,35.19318796948723,-97.4385023397521,329.6084406089847,1.7136086225509644,-5.5
1763595724401,35.19318785215392,-97.43850327660064,329.6112337273166,1.6756857633590698,-5.5
1763595724401,35.19318774550286,-97.43850419031399,329.6135797200611,1.6257232427597046,-5.5
1763595724401,35.19318764467127,-97.43850506922762,329.61542921626983,1.5824766159057617,-5.5
1763595724401,35.19318755230538,-97.43850593179103,329.616801924615,1.5484299659729004,-5.5
1763595724401,35.19318745151537,-97.43850678797776,329.6189131344081,1.5065131187438965,-5.5
1763595725401,35.19318756844328,-97.43850733184183,329.53421562393925,1.4336403608322144,-5.5
1763595725401,35.19318751409867,-97.43850771823618,329.53519718090064,1.4152507781982422,-5.5
1763595725401,35.19318742280304,-97.43850843722602,329.537769242763,1.3648043870925903,-5.5
1763595725401,35.19318733640103,-97.4385091653364,329.53995411609105,1.302771806716919,-5.5
1763595725401,35.193187263738686,-97.43850986507772,329.54179423944703,1.2494393587112427,-5.5
1763595725401,35.19318719388841,-97.43851052679906,329.54345351196463,1.18894624710083,-5.5
1763595725401,35.19318712523388,-97.43851115213202,329.54451165525967,1.1392369270324707,-5.5
1763595725401,35.19318705541899,-97.43851173064178,329.5458805357816,1.0653127431869507,-5.5
1763595725401,35.19318697954995,-97.43851232014296,329.5472428781082,1.0020452737808228,-5.5
1763595725401,35.19318691365111,-97.43851287873548,329.54837965735936,0.9306650757789612,-5.5
1763595725401,35.19318685777887,-97.43851339216046,329.5488605803041,0.8812207579612732,-5.5
1763595725401,35.193186808096385,-97.43851386791947,329.5492692252591,0.8137171864509583,-5.5
1763595725401,35.19318676494059,-97.43851433215531,329.5492984852961,0.7471559047698975,-5.5
1763595725401,35.19318671939284,-97.43851474357751,329.5498797480461,0.6853808760643005,-5.5
1763595725401,35.193186677890566,-97.4385151100429,329.5499334231173,0.6195271015167236,-5.5
1763595725401,35.19318663602069,-97.43851543286877,329.55035966484854,0.5588402152061462,-5.5
1763595725401,35.193186595271335,-97.43851575092471,329.55053833399376,0.4906925857067108,-5.5
1763595725401,35.19318655630019,-97.43851602199459,329.55036575429835,0.4513247609138489,-5.5
1763595725401,35.19318653297984,-97.43851625725881,329.55029190251884,0.39479076862335205,-5.5
1763595725401,35.19318652259341,-97.43851646208,329.5504116716964,0.34586039185523987,-5.5
1763595726401,35.19318656987459,-97.43851601742828,329.483446163557,0.2606661021709442,-5.5
1763595726401,35.193186557511495,-97.43851615725117,329.48390666738464,0.22960726916790009,-5.5
1763595726401,35.19318671079264,-97.43851612046548,329.45628277368246,0.02035272680222988,-5.5
