latitude_old,longitude_old,latitude,longitude,altitude_m,speed_mps,steeringAngleDegree,latitude_future,longitude_future
35.19321154,-97.43856514,35.19321143,-97.43856667,334.7241248,3.011677265,-16.89999962,35.1932113,-97.438568
35.19321143,-97.43856667,35.19321131,-97.43856815,334.7304187,3.082866907,-16.79999924,35.1932112,-97.43857
35.19321131,-97.43856815,35.1932112,-97.43856979,334.7331992,3.125663042,-16.70000076,35.1932111,-97.438571
35.1932112,-97.43856979,35.19321108,-97.4385714,334.7381474,3.18074131,-16.60000038,35.193211,-97.438573
35.19321108,-97.4385714,35.19321097,-97.43857296,334.745717,3.214818001,-16.60000038,35.1932109,-97.438574
35.19321097,-97.43857296,35.19321086,-97.43857449,334.7552178,3.260351419,-16.5,35.1932107,-97.438576
35.19321086,-97.43857449,35.19321073,-97.43857612,334.7622591,3.308048964,-16.39999962,35.1932106,-97.438578
35.19321073,-97.43857612,35.19321065,-97.43857786,334.7617276,3.359950304,-16.39999962,35.1932105,-97.43858
35.19321065,-97.43857786,35.19321053,-97.4385796,334.7648206,3.418982506,-16.39999962,35.1932104,-97.438581
35.19321053,-97.4385796,35.19321045,-97.43858135,334.7657334,3.453733921,-16.39999962,35.1932103,-97.438583
35.19321045,-97.43858135,35.19321035,-97.43858312,334.7664784,3.501850128,-16.39999962,35.1932102,-97.438585
35.19321035,-97.43858312,35.19321023,-97.43858489,334.7699522,3.532450199,-16.39999962,35.1932101,-97.438587
35.19321023,-97.43858489,35.19321015,-97.43858657,334.7701383,3.578500748,-16.39999962,35.19321,-97.438589
35.19321015,-97.43858657,35.19321003,-97.43858855,334.7736581,3.627112627,-16.39999962,35.1932099,-97.43859
35.19321003,-97.43858855,35.19320994,-97.4385904,334.7745838,3.668252945,-16.39999962,35.1932098,-97.438592
35.19320994,-97.4385904,35.19320984,-97.43859221,334.7778689,3.698849678,-16.39999962,35.1932097,-97.438594
35.19320984,-97.43859221,35.19320975,-97.43859403,334.7777983,3.721488237,-16.39999962,35.1932096,-97.438596
35.19320975,-97.43859403,35.19320964,-97.43859609,334.7796624,3.761369467,-16.29999924,35.193205,-97.438601
35.19320964,-97.43859609,35.19320498,-97.43860134,334.4711176,3.800171375,-16.20000076,35.1932048,-97.438604
35.19320498,-97.43860134,35.19320483,-97.43860355,334.4704514,3.829724789,-16,35.1932047,-97.438606
35.19320483,-97.43860355,35.19320469,-97.43860566,334.4703427,3.865890741,-15.80000019,35.1932045,-97.438608
35.19320469,-97.43860566,35.19320454,-97.43860776,334.4708629,3.898997307,-15.5,35.1932044,-97.43861
35.19320454,-97.43860776,35.19320439,-97.43861,334.4712495,3.937428236,-15.30000019,35.1932042,-97.438612
35.19320439,-97.43861,35.19320423,-97.43861225,334.469165,3.966589451,-15,35.1932041,-97.438614
35.19320423,-97.43861225,35.19320408,-97.43861449,334.4685124,4.007555962,-14.30000019,35.1932039,-97.438617
35.19320408,-97.43861449,35.19320394,-97.4386167,334.4678776,4.026224136,-13.69999981,35.1932038,-97.438619
35.19320394,-97.4386167,35.19320379,-97.43861899,334.4669507,4.040314674,-13,35.1932037,-97.438621
35.19320379,-97.43861899,35.19320365,-97.43862123,334.4673253,4.06667614,-12,35.1932035,-97.438624
35.19320365,-97.43862123,35.19320351,-97.4386235,334.4662331,4.09142971,-11.5,35.1932034,-97.438626
35.19320351,-97.4386235,35.19320338,-97.43862576,334.467657,4.127160549,-10.89999962,35.1932032,-97.438628
35.19320338,-97.43862576,35.19320325,-97.43862797,334.468893,4.142687321,-10.60000038,35.1932031,-97.43863
35.19320325,-97.43862797,35.19320311,-97.43863029,334.4700724,4.157555103,-10.19999981,35.193203,-97.438633
35.19320311,-97.43863029,35.19320296,-97.43863255,334.4717018,4.170666218,-9.899999619,35.1932028,-97.438635
35.19320296,-97.43863255,35.19320282,-97.43863483,334.4709016,4.193504333,-9.600000381,35.1932027,-97.438637
35.19320282,-97.43863483,35.19320268,-97.43863711,334.4729521,4.214004517,-9.5,35.1932025,-97.438639
35.19320268,-97.43863711,35.19320254,-97.43863936,334.4737177,4.233564854,-9.100000381,35.1932024,-97.438642
35.19320254,-97.43863936,35.19320239,-97.43864157,334.4792745,4.253971577,-8.5,35.1932023,-97.438644
35.19320239,-97.43864157,35.19320226,-97.43864359,334.4852284,4.269360065,-7.699999809,35.1932021,-97.438646
35.19320226,-97.43864359,35.19320211,-97.43864604,334.4912159,4.289577484,-6,35.1931982,-97.438649
35.19320211,-97.43864604,35.19319825,-97.43864897,334.287157,4.317006588,-2.099999905,35.1931982,-97.43865
35.19319825,-97.43864897,35.19319816,-97.43865026,334.2876185,4.324491978,-0.899999976,35.193198,-97.438653
35.19319816,-97.43865026,35.19319802,-97.43865257,334.285915,4.341115952,3,35.1931979,-97.438655
35.19319802,-97.43865257,35.19319787,-97.43865487,334.2857962,4.378617764,9.199999809,35.1931977,-97.438657
35.19319787,-97.43865487,35.19319771,-97.43865728,334.2865445,4.40708828,13.89999962,35.1931975,-97.43866
35.19319771,-97.43865728,35.19319754,-97.43865969,334.2870836,4.431591034,20.89999962,35.1931974,-97.438662
35.19319754,-97.43865969,35.19319738,-97.43866199,334.2866978,4.452682018,29.79999924,35.1931972,-97.438664
35.19319738,-97.43866199,35.19319718,-97.4386644,334.2864823,4.468518734,35.90000153,35.193197,-97.438667
35.19319718,-97.4386644,35.19319697,-97.43866683,334.2846194,4.493704319,45,35.1931967,-97.438669
35.19319697,-97.43866683,35.19319673,-97.43866924,334.2827617,4.510915279,51.09999847,35.1931965,-97.438672
35.19319673,-97.43866924,35.19319646,-97.43867167,334.2814986,4.539150238,59.09999847,35.1931962,-97.438674
35.19319646,-97.43867167,35.19319618,-97.4386741,334.2806721,4.56769228,69.5,35.1931959,-97.438677
35.19319618,-97.4386741,35.19319586,-97.43867651,334.2796491,4.589532375,77.19999695,35.1931955,-97.438679
35.19319586,-97.43867651,35.19319552,-97.43867896,334.2788515,4.613032341,86.90000153,35.1931951,-97.438681
35.19319552,-97.43867896,35.19319515,-97.43868141,334.277879,4.626884937,98.09999847,35.1931947,-97.438684
35.19319515,-97.43868141,35.19319474,-97.4386839,334.2758602,4.643035412,105.3000031,35.1931943,-97.438686
35.19319474,-97.4386839,35.19319434,-97.43868629,334.2738263,4.652593136,113.8000031,35.1931939,-97.438689
35.19319434,-97.43868629,35.19319387,-97.43868882,334.2712837,4.675506115,123.4000015,35.1931934,-97.438691
35.19319387,-97.43868882,35.19319338,-97.43869129,334.2680428,4.687032223,129.5,35.1931928,-97.438694
35.19319338,-97.43869129,35.19319283,-97.43869382,334.2642486,4.697141647,136.8999939,35.1931885,-97.438697
35.19319283,-97.43869382,35.19318848,-97.43869748,334.1279957,4.707644463,144.6000061,35.1931878,-97.4387
35.19318848,-97.43869748,35.1931878,-97.43869997,334.1261493,4.71774435,152.1999969,35.1931871,-97.438702
35.1931878,-97.43869997,35.19318709,-97.43870239,334.1248211,4.727969646,161.1000061,35.1931863,-97.438705
35.19318709,-97.43870239,35.19318632,-97.43870486,334.1241101,4.733523846,166.8999939,35.1931855,-97.438707
35.19318632,-97.43870486,35.19318551,-97.43870729,334.1245078,4.739018917,174.1000061,35.1931847,-97.43871
35.19318551,-97.43870729,35.19318465,-97.43870972,334.1244375,4.74406147,181.3000031,35.1931838,-97.438712
35.19318465,-97.43870972,35.19318377,-97.43871209,334.124402,4.750002384,187.8999939,35.1931828,-97.438715
35.19318377,-97.43871209,35.19318283,-97.4387145,334.1242895,4.754812717,193.3000031,35.1931818,-97.438717
35.19318283,-97.4387145,35.19318184,-97.43871686,334.1252182,4.756684303,198.1999969,35.1931808,-97.438719
35.19318184,-97.43871686,35.19318079,-97.43871922,334.1266695,4.760365009,202.3999939,35.1931797,-97.438721
35.19318079,-97.43871922,35.19317974,-97.4387215,334.1278802,4.767229557,206.3000031,35.1931786,-97.438724
35.19317974,-97.4387215,35.1931786,-97.43872383,334.129106,4.764378071,209.6000061,35.1931774,-97.438726
35.1931786,-97.43872383,35.19317742,-97.43872613,334.129677,4.76196146,212.8000031,35.1931762,-97.438728
35.19317742,-97.43872613,35.19317619,-97.4387284,334.1304037,4.762917042,214,35.1931749,-97.438731
35.19317619,-97.4387284,35.19317494,-97.43873062,334.1313239,4.767806053,214,35.1931736,-97.438733
35.19317494,-97.43873062,35.19317363,-97.4387328,334.1341451,4.774040222,214.1000061,35.1931723,-97.438735
35.19317363,-97.4387328,35.19317232,-97.43873492,334.1370399,4.78277874,214.1000061,35.1931709,-97.438737
35.19317232,-97.43873492,35.19317095,-97.43873705,334.1401479,4.782657146,214.1000061,35.1931696,-97.438739
35.19317095,-97.43873705,35.19316957,-97.43873909,334.1437875,4.782747269,214.1000061,35.1931661,-97.438742
35.19316957,-97.43873909,35.19316614,-97.43874213,333.9020524,4.777039528,215,35.1931649,-97.438744
35.19316614,-97.43874213,35.19316495,-97.43874375,333.9052017,4.774156094,215.8999939,35.1931634,-97.438746
35.19316495,-97.43874375,35.19316345,-97.43874572,333.9094611,4.78395319,218.3999939,35.1931619,-97.438748
35.19316345,-97.43874572,35.19316191,-97.43874769,333.9127164,4.78647995,221.5,35.1931603,-97.43875
35.19316191,-97.43874769,35.19316035,-97.4387496,333.9160539,4.786379337,224.6000061,35.1931588,-97.438751
35.19316035,-97.4387496,35.19315879,-97.4387514,333.9198249,4.785683155,228.1000061,35.1931571,-97.438753
35.19315879,-97.4387514,35.19315711,-97.43875321,333.9257353,4.784207344,230.5,35.1931555,-97.438755
35.19315711,-97.43875321,35.19315545,-97.43875494,333.9313309,4.787137985,233.6999969,35.1931537,-97.438757
35.19315545,-97.43875494,35.19315375,-97.43875663,333.9379234,4.788560867,236.8999939,35.193152,-97.438758
35.19315375,-97.43875663,35.19315198,-97.43875829,333.9462237,4.797836304,241.1000061,35.1931503,-97.43876
35.19315198,-97.43875829,35.1931503,-97.43875981,333.9543959,4.806252003,244.3999939,35.1931485,-97.438761
35.1931503,-97.43875981,35.19314851,-97.43876132,333.96452,4.809295177,248.6000061,35.1931466,-97.438763
35.19314851,-97.43876132,35.19314662,-97.43876283,333.9753012,4.810991764,252.8000031,35.1931448,-97.438764
35.19314662,-97.43876283,35.1931448,-97.4387642,333.9850811,4.819239616,257.6000061,35.1931429,-97.438766
35.1931448,-97.4387642,35.19314292,-97.43876558,333.9931546,4.823618889,260.1000061,35.1931411,-97.438767
35.19314292,-97.43876558,35.19314108,-97.43876686,334.0001168,4.830326557,262.2999878,35.1931392,-97.438768
35.19314108,-97.43876686,35.19313916,-97.43876811,334.0071143,4.828079224,263.3999939,35.1931372,-97.438769
35.19313916,-97.43876811,35.19313717,-97.43876932,334.014491,4.827508926,263.7000122,35.1931351,-97.43877
35.19313717,-97.43876932,35.19313512,-97.43877043,334.0229956,4.820044994,264.2999878,35.1931332,-97.438771
35.19313512,-97.43877043,35.19313316,-97.43877137,334.0326419,4.827840328,265,35.1931311,-97.438772
35.19313316,-97.43877137,35.19313113,-97.43877222,334.0440118,4.84513998,266,35.1931255,-97.438771
35.19313113,-97.43877222,35.19312549,-97.43877056,333.8912772,4.870815754,267.2000122,35.1931242,-97.438771
35.19312549,-97.43877056,35.19312423,-97.43877097,333.898198,4.877979279,267.7999878,35.1931222,-97.438772
35.19312423,-97.43877097,35.1931222,-97.43877155,333.9092269,4.886156082,268.7000122,35.19312,-97.438772
35.1931222,-97.43877155,35.19312001,-97.43877211,333.920607,4.897044182,269.2999878,35.1931179,-97.438773
35.19312001,-97.43877211,35.19311794,-97.43877257,333.9310877,4.914676666,269.5,35.1931159,-97.438773
35.19311794,-97.43877257,35.19311589,-97.43877294,333.9415286,4.925472736,269.8999939,35.1931138,-97.438773
35.19311589,-97.43877294,35.1931138,-97.43877326,333.9522018,4.933235168,270.2999878,35.1931117,-97.438773
35.1931138,-97.43877326,35.19311173,-97.43877349,333.9635023,4.9350667,270.8999939,35.1931096,-97.438774
35.19311173,-97.43877349,35.19310961,-97.43877365,333.9757587,4.945231915,272.1000061,35.1931075,-97.438774
35.19310961,-97.43877365,35.19310749,-97.4387737,333.9884653,4.95674181,273.6000061,35.1931053,-97.438774
35.19310749,-97.4387737,35.19310534,-97.43877368,334.0015179,4.969622612,275.2999878,35.1931032,-97.438774
35.19310534,-97.43877368,35.19310324,-97.43877356,334.0144292,4.984364986,277.6000061,35.1931013,-97.438773
35.19310324,-97.43877356,35.19310131,-97.43877341,334.0267954,4.993187428,279.5,35.1930991,-97.438773
35.19310131,-97.43877341,35.1930991,-97.43877314,334.0401844,5.007631302,280.7999878,35.1930972,-97.438773
35.1930991,-97.43877314,35.19309716,-97.43877284,334.0511745,5.015398502,281.2999878,35.1930949,-97.438772
35.19309716,-97.43877284,35.19309493,-97.4387724,334.0642161,5.028697491,281.3999939,35.1930929,-97.438772
35.19309493,-97.4387724,35.19309291,-97.43877193,334.0767103,5.039023876,281.3999939,35.1930909,-97.438771
35.19309291,-97.43877193,35.19309087,-97.43877137,334.0899636,5.04861784,281.3999939,35.1930889,-97.438771
35.19309087,-97.43877137,35.19308888,-97.43877075,334.1026663,5.054579258,281.3999939,35.1930869,-97.43877
35.19308888,-97.43877075,35.19308685,-97.43877003,334.1146678,5.05754137,281.3999939,35.1930828,-97.438766
35.19308685,-97.43877003,35.19308284,-97.43876646,334.0092611,5.075935364,281.3999939,35.1930809,-97.438765
35.19308284,-97.43876646,35.19308087,-97.4387655,334.0203304,5.098713875,281.3999939,35.1930789,-97.438764
35.19308087,-97.4387655,35.19307891,-97.43876446,334.0312249,5.117861271,281.3999939,35.193077,-97.438763
35.19307891,-97.43876446,35.19307698,-97.43876339,334.0420059,5.137959003,281.3999939,35.1930751,-97.438762
35.19307698,-97.43876339,35.19307514,-97.43876228,334.053324,5.148983002,281.3999939,35.1930732,-97.438761
35.19307514,-97.43876228,35.19307325,-97.438761,334.0664548,5.16680336,281.3999939,35.1930716,-97.43876
35.19307325,-97.438761,35.19307162,-97.43875985,334.0782969,5.18226862,281.2999878,35.1930697,-97.438758
35.19307162,-97.43875985,35.19306969,-97.43875836,334.0920244,5.19841671,281.2000122,35.1930679,-97.438757
35.19306969,-97.43875836,35.19306793,-97.43875693,334.1036464,5.215627193,281.1000061,35.1930662,-97.438755
35.19306793,-97.43875693,35.19306616,-97.4387554,334.1153019,5.228183746,280.6000061,35.1930645,-97.438754
35.19306616,-97.4387554,35.19306452,-97.4387539,334.1258001,5.24602747,279.2000122,35.1930628,-97.438752
35.19306452,-97.4387539,35.19306283,-97.43875227,334.1363202,5.274812698,276.2000122,35.1930613,-97.438751
35.19306283,-97.43875227,35.19306126,-97.43875064,334.1464008,5.295347691,273.2000122,35.1930597,-97.438749
35.19306126,-97.43875064,35.1930597,-97.4387488,334.1569418,5.309373856,269.1000061,35.1930583,-97.438747
35.1930597,-97.4387488,35.19305826,-97.43874702,334.1674108,5.326198101,264.3999939,35.1930568,-97.438745
35.19305826,-97.43874702,35.19305682,-97.43874516,334.1789107,5.351499081,259.3999939,35.1930554,-97.438743
35.19305682,-97.43874516,35.19305542,-97.43874325,334.1918995,5.368086815,257.2000122,35.1930541,-97.438741
35.19305542,-97.43874325,35.19305407,-97.43874134,334.2046588,5.393969059,255,35.1930527,-97.438739
35.19305407,-97.43874134,35.19305272,-97.43873933,334.2183145,5.427023411,251.3999939,35.1930496,-97.438735
35.19305272,-97.43873933,35.19304965,-97.43873544,334.1290251,5.460901737,245.3000031,35.1930489,-97.438734
35.19304965,-97.43873544,35.1930489,-97.43873434,334.136577,5.470626831,243.3000031,35.1930476,-97.438732
35.1930489,-97.43873434,35.19304757,-97.43873203,334.151196,5.486764908,238,35.1930465,-97.43873
35.19304757,-97.43873203,35.19304649,-97.43873012,334.1634047,5.496593952,232.6999969,35.1930453,-97.438728
35.19304649,-97.43873012,35.19304528,-97.43872772,334.1772141,5.499164104,227.3999939,35.1930442,-97.438726
35.19304528,-97.43872772,35.19304421,-97.43872552,334.1907153,5.513973236,222.1000061,35.1930431,-97.438723
35.19304421,-97.43872552,35.19304313,-97.43872328,334.2052398,5.527238369,217.5,35.1930421,-97.438721
35.19304313,-97.43872328,35.19304209,-97.43872106,334.218744,5.537201881,213.8999939,35.193041,-97.438719
35.19304209,-97.43872106,35.19304102,-97.43871875,334.2330812,5.561304569,211.3000031,35.19304,-97.438717
35.19304102,-97.43871875,35.19303996,-97.4387165,334.2489628,5.592791557,209,35.1930387,-97.438714
35.19303996,-97.4387165,35.19303875,-97.43871423,334.2652437,5.612996101,206.1000061,35.1930376,-97.438712
35.19303875,-97.43871423,35.19303759,-97.43871201,334.2818693,5.630554199,201.6999969,35.1930365,-97.43871
35.19303759,-97.43871201,35.19303648,-97.43870971,334.2996321,5.650463104,195.8999939,35.1930354,-97.438707
35.19303648,-97.43870971,35.19303544,-97.43870739,334.318845,5.664995193,189.3000031,35.1930344,-97.438705
35.19303544,-97.43870739,35.19303442,-97.43870522,334.3372229,5.673996449,182.6000061,35.1930334,-97.438703
35.19303442,-97.43870522,35.19303345,-97.43870265,334.3564848,5.693072796,174.5,35.1930325,-97.4387
35.19303345,-97.43870265,35.19303252,-97.43870013,334.3738606,5.706234932,169.3999939,35.1930317,-97.438698
35.19303252,-97.43870013,35.1930317,-97.43869768,334.391264,5.719165802,163.6999969,35.1930308,-97.438695
35.1930317,-97.43869768,35.19303081,-97.43869516,334.4087077,5.739854336,159.6000061,35.19303,-97.438693
35.19303081,-97.43869516,35.19302997,-97.43869265,334.4261003,5.751664639,159,35.1930281,-97.438687
35.19302997,-97.43869265,35.19302809,-97.43868748,334.3683636,5.768322468,159,35.1930273,-97.438685
35.19302809,-97.43868748,35.19302731,-97.43868522,334.3862118,5.781682491,158.8999939,35.1930265,-97.438683
35.19302731,-97.43868522,35.19302651,-97.43868263,334.4066288,5.804414749,158.8999939,35.1930258,-97.43868
35.19302651,-97.43868263,35.19302581,-97.43867989,334.4278325,5.836129189,158.8999939,35.1930252,-97.438677
35.19302581,-97.43867989,35.19302517,-97.43867712,334.448941,5.845406532,158.8999939,35.1930246,-97.438674
35.19302517,-97.43867712,35.19302462,-97.43867443,334.4688258,5.856758595,158.8000031,35.1930242,-97.438672
35.19302462,-97.43867443,35.19302416,-97.43867165,334.4885653,5.877776146,158,35.1930237,-97.438669
35.19302416,-97.43867165,35.19302372,-97.43866898,334.5078132,5.887475967,155.8999939,35.1930233,-97.438666
35.19302372,-97.43866898,35.19302335,-97.43866621,334.5268674,5.903095245,151.6999969,35.193023,-97.438663
35.19302335,-97.43866621,35.19302302,-97.4386633,334.5470246,5.913387299,146.6999969,35.1930227,-97.438661
35.19302302,-97.4386633,35.19302274,-97.43866059,334.5664069,5.922272205,141.5,35.1930225,-97.438658
35.19302274,-97.43866059,35.19302247,-97.4386577,334.5870583,5.943923473,133.1999969,35.1930222,-97.438655
35.19302247,-97.4386577,35.19302225,-97.4386548,334.6072241,5.966594219,123.4000015,35.1930221,-97.438652
35.19302225,-97.4386548,35.19302208,-97.43865224,334.6247002,5.987285137,112.4000015,35.193022,-97.438649
35.19302208,-97.43865224,35.19302197,-97.4386492,334.6447959,6.002056599,101.5,35.1930218,-97.438647
35.19302197,-97.4386492,35.1930218,-97.4386466,334.6629923,6.009514809,90.90000153,35.1930216,-97.438644
35.1930218,-97.4386466,35.19302162,-97.43864373,334.6816801,6.018172741,80.09999847,35.1930214,-97.438641
35.19302162,-97.43864373,35.19302144,-97.43864062,334.7013942,6.026708603,67.59999847,35.1930212,-97.438638
35.19302144,-97.43864062,35.1930212,-97.43863766,334.7200494,6.03755188,59.90000153,35.193021,-97.438635
35.1930212,-97.43863766,35.19302102,-97.43863485,334.7366302,6.051810265,51.09999847,35.1930194,-97.438618
35.19302102,-97.43863485,35.19301936,-97.43861783,334.5108431,6.072855949,42.20000076,35.1930192,-97.438615
35.19301936,-97.43861783,35.19301922,-97.43861546,334.5224735,6.076170921,37.29999924,35.1930191,-97.438612
35.19301922,-97.43861546,35.1930191,-97.43861243,334.5373959,6.072529316,32.70000076,35.1930189,-97.438609
35.1930191,-97.43861243,35.19301886,-97.43860941,334.5525792,6.065315247,29.29999924,35.1930187,-97.438606
35.19301886,-97.43860941,35.19301867,-97.43860637,334.5673504,6.056570053,26.29999924,35.1930185,-97.438603
35.19301867,-97.43860637,35.19301846,-97.43860339,334.5815653,6.045743942,22.5,35.1930182,-97.4386
35.19301846,-97.43860339,35.19301817,-97.4386003,334.597615,6.031858921,19.5,35.1930178,-97.438597
35.19301817,-97.4386003,35.19301779,-97.43859729,334.6145171,6.021362305,17.39999962,35.1930175,-97.438594
35.19301779,-97.43859729,35.1930175,-97.43859428,334.6348942,6.003112793,15.5,35.1930172,-97.438591
35.1930175,-97.43859428,35.19301718,-97.43859137,334.6540664,5.957135677,14.19999981,35.1930169,-97.438588
35.19301718,-97.43859137,35.19301695,-97.43858844,334.6710757,5.918213844,14.10000038,35.1930168,-97.438586
35.19301695,-97.43858844,35.19301676,-97.43858561,334.6884739,5.894829273,14.5,35.1930166,-97.438583
35.19301676,-97.43858561,35.19301655,-97.43858276,334.7051181,5.866354465,15.60000038,35.1930164,-97.43858
35.19301655,-97.43858276,35.19301637,-97.43858006,334.7197853,5.830145359,17.29999924,35.1930162,-97.438577
35.19301637,-97.43858006,35.19301617,-97.4385774,334.7331252,5.791987896,19.89999962,35.193016,-97.438575
35.19301617,-97.4385774,35.19301596,-97.43857476,334.7450478,5.760354519,22.39999962,35.1930158,-97.438572
35.19301596,-97.43857476,35.19301579,-97.43857198,334.7579213,5.729097366,24.5,35.1930156,-97.438569
35.19301579,-97.43857198,35.19301564,-97.4385693,334.7720343,5.703245163,25.79999924,35.1930155,-97.438567
35.19301564,-97.4385693,35.19301551,-97.43856661,334.7865786,5.669027328,26.60000038,35.1930154,-97.438564
35.19301551,-97.43856661,35.1930154,-97.43856399,334.8012159,5.627490997,26.60000038,35.1930155,-97.438553
35.1930154,-97.43856399,35.19301551,-97.43855256,334.550388,5.576610565,26.60000038,35.1930155,-97.43855
35.19301551,-97.43855256,35.19301548,-97.43855032,334.5598433,5.546514988,26.60000038,35.1930155,-97.438548
35.19301548,-97.43855032,35.19301548,-97.43854771,334.5715113,5.492707729,26.60000038,35.1930155,-97.438545
35.19301548,-97.43854771,35.19301548,-97.43854519,334.5837648,5.446365833,26.60000038,35.1930155,-97.438543
35.19301548,-97.43854519,35.1930155,-97.43854266,334.5975517,5.382917404,26.60000038,35.1930155,-97.43854
35.1930155,-97.43854266,35.19301554,-97.43854023,334.6091945,5.326056004,26.5,35.1930156,-97.438538
35.19301554,-97.43854023,35.19301559,-97.43853776,334.6198807,5.269883633,26.60000038,35.1930156,-97.438535
35.19301559,-97.43853776,35.19301563,-97.43853542,334.6298867,5.210873604,26.79999924,35.1930157,-97.438533
35.19301563,-97.43853542,35.19301566,-97.4385331,334.6399364,5.160962105,27.39999962,35.1930157,-97.438531
35.19301566,-97.4385331,35.19301571,-97.4385308,334.6496916,5.097579002,29.20000076,35.1930157,-97.438529
35.19301571,-97.4385308,35.19301575,-97.43852853,334.6606217,5.010858059,32.20000076,35.1930158,-97.438526
35.19301575,-97.43852853,35.19301581,-97.43852632,334.6700005,4.932821751,34.79999924,35.1930159,-97.438524
35.19301581,-97.43852632,35.19301588,-97.43852412,334.6788652,4.877646446,36.79999924,35.193016,-97.438522
35.19301588,-97.43852412,35.19301596,-97.43852198,334.6876745,4.810326576,38.5,35.193016,-97.43852
35.19301596,-97.43852198,35.19301605,-97.43851984,334.6964185,4.747273922,39.40000153,35.1930161,-97.438518
35.19301605,-97.43851984,35.19301614,-97.4385178,334.7048723,4.674424171,39.90000153,35.1930163,-97.438516
35.19301614,-97.4385178,35.19301625,-97.43851576,334.7125971,4.60158205,40.09999847,35.1930164,-97.438514
35.19301625,-97.43851576,35.19301637,-97.43851385,334.7182242,4.5288167,40.40000153,35.1930165,-97.438512
35.19301637,-97.43851385,35.1930165,-97.43851191,334.7255077,4.453440189,41,35.1930166,-97.43851
35.1930165,-97.43851191,35.19301662,-97.43850991,334.7318581,4.36920166,41.5,35.1930168,-97.438508
35.19301662,-97.43850991,35.19301676,-97.43850793,334.7362618,4.288690567,41.79999924,35.1930172,-97.438493
35.19301676,-97.43850793,35.19301724,-97.43849347,334.4109644,4.154986382,41.79999924,35.1930173,-97.438493
35.19301724,-97.43849347,35.1930173,-97.43849255,334.4116517,4.142206192,41.79999924,35.1930174,-97.438491
35.1930173,-97.43849255,35.19301745,-97.43849069,334.4164302,4.064408302,41.79999924,35.1930176,-97.438489
35.19301745,-97.43849069,35.19301759,-97.4384889,334.4211448,3.969652653,41.70000076,35.1930177,-97.438487
35.19301759,-97.4384889,35.19301774,-97.43848717,334.4259669,3.898750544,41.40000153,35.1930179,-97.438485
35.19301774,-97.43848717,35.1930179,-97.43848543,334.4311864,3.82963419,40.90000153,35.193018,-97.438484
35.1930179,-97.43848543,35.19301805,-97.43848378,334.4359126,3.76055789,40.40000153,35.1930182,-97.438482
35.19301805,-97.43848378,35.1930182,-97.43848223,334.4415284,3.699861288,40.09999847,35.1930184,-97.438481
35.1930182,-97.43848223,35.19301836,-97.43848071,334.445843,3.618593454,39.29999924,35.1930185,-97.438479
35.19301836,-97.43848071,35.19301851,-97.4384792,334.4502744,3.544212341,38.20000076,35.1930187,-97.438478
35.19301851,-97.4384792,35.19301867,-97.43847776,334.4541424,3.461094618,36.79999924,35.1930188,-97.438476
35.19301867,-97.43847776,35.19301883,-97.43847629,334.4579776,3.395923138,35.79999924,35.193019,-97.438475
35.19301883,-97.43847629,35.19301897,-97.43847493,334.462064,3.344381571,35,35.1930191,-97.438474
35.19301897,-97.43847493,35.19301912,-97.43847358,334.4660727,3.258740664,33.70000076,35.1930193,-97.438472
35.19301912,-97.43847358,35.19301925,-97.43847226,334.4685146,3.201632023,32.70000076,35.1930194,-97.438471
35.19301925,-97.43847226,35.19301939,-97.43847094,334.469657,3.120179176,31.39999962,35.1930195,-97.43847
35.19301939,-97.43847094,35.19301952,-97.43846969,334.4706655,3.069505692,30.89999962,35.1930196,-97.438469
35.19301952,-97.43846969,35.19301964,-97.43846855,334.4713197,3.020057201,30.79999924,35.1930198,-97.438467
35.19301964,-97.43846855,35.19301978,-97.43846723,334.4720329,2.93563652,30.89999962,35.1930199,-97.438466
35.19301978,-97.43846723,35.19301989,-97.43846608,334.4705812,2.883980274,31.29999924,35.1930207,-97.438453
35.19301989,-97.43846608,35.19302069,-97.43845262,334.0690928,2.817062855,32.09999847,35.1930208,-97.438452
35.19302069,-97.43845262,35.19302081,-97.43845152,334.0712402,2.752877951,33.40000153,35.193021,-97.43845
35.19302081,-97.43845152,35.19302095,-97.4384503,334.0731402,2.677577496,35.09999847,35.1930211,-97.438449
35.19302095,-97.4384503,35.19302108,-97.43844919,334.0751472,2.615142345,36.09999847,35.1930212,-97.438448
35.19302108,-97.43844919,35.19302121,-97.43844813,334.0771083,2.567445755,36.5,35.1930213,-97.438447
35.19302121,-97.43844813,35.19302133,-97.43844708,334.0781313,2.5102036,36.5,35.1930215,-97.438446
35.19302133,-97.43844708,35.19302146,-97.43844607,334.0792109,2.443895817,36.5,35.1930216,-97.438445
35.19302146,-97.43844607,35.19302157,-97.43844516,334.0792204,2.408125162,36.5,35.1930217,-97.438444
35.19302157,-97.43844516,35.1930217,-97.43844415,334.0806321,2.330047846,36.5,35.1930218,-97.438443
35.1930217,-97.43844415,35.1930218,-97.43844332,334.0819855,2.283755541,36.5,35.1930219,-97.438442
35.1930218,-97.43844332,35.19302192,-97.4384424,334.084407,2.216601849,36.5,35.193022,-97.438442
35.19302192,-97.4384424,35.19302203,-97.43844158,334.0858683,2.162399292,36.5,35.1930221,-97.438441
35.19302203,-97.43844158,35.19302213,-97.43844078,334.0859616,2.121609688,36.5,35.1930222,-97.43844
35.19302213,-97.43844078,35.19302223,-97.43844001,334.0857885,2.072008848,36.5,35.1930223,-97.438439
35.19302223,-97.43844001,35.19302233,-97.43843926,334.0854281,2.021101236,36.5,35.1930224,-97.438439
35.19302233,-97.43843926,35.19302242,-97.43843856,334.085924,1.961381793,36.5,35.1930225,-97.438438
35.19302242,-97.43843856,35.1930225,-97.4384379,334.0857863,1.918497801,36.5,35.1930226,-97.438437
35.1930225,-97.4384379,35.1930226,-97.4384372,334.0862372,1.864599466,36.5,35.1930227,-97.438437
35.1930226,-97.4384372,35.19302269,-97.43843655,334.086044,1.801665783,36.5,35.1930235,-97.43843
35.19302269,-97.43843655,35.19302353,-97.43843024,333.7768832,1.737926364,36.5,35.1930236,-97.43843
35.19302353,-97.43843024,35.1930236,-97.43842969,333.776984,1.706547618,36.5,35.1930237,-97.438429
35.1930236,-97.43842969,35.19302369,-97.43842906,333.7775353,1.644769549,36.5,35.1930238,-97.438428
35.19302369,-97.43842906,35.19302376,-97.43842849,333.7776382,1.602964401,36.5,35.1930238,-97.438428
35.19302376,-97.43842849,35.19302384,-97.4384279,333.7771197,1.552814722,36.5,35.1930239,-97.438427
35.19302384,-97.4384279,35.19302392,-97.43842735,333.7766019,1.499917507,36.5,35.193024,-97.438427
35.19302392,-97.43842735,35.19302399,-97.43842682,333.7754083,1.43898344,36.5,35.1930241,-97.438426
35.19302399,-97.43842682,35.19302406,-97.4384263,333.7745774,1.400867105,36.5,35.1930241,-97.438426
35.19302406,-97.4384263,35.19302414,-97.43842578,333.7733692,1.350287199,36.40000153,35.1930242,-97.438425
35.19302414,-97.43842578,35.19302422,-97.43842529,333.7726899,1.296314359,36.29999924,35.1930243,-97.438425
35.19302422,-97.43842529,35.1930243,-97.43842481,333.7713619,1.232079744,36,35.1930244,-97.438424
35.1930243,-97.43842481,35.19302436,-97.43842437,333.7696985,1.191413999,35.70000076,35.1930244,-97.438424
35.19302436,-97.43842437,35.19302443,-97.43842393,333.7681703,1.144981742,34.90000153,35.1930245,-97.438424
35.19302443,-97.43842393,35.1930245,-97.43842352,333.766656,1.094477892,33.5,35.1930246,-97.438423
35.1930245,-97.43842352,35.19302456,-97.43842312,333.7649198,1.050082445,32.20000076,35.1930246,-97.438423
35.19302456,-97.43842312,35.19302462,-97.43842272,333.7624514,0.998442471,31.10000038,35.1930247,-97.438422
35.19302462,-97.43842272,35.19302468,-97.43842234,333.7603723,0.963986337,30.70000076,35.1930247,-97.438422
35.19302468,-97.43842234,35.19302475,-97.43842198,333.7582418,0.924274981,30.29999924,35.1930248,-97.438422
35.19302475,-97.43842198,35.19302481,-97.43842166,333.7558294,0.885851383,30,35.1930249,-97.438421
35.19302481,-97.43842166,35.19302486,-97.43842131,333.7526879,0.845244467,29.89999962,35.1930249,-97.438421
35.19302486,-97.43842131,35.19302491,-97.43842098,333.7496608,0.807958961,29.89999962,35.1930255,-97.438416
35.19302491,-97.43842098,35.19302553,-97.43841594,333.4539185,0.750865102,29.89999962,35.1930256,-97.438416
35.19302553,-97.43841594,35.19302556,-97.43841576,333.452353,0.729364038,29.89999962,35.1930256,-97.438416
35.19302556,-97.43841576,35.19302561,-97.43841552,333.4512715,0.702334166,29.89999962,35.1930257,-97.438415
35.19302561,-97.43841552,35.19302565,-97.43841527,333.4498713,0.669421494,29.89999962,35.1930257,-97.438415
35.19302565,-97.43841527,35.1930257,-97.438415,333.4478522,0.632683754,29.89999962,35.1930257,-97.438415
35.1930257,-97.438415,35.19302575,-97.43841477,333.4462656,0.611374617,29.89999962,35.1930258,-97.438415
35.19302575,-97.43841477,35.19302579,-97.43841453,333.4442428,0.583631396,29.89999962,35.1930258,-97.438414
35.19302579,-97.43841453,35.19302583,-97.43841432,333.4428239,0.558056593,29.89999962,35.1930259,-97.438414
35.19302583,-97.43841432,35.19302588,-97.43841409,333.4411706,0.53405267,29.89999962,35.1930259,-97.438414
35.19302588,-97.43841409,35.19302592,-97.4384139,333.4393664,0.510546446,30,35.193026,-97.438414
35.19302592,-97.4384139,35.19302596,-97.43841368,333.4372865,0.486990571,29.89999962,35.193026,-97.438413
35.19302596,-97.43841368,35.193026,-97.43841346,333.434881,0.468062639,30,35.193026,-97.438413
35.193026,-97.43841346,35.19302604,-97.43841325,333.4328378,0.447867036,29.89999962,35.1930261,-97.438413
35.19302604,-97.43841325,35.19302608,-97.43841305,333.4304264,0.423319042,29.89999962,35.1930261,-97.438413
35.19302608,-97.43841305,35.19302612,-97.43841287,333.4285108,0.40768826,30,35.1930262,-97.438413
35.19302612,-97.43841287,35.19302616,-97.43841268,333.4263507,0.388682872,29.89999962,35.1930262,-97.438412
35.19302616,-97.43841268,35.1930262,-97.43841248,333.423612,0.367906451,29.89999962,35.1930262,-97.438412
35.1930262,-97.43841248,35.19302623,-97.4384123,333.4213722,0.348695755,30,35.1930263,-97.438412
35.19302623,-97.4384123,35.19302628,-97.43841209,333.4184917,0.325882167,29.89999962,35.1930263,-97.438412
35.19302628,-97.43841209,35.19302631,-97.43841192,333.4160199,0.309913784,29.89999962,35.1930263,-97.438412
35.19302631,-97.43841192,35.19302633,-97.43841179,333.4141222,0.241397202,29.89999962,35.1930265,-97.438409
35.19302633,-97.43841179,35.19302645,-97.43840939,333.1300666,0.069423385,29.89999962,35.1930266,-97.438409
35.19302645,-97.43840939,35.19302656,-97.43840938,333.120983,-0.05951013,29.89999962,35.1930266,-97.438409
35.19302656,-97.43840938,35.19302663,-97.43840935,333.1146786,-0.082785942,29.89999962,35.1930267,-97.438409
35.19302663,-97.43840935,35.19302669,-97.43840929,333.1090585,-0.073724367,29.89999962,35.1930267,-97.438409
35.19302669,-97.43840929,35.19302675,-97.43840926,333.1038998,-0.042944759,29.89999962,35.1930268,-97.438409
35.19302675,-97.43840926,35.19302677,-97.43840932,333.1005038,-0.019217471,29.79999924,35.1930268,-97.438409
35.19302677,-97.43840932,35.1930268,-97.43840932,333.0970944,-0.005970269,29.79999924,35.1930268,-97.438409
35.1930268,-97.43840932,35.19302683,-97.43840923,333.0951723,0.00317275,29.79999924,35.1930269,-97.438409
35.19302683,-97.43840923,35.19302685,-97.43840917,333.0937676,0.006126416,29.89999962,35.1930269,-97.438409
35.19302685,-97.43840917,35.19302685,-97.4384092,333.093101,0.005588418,29.79999924,35.1930268,-97.438409
35.19302685,-97.4384092,35.19302683,-97.43840909,333.0953964,0.003323512,29.79999924,35.1930268,-97.438409
35.19302683,-97.43840909,35.19302679,-97.438409,333.0994658,0.001844749,29.89999962,35.1930267,-97.438409
35.19302679,-97.438409,35.19302674,-97.43840889,333.1040856,0.000506725,29.89999962,35.1930267,-97.438409
35.19302674,-97.43840889,35.19302667,-97.43840879,333.1106517,-0.000289518,29.79999924,35.1930266,-97.438409
35.19302667,-97.43840879,35.1930266,-97.43840875,333.1164799,-0.000462152,29.79999924,35.1930265,-97.438409
35.1930266,-97.43840875,35.19302653,-97.43840869,333.1218605,-0.000423127,29.89999962,35.1930265,-97.438409
35.19302653,-97.43840869,35.19302647,-97.4384086,333.1272664,-0.000286951,29.79999924,35.1930264,-97.438408
35.19302647,-97.4384086,35.19302641,-97.43840848,333.1310641,-0.000120903,29.79999924,35.1930264,-97.438408
35.19302641,-97.43840848,35.19302635,-97.43840836,333.135276,-2.78E-05,29.79999924,35.1930265,-97.438407
35.19302635,-97.43840836,35.19302648,-97.43840733,332.8791113,2.88E-05,29.79999924,35.1930265,-97.438407
35.19302648,-97.43840733,35.19302646,-97.43840722,332.8806406,3.33E-05,29.79999924,35.1930265,-97.438407
35.19302646,-97.43840722,35.19302647,-97.43840708,332.8810954,0.174930468,29.79999924,35.1930265,-97.438407
35.19302647,-97.43840708,35.19302648,-97.43840698,332.8807702,0.308356315,29.79999924,35.1930265,-97.438407
35.19302648,-97.43840698,35.1930265,-97.43840688,332.8804619,0.405447811,29.79999924,35.1930265,-97.438407
35.1930265,-97.43840688,35.19302652,-97.43840676,332.880047,0.443386823,29.79999924,35.1930265,-97.438407
35.19302652,-97.43840676,35.19302654,-97.43840664,332.8799782,0.465451568,29.5,35.1930266,-97.438406
35.19302654,-97.43840664,35.19302656,-97.43840647,332.8796813,0.472352237,29.39999962,35.1930266,-97.438406
35.19302656,-97.43840647,35.19302659,-97.43840633,332.8794277,0.478505045,29.29999924,35.1930266,-97.438406
35.19302659,-97.43840633,35.19302662,-97.43840616,332.8789506,0.491311491,29.29999924,35.1930266,-97.438406
35.19302662,-97.43840616,35.19302665,-97.43840596,332.8785838,0.511698067,29.29999924,35.1930267,-97.438406
35.19302665,-97.43840596,35.19302668,-97.4384058,332.8782179,0.53444773,29.20000076,35.1930267,-97.438406
35.19302668,-97.4384058,35.19302671,-97.43840559,332.877607,0.564347446,29.20000076,35.1930267,-97.438405
35.19302671,-97.43840559,35.19302675,-97.43840536,332.8771261,0.585754395,29.10000038,35.1930268,-97.438405
35.19302675,-97.43840536,35.19302679,-97.43840516,332.8767108,0.610644221,29.10000038,35.1930268,-97.438405
35.19302679,-97.43840516,35.19302683,-97.4384049,332.8763784,0.634827793,29.10000038,35.1930269,-97.438405
35.19302683,-97.4384049,35.19302687,-97.43840465,332.8759393,0.662490904,29.10000038,35.1930269,-97.438404
35.19302687,-97.43840465,35.19302691,-97.4384044,332.8754888,0.685657442,29.10000038,35.193027,-97.438404
35.19302691,-97.4384044,35.19302696,-97.43840414,332.8751305,0.702591836,29.10000038,35.193027,-97.438404
35.19302696,-97.43840414,35.193027,-97.43840385,332.8746681,0.722639024,29.10000038,35.193027,-97.438404
35.193027,-97.43840385,35.19302705,-97.43840358,332.8740056,0.743996263,29.10000038,35.1930269,-97.438402
35.19302705,-97.43840358,35.19302693,-97.43840187,332.6236876,0.773170769,29.10000038,35.193027,-97.438402
35.19302693,-97.43840187,35.19302696,-97.43840167,332.6232792,0.786117733,29.10000038,35.193027,-97.438401
35.19302696,-97.43840167,35.19302702,-97.43840131,332.6227552,0.811483681,29.10000038,35.1930271,-97.438401
35.19302702,-97.43840131,35.19302707,-97.43840101,332.6222144,0.834525287,29.10000038,35.1930271,-97.438401
35.19302707,-97.43840101,35.19302713,-97.43840064,332.6218153,0.855112076,29.10000038,35.1930272,-97.4384
35.19302713,-97.43840064,35.19302719,-97.43840027,332.6213068,0.887443304,29.10000038,35.1930272,-97.4384
35.19302719,-97.43840027,35.19302725,-97.43839989,332.6210068,0.920378685,28.79999924,35.1930273,-97.438399
35.19302725,-97.43839989,35.19302731,-97.43839949,332.6207448,0.962628245,28.5,35.1930274,-97.438399
35.19302731,-97.43839949,35.19302738,-97.43839907,332.6205243,0.995248318,28.39999962,35.1930275,-97.438399
35.19302738,-97.43839907,35.19302745,-97.43839864,332.6201602,1.044399619,28.10000038,35.1930275,-97.438398
35.19302745,-97.43839864,35.19302753,-97.43839819,332.6199026,1.077032924,27.79999924,35.1930276,-97.438398
35.19302753,-97.43839819,35.1930276,-97.43839773,332.619342,1.117558718,27,35.1930277,-97.438397
35.1930276,-97.43839773,35.19302769,-97.43839723,332.6188533,1.158664465,26.20000076,35.1930278,-97.438397
35.19302769,-97.43839723,35.19302778,-97.43839671,332.6184288,1.207068086,25.70000076,35.1930279,-97.438396
35.19302778,-97.43839671,35.19302787,-97.43839619,332.6178008,1.238763452,25.60000038,35.193028,-97.438396
35.19302787,-97.43839619,35.19302796,-97.43839563,332.6173077,1.280832767,25.39999962,35.1930281,-97.438395
35.19302796,-97.43839563,35.19302806,-97.43839502,332.6167253,1.325392008,25.20000076,35.1930282,-97.438394
35.19302806,-97.43839502,35.19302816,-97.43839443,332.6164583,1.375768185,25.10000038,35.1930283,-97.438394
35.19302816,-97.43839443,35.19302826,-97.43839378,332.6160329,1.431880236,25,35.1930284,-97.438393
35.19302826,-97.43839378,35.19302838,-97.4383931,332.6158155,1.492200851,24.89999962,35.1930284,-97.438391
35.19302838,-97.4383931,35.19302843,-97.43839086,332.427252,1.578679085,24.29999924,35.1930285,-97.43839
35.19302843,-97.43839086,35.19302853,-97.43839027,332.4267814,1.618182898,23.79999924,35.1930287,-97.438389
35.19302853,-97.43839027,35.19302866,-97.4383895,332.4261744,1.696024776,22.70000076,35.1930288,-97.438389
35.19302866,-97.4383895,35.19302881,-97.43838867,332.425458,1.76259923,21.79999924,35.193029,-97.438388
35.19302881,-97.43838867,35.19302895,-97.43838782,332.4246667,1.815319657,21,35.1930291,-97.438387
35.19302895,-97.43838782,35.19302911,-97.43838694,332.4237413,1.883058786,20.20000076,35.1930293,-97.438386
35.19302911,-97.43838694,35.19302926,-97.43838602,332.4228799,1.948166847,19.39999962,35.1930294,-97.438385
35.19302926,-97.43838602,35.19302942,-97.43838508,332.4218288,2.025472403,18.70000076,35.1930296,-97.438384
35.19302942,-97.43838508,35.19302958,-97.43838415,332.4208725,2.075403452,18.20000076,35.1930298,-97.438383
35.19302958,-97.43838415,35.19302976,-97.43838306,332.4199146,2.139379501,17.20000076,35.1930299,-97.438382
35.19302976,-97.43838306,35.19302994,-97.438382,332.4186187,2.199368715,16,35.1930301,-97.438381
35.19302994,-97.438382,35.19303013,-97.43838092,332.4171053,2.270623207,14.80000019,35.1930303,-97.43838
35.19303013,-97.43838092,35.19303031,-97.43837987,332.415632,2.320393324,14.10000038,35.1930305,-97.438379
35.19303031,-97.43837987,35.19303052,-97.43837862,332.4139475,2.394833326,13.30000019,35.1930307,-97.438378
35.19303052,-97.43837862,35.1930307,-97.43837753,332.41275,2.444416523,12.69999981,35.1930309,-97.438376
35.1930307,-97.43837753,35.19303093,-97.43837618,332.4112367,2.507833481,12.30000019,35.1930312,-97.438375
35.19303093,-97.43837618,35.19303115,-97.43837493,332.4103015,2.565090418,11.80000019,35.1930314,-97.438374
35.19303115,-97.43837493,35.19303136,-97.43837374,332.4090433,2.625386238,11,35.1930316,-97.438372
35.19303136,-97.43837374,35.1930316,-97.43837231,332.4072112,2.701845407,10.19999981,35.1930318,-97.438371
35.1930316,-97.43837231,35.19303184,-97.43837093,332.4058119,2.752966642,9.699999809,35.1930322,-97.438368
35.19303184,-97.43837093,35.19303219,-97.43836825,332.2042374,2.82711792,8.899999619,35.1930324,-97.438367
35.19303219,-97.43836825,35.19303244,-97.43836681,332.2029945,2.883574963,8.100000381,35.1930327,-97.438365
35.19303244,-97.43836681,35.19303271,-97.43836531,332.2015182,2.931783676,7.699999809,35.193033,-97.438364
35.19303271,-97.43836531,35.19303297,-97.4383638,332.199948,3.006079674,7.099999905,35.1930332,-97.438362
35.19303297,-97.4383638,35.19303323,-97.43836237,332.198479,3.051686764,6.699999809,35.1930335,-97.438361
35.19303323,-97.43836237,35.19303354,-97.43836063,332.1964652,3.113154411,6.099999905,35.1930338,-97.438359
35.19303354,-97.43836063,35.19303382,-97.43835903,332.1945123,3.185078382,5.400000095,35.1930341,-97.438357
35.19303382,-97.43835903,35.19303411,-97.43835741,332.1927498,3.23171401,5.099999905,35.1930344,-97.438356
35.19303411,-97.43835741,35.19303441,-97.4383557,332.19176,3.287500858,4.599999905,35.1930347,-97.438354
35.19303441,-97.4383557,35.19303471,-97.43835399,332.1901183,3.347006798,4.099999905,35.193035,-97.438352
35.19303471,-97.43835399,35.19303502,-97.43835226,332.1886479,3.403354645,3.599999905,35.1930353,-97.438351
35.19303502,-97.43835226,35.19303532,-97.4383505,332.1867864,3.473164797,2.700000048,35.1930356,-97.438349
35.19303532,-97.4383505,35.19303565,-97.43834869,332.1848034,3.525974512,1.5,35.193036,-97.438347
35.19303565,-97.43834869,35.19303598,-97.43834687,332.1834897,3.571161747,0.400000006,35.1930363,-97.438345
35.19303598,-97.43834687,35.19303633,-97.43834498,332.1816013,3.624337673,-1,35.1930366,-97.438343
35.19303633,-97.43834498,35.19303664,-97.43834327,332.1798683,3.667212963,-2.099999905,35.193037,-97.438341
35.19303664,-97.43834327,35.19303698,-97.43834133,332.1784647,3.732461929,-3.400000095,35.1930374,-97.438339
35.19303698,-97.43834133,35.19303736,-97.4383392,332.1769352,3.791423321,-4.300000191,35.1930377,-97.438337
35.19303736,-97.4383392,35.19303771,-97.43833725,332.1759267,3.841088057,-5,35.1930381,-97.438335
35.19303771,-97.43833725,35.19303807,-97.43833519,332.1739003,3.895406485,-5.300000191,35.1930389,-97.438332
35.19303807,-97.43833519,35.19303888,-97.43833199,331.9754883,3.943868637,-5.599999905,35.1930392,-97.43833
35.19303888,-97.43833199,35.19303923,-97.43832999,331.9728415,3.990890741,-5.800000191,35.1930396,-97.438328
35.19303923,-97.43832999,35.19303961,-97.43832778,331.9699856,4.043392181,-6.099999905,35.19304,-97.438326
35.19303961,-97.43832778,35.19304,-97.43832562,331.9675652,4.097160816,-6.5,35.1930404,-97.438324
35.19304,-97.43832562,35.19304036,-97.4383236,331.9660444,4.144085884,-6.599999905,35.1930408,-97.438321
35.19304036,-97.4383236,35.19304079,-97.43832124,331.9630057,4.193764687,-6.599999905,35.1930412,-97.438319
35.19304079,-97.43832124,35.19304119,-97.438319,331.9600578,4.239679813,-6.599999905,35.1930416,-97.438317
35.19304119,-97.438319,35.19304159,-97.43831672,331.9573678,4.290739059,-6.599999905,35.193042,-97.438314
35.19304159,-97.43831672,35.193042,-97.43831442,331.9549138,4.336461544,-6.5,35.1930424,-97.438312
35.193042,-97.43831442,35.1930424,-97.43831209,331.9524643,4.38492775,-6.300000191,35.1930428,-97.43831
35.1930424,-97.43831209,35.19304281,-97.43830974,331.9498639,4.427850246,-6.199999809,35.1930432,-97.438307
35.19304281,-97.43830974,35.1930432,-97.43830738,331.94628,4.464530468,-6.099999905,35.1930436,-97.438305
35.1930432,-97.43830738,35.19304361,-97.43830497,331.9427053,4.515310287,-5.900000095,35.193044,-97.438303
35.19304361,-97.43830497,35.19304402,-97.4383026,331.9399419,4.543791294,-5.900000095,35.1930445,-97.4383
35.19304402,-97.4383026,35.19304445,-97.43830005,331.937202,4.585517406,-5.900000095,35.1930449,-97.438298
35.19304445,-97.43830005,35.19304488,-97.43829758,331.9336185,4.61728096,-5.900000095,35.1930453,-97.438295
35.19304488,-97.43829758,35.19304529,-97.43829519,331.9300989,4.643775463,-5.900000095,35.1930457,-97.438293
35.19304529,-97.43829519,35.19304572,-97.43829272,331.9257869,4.670646667,-5.900000095,35.1930461,-97.43829
35.19304572,-97.43829272,35.19304615,-97.43829021,331.9218703,4.695925713,-5.900000095,35.1930466,-97.438288
35.19304615,-97.43829021,35.19304659,-97.43828765,331.9178287,4.726673603,-5.699999809,35.1930476,-97.438284
35.19304659,-97.43828765,35.19304762,-97.43828415,331.7345617,4.769435883,-5,35.193048,-97.438282
35.19304762,-97.43828415,35.19304797,-97.43828207,331.7320326,4.784214973,-4.599999905,35.1930484,-97.438279
35.19304797,-97.43828207,35.19304843,-97.43827942,331.7279301,4.805941105,-3.799999952,35.1930489,-97.438277
35.19304843,-97.43827942,35.19304887,-97.43827684,331.7239309,4.820596695,-2.5,35.1930493,-97.438274
35.19304887,-97.43827684,35.19304931,-97.43827418,331.7190571,4.840522766,-1.100000024,35.1930498,-97.438272
35.19304931,-97.43827418,35.19304976,-97.43827155,331.7143253,4.855325699,0.800000012,35.1930502,-97.438269
35.19304976,-97.43827155,35.1930502,-97.43826896,331.7099003,4.864942551,1.899999976,35.1930507,-97.438266
35.1930502,-97.43826896,35.19305066,-97.43826624,331.7050557,4.875991344,3.200000048,35.1930511,-97.438264
35.19305066,-97.43826624,35.19305111,-97.43826356,331.6993754,4.885834217,4.400000095,35.1930516,-97.438261
35.19305111,-97.43826356,35.19305158,-97.43826087,331.6936341,4.892299652,5.599999905,35.1930521,-97.438258
35.19305158,-97.43826087,35.19305205,-97.43825821,331.6886579,4.892659187,6.900000095,35.1930525,-97.438256
35.19305205,-97.43825821,35.19305254,-97.43825552,331.6836613,4.896465302,9.199999809,35.193053,-97.438253
35.19305254,-97.43825552,35.19305302,-97.43825281,331.6780379,4.903354168,11.5,35.1930535,-97.43825
35.19305302,-97.43825281,35.1930535,-97.43825012,331.6724809,4.915194511,15.5,35.193054,-97.438248
35.1930535,-97.43825012,35.19305397,-97.43824751,331.6680742,4.923576355,17.79999924,35.1930545,-97.438245
35.19305397,-97.43824751,35.19305447,-97.43824473,331.6626579,4.927892208,20.20000076,35.193055,-97.438242
35.19305447,-97.43824473,35.19305497,-97.43824198,331.6573543,4.933619976,21.60000038,35.1930555,-97.438239
35.19305497,-97.43824198,35.19305547,-97.43823932,331.6520685,4.937829971,22.5,35.193056,-97.438237
35.19305547,-97.43823932,35.193056,-97.43823662,331.6465336,4.942712307,24.10000038,35.1930566,-97.438234
35.193056,-97.43823662,35.19305655,-97.43823384,331.6415153,4.946796417,26.20000076,35.1930573,-97.438231
35.19305655,-97.43823384,35.19305728,-97.43823135,331.5018174,4.954204559,30.79999924,35.1930577,-97.438229
35.19305728,-97.43823135,35.19305773,-97.43822919,331.4982276,4.956522465,33.29999924,35.1930583,-97.438226
35.19305773,-97.43822919,35.19305833,-97.4382264,331.4937101,4.964896679,37.79999924,35.1930589,-97.438224
35.19305833,-97.4382264,35.19305889,-97.43822373,331.4895358,4.96567297,42.59999847,35.1930595,-97.438221
35.19305889,-97.43822373,35.19305947,-97.43822105,331.4856053,4.963389397,47.59999847,35.1930601,-97.438218
35.19305947,-97.43822105,35.19306007,-97.43821836,331.4814535,4.968110085,52.40000153,35.1930607,-97.438216
35.19306007,-97.43821836,35.19306071,-97.43821559,331.4774683,4.970807552,57.70000076,35.1930613,-97.438213
35.19306071,-97.43821559,35.19306135,-97.43821297,331.4741554,4.975416183,61.09999847,35.193062,-97.43821
35.19306135,-97.43821297,35.19306201,-97.43821029,331.4709801,4.975933552,65.09999847,35.1930627,-97.438208
35.19306201,-97.43821029,35.19306272,-97.43820757,331.467954,4.973628044,66.59999847,35.1930634,-97.438205
35.19306272,-97.43820757,35.19306345,-97.43820495,331.4648079,4.976856709,67,35.1930642,-97.438202
35.19306345,-97.43820495,35.1930642,-97.43820234,331.4618423,4.980750084,67,35.193065,-97.4382
35.1930642,-97.43820234,35.193065,-97.43819965,331.4587401,4.97812748,67,35.1930658,-97.438197
35.193065,-97.43819965,35.19306579,-97.43819701,331.4559105,4.97366333,67.09999847,35.1930666,-97.438194
35.19306579,-97.43819701,35.19306659,-97.43819438,331.4521132,4.973804951,67.19999695,35.1930674,-97.438192
35.19306659,-97.43819438,35.19306738,-97.43819179,331.4483585,4.973412514,67.19999695,35.1930682,-97.438189
35.19306738,-97.43819179,35.19306822,-97.43818911,331.4448929,4.973522663,67.19999695,35.1930691,-97.438186
35.19306822,-97.43818911,35.19306907,-97.43818646,331.4416182,4.970299721,67,35.1930699,-97.438184
35.19306907,-97.43818646,35.19306992,-97.43818387,331.4383295,4.973530769,64.5,35.1930708,-97.438181
35.19306992,-97.43818387,35.19307083,-97.43818114,331.4345261,4.97469759,58.90000153,35.193072,-97.438179
35.19307083,-97.43818114,35.19307205,-97.4381793,331.2973515,4.97117424,49.90000153,35.1930729,-97.438177
35.19307205,-97.4381793,35.19307293,-97.43817686,331.2941158,4.970173359,41.29999924,35.1930738,-97.438175
35.19307293,-97.43817686,35.19307379,-97.43817451,331.2908071,4.971952438,28.29999924,35.1930748,-97.438172
35.19307379,-97.43817451,35.19307481,-97.43817171,331.287152,4.975375175,19.70000076,35.1930757,-97.438169
35.19307481,-97.43817171,35.19307573,-97.43816914,331.2829186,4.982652187,9.5,35.1930767,-97.438167
35.19307573,-97.43816914,35.19307666,-97.43816657,331.2797513,4.979177475,-1.799999952,35.1930775,-97.438164
35.19307666,-97.43816657,35.19307754,-97.43816406,331.276319,4.976253033,-9,35.1930784,-97.438161
35.19307754,-97.43816406,35.19307842,-97.43816148,331.2731725,4.968606949,-18.10000038,35.1930793,-97.438159
35.19307842,-97.43816148,35.1930793,-97.43815885,331.2673243,4.964952469,-29.79999924,35.1930802,-97.438156
35.1930793,-97.43815885,35.19308016,-97.43815621,331.2617335,4.9595294,-37.90000153,35.193081,-97.438154
35.19308016,-97.43815621,35.193081,-97.43815364,331.2575859,4.959200859,-50.59999847,35.1930818,-97.438151
35.193081,-97.43815364,35.19308179,-97.43815112,331.2560837,4.958096027,-59.40000153,35.1930826,-97.438149
35.19308179,-97.43815112,35.19308257,-97.43814854,331.2556064,4.950824738,-70.90000153,35.1930833,-97.438146
35.19308257,-97.43814854,35.19308331,-97.43814598,331.2555009,4.940176964,-82.19999695,35.193084,-97.438143
35.19308331,-97.43814598,35.19308402,-97.4381433,331.2548523,4.926357746,-96,35.1930847,-97.438141
35.19308402,-97.4381433,35.19308466,-97.43814071,331.2534708,4.913210869,-107.3000031,35.1930852,-97.438138
35.19308466,-97.43814071,35.19308525,-97.43813813,331.2517444,4.904131413,-115.6999969,35.1930858,-97.438136
35.19308525,-97.43813813,35.1930858,-97.4381355,331.2497734,4.901391029,-125.4000015,35.1930863,-97.438133
35.1930858,-97.4381355,35.19308631,-97.43813281,331.247588,4.894302368,-136.6999969,35.1930868,-97.43813
35.19308631,-97.43813281,35.19308678,-97.43813015,331.2455314,4.813031673,-146.1000061,35.1930872,-97.438127
35.19308678,-97.43813015,35.19308724,-97.43812749,331.1343479,4.800083637,-157.3000031,35.1930875,-97.438125
35.19308724,-97.43812749,35.19308752,-97.43812531,331.1313288,4.794347286,-162.3999939,35.1930878,-97.438123
35.19308752,-97.43812531,35.19308782,-97.43812253,331.1275667,4.790265083,-168.6999969,35.1930881,-97.43812
35.19308782,-97.43812253,35.19308806,-97.43811985,331.1240061,4.792358875,-173.1000061,35.1930883,-97.438117
35.19308806,-97.43811985,35.19308825,-97.4381172,331.1206731,4.792026997,-176.8999939,35.1930884,-97.438115
35.19308825,-97.4381172,35.19308841,-97.43811455,331.1172718,4.785437584,-180.1000061,35.1930885,-97.438112
35.19308841,-97.43811455,35.19308852,-97.43811181,331.1139389,4.77207613,-182.6999969,35.1930886,-97.438109
35.19308852,-97.43811181,35.1930886,-97.43810909,331.1098186,4.750177383,-185.5,35.1930886,-97.438106
35.1930886,-97.43810909,35.19308864,-97.43810645,331.1054654,4.728356838,-187.3999939,35.1930886,-97.438104
35.19308864,-97.43810645,35.19308864,-97.43810375,331.1007436,4.725440025,-187.6000061,35.1930886,-97.438101
35.19308864,-97.43810375,35.1930886,-97.43810097,331.0957864,4.723305702,-187.5,35.1930885,-97.438099
35.1930886,-97.43810097,35.19308853,-97.43809851,331.091061,4.716878891,-187,35.1930884,-97.438096
35.19308853,-97.43809851,35.19308839,-97.43809567,331.0855241,4.710157394,-186.6000061,35.1930882,-97.438093
35.19308839,-97.43809567,35.19308821,-97.43809305,331.0800201,4.693788528,-184.5,35.193088,-97.438091
35.19308821,-97.43809305,35.193088,-97.43809052,331.0749067,4.690497875,-183.1000061,35.1930877,-97.438088
35.193088,-97.43809052,35.19308772,-97.43808779,331.0700981,4.680080891,-181.1999969,35.1930874,-97.438085
35.19308772,-97.43808779,35.19308744,-97.4380853,331.0657077,4.671621323,-178.6000061,35.1930871,-97.438083
35.19308744,-97.4380853,35.19308712,-97.43808271,331.0617991,4.66795969,-174.8000031,35.1930867,-97.43808
35.19308712,-97.43808271,35.19308674,-97.43808004,331.0580068,4.667043209,-168.3999939,35.1930864,-97.438078
35.19308674,-97.43808004,35.19308637,-97.43807756,331.0539476,4.662723541,-162.8000031,35.1930861,-97.438075
35.19308637,-97.43807756,35.19308614,-97.43807495,330.933976,4.644154072,-148.6999969,35.1930858,-97.438073
35.19308614,-97.43807495,35.19308583,-97.43807315,330.9305535,4.641537666,-140.6999969,35.1930854,-97.438071
35.19308583,-97.43807315,35.19308542,-97.43807082,330.9261104,4.636658192,-121.9000015,35.193085,-97.438068
35.19308542,-97.43807082,35.19308497,-97.43806832,330.9220751,4.630899429,-109,35.1930845,-97.438066
35.19308497,-97.43806832,35.19308445,-97.43806555,330.9177758,4.621072769,-92.90000153,35.193084,-97.438063
35.19308445,-97.43806555,35.19308397,-97.43806307,330.9148211,4.620197773,-76.69999695,35.1930835,-97.438061
35.19308397,-97.43806307,35.1930835,-97.43806065,330.9126269,4.616017342,-58.90000153,35.193083,-97.438058
35.1930835,-97.43806065,35.19308302,-97.43805813,330.9110641,4.616456985,-44.59999847,35.1930826,-97.438056
35.19308302,-97.43805813,35.19308256,-97.43805574,330.9094861,4.609431267,-33.40000153,35.1930821,-97.438053
35.19308256,-97.43805574,35.19308211,-97.43805345,330.9097169,4.597170353,-20.39999962,35.1930816,-97.438051
35.19308211,-97.43805345,35.19308157,-97.43805073,330.9108475,4.589924812,-8.600000381,35.1930811,-97.438048
35.19308157,-97.43805073,35.19308107,-97.43804836,330.9123739,4.593010902,3,35.1930806,-97.438046
35.19308107,-97.43804836,35.1930806,-97.43804596,330.9111714,4.59585762,15.39999962,35.1930801,-97.438044
35.1930806,-97.43804596,35.19308013,-97.43804364,330.9102467,4.588891029,29.39999962,35.1930797,-97.438041
35.19308013,-97.43804364,35.19307969,-97.43804125,330.908129,4.58708477,45.09999847,35.1930793,-97.438039
35.19307969,-97.43804125,35.19307925,-97.43803876,330.9065341,4.583079815,66.19999695,35.1930789,-97.438036
35.19307925,-97.43803876,35.19307885,-97.43803628,330.9039173,4.584082127,81.5,35.1930785,-97.438034
35.19307885,-97.43803628,35.19307853,-97.43803373,330.899527,4.586138248,101,35.1930782,-97.438031
35.19307853,-97.43803373,35.19307825,-97.43803117,330.895417,4.584655285,120.6999969,35.193078,-97.438029
35.19307825,-97.43803117,35.19307802,-97.43802866,330.8914746,4.590088844,139.6999969,35.1930784,-97.438025
35.19307802,-97.43802866,35.19307838,-97.43802529,330.7777118,4.595871925,157.1000061,35.1930784,-97.438023
35.19307838,-97.43802529,35.19307835,-97.43802274,330.7726578,4.603624344,172.1999969,35.1930784,-97.43802
35.19307835,-97.43802274,35.1930784,-97.43802021,330.7680806,4.606681347,186,35.1930785,-97.438018
35.1930784,-97.43802021,35.19307852,-97.4380175,330.763874,4.608946323,196.6000061,35.1930787,-97.438015
35.19307852,-97.4380175,35.19307871,-97.4380148,330.7598026,4.619496822,204.8999939,35.1930789,-97.438012
35.19307871,-97.4380148,35.19307893,-97.43801245,330.7567456,4.622569084,209.3999939,35.1930793,-97.43801
35.19307893,-97.43801245,35.19307928,-97.43800959,330.7523271,4.621342182,214.1000061,35.1930797,-97.438007
35.19307928,-97.43800959,35.19307967,-97.43800697,330.7483071,4.62452507,216.8000031,35.1930801,-97.438004
35.19307967,-97.43800697,35.19308011,-97.43800437,330.7444754,4.635947704,217.1000061,35.1930806,-97.438002
35.19308011,-97.43800437,35.19308061,-97.4380017,330.7409486,4.648114681,217,35.1930812,-97.437999
35.19308061,-97.4380017,35.19308116,-97.43799909,330.7376394,4.651194572,217,35.1930818,-97.437996
35.19308116,-97.43799909,35.19308175,-97.43799648,330.7338826,4.645821571,217,35.1930824,-97.437994
35.19308175,-97.43799648,35.19308241,-97.4379938,330.7299966,4.644962788,217,35.1930831,-97.437991
35.19308241,-97.4379938,35.19308305,-97.4379913,330.7262654,4.656634331,217,35.1930838,-97.437989
35.19308305,-97.4379913,35.19308376,-97.43798872,330.7227445,4.669354916,217.1999969,35.1930845,-97.437986
35.19308376,-97.43798872,35.19308453,-97.43798606,330.7193143,4.68097353,218.1999969,35.1930853,-97.437984
35.19308453,-97.43798606,35.19308531,-97.43798353,330.7159848,4.687919617,219.5,35.1930861,-97.437981
35.19308531,-97.43798353,35.19308614,-97.43798102,330.7128447,4.687759399,222.1999969,35.193087,-97.437979
35.19308614,-97.43798102,35.19308702,-97.43797851,330.7091899,4.685984612,225.3000031,35.193088,-97.437976
35.19308702,-97.43797851,35.19308796,-97.43797598,330.7053606,4.692471981,228.1000061,35.1930893,-97.437974
35.19308796,-97.43797598,35.19308928,-97.43797423,330.5887103,4.704591274,230.1999969,35.1930902,-97.437972
35.19308928,-97.43797423,35.19309017,-97.43797219,330.5866412,4.707783699,230.6000061,35.1930913,-97.43797
35.19309017,-97.43797219,35.19309128,-97.43796982,330.5840218,4.709465981,230.8000031,35.1930924,-97.437967
35.19309128,-97.43796982,35.19309243,-97.43796748,330.5812723,4.714508533,230.8000031,35.1930936,-97.437965
35.19309243,-97.43796748,35.19309364,-97.43796518,330.5790729,4.722979069,230.8000031,35.1930949,-97.437963
35.19309364,-97.43796518,35.19309488,-97.43796292,330.5773064,4.729519367,230.8000031,35.1930962,-97.437961
35.19309488,-97.43796292,35.19309618,-97.43796066,330.5757847,4.73591423,230.8000031,35.1930975,-97.437959
35.19309618,-97.43796066,35.19309748,-97.4379585,330.5747416,4.741359711,230.6999969,35.1930988,-97.437956
35.19309748,-97.4379585,35.19309883,-97.43795637,330.5738281,4.755036831,230.3000031,35.1931003,-97.437954
35.19309883,-97.43795637,35.19310026,-97.43795421,330.5723627,4.757298946,229.6000061,35.1931017,-97.437952
35.19310026,-97.43795421,35.19310167,-97.43795213,330.571368,4.760869503,227.6000061,35.1931031,-97.43795
35.19310167,-97.43795213,35.19310312,-97.43795009,330.5715739,4.765733242,224.3999939,35.1931046,-97.437948
35.19310312,-97.43795009,35.19310456,-97.43794814,330.5719385,4.775091171,221.3000031,35.193106,-97.437946
35.19310456,-97.43794814,35.19310601,-97.43794628,330.5705549,4.782469749,217,35.1931077,-97.437944
35.19310601,-97.43794628,35.19310773,-97.43794416,330.5701116,4.780423641,212.6999969,35.1931093,-97.437942
35.19310773,-97.43794416,35.19310925,-97.43794234,330.5694171,4.775437832,208.6999969,35.1931109,-97.43794
35.19310925,-97.43794234,35.19311088,-97.43794047,330.5693335,4.777241707,205.3999939,35.1931125,-97.437939
35.19311088,-97.43794047,35.19311254,-97.43793861,330.5692827,4.787734509,202,35.1931151,-97.437936
35.19311254,-97.43793861,35.19311509,-97.43793621,330.4415004,4.792124748,198.1999969,35.1931164,-97.437935
35.19311509,-97.43793621,35.1931164,-97.43793484,330.4420861,4.79595089,194.8999939,35.193118,-97.437933
35.1931164,-97.43793484,35.19311797,-97.43793323,330.4440062,4.791055679,191.1999969,35.1931199,-97.437931
35.19311797,-97.43793323,35.19311989,-97.43793134,330.4474752,4.793322563,187,35.1931216,-97.43793
35.19311989,-97.43793134,35.19312164,-97.43792966,330.4508242,4.80068922,181.8000031,35.1931234,-97.437928
35.19312164,-97.43792966,35.19312343,-97.43792803,330.4548282,4.806775093,176.1999969,35.1931251,-97.437927
35.19312343,-97.43792803,35.19312509,-97.43792655,330.4587825,4.812182903,167.8000031,35.1931271,-97.437925
35.19312509,-97.43792655,35.19312709,-97.43792484,330.4639823,4.810028076,157.8000031,35.193129,-97.437923
35.19312709,-97.43792484,35.19312896,-97.43792326,330.4667909,4.805247784,143,35.1931308,-97.437922
35.19312896,-97.43792326,35.19313082,-97.43792179,330.4705069,4.805081367,128.3000031,35.1931327,-97.43792
35.19313082,-97.43792179,35.1931327,-97.43792034,330.4738196,4.801517487,115.6999969,35.1931346,-97.437919
35.1931327,-97.43792034,35.19313458,-97.4379189,330.4782028,4.802220821,99.80000305,35.1931365,-97.437917
35.19313458,-97.4379189,35.19313647,-97.43791749,330.4826534,4.808310986,84.19999695,35.1931383,-97.437916
35.19313647,-97.43791749,35.19313832,-97.43791614,330.4874019,4.814325809,65.90000153,35.1931402,-97.437915
35.19313832,-97.43791614,35.19314024,-97.43791477,330.4932199,4.812931538,50.90000153,35.1931421,-97.437913
35.19314024,-97.43791477,35.19314208,-97.43791342,330.497793,4.814067841,38.59999847,35.193144,-97.437912
35.19314208,-97.43791342,35.19314397,-97.43791204,330.5019394,4.827064514,22.60000038,35.1931458,-97.437911
35.19314397,-97.43791204,35.1931458,-97.43791069,330.5062954,4.833875179,2.200000048,35.1931476,-97.437909
35.1931458,-97.43791069,35.19314764,-97.4379093,330.5120598,4.831782341,-11.39999962,35.1931495,-97.437908
35.19314764,-97.4379093,35.1931495,-97.4379079,330.5186825,4.828380585,-28.89999962,35.1931514,-97.437907
35.1931495,-97.4379079,35.19315136,-97.43790651,330.5255599,4.827502728,-47.29999924,35.193153,-97.437906
35.19315136,-97.43790651,35.19315296,-97.43790575,330.4423604,4.820767879,-79.69999695,35.1931536,-97.437905
35.19315296,-97.43790575,35.19315358,-97.43790535,330.4479172,4.817214489,-86.80000305,35.1931552,-97.437904
35.19315358,-97.43790535,35.19315524,-97.4379039,330.4539277,4.810292244,-104.6999969,35.1931569,-97.437902
35.19315524,-97.4379039,35.19315689,-97.4379023,330.4591477,4.81720686,-118.5999985,35.1931584,-97.437901
35.19315689,-97.4379023,35.19315845,-97.43790068,330.4635588,4.82210207,-134.3000031,35.19316,-97.437899
35.19315845,-97.43790068,35.19316003,-97.43789894,330.4676055,4.813768387,-149.3999939,35.1931615,-97.437897
35.19316003,-97.43789894,35.19316151,-97.43789716,330.4707297,4.805818081,-156.6000061,35.193163,-97.437895
35.19316151,-97.43789716,35.19316295,-97.43789533,330.474179,4.803971767,-164.3999939,35.1931643,-97.437893
35.19316295,-97.43789533,35.19316433,-97.43789347,330.4765759,4.800734997,-169.8999939,35.1931657,-97.437892
35.19316433,-97.43789347,35.19316571,-97.43789151,330.479278,4.7987113,-174.8999939,35.193167,-97.43789
35.19316571,-97.43789151,35.19316697,-97.4378896,330.4817407,4.789915085,-181.8999939,35.1931683,-97.437888
35.19316697,-97.4378896,35.19316826,-97.43788756,330.4837279,4.790565014,-189.1000061,35.1931694,-97.437886
35.19316826,-97.43788756,35.19316943,-97.43788565,330.4849536,4.792255878,-194.8999939,35.1931708,-97.437883
35.19316943,-97.43788565,35.19317083,-97.4378832,330.4865545,4.781213284,-205.1000061,35.193172,-97.437881
35.19317083,-97.4378832,35.19317196,-97.43788111,330.4870859,4.772997379,-210.6999969,35.1931731,-97.437879
35.19317196,-97.43788111,35.19317306,-97.43787895,330.4878773,4.775683403,-217.8999939,35.1931741,-97.437877
35.19317306,-97.43787895,35.1931741,-97.43787677,330.4886593,4.775373936,-222.8999939,35.1931751,-97.437875
35.1931741,-97.43787677,35.1931751,-97.43787457,330.4890472,4.769297123,-226.1000061,35.193176,-97.437872
35.1931751,-97.43787457,35.19317604,-97.43787231,330.4885417,4.760530472,-229.3999939,35.1931769,-97.43787
35.19317604,-97.43787231,35.19317692,-97.43787003,330.487571,4.764407635,-231.1000061,35.1931786,-97.437866
35.19317692,-97.43787003,35.19317861,-97.43786594,330.3195917,4.767172337,-231.8999939,35.1931794,-97.437864
35.19317861,-97.43786594,35.1931794,-97.43786353,330.3183287,4.766056538,-232.1000061,35.1931801,-97.437861
35.1931794,-97.43786353,35.19318014,-97.43786112,330.3170922,4.760351658,-232.1000061,35.1931808,-97.437859
35.19318014,-97.43786112,35.19318085,-97.43785866,330.3152104,4.760756493,-232.1000061,35.1931815,-97.437856
35.19318085,-97.43785866,35.19318149,-97.43785625,330.3143,4.762352467,-232.1000061,35.1931821,-97.437854
35.19318149,-97.43785625,35.19318209,-97.43785387,330.3138944,4.762765408,-232.1000061,35.1931827,-97.437851
35.19318209,-97.43785387,35.19318267,-97.43785129,330.3129731,4.76087141,-231.6999969,35.1931832,-97.437849
35.19318267,-97.43785129,35.19318319,-97.43784884,330.3117592,4.76252985,-229.3999939,35.1931837,-97.437846
35.19318319,-97.43784884,35.19318368,-97.4378463,330.3105222,4.763780594,-224.1000061,35.1931841,-97.437844
35.19318368,-97.4378463,35.19318415,-97.43784367,330.3095021,4.759468555,-216.3999939,35.1931846,-97.437841
35.19318415,-97.43784367,35.19318455,-97.43784114,330.3086825,4.75386858,-207,35.1931849,-97.437839
35.19318455,-97.43784114,35.19318491,-97.43783876,330.3069081,4.753275394,-196.5,35.1931853,-97.437836
35.19318491,-97.43783876,35.19318527,-97.43783603,330.303611,4.748706818,-182.8999939,35.1931856,-97.437833
35.19318527,-97.43783603,35.19318557,-97.43783344,330.300429,4.744259357,-173,35.1931858,-97.437831
35.19318557,-97.43783344,35.19318585,-97.43783093,330.2965596,4.74176836,-159.3000031,35.1931861,-97.437828
35.19318585,-97.43783093,35.19318614,-97.4378283,330.2926289,4.747761726,-144.8000031,35.1931864,-97.437826
35.19318614,-97.4378283,35.19318643,-97.43782579,330.2887161,4.750518322,-128,35.1931867,-97.437823
35.19318643,-97.43782579,35.19318672,-97.43782333,330.2843983,4.744262218,-117.0999985,35.193187,-97.437821
35.19318672,-97.43782333,35.19318701,-97.43782065,330.2802947,4.737744808,-103.1999969,35.193187,-97.437816
35.19318701,-97.43782065,35.19318696,-97.43781558,330.1169962,4.731324196,-83,35.1931872,-97.437814
35.19318696,-97.43781558,35.19318716,-97.43781355,330.1128537,4.729864597,-73.80000305,35.1931874,-97.437811
35.19318716,-97.43781355,35.19318743,-97.43781103,330.1087065,4.730377674,-57.70000076,35.1931877,-97.437809
35.19318743,-97.43781103,35.19318768,-97.43780856,330.1056633,4.733521461,-41.29999924,35.193188,-97.437806
35.19318768,-97.43780856,35.19318797,-97.43780587,330.1030403,4.738240719,-24.5,35.1931882,-97.437803
35.19318797,-97.43780587,35.19318825,-97.43780338,330.1008602,4.739314556,-6.800000191,35.1931886,-97.437801
35.19318825,-97.43780338,35.19318856,-97.43780069,330.0986875,4.731155872,16.89999962,35.1931889,-97.437798
35.19318856,-97.43780069,35.19318886,-97.4377982,330.0974934,4.72785759,33.20000076,35.1931892,-97.437796
35.19318886,-97.4377982,35.1931892,-97.43779566,330.0949259,4.732503414,57.90000153,35.1931896,-97.437793
35.1931892,-97.43779566,35.19318958,-97.43779312,330.0932844,4.733197689,74.90000153,35.19319,-97.437791
35.19318958,-97.43779312,35.19319004,-97.43779058,330.0918621,4.73332262,96.19999695,35.1931905,-97.437788
35.19319004,-97.43779058,35.19319054,-97.43778806,330.0903352,4.727502346,116.5999985,35.1931911,-97.437786
35.19319054,-97.43778806,35.19319111,-97.43778557,330.0884679,4.724009037,135.3000031,35.1931918,-97.437783
35.19319111,-97.43778557,35.19319177,-97.43778309,330.0856519,4.723127365,152,35.1931925,-97.437781
35.19319177,-97.43778309,35.19319248,-97.43778063,330.083317,4.720899105,166.6999969,35.1931933,-97.437778
35.19319248,-97.43778063,35.19319325,-97.43777821,330.0817909,4.715591431,180,35.1931941,-97.437776
35.19319325,-97.43777821,35.1931941,-97.43777578,330.0811581,4.714623928,190.6000061,35.193195,-97.437774
35.1931941,-97.43777578,35.19319496,-97.43777352,330.0808476,4.7170825,199.3000031,35.1931959,-97.437771
35.19319496,-97.43777352,35.19319591,-97.43777122,330.0806924,4.714232922,203.6999969,35.1931969,-97.437769
35.19319591,-97.43777122,35.19319692,-97.43776892,330.0803072,4.712086201,205.8000031,35.1931997,-97.437766
35.19319692,-97.43776892,35.19319973,-97.43776626,329.9096873,4.706737041,207.3999939,35.193201,-97.437764
35.19319973,-97.43776626,35.19320098,-97.43776385,329.9101997,4.70727253,208.3000031,35.1932022,-97.437762
35.19320098,-97.43776385,35.19320215,-97.43776169,329.9105226,4.70648241,209.3000031,35.1932034,-97.43776
35.19320215,-97.43776169,35.19320336,-97.43775958,329.9106969,4.703939915,210.3000031,35.1932046,-97.437757
35.19320336,-97.43775958,35.19320461,-97.43775747,329.9115758,4.702013969,212.3000031,35.1932058,-97.437756
35.19320461,-97.43775747,35.19320578,-97.43775557,329.9127423,4.697571754,213.6999969,35.1932072,-97.437753
35.19320578,-97.43775557,35.19320715,-97.43775344,329.9147124,4.690392494,215.3000031,35.1932085,-97.437751
35.19320715,-97.43775344,35.1932085,-97.43775144,329.9166687,4.685032845,216.6000061,35.1932099,-97.437749
35.1932085,-97.43775144,35.19320993,-97.43774941,329.9184735,4.682693481,217.8000031,35.1932114,-97.437747
35.19320993,-97.43774941,35.19321138,-97.43774745,329.9200829,4.674812317,218.1000061,35.1932128,-97.437746
35.19321138,-97.43774745,35.19321283,-97.43774558,329.9218434,4.668391228,218.1000061,35.1932143,-97.437744
35.19321283,-97.43774558,35.19321432,-97.43774374,329.9242076,4.667665482,218.1000061,35.1932159,-97.437742
35.19321432,-97.43774374,35.19321589,-97.43774189,329.9272834,4.669663429,217.8000031,35.1932175,-97.43774
35.19321589,-97.43774189,35.19321746,-97.43774012,329.9308485,4.662488461,216.6999969,35.193219,-97.437738
35.19321746,-97.43774012,35.19321903,-97.43773842,329.9347071,4.651261806,213.3999939,35.1932207,-97.437737
35.19321903,-97.43773842,35.19322066,-97.43773672,329.9392674,4.635214329,209.1999969,35.1932223,-97.437735
35.19322066,-97.43773672,35.19322228,-97.43773511,329.9434728,4.626722336,205.1000061,35.193224,-97.437733
35.19322228,-97.43773511,35.19322397,-97.43773349,329.9469706,4.620428085,201.1000061,35.1932257,-97.437732
35.19322397,-97.43773349,35.1932257,-97.43773189,329.9502727,4.614518166,198.8000031,35.1932272,-97.437731
35.1932257,-97.43773189,35.19322723,-97.43773051,329.9527725,4.60833168,196.5,35.1932309,-97.43773
35.19322723,-97.43773051,35.1932309,-97.43773021,329.8885956,4.602071762,191.5,35.1932325,-97.437729
35.1932309,-97.43773021,35.19323254,-97.43772891,329.8924277,4.599365711,187.8000031,35.1932343,-97.437728
35.19323254,-97.43772891,35.19323434,-97.43772753,329.8973601,4.587769985,180.1999969,35.193236,-97.437726
35.19323434,-97.43772753,35.19323596,-97.43772632,329.9020544,4.581149578,173.6000061,35.1932379,-97.437725
35.19323596,-97.43772632,35.19323795,-97.43772488,329.9085703,4.569741726,164.3000031,35.1932398,-97.437724
35.19323795,-97.43772488,35.19323976,-97.4377236,329.9145557,4.55845499,152.8999939,35.1932416,-97.437722
35.19323976,-97.4377236,35.19324161,-97.43772232,329.9214821,4.546708107,143.5,35.1932435,-97.437721
35.19324161,-97.43772232,35.19324348,-97.43772104,329.9281359,4.543391228,133.1999969,35.1932452,-97.43772
35.19324348,-97.43772104,35.19324525,-97.43771982,329.9340996,4.539608002,121.6999969,35.1932471,-97.437719
35.19324525,-97.43771982,35.19324712,-97.43771854,329.9393421,4.5314641,112.1999969,35.193249,-97.437717
35.19324712,-97.43771854,35.19324897,-97.43771726,329.9434706,4.520521641,100.5999985,35.1932508,-97.437716
35.19324897,-97.43771726,35.19325078,-97.43771601,329.9469682,4.503936291,88.59999847,35.1932526,-97.437715
35.19325078,-97.43771601,35.19325262,-97.43771474,329.9504342,4.488721848,76.19999695,35.1932544,-97.437713
35.19325262,-97.43771474,35.19325442,-97.43771346,329.95194,4.478450298,61.79999924,35.1932563,-97.437712
35.19325442,-97.43771346,35.19325626,-97.43771216,329.9535126,4.469956398,52.70000076,35.1932581,-97.437711
35.19325626,-97.43771216,35.19325806,-97.43771089,329.9549305,4.465205669,38.70000076,35.1932599,-97.43771
35.19325806,-97.43771089,35.19325991,-97.43770959,329.9570761,4.460317135,28.89999962,35.1932617,-97.437708
35.19325991,-97.43770959,35.19326165,-97.43770832,329.9574138,4.45578146,15.39999962,35.1932635,-97.437707
35.19326165,-97.43770832,35.19326345,-97.43770701,329.9575962,4.452623844,1.399999976,35.1932652,-97.437706
35.19326345,-97.43770701,35.19326521,-97.43770565,329.9563937,4.45279932,-11.80000019,35.1932672,-97.437704
35.19326521,-97.43770565,35.1932672,-97.43770427,329.7637509,4.448542118,-28.5,35.1932686,-97.437703
35.1932672,-97.43770427,35.19326857,-97.43770321,329.764345,4.450061321,-37.70000076,35.1932703,-97.437702
35.19326857,-97.43770321,35.19327028,-97.43770193,329.7658751,4.444971561,-46.59999847,35.193272,-97.437701
35.19327028,-97.43770193,35.19327196,-97.4377006,329.7681328,4.437064648,-57.40000153,35.1932736,-97.437699
35.19327196,-97.4377006,35.19327363,-97.43769926,329.7693339,4.432008743,-67.59999847,35.1932752,-97.437698
35.19327363,-97.43769926,35.19327524,-97.43769789,329.7695803,4.434508801,-77.5,35.1932769,-97.437696
35.19327524,-97.43769789,35.19327688,-97.43769644,329.7705008,4.441204548,-88.40000153,35.1932784,-97.437695
35.19327688,-97.43769644,35.19327838,-97.43769508,329.770862,4.450756073,-94.80000305,35.19328,-97.437694
35.19327838,-97.43769508,35.19328002,-97.43769354,329.7725943,4.457955837,-102.0999985,35.1932816,-97.437692
35.19328002,-97.43769354,35.19328157,-97.43769201,329.7745005,4.461506844,-110.6999969,35.1932831,-97.43769
35.19328157,-97.43769201,35.19328308,-97.43769047,329.7763594,4.467076302,-117.5,35.1932846,-97.437689
35.19328308,-97.43769047,35.19328457,-97.4376889,329.7776609,4.472848415,-124.8000031,35.193286,-97.437687
35.19328457,-97.4376889,35.19328602,-97.43768731,329.7782555,4.480884075,-131.1999969,35.1932873,-97.437686
35.19328602,-97.43768731,35.19328732,-97.43768584,329.7789075,4.494420052,-139.6999969,35.1932889,-97.437684
35.19328732,-97.43768584,35.19328886,-97.43768401,329.7787939,4.512465,-149.8999939,35.1932903,-97.437682
35.19328886,-97.43768401,35.19329026,-97.4376823,329.7785989,4.52302599,-157.6999969,35.1932917,-97.437681
35.19329026,-97.4376823,35.19329165,-97.43768051,329.7780974,4.542084217,-164.5,35.193293,-97.437679
35.19329165,-97.43768051,35.19329299,-97.43767871,329.7783519,4.553615093,-168.8000031,35.1932942,-97.437677
35.19329299,-97.43767871,35.19329417,-97.43767703,329.7784636,4.551285267,-172.8999939,35.1932956,-97.437675
35.19329417,-97.43767703,35.19329556,-97.43767499,329.7790707,4.5566535,-176.8000031,35.1932964,-97.43767
35.19329556,-97.43767499,35.19329642,-97.43767041,329.6135204,4.574982643,-180.1999969,35.1932972,-97.437669
35.19329642,-97.43767041,35.19329722,-97.43766906,329.6125736,4.587945461,-181.6000061,35.1932984,-97.437667
35.19329722,-97.43766906,35.1932984,-97.43766702,329.6099007,4.604319572,-183.6000061,35.1932995,-97.437665
35.1932984,-97.43766702,35.19329954,-97.43766495,329.6073639,4.622328758,-185.5,35.1933007,-97.437663
35.19329954,-97.43766495,35.19330068,-97.43766281,329.6050963,4.638750076,-187.5,35.1933017,-97.437661
35.19330068,-97.43766281,35.19330174,-97.43766071,329.6033178,4.654289722,-189.3999939,35.1933028,-97.437658
35.19330174,-97.43766071,35.19330282,-97.4376585,329.6021331,4.66345787,-190,35.1933038,-97.437656
35.19330282,-97.4376585,35.19330382,-97.43765635,329.6009888,4.669270515,-190,35.1933048,-97.437654
35.19330382,-97.43765635,35.19330483,-97.43765408,329.5991389,4.674238682,-190,35.1933058,-97.437652
35.19330483,-97.43765408,35.19330578,-97.43765183,329.5969288,4.686779022,-190,35.1933067,-97.437649
35.19330578,-97.43765183,35.19330674,-97.43764947,329.5936189,4.709154606,-189.3999939,35.1933076,-97.437647
35.19330674,-97.43764947,35.19330762,-97.43764715,329.5904648,4.729097843,-187.6999969,35.1933085,-97.437645
35.19330762,-97.43764715,35.19330849,-97.43764479,329.5872391,4.74694252,-181.8000031,35.1933093,-97.437642
35.19330849,-97.43764479,35.19330932,-97.43764247,329.5841043,4.757677078,-175.1999969,35.1933101,-97.43764
35.19330932,-97.43764247,35.19331008,-97.4376402,329.5810691,4.760048866,-169.3999939,35.1933109,-97.437638
35.19331008,-97.4376402,35.1933109,-97.43763763,329.577067,4.763728619,-161.6999969,35.1933116,-97.437635
35.1933109,-97.43763763,35.19331161,-97.43763544,329.5733656,4.7711339,-153.8999939,35.1933124,-97.437633
35.19331161,-97.43763544,35.19331242,-97.43763282,329.5696916,4.785195827,-144.3000031,35.1933131,-97.43763
35.19331242,-97.43763282,35.19331314,-97.43763041,329.5665258,4.799240589,-135.1999969,35.1933139,-97.437628
35.19331314,-97.43763041,35.19331386,-97.43762793,329.5635602,4.816458702,-125.1999969,35.1933141,-97.437622
35.19331386,-97.43762793,35.19331412,-97.43762231,329.4092759,4.828418732,-112.5,35.1933146,-97.43762
35.19331412,-97.43762231,35.19331463,-97.43762041,329.4069603,4.830967426,-106.0999985,35.1933153,-97.437618
35.19331463,-97.43762041,35.19331531,-97.4376179,329.4029802,4.842449188,-93.40000153,35.193316,-97.437615
35.19331531,-97.4376179,35.19331599,-97.43761533,329.3986297,4.84970808,-83,35.1933167,-97.437613
35.19331599,-97.43761533,35.19331669,-97.43761273,329.3944459,4.856224537,-73,35.1933174,-97.43761
35.19331669,-97.43761273,35.19331736,-97.43761021,329.3902587,4.859810829,-64.40000153,35.193318,-97.437608
35.19331736,-97.43761021,35.19331804,-97.43760766,329.3863643,4.866140366,-52.70000076,35.1933187,-97.437605
35.19331804,-97.43760766,35.19331874,-97.43760507,329.3813929,4.887123585,-37.5,35.1933194,-97.437603
35.19331874,-97.43760507,35.19331942,-97.43760254,329.3768944,4.892069817,-27.10000038,35.1933201,-97.4376
35.19331942,-97.43760254,35.19332012,-97.4375999,329.3731639,4.897894382,-13.39999962,35.1933208,-97.437597
35.19332012,-97.4375999,35.19332083,-97.4375973,329.368833,4.907519817,4.5,35.1933215,-97.437595
35.19332083,-97.4375973,35.19332155,-97.43759472,329.3650933,4.919145584,20.39999962,35.1933223,-97.437592
35.19332155,-97.43759472,35.19332226,-97.43759218,329.3614328,4.931716442,36.59999847,35.193323,-97.43759
35.19332226,-97.43759218,35.19332299,-97.4375896,329.3595661,4.943118095,52.59999847,35.1933238,-97.437587
35.19332299,-97.4375896,35.19332376,-97.43758701,329.357449,4.948504448,68.30000305,35.1933246,-97.437584
35.19332376,-97.43758701,35.19332459,-97.43758448,329.3530447,4.963129997,80.69999695,35.1933254,-97.437582
35.19332459,-97.43758448,35.19332543,-97.437582,329.3508768,4.975546837,98.19999695,35.1933264,-97.437579
35.19332543,-97.437582,35.19332637,-97.43757948,329.3492799,4.982160091,111.9000015,35.1933273,-97.437577
35.19332637,-97.43757948,35.19332734,-97.43757703,329.3472933,4.989058971,122.3000031,35.1933284,-97.437575
35.19332734,-97.43757703,35.19332838,-97.43757457,329.3448838,4.99243784,136.8000031,35.1933298,-97.437571
35.19332838,-97.43757457,35.19332978,-97.43757133,329.2474583,4.989161968,149.6999969,35.1933307,-97.437569
35.19332978,-97.43757133,35.19333068,-97.43756941,329.2464892,4.989571095,158,35.1933319,-97.437567
35.19333068,-97.43756941,35.19333187,-97.43756702,329.2444291,4.990689754,167.8000031,35.1933331,-97.437565
35.19333187,-97.43756702,35.1933331,-97.43756468,329.2427512,4.999969482,177,35.1933344,-97.437562
35.1933331,-97.43756468,35.1933344,-97.43756235,329.240978,5.00742054,185.1999969,35.1933357,-97.43756
35.1933344,-97.43756235,35.19333573,-97.4375601,329.2386286,5.005537987,192.8999939,35.1933371,-97.437558
35.19333573,-97.4375601,35.19333712,-97.43755789,329.2369963,5.004772186,198.3000031,35.1933386,-97.437556
35.19333712,-97.43755789,35.19333856,-97.43755575,329.236842,5.015934944,204.1000061,35.1933401,-97.437554
35.19333856,-97.43755575,35.19334007,-97.43755361,329.2370681,5.019126415,210.5,35.1933416,-97.437552
35.19334007,-97.43755361,35.19334157,-97.43755161,329.2370708,5.021972656,215.8999939,35.1933432,-97.43755
35.19334157,-97.43755161,35.19334321,-97.43754953,329.2367171,5.02399683,222,35.1933449,-97.437548
35.19334321,-97.43754953,35.19334488,-97.43754753,329.2360427,5.03210783,227.1999969,35.1933466,-97.437546
35.19334488,-97.43754753,35.19334662,-97.43754553,329.2345936,5.034764767,233.8000031,35.1933484,-97.437544
35.19334662,-97.43754553,35.19334838,-97.43754364,329.234715,5.0287714,241,35.1933502,-97.437542
35.19334838,-97.43754364,35.19335017,-97.43754184,329.2343211,5.035860538,246.3999939,35.1933519,-97.43754
35.19335017,-97.43754184,35.19335194,-97.43754016,329.2334287,5.036980152,250.8999939,35.1933539,-97.437538
35.19335194,-97.43754016,35.19335385,-97.43753847,329.2314678,5.027305126,254.8999939,35.1933558,-97.437537
35.19335385,-97.43753847,35.19335577,-97.43753689,329.230469,5.022920609,257.7000122,35.1933577,-97.437535
35.19335577,-97.43753689,35.19335772,-97.4375354,329.2294912,5.032140732,260.5,35.1933597,-97.437534
35.19335772,-97.4375354,35.19335968,-97.43753401,329.2298603,5.043848038,262.2999878,35.1933656,-97.437537
35.19335968,-97.43753401,35.19336562,-97.43753734,329.1347965,5.052660465,263.2000122,35.1933674,-97.437536
35.19336562,-97.43753734,35.19336744,-97.43753637,329.1350199,5.053638935,263.6000061,35.1933696,-97.437535
35.19336744,-97.43753637,35.19336961,-97.4375353,329.1344351,5.04626894,264.2000122,35.1933718,-97.437534
35.19336961,-97.4375353,35.19337177,-97.43753432,329.1337198,5.045475006,264.5,35.193374,-97.437533
35.19337177,-97.43753432,35.19337399,-97.4375334,329.1335727,5.063087463,264.6000061,35.1933762,-97.437533
35.19337399,-97.4375334,35.19337623,-97.43753255,329.1333578,5.076584339,264.7999878,35.1933784,-97.437532
35.19337623,-97.43753255,35.19337845,-97.43753179,329.1330953,5.083773613,265.8999939,35.1933807,-97.437531
35.19337845,-97.43753179,35.1933807,-97.43753109,329.134148,5.077569485,267,35.1933829,-97.43753
35.1933807,-97.43753109,35.19338295,-97.43753049,329.1362675,5.069081306,267.8999939,35.1933853,-97.43753
35.19338295,-97.43753049,35.19338525,-97.43752995,329.1387078,5.072844028,268.2000122,35.1933875,-97.43753
35.19338525,-97.43752995,35.19338754,-97.4375295,329.1414088,5.076628685,268.3999939,35.1933899,-97.437529
35.19338754,-97.4375295,35.19338989,-97.43752913,329.1441099,5.075697899,268.3999939,35.1933923,-97.437529
35.19338989,-97.43752913,35.19339226,-97.4375288,329.1472416,5.083647728,268.3999939,35.1933946,-97.437529
35.19339226,-97.4375288,35.19339458,-97.43752856,329.1502022,5.085700035,268.3999939,35.193397,-97.437528
35.19339458,-97.43752856,35.19339696,-97.43752838,329.1531708,5.074525356,268.3999939,35.1933991,-97.437528
35.19339696,-97.43752838,35.19339911,-97.43752828,329.1561263,5.064720631,268.3999939,35.1934016,-97.437528
35.19339911,-97.43752828,35.19340162,-97.43752823,329.1598419,5.057736874,268.3999939,35.1934039,-97.437528
35.19340162,-97.43752823,35.19340385,-97.43752821,329.1630829,5.056028843,268.3999939,35.1934064,-97.437528
35.19340385,-97.43752821,35.19340638,-97.43752826,329.1669828,5.058192253,268.3999939,35.1934087,-97.437528
35.19340638,-97.43752826,35.19340871,-97.43752842,329.1714732,5.055335522,268.3999939,35.1934126,-97.437532
35.19340871,-97.43752842,35.1934126,-97.43753152,329.1014696,5.048291683,268.3999939,35.1934144,-97.437532
35.1934126,-97.43753152,35.19341436,-97.43753185,329.1056755,5.044820309,268.3999939,35.1934167,-97.437532
35.19341436,-97.43753185,35.19341673,-97.43753241,329.1125064,5.034909248,268.5,35.1934188,-97.437533
35.19341673,-97.43753241,35.19341882,-97.437533,329.119591,5.017529488,268.6000061,35.1934213,-97.437534
35.19341882,-97.437533,35.19342129,-97.43753379,329.1281579,5.001631737,268.6000061,35.1934235,-97.437535
35.19342129,-97.43753379,35.19342355,-97.43753458,329.1369597,4.992750645,268.6000061,35.1934258,-97.437535
35.19342355,-97.43753458,35.1934258,-97.43753541,329.1451644,4.989192009,268.6000061,35.193428,-97.437536
35.1934258,-97.43753541,35.193428,-97.43753633,329.153372,4.987667084,268.6000061,35.1934302,-97.437537
35.193428,-97.43753633,35.19343018,-97.43753731,329.1623649,4.980587482,268.6000061,35.1934324,-97.437538
35.19343018,-97.43753731,35.19343237,-97.43753835,329.1701275,4.968084335,268.6000061,35.1934345,-97.437539
35.19343237,-97.43753835,35.19343447,-97.43753943,329.1784347,4.949876785,268.6000061,35.1934366,-97.437541
35.19343447,-97.43753943,35.19343658,-97.4375406,329.1861889,4.935941219,268.6000061,35.1934387,-97.437542
35.19343658,-97.4375406,35.19343872,-97.4375419,329.1941787,4.921735764,268.6000061,35.1934408,-97.437543
35.19343872,-97.4375419,35.19344078,-97.43754318,329.2015785,4.911816597,268.6000061,35.1934428,-97.437545
35.19344078,-97.43754318,35.19344278,-97.43754455,329.2101751,4.904670715,268,35.1934448,-97.437546
35.19344278,-97.43754455,35.19344476,-97.43754599,329.2185965,4.896917343,267,35.1934467,-97.437548
35.19344476,-97.43754599,35.19344672,-97.43754751,329.2287435,4.887459755,262.1000061,35.1934486,-97.437549
35.19344672,-97.43754751,35.1934486,-97.43754899,329.2385864,4.878730774,252.6999969,35.1934506,-97.437551
35.1934486,-97.43754899,35.19345056,-97.43755062,329.2506556,4.863490105,239.3999939,35.1934523,-97.437552
35.19345056,-97.43755062,35.19345235,-97.43755224,329.2610132,4.847761154,223.6000061,35.1934543,-97.437554
35.19345235,-97.43755224,35.19345431,-97.43755405,329.1679297,4.828892231,200.1000061,35.1934558,-97.437555
35.19345431,-97.43755405,35.19345576,-97.43755549,329.1770763,4.824587822,193.1999969,35.1934575,-97.437557
35.19345576,-97.43755549,35.19345747,-97.4375572,329.1856929,4.808987617,172.3999939,35.1934591,-97.437559
35.19345747,-97.4375572,35.19345907,-97.43755881,329.193185,4.801455498,160.1999969,35.1934609,-97.437561
35.19345907,-97.43755881,35.19346095,-97.43756068,329.2013492,4.794106483,142.3000031,35.1934625,-97.437562
35.19346095,-97.43756068,35.19346254,-97.43756221,329.2084167,4.783523083,126.3000031,35.1934644,-97.437564
35.19346254,-97.43756221,35.19346441,-97.43756398,329.2148025,4.770566463,108.4000015,35.1934662,-97.437566
35.19346441,-97.43756398,35.19346623,-97.43756563,329.2203456,4.756245613,90.09999847,35.193468,-97.437567
35.19346623,-97.43756563,35.193468,-97.43756726,329.2270543,4.752099037,74.5,35.1934698,-97.437569
35.193468,-97.43756726,35.19346977,-97.43756884,329.2328725,4.747247696,50.29999924,35.1934716,-97.43757
35.19346977,-97.43756884,35.19347156,-97.43757043,329.2408735,4.746545792,30,35.1934733,-97.437572
35.19347156,-97.43757043,35.19347334,-97.43757206,329.2495443,4.748038769,8.199999809,35.1934751,-97.437574
35.19347334,-97.43757206,35.19347509,-97.43757366,329.2577431,4.748403072,-13.19999981,35.1934768,-97.437575
35.19347509,-97.43757366,35.19347682,-97.43757522,329.2666702,4.750735283,-29.60000038,35.1934786,-97.437577
35.19347682,-97.43757522,35.19347855,-97.43757681,329.2776672,4.739822388,-54,35.1934802,-97.437578
35.19347855,-97.43757681,35.19348018,-97.43757836,329.2883162,4.732413769,-74,35.1934819,-97.43758
35.19348018,-97.43757836,35.19348187,-97.43757989,329.2998031,4.721717358,-94.5,35.1934836,-97.437581
35.19348187,-97.43757989,35.19348364,-97.43758128,329.308066,4.71557951,-114.3000031,35.1934854,-97.437583
35.19348364,-97.43758128,35.19348544,-97.4375826,329.3168091,4.706882954,-132.8000031,35.1934872,-97.437584
35.19348544,-97.4375826,35.19348719,-97.43758384,329.3255922,4.698326588,-149.1999969,35.1934895,-97.437584
35.19348719,-97.43758384,35.19348952,-97.43758427,329.2199766,4.689137936,-168.6999969,35.1934908,-97.437585
35.19348952,-97.43758427,35.19349077,-97.43758503,329.2258343,4.685900688,-174,35.1934926,-97.437586
35.19349077,-97.43758503,35.19349265,-97.43758601,329.2352899,4.677387238,-190.3000031,35.1934944,-97.437587
35.19349265,-97.43758601,35.19349441,-97.43758686,329.2442971,4.657741547,-204.8000031,35.1934962,-97.437588
35.19349441,-97.43758686,35.19349622,-97.43758767,329.2536883,4.650434017,-217.1999969,35.1934981,-97.437588
35.19349622,-97.43758767,35.19349812,-97.43758844,329.262971,4.624847412,-234.6000061,35.1935,-97.437589
35.19349812,-97.43758844,35.1935,-97.43758912,329.2718885,4.611068726,-247.1000061,35.1935019,-97.43759
35.1935,-97.43758912,35.19350185,-97.43758971,329.2805051,4.595655918,-259,35.1935038,-97.43759
35.19350185,-97.43758971,35.19350378,-97.43759022,329.2892238,4.580495358,-270.7000122,35.1935057,-97.437591
35.19350378,-97.43759022,35.19350566,-97.43759061,329.2975894,4.56903553,-279.5,35.1935076,-97.437591
35.19350566,-97.43759061,35.19350758,-97.43759092,329.3059451,4.551475048,-290.7999878,35.1935095,-97.437591
35.19350758,-97.43759092,35.19350952,-97.43759113,329.3141823,4.540799141,-297.7999878,35.1935114,-97.437591
35.19350952,-97.43759113,35.19351141,-97.43759125,329.3224666,4.526279449,-302.6000061,35.1935133,-97.437591
35.19351141,-97.43759125,35.19351333,-97.43759127,329.3305358,4.513549328,-305.7999878,35.1935153,-97.437591
35.19351333,-97.43759127,35.19351527,-97.4375912,329.3384509,4.507941723,-307.7999878,35.1935171,-97.437591
35.19351527,-97.4375912,35.19351708,-97.43759103,329.3450048,4.513671398,-309.2000122,35.193519,-97.437591
35.19351708,-97.43759103,35.19351897,-97.43759077,329.3516908,4.514256477,-310.5,35.1935209,-97.43759
35.19351897,-97.43759077,35.19352089,-97.43759042,329.3579011,4.506607056,-312.1000061,35.1935227,-97.43759
35.19352089,-97.43759042,35.19352274,-97.43759003,329.3630422,4.497939587,-312.8999939,35.1935246,-97.43759
35.19352274,-97.43759003,35.19352459,-97.43758959,329.3676606,4.494609833,-313.2000122,35.1935295,-97.437588
35.19352459,-97.43758959,35.19352948,-97.43758764,329.1589496,4.489451408,-313.8999939,35.1935309,-97.437587
35.19352948,-97.43758764,35.19353092,-97.43758715,329.1610613,4.484069824,-314.2999878,35.1935328,-97.437586
35.19353092,-97.43758715,35.19353281,-97.43758642,329.1631177,4.482610226,-314.7000122,35.1935346,-97.437586
35.19353281,-97.43758642,35.19353462,-97.43758564,329.1646701,4.480837822,-314.7999878,35.1935365,-97.437585
35.19353462,-97.43758564,35.19353647,-97.43758474,329.1657113,4.479145527,-314.7999878,35.1935382,-97.437584
35.19353647,-97.43758474,35.19353825,-97.4375838,329.1671967,4.47542572,-314.8999939,35.19354,-97.437583
35.19353825,-97.4375838,35.19354004,-97.43758275,329.1683411,4.476784706,-315,35.1935417,-97.437582
35.19354004,-97.43758275,35.19354174,-97.43758167,329.1692206,4.484397411,-315,35.1935435,-97.43758
35.19354174,-97.43758167,35.19354349,-97.4375805,329.1695813,4.485684872,-314.8999939,35.1935452,-97.437579
35.19354349,-97.4375805,35.19354518,-97.43757929,329.1696391,4.481410503,-314.8999939,35.1935468,-97.437578
35.19354518,-97.43757929,35.19354683,-97.43757801,329.168683,4.480126381,-314.8999939,35.1935485,-97.437577
35.19354683,-97.43757801,35.19354851,-97.43757667,329.1678776,4.48367548,-314.8999939,35.1935501,-97.437575
35.19354851,-97.43757667,35.19355008,-97.43757535,329.1672768,4.482706547,-314.8999939,35.1935517,-97.437574
35.19355008,-97.43757535,35.19355169,-97.43757389,329.1668571,4.480408669,-314.8999939,35.1935532,-97.437572
35.19355169,-97.43757389,35.19355325,-97.43757243,329.1663835,4.483633995,-314.8999939,35.1935548,-97.437571
35.19355325,-97.43757243,35.19355481,-97.43757092,329.1664247,4.49058342,-314.8999939,35.1935563,-97.437569
35.19355481,-97.43757092,35.19355632,-97.43756936,329.1660457,4.486555576,-314.8999939,35.1935578,-97.437568
35.19355632,-97.43756936,35.19355777,-97.43756775,329.1651903,4.487216473,-314.8999939,35.1935592,-97.437566
35.19355777,-97.43756775,35.19355921,-97.43756605,329.1647599,4.489802361,-314.8999939,35.1935607,-97.437564
35.19355921,-97.43756605,35.19356065,-97.43756433,329.1651881,4.499998569,-314.8999939,35.193562,-97.437563
35.19356065,-97.43756433,35.19356198,-97.43756263,329.1647085,4.496225834,-314.8999939,35.1935633,-97.437561
35.19356198,-97.43756263,35.1935633,-97.43756079,329.1630139,4.4876647,-314.6000061,35.1935665,-97.437559
35.1935633,-97.43756079,35.19356654,-97.43755891,329.0437104,4.478975296,-314.2999878,35.1935674,-97.437558
35.19356654,-97.43755891,35.19356741,-97.43755753,329.0414189,4.480684757,-314.2999878,35.1935687,-97.437555
35.19356741,-97.43755753,35.19356865,-97.43755533,329.0385224,4.492232323,-314.2999878,35.1935697,-97.437553
35.19356865,-97.43755533,35.19356968,-97.43755343,329.0365205,4.496879101,-314.2999878,35.1935709,-97.437551
35.19356968,-97.43755343,35.19357086,-97.43755106,329.0341281,4.498655319,-314.2000122,35.1935719,-97.437549
35.19357086,-97.43755106,35.19357186,-97.43754894,329.0319469,4.501869678,-314,35.1935728,-97.437547
35.19357186,-97.43754894,35.19357281,-97.43754682,329.0303143,4.492572784,-313.5,35.1935736,-97.437545
35.19357281,-97.43754682,35.19357364,-97.43754473,329.0279815,4.48525095,-312.3999939,35.1935746,-97.437542
35.19357364,-97.43754473,35.19357457,-97.4375423,329.0259137,4.492077827,-310.2999878,35.1935754,-97.43754
35.19357457,-97.4375423,35.19357538,-97.43754006,329.0250745,4.508802891,-306.5,35.1935762,-97.437538
35.19357538,-97.43754006,35.19357616,-97.43753781,329.0235164,4.51181221,-303.2000122,35.1935769,-97.437535
35.19357616,-97.43753781,35.19357691,-97.43753543,329.0211207,4.508267879,-298.3999939,35.1935776,-97.437533
35.19357691,-97.43753543,35.19357761,-97.43753304,329.0187557,4.505403519,-293.2999878,35.1935782,-97.437531
35.19357761,-97.43753304,35.19357821,-97.43753076,329.0161962,4.5067873,-287.7999878,35.1935788,-97.437528
35.19357821,-97.43753076,35.19357881,-97.43752838,329.0126031,4.509005547,-282.1000061,35.1935794,-97.437526
35.19357881,-97.43752838,35.19357937,-97.4375259,329.0088937,4.515418053,-275.2000122,35.1935798,-97.437524
35.19357937,-97.4375259,35.19357985,-97.43752366,329.0051984,4.519374371,-271.1000061,35.1935803,-97.437521
35.19357985,-97.43752366,35.19358032,-97.43752101,329.0022429,4.527514935,-266.7000122,35.1935808,-97.437519
35.19358032,-97.43752101,35.19358075,-97.43751858,328.9981296,4.542167187,-263.2000122,35.1935811,-97.437516
35.19358075,-97.43751858,35.19358115,-97.43751616,328.9946821,4.552529812,-261.7000122,35.1935849,-97.437515
35.19358115,-97.43751616,35.19358493,-97.43751543,328.9233438,4.559016228,-260.2000122,35.1935852,-97.437513
35.19358493,-97.43751543,35.19358519,-97.43751331,328.9217856,4.554162502,-259.5,35.1935855,-97.437511
35.19358519,-97.43751331,35.19358546,-97.43751078,328.9190192,4.55557394,-258.8999939,35.1935857,-97.437508
35.19358546,-97.43751078,35.19358568,-97.43750823,328.9158172,4.556046009,-257.2999878,35.1935858,-97.437506
35.19358568,-97.43750823,35.19358584,-97.43750566,328.9117455,4.562581539,-253.1000061,35.193586,-97.437503
35.19358584,-97.43750566,35.19358595,-97.43750315,328.9086046,4.570516586,-244.8999939,35.193586,-97.437501
35.19358595,-97.43750315,35.19358601,-97.43750064,328.9055884,4.579591274,-232.6000061,35.193586,-97.437498
35.19358601,-97.43750064,35.19358602,-97.43749815,328.9030088,4.57998991,-214.3000031,35.193586,-97.437496
35.19358602,-97.43749815,35.193586,-97.43749572,328.9003681,4.583464146,-200.8999939,35.193586,-97.437493
35.193586,-97.43749572,35.19358596,-97.43749323,328.8980692,4.600784779,-182.1999969,35.1935859,-97.437491
35.19358596,-97.43749323,35.1935859,-97.43749069,328.8947677,4.61112833,-158,35.1935858,-97.437488
35.1935859,-97.43749069,35.19358582,-97.43748818,328.892845,4.615120888,-140.3999939,35.1935857,-97.437486
35.19358582,-97.43748818,35.19358575,-97.43748564,328.8902528,4.614012241,-118.6999969,35.1935857,-97.437483
35.19358575,-97.43748564,35.19358567,-97.43748312,328.8886289,4.624516964,-97.5,35.1935856,-97.437481
35.19358567,-97.43748312,35.1935856,-97.43748061,328.8853636,4.637233257,-77.19999695,35.1935855,-97.437478
35.1935856,-97.43748061,35.19358553,-97.43747809,328.8827863,4.650481224,-54.29999924,35.1935854,-97.437476
35.19358553,-97.43747809,35.1935854,-97.43747555,328.8804554,4.65239048,-39.09999847,35.1935853,-97.437473
35.1935854,-97.43747555,35.1935853,-97.43747312,328.8805669,4.666075706,-19.70000076,35.1935852,-97.43747
35.1935853,-97.43747312,35.19358524,-97.4374705,328.8781491,4.681363106,-1,35.1935851,-97.437468
35.19358524,-97.4374705,35.19358512,-97.437468,328.8787368,4.689702511,16.10000038,35.1935851,-97.437465
35.19358512,-97.437468,35.19358513,-97.43746467,328.8086936,4.690059662,34.79999924,35.1935851,-97.437462
35.19358513,-97.43746467,35.19358512,-97.43746232,328.8069038,4.698300838,49.90000153,35.1935852,-97.43746
35.19358512,-97.43746232,35.19358519,-97.4374598,328.8065974,4.713703156,65,35.1935853,-97.437457
35.19358519,-97.4374598,35.19358532,-97.43745728,328.8065064,4.726626396,77.59999847,35.1935855,-97.437455
35.19358532,-97.43745728,35.19358551,-97.43745468,328.8046751,4.741168022,92.40000153,35.1935858,-97.437452
35.19358551,-97.43745468,35.19358575,-97.43745214,328.8033889,4.753465176,105.6999969,35.1935861,-97.43745
35.19358575,-97.43745214,35.19358606,-97.43744954,328.8005348,4.764986515,120,35.1935864,-97.437447
35.19358606,-97.43744954,35.19358643,-97.43744693,328.7974115,4.780175209,131.1000061,35.1935869,-97.437444
35.19358643,-97.43744693,35.19358686,-97.43744432,328.792998,4.788225174,139.3999939,35.1935873,-97.437442
35.19358686,-97.43744432,35.19358734,-97.43744174,328.7889325,4.803694725,149.1999969,35.1935878,-97.437439
35.19358734,-97.43744174,35.19358785,-97.43743935,328.7855973,4.822849751,158.6999969,35.1935885,-97.437437
35.19358785,-97.43743935,35.19358848,-97.43743661,328.7823294,4.848583221,169.3999939,35.1935891,-97.437434
35.19358848,-97.43743661,35.19358915,-97.43743401,328.779688,4.866945744,177.8000031,35.1935898,-97.437431
35.19358915,-97.43743401,35.19358985,-97.43743148,328.7772978,4.875257015,184.3000031,35.1935906,-97.437429
35.19358985,-97.43743148,35.19359062,-97.43742887,328.7749642,4.890025139,192.6000061,35.1935914,-97.437427
35.19359062,-97.43742887,35.19359137,-97.43742653,328.7722278,4.902059555,198.8000031,35.1935923,-97.437424
35.19359137,-97.43742653,35.19359232,-97.43742377,328.7693781,4.933502674,208.1999969,35.1935933,-97.437421
35.19359232,-97.43742377,35.19359327,-97.43742122,328.7680098,4.948355198,213.3000031,35.1935943,-97.437419
35.19359327,-97.43742122,35.19359427,-97.43741876,328.766402,4.958436966,215.8999939,35.1935953,-97.437416
35.19359427,-97.43741876,35.19359529,-97.43741639,328.7646032,4.96958828,217.6000061,35.1935968,-97.437413
35.19359529,-97.43741639,35.19359681,-97.43741327,328.7113528,4.977174282,219.1000061,35.1935977,-97.437412
35.19359681,-97.43741327,35.19359768,-97.43741153,328.710669,4.985370159,219.8999939,35.1935991,-97.437409
35.19359768,-97.43741153,35.19359906,-97.43740895,328.7086895,4.995370865,222.6000061,35.1936004,-97.437407
35.19359906,-97.43740895,35.19360036,-97.43740667,328.7072429,5.011271954,226.8000031,35.1936018,-97.437404
35.19360036,-97.43740667,35.19360178,-97.43740427,328.7061606,5.027694702,232.1000061,35.1936032,-97.437402
35.19360178,-97.43740427,35.19360317,-97.43740203,328.7050452,5.042109013,237.3999939,35.1936046,-97.4374
35.19360317,-97.43740203,35.19360462,-97.4373998,328.7044073,5.059292316,242.8999939,35.1936062,-97.437398
35.19360462,-97.4373998,35.19360616,-97.43739755,328.7038489,5.070204258,246.5,35.1936077,-97.437395
35.19360616,-97.43739755,35.19360773,-97.43739537,328.70345,5.074202061,247.3999939,35.1936094,-97.437393
35.19360773,-97.43739537,35.19360937,-97.43739323,328.703604,5.079634666,246.6000061,35.1936111,-97.437391
35.19360937,-97.43739323,35.19361107,-97.43739113,328.7038784,5.090903282,243.8999939,35.1936128,-97.437389
35.19361107,-97.43739113,35.1936128,-97.43738908,328.7044199,5.09389019,239.3999939,35.1936146,-97.437387
35.1936128,-97.43738908,35.19361462,-97.43738704,328.7046075,5.103149891,233.6999969,35.1936163,-97.437385
35.19361462,-97.43738704,35.19361625,-97.43738531,328.704787,5.117669582,224.3000031,35.1936183,-97.437383
35.19361625,-97.43738531,35.19361832,-97.43738323,328.7050934,5.127358913,213.5,35.1936202,-97.437381
35.19361832,-97.43738323,35.19362018,-97.43738143,328.7060542,5.121543884,198.8999939,35.1936221,-97.43738
35.19362018,-97.43738143,35.1936221,-97.43737966,328.7065218,5.124919891,185,35.193624,-97.437378
35.1936221,-97.43737966,35.19362403,-97.43737794,328.7071006,5.129002571,169.3999939,35.1936279,-97.437378
35.19362403,-97.43737794,35.19362794,-97.43737785,328.6113008,5.135797977,150.6000061,35.1936292,-97.437377
35.19362794,-97.43737785,35.19362921,-97.43737679,328.612027,5.133805752,141,35.1936314,-97.437375
35.19362921,-97.43737679,35.19363138,-97.437375,328.6124549,5.139300346,118.5,35.1936334,-97.437373
35.19363138,-97.437375,35.19363339,-97.43737333,328.6126948,5.141542435,109.1999969,35.1936354,-97.437372
35.19363339,-97.43737333,35.19363538,-97.43737169,328.6129657,5.13570118,91.90000153,35.1936374,-97.43737
35.19363538,-97.43737169,35.19363736,-97.43737005,328.6126579,5.131215572,76.90000153,35.1936394,-97.437368
35.19363736,-97.43737005,35.19363936,-97.43736837,328.611951,5.129060268,64.40000153,35.1936413,-97.437367
35.19363936,-97.43736837,35.19364127,-97.43736674,328.6106095,5.132102489,50,35.1936433,-97.437365
35.19364127,-97.43736674,35.19364332,-97.43736499,328.6095601,5.132175446,36.90000153,35.1936453,-97.437363
35.19364332,-97.43736499,35.19364529,-97.43736329,328.6081594,5.141443729,22,35.1936473,-97.437362
35.19364529,-97.43736329,35.19364729,-97.43736153,328.6063901,5.138566494,10.60000038,35.1936492,-97.43736
35.19364729,-97.43736153,35.19364924,-97.43735977,328.6049065,5.13913393,4,35.1936511,-97.437358
35.19364924,-97.43735977,35.19365113,-97.43735803,328.6033463,5.139474392,-1.200000048,35.1936531,-97.437356
35.19365113,-97.43735803,35.19365308,-97.43735623,328.6034832,5.140438557,-1.899999976,35.193655,-97.437354
35.19365308,-97.43735623,35.19365499,-97.43735442,328.6035229,5.136492729,-0.600000024,35.1936569,-97.437353
35.19365499,-97.43735442,35.19365688,-97.4373526,328.6024366,5.14032793,2.400000095,35.1936588,-97.437351
35.19365688,-97.4373526,35.19365878,-97.43735076,328.5999408,5.142594814,8.699999809,35.1936606,-97.437349
35.19365878,-97.43735076,35.19366065,-97.43734893,328.5981941,5.1414361,15.69999981,35.1936626,-97.437347
35.19366065,-97.43734893,35.19366259,-97.43734704,328.5955971,5.145832062,22.29999924,35.1936645,-97.437345
35.19366259,-97.43734704,35.19366449,-97.4373452,328.5931204,5.145192146,33.79999924,35.1936651,-97.437343
35.19366449,-97.4373452,35.19366509,-97.43734265,328.4788261,5.14715147,45,35.193667,-97.437341
35.19366509,-97.43734265,35.19366696,-97.43734092,328.4771023,5.146548748,57.70000076,35.1936689,-97.437339
35.19366696,-97.43734092,35.19366889,-97.4373392,328.4750347,5.139807224,68.80000305,35.1936707,-97.437338
35.19366889,-97.4373392,35.19367066,-97.43733768,328.4732392,5.146863937,85.30000305,35.1936728,-97.437336
35.19367066,-97.43733768,35.19367283,-97.4373359,328.4716419,5.157109261,99.40000153,35.1936748,-97.437334
35.19367283,-97.4373359,35.19367477,-97.43733438,328.4711043,5.164622307,107.9000015,35.1936769,-97.437333
35.19367477,-97.43733438,35.19367686,-97.43733282,328.4709861,5.171369553,120.8000031,35.1936789,-97.437331
35.19367686,-97.43733282,35.19367889,-97.43733138,328.4712943,5.166752815,132.6999969,35.193681,-97.43733
35.19367889,-97.43733138,35.193681,-97.43732997,328.4711088,5.158189774,147.6999969,35.1936832,-97.437329
35.193681,-97.43732997,35.19368316,-97.4373286,328.4706897,5.15839386,157.6999969,35.1936853,-97.437327
35.19368316,-97.4373286,35.19368531,-97.43732731,328.469916,5.158747196,168.1000061,35.1936875,-97.437326
35.19368531,-97.43732731,35.19368748,-97.43732608,328.4696044,5.158222675,176.6999969,35.1936897,-97.437325
35.19368748,-97.43732608,35.19368969,-97.43732492,328.4692918,5.16010952,189.3000031,35.1936919,-97.437324
35.19368969,-97.43732492,35.19369195,-97.43732381,328.4687441,5.162757874,199.1999969,35.1936942,-97.437323
35.19369195,-97.43732381,35.19369421,-97.43732278,328.4684355,5.159830093,206.6000061,35.1936965,-97.437322
35.19369421,-97.43732278,35.19369646,-97.43732186,328.4680347,5.158802509,213.6999969,35.1936988,-97.437321
35.19369646,-97.43732186,35.19369882,-97.43732098,328.4678489,5.167642117,224.1999969,35.1937011,-97.43732
35.19369882,-97.43732098,35.19370109,-97.43732022,328.4686781,5.168669224,232.8999939,35.1937035,-97.43732
35.19370109,-97.43732022,35.19370347,-97.43731952,328.469645,5.168305874,241.5,35.1937059,-97.437319
35.19370347,-97.43731952,35.19370585,-97.4373189,328.4707671,5.164643288,247.6999969,35.1937086,-97.43732
35.19370585,-97.4373189,35.19370857,-97.43732023,328.4058367,5.159457684,255.3999939,35.1937107,-97.43732
35.19370857,-97.43732023,35.19371067,-97.43731996,328.4067523,5.154147148,260.8999939,35.193713,-97.43732
35.19371067,-97.43731996,35.19371302,-97.43731976,328.4080036,5.149580002,264.1000061,35.1937153,-97.43732
35.19371302,-97.43731976,35.19371532,-97.43731963,328.4089041,5.151049137,267.6000061,35.1937178,-97.43732
35.19371532,-97.43731963,35.19371776,-97.43731961,328.4109163,5.157819271,269.5,35.1937201,-97.43732
35.19371776,-97.43731961,35.19372013,-97.43731967,328.4139335,5.159669399,270.1000061,35.1937225,-97.43732
35.19372013,-97.43731967,35.19372252,-97.43731982,328.4175065,5.159443378,270.5,35.1937249,-97.43732
35.19372252,-97.43731982,35.19372486,-97.43732005,328.4210593,5.155766487,270.6000061,35.1937273,-97.43732
35.19372486,-97.43732005,35.19372726,-97.43732038,328.4247352,5.14912796,270.6000061,35.1937297,-97.437321
35.19372726,-97.43732038,35.19372966,-97.43732078,328.4290075,5.144380093,270.6000061,35.193732,-97.437321
35.19372966,-97.43732078,35.19373201,-97.43732125,328.4329135,5.14005518,270.2999878,35.1937343,-97.437322
35.19373201,-97.43732125,35.1937343,-97.4373218,328.4376053,5.150966167,269.7000122,35.1937366,-97.437322
35.1937343,-97.4373218,35.1937366,-97.43732243,328.4446657,5.152182579,269,35.1937389,-97.437323
35.1937366,-97.43732243,35.19373887,-97.43732312,328.4514373,5.143893719,267.6000061,35.1937412,-97.437324
35.19373887,-97.43732312,35.19374115,-97.4373239,328.4584224,5.129074574,266.5,35.1937434,-97.437325
35.19374115,-97.4373239,35.19374338,-97.43732478,328.4650248,5.109162807,264.8999939,35.1937455,-97.437326
35.19374338,-97.43732478,35.19374545,-97.43732568,328.4699933,5.092349529,263.7999878,35.1937478,-97.437327
35.19374545,-97.43732568,35.19374777,-97.43732679,328.4751569,5.087628365,263.1000061,35.1937499,-97.437328
35.19374777,-97.43732679,35.19374994,-97.4373279,328.4799809,5.099709988,262.8999939,35.1937521,-97.437329
35.19374994,-97.4373279,35.1937521,-97.43732903,328.4863428,5.093795776,262.8999939,35.1937535,-97.437332
35.1937521,-97.43732903,35.19375352,-97.4373325,328.3997653,5.066486835,262.8999939,35.1937551,-97.437333
35.19375352,-97.4373325,35.1937551,-97.43733349,328.4051453,5.055294037,262.8999939,35.1937571,-97.437335
35.1937551,-97.43733349,35.19375709,-97.43733484,328.4111097,5.067601204,262.7999878,35.193759,-97.437336
35.19375709,-97.43733484,35.19375905,-97.43733624,328.417932,5.067388058,262.6000061,35.193761,-97.437338
35.19375905,-97.43733624,35.19376105,-97.43733778,328.4253262,5.060696125,262,35.1937629,-97.437339
35.19376105,-97.43733778,35.19376295,-97.43733938,328.4309148,5.050327778,260.6000061,35.1937648,-97.437341
35.19376295,-97.43733938,35.1937648,-97.43734102,328.436043,5.039236546,258.7999878,35.1937666,-97.437343
35.1937648,-97.43734102,35.19376663,-97.43734273,328.4416036,5.029106617,256.7000122,35.1937684,-97.437344
35.19376663,-97.43734273,35.19376838,-97.43734448,328.4481521,5.019271374,254.6999969,35.1937701,-97.437346
35.19376838,-97.43734448,35.19377012,-97.4373463,328.4555237,5.009222031,252.5,35.1937718,-97.437348
35.19377012,-97.4373463,35.1937718,-97.43734816,328.4645154,4.996934414,250.8000031,35.1937734,-97.43735
35.1937718,-97.43734816,35.19377345,-97.43735012,328.4743485,4.993032932,250.1000061,35.193775,-97.437352
35.19377345,-97.43735012,35.19377501,-97.43735209,328.4845055,4.977358818,249.8000031,35.1937766,-97.437354
35.19377501,-97.43735209,35.19377656,-97.43735412,328.4947055,4.964180946,249.3999939,35.193778,-97.437356
35.19377656,-97.43735412,35.19377804,-97.43735614,328.5043981,4.960383892,248.6000061,35.1937795,-97.437358
35.19377804,-97.43735614,35.19377949,-97.4373582,328.5148082,4.956983089,246.6999969,35.193781,-97.43736
35.19377949,-97.4373582,35.19378095,-97.43736036,328.5252915,4.937310219,241.5,35.1937823,-97.437362
35.19378095,-97.43736036,35.19378234,-97.43736241,328.5358177,4.92562294,233.8000031,35.1937837,-97.437365
35.19378234,-97.43736241,35.19378373,-97.43736453,328.5463139,4.90551424,223,35.1937851,-97.437367
35.19378373,-97.43736453,35.19378508,-97.43736671,328.5567806,4.887108803,212.5,35.1937849,-97.437372
35.19378508,-97.43736671,35.19378486,-97.43737202,328.5578926,4.870073795,193.6999969,35.1937858,-97.437374
35.19378486,-97.43737202,35.19378585,-97.43737387,328.5662918,4.860335827,175.3999939,35.1937871,-97.437376
35.19378585,-97.43737387,35.19378705,-97.43737627,328.5778574,4.855671883,157.3000031,35.1937882,-97.437379
35.19378705,-97.43737627,35.19378821,-97.43737853,328.588658,4.849133968,141.1999969,35.1937894,-97.437381
35.19378821,-97.43737853,35.19378936,-97.43738082,328.6005291,4.839693546,125.5,35.1937905,-97.437383
35.19378936,-97.43738082,35.19379048,-97.43738308,328.6118722,4.830877304,109.6999969,35.1937916,-97.437385
35.19379048,-97.43738308,35.19379162,-97.43738537,328.6234993,4.82109642,94.19999695,35.1937928,-97.437388
35.19379162,-97.43738537,35.19379281,-97.43738765,328.6349847,4.811861038,77.30000305,35.193794,-97.43739
35.19379281,-97.43738765,35.19379402,-97.43738988,328.647083,4.808672428,62.09999847,35.1937952,-97.437392
35.19379402,-97.43738988,35.19379521,-97.43739204,328.6587181,4.789103985,38.29999924,35.1937965,-97.437394
35.19379521,-97.43739204,35.19379648,-97.43739426,328.670785,4.770258427,18.5,35.1937977,-97.437396
35.19379648,-97.43739426,35.19379775,-97.43739644,328.6823433,4.752173901,1.5,35.1937989,-97.437399
35.19379775,-97.43739644,35.19379894,-97.43739855,328.6931889,4.742364407,-11.5,35.1938001,-97.437401
35.19379894,-97.43739855,35.19380015,-97.43740062,328.7046529,4.732725143,-23.60000038,35.1938014,-97.437403
35.19380015,-97.43740062,35.19380143,-97.43740272,328.7154542,4.718723774,-35.79999924,35.1938028,-97.437405
35.19380143,-97.43740272,35.19380278,-97.43740476,328.7263258,4.703086376,-47.40000153,35.1938042,-97.437407
35.19380278,-97.43740476,35.19380416,-97.43740678,328.7367521,4.687421322,-57.70000076,35.1938055,-97.437409
35.19380416,-97.43740678,35.19380549,-97.43740868,328.7477166,4.676627159,-64.5,35.1938069,-97.437411
35.19380549,-97.43740868,35.19380689,-97.43741066,328.758645,4.658650875,-72.09999847,35.1938083,-97.437413
35.19380689,-97.43741066,35.19380828,-97.43741254,328.7677869,4.645099163,-75.59999847,35.1938106,-97.437414
35.19380828,-97.43741254,35.19381059,-97.43741411,328.6713823,4.632536411,-76.09999847,35.1938116,-97.437415
35.19381059,-97.43741411,35.1938116,-97.43741534,328.6793023,4.62525034,-74.69999695,35.193813,-97.437417
35.1938116,-97.43741534,35.19381302,-97.43741714,328.6917595,4.6167593,-70.30000305,35.1938144,-97.437419
35.19381302,-97.43741714,35.19381439,-97.43741887,328.7028701,4.599299908,-64.19999695,35.1938158,-97.437421
35.19381439,-97.43741887,35.19381578,-97.4374206,328.7136559,4.585285187,-56.90000153,35.1938172,-97.437422
35.19381578,-97.4374206,35.1938172,-97.43742237,328.7248537,4.572896004,-48.70000076,35.1938186,-97.437424
35.1938172,-97.43742237,35.19381862,-97.43742412,328.7365281,4.554470062,-39.59999847,35.1938199,-97.437426
35.19381862,-97.43742412,35.19381989,-97.43742565,328.7460054,4.543672085,-29.89999962,35.1938214,-97.437427
35.19381989,-97.43742565,35.19382138,-97.43742749,328.7581632,4.534378052,-21.79999924,35.1938228,-97.437429
35.19382138,-97.43742749,35.19382278,-97.43742921,328.7706309,4.524573326,-8.5,35.1938242,-97.437431
35.19382278,-97.43742921,35.19382417,-97.43743089,328.7835601,4.511892796,4.599999905,35.1938255,-97.437433
35.19382417,-97.43743089,35.19382555,-97.43743257,328.7972949,4.497248173,18,35.193827,-97.437434
35.19382555,-97.43743257,35.19382696,-97.43743427,328.8111638,4.484438419,30.70000076,35.1938283,-97.437436
35.19382696,-97.43743427,35.19382828,-97.43743593,328.8229167,4.471727371,42.29999924,35.1938296,-97.437438
35.19382828,-97.43743593,35.19382963,-97.43743764,328.8352814,4.472029686,53,35.1938309,-97.437439
35.19382963,-97.43743764,35.19383093,-97.43743938,328.8467814,4.463489056,63.20000076,35.1938321,-97.437441
35.19383093,-97.43743938,35.19383208,-97.43744103,328.8571469,4.457850456,74.40000153,35.1938334,-97.437443
35.19383208,-97.43744103,35.19383338,-97.43744297,328.8710398,4.450829983,86.90000153,35.1938346,-97.437445
35.19383338,-97.43744297,35.19383461,-97.43744483,328.8835932,4.449045658,100.0999985,35.1938358,-97.437447
35.19383461,-97.43744483,35.1938358,-97.4374467,328.8957179,4.450892925,113.3000031,35.1938389,-97.437452
35.1938358,-97.4374467,35.19383886,-97.43745153,328.6911205,4.449581146,133.6000061,35.1938399,-97.437453
35.19383886,-97.43745153,35.1938399,-97.43745336,328.7013584,4.445463181,143.3000031,35.193841,-97.437455
35.1938399,-97.43745336,35.193841,-97.43745542,328.7118218,4.439809799,159.3000031,35.193842,-97.437457
35.193841,-97.43745542,35.19384202,-97.43745744,328.721854,4.445366859,175.3999939,35.193843,-97.43746
35.19384202,-97.43745744,35.19384302,-97.43745957,328.732324,4.44627285,190.8000031,35.1938439,-97.437462
35.19384302,-97.43745957,35.19384392,-97.4374617,328.7424375,4.44396925,203.8000031,35.1938448,-97.437464
35.19384392,-97.4374617,35.19384478,-97.4374639,328.7528994,4.436196804,215,35.1938455,-97.437466
35.19384478,-97.4374639,35.19384554,-97.43746606,328.762531,4.433660984,225.3999939,35.1938462,-97.437468
35.19384554,-97.43746606,35.19384625,-97.43746825,328.7725195,4.435789585,236,35.1938469,-97.437471
35.19384625,-97.43746825,35.19384692,-97.43747059,328.7829371,4.437231064,246.6999969,35.1938475,-97.437473
35.19384692,-97.43747059,35.19384753,-97.43747287,328.7935481,4.438706875,257.1000061,35.1938481,-97.437475
35.19384753,-97.43747287,35.19384809,-97.43747521,328.804372,4.444905281,266.7999878,35.1938486,-97.437478
35.19384809,-97.43747521,35.19384858,-97.43747758,328.8152674,4.45220089,275.8999939,35.193849,-97.43748
35.19384858,-97.43747758,35.193849,-97.43747988,328.8255262,4.454597473,284.5,35.1938493,-97.437482
35.193849,-97.43747988,35.19384932,-97.43748204,328.8346046,4.453312874,290.7999878,35.1938496,-97.437485
35.19384932,-97.43748204,35.19384961,-97.43748457,328.8453602,4.449376106,299.5,35.1938498,-97.437487
35.19384961,-97.43748457,35.19384979,-97.43748696,328.855589,4.450711727,305.6000061,35.1938499,-97.437489
35.19384979,-97.43748696,35.19384991,-97.43748934,328.8658044,4.450191021,310.2999878,35.1938499,-97.437492
35.19384991,-97.43748934,35.19384993,-97.43749168,328.8759479,4.456783772,313.8999939,35.1938499,-97.437494
35.19384993,-97.43749168,35.19384989,-97.43749407,328.8864451,4.460132122,315.7999878,35.1938492,-97.437498
35.19384989,-97.43749407,35.1938492,-97.43749815,328.7947137,4.463145733,318.8999939,35.193849,-97.4375
35.1938492,-97.43749815,35.19384902,-97.43750012,328.8036204,4.461843491,321.3999939,35.1938488,-97.437502
35.19384902,-97.43750012,35.19384876,-97.43750248,328.8150253,4.456748486,323.8999939,35.1938484,-97.437505
35.19384876,-97.43750248,35.1938484,-97.43750493,328.8263628,4.450095654,327.7000122,35.193848,-97.437507
35.1938484,-97.43750493,35.193848,-97.43750726,328.8365398,4.453393936,331.8999939,35.1938475,-97.43751
35.193848,-97.43750726,35.19384753,-97.43750957,328.8459935,4.449748516,336.2000122,35.193847,-97.437512
35.19384753,-97.43750957,35.19384696,-97.43751193,328.8550056,4.442107201,339.5,35.1938463,-97.437514
35.19384696,-97.43751193,35.19384631,-97.43751425,328.8638554,4.443360329,341.7999878,35.1938456,-97.437517
35.19384631,-97.43751425,35.19384557,-97.43751652,328.8718911,4.44688797,343.2000122,35.1938448,-97.437519
35.19384557,-97.43751652,35.19384476,-97.43751878,328.8802259,4.448165417,343.5,35.1938439,-97.437521
35.19384476,-97.43751878,35.19384389,-97.43752099,328.8887861,4.452536583,343.5,35.1938429,-97.437523
35.19384389,-97.43752099,35.19384294,-97.43752316,328.8972463,4.450861454,343.5,35.1938419,-97.437525
35.19384294,-97.43752316,35.19384194,-97.43752532,328.9054919,4.450994492,343.5,35.1938409,-97.437527
35.19384194,-97.43752532,35.19384089,-97.43752744,328.9135993,4.454311371,343.5,35.1938398,-97.437529
35.19384089,-97.43752744,35.19383978,-97.43752949,328.920878,4.463016033,343.6000061,35.1938388,-97.437531
35.19383978,-97.43752949,35.19383875,-97.4375313,328.927075,4.471354485,343.8999939,35.1938374,-97.437533
35.19383875,-97.4375313,35.19383744,-97.43753344,328.933941,4.480061054,344.7999878,35.1938362,-97.437535
35.19383744,-97.43753344,35.19383618,-97.43753537,328.939275,4.478766918,345.7999878,35.1938349,-97.437537
35.19383618,-97.43753537,35.19383485,-97.43753728,328.9436934,4.477442265,346.2000122,35.1938335,-97.437539
35.19383485,-97.43753728,35.1938335,-97.43753911,328.9472283,4.478515625,346.2999878,35.193831,-97.437542
35.1938335,-97.43753911,35.19383097,-97.43754153,328.8243075,4.494267941,346.2999878,35.1938299,-97.437543
35.19383097,-97.43754153,35.19382995,-97.43754276,328.8257202,4.505738258,346.2999878,35.1938284,-97.437545
35.19382995,-97.43754276,35.19382836,-97.4375445,328.8278602,4.516215324,346.2999878,35.1938267,-97.437546
35.19382836,-97.4375445,35.19382675,-97.43754617,328.8302645,4.531974792,346.2999878,35.1938251,-97.437548
35.19382675,-97.43754617,35.19382513,-97.43754774,328.8328761,4.546405315,346.2999878,35.1938235,-97.437549
35.19382513,-97.43754774,35.19382346,-97.43754927,328.8360406,4.554862976,346.2999878,35.1938217,-97.437551
35.19382346,-97.43754927,35.19382171,-97.43755073,328.8388466,4.567289829,346.2999878,35.1938199,-97.437552
35.19382171,-97.43755073,35.19381989,-97.43755212,328.8420301,4.580795765,345.8999939,35.1938181,-97.437553
35.19381989,-97.43755212,35.19381808,-97.4375534,328.845953,4.587416649,345.1000061,35.1938162,-97.437555
35.19381808,-97.4375534,35.19381616,-97.43755466,328.8504253,4.592373371,343.7000122,35.1938142,-97.437556
35.19381616,-97.43755466,35.19381423,-97.4375558,328.8539826,4.603284836,342.1000061,35.1938122,-97.437557
35.19381423,-97.4375558,35.19381222,-97.43755686,328.8581463,4.609363079,340.7999878,35.1938102,-97.437558
35.19381222,-97.43755686,35.19381016,-97.43755783,328.8622696,4.618765831,339.7999878,35.1938081,-97.437559
35.19381016,-97.43755783,35.19380807,-97.43755869,328.8651394,4.626517773,339.6000061,35.193806,-97.437559
35.19380807,-97.43755869,35.19380598,-97.43755944,328.8684792,4.641802788,339.1000061,35.1938039,-97.43756
35.19380598,-97.43755944,35.19380387,-97.43756011,328.8721508,4.652323246,338.2999878,35.1938017,-97.437561
35.19380387,-97.43756011,35.19380171,-97.43756071,328.8754416,4.664494038,336.7000122,35.1937996,-97.437561
35.19380171,-97.43756071,35.19379957,-97.43756121,328.8784865,4.674232006,334.6000061,35.1937973,-97.437562
35.19379957,-97.43756121,35.19379734,-97.43756164,328.8816169,4.672106743,332.5,35.1937951,-97.437562
35.19379734,-97.43756164,35.19379512,-97.43756197,328.8846044,4.678637505,331.2999878,35.193792,-97.437562
35.19379512,-97.43756197,35.19379195,-97.43756204,328.8088999,4.689127445,330.2999878,35.1937906,-97.437562
35.19379195,-97.43756204,35.19379064,-97.43756215,328.8110598,4.695965767,330.1000061,35.1937884,-97.437562
35.19379064,-97.43756215,35.19378843,-97.43756224,328.8125926,4.700313568,329.7999878,35.1937862,-97.437562
35.19378843,-97.43756224,35.1937862,-97.43756226,328.8143763,4.701113224,329.7999878,35.1937838,-97.437562
35.1937862,-97.43756226,35.19378381,-97.43756219,328.8148999,4.704423904,329.6000061,35.1937816,-97.437562
35.19378381,-97.43756219,35.19378157,-97.43756203,328.8145837,4.711105347,329.2999878,35.1937793,-97.437562
35.19378157,-97.43756203,35.19377933,-97.43756181,328.8135528,4.723898888,328.7000122,35.193777,-97.437562
35.19377933,-97.43756181,35.19377699,-97.43756155,328.812599,4.733312607,328.2000122,35.1937748,-97.437561
35.19377699,-97.43756155,35.19377481,-97.43756127,328.8121095,4.736578465,327.6000061,35.1937723,-97.437561
35.19377481,-97.43756127,35.19377233,-97.43756084,328.811059,4.742066383,326.6000061,35.19377,-97.43756
35.19377233,-97.43756084,35.19377005,-97.43756031,328.810543,4.748251438,325.7000122,35.1937678,-97.43756
35.19377005,-97.43756031,35.19376776,-97.4375597,328.8100022,4.755608559,324.5,35.1937655,-97.437559
35.19376776,-97.4375597,35.19376549,-97.43755905,328.8110995,4.769457817,322.2999878,35.1937631,-97.437558
35.19376549,-97.43755905,35.19376314,-97.4375583,328.8135668,4.786959648,319.8999939,35.1937611,-97.437558
35.19376314,-97.4375583,35.19376106,-97.43755759,328.8161247,4.802568913,317.5,35.1937588,-97.437557
35.19376106,-97.43755759,35.1937588,-97.43755668,328.8181607,4.813908577,315.7999878,35.1937563,-97.437556
35.1937588,-97.43755668,35.19375633,-97.43755553,328.8197586,4.821546078,313.6000061,35.1937542,-97.437554
35.19375633,-97.43755553,35.19375417,-97.43755447,328.8217771,4.815360546,310.6000061,35.1937521,-97.437553
35.19375417,-97.43755447,35.19375206,-97.43755336,328.8245403,4.819121838,306.2999878,35.1937498,-97.437552
35.19375206,-97.43755336,35.19374975,-97.43755208,328.8287797,4.824983597,300.7999878,35.1937478,-97.43755
35.19374975,-97.43755208,35.19374776,-97.43755004,328.7524247,4.831065655,294,35.1937459,-97.437549
35.19374776,-97.43755004,35.19374592,-97.43754911,328.7581578,4.832962036,289.5,35.1937438,-97.437548
35.19374592,-97.43754911,35.19374375,-97.43754774,328.7645032,4.843576431,281.7999878,35.1937416,-97.437546
35.19374375,-97.43754774,35.19374157,-97.43754618,328.77072,4.842970371,278.1000061,35.1937395,-97.437545
35.19374157,-97.43754618,35.19373954,-97.43754482,328.7782087,4.838464737,274.7999878,35.1937375,-97.437543
35.19373954,-97.43754482,35.19373748,-97.43754343,328.7851839,4.840325356,269.5,35.1937354,-97.437542
35.19373748,-97.43754343,35.19373537,-97.43754208,328.7924697,4.839212894,266,35.1937332,-97.437541
35.19373537,-97.43754208,35.19373315,-97.43754063,328.8003106,4.834824085,261.7999878,35.1937311,-97.437539
35.19373315,-97.43754063,35.19373109,-97.43753917,328.8076127,4.830180645,258.1000061,35.1937289,-97.437538
35.19373109,-97.43753917,35.19372891,-97.43753754,328.8158273,4.830891609,254.1999969,35.1937268,-97.437536
35.19372891,-97.43753754,35.19372678,-97.4375359,328.8232237,4.824991703,251.1000061,35.1937247,-97.437534
35.19372678,-97.4375359,35.19372474,-97.43753412,328.8302338,4.819238186,247.6999969,35.1937228,-97.437532
35.19372474,-97.43753412,35.19372278,-97.43753224,328.8360647,4.814547539,244.5,35.1937209,-97.43753
35.19372278,-97.43753224,35.19372089,-97.43753024,328.841875,4.822062969,239.8000031,35.193719,-97.437528
35.19372089,-97.43753024,35.19371901,-97.43752826,328.8482915,4.828035831,232.8000031,35.1937171,-97.437526
35.19371901,-97.43752826,35.19371711,-97.43752624,328.8554013,4.821899414,225.5,35.1937152,-97.437524
35.19371711,-97.43752624,35.19371521,-97.43752416,328.8623953,4.822013855,216.3999939,35.1937134,-97.437522
35.19371521,-97.43752416,35.19371335,-97.43752203,328.8686719,4.819339275,207.5,35.1937115,-97.43752
35.19371335,-97.43752203,35.19371154,-97.4375199,328.8739455,4.812391281,193.5,35.1937097,-97.437518
35.19371154,-97.4375199,35.19370974,-97.43751772,328.8807084,4.807784557,176.1000061,35.1937157,-97.437519
35.19370974,-97.43751772,35.19371574,-97.43751884,328.6950558,4.821195602,149.8000031,35.1937145,-97.437517
35.19371574,-97.43751884,35.19371446,-97.43751706,328.7010233,4.822142124,139.5,35.1937128,-97.437515
35.19371446,-97.43751706,35.19371277,-97.43751455,328.7078979,4.822363377,122.5,35.1937113,-97.437512
35.19371277,-97.43751455,35.19371127,-97.43751235,328.7137225,4.831264496,102.0999985,35.1937097,-97.43751
35.19371127,-97.43751235,35.19370974,-97.43751013,328.7210047,4.835020542,91.80000305,35.1937083,-97.437508
35.19370974,-97.43751013,35.19370825,-97.4375081,328.7293912,4.827877998,74.19999695,35.1937065,-97.437506
35.19370825,-97.4375081,35.19370649,-97.43750566,328.7371862,4.817723274,53.29999924,35.1937048,-97.437503
35.19370649,-97.43750566,35.19370484,-97.43750344,328.7436029,4.806939602,36.20000076,35.1937032,-97.437501
35.19370484,-97.43750344,35.19370319,-97.43750126,328.7501595,4.803559303,18.89999962,35.1937015,-97.437499
35.19370319,-97.43750126,35.19370155,-97.43749913,328.7568186,4.810525894,-0.699999988,35.1936999,-97.437497
35.19370155,-97.43749913,35.19369986,-97.43749702,328.7644826,4.808980942,-12.19999981,35.1936981,-97.437495
35.19369986,-97.43749702,35.19369814,-97.43749497,328.7732189,4.805694103,-24.29999924,35.1936965,-97.437493
35.19369814,-97.43749497,35.19369649,-97.43749313,328.7817028,4.800757885,-33.40000153,35.1936947,-97.437491
35.19369649,-97.43749313,35.19369468,-97.43749117,328.7912049,4.798817635,-47.70000076,35.193693,-97.437489
35.19369468,-97.43749117,35.193693,-97.43748939,328.7977102,4.792955399,-59.70000076,35.1936911,-97.437487
35.193693,-97.43748939,35.19369107,-97.43748728,328.8060595,4.79345417,-72.40000153,35.1936893,-97.437485
35.19369107,-97.43748728,35.19368926,-97.43748527,328.81433,4.797611237,-85.19999695,35.1936875,-97.437483
35.19368926,-97.43748527,35.19368747,-97.43748333,328.8206991,4.799943924,-98.09999847,35.1936858,-97.437482
35.19368747,-97.43748333,35.19368583,-97.4374816,328.826578,4.798408031,-109.3000031,35.193684,-97.43748
35.19368583,-97.4374816,35.19368396,-97.43747966,328.8327789,4.793365002,-127,35.1936833,-97.43748
35.19368396,-97.43747966,35.19368328,-97.43748018,328.7735518,4.788795471,-141.8999939,35.1936815,-97.437478
35.19368328,-97.43748018,35.19368154,-97.43747837,328.7773904,4.783751488,-152.6000061,35.1936798,-97.437477
35.19368154,-97.43747837,35.19367977,-97.43747661,328.7804304,4.778537273,-164.3000031,35.193678,-97.437475
35.19367977,-97.43747661,35.19367795,-97.43747489,328.7828941,4.779219151,-175.1000061,35.1936761,-97.437473
35.19367795,-97.43747489,35.19367614,-97.43747328,328.7852859,4.786533833,-181.3000031,35.1936743,-97.437472
35.19367614,-97.43747328,35.19367432,-97.43747177,328.7868877,4.7935462,-186,35.1936724,-97.43747
35.19367432,-97.43747177,35.1936724,-97.43747025,328.7888645,4.799618721,-190.8000031,35.1936706,-97.437469
35.1936724,-97.43747025,35.19367063,-97.43746895,328.7913331,4.80251646,-196.3000031,35.1936686,-97.437468
35.19367063,-97.43746895,35.19366862,-97.43746754,328.7940448,4.801151276,-203.3000031,35.1936666,-97.437466
35.19366862,-97.43746754,35.19366664,-97.43746619,328.7970212,4.810884953,-211.3999939,35.1936647,-97.437465
35.19366664,-97.43746619,35.19366471,-97.43746495,328.8005294,4.826722145,-220.1000061,35.1936628,-97.437464
35.19366471,-97.43746495,35.1936628,-97.43746377,328.8047311,4.836504936,-227.8000031,35.1936608,-97.437463
35.1936628,-97.43746377,35.19366084,-97.43746263,328.8094206,4.846010685,-240.3999939,35.1936589,-97.437462
35.19366084,-97.43746263,35.19365886,-97.43746156,328.8128096,4.849192142,-250.8000031,35.1936569,-97.437461
35.19365886,-97.43746156,35.19365686,-97.43746057,328.8156681,4.850516319,-260.7000122,35.1936549,-97.43746
35.19365686,-97.43746057,35.19365489,-97.43745969,328.8187314,4.845623016,-270.6000061,35.1936528,-97.437459
35.19365489,-97.43745969,35.19365284,-97.43745891,328.8228304,4.84750843,-280.2000122,35.1936508,-97.437458
35.19365284,-97.43745891,35.19365083,-97.43745825,328.8271345,4.838609695,-287.7000122,35.1936489,-97.437458
35.19365083,-97.43745825,35.19364891,-97.43745772,328.8318933,4.826745987,-291.7000122,35.1936469,-97.437457
35.19364891,-97.43745772,35.19364688,-97.43745726,328.8377181,4.81979847,-294.3999939,35.1936438,-97.437459
35.19364688,-97.43745726,35.19364381,-97.4374589,328.8433303,4.828024864,-295.1000061,35.1936421,-97.437459
35.19364381,-97.4374589,35.19364207,-97.43745872,328.8500706,4.839055538,-295.6000061,35.19364,-97.437459
35.19364207,-97.43745872,35.19363998,-97.43745857,328.8572727,4.837145805,-297.2999878,35.1936381,-97.437459
35.19363998,-97.43745857,35.19363809,-97.43745851,328.8640725,4.838653088,-299.5,35.1936359,-97.437459
35.19363809,-97.43745851,35.1936359,-97.43745852,328.8733391,4.841987133,-302.6000061,35.1936339,-97.437459
35.1936359,-97.43745852,35.19363386,-97.43745862,328.8826825,4.840699196,-307.5,35.1936318,-97.437459
35.19363386,-97.43745862,35.1936318,-97.4374588,328.8915649,4.827589512,-313.7000122,35.1936298,-97.437459
35.1936318,-97.4374588,35.19362982,-97.43745906,328.8990652,4.81894207,-319.6000061,35.1936278,-97.437459
35.19362982,-97.43745906,35.19362785,-97.43745944,328.9065541,4.807729244,-323.6000061,35.1936259,-97.43746
35.19362785,-97.43745944,35.19362589,-97.43745992,328.9151771,4.793065071,-330.3999939,35.1936239,-97.437461
35.19362589,-97.43745992,35.19362394,-97.43746051,328.9240655,4.781094551,-336.7999878,35.193622,-97.437461
35.19362394,-97.43746051,35.19362202,-97.43746117,328.9329853,4.77680254,-342.1000061,35.1936201,-97.437462
35.19362202,-97.43746117,35.19362012,-97.43746194,328.9413297,4.765471935,-348.1000061,35.1936183,-97.437463
35.19362012,-97.43746194,35.19361832,-97.43746275,328.9488919,4.756645203,-351.5,35.1936165,-97.437464
35.19361832,-97.43746275,35.19361646,-97.43746373,328.9567872,4.748321056,-354.3999939,35.1936147,-97.437465
35.19361646,-97.43746373,35.19361473,-97.43746476,328.9658039,4.740723133,-356.2999878,35.193613,-97.437466
35.19361473,-97.43746476,35.19361299,-97.43746593,328.9752218,4.726770878,-357.3999939,35.1936114,-97.437467
35.19361299,-97.43746593,35.19361138,-97.43746713,328.984085,4.70935154,-358.2000122,35.1936098,-97.437468
35.19361138,-97.43746713,35.19360982,-97.43746841,328.9932715,4.697369576,-358.6000061,35.1936082,-97.43747
35.19360982,-97.43746841,35.19360821,-97.43746986,329.0030898,4.692912579,-359.5,35.1936045,-97.437474
35.19360821,-97.43746986,35.19360447,-97.43747378,328.8997473,4.683489799,-361,35.1936034,-97.437475
35.19360447,-97.43747378,35.19360339,-97.43747493,328.9051805,4.678703785,-361.7000122,35.193602,-97.437477
35.19360339,-97.43747493,35.19360197,-97.43747659,328.9127641,4.679691792,-362.8999939,35.1936006,-97.437478
35.19360197,-97.43747659,35.19360057,-97.43747834,328.9206753,4.674846172,-363.6000061,35.1935993,-97.43748
35.19360057,-97.43747834,35.19359925,-97.43748015,328.9275805,4.660821915,-364.2999878,35.193598,-97.437482
35.19359925,-97.43748015,35.19359796,-97.43748207,328.9347948,4.640935898,-365.2000122,35.1935968,-97.437484
35.19359796,-97.43748207,35.19359678,-97.43748397,328.9420022,4.630887032,-366,35.1935957,-97.437486
35.19359678,-97.43748397,35.19359566,-97.43748593,328.9500015,4.621161461,-366.5,35.1935947,-97.437488
35.19359566,-97.43748593,35.19359466,-97.4374878,328.9577137,4.608124733,-366.6000061,35.1935936,-97.43749
35.19359466,-97.4374878,35.1935936,-97.43748998,328.9660262,4.593315125,-366.6000061,35.1935927,-97.437492
35.1935936,-97.43748998,35.19359266,-97.4374921,328.9741417,4.593143463,-366.6000061,35.1935917,-97.437494
35.19359266,-97.4374921,35.19359175,-97.43749429,328.9823453,4.59224987,-366.6000061,35.1935909,-97.437496
35.19359175,-97.43749429,35.19359091,-97.43749648,328.99058,4.584405899,-366.6000061,35.1935902,-97.437499
35.19359091,-97.43749648,35.19359017,-97.43749863,328.9977679,4.575827599,-366.5,35.1935895,-97.437501
35.19359017,-97.43749863,35.1935895,-97.43750086,329.0050362,4.562626839,-366.5,35.1935889,-97.437503
35.1935895,-97.43750086,35.1935889,-97.43750307,329.0122261,4.551028728,-366.5,35.1935883,-97.437505
35.1935889,-97.43750307,35.19358834,-97.43750536,329.0197801,4.542303085,-366.5,35.1935878,-97.437508
35.19358834,-97.43750536,35.19358784,-97.43750764,329.0267444,4.533866405,-366.5,35.1935874,-97.43751
35.19358784,-97.43750764,35.19358738,-97.43750997,329.0336618,4.52700758,-366.5,35.193587,-97.437512
35.19358738,-97.43750997,35.193587,-97.43751228,329.0405111,4.52060461,-366.5,35.1935847,-97.437517
35.193587,-97.43751228,35.19358471,-97.43751687,328.8034021,4.508609295,-366.5,35.1935845,-97.437519
35.19358471,-97.43751687,35.19358453,-97.43751925,328.8084254,4.498405933,-366.5,35.1935844,-97.437522
35.19358453,-97.43751925,35.19358442,-97.4375218,328.8128904,4.488533497,-366.5,35.1935844,-97.437524
35.19358442,-97.4375218,35.19358438,-97.43752422,328.8173852,4.479789734,-366.5,35.1935844,-97.437527
35.19358438,-97.43752422,35.1935844,-97.43752662,328.8227945,4.475205421,-366.5,35.1935845,-97.437529
35.1935844,-97.43752662,35.1935845,-97.43752933,328.8303005,4.467774391,-366.5,35.1935847,-97.437532
35.1935845,-97.43752933,35.19358467,-97.43753188,328.8376234,4.457964897,-366.5,35.1935849,-97.437534
35.19358467,-97.43753188,35.19358491,-97.43753428,328.8445725,4.452112675,-366.5,35.1935852,-97.437537
35.19358491,-97.43753428,35.19358521,-97.43753673,328.8512608,4.446977139,-366.5,35.1935856,-97.437539
35.19358521,-97.43753673,35.1935856,-97.43753923,328.8579507,4.447501183,-366.5,35.193586,-97.437542
35.1935856,-97.43753923,35.19358604,-97.43754171,328.8638269,4.429423332,-366.5,35.1935866,-97.437544
35.19358604,-97.43754171,35.19358655,-97.43754415,328.8696407,4.413547993,-366.5,35.1935871,-97.437547
35.19358655,-97.43754415,35.19358713,-97.43754652,328.8753558,4.412255764,-366.5,35.1935878,-97.437549
35.19358713,-97.43754652,35.19358777,-97.43754885,328.880779,4.407633781,-366.5,35.1935885,-97.437551
35.19358777,-97.43754885,35.1935885,-97.43755131,328.8866324,4.409852505,-366.5,35.1935893,-97.437554
35.1935885,-97.43755131,35.1935893,-97.43755364,328.8925614,4.406832218,-366.5,35.1935902,-97.437556
35.1935893,-97.43755364,35.19359019,-97.43755601,328.8972594,4.407185555,-366.5,35.1935911,-97.437558
35.19359019,-97.43755601,35.19359105,-97.43755828,328.9023903,4.409008503,-366.5,35.193592,-97.437561
35.19359105,-97.43755828,35.19359201,-97.43756054,328.9078825,4.400308132,-366.5,35.193593,-97.437563
35.19359201,-97.43756054,35.19359297,-97.43756278,328.9146039,4.39447403,-366.6000061,35.193594,-97.437565
35.19359297,-97.43756278,35.193594,-97.43756461,328.7893909,4.398441315,-366.7000122,35.1935952,-97.437567
35.193594,-97.43756461,35.19359518,-97.43756676,328.7932553,4.397936344,-367,35.1935965,-97.437569
35.19359518,-97.43756676,35.19359648,-97.43756886,328.7967224,4.397039413,-367.5,35.1935977,-97.437571
35.19359648,-97.43756886,35.19359775,-97.43757083,328.8006169,4.395461559,-368.1000061,35.1935991,-97.437573
35.19359775,-97.43757083,35.19359906,-97.43757274,328.8047188,4.40104866,-368.5,35.1936004,-97.437575
35.19359906,-97.43757274,35.19360039,-97.43757456,328.8081896,4.403325558,-368.8999939,35.1936019,-97.437577
35.19360039,-97.43757456,35.19360193,-97.43757661,328.8126803,4.399867535,-369.2000122,35.1936034,-97.437578
35.19360193,-97.43757661,35.1936034,-97.43757843,328.8173031,4.398669243,-369.2000122,35.1936049,-97.43758
35.1936034,-97.43757843,35.19360488,-97.43758017,328.8219201,4.404040813,-369.2000122,35.1936063,-97.437582
35.19360488,-97.43758017,35.19360633,-97.43758176,328.8255543,4.406605244,-369.2000122,35.1936081,-97.437584
35.19360633,-97.43758176,35.1936081,-97.43758357,328.8293667,4.400657177,-369.2000122,35.1936097,-97.437585
35.1936081,-97.43758357,35.19360972,-97.43758512,328.8322806,4.398016453,-369.2000122,35.1936114,-97.437587
35.19360972,-97.43758512,35.19361142,-97.43758667,328.8350117,4.407506943,-369.2000122,35.1936132,-97.437588
35.19361142,-97.43758667,35.19361317,-97.43758812,328.8368274,4.412401676,-369.2000122,35.193615,-97.43759
35.19361317,-97.43758812,35.19361502,-97.43758954,328.8400248,4.42246294,-369.2999878,35.1936169,-97.437591
35.19361502,-97.43758954,35.19361688,-97.43759084,328.8436524,4.422846794,-369.2999878,35.1936188,-97.437592
35.19361688,-97.43759084,35.19361879,-97.43759207,328.8461785,4.431969166,-369.2999878,35.1936207,-97.437593
35.19361879,-97.43759207,35.19362071,-97.4375932,328.8464437,4.433467865,-369,35.1936227,-97.437594
35.19362071,-97.4375932,35.19362268,-97.43759426,328.8470691,4.430225372,-368.1000061,35.1936245,-97.437595
35.19362268,-97.43759426,35.19362451,-97.43759517,328.847237,4.42866993,-366.7999878,35.1936271,-97.437594
35.19362451,-97.43759517,35.19362706,-97.43759362,328.691877,4.438593864,-363.7999878,35.1936286,-97.437594
35.19362706,-97.43759362,35.19362856,-97.43759411,328.690957,4.443518639,-361.8999939,35.1936307,-97.437595
35.19362856,-97.43759411,35.1936307,-97.43759472,328.6894238,4.451578617,-357.3999939,35.1936328,-97.437595
35.1936307,-97.43759472,35.19363279,-97.43759522,328.6883627,4.456929684,-351.1000061,35.1936349,-97.437596
35.19363279,-97.43759522,35.19363492,-97.43759565,328.6877591,4.464424133,-343.1000061,35.1936371,-97.437596
35.19363492,-97.43759565,35.19363708,-97.43759601,328.6873096,4.474254131,-333.7999878,35.1936393,-97.437596
35.19363708,-97.43759601,35.19363931,-97.43759631,328.6870598,4.482347488,-324,35.1936414,-97.437597
35.19363931,-97.43759631,35.19364144,-97.43759654,328.6877264,4.488452435,-313.8999939,35.1936436,-97.437597
35.19364144,-97.43759654,35.19364365,-97.43759674,328.6881687,4.50743866,-301.6000061,35.1936458,-97.437597
35.19364365,-97.43759674,35.19364581,-97.43759689,328.6886225,4.521110535,-293.7000122,35.193648,-97.437597
35.19364581,-97.43759689,35.19364805,-97.43759699,328.6891962,4.531252861,-283.8999939,35.1936502,-97.437597
35.19364805,-97.43759699,35.19365025,-97.43759705,328.6894803,4.543037415,-273.8999939,35.1936524,-97.437597
35.19365025,-97.43759705,35.19365239,-97.43759706,328.6902126,4.548700809,-263.5,35.1936545,-97.437597
35.19365239,-97.43759706,35.19365453,-97.43759703,328.6906176,4.564324856,-252.6000061,35.1936568,-97.437597
35.19365453,-97.43759703,35.1936568,-97.43759696,328.6912127,4.58055687,-241.3999939,35.1936589,-97.437597
35.1936568,-97.43759696,35.19365891,-97.43759688,328.6924737,4.591137409,-230.3000031,35.1936612,-97.437597
35.19365891,-97.43759688,35.19366117,-97.43759675,328.6934989,4.592335224,-219.3000031,35.1936633,-97.437597
35.19366117,-97.43759675,35.19366334,-97.43759661,328.6938818,4.59949398,-208.8999939,35.1936656,-97.437596
35.19366334,-97.43759661,35.19366556,-97.43759643,328.6939652,4.616226196,-199.6999969,35.1936678,-97.437596
35.19366556,-97.43759643,35.19366783,-97.43759625,328.6930493,4.631553173,-190.8999939,35.1936707,-97.437596
35.19366783,-97.43759625,35.19367074,-97.43759607,328.6049496,4.654002666,-177.1000061,35.1936723,-97.437596
35.19367074,-97.43759607,35.19367229,-97.43759596,328.6045918,4.66061306,-170.1000061,35.1936747,-97.437596
35.19367229,-97.43759596,35.19367472,-97.43759572,328.6048049,4.686406612,-155.1000061,35.1936769,-97.437596
35.19367472,-97.43759572,35.19367689,-97.4375955,328.6048959,4.702874184,-145.3999939,35.1936792,-97.437595
35.19367689,-97.4375955,35.1936792,-97.43759525,328.60561,4.719560146,-133.6999969,35.1936813,-97.437595
35.1936792,-97.43759525,35.19368126,-97.43759503,328.6076416,4.729093075,-124.8000031,35.1936838,-97.437595
35.19368126,-97.43759503,35.19368382,-97.43759472,328.6095211,4.761654854,-110.3000031,35.1936861,-97.437594
35.19368382,-97.43759472,35.19368606,-97.43759442,328.6121448,4.782010555,-102.8000031,35.1936883,-97.437594
35.19368606,-97.43759442,35.19368834,-97.43759411,328.6127566,4.806938648,-94.90000153,35.1936906,-97.437594
35.19368834,-97.43759411,35.19369064,-97.43759377,328.6117666,4.825409412,-88.90000153,35.193693,-97.437593
35.19369064,-97.43759377,35.19369296,-97.43759343,328.6113921,4.849925518,-85,35.1936953,-97.437593
35.19369296,-97.43759343,35.19369528,-97.43759309,328.610186,4.879432678,-83.5,35.1936977,-97.437593
35.19369528,-97.43759309,35.19369767,-97.43759277,328.6098784,4.896452427,-83.80000305,35.1937,-97.437592
35.19369767,-97.43759277,35.19370002,-97.43759243,328.608964,4.913361549,-85,35.1937024,-97.437592
35.19370002,-97.43759243,35.19370244,-97.43759212,328.6080575,4.935086727,-86.59999847,35.1937048,-97.437592
35.19370244,-97.43759212,35.19370484,-97.43759188,328.6077034,4.957171917,-87.69999695,35.1937073,-97.437592
35.19370484,-97.43759188,35.19370726,-97.43759162,328.6089306,4.984754086,-88,35.1937096,-97.437591
35.19370726,-97.43759162,35.19370963,-97.43759131,328.6101301,5.006636143,-88,35.193712,-97.437591
35.19370963,-97.43759131,35.19371204,-97.43759092,328.6124426,5.030036449,-88,35.1937144,-97.43759
35.19371204,-97.43759092,35.19371442,-97.43759047,328.6155006,5.04161787,-88,35.1937141,-97.43759
35.19371442,-97.43759047,35.19371414,-97.43758961,328.5356062,5.054848194,-89.09999847,35.1937157,-97.437589
35.19371414,-97.43758961,35.19371571,-97.43758921,328.5374301,5.061675072,-90.59999847,35.193718,-97.437589
35.19371571,-97.43758921,35.19371801,-97.43758859,328.5393432,5.071936607,-92.40000153,35.1937203,-97.437588
35.19371801,-97.43758859,35.19372029,-97.43758795,328.5416045,5.090854645,-94.80000305,35.1937224,-97.437587
35.19372029,-97.43758795,35.1937224,-97.43758732,328.5445822,5.101180077,-97.09999847,35.1937249,-97.437587
35.1937224,-97.43758732,35.19372489,-97.43758654,328.5480498,5.106863022,-100.1999969,35.1937273,-97.437586
35.19372489,-97.43758654,35.1937273,-97.43758574,328.5506187,5.108781338,-102.9000015,35.1937296,-97.437585
35.1937273,-97.43758574,35.19372957,-97.43758499,328.5519052,5.115097046,-105,35.1937319,-97.437584
35.19372957,-97.43758499,35.19373188,-97.43758422,328.55327,5.125813007,-107.5999985,35.1937342,-97.437583
35.19373188,-97.43758422,35.19373419,-97.43758339,328.5540015,5.142074108,-110.5999985,35.1937363,-97.437583
35.19373419,-97.43758339,35.19373633,-97.43758256,328.555283,5.167199612,-113.8000031,35.1937389,-97.437582
35.19373633,-97.43758256,35.19373889,-97.43758155,328.5578562,5.188935757,-117.6999969,35.1937412,-97.437581
35.19373889,-97.43758155,35.1937412,-97.43758061,328.5599786,5.187999725,-121.6999969,35.1937435,-97.43758
35.1937412,-97.43758061,35.19374349,-97.43757961,328.5611765,5.190649986,-125.3000031,35.1937458,-97.437579
35.19374349,-97.43757961,35.19374577,-97.43757855,328.5610759,5.198594093,-129.3999939,35.1937481,-97.437577
35.19374577,-97.43757855,35.19374807,-97.43757745,328.5604284,5.216154575,-133.3999939,35.1937504,-97.437576
35.19374807,-97.43757745,35.19375043,-97.43757627,328.5601152,5.225288868,-135.5,35.1937526,-97.437575
35.19375043,-97.43757627,35.19375265,-97.43757511,328.5601352,5.244474411,-137.8000031,35.1937549,-97.437574
35.19375265,-97.43757511,35.19375493,-97.43757385,328.5606833,5.259794235,-139.1999969,35.1937572,-97.437573
35.19375493,-97.43757385,35.19375722,-97.43757253,328.5613192,5.271449566,-139.5,35.1937574,-97.437569
35.19375722,-97.43757253,35.19375741,-97.43756929,328.5276836,5.279479027,-139.6999969,35.1937594,-97.437568
35.19375741,-97.43756929,35.19375941,-97.437568,328.5299735,5.286640167,-139.6999969,35.1937615,-97.437567
35.19375941,-97.437568,35.19376152,-97.43756656,328.5327328,5.291710854,-139.6000061,35.1937637,-97.437565
35.19376152,-97.43756656,35.19376366,-97.43756507,328.5360591,5.298092365,-139.5,35.1937657,-97.437564
35.19376366,-97.43756507,35.19376575,-97.43756356,328.5391201,5.294707298,-139.3999939,35.1937679,-97.437562
35.19376575,-97.43756356,35.19376788,-97.43756195,328.5421278,5.295340061,-139.3999939,35.1937699,-97.43756
35.19376788,-97.43756195,35.19376994,-97.43756035,328.5437986,5.283274174,-140.6000061,35.193772,-97.437559
35.19376994,-97.43756035,35.19377201,-97.43755865,328.5453205,5.281914711,-142.1999969,35.193774,-97.437557
35.19377201,-97.43755865,35.19377398,-97.43755699,328.5474352,5.279868603,-147.5,35.193776,-97.437555
35.19377398,-97.43755699,35.19377597,-97.43755526,328.5501918,5.27674818,-151.8000031,35.193778,-97.437554
35.19377597,-97.43755526,35.19377797,-97.43755351,328.5536749,5.277667999,-157.6000061,35.1937799,-97.437552
35.19377797,-97.43755351,35.19377992,-97.43755174,328.5590001,5.268358231,-164.8000031,35.1937819,-97.43755
35.19377992,-97.43755174,35.19378193,-97.43754986,328.5637495,5.263991833,-170.5,35.1937839,-97.437548
35.19378193,-97.43754986,35.19378386,-97.43754797,328.5669501,5.249858856,-175.1999969,35.1937857,-97.437546
35.19378386,-97.43754797,35.1937857,-97.43754606,328.5681893,5.241222382,-178.1000061,35.1937875,-97.437544
35.1937857,-97.43754606,35.19378749,-97.43754404,328.5690826,5.23385334,-181.6999969,35.1937893,-97.437542
35.19378749,-97.43754404,35.19378934,-97.43754191,328.5680872,5.228105068,-185.1999969,35.193791,-97.43754
35.19378934,-97.43754191,35.19379101,-97.43753984,328.5669618,5.215608597,-189,35.1937927,-97.437538
35.19379101,-97.43753984,35.1937927,-97.43753764,328.5664945,5.209952831,-191.3000031,35.1937943,-97.437535
35.1937927,-97.43753764,35.19379434,-97.4375354,328.5654884,5.209203243,-193.6000061,35.193795,-97.437532
35.19379434,-97.4375354,35.19379497,-97.43753168,328.5132992,5.218345642,-197.3000031,35.1937962,-97.43753
35.19379497,-97.43753168,35.19379621,-97.43752983,328.5116763,5.223417282,-199.3000031,35.1937977,-97.437527
35.19379621,-97.43752983,35.1937977,-97.43752746,328.5115437,5.239094734,-202.1000061,35.1937991,-97.437525
35.1937977,-97.43752746,35.19379914,-97.43752508,328.5114497,5.254785061,-206.1000061,35.1938004,-97.437523
35.19379914,-97.43752508,35.19380044,-97.43752286,328.5108452,5.270217896,-208.8000031,35.1938019,-97.43752
35.19380044,-97.43752286,35.19380193,-97.43752015,328.5111939,5.290297031,-212,35.1938032,-97.437518
35.19380193,-97.43752015,35.19380321,-97.43751765,328.5112479,5.284396172,-214.5,35.1938045,-97.437515
35.19380321,-97.43751765,35.19380447,-97.43751504,328.5109526,5.268743038,-217.6000061,35.1938056,-97.437512
35.19380447,-97.43751504,35.19380564,-97.43751247,328.5094842,5.257742882,-219,35.1938068,-97.43751
35.19380564,-97.43751247,35.19380675,-97.43750982,328.5076635,5.266482353,-219.1000061,35.1938078,-97.437507
35.19380675,-97.43750982,35.19380781,-97.43750714,328.5060547,5.271539688,-219.1000061,35.1938088,-97.437504
35.19380781,-97.43750714,35.19380883,-97.43750438,328.5046758,5.275694847,-219.1999969,35.1938098,-97.437502
35.19380883,-97.43750438,35.19380977,-97.43750163,328.5035939,5.281049728,-219.1999969,35.1938107,-97.437499
35.19380977,-97.43750163,35.19381066,-97.43749883,328.5029064,5.288129807,-219.1999969,35.1938115,-97.437496
35.19381066,-97.43749883,35.1938115,-97.43749601,328.5017073,5.29262495,-219.1999969,35.1938123,-97.437493
35.1938115,-97.43749601,35.19381231,-97.43749318,328.4992834,5.294457436,-219.1999969,35.1938131,-97.43749
35.19381231,-97.43749318,35.19381308,-97.43749027,328.4966519,5.298523903,-219.1999969,35.1938138,-97.437487
35.19381308,-97.43749027,35.19381378,-97.43748737,328.4938897,5.307888985,-219.3999939,35.1938144,-97.437484
35.19381378,-97.43748737,35.19381441,-97.43748446,328.4913219,5.311406136,-219.8000031,35.193815,-97.437482
35.19381441,-97.43748446,35.19381499,-97.43748151,328.4885395,5.305029392,-220.1000061,35.1938121,-97.437477
35.19381499,-97.43748151,35.19381214,-97.43747672,328.3877235,5.310626984,-220.1000061,35.1938125,-97.437474
35.19381214,-97.43747672,35.19381249,-97.43747412,328.3837774,5.316261768,-220.1000061,35.1938129,-97.437471
35.19381249,-97.43747412,35.19381287,-97.43747108,328.3787459,5.324355602,-220.1000061,35.1938132,-97.437468
35.19381287,-97.43747108,35.1938132,-97.43746808,328.3745005,5.333420277,-220.1000061,35.1938135,-97.437465
35.1938132,-97.43746808,35.19381345,-97.437465,328.3702606,5.338303089,-220.1000061,35.1938136,-97.437462
35.19381345,-97.437465,35.19381363,-97.43746198,328.3650799,5.337375641,-220.1000061,35.1938137,-97.437459
35.19381363,-97.43746198,35.19381373,-97.43745886,328.3587241,5.338685513,-220.1000061,35.1938138,-97.437456
35.19381373,-97.43745886,35.19381377,-97.43745573,328.3526649,5.346916676,-220.1000061,35.1938137,-97.437453
35.19381377,-97.43745573,35.19381374,-97.43745269,328.3470945,5.366624355,-219.8999939,35.1938137,-97.43745
35.19381374,-97.43745269,35.19381366,-97.43744983,328.3417962,5.371752739,-219.3999939,35.1938135,-97.437447
35.19381366,-97.43744983,35.1938135,-97.43744679,328.3366016,5.37457037,-218.6999969,35.1938133,-97.437444
35.1938135,-97.43744679,35.19381327,-97.43744359,328.3310937,5.381418228,-217.6999969,35.193813,-97.43744
35.19381327,-97.43744359,35.193813,-97.43744047,328.326547,5.384673595,-216.6999969,35.1938127,-97.437437
35.193813,-97.43744047,35.19381268,-97.43743739,328.3218833,5.393408298,-215.1999969,35.1938123,-97.437434
35.19381268,-97.43743739,35.19381232,-97.43743436,328.3164032,5.413325787,-213.8999939,35.1938119,-97.437431
35.19381232,-97.43743436,35.19381192,-97.43743128,328.3112116,5.427467346,-213,35.1938114,-97.437428
35.19381192,-97.43743128,35.19381145,-97.4374282,328.3061534,5.43394804,-212.8000031,35.1938109,-97.437425
35.19381145,-97.4374282,35.19381095,-97.43742516,328.3005786,5.438728333,-212.6999969,35.1938104,-97.437422
35.19381095,-97.43742516,35.19381038,-97.43742212,328.2948611,5.443999767,-212.6999969,35.1938098,-97.437419
35.19381038,-97.43742212,35.19380977,-97.43741906,328.2891787,5.450754642,-212.6999969,35.193807,-97.437416
35.19380977,-97.43741906,35.19380703,-97.43741617,328.2252372,5.457105637,-212.6000061,35.1938064,-97.437414
35.19380703,-97.43741617,35.19380638,-97.43741362,328.221171,5.469637394,-212.6000061,35.1938055,-97.437411
35.19380638,-97.43741362,35.19380554,-97.43741063,328.2177803,5.477975368,-212.6000061,35.1938046,-97.437408
35.19380554,-97.43741063,35.19380463,-97.43740769,328.2143959,5.479454041,-212.6000061,35.1938037,-97.437405
35.19380463,-97.43740769,35.19380369,-97.4374048,328.2107778,5.477849483,-212.6000061,35.1938027,-97.437402
35.19380369,-97.4374048,35.19380266,-97.43740188,328.2069413,5.476608276,-212.6000061,35.1938016,-97.437399
35.19380266,-97.43740188,35.19380158,-97.43739898,328.2022494,5.475327492,-212.6000061,35.1938005,-97.437396
35.19380158,-97.43739898,35.19380051,-97.4373962,328.1983598,5.473931789,-212.6000061,35.1937994,-97.437393
35.19380051,-97.4373962,35.19379938,-97.43739343,328.1941356,5.471354008,-212.6000061,35.1937981,-97.437391
35.19379938,-97.43739343,35.19379815,-97.43739057,328.1895973,5.468082428,-212.6000061,35.1937969,-97.437388
35.19379815,-97.43739057,35.19379692,-97.43738775,328.1845738,5.46216011,-212.6000061,35.1937956,-97.437385
35.19379692,-97.43738775,35.19379564,-97.43738503,328.1795177,5.45894146,-212.6000061,35.1937943,-97.437382
35.19379564,-97.43738503,35.19379426,-97.43738225,328.1744827,5.466682911,-212.6999969,35.1937929,-97.43738
35.19379426,-97.43738225,35.19379288,-97.4373796,328.1695918,5.472940445,-212.6999969,35.1937914,-97.437377
35.19379288,-97.4373796,35.19379144,-97.43737695,328.164312,5.478546143,-212.8999939,35.19379,-97.437374
35.19379144,-97.43737695,35.19378997,-97.43737433,328.1594844,5.481824875,-213.3999939,35.1937884,-97.437372
35.19378997,-97.43737433,35.19378843,-97.43737177,328.1550058,5.483551502,-213.8999939,35.1937868,-97.437369
35.19378843,-97.43737177,35.19378685,-97.43736923,328.1507561,5.481171608,-214.8000031,35.1937852,-97.437367
35.19378685,-97.43736923,35.19378522,-97.43736676,328.1465615,5.48231554,-215.5,35.1937835,-97.437364
35.19378522,-97.43736676,35.1937835,-97.43736431,328.1422219,5.486949444,-216.6000061,35.1937789,-97.437364
35.1937835,-97.43736431,35.19377892,-97.43736362,328.0810783,5.492715359,-217.5,35.1937778,-97.437362
35.19377892,-97.43736362,35.1937778,-97.43736218,328.0779715,5.496632576,-217.8000031,35.1937759,-97.43736
35.1937778,-97.43736218,35.19377591,-97.43736001,328.0746392,5.499545097,-218.1999969,35.193774,-97.437358
35.19377591,-97.43736001,35.19377395,-97.43735791,328.0711412,5.500674725,-218.6999969,35.193772,-97.437356
35.19377395,-97.43735791,35.19377197,-97.43735589,328.0681994,5.497049332,-219.1999969,35.1937699,-97.437354
35.19377197,-97.43735589,35.19376991,-97.43735394,328.0647299,5.497553825,-219.6000061,35.1937678,-97.437352
35.19376991,-97.43735394,35.1937678,-97.43735205,328.0608129,5.495952606,-219.8999939,35.1937657,-97.43735
35.1937678,-97.43735205,35.19376571,-97.43735025,328.0569943,5.499281883,-219.8999939,35.1937635,-97.437348
35.19376571,-97.43735025,35.19376354,-97.43734843,328.0513216,5.499867439,-219.8999939,35.1937613,-97.437347
35.19376354,-97.43734843,35.19376134,-97.43734666,328.0464499,5.511597157,-219.8999939,35.1937591,-97.437345
35.19376134,-97.43734666,35.19375912,-97.43734499,328.0430659,5.522557735,-219.8999939,35.1937568,-97.437343
35.19375912,-97.43734499,35.19375683,-97.43734334,328.0398563,5.529242516,-219.8999939,35.1937545,-97.437342
35.19375683,-97.43734334,35.19375452,-97.43734178,328.0375245,5.528460979,-219.8999939,35.1937522,-97.43734
35.19375452,-97.43734178,35.19375221,-97.43734032,328.0373761,5.534804821,-220,35.1937499,-97.437339
35.19375221,-97.43734032,35.19374987,-97.43733894,328.0369838,5.532193184,-220.1000061,35.1937475,-97.437338
35.19374987,-97.43733894,35.19374752,-97.43733764,328.0365701,5.536726475,-220.5,35.1937451,-97.437336
35.19374752,-97.43733764,35.19374508,-97.4373364,328.0364832,5.541727543,-221.5,35.1937429,-97.437335
35.19374508,-97.4373364,35.19374286,-97.4373353,328.0371477,5.54482317,-222.5,35.1937402,-97.437334
35.19374286,-97.4373353,35.1937402,-97.43733408,328.0380477,5.530351162,-224.3999939,35.1937377,-97.437333
35.1937402,-97.43733408,35.19373774,-97.4373331,328.0389614,5.514378548,-226.5,35.193734,-97.437336
35.19373774,-97.4373331,35.19373395,-97.43733617,328.0681155,5.507973671,-230.1999969,35.1937322,-97.437336
35.19373395,-97.43733617,35.19373221,-97.43733566,328.0695594,5.505823612,-232.1000061,35.1937297,-97.437335
35.19373221,-97.43733566,35.1937297,-97.43733498,328.0705393,5.498304367,-235.3000031,35.1937272,-97.437334
35.1937297,-97.43733498,35.19372719,-97.43733438,328.0711257,5.4868927,-238.6000061,35.1937247,-97.437334
35.19372719,-97.43733438,35.19372466,-97.43733387,328.0715196,5.476046562,-241.5,35.1937221,-97.437333
35.19372466,-97.43733387,35.1937221,-97.43733342,328.0722883,5.464105129,-243.5,35.1937195,-97.437333
35.1937221,-97.43733342,35.19371952,-97.43733307,328.07353,5.459332466,-244.8000031,35.193717,-97.437333
35.19371952,-97.43733307,35.19371701,-97.43733281,328.0764658,5.450761318,-246.8999939,35.1937144,-97.437333
35.19371701,-97.43733281,35.19371439,-97.43733263,328.0807682,5.442066193,-249.6999969,35.1937119,-97.437333
35.19371439,-97.43733263,35.19371187,-97.43733254,328.0842575,5.425323486,-253.3999939,35.1937093,-97.437333
35.19371187,-97.43733254,35.19370934,-97.43733256,328.0876879,5.413074017,-257.7000122,35.1937068,-97.437333
35.19370934,-97.43733256,35.19370681,-97.43733268,328.0932211,5.398051262,-261.7999878,35.1937042,-97.437333
35.19370681,-97.43733268,35.19370424,-97.43733291,328.0993533,5.371771336,-266,35.1937017,-97.437333
35.19370424,-97.43733291,35.19370174,-97.43733323,328.1055103,5.351385117,-269.7000122,35.1936995,-97.437334
35.19370174,-97.43733323,35.1936995,-97.43733361,328.1098495,5.328225613,-272.3999939,35.1936968,-97.437334
35.1936995,-97.43733361,35.19369684,-97.43733418,328.1155282,5.308912754,-274,35.1936944,-97.437335
35.19369684,-97.43733418,35.19369436,-97.43733479,328.1208101,5.282686234,-274.5,35.1936919,-97.437335
35.19369436,-97.43733479,35.19369191,-97.4373355,328.1268441,5.260076046,-274.5,35.1936895,-97.437336
35.19369191,-97.4373355,35.19368951,-97.43733629,328.1327063,5.250198841,-274.6000061,35.1936872,-97.437337
35.19368951,-97.43733629,35.19368718,-97.43733717,328.1389773,5.233644009,-274.7000122,35.1936857,-97.437342
35.19368718,-97.43733717,35.19368568,-97.437342,328.1581671,5.217317581,-275.3999939,35.193684,-97.437343
35.19368568,-97.437342,35.19368396,-97.43734286,328.164084,5.205076218,-276.5,35.1936818,-97.437344
35.19368396,-97.43734286,35.19368177,-97.43734407,328.1712448,5.189988613,-279.1000061,35.1936796,-97.437345
35.19368177,-97.43734407,35.1936796,-97.43734536,328.1780458,5.173917294,-281.2000122,35.1936775,-97.437347
35.1936796,-97.43734536,35.19367749,-97.43734672,328.1844542,5.15239048,-283.7999878,35.1936754,-97.437348
35.19367749,-97.43734672,35.19367539,-97.43734818,328.190966,5.140019894,-285.3999939,35.1936734,-97.43735
35.19367539,-97.43734818,35.19367336,-97.4373497,328.1976729,5.120967865,-286.6000061,35.1936714,-97.437351
35.19367336,-97.4373497,35.19367138,-97.43735129,328.2050475,5.0963974,-287.2000122,35.1936694,-97.437353
35.19367138,-97.43735129,35.19366941,-97.43735297,328.2127828,5.079841614,-287.2000122,35.1936675,-97.437355
35.19366941,-97.43735297,35.19366747,-97.43735472,328.2207204,5.063447952,-287.2000122,35.1936658,-97.437356
35.19366747,-97.43735472,35.19366575,-97.43735633,328.2282562,5.044557095,-287.2000122,35.1936637,-97.437358
35.19366575,-97.43735633,35.19366375,-97.43735834,328.2375325,5.025404453,-287.2000122,35.193662,-97.43736
35.19366375,-97.43735834,35.19366196,-97.43736027,328.2467173,5.01412344,-287.2000122,35.1936603,-97.437362
35.19366196,-97.43736027,35.19366026,-97.43736224,328.2560758,4.996600628,-287.2000122,35.1936586,-97.437364
35.19366026,-97.43736224,35.19365862,-97.43736423,328.2650335,4.977383137,-287.2000122,35.193657,-97.437366
35.19365862,-97.43736423,35.19365703,-97.43736628,328.2732805,4.963093758,-287.2000122,35.1936556,-97.437368
35.19365703,-97.43736628,35.19365556,-97.43736825,328.2803655,4.951367855,-287.2000122,35.1936539,-97.437371
35.19365556,-97.43736825,35.19365394,-97.43737057,328.2873357,4.922103405,-287.2000122,35.1936526,-97.437373
35.19365394,-97.43737057,35.19365258,-97.43737261,328.292533,4.902098179,-287.2000122,35.1936511,-97.437375
35.19365258,-97.43737261,35.1936511,-97.43737503,328.2988406,4.892953873,-287.2000122,35.1936529,-97.43738
35.1936511,-97.43737503,35.19365289,-97.43738039,328.3238707,4.884889126,-287.2000122,35.1936519,-97.437382
35.19365289,-97.43738039,35.19365193,-97.43738237,328.3277666,4.874601364,-287.2000122,35.1936509,-97.437385
35.19365193,-97.43738237,35.19365086,-97.43738474,328.3337001,4.855628967,-287.2000122,35.1936498,-97.437387
35.19365086,-97.43738474,35.19364979,-97.43738724,328.340379,4.845490932,-287.2000122,35.1936489,-97.43739
35.19364979,-97.43738724,35.19364887,-97.43738951,328.3462784,4.836182117,-287.2000122,35.1936479,-97.437392
35.19364887,-97.43738951,35.19364788,-97.43739222,328.3527907,4.818230152,-287.2000122,35.193647,-97.437395
35.19364788,-97.43739222,35.19364701,-97.43739479,328.3593489,4.810710907,-287.2000122,35.1936462,-97.437397
35.19364701,-97.43739479,35.19364619,-97.43739739,328.366779,4.804323196,-287.2000122,35.1936455,-97.4374
35.19364619,-97.43739739,35.19364545,-97.4373999,328.3745417,4.7961483,-287.1000061,35.1936448,-97.437402
35.19364545,-97.4373999,35.19364478,-97.43740244,328.3831395,4.779970169,-286.7999878,35.1936441,-97.437405
35.19364478,-97.43740244,35.19364412,-97.43740511,328.391647,4.761686325,-286.3999939,35.1936435,-97.437408
35.19364412,-97.43740511,35.19364352,-97.43740782,328.4000287,4.742296696,-285.2000122,35.193643,-97.43741
35.19364352,-97.43740782,35.19364302,-97.43741042,328.4080653,4.728203773,-283.7999878,35.1936426,-97.437413
35.19364302,-97.43741042,35.19364257,-97.43741308,328.416208,4.717573166,-281.5,35.1936422,-97.437416
35.19364257,-97.43741308,35.19364217,-97.4374157,328.4250797,4.712609291,-278.8999939,35.1936418,-97.437418
35.19364217,-97.4374157,35.19364182,-97.43741836,328.433974,4.707132816,-277.8999939,35.1936415,-97.437421
35.19364182,-97.43741836,35.19364153,-97.43742107,328.4429246,4.684157372,-277.2999878,35.1936413,-97.437424
35.19364153,-97.43742107,35.1936413,-97.43742373,328.4508977,4.6585989,-277.3999939,35.1936411,-97.437426
35.1936413,-97.43742373,35.19364113,-97.43742639,328.4584106,4.640529156,-277.3999939,35.193641,-97.437429
35.19364113,-97.43742639,35.19364102,-97.43742903,328.4660559,4.633655071,-277.3999939,35.1936431,-97.437431
35.19364102,-97.43742903,35.19364307,-97.43743144,328.3417336,4.615287781,-277.3999939,35.1936431,-97.437433
35.19364307,-97.43743144,35.19364309,-97.43743333,328.3466203,4.605515957,-277.3999939,35.1936432,-97.437436
35.19364309,-97.43743333,35.1936432,-97.43743596,328.3534335,4.593635082,-277.3999939,35.1936434,-97.437439
35.1936432,-97.43743596,35.19364337,-97.43743858,328.3592877,4.580015182,-277.3999939,35.1936436,-97.437441
35.19364337,-97.43743858,35.19364358,-97.43744115,328.3644928,4.580628872,-277.2999878,35.1936438,-97.437444
35.19364358,-97.43744115,35.19364385,-97.43744381,328.3697964,4.573979378,-276.5,35.1936441,-97.437446
35.19364385,-97.43744381,35.19364415,-97.4374464,328.3750646,4.56941843,-273,35.1936445,-97.437449
35.19364415,-97.4374464,35.19364447,-97.43744898,328.3816707,4.565197945,-268.1000061,35.1936449,-97.437452
35.19364447,-97.43744898,35.19364486,-97.43745153,328.3877467,4.550494194,-258.7000122,35.1936454,-97.437454
35.19364486,-97.43745153,35.19364537,-97.43745418,328.3935271,4.542841911,-246.8999939,35.1936458,-97.437456
35.19364537,-97.43745418,35.19364584,-97.43745643,328.3995673,4.542729855,-236.8000031,35.1936464,-97.437459
35.19364584,-97.43745643,35.19364645,-97.43745914,328.4055126,4.542325497,-220.6999969,35.193647,-97.437462
35.19364645,-97.43745914,35.19364702,-97.43746163,328.4108067,4.538971901,-212.6000061,35.1936475,-97.437464
35.19364702,-97.43746163,35.19364755,-97.43746395,328.415358,4.535838127,-201.1999969,35.1936482,-97.437467
35.19364755,-97.43746395,35.19364817,-97.43746661,328.4204475,4.526754856,-187.5,35.1936488,-97.437469
35.19364817,-97.43746661,35.19364876,-97.43746909,328.4240871,4.521027088,-169.1000061,35.1936494,-97.437472
35.19364876,-97.43746909,35.19364937,-97.43747155,328.4279969,4.513469696,-156.6999969,35.19365,-97.437474
35.19364937,-97.43747155,35.19364999,-97.43747402,328.4313968,4.50603199,-141.8999939,35.1936506,-97.437476
35.19364999,-97.43747402,35.19365062,-97.43747648,328.4359565,4.506392956,-127.5999985,35.1936512,-97.437479
35.19365062,-97.43747648,35.19365123,-97.43747896,328.440174,4.504853725,-111.6999969,35.1936526,-97.43748
35.19365123,-97.43747896,35.19365256,-97.43747969,328.3021009,4.510808945,-96.5,35.193653,-97.437481
35.19365256,-97.43747969,35.19365301,-97.43748134,328.3046643,4.512592793,-88.59999847,35.1936537,-97.437484
35.19365301,-97.43748134,35.19365371,-97.43748391,328.3108048,4.510851383,-75.40000153,35.1936544,-97.437486
35.19365371,-97.43748391,35.19365438,-97.43748633,328.3167235,4.505768299,-62.09999847,35.193655,-97.437489
35.19365438,-97.43748633,35.19365504,-97.43748873,328.3221932,4.505163193,-48.5,35.1936557,-97.437491
35.19365504,-97.43748873,35.19365568,-97.43749115,328.3282335,4.50097084,-32.40000153,35.1936563,-97.437494
35.19365568,-97.43749115,35.19365631,-97.43749357,328.3328873,4.501972675,-19.89999962,35.1936569,-97.437496
35.19365631,-97.43749357,35.19365691,-97.43749597,328.3386267,4.500771999,-9.800000191,35.1936575,-97.437498
35.19365691,-97.43749597,35.19365753,-97.4374985,328.3444041,4.504695892,2.599999905,35.1936581,-97.437501
35.19365753,-97.4374985,35.19365811,-97.43750086,328.3481477,4.508892536,14.80000019,35.1936587,-97.437503
35.19365811,-97.43750086,35.19365867,-97.43750313,328.3479972,4.510051727,26.5,35.1936593,-97.437506
35.19365867,-97.43750313,35.19365933,-97.43750581,328.3487243,4.518647671,37.29999924,35.1936599,-97.437508
35.19365933,-97.43750581,35.19365991,-97.43750824,328.3485203,4.530980587,47.90000153,35.1936605,-97.437511
35.19365991,-97.43750824,35.19366047,-97.43751071,328.3493096,4.539877415,58.70000076,35.193661,-97.437513
35.19366047,-97.43751071,35.19366097,-97.43751317,328.34943,4.544745922,69.19999695,35.1936614,-97.437516
35.19366097,-97.43751317,35.19366143,-97.43751567,328.3501166,4.553332806,78.90000153,35.1936619,-97.437518
35.19366143,-97.43751567,35.19366187,-97.4375182,328.3521257,4.566270351,87.40000153,35.1936623,-97.437521
35.19366187,-97.4375182,35.1936623,-97.43752074,328.3540007,4.580663204,94.69999695,35.1936627,-97.437523
35.1936623,-97.43752074,35.1936627,-97.43752332,328.3547229,4.599110126,101,35.193663,-97.437526
35.1936627,-97.43752332,35.19366301,-97.43752568,328.3557103,4.615219593,107.0999985,35.1936631,-97.437529
35.19366301,-97.43752568,35.19366308,-97.43752862,328.2516911,4.639386177,113.5999985,35.1936633,-97.437531
35.19366308,-97.43752862,35.19366331,-97.43753082,328.2546782,4.647469521,115.5,35.1936635,-97.437533
35.19366331,-97.43753082,35.19366355,-97.43753341,328.2581171,4.665080547,118,35.1936638,-97.437536
35.19366355,-97.43753341,35.19366375,-97.43753604,328.2613307,4.67277956,119.4000015,35.1936639,-97.437539
35.19366375,-97.43753604,35.19366392,-97.43753861,328.2631008,4.676348686,120.0999985,35.1936641,-97.437541
35.19366392,-97.43753861,35.19366405,-97.43754104,328.2651127,4.68777895,120.0999985,35.1936642,-97.437544
35.19366405,-97.43754104,35.19366416,-97.43754362,328.2654487,4.706726074,120.1999969,35.1936642,-97.437547
35.19366416,-97.43754362,35.19366425,-97.43754655,328.2664017,4.729118824,120.5999985,35.1936643,-97.437549
35.19366425,-97.43754655,35.19366431,-97.43754895,328.2676936,4.741537094,121.1999969,35.1936643,-97.437552
35.19366431,-97.43754895,35.19366435,-97.4375519,328.2690521,4.767753124,122.3000031,35.1936643,-97.437555
35.19366435,-97.4375519,35.19366435,-97.43755465,328.2711399,4.778782845,122.9000015,35.1936643,-97.437557
35.19366435,-97.43755465,35.19366433,-97.4375573,328.2736818,4.789365292,123.6999969,35.1936643,-97.43756
35.19366433,-97.4375573,35.1936643,-97.43756,328.2750813,4.795610428,125.0999985,35.1936642,-97.437563
35.1936643,-97.43756,35.19366425,-97.43756268,328.2763965,4.809733391,126.5,35.1936642,-97.437565
35.19366425,-97.43756268,35.19366415,-97.43756542,328.2777016,4.823909283,128.3000031,35.193664,-97.437568
35.19366415,-97.43756542,35.19366402,-97.43756817,328.2794045,4.842750549,130.6000061,35.1936639,-97.437571
35.19366402,-97.43756817,35.19366389,-97.43757065,328.2799481,4.859059334,132.8000031,35.1936637,-97.437574
35.19366389,-97.43757065,35.19366369,-97.43757359,328.2807221,4.880364895,136.1000061,35.1936635,-97.437576
35.19366369,-97.43757359,35.19366347,-97.43757635,328.2823913,4.897808075,139.8000031,35.1936632,-97.437579
35.19366347,-97.43757635,35.1936632,-97.43757914,328.2843562,4.906232834,144.1999969,35.1936627,-97.437582
35.1936632,-97.43757914,35.19366267,-97.43758234,328.2407774,4.914326191,150.3999939,35.1936624,-97.437584
35.19366267,-97.43758234,35.19366245,-97.43758408,328.2426219,4.928661346,154.8999939,35.193662,-97.437587
35.19366245,-97.43758408,35.19366201,-97.43758705,328.2447139,4.94507885,161.1999969,35.1936616,-97.43759
35.19366201,-97.43758705,35.19366157,-97.43758977,328.2467455,4.957759857,167.6000061,35.1936611,-97.437593
35.19366157,-97.43758977,35.19366108,-97.43759252,328.2496494,4.963627338,173.6999969,35.1936605,-97.437595
35.19366108,-97.43759252,35.19366054,-97.43759528,328.2532833,4.978863716,178.8999939,35.1936599,-97.437598
35.19366054,-97.43759528,35.19365995,-97.43759806,328.2565183,5.000580788,183.6999969,35.1936593,-97.437601
35.19365995,-97.43759806,35.19365933,-97.4376007,328.2598056,5.008950233,186.3000031,35.1936586,-97.437603
35.19365933,-97.4376007,35.19365862,-97.4376035,328.2627692,5.015690327,189.5,35.1936579,-97.437606
35.19365862,-97.4376035,35.19365794,-97.437606,328.2652739,5.021711349,192.1000061,35.1936571,-97.437609
35.19365794,-97.437606,35.19365708,-97.43760888,328.2681927,5.036267281,196,35.1936562,-97.437612
35.19365708,-97.43760888,35.19365621,-97.43761161,328.271392,5.048340797,200.5,35.1936553,-97.437614
35.19365621,-97.43761161,35.19365529,-97.4376143,328.2742609,5.06370163,205,35.1936543,-97.437617
35.19365529,-97.4376143,35.19365432,-97.43761695,328.2774126,5.072319031,209.1999969,35.1936533,-97.43762
35.19365432,-97.43761695,35.19365332,-97.43761954,328.28019,5.079959393,214.8999939,35.1936523,-97.437622
35.19365332,-97.43761954,35.19365233,-97.43762195,328.2828036,5.088218689,219.6999969,35.1936511,-97.437625
35.19365233,-97.43762195,35.1936511,-97.43762479,328.2861848,5.111975193,227.6999969,35.1936499,-97.437627
35.1936511,-97.43762479,35.19364993,-97.43762734,328.2895352,5.123980045,233.3999939,35.1936487,-97.43763
35.19364993,-97.43762734,35.19364871,-97.43762981,328.293412,5.130932808,237.8999939,35.1936474,-97.437632
35.19364871,-97.43762981,35.19364738,-97.43763235,328.2976425,5.134167194,243.1000061,35.1936447,-97.437633
35.19364738,-97.43763235,35.19364471,-97.437633,328.2788961,5.137936592,251,35.1936436,-97.437635
35.19364471,-97.437633,35.19364356,-97.43763481,328.2838427,5.139925957,255.6999969,35.1936421,-97.437637
35.19364356,-97.43763481,35.19364205,-97.437637,328.290248,5.144983768,260.6000061,35.1936405,-97.437639
35.19364205,-97.437637,35.19364048,-97.43763916,328.2970839,5.149360657,266.5,35.1936388,-97.437641
35.19364048,-97.43763916,35.19363881,-97.43764127,328.3040941,5.155878544,273.2000122,35.1936371,-97.437643
35.19363881,-97.43764127,35.19363712,-97.43764328,328.311051,5.154157639,277.2999878,35.1936353,-97.437645
35.19363712,-97.43764328,35.19363531,-97.43764526,328.3182992,5.154827595,282,35.1936335,-97.437647
35.19363531,-97.43764526,35.19363349,-97.4376471,328.325604,5.155339718,286.1000061,35.1936316,-97.437649
35.19363349,-97.4376471,35.19363161,-97.43764888,328.3330523,5.153341293,289.3999939,35.1936296,-97.437651
35.19363161,-97.43764888,35.19362962,-97.43765062,328.3408672,5.152142048,292,35.1936277,-97.437652
35.19362962,-97.43765062,35.19362766,-97.43765221,328.3476575,5.146991253,293,35.1936255,-97.437654
35.19362766,-97.43765221,35.19362554,-97.43765381,328.3550372,5.144420147,293.7000122,35.1936235,-97.437655
35.19362554,-97.43765381,35.19362347,-97.43765522,328.3614085,5.141748428,293.8999939,35.1936214,-97.437657
35.19362347,-97.43765522,35.19362138,-97.43765656,328.3674425,5.145660877,293.8999939,35.1936194,-97.437658
35.19362138,-97.43765656,35.19361941,-97.43765772,328.3735007,5.149891853,294.3999939,35.193617,-97.437659
35.19361941,-97.43765772,35.19361703,-97.43765902,328.3812276,5.144544125,296.7000122,35.1936148,-97.43766
35.19361703,-97.43765902,35.1936148,-97.43766014,328.3887187,5.139687061,298.2000122,35.1936127,-97.437661
35.1936148,-97.43766014,35.19361267,-97.43766112,328.3962207,5.139258862,300.3999939,35.1936104,-97.437662
35.19361267,-97.43766112,35.19361039,-97.43766206,328.4044809,5.143663406,302.2999878,35.193608,-97.437663
35.19361039,-97.43766206,35.19360799,-97.43766296,328.4127748,5.142051697,303.1000061,35.1936051,-97.437663
35.19360799,-97.43766296,35.19360509,-97.43766317,328.3592954,5.138801098,304.8999939,35.1936032,-97.437664
35.19360509,-97.43766317,35.19360319,-97.43766371,328.3662473,5.13743782,305.8999939,35.1936008,-97.437664
35.19360319,-97.43766371,35.19360077,-97.43766429,328.37406,5.134236336,307.5,35.1935984,-97.437665
35.19360077,-97.43766429,35.19359843,-97.43766475,328.3815694,5.125014305,307.8999939,35.1935961,-97.437665
35.19359843,-97.43766475,35.1935961,-97.43766509,328.3887113,5.11965847,308,35.1935937,-97.437665
35.1935961,-97.43766509,35.19359372,-97.43766534,328.3953817,5.120792866,308.3999939,35.1935913,-97.437665
35.19359372,-97.43766534,35.19359128,-97.43766548,328.4023077,5.111920357,308.7000122,35.1935889,-97.437666
35.19359128,-97.43766548,35.19358889,-97.43766553,328.4090965,5.106226444,308.8999939,35.1935865,-97.437665
35.19358889,-97.43766553,35.19358651,-97.4376655,328.4166221,5.107120037,309,35.1935842,-97.437665
35.19358651,-97.4376655,35.19358416,-97.43766538,328.424412,5.106784821,309.5,35.1935817,-97.437665
35.19358416,-97.43766538,35.19358175,-97.43766516,328.4321129,5.09919405,310.6000061,35.1935793,-97.437665
35.19358175,-97.43766516,35.19357933,-97.43766486,328.4392823,5.090852737,312.3999939,35.193577,-97.437664
35.19357933,-97.43766486,35.19357696,-97.43766449,328.4464442,5.090246677,314,35.1935746,-97.437664
35.19357696,-97.43766449,35.19357463,-97.437664,328.4544211,5.084923267,315.6000061,35.1935723,-97.437663
35.19357463,-97.437664,35.1935723,-97.4376634,328.4628644,5.08296299,316.5,35.19357,-97.437663
35.1935723,-97.4376634,35.19357002,-97.43766276,328.470852,5.078400612,316.6000061,35.1935677,-97.437662
35.19357002,-97.43766276,35.19356769,-97.43766201,328.4781438,5.075956345,316.6000061,35.1935655,-97.437661
35.19356769,-97.43766201,35.19356545,-97.43766114,328.4860214,5.071541786,316.6000061,35.1935632,-97.43766
35.19356545,-97.43766114,35.19356321,-97.43766016,328.4933583,5.066587448,316.6000061,35.193561,-97.437659
35.19356321,-97.43766016,35.19356101,-97.4376591,328.500539,5.067858696,316.6000061,35.1935598,-97.437655
35.19356101,-97.4376591,35.19355985,-97.43765524,328.4124062,5.065704823,316.7000122,35.1935579,-97.437654
35.19355985,-97.43765524,35.19355792,-97.43765406,328.4192154,5.066178322,316.8999939,35.1935559,-97.437653
35.19355792,-97.43765406,35.19355585,-97.43765274,328.4255766,5.057134628,318.2000122,35.1935538,-97.437651
35.19355585,-97.43765274,35.19355384,-97.43765132,328.431908,5.057088852,319.7000122,35.1935518,-97.43765
35.19355384,-97.43765132,35.19355184,-97.43764977,328.4402795,5.065669537,321.5,35.1935499,-97.437648
35.19355184,-97.43764977,35.1935499,-97.43764812,328.4491598,5.067633152,322.3999939,35.193548,-97.437646
35.1935499,-97.43764812,35.19354801,-97.43764637,328.4568315,5.062953472,322.8999939,35.1935462,-97.437645
35.19354801,-97.43764637,35.1935462,-97.43764453,328.4634244,5.061384201,322.8999939,35.1935444,-97.437643
35.1935462,-97.43764453,35.19354443,-97.43764261,328.4695261,5.057780266,322.8999939,35.1935427,-97.437641
35.19354443,-97.43764261,35.19354271,-97.43764063,328.4761926,5.051818848,322.8999939,35.1935411,-97.437639
35.19354271,-97.43764063,35.19354107,-97.4376386,328.4822837,5.050899029,323,35.1935394,-97.437636
35.19354107,-97.4376386,35.19353942,-97.43763638,328.4865188,5.054833889,323,35.1935379,-97.437634
35.19353942,-97.43763638,35.19353789,-97.43763418,328.4903217,5.057492733,323,35.1935365,-97.437632
35.19353789,-97.43763418,35.19353645,-97.43763196,328.4936959,5.058152676,323,35.1935352,-97.43763
35.19353645,-97.43763196,35.19353517,-97.43762991,328.4959931,5.061133385,323.1000061,35.1935337,-97.437627
35.19353517,-97.43762991,35.19353373,-97.43762731,328.4995786,5.068375587,323.6000061,35.1935324,-97.437625
35.19353373,-97.43762731,35.19353245,-97.4376248,328.503147,5.070084572,324.2000122,35.1935313,-97.437622
35.19353245,-97.4376248,35.1935313,-97.43762232,328.5064228,5.063826084,324.7000122,35.1935302,-97.43762
35.1935313,-97.43762232,35.19353017,-97.43761968,328.5087709,5.063460827,325,35.1935291,-97.437617
35.19353017,-97.43761968,35.1935291,-97.43761709,328.5115312,5.068297863,325.2000122,35.1935293,-97.437614
35.1935291,-97.43761709,35.19352929,-97.43761385,328.4017117,5.070204258,325.2000122,35.1935286,-97.437612
35.19352929,-97.43761385,35.19352863,-97.43761166,328.4018397,5.074041843,325.2999878,35.1935279,-97.437609
35.19352863,-97.43761166,35.19352788,-97.43760884,328.4016033,5.084468842,325.5,35.1935272,-97.437606
35.19352788,-97.43760884,35.19352722,-97.437606,328.4014356,5.087268353,325.7999878,35.1935267,-97.437603
35.19352722,-97.437606,35.19352666,-97.4376032,328.400945,5.092763901,326.1000061,35.1935262,-97.4376
35.19352666,-97.4376032,35.19352616,-97.43760025,328.4017161,5.102825642,326.2000122,35.1935257,-97.437597
35.19352616,-97.43760025,35.19352571,-97.43759722,328.4020484,5.113258362,326.2000122,35.1935254,-97.437595
35.19352571,-97.43759722,35.19352539,-97.43759451,328.4016422,5.119527817,326.2999878,35.1935251,-97.437591
35.19352539,-97.43759451,35.19352511,-97.43759119,328.400897,5.135025978,326.2999878,35.1935249,-97.437588
35.19352511,-97.43759119,35.1935249,-97.43758823,328.4008505,5.14504385,326.2999878,35.1935248,-97.437585
35.1935249,-97.43758823,35.19352479,-97.43758523,328.3990877,5.146600246,326.3999939,35.1935248,-97.437582
35.19352479,-97.43758523,35.19352479,-97.43758209,328.3964575,5.145245075,326.3999939,35.1935249,-97.437579
35.19352479,-97.43758209,35.19352489,-97.43757896,328.3935493,5.145049095,326.7000122,35.1935251,-97.437576
35.19352489,-97.43757896,35.19352508,-97.43757586,328.3896752,5.149484634,327.1000061,35.1935253,-97.437573
35.19352508,-97.43757586,35.19352534,-97.43757282,328.3860118,5.159716129,327.7000122,35.1935256,-97.43757
35.19352534,-97.43757282,35.19352563,-97.43756975,328.383055,5.170953274,328.2999878,35.193526,-97.437567
35.19352563,-97.43756975,35.19352604,-97.43756667,328.3797001,5.188940525,328.7999878,35.1935266,-97.437564
35.19352604,-97.43756667,35.19352656,-97.43756356,328.3759475,5.20993948,328.7999878,35.1935272,-97.437561
35.19352656,-97.43756356,35.19352716,-97.4375606,328.3719141,5.219400406,328.7999878,35.1935279,-97.437558
35.19352716,-97.4375606,35.19352788,-97.43755753,328.3681106,5.22405386,328.7999878,35.1935309,-97.437556
35.19352788,-97.43755753,35.19353095,-97.43755585,328.1975312,5.231033802,328.7999878,35.193532,-97.437553
35.19353095,-97.43755585,35.19353195,-97.4375528,328.1912656,5.234811306,328.7999878,35.193533,-97.43755
35.19353195,-97.4375528,35.193533,-97.43754985,328.1863205,5.25332737,328.7999878,35.1935341,-97.437547
35.193533,-97.43754985,35.19353413,-97.43754697,328.1808099,5.265043259,328.7999878,35.1935354,-97.437544
35.19353413,-97.43754697,35.19353538,-97.43754412,328.1759022,5.268306732,328.7999878,35.1935367,-97.437541
35.19353538,-97.43754412,35.1935367,-97.43754133,328.170257,5.27111721,328.7999878,35.1935382,-97.437539
35.1935367,-97.43754133,35.19353815,-97.43753852,328.1648118,5.276814461,328.7999878,35.1935397,-97.437536
35.19353815,-97.43753852,35.19353966,-97.43753581,328.1598026,5.28096962,329,35.1935412,-97.437533
35.19353966,-97.43753581,35.19354123,-97.43753317,328.1553579,5.282611847,329,35.1935429,-97.437531
35.19354123,-97.43753317,35.19354289,-97.43753054,328.1506237,5.289354324,329.1000061,35.1935446,-97.437528
35.19354289,-97.43753054,35.19354462,-97.43752793,328.146276,5.292756081,329.2999878,35.1935464,-97.437525
35.19354462,-97.43752793,35.19354639,-97.43752549,328.1417096,5.294693947,329.5,35.1935483,-97.437523
35.19354639,-97.43752549,35.19354825,-97.43752299,328.1378302,5.292410374,329.6000061,35.1935502,-97.43752
35.19354825,-97.43752299,35.19355017,-97.43752048,328.1337362,5.292442799,329.8999939,35.1935521,-97.437518
35.19355017,-97.43752048,35.19355213,-97.43751816,328.1275675,5.30040884,330.2999878,35.1935542,-97.437516
35.19355213,-97.43751816,35.19355423,-97.43751588,328.1200379,5.307587624,330.8999939,35.1935564,-97.437514
35.19355423,-97.43751588,35.19355643,-97.43751369,328.1117908,5.308694839,331.2999878,35.1935585,-97.437512
35.19355643,-97.43751369,35.19355845,-97.4375118,328.1042547,5.307532787,331.5,35.1935609,-97.43751
35.19355845,-97.4375118,35.19356093,-97.4375097,328.095342,5.30738163,331.7999878,35.1935631,-97.437508
35.19356093,-97.4375097,35.19356309,-97.43750799,328.0878897,5.304585934,332,35.1935658,-97.437506
35.19356309,-97.43750799,35.19356583,-97.43750603,328.0196951,5.311676979,331.8999939,35.1935679,-97.437505
35.19356583,-97.43750603,35.19356792,-97.43750457,328.0126901,5.31317091,331.8999939,35.1935705,-97.437503
35.19356792,-97.43750457,35.19357045,-97.43750297,328.0050611,5.319565773,331.8999939,35.1935727,-97.437502
35.19357045,-97.43750297,35.19357272,-97.43750161,327.999831,5.317119598,331.8999939,35.1935755,-97.4375
35.19357272,-97.43750161,35.19357549,-97.4375001,327.9923245,5.312887669,331.8999939,35.1935781,-97.437499
35.19357549,-97.4375001,35.19357811,-97.43749877,327.9842185,5.307573318,331.8999939,35.1935808,-97.437498
35.19357811,-97.43749877,35.1935808,-97.43749751,327.9765416,5.299458027,331.8999939,35.1935834,-97.437496
35.1935808,-97.43749751,35.19358341,-97.4374964,327.9700105,5.296381474,331.8999939,35.1935861,-97.437495
35.19358341,-97.4374964,35.19358612,-97.4374954,327.9636773,5.279310703,331.8999939,35.1935888,-97.437495
35.19358612,-97.4374954,35.19358884,-97.43749454,327.9571501,5.266461849,331.8999939,35.1935916,-97.437494
35.19358884,-97.43749454,35.19359162,-97.43749377,327.9515621,5.254016399,331.8999939,35.1935941,-97.437493
35.19359162,-97.43749377,35.19359413,-97.43749323,327.9472913,5.240942955,331.8999939,35.1935969,-97.437493
35.19359413,-97.43749323,35.19359691,-97.43749273,327.9428294,5.233502865,331.8999939,35.1936,-97.437492
35.19359691,-97.43749273,35.19359998,-97.43749232,327.9374169,5.210671425,331.8999939,35.1936027,-97.437492
35.19359998,-97.43749232,35.19360271,-97.43749205,327.9327206,5.195796967,331.8999939,35.1936055,-97.437492
35.19360271,-97.43749205,35.19360548,-97.43749188,327.9288328,5.178855896,331.8999939,35.1936083,-97.437492
35.19360548,-97.43749188,35.19360831,-97.43749183,327.9245994,5.152308941,331.8999939,35.1936111,-97.437492
35.19360831,-97.43749183,35.19361106,-97.4374919,327.9204579,5.129216671,331.8999939,35.1936138,-97.437492
35.19361106,-97.4374919,35.19361385,-97.4374921,327.9174431,5.110719204,332.1000061,35.1936165,-97.437492
35.19361385,-97.4374921,35.19361655,-97.43749241,327.9153288,5.100510597,332.5,35.193618,-97.437495
35.19361655,-97.43749241,35.19361798,-97.43749496,327.8806869,5.08713007,333.7000122,35.1936204,-97.437495
35.19361798,-97.43749496,35.1936204,-97.43749544,327.8785755,5.078650475,334.2000122,35.1936231,-97.437496
35.1936204,-97.43749544,35.19362315,-97.43749612,327.8754899,5.053030491,335,35.1936255,-97.437497
35.19362315,-97.43749612,35.19362548,-97.4374968,327.8728651,5.032987118,335.5,35.193628,-97.437498
35.19362548,-97.4374968,35.19362804,-97.43749767,327.8694202,5.018781662,335.7000122,35.1936305,-97.437499
35.19362804,-97.43749767,35.19363051,-97.43749863,327.8664777,5.005732536,335.7000122,35.1936333,-97.4375
35.19363051,-97.43749863,35.19363335,-97.43749984,327.8620047,4.977876186,335.7000122,35.1936358,-97.437501
35.19363335,-97.43749984,35.19363584,-97.43750103,327.857802,4.96370697,335.7999878,35.1936383,-97.437502
35.19363584,-97.43750103,35.19363831,-97.43750232,327.8532002,4.950659275,335.8999939,35.1936408,-97.437504
35.19363831,-97.43750232,35.19364079,-97.43750373,327.8477275,4.937002659,336.7000122,35.1936433,-97.437505
35.19364079,-97.43750373,35.19364326,-97.43750524,327.8423047,4.927080631,337.7999878,35.1936456,-97.437507
35.19364326,-97.43750524,35.19364564,-97.43750682,327.8366045,4.916136265,339.3999939,35.193648,-97.437508
35.19364564,-97.43750682,35.19364795,-97.43750849,327.8306807,4.895714283,341.2999878,35.1936502,-97.43751
35.19364795,-97.43750849,35.19365019,-97.4375102,327.8241296,4.890111923,343.3999939,35.1936524,-97.437512
35.19365019,-97.4375102,35.19365237,-97.43751197,327.8172796,4.889839172,344.6000061,35.1936545,-97.437514
35.19365237,-97.43751197,35.1936545,-97.43751387,327.8108286,4.875743866,345.2000122,35.1936566,-97.437516
35.1936545,-97.43751387,35.19365664,-97.43751589,327.8033879,4.862633228,345.2999878,35.1936586,-97.437518
35.19365664,-97.43751589,35.19365864,-97.43751793,327.7962064,4.844641209,345.2000122,35.1936605,-97.43752
35.19365864,-97.43751793,35.19366055,-97.43752002,327.7896433,4.836009026,345.2000122,35.1936625,-97.437522
35.19366055,-97.43752002,35.19366248,-97.43752228,327.7834118,4.819169044,345.2999878,35.1936629,-97.437527
35.19366248,-97.43752228,35.19366289,-97.43752705,327.7300004,4.808410645,345.3999939,35.1936637,-97.437528
35.19366289,-97.43752705,35.19366373,-97.43752821,327.7283793,4.808667183,345.3999939,35.1936654,-97.437531
35.19366373,-97.43752821,35.19366539,-97.4375306,327.721504,4.806527615,345.6000061,35.193667,-97.437533
35.19366539,-97.4375306,35.19366696,-97.43753302,327.7138007,4.796034336,345.7000122,35.1936684,-97.437535
35.19366696,-97.43753302,35.19366845,-97.43753548,327.7062671,4.794585228,346.3999939,35.1936699,-97.437538
35.19366845,-97.43753548,35.19366993,-97.43753809,327.6989551,4.798651218,347,35.1936713,-97.437541
35.19366993,-97.43753809,35.19367133,-97.43754072,327.6922023,4.798413277,348,35.1936726,-97.437543
35.19367133,-97.43754072,35.19367263,-97.43754336,327.6856269,4.804809093,348.6000061,35.1936739,-97.437546
35.19367263,-97.43754336,35.19367386,-97.43754608,327.6795807,4.809043407,348.6000061,35.193675,-97.437549
35.19367386,-97.43754608,35.19367502,-97.43754883,327.6737744,4.810326576,348.7000122,35.1936761,-97.437552
35.19367502,-97.43754883,35.19367609,-97.43755158,327.669758,4.808558464,348.6000061,35.193677,-97.437554
35.19367609,-97.43755158,35.19367698,-97.4375542,327.6674692,4.808813572,348.6000061,35.1936779,-97.437557
35.19367698,-97.4375542,35.19367794,-97.43755735,327.6636263,4.80197525,348.6000061,35.1936787,-97.43756
35.19367794,-97.43755735,35.19367873,-97.43756032,327.6598207,4.806452274,348.7000122,35.1936793,-97.437563
35.19367873,-97.43756032,35.19367931,-97.43756292,327.6586215,4.809150696,348.6000061,35.19368,-97.437566
35.19367931,-97.43756292,35.19368001,-97.43756618,327.6559169,4.805649281,348.7000122,35.1936805,-97.437569
35.19368001,-97.43756618,35.19368052,-97.43756915,327.655126,4.803492069,348.7000122,35.193681,-97.437572
35.19368052,-97.43756915,35.19368095,-97.43757205,327.6520747,4.804517746,348.7000122,35.1936813,-97.437575
35.19368095,-97.43757205,35.19368129,-97.43757496,327.6487906,4.799873829,348.7000122,35.1936816,-97.437578
35.19368129,-97.43757496,35.19368158,-97.43757798,327.6439535,4.796619892,348.7000122,35.1936547,-97.437577
35.19368158,-97.43757798,35.19365467,-97.43757685,327.8140536,4.804699898,348.7000122,35.1936545,-97.437579
35.19365467,-97.43757685,35.19365445,-97.43757926,327.8100214,4.81401968,348.7000122,35.1936541,-97.437582
35.19365445,-97.43757926,35.19365408,-97.43758244,327.8052373,4.825783253,348.7000122,35.1936536,-97.437585
35.19365408,-97.43758244,35.19365365,-97.43758533,327.8018682,4.824586391,348.7000122,35.1936531,-97.437588
35.19365365,-97.43758533,35.19365314,-97.43758817,327.7974233,4.822785378,348.7000122,35.1936525,-97.437591
35.19365314,-97.43758817,35.19365255,-97.43759107,327.7915943,4.827380657,348.7000122,35.1936519,-97.437594
35.19365255,-97.43759107,35.19365187,-97.43759396,327.7860542,4.826003551,348.7000122,35.1936511,-97.437597
35.19365187,-97.43759396,35.19365113,-97.43759675,327.7799624,4.821792126,348.7000122,35.1936503,-97.4376
35.19365113,-97.43759675,35.19365028,-97.43759961,327.7746649,4.814835548,348.7000122,35.1936494,-97.437602
35.19365028,-97.43759961,35.19364935,-97.43760242,327.7694074,4.809794903,348.7000122,35.1936484,-97.437605
35.19364935,-97.43760242,35.19364837,-97.43760509,327.7648086,4.810616493,348.7000122,35.1936473,-97.437608
35.19364837,-97.43760509,35.19364726,-97.43760786,327.7589138,4.812559605,348.7000122,35.1936461,-97.43761
35.19364726,-97.43760786,35.19364612,-97.43761046,327.7538855,4.811709881,348.7000122,35.1936449,-97.437613
35.19364612,-97.43761046,35.19364491,-97.43761302,327.7499495,4.806780815,348.7000122,35.1936436,-97.437616
35.19364491,-97.43761302,35.19364357,-97.43761565,327.7471707,4.806861877,348.7000122,35.1936422,-97.437618
35.19364357,-97.43761565,35.19364221,-97.43761814,327.745436,4.804695606,348.7000122,35.1936408,-97.437621
35.19364221,-97.43761814,35.19364083,-97.43762053,327.7444774,4.811295986,348.7000122,35.1936394,-97.437623
35.19364083,-97.43762053,35.19363936,-97.4376229,327.742633,4.811540604,348.7000122,35.1936378,-97.437625
35.19363936,-97.4376229,35.19363781,-97.43762523,327.7411374,4.802787304,348.7000122,35.1936362,-97.437628
35.19363781,-97.43762523,35.1936362,-97.43762751,327.7403646,4.795684338,348.7000122,35.1936294,-97.437623
35.1936362,-97.43762751,35.19362943,-97.43762342,327.6310538,4.79391098,348.7000122,35.1936279,-97.437625
35.19362943,-97.43762342,35.19362794,-97.43762498,327.6288676,4.792533398,348.7000122,35.1936261,-97.437627
35.19362794,-97.43762498,35.19362607,-97.43762682,327.6261958,4.786951542,348.7000122,35.1936241,-97.437629
35.19362607,-97.43762682,35.19362413,-97.43762861,327.6242878,4.777707577,348.7000122,35.1936221,-97.43763
35.19362413,-97.43762861,35.1936221,-97.43763034,327.6207233,4.769814491,348.1000061,35.1936201,-97.437632
35.1936221,-97.43763034,35.19362006,-97.437632,327.6181704,4.765333176,347.1000061,35.1936182,-97.437633
35.19362006,-97.437632,35.19361816,-97.43763342,327.6148233,4.763635635,345,35.1936158,-97.437635
35.19361816,-97.43763342,35.19361583,-97.43763506,327.6124484,4.760528564,341.3999939,35.1936138,-97.437636
35.19361583,-97.43763506,35.19361384,-97.43763638,327.6101564,4.762350559,336.1000061,35.1936115,-97.437638
35.19361384,-97.43763638,35.19361149,-97.43763782,327.6083407,4.760293007,328,35.1936093,-97.437639
35.19361149,-97.43763782,35.19360926,-97.4376391,327.6074117,4.75591135,320.1000061,35.193607,-97.43764
35.19360926,-97.4376391,35.19360699,-97.43764031,327.6070377,4.756895542,312.7999878,35.1936047,-97.437641
35.19360699,-97.43764031,35.19360468,-97.43764147,327.6068338,4.749349117,302.2999878,35.1936024,-97.437643
35.19360468,-97.43764147,35.19360241,-97.43764253,327.606362,4.741157055,291,35.1936002,-97.437643
35.19360241,-97.43764253,35.19360024,-97.43764348,327.6058879,4.743192673,281.8999939,35.1935977,-97.437645
35.19360024,-97.43764348,35.19359775,-97.43764452,327.6053667,4.744120598,267.1000061,35.1935954,-97.437645
35.19359775,-97.43764452,35.19359537,-97.43764546,327.6046926,4.743440151,259.2000122,35.1935931,-97.437646
35.19359537,-97.43764546,35.19359307,-97.43764631,327.6040021,4.745536327,250,35.1935908,-97.437647
35.19359307,-97.43764631,35.19359075,-97.43764712,327.6031668,4.740747452,240.3000031,35.1935883,-97.437648
35.19359075,-97.43764712,35.1935883,-97.43764793,327.602331,4.742286682,230.1999969,35.1935851,-97.437647
35.1935883,-97.43764793,35.1935851,-97.4376468,327.5624964,4.754105568,213.1000061,35.1935835,-97.437647
35.1935851,-97.4376468,35.19358351,-97.43764723,327.5631636,4.753840446,208.3999939,35.1935811,-97.437648
35.19358351,-97.43764723,35.1935811,-97.43764786,327.563427,4.753430843,195.6999969,35.1935789,-97.437648
35.1935811,-97.43764786,35.19357889,-97.43764838,327.5647054,4.75306797,181.6000061,35.1935765,-97.437649
35.19357889,-97.43764838,35.19357647,-97.43764889,327.5662581,4.757772923,169.5,35.1935737,-97.437649
35.19357647,-97.43764889,35.19357374,-97.4376494,327.5686493,4.764681339,149.1000061,35.1935713,-97.43765
35.19357374,-97.4376494,35.19357133,-97.43764981,327.5706792,4.765679359,134.8999939,35.1935689,-97.43765
35.19357133,-97.43764981,35.19356893,-97.4376502,327.5735487,4.769259453,123.5999985,35.1935665,-97.437651
35.19356893,-97.4376502,35.1935665,-97.43765051,327.5759808,4.773059845,105.6999969,35.193564,-97.437651
35.1935665,-97.43765051,35.193564,-97.43765078,327.5768518,4.77473402,93.40000153,35.1935616,-97.437651
35.193564,-97.43765078,35.19356159,-97.43765102,327.5777069,4.774950981,77,35.1935591,-97.437651
35.19356159,-97.43765102,35.19355908,-97.43765124,327.5779749,4.777184963,56.5,35.1935566,-97.437651
35.19355908,-97.43765124,35.19355662,-97.43765142,327.5796936,4.783260822,40.20000076,35.1935541,-97.437652
35.19355662,-97.43765142,35.1935541,-97.43765158,327.5821518,4.7867589,27.5,35.1935516,-97.437652
35.1935541,-97.43765158,35.19355162,-97.43765175,327.5839328,4.791606426,12,35.1935491,-97.437652
35.19355162,-97.43765175,35.19354914,-97.43765194,327.5844318,4.797866821,-2.900000095,35.1935467,-97.437652
35.19354914,-97.43765194,35.19354666,-97.43765213,327.5840657,4.80833292,-17,35.1935442,-97.437652
35.19354666,-97.43765213,35.19354417,-97.43765249,327.583871,4.808618546,-31.10000038,35.1935417,-97.437653
35.19354417,-97.43765249,35.19354173,-97.43765293,327.5824014,4.819326878,-47.70000076,35.1935392,-97.437654
35.19354173,-97.43765293,35.19353923,-97.43765352,327.5814516,4.823795795,-61.59999847,35.1935421,-97.437649
35.19353923,-97.43765352,35.19354209,-97.43764904,327.59996,4.828291893,-77.69999695,35.1935401,-97.43765
35.19354209,-97.43764904,35.19354007,-97.43764956,327.6008537,4.83465004,-86,35.1935378,-97.43765
35.19354007,-97.43764956,35.19353778,-97.43765023,327.6022109,4.849709511,-103.8000031,35.1935355,-97.437651
35.19353778,-97.43765023,35.19353549,-97.43765096,327.6042406,4.860295296,-116,35.1935333,-97.437652
35.19353549,-97.43765096,35.1935333,-97.43765171,327.6062028,4.871741295,-131,35.1935308,-97.437653
35.1935333,-97.43765171,35.19353079,-97.43765265,327.6073758,4.886044502,-145.8000031,35.1935285,-97.437654
35.19353079,-97.43765265,35.19352849,-97.43765358,327.607704,4.90309906,-159.6000061,35.1935263,-97.437655
35.19352849,-97.43765358,35.19352627,-97.43765454,327.6089239,4.921359062,-170.8999939,35.1935242,-97.437656
35.19352627,-97.43765454,35.19352418,-97.43765553,327.6106698,4.931988239,-179.5,35.1935218,-97.437657
35.19352418,-97.43765553,35.19352178,-97.43765676,327.6119703,4.945310593,-186.1999969,35.1935195,-97.437658
35.19352178,-97.43765676,35.19351949,-97.43765803,327.6126107,4.954868317,-189.3999939,35.1935173,-97.437659
35.19351949,-97.43765803,35.19351727,-97.43765933,327.6135937,4.96772337,-193.6999969,35.1935151,-97.437661
35.19351727,-97.43765933,35.19351508,-97.4376607,327.6143299,4.988686562,-198.1000061,35.1935129,-97.437662
35.19351508,-97.4376607,35.19351288,-97.43766217,327.6154262,5.011614323,-202.8999939,35.1935107,-97.437664
35.19351288,-97.43766217,35.1935107,-97.43766371,327.6166956,5.031012058,-208.3000031,35.1935086,-97.437665
35.1935107,-97.43766371,35.19350858,-97.43766529,327.6177717,5.046059608,-216,35.1935064,-97.437667
35.19350858,-97.43766529,35.19350644,-97.43766696,327.6183347,5.059520245,-221.3999939,35.1935043,-97.437669
35.19350644,-97.43766696,35.19350433,-97.43766868,327.6182196,5.076756954,-228,35.1935023,-97.43767
35.19350433,-97.43766868,35.19350227,-97.43767046,327.6182047,5.095470428,-234.1999969,35.1935002,-97.437672
35.19350227,-97.43767046,35.19350023,-97.43767232,327.6184652,5.10428524,-239.5,35.1935004,-97.437674
35.19350023,-97.43767232,35.19350038,-97.43767368,327.6006446,5.12525034,-244.3000031,35.1934992,-97.437675
35.19350038,-97.43767368,35.19349922,-97.43767489,327.6008476,5.143033028,-245.6999969,35.1934973,-97.437677
35.19349922,-97.43767489,35.19349732,-97.437677,327.6018968,5.155162334,-246.5,35.1934955,-97.437679
35.19349732,-97.437677,35.19349553,-97.43767914,327.6032904,5.163268089,-246.6999969,35.1934937,-97.437681
35.19349553,-97.43767914,35.19349374,-97.43768142,327.604616,5.176804066,-246.6999969,35.1934921,-97.437684
35.19349374,-97.43768142,35.19349209,-97.43768364,327.6064683,5.195641041,-246.6999969,35.1934905,-97.437686
35.19349209,-97.43768364,35.19349048,-97.43768593,327.6080812,5.213088989,-246.6999969,35.1934889,-97.437688
35.19349048,-97.43768593,35.19348888,-97.43768832,327.6092752,5.231592178,-246.6999969,35.1934873,-97.437691
35.19348888,-97.43768832,35.19348733,-97.43769075,327.6107295,5.258918285,-246.6999969,35.1934858,-97.437693
35.19348733,-97.43769075,35.19348582,-97.43769326,327.612354,5.276870728,-246.6999969,35.1934844,-97.437696
35.19348582,-97.43769326,35.19348436,-97.43769581,327.6136801,5.288759708,-246.6999969,35.193483,-97.437698
35.19348436,-97.43769581,35.19348295,-97.4376984,327.6150618,5.292086124,-246.6999969,35.1934816,-97.437701
35.19348295,-97.4376984,35.19348165,-97.43770098,327.6157787,5.305978775,-246.5,35.1934804,-97.437704
35.19348165,-97.43770098,35.19348037,-97.4377037,327.6166874,5.321103096,-245.8000031,35.1934792,-97.437706
35.19348037,-97.4377037,35.19347916,-97.43770645,327.61807,5.339561462,-244,35.193478,-97.437709
35.19347916,-97.43770645,35.19347803,-97.43770918,327.6199927,5.363178253,-239.6999969,35.1934769,-97.437712
35.19347803,-97.43770918,35.19347694,-97.43771196,327.6222838,5.376645565,-234.5,35.1934759,-97.437715
35.19347694,-97.43771196,35.19347587,-97.43771485,327.6249264,5.388475895,-229.3999939,35.1934749,-97.437718
35.19347587,-97.43771485,35.19347489,-97.4377177,327.6275325,5.399533749,-221.3999939,35.1934739,-97.437721
35.19347489,-97.4377177,35.19347395,-97.43772059,327.629593,5.407590389,-211.3999939,35.1934728,-97.437725
35.19347395,-97.43772059,35.19347282,-97.43772459,327.5937848,5.433512211,-194.8999939,35.1934723,-97.437727
35.19347282,-97.43772459,35.19347226,-97.43772658,327.594727,5.438386917,-186.5,35.1934715,-97.43773
35.19347226,-97.43772658,35.19347145,-97.43772959,327.5981408,5.46133852,-166.1000061,35.1934707,-97.437733
35.19347145,-97.43772959,35.19347071,-97.43773253,327.6014333,5.475059509,-151.5,35.19347,-97.437736
35.19347071,-97.43773253,35.19346999,-97.43773556,327.6065587,5.492736816,-131.3999939,35.1934693,-97.437739
35.19346999,-97.43773556,35.19346934,-97.43773855,327.6133465,5.505262852,-120.8000031,35.1934687,-97.437742
35.19346934,-97.43773855,35.1934687,-97.43774157,327.6215983,5.517818451,-108.1999969,35.1934681,-97.437745
35.1934687,-97.43774157,35.19346808,-97.43774457,327.6292903,5.530786037,-93.69999695,35.1934674,-97.437748
35.19346808,-97.43774457,35.19346743,-97.43774767,327.6369813,5.545552254,-77.19999695,35.1934668,-97.437751
35.19346743,-97.43774767,35.19346681,-97.43775076,327.6436733,5.573771,-59.29999924,35.1934662,-97.437754
35.19346681,-97.43775076,35.19346616,-97.43775385,327.6505098,5.601344585,-38.5,35.1934656,-97.437757
35.19346616,-97.43775385,35.19346559,-97.43775687,327.6588087,5.625427246,-8.800000191,35.193465,-97.43776
35.19346559,-97.43775687,35.193465,-97.43776004,327.6661722,5.634296894,13,35.1934647,-97.437763
35.193465,-97.43776004,35.19346467,-97.43776306,327.6750963,5.651562214,38.40000153,35.1934645,-97.437766
35.19346467,-97.43776306,35.1934645,-97.43776603,327.687062,5.682752132,65.40000153,35.1934642,-97.437769
35.1934645,-97.43776603,35.19346416,-97.43776898,327.6952771,5.701272964,82.19999695,35.1934635,-97.437772
35.19346416,-97.43776898,35.19346347,-97.43777213,327.7007627,5.730134964,101.0999985,35.1934626,-97.437775
35.19346347,-97.43777213,35.19346265,-97.43777512,327.7057768,5.753002644,118,35.1934617,-97.437778
35.19346265,-97.43777512,35.19346169,-97.43777807,327.7107116,5.768689156,135.8000031,35.1934605,-97.437781
35.19346169,-97.43777807,35.19346053,-97.43778109,327.7151467,5.78299284,146.1999969,35.1934586,-97.437783
35.19346053,-97.43778109,35.19345865,-97.4377828,327.7213891,5.822775841,163.1000061,35.1934579,-97.437784
35.19345865,-97.4377828,35.19345791,-97.43778439,327.7248302,5.835154057,166.1999969,35.1934565,-97.437787
35.19345791,-97.43778439,35.19345647,-97.43778726,327.7289058,5.84533453,172.1999969,35.1934551,-97.43779
35.19345647,-97.43778726,35.19345513,-97.4377898,327.7324823,5.863135338,175.6000061,35.1934535,-97.437793
35.19345513,-97.4377898,35.19345347,-97.43779275,327.7360983,5.87708807,176.1000061,35.1934519,-97.437795
35.19345347,-97.43779275,35.19345188,-97.43779544,327.7391525,5.889307022,176.1000061,35.1934502,-97.437798
35.19345188,-97.43779544,35.19345021,-97.43779813,327.7426453,5.902012348,176.1000061,35.1934485,-97.437801
35.19345021,-97.43779813,35.1934485,-97.43780073,327.7457217,5.913444519,175.1999969,35.1934468,-97.437803
35.1934485,-97.43780073,35.19344676,-97.43780328,327.7489309,5.945828915,173.1999969,35.1934449,-97.437806
35.19344676,-97.43780328,35.19344494,-97.43780586,327.7531292,5.967516422,172.1000061,35.1934431,-97.437808
35.19344494,-97.43780586,35.19344307,-97.43780841,327.7584993,5.986345291,171.5,35.1934413,-97.437811
35.19344307,-97.43780841,35.19344134,-97.43781071,327.7645095,6.005807877,171.1000061,35.1934392,-97.437813
35.19344134,-97.43781071,35.19343922,-97.43781341,327.7720022,6.019450665,169.8000031,35.1934372,-97.437816
35.19343922,-97.43781341,35.19343721,-97.43781589,327.7780606,6.030848503,166.6000061,35.1934352,-97.437818
35.19343721,-97.43781589,35.19343521,-97.43781824,327.7836008,6.044555187,163.1999969,35.1934332,-97.437821
35.19343521,-97.43781824,35.19343318,-97.43782057,327.7891392,6.056992531,160.1000061,35.193431,-97.437823
35.19343318,-97.43782057,35.19343104,-97.43782294,327.7959921,6.076849937,156,35.1934289,-97.437825
35.19343104,-97.43782294,35.19342892,-97.43782522,327.8031033,6.088263035,150.8999939,35.1934267,-97.437827
35.19342892,-97.43782522,35.19342674,-97.4378275,327.8101577,6.089697838,147.5,35.1934246,-97.43783
35.19342674,-97.4378275,35.19342457,-97.43782969,327.8178888,6.09995079,142.1000061,35.1934223,-97.437832
35.19342457,-97.43782969,35.19342228,-97.43783189,327.8261856,6.123491764,132.6999969,35.19342,-97.437834
35.19342228,-97.43783189,35.19341996,-97.43783406,327.835321,6.139848709,123.3000031,35.1934184,-97.437833
35.19341996,-97.43783406,35.19341835,-97.43783319,327.8771789,6.14851284,115,35.1934161,-97.437835
35.19341835,-97.43783319,35.19341606,-97.4378352,327.8881397,6.154588699,101.6999969,35.1934136,-97.437837
35.19341606,-97.4378352,35.19341358,-97.43783731,327.8988263,6.149317265,90.19999695,35.1934117,-97.437839
35.19341358,-97.43783731,35.19341166,-97.43783891,327.9063702,6.140845299,80.19999695,35.193409,-97.437841
35.19341166,-97.43783891,35.19340904,-97.43784107,327.9139795,6.132596493,67.5,35.1934067,-97.437843
35.19340904,-97.43784107,35.19340671,-97.43784297,327.9204875,6.133432388,56,35.1934043,-97.437845
35.19340671,-97.43784297,35.19340429,-97.43784494,327.9262236,6.140701771,44.5,35.193402,-97.437847
35.19340429,-97.43784494,35.19340197,-97.43784682,327.9325469,6.152240753,36.90000153,35.1933996,-97.437849
35.19340197,-97.43784682,35.19339961,-97.43784875,327.9394764,6.154277802,31.70000076,35.1933972,-97.437851
35.19339961,-97.43784875,35.19339725,-97.4378507,327.9462534,6.153185844,25.29999924,35.1933949,-97.437853
35.19339725,-97.4378507,35.19339491,-97.43785266,327.9538501,6.171010017,18,35.1933925,-97.437855
35.19339491,-97.43785266,35.19339254,-97.4378547,327.9616608,6.161754131,9.399999619,35.1933903,-97.437857
35.19339254,-97.4378547,35.19339026,-97.43785667,327.967668,6.158354759,-0.800000012,35.1933879,-97.437859
35.19339026,-97.43785667,35.19338793,-97.43785864,327.974179,6.172186852,-11,35.1933855,-97.437861
35.19338793,-97.43785864,35.19338552,-97.43786069,327.9805971,6.173738003,-20.29999924,35.1933832,-97.437863
35.19338552,-97.43786069,35.19338324,-97.43786262,327.9870163,6.165934563,-29.89999962,35.193381,-97.437865
35.19338324,-97.43786262,35.193381,-97.43786455,327.993537,6.158400059,-35.59999847,35.1933787,-97.437867
35.193381,-97.43786455,35.19337871,-97.43786656,328.0015614,6.15390873,-42,35.1933764,-97.437869
35.19337871,-97.43786656,35.19337642,-97.43786863,328.0090687,6.146846771,-47.09999847,35.1933744,-97.437871
35.19337642,-97.43786863,35.19337438,-97.43787051,328.0155989,6.155884743,-51.29999924,35.1933721,-97.437871
35.19337438,-97.43787051,35.19337213,-97.43787131,328.0210436,6.149365425,-58.90000153,35.1933703,-97.437873
35.19337213,-97.43787131,35.19337027,-97.43787317,328.0275143,6.137561798,-63.09999847,35.1933681,-97.437875
35.19337027,-97.43787317,35.19336815,-97.43787532,328.0343958,6.115091324,-69.09999847,35.1933661,-97.437878
35.19336815,-97.43787532,35.19336605,-97.43787753,328.0414824,6.115974426,-75,35.193364,-97.43788
35.19336605,-97.43787753,35.19336396,-97.43787978,328.0486983,6.106481552,-83.09999847,35.193362,-97.437882
35.19336396,-97.43787978,35.19336197,-97.43788196,328.0560358,6.092119694,-91.19999695,35.19336,-97.437884
35.19336197,-97.43788196,35.19335996,-97.43788421,328.0635453,6.08798933,-99.19999695,35.1933579,-97.437887
35.19335996,-97.43788421,35.19335795,-97.43788654,328.0714815,6.076776505,-107,35.193356,-97.437889
35.19335795,-97.43788654,35.193356,-97.43788888,328.0790495,6.060277939,-114.5,35.1933541,-97.437891
35.193356,-97.43788888,35.19335406,-97.4378913,328.086406,6.042302608,-123.3000031,35.1933522,-97.437894
35.19335406,-97.4378913,35.19335222,-97.43789372,328.0938421,6.029542923,-130.5,35.1933504,-97.437896
35.19335222,-97.43789372,35.19335041,-97.43789619,328.1006186,6.021578789,-136.3999939,35.1933487,-97.437899
35.19335041,-97.43789619,35.19334865,-97.43789869,328.1075999,6.007688522,-143.8999939,35.1933469,-97.437901
35.19334865,-97.43789869,35.19334694,-97.43790127,328.114611,5.99338913,-151.3000031,35.1933453,-97.437904
35.19334694,-97.43790127,35.19334529,-97.43790386,328.1209324,5.98003006,-158.6000061,35.1933438,-97.437906
35.19334529,-97.43790386,35.19334375,-97.43790643,328.1269341,5.963228703,-165.8000031,35.1933422,-97.437909
35.19334375,-97.43790643,35.19334222,-97.43790914,328.1334335,5.949204445,-173.6000061,35.1933408,-97.437912
35.19334222,-97.43790914,35.19334077,-97.43791183,328.1393538,5.933238983,-183.8000031,35.1933394,-97.437915
35.19334077,-97.43791183,35.19333936,-97.43791463,328.1458317,5.919573307,-192.1000061,35.193338,-97.437917
35.19333936,-97.43791463,35.19333803,-97.43791745,328.152049,5.90331459,-198.3000031,35.1933359,-97.43792
35.19333803,-97.43791745,35.19333593,-97.43792033,328.0871597,5.880314827,-207.6999969,35.1933349,-97.437923
35.19333593,-97.43792033,35.19333492,-97.43792282,328.0907331,5.86704731,-215.6000061,35.1933338,-97.437926
35.19333492,-97.43792282,35.19333382,-97.43792575,328.0947961,5.858823776,-221.1000061,35.1933328,-97.437929
35.19333382,-97.43792575,35.19333282,-97.43792869,328.0981816,5.837123871,-226.6000061,35.1933319,-97.437932
35.19333282,-97.43792869,35.19333189,-97.4379317,328.1016878,5.816770554,-230,35.193331,-97.437935
35.19333189,-97.4379317,35.19333105,-97.43793472,328.1049795,5.810767174,-231.1000061,35.1933303,-97.437938
35.19333105,-97.43793472,35.19333028,-97.43793778,328.1086914,5.801308632,-231.1000061,35.1933296,-97.437941
35.19333028,-97.43793778,35.19332959,-97.43794087,328.1124086,5.78606081,-230.5,35.193329,-97.437944
35.19332959,-97.43794087,35.19332899,-97.43794399,328.1164213,5.779513836,-228.8000031,35.1933285,-97.437947
35.19332899,-97.43794399,35.19332847,-97.43794706,328.1199517,5.770374775,-225.5,35.193328,-97.43795
35.19332847,-97.43794706,35.19332802,-97.43795018,328.1227953,5.751903534,-220.6999969,35.1933276,-97.437953
35.19332802,-97.43795018,35.19332763,-97.43795329,328.1247895,5.741442204,-214.1999969,35.1933273,-97.437956
35.19332763,-97.43795329,35.19332729,-97.43795644,328.1269885,5.732906342,-204.8000031,35.193327,-97.43796
35.19332729,-97.43795644,35.19332702,-97.43795957,328.1290267,5.729806423,-195.6000061,35.1933268,-97.437963
35.19332702,-97.43795957,35.19332679,-97.43796267,328.1314669,5.724892139,-188.1000061,35.1933266,-97.437966
35.19332679,-97.43796267,35.19332658,-97.43796591,328.1340203,5.721028805,-178.8000031,35.1933264,-97.437969
35.19332658,-97.43796591,35.19332642,-97.4379688,328.1361626,5.713022232,-169.1000061,35.1933263,-97.437972
35.19332642,-97.4379688,35.19332628,-97.43797198,328.1379459,5.708362579,-157.8000031,35.1933263,-97.437976
35.19332628,-97.43797198,35.19332625,-97.43797619,328.0819658,5.707816124,-142.3999939,35.1933262,-97.437979
35.19332625,-97.43797619,35.19332616,-97.43797879,328.08273,5.706790924,-128.1000061,35.1933261,-97.437982
35.19332616,-97.43797879,35.19332607,-97.43798192,328.0844778,5.698503017,-114.1999969,35.193326,-97.437985
35.19332607,-97.43798192,35.19332599,-97.43798482,328.0849311,5.692728996,-103.9000015,35.1933259,-97.437988
35.19332599,-97.43798482,35.19332594,-97.43798814,328.0862756,5.691128731,-91.69999695,35.1933259,-97.437991
35.19332594,-97.43798814,35.19332591,-97.43799129,328.0884391,5.685107231,-79,35.1933259,-97.437994
35.19332591,-97.43799129,35.19332585,-97.43799442,328.0897653,5.674351692,-65.90000153,35.1933258,-97.437998
35.19332585,-97.43799442,35.19332576,-97.43799759,328.090001,5.668727398,-50,35.1933257,-97.438001
35.19332576,-97.43799759,35.19332567,-97.43800069,328.0898152,5.668956757,-36.09999847,35.1933256,-97.438004
35.19332567,-97.43800069,35.19332563,-97.43800382,328.0917078,5.662461281,-24.70000076,35.1933256,-97.438007
35.19332563,-97.43800382,35.19332559,-97.43800687,328.0937769,5.660187721,-10.69999981,35.1933255,-97.43801
35.19332559,-97.43800687,35.1933255,-97.4380102,328.0961121,5.660130024,4.099999905,35.1933254,-97.438013
35.1933255,-97.4380102,35.19332541,-97.43801326,328.0997258,5.655220985,22.20000076,35.1933253,-97.438016
35.19332541,-97.43801326,35.19332532,-97.43801626,328.1047314,5.653596401,34,35.1933253,-97.438019
35.19332532,-97.43801626,35.19332528,-97.43801928,328.1109209,5.651453495,51,35.1933252,-97.438022
35.19332528,-97.43801928,35.19332519,-97.43802215,328.1163408,5.647234917,62.20000076,35.193325,-97.438025
35.19332519,-97.43802215,35.19332503,-97.43802518,328.1224378,5.632820129,76.30000305,35.1933248,-97.438028
35.19332503,-97.43802518,35.19332481,-97.43802825,328.1280126,5.620146751,90.19999695,35.1933245,-97.438031
35.19332481,-97.43802825,35.19332452,-97.43803123,328.1326525,5.613114357,103.6999969,35.1933242,-97.438034
35.19332452,-97.43803123,35.19332416,-97.43803427,328.1377982,5.602177143,119.4000015,35.1933218,-97.43804
35.19332416,-97.43803427,35.19332175,-97.43803967,328.0473403,5.59187603,136.8000031,35.1933215,-97.438041
35.19332175,-97.43803967,35.1933215,-97.43804119,328.0512414,5.585771561,141.3999939,35.1933209,-97.438044
35.1933215,-97.43804119,35.19332092,-97.4380442,328.0584486,5.579043388,154.6999969,35.1933203,-97.438047
35.19332092,-97.4380442,35.19332029,-97.4380471,328.0664586,5.572731495,162.3999939,35.1933196,-97.43805
35.19332029,-97.4380471,35.1933196,-97.43804998,328.0749215,5.558924198,170.5,35.1933188,-97.438053
35.1933196,-97.43804998,35.19331883,-97.43805287,328.0838256,5.542098999,176.6999969,35.193318,-97.438056
35.19331883,-97.43805287,35.19331798,-97.4380558,328.0923487,5.530163288,181.3000031,35.1933171,-97.438059
35.19331798,-97.4380558,35.19331711,-97.43805856,328.1003794,5.512792587,185.1000061,35.1933162,-97.438061
35.19331711,-97.43805856,35.1933162,-97.43806126,328.1087368,5.498347759,187.1000061,35.1933152,-97.438064
35.1933162,-97.43806126,35.19331516,-97.43806409,328.1173983,5.487705708,189.6999969,35.1933141,-97.438067
35.19331516,-97.43806409,35.1933141,-97.4380668,328.1263136,5.478224277,192,35.193313,-97.43807
35.1933141,-97.4380668,35.19331296,-97.43806951,328.1351156,5.460206032,193.6000061,35.1933118,-97.438072
35.19331296,-97.43806951,35.19331181,-97.4380721,328.1437792,5.446154594,193.6999969,35.1933106,-97.438075
35.19331181,-97.4380721,35.19331062,-97.43807465,328.1522746,5.439954281,193.6999969,35.1933093,-97.438077
35.19331062,-97.43807465,35.19330932,-97.43807728,328.1610383,5.435159206,193.6000061,35.193308,-97.43808
35.19330932,-97.43807728,35.193308,-97.43807983,328.1699956,5.418436527,193.5,35.1933066,-97.438082
35.193308,-97.43807983,35.19330663,-97.43808235,328.1787151,5.40869379,192.6999969,35.1933052,-97.438085
35.19330663,-97.43808235,35.19330524,-97.4380848,328.1878672,5.39963007,190.3000031,35.1933038,-97.438087
35.19330524,-97.4380848,35.19330381,-97.43808721,328.1972006,5.386389732,185.5,35.1933023,-97.43809
35.19330381,-97.43808721,35.19330235,-97.43808959,328.2064931,5.371607304,181.6000061,35.1932986,-97.438091
35.19330235,-97.43808959,35.19329861,-97.43809066,328.14113,5.362277985,174.1000061,35.1932974,-97.438092
35.19329861,-97.43809066,35.19329741,-97.43809239,328.148875,5.360660553,170.8000031,35.1932958,-97.438095
35.19329741,-97.43809239,35.19329581,-97.4380946,328.1575226,5.351402283,165.1000061,35.1932942,-97.438097
35.19329581,-97.4380946,35.19329416,-97.43809683,328.1664975,5.344241619,159.1000061,35.1932925,-97.438099
35.19329416,-97.43809683,35.19329254,-97.43809896,328.1758341,5.337506294,151.5,35.1932909,-97.438101
35.19329254,-97.43809896,35.19329088,-97.43810109,328.1851233,5.329790115,145.5,35.1932892,-97.438103
35.19329088,-97.43810109,35.19328917,-97.43810326,328.1950759,5.31719923,134.1000061,35.1932875,-97.438105
35.19328917,-97.43810326,35.19328752,-97.43810532,328.2053057,5.310693741,124.9000015,35.1932859,-97.438107
35.19328752,-97.43810532,35.1932859,-97.43810731,328.214946,5.300095081,111.5999985,35.1932841,-97.438109
35.1932859,-97.43810731,35.19328412,-97.43810948,328.2255089,5.290629864,97.90000153,35.1932824,-97.438112
35.19328412,-97.43810948,35.19328243,-97.43811153,328.2358251,5.278497219,84.59999847,35.1932807,-97.438114
35.19328243,-97.43811153,35.19328071,-97.43811359,328.2465788,5.266190529,69.30000305,35.193279,-97.438116
35.19328071,-97.43811359,35.19327901,-97.43811563,328.2571965,5.256130219,57.79999924,35.1932773,-97.438118
35.19327901,-97.43811563,35.1932773,-97.43811769,328.2684064,5.248646736,49.29999924,35.1932756,-97.43812
35.1932773,-97.43811769,35.19327562,-97.43811972,328.2792735,5.24381876,39.40000153,35.193274,-97.438122
35.19327562,-97.43811972,35.19327402,-97.43812171,328.2901473,5.227746964,29.60000038,35.1932724,-97.438124
35.19327402,-97.43812171,35.19327237,-97.43812379,328.2996846,5.21967268,19.10000038,35.1932708,-97.438126
35.19327237,-97.43812379,35.19327084,-97.43812578,328.3070317,5.203990459,7.800000191,35.193269,-97.438128
35.19327084,-97.43812578,35.19326905,-97.43812815,328.3182843,5.192583561,-7,35.1932675,-97.43813
35.19326905,-97.43812815,35.19326748,-97.43813022,328.3271258,5.175857544,-20,35.1932652,-97.438133
35.19326748,-97.43813022,35.19326517,-97.4381328,328.2451223,5.161319733,-36.40000153,35.1932638,-97.438135
35.19326517,-97.4381328,35.19326384,-97.43813454,328.2518523,5.159974575,-45,35.1932623,-97.438137
35.19326384,-97.43813454,35.19326227,-97.43813663,328.2607571,5.152439594,-59.29999924,35.1932607,-97.438139
35.19326227,-97.43813663,35.19326073,-97.43813874,328.2704007,5.144298553,-75.69999695,35.1932592,-97.438141
35.19326073,-97.43813874,35.19325925,-97.43814087,328.2787932,5.132533073,-86.09999847,35.1932578,-97.438143
35.19325925,-97.43814087,35.19325781,-97.43814302,328.2868232,5.117428303,-98.80000305,35.1932564,-97.438145
35.19325781,-97.43814302,35.19325637,-97.43814527,328.2943184,5.10801506,-111.3000031,35.193255,-97.438147
35.19325637,-97.43814527,35.19325504,-97.43814746,328.3020751,5.09453392,-125.4000015,35.1932537,-97.43815
35.19325504,-97.43814746,35.1932537,-97.43814979,328.309856,5.087774754,-136.3000031,35.1932524,-97.438152
35.1932537,-97.43814979,35.19325245,-97.43815207,328.3175064,5.085919857,-143.8999939,35.1932512,-97.438154
35.19325245,-97.43815207,35.19325125,-97.43815438,328.3256218,5.080336094,-152.1000061,35.1932501,-97.438157
35.19325125,-97.43815438,35.19325006,-97.4381568,328.333913,5.067847729,-159.3999939,35.1932489,-97.438159
35.19325006,-97.4381568,35.19324894,-97.4381592,328.3417872,5.052560806,-166.6000061,35.1932479,-97.438162
35.19324894,-97.4381592,35.1932479,-97.43816156,328.3487241,5.043792248,-173.6000061,35.1932469,-97.438164
35.1932479,-97.43816156,35.19324689,-97.43816401,328.3554143,5.03623867,-182,35.1932459,-97.438166
35.19324689,-97.43816401,35.19324593,-97.43816648,328.3623455,5.030661106,-189.3000031,35.193245,-97.438169
35.19324593,-97.43816648,35.19324502,-97.43816898,328.3693775,5.02384901,-196.5,35.1932442,-97.438171
35.19324502,-97.43816898,35.19324418,-97.4381715,328.376183,5.015386105,-202.1999969,35.1932434,-97.438174
35.19324418,-97.4381715,35.1932434,-97.43817404,328.3828964,4.999919891,-210.8999939,35.1932427,-97.438177
35.1932434,-97.43817404,35.19324269,-97.43817661,328.3888554,4.988741398,-216.6000061,35.1932424,-97.438181
35.19324269,-97.43817661,35.19324237,-97.4381813,328.3268404,4.973829746,-225.8999939,35.193242,-97.438183
35.19324237,-97.4381813,35.19324197,-97.43818319,328.3299769,4.965146542,-230.6000061,35.1932415,-97.438186
35.19324197,-97.43818319,35.19324149,-97.43818574,328.3339425,4.962489605,-234.3999939,35.1932411,-97.438188
35.19324149,-97.43818574,35.19324107,-97.43818837,328.3379974,4.961465359,-237.8999939,35.1932407,-97.438191
35.19324107,-97.43818837,35.19324071,-97.43819109,328.3425723,4.961625576,-240,35.1932404,-97.438194
35.19324071,-97.43819109,35.19324042,-97.43819374,328.3472906,4.959170818,-241,35.1932402,-97.438196
35.19324042,-97.43819374,35.19324019,-97.43819648,328.351607,4.952481747,-241.3000031,35.19324,-97.438199
35.19324019,-97.43819648,35.19324001,-97.43819907,328.3555482,4.937673569,-241.3000031,35.1932399,-97.438202
35.19324001,-97.43819907,35.1932399,-97.43820174,328.3593301,4.931542873,-241.3000031,35.1932398,-97.438204
35.1932399,-97.43820174,35.19323984,-97.43820441,328.3625723,4.928454399,-241.3000031,35.1932398,-97.438207
35.19323984,-97.43820441,35.19323985,-97.4382072,328.3657437,4.92629385,-240.8999939,35.1932399,-97.43821
35.19323985,-97.4382072,35.19323992,-97.4382098,328.3691159,4.929955482,-240.1999969,35.19324,-97.438212
35.19323992,-97.4382098,35.19324003,-97.43821247,328.372391,4.933668613,-238.8000031,35.1932402,-97.438215
35.19324003,-97.43821247,35.1932402,-97.43821524,328.3759524,4.927121639,-237.3999939,35.1932404,-97.438218
35.1932402,-97.43821524,35.19324043,-97.43821786,328.3786723,4.921758652,-236.1000061,35.1932407,-97.438221
35.19324043,-97.43821786,35.19324072,-97.43822054,328.3811191,4.916012287,-234.5,35.1932411,-97.438223
35.19324072,-97.43822054,35.19324106,-97.43822325,328.3838421,4.911076069,-233.3000031,35.1932414,-97.438226
35.19324106,-97.43822325,35.19324143,-97.43822584,328.3856233,4.911514282,-230.8999939,35.1932418,-97.438228
35.19324143,-97.43822584,35.19324184,-97.43822847,328.3869577,4.90751791,-228.8999939,35.1932423,-97.438231
35.19324184,-97.43822847,35.19324229,-97.43823115,328.3879483,4.907597065,-225.5,35.1932435,-97.438236
35.19324229,-97.43823115,35.19324346,-97.43823629,328.2953495,4.91079855,-219.3000031,35.1932439,-97.438238
35.19324346,-97.43823629,35.19324386,-97.43823838,328.2945808,4.913068295,-212.1000061,35.1932444,-97.438241
35.19324386,-97.43823838,35.19324444,-97.43824108,328.2948144,4.91933012,-205.3999939,35.193245,-97.438244
35.19324444,-97.43824108,35.19324504,-97.43824372,328.2946903,4.918114662,-195.6999969,35.1932456,-97.438246
35.19324504,-97.43824372,35.19324565,-97.43824642,328.2934259,4.918411255,-182.3000031,35.1932462,-97.438249
35.19324565,-97.43824642,35.19324622,-97.43824892,328.2908386,4.91706419,-171.8999939,35.193247,-97.438252
35.19324622,-97.43824892,35.19324696,-97.43825179,328.2884531,4.922240734,-157.3000031,35.1932476,-97.438254
35.19324696,-97.43825179,35.1932476,-97.43825423,328.2851667,4.928015709,-142.1999969,35.1932483,-97.438257
35.1932476,-97.43825423,35.19324834,-97.43825701,328.2817875,4.930907249,-129.6999969,35.1932491,-97.43826
35.19324834,-97.43825701,35.19324908,-97.43825974,328.2799605,4.929102898,-116.9000015,35.1932497,-97.438262
35.19324908,-97.43825974,35.19324975,-97.43826228,328.2778398,4.931723595,-108.4000015,35.1932505,-97.438265
35.19324975,-97.43826228,35.19325049,-97.43826504,328.2760245,4.940040112,-97.19999695,35.1932511,-97.438268
35.19325049,-97.43826504,35.19325113,-97.43826767,328.2733817,4.9451437,-85.19999695,35.1932518,-97.43827
35.19325113,-97.43826767,35.19325177,-97.43827032,328.2701993,4.958971024,-73.40000153,35.1932525,-97.438273
35.19325177,-97.43827032,35.19325247,-97.43827308,328.267759,4.975793839,-62,35.1932532,-97.438276
35.19325247,-97.43827308,35.19325317,-97.43827577,328.2658518,4.992061615,-45.90000153,35.1932539,-97.438278
35.19325317,-97.43827577,35.19325387,-97.43827846,328.2633972,5.00747776,-30.39999962,35.1932546,-97.438281
35.19325387,-97.43827846,35.19325458,-97.43828108,328.2625912,5.013529301,-17.20000076,35.1932553,-97.438284
35.19325458,-97.43828108,35.19325531,-97.43828373,328.262806,5.014807701,0.300000012,35.1932561,-97.438287
35.19325531,-97.43828373,35.19325605,-97.43828659,328.2624077,5.027483463,17.39999962,35.1932569,-97.438289
35.19325605,-97.43828659,35.1932569,-97.43828889,328.2119788,5.041204453,35.59999847,35.1932576,-97.438291
35.1932569,-97.43828889,35.19325759,-97.43829148,328.2131497,5.0497756,46.20000076,35.1932583,-97.438294
35.19325759,-97.43829148,35.19325827,-97.43829405,328.2152882,5.064832211,58.40000153,35.1932589,-97.438297
35.19325827,-97.43829405,35.19325892,-97.43829673,328.2178268,5.083655357,69.80000305,35.1932595,-97.438299
35.19325892,-97.43829673,35.19325948,-97.43829941,328.2196821,5.099200249,83.59999847,35.19326,-97.438302
35.19325948,-97.43829941,35.19326001,-97.43830216,328.2202871,5.108556271,95,35.1932605,-97.438305
35.19326001,-97.43830216,35.1932605,-97.4383049,328.2214016,5.116512775,104.5,35.1932609,-97.438308
35.1932605,-97.4383049,35.19326093,-97.43830763,328.2231838,5.125014305,116.3000031,35.1932613,-97.43831
35.19326093,-97.43830763,35.19326133,-97.4383104,328.2250569,5.134851456,128,35.1932617,-97.438313
35.19326133,-97.4383104,35.19326167,-97.43831319,328.2279362,5.149811268,139.5,35.193262,-97.438316
35.19326167,-97.43831319,35.19326197,-97.43831603,328.23168,5.163600922,151.8999939,35.1932622,-97.438319
35.19326197,-97.43831603,35.1932622,-97.43831886,328.2360054,5.168584824,159.5,35.1932624,-97.438322
35.1932622,-97.43831886,35.19326238,-97.43832166,328.2404547,5.169921398,168.1999969,35.1932625,-97.438324
35.19326238,-97.43832166,35.19326249,-97.43832448,328.2449454,5.177816868,176.8000031,35.1932625,-97.438327
35.19326249,-97.43832448,35.19326253,-97.43832729,328.2498861,5.183223724,184.8000031,35.1932625,-97.43833
35.19326253,-97.43832729,35.19326251,-97.43833017,328.2555456,5.185748577,191.8999939,35.1932624,-97.438333
35.19326251,-97.43833017,35.19326241,-97.4383332,328.2613049,5.188189983,199,35.1932623,-97.438336
35.19326241,-97.4383332,35.19326225,-97.43833599,328.2665553,5.189476013,206,35.193262,-97.438339
35.19326225,-97.43833599,35.19326203,-97.43833879,328.2718497,5.189358711,213.1000061,35.1932617,-97.438342
35.19326203,-97.43833879,35.19326175,-97.43834171,328.277144,5.192239285,221.6000061,35.1932602,-97.438346
35.19326175,-97.43834171,35.19326023,-97.43834592,328.246267,5.203346252,234.5,35.19326,-97.438348
35.19326023,-97.43834592,35.19325998,-97.43834751,328.2504143,5.202206135,236.3000031,35.1932595,-97.43835
35.19325998,-97.43834751,35.19325948,-97.43835034,328.2568081,5.210997105,245.3999939,35.1932589,-97.438353
35.19325948,-97.43835034,35.19325888,-97.43835327,328.263484,5.199870586,254,35.1932582,-97.438356
35.19325888,-97.43835327,35.19325824,-97.43835601,328.269767,5.206007481,262.5,35.1932575,-97.438359
35.19325824,-97.43835601,35.19325751,-97.43835871,328.2763957,5.214062214,269.6000061,35.1932567,-97.438361
35.19325751,-97.43835871,35.19325669,-97.43836142,328.283287,5.205900669,276.3999939,35.1932558,-97.438364
35.19325669,-97.43836142,35.19325579,-97.43836405,328.2903925,5.207555771,279.6000061,35.1932548,-97.438367
35.19325579,-97.43836405,35.19325479,-97.43836674,328.2980125,5.20552206,281.5,35.1932537,-97.438369
35.19325479,-97.43836674,35.19325369,-97.43836938,328.3052917,5.198291302,281.8999939,35.1932526,-97.438372
35.19325369,-97.43836938,35.19325257,-97.43837181,328.3117117,5.189567566,281.8999939,35.1932513,-97.438374
35.19325257,-97.43837181,35.19325134,-97.43837429,328.3184142,5.190086365,280.7999878,35.19325,-97.438377
35.19325134,-97.43837429,35.19325001,-97.43837682,328.3257891,5.192120552,279.7000122,35.1932487,-97.438379
35.19325001,-97.43837682,35.19324867,-97.43837924,328.3336068,5.192273617,278.7999878,35.1932473,-97.438382
35.19324867,-97.43837924,35.19324727,-97.43838158,328.3420813,5.178442955,277.6000061,35.1932458,-97.438384
35.19324727,-97.43838158,35.19324583,-97.43838387,328.3507456,5.175460815,276.2000122,35.1932443,-97.438386
35.19324583,-97.43838387,35.19324432,-97.43838614,328.359752,5.177429676,274.8999939,35.1932428,-97.438388
35.19324432,-97.43838614,35.19324283,-97.43838829,328.3681729,5.17110157,272.8999939,35.1932413,-97.43839
35.19324283,-97.43838829,35.19324127,-97.43839047,328.3764106,5.162620068,271.2000122,35.1932396,-97.438393
35.19324127,-97.43839047,35.19323958,-97.4383927,328.3847158,5.15378809,268.1000061,35.1932354,-97.438393
35.19323958,-97.4383927,35.19323543,-97.43839254,328.3307146,5.145322323,262.2999878,35.193234,-97.438394
35.19323543,-97.43839254,35.19323405,-97.43839415,328.3358754,5.13710928,258.7999878,35.1932323,-97.438396
35.19323405,-97.43839415,35.19323229,-97.43839602,328.342953,5.127957344,250.1000061,35.1932304,-97.438398
35.19323229,-97.43839602,35.19323045,-97.43839792,328.3507473,5.116352081,236.8000031,35.1932286,-97.4384
35.19323045,-97.43839792,35.19322861,-97.43839977,328.35937,5.11299181,219.1000061,35.1932267,-97.438402
35.19322861,-97.43839977,35.19322671,-97.43840154,328.3692486,5.10397768,198.5,35.1932248,-97.438403
35.19322671,-97.43840154,35.19322484,-97.43840324,328.379361,5.092242718,175.5,35.1932229,-97.438405
35.19322484,-97.43840324,35.19322289,-97.43840497,328.3902971,5.072933197,152.3999939,35.193221,-97.438407
35.19322289,-97.43840497,35.19322104,-97.4384066,328.4009263,5.05435276,138.6000061,35.1932191,-97.438408
35.19322104,-97.4384066,35.19321911,-97.43840831,328.41185,5.03272438,120,35.1932172,-97.43841
35.19321911,-97.43840831,35.19321723,-97.43840998,328.4228492,5.013050556,100.1999969,35.1932154,-97.438412
35.19321723,-97.43840998,35.1932154,-97.43841164,328.4330981,4.994717121,80.30000305,35.1932135,-97.438413
35.1932154,-97.43841164,35.19321355,-97.43841336,328.4431834,4.974034786,59.09999847,35.1932117,-97.438415
35.19321355,-97.43841336,35.19321173,-97.43841506,328.4539315,4.94867897,32.40000153,35.1932099,-97.438417
35.19321173,-97.43841506,35.19320994,-97.43841675,328.4654088,4.924927711,8.699999809,35.1932081,-97.438418
35.19320994,-97.43841675,35.19320815,-97.43841845,328.4757292,4.905400753,-9.600000381,35.1932064,-97.43842
35.19320815,-97.43841845,35.19320636,-97.43842016,328.4867702,4.873329163,-30.79999924,35.1932047,-97.438422
35.19320636,-97.43842016,35.19320469,-97.4384219,328.49574,4.848060131,-49.90000153,35.193203,-97.438424
35.19320469,-97.4384219,35.193203,-97.43842364,328.5064403,4.819735527,-71.69999695,35.1932013,-97.438425
35.193203,-97.43842364,35.19320134,-97.43842542,328.5164675,4.790369987,-89.19999695,35.193201,-97.438428
35.19320134,-97.43842542,35.19320099,-97.43842792,328.4153412,4.751205921,-109.4000015,35.1931997,-97.438429
35.19320099,-97.43842792,35.19319971,-97.43842943,328.4246395,4.736304283,-119.1999969,35.1931982,-97.438431
35.19319971,-97.43842943,35.1931982,-97.43843132,328.4340459,4.708031654,-135.1000061,35.1931968,-97.438433
35.1931982,-97.43843132,35.19319678,-97.43843321,328.4431299,4.67761898,-150,35.1931954,-97.438435
35.19319678,-97.43843321,35.19319543,-97.43843514,328.4519252,4.644954205,-163.6000061,35.1931941,-97.438437
35.19319543,-97.43843514,35.19319413,-97.43843708,328.4602903,4.612580776,-175.8000031,35.1931928,-97.438439
35.19319413,-97.43843708,35.19319284,-97.43843909,328.4683727,4.572671413,-189.6999969,35.1931916,-97.438441
35.19319284,-97.43843909,35.19319165,-97.43844111,328.4752206,4.550283909,-198.8999939,35.1931905,-97.438443
35.19319165,-97.43844111,35.19319051,-97.43844316,328.4818017,4.521135807,-210.6999969,35.1931894,-97.438445
35.19319051,-97.43844316,35.19318944,-97.43844524,328.4883101,4.494177341,-222.5,35.1931884,-97.438447
35.19318944,-97.43844524,35.19318843,-97.43844735,328.4955203,4.467190266,-234,35.1931876,-97.438449
35.19318843,-97.43844735,35.19318756,-97.43844928,328.502305,4.436378956,-244.1000061,35.1931866,-97.438452
35.19318756,-97.43844928,35.19318659,-97.43845164,328.5096531,4.394672394,-254.1999969,35.1931858,-97.438454
35.19318659,-97.43845164,35.19318578,-97.4384538,328.5159381,4.369185925,-259.7999878,35.193185,-97.438456
35.19318578,-97.4384538,35.19318504,-97.43845598,328.521578,4.344986916,-266.1000061,35.1931844,-97.438458
35.19318504,-97.43845598,35.19318438,-97.43845815,328.5269072,4.31372118,-271.2999878,35.1931838,-97.43846
35.19318438,-97.43845815,35.19318376,-97.43846038,328.5327992,4.284698963,-275.7999878,35.1931832,-97.438463
35.19318376,-97.43846038,35.19318322,-97.43846255,328.5383346,4.253586769,-279.2999878,35.1931827,-97.438465
35.19318322,-97.43846255,35.19318274,-97.43846479,328.5436944,4.221714497,-282,35.1931823,-97.438467
35.19318274,-97.43846479,35.19318232,-97.438467,328.5488583,4.198762894,-282.8999939,35.1931822,-97.43847
35.19318232,-97.438467,35.19318219,-97.43847003,328.4960699,4.155432224,-283.1000061,35.193182,-97.438471
35.19318219,-97.43847003,35.19318199,-97.43847144,328.4999298,4.131707191,-283.1000061,35.1931817,-97.438474
35.19318199,-97.43847144,35.19318171,-97.43847386,328.5052486,4.100057602,-283,35.1931815,-97.438476
35.19318171,-97.43847386,35.19318151,-97.43847599,328.5097656,4.06744051,-282.2000122,35.1931814,-97.438478
35.19318151,-97.43847599,35.19318136,-97.43847816,328.5141713,4.039037228,-280.7000122,35.1931812,-97.43848
35.19318136,-97.43847816,35.19318125,-97.43848033,328.5184571,4.015686512,-278.7999878,35.1931812,-97.438483
35.19318125,-97.43848033,35.19318117,-97.43848251,328.5226543,3.986409903,-275.3999939,35.1931811,-97.438485
35.19318117,-97.43848251,35.19318114,-97.43848463,328.5266006,3.959731579,-271.1000061,35.1931812,-97.438487
35.19318114,-97.43848463,35.19318116,-97.43848673,328.5302365,3.929872036,-265.5,35.1931812,-97.438489
35.19318116,-97.43848673,35.19318122,-97.43848881,328.5337942,3.903718948,-258.5,35.1931813,-97.438491
35.19318122,-97.43848881,35.19318129,-97.43849089,328.5374607,3.864810228,-248.8999939,35.1931814,-97.438493
35.19318129,-97.43849089,35.19318139,-97.43849295,328.5411322,3.830217361,-240.3999939,35.1931815,-97.438495
35.19318139,-97.43849295,35.1931815,-97.43849504,328.5453493,3.797482014,-233.6000061,35.1931816,-97.438497
35.1931815,-97.43849504,35.1931816,-97.43849707,328.5490665,3.754263878,-224.3000031,35.1931817,-97.438499
35.1931816,-97.43849707,35.19318172,-97.43849907,328.5520695,3.708170414,-213.8999939,35.1931818,-97.438501
35.19318172,-97.43849907,35.19318184,-97.43850109,328.5549887,3.650642395,-202.5,35.193182,-97.438503
35.19318184,-97.43850109,35.19318196,-97.43850312,328.5578455,3.580822945,-188.8999939,35.1931821,-97.438505
35.19318196,-97.43850312,35.19318207,-97.43850504,328.5605885,3.52345109,-177.6999969,35.1931822,-97.438507
35.19318207,-97.43850504,35.19318221,-97.43850689,328.5635727,3.473516464,-168.6000061,35.1931823,-97.438509
35.19318221,-97.43850689,35.19318235,-97.43850884,328.5661709,3.406768084,-157.1000061,35.1931824,-97.438512
35.19318235,-97.43850884,35.19318244,-97.43851164,328.5164864,3.309168577,-141.1999969,35.1931826,-97.438513
35.19318244,-97.43851164,35.19318259,-97.43851345,328.518827,3.251766682,-132.3999939,35.1931827,-97.438515
35.19318259,-97.43851345,35.19318274,-97.43851525,328.5209573,3.173897028,-122.4000015,35.1931829,-97.438517
35.19318274,-97.43851525,35.19318285,-97.43851695,328.5222871,3.113920927,-114.9000015,35.193183,-97.438519
35.19318285,-97.43851695,35.19318297,-97.43851855,328.5243208,3.038778305,-105.6999969,35.1931831,-97.43852
35.19318297,-97.43851855,35.19318307,-97.43852015,328.5254844,2.959034681,-95.90000153,35.1931832,-97.438522
35.19318307,-97.43852015,35.19318317,-97.43852183,328.5261812,2.863126755,-83.09999847,35.1931833,-97.438523
35.19318317,-97.43852183,35.19318327,-97.43852336,328.5264037,2.802175283,-74.19999695,35.1931834,-97.438525
35.19318327,-97.43852336,35.19318335,-97.43852492,328.5265101,2.726467848,-62.90000153,35.1931834,-97.438526
35.19318335,-97.43852492,35.19318339,-97.43852643,328.5253859,2.650518894,-51.5,35.1931834,-97.438528
35.19318339,-97.43852643,35.19318344,-97.43852792,328.5255844,2.578974724,-40.5,35.1931835,-97.438529
35.19318344,-97.43852792,35.19318348,-97.43852939,328.5238313,2.507193804,-29.39999962,35.1931835,-97.438531
35.19318348,-97.43852939,35.19318348,-97.43853082,328.5226324,2.421753407,-15.89999962,35.1931835,-97.438532
35.19318348,-97.43853082,35.19318352,-97.43853219,328.519687,2.352568865,-4.599999905,35.1931836,-97.438533
35.19318352,-97.43853219,35.19318361,-97.43853347,328.518118,2.297781944,4.199999809,35.1931837,-97.438535
35.19318361,-97.43853347,35.19318373,-97.43853471,328.5164673,2.225056648,14.69999981,35.1931838,-97.438536
35.19318373,-97.43853471,35.19318384,-97.43853594,328.5148503,2.154925108,24.39999962,35.1931839,-97.438537
35.19318384,-97.43853594,35.19318392,-97.43853712,328.5132832,2.080421448,32.90000153,35.193184,-97.438538
35.19318392,-97.43853712,35.19318399,-97.43853826,328.5115764,2.006280422,40.09999847,35.193184,-97.438539
35.19318399,-97.43853826,35.19318402,-97.43853942,328.5114449,1.924943805,46,35.1931839,-97.438541
35.19318402,-97.43853942,35.19318392,-97.4385405,328.4659643,1.830188155,51.59999847,35.1931839,-97.438541
35.19318392,-97.4385405,35.19318392,-97.43854138,328.4658028,1.760620117,54.5,35.1931839,-97.438542
35.19318392,-97.43854138,35.19318392,-97.43854231,328.4666659,1.673535705,56.59999847,35.1931839,-97.438543
35.19318392,-97.43854231,35.1931839,-97.4385432,328.4660567,1.576636314,56.79999924,35.1931839,-97.438544
35.1931839,-97.4385432,35.19318388,-97.43854405,328.4654929,1.477106333,55.59999847,35.1931839,-97.438545
35.19318388,-97.43854405,35.19318386,-97.43854489,328.4643128,1.376368999,52.20000076,35.1931838,-97.438546
35.19318386,-97.43854489,35.19318383,-97.43854566,328.4626239,1.272491336,47.59999847,35.1931838,-97.438546
35.19318383,-97.43854566,35.19318381,-97.43854638,328.460948,1.168217778,43.90000153,35.1931838,-97.438547
35.19318381,-97.43854638,35.19318378,-97.43854698,328.4595419,1.084443808,42.09999847,35.1931838,-97.438548
35.19318378,-97.43854698,35.19318376,-97.43854763,328.4584618,0.937441409,39.79999924,35.1931838,-97.438548
35.19318376,-97.43854763,35.19318375,-97.43854816,328.4572578,0.851812124,38.59999847,35.1931837,-97.438549
35.19318375,-97.43854816,35.19318374,-97.43854866,328.455786,0.753446758,37.5,35.1931837,-97.438549
35.19318374,-97.43854866,35.19318374,-97.43854909,328.4546056,0.660909653,36.90000153,35.1931837,-97.438549
35.19318374,-97.43854909,35.19318373,-97.43854945,328.4535146,0.57119751,36.79999924,35.1931837,-97.43855
35.19318373,-97.43854945,35.19318372,-97.43854978,328.4521099,0.48785454,36.79999924,35.1931837,-97.43855
35.19318372,-97.43854978,35.19318372,-97.43855006,328.4506156,0.40838632,36.79999924,35.1931837,-97.43855
35.19318372,-97.43855006,35.19318371,-97.43855033,328.4481733,0.338797808,36.79999924,35.1931837,-97.438551
35.19318371,-97.43855033,35.19318371,-97.43855054,328.4458966,0.258908868,36.79999924,35.1931839,-97.438551
35.19318371,-97.43855054,35.19318395,-97.43855093,328.4051861,0.084721752,36.79999924,35.1931842,-97.438551
35.19318395,-97.43855093,35.19318419,-97.43855118,328.3664472,-0.073811665,36.79999924,35.1931842,-97.43855
35.19318419,-97.43855118,35.19318422,-97.43854962,328.3469485,-0.10206683,36.79999924,35.1931842,-97.43855
35.19318422,-97.43854962,35.19318417,-97.43854951,328.3587248,-0.090913378,36.79999924,35.1931841,-97.43855
35.19318417,-97.43854951,35.1931841,-97.43854952,328.3748017,-0.059497688,36.79999924,35.193184,-97.43855
35.1931841,-97.43854952,35.19318402,-97.43854953,328.3901461,-0.028756866,36.79999924,35.1931839,-97.43855
35.19318402,-97.43854953,35.19318395,-97.43854958,328.4014588,-0.007294308,36.79999924,35.1931839,-97.43855
35.19318395,-97.43854958,35.19318393,-97.43854956,328.4012858,0.003951294,36.70000076,35.1931839,-97.43855
35.19318393,-97.43854956,35.19318394,-97.43854952,328.3962439,0.007569895,36.70000076,35.193184,-97.438549
35.19318394,-97.43854952,35.19318396,-97.43854945,328.3916329,0.006891977,36.70000076,35.193184,-97.438549
35.19318396,-97.43854945,35.19318396,-97.43854943,328.393327,0.004092146,36.70000076,35.193184,-97.438549
35.19318396,-97.43854943,35.19318395,-97.43854944,328.3997811,0.002268123,36.70000076,35.193184,-97.438549
35.19318395,-97.43854944,35.19318396,-97.43854945,328.4048813,0.000385617,36.70000076,35.193184,-97.438549
35.19318396,-97.43854945,35.19318395,-97.43854944,328.4061039,-0.000359632,36.70000076,35.1931839,-97.438549
35.19318395,-97.43854944,35.19318395,-97.43854941,328.4046529,-0.000559044,36.70000076,35.193184,-97.438549
35.19318395,-97.43854941,35.19318396,-97.43854938,328.402421,-0.00054523,36.70000076,35.193184,-97.438549
35.19318396,-97.43854938,35.19318397,-97.43854936,328.4015187,-0.000316356,36.70000076,35.193184,-97.438549
35.19318397,-97.43854936,35.19318397,-97.43854935,328.4030504,-0.000178553,36.70000076,35.193184,-97.438549
35.19318397,-97.43854935,35.19318396,-97.43854935,328.4056169,-5.21E-05,36.70000076,35.1931839,-97.438549
35.19318396,-97.43854935,35.19318393,-97.43854936,328.4082406,1.69E-05,36.70000076,35.1931839,-97.438549
35.19318393,-97.43854936,35.19318392,-97.43854935,328.4090047,4.12E-05,36.70000076,35.1931839,-97.438549
35.19318392,-97.43854935,35.19318392,-97.43854934,328.4087477,4.11E-05,36.70000076,35.1931839,-97.438549
35.19318392,-97.43854934,35.19318393,-97.43854941,328.3745574,1.40E-05,36.70000076,35.1931839,-97.438549