unix_ms,latitude,longitude,altitude_m,speed_mps,steeringAngleDegree
1763595873403,35.19321165524902,-97.43856357450954,334.72128320401265,2.896747350692749,-17.399999618530273
1763595873403,35.19321153841922,-97.43856513603356,334.72160173053754,2.95515775680542,-17.100000381469727
1763595873403,35.193211426874875,-97.4385666673858,334.7241248182329,3.0116772651672363,-16.899999618530273
1763595873403,35.193211312915054,-97.43856815398297,334.73041874249253,3.082866907119751,-16.799999237060547
1763595873403,35.193211200797066,-97.43856978965785,334.7331991779455,3.1256630420684814,-16.700000762939453
1763595873403,35.19321107528779,-97.43857140148074,334.7381474477958,3.180741310119629,-16.600000381469727
1763595873403,35.193210970639534,-97.43857295654209,334.74571704404946,3.214818000793457,-16.600000381469727
1763595873403,35.1932108609647,-97.43857449190415,334.7552178026875,3.2603514194488525,-16.5
1763595873403,35.1932107338528,-97.43857611626193,334.76225905782627,3.308048963546753,-16.399999618530273
1763595873403,35.19321064904472,-97.438577858801,334.76172762252963,3.359950304031372,-16.399999618530273
1763595873403,35.193210534968344,-97.43857959540628,334.76482061687886,3.41898250579834,-16.399999618530273
1763595873403,35.19321044540891,-97.43858134588713,334.76573343534267,3.4537339210510254,-16.399999618530273
1763595873403,35.19321034735919,-97.43858312161548,334.766478444147,3.501850128173828,-16.399999618530273
1763595873403,35.19321022805701,-97.4385848915346,334.7699522374609,3.5324501991271973,-16.399999618530273
1763595873403,35.1932101474579,-97.43858657309356,334.7701382963711,3.578500747680664,-16.399999618530273
1763595873403,35.193210033210775,-97.4385885473507,334.77365808463,3.627112627029419,-16.399999618530273
1763595873403,35.19320994091896,-97.43859039865457,334.77458383909664,3.668252944946289,-16.399999618530273
1763595873403,35.19320983683973,-97.43859221233208,334.7778688659351,3.698849678039551,-16.399999618530273
1763595873403,35.193209749131924,-97.43859402701823,334.7777983269574,3.7214882373809814,-16.399999618530273
1763595873403,35.19320963777581,-97.438596093049,334.779662371884,3.761369466781616,-16.299999237060547
1763595874403,35.19320498272088,-97.43860133555633,334.4711175611067,3.800171375274658,-16.200000762939453
1763595874403,35.1932048287134,-97.43860354842627,334.4704513957217,3.8297247886657715,-16.0
1763595874403,35.193204685129814,-97.4386056630025,334.47034265814216,3.8658907413482666,-15.800000190734863
1763595874403,35.19320454283669,-97.43860776101525,334.47086290739287,3.8989973068237305,-15.5
1763595874403,35.19320438843802,-97.43861000164904,334.47124952686517,3.9374282360076904,-15.300000190734863
1763595874403,35.193204232872624,-97.43861224880224,334.4691649551889,3.9665894508361816,-15.0
1763595874403,35.19320408169508,-97.43861448531501,334.4685124371812,4.007555961608887,-14.300000190734863
1763595874403,35.193203935999,-97.43861670077084,334.4678776208667,4.026224136352539,-13.699999809265137
1763595874403,35.19320379071421,-97.4386189933267,334.46695066631867,4.040314674377441,-13.0
1763595874403,35.19320365022189,-97.43862122759296,334.46732526690823,4.066676139831543,-12.0
1763595874403,35.1932035118233,-97.43862350059305,334.466233126267,4.091429710388184,-11.5
1763595874403,35.19320337527745,-97.43862575635517,334.4676569969674,4.127160549163818,-10.899999618530273
1763595874403,35.19320324725457,-97.43862796878547,334.46889301798967,4.1426873207092285,-10.600000381469727
1763595874403,35.19320310596607,-97.43863029410747,334.47007241705376,4.157555103302002,-10.199999809265137
1763595874403,35.193202963200534,-97.43863254781198,334.4717018080828,4.170666217803955,-9.899999618530273
1763595874403,35.19320282392908,-97.43863482958554,334.4709015894662,4.193504333496094,-9.600000381469727
1763595874403,35.193202678826545,-97.4386371107284,334.47295207566606,4.2140045166015625,-9.5
1763595874403,35.19320254109595,-97.43863936312151,334.47371771134976,4.233564853668213,-9.100000381469727
1763595874403,35.19320239323147,-97.43864156712627,334.47927454726,4.253971576690674,-8.5
1763595874403,35.19320225676417,-97.4386435888867,334.4852284339894,4.269360065460205,-7.699999809265137
1763595874403,35.193202109534084,-97.43864603609758,334.49121589904905,4.289577484130859,-6.0
1763595875403,35.19319824834994,-97.43864896713198,334.2871570058148,4.317006587982178,-2.0999999046325684
1763595875403,35.1931981649009,-97.4386502628041,334.28761845692355,4.32449197769165,-0.8999999761581421
1763595875403,35.193198019177444,-97.43865257121688,334.2859149704684,4.341115951538086,3.0
1763595875403,35.19319787164903,-97.43865487050905,334.2857962446929,4.378617763519287,9.199999809265137
1763595875403,35.193197711479975,-97.43865727577011,334.28654447340136,4.407088279724121,13.899999618530273
1763595875403,35.19319754316143,-97.4386596917128,334.287083627268,4.431591033935547,20.899999618530273
1763595875403,35.19319737502494,-97.43866199033292,334.286697788498,4.452682018280029,29.799999237060547
1763595875403,35.19319718155405,-97.4386644019351,334.28648227003197,4.4685187339782715,35.900001525878906
1763595875403,35.19319696764119,-97.43866682798837,334.28461936588747,4.493704319000244,45.0
1763595875403,35.193196728497554,-97.43866924235822,334.2827617056991,4.510915279388428,51.099998474121094
1763595875403,35.1931964635698,-97.43867167397153,334.28149856313973,4.539150238037109,59.099998474121094
1763595875403,35.1931961770477,-97.43867409660841,334.2806720648265,4.567692279815674,69.5
1763595875403,35.193195864052385,-97.43867651305887,334.27964909921076,4.589532375335693,77.19999694824219
1763595875403,35.193195519102076,-97.43867895715034,334.278851521246,4.613032341003418,86.9000015258789
1763595875403,35.19319514682277,-97.43868140863847,334.277878968438,4.626884937286377,98.0999984741211
1763595875403,35.19319474428581,-97.43868390152272,334.2758602352709,4.643035411834717,105.30000305175781
1763595875403,35.1931943390109,-97.43868628570011,334.27382629978524,4.65259313583374,113.80000305175781
1763595875403,35.19319387397943,-97.43868882227771,334.2712836931662,4.675506114959717,123.4000015258789
1763595875403,35.19319338405305,-97.43869128879649,334.2680428274838,4.687032222747803,129.5
1763595875403,35.193192833118886,-97.43869382083244,334.26424860849744,4.697141647338867,136.89999389648438
1763595876403,35.19318848420501,-97.4386974811618,334.127995674037,4.707644462585449,144.60000610351562
1763595876403,35.193187802566875,-97.43869996857237,334.12614932069397,4.71774435043335,152.1999969482422
1763595876403,35.19318709134893,-97.43870238911042,334.1248211319842,4.727969646453857,161.10000610351562
1763595876403,35.19318631619353,-97.43870485857312,334.1241100646276,4.733523845672607,166.89999389648438
1763595876403,35.19318550632899,-97.43870728627137,334.1245077812502,4.73901891708374,174.10000610351562
1763595876403,35.19318465230069,-97.43870971603712,334.1244374570443,4.744061470031738,181.3000030517578
1763595876403,35.19318376727093,-97.43871209328682,334.1244019727655,4.750002384185791,187.89999389648438
1763595876403,35.19318282565704,-97.43871450343863,334.1242895239781,4.754812717437744,193.3000030517578
1763595876403,35.19318184283616,-97.43871686193292,334.12521824638446,4.756684303283691,198.1999969482422
1763595876403,35.19318079224882,-97.43871922145539,334.12666954755343,4.760365009307861,202.39999389648438
1763595876403,35.19317974070388,-97.43872149837166,334.1278802356723,4.7672295570373535,206.3000030517578
1763595876403,35.193178597420875,-97.43872382749538,334.12910598422735,4.764378070831299,209.60000610351562
1763595876403,35.193177420332574,-97.43872612604028,334.1296769571291,4.761961460113525,212.8000030517578
1763595876403,35.19317619187402,-97.43872839942449,334.1304036771617,4.7629170417785645,214.0
1763595876403,35.19317493918184,-97.43873062105213,334.1313239128187,4.767806053161621,214.0
1763595876403,35.193173631956164,-97.43873280443371,334.134145100083,4.774040222167969,214.10000610351562
1763595876403,35.19317231981156,-97.43873492062485,334.13703987815506,4.782778739929199,214.10000610351562
1763595876403,35.19317094773266,-97.43873704748134,334.14014794182174,4.782657146453857,214.10000610351562
1763595876403,35.193169574757775,-97.43873909187415,334.14378753558026,4.782747268676758,214.10000610351562
1763595877403,35.19316613968662,-97.43874213046647,333.9020524458171,4.777039527893066,215.0
1763595877403,35.19316494791821,-97.43874374632318,333.9052016968134,4.774156093597412,215.89999389648438
1763595877403,35.19316344529341,-97.4387457208168,333.90946107100984,4.7839531898498535,218.39999389648438
1763595877403,35.19316190676369,-97.438747689902,333.91271642797597,4.786479949951172,221.5
1763595877403,35.19316034570954,-97.43874959770386,333.916053909311,4.786379337310791,224.60000610351562
1763595877403,35.19315879414743,-97.43875139883377,333.9198249424279,4.7856831550598145,228.10000610351562
1763595877403,35.19315711438465,-97.4387532050305,333.92573528092066,4.784207344055176,230.5
1763595877403,35.19315545122091,-97.43875493866474,333.93133086299736,4.787137985229492,233.6999969482422
1763595877403,35.193153749134915,-97.43875663310405,333.93792340312876,4.78856086730957,236.89999389648438
1763595877403,35.19315198316837,-97.4387582926536,333.9462237165657,4.7978363037109375,241.10000610351562
1763595877403,35.1931502993998,-97.43875981063195,333.9543958760033,4.8062520027160645,244.39999389648438
1763595877403,35.19314851073704,-97.43876132036826,333.96451995416214,4.809295177459717,248.60000610351562
1763595877403,35.193146621806264,-97.4387628270836,333.97530124425936,4.8109917640686035,252.8000030517578
1763595877403,35.19314480227977,-97.43876420118819,333.98508111980414,4.819239616394043,257.6000061035156
1763595877403,35.1931429163544,-97.43876558271751,333.99315462601146,4.8236188888549805,260.1000061035156
1763595877403,35.193141075674276,-97.43876685634842,334.00011676819014,4.830326557159424,262.29998779296875
1763595877403,35.19313915700075,-97.43876810823471,334.0071142783216,4.8280792236328125,263.3999938964844
1763595877403,35.19313716961813,-97.43876932107293,334.0144909607968,4.827508926391602,263.70001220703125
1763595877403,35.19313512150851,-97.43877043356933,334.02299564948095,4.820044994354248,264.29998779296875
1763595877403,35.19313315602335,-97.43877136927553,334.0326418957536,4.827840328216553,265.0
1763595877403,35.193131127147275,-97.43877221960071,334.0440117888078,4.845139980316162,266.0
1763595878403,35.193125493773294,-97.43877056297023,333.89127720865895,4.870815753936768,267.20001220703125
1763595878403,35.19312423224825,-97.43877096659278,333.8981979897346,4.877979278564453,267.79998779296875
1763595878403,35.19312219897724,-97.43877155046701,333.90922689214034,4.88615608215332,268.70001220703125
1763595878403,35.193120012485906,-97.43877211070458,333.9206069608333,4.8970441818237305,269.29998779296875
1763595878403,35.193117936097686,-97.4387725733584,333.9310876907301,4.914676666259766,269.5
1763595878403,35.19311588814231,-97.43877294436358,333.94152855880435,4.925472736358643,269.8999938964844
1763595878403,35.193113804574864,-97.43877326015041,333.9522018300348,4.933235168457031,270.29998779296875
1763595878403,35.19311172761983,-97.43877348734219,333.9635022958511,4.9350666999816895,270.8999938964844
1763595878403,35.19310960968856,-97.43877364860585,333.97575874676903,4.945231914520264,272.1000061035156
1763595878403,35.19310748862363,-97.43877369914924,333.98846534804704,4.956741809844971,273.6000061035156
1763595878403,35.193105336803626,-97.4387736755121,334.0015179227647,4.969622611999512,275.29998779296875
1763595878403,35.19310323840096,-97.43877356231206,334.014429202002,4.984364986419678,277.6000061035156
1763595878403,35.193101314028716,-97.43877340845651,334.026795352159,4.993187427520752,279.5
1763595878403,35.19309909571393,-97.43877314211963,334.04018442079257,5.007631301879883,280.79998779296875
1763595878403,35.193097162250986,-97.4387728386964,334.0511745229899,5.0153985023498535,281.29998779296875
1763595878403,35.19309493408366,-97.43877240282774,334.0642160633326,5.028697490692139,281.3999938964844
1763595878403,35.19309291125135,-97.43877193322369,334.0767103286639,5.0390238761901855,281.3999938964844
1763595878403,35.1930908678269,-97.43877137345655,334.0899636141158,5.048617839813232,281.3999938964844
1763595878403,35.193088883388505,-97.43877075163898,334.10266628379503,5.054579257965088,281.3999938964844
1763595878403,35.19308685359443,-97.43877002899819,334.11466781803193,5.057541370391846,281.3999938964844
1763595879403,35.19308284050519,-97.4387664599601,334.00926112130173,5.075935363769531,281.3999938964844
1763595879403,35.19308086792275,-97.43876549519051,334.02033038685437,5.0987138748168945,281.3999938964844
1763595879403,35.19307890539903,-97.43876446490846,334.031224933236,5.117861270904541,281.3999938964844
1763595879403,35.19307698151846,-97.43876339466425,334.0420058587795,5.137959003448486,281.3999938964844
1763595879403,35.19307514422988,-97.43876227550724,334.0533239872254,5.148983001708984,281.3999938964844
1763595879403,35.19307324853164,-97.43876100272625,334.06645484657264,5.166803359985352,281.3999938964844
1763595879403,35.19307161501641,-97.438759852402,334.07829687647484,5.1822686195373535,281.29998779296875
1763595879403,35.19306969068267,-97.43875835578561,334.09202441474594,5.198416709899902,281.20001220703125
1763595879403,35.193067928921046,-97.43875693271124,334.1036464175855,5.215627193450928,281.1000061035156
1763595879403,35.1930661577379,-97.4387554033939,334.11530194950865,5.228183746337891,280.6000061035156
1763595879403,35.193064523627584,-97.43875390241962,334.12580006085915,5.24602746963501,279.20001220703125
1763595879403,35.1930628318628,-97.43875226568034,334.1363201608421,5.274812698364258,276.20001220703125
1763595879403,35.19306126107086,-97.43875063682657,334.14640082759166,5.295347690582275,273.20001220703125
1763595879403,35.19305969791885,-97.43874880221972,334.1569417562797,5.30937385559082,269.1000061035156
1763595879403,35.19305826338541,-97.43874702386175,334.1674108380419,5.326198101043701,264.3999938964844
1763595879403,35.193056817061205,-97.43874516434285,334.1789106816172,5.351499080657959,259.3999938964844
1763595879403,35.19305541939668,-97.43874325354524,334.1918995491783,5.368086814880371,257.20001220703125
1763595879403,35.19305406686052,-97.43874133529056,334.2046587525851,5.3939690589904785,255.0
1763595879403,35.193052722807764,-97.43873932928062,334.21831453654585,5.427023410797119,251.39999389648438
1763595880403,35.19304964968701,-97.43873543960089,334.1290250937884,5.460901737213135,245.3000030517578
1763595880403,35.19304889536488,-97.43873433911541,334.1365770073565,5.4706268310546875,243.3000030517578
1763595880403,35.19304756649302,-97.43873202940786,334.15119600471235,5.486764907836914,238.0
1763595880403,35.193046492606136,-97.43873011961863,334.16340469475966,5.496593952178955,232.6999969482422
1763595880403,35.19304527976469,-97.43872772116244,334.1772140853532,5.49916410446167,227.39999389648438
1763595880403,35.193044214816226,-97.43872551969118,334.1907153234516,5.513973236083984,222.10000610351562
1763595880403,35.193043130453,-97.43872328122164,334.2052397759926,5.527238368988037,217.5
1763595880403,35.19304209077255,-97.43872105908859,334.21874395625235,5.537201881408691,213.89999389648438
1763595880403,35.193041021956354,-97.43871875045842,334.2330811868559,5.561304569244385,211.3000030517578
1763595880403,35.19303996256557,-97.43871650304165,334.2489627842984,5.592791557312012,209.0
1763595880403,35.193038747212185,-97.43871423479591,334.2652436506611,5.6129961013793945,206.10000610351562
1763595880403,35.19303758515852,-97.43871200581374,334.2818693322042,5.63055419921875,201.6999969482422
1763595880403,35.193036477207045,-97.43870970831298,334.29963206810226,5.650463104248047,195.89999389648438
1763595880403,35.19303543627052,-97.43870739197395,334.3188450238144,5.664995193481445,189.3000030517578
1763595880403,35.19303442301548,-97.43870521634322,334.3372229166023,5.673996448516846,182.60000610351562
1763595880403,35.19303344969461,-97.43870264525776,334.3564848461216,5.69307279586792,174.5
1763595880403,35.193032522233565,-97.43870013182391,334.3738605697864,5.706234931945801,169.39999389648438
1763595880403,35.193031699485985,-97.43869767940635,334.39126403660765,5.719165802001953,163.6999969482422
1763595880403,35.193030808654385,-97.43869515546976,334.4087077111338,5.739854335784912,159.60000610351562
1763595880403,35.193029966863975,-97.43869265261466,334.4261002783833,5.751664638519287,159.0
1763595881403,35.19302809294975,-97.43868748255647,334.36836356863273,5.768322467803955,159.0
1763595881403,35.19302730660668,-97.43868522053124,334.3862117758997,5.78168249130249,158.89999389648438
1763595881403,35.193026510181944,-97.43868262868654,334.4066288089443,5.804414749145508,158.89999389648438
1763595881403,35.19302580617213,-97.43867988870342,334.427832544923,5.836129188537598,158.89999389648438
1763595881403,35.193025170960304,-97.43867711950183,334.44894101864816,5.845406532287598,158.89999389648438
1763595881403,35.193024619517836,-97.4386744311766,334.4688257517986,5.8567585945129395,158.8000030517578
1763595881403,35.19302415653513,-97.43867164865866,334.48856528590306,5.877776145935059,158.0
1763595881403,35.193023715933045,-97.43866897783258,334.50781321755454,5.887475967407227,155.89999389648438
1763595881403,35.19302334987663,-97.43866620559197,334.5268674007986,5.903095245361328,151.6999969482422
1763595881403,35.19302301694176,-97.43866330445404,334.547024554675,5.913387298583984,146.6999969482422
1763595881403,35.193022735178474,-97.43866059012569,334.56640690720377,5.922272205352783,141.5
1763595881403,35.193022472234205,-97.43865769812714,334.58705833466325,5.943923473358154,133.1999969482422
1763595881403,35.19302224992773,-97.43865480330665,334.6072241037274,5.966594219207764,123.4000015258789
1763595881403,35.193022084715714,-97.43865223948558,334.62470022131987,5.987285137176514,112.4000015258789
1763595881403,35.19302196580942,-97.43864919749758,334.64479591433593,6.00205659866333,101.5
1763595881403,35.19302179631434,-97.4386466039937,334.66299229097194,6.009514808654785,90.9000015258789
1763595881403,35.193021616065636,-97.43864373442987,334.6816800585541,6.018172740936279,80.0999984741211
1763595881403,35.19302143628229,-97.43864062150143,334.701394191895,6.026708602905273,67.5999984741211
1763595881403,35.193021199538904,-97.43863765819258,334.72004944634847,6.0375518798828125,59.900001525878906
1763595881403,35.1930210177693,-97.43863485456838,334.7366302450423,6.051810264587402,51.099998474121094
1763595882403,35.19301936260132,-97.43861783302535,334.51084309121205,6.0728559494018555,42.20000076293945
1763595882403,35.19301921661995,-97.43861545635157,334.5224734563965,6.076170921325684,37.29999923706055
1763595882403,35.19301909628298,-97.4386124291942,334.5373959302239,6.072529315948486,32.70000076293945
1763595882403,35.19301885710908,-97.43860940890906,334.5525792271734,6.065315246582031,29.299999237060547
1763595882403,35.193018669411046,-97.43860637181,334.56735036804446,6.056570053100586,26.299999237060547
1763595882403,35.19301846056978,-97.43860339272837,334.5815652605565,6.045743942260742,22.5
1763595882403,35.193018169209765,-97.43860030281137,334.5976149826681,6.031858921051025,19.5
1763595882403,35.19301779135442,-97.43859729054738,334.6145170888966,6.0213623046875,17.399999618530273
1763595882403,35.19301749682623,-97.43859428456436,334.6348942160402,6.00311279296875,15.5
1763595882403,35.19301718272957,-97.43859136639152,334.65406643250947,5.9571356773376465,14.199999809265137
1763595882403,35.19301694751916,-97.4385884440095,334.67107566532167,5.918213844299316,14.100000381469727
1763595882403,35.193016759166476,-97.43858561007279,334.6884738637104,5.894829273223877,14.5
1763595882403,35.19301655115322,-97.43858276206713,334.7051180729762,5.866354465484619,15.600000381469727
1763595882403,35.19301637000494,-97.43858006373512,334.719785291759,5.830145359039307,17.299999237060547
1763595882403,35.19301616571498,-97.4385774027956,334.73312524279675,5.791987895965576,19.899999618530273
1763595882403,35.1930159591052,-97.43857475594814,334.7450478388958,5.760354518890381,22.399999618530273
1763595882403,35.19301578561766,-97.43857197643564,334.75792130333696,5.729097366333008,24.5
1763595882403,35.19301564462715,-97.43856929939,334.7720342666038,5.703245162963867,25.799999237060547
1763595882403,35.193015506503535,-97.43856661131419,334.7865786401334,5.669027328491211,26.600000381469727
1763595882403,35.19301540120608,-97.43856398611715,334.80121594911134,5.627490997314453,26.600000381469727
1763595883403,35.19301550716085,-97.43855255514855,334.550388011614,5.576610565185547,26.600000381469727
1763595883403,35.19301547848871,-97.43855031765719,334.5598433191796,5.546514987945557,26.600000381469727
1763595883403,35.19301548364571,-97.43854770719834,334.5715113067348,5.4927077293396,26.600000381469727
1763595883403,35.19301548249256,-97.43854519357555,334.5837648165022,5.446365833282471,26.600000381469727
1763595883403,35.19301550249677,-97.43854266180158,334.5975516785736,5.382917404174805,26.600000381469727
1763595883403,35.19301554266243,-97.43854023090795,334.6091945405958,5.326056003570557,26.5
1763595883403,35.193015585445856,-97.43853775936603,334.61988072021484,5.269883632659912,26.600000381469727
1763595883403,35.19301562914798,-97.43853542469046,334.629886711818,5.210873603820801,26.799999237060547
1763595883403,35.19301566343945,-97.43853310178957,334.6399364009174,5.160962104797363,27.399999618530273
1763595883403,35.1930157059621,-97.43853080400119,334.64969156530094,5.097579002380371,29.200000762939453
1763595883403,35.19301574977594,-97.43852853164685,334.6606216525473,5.010858058929443,32.20000076293945
1763595883403,35.193015810372216,-97.43852632281434,334.670000456362,4.932821750640869,34.79999923706055
1763595883403,35.19301588287923,-97.43852411756052,334.6788652226693,4.877646446228027,36.79999923706055
1763595883403,35.193015963155744,-97.43852198410654,334.687674534341,4.81032657623291,38.5
1763595883403,35.19301604669703,-97.4385198431275,334.69641845245746,4.747273921966553,39.400001525878906
1763595883403,35.193016143002694,-97.43851780227072,334.70487229667964,4.674424171447754,39.900001525878906
1763595883403,35.193016252403595,-97.43851575860829,334.7125970722875,4.601582050323486,40.099998474121094
1763595883403,35.19301636961808,-97.43851385464092,334.718224217706,4.5288166999816895,40.400001525878906
1763595883403,35.193016496503915,-97.43851191098186,334.7255076975116,4.453440189361572,41.0
1763595883403,35.19301662419059,-97.4385099059737,334.73185809013745,4.36920166015625,41.5
1763595883403,35.19301675799709,-97.43850792516014,334.7362617773407,4.288690567016602,41.79999923706055
1763595884403,35.193017237225675,-97.43849346758037,334.4109644369925,4.154986381530762,41.79999923706055
1763595884403,35.19301729913834,-97.43849254633088,334.4116517346805,4.142206192016602,41.79999923706055
1763595884403,35.19301744559635,-97.43849069377643,334.41643023751993,4.064408302307129,41.79999923706055
1763595884403,35.19301759293185,-97.43848890497031,334.42114479112956,3.9696526527404785,41.70000076293945
1763595884403,35.19301774283814,-97.43848716897855,334.42596685013154,3.8987505435943604,41.400001525878906
1763595884403,35.19301789736938,-97.43848542988144,334.4311863865798,3.829634189605713,40.900001525878906
1763595884403,35.19301804780261,-97.43848377529535,334.43591259109354,3.7605578899383545,40.400001525878906
1763595884403,35.193018199442264,-97.43848222558834,334.44152839428386,3.6998612880706787,40.099998474121094
1763595884403,35.19301835558695,-97.43848070596107,334.44584302352973,3.618593454360962,39.29999923706055
1763595884403,35.19301851276424,-97.43847920401365,334.4502744307707,3.5442123413085938,38.20000076293945
1763595884403,35.19301866920234,-97.43847776311978,334.4541423589284,3.461094617843628,36.79999923706055
1763595884403,35.193018825635754,-97.4384762885878,334.4579776128086,3.395923137664795,35.79999923706055
1763595884403,35.193018973324584,-97.43847493078488,334.46206397758453,3.34438157081604,35.0
1763595884403,35.193019118389834,-97.43847357718134,334.46607274292177,3.2587406635284424,33.70000076293945
1763595884403,35.193019250956134,-97.43847226152177,334.468514572782,3.201632022857666,32.70000076293945
1763595884403,35.1930193909039,-97.43847094209312,334.4696569801596,3.1201791763305664,31.399999618530273
1763595884403,35.19301952084912,-97.43846968609834,334.47066553526173,3.0695056915283203,30.899999618530273
1763595884403,35.19301963518862,-97.43846855105963,334.47131969626264,3.020057201385498,30.799999237060547
1763595884403,35.1930197770057,-97.43846723453987,334.4720328611991,2.935636520385742,30.899999618530273
1763595884403,35.19301988964254,-97.43846608271085,334.47058121513453,2.8839802742004395,31.299999237060547
1763595885403,35.19302068726416,-97.43845262283925,334.0690927579829,2.8170628547668457,32.099998474121094
1763595885403,35.19302081246197,-97.43845151875014,334.0712402055121,2.752877950668335,33.400001525878906
1763595885403,35.193020950004744,-97.43845030104767,334.0731402211596,2.677577495574951,35.099998474121094
1763595885403,35.19302107882333,-97.43844918912752,334.0751471553479,2.615142345428467,36.099998474121094
1763595885403,35.193021205079624,-97.43844813050268,334.077108315782,2.567445755004883,36.5
1763595885403,35.19302133070483,-97.43844707990833,334.0781312926557,2.5102035999298096,36.5
1763595885403,35.193021456936854,-97.43844607118908,334.0792108954728,2.4438958168029785,36.5
1763595885403,35.193021570584506,-97.43844515891999,334.0792204293545,2.408125162124634,36.5
1763595885403,35.19302169938686,-97.43844414989702,334.0806320518165,2.330047845840454,36.5
1763595885403,35.193021803425005,-97.43844331860892,334.08198552041034,2.2837555408477783,36.5
1763595885403,35.1930219235678,-97.43844239624198,334.08440695868956,2.216601848602295,36.5
1763595885403,35.193022032696945,-97.43844157553168,334.0858682869343,2.1623992919921875,36.5
1763595885403,35.19302213347545,-97.4384407777039,334.08596158833836,2.121609687805176,36.5
1763595885403,35.19302223051989,-97.43844001384777,334.0857885228609,2.0720088481903076,36.5
1763595885403,35.19302232819542,-97.43843925655248,334.08542813646267,2.021101236343384,36.5
1763595885403,35.193022418971616,-97.43843856499662,334.0859239572978,1.9613817930221558,36.5
1763595885403,35.19302250159744,-97.43843790494142,334.08578627783265,1.9184978008270264,36.5
1763595885403,35.193022598808405,-97.4384371987239,334.08623724973563,1.8645994663238525,36.5
1763595885403,35.193022685188296,-97.43843654985227,334.08604396836176,1.8016657829284668,36.5
1763595886403,35.19302352643027,-97.43843023869452,333.7768831796921,1.7379263639450073,36.5
1763595886403,35.193023601012584,-97.43842968707592,333.77698398772156,1.7065476179122925,36.5
1763595886403,35.193023687458954,-97.43842906014645,333.7775352885675,1.644769549369812,36.5
1763595886403,35.19302376357363,-97.43842848818676,333.77763821566066,1.6029644012451172,36.5
1763595886403,35.193023842821866,-97.43842789817731,333.7771197062256,1.5528147220611572,36.5
1763595886403,35.19302391966664,-97.43842735319728,333.7766018847816,1.4999175071716309,36.5
1763595886403,35.19302399050416,-97.43842681945436,333.7754082591884,1.43898344039917,36.5
1763595886403,35.193024064230165,-97.43842630110261,333.77457736127184,1.4008671045303345,36.5
1763595886403,35.193024141834414,-97.43842577856118,333.77336916030407,1.3502871990203857,36.400001525878906
1763595886403,35.19302421875232,-97.4384252911011,333.77268986609727,1.2963143587112427,36.29999923706055
1763595886403,35.19302429543948,-97.43842481244198,333.77136190192675,1.2320797443389893,36.0
1763595886403,35.19302436072441,-97.43842436604038,333.7696985404832,1.1914139986038208,35.70000076293945
1763595886403,35.19302442991747,-97.43842392615358,333.7681702987925,1.1449817419052124,34.900001525878906
1763595886403,35.193024495579046,-97.4384235201825,333.7666560452077,1.094477891921997,33.5
1763595886403,35.19302455726632,-97.43842311643819,333.76491980760915,1.0500824451446533,32.20000076293945
1763595886403,35.193024619873704,-97.43842272411462,333.7624514048578,0.9984424710273743,31.100000381469727
1763595886403,35.19302468483682,-97.43842234295262,333.7603723222963,0.963986337184906,30.700000762939453
1763595886403,35.193024748211684,-97.43842198121062,333.75824180326987,0.9242749810218811,30.299999237060547
1763595886403,35.19302480625144,-97.43842165704783,333.7558294073454,0.8858513832092285,30.0
1763595886403,35.19302486298196,-97.4384213064456,333.7526879258388,0.8452444672584534,29.899999618530273
1763595886403,35.193024913210884,-97.43842098018604,333.74966079819166,0.8079589605331421,29.899999618530273
1763595887403,35.19302553051947,-97.4384159444665,333.45391850878804,0.75086510181427,29.899999618530273
1763595887403,35.193025563705,-97.43841576429456,333.45235299367664,0.7293640375137329,29.899999618530273
1763595887403,35.19302560835335,-97.43841552098748,333.4512715308206,0.7023341655731201,29.899999618530273
1763595887403,35.19302565467495,-97.43841526563506,333.4498713429643,0.6694214940071106,29.899999618530273
1763595887403,35.193025703119766,-97.43841499759827,333.4478522116088,0.6326837539672852,29.899999618530273
1763595887403,35.19302574532035,-97.43841476829512,333.44626555560876,0.6113746166229248,29.899999618530273
1763595887403,35.193025788561876,-97.43841453160148,333.44424277482756,0.5836313962936401,29.899999618530273
1763595887403,35.193025827782265,-97.43841431856495,333.44282390989565,0.5580565929412842,29.899999618530273
1763595887403,35.193025875360696,-97.43841409445105,333.44117061741264,0.5340526700019836,29.899999618530273
1763595887403,35.193025916346556,-97.4384138967762,333.4393663873785,0.5105464458465576,30.0
1763595887403,35.19302595996329,-97.43841368021195,333.4372864623729,0.4869905710220337,29.899999618530273
1763595887403,35.19302600387964,-97.43841346052629,333.4348809869237,0.4680626392364502,30.0
1763595887403,35.193026044511114,-97.43841325361208,333.43283781434775,0.4478670358657837,29.899999618530273
1763595887403,35.193026082794184,-97.43841305420769,333.430426435922,0.4233190417289734,29.899999618530273
1763595887403,35.193026116445246,-97.43841287231923,333.42851077365503,0.4076882600784302,30.0
1763595887403,35.1930261572658,-97.43841267677186,333.42635072104065,0.38868287205696106,29.899999618530273
1763595887403,35.19302619945004,-97.43841247698477,333.42361200912563,0.36790645122528076,29.899999618530273
1763595887403,35.193026233895175,-97.43841230498225,333.4213722246114,0.3486957550048828,30.0
1763595887403,35.193026276517614,-97.43841209057051,333.41849165494773,0.3258821666240692,29.899999618530273
1763595887403,35.193026306584045,-97.43841192435704,333.416019882114,0.3099137842655182,29.899999618530273
1763595887403,35.19302633388016,-97.43841178579855,333.4141221635807,0.2413972020149231,29.899999618530273
1763595888403,35.19302645386884,-97.43840939082335,333.13006656737736,0.0694233849644661,29.899999618530273
1763595888403,35.19302655511073,-97.43840937962901,333.1209830345874,-0.05951013043522835,29.899999618530273
1763595888403,35.19302662790319,-97.43840935337307,333.11467855708077,-0.0827859416604042,29.899999618530273
1763595888403,35.193026692030045,-97.4384092881056,333.10905845946553,-0.07372436672449112,29.899999618530273
1763595888403,35.193026746744884,-97.43840926234525,333.1038997965521,-0.042944759130477905,29.899999618530273
1763595888403,35.193026771833445,-97.43840932139464,333.1005037548331,-0.019217470660805702,29.799999237060547
1763595888403,35.193026804928444,-97.43840932361732,333.0970943701744,-0.005970269441604614,29.799999237060547
1763595888403,35.19302683221209,-97.43840923019243,333.0951723480687,0.0031727496534585953,29.799999237060547
1763595888403,35.19302685150458,-97.43840917130427,333.09376755560095,0.00612641591578722,29.899999618530273
1763595888403,35.193026854735926,-97.43840919906772,333.0931010046758,0.005588417872786522,29.799999237060547
1763595888403,35.1930268330271,-97.43840909348071,333.09539643552006,0.003323512151837349,29.799999237060547
1763595888403,35.193026788764364,-97.43840900357672,333.09946580046966,0.0018447485053911805,29.899999618530273
1763595888403,35.19302674201626,-97.43840888518304,333.1040855581695,0.0005067245219834149,29.899999618530273
1763595888403,35.19302666502142,-97.43840878989982,333.1106517311356,-0.0002895182406064123,29.799999237060547
1763595888403,35.19302659891314,-97.43840874921797,333.1164798596575,-0.0004621518310159445,29.799999237060547
1763595888403,35.19302653391414,-97.43840868935713,333.12186052812973,-0.0004231272323522717,29.899999618530273
1763595888403,35.19302646531812,-97.43840859939104,333.1272663869363,-0.000286950875306502,29.799999237060547
1763595888403,35.193026412960684,-97.43840848179396,333.1310641159789,-0.00012090334348613396,29.799999237060547
1763595888403,35.193026352713126,-97.43840836496663,333.13527602787235,-2.7796291760751046e-05,29.799999237060547
1763595889403,35.19302648335604,-97.43840733066585,332.8791113472568,2.875759128073696e-05,29.799999237060547
1763595889403,35.19302646392321,-97.43840722060436,332.88064057465704,3.332098276587203e-05,29.799999237060547
1763595889403,35.19302646627929,-97.43840708260295,332.8810953798899,0.17493046820163727,29.799999237060547
1763595889403,35.19302648117576,-97.43840698141064,332.88077017625193,0.30835631489753723,29.799999237060547
1763595889403,35.193026496212184,-97.43840687999244,332.8804619185584,0.4054478108882904,29.799999237060547
1763595889403,35.19302651574351,-97.4384067569444,332.88004696552895,0.44338682293891907,29.799999237060547
1763595889403,35.19302653523954,-97.43840664058219,332.87997816661687,0.46545156836509705,29.5
1763595889403,35.19302656318158,-97.43840647348384,332.8796813275827,0.4723522365093231,29.399999618530273
1763595889403,35.193026587143,-97.43840633225985,332.87942773890205,0.47850504517555237,29.299999237060547
1763595889403,35.19302661629646,-97.43840615983612,332.8789506100842,0.4913114905357361,29.299999237060547
1763595889403,35.19302664958929,-97.43840596337016,332.87858380919084,0.5116980671882629,29.299999237060547
1763595889403,35.19302667554338,-97.43840580055014,332.87821791380554,0.5344477295875549,29.200000762939453
1763595889403,35.193026712334444,-97.43840559054237,332.87760704507684,0.5643474459648132,29.200000762939453
1763595889403,35.19302674989755,-97.43840536392395,332.87712611919306,0.58575439453125,29.100000381469727
1763595889403,35.19302678586206,-97.43840515559883,332.87671081716644,0.6106442213058472,29.100000381469727
1763595889403,35.193026827743324,-97.4384049009617,332.87637839282644,0.6348277926445007,29.100000381469727
1763595889403,35.193026867985665,-97.43840465366287,332.87593928078456,0.6624909043312073,29.100000381469727
1763595889403,35.19302691239561,-97.43840440122766,332.87548875884767,0.6856574416160583,29.100000381469727
1763595889403,35.1930269552688,-97.43840414263371,332.87513046032706,0.7025918364524841,29.100000381469727
1763595889403,35.193027004917866,-97.4384038452247,332.8746680602003,0.7226390242576599,29.100000381469727
1763595889403,35.19302704937067,-97.43840357676734,332.8740056382877,0.743996262550354,29.100000381469727
1763595890403,35.19302692665013,-97.43840186607889,332.62368761580433,0.7731707692146301,29.100000381469727
1763595890403,35.19302695736209,-97.43840166823311,332.6232792370212,0.7861177325248718,29.100000381469727
1763595890403,35.19302701892878,-97.43840131079364,332.62275523372966,0.8114836812019348,29.100000381469727
1763595890403,35.1930270651832,-97.43840101085958,332.62221441802103,0.8345252871513367,29.100000381469727
1763595890403,35.193027127905786,-97.43840064030387,332.6218152673804,0.8551120758056641,29.100000381469727
1763595890403,35.19302718627555,-97.43840027118647,332.62130677756244,0.8874433040618896,29.100000381469727
1763595890403,35.19302724926316,-97.43839988784003,332.6210068384606,0.9203786849975586,28.799999237060547
1763595890403,35.19302731491985,-97.43839948804542,332.6207448349898,0.9626282453536987,28.5
1763595890403,35.19302738161588,-97.4383990734717,332.62052430236633,0.9952483177185059,28.399999618530273
1763595890403,35.19302745190989,-97.43839864038856,332.6201601831934,1.044399619102478,28.100000381469727
1763595890403,35.19302752697385,-97.43839819491527,332.61990261374154,1.0770329236984253,27.799999237060547
1763595890403,35.19302760335331,-97.43839773140186,332.6193419758569,1.1175587177276611,27.0
1763595890403,35.19302768706459,-97.43839722818996,332.61885328035976,1.1586644649505615,26.200000762939453
1763595890403,35.19302777790359,-97.43839671164427,332.6184288250583,1.2070680856704712,25.700000762939453
1763595890403,35.19302786570595,-97.43839619386225,332.61780077475237,1.238763451576233,25.600000381469727
1763595890403,35.19302796359954,-97.43839562588751,332.6173076520075,1.2808327674865723,25.399999618530273
1763595890403,35.19302806363336,-97.43839502210221,332.616725289697,1.3253920078277588,25.200000762939453
1763595890403,35.193028158451554,-97.4383944257615,332.61645832755806,1.3757681846618652,25.100000381469727
1763595890403,35.193028262349934,-97.43839378131482,332.6160329478396,1.431880235671997,25.0
1763595890403,35.1930283774444,-97.43839309828607,332.6158154696553,1.4922008514404297,24.899999618530273
1763595891403,35.19302843462417,-97.43839086293029,332.4272519929716,1.578679084777832,24.299999237060547
1763595891403,35.19302853335712,-97.43839026784042,332.4267814303492,1.618182897567749,23.799999237060547
1763595891403,35.19302866041173,-97.43838949689204,332.42617438522944,1.696024775505066,22.700000762939453
1763595891403,35.19302880595282,-97.43838866826553,332.4254579703717,1.762599229812622,21.799999237060547
1763595891403,35.193028951659784,-97.43838781707272,332.42466672521255,1.8153196573257446,21.0
1763595891403,35.19302910654856,-97.43838693508961,332.42374129934035,1.883058786392212,20.200000762939453
1763595891403,35.193029264418605,-97.43838602091553,332.4228799192159,1.948166847229004,19.399999618530273
1763595891403,35.19302942400215,-97.43838508477847,332.4218288189697,2.025472402572632,18.700000762939453
1763595891403,35.19302958205981,-97.43838414837532,332.4208725196169,2.0754034519195557,18.200000762939453
1763595891403,35.193029763984,-97.4383830583319,332.41991460589753,2.1393795013427734,17.200000762939453
1763595891403,35.19302994454061,-97.43838200396509,332.4186187480247,2.199368715286255,16.0
1763595891403,35.19303013048171,-97.43838092323475,332.4171052508124,2.270623207092285,14.800000190734863
1763595891403,35.19303030929106,-97.43837986989757,332.41563195949453,2.3203933238983154,14.100000381469727
1763595891403,35.19303052295199,-97.43837861674663,332.41394754634274,2.3948333263397217,13.300000190734863
1763595891403,35.19303070340068,-97.43837753414752,332.4127499591432,2.4444165229797363,12.699999809265137
1763595891403,35.19303093237154,-97.43837617988021,332.41123674089425,2.507833480834961,12.300000190734863
1763595891403,35.19303115453185,-97.43837493336385,332.4103014605296,2.5650904178619385,11.800000190734863
1763595891403,35.193031359471796,-97.43837373597108,332.40904325136046,2.6253862380981445,11.0
1763595891403,35.19303160065448,-97.43837230943313,332.4072112006627,2.701845407485962,10.199999809265137
1763595891403,35.19303184128409,-97.43837092697062,332.4058119499341,2.7529666423797607,9.699999809265137
1763595892403,35.19303219099278,-97.43836824626169,332.2042374408404,2.827117919921875,8.899999618530273
1763595892403,35.193032444251806,-97.43836681172026,332.2029944595434,2.883574962615967,8.100000381469727
1763595892403,35.19303270893411,-97.43836530628495,332.2015181924025,2.931783676147461,7.699999809265137
1763595892403,35.193032973852965,-97.43836379548318,332.199947952529,3.00607967376709,7.099999904632568
1763595892403,35.1930332261578,-97.43836236892228,332.1984790338252,3.0516867637634277,6.699999809265137
1763595892403,35.19303353530408,-97.43836062961192,332.19646516583583,3.113154411315918,6.099999904632568
1763595892403,35.193033818987956,-97.43835903172743,332.19451225360314,3.1850783824920654,5.400000095367432
1763595892403,35.19303410541953,-97.43835740788478,332.19274982847054,3.2317140102386475,5.099999904632568
1763595892403,35.19303440679637,-97.43835570078078,332.1917599723317,3.2875008583068848,4.599999904632568
1763595892403,35.19303470844509,-97.43835399378574,332.1901183232921,3.3470067977905273,4.099999904632568
1763595892403,35.19303501586154,-97.4383522612681,332.1886479295316,3.4033546447753906,3.5999999046325684
1763595892403,35.193035322242146,-97.43835050168387,332.18678640733293,3.4731647968292236,2.700000047683716
1763595892403,35.193035647776604,-97.43834869353721,332.18480344558276,3.5259745121002197,1.5
1763595892403,35.19303598211991,-97.43834687297588,332.1834896848143,3.5711617469787598,0.4000000059604645
1763595892403,35.19303633162115,-97.43834498414716,332.1816013335722,3.624337673187256,-1.0
1763595892403,35.193036635544495,-97.43834326692449,332.1798683400364,3.667212963104248,-2.0999999046325684
1763595892403,35.193036980598976,-97.43834133042287,332.17846466381036,3.732461929321289,-3.4000000953674316
1763595892403,35.19303736157701,-97.43833920295891,332.17693522012905,3.7914233207702637,-4.300000190734863
1763595892403,35.1930377120063,-97.43833725148455,332.1759266675301,3.841088056564331,-5.0
1763595892403,35.19303806665787,-97.43833518909037,332.17390029463365,3.895406484603882,-5.300000190734863
1763595893403,35.193038884718675,-97.43833199493506,331.9754883397728,3.943868637084961,-5.599999904632568
1763595893403,35.19303922965431,-97.4383299894116,331.97284149538746,3.9908907413482666,-5.800000190734863
1763595893403,35.19303961445348,-97.43832778177858,331.9699855722672,4.043392181396484,-6.099999904632568
1763595893403,35.19303999909705,-97.43832562441274,331.96756518289413,4.097160816192627,-6.5
1763595893403,35.19304036389209,-97.43832360231403,331.966044375716,4.144085884094238,-6.599999904632568
1763595893403,35.19304078982062,-97.43832123816064,331.963005738225,4.193764686584473,-6.599999904632568
1763595893403,35.19304118922315,-97.43831900135729,331.96005781449986,4.23967981338501,-6.599999904632568
1763595893403,35.19304159282007,-97.43831671808142,331.9573677531815,4.290739059448242,-6.599999904632568
1763595893403,35.193041995449896,-97.43831442264793,331.95491382157223,4.336461544036865,-6.5
1763595893403,35.19304240112073,-97.43831209372651,331.95246427386525,4.384927749633789,-6.300000190734863
1763595893403,35.19304280528845,-97.43830973652865,331.94986387891436,4.427850246429443,-6.199999809265137
1763595893403,35.19304320103498,-97.43830737987896,331.9462799744006,4.4645304679870605,-6.099999904632568
1763595893403,35.1930436086959,-97.43830497177751,331.9427052856899,4.515310287475586,-5.900000095367432
1763595893403,35.19304401618963,-97.43830259891745,331.9399419364318,4.5437912940979,-5.900000095367432
1763595893403,35.193044451882244,-97.43830004612273,331.9372020372123,4.585517406463623,-5.900000095367432
1763595893403,35.19304487977766,-97.43829757542417,331.93361848330403,4.617280960083008,-5.900000095367432
1763595893403,35.193045290614236,-97.43829519390013,331.9300988592763,4.643775463104248,-5.900000095367432
1763595893403,35.19304571888409,-97.43829271860263,331.92578689207943,4.670646667480469,-5.900000095367432
1763595893403,35.193046149351886,-97.43829020659557,331.9218702920888,4.695925712585449,-5.900000095367432
1763595893403,35.19304659191551,-97.43828764668716,331.91782872915775,4.726673603057861,-5.699999809265137
1763595894403,35.19304761588225,-97.4382841458287,331.73456166742557,4.769435882568359,-5.0
1763595894403,35.19304797438842,-97.43828207322727,331.73203263234944,4.784214973449707,-4.599999904632568
1763595894403,35.19304843124644,-97.43827942368662,331.72793014328175,4.805941104888916,-3.799999952316284
1763595894403,35.19304886656324,-97.43827684106577,331.72393094917237,4.820596694946289,-2.5
1763595894403,35.19304931432911,-97.43827418474233,331.719057097693,4.840522766113281,-1.100000023841858
1763595894403,35.19304975773949,-97.43827155316981,331.7143253467863,4.855325698852539,0.800000011920929
1763595894403,35.19305019784577,-97.4382689601684,331.70990034310444,4.86494255065918,1.899999976158142
1763595894403,35.193050657122534,-97.43826623646807,331.70505569847177,4.875991344451904,3.200000047683716
1763595894403,35.193051114192826,-97.43826356392732,331.69937539446624,4.885834217071533,4.400000095367432
1763595894403,35.19305158371734,-97.43826086619185,331.69363410349985,4.892299652099609,5.599999904632568
1763595894403,35.19305205453771,-97.43825820846232,331.68865788461466,4.8926591873168945,6.900000095367432
1763595894403,35.193052540117314,-97.43825552192538,331.6836612679262,4.896465301513672,9.199999809265137
1763595894403,35.19305302283436,-97.43825281261212,331.67803787834697,4.903354167938232,11.5
1763595894403,35.19305350411425,-97.43825012248261,331.6724808710707,4.915194511413574,15.5
1763595894403,35.193053966272835,-97.43824750912087,331.6680742130932,4.923576354980469,17.799999237060547
1763595894403,35.193054467462915,-97.43824472590043,331.66265789485567,4.927892208099365,20.200000762939453
1763595894403,35.19305497080043,-97.438241979393,331.65735425942444,4.933619976043701,21.600000381469727
1763595894403,35.19305547016075,-97.43823932327304,331.65206853959194,4.937829971313477,22.5
1763595894403,35.19305599733797,-97.43823662022321,331.64653362214096,4.942712306976318,24.100000381469727
1763595894403,35.193056550332344,-97.4382338420599,331.64151525513535,4.946796417236328,26.200000762939453
1763595895403,35.1930572807009,-97.4382313458704,331.5018174284869,4.954204559326172,30.799999237060547
1763595895403,35.193057730127514,-97.43822919489777,331.4982276408857,4.956522464752197,33.29999923706055
1763595895403,35.19305833063537,-97.43822639537203,331.49371009589646,4.9648966789245605,37.79999923706055
1763595895403,35.19305888926865,-97.43822372907017,331.48953576746715,4.965672969818115,42.599998474121094
1763595895403,35.19305946880344,-97.4382210452913,331.4856052642582,4.9633893966674805,47.599998474121094
1763595895403,35.19306006970544,-97.43821836376279,331.48145349386664,4.968110084533691,52.400001525878906
1763595895403,35.1930607148324,-97.43821559275966,331.47746825332246,4.9708075523376465,57.70000076293945
1763595895403,35.19306134506361,-97.43821297122288,331.47415541884504,4.97541618347168,61.099998474121094
1763595895403,35.19306201499393,-97.4382102868211,331.4709800525887,4.97593355178833,65.0999984741211
1763595895403,35.19306272354545,-97.43820756544953,331.4679540004195,4.973628044128418,66.5999984741211
1763595895403,35.19306344701685,-97.43820494830511,331.46480787978925,4.976856708526611,67.0
1763595895403,35.19306419929414,-97.43820233890138,331.4618422635009,4.98075008392334,67.0
1763595895403,35.19306499610555,-97.43819964596487,331.4587400601234,4.978127479553223,67.0
1763595895403,35.193065793383646,-97.43819700963654,331.455910517775,4.973663330078125,67.0999984741211
1763595895403,35.19306658909306,-97.43819437683909,331.4521132205151,4.973804950714111,67.19999694824219
1763595895403,35.19306738239529,-97.43819178968018,331.44835849685563,4.97341251373291,67.19999694824219
1763595895403,35.19306821720918,-97.43818910661211,331.44489290977884,4.973522663116455,67.19999694824219
1763595895403,35.193069066010054,-97.43818646484145,331.4416182325043,4.97029972076416,67.0
1763595895403,35.19306991850109,-97.43818386590985,331.43832950023847,4.9735307693481445,64.5
1763595895403,35.193070834588646,-97.43818113895644,331.43452611147916,4.974697589874268,58.900001525878906
1763595896403,35.193072045229435,-97.43817930078256,331.2973515170803,4.971174240112305,49.900001525878906
1763595896403,35.19307293242501,-97.43817685641959,331.29411582552416,4.970173358917236,41.29999923706055
1763595896403,35.19307378894843,-97.4381745097022,331.29080714610745,4.971952438354492,28.299999237060547
1763595896403,35.1930748144195,-97.43817171258455,331.28715196512826,4.975375175476074,19.700000762939453
1763595896403,35.193075730584056,-97.4381691379994,331.2829185668838,4.982652187347412,9.5
1763595896403,35.19307665629256,-97.43816656574384,331.2797513302065,4.979177474975586,-1.7999999523162842
1763595896403,35.19307753924169,-97.43816405569227,331.27631900576284,4.976253032684326,-9.0
1763595896403,35.19307841502824,-97.43816148029069,331.2731724514716,4.968606948852539,-18.100000381469727
1763595896403,35.19307930384353,-97.43815884677035,331.2673243122841,4.96495246887207,-29.799999237060547
1763595896403,35.19308016341899,-97.4381562131787,331.26173353695185,4.959529399871826,-37.900001525878906
1763595896403,35.19308099840597,-97.43815363952527,331.25758587256473,4.959200859069824,-50.599998474121094
1763595896403,35.19308179479945,-97.43815111877836,331.25608365052875,4.958096027374268,-59.400001525878906
1763595896403,35.19308256733373,-97.43814854499512,331.255606407362,4.950824737548828,-70.9000015258789
1763595896403,35.19308331210707,-97.4381459849447,331.25550093054545,4.940176963806152,-82.19999694824219
1763595896403,35.19308402332178,-97.43814329506712,331.2548523114162,4.926357746124268,-96.0
1763595896403,35.19308466316224,-97.43814070542702,331.25347078694557,4.913210868835449,-107.30000305175781
1763595896403,35.193085245977784,-97.4381381346288,331.2517443567998,4.9041314125061035,-115.69999694824219
1763595896403,35.193085795899925,-97.4381355000119,331.24977341883783,4.90139102935791,-125.4000015258789
1763595896403,35.193086308078435,-97.43813280790967,331.2475879936749,4.8943023681640625,-136.6999969482422
1763595896403,35.19308677620476,-97.43813015066802,331.24553142877255,4.8130316734313965,-146.10000610351562
1763595897403,35.193087239247475,-97.43812749007293,331.1343479066736,4.800083637237549,-157.3000030517578
1763595897403,35.193087516531065,-97.43812530764177,331.1313287638979,4.794347286224365,-162.39999389648438
1763595897403,35.193087818017275,-97.43812253066938,331.12756674704315,4.790265083312988,-168.6999969482422
1763595897403,35.193088058631496,-97.43811985257132,331.1240061020829,4.792358875274658,-173.10000610351562
1763595897403,35.19308825499533,-97.43811719805869,331.12067311759296,4.792026996612549,-176.89999389648438
1763595897403,35.19308840759023,-97.43811454829883,331.11727181124866,4.78543758392334,-180.10000610351562
1763595897403,35.19308852205072,-97.43811180972139,331.1139389154118,4.77207612991333,-182.6999969482422
1763595897403,35.19308860089409,-97.43810909261194,331.10981859751456,4.750177383422852,-185.5
1763595897403,35.19308863803764,-97.43810644522253,331.1054653844405,4.728356838226318,-187.39999389648438
1763595897403,35.19308863856017,-97.43810374941721,331.1007435531894,4.72544002532959,-187.60000610351562
1763595897403,35.19308859849133,-97.43810097469967,331.09578644225485,4.723305702209473,-187.5
1763595897403,35.19308852833892,-97.43809850730764,331.0910610209617,4.716878890991211,-187.0
1763595897403,35.19308839265932,-97.43809566546044,331.08552414867955,4.71015739440918,-186.60000610351562
1763595897403,35.193088212102616,-97.43809304731079,331.0800200653291,4.693788528442383,-184.5
1763595897403,35.19308799579948,-97.43809051622615,331.0749067075031,4.690497875213623,-183.10000610351562
1763595897403,35.193087716213874,-97.43808779380106,331.0700981189683,4.680080890655518,-181.1999969482422
1763595897403,35.19308744096916,-97.43808530099956,331.0657076914484,4.671621322631836,-178.60000610351562
1763595897403,35.193087115857736,-97.43808270847234,331.06179905552915,4.667959690093994,-174.8000030517578
1763595897403,35.19308674471726,-97.43808003756043,331.0580067543623,4.667043209075928,-168.39999389648438
1763595897403,35.19308636737695,-97.43807755679425,331.0539475999038,4.662723541259766,-162.8000030517578
1763595898403,35.19308614017564,-97.43807495396278,330.9339759870837,4.644154071807861,-148.6999969482422
1763595898403,35.19308583161133,-97.43807314631879,330.93055353429776,4.641537666320801,-140.6999969482422
1763595898403,35.19308542336789,-97.43807082160514,330.92611041743925,4.636658191680908,-121.9000015258789
1763595898403,35.19308496628305,-97.43806832240966,330.9220750886781,4.630899429321289,-109.0
1763595898403,35.19308445036409,-97.438065549358,330.9177757627455,4.621072769165039,-92.9000015258789
1763595898403,35.19308396849541,-97.4380630729549,330.91482114846406,4.620197772979736,-76.69999694824219
1763595898403,35.193083504059516,-97.43806064500825,330.91262694927997,4.6160173416137695,-58.900001525878906
1763595898403,35.193083016501774,-97.4380581289783,330.9110641245259,4.616456985473633,-44.599998474121094
1763595898403,35.19308256151596,-97.43805574306246,330.9094860657193,4.609431266784668,-33.400001525878906
1763595898403,35.193082105842116,-97.43805344800168,330.9097168975651,4.597170352935791,-20.399999618530273
1763595898403,35.19308157051935,-97.43805073331124,330.91084754824686,4.5899248123168945,-8.600000381469727
1763595898403,35.19308106951474,-97.43804836248438,330.91237392786144,4.593010902404785,3.0
1763595898403,35.19308060420223,-97.43804596043124,330.91117137515397,4.595857620239258,15.399999618530273
1763595898403,35.19308013366014,-97.43804364249509,330.91024666717345,4.58889102935791,29.399999618530273
1763595898403,35.19307968520352,-97.43804124637518,330.90812896687896,4.587084770202637,45.099998474121094
1763595898403,35.193079251092314,-97.4380387560524,330.90653406675034,4.583079814910889,66.19999694824219
1763595898403,35.19307885311573,-97.43803627675749,330.9039172930491,4.584082126617432,81.5
1763595898403,35.193078532350505,-97.43803373093671,330.8995270191601,4.5861382484436035,101.0
1763595898403,35.193078247339045,-97.43803117090418,330.8954169745751,4.584655284881592,120.69999694824219
1763595898403,35.19307802172451,-97.43802866149692,330.8914746037551,4.590088844299316,139.6999969482422
1763595899403,35.19307838063018,-97.43802529483804,330.77771177340753,4.595871925354004,157.10000610351562
1763595899403,35.19307835437098,-97.43802273957239,330.7726577707925,4.60362434387207,172.1999969482422
1763595899403,35.193078400978486,-97.43802020643173,330.76808056826695,4.6066813468933105,186.0
1763595899403,35.19307851881157,-97.4380175037531,330.76387395637136,4.608946323394775,196.60000610351562
1763595899403,35.193078706711,-97.43801480354024,330.75980257235506,4.619496822357178,204.89999389648438
1763595899403,35.19307892959509,-97.43801244882359,330.7567455757743,4.6225690841674805,209.39999389648438
1763595899403,35.193079283058246,-97.4380095940235,330.75232708384937,4.621342182159424,214.10000610351562
1763595899403,35.19307966917468,-97.43800696793475,330.7483070729498,4.62452507019043,216.8000030517578
1763595899403,35.193080105321044,-97.43800436588133,330.7444753816,4.6359477043151855,217.10000610351562
1763595899403,35.19308061173956,-97.43800169960863,330.7409485591271,4.6481146812438965,217.0
1763595899403,35.193081158251246,-97.43799909232123,330.7376393774174,4.6511945724487305,217.0
1763595899403,35.193081752325696,-97.43799647665524,330.7338826311985,4.645821571350098,217.0
1763595899403,35.19308240605753,-97.43799380281213,330.72999655389805,4.644962787628174,217.0
1763595899403,35.193083054248646,-97.43799129738306,330.726265399755,4.656634330749512,217.0
1763595899403,35.193083760111996,-97.43798871687173,330.7227445359234,4.6693549156188965,217.1999969482422
1763595899403,35.19308452939573,-97.43798606376035,330.71931427619705,4.680973529815674,218.1999969482422
1763595899403,35.193085307264,-97.4379835259445,330.7159847513585,4.687919616699219,219.5
1763595899403,35.19308613889731,-97.43798101903592,330.71284470177864,4.6877593994140625,222.1999969482422
1763595899403,35.19308702146632,-97.43797851212211,330.709189923053,4.6859846115112305,225.3000030517578
1763595899403,35.19308796113007,-97.43797598297418,330.7053606240523,4.692471981048584,228.10000610351562
1763595900403,35.19308928226858,-97.4379742284348,330.588710311176,4.704591274261475,230.1999969482422
1763595900403,35.19309017281765,-97.43797218987548,330.58664123666534,4.7077836990356445,230.60000610351562
1763595900403,35.19309127623603,-97.43796981860221,330.58402177227316,4.709465980529785,230.8000030517578
1763595900403,35.19309243431023,-97.43796748067513,330.58127225416933,4.714508533477783,230.8000030517578
1763595900403,35.19309364084341,-97.43796517538021,330.57907294761384,4.7229790687561035,230.8000030517578
1763595900403,35.19309487990586,-97.43796291642778,330.57730643081936,4.729519367218018,230.8000030517578
1763595900403,35.19309617551214,-97.43796066065924,330.575784681378,4.73591423034668,230.8000030517578
1763595900403,35.19309748029215,-97.43795850251117,330.5747416230988,4.741359710693359,230.6999969482422
1763595900403,35.193098828555726,-97.43795637308982,330.57382807735956,4.7550368309021,230.3000030517578
1763595900403,35.19310025955556,-97.43795420578763,330.5723626809027,4.757298946380615,229.60000610351562
1763595900403,35.193101673887845,-97.43795213474603,330.5713679975988,4.76086950302124,227.60000610351562
1763595900403,35.193103123982056,-97.4379500852788,330.5715739385944,4.765733242034912,224.39999389648438
1763595900403,35.19310456460941,-97.4379481433289,330.5719384717117,4.775091171264648,221.3000030517578
1763595900403,35.19310600980064,-97.43794628060485,330.5705548628809,4.782469749450684,217.0
1763595900403,35.1931077264913,-97.43794415669294,330.5701116267484,4.780423641204834,212.6999969482422
1763595900403,35.19310925016065,-97.43794234186399,330.56941712635,4.775437831878662,208.6999969482422
1763595900403,35.19311087534604,-97.43794047144367,330.5693334509897,4.7772417068481445,205.39999389648438
1763595900403,35.193112541748995,-97.43793860968599,330.5692826858364,4.787734508514404,202.0
1763595901403,35.193115088391096,-97.43793621308933,330.44150038968047,4.7921247482299805,198.1999969482422
1763595901403,35.1931163991509,-97.43793483805233,330.4420860991788,4.795950889587402,194.89999389648438
1763595901403,35.19311796763061,-97.43793322717607,330.444006183966,4.791055679321289,191.1999969482422
1763595901403,35.19311989040502,-97.43793134205966,330.44747517099626,4.793322563171387,187.0
1763595901403,35.19312163950096,-97.43792965538272,330.4508242058869,4.800689220428467,181.8000030517578
1763595901403,35.19312342790539,-97.43792802559243,330.45482822703735,4.806775093078613,176.1999969482422
1763595901403,35.193125090814235,-97.43792655143726,330.45878254334133,4.812182903289795,167.8000030517578
1763595901403,35.1931270878954,-97.43792483956288,330.46398225102496,4.810028076171875,157.8000030517578
1763595901403,35.193128957254224,-97.43792325990184,330.46679093954504,4.805247783660889,143.0
1763595901403,35.19313081878108,-97.4379217935604,330.4705068713995,4.805081367492676,128.3000030517578
1763595901403,35.19313270210696,-97.4379203415341,330.4738195513918,4.801517486572266,115.69999694824219
1763595901403,35.1931345811196,-97.43791889604496,330.4782028269785,4.802220821380615,99.80000305175781
1763595901403,35.19313647253608,-97.43791749482665,330.4826534034114,4.8083109855651855,84.19999694824219
1763595901403,35.193138318674876,-97.43791614160445,330.4874019021641,4.81432580947876,65.9000015258789
1763595901403,35.19314024133805,-97.43791476866257,330.4932199233363,4.812931537628174,50.900001525878906
1763595901403,35.19314208345786,-97.43791342069858,330.4977929774762,4.814067840576172,38.599998474121094
1763595901403,35.193143969517656,-97.43791204223757,330.5019394306472,4.827064514160156,22.600000381469727
1763595901403,35.19314579678509,-97.43791068833728,330.50629542480476,4.8338751792907715,2.200000047683716
1763595901403,35.193147644148716,-97.43790929525002,330.5120598406333,4.831782341003418,-11.399999618530273
1763595901403,35.19314950105958,-97.43790790359878,330.5186824651821,4.828380584716797,-28.899999618530273
1763595901403,35.19315135795149,-97.43790650678139,330.5255598610849,4.827502727508545,-47.29999923706055
1763595902403,35.19315296423244,-97.43790574777196,330.4423603877745,4.820767879486084,-79.69999694824219
1763595902403,35.193153577971316,-97.43790535186724,330.4479172093922,4.817214488983154,-86.80000305175781
1763595902403,35.193155237327765,-97.43790390096989,330.4539277366013,4.8102922439575195,-104.69999694824219
1763595902403,35.19315688988306,-97.43790229506716,330.4591476607253,4.817206859588623,-118.5999984741211
1763595902403,35.193158448781595,-97.4379006780077,330.4635588286031,4.822102069854736,-134.3000030517578
1763595902403,35.19316002715121,-97.43789893784236,330.46760549493104,4.81376838684082,-149.39999389648438
1763595902403,35.19316151335138,-97.43789716242657,330.47072965047687,4.8058180809021,-156.60000610351562
1763595902403,35.19316295363568,-97.43789533130936,330.4741790243495,4.803971767425537,-164.39999389648438
1763595902403,35.19316433304045,-97.43789346689674,330.47657593259737,4.800734996795654,-169.89999389648438
1763595902403,35.193165706208184,-97.43789150662364,330.47927797238754,4.79871129989624,-174.89999389648438
1763595902403,35.1931669723784,-97.43788960161554,330.4817406784716,4.789915084838867,-181.89999389648438
1763595902403,35.19316826288443,-97.4378875631772,330.4837279412316,4.790565013885498,-189.10000610351562
1763595902403,35.19316942991505,-97.43788564679036,330.4849535504341,4.792255878448486,-194.89999389648438
1763595902403,35.1931708334846,-97.43788320009968,330.4865545244123,4.781213283538818,-205.10000610351562
1763595902403,35.1931719606063,-97.43788111075065,330.4870859061381,4.7729973793029785,-210.6999969482422
1763595902403,35.19317305645184,-97.43787895284281,330.48787728332593,4.775683403015137,-217.89999389648438
1763595902403,35.19317410442384,-97.43787676646892,330.4886592504007,4.775373935699463,-222.89999389648438
1763595902403,35.19317509862955,-97.43787456773038,330.4890472178336,4.769297122955322,-226.10000610351562
1763595902403,35.19317604250983,-97.43787231045349,330.488541712824,4.760530471801758,-229.39999389648438
1763595902403,35.193176919361704,-97.43787003479783,330.4875709826334,4.764407634735107,-231.10000610351562
1763595903403,35.193178606446516,-97.4378659445837,330.3195917055652,4.767172336578369,-231.89999389648438
1763595903403,35.193179403318005,-97.43786352926597,330.31832873821395,4.766056537628174,-232.10000610351562
1763595903403,35.193180143425984,-97.43786111812462,330.31709215316664,4.760351657867432,-232.10000610351562
1763595903403,35.19318084584711,-97.43785865769549,330.3152103813049,4.760756492614746,-232.10000610351562
1763595903403,35.19318149318103,-97.4378562472977,330.3142999771016,4.762352466583252,-232.10000610351562
1763595903403,35.193182087911026,-97.43785386752872,330.3138944187681,4.762765407562256,-232.10000610351562
1763595903403,35.19318267268772,-97.43785128647974,330.3129731098055,4.760871410369873,-231.6999969482422
1763595903403,35.193183186548616,-97.43784884222104,330.31175922225236,4.7625298500061035,-229.39999389648438
1763595903403,35.193183680699526,-97.43784630416897,330.310522184835,4.76378059387207,-224.10000610351562
1763595903403,35.19318414582185,-97.43784367035644,330.30950208477014,4.7594685554504395,-216.39999389648438
1763595903403,35.193184552702476,-97.43784114245221,330.30868245940445,4.753868579864502,-207.0
1763595903403,35.19318490619391,-97.43783876179235,330.3069080821634,4.753275394439697,-196.5
1763595903403,35.19318526548527,-97.43783603394444,330.3036109679958,4.748706817626953,-182.89999389648438
1763595903403,35.193185572898166,-97.43783344324622,330.30042896942194,4.744259357452393,-173.0
1763595903403,35.193185846832655,-97.43783093150671,330.29655957105837,4.7417683601379395,-159.3000030517578
1763595903403,35.193186142289186,-97.43782829918354,330.2926289338045,4.7477617263793945,-144.8000030517578
1763595903403,35.19318643350105,-97.43782579145939,330.28871606354045,4.750518321990967,-128.0
1763595903403,35.19318672079178,-97.43782332728522,330.2843983339108,4.744262218475342,-117.0999984741211
1763595903403,35.19318700842612,-97.43782064535755,330.280294672428,4.7377448081970215,-103.19999694824219
1763595904403,35.193186963745305,-97.43781558256048,330.1169961562543,4.731324195861816,-83.0
1763595904403,35.193187164871794,-97.43781354801627,330.1128537465829,4.729864597320557,-73.80000305175781
1763595904403,35.19318742568263,-97.4378110275454,330.10870647810043,4.730377674102783,-57.70000076293945
1763595904403,35.1931876799667,-97.43780856435858,330.10566333352153,4.733521461486816,-41.29999923706055
1763595904403,35.19318797186793,-97.43780586596114,330.10304034763493,4.738240718841553,-24.5
1763595904403,35.19318824794919,-97.43780338044044,330.1008601823467,4.739314556121826,-6.800000190734863
1763595904403,35.19318855699282,-97.43780069195904,330.09868752547413,4.731155872344971,16.899999618530273
1763595904403,35.19318886375843,-97.4377981985541,330.0974933963758,4.72785758972168,33.20000076293945
1763595904403,35.19318919658308,-97.43779566076924,330.0949259392048,4.732503414154053,57.900001525878906
1763595904403,35.19318958124441,-97.4377931175648,330.0932844096155,4.7331976890563965,74.9000015258789
1763595904403,35.19319003590172,-97.43779058304584,330.0918621022863,4.733322620391846,96.19999694824219
1763595904403,35.19319054052949,-97.43778805773576,330.0903352470401,4.727502346038818,116.5999984741211
1763595904403,35.193191114918754,-97.43778556866381,330.08846791817257,4.724009037017822,135.3000030517578
1763595904403,35.193191765950026,-97.43778308945228,330.08565186386227,4.723127365112305,152.0
1763595904403,35.19319248187135,-97.43778062574809,330.08331697139886,4.7208991050720215,166.6999969482422
1763595904403,35.193193252046406,-97.43777820984639,330.0817908956455,4.7155914306640625,180.0
1763595904403,35.193194101214715,-97.43777577707486,330.08115811105023,4.714623928070068,190.60000610351562
1763595904403,35.193194955677235,-97.43777352464936,330.0808476153637,4.717082500457764,199.3000030517578
1763595904403,35.19319590674317,-97.43777121553512,330.08069236931027,4.714232921600342,203.6999969482422
1763595904403,35.19319691925442,-97.43776892428887,330.0803072004777,4.712086200714111,205.8000030517578
1763595905403,35.19319972996095,-97.4377662559903,329.90968730639645,4.706737041473389,207.39999389648438
1763595905403,35.19320097800803,-97.43776385223951,329.9101997259369,4.707272529602051,208.3000030517578
1763595905403,35.193202154324865,-97.43776169173906,329.91052257980243,4.706482410430908,209.3000030517578
1763595905403,35.193203356865375,-97.43775957820122,329.91069693915637,4.703939914703369,210.3000030517578
1763595905403,35.19320461018125,-97.43775746607666,329.9115758191098,4.702013969421387,212.3000030517578
1763595905403,35.19320578130829,-97.43775556851702,329.91274226563087,4.697571754455566,213.6999969482422
1763595905403,35.19320715076923,-97.43775344382587,329.91471239829576,4.69039249420166,215.3000030517578
1763595905403,35.19320850163997,-97.437751436529,329.91666867204924,4.685032844543457,216.60000610351562
1763595905403,35.19320992589861,-97.43774941392549,329.91847350494083,4.6826934814453125,217.8000030517578
1763595905403,35.193211379408474,-97.43774744858615,329.9200829401407,4.674812316894531,218.10000610351562
1763595905403,35.19321282677557,-97.43774558212297,329.9218433744668,4.668391227722168,218.10000610351562
1763595905403,35.19321432461646,-97.43774373626005,329.9242075827162,4.667665481567383,218.10000610351562
1763595905403,35.19321588923136,-97.43774189302763,329.9272834041791,4.669663429260254,217.8000030517578
1763595905403,35.19321745569047,-97.43774012394164,329.9308484624485,4.6624884605407715,216.6999969482422
1763595905403,35.1932190291091,-97.4377384203249,329.9347071115031,4.651261806488037,213.39999389648438
1763595905403,35.19322066134615,-97.43773672394624,329.9392673707263,4.635214328765869,209.1999969482422
1763595905403,35.193222281919915,-97.4377351095001,329.9434727561471,4.62672233581543,205.10000610351562
1763595905403,35.19322396942072,-97.43773348820788,329.94697064632066,4.620428085327148,201.10000610351562
1763595905403,35.193225697636976,-97.43773188593067,329.95027269041657,4.614518165588379,198.8000030517578
1763595905403,35.193227229932376,-97.43773050814163,329.95277247377095,4.608331680297852,196.5
1763595906403,35.19323089754307,-97.43773020581301,329.8885955667689,4.602071762084961,191.5
1763595906403,35.19323253823761,-97.4377289068435,329.8924276808429,4.599365711212158,187.8000030517578
1763595906403,35.1932343355724,-97.43772753024322,329.89736006464284,4.587769985198975,180.1999969482422
1763595906403,35.1932359629932,-97.43772632129908,329.902054396754,4.581149578094482,173.60000610351562
1763595906403,35.19323794773913,-97.43772488329749,329.90857025658187,4.569741725921631,164.3000030517578
1763595906403,35.19323976458121,-97.43772359654415,329.9145557206003,4.558454990386963,152.89999389648438
1763595906403,35.19324160711239,-97.4377223163773,329.92148210337024,4.546708106994629,143.5
1763595906403,35.1932434755433,-97.43772103562003,329.92813591306367,4.543391227722168,133.1999969482422
1763595906403,35.19324524841455,-97.43771982235751,329.93409958317,4.539608001708984,121.69999694824219
1763595906403,35.19324711830268,-97.43771853668886,329.93934213522203,4.531464099884033,112.19999694824219
1763595906403,35.19324897210301,-97.43771725861608,329.9434706143458,4.520521640777588,100.5999984741211
1763595906403,35.193250778659376,-97.43771600911353,329.94696823063225,4.503936290740967,88.5999984741211
1763595906403,35.19325262465705,-97.43771473610458,329.95043421144226,4.48872184753418,76.19999694824219
1763595906403,35.19325441874158,-97.43771345895979,329.9519399815117,4.478450298309326,61.79999923706055
1763595906403,35.19325626157025,-97.43771216124448,329.9535126340538,4.469956398010254,52.70000076293945
1763595906403,35.19325805847422,-97.43771088998136,329.954930485784,4.465205669403076,38.70000076293945
1763595906403,35.1932599057401,-97.43770958988952,329.95707608438363,4.460317134857178,28.899999618530273
1763595906403,35.19326165401246,-97.43770832338694,329.9574137685175,4.45578145980835,15.399999618530273
1763595906403,35.19326345419597,-97.43770700804097,329.95759621417807,4.4526238441467285,1.399999976158142
1763595906403,35.193265205125456,-97.43770564938269,329.95639366485176,4.452799320220947,-11.800000190734863
1763595907403,35.193267197173434,-97.4377042733847,329.7637509159694,4.44854211807251,-28.5
1763595907403,35.193268570832075,-97.43770321243639,329.76434495116456,4.450061321258545,-37.70000076293945
1763595907403,35.193270276583455,-97.43770193242528,329.76587509368244,4.444971561431885,-46.599998474121094
1763595907403,35.19327196456047,-97.43770059920698,329.7681327993914,4.4370646476745605,-57.400001525878906
1763595907403,35.19327362786586,-97.43769925987488,329.7693338501844,4.432008743286133,-67.5999984741211
1763595907403,35.19327523808127,-97.43769788645935,329.7695803387048,4.434508800506592,-77.5
1763595907403,35.19327687723134,-97.43769643846431,329.7705007929016,4.44120454788208,-88.4000015258789
1763595907403,35.19327838191168,-97.43769507653504,329.770861977002,4.450756072998047,-94.80000305175781
1763595907403,35.19328002224553,-97.43769353593629,329.77259432295034,4.457955837249756,-102.0999984741211
1763595907403,35.1932815720133,-97.4376920117223,329.7745004871091,4.4615068435668945,-110.69999694824219
1763595907403,35.19328308483916,-97.43769046704382,329.776359400177,4.467076301574707,-117.5
1763595907403,35.19328457002437,-97.43768890154463,329.77766094510804,4.472848415374756,-124.80000305175781
1763595907403,35.193286021859464,-97.43768731148226,329.77825554018506,4.480884075164795,-131.1999969482422
1763595907403,35.19328731668926,-97.43768584174164,329.778907495593,4.494420051574707,-139.6999969482422
1763595907403,35.19328886249559,-97.4376840147572,329.7787938783309,4.512465000152588,-149.89999389648438
1763595907403,35.19329025889219,-97.43768229923421,329.7785989470643,4.523025989532471,-157.6999969482422
1763595907403,35.19329165133016,-97.43768051331053,329.77809735313775,4.542084217071533,-164.5
1763595907403,35.19329298689075,-97.43767871000213,329.77835189096146,4.553615093231201,-168.8000030517578
1763595907403,35.19329417489108,-97.43767703496532,329.77846358468946,4.551285266876221,-172.89999389648438
1763595907403,35.19329556423429,-97.43767498583455,329.7790706667696,4.5566534996032715,-176.8000030517578
1763595908403,35.19329641819709,-97.43767041148256,329.61352042606825,4.574982643127441,-180.1999969482422
1763595908403,35.1932972218123,-97.43766906331665,329.61257356610326,4.587945461273193,-181.60000610351562
1763595908403,35.193298399860765,-97.43766701975571,329.6099006800712,4.6043195724487305,-183.60000610351562
1763595908403,35.19329954341362,-97.43766495300292,329.6073638981389,4.622328758239746,-185.5
1763595908403,35.19330067696374,-97.43766281304862,329.6050963465766,4.638750076293945,-187.5
1763595908403,35.19330174015949,-97.43766071282468,329.60331775651173,4.654289722442627,-189.39999389648438
1763595908403,35.19330281880946,-97.4376584974166,329.6021331078965,4.663457870483398,-190.0
1763595908403,35.19330382059793,-97.43765634788143,329.60098884556555,4.6692705154418945,-190.0
1763595908403,35.19330483051205,-97.43765408435392,329.59913887714214,4.674238681793213,-190.0
1763595908403,35.19330578404192,-97.4376518330069,329.5969287833836,4.686779022216797,-190.0
1763595908403,35.19330673528496,-97.43764947139604,329.5936189418334,4.7091546058654785,-189.39999389648438
1763595908403,35.19330762261042,-97.43764715097907,329.59046475754286,4.729097843170166,-187.6999969482422
1763595908403,35.19330849288903,-97.43764478772107,329.5872391124544,4.746942520141602,-181.8000030517578
1763595908403,35.1933093150747,-97.43764247435173,329.58410426800145,4.75767707824707,-175.1999969482422
1763595908403,35.19331008168983,-97.4376401954113,329.58106908116844,4.760048866271973,-169.39999389648438
1763595908403,35.19331090204749,-97.43763762818097,329.5770670487435,4.763728618621826,-161.6999969482422
1763595908403,35.19331161228133,-97.43763543936879,329.5733656423295,4.771133899688721,-153.89999389648438
1763595908403,35.19331242332522,-97.43763281535756,329.5696915943318,4.785195827484131,-144.3000030517578
1763595908403,35.193313144433205,-97.43763041070352,329.5665257851079,4.799240589141846,-135.1999969482422
1763595908403,35.193313864801034,-97.43762793259461,329.56356020792373,4.816458702087402,-125.19999694824219
1763595909403,35.19331412358322,-97.43762230640735,329.4092759157109,4.828418731689453,-112.5
1763595909403,35.19331463465227,-97.43762041195106,329.40696029057307,4.830967426300049,-106.0999984741211
1763595909403,35.19331530876496,-97.4376178971139,329.40298017983827,4.842449188232422,-93.4000015258789
1763595909403,35.19331598872775,-97.43761533268133,329.3986296737087,4.849708080291748,-83.0
1763595909403,35.19331669005294,-97.43761272803833,329.394445929296,4.856224536895752,-73.0
1763595909403,35.19331736033209,-97.43761021298673,329.39025873218156,4.859810829162598,-64.4000015258789
1763595909403,35.19331803814338,-97.43760766079693,329.3863642603133,4.866140365600586,-52.70000076293945
1763595909403,35.19331873501447,-97.437605065753,329.3813929046984,4.8871235847473145,-37.5
1763595909403,35.19331942046364,-97.43760253585464,329.3768944107784,4.8920698165893555,-27.100000381469727
1763595909403,35.19332012335884,-97.4375999038569,329.37316392462276,4.897894382476807,-13.399999618530273
1763595909403,35.19332083018412,-97.4375973028966,329.36883300933243,4.907519817352295,4.5
1763595909403,35.19332154615533,-97.43759472213377,329.36509332686364,4.919145584106445,20.399999618530273
1763595909403,35.193322262501475,-97.43759217653398,329.36143275425434,4.931716442108154,36.599998474121094
1763595909403,35.19332299301386,-97.43758959873611,329.35956608284647,4.943118095397949,52.599998474121094
1763595909403,35.19332375987799,-97.43758701397256,329.35744899652383,4.948504447937012,68.30000305175781
1763595909403,35.19332458697951,-97.43758447996423,329.35304466518915,4.963129997253418,80.69999694824219
1763595909403,35.19332542622986,-97.43758200496833,329.350876791712,4.975546836853027,98.19999694824219
1763595909403,35.19332636926944,-97.43757947722152,329.3492799166755,4.9821600914001465,111.9000015258789
1763595909403,35.19332734398143,-97.43757703175142,329.34729334795435,4.989058971405029,122.30000305175781
1763595909403,35.19332838446158,-97.43757456675904,329.34488382531373,4.992437839508057,136.8000030517578
1763595910403,35.193329778687776,-97.43757132921017,329.247458310981,4.989161968231201,149.6999969482422
1763595910403,35.19333067850636,-97.43756941285767,329.2464891716739,4.9895710945129395,158.0
1763595910403,35.19333187485609,-97.4375670168244,329.2444290613231,4.990689754486084,167.8000030517578
1763595910403,35.19333310122703,-97.43756468178702,329.2427511802083,4.999969482421875,177.0
1763595910403,35.19333440409926,-97.43756234924133,329.2409779834538,5.007420539855957,185.1999969482422
1763595910403,35.19333572948132,-97.4375601029973,329.23862862503614,5.005537986755371,192.89999389648438
1763595910403,35.19333711983812,-97.43755789113968,329.2369962902566,5.004772186279297,198.3000030517578
1763595910403,35.19333855597727,-97.43755574542227,329.2368419945647,5.015934944152832,204.10000610351562
1763595910403,35.19334007359131,-97.43755360647451,329.2370680684616,5.0191264152526855,210.5
1763595910403,35.193341573673585,-97.43755161164968,329.2370707837522,5.02197265625,215.89999389648438
1763595910403,35.19334321431405,-97.4375495284117,329.236717121723,5.023996829986572,222.0
1763595910403,35.19334488015781,-97.4375475307712,329.23604274678814,5.032107830047607,227.1999969482422
1763595910403,35.19334662427218,-97.43754553449654,329.2345936327081,5.034764766693115,233.8000030517578
1763595910403,35.19334837745207,-97.43754364180847,329.2347150325036,5.02877140045166,241.0
1763595910403,35.19335017385138,-97.43754183628516,329.2343210828101,5.035860538482666,246.39999389648438
1763595910403,35.19335194008322,-97.43754016067265,329.2334287162457,5.036980152130127,250.89999389648438
1763595910403,35.193353850675436,-97.4375384653062,329.23146776973493,5.0273051261901855,254.89999389648438
1763595910403,35.193355771107235,-97.43753689146855,329.23046903743665,5.022920608520508,257.70001220703125
1763595910403,35.19335772140552,-97.43753540457246,329.22949117910247,5.032140731811523,260.5
1763595910403,35.19335967703747,-97.43753400646752,329.22986030022884,5.043848037719727,262.29998779296875
1763595911403,35.19336562436431,-97.43753734298191,329.13479654456046,5.0526604652404785,263.20001220703125
1763595911403,35.19336743913242,-97.43753637036056,329.1350198773332,5.053638935089111,263.6000061035156
1763595911403,35.193369605974404,-97.43753529767366,329.1344350805932,5.046268939971924,264.20001220703125
1763595911403,35.19337176628549,-97.43753432077455,329.13371978119096,5.045475006103516,264.5
1763595911403,35.19337399461985,-97.4375333986876,329.1335726774031,5.063087463378906,264.6000061035156
1763595911403,35.19337623065133,-97.43753255006138,329.13335777316513,5.076584339141846,264.79998779296875
1763595911403,35.19337844592912,-97.43753178693714,329.1330952956012,5.083773612976074,265.8999938964844
1763595911403,35.19338070002385,-97.43753109353926,329.1341479822968,5.077569484710693,267.0
1763595911403,35.193382946002096,-97.43753048991876,329.1362675154519,5.0690813064575195,267.8999938964844
1763595911403,35.19338525043081,-97.43752995293593,329.1387078249967,5.0728440284729,268.20001220703125
1763595911403,35.19338754457363,-97.43752950331418,329.1414087500056,5.076628684997559,268.3999938964844
1763595911403,35.19338989158508,-97.43752912832514,329.144109878796,5.075697898864746,268.3999938964844
1763595911403,35.193392257433445,-97.43752880007584,329.1472415687214,5.083647727966309,268.3999938964844
1763595911403,35.19339457766934,-97.43752856065579,329.1502022246437,5.085700035095215,268.3999938964844
1763595911403,35.193396955139136,-97.43752838023643,329.153170756325,5.074525356292725,268.3999938964844
1763595911403,35.193399110218536,-97.43752828181154,329.1561262606197,5.064720630645752,268.3999938964844
1763595911403,35.19340162379697,-97.4375282264587,329.1598419188915,5.057736873626709,268.3999938964844
1763595911403,35.19340385003579,-97.43752821176383,329.16308289035265,5.056028842926025,268.3999938964844
1763595911403,35.193406384138065,-97.43752826335943,329.1669828308945,5.058192253112793,268.3999938964844
1763595911403,35.193408714824876,-97.43752841516411,329.1714732383871,5.055335521697998,268.3999938964844
1763595912403,35.19341260177846,-97.43753151636517,329.10146958705053,5.0482916831970215,268.3999938964844
1763595912403,35.19341436222852,-97.43753184508898,329.10567552950766,5.044820308685303,268.3999938964844
1763595912403,35.19341672610204,-97.43753240750914,329.1125064472977,5.034909248352051,268.5
1763595912403,35.19341882175083,-97.43753299619594,329.11959100399065,5.017529487609863,268.6000061035156
1763595912403,35.19342128970013,-97.4375337896712,329.1281578655672,5.001631736755371,268.6000061035156
1763595912403,35.1934235474339,-97.43753458046595,329.13695972117307,4.992750644683838,268.6000061035156
1763595912403,35.19342579619293,-97.43753541481239,329.14516440031673,4.989192008972168,268.6000061035156
1763595912403,35.19342800165013,-97.43753632804088,329.15337204421627,4.987667083740234,268.6000061035156
1763595912403,35.19343017978047,-97.43753730690673,329.16236493673745,4.980587482452393,268.6000061035156
1763595912403,35.19343236541712,-97.43753834540811,329.1701275419404,4.968084335327148,268.6000061035156
1763595912403,35.19343446647163,-97.4375394289285,329.17843466938945,4.94987678527832,268.6000061035156
1763595912403,35.19343658144428,-97.43754060042663,329.1861889183502,4.935941219329834,268.6000061035156
1763595912403,35.19343872301358,-97.43754189755332,329.19417871212255,4.921735763549805,268.6000061035156
1763595912403,35.19344078146431,-97.43754318308739,329.2015785133447,4.911816596984863,268.6000061035156
1763595912403,35.193442784936245,-97.43754455185137,329.2101750712154,4.904670715332031,268.0
1763595912403,35.19344476466565,-97.43754599352904,329.21859648137644,4.896917343139648,267.0
1763595912403,35.19344671604972,-97.43754751170631,329.2287434744271,4.887459754943848,262.1000061035156
1763595912403,35.19344859946745,-97.43754899263618,329.2385864474249,4.878730773925781,252.6999969482422
1763595912403,35.193450562402084,-97.43755062116995,329.2506556314984,4.863490104675293,239.39999389648438
1763595912403,35.19345234667601,-97.4375522360051,329.26101318684516,4.847761154174805,223.60000610351562
1763595913403,35.19345431338922,-97.43755404635982,329.1679296698302,4.828892230987549,200.10000610351562
1763595913403,35.19345576217582,-97.43755548754564,329.1770763448731,4.824587821960449,193.1999969482422
1763595913403,35.19345747078352,-97.43755719843357,329.1856929256721,4.808987617492676,172.39999389648438
1763595913403,35.19345907019797,-97.4375588075274,329.1931849925913,4.801455497741699,160.1999969482422
1763595913403,35.19346094726014,-97.43756067624525,329.20134920635104,4.794106483459473,142.3000030517578
1763595913403,35.19346253511483,-97.43756221302151,329.2084167405215,4.783523082733154,126.30000305175781
1763595913403,35.19346441125602,-97.43756397824072,329.2148024606105,4.770566463470459,108.4000015258789
1763595913403,35.19346622730329,-97.43756562664703,329.22034562789895,4.7562456130981445,90.0999984741211
1763595913403,35.1934680028602,-97.43756726185362,329.22705431802314,4.75209903717041,74.5
1763595913403,35.193469772161635,-97.4375688372062,329.2328724960439,4.747247695922852,50.29999923706055
1763595913403,35.19347156029586,-97.43757043331178,329.2408734829299,4.746545791625977,30.0
1763595913403,35.19347334367048,-97.4375720588996,329.24954426645144,4.7480387687683105,8.199999809265137
1763595913403,35.193475089803854,-97.43757365684348,329.25774312195585,4.748403072357178,-13.199999809265137
1763595913403,35.193476824925916,-97.43757521794623,329.266670189991,4.750735282897949,-29.600000381469727
1763595913403,35.19347855221119,-97.43757680972587,329.2776671943337,4.7398223876953125,-54.0
1763595913403,35.19348017930083,-97.43757835673438,329.2883162008927,4.7324137687683105,-74.0
1763595913403,35.19348187060401,-97.43757988909132,329.2998031166981,4.721717357635498,-94.5
1763595913403,35.19348363669177,-97.43758128474846,329.3080659838279,4.715579509735107,-114.30000305175781
1763595913403,35.19348543860461,-97.43758259920145,329.31680911076967,4.706882953643799,-132.8000030517578
1763595913403,35.19348718973074,-97.43758384235187,329.3255922174471,4.698326587677002,-149.1999969482422
1763595914403,35.19348951710405,-97.43758427400937,329.21997661375167,4.689137935638428,-168.6999969482422
1763595914403,35.193490773472725,-97.43758502867831,329.22583429969865,4.685900688171387,-174.0
1763595914403,35.19349264717132,-97.43758601077027,329.2352898578815,4.677387237548828,-190.3000030517578
1763595914403,35.1934944136041,-97.43758686455199,329.2442970905095,4.657741546630859,-204.8000030517578
1763595914403,35.193496222825516,-97.43758767125246,329.25368829420086,4.6504340171813965,-217.1999969482422
1763595914403,35.1934981177476,-97.43758844055871,329.26297104782526,4.624847412109375,-234.60000610351562
1763595914403,35.19350000350957,-97.43758912416237,329.2718885037497,4.6110687255859375,-247.10000610351562
1763595914403,35.19350185290064,-97.43758970904672,329.2805051380975,4.595655918121338,-259.0
1763595914403,35.193503781377494,-97.43759021621743,329.2892237909973,4.580495357513428,-270.70001220703125
1763595914403,35.1935056550086,-97.43759061378175,329.29758936377806,4.569035530090332,-279.5
1763595914403,35.19350758461347,-97.43759091635219,329.3059450797662,4.5514750480651855,-290.79998779296875
1763595914403,35.193509519797104,-97.43759112634524,329.31418228568594,4.540799140930176,-297.79998779296875
1763595914403,35.1935114064567,-97.43759125483481,329.32246657003355,4.526279449462891,-302.6000061035156
1763595914403,35.19351333099836,-97.43759127159589,329.3305357799669,4.513549327850342,-305.79998779296875
1763595914403,35.193515274957015,-97.4375912033843,329.338450869205,4.507941722869873,-307.79998779296875
1763595914403,35.193517082059074,-97.43759102500773,329.3450048257255,4.513671398162842,-309.20001220703125
1763595914403,35.19351897172917,-97.4375907668969,329.3516908483,4.514256477355957,-310.5
1763595914403,35.19352088806221,-97.43759041549951,329.35790108269055,4.5066070556640625,-312.1000061035156
1763595914403,35.19352274412583,-97.43759002724892,329.3630421833728,4.497939586639404,-312.8999938964844
1763595914403,35.19352458873099,-97.43758958692209,329.36766057011084,4.494609832763672,-313.20001220703125
1763595915403,35.193529475800105,-97.43758764261537,329.1589495666315,4.4894514083862305,-313.8999938964844
1763595915403,35.19353091896662,-97.43758715064399,329.1610612556038,4.48406982421875,-314.29998779296875
1763595915403,35.19353281185087,-97.43758642406031,329.1631177480354,4.48261022567749,-314.70001220703125
1763595915403,35.1935346216073,-97.43758564167727,329.1646700803389,4.480837821960449,-314.79998779296875
1763595915403,35.19353646551364,-97.43758474102398,329.1657113073987,4.479145526885986,-314.79998779296875
1763595915403,35.19353824879111,-97.43758379697294,329.1671966597659,4.475425720214844,-314.8999938964844
1763595915403,35.1935400387739,-97.43758274739879,329.16834113815685,4.476784706115723,-315.0
1763595915403,35.193541743355325,-97.43758166884072,329.1692205993066,4.4843974113464355,-315.0
1763595915403,35.19354349226707,-97.43758049506839,329.1695813299775,4.485684871673584,-314.8999938964844
1763595915403,35.193545178305826,-97.4375792854291,329.1696391336258,4.481410503387451,-314.8999938964844
1763595915403,35.19354682593838,-97.43757801406043,329.16868302280557,4.48012638092041,-314.8999938964844
1763595915403,35.19354850641634,-97.43757667104943,329.1678776160085,4.483675479888916,-314.8999938964844
1763595915403,35.193550083098174,-97.43757534698739,329.16727677108287,4.482706546783447,-314.8999938964844
1763595915403,35.19355168840117,-97.43757388832648,329.16685707191834,4.480408668518066,-314.8999938964844
1763595915403,35.19355324834925,-97.43757243066352,329.1663834876577,4.483633995056152,-314.8999938964844
1763595915403,35.19355480847933,-97.43757091818097,329.1664246945091,4.490583419799805,-314.8999938964844
1763595915403,35.19355631928749,-97.43756935730059,329.1660456890543,4.486555576324463,-314.8999938964844
1763595915403,35.19355776728728,-97.43756775412538,329.16519034591124,4.487216472625732,-314.8999938964844
1763595915403,35.19355921010254,-97.43756605293682,329.16475993525273,4.489802360534668,-314.8999938964844
1763595915403,35.19356065373787,-97.43756432908607,329.16518805110934,4.499998569488525,-314.8999938964844
1763595915403,35.19356197539807,-97.4375626282909,329.1647084941608,4.496225833892822,-314.8999938964844
1763595915403,35.193563296842854,-97.43756078759903,329.1630138554864,4.487664699554443,-314.6000061035156
1763595916403,35.19356654065983,-97.43755890946288,329.04371035239217,4.478975296020508,-314.29998779296875
1763595916403,35.19356740628994,-97.43755753298564,329.0414188594747,4.480684757232666,-314.29998779296875
1763595916403,35.19356865351229,-97.43755533263007,329.0385223844291,4.492232322692871,-314.29998779296875
1763595916403,35.193569675992535,-97.43755342822396,329.0365204736354,4.4968791007995605,-314.29998779296875
1763595916403,35.19357085610567,-97.4375510598395,329.03412814893454,4.498655319213867,-314.20001220703125
1763595916403,35.19357185669295,-97.43754893920206,329.03194694534466,4.5018696784973145,-314.0
1763595916403,35.19357280556498,-97.4375468248398,329.03031431036686,4.492572784423828,-313.5
1763595916403,35.19357364216296,-97.43754473109063,329.02798148699475,4.485250949859619,-312.3999938964844
1763595916403,35.19357457101729,-97.43754229962339,329.0259136894288,4.492077827453613,-310.29998779296875
1763595916403,35.19357537989017,-97.43754006452099,329.0250744883748,4.508802890777588,-306.5
1763595916403,35.19357616243323,-97.4375378102284,329.02351638905645,4.511812210083008,-303.20001220703125
1763595916403,35.19357690901216,-97.43753542962251,329.02112074590445,4.508267879486084,-298.3999938964844
1763595916403,35.193577608921174,-97.43753304120615,329.0187556549892,4.505403518676758,-293.29998779296875
1763595916403,35.193578211795696,-97.43753075710835,329.01619616274104,4.506787300109863,-287.79998779296875
1763595916403,35.1935788068987,-97.43752838169938,329.01260312617865,4.509005546569824,-282.1000061035156
1763595916403,35.19357937336974,-97.43752590123721,329.0088936535836,4.51541805267334,-275.20001220703125
1763595916403,35.193579846761565,-97.43752366456711,329.00519837097613,4.519374370574951,-271.1000061035156
1763595916403,35.193580323295265,-97.43752101366567,329.00224293216786,4.527514934539795,-266.70001220703125
1763595916403,35.19358075204,-97.43751857765149,328.99812955992223,4.5421671867370605,-263.20001220703125
1763595916403,35.19358114751387,-97.43751615937482,328.9946821358077,4.552529811859131,-261.70001220703125
1763595917403,35.193584928759535,-97.43751543228237,328.923343824214,4.559016227722168,-260.20001220703125
1763595917403,35.19358519375093,-97.43751331306098,328.921785622593,4.554162502288818,-259.5
1763595917403,35.19358546379555,-97.43751078359044,328.919019247945,4.5555739402771,-258.8999938964844
1763595917403,35.193585682869134,-97.4375082340377,328.9158171643835,4.556046009063721,-257.29998779296875
1763595917403,35.19358583844683,-97.43750566005691,328.9117454911728,4.562581539154053,-253.10000610351562
1763595917403,35.1935859503131,-97.43750314554138,328.90860460268146,4.570516586303711,-244.89999389648438
1763595917403,35.193586006876615,-97.43750063869052,328.9055884368027,4.579591274261475,-232.60000610351562
1763595917403,35.1935860181836,-97.43749815309187,328.9030088119052,4.579989910125732,-214.3000030517578
1763595917403,35.19358600050324,-97.43749571888209,328.90036811201276,4.5834641456604,-200.89999389648438
1763595917403,35.193585961408246,-97.43749323415143,328.8980692365174,4.600784778594971,-182.1999969482422
1763595917403,35.193585903423994,-97.43749069438527,328.89476772455725,4.611128330230713,-158.0
1763595917403,35.19358582391485,-97.43748818290597,328.8928450184827,4.615120887756348,-140.39999389648438
1763595917403,35.19358574629491,-97.43748564067914,328.8902528404657,4.614012241363525,-118.69999694824219
1763595917403,35.19358567231425,-97.43748311952778,328.88862888777794,4.62451696395874,-97.5
1763595917403,35.19358559934085,-97.43748061440688,328.8853635723471,4.637233257293701,-77.19999694824219
1763595917403,35.19358552658315,-97.4374780884954,328.882786306525,4.650481224060059,-54.29999923706055
1763595917403,35.193585404882796,-97.43747554812367,328.8804553954648,4.652390480041504,-39.099998474121094
1763595917403,35.19358529767903,-97.43747311893495,328.8805669465958,4.666075706481934,-19.700000762939453
1763595917403,35.19358523504141,-97.43747049847896,328.878149115436,4.681363105773926,-1.0
1763595917403,35.193585124975904,-97.4374679985339,328.8787367910469,4.68970251083374,16.100000381469727
1763595918403,35.19358512600858,-97.43746467311674,328.8086935894072,4.690059661865234,34.79999923706055
1763595918403,35.19358511761154,-97.43746232260435,328.8069038414532,4.698300838470459,49.900001525878906
1763595918403,35.193585193804914,-97.43745980280225,328.80659736343614,4.713703155517578,65.0
1763595918403,35.19358531567363,-97.43745727580387,328.80650639162366,4.726626396179199,77.5999984741211
1763595918403,35.19358551441848,-97.43745468035993,328.80467513650655,4.741168022155762,92.4000015258789
1763595918403,35.19358575350133,-97.43745213864088,328.8033889339965,4.753465175628662,105.69999694824219
1763595918403,35.193586056568634,-97.43744954051942,328.8005347522508,4.764986515045166,120.0
1763595918403,35.19358642576447,-97.43744693006978,328.79741149826447,4.78017520904541,131.10000610351562
1763595918403,35.1935868568933,-97.43744431696857,328.79299804909175,4.788225173950195,139.39999389648438
1763595918403,35.19358734393605,-97.43744174412446,328.78893247224124,4.803694725036621,149.1999969482422
1763595918403,35.1935878499132,-97.4374393465172,328.7855972555427,4.822849750518799,158.6999969482422
1763595918403,35.193588482544804,-97.43743660683266,328.78232935862445,4.848583221435547,169.39999389648438
1763595918403,35.193589147421335,-97.43743400627169,328.77968796838616,4.866945743560791,177.8000030517578
1763595918403,35.19358984503855,-97.43743147709151,328.77729781048134,4.8752570152282715,184.3000030517578
1763595918403,35.193590623334245,-97.43742887230026,328.77496417213285,4.8900251388549805,192.60000610351562
1763595918403,35.19359136912165,-97.43742652574475,328.77222776564895,4.902059555053711,198.8000030517578
1763595918403,35.19359232101184,-97.43742377461642,328.7693781471422,4.933502674102783,208.1999969482422
1763595918403,35.19359327190175,-97.4374212246042,328.7680097779726,4.948355197906494,213.3000030517578
1763595918403,35.19359426800031,-97.43741875781475,328.7664019582691,4.958436965942383,215.89999389648438
1763595918403,35.193595288163905,-97.43741639163629,328.7646031922909,4.969588279724121,217.60000610351562
1763595919403,35.19359680576643,-97.43741326728268,328.7113528216871,4.977174282073975,219.10000610351562
1763595919403,35.193597680374275,-97.43741153172309,328.7106690309727,4.98537015914917,219.89999389648438
1763595919403,35.19359906319282,-97.43740895329505,328.70868947145476,4.995370864868164,222.60000610351562
1763595919403,35.19360035600097,-97.43740667185531,328.7072429388217,5.011271953582764,226.8000030517578
1763595919403,35.19360177934088,-97.43740426569956,328.70616058632726,5.0276947021484375,232.10000610351562
1763595919403,35.19360316576608,-97.43740203399796,328.70504524766955,5.04210901260376,237.39999389648438
1763595919403,35.193604621569406,-97.43739979911723,328.70440733760415,5.059292316436768,242.89999389648438
1763595919403,35.19360615645866,-97.43739754678727,328.703848897964,5.070204257965088,246.5
1763595919403,35.193607734898414,-97.43739536961836,328.70344996611516,5.074202060699463,247.39999389648438
1763595919403,35.19360936784149,-97.43739322840526,328.7036039773211,5.079634666442871,246.60000610351562
1763595919403,35.193611072891414,-97.43739112775079,328.7038784422758,5.090903282165527,243.89999389648438
1763595919403,35.193612800676654,-97.43738907715202,328.7044198930315,5.093890190124512,239.39999389648438
1763595919403,35.19361461524217,-97.4373870426172,328.70460753950886,5.103149890899658,233.6999969482422
1763595919403,35.19361625254155,-97.43738530710517,328.704787046083,5.117669582366943,224.3000030517578
1763595919403,35.19361831806798,-97.43738323015504,328.7050933692548,5.127358913421631,213.5
1763595919403,35.19362017952115,-97.4373814271576,328.7060541957502,5.121543884277344,198.89999389648438
1763595919403,35.19362210383002,-97.43737966066539,328.70652179028104,5.124919891357422,185.0
1763595919403,35.19362402501499,-97.43737793629042,328.707100566695,5.129002571105957,169.39999389648438
1763595920403,35.193627936945894,-97.43737785299533,328.6113007516761,5.13579797744751,150.60000610351562
1763595920403,35.19362921143146,-97.43737678937396,328.61202698309586,5.133805751800537,141.0
1763595920403,35.193631378084866,-97.437374997812,328.61245489855736,5.139300346374512,118.5
1763595920403,35.19363339169284,-97.43737332773436,328.612694785694,5.141542434692383,109.19999694824219
1763595920403,35.19363538259974,-97.43737168945069,328.6129656578955,5.1357011795043945,91.9000015258789
1763595920403,35.193637359755584,-97.43737004776665,328.6126578741961,5.131215572357178,76.9000015258789
1763595920403,35.19363935718175,-97.43736837105389,328.6119509740712,5.1290602684021,64.4000015258789
1763595920403,35.193641274334425,-97.43736673599919,328.610609479742,5.1321024894714355,50.0
1763595920403,35.19364331511542,-97.43736499242118,328.6095601084609,5.132175445556641,36.900001525878906
1763595920403,35.1936452891576,-97.43736329103407,328.60815936395255,5.141443729400635,22.0
1763595920403,35.1936472857284,-97.43736152883578,328.6063900617724,5.138566493988037,10.600000381469727
1763595920403,35.19364924384422,-97.43735977303362,328.60490646626783,5.139133930206299,4.0
1763595920403,35.19365113460883,-97.43735803305339,328.6033463125506,5.139474391937256,-1.2000000476837158
1763595920403,35.19365307692494,-97.43735623341274,328.60348324751374,5.140438556671143,-1.899999976158142
1763595920403,35.193654986728745,-97.43735442329672,328.6035228888025,5.136492729187012,-0.6000000238418579
1763595920403,35.193656880243736,-97.43735260242292,328.6024365511571,5.1403279304504395,2.4000000953674316
1763595920403,35.1936587813688,-97.43735075719178,328.59994079456055,5.142594814300537,8.699999809265137
1763595920403,35.19366064873207,-97.43734892582133,328.59819406840325,5.1414361000061035,15.699999809265137
1763595920403,35.19366258803899,-97.43734704320457,328.59559711163615,5.145832061767578,22.299999237060547
1763595920403,35.1936644888689,-97.43734520419568,328.5931204094263,5.1451921463012695,33.79999923706055
1763595921403,35.193665086368554,-97.43734264626893,328.4788261054856,5.147151470184326,45.0
1763595921403,35.19366696241512,-97.43734091860239,328.47710232621324,5.146548748016357,57.70000076293945
1763595921403,35.193668889980046,-97.43733920340564,328.47503472593536,5.139807224273682,68.80000305175781
1763595921403,35.19367066260859,-97.43733767798007,328.4732392434767,5.14686393737793,85.30000305175781
1763595921403,35.19367282766886,-97.43733590346672,328.4716419451659,5.157109260559082,99.4000015258789
1763595921403,35.1936747712381,-97.4373343842707,328.4711042694633,5.1646223068237305,107.9000015258789
1763595921403,35.19367685708026,-97.4373328247052,328.47098612596346,5.171369552612305,120.80000305175781
1763595921403,35.19367889379893,-97.4373313813415,328.4712942852006,5.166752815246582,132.6999969482422
1763595921403,35.19368100399551,-97.43732996509704,328.4711087929775,5.15818977355957,147.6999969482422
1763595921403,35.1936831643365,-97.43732859590928,328.47068974122493,5.158393859863281,157.6999969482422
1763595921403,35.19368530710424,-97.43732730846214,328.46991597416445,5.15874719619751,168.10000610351562
1763595921403,35.1936874844695,-97.43732608403742,328.46960441729675,5.158222675323486,176.6999969482422
1763595921403,35.19368969353567,-97.43732491801276,328.469291776487,5.160109519958496,189.3000030517578
1763595921403,35.19369194659737,-97.4373238069023,328.46874414926384,5.162757873535156,199.1999969482422
1763595921403,35.19369421268448,-97.43732278338243,328.4684354996618,5.159830093383789,206.60000610351562
1763595921403,35.19369646038597,-97.43732185789159,328.4680346869707,5.158802509307861,213.6999969482422
1763595921403,35.193698815909336,-97.43732098299397,328.4678489062314,5.167642116546631,224.1999969482422
1763595921403,35.193701087985794,-97.43732021880983,328.4686781438836,5.1686692237854,232.89999389648438
1763595921403,35.19370346997275,-97.43731951689023,328.46964495582466,5.16830587387085,241.5
1763595921403,35.193705853797006,-97.43731890495336,328.4707671430653,5.164643287658691,247.6999969482422
1763595922403,35.19370857484093,-97.43732022956762,328.4058367067157,5.159457683563232,255.39999389648438
1763595922403,35.19371066880288,-97.43731996249046,328.4067522650906,5.154147148132324,260.8999938964844
1763595922403,35.19371302226852,-97.43731975862802,328.4080035528473,5.149580001831055,264.1000061035156
1763595922403,35.193715316111984,-97.4373196344082,328.40890405908203,5.1510491371154785,267.6000061035156
1763595922403,35.193717761226814,-97.43731961193387,328.41091629651044,5.1578192710876465,269.5
1763595922403,35.193720132843815,-97.43731967208043,328.4139335362142,5.159669399261475,270.1000061035156
1763595922403,35.193722523337605,-97.43731981895338,328.417506532392,5.159443378448486,270.5
1763595922403,35.193724862283,-97.43732005173224,328.4210593176103,5.155766487121582,270.6000061035156
1763595922403,35.193727263546904,-97.43732037685288,328.4247352155715,5.149127960205078,270.6000061035156
1763595922403,35.193729655856295,-97.43732077945137,328.42900748745734,5.14438009262085,270.6000061035156
1763595922403,35.19373200567184,-97.437321254343,328.43291351955236,5.140055179595947,270.29998779296875
1763595922403,35.19373430339293,-97.43732179848408,328.43760534400843,5.150966167449951,269.70001220703125
1763595922403,35.19373660295132,-97.43732242587053,328.44466570343235,5.152182579040527,269.0
1763595922403,35.19373886940001,-97.43732312068384,328.4514373182689,5.143893718719482,267.6000061035156
1763595922403,35.193741150862444,-97.43732389704547,328.45842244436494,5.129074573516846,266.5
1763595922403,35.19374338480418,-97.43732478402487,328.465024806501,5.1091628074646,264.8999938964844
1763595922403,35.19374545270756,-97.43732567610492,328.4699933383582,5.092349529266357,263.79998779296875
1763595922403,35.19374776500937,-97.43732679255166,328.47515693405904,5.087628364562988,263.1000061035156
1763595922403,35.19374993739426,-97.43732789525376,328.47998087223,5.099709987640381,262.8999938964844
1763595922403,35.19375209571898,-97.43732902988816,328.48634279297096,5.0937957763671875,262.8999938964844
1763595923403,35.19375352200283,-97.43733249544822,328.3997653284228,5.066486835479736,262.8999938964844
1763595923403,35.19375509598464,-97.43733348853357,328.4051453335942,5.055294036865234,262.8999938964844
1763595923403,35.19375708914452,-97.43733484347145,328.4111097140071,5.067601203918457,262.79998779296875
1763595923403,35.193759047816954,-97.43733624247601,328.4179320151807,5.06738805770874,262.6000061035156
1763595923403,35.19376104940236,-97.43733778368228,328.4253261945425,5.060696125030518,262.0
1763595923403,35.193762949015635,-97.43733937724338,328.4309148088416,5.050327777862549,260.6000061035156
1763595923403,35.19376479723419,-97.43734102303603,328.4360430021094,5.039236545562744,258.79998779296875
1763595923403,35.193766625455844,-97.43734272687846,328.44160360574335,5.029106616973877,256.70001220703125
1763595923403,35.193768381647025,-97.43734447902084,328.44815213127464,5.019271373748779,254.6999969482422
1763595923403,35.19377011722944,-97.4373462975359,328.45552374161883,5.009222030639648,252.5
1763595923403,35.1937718035189,-97.43734815976025,328.4645154162846,4.996934413909912,250.8000030517578
1763595923403,35.193773449018565,-97.43735012206456,328.47434845585246,4.993032932281494,250.10000610351562
1763595923403,35.193775013976506,-97.43735209183596,328.4845055439365,4.977358818054199,249.8000030517578
1763595923403,35.19377655749153,-97.43735411778941,328.49470548977797,4.964180946350098,249.39999389648438
1763595923403,35.19377804054006,-97.43735614429109,328.50439808023395,4.960383892059326,248.60000610351562
1763595923403,35.19377948501334,-97.4373581992316,328.5148082078307,4.9569830894470215,246.6999969482422
1763595923403,35.193780950741065,-97.43736035896943,328.52529149844423,4.937310218811035,241.5
1763595923403,35.19378233602657,-97.43736241101227,328.5358177401158,4.925622940063477,233.8000030517578
1763595923403,35.193783728989075,-97.43736452731537,328.5463139126923,4.905514240264893,223.0
1763595923403,35.19378508356279,-97.43736670720955,328.5567806174564,4.88710880279541,212.5
1763595924403,35.19378485748011,-97.43737202335193,328.5578926369415,4.8700737953186035,193.6999969482422
1763595924403,35.19378584750469,-97.43737387369897,328.5662918386015,4.860335826873779,175.39999389648438
1763595924403,35.19378705412603,-97.43737626736583,328.5778574438075,4.8556718826293945,157.3000030517578
1763595924403,35.19378820847146,-97.43737853043761,328.58865804720216,4.8491339683532715,141.1999969482422
1763595924403,35.19378936448383,-97.43738082433154,328.60052907320227,4.839693546295166,125.5
1763595924403,35.1937904781783,-97.43738308045408,328.6118722432597,4.830877304077148,109.69999694824219
1763595924403,35.19379162287928,-97.43738537385634,328.6234993205772,4.821096420288086,94.19999694824219
1763595924403,35.19379281235914,-97.43738765098384,328.6349846693674,4.811861038208008,77.30000305175781
1763595924403,35.19379402117974,-97.43738987592307,328.64708296746574,4.8086724281311035,62.099998474121094
1763595924403,35.19379521455041,-97.43739203871023,328.6587180846003,4.789103984832764,38.29999923706055
1763595924403,35.19379648351381,-97.43739425986185,328.6707850244588,4.77025842666626,18.5
1763595924403,35.1937977457906,-97.43739644161535,328.6823433281889,4.752173900604248,1.5
1763595924403,35.19379894489174,-97.4373985523339,328.69318887751587,4.742364406585693,-11.5
1763595924403,35.19380014907632,-97.43740061569815,328.70465285693234,4.732725143432617,-23.600000381469727
1763595924403,35.19380143172517,-97.43740271768344,328.71545419620566,4.718723773956299,-35.79999923706055
1763595924403,35.19380278350553,-97.43740476231854,328.7263258120227,4.7030863761901855,-47.400001525878906
1763595924403,35.19380415543557,-97.43740678463624,328.7367521011753,4.6874213218688965,-57.70000076293945
1763595924403,35.193805493529425,-97.437408679699,328.74771658452056,4.676627159118652,-64.5
1763595924403,35.19380689381961,-97.43741065528187,328.7586450180187,4.658650875091553,-72.0999984741211
1763595924403,35.19380827566533,-97.43741254050083,328.7677869252787,4.64509916305542,-75.5999984741211
1763595925403,35.19381058950212,-97.43741411098357,328.6713822859855,4.6325364112854,-76.0999984741211
1763595925403,35.19381160192562,-97.4374153424289,328.6793023391882,4.625250339508057,-74.69999694824219
1763595925403,35.1938130177101,-97.43741713786882,328.6917595238815,4.616759300231934,-70.30000305175781
1763595925403,35.19381438673691,-97.43741887399092,328.7028701307199,4.599299907684326,-64.19999694824219
1763595925403,35.19381577672769,-97.43742060091999,328.7136558809626,4.585285186767578,-56.900001525878906
1763595925403,35.19381719799213,-97.43742237240467,328.72485365154927,4.5728960037231445,-48.70000076293945
1763595925403,35.19381861624142,-97.4374241157968,328.73652814171476,4.554470062255859,-39.599998474121094
1763595925403,35.19381988602642,-97.43742564872694,328.74600543709244,4.54367208480835,-29.899999618530273
1763595925403,35.1938213797818,-97.43742749180403,328.75816318005025,4.5343780517578125,-21.799999237060547
1763595925403,35.19382278482574,-97.43742920699312,328.7706308783421,4.52457332611084,-8.5
1763595925403,35.19382416660258,-97.43743088581928,328.78356008587235,4.511892795562744,4.599999904632568
1763595925403,35.19382554525417,-97.43743257301051,328.7972949362594,4.49724817276001,18.0
1763595925403,35.19382695978366,-97.43743426520993,328.81116383781045,4.484438419342041,30.700000762939453
1763595925403,35.19382827629602,-97.43743593449538,328.8229167391099,4.47172737121582,42.29999923706055
1763595925403,35.19382962676045,-97.43743763544293,328.8352813787446,4.472029685974121,53.0
1763595925403,35.19383093411956,-97.43743937909647,328.84678141440725,4.463489055633545,63.20000076293945
1763595925403,35.1938320845708,-97.43744102532348,328.85714691986163,4.457850456237793,74.4000015258789
1763595925403,35.19383338426963,-97.43744296796623,328.8710397522025,4.450829982757568,86.9000015258789
1763595925403,35.19383461418084,-97.43744483225066,328.88359318584367,4.449045658111572,100.0999984741211
1763595925403,35.19383579611337,-97.43744670211588,328.89571793467593,4.450892925262451,113.30000305175781
1763595926403,35.19383886249514,-97.43745152631944,328.69112053550504,4.449581146240234,133.60000610351562
1763595926403,35.193839898351435,-97.43745336353871,328.7013584372719,4.445463180541992,143.3000030517578
1763595926403,35.19384100026018,-97.43745541775144,328.7118217900949,4.439809799194336,159.3000030517578
1763595926403,35.19384202227215,-97.4374574398987,328.72185399977104,4.445366859436035,175.39999389648438
1763595926403,35.193843016847296,-97.43745957423646,328.73232397401466,4.446272850036621,190.8000030517578
1763595926403,35.193843924934114,-97.43746170470864,328.7424374816875,4.443969249725342,203.8000030517578
1763595926403,35.193844778669984,-97.43746389679005,328.75289941746286,4.436196804046631,215.0
1763595926403,35.19384554237274,-97.43746605577537,328.76253102970435,4.433660984039307,225.39999389648438
1763595926403,35.19384624925251,-97.43746825138994,328.7725195264134,4.435789585113525,236.0
1763595926403,35.19384692429035,-97.43747059100136,328.7829371347249,4.437231063842773,246.6999969482422
1763595926403,35.19384752590564,-97.43747286973398,328.79354808495555,4.438706874847412,257.1000061035156
1763595926403,35.19384808658194,-97.43747521411152,328.8043719764569,4.4449052810668945,266.79998779296875
1763595926403,35.1938485826418,-97.4374775759756,328.8152674301172,4.452200889587402,275.8999938964844
1763595926403,35.193849000562864,-97.4374798773048,328.82552615084796,4.454597473144531,284.5
1763595926403,35.19384932070847,-97.43748203630109,328.8346046145809,4.453312873840332,290.79998779296875
1763595926403,35.19384960722288,-97.43748456590541,328.84536023587395,4.449376106262207,299.5
1763595926403,35.193849794234545,-97.43748695704008,328.8555890149327,4.450711727142334,305.6000061035156
1763595926403,35.19384990554487,-97.43748933526,328.86580443831076,4.450191020965576,310.29998779296875
1763595926403,35.19384993303584,-97.43749168195507,328.8759478940865,4.456783771514893,313.8999938964844
1763595926403,35.19384988912142,-97.43749406588542,328.8864451368702,4.460132122039795,315.79998779296875
1763595927403,35.19384919561041,-97.43749815155442,328.7947137499282,4.463145732879639,318.8999938964844
1763595927403,35.193849023372316,-97.43750011668091,328.8036204214721,4.461843490600586,321.3999938964844
1763595927403,35.19384876118953,-97.4375024756817,328.81502533901363,4.4567484855651855,323.8999938964844
1763595927403,35.193848404066834,-97.43750492651985,328.82636279654537,4.4500956535339355,327.70001220703125
1763595927403,35.19384799728271,-97.43750725979714,328.8365397826354,4.453393936157227,331.8999938964844
1763595927403,35.19384752650367,-97.43750956743565,328.8459935310701,4.449748516082764,336.20001220703125
1763595927403,35.19384695767777,-97.43751192800734,328.8550055922487,4.442107200622559,339.5
1763595927403,35.193846305880555,-97.43751425014287,328.86385542730625,4.443360328674316,341.79998779296875
1763595927403,35.193845570697235,-97.43751652108551,328.871891142571,4.446887969970703,343.20001220703125
1763595927403,35.193844761172684,-97.43751878457785,328.88022591895174,4.448165416717529,343.5
1763595927403,35.19384388658559,-97.43752098819213,328.88878605739023,4.452536582946777,343.5
1763595927403,35.19384294034347,-97.43752316344246,328.89724626692606,4.45086145401001,343.5
1763595927403,35.1938419381546,-97.4375253219322,328.905491859527,4.450994491577148,343.5
1763595927403,35.19384088918227,-97.43752743597543,328.9135992986955,4.454311370849609,343.5
1763595927403,35.193839783015314,-97.43752949194955,328.920877969107,4.463016033172607,343.6000061035156
1763595927403,35.19383875001704,-97.43753130316009,328.92707499628284,4.4713544845581055,343.8999938964844
1763595927403,35.193837441450526,-97.43753344113794,328.93394096511054,4.480061054229736,344.79998779296875
1763595927403,35.1938361803873,-97.43753537275116,328.93927497013215,4.478766918182373,345.79998779296875
1763595927403,35.19383485345417,-97.43753728438321,328.94369341744175,4.477442264556885,346.20001220703125
1763595927403,35.193833499233584,-97.43753911431355,328.9472283122384,4.478515625,346.29998779296875
1763595928403,35.193830973835105,-97.43754152793663,328.8243075331281,4.49426794052124,346.29998779296875
1763595928403,35.19382994965878,-97.43754275524223,328.82572020420696,4.505738258361816,346.29998779296875
1763595928403,35.19382836103405,-97.43754450006621,328.8278602347057,4.5162153244018555,346.29998779296875
1763595928403,35.19382674659773,-97.43754616797105,328.8302644698343,4.531974792480469,346.29998779296875
1763595928403,35.19382512825058,-97.43754774354444,328.8328761362607,4.54640531539917,346.29998779296875
1763595928403,35.19382345550051,-97.43754926904177,328.8360405853463,4.554862976074219,346.29998779296875
1763595928403,35.193821707741435,-97.43755072956493,328.8388466180087,4.56728982925415,346.29998779296875
1763595928403,35.19381988969903,-97.43755211609157,328.8420300794169,4.580795764923096,345.8999938964844
1763595928403,35.19381808298399,-97.43755339568426,328.84595298614937,4.587416648864746,345.1000061035156
1763595928403,35.19381615807354,-97.43755466021494,328.8504253356275,4.592373371124268,343.70001220703125
1763595928403,35.19381422676421,-97.43755579944015,328.8539826411771,4.60328483581543,342.1000061035156
1763595928403,35.19381221721451,-97.43755686071961,328.8581463146325,4.609363079071045,340.79998779296875
1763595928403,35.19381015907238,-97.43755782706505,328.8622695826366,4.618765830993652,339.79998779296875
1763595928403,35.193808068968416,-97.43755868834145,328.8651393976874,4.6265177726745605,339.6000061035156
1763595928403,35.193805981971224,-97.43755944289856,328.868479206998,4.641802787780762,339.1000061035156
1763595928403,35.19380387496748,-97.43756011437571,328.8721507688151,4.652323246002197,338.29998779296875
1763595928403,35.19380170836488,-97.43756070859847,328.87544155865834,4.664494037628174,336.70001220703125
1763595928403,35.193799570739124,-97.43756120605059,328.8784865095811,4.674232006072998,334.6000061035156
1763595928403,35.19379733739958,-97.43756164157018,328.8816168933113,4.672106742858887,332.5
1763595928403,35.19379512199346,-97.43756197489199,328.88460441557066,4.678637504577637,331.29998779296875
1763595929403,35.19379195241078,-97.43756203545631,328.80889986161264,4.689127445220947,330.29998779296875
1763595929403,35.19379063598077,-97.43756214784047,328.8110598394588,4.695965766906738,330.1000061035156
1763595929403,35.19378843219522,-97.43756224217643,328.81259255496104,4.700313568115234,329.79998779296875
1763595929403,35.193786200962535,-97.43756225575383,328.81437631086266,4.701113224029541,329.79998779296875
1763595929403,35.19378381222902,-97.43756219059736,328.8148998502261,4.704423904418945,329.6000061035156
1763595929403,35.19378156633581,-97.43756202880387,328.81458369761623,4.7111053466796875,329.29998779296875
1763595929403,35.1937793292183,-97.43756181279126,328.8135527608343,4.723898887634277,328.70001220703125
1763595929403,35.19377699274683,-97.43756154852971,328.8125990123532,4.733312606811523,328.20001220703125
1763595929403,35.19377480878199,-97.43756126531179,328.8121095079643,4.736578464508057,327.6000061035156
1763595929403,35.19377232858523,-97.43756083655761,328.81105896801506,4.742066383361816,326.6000061035156
1763595929403,35.1937700479985,-97.43756030738726,328.8105429700968,4.748251438140869,325.70001220703125
1763595929403,35.19376775664047,-97.43755970033472,328.81000216613575,4.755608558654785,324.5
1763595929403,35.19376549279964,-97.43755904772038,328.81109950637125,4.769457817077637,322.29998779296875
1763595929403,35.19376314253895,-97.43755829557848,328.81356677022876,4.786959648132324,319.8999938964844
1763595929403,35.19376105518258,-97.43755759000126,328.81612473752455,4.8025689125061035,317.5
1763595929403,35.19375879851965,-97.43755668037112,328.8181606557013,4.813908576965332,315.79998779296875
1763595929403,35.193756332801094,-97.43755552812044,328.8197586437766,4.8215460777282715,313.6000061035156
1763595929403,35.193754172965264,-97.43755447040301,328.8217771410253,4.8153605461120605,310.6000061035156
1763595929403,35.193752061346444,-97.4375533603653,328.8245402878237,4.819121837615967,306.29998779296875
1763595929403,35.19374975061647,-97.43755208204426,328.8287797176884,4.824983596801758,300.79998779296875
1763595930403,35.19374776156333,-97.43755004433818,328.75242467825575,4.831065654754639,294.0
1763595930403,35.193745915267655,-97.43754911070786,328.7581577835265,4.8329620361328125,289.5
1763595930403,35.19374375027909,-97.43754773988309,328.7645031573098,4.843576431274414,281.79998779296875
1763595930403,35.1937415731569,-97.43754618352445,328.7707200037218,4.842970371246338,278.1000061035156
1763595930403,35.19373954393784,-97.43754481631356,328.7782086806753,4.838464736938477,274.79998779296875
1763595930403,35.19373748007934,-97.43754343395557,328.78518387231384,4.840325355529785,269.5
1763595930403,35.193735370016505,-97.43754208211682,328.79246968200044,4.839212894439697,266.0
1763595930403,35.193733154584905,-97.4375406328183,328.80031064668646,4.834824085235596,261.79998779296875
1763595930403,35.19373108967234,-97.43753917167959,328.80761266863055,4.830180644989014,258.1000061035156
1763595930403,35.19372891168626,-97.43753753677544,328.8158272921795,4.8308916091918945,254.1999969482422
1763595930403,35.19372677957185,-97.43753589980743,328.8232237165678,4.824991703033447,251.10000610351562
1763595930403,35.19372473655376,-97.43753412236151,328.83023375686105,4.819238185882568,247.6999969482422
1763595930403,35.193722779917884,-97.43753224454484,328.83606467518445,4.814547538757324,244.5
1763595930403,35.19372088700521,-97.43753024387127,328.84187500928397,4.822062969207764,239.8000030517578
1763595930403,35.19371901409276,-97.4375282565049,328.8482914806761,4.828035831451416,232.8000030517578
1763595930403,35.193717112537364,-97.43752624022379,328.8554013040235,4.8218994140625,225.5
1763595930403,35.19371520808312,-97.43752416407133,328.8623953136568,4.822013854980469,216.39999389648438
1763595930403,35.19371335485504,-97.43752202703466,328.86867193846103,4.819339275360107,207.5
1763595930403,35.19371154006347,-97.43751989780417,328.8739455130572,4.81239128112793,193.5
1763595930403,35.1937097356579,-97.43751772100559,328.88070835282673,4.807784557342529,176.10000610351562
1763595931403,35.19371573886594,-97.43751884085083,328.695055801354,4.821195602416992,149.8000030517578
1763595931403,35.19371446254173,-97.43751706274723,328.7010233167486,4.822142124176025,139.5
1763595931403,35.19371276787419,-97.43751455205135,328.70789793306045,4.822363376617432,122.5
1763595931403,35.19371126996731,-97.43751234742487,328.7137225277401,4.831264495849609,102.0999984741211
1763595931403,35.19370974492829,-97.43751012501326,328.7210047386809,4.835020542144775,91.80000305175781
1763595931403,35.193708252819874,-97.43750810136024,328.72939118155125,4.827877998352051,74.19999694824219
1763595931403,35.193706488068635,-97.4375056612395,328.7371861792056,4.817723274230957,53.29999923706055
1763595931403,35.193704840582676,-97.43750344359177,328.7436028875793,4.806939601898193,36.20000076293945
1763595931403,35.19370319130097,-97.43750126321747,328.7501595415017,4.803559303283691,18.899999618530273
1763595931403,35.19370154980399,-97.4374991292253,328.7568185915286,4.810525894165039,-0.699999988079071
1763595931403,35.19369986407172,-97.43749702213246,328.7644826092692,4.808980941772461,-12.199999809265137
1763595931403,35.19369814179845,-97.43749497263266,328.77321889192797,4.805694103240967,-24.299999237060547
1763595931403,35.193696485659785,-97.43749312712966,328.78170279757984,4.800757884979248,-33.400001525878906
1763595931403,35.19369467831095,-97.43749117268578,328.79120487336115,4.7988176345825195,-47.70000076293945
1763595931403,35.19369299649727,-97.43748939497316,328.7977101974688,4.79295539855957,-59.70000076293945
1763595931403,35.193691073899465,-97.43748728134929,328.80605954648615,4.793454170227051,-72.4000015258789
1763595931403,35.19368925757549,-97.43748527470412,328.81432995663,4.797611236572266,-85.19999694824219
1763595931403,35.19368747004691,-97.43748332587268,328.82069910163386,4.799943923950195,-98.0999984741211
1763595931403,35.19368582678629,-97.43748159668988,328.8265779809548,4.798408031463623,-109.30000305175781
1763595931403,35.1936839626201,-97.43747965741011,328.8327789351127,4.793365001678467,-127.0
1763595932403,35.193683282714744,-97.43748017920517,328.7735518183158,4.788795471191406,-141.89999389648438
1763595932403,35.1936815379993,-97.43747836871152,328.7773903837902,4.783751487731934,-152.60000610351562
1763595932403,35.193679767063735,-97.43747661027302,328.7804303665688,4.778537273406982,-164.3000030517578
1763595932403,35.1936779520005,-97.43747488946462,328.78289406049146,4.779219150543213,-175.10000610351562
1763595932403,35.19367613915887,-97.43747328434979,328.78528590665434,4.786533832550049,-181.3000030517578
1763595932403,35.193674319586194,-97.4374717659255,328.7868876557552,4.793546199798584,-186.0
1763595932403,35.19367240309399,-97.43747025439421,328.7888644528061,4.799618721008301,-190.8000030517578
1763595932403,35.1936706319407,-97.43746895337686,328.7913330722201,4.802516460418701,-196.3000030517578
1763595932403,35.193668624604975,-97.43746753520583,328.79404477888176,4.801151275634766,-203.3000030517578
1763595932403,35.19366663695935,-97.43746618706305,328.79702120226597,4.810884952545166,-211.39999389648438
1763595932403,35.1936647137993,-97.43746495120477,328.8005293997105,4.826722145080566,-220.10000610351562
1763595932403,35.19366279560774,-97.43746376866547,328.80473111730527,4.836504936218262,-227.8000030517578
1763595932403,35.19366083713268,-97.43746263283299,328.8094205595018,4.846010684967041,-240.39999389648438
1763595932403,35.19365886024968,-97.43746155860144,328.8128096429855,4.849192142486572,-250.8000030517578
1763595932403,35.19365686371442,-97.43746056689754,328.8156680750651,4.850516319274902,-260.70001220703125
1763595932403,35.19365488539246,-97.43745969224388,328.81873135431226,4.845623016357422,-270.6000061035156
1763595932403,35.1936528350618,-97.4374589077097,328.8228304179417,4.847508430480957,-280.20001220703125
1763595932403,35.193650829604636,-97.43745825210222,328.827134510917,4.83860969543457,-287.70001220703125
1763595932403,35.19364890968275,-97.43745772254832,328.83189329105767,4.826745986938477,-291.70001220703125
1763595932403,35.193646881394656,-97.43745726063314,328.8377181312471,4.819798469543457,-294.3999938964844
1763595933403,35.19364381403477,-97.43745890317902,328.8433302711891,4.828024864196777,-295.1000061035156
1763595933403,35.19364206812843,-97.43745872120357,328.850070647654,4.83905553817749,-295.6000061035156
1763595933403,35.19363997708973,-97.43745856775415,328.85727268312246,4.837145805358887,-297.29998779296875
1763595933403,35.19363809478941,-97.437458508139,328.86407251610405,4.838653087615967,-299.5
1763595933403,35.193635902930126,-97.4374585187112,328.8733390894242,4.841987133026123,-302.6000061035156
1763595933403,35.193633857238275,-97.43745861607034,328.8826824689006,4.840699195861816,-307.5
1763595933403,35.19363180228282,-97.43745880202414,328.89156487735124,4.827589511871338,-313.70001220703125
1763595933403,35.19362982220707,-97.43745906399863,328.89906517312875,4.818942070007324,-319.6000061035156
1763595933403,35.1936278498693,-97.43745944138469,328.9065541407958,4.807729244232178,-323.6000061035156
1763595933403,35.193625885709146,-97.4374599249679,328.9151771050499,4.793065071105957,-330.3999938964844
1763595933403,35.19362394116116,-97.43746051363449,328.9240654726806,4.781094551086426,-336.79998779296875
1763595933403,35.19362202416276,-97.4374611745156,328.9329853354727,4.7768025398254395,-342.1000061035156
1763595933403,35.19362011947337,-97.43746194222578,328.9413296900106,4.765471935272217,-348.1000061035156
1763595933403,35.19361831757832,-97.4374627534593,328.948891856565,4.756645202636719,-351.5
1763595933403,35.19361646007935,-97.43746372804408,328.95678715529283,4.748321056365967,-354.3999938964844
1763595933403,35.19361472979771,-97.43746476233248,328.9658039238052,4.740723133087158,-356.29998779296875
1763595933403,35.19361299344292,-97.43746592577322,328.9752218062695,4.726770877838135,-357.3999938964844
1763595933403,35.19361137777604,-97.43746712783145,328.9840850241713,4.709351539611816,-358.20001220703125
1763595933403,35.19360981794409,-97.4374684078613,328.99327149309454,4.697369575500488,-358.6000061035156
1763595933403,35.19360820665325,-97.4374698637396,329.0030897694047,4.692912578582764,-359.5
1763595934403,35.19360446905704,-97.4374737757076,328.89974731490156,4.683489799499512,-361.0
1763595934403,35.19360339182327,-97.43747493118484,328.90518046061067,4.678703784942627,-361.70001220703125
1763595934403,35.19360197104811,-97.43747658878124,328.9127640778364,4.679691791534424,-362.8999938964844
1763595934403,35.19360057347069,-97.43747834205857,328.9206752905856,4.674846172332764,-363.6000061035156
1763595934403,35.19359925016907,-97.43748015347758,328.9275804952973,4.660821914672852,-364.29998779296875
1763595934403,35.19359795649193,-97.43748206768694,328.9347947771774,4.640935897827148,-365.20001220703125
1763595934403,35.193596782773085,-97.43748396727311,328.9420022386549,4.630887031555176,-366.0
1763595934403,35.19359565895364,-97.43748592660963,328.95000150367997,4.621161460876465,-366.5
1763595934403,35.19359466200156,-97.4374878014195,328.9577136981184,4.608124732971191,-366.6000061035156
1763595934403,35.19359360003788,-97.4374899849487,328.9660261937764,4.593315124511719,-366.6000061035156
1763595934403,35.19359265713914,-97.43749210410776,328.97414168709213,4.593143463134766,-366.6000061035156
1763595934403,35.193591745663326,-97.43749428527417,328.98234534302935,4.592249870300293,-366.6000061035156
1763595934403,35.19359090876285,-97.43749647571481,328.99058003511624,4.584405899047852,-366.6000061035156
1763595934403,35.193590173645454,-97.4374986326622,328.9977678516853,4.575827598571777,-366.5
1763595934403,35.19358950058937,-97.43750085933249,329.00503621868626,4.562626838684082,-366.5
1763595934403,35.193588900066864,-97.43750306513287,329.0122260680286,4.551028728485107,-366.5
1763595934403,35.19358833547965,-97.43750535673946,329.0197801021843,4.542303085327148,-366.5
1763595934403,35.193587837687666,-97.43750764184388,329.02674436343756,4.5338664054870605,-366.5
1763595934403,35.19358737997853,-97.43750996601516,329.033661819393,4.527007579803467,-366.5
1763595934403,35.19358700217746,-97.43751228091028,329.04051106706623,4.520604610443115,-366.5
1763595935403,35.193584712863654,-97.43751687027043,328.8034021419996,4.508609294891357,-366.5
1763595935403,35.19358452594805,-97.43751924516704,328.80842536987825,4.498405933380127,-366.5
1763595935403,35.193584416804896,-97.4375217950429,328.81289036690396,4.4885334968566895,-366.5
1763595935403,35.19358437750539,-97.43752421921407,328.81738524926254,4.479789733886719,-366.5
1763595935403,35.193584402204394,-97.43752661819506,328.82279445897325,4.475205421447754,-366.5
1763595935403,35.193584498827974,-97.43752932876501,328.83030045496366,4.467774391174316,-366.5
1763595935403,35.19358467051258,-97.4375318787464,328.83762336131883,4.457964897155762,-366.5
1763595935403,35.19358490683488,-97.43753427898962,328.8445725043737,4.452112674713135,-366.5
1763595935403,35.19358521036893,-97.4375367289769,328.85126082035765,4.446977138519287,-366.5
1763595935403,35.19358559636916,-97.43753922855186,328.8579506505409,4.447501182556152,-366.5
1763595935403,35.19358604113542,-97.43754171418178,328.8638269374623,4.4294233322143555,-366.5
1763595935403,35.19358655445147,-97.43754414890033,328.86964070326786,4.413547992706299,-366.5
1763595935403,35.193587132071265,-97.43754652142667,328.8753557588355,4.412255764007568,-366.5
1763595935403,35.19358777027435,-97.43754884739357,328.88077896862734,4.4076337814331055,-366.5
1763595935403,35.193588503604374,-97.43755130709567,328.88663235569925,4.409852504730225,-366.5
1763595935403,35.193589296690575,-97.43755363555157,328.89256143818216,4.406832218170166,-366.5
1763595935403,35.19359019343462,-97.43755601326507,328.89725936544403,4.4071855545043945,-366.5
1763595935403,35.1935910542695,-97.43755828467242,328.90239030354917,4.409008502960205,-366.5
1763595935403,35.19359200634387,-97.43756053642412,328.90788246263645,4.400308132171631,-366.5
1763595935403,35.19359297239301,-97.43756277752244,328.91460390373834,4.394474029541016,-366.6000061035156
1763595936403,35.19359399750344,-97.43756460510394,328.789390858809,4.398441314697266,-366.70001220703125
1763595936403,35.193595175882805,-97.4375667603829,328.7932552845535,4.3979363441467285,-367.0
1763595936403,35.19359647655968,-97.43756885954978,328.7967223527632,4.397039413452148,-367.5
1763595936403,35.193597749059094,-97.43757083387933,328.80061693189236,4.395461559295654,-368.1000061035156
1763595936403,35.193599061436146,-97.43757274418954,328.8047187818442,4.40104866027832,-368.5
1763595936403,35.19360038750272,-97.43757455724655,328.8081895604197,4.40332555770874,-368.8999938964844
1763595936403,35.19360192724024,-97.43757660924801,328.81268026644545,4.399867534637451,-369.20001220703125
1763595936403,35.19360340116219,-97.43757843276845,328.8173030576338,4.398669242858887,-369.20001220703125
1763595936403,35.19360487982286,-97.43758016604302,328.8219201326691,4.404040813446045,-369.20001220703125
1763595936403,35.19360632729752,-97.43758176376843,328.8255542796637,4.406605243682861,-369.20001220703125
1763595936403,35.19360809867859,-97.43758356897057,328.82936672914417,4.4006571769714355,-369.20001220703125
1763595936403,35.19360971799799,-97.43758511554424,328.83228064770617,4.398016452789307,-369.20001220703125
1763595936403,35.193611418340716,-97.43758667030909,328.83501167038986,4.407506942749023,-369.20001220703125
1763595936403,35.19361316704955,-97.4375881199645,328.83682742550104,4.4124016761779785,-369.20001220703125
1763595936403,35.193615024607816,-97.43758953728087,328.84002478886384,4.4224629402160645,-369.29998779296875
1763595936403,35.19361687579337,-97.4375908411383,328.8436523628662,4.422846794128418,-369.29998779296875
1763595936403,35.19361879406601,-97.4375920686067,328.8461784870433,4.431969165802002,-369.29998779296875
1763595936403,35.19362070850958,-97.43759320399606,328.84644366419224,4.433467864990234,-369.0
1763595936403,35.19362267645091,-97.43759426344546,328.84706908908004,4.430225372314453,-368.1000061035156
1763595936403,35.19362451497463,-97.43759517024341,328.8472369534497,4.4286699295043945,-366.79998779296875
1763595937403,35.19362706134712,-97.4375936158741,328.69187703060766,4.438593864440918,-363.79998779296875
1763595937403,35.19362855607266,-97.43759410911089,328.690956952632,4.44351863861084,-361.8999938964844
1763595937403,35.19363069985533,-97.43759472138954,328.68942380370146,4.451578617095947,-357.3999938964844
1763595937403,35.19363278849028,-97.43759522218372,328.6883626500717,4.456929683685303,-351.1000061035156
1763595937403,35.19363492064627,-97.43759565377951,328.6877590687597,4.464424133300781,-343.1000061035156
1763595937403,35.193637079621816,-97.43759601394345,328.6873095955931,4.474254131317139,-333.79998779296875
1763595937403,35.19363930727178,-97.43759630558225,328.68705978031267,4.48234748840332,-324.0
1763595937403,35.19364144201945,-97.43759653818385,328.6877263550079,4.488452434539795,-313.8999938964844
1763595937403,35.193643649139275,-97.43759673663774,328.68816872134636,4.507438659667969,-301.6000061035156
1763595937403,35.193645808441204,-97.43759688541928,328.68862254607143,4.521110534667969,-293.70001220703125
1763595937403,35.19364804573999,-97.43759698774974,328.68919615351933,4.531252861022949,-283.8999938964844
1763595937403,35.19365024970214,-97.43759704824095,328.68948029379646,4.543037414550781,-273.8999938964844
1763595937403,35.19365238574169,-97.43759705857883,328.6902125796432,4.54870080947876,-263.5
1763595937403,35.19365452727392,-97.43759703023203,328.69061757123376,4.564324855804443,-252.60000610351562
1763595937403,35.1936568049217,-97.43759695816355,328.69121269157034,4.580556869506836,-241.39999389648438
1763595937403,35.19365891311424,-97.43759687503308,328.6924736596162,4.591137409210205,-230.3000030517578
1763595937403,35.19366117302548,-97.43759675107344,328.6934989438847,4.592335224151611,-219.3000030517578
1763595937403,35.19366333887196,-97.43759660779898,328.6938817688256,4.599493980407715,-208.89999389648438
1763595937403,35.19366556040759,-97.43759643240706,328.6939652429126,4.6162261962890625,-199.6999969482422
1763595937403,35.19366783369111,-97.4375962503237,328.6930493023234,4.6315531730651855,-190.89999389648438
1763595938403,35.1936707360765,-97.43759606677853,328.604949616711,4.654002666473389,-177.10000610351562
1763595938403,35.19367228859969,-97.4375959601713,328.6045917939014,4.660613059997559,-170.10000610351562
1763595938403,35.193674719200686,-97.43759571824125,328.60480488414,4.68640661239624,-155.10000610351562
1763595938403,35.193676889870844,-97.43759550360981,328.60489593623004,4.702874183654785,-145.39999389648438
1763595938403,35.19367919623249,-97.43759524806035,328.6056099630071,4.719560146331787,-133.6999969482422
1763595938403,35.1936812565334,-97.43759503444845,328.6076415740562,4.729093074798584,-124.80000305175781
1763595938403,35.19368381620369,-97.43759471586203,328.6095211146877,4.761654853820801,-110.30000305175781
1763595938403,35.19368606107625,-97.4375944232284,328.6121447503458,4.782010555267334,-102.80000305175781
1763595938403,35.1936883392204,-97.4375941114405,328.6127565989799,4.806938648223877,-94.9000015258789
1763595938403,35.19369064105463,-97.43759376973826,328.6117665568781,4.825409412384033,-88.9000015258789
1763595938403,35.19369296194795,-97.43759342868194,328.6113921330629,4.849925518035889,-85.0
1763595938403,35.19369528061165,-97.43759309453004,328.6101859619528,4.879432678222656,-83.5
1763595938403,35.193697674634564,-97.43759277326409,328.60987835834425,4.8964524269104,-83.80000305175781
1763595938403,35.19370001870061,-97.43759242534064,328.6089639655421,4.913361549377441,-85.0
1763595938403,35.19370243720095,-97.43759212150097,328.60805748049467,4.935086727142334,-86.5999984741211
1763595938403,35.19370483598003,-97.4375918771803,328.6077033878421,4.95717191696167,-87.69999694824219
1763595938403,35.193707262310696,-97.4375916196685,328.60893056484633,4.9847540855407715,-88.0
1763595938403,35.19370962691139,-97.43759130902572,328.61013014401766,5.006636142730713,-88.0
1763595938403,35.19371204445123,-97.43759091777916,328.612442640007,5.030036449432373,-88.0
1763595938403,35.19371441941196,-97.43759046964922,328.6155005866748,5.0416178703308105,-88.0
1763595939403,35.19371414223528,-97.43758961356448,328.5356062167558,5.0548481941223145,-89.0999984741211
1763595939403,35.19371570673887,-97.43758921040022,328.5374301226343,5.061675071716309,-90.5999984741211
1763595939403,35.19371800876967,-97.43758859226425,328.5393432088358,5.07193660736084,-92.4000015258789
1763595939403,35.1937202929343,-97.43758794611553,328.54160454768663,5.090854644775391,-94.80000305175781
1763595939403,35.19372239708632,-97.43758732033996,328.5445821992493,5.101180076599121,-97.0999984741211
1763595939403,35.193724886766844,-97.43758653967518,328.5480497739544,5.106863021850586,-100.19999694824219
1763595939403,35.19372729845036,-97.4375857432351,328.5506187043691,5.108781337738037,-102.9000015258789
1763595939403,35.19372957143576,-97.43758499373976,328.5519052058334,5.1150970458984375,-105.0
1763595939403,35.19373187826185,-97.4375842212218,328.5532699705517,5.125813007354736,-107.5999984741211
1763595939403,35.193734193973505,-97.43758339222279,328.55400154481515,5.142074108123779,-110.5999984741211
1763595939403,35.193736334043535,-97.43758256381373,328.5552829628439,5.167199611663818,-113.80000305175781
1763595939403,35.19373889098442,-97.4375815531584,328.55785617762604,5.18893575668335,-117.69999694824219
1763595939403,35.193741198558186,-97.43758060945504,328.5599786319304,5.187999725341797,-121.69999694824219
1763595939403,35.19374348884438,-97.43757961230547,328.56117650549254,5.19064998626709,-125.30000305175781
1763595939403,35.19374577092297,-97.43757855466048,328.56107587415556,5.198594093322754,-129.39999389648438
1763595939403,35.19374807188159,-97.43757744821504,328.5604284131388,5.2161545753479,-133.39999389648438
1763595939403,35.19375043129413,-97.43757626597822,328.5601151609649,5.2252888679504395,-135.5
1763595939403,35.19375264759586,-97.43757510567471,328.5601352280582,5.244474411010742,-137.8000030517578
1763595939403,35.19375492895658,-97.43757384715502,328.56068330929037,5.259794235229492,-139.1999969482422
1763595939403,35.19375721707622,-97.4375725347347,328.56131919773316,5.271449565887451,-139.5
1763595940403,35.193757407779856,-97.43756929499347,328.52768357748454,5.279479026794434,-139.6999969482422
1763595940403,35.19375940578732,-97.43756799647093,328.5299734796991,5.286640167236328,-139.6999969482422
1763595940403,35.19376152294214,-97.43756656127145,328.53273281272755,5.29171085357666,-139.60000610351562
1763595940403,35.19376366414343,-97.43756506619846,328.53605905737004,5.298092365264893,-139.5
1763595940403,35.19376574786104,-97.4375635601311,328.5391200867401,5.294707298278809,-139.39999389648438
1763595940403,35.19376787955312,-97.43756195281276,328.54212776018966,5.295340061187744,-139.39999389648438
1763595940403,35.19376993634165,-97.43756035346675,328.5437985884801,5.283274173736572,-140.60000610351562
1763595940403,35.19377201432552,-97.4375586541128,328.5453204694055,5.281914710998535,-142.1999969482422
1763595940403,35.19377397881064,-97.43755698669435,328.54743519699844,5.2798686027526855,-147.5
1763595940403,35.19377597225383,-97.43755525769693,328.55019179257005,5.276748180389404,-151.8000030517578
1763595940403,35.19377796699879,-97.43755350746191,328.55367492887916,5.277667999267578,-157.60000610351562
1763595940403,35.19377991882359,-97.43755174003147,328.55900011395033,5.26835823059082,-164.8000030517578
1763595940403,35.19378193476057,-97.43754986320252,328.56374946217556,5.263991832733154,-170.5
1763595940403,35.1937838608077,-97.43754797247728,328.5669500582237,5.249858856201172,-175.1999969482422
1763595940403,35.193785699318255,-97.43754605815494,328.5681892739585,5.241222381591797,-178.10000610351562
1763595940403,35.1937874937555,-97.43754403812656,328.5690826366447,5.233853340148926,-181.6999969482422
1763595940403,35.19378933527847,-97.43754190704544,328.56808722348217,5.228105068206787,-185.1999969482422
1763595940403,35.193791012152154,-97.43753983623118,328.5669618456622,5.215608596801758,-189.0
1763595940403,35.19379270481697,-97.4375376411679,328.5664945307935,5.2099528312683105,-191.3000030517578
1763595940403,35.19379433555279,-97.43753540273086,328.56548843695964,5.209203243255615,-193.60000610351562
1763595941403,35.19379496661819,-97.4375316805524,328.51329916490056,5.218345642089844,-197.3000030517578
1763595941403,35.1937962063859,-97.43752982909767,328.51167628127087,5.223417282104492,-199.3000030517578
1763595941403,35.19379769518583,-97.43752746193735,328.51154365359326,5.2390947341918945,-202.10000610351562
1763595941403,35.19379914156535,-97.43752508057732,328.51144968392737,5.254785060882568,-206.10000610351562
1763595941403,35.193800440152394,-97.43752285921865,328.51084519032906,5.2702178955078125,-208.8000030517578
1763595941403,35.19380192577831,-97.437520145044,328.5111939075434,5.290297031402588,-212.0
1763595941403,35.19380321189622,-97.43751765380406,328.51124793905274,5.284396171569824,-214.5
1763595941403,35.193804472373465,-97.43751504239975,328.5109525734562,5.26874303817749,-217.60000610351562
1763595941403,35.19380563690519,-97.43751246880028,328.5094841545694,5.257742881774902,-219.0
1763595941403,35.1938067545308,-97.43750982440751,328.50766345718176,5.266482353210449,-219.10000610351562
1763595941403,35.19380781040414,-97.43750714312154,328.50605466611654,5.271539688110352,-219.10000610351562
1763595941403,35.193808826583265,-97.43750438356223,328.5046757896732,5.275694847106934,-219.1999969482422
1763595941403,35.19380977135954,-97.43750162774992,328.5035938665809,5.281049728393555,-219.1999969482422
1763595941403,35.19381065728566,-97.43749883218628,328.5029063915599,5.288129806518555,-219.1999969482422
1763595941403,35.19381150446611,-97.43749601482995,328.5017072657006,5.2926249504089355,-219.1999969482422
1763595941403,35.193812311050095,-97.43749317615433,328.4992834230328,5.29445743560791,-219.1999969482422
1763595941403,35.193813076358616,-97.437490270968,328.4966519405251,5.298523902893066,-219.1999969482422
1763595941403,35.19381377598167,-97.4374873691768,328.4938897014897,5.307888984680176,-219.39999389648438
1763595941403,35.193814412178156,-97.43748446117684,328.4913218622596,5.311406135559082,-219.8000030517578
1763595941403,35.193814992397385,-97.43748151393434,328.4885394772315,5.305029392242432,-220.10000610351562
1763595942403,35.19381213645278,-97.43747672073219,328.387723525132,5.310626983642578,-220.10000610351562
1763595942403,35.193812490915676,-97.43747412309237,328.3837773938312,5.3162617683410645,-220.10000610351562
1763595942403,35.19381287200683,-97.43747107813564,328.37874586859544,5.324355602264404,-220.10000610351562
1763595942403,35.19381319959922,-97.43746807594107,328.37450050822366,5.333420276641846,-220.10000610351562
1763595942403,35.193813450227466,-97.43746500131752,328.3702605683406,5.338303089141846,-220.10000610351562
1763595942403,35.19381362531164,-97.43746198237211,328.36507986700286,5.337375640869141,-220.10000610351562
1763595942403,35.193813726652714,-97.43745886014348,328.3587241135287,5.338685512542725,-220.10000610351562
1763595942403,35.19381377022808,-97.43745572567349,328.3526649143521,5.346916675567627,-220.10000610351562
1763595942403,35.19381373991118,-97.43745269163162,328.3470944722169,5.366624355316162,-219.89999389648438
1763595942403,35.19381366043876,-97.43744982960075,328.34179616883154,5.371752738952637,-219.39999389648438
1763595942403,35.193813503089444,-97.43744679436044,328.33660158957156,5.374570369720459,-218.6999969482422
1763595942403,35.19381327352963,-97.43744358821083,328.3310936950908,5.381418228149414,-217.6999969482422
1763595942403,35.19381300160574,-97.4374404732422,328.3265469622184,5.384673595428467,-216.6999969482422
1763595942403,35.19381268180373,-97.43743739370998,328.3218833183407,5.393408298492432,-215.1999969482422
1763595942403,35.19381232143974,-97.43743436232693,328.31640315062543,5.413325786590576,-213.89999389648438
1763595942403,35.19381191990683,-97.4374312803521,328.31121160574423,5.427467346191406,-213.0
1763595942403,35.1938114485752,-97.43742820461583,328.3061534248211,5.433948040008545,-212.8000030517578
1763595942403,35.19381094896055,-97.4374251643759,328.3005786122622,5.438728332519531,-212.6999969482422
1763595942403,35.193810383845715,-97.43742211603364,328.2948611487292,5.443999767303467,-212.6999969482422
1763595942403,35.193809765612805,-97.43741905735867,328.2891786711607,5.450754642486572,-212.6999969482422
1763595943403,35.1938070260261,-97.43741617141806,328.22523719691895,5.45710563659668,-212.60000610351562
1763595943403,35.19380637569344,-97.43741361779385,328.2211710029545,5.469637393951416,-212.60000610351562
1763595943403,35.1938055371341,-97.43741063478028,328.2177802894547,5.477975368499756,-212.60000610351562
1763595943403,35.1938046316656,-97.43740769162275,328.2143958515613,5.479454040527344,-212.60000610351562
1763595943403,35.19380368703753,-97.43740480082973,328.21077775254173,5.47784948348999,-212.60000610351562
1763595943403,35.19380266360612,-97.4374018778268,328.2069413171609,5.4766082763671875,-212.60000610351562
1763595943403,35.193801584630215,-97.43739898092775,328.2022494115963,5.475327491760254,-212.60000610351562
1763595943403,35.193800506280425,-97.43739620380674,328.1983598001366,5.473931789398193,-212.60000610351562
1763595943403,35.19379937693884,-97.43739342622516,328.1941355588827,5.471354007720947,-212.60000610351562
1763595943403,35.193798148799445,-97.43739057499374,328.18959725263727,5.468082427978516,-212.60000610351562
1763595943403,35.193796919707935,-97.4373877466367,328.1845738268022,5.462160110473633,-212.60000610351562
1763595943403,35.19379563569129,-97.43738502705212,328.1795177292837,5.458941459655762,-212.60000610351562
1763595943403,35.19379425673049,-97.437382248109,328.1744826598102,5.4666829109191895,-212.6999969482422
1763595943403,35.19379288383423,-97.43737960159484,328.16959176842965,5.472940444946289,-212.6999969482422
1763595943403,35.19379144463473,-97.43737694548174,328.1643120197673,5.478546142578125,-212.89999389648438
1763595943403,35.19378996849863,-97.43737433161202,328.15948441580036,5.48182487487793,-213.39999389648438
1763595943403,35.19378843361645,-97.43737177023431,328.15500577709486,5.483551502227783,-213.89999389648438
1763595943403,35.19378684581364,-97.43736922856188,328.1507560999282,5.481171607971191,-214.8000030517578
1763595943403,35.19378521649541,-97.43736676168255,328.14656149783195,5.482315540313721,-215.5
1763595943403,35.19378350050904,-97.43736431452044,328.1422218704186,5.486949443817139,-216.60000610351562
1763595944403,35.1937789187653,-97.43736361738677,328.08107825770526,5.492715358734131,-217.5
1763595944403,35.19377779933186,-97.43736218466327,328.07797153110374,5.4966325759887695,-217.8000030517578
1763595944403,35.19377590706508,-97.43736000603533,328.074639175249,5.499545097351074,-218.1999969482422
1763595944403,35.193773954929455,-97.43735790604421,328.0711411619962,5.500674724578857,-218.6999969482422
1763595944403,35.193771965229644,-97.43735589234548,328.068199418226,5.497049331665039,-219.1999969482422
1763595944403,35.19376990961315,-97.4373539399479,328.06472993715164,5.497553825378418,-219.60000610351562
1763595944403,35.19376780208185,-97.43735204819683,328.0608128591365,5.495952606201172,-219.89999389648438
1763595944403,35.193765710333274,-97.4373502498893,328.0569943033653,5.499281883239746,-219.89999389648438
1763595944403,35.193763538318386,-97.43734843492116,328.0513215784963,5.4998674392700195,-219.89999389648438
1763595944403,35.19376133581666,-97.4373466620969,328.04644987388275,5.511597156524658,-219.89999389648438
1763595944403,35.193759118581674,-97.43734498649339,328.04306594133334,5.522557735443115,-219.89999389648438
1763595944403,35.193756826927114,-97.43734334215338,328.0398563025638,5.529242515563965,-219.89999389648438
1763595944403,35.193754517290955,-97.4373417760881,328.037524462374,5.52846097946167,-219.89999389648438
1763595944403,35.19375221305025,-97.4373403213442,328.0373760863442,5.534804821014404,-220.0
1763595944403,35.193749866636594,-97.43733893544703,328.0369837948328,5.532193183898926,-220.10000610351562
1763595944403,35.19374751630308,-97.43733763834084,328.0365701305364,5.536726474761963,-220.5
1763595944403,35.19374507897876,-97.43733639756528,328.03648318782484,5.541727542877197,-221.5
1763595944403,35.19374285819368,-97.43733530357939,328.0371477250424,5.544823169708252,-222.5
1763595944403,35.19374020158177,-97.43733407927526,328.03804767465624,5.530351161956787,-224.39999389648438
1763595944403,35.193737744217366,-97.4373331007747,328.03896136390546,5.514378547668457,-226.5
1763595945403,35.19373395017544,-97.43733617344976,328.0681154529265,5.507973670959473,-230.1999969482422
1763595945403,35.1937322056584,-97.43733565577965,328.06955939614346,5.505823612213135,-232.10000610351562
1763595945403,35.193729695229685,-97.43733497876661,328.0705393223161,5.49830436706543,-235.3000030517578
1763595945403,35.19372718956928,-97.43733437607372,328.0711257438674,5.4868927001953125,-238.60000610351562
1763595945403,35.19372466064972,-97.43733386976945,328.0715196035243,5.476046562194824,-241.5
1763595945403,35.19372210057861,-97.43733342302772,328.0722882516752,5.464105129241943,-243.5
1763595945403,35.19371951714661,-97.43733306919026,328.0735299582993,5.459332466125488,-244.8000030517578
1763595945403,35.19371700779424,-97.43733280635406,328.07646583399077,5.450761318206787,-246.89999389648438
1763595945403,35.193714390657654,-97.43733263292803,328.0807681713061,5.442066192626953,-249.6999969482422
1763595945403,35.19371186844968,-97.43733254450854,328.08425745634105,5.425323486328125,-253.39999389648438
1763595945403,35.19370934395613,-97.43733255678376,328.0876878795762,5.413074016571045,-257.70001220703125
1763595945403,35.19370681388312,-97.4373326796646,328.0932211224678,5.3980512619018555,-261.79998779296875
1763595945403,35.19370423844287,-97.43733290515928,328.0993533111222,5.371771335601807,-266.0
1763595945403,35.193701744231355,-97.43733323142835,328.10551027611245,5.351385116577148,-269.70001220703125
1763595945403,35.19369950137335,-97.43733361128959,328.10984952969716,5.328225612640381,-272.3999938964844
1763595945403,35.193696841431425,-97.43733417825936,328.1155281729006,5.308912754058838,-274.0
1763595945403,35.193694355507986,-97.4373347938498,328.1208101222682,5.282686233520508,-274.5
1763595945403,35.19369190565254,-97.43733549871368,328.12684412368327,5.26007604598999,-274.5
1763595945403,35.193689509257936,-97.43733628582414,328.13270627885737,5.250198841094971,-274.6000061035156
1763595945403,35.19368718088725,-97.43733716920686,328.1389773365952,5.233644008636475,-274.70001220703125
1763595946403,35.193685683275476,-97.43734200250691,328.1581671010893,5.217317581176758,-275.3999938964844
1763595946403,35.193683964998044,-97.43734285683236,328.1640840021475,5.205076217651367,-276.5
1763595946403,35.193681766284286,-97.43734406831263,328.1712447887876,5.189988613128662,-279.1000061035156
1763595946403,35.193679600223795,-97.43734535810704,328.178045844837,5.173917293548584,-281.20001220703125
1763595946403,35.19367749415865,-97.43734671705526,328.18445420290504,5.152390480041504,-283.79998779296875
1763595946403,35.19367539277863,-97.43734817655023,328.1909660464478,5.14001989364624,-285.3999938964844
1763595946403,35.19367335610464,-97.43734969619909,328.19767289985805,5.120967864990234,-286.6000061035156
1763595946403,35.19367137779222,-97.43735128675131,328.2050474965817,5.096397399902344,-287.20001220703125
1763595946403,35.19366941269254,-97.43735296722913,328.2127827691342,5.079841613769531,-287.20001220703125
1763595946403,35.19366747440194,-97.43735472461371,328.22072044952876,5.063447952270508,-287.20001220703125
1763595946403,35.19366575227633,-97.43735633149814,328.228256176945,5.044557094573975,-287.20001220703125
1763595946403,35.193663745458004,-97.43735834261017,328.2375324765781,5.025404453277588,-287.20001220703125
1763595946403,35.19366196347436,-97.43736027330216,328.2467172541824,5.014123439788818,-287.20001220703125
1763595946403,35.193660262048205,-97.43736223624012,328.2560758037504,4.99660062789917,-287.20001220703125
1763595946403,35.193658624302834,-97.43736423294638,328.26503354336717,4.977383136749268,-287.20001220703125
1763595946403,35.19365702681118,-97.43736628144293,328.2732805326643,4.9630937576293945,-287.20001220703125
1763595946403,35.19365556043521,-97.43736824590928,328.28036549411786,4.9513678550720215,-287.20001220703125
1763595946403,35.19365394479261,-97.437370567657,328.28733565473044,4.922103404998779,-287.20001220703125
1763595946403,35.193652575075205,-97.43737261028163,328.2925329844067,4.902098178863525,-287.20001220703125
1763595946403,35.193651096007834,-97.43737502728838,328.29884061233963,4.892953872680664,-287.20001220703125
1763595947403,35.19365289361763,-97.43738038523949,328.3238707269616,4.884889125823975,-287.20001220703125
1763595947403,35.19365193192267,-97.43738236809153,328.32776663335324,4.874601364135742,-287.20001220703125
1763595947403,35.19365085596798,-97.43738474196854,328.3337000809792,4.855628967285156,-287.20001220703125
1763595947403,35.193649788004066,-97.43738723820884,328.34037897098574,4.8454909324646,-287.20001220703125
1763595947403,35.193648868938666,-97.43738951010278,328.3462783824544,4.836182117462158,-287.20001220703125
1763595947403,35.19364788426306,-97.43739221790175,328.35279068244256,4.818230152130127,-287.20001220703125
1763595947403,35.19364701172109,-97.43739479032898,328.3593488968349,4.810710906982422,-287.20001220703125
1763595947403,35.193646187297944,-97.43739738832406,328.36677900330176,4.804323196411133,-287.20001220703125
1763595947403,35.193645450163665,-97.43739989528059,328.374541671227,4.796148300170898,-287.1000061035156
1763595947403,35.193644778378776,-97.43740243659374,328.3831395185616,4.779970169067383,-286.79998779296875
1763595947403,35.19364412054789,-97.43740511161039,328.3916469999123,4.761686325073242,-286.3999938964844
1763595947403,35.193643522089324,-97.43740781920668,328.40002870946256,4.7422966957092285,-285.20001220703125
1763595947403,35.19364301696852,-97.43741042207469,328.4080653044161,4.728203773498535,-283.79998779296875
1763595947403,35.1936425678898,-97.4374130761313,328.4162080139814,4.717573165893555,-281.5
1763595947403,35.1936421717739,-97.43741569624069,328.42507974973086,4.71260929107666,-278.8999938964844
1763595947403,35.193641816963165,-97.4374183572535,328.4339739934864,4.707132816314697,-277.8999938964844
1763595947403,35.193641527914295,-97.43742107056836,328.4429245825984,4.684157371520996,-277.29998779296875
1763595947403,35.19364129642397,-97.43742372811788,328.45089768770947,4.658598899841309,-277.3999938964844
1763595947403,35.193641125433075,-97.43742638747779,328.45841055762935,4.640529155731201,-277.3999938964844
1763595947403,35.19364101617846,-97.43742903340058,328.4660559474178,4.633655071258545,-277.3999938964844
1763595948403,35.193643072864866,-97.4374314388929,328.3417335974693,4.615287780761719,-277.3999938964844
1763595948403,35.19364309365092,-97.43743332606456,328.34662028287664,4.605515956878662,-277.3999938964844
1763595948403,35.193643201324,-97.43743595995763,328.3534334713905,4.593635082244873,-277.3999938964844
1763595948403,35.19364336656021,-97.43743858426001,328.3592876803033,4.580015182495117,-277.3999938964844
1763595948403,35.193643575042536,-97.43744114780921,328.3644928471874,4.580628871917725,-277.29998779296875
1763595948403,35.19364384664721,-97.43744380676723,328.36979642591626,4.573979377746582,-276.5
1763595948403,35.19364414622539,-97.43744640493058,328.3750646302133,4.569418430328369,-273.0
1763595948403,35.19364447266709,-97.4374489781413,328.3816706893048,4.565197944641113,-268.1000061035156
1763595948403,35.19364486124408,-97.43745153234272,328.38774671546383,4.550494194030762,-258.70001220703125
1763595948403,35.19364536651393,-97.4374541763969,328.39352707856455,4.542841911315918,-246.89999389648438
1763595948403,35.193645839628246,-97.4374564281437,328.39956725667815,4.54272985458374,-236.8000030517578
1763595948403,35.193646447054775,-97.43745914055104,328.40551256600867,4.542325496673584,-220.6999969482422
1763595948403,35.19364701747993,-97.43746162541778,328.410806669858,4.538971900939941,-212.60000610351562
1763595948403,35.19364754501036,-97.43746394693825,328.4153579926908,4.5358381271362305,-201.1999969482422
1763595948403,35.19364816880327,-97.43746661049886,328.4204475162096,4.526754856109619,-187.5
1763595948403,35.19364875868107,-97.43746909138368,328.4240871077964,4.521027088165283,-169.10000610351562
1763595948403,35.19364937141688,-97.43747154790236,328.4279968577299,4.513469696044922,-156.6999969482422
1763595948403,35.19364999115081,-97.43747402430445,328.43139684149355,4.5060319900512695,-141.89999389648438
1763595948403,35.19365062025589,-97.43747647762014,328.4359565057046,4.506392955780029,-127.5999984741211
1763595948403,35.19365123023316,-97.43747895697875,328.4401740321622,4.50485372543335,-111.69999694824219
1763595949403,35.1936525581962,-97.4374796850902,328.302100949471,4.510808944702148,-96.5
1763595949403,35.193653005986434,-97.43748133542611,328.30466427995185,4.512592792510986,-88.5999984741211
1763595949403,35.19365371332087,-97.4374839115606,328.3108047573517,4.5108513832092285,-75.4000015258789
1763595949403,35.19365438228205,-97.43748633378785,328.31672352163065,4.505768299102783,-62.099998474121094
1763595949403,35.19365503549394,-97.4374887256068,328.32219318606195,4.505163192749023,-48.5
1763595949403,35.193655678139926,-97.43749114513871,328.3282335023233,4.500970840454102,-32.400001525878906
1763595949403,35.193656310681284,-97.43749356679324,328.3328872609045,4.501972675323486,-19.899999618530273
1763595949403,35.1936569079026,-97.43749596858663,328.33862673226855,4.500771999359131,-9.800000190734863
1763595949403,35.19365753249306,-97.43749849695615,328.34440406995265,4.504695892333984,2.5999999046325684
1763595949403,35.193658111362296,-97.43750086247428,328.3481476698795,4.50889253616333,14.800000190734863
1763595949403,35.1936586658788,-97.43750312595267,328.3479971976613,4.510051727294922,26.5
1763595949403,35.19365933181598,-97.43750580800703,328.3487243320753,4.51864767074585,37.29999923706055
1763595949403,35.19365991034845,-97.43750823962088,328.3485203133596,4.530980587005615,47.900001525878906
1763595949403,35.193660473838776,-97.43751070986819,328.34930960419143,4.539877414703369,58.70000076293945
1763595949403,35.1936609687949,-97.43751317368887,328.34942995783587,4.544745922088623,69.19999694824219
1763595949403,35.19366142586368,-97.43751566867978,328.35011655784297,4.553332805633545,78.9000015258789
1763595949403,35.19366187307549,-97.43751820368425,328.35212569915404,4.566270351409912,87.4000015258789
1763595949403,35.19366229725243,-97.43752074228132,328.35400071849085,4.580663204193115,94.69999694824219
1763595949403,35.19366269893092,-97.43752331783695,328.3547229276567,4.599110126495361,101.0
1763595949403,35.193663011398485,-97.43752568473815,328.3557102585797,4.615219593048096,107.0999984741211
1763595950403,35.19366308380395,-97.43752862008208,328.25169105163866,4.639386177062988,113.5999984741211
1763595950403,35.19366331000967,-97.43753082112578,328.2546781738972,4.647469520568848,115.5
1763595950403,35.19366354682845,-97.43753341305555,328.25811713185425,4.665080547332764,118.0
1763595950403,35.19366375034997,-97.43753603784285,328.2613307436482,4.672779560089111,119.4000015258789
1763595950403,35.19366392068725,-97.43753860944229,328.2631008018139,4.676348686218262,120.0999984741211
1763595950403,35.19366405220048,-97.43754103794217,328.26511271765753,4.687778949737549,120.0999984741211
1763595950403,35.19366416331141,-97.43754362036793,328.265448738703,4.70672607421875,120.19999694824219
1763595950403,35.19366424799825,-97.43754655173038,328.2664016757458,4.729118824005127,120.5999984741211
1763595950403,35.19366430838321,-97.43754894721184,328.2676935807038,4.741537094116211,121.19999694824219
1763595950403,35.193664349352446,-97.43755189708031,328.26905213376074,4.7677531242370605,122.30000305175781
1763595950403,35.19366434916658,-97.43755465202119,328.2711398626527,4.778782844543457,122.9000015258789
1763595950403,35.19366432552325,-97.43755729772742,328.2736818083372,4.789365291595459,123.69999694824219
1763595950403,35.19366429841305,-97.4375600018718,328.2750812576927,4.795610427856445,125.0999984741211
1763595950403,35.193664246644445,-97.4375626811134,328.2763964826516,4.8097333908081055,126.5
1763595950403,35.19366415391586,-97.43756542169832,328.27770155467095,4.823909282684326,128.3000030517578
1763595950403,35.19366402095171,-97.43756817071474,328.2794044701677,4.842750549316406,130.60000610351562
1763595950403,35.193663885142165,-97.43757065364929,328.2799481497658,4.8590593338012695,132.8000030517578
1763595950403,35.19366368667981,-97.43757359024163,328.28072214989345,4.880364894866943,136.10000610351562
1763595950403,35.193663472776315,-97.43757635011801,328.2823912509646,4.897808074951172,139.8000030517578
1763595950403,35.19366320204578,-97.4375791383013,328.28435616688705,4.906232833862305,144.1999969482422
1763595951403,35.193662667260874,-97.43758234251844,328.2407774231584,4.914326190948486,150.39999389648438
1763595951403,35.19366244596635,-97.43758407752522,328.24262190161085,4.928661346435547,154.89999389648438
1763595951403,35.19366200594551,-97.43758704945984,328.2447139359393,4.9450788497924805,161.1999969482422
1763595951403,35.19366156911254,-97.43758976961729,328.2467455402394,4.957759857177734,167.60000610351562
1763595951403,35.19366107992529,-97.4375925195433,328.2496494389804,4.963627338409424,173.6999969482422
1763595951403,35.19366053500066,-97.43759527992908,328.2532833238602,4.978863716125488,178.89999389648438
1763595951403,35.19365994562065,-97.43759805564574,328.25651829612207,5.000580787658691,183.6999969482422
1763595951403,35.193659334042465,-97.43760069827191,328.2598056198354,5.008950233459473,186.3000030517578
1763595951403,35.193658623049366,-97.43760349720138,328.26276924676625,5.015690326690674,189.5
1763595951403,35.193657943505464,-97.4376059951679,328.2652739415216,5.021711349487305,192.10000610351562
1763595951403,35.193657084626274,-97.43760887849156,328.2681926583583,5.036267280578613,196.0
1763595951403,35.19365621081748,-97.43761160787142,328.2713919794091,5.048340797424316,200.5
1763595951403,35.19365528509789,-97.43761430187047,328.2742609087048,5.063701629638672,205.0
1763595951403,35.19365432462845,-97.43761694825169,328.2774125524372,5.072319030761719,209.1999969482422
1763595951403,35.193653317862264,-97.43761953892373,328.2801899625959,5.079959392547607,214.89999389648438
1763595951403,35.19365233259357,-97.43762194897707,328.2828035710582,5.088218688964844,219.6999969482422
1763595951403,35.19365110495367,-97.43762478523118,328.28618480556236,5.111975193023682,227.6999969482422
1763595951403,35.193649932117665,-97.43762734126082,328.28953515347706,5.1239800453186035,233.39999389648438
1763595951403,35.19364871321198,-97.4376298098787,328.2934120219112,5.130932807922363,237.89999389648438
1763595951403,35.19364738323794,-97.43763234891598,328.29764249343947,5.134167194366455,243.10000610351562
1763595952403,35.193644712065534,-97.43763300027801,328.27889606980057,5.137936592102051,251.0
1763595952403,35.193643555076584,-97.43763480520602,328.28384271809654,5.139925956726074,255.6999969482422
1763595952403,35.19364205393782,-97.43763700341664,328.2902480337593,5.144983768463135,260.6000061035156
1763595952403,35.19364048204031,-97.43763915615257,328.297083860946,5.149360656738281,266.5
1763595952403,35.193638813156774,-97.43764127495157,328.3040941442026,5.15587854385376,273.20001220703125
1763595952403,35.19363711802659,-97.43764327990284,328.3110509969691,5.154157638549805,277.29998779296875
1763595952403,35.19363530988002,-97.43764525525073,328.3182992001669,5.15482759475708,282.0
1763595952403,35.19363349242412,-97.4376471006061,328.32560402904255,5.15533971786499,286.1000061035156
1763595952403,35.19363161169224,-97.43764887997011,328.33305233898767,5.153341293334961,289.3999938964844
1763595952403,35.193629621899404,-97.43765062282588,328.3408671958507,5.15214204788208,292.0
1763595952403,35.19362766494575,-97.43765220704356,328.3476574714125,5.14699125289917,293.0
1763595952403,35.19362553634209,-97.43765380711996,328.355037210138,5.144420146942139,293.70001220703125
1763595952403,35.19362347333531,-97.43765522475063,328.3614085168774,5.141748428344727,293.8999938964844
1763595952403,35.19362137691698,-97.4376565624651,328.36744252579933,5.145660877227783,293.8999938964844
1763595952403,35.193619413185715,-97.43765772076442,328.3735006838179,5.1498918533325195,294.3999938964844
1763595952403,35.19361703365925,-97.43765901535203,328.3812275780374,5.1445441246032715,296.70001220703125
1763595952403,35.19361479836674,-97.43766013754858,328.3887187024645,5.1396870613098145,298.20001220703125
1763595952403,35.19361266790206,-97.43766111768132,328.3962206943913,5.139258861541748,300.3999938964844
1763595952403,35.19361038860096,-97.43766205800522,328.4044809478168,5.14366340637207,302.29998779296875
1763595952403,35.19360799167046,-97.43766296002461,328.41277479166985,5.142051696777344,303.1000061035156
1763595953403,35.19360509238647,-97.43766316581343,328.35929540554173,5.138801097869873,304.8999938964844
1763595953403,35.19360319469155,-97.43766370583002,328.366247284278,5.13743782043457,305.8999938964844
1763595953403,35.19360076719554,-97.43766429275574,328.37405999452943,5.1342363357543945,307.5
1763595953403,35.1935984319746,-97.43766474676086,328.3815694031945,5.125014305114746,307.8999938964844
1763595953403,35.19359610079925,-97.43766509144298,328.38871127221324,5.119658470153809,308.0
1763595953403,35.193593719204294,-97.43766533528274,328.39538165746194,5.120792865753174,308.3999938964844
1763595953403,35.19359128121201,-97.43766548102701,328.40230772908126,5.111920356750488,308.70001220703125
1763595953403,35.19358889176654,-97.43766553426552,328.40909651662577,5.106226444244385,308.8999938964844
1763595953403,35.19358650659667,-97.43766549885876,328.4166220724839,5.107120037078857,309.0
1763595953403,35.19358416186944,-97.43766537540948,328.42441200175705,5.106784820556641,309.5
1763595953403,35.19358174905079,-97.43766515585205,328.43211293328363,5.099194049835205,310.6000061035156
1763595953403,35.19357933387418,-97.4376648614978,328.4392822673119,5.090852737426758,312.3999938964844
1763595953403,35.19357695785973,-97.43766448627866,328.44644419002907,5.090246677398682,314.0
1763595953403,35.19357463441342,-97.43766399877919,328.45442114739836,5.084923267364502,315.6000061035156
1763595953403,35.19357229975611,-97.43766339572416,328.46286435784117,5.082962989807129,316.5
1763595953403,35.193570024607475,-97.4376627550482,328.4708519915655,5.078400611877441,316.6000061035156
1763595953403,35.19356768930219,-97.43766200855234,328.47814376759635,5.075956344604492,316.6000061035156
1763595953403,35.1935654502969,-97.43766113967276,328.48602139051076,5.071541786193848,316.6000061035156
1763595953403,35.19356321136002,-97.43766015872092,328.4933582729279,5.066587448120117,316.6000061035156
1763595953403,35.193561008315186,-97.43765910368212,328.50053903355484,5.067858695983887,316.6000061035156
1763595954403,35.19355984716551,-97.43765524177932,328.4124062482059,5.065704822540283,316.70001220703125
1763595954403,35.19355791582283,-97.43765406182659,328.419215430145,5.066178321838379,316.8999938964844
1763595954403,35.19355585310542,-97.43765273609716,328.4255765615491,5.057134628295898,318.20001220703125
1763595954403,35.19355384111629,-97.43765132281784,328.4319079971525,5.057088851928711,319.70001220703125
1763595954403,35.193551843504984,-97.43764976631809,328.4402795299267,5.065669536590576,321.5
1763595954403,35.19354990183167,-97.43764812356696,328.449159810309,5.067633152008057,322.3999938964844
1763595954403,35.19354801221732,-97.43764636502225,328.45683150322003,5.062953472137451,322.8999938964844
1763595954403,35.19354619643431,-97.43764453299629,328.46342435874,5.061384201049805,322.8999938964844
1763595954403,35.19354443446489,-97.43764260880137,328.4695260582555,5.0577802658081055,322.8999938964844
1763595954403,35.193542708886106,-97.43764062513434,328.47619256183424,5.05181884765625,322.8999938964844
1763595954403,35.19354107273005,-97.43763860449681,328.48228372623777,5.050899028778076,323.0
1763595954403,35.19353941539943,-97.43763638012632,328.4865188343414,5.054833889007568,323.0
1763595954403,35.19353788622261,-97.43763417604478,328.4903216608129,5.057492733001709,323.0
1763595954403,35.19353645431345,-97.43763196412334,328.4936958938554,5.058152675628662,323.0
1763595954403,35.193535173487284,-97.43762990502132,328.4959930831508,5.06113338470459,323.1000061035156
1763595954403,35.193533726202595,-97.43762731112201,328.4995786472953,5.068375587463379,323.6000061035156
1763595954403,35.193532447814476,-97.43762479710232,328.50314704816003,5.070084571838379,324.20001220703125
1763595954403,35.19353129603472,-97.43762231804499,328.5064228241839,5.063826084136963,324.70001220703125
1763595954403,35.19353017362678,-97.43761968386586,328.50877092735396,5.063460826873779,325.0
1763595954403,35.193529097222516,-97.43761708660958,328.5115311651489,5.068297863006592,325.20001220703125
1763595955403,35.19352928943045,-97.43761384517536,328.40171174277447,5.070204257965088,325.20001220703125
1763595955403,35.19352863025368,-97.43761166253456,328.4018397100893,5.074041843414307,325.29998779296875
1763595955403,35.19352788226616,-97.43760883784466,328.4016032825655,5.084468841552734,325.5
1763595955403,35.19352722262715,-97.43760599990861,328.4014355853936,5.087268352508545,325.79998779296875
1763595955403,35.193526662709985,-97.43760320036917,328.4009450464461,5.092763900756836,326.1000061035156
1763595955403,35.19352615567437,-97.43760024585974,328.4017161254893,5.10282564163208,326.20001220703125
1763595955403,35.193525714813774,-97.43759721860378,328.40204839215227,5.113258361816406,326.20001220703125
1763595955403,35.19352539067607,-97.43759450537405,328.401642156077,5.119527816772461,326.29998779296875
1763595955403,35.193525107257265,-97.43759119187476,328.4008969530773,5.135025978088379,326.29998779296875
1763595955403,35.193524898194994,-97.43758823217217,328.40085052988303,5.145043849945068,326.29998779296875
1763595955403,35.193524789220504,-97.4375852334522,328.3990877333891,5.146600246429443,326.3999938964844
1763595955403,35.1935247937216,-97.43758209099072,328.3964574689228,5.14524507522583,326.3999938964844
1763595955403,35.19352489414801,-97.43757895536937,328.3935492862352,5.145049095153809,326.70001220703125
1763595955403,35.1935250821441,-97.43757586361382,328.3896751807542,5.149484634399414,327.1000061035156
1763595955403,35.19352533748301,-97.43757282358867,328.3860118325084,5.1597161293029785,327.70001220703125
1763595955403,35.19352563381382,-97.43756975363117,328.3830550402904,5.170953273773193,328.29998779296875
1763595955403,35.19352603958341,-97.43756667045719,328.3797000938677,5.188940525054932,328.79998779296875
1763595955403,35.193526560127594,-97.43756355858415,328.3759475419342,5.209939479827881,328.79998779296875
1763595955403,35.19352716005892,-97.43756059986299,328.3719141108951,5.219400405883789,328.79998779296875
1763595955403,35.193527881826796,-97.43755753201049,328.36811055654897,5.224053859710693,328.79998779296875
1763595956403,35.19353094714936,-97.43755585013825,328.19753117868765,5.231033802032471,328.79998779296875
1763595956403,35.19353195412685,-97.4375527986828,328.19126557660087,5.234811305999756,328.79998779296875
1763595956403,35.1935330005381,-97.43754985190743,328.18632048564035,5.253327369689941,328.79998779296875
1763595956403,35.19353413168702,-97.43754696981199,328.1808099421705,5.265043258666992,328.79998779296875
1763595956403,35.19353538489669,-97.43754411551859,328.17590218485947,5.268306732177734,328.79998779296875
1763595956403,35.1935367044184,-97.43754132583506,328.1702569767825,5.271117210388184,328.79998779296875
1763595956403,35.1935381511271,-97.43753851979045,328.1648117888947,5.2768144607543945,328.79998779296875
1763595956403,35.19353966383826,-97.43753581147926,328.15980256714056,5.280969619750977,329.0
1763595956403,35.19354122524041,-97.43753316944039,328.1553579179187,5.282611846923828,329.0
1763595956403,35.19354288805609,-97.43753053715606,328.1506236540207,5.28935432434082,329.1000061035156
1763595956403,35.19354462299742,-97.43752793201708,328.1462759531312,5.292756080627441,329.29998779296875
1763595956403,35.19354639140605,-97.43752549315518,328.1417096411578,5.294693946838379,329.5
1763595956403,35.1935482515582,-97.4375229869226,328.1378301739406,5.292410373687744,329.6000061035156
1763595956403,35.19355017091762,-97.43752047724278,328.13373617149097,5.292442798614502,329.8999938964844
1763595956403,35.19355212511084,-97.43751816382414,328.12756750860217,5.300408840179443,330.29998779296875
1763595956403,35.19355423335229,-97.43751587855478,328.1200379279383,5.307587623596191,330.8999938964844
1763595956403,35.193556425169824,-97.4375136948385,328.1117908125028,5.308694839477539,331.29998779296875
1763595956403,35.19355845206147,-97.43751180102866,328.10425473386744,5.307532787322998,331.5
1763595956403,35.193560932373785,-97.43750970067242,328.09534199346194,5.307381629943848,331.79998779296875
1763595956403,35.19356308504531,-97.43750798510759,328.08788965023393,5.304585933685303,332.0
1763595957403,35.19356582566505,-97.43750602679799,328.0196951163713,5.311676979064941,331.8999938964844
1763595957403,35.19356791853874,-97.43750457495597,328.01269013300913,5.313170909881592,331.8999938964844
1763595957403,35.193570454064485,-97.4375029731963,328.0050610989336,5.319565773010254,331.8999938964844
1763595957403,35.193572719202365,-97.43750160551386,327.9998309581894,5.317119598388672,331.8999938964844
1763595957403,35.1935754927417,-97.43750010090312,327.9923244921461,5.312887668609619,331.8999938964844
1763595957403,35.19357810601584,-97.4374987676333,327.9842184618757,5.307573318481445,331.8999938964844
1763595957403,35.19358079663515,-97.43749750757149,327.97654161899914,5.299458026885986,331.8999938964844
1763595957403,35.19358341462937,-97.43749639693966,327.97001051537137,5.29638147354126,331.8999938964844
1763595957403,35.19358611664662,-97.43749539600603,327.9636772740807,5.279310703277588,331.8999938964844
1763595957403,35.19358883604318,-97.43749454112626,327.95715009276506,5.2664618492126465,331.8999938964844
1763595957403,35.193591621312976,-97.43749377497075,327.95156205569504,5.254016399383545,331.8999938964844
1763595957403,35.19359412922309,-97.43749323460072,327.94729132882526,5.24094295501709,331.8999938964844
1763595957403,35.19359691194376,-97.4374927343016,327.9428293799841,5.2335028648376465,331.8999938964844
1763595957403,35.19359997660241,-97.43749232208374,327.93741689311304,5.210671424865723,331.8999938964844
1763595957403,35.193602709300244,-97.43749205407381,327.93272063156627,5.195796966552734,331.8999938964844
1763595957403,35.193605481829316,-97.43749188103989,327.92883277889,5.178855895996094,331.8999938964844
1763595957403,35.193608310805686,-97.43749182510986,327.92459937295075,5.152308940887451,331.8999938964844
1763595957403,35.193611057925565,-97.43749189721512,327.9204579064421,5.12921667098999,331.8999938964844
1763595957403,35.19361384769027,-97.43749210139632,327.91744314234717,5.110719203948975,332.1000061035156
1763595957403,35.19361654651217,-97.43749240774197,327.9153288488979,5.100510597229004,332.5
1763595958403,35.19361798061256,-97.43749495841318,327.8806869153617,5.087130069732666,333.70001220703125
1763595958403,35.193620402049994,-97.43749544282433,327.87857546975573,5.07865047454834,334.20001220703125
1763595958403,35.19362314966677,-97.43749611900208,327.87548986631293,5.053030490875244,335.0
1763595958403,35.193625480398424,-97.43749680326863,327.8728651119831,5.032987117767334,335.5
1763595958403,35.193628040333074,-97.43749767278649,327.8694201669512,5.018781661987305,335.70001220703125
1763595958403,35.193630512199654,-97.43749863011512,327.866477665352,5.005732536315918,335.70001220703125
1763595958403,35.19363334867553,-97.4374998449148,327.86200465410315,4.97787618637085,335.70001220703125
1763595958403,35.19363584406807,-97.43750103159392,327.8578020431644,4.963706970214844,335.79998779296875
1763595958403,35.193638314330045,-97.43750232358882,327.8532001749365,4.950659275054932,335.8999938964844
1763595958403,35.19364079130226,-97.43750372776849,327.8477274855151,4.937002658843994,336.70001220703125
1763595958403,35.193643258761334,-97.43750524012219,327.84230470127375,4.9270806312561035,337.79998779296875
1763595958403,35.19364563883105,-97.43750682405052,327.8366044673811,4.916136264801025,339.3999938964844
1763595958403,35.193647954803225,-97.43750848518746,327.83068066921413,4.895714282989502,341.29998779296875
1763595958403,35.1936501895065,-97.43751020190685,327.82412957071745,4.890111923217773,343.3999938964844
1763595958403,35.193652368484535,-97.43751197430332,327.8172795602935,4.889839172363281,344.6000061035156
1763595958403,35.19365450171518,-97.43751386524067,327.81082863687425,4.875743865966797,345.20001220703125
1763595958403,35.193656640904635,-97.43751589306007,327.8033878807147,4.862633228302002,345.29998779296875
1763595958403,35.19365864217045,-97.43751792995113,327.7962064207069,4.844641208648682,345.20001220703125
1763595958403,35.19366054916854,-97.43752002323525,327.7896433373763,4.8360090255737305,345.20001220703125
1763595958403,35.19366247559264,-97.43752228055897,327.78341177476295,4.819169044494629,345.29998779296875
1763595959403,35.19366288713505,-97.43752705096533,327.73000044480546,4.80841064453125,345.3999938964844
1763595959403,35.193663725048076,-97.43752821303102,327.7283792831588,4.808667182922363,345.3999938964844
1763595959403,35.19366539183116,-97.43753060347683,327.72150395571134,4.806527614593506,345.6000061035156
1763595959403,35.193666958276744,-97.43753301927345,327.71380071468906,4.796034336090088,345.70001220703125
1763595959403,35.19366844926178,-97.43753548320572,327.70626713006055,4.794585227966309,346.3999938964844
1763595959403,35.19366993387966,-97.437538092983,327.6989550732208,4.798651218414307,347.0
1763595959403,35.19367132620504,-97.43754071864154,327.69220225596854,4.798413276672363,348.0
1763595959403,35.193672630254646,-97.43754336179597,327.68562688789564,4.804809093475342,348.6000061035156
1763595959403,35.19367386396844,-97.4375460843482,327.67958067575086,4.8090434074401855,348.6000061035156
1763595959403,35.19367502466893,-97.43754882705937,327.67377438540484,4.81032657623291,348.70001220703125
1763595959403,35.19367608750829,-97.43755157580686,327.66975802638507,4.808558464050293,348.6000061035156
1763595959403,35.19367697745583,-97.43755420283928,327.66746919611,4.808813571929932,348.6000061035156
1763595959403,35.19367794241249,-97.43755735228564,327.6636262719712,4.801975250244141,348.6000061035156
1763595959403,35.19367872856722,-97.43756031974262,327.6598206646318,4.80645227432251,348.70001220703125
1763595959403,35.193679310313954,-97.43756292023191,327.65862145750265,4.809150695800781,348.6000061035156
1763595959403,35.19368000521428,-97.43756617963327,327.65591686887126,4.805649280548096,348.70001220703125
1763595959403,35.19368051945348,-97.43756914881259,327.6551260075545,4.803492069244385,348.70001220703125
1763595959403,35.19368095280902,-97.4375720488942,327.65207470007147,4.80451774597168,348.70001220703125
1763595959403,35.193681293161646,-97.43757496067502,327.6487905925115,4.7998738288879395,348.70001220703125
1763595959403,35.19368157824671,-97.4375779807048,327.6439534908665,4.796619892120361,348.70001220703125
1763595960403,35.193654666901146,-97.4375768547967,327.8140535912713,4.804699897766113,348.70001220703125
1763595960403,35.19365445153705,-97.43757925659862,327.8100214109588,4.814019680023193,348.70001220703125
1763595960403,35.19365407539871,-97.43758244109209,327.8052372595343,4.8257832527160645,348.70001220703125
1763595960403,35.19365364751408,-97.43758532649879,327.8018681766662,4.824586391448975,348.70001220703125
1763595960403,35.19365314195384,-97.43758816559111,327.79742331093985,4.822785377502441,348.70001220703125
1763595960403,35.19365254575507,-97.43759106804129,327.7915942546385,4.827380657196045,348.70001220703125
1763595960403,35.19365187133053,-97.43759396116828,327.7860542458093,4.826003551483154,348.70001220703125
1763595960403,35.19365113498791,-97.43759674746453,327.77996244890306,4.821792125701904,348.70001220703125
1763595960403,35.193650283136265,-97.4375996094958,327.7746648621358,4.814835548400879,348.70001220703125
1763595960403,35.193649351404886,-97.4376024152493,327.76940738130844,4.809794902801514,348.70001220703125
1763595960403,35.193648370725604,-97.43760509062652,327.7648086008363,4.810616493225098,348.70001220703125
1763595960403,35.19364726041639,-97.4376078641594,327.758913786168,4.812559604644775,348.70001220703125
1763595960403,35.19364612179488,-97.43761046427029,327.7538854866248,4.811709880828857,348.70001220703125
1763595960403,35.193644914240835,-97.43761302110254,327.74994954136565,4.806780815124512,348.70001220703125
1763595960403,35.19364356991031,-97.43761565349183,327.74717065814656,4.806861877441406,348.70001220703125
1763595960403,35.19364220874227,-97.43761813649479,327.7454359684797,4.8046956062316895,348.70001220703125
1763595960403,35.19364082551314,-97.43762053291077,327.74447744962777,4.811295986175537,348.70001220703125
1763595960403,35.19363935747482,-97.43762289785438,327.74263304726384,4.811540603637695,348.70001220703125
1763595960403,35.193637810154925,-97.43762523070086,327.74113744987585,4.8027873039245605,348.70001220703125
1763595960403,35.19363620025185,-97.43762750888433,327.7403646017043,4.795684337615967,348.70001220703125
1763595961403,35.193629428732905,-97.43762341886953,327.6310537675386,4.793910980224609,348.70001220703125
1763595961403,35.19362794254894,-97.4376249807528,327.6288676233751,4.7925333976745605,348.70001220703125
1763595961403,35.19362607465259,-97.43762682119439,327.62619577113156,4.786951541900635,348.70001220703125
1763595961403,35.193624125505465,-97.43762861131489,327.62428780117995,4.777707576751709,348.70001220703125
1763595961403,35.19362210206408,-97.43763034494472,327.62072325356667,4.769814491271973,348.1000061035156
1763595961403,35.19362006171498,-97.43763199737907,327.6181703534206,4.76533317565918,347.1000061035156
1763595961403,35.19361816229405,-97.43763342367123,327.61482326336835,4.763635635375977,345.0
1763595961403,35.193615833758976,-97.43763506281101,327.612448436248,4.760528564453125,341.3999938964844
1763595961403,35.193613840894166,-97.43763637753925,327.61015638066493,4.762350559234619,336.1000061035156
1763595961403,35.19361148505015,-97.43763782398719,327.6083406921655,4.760293006896973,328.0
1763595961403,35.19360925530641,-97.4376391044673,327.60741167099087,4.755911350250244,320.1000061035156
1763595961403,35.19360699444684,-97.43764031104217,327.6070377418518,4.756895542144775,312.79998779296875
1763595961403,35.19360467691223,-97.4376414672819,327.6068337778765,4.749349117279053,302.29998779296875
1763595961403,35.19360240553454,-97.43764253000059,327.60636197731947,4.741157054901123,291.0
1763595961403,35.193600244125854,-97.43764348055518,327.6058879442242,4.743192672729492,281.8999938964844
1763595961403,35.19359774663555,-97.4376445202836,327.60536668706237,4.7441205978393555,267.1000061035156
1763595961403,35.19359536696077,-97.43764546023853,327.60469258218,4.7434401512146,259.20001220703125
1763595961403,35.19359307439654,-97.43764630999469,327.6040020871879,4.7455363273620605,250.0
1763595961403,35.19359075199484,-97.4376471177808,327.6031667510283,4.740747451782227,240.3000030517578
1763595961403,35.1935882991869,-97.43764792719075,327.60233097448116,4.742286682128906,230.1999969482422
1763595962403,35.193585104395126,-97.4376468008688,327.56249639486055,4.754105567932129,213.10000610351562
1763595962403,35.19358351204717,-97.43764723196723,327.56316362368807,4.753840446472168,208.39999389648438
1763595962403,35.19358109987149,-97.437647855285,327.5634269569215,4.7534308433532715,195.6999969482422
1763595962403,35.19357888962243,-97.43764838326456,327.5647054394675,4.753067970275879,181.60000610351562
1763595962403,35.19357647401722,-97.43764889355533,327.566258069852,4.757772922515869,169.5
1763595962403,35.193573740792175,-97.4376494037688,327.5686492682907,4.764681339263916,149.10000610351562
1763595962403,35.19357132551442,-97.43764980958873,327.57067920753417,4.765679359436035,134.89999389648438
1763595962403,35.193568925569146,-97.43765019848206,327.57354865043357,4.769259452819824,123.5999984741211
1763595962403,35.19356649999523,-97.43765050839039,327.5759807942071,4.773059844970703,105.69999694824219
1763595962403,35.193564003393924,-97.43765078224467,327.5768518048527,4.774734020233154,93.4000015258789
1763595962403,35.19356159010169,-97.43765101584091,327.57770685349186,4.774950981140137,77.0
1763595962403,35.1935590777671,-97.43765124460259,327.5779748736857,4.777184963226318,56.5
1763595962403,35.19355662177981,-97.43765142045625,327.5796936089343,4.783260822296143,40.20000076293945
1763595962403,35.19355410492476,-97.43765157835095,327.58215182521894,4.786758899688721,27.5
1763595962403,35.1935516165753,-97.43765174727795,327.5839327991282,4.791606426239014,12.0
1763595962403,35.19354913687892,-97.43765193676965,327.58443176124644,4.7978668212890625,-2.9000000953674316
1763595962403,35.1935466649228,-97.43765213245723,327.58406566568857,4.808332920074463,-17.0
1763595962403,35.19354416617823,-97.43765248517225,327.5838710111971,4.808618545532227,-31.100000381469727
1763595962403,35.19354173210835,-97.43765292596599,327.58240141007,4.819326877593994,-47.70000076293945
1763595962403,35.19353922837219,-97.43765351593856,327.58145162040864,4.823795795440674,-61.599998474121094
1763595963403,35.193542090805,-97.43764903869184,327.5999599876895,4.828291893005371,-77.69999694824219
1763595963403,35.1935400713549,-97.43764956030326,327.6008536677081,4.834650039672852,-86.0
1763595963403,35.19353778092891,-97.4376502347113,327.60221086495363,4.849709510803223,-103.80000305175781
1763595963403,35.19353548759319,-97.43765096137977,327.6042405592282,4.860295295715332,-116.0
1763595963403,35.19353330275855,-97.43765171189031,327.6062027640636,4.87174129486084,-131.0
1763595963403,35.193530793508444,-97.43765265391127,327.60737580161583,4.886044502258301,-145.8000030517578
1763595963403,35.19352849082964,-97.43765358233377,327.6077039767948,4.903099060058594,-159.60000610351562
1763595963403,35.19352627488915,-97.43765453910395,327.60892385876457,4.921359062194824,-170.89999389648438
1763595963403,35.193524182764676,-97.43765552557032,327.6106697578629,4.93198823928833,-179.5
1763595963403,35.19352178269315,-97.43765676301871,327.61197033435326,4.945310592651367,-186.1999969482422
1763595963403,35.193519494976066,-97.43765802943354,327.6126107011034,4.954868316650391,-189.39999389648438
1763595963403,35.19351727007859,-97.4376593307578,327.6135937380054,4.967723369598389,-193.6999969482422
1763595963403,35.1935150793971,-97.43766070253828,327.61432992771984,4.988686561584473,-198.10000610351562
1763595963403,35.19351288229095,-97.43766216817944,327.6154261815486,5.0116143226623535,-202.89999389648438
1763595963403,35.19351069800626,-97.4376637062949,327.6166956306965,5.031012058258057,-208.3000030517578
1763595963403,35.19350857707281,-97.43766529119966,327.61777166390453,5.046059608459473,-216.0
1763595963403,35.19350643572748,-97.43766696013375,327.61833470871954,5.059520244598389,-221.39999389648438
1763595963403,35.19350433344275,-97.43766867500877,327.6182196106314,5.076756954193115,-228.0
1763595963403,35.19350226717841,-97.43767046061512,327.6182047323288,5.095470428466797,-234.1999969482422
1763595963403,35.19350023173951,-97.43767232268264,327.61846524910294,5.10428524017334,-239.5
1763595964403,35.193500384732914,-97.43767368315306,327.6006446489342,5.125250339508057,-244.3000030517578
1763595964403,35.19349922116286,-97.4376748910629,327.60084764577743,5.143033027648926,-245.6999969482422
1763595964403,35.19349732283045,-97.43767699591942,327.6018967841905,5.155162334442139,-246.5
1763595964403,35.193495529757406,-97.43767914371604,327.6032903766341,5.163268089294434,-246.6999969482422
1763595964403,35.19349374204771,-97.43768141671653,327.60461597636214,5.176804065704346,-246.6999969482422
1763595964403,35.19349209016449,-97.43768364361458,327.6064683237221,5.195641040802002,-246.6999969482422
1763595964403,35.19349047719315,-97.43768592961041,327.60808117544974,5.2130889892578125,-246.6999969482422
1763595964403,35.19348887528703,-97.43768831882358,327.6092752070314,5.231592178344727,-246.6999969482422
1763595964403,35.1934873312928,-97.43769074515392,327.6107294664481,5.258918285369873,-246.6999969482422
1763595964403,35.19348581606905,-97.43769326324943,327.61235395806716,5.2768707275390625,-246.6999969482422
1763595964403,35.193484359275146,-97.43769580620469,327.6136801053305,5.288759708404541,-246.6999969482422
1763595964403,35.193482953046754,-97.43769840018564,327.61506183635936,5.292086124420166,-246.6999969482422
1763595964403,35.193481649592144,-97.43770097732825,327.61577868560664,5.305978775024414,-246.5
1763595964403,35.1934803683226,-97.43770370273172,327.61668735302993,5.321103096008301,-245.8000030517578
1763595964403,35.19347915553881,-97.43770644848914,327.6180699516467,5.339561462402344,-244.0
1763595964403,35.19347802706782,-97.43770917642786,327.61999269355556,5.363178253173828,-239.6999969482422
1763595964403,35.193476936768754,-97.43771196207587,327.62228380749616,5.376645565032959,-234.5
1763595964403,35.19347587300367,-97.43771484856241,327.6249264107256,5.3884758949279785,-229.39999389648438
1763595964403,35.19347488781981,-97.43771769526172,327.6275324854989,5.399533748626709,-221.39999389648438
1763595964403,35.19347394650467,-97.43772059003302,327.6295929678435,5.407590389251709,-211.39999389648438
1763595965403,35.19347281726991,-97.4377245878734,327.5937848353,5.433512210845947,-194.89999389648438
1763595965403,35.19347226091313,-97.43772658020177,327.5947270245419,5.438386917114258,-186.5
1763595965403,35.19347145392034,-97.43772959277136,327.5981407852072,5.461338520050049,-166.10000610351562
1763595965403,35.19347071027138,-97.43773252921103,327.60143333193923,5.475059509277344,-151.5
1763595965403,35.193469992974414,-97.43773556071619,327.60655870267294,5.49273681640625,-131.39999389648438
1763595965403,35.193469337191516,-97.43773855313779,327.6133465114397,5.505262851715088,-120.80000305175781
1763595965403,35.19346870177215,-97.43774157446833,327.62159825516886,5.517818450927734,-108.19999694824219
1763595965403,35.19346808325428,-97.43774457346714,327.6292903460264,5.530786037445068,-93.69999694824219
1763595965403,35.19346743441383,-97.43774767488127,327.6369812983167,5.5455522537231445,-77.19999694824219
1763595965403,35.19346680759143,-97.43775075694315,327.6436732582889,5.573770999908447,-59.29999923706055
1763595965403,35.19346616483926,-97.43775384966526,327.65050977833255,5.601344585418701,-38.5
1763595965403,35.19346558569557,-97.43775686705222,327.65880874328,5.62542724609375,-8.800000190734863
1763595965403,35.19346499782199,-97.43776004451126,327.66617220178875,5.634296894073486,13.0
1763595965403,35.193464666817015,-97.43776306287569,327.67509625528743,5.651562213897705,38.400001525878906
1763595965403,35.193464502903865,-97.43776603223856,327.68706198198936,5.6827521324157715,65.4000015258789
1763595965403,35.19346415987814,-97.4377689800652,327.69527714074724,5.701272964477539,82.19999694824219
1763595965403,35.193463470745286,-97.4377721318557,327.70076270595376,5.730134963989258,101.0999984741211
1763595965403,35.19346264652825,-97.43777511586966,327.70577683455485,5.753002643585205,118.0
1763595965403,35.193461685434954,-97.43777807205862,327.7107115741185,5.768689155578613,135.8000030517578
1763595965403,35.1934605306479,-97.43778109038834,327.71514674057033,5.782992839813232,146.1999969482422
1763595966403,35.19345864766449,-97.4377828005837,327.7213890778052,5.822775840759277,163.10000610351562
1763595966403,35.19345790900866,-97.43778438561489,327.72483024851095,5.835154056549072,166.1999969482422
1763595966403,35.19345646778334,-97.43778725862457,327.7289057603532,5.845334529876709,172.1999969482422
1763595966403,35.19345512562542,-97.43778980388996,327.7324823283189,5.86313533782959,175.60000610351562
1763595966403,35.19345347354383,-97.43779274860267,327.7360982853778,5.8770880699157715,176.10000610351562
1763595966403,35.1934518825096,-97.43779543967013,327.7391525473522,5.889307022094727,176.10000610351562
1763595966403,35.193450205412425,-97.43779813412979,327.7426452621016,5.902012348175049,176.10000610351562
1763595966403,35.19344850197447,-97.43780072827494,327.74572173561324,5.913444519042969,175.1999969482422
1763595966403,35.19344675982377,-97.43780327544272,327.74893091375003,5.945828914642334,173.1999969482422
1763595966403,35.19344493628238,-97.43780586423601,327.75312922324446,5.9675164222717285,172.10000610351562
1763595966403,35.193443071596704,-97.43780840951484,327.7584992536616,5.986345291137695,171.5
1763595966403,35.19344133548053,-97.43781071280856,327.7645095255094,6.005807876586914,171.10000610351562
1763595966403,35.19343922399808,-97.43781340624464,327.7720021620017,6.019450664520264,169.8000030517578
1763595966403,35.19343720880116,-97.4378158859621,327.77806060387405,6.030848503112793,166.60000610351562
1763595966403,35.193435214942106,-97.43781824242838,327.7836008348105,6.044555187225342,163.1999969482422
1763595966403,35.19343317874243,-97.4378205665909,327.78913920300283,6.056992530822754,160.10000610351562
1763595966403,35.19343103585189,-97.43782293917164,327.7959920639628,6.076849937438965,156.0
1763595966403,35.19342892061423,-97.43782521673947,327.80310325363195,6.088263034820557,150.89999389648438
1763595966403,35.19342673600493,-97.43782749949693,327.81015772398564,6.08969783782959,147.5
1763595966403,35.193424569300475,-97.43782968856137,327.8178888319748,6.099950790405273,142.10000610351562
1763595966403,35.193422283900425,-97.43783189006156,327.82618564322894,6.1234917640686035,132.6999969482422
1763595966403,35.19341995850122,-97.43783405656478,327.8353210445365,6.139848709106445,123.30000305175781
1763595967403,35.19341835138847,-97.43783318875535,327.8771788607616,6.148512840270996,115.0
1763595967403,35.19341605716965,-97.4378352011478,327.88813966385425,6.15458869934082,101.69999694824219
1763595967403,35.193413575541385,-97.43783730967293,327.8988263408916,6.149317264556885,90.19999694824219
1763595967403,35.19341165696528,-97.43783891062336,327.90637018581384,6.14084529876709,80.19999694824219
1763595967403,35.19340904376055,-97.43784106862259,327.91397947648073,6.132596492767334,67.5
1763595967403,35.1934067085021,-97.43784296700906,327.92048748978937,6.133432388305664,56.0
1763595967403,35.193404292637005,-97.43784493805502,327.9262236008627,6.140701770782471,44.5
1763595967403,35.193401966255585,-97.43784682095037,327.93254693816897,6.152240753173828,36.900001525878906
1763595967403,35.19339960993689,-97.43784874614383,327.93947635041246,6.154277801513672,31.700000762939453
1763595967403,35.19339724544026,-97.43785070176854,327.94625337674546,6.153185844421387,25.299999237060547
1763595967403,35.19339491116653,-97.4378526623567,327.95385005271805,6.1710100173950195,18.0
1763595967403,35.19339253841254,-97.43785469779802,327.96166082909036,6.161754131317139,9.399999618530273
1763595967403,35.193390255812425,-97.43785666955448,327.9676680322217,6.158354759216309,-0.800000011920929
1763595967403,35.193387927481176,-97.43785864465113,327.97417897676246,6.172186851501465,-11.0
1763595967403,35.19338551810692,-97.43786068719093,327.98059707963836,6.1737380027771,-20.299999237060547
1763595967403,35.193383242758514,-97.43786262109816,327.9870163321427,6.1659345626831055,-29.899999618530273
1763595967403,35.193381002832766,-97.43786455048733,327.99353699882096,6.158400058746338,-35.599998474121094
1763595967403,35.19337871169977,-97.43786655535453,328.00156141727115,6.153908729553223,-42.0
1763595967403,35.193376420979874,-97.43786863219331,328.00906867227627,6.146846771240234,-47.099998474121094
1763595967403,35.19337438045832,-97.43787050786155,328.0155988771889,6.155884742736816,-51.29999923706055
1763595968403,35.19337213047262,-97.43787130745903,328.02104363264186,6.149365425109863,-58.900001525878906
1763595968403,35.19337026616796,-97.43787316757704,328.0275142550553,6.137561798095703,-63.099998474121094
1763595968403,35.19336814993155,-97.43787532307137,328.03439580452414,6.115091323852539,-69.0999984741211
1763595968403,35.193366053207946,-97.43787752732551,328.04148244903064,6.115974426269531,-75.0
1763595968403,35.19336396420043,-97.43787978127175,328.0486982813904,6.106481552124023,-83.0999984741211
1763595968403,35.193361972173115,-97.43788196302553,328.05603576442377,6.0921196937561035,-91.19999694824219
1763595968403,35.19335996275178,-97.4378842102155,328.06354534014605,6.087989330291748,-99.19999694824219
1763595968403,35.193357949383184,-97.43788653846437,328.0714814729017,6.076776504516602,-107.0
1763595968403,35.193355995721916,-97.43788887794038,328.0790495079017,6.060277938842773,-114.5
1763595968403,35.19335405723922,-97.43789130046281,328.0864060273381,6.04230260848999,-123.30000305175781
1763595968403,35.193352218810254,-97.43789372073638,328.09384213236535,6.029542922973633,-130.5
1763595968403,35.193350407663786,-97.43789619286206,328.1006185774494,6.021578788757324,-136.39999389648438
1763595968403,35.19334865227917,-97.43789868978061,328.10759993935625,6.007688522338867,-143.89999389648438
1763595968403,35.193346935889195,-97.4379012659915,328.11461101913306,5.993389129638672,-151.3000030517578
1763595968403,35.193345294528115,-97.43790386200963,328.12093243182716,5.980030059814453,-158.60000610351562
1763595968403,35.19334375227709,-97.43790643342903,328.12693414857665,5.963228702545166,-165.8000030517578
1763595968403,35.193342219471276,-97.4379091399231,328.1334335020731,5.949204444885254,-173.60000610351562
1763595968403,35.193340773528796,-97.4379118274188,328.13935381990456,5.933238983154297,-183.8000030517578
1763595968403,35.19333936156796,-97.43791462536532,328.14583174022044,5.9195733070373535,-192.10000610351562
1763595968403,35.19333803442663,-97.43791744749936,328.15204899722096,5.903314590454102,-198.3000030517578
1763595969403,35.19333593296345,-97.43792033174662,328.08715966977604,5.880314826965332,-207.6999969482422
1763595969403,35.19333492027815,-97.437922818208,328.0907330996648,5.867047309875488,-215.60000610351562
1763595969403,35.19333382447264,-97.43792574535296,328.0947960941226,5.858823776245117,-221.10000610351562
1763595969403,35.193332823490756,-97.43792868768523,328.0981815944888,5.837123870849609,-226.60000610351562
1763595969403,35.193331887650345,-97.43793170448932,328.1016877801459,5.816770553588867,-230.0
1763595969403,35.19333104846718,-97.43793472436809,328.10497945097075,5.81076717376709,-231.10000610351562
1763595969403,35.19333028424184,-97.43793777695006,328.10869137456166,5.801308631896973,-231.10000610351562
1763595969403,35.19332958834229,-97.43794086749055,328.11240857056396,5.786060810089111,-230.5
1763595969403,35.19332898525711,-97.43794398660793,328.11642127776753,5.779513835906982,-228.8000030517578
1763595969403,35.19332846918898,-97.43794705939118,328.11995168603124,5.770374774932861,-225.5
1763595969403,35.193328016525705,-97.43795018269168,328.12279525095886,5.751903533935547,-220.6999969482422
1763595969403,35.193327628778,-97.43795328928373,328.1247894888202,5.7414422035217285,-214.1999969482422
1763595969403,35.19332729397504,-97.43795643831768,328.1269885342866,5.732906341552734,-204.8000030517578
1763595969403,35.19332701862069,-97.4379595713482,328.1290267287782,5.729806423187256,-195.60000610351562
1763595969403,35.19332678610742,-97.43796266963395,328.13146685840087,5.7248921394348145,-188.10000610351562
1763595969403,35.19332657716041,-97.43796590593561,328.1340202816549,5.721028804779053,-178.8000030517578
1763595969403,35.19332642209142,-97.43796879749986,328.13616261934146,5.713022232055664,-169.10000610351562
1763595969403,35.193326279409895,-97.43797198236639,328.1379459380467,5.708362579345703,-157.8000030517578
1763595970403,35.19332625248044,-97.43797618854092,328.08196575749463,5.707816123962402,-142.39999389648438
1763595970403,35.19332615582446,-97.43797879355972,328.0827300036884,5.706790924072266,-128.10000610351562
1763595970403,35.193326073560435,-97.43798192469458,328.08447777245556,5.698503017425537,-114.19999694824219
1763595970403,35.19332599421481,-97.437984818672,328.08493109453076,5.6927289962768555,-103.9000015258789
1763595970403,35.19332594033341,-97.4379881445481,328.0862755738187,5.691128730773926,-91.69999694824219
1763595970403,35.1933259089338,-97.43799128970534,328.0884390871277,5.685107231140137,-79.0
1763595970403,35.19332585065894,-97.43799441828777,328.08976529576216,5.674351692199707,-65.9000015258789
1763595970403,35.19332575928107,-97.43799759436736,328.0900010122784,5.668727397918701,-50.0
1763595970403,35.19332566870437,-97.43800069206789,328.08981523091575,5.668956756591797,-36.099998474121094
1763595970403,35.19332563217886,-97.43800382289199,328.09170778904996,5.662461280822754,-24.700000762939453
1763595970403,35.193325586127315,-97.43800687045598,328.0937769294768,5.660187721252441,-10.699999809265137
1763595970403,35.19332550106388,-97.43801019952333,328.0961121488907,5.660130023956299,4.099999904632568
1763595970403,35.19332540788095,-97.4380132552855,328.0997257725228,5.655220985412598,22.200000762939453
1763595970403,35.19332532455658,-97.43801625863456,328.1047314312315,5.6535964012146,34.0
1763595970403,35.19332528355509,-97.43801927567156,328.1109208569654,5.651453495025635,51.0
1763595970403,35.19332519062968,-97.43802214580222,328.1163408330728,5.647234916687012,62.20000076293945
1763595970403,35.19332503137683,-97.43802517663717,328.1224378369008,5.632820129394531,76.30000305175781
1763595970403,35.19332480933579,-97.43802824789053,328.12801257607265,5.620146751403809,90.19999694824219
1763595970403,35.19332452436027,-97.43803123279694,328.13265252036473,5.613114356994629,103.69999694824219
1763595970403,35.19332416361592,-97.43803426534933,328.137798214715,5.602177143096924,119.4000015258789
1763595971403,35.193321751185934,-97.43803967041853,328.047340316866,5.591876029968262,136.8000030517578
1763595971403,35.19332149908684,-97.43804119464696,328.05124141813786,5.585771560668945,141.39999389648438
1763595971403,35.19332091978177,-97.43804419885,328.05844857633514,5.579043388366699,154.6999969482422
1763595971403,35.19332028824436,-97.43804709999063,328.06645859876613,5.5727314949035645,162.39999389648438
1763595971403,35.193319599314584,-97.43804997691282,328.0749215084728,5.558924198150635,170.5
1763595971403,35.19331883146775,-97.43805286925951,328.0838256127178,5.5420989990234375,176.6999969482422
1763595971403,35.193317980519744,-97.43805580232075,328.09234869680193,5.530163288116455,181.3000030517578
1763595971403,35.19331710867831,-97.43805856408244,328.1003794313381,5.512792587280273,185.10000610351562
1763595971403,35.19331619522403,-97.43806125723408,328.10873680590424,5.498347759246826,187.10000610351562
1763595971403,35.19331515958181,-97.43806408779145,328.1173983174475,5.487705707550049,189.6999969482422
1763595971403,35.193314098232094,-97.4380668038574,328.1263135715193,5.478224277496338,192.0
1763595971403,35.19331296201535,-97.43806950659005,328.1351155930295,5.460206031799316,193.60000610351562
1763595971403,35.193311810048755,-97.4380721032878,328.1437791588918,5.446154594421387,193.6999969482422
1763595971403,35.193310619267145,-97.43807464942705,328.15227456421314,5.4399542808532715,193.6999969482422
1763595971403,35.1933093157967,-97.43807728193114,328.161038289486,5.435159206390381,193.60000610351562
1763595971403,35.1933079999533,-97.4380798254931,328.1699955978725,5.418436527252197,193.5
1763595971403,35.1933066259796,-97.43808235364259,328.17871511238957,5.408693790435791,192.6999969482422
1763595971403,35.193305237235805,-97.43808480045267,328.18786718874514,5.399630069732666,190.3000030517578
1763595971403,35.19330380999147,-97.43808721034252,328.19720061102277,5.38638973236084,185.5
1763595971403,35.19330234548703,-97.43808959260987,328.20649314850544,5.371607303619385,181.60000610351562
1763595972403,35.193298613395974,-97.4380906599442,328.14113003729,5.362277984619141,174.10000610351562
1763595972403,35.193297407971954,-97.43809238902321,328.14887501068864,5.360660552978516,170.8000030517578
1763595972403,35.19329581031537,-97.43809459983225,328.15752259161917,5.351402282714844,165.10000610351562
1763595972403,35.1932941580243,-97.43809682599803,328.1664974982731,5.344241619110107,159.10000610351562
1763595972403,35.19329253846018,-97.43809895713402,328.17583407970534,5.337506294250488,151.5
1763595972403,35.19329088019099,-97.43810109474487,328.1851232889384,5.329790115356445,145.5
1763595972403,35.193289165944265,-97.43810325825123,328.1950759238827,5.317199230194092,134.10000610351562
1763595972403,35.19328752005924,-97.43810531535108,328.20530574340864,5.310693740844727,124.9000015258789
1763595972403,35.19328590255444,-97.438107311991,328.2149460183832,5.300095081329346,111.5999984741211
1763595972403,35.19328412129366,-97.4381094788946,328.22550886226287,5.290629863739014,97.9000015258789
1763595972403,35.19328242908898,-97.43811153059276,328.2358250705018,5.278497219085693,84.5999984741211
1763595972403,35.1932807122231,-97.43811359281578,328.24657875102133,5.266190528869629,69.30000305175781
1763595972403,35.19327900965853,-97.4381156301136,328.2571965173098,5.256130218505859,57.79999923706055
1763595972403,35.19327729748221,-97.43811768863571,328.26840643774045,5.2486467361450195,49.29999923706055
1763595972403,35.19327562195675,-97.43811972343659,328.2792734700678,5.243818759918213,39.400001525878906
1763595972403,35.19327401743811,-97.438121712864,328.29014725095595,5.227746963500977,29.600000381469727
1763595972403,35.193272373681424,-97.43812378530761,328.2996845501823,5.219672679901123,19.100000381469727
1763595972403,35.19327083854972,-97.43812578462685,328.30703165617035,5.203990459442139,7.800000190734863
1763595972403,35.19326904889276,-97.43812814584867,328.31828429826,5.1925835609436035,-7.0
1763595972403,35.193267479789974,-97.43813022339083,328.32712577543947,5.1758575439453125,-20.0
1763595973403,35.19326516915163,-97.43813280050423,328.2451222566787,5.161319732666016,-36.400001525878906
1763595973403,35.19326383860695,-97.43813453929108,328.25185227724984,5.159974575042725,-45.0
1763595973403,35.19326227353135,-97.4381366300306,328.26075706964195,5.152439594268799,-59.29999923706055
1763595973403,35.193260729792485,-97.43813874280771,328.2704007404971,5.144298553466797,-75.69999694824219
1763595973403,35.19325924872461,-97.43814086736123,328.2787931878897,5.132533073425293,-86.0999984741211
1763595973403,35.193257809352794,-97.43814301785831,328.2868232203282,5.117428302764893,-98.80000305175781
1763595973403,35.19325637188193,-97.43814526965677,328.2943183687343,5.108015060424805,-111.30000305175781
1763595973403,35.19325504086652,-97.4381474591546,328.3020751177688,5.094533920288086,-125.4000015258789
1763595973403,35.19325369868598,-97.43814978861994,328.3098560118931,5.087774753570557,-136.3000030517578
1763595973403,35.193252448212625,-97.43815207418984,328.31750640448234,5.0859198570251465,-143.89999389648438
1763595973403,35.193251247829075,-97.43815438088073,328.32562182234244,5.080336093902588,-152.10000610351562
1763595973403,35.1932500586572,-97.43815679935739,328.3339129982469,5.067847728729248,-159.39999389648438
1763595973403,35.19324894353549,-97.4381591958083,328.3417871586116,5.052560806274414,-166.60000610351562
1763595973403,35.193247904144016,-97.4381615590093,328.3487240659719,5.043792247772217,-173.60000610351562
1763595973403,35.19324688665173,-97.43816401181049,328.35541425264495,5.036238670349121,-182.0
1763595973403,35.193245927708126,-97.4381664770255,328.36234550087926,5.030661106109619,-189.3000030517578
1763595973403,35.193245020267156,-97.43816898403516,328.36937750654596,5.023849010467529,-196.5
1763595973403,35.193244179856535,-97.43817149617809,328.37618301434367,5.01538610458374,-202.1999969482422
1763595973403,35.19324340484865,-97.43817404416654,328.3828963676311,4.999919891357422,-210.89999389648438
1763595973403,35.19324269212531,-97.43817661301205,328.3888553903281,4.988741397857666,-216.60000610351562
1763595974403,35.19324237155188,-97.43818129738553,328.3268404310498,4.973829746246338,-225.89999389648438
1763595974403,35.193241969037366,-97.43818318860298,328.32997689036915,4.965146541595459,-230.60000610351562
1763595974403,35.193241489863176,-97.43818574088739,328.3339424679773,4.962489604949951,-234.39999389648438
1763595974403,35.19324107216697,-97.43818836714473,328.337997416472,4.961465358734131,-237.89999389648438
1763595974403,35.19324070985443,-97.43819108860295,328.3425722936037,4.961625576019287,-240.0
1763595974403,35.193240420479896,-97.43819374325604,328.3472906211614,4.959170818328857,-241.0
1763595974403,35.193240185065086,-97.43819647509133,328.3516070456044,4.952481746673584,-241.3000030517578
1763595974403,35.193240014843916,-97.43819907473141,328.3555482201768,4.937673568725586,-241.3000030517578
1763595974403,35.193239900031266,-97.43820174254344,328.35933014229937,4.931542873382568,-241.3000030517578
1763595974403,35.19323984328202,-97.43820441208749,328.362572291903,4.928454399108887,-241.3000030517578
1763595974403,35.19323984838892,-97.43820719707432,328.3657436835817,4.926293849945068,-240.89999389648438
1763595974403,35.193239915015944,-97.43820980235076,328.36911593441323,4.92995548248291,-240.1999969482422
1763595974403,35.193240030832726,-97.43821247460832,328.37239100151487,4.933668613433838,-238.8000030517578
1763595974403,35.19324019868734,-97.43821524019283,328.37595244522265,4.927121639251709,-237.39999389648438
1763595974403,35.19324042819687,-97.43821786307134,328.37867227025976,4.921758651733398,-236.10000610351562
1763595974403,35.19324072082554,-97.43822054485487,328.3811190673732,4.916012287139893,-234.5
1763595974403,35.19324106164597,-97.43822324942667,328.38384208530283,4.911076068878174,-233.3000030517578
1763595974403,35.19324143040161,-97.43822583613102,328.3856232781705,4.9115142822265625,-230.89999389648438
1763595974403,35.19324184397489,-97.43822846665824,328.38695770539647,4.907517910003662,-228.89999389648438
1763595974403,35.193242288608474,-97.4382311473903,328.3879482999961,4.907597064971924,-225.5
1763595975403,35.193243455450485,-97.43823628663813,328.295349465389,4.9107985496521,-219.3000030517578
1763595975403,35.19324386203438,-97.43823837551435,328.2945807993708,4.9130682945251465,-212.10000610351562
1763595975403,35.19324444324524,-97.4382410824489,328.29481437242634,4.91933012008667,-205.39999389648438
1763595975403,35.19324503976996,-97.43824372048657,328.2946903258436,4.91811466217041,-195.6999969482422
1763595975403,35.19324564683477,-97.43824641779783,328.2934258705446,4.9184112548828125,-182.3000030517578
1763595975403,35.19324621965651,-97.4382489218971,328.29083861263354,4.917064189910889,-171.89999389648438
1763595975403,35.19324695980943,-97.43825179222671,328.2884531045244,4.922240734100342,-157.3000030517578
1763595975403,35.193247598534164,-97.4382542330206,328.2851667369904,4.92801570892334,-142.1999969482422
1763595975403,35.19324833909505,-97.43825700632738,328.2817875050281,4.930907249450684,-129.6999969482422
1763595975403,35.193249081318086,-97.43825973534499,328.2799604601176,4.929102897644043,-116.9000015258789
1763595975403,35.193249749304385,-97.43826227856907,328.2778397980105,4.931723594665527,-108.4000015258789
1763595975403,35.19325049240129,-97.4382650448719,328.27602448561106,4.940040111541748,-97.19999694824219
1763595975403,35.19325113092824,-97.4382676691597,328.2733816629416,4.945143699645996,-85.19999694824219
1763595975403,35.19325177285871,-97.43827031704855,328.2701992611441,4.95897102355957,-73.4000015258789
1763595975403,35.19325247229545,-97.4382730762778,328.26775895818855,4.975793838500977,-62.0
1763595975403,35.193253170679675,-97.43827576716829,328.2658518125212,4.992061614990234,-45.900001525878906
1763595975403,35.193253865283054,-97.43827845716278,328.26339722837497,5.007477760314941,-30.399999618530273
1763595975403,35.1932545774844,-97.43828107879095,328.26259124715966,5.013529300689697,-17.200000762939453
1763595975403,35.19325531407323,-97.43828373224133,328.2628060073736,5.01480770111084,0.30000001192092896
1763595975403,35.19325605403077,-97.4382865929714,328.2624077005154,5.0274834632873535,17.399999618530273
1763595976403,35.19325689552091,-97.43828889361815,328.2119787620332,5.041204452514648,35.599998474121094
1763595976403,35.19325759106661,-97.43829147730537,328.213149706294,5.04977560043335,46.20000076293945
1763595976403,35.19325827223452,-97.43829404813445,328.2152882436376,5.0648322105407715,58.400001525878906
1763595976403,35.19325891633215,-97.43829672866075,328.21782680550484,5.08365535736084,69.80000305175781
1763595976403,35.193259482791795,-97.43829940695412,328.21968207923965,5.099200248718262,83.5999984741211
1763595976403,35.193260009138164,-97.43830216314777,328.22028711427566,5.108556270599365,95.0
1763595976403,35.19326049819334,-97.43830489967777,328.22140161136986,5.116512775421143,104.5
1763595976403,35.19326093150989,-97.438307626658,328.2231837982797,5.125014305114746,116.30000305175781
1763595976403,35.19326132672932,-97.43831039829705,328.22505686695513,5.134851455688477,128.0
1763595976403,35.19326166991541,-97.43831319064677,328.227936210756,5.149811267852783,139.5
1763595976403,35.19326196520607,-97.43831602515016,328.23167998208834,5.163600921630859,151.89999389648438
1763595976403,35.1932622035979,-97.43831885537956,328.2360054143296,5.168584823608398,159.5
1763595976403,35.193262381820055,-97.438321662361,328.2404547303324,5.169921398162842,168.1999969482422
1763595976403,35.193262490378345,-97.43832447833857,328.2449453637378,5.177816867828369,176.8000030517578
1763595976403,35.1932625326325,-97.43832729407448,328.2498861088919,5.183223724365234,184.8000030517578
1763595976403,35.19326250880722,-97.4383301744463,328.2555455645404,5.18574857711792,191.89999389648438
1763595976403,35.193262410530785,-97.4383332027959,328.26130493659355,5.18818998336792,199.0
1763595976403,35.19326225418312,-97.43833599196525,328.2665552568406,5.189476013183594,206.0
1763595976403,35.19326203356433,-97.43833879324711,328.2718496770083,5.189358711242676,213.10000610351562
1763595976403,35.19326174559076,-97.43834170522777,328.2771439945558,5.192239284515381,221.60000610351562
1763595977403,35.19326023065539,-97.43834591551443,328.24626698042744,5.203346252441406,234.5
1763595977403,35.19325998387301,-97.43834750667632,328.2504142707156,5.202206134796143,236.3000030517578
1763595977403,35.19325947947425,-97.43835034069436,328.25680809919714,5.210997104644775,245.39999389648438
1763595977403,35.193258881658515,-97.43835327238477,328.26348403330456,5.199870586395264,254.0
1763595977403,35.19325823883554,-97.43835601102872,328.26976701118895,5.206007480621338,262.5
1763595977403,35.19325751091262,-97.43835871137537,328.27639571228764,5.214062213897705,269.6000061035156
1763595977403,35.193256687059126,-97.43836142098351,328.28328696246626,5.2059006690979,276.3999938964844
1763595977403,35.193255793380466,-97.43836405279563,328.29039249418673,5.207555770874023,279.6000061035156
1763595977403,35.19325478762147,-97.43836673857214,328.2980124930186,5.205522060394287,281.5
1763595977403,35.19325368807185,-97.43836937924034,328.3052917203949,5.198291301727295,281.8999938964844
1763595977403,35.19325257098934,-97.4383718090603,328.31171166275755,5.189567565917969,281.8999938964844
1763595977403,35.19325134448987,-97.43837429223399,328.31841422314085,5.190086364746094,280.79998779296875
1763595977403,35.193250013272205,-97.43837681619102,328.32578907534236,5.192120552062988,279.70001220703125
1763595977403,35.193248670641566,-97.43837923822554,328.33360677264034,5.1922736167907715,278.79998779296875
1763595977403,35.19324727363807,-97.43838157616149,328.3420812935314,5.17844295501709,277.6000061035156
1763595977403,35.19324582807797,-97.43838386920562,328.3507455869983,5.1754608154296875,276.20001220703125
1763595977403,35.193244316003245,-97.43838614324876,328.3597519793563,5.177429676055908,274.8999938964844
1763595977403,35.193242834407506,-97.43838828905577,328.36817286382086,5.1711015701293945,272.8999938964844
1763595977403,35.19324127443237,-97.43839046585013,328.37641057773294,5.1626200675964355,271.20001220703125
1763595977403,35.19323958396226,-97.4383927000771,328.384715789168,5.153788089752197,268.1000061035156
1763595978403,35.19323543054796,-97.43839254441288,328.3307145767865,5.145322322845459,262.29998779296875
1763595978403,35.19323404580626,-97.43839415315288,328.3358753509005,5.137109279632568,258.79998779296875
1763595978403,35.1932322855003,-97.43839601623152,328.34295296820653,5.127957344055176,250.10000610351562
1763595978403,35.193230448150906,-97.43839791864444,328.35074734441014,5.116352081298828,236.8000030517578
1763595978403,35.19322861092994,-97.4383997667398,328.35937004946186,5.112991809844971,219.10000610351562
1763595978403,35.19322671242639,-97.43840154300752,328.36924863305234,5.103977680206299,198.5
1763595978403,35.1932248393358,-97.43840324059212,328.3793610162912,5.09224271774292,175.5
1763595978403,35.193222886673865,-97.438404974038,328.3902970642398,5.072933197021484,152.39999389648438
1763595978403,35.19322104242788,-97.43840660320801,328.40092633271854,5.054352760314941,138.60000610351562
1763595978403,35.19321911235393,-97.43840830816502,328.41184996132256,5.032724380493164,120.0
1763595978403,35.19321722565838,-97.43840998229211,328.422849186458,5.013050556182861,100.19999694824219
1763595978403,35.19321540284837,-97.438411639593,328.43309806910696,4.994717121124268,80.30000305175781
1763595978403,35.193213547426375,-97.43841335745326,328.4431833779794,4.974034786224365,59.099998474121094
1763595978403,35.193211728298856,-97.43841506360552,328.4539315347071,4.948678970336914,32.400001525878906
1763595978403,35.193209936152385,-97.43841674835566,328.4654088439156,4.924927711486816,8.699999809265137
1763595978403,35.193208148079805,-97.4384184490275,328.4757292307465,4.90540075302124,-9.600000381469727
1763595978403,35.193206358415196,-97.43842015663957,328.4867701772164,4.873329162597656,-30.799999237060547
1763595978403,35.19320469051266,-97.43842190305291,328.4957399660915,4.848060131072998,-49.900001525878906
1763595978403,35.1932030035829,-97.43842363745199,328.5064402968068,4.819735527038574,-71.69999694824219
1763595978403,35.193201343616586,-97.43842542325487,328.51646750331196,4.790369987487793,-89.19999694824219
1763595979403,35.19320098827988,-97.43842792075604,328.41534115132765,4.751205921173096,-109.4000015258789
1763595979403,35.19319970581469,-97.4384294271252,328.42463946385226,4.73630428314209,-119.19999694824219
1763595979403,35.1931982047414,-97.438431319489,328.4340458789924,4.70803165435791,-135.10000610351562
1763595979403,35.193196778973366,-97.43843321497886,328.4431299456087,4.677618980407715,-150.0
1763595979403,35.19319542503658,-97.43843514143214,328.4519252167372,4.644954204559326,-163.60000610351562
1763595979403,35.19319412745625,-97.43843707762836,328.4602903183615,4.6125807762146,-175.8000030517578
1763595979403,35.19319284401626,-97.43843909280311,328.4683727213865,4.572671413421631,-189.6999969482422
1763595979403,35.19319164902208,-97.43844111100624,328.47522060147736,4.550283908843994,-198.89999389648438
1763595979403,35.193190512404904,-97.43844316311969,328.4818016507982,4.5211358070373535,-210.6999969482422
1763595979403,35.19318944313288,-97.4384452422059,328.4883100810175,4.494177341461182,-222.5
1763595979403,35.193188428247886,-97.4384473511403,328.49552033720613,4.467190265655518,-234.0
1763595979403,35.1931875626811,-97.43844928121725,328.50230499461463,4.4363789558410645,-244.10000610351562
1763595979403,35.19318659399505,-97.4384516385503,328.50965309086934,4.394672393798828,-254.1999969482422
1763595979403,35.19318577939264,-97.43845379936496,328.51593810273226,4.369185924530029,-259.79998779296875
1763595979403,35.19318504084513,-97.43845598253209,328.5215780323353,4.344986915588379,-266.1000061035156
1763595979403,35.19318437518587,-97.43845815452826,328.52690723598,4.313721179962158,-271.29998779296875
1763595979403,35.193183763238274,-97.43846037537152,328.5327991524317,4.284698963165283,-275.79998779296875
1763595979403,35.193183224990776,-97.43846255430432,328.53833463832586,4.253586769104004,-279.29998779296875
1763595979403,35.19318274234088,-97.4384647858637,328.5436944392358,4.221714496612549,-282.0
1763595979403,35.19318231928497,-97.4384670031646,328.54885829872285,4.198762893676758,-282.8999938964844
1763595980403,35.193182192070324,-97.43847003033156,328.4960698570574,4.155432224273682,-283.1000061035156
1763595980403,35.19318198830897,-97.43847144331157,328.4999297769768,4.131707191467285,-283.1000061035156
1763595980403,35.193181706807955,-97.43847385609502,328.5052485867526,4.100057601928711,-283.0
1763595980403,35.193181505548814,-97.43847599129136,328.5097656242806,4.067440509796143,-282.20001220703125
1763595980403,35.19318135549052,-97.43847816181771,328.51417127235976,4.039037227630615,-280.70001220703125
1763595980403,35.193181245558804,-97.43848033344692,328.5184570525481,4.015686511993408,-278.79998779296875
1763595980403,35.19318117202856,-97.43848251444295,328.5226542615224,3.986409902572632,-275.3999938964844
1763595980403,35.19318114470176,-97.43848463382847,328.5266005516015,3.9597315788269043,-271.1000061035156
1763595980403,35.19318116318058,-97.43848672909941,328.53023651945557,3.9298720359802246,-265.5
1763595980403,35.19318121746471,-97.43848881103062,328.533794245044,3.903718948364258,-258.5
1763595980403,35.19318129476029,-97.43849089407396,328.53746066141395,3.8648102283477783,-248.89999389648438
1763595980403,35.19318139471865,-97.43849295000395,328.54113220289037,3.8302173614501953,-240.39999389648438
1763595980403,35.19318149561336,-97.43849504006424,328.5453493377598,3.7974820137023926,-233.60000610351562
1763595980403,35.19318160431976,-97.43849706898244,328.54906654951054,3.7542638778686523,-224.3000030517578
1763595980403,35.193181723882205,-97.43849906942303,328.5520694504571,3.7081704139709473,-213.89999389648438
1763595980403,35.193181841519035,-97.43850109315935,328.5549887126319,3.6506423950195312,-202.5
1763595980403,35.19318195634896,-97.43850312289406,328.55784552422733,3.5808229446411133,-188.89999389648438
1763595980403,35.19318207264651,-97.43850504381004,328.56058846305206,3.523451089859009,-177.6999969482422
1763595980403,35.19318221400981,-97.4385068894766,328.5635727339644,3.4735164642333984,-168.60000610351562
1763595980403,35.19318234969284,-97.43850884331897,328.5661708536032,3.4067680835723877,-157.10000610351562
1763595981403,35.19318243794373,-97.43851163625833,328.5164863538903,3.309168577194214,-141.1999969482422
1763595981403,35.193182590180946,-97.43851344761646,328.51882701103943,3.2517666816711426,-132.39999389648438
1763595981403,35.193182741857875,-97.4385152477998,328.5209573332945,3.1738970279693604,-122.4000015258789
1763595981403,35.19318285467443,-97.43851694735686,328.52228709734084,3.1139209270477295,-114.9000015258789
1763595981403,35.19318297072096,-97.43851854602707,328.52432082658277,3.038778305053711,-105.69999694824219
1763595981403,35.19318306832205,-97.4385201500039,328.5254844009145,2.9590346813201904,-95.9000015258789
1763595981403,35.19318316964448,-97.43852182971219,328.5261811812064,2.863126754760742,-83.0999984741211
1763595981403,35.19318327286874,-97.43852335922077,328.5264036518687,2.802175283432007,-74.19999694824219
1763595981403,35.193183353586825,-97.43852491701143,328.5265100845173,2.7264678478240967,-62.900001525878906
1763595981403,35.19318338638144,-97.43852643035257,328.5253858692203,2.6505188941955566,-51.5
1763595981403,35.19318343599878,-97.4385279246394,328.5255844330742,2.578974723815918,-40.5
1763595981403,35.19318347510735,-97.4385293910735,328.5238313442385,2.5071938037872314,-29.399999618530273
1763595981403,35.19318348198688,-97.43853081945204,328.5226323778378,2.421753406524658,-15.899999618530273
1763595981403,35.193183524972156,-97.43853218811108,328.51968697049347,2.3525688648223877,-4.599999904632568
1763595981403,35.19318361139683,-97.43853346630209,328.51811803689964,2.2977819442749023,4.199999809265137
1763595981403,35.19318372778137,-97.43853471303159,328.5164673313237,2.2250566482543945,14.699999809265137
1763595981403,35.193183835041815,-97.4385359447809,328.5148503223485,2.1549251079559326,24.399999618530273
1763595981403,35.193183915631906,-97.43853711957689,328.5132832217654,2.0804214477539062,32.900001525878906
1763595981403,35.193183989813576,-97.4385382555697,328.51157641072547,2.0062804222106934,40.099998474121094
1763595981403,35.19318402305772,-97.43853941978792,328.51144486795704,1.9249438047409058,46.0
1763595982403,35.193183916352226,-97.43854050073837,328.4659643357135,1.8301881551742554,51.599998474121094
1763595982403,35.19318392078685,-97.4385413821379,328.4658027731565,1.7606201171875,54.5
1763595982403,35.19318391538248,-97.43854231045874,328.46666592192634,1.673535704612732,56.599998474121094
1763595982403,35.19318390068575,-97.43854320127264,328.466056744664,1.5766363143920898,56.79999923706055
1763595982403,35.19318388084384,-97.43854405193254,328.4654928972704,1.4771063327789307,55.599998474121094
1763595982403,35.1931838598464,-97.4385448900203,328.46431282139184,1.3763689994812012,52.20000076293945
1763595982403,35.193183834729304,-97.43854565590205,328.4626238876041,1.2724913358688354,47.599998474121094
1763595982403,35.19318380925304,-97.43854637898184,328.46094804406243,1.1682177782058716,43.900001525878906
1763595982403,35.19318378466448,-97.43854698032602,328.4595419288805,1.0844438076019287,42.099998474121094
1763595982403,35.19318376366857,-97.43854763030566,328.45846181159806,0.9374414086341858,39.79999923706055
1763595982403,35.19318375120023,-97.43854816489278,328.45725781243453,0.8518121242523193,38.599998474121094
1763595982403,35.19318374330167,-97.43854866175285,328.4557859857321,0.7534467577934265,37.5
1763595982403,35.193183739335495,-97.43854908824763,328.4546056165014,0.6609096527099609,36.900001525878906
1763595982403,35.19318373011214,-97.43854944889537,328.45351464018677,0.571197509765625,36.79999923706055
1763595982403,35.19318372049032,-97.43854977734175,328.45210988444575,0.487854540348053,36.79999923706055
1763595982403,35.19318371546417,-97.43855005583252,328.4506156343683,0.40838631987571716,36.79999923706055
1763595982403,35.19318371462539,-97.43855033321763,328.44817334041886,0.33879780769348145,36.79999923706055
1763595982403,35.1931837143475,-97.43855053915254,328.4458966338,0.25890886783599854,36.79999923706055
1763595982403,35.193183949472264,-97.43855092975998,328.40518614410826,0.08472175151109695,36.79999923706055
1763595982403,35.19318418611495,-97.43855118204334,328.3664471800698,-0.07381166517734528,36.79999923706055
1763595983403,35.19318421501863,-97.43854961988566,328.34694850889827,-0.10206682980060577,36.79999923706055
1763595983403,35.19318417122668,-97.43854951263944,328.3587248469705,-0.09091337770223618,36.79999923706055
1763595983403,35.19318410031688,-97.43854952367137,328.37480167726966,-0.059497687965631485,36.79999923706055
1763595983403,35.1931840171775,-97.43854952701831,328.3901460582781,-0.028756866231560707,36.79999923706055
1763595983403,35.1931839453441,-97.4385495807653,328.4014587920813,-0.007294308394193649,36.79999923706055
1763595983403,35.193183934660716,-97.4385495581576,328.4012858045091,0.003951294347643852,36.70000076293945
1763595983403,35.193183944987574,-97.4385495243839,328.3962439190964,0.007569894660264254,36.70000076293945
1763595983403,35.1931839580518,-97.43854945175063,328.391632908511,0.006891976576298475,36.70000076293945
1763595983403,35.193183960139514,-97.43854942961205,328.39332698625356,0.004092145711183548,36.70000076293945
1763595983403,35.19318395456882,-97.438549438469,328.39978106819865,0.002268122509121895,36.70000076293945
1763595983403,35.193183956718485,-97.43854944702004,328.4048812860267,0.000385617051506415,36.70000076293945
1763595983403,35.19318395098653,-97.43854943973712,328.4061039166885,-0.00035963248228654265,36.70000076293945
1763595983403,35.19318394871599,-97.43854940884867,328.40465287479464,-0.0005590437212958932,36.70000076293945
1763595983403,35.1931839576385,-97.43854937816636,328.40242100889355,-0.0005452302866615355,36.70000076293945
1763595983403,35.19318397101883,-97.43854936342979,328.40151865291176,-0.00031635555205866694,36.70000076293945
1763595983403,35.19318397472322,-97.4385493535763,328.40305042086516,-0.00017855310579761863,36.70000076293945
1763595983403,35.19318395992048,-97.4385493508731,328.4056168958288,-5.2075745770707726e-05,36.70000076293945
1763595983403,35.193183934197684,-97.438549364927,328.40824056051713,1.6852913176990114e-05,36.70000076293945
1763595983403,35.193183918369094,-97.43854935254667,328.40900468641377,4.11873115808703e-05,36.70000076293945
1763595983403,35.19318391695336,-97.43854934131325,328.40874765534033,4.1075414628721774e-05,36.70000076293945
1763595984403,35.19318393137133,-97.43854940983596,328.37455740524445,1.403103397024097e-05,36.70000076293945
1763595984403,35.193183934119695,-97.4385493812575,328.37413142211733,1.174926455860259e-05,36.70000076293945
1763595984403,35.19318393480659,-97.43854938123674,328.3743182575112,4.337176051194547e-06,36.70000076293945
