unix_ms,latitude,longitude,altitude_m,speed_mps,steeringAngleDegree
1763596122394,35.193240964376,-97.4385302652215,329.33938538714176,0.0,24.899999618530273
1763596122394,35.193240953946685,-97.43853026430443,329.3393153933817,0.0,24.899999618530273
1763596122394,35.19324094122343,-97.43853026260021,329.33916271153174,0.0,24.899999618530273
1763596122394,35.19324092795006,-97.43853026090397,329.33898444212394,0.0,24.899999618530273
1763596122394,35.193240916209724,-97.43853025956537,329.3387980142217,0.0,24.899999618530273
1763596122394,35.19324090379576,-97.43853025783204,329.338577392346,0.0,24.899999618530273
1763596122394,35.19324089035856,-97.43853025653114,329.3383951813513,0.0,24.899999618530273
1763596122394,35.19324087783503,-97.43853025509878,329.33825776583603,0.0,24.899999618530273
1763596122394,35.193240864762885,-97.43853025333898,329.3381032480483,0.0,24.899999618530273
1763596122394,35.193240851981365,-97.4385302519046,329.33794863378614,0.0,24.899999618530273
1763596122394,35.193240838703055,-97.43853025038175,329.3377250224319,0.0,24.899999618530273
1763596122394,35.19324082539749,-97.43853024871798,329.3375596573619,0.0,24.899999618530273
1763596122394,35.193240812451904,-97.43853024692558,329.33732184448087,0.0,24.899999618530273
1763596122394,35.19324080308467,-97.43853024546131,329.3371486406814,0.0,24.899999618530273
1763596122394,35.19324078814213,-97.43853024362576,329.3369213834905,0.0,24.899999618530273
1763596122394,35.193240775086345,-97.43853024186147,329.3367432873276,0.0,24.899999618530273
1763596122394,35.193240762898256,-97.43853024053466,329.3365395782802,0.0,24.899999618530273
1763596122394,35.19324075059894,-97.43853023882676,329.3363517404966,0.0,24.899999618530273
1763596122394,35.19324073769261,-97.43853023708331,329.3361175769441,0.0,24.899999618530273
1763596122394,35.19324072747124,-97.43853023553348,329.3359779142679,0.0,24.899999618530273
1763596123394,35.19323486508166,-97.43853100884115,328.13343858676154,0.0,24.899999618530273
1763596123394,35.19323485414719,-97.43853100735909,328.13326007239226,0.0,24.899999618530273
1763596123394,35.193234842888174,-97.43853100585798,328.1330355505895,0.0,24.899999618530273
1763596123394,35.19323483269326,-97.43853100437107,328.132829093746,0.0,24.899999618530273
1763596123394,35.19323482090047,-97.43853100273836,328.1326261932415,0.0,24.899999618530273
1763596123394,35.193234809014754,-97.43853100082111,328.1324103813594,0.0,24.899999618530273
1763596123394,35.193234797568564,-97.43853099895095,328.13218247431377,0.0,24.899999618530273
1763596123394,35.19323478848786,-97.43853099737895,328.1320079557862,0.0,24.899999618530273
1763596123394,35.1932347767747,-97.43853099560026,328.131769470478,0.0,24.899999618530273
1763596123394,35.19323476433618,-97.43853099384806,328.13154004790874,0.0,24.899999618530273
1763596123394,35.1932347533464,-97.43853099258244,328.13134992287786,0.0,24.899999618530273
1763596123394,35.19323473976563,-97.43853099109046,328.13112013620037,0.0,24.899999618530273
1763596123394,35.19323472753694,-97.43853098937254,328.1308904249001,0.0,24.899999618530273
1763596123394,35.193234714924465,-97.43853098768965,328.1307108752806,0.0,24.899999618530273
1763596123394,35.19323470548362,-97.43853098624508,328.1305610118827,0.0,24.899999618530273
1763596123394,35.1932346948558,-97.43853098424587,328.130353271218,0.0,24.899999618530273
1763596123394,35.193234682612676,-97.43853098249842,328.13013960371387,0.0,24.899999618530273
1763596123394,35.19323466099596,-97.43853097980491,328.12975924943277,0.0,24.899999618530273
1763596123394,35.193234647709204,-97.43853097828476,328.1295330796923,0.0,24.899999618530273
1763596124394,35.193229055778964,-97.43853015768929,327.26319819113445,0.0,24.899999618530273
1763596124394,35.19322904804014,-97.43853015690931,327.2630816956848,0.0,24.899999618530273
1763596124394,35.19322903769623,-97.43853015583257,327.2629071708446,0.0,24.899999618530273
1763596124394,35.19322902592739,-97.43853015393049,327.2627426671867,0.0,24.899999618530273
1763596124394,35.19322901448404,-97.43853015212363,327.2625481816017,0.0,24.899999618530273
1763596124394,35.19322900534094,-97.4385301505975,327.26239065410414,0.0,24.899999618530273
1763596124394,35.19322899287617,-97.43853014901482,327.2621914705752,0.0,24.899999618530273
1763596124394,35.19322898130495,-97.43853014743935,327.26200752169296,0.0,24.899999618530273
1763596124394,35.19322897003593,-97.4385301463675,327.2617964303429,0.0,24.899999618530273
1763596124394,35.19322895985255,-97.43853014519077,327.2616265393461,0.0,24.899999618530273
1763596124394,35.193228947066444,-97.43853014363968,327.26142585720777,0.0,24.899999618530273
1763596124394,35.193228935665125,-97.438530141807,327.261252942925,0.0,24.899999618530273
1763596124394,35.19322892301282,-97.43853013987152,327.26102380210796,0.0,24.899999618530273
1763596124394,35.19322891262742,-97.43853013873078,327.26084807937025,0.0,24.899999618530273
1763596124394,35.19322890047863,-97.43853013751658,327.26064482187047,0.0,24.899999618530273
1763596124394,35.193228887667544,-97.43853013642315,327.2604623743866,0.0,24.899999618530273
1763596124394,35.193228876509664,-97.43853013534245,327.26025103092377,0.0,24.899999618530273
1763596124394,35.19322886433445,-97.43853013360255,327.2600516220464,0.0,24.899999618530273
1763596124394,35.19322885433374,-97.43853013134657,327.25987945779514,0.0,24.899999618530273
1763596124394,35.19322884162119,-97.4385301285004,327.25967185447536,0.0,24.899999618530273
1763596125394,35.19322524339341,-97.43852930093031,326.7265638080621,0.0,24.899999618530273
1763596125394,35.193225230736,-97.43852930004934,326.7263602357966,0.0,24.899999618530273
1763596125394,35.193225217304914,-97.43852929906717,326.72615056699004,0.0,24.899999618530273
1763596125394,35.193225204873755,-97.4385292976195,326.7259352199874,0.0,24.899999618530273
1763596125394,35.193225195013966,-97.4385292956983,326.7257794467431,0.0,24.899999618530273
1763596125394,35.193225183884906,-97.43852929344385,326.72559682678406,0.0,24.899999618530273
1763596125394,35.193225171152896,-97.43852929153259,326.72539676017897,0.0,24.899999618530273
1763596125394,35.19322515905817,-97.43852929004498,326.7252189508041,0.0,24.899999618530273
1763596125394,35.19322514682876,-97.43852928855524,326.72503503504043,0.0,24.899999618530273
1763596125394,35.193225134682166,-97.43852928747678,326.7248371494491,0.0,24.899999618530273
1763596125394,35.19322512336739,-97.43852928640422,326.72463464623047,0.0,24.899999618530273
1763596125394,35.1932251114357,-97.4385292846047,326.72443824375335,0.0,24.899999618530273
1763596125394,35.19322509949094,-97.43852928331192,326.7242723520815,0.0,24.899999618530273
1763596125394,35.19322508784507,-97.4385292814888,326.72408397572957,0.0,24.899999618530273
1763596125394,35.19322507770221,-97.43852927967393,326.723908401619,0.0,24.899999618530273
1763596125394,35.19322506538215,-97.4385292774453,326.7236977757827,0.0,24.899999618530273
1763596125394,35.19322505454695,-97.43852927570869,326.7235156516077,0.0,24.899999618530273
1763596125394,35.19322504402439,-97.43852927487546,326.72335285435224,0.0,24.899999618530273
1763596125394,35.19322503266679,-97.43852927390793,326.72320802342136,0.0,24.899999618530273
1763596126394,35.19322384576015,-97.43852829374113,326.5453290067505,0.0,24.899999618530273
1763596126394,35.19322383635491,-97.43852829224677,326.5451993457008,0.0,24.899999618530273
1763596126394,35.193223824487106,-97.43852829047601,326.54497956629143,0.0,24.899999618530273
1763596126394,35.19322381200101,-97.43852828889557,326.5447816018315,0.0,24.899999618530273
1763596126394,35.19322380004507,-97.43852828775545,326.5445778274762,0.0,24.899999618530273
1763596126394,35.193223789375494,-97.43852828658855,326.54439923291983,0.0,24.899999618530273
1763596126394,35.193223779608225,-97.43852828584791,326.5442227905094,0.0,24.899999618530273
1763596126394,35.1932237676501,-97.43852828441189,326.5440066977473,0.0,24.899999618530273
1763596126394,35.19322375618007,-97.43852828291371,326.5438083642887,0.0,24.899999618530273
1763596126394,35.19322374701796,-97.43852828169575,326.54367354263945,0.0,24.899999618530273
1763596126394,35.19322373521869,-97.43852827983024,326.54344753501334,0.0,24.899999618530273
1763596126394,35.193223723446415,-97.438528278287,326.5432327274761,0.0,24.899999618530273
1763596126394,35.19322371257397,-97.43852827677824,326.54302942215816,0.0,24.899999618530273
1763596126394,35.19322370200814,-97.43852827560394,326.5428346802935,0.0,24.899999618530273
1763596126394,35.19322369073031,-97.43852827388068,326.5426095902897,0.0,24.899999618530273
1763596126394,35.19322367993987,-97.43852827259431,326.5423795354669,0.0,24.899999618530273
1763596126394,35.193223668847324,-97.43852827158669,326.54220377261555,0.0,24.899999618530273
1763596126394,35.1932236605679,-97.4385282707524,326.5420305499757,0.0,24.899999618530273
1763596126394,35.19322364883619,-97.43852826917832,326.54180708110334,0.0,24.899999618530273
1763596127394,35.19322239131504,-97.43852858025227,326.378599240208,0.0,24.899999618530273
1763596127394,35.19322237931093,-97.43852857866848,326.3783852298671,0.0,24.899999618530273
1763596127394,35.19322236841414,-97.43852857723721,326.3781766505745,0.0,24.899999618530273
1763596127394,35.19322235908566,-97.43852857648885,326.37800644766673,0.0,24.899999618530273
1763596127394,35.19322234823514,-97.43852857504699,326.3777836767148,0.0,24.899999618530273
1763596127394,35.193222336612955,-97.43852857356433,326.37755411344216,0.0,24.899999618530273
1763596127394,35.193222325334396,-97.4385285717507,326.37736287441925,0.0,24.899999618530273
1763596127394,35.19322231342873,-97.43852857038841,326.37715282467457,0.0,24.899999618530273
1763596127394,35.193222303709874,-97.43852856931865,326.37701422482394,0.0,24.899999618530273
1763596127394,35.19322229251782,-97.43852856749466,326.3768468796515,0.0,24.899999618530273
1763596127394,35.19322228120969,-97.43852856596118,326.37663468130927,0.0,24.899999618530273
1763596127394,35.19322226973638,-97.43852856406426,326.3764062194566,0.0,24.899999618530273
1763596127394,35.193222259665845,-97.43852856309037,326.37622555096067,0.0,24.899999618530273
1763596127394,35.19322224852977,-97.43852856196628,326.37602605060823,0.0,24.899999618530273
1763596127394,35.19322223762574,-97.43852856120007,326.37585220609435,0.0,24.899999618530273
1763596127394,35.19322221629251,-97.4385285580355,326.37550318889595,0.0,24.899999618530273
1763596127394,35.19322220474729,-97.43852855620129,326.3752821186492,0.0,24.899999618530273
1763596127394,35.193222195120185,-97.43852855463999,326.3751191580463,0.0,24.899999618530273
1763596128394,35.19322070595821,-97.43852940804786,326.2721633727138,0.0,24.899999618530273
1763596128394,35.19322069617174,-97.43852940686438,326.27198154365664,0.0,24.899999618530273
1763596128394,35.19322068468171,-97.43852940554679,326.2717835778234,0.0,24.899999618530273
1763596128394,35.19322067373406,-97.43852940423041,326.27157899082164,0.0,24.899999618530273
1763596128394,35.19322066254648,-97.43852940245746,326.27139421946276,0.0,24.899999618530273
1763596128394,35.193220652847366,-97.43852940102927,326.2712305989998,0.0,24.899999618530273
1763596128394,35.1932206417917,-97.43852939952515,326.2710418050769,0.0,24.899999618530273
1763596128394,35.193220629850046,-97.43852939800514,326.27080609387116,0.0,24.899999618530273
1763596128394,35.193220619064,-97.43852939650058,326.27059475752407,0.0,24.799999237060547
1763596128394,35.19322060985305,-97.43852939559001,326.2704440582973,0.0,23.700000762939453
1763596128394,35.19322059876649,-97.43852939483034,326.27024103538974,0.0,21.799999237060547
1763596128394,35.19322058713323,-97.43852939385326,326.27004313997713,0.0,19.200000762939453
1763596128394,35.19322057629834,-97.43852939220048,326.2698609552647,0.0,15.600000381469727
1763596128394,35.19322056499282,-97.43852939073783,326.26968242761455,0.0,6.699999809265137
1763596128394,35.19322055489204,-97.43852938935294,326.2695128563938,0.0,2.0
1763596128394,35.19322054397312,-97.43852938757503,326.2693132433751,0.0,-2.9000000953674316
1763596128394,35.19322053325428,-97.43852938649263,326.2691437728483,0.0,-6.0
1763596128394,35.19322052190505,-97.43852938525049,326.26891189971144,0.0,-9.5
1763596128394,35.1932205105178,-97.4385293839418,326.2686982260114,0.0,-10.5
1763596129394,35.193218948780235,-97.4385304721117,326.1203534453875,0.0,-10.5
1763596129394,35.19321894173229,-97.43853047139164,326.1202465064048,0.0,-10.399999618530273
1763596129394,35.19321892996635,-97.438530469666,326.1200084170261,0.0,-10.300000190734863
1763596129394,35.19321891984576,-97.43853046796926,326.11981849143024,0.0,-9.600000381469727
1763596129394,35.193218910582814,-97.43853046638601,326.1196303813568,0.0,-9.100000381469727
1763596129394,35.19321889834034,-97.43853046517422,326.1193945314236,0.0,-8.399999618530273
1763596129394,35.19321888837777,-97.43853046401252,326.1192231172415,0.0,-7.599999904632568
1763596129394,35.19321887680834,-97.43853046310385,326.1190347367019,0.0,-6.599999904632568
1763596129394,35.19321886548254,-97.43853046242126,326.1188292525133,0.0,-3.5999999046325684
1763596129394,35.193218854971995,-97.43853046122122,326.1186462783727,0.0,-1.100000023841858
1763596129394,35.19321884603497,-97.43853045978803,326.11848299877914,0.0,1.5
1763596129394,35.19321883504882,-97.43853045777243,326.1182717645521,0.0,4.5
1763596129394,35.193218823184296,-97.43853045616133,326.1180465168205,0.0,8.199999809265137
1763596129394,35.19321881142966,-97.43853045512196,326.11785250243133,0.0,16.899999618530273
1763596129394,35.19321880043515,-97.43853045404958,326.1176703994156,0.0,21.5
1763596129394,35.193218790082966,-97.43853045324904,326.1174843400428,0.0,23.399999618530273
1763596129394,35.19321878093648,-97.43853045209816,326.1173105476881,0.0,23.700000762939453
1763596129394,35.19321876952886,-97.43853045129721,326.1170978099208,0.0,23.399999618530273
1763596129394,35.193218758414886,-97.43853045073205,326.1169041800532,0.0,22.899999618530273
1763596130394,35.19321743565264,-97.43853158049765,326.0270152427902,0.0,22.899999618530273
1763596130394,35.1932174247518,-97.43853157878983,326.0268392334903,0.0,22.899999618530273
1763596130394,35.19321739906037,-97.43853158355654,326.0264415032008,0.0,22.899999618530273
1763596130394,35.19321738884613,-97.43853158884308,326.026296727957,0.0,22.899999618530273
1763596130394,35.1932173766569,-97.43853159855958,326.0261304356105,0.0,22.899999618530273
1763596130394,35.19321736535818,-97.43853160711372,326.0259554065928,0.0,22.899999618530273
1763596130394,35.19321735394929,-97.43853161661025,326.02574654280534,0.0,22.899999618530273
1763596130394,35.19321735535341,-97.43853162417311,326.0256572597477,0.0,23.200000762939453
1763596130394,35.19321735571364,-97.43853163355686,326.0255860042751,0.0,25.100000381469727
1763596130394,35.19321735999257,-97.43853164055346,326.0255684837945,0.0,25.399999618530273
1763596130394,35.193217381077766,-97.43853164595613,326.02562069795647,0.0,25.899999618530273
1763596130394,35.19321740168969,-97.43853165372134,326.0256582450955,0.0,26.399999618530273
1763596130394,35.19321743053935,-97.43853166150186,326.0257097974202,0.0,27.299999237060547
1763596130394,35.19321746077356,-97.43853166844606,326.0258476293084,0.0,27.799999237060547
1763596130394,35.193217495154194,-97.43853167940416,326.0259799908064,0.0,27.799999237060547
1763596130394,35.19321753686848,-97.4385316876065,326.0260787838676,0.0,27.700000762939453
1763596130394,35.19321757344403,-97.43853169125337,326.02619659458867,0.0,27.100000381469727
1763596131394,35.19321651137243,-97.43853316908398,325.9442999048822,0.0,26.0
1763596131394,35.19321655447414,-97.43853316738506,325.9444383799608,0.0,25.899999618530273
1763596131394,35.19321659775413,-97.4385331654618,325.94462223496873,0.0,26.0
1763596131394,35.193216643029174,-97.4385331660392,325.94493210365704,0.0,25.899999618530273
1763596131394,35.19321668866264,-97.43853316611124,325.94523589977007,0.0,25.799999237060547
1763596131394,35.193216733197794,-97.43853316529456,325.9455409099571,0.0,25.799999237060547
1763596131394,35.19321678109174,-97.43853316264537,325.9459308067726,0.0,25.700000762939453
1763596131394,35.193216833241884,-97.4385331569318,325.9463121550073,0.0,25.700000762939453
1763596131394,35.19321688651833,-97.43853315049148,325.9466649741698,0.0,25.600000381469727
1763596131394,35.193216940517225,-97.43853314634298,325.94691682285094,0.0,25.600000381469727
1763596131394,35.193216989605745,-97.43853314183154,325.9471767574214,0.0,25.5
1763596131394,35.193217038111065,-97.43853313604602,325.9474107220636,0.0,25.5
1763596131394,35.193217091915685,-97.43853312574328,325.94769025686963,0.0,25.399999618530273
1763596131394,35.19321714369037,-97.4385331142108,325.94796155495607,0.0,25.299999237060547
1763596131394,35.19321719804924,-97.43853310539954,325.9482152515453,0.0,25.299999237060547
1763596131394,35.19321724673207,-97.43853309431054,325.9484986130493,0.0,25.200000762939453
1763596131394,35.193217290991115,-97.4385330872939,325.9487463122278,0.0,25.200000762939453
1763596131394,35.193217331183305,-97.43853308358652,325.9490203488598,0.0,25.200000762939453
1763596131394,35.19321737279852,-97.43853308110435,325.94926919447846,0.0,25.200000762939453
1763596131394,35.193217412929855,-97.43853308067574,325.9495138386298,0.0,25.200000762939453
1763596131394,35.193217449953714,-97.43853307816401,325.94971502041926,0.0,25.100000381469727
1763596132394,35.1932159161414,-97.43853445416802,325.87419934141764,0.0,25.100000381469727
1763596132394,35.193215949164255,-97.4385344451518,325.8743458022885,0.0,25.100000381469727
1763596132394,35.193215980963686,-97.43853443613479,325.87450809001916,0.0,25.100000381469727
1763596132394,35.19321600587197,-97.4385344304519,325.87457081277853,0.0,25.100000381469727
1763596132394,35.19321603407177,-97.43853442769682,325.8746988206043,0.0,25.100000381469727
1763596132394,35.19321606217216,-97.43853442764077,325.87483268269864,0.0,25.100000381469727
1763596132394,35.193216083312244,-97.4385344278237,325.874865215018,0.0,25.100000381469727
1763596132394,35.19321611064978,-97.43853442772873,325.87496859376637,0.0,25.100000381469727
1763596132394,35.19321613674626,-97.43853442489282,325.8750731260224,0.0,25.100000381469727
1763596132394,35.19321615737831,-97.43853441847979,325.8750820004049,0.0,25.100000381469727
1763596132394,35.19321617734538,-97.43853441257764,325.87504916670935,0.0,25.100000381469727
1763596132394,35.19321619628279,-97.43853440582902,325.875039487398,0.0,25.100000381469727
1763596132394,35.193216206295745,-97.43853440102194,325.8749050548576,0.0,25.100000381469727
1763596132394,35.19321621245689,-97.43853439545038,325.87473156842753,0.0,25.100000381469727
1763596132394,35.19321621483348,-97.43853439129079,325.87452979157183,0.0,25.100000381469727
1763596132394,35.193216216756184,-97.43853438801723,325.8743156681345,0.0,25.100000381469727
1763596132394,35.19321621724472,-97.4385343823371,325.87406170070415,0.0,25.100000381469727
1763596132394,35.193216218576815,-97.43853437441086,325.8738269813237,0.0,25.0
1763596132394,35.19321621970074,-97.43853436710914,325.8736048064019,0.0,25.0
1763596132394,35.19321621816296,-97.43853436392577,325.8734137725159,0.0,25.0
1763596133394,35.19321313288949,-97.4385353689672,325.7162803626372,0.0,25.0
1763596133394,35.19321313001661,-97.43853536895179,325.7160745462299,0.0,25.0
1763596133394,35.193213126955975,-97.43853536780357,325.7158630642831,0.0,25.0
1763596133394,35.19321312644128,-97.43853536653735,325.71567486988334,0.0,25.0
1763596133394,35.19321312448607,-97.43853536481765,325.7154386941065,0.0,25.0
1763596133394,35.19321312203941,-97.43853536308828,325.7152266269552,0.0,25.0
1763596133394,35.19321311919109,-97.43853536221135,325.71505177134753,0.0,25.0
1763596133394,35.19321311395184,-97.43853536390269,325.7148400295005,0.0,25.0
1763596133394,35.19321311005485,-97.43853536382161,325.71458798877944,0.0,25.0
1763596133394,35.19321310699587,-97.43853536173387,325.71433527412455,0.0,25.0
1763596133394,35.19321310488462,-97.43853535952724,325.7141308605586,0.0,25.0
1763596133394,35.19321310230407,-97.4385353572565,325.71391393210035,0.0,25.0
1763596133394,35.19321309878118,-97.43853535647199,325.7137327884045,0.0,25.0
1763596133394,35.193213094220745,-97.43853535695001,325.71356025602336,0.0,25.0
1763596133394,35.193213089873566,-97.43853535653474,325.71338480883503,0.0,25.0
1763596133394,35.193213085400885,-97.4385353548971,325.713180341001,0.0,25.0
1763596133394,35.193213082984556,-97.43853535151483,325.71298596905547,0.0,25.0
1763596133394,35.193213079957246,-97.43853534845437,325.71280236126535,0.0,25.0
1763596133394,35.1932130761291,-97.43853534658547,325.712602490661,0.0,25.0
1763596133394,35.19321307123844,-97.4385353468101,325.7124146011147,0.0,25.0
1763596134394,35.19321025242678,-97.4385362112944,325.5959943192451,0.0,25.0
1763596134394,35.19321024821588,-97.43853621028656,325.59583528486615,0.0,25.0
1763596134394,35.19321024454341,-97.43853620911365,325.59565628907814,0.0,25.0
1763596134394,35.19321024046804,-97.43853620682837,325.5954716636627,0.0,25.0
1763596134394,35.193210236514,-97.43853620502829,325.59528137200937,0.0,25.0
1763596134394,35.19321023090006,-97.43853620397616,325.59510323112255,0.0,25.0
1763596134394,35.19321022585007,-97.43853620314398,325.5949509510051,0.0,25.0
1763596134394,35.19321022080558,-97.43853620265486,325.59476021496266,0.0,25.0
1763596134394,35.19321021636036,-97.43853620160748,325.5945577661662,0.0,25.0
1763596134394,35.19321021199992,-97.43853620033195,325.5943582335905,0.0,25.0
1763596134394,35.193210207262055,-97.43853619896159,325.59417187434747,0.0,25.0
1763596134394,35.19321020144911,-97.43853619801459,325.59395021904294,0.0,25.0
1763596134394,35.19321019547186,-97.43853619737376,325.59379439169896,0.0,25.0
1763596134394,35.19321018975668,-97.43853619637706,325.5936289044273,0.0,25.0
1763596134394,35.193210180575115,-97.43853619360834,325.5932414527362,0.0,25.0
1763596134394,35.19321017558025,-97.43853619259771,325.5930593273234,0.0,25.0
1763596134394,35.19321016997342,-97.43853619232371,325.59285628061434,0.0,25.0
1763596134394,35.19321016406968,-97.4385361918782,325.5926790517011,0.0,25.0
1763596134394,35.1932101591996,-97.43853619131741,325.5925306828843,0.0,25.0
1763596135394,35.19320708983506,-97.43853709871362,325.50810728665226,0.0,25.0
1763596135394,35.19320708435283,-97.43853709788824,325.5079486966245,0.0,25.0
1763596135394,35.193207079263956,-97.43853709694059,325.5077928960616,0.0,25.0
1763596135394,35.193207072944816,-97.43853709626173,325.50761314247876,0.0,25.0
1763596135394,35.19320706014791,-97.43853709547504,325.50728032987803,0.0,25.0
1763596135394,35.193207053826036,-97.43853709498488,325.5071116531394,0.0,25.0
1763596135394,35.19320704795607,-97.43853709385947,325.50695677580893,0.0,25.0
1763596135394,35.19320704234199,-97.4385370926462,325.50676935034994,0.0,25.100000381469727
1763596135394,35.193207035265914,-97.43853709207926,325.5065939538288,0.0,26.399999618530273
1763596135394,35.193207028058836,-97.43853709236654,325.5064372616718,0.0,29.299999237060547
1763596135394,35.19320701800759,-97.43853709621435,325.5063164197343,0.0,32.900001525878906
1763596135394,35.193207010262554,-97.43853709933532,325.5061892630019,0.0,38.29999923706055
1763596135394,35.193207001107105,-97.43853710380435,325.5060347489954,0.0,49.29999923706055
1763596135394,35.193206990953286,-97.43853710918648,325.505905465443,0.0,55.099998474121094
1763596135394,35.193206985442096,-97.43853711357492,325.50579107926956,0.0,61.599998474121094
1763596135394,35.19320699629448,-97.43853711826006,325.50582729170964,0.0,66.0
1763596135394,35.193207010183016,-97.43853712392188,325.5059041735249,0.0,69.69999694824219
1763596135394,35.19320705553403,-97.43853713376514,325.5061512994436,0.0,79.0
1763596136394,35.193204267505365,-97.43853818495953,325.4796228169087,0.0,85.5
1763596136394,35.1932043030673,-97.43853818900601,325.47980041466053,0.0,88.9000015258789
1763596136394,35.19320433661668,-97.43853819344162,325.47994816989774,0.0,91.5999984741211
1763596136394,35.19320437608367,-97.43853819894284,325.4801722835632,0.0,98.0999984741211
1763596136394,35.193204422606215,-97.43853820534292,325.4804133855116,0.0,102.0
1763596136394,35.193204468914814,-97.4385382109824,325.48058747568354,0.0,105.9000015258789
1763596136394,35.19320451711656,-97.43853822028136,325.48082379523174,0.0,109.9000015258789
1763596136394,35.19320456460739,-97.43853823175932,325.481082460006,0.07499073445796967,117.19999694824219
1763596136394,35.19320462232615,-97.43853824119432,325.48132673401045,0.26704707741737366,120.9000015258789
1763596136394,35.193204681010236,-97.43853824425335,325.48161979924504,0.38608598709106445,123.30000305175781
1763596136394,35.19320476183245,-97.43853824731634,325.48189311754516,0.46422088146209717,125.5999984741211
1763596136394,35.19320485658226,-97.43853825209648,325.48210679409635,0.5134966373443604,127.9000015258789
1763596136394,35.19320496314192,-97.43853825581225,325.48238826855373,0.5687816739082336,133.3000030517578
1763596136394,35.19320508147951,-97.43853826082493,325.4826195231258,0.5907710790634155,136.39999389648438
1763596136394,35.19320523176817,-97.43853826723718,325.4829584797876,0.6191659569740295,139.3000030517578
1763596136394,35.19320539035091,-97.43853827372578,325.4833544680142,0.648010790348053,142.0
1763596136394,35.1932055757116,-97.43853828448464,325.48382081711117,0.7150483727455139,148.1999969482422
1763596136394,35.193205772896206,-97.43853829687987,325.48433028294284,0.758314847946167,151.89999389648438
1763596136394,35.19320595240384,-97.43853831129408,325.48480616088,0.7949648499488831,154.10000610351562
1763596137394,35.193203466209724,-97.43853929413096,325.4876646378037,0.8347375392913818,155.6999969482422
1763596137394,35.193203715998095,-97.4385393416333,325.48841048382747,0.8689112067222595,156.39999389648438
1763596137394,35.19320398020045,-97.43853939829519,325.48925850412013,0.9530766010284424,156.5
1763596137394,35.19320427234428,-97.43853946739036,325.49015486401174,1.0020954608917236,156.39999389648438
1763596137394,35.19320452094064,-97.43853952963494,325.4910038030459,1.044093132019043,155.10000610351562
1763596137394,35.19320486564028,-97.43853962136303,325.49220790634337,1.1071032285690308,151.60000610351562
1763596137394,35.19320522562023,-97.43853972043503,325.4933734849771,1.2008754014968872,143.0
1763596137394,35.19320555590022,-97.43853981555937,325.49451205512804,1.2701165676116943,135.5
1763596137394,35.193205974576564,-97.43853993724068,325.49578039685923,1.3384636640548706,127.69999694824219
1763596137394,35.193206408140135,-97.4385400619746,325.4971107379176,1.3936431407928467,121.4000015258789
1763596137394,35.19320687875866,-97.43854019319795,325.4984605002108,1.4663517475128174,113.5999984741211
1763596137394,35.1932078495514,-97.43854044703903,325.5009249446827,1.5866998434066772,100.5
1763596137394,35.19320842870758,-97.43854058850785,325.502206280945,1.7107484340667725,87.69999694824219
1763596137394,35.1932090358459,-97.43854070459828,325.50374656121363,1.7752528190612793,82.0
1763596137394,35.19320959216241,-97.43854080229471,325.50521582242925,1.838262677192688,77.30000305175781
1763596137394,35.19321027170703,-97.43854090598104,325.50677281398464,1.9042274951934814,73.5
1763596137394,35.193210972327975,-97.4385409915082,325.50840919454674,1.9863733053207397,69.5999984741211
1763596137394,35.19321171066125,-97.43854109787256,325.509974542152,2.1152989864349365,65.19999694824219
1763596137394,35.193212496186455,-97.43854118598,325.51151616648275,2.178340196609497,63.599998474121094
1763596138394,35.19320410464357,-97.43855437895711,325.47397578339354,2.241670846939087,62.5
1763596138394,35.193204494549256,-97.43855528691803,325.47567663560574,2.3016436100006104,61.400001525878906
1763596138394,35.193204977562864,-97.43855641530084,325.4770905957787,2.4226009845733643,59.900001525878906
1763596138394,35.19320547180346,-97.43855756680846,325.4789706533291,2.484243392944336,59.400001525878906
1763596138394,35.1932058985953,-97.43855858152598,325.48143095418527,2.5621652603149414,58.900001525878906
1763596138394,35.193206414162724,-97.43855983731028,325.4850850691595,2.621638298034668,58.5
1763596138394,35.19320692993608,-97.43856110343346,325.4890238644575,2.7195887565612793,56.70000076293945
1763596138394,35.19320738335322,-97.43856222847738,325.49187714693284,2.8013501167297363,53.099998474121094
1763596138394,35.193207934298954,-97.43856360645549,325.4949283122319,2.8543472290039062,50.29999923706055
1763596138394,35.19320849362229,-97.43856500156673,325.49769013254365,2.9054548740386963,48.099998474121094
1763596138394,35.193208965609436,-97.4385661706889,325.50039878539616,2.96996808052063,47.599998474121094
1763596138394,35.193209559378374,-97.43856763388328,325.5033537148309,3.0232622623443604,47.70000076293945
1763596138394,35.19321015208255,-97.4385690889393,325.5061269083709,3.119469404220581,48.20000076293945
1763596138394,35.19321067836529,-97.43857039572158,325.50922284752335,3.146963119506836,48.20000076293945
1763596138394,35.19321129072769,-97.43857193364478,325.5123439496819,3.231452465057373,48.20000076293945
1763596138394,35.193211897909,-97.43857348060871,325.51546829966253,3.302070379257202,47.29999923706055
1763596138394,35.193212516365605,-97.43857508766138,325.51919422692663,3.3665919303894043,45.599998474121094
1763596138394,35.19321304208511,-97.43857648965111,325.52238568722646,3.4142637252807617,43.79999923706055
1763596138394,35.193213619227514,-97.43857802906729,325.524443589891,3.4647409915924072,41.79999923706055
1763596138394,35.19321432099498,-97.4385799099583,325.5266425972688,3.5443954467773438,39.099998474121094
1763596139394,35.19319907911012,-97.43859038532852,325.5553187783665,3.6177470684051514,37.0
1763596139394,35.193199169580446,-97.43859232719308,325.5595335844005,3.6723971366882324,35.900001525878906
1763596139394,35.193199328360286,-97.4385957369831,325.56619945316635,3.803316831588745,34.599998474121094
1763596139394,35.19319938768237,-97.43859702563202,325.5689161776024,3.83074688911438,34.29999923706055
1763596139394,35.193199442840424,-97.4385982967954,325.5715744036359,3.8553128242492676,34.0
1763596139394,35.193199526572265,-97.43860044429537,325.57706699811484,3.919966697692871,32.900001525878906
1763596139394,35.19319959323728,-97.4386022625175,325.58212985101545,3.9520263671875,32.0
1763596139394,35.193199667469514,-97.43860471194263,325.58674875210704,3.9856934547424316,30.399999618530273
1763596139394,35.193199716352005,-97.43860652316314,325.58943330711554,3.998077154159546,29.399999618530273
1763596139394,35.19319978415188,-97.43860959419183,325.5941232621615,4.002821445465088,28.299999237060547
1763596139394,35.19319981250623,-97.4386110698501,325.5968441100403,4.004680633544922,28.100000381469727
1763596139394,35.19319984016312,-97.43861277348017,325.6006825501787,4.002795219421387,28.0
1763596139394,35.19319987496657,-97.43861496317668,325.60699757470996,3.9962785243988037,28.100000381469727
1763596139394,35.19319990835991,-97.43861715929224,325.6137663456257,3.986473798751831,28.100000381469727
1763596139394,35.19319993426023,-97.43861932060571,325.62064665599956,3.9635984897613525,28.100000381469727
1763596139394,35.19319995780445,-97.43862116468473,325.6254877318657,3.9494893550872803,28.100000381469727
1763596139394,35.19319997999827,-97.43862332603837,325.6310746584432,3.9382376670837402,28.0
1763596139394,35.193200005853505,-97.4386254335124,325.6361002399921,3.925117015838623,28.100000381469727
1763596139394,35.19320001396097,-97.43862757107632,325.6419116926872,3.9207417964935303,28.100000381469727
1763596139394,35.193200023163485,-97.43862939400232,325.64684872680317,3.9185099601745605,28.100000381469727
1763596140394,35.19319098456827,-97.43863513761785,325.6237372278641,3.9271671772003174,28.100000381469727
1763596140394,35.193190780467624,-97.43863733417496,325.6295704846345,3.9285192489624023,28.100000381469727
1763596140394,35.193190576897265,-97.4386394796985,325.6353799940617,3.9284887313842773,28.100000381469727
1763596140394,35.19319039919978,-97.43864131525665,325.6397280823111,3.929671287536621,28.100000381469727
1763596140394,35.19319017754711,-97.43864349346916,325.644649165675,3.9428887367248535,28.100000381469727
1763596140394,35.193189952151194,-97.4386456202807,325.649939241921,3.9617197513580322,28.100000381469727
1763596140394,35.193189727787015,-97.43864766946234,325.6543781004637,3.995692729949951,28.100000381469727
1763596140394,35.193189478695466,-97.43864991247669,325.6605824198629,4.020434379577637,28.600000381469727
1763596140394,35.193189287480934,-97.43865171967954,325.6656675825165,4.0503129959106445,31.100000381469727
1763596140394,35.19318904237951,-97.43865390074674,325.67075652240794,4.070486545562744,34.79999923706055
1763596140394,35.19318880588947,-97.43865609191148,325.6758144094092,4.113521575927734,44.400001525878906
1763596140394,35.193188569459416,-97.43865834020151,325.6814762087563,4.137142181396484,51.20000076293945
1763596140394,35.193188373509784,-97.43866019268016,325.6863807453367,4.16089391708374,60.29999923706055
1763596140394,35.193188111286005,-97.43866242190794,325.6915470784995,4.177211761474609,68.19999694824219
1763596140394,35.19318781957577,-97.43866461747007,325.69642454767643,4.199413776397705,80.30000305175781
1763596140394,35.19318750087161,-97.43866686821872,325.7009627595695,4.207678318023682,88.30000305175781
1763596140394,35.193187200160146,-97.43866875229321,325.7046762873487,4.2092437744140625,101.0
1763596140394,35.193186801319186,-97.43867098248076,325.70920585901564,4.209238529205322,110.5
1763596140394,35.193186374996465,-97.43867318348214,325.71446291530975,4.1999101638793945,125.30000305175781
1763596140394,35.19318590690405,-97.43867537483116,325.71989917363453,4.184713840484619,136.5
1763596141394,35.1931790204004,-97.4386802295964,325.67722325350593,4.1693854331970215,143.60000610351562
1763596141394,35.19317831399102,-97.4386824375445,325.6833983490164,4.152526378631592,153.0
1763596141394,35.19317759402715,-97.43868453811055,325.68992052721546,4.132007598876953,157.0
1763596141394,35.19317683941739,-97.43868662073935,325.6968607009418,4.107846260070801,161.89999389648438
1763596141394,35.193176201413316,-97.43868832913255,325.70227352501774,4.0866217613220215,166.0
1763596141394,35.193175388601844,-97.43869039118924,325.70939145048544,4.062138557434082,171.1999969482422
1763596141394,35.19317457290234,-97.43869237933227,325.7162084715138,4.044597625732422,176.10000610351562
1763596141394,35.19317374061478,-97.43869434232533,325.72331108668595,4.017510414123535,180.89999389648438
1763596141394,35.19317301663181,-97.43869597336312,325.72963941623243,3.9976553916931152,183.6999969482422
1763596141394,35.19317212060684,-97.43869783901593,325.73699988295687,3.9675517082214355,186.60000610351562
1763596141394,35.19317119625738,-97.43869968225182,325.7439097380087,3.9446420669555664,188.8000030517578
1763596141394,35.19317023812361,-97.43870151622329,325.7509171115211,3.9279863834381104,190.1999969482422
1763596141394,35.19316930280296,-97.43870326767228,325.75783298476057,3.913809061050415,191.0
1763596141394,35.19316831789669,-97.43870505096517,325.7653865795925,3.890711545944214,191.8000030517578
1763596141394,35.193167434096786,-97.43870659125653,325.7722439639047,3.8720927238464355,192.60000610351562
1763596141394,35.19316639964924,-97.43870832091108,325.7805431776536,3.8504393100738525,194.5
1763596141394,35.19316536320603,-97.43871002773629,325.78826890602375,3.827016592025757,197.3000030517578
1763596141394,35.19316448993345,-97.4387115116755,325.79445699461706,3.8034510612487793,200.60000610351562
1763596141394,35.19316345048089,-97.43871319052104,325.80206037203095,3.7742512226104736,204.0
1763596141394,35.19316237939202,-97.43871488516025,325.80911237073764,3.7448055744171143,207.10000610351562
1763596142394,35.19315881422796,-97.43871799895159,325.75357731106357,3.7165157794952393,210.60000610351562
1763596142394,35.19315782623036,-97.43871937700366,325.75990126123935,3.6922075748443604,214.10000610351562
1763596142394,35.19315663675788,-97.43872090143876,325.7668460287387,3.666717052459717,221.5
1763596142394,35.19315540771434,-97.43872241568329,325.77317121546315,3.6531128883361816,230.0
1763596142394,35.193154187867165,-97.43872385661163,325.7790550764619,3.63398814201355,240.60000610351562
1763596142394,35.193153144080654,-97.43872505884856,325.78440119779805,3.6266114711761475,250.1999969482422
1763596142394,35.19315189322236,-97.43872642269729,325.7914879139199,3.627690076828003,264.5
1763596142394,35.1931506085701,-97.43872776869767,325.80017198460473,3.6350643634796143,274.6000061035156
1763596142394,35.1931492617366,-97.43872903477762,325.8100544112365,3.6558496952056885,282.6000061035156
1763596142394,35.193147891715746,-97.4387302488084,325.8201331727842,3.678429126739502,288.5
1763596142394,35.19314671249432,-97.43873117982368,325.8288638338224,3.706587791442871,292.29998779296875
1763596142394,35.19314526914818,-97.43873227140614,325.83930656097755,3.7394301891326904,293.79998779296875
1763596142394,35.19314381837551,-97.43873334967572,325.8494034043996,3.767627000808716,293.8999938964844
1763596142394,35.19314231875125,-97.43873438383942,325.8593541740251,3.7926769256591797,293.8999938964844
1763596142394,35.19314076143722,-97.43873544951217,325.8697436213546,3.8165507316589355,293.8999938964844
1763596142394,35.19313942621906,-97.43873631286435,325.878325740553,3.836754083633423,293.8999938964844
1763596142394,35.19313783604963,-97.43873724016346,325.88827117901866,3.856884717941284,293.70001220703125
1763596142394,35.19313622997648,-97.43873818318096,325.8972530760383,3.8673462867736816,293.29998779296875
1763596142394,35.193134577926536,-97.43873900107349,325.9068868610575,3.8604891300201416,292.5
1763596142394,35.19313312323954,-97.43873969389183,325.91526249633756,3.8414974212646484,291.70001220703125
1763596143394,35.193127174892304,-97.43874259205018,325.8033994712779,3.8195691108703613,291.29998779296875
1763596143394,35.19312530315336,-97.43874322264065,325.8117023785216,3.8049142360687256,291.29998779296875
1763596143394,35.193123809853844,-97.43874369573271,325.8187907502069,3.7936131954193115,291.29998779296875
1763596143394,35.19312200363161,-97.43874419236052,325.8274545318459,3.77768874168396,291.29998779296875
1763596143394,35.19312028472169,-97.4387446142795,325.8357268409559,3.7589986324310303,291.29998779296875
1763596143394,35.19311850000583,-97.43874499912276,325.84435217413863,3.737450361251831,291.29998779296875
1763596143394,35.19311704897937,-97.43874528347403,325.85072559188563,3.7275545597076416,291.29998779296875
1763596143394,35.19311529231509,-97.43874558386024,325.8589256808066,3.7222397327423096,291.29998779296875
1763596143394,35.193113517112806,-97.43874581570122,325.8673388717496,3.718395948410034,291.29998779296875
1763596143394,35.193111807448595,-97.43874597232045,325.8754022379728,3.72300386428833,291.20001220703125
1763596143394,35.19311004919705,-97.43874606847938,325.88430437737276,3.7317261695861816,291.20001220703125
1763596143394,35.193108583205344,-97.43874611425414,325.8916594510388,3.7422127723693848,291.1000061035156
1763596143394,35.193106870546195,-97.43874610929257,325.90060287260303,3.757422685623169,291.0
1763596143394,35.193105065727515,-97.4387460530143,325.9094839448731,3.769911050796509,290.70001220703125
1763596143394,35.193103286152365,-97.43874594747614,325.91833020186004,3.78139591217041,290.20001220703125
1763596143394,35.193101516238826,-97.4387457895749,325.9267506353534,3.7966718673706055,289.29998779296875
1763596143394,35.19310018987725,-97.43874566166745,325.93407306559567,3.8069825172424316,288.1000061035156
1763596143394,35.193098345687915,-97.43874540932704,325.9432204646423,3.8185343742370605,285.6000061035156
1763596143394,35.193096551724615,-97.43874510217174,325.9512933127005,3.8248178958892822,283.0
1763596143394,35.193094804927284,-97.43874474471814,325.95911050473177,3.8350534439086914,280.29998779296875
1763596144394,35.1930919115153,-97.4387444485495,325.931238221788,3.8459713459014893,277.29998779296875
1763596144394,35.193090378448,-97.43874407721839,325.93868137600805,3.8543927669525146,274.0
1763596144394,35.19308866183415,-97.43874361613419,325.9470537340801,3.8530070781707764,270.70001220703125
1763596144394,35.19308693747361,-97.43874311836922,325.9557382662624,3.847496747970581,266.1000061035156
1763596144394,35.19308527929311,-97.43874266832981,325.96369079896124,3.838656425476074,261.70001220703125
1763596144394,35.19308359833871,-97.43874210124021,325.9716339551409,3.8316619396209717,256.70001220703125
1763596144394,35.193081870638196,-97.43874146170269,325.9788402146915,3.82485032081604,251.60000610351562
1763596144394,35.19308050217271,-97.4387409439204,325.9844527585996,3.8182942867279053,247.60000610351562
1763596144394,35.193078781558036,-97.43874028820926,325.9916372357424,3.816098690032959,242.89999389648438
1763596144394,35.193077224036465,-97.4387397599349,325.99778307262915,3.815774917602539,239.1999969482422
1763596144394,35.193075532136106,-97.43873910709239,326.0042263840479,3.8243250846862793,237.5
1763596144394,35.193073848351936,-97.43873845695511,326.0110661064228,3.8339295387268066,236.89999389648438
1763596144394,35.193072145916815,-97.43873786108198,326.01813862181785,3.849240303039551,236.6999969482422
1763596144394,35.193070719497605,-97.43873738936331,326.02410337872794,3.856236219406128,236.39999389648438
1763596144394,35.19306909597533,-97.43873668169451,326.03160258899703,3.86739182472229,235.8000030517578
1763596144394,35.19306736820666,-97.43873584779251,326.040060471698,3.876647472381592,234.0
1763596144394,35.19306596545726,-97.4387352765746,326.04677289610333,3.888657569885254,232.3000030517578
1763596144394,35.19306435412993,-97.43873464693917,326.0540473126542,3.9032723903656006,229.8000030517578
1763596144394,35.193062810123166,-97.43873394207873,326.0615416250851,3.921278476715088,227.6999969482422
1763596144394,35.19306117938609,-97.43873306361698,326.06983062097805,3.9398343563079834,226.39999389648438
1763596145394,35.193057268733895,-97.43873269836955,325.9969335178717,3.9583218097686768,226.10000610351562
1763596145394,35.19305576084874,-97.4387317057879,326.0042880374897,3.977374315261841,226.10000610351562
1763596145394,35.193054122715125,-97.4387305619382,326.0125261411608,4.005197525024414,226.10000610351562
1763596145394,35.19305249316359,-97.43872943279808,326.0201007539814,4.026283264160156,226.1999969482422
1763596145394,35.193050904423124,-97.4387282795415,326.0283647813138,4.036139965057373,226.8000030517578
1763596145394,35.1930493093556,-97.43872705524814,326.0365484727222,4.044921875,227.5
1763596145394,35.19304802198018,-97.43872604832953,326.0437394092145,4.0610551834106445,227.8000030517578
1763596145394,35.193046460384274,-97.43872475410316,326.05309284901307,4.0841965675354,227.8000030517578
1763596145394,35.193044902091806,-97.43872339455707,326.06434392818244,4.105957984924316,227.8000030517578
1763596145394,35.193043375374174,-97.43872201330188,326.07567882973126,4.131557941436768,227.8000030517578
1763596145394,35.19304207208681,-97.43872083668172,326.0854784896812,4.145468235015869,227.8000030517578
1763596145394,35.19304058562308,-97.43871937066562,326.09596624322927,4.158156871795654,227.8000030517578
1763596145394,35.19303911029143,-97.4387178599346,326.10641053611147,4.17551851272583,227.8000030517578
1763596145394,35.19303766542386,-97.43871629908054,326.1162226915893,4.200323581695557,227.8000030517578
1763596145394,35.193036473665195,-97.43871501615246,326.12446589162914,4.215284824371338,227.8000030517578
1763596145394,35.193035188249105,-97.43871345748173,326.13340578271743,4.232034206390381,227.8000030517578
1763596145394,35.19303385510772,-97.43871172658248,326.1428250851316,4.246145248413086,227.8000030517578
1763596145394,35.193032633392484,-97.4387101086169,326.15140385278875,4.264177322387695,227.89999389648438
1763596145394,35.193031425148234,-97.4387084673777,326.160179678574,4.2779951095581055,228.3000030517578
1763596145394,35.19303022784802,-97.43870677877528,326.16906459345256,4.297975540161133,229.60000610351562
1763596146394,35.193027460183565,-97.43870329315614,326.0904607801506,4.320924282073975,232.6999969482422
1763596146394,35.193026224712746,-97.43870126739156,326.0995177792819,4.336803436279297,234.60000610351562
1763596146394,35.19302509456231,-97.43869942099576,326.1092706575399,4.362704277038574,236.5
1763596146394,35.19302389345679,-97.43869733770019,326.1201268508257,4.391666889190674,237.1999969482422
1763596146394,35.193022736352255,-97.43869527535624,326.13103840874714,4.417356967926025,237.10000610351562
1763596146394,35.193021720404296,-97.4386935014432,326.14078679897693,4.433312892913818,236.3000030517578
1763596146394,35.193020611878296,-97.43869138581816,326.151448994643,4.455311298370361,234.8000030517578
1763596146394,35.193019588251204,-97.43868921471935,326.1618294079987,4.486676216125488,232.3000030517578
1763596146394,35.193018623424194,-97.43868700216238,326.171801021391,4.509777069091797,230.5
1763596146394,35.1930176856501,-97.43868478947964,326.1826841015186,4.537412166595459,228.0
1763596146394,35.1930167833271,-97.43868257156721,326.19319680339237,4.566507816314697,224.89999389648438
1763596146394,35.19301587775396,-97.43868018148719,326.2038272371404,4.594912528991699,221.60000610351562
1763596146394,35.19301511788107,-97.43867815661677,326.21341020485335,4.623547077178955,218.5
1763596146394,35.193014284160114,-97.43867568855485,326.2244672108769,4.652570724487305,215.3000030517578
1763596146394,35.19301345101751,-97.43867321658965,326.23507582543806,4.6836018562316895,211.60000610351562
1763596146394,35.19301264323606,-97.43867077512364,326.24577305667145,4.719354629516602,206.39999389648438
1763596146394,35.19301188370204,-97.43866859079982,326.255595043273,4.739004135131836,202.0
1763596146394,35.193011050941095,-97.4386659586369,326.2673810178013,4.768218040466309,193.5
1763596147394,35.19300986604929,-97.43866266285102,326.2533576036635,4.789215087890625,186.89999389648438
1763596147394,35.19300919290756,-97.43866005211156,326.2652700461224,4.820760726928711,176.1999969482422
1763596147394,35.19300860120675,-97.43865786543155,326.27547809303,4.83313512802124,169.5
1763596147394,35.193007972637375,-97.43865516077665,326.28742693313455,4.842005729675293,162.89999389648438
1763596147394,35.193007406684366,-97.43865248735773,326.2976462595364,4.8489603996276855,158.60000610351562
1763596147394,35.193006862085234,-97.43864983493212,326.30744282883694,4.851889610290527,155.89999389648438
1763596147394,35.193006319032314,-97.43864716702156,326.31713319314207,4.845261573791504,154.1999969482422
1763596147394,35.19300581577322,-97.43864491979012,326.3252569157001,4.8279547691345215,152.89999389648438
1763596147394,35.19300533688654,-97.43864244826075,326.33407623850655,4.812771797180176,151.89999389648438
1763596147394,35.193004876959215,-97.43863971179516,326.34375704938356,4.785808563232422,150.6999969482422
1763596147394,35.19300445349543,-97.43863696398623,326.3536468837036,4.757894515991211,149.6999969482422
1763596147394,35.19300403490069,-97.43863428198509,326.3629812412706,4.739506244659424,148.5
1763596147394,35.19300370317615,-97.4386319788385,326.37067383620024,4.717826843261719,147.39999389648438
1763596147394,35.193003366499426,-97.43862927830038,326.37931159055415,4.716967582702637,145.39999389648438
1763596147394,35.1930030860343,-97.43862665097649,326.387947637479,4.70660924911499,143.5
1763596147394,35.19300285729964,-97.43862401953915,326.3959883891561,4.689894676208496,141.10000610351562
1763596147394,35.19300268156646,-97.43862137830575,326.4048503665385,4.680879592895508,139.60000610351562
1763596147394,35.19300254360329,-97.438619084014,326.4124031808646,4.687983512878418,138.0
1763596147394,35.19300244206143,-97.43861640388698,326.42103647544457,4.696070671081543,137.0
1763596147394,35.193002373808284,-97.43861379084552,326.4293105565681,4.708761215209961,136.3000030517578
1763596147394,35.19300237064853,-97.43861111668029,326.4379836877841,4.722161293029785,135.89999389648438
1763596147394,35.19300233272706,-97.43860894255856,326.44373254831316,4.73833703994751,135.6999969482422
1763596148394,35.19300199573027,-97.43860470323386,326.37727904014537,4.760837078094482,135.60000610351562
1763596148394,35.19300211533536,-97.43860205848911,326.3832168555803,4.791739463806152,135.39999389648438
1763596148394,35.1930022532267,-97.43859938611163,326.38989913069406,4.813344955444336,135.0
1763596148394,35.19300241465921,-97.43859668251415,326.396293084978,4.831529140472412,134.10000610351562
1763596148394,35.1930025501638,-97.43859441721918,326.40209417853947,4.849819183349609,132.8000030517578
1763596148394,35.1930027713399,-97.43859162800138,326.40908304632256,4.887960433959961,128.10000610351562
1763596148394,35.19300302520199,-97.43858894536689,326.4153062051989,4.914868354797363,120.9000015258789
1763596148394,35.19300329674722,-97.43858620185378,326.4226638810293,4.950123310089111,110.30000305175781
1763596148394,35.19300351676201,-97.43858383444267,326.42789561395836,4.974372863769531,100.4000015258789
1763596148394,35.19300376772614,-97.4385810821042,326.4371018222295,4.9927520751953125,88.5999984741211
1763596148394,35.19300408745344,-97.43857836297815,326.44654921816164,5.000751495361328,78.5
1763596148394,35.19300445394882,-97.43857566767785,326.45503123134415,5.004621505737305,69.19999694824219
1763596148394,35.19300483411442,-97.43857289286808,326.4635997285724,4.995923042297363,60.79999923706055
1763596148394,35.19300505866026,-97.43857063194478,326.4691606424011,4.988892078399658,52.79999923706055
1763596148394,35.19300528435887,-97.43856784886425,326.4757268887913,4.987083911895752,44.900001525878906
1763596148394,35.19300548798645,-97.43856508154819,326.4826289486996,4.980576515197754,36.79999923706055
1763596148394,35.19300573701426,-97.43856213600048,326.48919697231264,4.972804069519043,25.299999237060547
1763596148394,35.193005778039485,-97.43856014685018,326.49224732797063,4.972264766693115,18.600000381469727
1763596148394,35.19300592569561,-97.43855727386689,326.49617080578395,4.964044570922852,3.799999952316284
1763596148394,35.193006017903365,-97.43855452214638,326.50031615195087,4.960831165313721,-9.0
1763596149394,35.19300567551663,-97.43854982363676,326.41178911061246,4.9767165184021,-23.5
1763596149394,35.19300562817239,-97.43854750459421,326.4138902712648,4.993294715881348,-32.79999923706055
1763596149394,35.19300564429601,-97.43854469361627,326.4206381433573,5.012235164642334,-43.29999923706055
1763596149394,35.19300573948204,-97.43854209316608,326.4280616749923,5.037321090698242,-52.5
1763596149394,35.19300584996508,-97.43853931889994,326.43546446661696,5.058257579803467,-60.099998474121094
1763596149394,35.19300593317062,-97.4385366410207,326.44383461111795,5.0857439041137695,-66.0
1763596149394,35.19300596975518,-97.43853437590312,326.45057739487044,5.108530044555664,-69.69999694824219
1763596149394,35.19300602645393,-97.43853140235201,326.4587178941771,5.142415523529053,-73.80000305175781
1763596149394,35.19300604136983,-97.4385286486317,326.4659974176936,5.171968460083008,-76.19999694824219
1763596149394,35.19300601828218,-97.43852631082203,326.4722514170091,5.204489707946777,-77.69999694824219
1763596149394,35.19300597166465,-97.43852354821213,326.4797684561003,5.2364044189453125,-78.0999984741211
1763596149394,35.193005896480734,-97.4385207218087,326.4869165467301,5.268148899078369,-78.0999984741211
1763596149394,35.19300581109977,-97.43851780970418,326.4944710903818,5.307570934295654,-78.0999984741211
1763596149394,35.193005724655606,-97.43851556808579,326.50089561037356,5.330620765686035,-78.0
1763596149394,35.19300561135626,-97.43851277699899,326.50846001842183,5.363156318664551,-77.5999984741211
1763596149394,35.19300546162308,-97.43851000981192,326.5167327708322,5.396327018737793,-76.0999984741211
1763596149394,35.193005319493565,-97.43850724246516,326.5241310228681,5.426070690155029,-73.5
1763596150394,35.19300445004067,-97.43849856415511,326.4095184278348,5.482051372528076,-66.0
1763596150394,35.193004380832654,-97.43849790798741,326.4116551376658,5.48973274230957,-64.80000305175781
1763596150394,35.193004168265006,-97.43849497607046,326.4187453231027,5.513260841369629,-57.70000076293945
1763596150394,35.193003944828895,-97.43849204279898,326.42472725743374,5.5379204750061035,-50.29999923706055
1763596150394,35.19300370222724,-97.43848896850342,326.43063355351495,5.574397563934326,-44.5
1763596150394,35.19300348520189,-97.438486486076,326.43636361840595,5.600438594818115,-41.400001525878906
1763596150394,35.1930032399882,-97.43848343589897,326.44285415002236,5.644711494445801,-38.5
1763596150394,35.19300300225677,-97.43848068617405,326.4492465070739,5.685774803161621,-36.20000076293945
1763596150394,35.19300274142092,-97.43847760489976,326.4570509480254,5.723891735076904,-32.099998474121094
1763596150394,35.19300247218015,-97.43847456493353,326.4638212560916,5.760926723480225,-24.899999618530273
1763596150394,35.19300219528305,-97.43847159385224,326.4711855757333,5.803720951080322,-16.0
1763596150394,35.193001928430746,-97.43846870577805,326.4783948154833,5.844319820404053,-6.300000190734863
1763596150394,35.19300161645788,-97.4384653577991,326.48703696497324,5.8835906982421875,3.0999999046325684
1763596150394,35.19300135121892,-97.43846302923275,326.4938204359539,5.908395767211914,10.600000381469727
1763596150394,35.19300100920544,-97.4384599106782,326.5024834097558,5.93891716003418,20.600000381469727
1763596150394,35.193000634087326,-97.43845542771133,326.51485398463524,5.985766887664795,39.20000076293945
1763596150394,35.19300043950818,-97.43845324492744,326.52235173298084,5.9973955154418945,46.099998474121094
1763596150394,35.193000274598745,-97.43845084440736,326.5275510504375,6.01323127746582,56.20000076293945
1763596150394,35.193000136088145,-97.4384475883907,326.5346546558796,6.026240348815918,69.30000305175781
1763596150394,35.19300003929018,-97.43844440784018,326.5408438816607,6.045361518859863,81.5999984741211
1763596151394,35.1930003983287,-97.43843344297765,326.4053693985082,6.083156585693359,100.69999694824219
1763596151394,35.193000539419764,-97.43842957331856,326.4134492473326,6.108003616333008,113.4000015258789
1763596151394,35.19300067238137,-97.43842695685878,326.4184945286282,6.123471260070801,120.19999694824219
1763596151394,35.19300092464407,-97.4384235872856,326.4255619518466,6.1394572257995605,128.89999389648438
1763596151394,35.19300125310956,-97.43842021812026,326.4324459926231,6.157193660736084,136.8000030517578
1763596151394,35.193001601032755,-97.43841726141054,326.43797145411406,6.1698150634765625,142.5
1763596151394,35.19300208853624,-97.4384138190821,326.443989965651,6.185051918029785,150.6999969482422
1763596151394,35.193002497036574,-97.4384112539974,326.44871750017217,6.193126678466797,154.3000030517578
1763596151394,35.1930031205813,-97.43840780414077,326.45504788915804,6.203607559204102,157.8000030517578
1763596151394,35.19300379088864,-97.43840448059534,326.4613743430526,6.220231533050537,159.5
1763596151394,35.19300453529228,-97.43840119070374,326.4681339587322,6.241482257843018,159.60000610351562
1763596151394,35.19300535704455,-97.43839779394378,326.4753494096754,6.261200428009033,157.8000030517578
1763596151394,35.193006049614795,-97.43839509535815,326.4812067899113,6.275724411010742,154.1999969482422
1763596151394,35.193006951796924,-97.43839176877724,326.48780074379596,6.296104431152344,144.1999969482422
1763596151394,35.19300789171712,-97.4383885039884,326.4949869600644,6.301944732666016,134.39999389648438
1763596151394,35.19300889583517,-97.43838520340486,326.50214616813906,6.29763650894165,116.80000305175781
1763596151394,35.19300975368105,-97.43838241625603,326.5080865238853,6.2935261726379395,104.69999694824219
1763596151394,35.19301079199128,-97.4383791755907,326.5158258209656,6.288292407989502,88.9000015258789
1763596151394,35.19301186153892,-97.43837591883971,326.5241122989837,6.287946701049805,82.19999694824219
1763596151394,35.19301291339156,-97.4383726794575,326.53209146583976,6.291369915008545,72.69999694824219
1763596152394,35.19301592739629,-97.43836572128393,326.38218974406965,6.298052787780762,58.70000076293945
1763596152394,35.193016623059385,-97.43836359307619,326.3877576479832,6.294037342071533,55.900001525878906
1763596152394,35.19301770884641,-97.43836031725259,326.3936256415571,6.281531810760498,48.29999923706055
1763596152394,35.19301881417651,-97.43835696716985,326.39955711486374,6.277163028717041,42.900001525878906
1763596152394,35.19301972471865,-97.43835418547017,326.4041742384823,6.273689270019531,40.0
1763596152394,35.193020797682706,-97.43835091381727,326.4087998172108,6.268648624420166,35.900001525878906
1763596152394,35.19302190816735,-97.43834754517232,326.4136628343949,6.276060581207275,32.29999923706055
1763596152394,35.19302300929683,-97.4383442254115,326.4194720968507,6.286135196685791,29.299999237060547
1763596152394,35.19302394433497,-97.43834143513307,326.424075929288,6.287456512451172,27.700000762939453
1763596152394,35.19302507921837,-97.4383381179831,326.4294936456448,6.309192657470703,24.899999618530273
1763596152394,35.19302620133539,-97.4383348451565,326.4352888281175,6.326494216918945,20.600000381469727
1763596152394,35.193027324783,-97.43833160418703,326.44244624453364,6.342602729797363,13.5
1763596152394,35.19302828260767,-97.43832885226308,326.4493412045203,6.3482770919799805,8.300000190734863
1763596152394,35.19302943362,-97.4383255330454,326.458021652416,6.356020450592041,0.800000011920929
1763596152394,35.1930305502428,-97.43832221001114,326.4658319252899,6.36913537979126,-12.100000381469727
1763596152394,35.19303162428654,-97.43831885207365,326.47128237539084,6.37619161605835,-20.5
1763596152394,35.19303250587523,-97.43831608836676,326.4774217091298,6.380075454711914,-24.700000762939453
1763596152394,35.19303354503436,-97.43831288276975,326.4852397180438,6.372206687927246,-41.099998474121094
1763596152394,35.19303447391384,-97.43830993113004,326.4930491101357,6.3677520751953125,-46.900001525878906
1763596152394,35.193035496728434,-97.43830656988253,326.5020728310786,6.36337947845459,-56.0
1763596153394,35.19303803478507,-97.43829977982962,326.3657765919809,6.337134838104248,-68.9000015258789
1763596153394,35.193038613771726,-97.43829767875197,326.36994967161047,6.322751998901367,-74.69999694824219
1763596153394,35.19303934382778,-97.43829492514229,326.37519166161053,6.312851428985596,-78.5999984741211
1763596153394,35.19304018513684,-97.43829156801985,326.38149688798603,6.298492908477783,-85.30000305175781
1763596153394,35.19304097889595,-97.43828817135527,326.38841870847875,6.286121368408203,-90.5
1763596153394,35.193041716572466,-97.43828474827876,326.3954736691594,6.27175760269165,-93.5
1763596153394,35.193042280116984,-97.43828194086136,326.4014858903982,6.258512496948242,-94.5
1763596153394,35.1930429019462,-97.43827859905151,326.4071115117867,6.235169410705566,-94.9000015258789
1763596153394,35.19304347949601,-97.4382752295591,326.41197295739596,6.220982074737549,-94.9000015258789
1763596153394,35.19304401428152,-97.43827192256626,326.41652155754156,6.20691442489624,-94.9000015258789
1763596153394,35.19304452334644,-97.43826854564759,326.42119530328074,6.182792663574219,-94.9000015258789
1763596153394,35.19304491025145,-97.43826578413913,326.42524769337257,6.1742753982543945,-94.69999694824219
1763596153394,35.1930453377723,-97.43826251958504,326.43066223711884,6.1572723388671875,-94.0
1763596153394,35.19304573223617,-97.43825921102021,326.43577669342244,6.135373115539551,-92.69999694824219
1763596153394,35.193046090354976,-97.43825591260237,326.4400365811193,6.115694999694824,-90.0
1763596153394,35.193046417547215,-97.43825259333698,326.44401290970575,6.103183746337891,-84.0
1763596153394,35.19304663750329,-97.43825013436185,326.44632189513476,6.0897722244262695,-76.4000015258789
1763596153394,35.19304693693693,-97.43824654327506,326.44966824927934,6.072901248931885,-69.19999694824219
1763596153394,35.193047191449246,-97.43824323255743,326.4526322165237,6.062982082366943,-59.70000076293945
1763596154394,35.19304778956329,-97.43823474726784,326.2840593917532,6.0522003173828125,-44.0
1763596154394,35.1930478666055,-97.4382337039843,326.2849569874499,6.054501056671143,-42.400001525878906
1763596154394,35.19304812815876,-97.43823034200351,326.28707099311885,6.057884693145752,-35.20000076293945
1763596154394,35.19304839949047,-97.43822693162952,326.29045059755043,6.0683441162109375,-27.5
1763596154394,35.193048640334204,-97.43822402780364,326.2940997781841,6.072327136993408,-21.600000381469727
1763596154394,35.19304892743729,-97.43822060717342,326.2983303768583,6.081365585327148,-16.899999618530273
1763596154394,35.19304921845771,-97.43821721955665,326.3028439038691,6.087770462036133,-9.5
1763596154394,35.19304952312098,-97.43821382080058,326.306532706397,6.092446804046631,-3.0
1763596154394,35.19304977048008,-97.43821111376289,326.30929746407855,6.101040840148926,2.5999999046325684
1763596154394,35.193050098345665,-97.43820770672825,326.3130423723985,6.107677459716797,9.899999618530273
1763596154394,35.19305043084831,-97.43820433633441,326.3161973663498,6.113083839416504,17.399999618530273
1763596154394,35.19305077031938,-97.43820094590599,326.3189139358856,6.122344970703125,25.0
1763596154394,35.19305104007122,-97.4381982516049,326.3209868907013,6.13898229598999,32.400001525878906
1763596154394,35.19305140848146,-97.4381949148415,326.3248288723531,6.144259452819824,39.5
1763596154394,35.19305181266386,-97.43819156138134,326.3279025719023,6.1486711502075195,46.099998474121094
1763596154394,35.19305224618744,-97.43818824387776,326.33128098844344,6.157121181488037,54.099998474121094
1763596154394,35.19305272423591,-97.43818489392845,326.3353064087234,6.161101818084717,61.20000076293945
1763596154394,35.19305317003439,-97.43818200502072,326.3396773973212,6.15973424911499,67.0999984741211
1763596154394,35.19305371510593,-97.43817866775929,326.34281899995096,6.163697242736816,74.30000305175781
1763596154394,35.1930542845084,-97.4381753815603,326.34603631910585,6.173608779907227,81.0
1763596155394,35.193056863803434,-97.43816747829104,326.2159513228241,6.177485942840576,86.4000015258789
1763596155394,35.193057185233556,-97.43816594961169,326.21766038342304,6.177649021148682,87.0
1763596155394,35.19305782999945,-97.43816308276999,326.2200699721803,6.181455135345459,90.0
1763596155394,35.19305862592066,-97.43815977011928,326.22274690094616,6.1766180992126465,93.19999694824219
1763596155394,35.193059454592884,-97.43815650556513,326.22599034949184,6.159529685974121,96.0
1763596155394,35.19306033852269,-97.43815319575366,326.2290887774864,6.15934419631958,98.0
1763596155394,35.193061247160045,-97.4381499522831,326.2321544669423,6.148637771606445,98.69999694824219
1763596155394,35.19306218306418,-97.43814673770919,326.2350894347496,6.122185707092285,98.69999694824219
1763596155394,35.193062996554595,-97.43814403039987,326.2374785489334,6.103929042816162,98.69999694824219
1763596155394,35.193063989085786,-97.43814085924144,326.23852191926443,6.065897464752197,98.69999694824219
1763596155394,35.193065007061804,-97.43813771702878,326.2405205390257,6.052619457244873,98.30000305175781
1763596155394,35.19306597793336,-97.43813479874693,326.2435570343164,6.034010887145996,97.5999984741211
1763596155394,35.19306700549478,-97.43813177046897,326.25018299937653,6.015419006347656,97.0
1763596155394,35.19306807405587,-97.43812872164054,326.2577609021687,5.9902777671813965,95.9000015258789
1763596155394,35.19306919223662,-97.43812565632538,326.26554094054364,5.9575114250183105,94.5
1763596155394,35.193070350918305,-97.43812260651846,326.27336557790187,5.931411266326904,92.9000015258789
1763596155394,35.19307135689,-97.43812002995122,326.27985786906345,5.908764839172363,90.9000015258789
1763596155394,35.193072526228335,-97.43811712505901,326.2876320449901,5.882299900054932,88.5
1763596155394,35.19307370450881,-97.438114249843,326.2943798187378,5.7896599769592285,86.5
1763596155394,35.193074904861945,-97.438111373611,326.2998141235112,5.751741409301758,84.19999694824219
1763596156394,35.19307861283225,-97.43810640276669,326.2454090626704,5.71509313583374,80.4000015258789
1763596156394,35.19307889957175,-97.43810572151779,326.2451294297407,5.712410926818848,79.9000015258789
1763596156394,35.19308017807901,-97.43810287986324,326.2500097998376,5.69845724105835,77.69999694824219
1763596156394,35.19308146300969,-97.43810007256705,326.25507373064056,5.671098709106445,75.4000015258789
1763596156394,35.19308277598464,-97.43809725221799,326.2600372111757,5.636533737182617,74.0
1763596156394,35.19308390829117,-97.43809485185484,326.2633961442965,5.604857444763184,73.5999984741211
1763596156394,35.19308521572098,-97.43809212637963,326.2667490734835,5.582700252532959,73.5999984741211
1763596156394,35.19308655578432,-97.43808939895868,326.2711405754276,5.555168151855469,73.5999984741211
1763596156394,35.19308798621652,-97.43808654280645,326.2745725968893,5.516565322875977,73.5999984741211
1763596156394,35.193089067394105,-97.43808440371797,326.27735287178643,5.492499351501465,73.5999984741211
1763596156394,35.19309038746897,-97.4380818191279,326.2801342369092,5.4744954109191895,73.5999984741211
1763596156394,35.19309176750392,-97.43807918487623,326.2851058765046,5.4515581130981445,74.0
1763596156394,35.19309313397183,-97.43807659556079,326.2894088803756,5.431063175201416,75.0999984741211
1763596156394,35.1930945077423,-97.43807402456322,326.29274272613196,5.414394855499268,77.0
1763596156394,35.19309572733953,-97.43807180297918,326.2957463249959,5.403903484344482,77.80000305175781
1763596156394,35.193097157028646,-97.43806926733983,326.298645091616,5.391549110412598,77.9000015258789
1763596156394,35.19309860609925,-97.4380667572669,326.30182488753826,5.3789238929748535,77.0
1763596156394,35.19310004154842,-97.43806431627986,326.30609309310927,5.378281116485596,73.0999984741211
1763596156394,35.193101276294705,-97.4380622607313,326.3104959975332,5.3681511878967285,65.4000015258789
1763596156394,35.1931027363886,-97.4380598700614,326.31532619385763,5.3465447425842285,52.099998474121094
1763596156394,35.193104191420645,-97.43805751489212,326.3199824718415,5.332147121429443,40.20000076293945
1763596157394,35.19310771176554,-97.43805528258493,326.1912442085725,5.325894355773926,28.299999237060547
1763596157394,35.19310901657385,-97.43805325156703,326.1945604197448,5.324826717376709,18.399999618530273
1763596157394,35.193110545957076,-97.43805083740102,326.1987404522275,5.314323425292969,5.699999809265137
1763596157394,35.19311202530018,-97.43804845001286,326.202440468119,5.296829700469971,-6.400000095367432
1763596157394,35.193113271216696,-97.43804638556082,326.2058607776446,5.281267166137695,-18.5
1763596157394,35.19311470349936,-97.43804395997455,326.2089742754695,5.261348247528076,-30.5
1763596157394,35.19311614992221,-97.43804144945837,326.21245252356726,5.24971342086792,-44.29999923706055
1763596157394,35.19311730822592,-97.43803937798688,326.21509409167874,5.242275714874268,-53.70000076293945
1763596157394,35.19311863714633,-97.43803692906418,326.2194703573209,5.236052989959717,-68.69999694824219
1763596157394,35.19311994345751,-97.43803443784378,326.2242017027862,5.224795341491699,-82.0
1763596157394,35.1931212069005,-97.43803192672448,326.22891264732937,5.2046613693237305,-95.9000015258789
1763596157394,35.1931222182921,-97.43802982893699,326.2326907920679,5.1894097328186035,-107.0999984741211
1763596157394,35.193123391997936,-97.43802726257726,326.236102786886,5.174753189086914,-120.5999984741211
1763596157394,35.19312449233194,-97.4380247040062,326.23940948097794,5.1582183837890625,-132.6999969482422
1763596157394,35.19312553608409,-97.438022099993,326.24166275882374,5.145094871520996,-143.10000610351562
1763596157394,35.193126356361596,-97.43801992810525,326.243890376113,5.137714862823486,-151.1999969482422
1763596157394,35.19312726415684,-97.4380173349338,326.2465378602152,5.114635467529297,-157.89999389648438
1763596157394,35.19312810543659,-97.4380147340743,326.24933277314295,5.097561836242676,-161.6999969482422
1763596157394,35.19312890183154,-97.43801210261839,326.25229976688576,5.080185890197754,-164.1999969482422
1763596157394,35.19312952770699,-97.4380098882142,326.2547803354698,5.071033000946045,-165.60000610351562
1763596158394,35.19312926483084,-97.43800495705538,326.0876617767581,5.045821189880371,-166.5
1763596158394,35.19312979652127,-97.43800266048898,326.0873091807793,5.029772758483887,-166.5
1763596158394,35.19313038349419,-97.43799992193188,326.0865765715912,5.012705326080322,-166.5
1763596158394,35.193130923299485,-97.43799720098063,326.08626266408544,5.000516414642334,-166.5
1763596158394,35.193131421767106,-97.43799447230633,326.08603057689083,4.981311798095703,-166.5
1763596158394,35.193131873816405,-97.43799175766551,326.0855142253978,4.9481377601623535,-166.5
1763596158394,35.19313219271181,-97.43798969837664,326.08504448313784,4.928169250488281,-166.5
1763596158394,35.19313259091881,-97.43798689604326,326.084039404366,4.901878833770752,-166.5
1763596158394,35.193132933941364,-97.43798417581178,326.08251957133007,4.883244037628174,-166.5
1763596158394,35.19313323392382,-97.43798144949999,326.0807854605136,4.865070819854736,-166.39999389648438
1763596158394,35.19313349137053,-97.43797875526039,326.07924279689047,4.849050998687744,-164.8000030517578
1763596158394,35.193133710604954,-97.43797607792101,326.0777045769815,4.837376594543457,-161.39999389648438
1763596158394,35.19313387193991,-97.43797385209727,326.07658328319525,4.8222126960754395,-157.0
1763596158394,35.19313403061406,-97.43797122322673,326.0745820642568,4.801745891571045,-149.3000030517578
1763596158394,35.19313415982357,-97.43796856232409,326.07235807053445,4.793113708496094,-138.89999389648438
1763596158394,35.19313427851009,-97.4379657066239,326.06958211743336,4.7864089012146,-123.5999984741211
1763596158394,35.19313436743195,-97.43796357424348,326.0680645333728,4.786459445953369,-112.5
1763596158394,35.19313445787994,-97.43796114371298,326.0667459889051,4.782928943634033,-99.0999984741211
1763596158394,35.193134547349416,-97.43795838575575,326.0646422320212,4.782702922821045,-86.4000015258789
1763596158394,35.19313463366778,-97.4379558020283,326.0626170890691,4.790584087371826,-74.5
1763596159394,35.19313399047926,-97.43795178264186,325.98196612999294,4.794656753540039,-62.79999923706055
1763596159394,35.19313409317308,-97.43794907956648,325.98007065106117,4.794076442718506,-51.099998474121094
1763596159394,35.19313419368269,-97.43794677043257,325.97795950775634,4.794382095336914,-39.29999923706055
1763596159394,35.19313432497762,-97.43794403812205,325.9751073543779,4.801718711853027,-25.299999237060547
1763596159394,35.19313446950049,-97.43794134676185,325.9725452978368,4.809569358825684,-14.399999618530273
1763596159394,35.19313463493775,-97.43793862179179,325.9704643200206,4.811589241027832,-3.299999952316284
1763596159394,35.19313478665084,-97.43793630090335,325.9691412942656,4.8127288818359375,5.5
1763596159394,35.19313498055161,-97.43793362343328,325.96752776774025,4.820709228515625,16.200000762939453
1763596159394,35.19313519885337,-97.43793090302313,325.9657169950676,4.82761287689209,28.299999237060547
1763596159394,35.193135405188784,-97.43792836883718,325.9658756809829,4.834805011749268,35.900001525878906
1763596159394,35.193135671230706,-97.4379255389624,325.9649880183783,4.843302249908447,45.900001525878906
1763596159394,35.19313594641544,-97.43792291724351,325.9647628941301,4.859447479248047,59.099998474121094
1763596159394,35.19313627008686,-97.43792012656782,325.9634254558648,4.872033596038818,71.0
1763596159394,35.19313653978639,-97.43791791458517,325.9626546815491,4.883330821990967,80.5999984741211
1763596159394,35.193136902060424,-97.43791512349608,325.96227976546163,4.8978424072265625,93.9000015258789
1763596159394,35.193137286273696,-97.43791256581004,325.9621441797772,4.9210333824157715,104.19999694824219
1763596159394,35.19313775549052,-97.437909776529,325.96142424112946,4.9361419677734375,114.0
1763596159394,35.1931382037129,-97.43790741556643,325.9602785699588,4.94478178024292,121.5
1763596159394,35.19313877248417,-97.43790464042148,325.9596770016165,4.94909143447876,131.3000030517578
1763596159394,35.1931393879741,-97.4379019262541,325.95914725368016,4.962718963623047,138.10000610351562
1763596160394,35.19314116572625,-97.43789852572381,325.8711874967201,4.971677780151367,142.6999969482422
1763596160394,35.193141855506795,-97.43789594638704,325.8715978707106,4.975039005279541,148.10000610351562
1763596160394,35.19314261740999,-97.43789328121066,325.8722442182272,4.978763103485107,154.5
1763596160394,35.19314343671277,-97.43789058375602,325.87286365530196,4.967461585998535,159.8000030517578
1763596160394,35.193144153358084,-97.43788835333808,325.8736317064587,4.961385250091553,164.1999969482422
1763596160394,35.19314506273063,-97.43788570939837,325.87401920253103,4.949789047241211,170.3000030517578
1763596160394,35.1931460363728,-97.4378830365618,325.87458422717464,4.924685001373291,178.3000030517578
1763596160394,35.19314686398816,-97.43788089369355,325.87530493630186,4.9052605628967285,183.89999389648438
1763596160394,35.19314790600134,-97.43787835281725,325.8763743857569,4.881002902984619,191.6999969482422
1763596160394,35.19314900018758,-97.4378758459104,325.87856340669873,4.852941989898682,197.5
1763596160394,35.19314995583219,-97.43787378805968,325.88088965296436,4.83080530166626,201.5
1763596160394,35.19315113963368,-97.43787139277586,325.88260470357886,4.801700115203857,205.8000030517578
1763596160394,35.19315236975715,-97.43786905779106,325.8845987120944,4.7775115966796875,209.8000030517578
1763596160394,35.193153644495645,-97.43786677421642,325.88609328096595,4.748347759246826,214.3000030517578
1763596160394,35.1931547023005,-97.43786497058305,325.88704009455836,4.722339153289795,216.60000610351562
1763596160394,35.193155993154484,-97.43786286759118,325.8884157811198,4.6914753913879395,218.1999969482422
1763596160394,35.193157411472946,-97.43786068768814,325.8893165261918,4.662881374359131,218.39999389648438
1763596160394,35.193158738905126,-97.43785873112067,325.8910297927603,4.643121242523193,218.39999389648438
1763596160394,35.19316018882619,-97.43785668948254,325.89300519523124,4.602128982543945,218.60000610351562
1763596160394,35.19316132229213,-97.43785514871642,325.8941189311844,4.582064151763916,218.8000030517578
1763596161394,35.193164904632994,-97.43785415882937,325.878602545664,4.552000999450684,219.3000030517578
1763596161394,35.19316649075801,-97.43785226866675,325.88143271698397,4.527151584625244,219.39999389648438
1763596161394,35.19316810749152,-97.437850423184,325.88481620154823,4.50356912612915,219.39999389648438
1763596161394,35.193169427293206,-97.43784894680778,325.88793230337825,4.480926036834717,219.39999389648438
1763596161394,35.19317118832657,-97.43784706897117,325.8921126529913,4.456347465515137,218.89999389648438
1763596161394,35.193172531347926,-97.43784567985956,325.8953691844926,4.435432434082031,218.0
1763596161394,35.19317432557903,-97.43784391726223,325.8993512176997,4.406553268432617,213.10000610351562
1763596161394,35.193175691730005,-97.43784259907541,325.9019903258756,4.382336616516113,205.8000030517578
1763596161394,35.193177409316796,-97.43784101711718,325.90615651828244,4.357538223266602,195.60000610351562
1763596161394,35.19317909865131,-97.43783951714106,325.910852167067,4.329622745513916,182.5
1763596161394,35.19318050763174,-97.43783827527838,325.91388617835,4.309130668640137,170.89999389648438
1763596161394,35.19318219570594,-97.43783686511593,325.91874086496523,4.284701347351074,153.0
1763596161394,35.19318386155483,-97.43783549129284,325.92358117572684,4.269829750061035,138.89999389648438
1763596161394,35.19318546004375,-97.43783419258385,325.9285578053467,4.254435062408447,125.9000015258789
1763596161394,35.19318714504314,-97.43783280272669,325.93392553108345,4.242397308349609,113.80000305175781
1763596161394,35.19318856332548,-97.4378315984035,325.9384007339116,4.242191314697266,104.9000015258789
1763596161394,35.19319020085672,-97.43783020279045,325.94380544642166,4.240691661834717,95.0
1763596161394,35.193191774057155,-97.43782882337612,325.9490075527072,4.239294052124023,86.0
1763596161394,35.19319341787609,-97.43782734440063,325.95370546343804,4.234254360198975,77.30000305175781
1763596161394,35.193194829300204,-97.43782605590178,325.9576012680572,4.228794574737549,67.19999694824219
1763596162394,35.19319623509033,-97.4378255734524,325.90772971662204,4.225426197052002,60.5
1763596162394,35.193197980500436,-97.43782405364593,325.9133275740501,4.222919940948486,50.5
1763596162394,35.19319925556276,-97.4378229087864,325.9166682937367,4.224196434020996,43.599998474121094
1763596162394,35.193200992702764,-97.43782137574658,325.92163933777056,4.2265400886535645,33.0
1763596162394,35.19320238719751,-97.43782013887949,325.92649871705,4.224104404449463,23.5
1763596162394,35.19320403340946,-97.43781869225776,325.9307580018871,4.222431182861328,13.5
1763596162394,35.19320566100031,-97.43781724971045,325.93590091008554,4.226228713989258,2.9000000953674316
1763596162394,35.19320707097143,-97.43781598866873,325.9413639710665,4.229674816131592,-5.5
1763596162394,35.19320870185523,-97.4378145005496,325.9458261029842,4.228324890136719,-15.399999618530273
1763596162394,35.193209933112804,-97.4378133886851,325.9513834114958,4.228017807006836,-23.700000762939453
1763596162394,35.19321145328987,-97.43781198829647,325.95842273590335,4.230302333831787,-36.29999923706055
1763596162394,35.19321304639727,-97.4378104734731,325.9659741029014,4.232372283935547,-49.20000076293945
1763596162394,35.19321452596304,-97.43780902491694,325.9720768391257,4.231097221374512,-61.29999923706055
1763596162394,35.19321608610357,-97.43780748859704,325.9790727336853,4.23135232925415,-74.80000305175781
1763596162394,35.193217583812626,-97.43780597428868,325.9862385777433,4.230432510375977,-89.4000015258789
1763596162394,35.19321871522554,-97.43780481038233,325.9917925647922,4.231293201446533,-102.0999984741211
1763596162394,35.19322020678763,-97.43780323666707,325.9985548260842,4.235691070556641,-118.5
1763596162394,35.19322153792284,-97.43780175736671,326.00349361834543,4.232884883880615,-137.1999969482422
1763596162394,35.193222945860555,-97.43780009107974,326.0086551390645,4.229758262634277,-148.10000610351562
1763596162394,35.19322427321169,-97.43779844457,326.01351181796605,4.225157737731934,-159.3000030517578
1763596163394,35.193225469484815,-97.43779545161883,325.9158750123625,4.219120979309082,-169.10000610351562
1763596163394,35.19322673680289,-97.43779361399251,325.91935332945314,4.216815948486328,-174.6999969482422
1763596163394,35.19322777773258,-97.43779202238366,325.9225779053189,4.216862678527832,-177.8000030517578
1763596163394,35.19322901669752,-97.43779002063049,325.9265514045846,4.216833591461182,-180.6999969482422
1763596163394,35.19322999659576,-97.4377883477254,325.9298845013218,4.217751502990723,-181.8000030517578
1763596163394,35.193231032059074,-97.43778651072797,325.93401074388765,4.222054958343506,-182.1999969482422
1763596163394,35.19323210411842,-97.43778452342396,325.9383998229398,4.218273162841797,-182.1999969482422
1763596163394,35.193233088565414,-97.43778263269228,325.9420380221173,4.211077690124512,-182.1999969482422
1763596163394,35.193234086653064,-97.43778066486388,325.9457263853105,4.210109233856201,-181.89999389648438
1763596163394,35.19323501778299,-97.43777878600113,325.94930946762196,4.2121806144714355,-181.89999389648438
1763596163394,35.19323597650466,-97.4377767968952,325.9528541247863,4.209773540496826,-181.1999969482422
1763596163394,35.19323686436298,-97.43777490337159,325.95586141809804,4.207462310791016,-180.10000610351562
1763596163394,35.19323781356693,-97.43777278702481,325.95864017061695,4.210740566253662,-178.3000030517578
1763596163394,35.19323852723683,-97.43777115772156,325.9606048563046,4.2121663093566895,-175.6999969482422
1763596163394,35.19323944521876,-97.4377689565304,325.9631921758084,4.2090744972229,-171.60000610351562
1763596163394,35.1932403507948,-97.43776669840182,325.96607802555735,4.20743465423584,-166.89999389648438
1763596163394,35.193241017242684,-97.43776501835347,325.9686589207763,4.208343505859375,-161.8000030517578
1763596163394,35.193241824590686,-97.43776287498663,325.9704172607926,4.204763412475586,-153.1999969482422
1763596163394,35.19324261243239,-97.43776068517549,325.97194889378517,4.208322525024414,-142.0
1763596164394,35.193244914091856,-97.43775566005856,325.8511384556306,4.219714164733887,-121.80000305175781
1763596164394,35.19324546529634,-97.43775406491257,325.85134017201074,4.223393440246582,-112.5999984741211
1763596164394,35.19324598390561,-97.43775256194445,325.85188410098914,4.223562240600586,-106.0
1763596164394,35.19324674836746,-97.43775037220206,325.85330189459944,4.231225490570068,-94.5999984741211
1763596164394,35.193247395616275,-97.43774852463308,325.8539844720224,4.236136436462402,-87.0
1763596164394,35.19324819218792,-97.43774631594192,325.8553685434173,4.2368645668029785,-80.4000015258789
1763596164394,35.193248996472676,-97.43774412980393,325.8573539582901,4.242556095123291,-72.80000305175781
1763596164394,35.19324965454339,-97.43774232967834,325.86019566934993,4.242736339569092,-68.69999694824219
1763596164394,35.19325045160959,-97.43774015166073,325.86199525309524,4.244056224822998,-59.70000076293945
1763596164394,35.19325124801822,-97.43773798242862,325.86377801064464,4.247707366943359,-52.099998474121094
1763596164394,35.19325202553509,-97.43773581196898,325.86542252383856,4.250159740447998,-45.099998474121094
1763596164394,35.19325282376045,-97.43773359561325,325.8665633567855,4.254075527191162,-39.0
1763596164394,35.19325346364489,-97.43773177570894,325.86790465814175,4.256459712982178,-34.5
1763596164394,35.19325425921323,-97.4377295621267,325.87022924941004,4.256720542907715,-28.100000381469727
1763596164394,35.1932550529801,-97.43772732604062,325.87247571821814,4.259042263031006,-22.899999618530273
1763596164394,35.19325571821515,-97.43772551422478,325.8747730822911,4.255678176879883,-17.600000381469727
1763596164394,35.19325650895443,-97.43772334125444,325.87705835557114,4.2620697021484375,-12.0
1763596164394,35.19325728720344,-97.43772117882123,325.87936588936265,4.2629241943359375,-6.099999904632568
1763596164394,35.193258034094725,-97.43771914668312,325.8818677395754,4.266763687133789,-1.5
1763596164394,35.193258839603196,-97.43771701270988,325.8843943107517,4.270196437835693,4.0
1763596164394,35.193259682099864,-97.43771481732358,325.88606621054714,4.2772040367126465,10.199999809265137
1763596165394,35.1932610395566,-97.43771061424664,325.7732705380596,4.286233425140381,14.600000381469727
1763596165394,35.19326170943935,-97.43770885911363,325.771774495013,4.297341346740723,18.0
1763596165394,35.19326258374143,-97.43770659904051,325.76911136433716,4.313095569610596,22.100000381469727
1763596165394,35.19326347723553,-97.43770431373858,325.7674116033325,4.322497367858887,26.0
1763596165394,35.193264364881145,-97.43770207426459,325.7655989695311,4.332024097442627,30.399999618530273
1763596165394,35.193265121945394,-97.43770018683631,325.76425720951306,4.347593784332275,33.599998474121094
1763596165394,35.19326603996663,-97.43769795726502,325.7622565713031,4.3619303703308105,36.0
1763596165394,35.19326695786154,-97.43769576391537,325.76127128450145,4.376143455505371,39.099998474121094
1763596165394,35.19326787978944,-97.4376935745909,325.7604783076905,4.398829936981201,44.099998474121094
1763596165394,35.19326890205462,-97.43769120118226,325.76016605606867,4.413171291351318,49.5
1763596165394,35.19326969348959,-97.43768943811233,325.7590130798004,4.432667255401611,55.0
1763596165394,35.193270682342146,-97.43768722306713,325.7570797243648,4.4461541175842285,65.9000015258789
1763596165394,35.19327162744209,-97.43768508221876,325.7568790546024,4.455305099487305,78.0
1763596165394,35.19327266005299,-97.43768283030882,325.75693768416517,4.458704948425293,90.5
1763596165394,35.1932735396506,-97.43768098713655,325.7575541300236,4.464260101318359,103.0999984741211
1763596165394,35.19327466474743,-97.43767875278817,325.7571049939936,4.466654300689697,114.5999984741211
1763596165394,35.193275811044465,-97.43767658757591,325.7570202047864,4.469492435455322,125.0999984741211
1763596165394,35.1932767790787,-97.43767485146198,325.7568791858911,4.466284275054932,133.10000610351562
1763596165394,35.1932779819104,-97.43767279863296,325.75630055449506,4.464661598205566,143.10000610351562
1763596166394,35.19328204324642,-97.43766947908138,325.6729622905929,4.460262298583984,162.89999389648438
1763596166394,35.19328243954125,-97.43766888650978,325.67297762458816,4.4612812995910645,167.3000030517578
1763596166394,35.19328383038905,-97.43766688668009,325.6722296840238,4.463795185089111,178.60000610351562
1763596166394,35.193285244283906,-97.43766494530833,325.67219020700674,4.464365005493164,188.5
1763596166394,35.193286600284665,-97.43766316579296,325.67201077506866,4.446926116943359,205.0
1763596166394,35.19328803213099,-97.43766139451877,325.67208974716186,4.432661056518555,218.89999389648438
1763596166394,35.19328962232608,-97.43765955099795,325.67154237437916,4.421858310699463,232.10000610351562
1763596166394,35.19329095393796,-97.43765809705157,325.6708814179192,4.4151835441589355,241.1999969482422
1763596166394,35.19329258101959,-97.43765643811524,325.67029929694326,4.396448612213135,251.60000610351562
1763596166394,35.193294287992764,-97.43765483675713,325.6706596416103,4.377083778381348,257.6000061035156
1763596166394,35.19329600483263,-97.43765334624158,325.6720199299736,4.360548973083496,261.8999938964844
1763596166394,35.193297489310666,-97.437652153277,325.6738161836767,4.351078510284424,264.6000061035156
1763596166394,35.19329916138477,-97.43765089396727,325.6755127843589,4.338225364685059,267.5
1763596166394,35.193301011839516,-97.43764959128504,325.67747929311616,4.31831693649292,269.70001220703125
1763596166394,35.19330274675045,-97.43764844736526,325.6798772728,4.303075790405273,271.20001220703125
1763596166394,35.193304570570106,-97.43764731633084,325.6824567702528,4.296578407287598,271.70001220703125
1763596166394,35.19330643787227,-97.43764622494791,325.6853628716786,4.3022780418396,271.70001220703125
1763596166394,35.193308007354375,-97.43764536439731,325.6877181304677,4.3226094245910645,271.70001220703125
1763596166394,35.19330991525021,-97.43764436537641,325.6912810939657,4.349481582641602,271.70001220703125
1763596166394,35.193311857046766,-97.43764341314122,325.69525755136584,4.3659257888793945,271.70001220703125
1763596167394,35.193314905320236,-97.43764213330577,325.665100588672,4.392364501953125,268.1000061035156
1763596167394,35.19331533078291,-97.43764193199924,325.6665905872198,4.396442890167236,266.70001220703125
1763596167394,35.19331735006763,-97.43764114334135,325.6711300706835,4.412845611572266,255.89999389648438
1763596167394,35.19331940216038,-97.43764040566107,325.6754166929615,4.427886962890625,233.3000030517578
1763596167394,35.19332119708266,-97.43763981685225,325.6794086626107,4.435980319976807,209.89999389648438
1763596167394,35.19332328059695,-97.43763916245132,325.6836570027805,4.440212249755859,186.89999389648438
1763596167394,35.19332536577097,-97.43763852367455,325.688069933676,4.443647861480713,163.5
1763596167394,35.19332710856583,-97.43763797683918,325.69169236860864,4.441985130310059,153.60000610351562
1763596167394,35.1933292031855,-97.437637308491,325.6960639761328,4.431830883026123,132.6999969482422
1763596167394,35.19333124056422,-97.43763663748885,325.70063968066887,4.418226718902588,113.9000015258789
1763596167394,35.19333298450268,-97.43763603586885,325.70444681774956,4.402600288391113,95.0
1763596167394,35.19333500082533,-97.43763533346677,325.7087331852103,4.382187843322754,75.5999984741211
1763596167394,35.193337004407695,-97.43763463091348,325.7130699162129,4.364076137542725,59.5
1763596167394,35.19333899321677,-97.43763391961019,325.71768122580994,4.340402603149414,31.299999237060547
1763596167394,35.19334063683241,-97.43763333015049,325.72184099408173,4.32622766494751,14.100000381469727
1763596167394,35.19334260306051,-97.4376326222324,325.7265292602125,4.309679985046387,-7.5
1763596167394,35.19334453674049,-97.43763186970209,325.73220358539834,4.290942192077637,-28.299999237060547
1763596167394,35.19334662794357,-97.43763101370048,325.73922890119525,4.265539169311523,-51.20000076293945
1763596167394,35.193348140852024,-97.43763042548468,325.74525832789453,4.239969253540039,-66.30000305175781
1763596167394,35.19335006587686,-97.4376295565276,325.7497893709976,4.216276168823242,-85.4000015258789
1763596167394,35.19335162408998,-97.43762881778244,325.7532254294417,4.1977314949035645,-104.30000305175781
1763596168394,35.193352459241815,-97.43762766934253,325.67443785392396,4.180612087249756,-122.9000015258789
1763596168394,35.19335393317183,-97.43762682179425,325.67782546814453,4.165561199188232,-137.39999389648438
1763596168394,35.19335568745425,-97.43762575253598,325.681962279022,4.147250175476074,-154.8000030517578
1763596168394,35.193357389766014,-97.4376246320848,325.6867208415922,4.125075340270996,-173.10000610351562
1763596168394,35.19335864967115,-97.43762374345671,325.69102702306117,4.109957218170166,-183.39999389648438
1763596168394,35.19336035348487,-97.43762243343886,325.696589050947,4.083552360534668,-197.5
1763596168394,35.193361962320736,-97.43762110364678,325.7014575267842,4.056579113006592,-208.60000610351562
1763596168394,35.19336315239729,-97.43762005393091,325.70489366236467,4.032962799072266,-218.89999389648438
1763596168394,35.193364662626315,-97.43761862452672,325.70897437410446,4.019260406494141,-226.60000610351562
1763596168394,35.193366082146476,-97.43761719107607,325.71296293985654,3.9995477199554443,-237.1999969482422
1763596168394,35.19336745973598,-97.43761572147395,325.7170594662473,3.9767649173736572,-245.60000610351562
1763596168394,35.19336865491879,-97.43761437715713,325.7210889501237,3.9519710540771484,-252.0
1763596168394,35.193369962380416,-97.43761281347471,325.7242408110213,3.915485382080078,-260.70001220703125
1763596168394,35.19337121143652,-97.43761123153541,325.72730998855263,3.892355442047119,-266.6000061035156
1763596168394,35.19337219400981,-97.43760990856725,325.72866557851347,3.8756613731384277,-270.8999938964844
1763596168394,35.19337338021586,-97.43760821382985,325.7302071341149,3.8565993309020996,-273.20001220703125
1763596168394,35.193374487465604,-97.43760651859587,325.73176955465505,3.8364737033843994,-273.70001220703125
1763596168394,35.19337535529332,-97.4376051015659,325.7331361658803,3.8188304901123047,-273.70001220703125
1763596168394,35.19337636850018,-97.43760337213206,325.7349925179611,3.8027634620666504,-273.29998779296875
1763596168394,35.193377334261385,-97.43760164269406,325.73641734054644,3.7915289402008057,-272.6000061035156
1763596169394,35.19337783586984,-97.43759944560264,325.67999062663534,3.770761251449585,-271.29998779296875
1763596169394,35.19337863447281,-97.43759787848468,325.68025232043647,3.7584142684936523,-270.20001220703125
1763596169394,35.19337951183942,-97.43759607084732,325.6814908878764,3.749516725540161,-268.70001220703125
1763596169394,35.19338034774128,-97.43759423711495,325.6825455848626,3.7409677505493164,-266.8999938964844
1763596169394,35.193381043690074,-97.4375926540158,325.68395083622937,3.7361772060394287,-265.1000061035156
1763596169394,35.19338182178448,-97.43759081393148,325.68543999323225,3.732205629348755,-263.0
1763596169394,35.1933826230987,-97.43758880467068,325.68672240048755,3.727562665939331,-260.70001220703125
1763596169394,35.19338319963834,-97.43758731551128,325.68799169163407,3.7184579372406006,-259.29998779296875
1763596169394,35.19338390274461,-97.43758536754086,325.6888301712112,3.7071847915649414,-257.8999938964844
1763596169394,35.193384562620935,-97.43758341630699,325.6885535147605,3.7038283348083496,-256.70001220703125
1763596169394,35.1933850991201,-97.43758180613145,325.68762736382456,3.703958749771118,-255.6999969482422
1763596169394,35.19338571684647,-97.43757985156331,325.6860671461401,3.7118184566497803,-253.60000610351562
1763596169394,35.1933863046538,-97.43757791727485,325.6850600926935,3.7171568870544434,-251.1999969482422
1763596169394,35.19338684404613,-97.43757620927381,325.6846241835708,3.7192211151123047,-248.5
1763596169394,35.19338744540545,-97.43757401466303,325.6832873222235,3.7222020626068115,-245.39999389648438
1763596169394,35.19338789578431,-97.4375723924885,325.681914343101,3.7216570377349854,-242.6999969482422
1763596169394,35.19338845084347,-97.43757024338532,325.6795397857007,3.733799934387207,-236.89999389648438
1763596169394,35.19338891050419,-97.4375685814807,325.6780178499789,3.73781418800354,-234.0
1763596169394,35.193389456664406,-97.43756650323766,325.6763743712245,3.7468459606170654,-227.5
1763596170394,35.19339090490541,-97.43756156113375,325.5434134022014,3.7698113918304443,-215.1999969482422
1763596170394,35.19339111150605,-97.43756052365103,325.54217995502614,3.7742512226104736,-211.1999969482422
1763596170394,35.19339144170605,-97.43755873850648,325.53889194029716,3.7886648178100586,-200.0
1763596170394,35.19339182016548,-97.43755660373208,325.53521777915006,3.8019299507141113,-187.1999969482422
1763596170394,35.19339219976681,-97.43755436994816,325.5315994649289,3.816876173019409,-173.6999969482422
1763596170394,35.19339250220596,-97.43755251962502,325.5287915674282,3.835582971572876,-160.5
1763596170394,35.1933928289966,-97.43755034726992,325.5259687420852,3.8523941040039062,-147.10000610351562
1763596170394,35.1933931495537,-97.4375481620929,325.52365355427435,3.866084098815918,-133.10000610351562
1763596170394,35.193393428850904,-97.43754635587024,325.52094877334184,3.8765485286712646,-121.19999694824219
1763596170394,35.19339376574016,-97.43754415474785,325.5183741514719,3.891493558883667,-105.0999984741211
1763596170394,35.193394088493164,-97.43754195375156,325.51623460939993,3.9152112007141113,-84.5999984741211
1763596170394,35.19339442054566,-97.43753975490434,325.5136372231902,3.930006742477417,-68.4000015258789
1763596170394,35.19339476947094,-97.43753754198475,325.5118389574103,3.943887710571289,-52.900001525878906
1763596170394,35.1933951251373,-97.43753568451234,325.51089013901793,3.9634220600128174,-37.099998474121094
1763596170394,35.19339552108028,-97.43753343703646,325.5098036886185,3.9926578998565674,-20.399999618530273
1763596170394,35.193395940473316,-97.43753117070192,325.50982019627247,4.020729064941406,-3.4000000953674316
1763596170394,35.19339636625766,-97.4375289419729,325.50941575931023,4.045482158660889,13.699999809265137
1763596170394,35.19339676376669,-97.43752701186925,325.5095421181058,4.0635666847229,26.799999237060547
1763596170394,35.193397203799194,-97.43752471108056,325.50966665229896,4.092929363250732,46.29999923706055
1763596170394,35.19339766695673,-97.43752254109947,325.5094878691217,4.118655204772949,64.0999984741211
1763596171394,35.1933989415382,-97.43751847379446,325.4757608541626,4.152538776397705,93.4000015258789
1763596171394,35.1933991454007,-97.43751757125911,325.476538889751,4.160697937011719,100.30000305175781
1763596171394,35.193399659821374,-97.43751567339471,325.4759375979678,4.173115253448486,113.5999984741211
1763596171394,35.19340032534826,-97.43751339022991,325.47472713246844,4.187076568603516,129.1999969482422
1763596171394,35.19340105404396,-97.43751109731308,325.4734455717921,4.199166774749756,147.1999969482422
1763596171394,35.193401836844096,-97.43750882017456,325.47193359344715,4.206464767456055,161.5
1763596171394,35.19340253906805,-97.4375069392416,325.47031308748524,4.217810153961182,176.39999389648438
1763596171394,35.19340338236204,-97.43750481859496,325.46925234673097,4.2251458168029785,192.60000610351562
1763596171394,35.19340433436828,-97.43750260830988,325.46926623575547,4.232027530670166,209.0
1763596171394,35.19340526149975,-97.43750060549742,325.46966201594785,4.23940372467041,225.0
1763596171394,35.19340631158283,-97.4374985128594,325.4699897020588,4.250982284545898,239.89999389648438
1763596171394,35.193407491091435,-97.43749636214382,325.47034225335676,4.257583141326904,252.5
1763596171394,35.19340846108829,-97.43749470049113,325.4713917469987,4.267594814300537,263.1000061035156
1763596171394,35.193409728358766,-97.43749269448762,325.4730738176531,4.27248477935791,272.0
1763596171394,35.19341110455564,-97.43749067974315,325.47513149098626,4.283237457275391,279.70001220703125
1763596171394,35.19341220897668,-97.43748916468654,325.47731950972224,4.289910793304443,284.79998779296875
1763596171394,35.19341365630836,-97.43748729728125,325.4799788480332,4.300137042999268,291.20001220703125
1763596171394,35.193414999914104,-97.43748566037078,325.48251386101066,4.308291435241699,294.79998779296875
1763596171394,35.193416504696266,-97.43748393255798,325.48550397679975,4.310423851013184,298.3999938964844
1763596171394,35.193418087108675,-97.43748223174575,325.4884843509543,4.317081451416016,300.79998779296875
1763596171394,35.19341970036185,-97.43748060955367,325.4910685480253,4.33077335357666,301.8999938964844
1763596171394,35.19342110883613,-97.4374792648731,325.4940982328163,4.333316326141357,301.8999938964844
1763596171394,35.1934228044331,-97.43747773986154,325.49796986574665,4.331230163574219,301.8999938964844
1763596172394,35.19342476518965,-97.43747686920084,325.50800839723735,4.328708648681641,301.8999938964844
1763596172394,35.193426594155866,-97.43747544277045,325.51250564787455,4.319196701049805,301.8999938964844
1763596172394,35.19342811327922,-97.43747432774374,325.5160142890015,4.314778804779053,301.8999938964844
1763596172394,35.19342996753796,-97.43747304301696,325.51961232485394,4.303527355194092,301.79998779296875
1763596172394,35.19343184021806,-97.43747181607883,325.5230647845887,4.292508602142334,301.70001220703125
1763596172394,35.193433679159945,-97.43747070474751,325.526182517246,4.284275531768799,301.3999938964844
1763596172394,35.19343529124817,-97.43746979317275,325.5292529243493,4.274621963500977,300.79998779296875
1763596172394,35.1934371965522,-97.43746879770787,325.5339616934857,4.263832092285156,299.79998779296875
1763596172394,35.1934391774665,-97.43746785523115,325.5398191543734,4.252876281738281,298.8999938964844
1763596172394,35.19344089890589,-97.43746709503073,325.5451290261863,4.238191604614258,297.3999938964844
1763596172394,35.19344286074758,-97.43746629966175,325.55088696980374,4.223226547241211,295.6000061035156
1763596172394,35.1934448373563,-97.43746556665276,325.5566325164209,4.2144365310668945,293.8999938964844
1763596172394,35.19344652518065,-97.43746499317692,325.56143773595034,4.207139492034912,292.79998779296875
1763596172394,35.19344854875183,-97.437464375621,325.56698843477227,4.200922012329102,291.79998779296875
1763596172394,35.19345071222931,-97.43746378630927,325.573004125558,4.1993608474731445,291.3999938964844
1763596172394,35.1934523008319,-97.43746338499321,325.57839417241627,4.202661037445068,291.1000061035156
1763596172394,35.19345428766611,-97.43746293043196,325.58462290885336,4.205638408660889,290.20001220703125
1763596172394,35.19345633789287,-97.43746250852539,325.5919541555118,4.2057013511657715,288.1000061035156
1763596172394,35.193458397978844,-97.43746216078527,325.59866102016224,4.208040714263916,284.79998779296875
1763596172394,35.19346011877807,-97.43746189960399,325.60457772203233,4.208835124969482,280.5
1763596173394,35.19346214135031,-97.43746274146487,325.5760312861277,4.219839096069336,272.29998779296875
1763596173394,35.19346423917434,-97.43746261156093,325.58168586808875,4.237761974334717,258.20001220703125
1763596173394,35.19346598479183,-97.43746254142307,325.58632398743373,4.2520036697387695,242.39999389648438
1763596173394,35.19346808085891,-97.43746249908848,325.59233013684053,4.2671942710876465,223.8000030517578
1763596173394,35.193470162394036,-97.43746249074074,325.5984125943247,4.281682968139648,206.10000610351562
1763596173394,35.1934718715773,-97.43746249378367,325.6038429275084,4.285408973693848,194.10000610351562
1763596173394,35.19347390184694,-97.43746248950605,325.6107320852934,4.2816362380981445,182.10000610351562
1763596173394,35.19347600091342,-97.43746248788645,325.6185761191902,4.273733615875244,171.6999969482422
1763596173394,35.1934780925277,-97.43746248146016,325.62571506592593,4.258134841918945,158.10000610351562
1763596173394,35.19347979431128,-97.43746246738486,325.63138083673334,4.246637344360352,150.0
1763596173394,35.19348187493947,-97.4374624762167,325.63800711672945,4.2292160987854,139.60000610351562
1763596173394,35.193483949031005,-97.43746252010943,325.6449974261527,4.217126846313477,129.5
1763596173394,35.19348565294225,-97.4374625588395,325.6508606879755,4.194608688354492,119.0999984741211
1763596173394,35.19348765865141,-97.43746262574463,325.6581318412969,4.1830878257751465,110.5
1763596173394,35.19348964042476,-97.43746267617578,325.66503267519033,4.1603288650512695,97.19999694824219
1763596173394,35.19349159274431,-97.43746277564466,325.67242897924564,4.141730785369873,86.19999694824219
1763596173394,35.19349358151551,-97.43746287647143,325.67931738503535,4.12971830368042,74.69999694824219
1763596173394,35.193495198641735,-97.43746296003921,325.6853584333434,4.121038913726807,65.0
1763596173394,35.19349714689563,-97.43746308212607,325.6921419376366,4.109227657318115,49.400001525878906
1763596173394,35.19349907789158,-97.43746323128823,325.69968091359254,4.107794761657715,35.70000076293945
1763596174394,35.19349986094009,-97.43746660601751,325.56481311991047,4.110842704772949,18.5
1763596174394,35.19350146519694,-97.43746667375424,325.5700736505748,4.117286205291748,6.599999904632568
1763596174394,35.19350344077407,-97.43746675997924,325.57513027158086,4.124146461486816,-8.100000381469727
1763596174394,35.19350539103603,-97.43746681227995,325.58029500352507,4.132015705108643,-22.899999618530273
1763596174394,35.19350700958652,-97.43746684704011,325.58522639887855,4.14232063293457,-35.79999923706055
1763596174394,35.19350915414113,-97.4374668655319,325.5921144741714,4.156893253326416,-60.599998474121094
1763596174394,35.19351158745631,-97.43746685596223,325.6001836636346,4.165430545806885,-82.80000305175781
1763596174394,35.193512923154486,-97.43746680508615,325.60573445653455,4.168520927429199,-98.19999694824219
1763596174394,35.19351443329402,-97.43746671584995,325.61113031337254,4.174829483032227,-113.9000015258789
1763596174394,35.19351639020131,-97.43746652505104,325.61668434493873,4.184100151062012,-133.1999969482422
1763596174394,35.193518335918775,-97.43746627875774,325.6223229642819,4.193499565124512,-154.60000610351562
1763596174394,35.19352065963508,-97.43746589063153,325.62876239017487,4.203644752502441,-172.0
1763596174394,35.19352194594956,-97.4374656374001,325.6338675612485,4.204127788543701,-179.0
1763596174394,35.193523878371714,-97.43746518137615,325.6394260213265,4.208436489105225,-189.60000610351562
1763596174394,35.19352545844068,-97.43746474892649,325.6434265188682,4.213054656982422,-197.8000030517578
1763596174394,35.19352735971876,-97.43746415509692,325.64730258884344,4.224061012268066,-209.89999389648438
1763596174394,35.19352928049217,-97.43746346769713,325.65125689075575,4.23142147064209,-220.8000030517578
1763596174394,35.19353084986087,-97.43746284387954,325.6549561132941,4.233964443206787,-226.10000610351562
1763596174394,35.19353272981283,-97.4374620155598,325.65907712561255,4.245911121368408,-235.6999969482422
1763596174394,35.19353457827886,-97.43746113054627,325.66293101632374,4.251452922821045,-242.60000610351562
1763596175394,35.19353679736497,-97.43746104567255,325.6009497390636,4.259090900421143,-248.89999389648438
1763596175394,35.19353856359188,-97.4374600754294,325.6024955761836,4.262413024902344,-255.0
1763596175394,35.19354032240828,-97.43745903983381,325.60357012297226,4.265458106994629,-260.5
1763596175394,35.19354180769122,-97.4374581015892,325.6050786153287,4.280590534210205,-263.79998779296875
1763596175394,35.19354353359498,-97.43745693433266,325.60680131433884,4.291641712188721,-266.6000061035156
1763596175394,35.1935452861888,-97.43745565150074,325.6087188596761,4.298344135284424,-269.0
1763596175394,35.193546703847474,-97.43745453760305,325.609880614384,4.294216632843018,-269.79998779296875
1763596175394,35.19354832576486,-97.4374531827642,325.61114974118226,4.288755893707275,-270.3999938964844
1763596175394,35.19354994936128,-97.43745174570503,325.6126592627959,4.2910871505737305,-270.6000061035156
1763596175394,35.19355127694113,-97.43745050603127,325.6145319234037,4.2928595542907715,-270.6000061035156
1763596175394,35.19355282118456,-97.43744898648488,325.6160970320451,4.292457103729248,-270.70001220703125
1763596175394,35.19355437259077,-97.43744737553875,325.61772977583735,4.297162055969238,-270.6000061035156
1763596175394,35.19355559016283,-97.43744605677885,325.61924899375833,4.301949501037598,-270.70001220703125
1763596175394,35.19355702278598,-97.43744442292777,325.6201678828097,4.299361228942871,-270.3999938964844
1763596175394,35.19355843388491,-97.43744271615448,325.6209100553426,4.285120010375977,-269.5
1763596175394,35.19355977986075,-97.4374409975883,325.62170982996116,4.281125545501709,-267.20001220703125
1763596175394,35.19356088402444,-97.43743951557445,325.62224813486915,4.27913761138916,-263.0
1763596175394,35.19356224376051,-97.43743757521942,325.6222958688063,4.267242431640625,-253.89999389648438
1763596175394,35.193563285843425,-97.43743601972936,325.62280750408695,4.260236740112305,-246.1999969482422
1763596175394,35.193564491932165,-97.43743413561829,325.62320936964755,4.261222839355469,-233.39999389648438
1763596176394,35.19356546296877,-97.43743208852419,325.60097841813274,4.267468452453613,-224.39999389648438
1763596176394,35.19356713062216,-97.43742926143533,325.6004288840462,4.270009994506836,-207.39999389648438
1763596176394,35.19356770855946,-97.43742828513659,325.6003747686614,4.2689385414123535,-202.0
1763596176394,35.193568635904825,-97.4374266883657,325.5996839420385,4.264448165893555,-195.60000610351562
1763596176394,35.19356974967116,-97.43742473041112,325.5981927655008,4.269129753112793,-187.5
1763596176394,35.193570882430464,-97.4374227255416,325.59685025592677,4.275346755981445,-181.39999389648438
1763596176394,35.19357186914962,-97.43742102876394,325.5958700908489,4.281117916107178,-176.3000030517578
1763596176394,35.19357299437437,-97.43741906641156,325.5937232517923,4.284256458282471,-169.60000610351562
1763596176394,35.19357411959442,-97.43741705674604,325.59185282258227,4.286173343658447,-162.6999969482422
1763596176394,35.19357505178201,-97.43741538762599,325.590922516764,4.295790672302246,-157.0
1763596176394,35.19357616831165,-97.43741335791917,325.5895162261349,4.31356954574585,-149.60000610351562
1763596176394,35.19357726535195,-97.43741129894491,325.5883978873425,4.325832366943359,-139.89999389648438
1763596176394,35.19357832045193,-97.43740928707895,325.5864625908903,4.338160514831543,-128.89999389648438
1763596176394,35.19357938343354,-97.43740720205544,325.5841775792495,4.354256629943848,-118.9000015258789
1763596176394,35.19358026796423,-97.43740543259341,325.5822626460882,4.365095138549805,-110.80000305175781
1763596176394,35.193581286675105,-97.43740334437611,325.5804700430266,4.372826099395752,-100.5
1763596176394,35.193582274349446,-97.43740124497043,325.5793003772353,4.377971172332764,-90.0999984741211
1763596176394,35.193583272949006,-97.43739915634234,325.5790922280937,4.382318019866943,-80.0
1763596176394,35.19358410757383,-97.4373974497146,325.57862740152416,4.375604629516602,-71.9000015258789
1763596176394,35.19358515339568,-97.43739527596516,325.5769636471118,4.37813138961792,-58.0
1763596177394,35.193588362828905,-97.43739254574696,325.39435402256385,4.369075298309326,-45.0
1763596177394,35.19358942918434,-97.43739037597841,325.39407359522244,4.356269836425781,-31.600000381469727
1763596177394,35.193590302676455,-97.43738859527116,325.3944948739308,4.346219539642334,-19.0
1763596177394,35.19359138665047,-97.4373864208911,325.3953191341002,4.335409641265869,-8.0
1763596177394,35.19359246961276,-97.43738428066932,325.39699938802426,4.318752765655518,4.099999904632568
1763596177394,35.193593358850634,-97.43738251929979,325.40011291828563,4.305025100708008,11.699999809265137
1763596177394,35.19359442917373,-97.43738043763,325.4034489203782,4.288583278656006,21.299999237060547
1763596177394,35.19359550287744,-97.43737836443609,325.40676514069617,4.276286602020264,30.600000381469727
1763596177394,35.19359661945532,-97.43737631309949,325.408719623354,4.262859344482422,39.70000076293945
1763596177394,35.19359753217584,-97.43737465792833,325.41179253543356,4.252734184265137,47.29999923706055
1763596177394,35.193598673951044,-97.43737267921813,325.4139598504335,4.235328674316406,59.400001525878906
1763596177394,35.19359985037756,-97.43737070598617,325.4150143569626,4.2181925773620605,70.0
1763596177394,35.193600848663415,-97.43736902751495,325.4167898502383,4.204747200012207,80.80000305175781
1763596177394,35.193602037916676,-97.437367113932,325.41833464027326,4.1916728019714355,90.69999694824219
1763596177394,35.19360320688826,-97.43736526817385,325.4195145462076,4.183194160461426,98.9000015258789
1763596177394,35.19360440855947,-97.43736343915438,325.4197962360963,4.173184394836426,105.9000015258789
1763596177394,35.19360564353431,-97.437361624339,325.4208609698122,4.172146797180176,111.5999984741211
1763596177394,35.19360692876952,-97.43735982485047,325.4216482748735,4.177226543426514,117.4000015258789
1763596177394,35.19360805960165,-97.43735828473838,325.4226949347539,4.179614067077637,120.9000015258789
1763596177394,35.19360937832117,-97.43735656029106,325.42312392996763,4.183809280395508,124.5
1763596178394,35.19361073033894,-97.43735498518562,325.39739601098074,4.194299221038818,127.30000305175781
1763596178394,35.19361215418249,-97.437353258094,325.39791923413804,4.207757472991943,128.8000030517578
1763596178394,35.193613360744926,-97.43735182834983,325.39841779194256,4.221127033233643,129.3000030517578
1763596178394,35.193614790711145,-97.43735017835162,325.3987479785442,4.23688268661499,129.39999389648438
1763596178394,35.19361623601131,-97.4373485391117,325.3987031844265,4.244246006011963,129.39999389648438
1763596178394,35.193617723807876,-97.43734687983995,325.39872873808037,4.250442028045654,129.3000030517578
1763596178394,35.19361923281976,-97.43734522849539,325.3990971559663,4.259579181671143,129.0
1763596178394,35.193620770024864,-97.43734357855931,325.39919212722725,4.277203559875488,128.6999969482422
1763596178394,35.193622036777455,-97.43734224336386,325.3995417307647,4.280277252197266,128.6999969482422
1763596178394,35.19362357161338,-97.43734066294337,325.4000521051137,4.286392688751221,128.6999969482422
1763596178394,35.19362514360549,-97.43733907900987,325.40085230273655,4.289412498474121,128.6999969482422
1763596178394,35.19362678289982,-97.43733748042054,325.40249361565367,4.293551921844482,128.6999969482422
1763596178394,35.19362810779618,-97.43733622583665,325.40401622344314,4.293550968170166,128.6999969482422
1763596178394,35.193629740088014,-97.43733471917767,325.40547906587716,4.287860870361328,128.6999969482422
1763596178394,35.1936313856073,-97.43733323875516,325.40660129048894,4.286809921264648,128.6999969482422
1763596178394,35.193632901782365,-97.4373319133996,325.40729883211316,4.284961223602295,128.6999969482422
1763596178394,35.193634551248714,-97.43733050099922,325.4077092704444,4.2854838371276855,128.8000030517578
1763596178394,35.19363623558275,-97.43732909091753,325.4079181437972,4.291308403015137,129.0
1763596179394,35.19363894034552,-97.43732880561795,325.3930867221008,4.305084228515625,129.5
1763596179394,35.19364006894771,-97.43732792538503,325.3937971786942,4.303693771362305,130.10000610351562
1763596179394,35.193641688620616,-97.43732668570351,325.3945069926874,4.303679466247559,131.10000610351562
1763596179394,35.193643484021315,-97.43732534676012,325.39509109128164,4.30989933013916,132.39999389648438
1763596179394,35.19364529347344,-97.43732404387515,325.39545453423995,4.305351257324219,134.10000610351562
1763596179394,35.1936471041472,-97.4373227814623,325.39577789734085,4.305616855621338,136.6999969482422
1763596179394,35.19364863476306,-97.43732174523721,325.39665311450443,4.3039703369140625,138.8000030517578
1763596179394,35.19365045965902,-97.43732055164286,325.39784114564543,4.303861618041992,141.39999389648438
1763596179394,35.193652320785596,-97.43731937944979,325.39954153270764,4.310170650482178,143.89999389648438
1763596179394,35.19365418904709,-97.43731825117047,325.4011293408816,4.318530559539795,146.39999389648438
1763596179394,35.19365575439907,-97.43731733259803,325.40225412041127,4.324761867523193,148.5
1763596179394,35.19365762965908,-97.43731627199098,325.4031898033738,4.324028015136719,151.39999389648438
1763596179394,35.19365949674472,-97.43731525087736,325.4042998206029,4.319309711456299,153.89999389648438
1763596179394,35.19366127632974,-97.43731432201538,325.4049499764569,4.319563388824463,156.0
1763596179394,35.193663213068625,-97.43731335780582,325.4058240565384,4.312576770782471,158.60000610351562
1763596179394,35.193665151392835,-97.43731241339616,325.4069029698834,4.305729389190674,160.5
1763596179394,35.19366684040835,-97.43731163422729,325.4081346961043,4.292731285095215,162.3000030517578
1763596179394,35.19366885554844,-97.43731076270352,325.40997468206206,4.275262832641602,164.10000610351562
1763596179394,35.19367083483091,-97.43730995892695,325.4116414646629,4.262750625610352,166.10000610351562
1763596179394,35.19367243679964,-97.43730934246312,325.4129530173911,4.25346565246582,167.5
1763596179394,35.19367438970211,-97.43730863150329,325.4144834294779,4.241241455078125,169.1999969482422
1763596179394,35.193676373115416,-97.43730795903508,325.41626055383375,4.222053050994873,171.10000610351562
1763596180394,35.19367801520767,-97.43730950835585,325.39176388802434,4.204030990600586,173.10000610351562
1763596180394,35.193679992323474,-97.4373089522241,325.3941955305659,4.188880443572998,175.3000030517578
1763596180394,35.19368160371623,-97.43730852912705,325.3966785021447,4.177475929260254,177.0
1763596180394,35.19368353921926,-97.43730806024082,325.3992107144209,4.151603698730469,179.39999389648438
1763596180394,35.193685509254856,-97.43730761712742,325.4015026297328,4.128190517425537,181.10000610351562
1763596180394,35.19368747769048,-97.43730723368529,325.40347276442265,4.107676982879639,182.39999389648438
1763596180394,35.19368911229928,-97.43730695246744,325.4046129122159,4.092433929443359,183.60000610351562
1763596180394,35.19369107881385,-97.43730666945419,325.40525518615516,4.081532955169678,184.89999389648438
1763596180394,35.19369300693787,-97.43730642960605,325.40577041548977,4.066929340362549,186.5
1763596180394,35.19369494406657,-97.43730622846306,325.4072485381642,4.05292272567749,189.10000610351562
1763596180394,35.193696543802986,-97.43730607276626,325.4093655448149,4.046789169311523,191.10000610351562
1763596180394,35.193698465729945,-97.43730591238388,325.41267524441656,4.038447380065918,193.1999969482422
1763596180394,35.1937004061241,-97.4373057747731,325.4157797329464,4.01807165145874,198.1999969482422
1763596180394,35.19370230166908,-97.4373056790195,325.4185437730354,3.9979281425476074,202.89999389648438
1763596180394,35.19370389052891,-97.43730561746392,325.42089489183047,3.9837939739227295,207.39999389648438
1763596180394,35.193705802575586,-97.43730559692905,325.42477197512994,3.9694015979766846,213.6999969482422
1763596180394,35.19370766156441,-97.43730564287837,325.4290470654171,3.95588755607605,220.5
1763596180394,35.193709551155585,-97.43730576022284,325.43377494066533,3.9607973098754883,226.60000610351562
1763596180394,35.19371144070946,-97.43730594681598,325.4395028938975,3.967128038406372,231.89999389648438
1763596180394,35.19371299720177,-97.43730613324125,325.44446890582884,3.9714841842651367,235.6999969482422
1763596181394,35.1937142507773,-97.43730718386196,325.4256370403308,3.9684667587280273,240.5
1763596181394,35.19371608723676,-97.43730756433612,325.4309412724948,3.9556148052215576,244.8000030517578
1763596181394,35.19371788363717,-97.43730800010485,325.43555542479425,3.9505221843719482,247.39999389648438
1763596181394,35.19371972633603,-97.43730850079403,325.4407150926167,3.9498817920684814,250.89999389648438
1763596181394,35.19372129368418,-97.4373089575056,325.444578304161,3.9537129402160645,253.1999969482422
1763596181394,35.1937231413312,-97.43730955357736,325.4489484182345,3.9681990146636963,256.3999938964844
1763596181394,35.19372494481718,-97.43731020378735,325.45440171576627,3.970353603363037,260.1000061035156
1763596181394,35.19372677621783,-97.43731092421687,325.4600419708569,3.9704384803771973,263.8999938964844
1763596181394,35.19372823793507,-97.43731154646167,325.46438091089004,3.962813138961792,266.79998779296875
1763596181394,35.19373002892333,-97.43731236549236,325.4701160786689,3.9568591117858887,271.8999938964844
1763596181394,35.19373171745525,-97.43731319418946,325.4758445255553,3.9501421451568604,274.6000061035156
1763596181394,35.19373331524426,-97.43731405055118,325.4811508796016,3.9489831924438477,277.79998779296875
1763596181394,35.19373502170597,-97.43731501918923,325.48756957783166,3.939445734024048,281.20001220703125
1763596181394,35.19373669986437,-97.43731602552522,325.49387397047684,3.930159330368042,284.70001220703125
1763596181394,35.19373798682475,-97.4373168549367,325.49818372551294,3.9191291332244873,288.1000061035156
1763596181394,35.19373964489073,-97.43731798976883,325.50306583591953,3.901761054992676,293.5
1763596181394,35.19374125115244,-97.43731912185008,325.5081998367496,3.88763165473938,297.3999938964844
1763596181394,35.19374289190108,-97.43732038109324,325.5137160375835,3.8727922439575195,300.79998779296875
1763596181394,35.19374408880077,-97.43732136939417,325.51711705738376,3.8699467182159424,302.79998779296875
1763596181394,35.19374555062638,-97.43732268022212,325.52319816775633,3.8726189136505127,305.0
1763596182394,35.193746912829816,-97.43732470237642,325.4935949228315,3.8676817417144775,305.8999938964844
1763596182394,35.19374830431682,-97.43732621228214,325.5015099359276,3.8681862354278564,307.0
1763596182394,35.19374965309698,-97.43732776946966,325.50983804859146,3.869739294052124,307.79998779296875
1763596182394,35.193750717916956,-97.4373290571784,325.5165488622307,3.87007212638855,308.70001220703125
1763596182394,35.19375200146492,-97.43733069432274,325.52434501057644,3.8742802143096924,310.5
1763596182394,35.19375327802445,-97.43733238108966,325.5317584650693,3.886420488357544,311.8999938964844
1763596182394,35.19375430872586,-97.43733378412773,325.53774116064886,3.899245023727417,312.29998779296875
1763596182394,35.193755481410925,-97.43733546512637,325.5452085440008,3.903140068054199,312.3999938964844
1763596182394,35.19375667905729,-97.43733728129133,325.55383334716987,3.8976283073425293,312.5
1763596182394,35.193757806818944,-97.43733908770068,325.56250353677734,3.893913507461548,312.79998779296875
1763596182394,35.193758759154335,-97.43734067950871,325.5707145824473,3.895672082901001,313.29998779296875
1763596182394,35.19375985380345,-97.4373426243994,325.57990651138937,3.8943536281585693,313.79998779296875
1763596182394,35.193760892983526,-97.437344630417,325.58856371417056,3.8899970054626465,313.8999938964844
1763596182394,35.193761674081294,-97.43734621759259,325.59560294017683,3.886110782623291,313.8999938964844
1763596182394,35.193762616058535,-97.43734827324779,325.60388490248664,3.891636848449707,313.8999938964844
1763596182394,35.19376349208614,-97.43735032585445,325.6130151679784,3.9055731296539307,313.8999938964844
1763596182394,35.19376420544721,-97.43735209039339,325.6210059486607,3.916189193725586,313.8999938964844
1763596182394,35.19376497896948,-97.43735419000167,325.6302066882514,3.9249267578125,313.3999938964844
1763596182394,35.19376572094245,-97.43735632972466,325.6392896207715,3.9265708923339844,311.8999938964844
1763596182394,35.19376640212411,-97.43735847471355,325.64874214095926,3.922386884689331,309.1000061035156
1763596183394,35.19376612518637,-97.43736017551859,325.62702827406594,3.9182522296905518,300.8999938964844
1763596183394,35.19376669500008,-97.4373623791364,325.6360159950135,3.912720203399658,289.20001220703125
1763596183394,35.19376721862123,-97.43736455551786,325.64506982481635,3.9079651832580566,277.1000061035156
1763596183394,35.19376772599673,-97.43736676380874,325.6543737865425,3.898188591003418,252.8000030517578
1763596183394,35.19376812858116,-97.4373685561365,325.66283731958174,3.891340970993042,237.3000030517578
1763596183394,35.1937685781068,-97.43737075839022,325.67318465729716,3.8804118633270264,219.1999969482422
1763596183394,35.19376901347342,-97.4373729229742,325.68325646029496,3.870788335800171,203.8000030517578
1763596183394,35.193769455379346,-97.4373751161028,325.69320074486313,3.8554201126098633,189.10000610351562
1763596183394,35.193769905175415,-97.43737732223231,325.7029684395232,3.841512680053711,176.89999389648438
1763596183394,35.19377030976405,-97.4373791221318,325.71154923066854,3.8405675888061523,160.8000030517578
1763596183394,35.19377079152006,-97.4373812531638,325.720728388362,3.8385019302368164,147.39999389648438
1763596183394,35.1937712802842,-97.43738344816424,325.7294409496818,3.827812671661377,122.69999694824219
1763596183394,35.193771772688265,-97.43738562076042,325.7376084611467,3.81563138961792,100.0
1763596183394,35.19377223669407,-97.43738744158638,325.74428140716344,3.8061094284057617,88.5999984741211
1763596183394,35.193772805984075,-97.43738958325893,325.7508039060471,3.801180362701416,63.900001525878906
1763596183394,35.19377340299711,-97.43739162590873,325.75638511724924,3.793588876724243,47.599998474121094
1763596183394,35.193774039636004,-97.43739369172555,325.7617234153414,3.789180278778076,24.799999237060547
1763596183394,35.19377463512642,-97.43739546071595,325.7665019140491,3.773918628692627,5.199999809265137
1763596183394,35.19377541181466,-97.43739749527657,325.7716919128348,3.762423038482666,-13.699999809265137
1763596183394,35.19377621050646,-97.43739948118076,325.7783301717153,3.7581913471221924,-35.70000076293945
1763596184394,35.193777516444214,-97.4374025365469,325.80799818889227,3.7572429180145264,-65.80000305175781
1763596184394,35.19377792220452,-97.43740379110785,325.81311530376314,3.755058526992798,-73.0999984741211
1763596184394,35.19377836753926,-97.43740514820887,325.81957420007683,3.746825695037842,-87.69999694824219
1763596184394,35.19377902853712,-97.43740707224845,325.82776845515536,3.7379188537597656,-102.19999694824219
1763596184394,35.193779637404425,-97.43740870183656,325.8342514060317,3.7295196056365967,-119.30000305175781
1763596184394,35.19378040234487,-97.43741059390562,325.8413070965217,3.72273850440979,-137.3000030517578
1763596184394,35.19378128408986,-97.43741264415927,325.84955611660956,3.71960711479187,-149.60000610351562
1763596184394,35.19378193899921,-97.43741408514697,325.8550473262272,3.7160592079162598,-160.0
1763596184394,35.19378272472702,-97.4374157119752,325.8615007519437,3.7132372856140137,-167.10000610351562
1763596184394,35.193783651082704,-97.43741754937408,325.8698967599342,3.704580068588257,-176.10000610351562
1763596184394,35.193784550563,-97.43741926907582,325.8788391287118,3.7005093097686768,-183.39999389648438
1763596184394,35.19378530087228,-97.43742061745073,325.8856888646395,3.696906566619873,-186.39999389648438
1763596184394,35.19378628092668,-97.43742233287107,325.894258183447,3.6892502307891846,-190.5
1763596184394,35.19378718452219,-97.43742383598313,325.90152167605595,3.6806914806365967,-193.8000030517578
1763596184394,35.19378811268337,-97.43742530409095,325.9079869643817,3.6726787090301514,-196.0
1763596184394,35.193789167019986,-97.43742691317789,325.9157150858496,3.6640677452087402,-198.1999969482422
1763596184394,35.19379021583508,-97.43742844500862,325.9231575754582,3.659179925918579,-199.5
1763596184394,35.19379127415778,-97.43742995234346,325.93077839339213,3.659636974334717,-199.39999389648438
1763596184394,35.193792353109956,-97.43743142567634,325.9395391043136,3.6569111347198486,-198.3000030517578
1763596184394,35.19379343074378,-97.43743285215021,325.94845694532273,3.6495087146759033,-194.5
1763596185394,35.19379497100574,-97.43743508071425,325.9154703699804,3.6369311809539795,-187.39999389648438
1763596185394,35.19379607768954,-97.43743646464729,325.92221103127594,3.625211715698242,-173.89999389648438
1763596185394,35.19379726825405,-97.43743793061223,325.9292766127976,3.612440824508667,-152.60000610351562
1763596185394,35.19379845000695,-97.43743937049672,325.93626563161496,3.587179660797119,-126.4000015258789
1763596185394,35.19379963967168,-97.43744080571126,325.9424827502679,3.564203977584839,-101.4000015258789
1763596185394,35.19380057867323,-97.43744191469715,325.9470759540057,3.5463850498199463,-80.30000305175781
1763596185394,35.19380170769773,-97.43744329487345,325.95355441797506,3.530120611190796,-54.900001525878906
1763596185394,35.19380280410698,-97.43744466586047,325.96020894118243,3.5161285400390625,-30.299999237060547
1763596185394,35.19380391147121,-97.43744609834322,325.96805763227735,3.4989311695098877,-7.599999904632568
1763596185394,35.19380500160791,-97.43744750410289,325.97620330213846,3.4726529121398926,19.700000762939453
1763596185394,35.193805903631336,-97.43744863461757,325.9827327476948,3.4576404094696045,32.79999923706055
1763596185394,35.19380697429542,-97.43745007308803,325.991646172478,3.4277493953704834,55.79999923706055
1763596185394,35.19380796381841,-97.43745150549456,326.00147161344705,3.4041125774383545,77.80000305175781
1763596185394,35.193808908488954,-97.43745296851345,326.01127763518105,3.391845226287842,92.19999694824219
1763596185394,35.19380967698749,-97.43745424648522,326.01928443280667,3.37687611579895,111.30000305175781
1763596185394,35.19381051816698,-97.43745574836295,326.02710900992633,3.363391876220703,134.3000030517578
1763596185394,35.19381134656416,-97.43745732866172,326.0352641231996,3.3547801971435547,148.6999969482422
1763596185394,35.193812129151866,-97.43745891314055,326.04344881618186,3.3528947830200195,166.6999969482422
1763596185394,35.19381288481032,-97.43746053229808,326.05138811736265,3.3538782596588135,185.6999969482422
1763596185394,35.19381349681678,-97.43746191394199,326.0581479969759,3.3527636528015137,205.5
1763596186394,35.19381509941212,-97.43746572579994,326.04420150429985,3.349519729614258,225.8000030517578
1763596186394,35.19381574157956,-97.43746746413967,326.05189245222186,3.3443048000335693,251.5
1763596186394,35.193816308805445,-97.43746918816652,326.0602152699128,3.337116003036499,270.79998779296875
1763596186394,35.19381682082908,-97.43747095436859,326.06891961635375,3.3264353275299072,287.8999938964844
1763596186394,35.193817189090396,-97.43747239890337,326.07611494922736,3.315551519393921,299.6000061035156
1763596186394,35.19381758411163,-97.43747425096697,326.08489447729073,3.307659864425659,312.29998779296875
1763596186394,35.19381789860475,-97.43747607516632,326.0932116658332,3.301340341567993,323.5
1763596186394,35.19381815137111,-97.43747789020667,326.10146434363145,3.2928290367126465,333.8999938964844
1763596186394,35.19381834897223,-97.43747977643348,326.10952728870325,3.2809417247772217,343.8999938964844
1763596186394,35.19381847230912,-97.43748128792461,326.1154621736651,3.2745933532714844,351.0
1763596186394,35.193818567714295,-97.43748316476213,326.12271954940366,3.261808156967163,360.6000061035156
1763596186394,35.19381860028126,-97.4374850575153,326.12974515955017,3.257096767425537,367.29998779296875
1763596186394,35.193818588416256,-97.43748661228003,326.1354940660236,3.255463123321533,371.8999938964844
1763596186394,35.193818523374524,-97.43748846783693,326.1430515081584,3.2559120655059814,377.6000061035156
1763596186394,35.19381841677022,-97.4374901996499,326.1507544753442,3.2517895698547363,380.8999938964844
1763596186394,35.19381825775657,-97.43749206260797,326.15931389264045,3.2495627403259277,385.8999938964844
1763596186394,35.19381805084368,-97.43749389648062,326.1677077134421,3.2480053901672363,391.1000061035156
1763596186394,35.19381779007791,-97.43749573331364,326.17564555087085,3.246769666671753,397.3999938964844
1763596186394,35.19381750626487,-97.43749745190567,326.1824757560325,3.248137950897217,404.3999938964844
1763596186394,35.19381713776288,-97.4374992874317,326.1895765730623,3.2508177757263184,411.29998779296875
1763596187394,35.19381684596632,-97.43750133857813,326.2005075291043,3.249875545501709,417.20001220703125
1763596187394,35.193816455657846,-97.43750286542549,326.2045098751314,3.2506635189056396,422.29998779296875
1763596187394,35.1938159471871,-97.4375046732844,326.20992615894227,3.252894163131714,426.6000061035156
1763596187394,35.193815375008946,-97.43750643587758,326.2150032129122,3.2498908042907715,430.0
1763596187394,35.19381474453068,-97.43750814802796,326.220237494533,3.249852418899536,432.79998779296875
1763596187394,35.19381402460077,-97.43750989395015,326.22536588781065,3.252014398574829,435.20001220703125
1763596187394,35.19381347855215,-97.43751112062047,326.22902977349344,3.254504680633545,436.79998779296875
1763596187394,35.19381265046786,-97.43751282985004,326.2335131767028,3.259126663208008,438.3999938964844
1763596187394,35.193811770918565,-97.43751452955946,326.237689808286,3.2664432525634766,440.29998779296875
1763596187394,35.19381085424312,-97.43751613800956,326.242162545745,3.2717676162719727,441.3999938964844
1763596187394,35.1938100307645,-97.43751747593072,326.24609808914005,3.2738168239593506,442.20001220703125
1763596187394,35.19380898743101,-97.437519058495,326.25026426207614,3.2821342945098877,443.5
1763596187394,35.19380813655677,-97.43752030687018,326.2534812852873,3.290111780166626,444.5
1763596187394,35.193807053730964,-97.43752178156392,326.2569356639296,3.2949135303497314,445.8999938964844
1763596187394,35.1938058220265,-97.43752332249024,326.26026701921614,3.3025991916656494,447.6000061035156
1763596187394,35.19380492777236,-97.43752438885342,326.2628295844264,3.3073933124542236,448.6000061035156
1763596187394,35.19380375081119,-97.43752571860661,326.2653687478895,3.3154842853546143,449.5
1763596187394,35.19380252096452,-97.43752703525591,326.2680361973213,3.320356845855713,449.6000061035156
1763596187394,35.19380145613554,-97.43752818694227,326.27090836188887,3.323931932449341,449.6000061035156
1763596188394,35.1937982867058,-97.43752959881265,326.2714469731527,3.345696449279785,449.6000061035156
1763596188394,35.19379683490726,-97.43753066020501,326.2748278636113,3.360717296600342,449.6000061035156
1763596188394,35.1937953741766,-97.43753163363158,326.2783040412773,3.373189687728882,449.6000061035156
1763596188394,35.193793866490346,-97.43753254196444,326.2817304810927,3.38813853263855,449.6000061035156
1763596188394,35.19379258892775,-97.43753325875403,326.2848901821202,3.3977625370025635,449.6000061035156
1763596188394,35.19379100906506,-97.43753405127833,326.2880820462719,3.4105122089385986,449.5
1763596188394,35.19378942724261,-97.43753475224057,326.29125186233114,3.4265661239624023,449.20001220703125
1763596188394,35.19378776674223,-97.43753540212354,326.2951924217423,3.4454832077026367,448.29998779296875
1763596188394,35.19378632321622,-97.43753590783703,326.2988138473529,3.464006185531616,445.79998779296875
1763596188394,35.19378462305563,-97.43753641768144,326.30246930241765,3.486241579055786,440.8999938964844
1763596188394,35.19378288462099,-97.43753685035698,326.30604493645393,3.5049171447753906,433.3999938964844
1763596188394,35.19378136264445,-97.4375371725644,326.30946134919833,3.522952079772949,423.8999938964844
1763596188394,35.19377962436543,-97.43753747415269,326.3130651876902,3.5390892028808594,413.6000061035156
1763596188394,35.19377781822899,-97.43753773944619,326.3163565358965,3.5507729053497314,405.1000061035156
1763596188394,35.19377634402657,-97.43753793256109,326.31957958884016,3.56368088722229,399.8999938964844
1763596188394,35.193774543562554,-97.43753812395042,326.3230641428933,3.5857739448547363,393.3999938964844
1763596188394,35.19377274317241,-97.43753825419981,326.3264810661392,3.6146414279937744,387.6000061035156
1763596188394,35.19377092830911,-97.43753834681489,326.329133663419,3.637307643890381,383.3999938964844
1763596188394,35.19376904838016,-97.43753837928347,326.33095919037083,3.6538822650909424,379.5
1763596188394,35.19376757893964,-97.43753839169428,326.3324707947859,3.668097972869873,375.79998779296875
1763596189394,35.193766962232054,-97.43753896613978,326.33026755092476,3.684579849243164,370.20001220703125
1763596189394,35.193765065433325,-97.43753885170467,326.33122936164847,3.7115116119384766,364.0
1763596189394,35.193763166871456,-97.43753864014471,326.33198814539713,3.7401702404022217,355.29998779296875
1763596189394,35.19376163013081,-97.43753848686639,326.33322788379394,3.7525129318237305,348.8999938964844
1763596189394,35.19375975150024,-97.4375382513246,326.33405540013035,3.7711822986602783,340.0
1763596189394,35.19375784034947,-97.43753793696405,326.3344760133963,3.7993557453155518,330.1000061035156
1763596189394,35.19375593109002,-97.43753758573598,326.3351104044283,3.830995559692383,317.6000061035156
1763596189394,35.19375426909047,-97.4375373073568,326.3368474606665,3.844327926635742,308.8999938964844
1763596189394,35.19375231126713,-97.43753692447078,326.33884755589673,3.8677382469177246,297.8999938964844
1763596189394,35.193750385272146,-97.43753651430254,326.341490480684,3.8935511112213135,287.6000061035156
1763596189394,35.19374843929547,-97.43753608204932,326.3442385742478,3.9210238456726074,279.8999938964844
1763596189394,35.19374677603823,-97.43753575655425,326.3466673570178,3.9533371925354004,275.29998779296875
1763596189394,35.19374479360041,-97.43753536337266,326.3501092455106,3.9848315715789795,271.6000061035156
1763596189394,35.193742810292,-97.43753497978645,326.3542865228573,4.003289222717285,267.6000061035156
1763596189394,35.19374130387165,-97.43753470756462,326.3580185855814,4.022697925567627,262.29998779296875
1763596189394,35.19373928405626,-97.4375342279046,326.3627811443369,4.039504051208496,252.10000610351562
1763596189394,35.19373728614246,-97.43753370897285,326.36776337141356,4.055450916290283,237.60000610351562
1763596189394,35.19373532103962,-97.43753314826083,326.372036075913,4.089506149291992,219.6999969482422
1763596189394,35.19373327649282,-97.43753258363284,326.3785389500163,4.116730690002441,198.0
1763596189394,35.19373165490826,-97.43753207987344,326.384544536995,4.131196975708008,185.0
1763596190394,35.193730498192764,-97.43753177238074,326.36960263267855,4.143106460571289,167.89999389648438
1763596190394,35.19372844121817,-97.4375309906219,326.3756100688597,4.152963638305664,157.89999389648438
1763596190394,35.19372644563801,-97.43753024431285,326.38179781109295,4.173112392425537,146.0
1763596190394,35.19372441249825,-97.43752953957511,326.3897523989313,4.187821865081787,131.6999969482422
1763596190394,35.193722667468464,-97.43752901264672,326.39804825521867,4.198332786560059,121.69999694824219
1763596190394,35.193720590871465,-97.43752832513532,326.4061452223042,4.210808753967285,108.4000015258789
1763596190394,35.193718511513396,-97.43752754588435,326.4127568804995,4.23215389251709,94.69999694824219
1763596190394,35.19371645562988,-97.4375268637291,326.42010713578236,4.247849941253662,81.0
1763596190394,35.19371467628229,-97.43752635066242,326.4282156766712,4.256893157958984,66.9000015258789
1763596190394,35.19371248626043,-97.43752574836938,326.4393593213908,4.260075092315674,53.29999923706055
1763596190394,35.19371032542172,-97.43752520973352,326.44908604213794,4.266586780548096,39.79999923706055
1763596190394,35.19370813756669,-97.43752452662658,326.457347476944,4.281023025512695,25.5
1763596190394,35.193706400774644,-97.43752394221211,326.46390572901123,4.29517126083374,10.300000190734863
1763596190394,35.19370423155279,-97.43752314160879,326.46980966955834,4.304742813110352,-5.5
1763596190394,35.193701305398186,-97.4375220319381,326.476996519271,4.319820880889893,-31.899999618530273
1763596190394,35.193699811341354,-97.43752156812222,326.479041047213,4.328895568847656,-42.70000076293945
1763596190394,35.193698203451774,-97.43752108959238,326.4829490335679,4.343511581420898,-57.79999923706055
1763596190394,35.193696046828244,-97.43752044057106,326.48984421739823,4.36186408996582,-77.80000305175781
1763596190394,35.19369385005974,-97.43751980558045,326.49934107455795,4.364430904388428,-98.5
1763596191394,35.19369403141378,-97.43751973416335,326.4259395863919,4.339210033416748,-134.60000610351562
1763596191394,35.19369188599792,-97.43751929299975,326.4323018978041,4.358922958374023,-152.8000030517578
1763596191394,35.19368982612934,-97.43751893312832,326.4393693142025,4.368844985961914,-167.39999389648438
1763596191394,35.19368772169146,-97.43751862580369,326.4472093182871,4.368930339813232,-181.10000610351562
1763596191394,35.19368595845199,-97.43751843676819,326.45443171099436,4.37270450592041,-191.60000610351562
1763596191394,35.19368390258228,-97.43751824971487,326.46106519381067,4.371403694152832,-208.60000610351562
1763596191394,35.19368180268382,-97.43751811139508,326.46683593524887,4.366268634796143,-224.3000030517578
1763596191394,35.19367969941354,-97.43751805070042,326.47258927016026,4.369101524353027,-242.0
1763596191394,35.193677950552924,-97.43751807374011,326.4771879410971,4.359848499298096,-256.0
1763596191394,35.19367589173396,-97.43751818105034,326.4829243189452,4.359349250793457,-272.0
1763596191394,35.193673812284416,-97.43751838849987,326.4890883019141,4.363889694213867,-287.0
1763596191394,35.1936717129636,-97.4375187004973,326.4955829610866,4.358780384063721,-303.1000061035156
1763596191394,35.193670011767445,-97.43751904422238,326.5011587863911,4.352475643157959,-311.79998779296875
1763596191394,35.193668027006936,-97.43751955092876,326.50755160388735,4.349575996398926,-319.20001220703125
1763596191394,35.19366606651103,-97.43752016360921,326.51446714919587,4.353581428527832,-325.1000061035156
1763596191394,35.193664112724,-97.43752089412877,326.521639903711,4.356566429138184,-332.0
1763596191394,35.193662638733144,-97.43752151735981,326.52733002278285,4.349958896636963,-335.79998779296875
1763596191394,35.193660728983915,-97.43752242535658,326.53436618478526,4.3362321853637695,-339.20001220703125
1763596191394,35.193659000006356,-97.43752332837805,326.5410566247918,4.316356182098389,-341.3999938964844
1763596191394,35.19365721366934,-97.43752434634084,326.5474864490431,4.3127360343933105,-342.5
1763596192394,35.19365697315432,-97.43752599157897,326.5597588959118,4.30600118637085,-342.79998779296875
1763596192394,35.19365525926046,-97.43752717555968,326.56754172727045,4.293020725250244,-342.79998779296875
1763596192394,35.19365363295671,-97.43752839383292,326.57529897692336,4.2823805809021,-342.79998779296875
1763596192394,35.1936519468282,-97.43752976266396,326.5827651499743,4.266012191772461,-342.8999938964844
1763596192394,35.19365078258724,-97.43753077778476,326.5873966783223,4.251686096191406,-342.8999938964844
1763596192394,35.1936492516563,-97.437532197791,326.59399436281444,4.227650165557861,-342.8999938964844
1763596192394,35.19364790598269,-97.4375335498803,326.6000176693488,4.213737487792969,-343.1000061035156
1763596192394,35.193646431428235,-97.4375351328648,326.6077494335787,4.209224700927734,-343.8999938964844
1763596192394,35.19364478627373,-97.43753704863423,326.6167432082704,4.189795017242432,-346.0
1763596192394,35.193643887614535,-97.43753816114642,326.62238820933663,4.183395862579346,-347.20001220703125
1763596192394,35.1936428159849,-97.43753956282757,326.62932325695635,4.170273303985596,-349.20001220703125
1763596192394,35.19364161812195,-97.43754124034956,326.63641351270167,4.151508331298828,-351.6000061035156
1763596192394,35.19364045682341,-97.43754300158938,326.64316853899766,4.136240005493164,-353.3999938964844
1763596192394,35.19363952174742,-97.4375445239282,326.64862575908967,4.126638889312744,-354.3999938964844
1763596192394,35.193638510113594,-97.43754630069043,326.655044465016,4.114634990692139,-355.20001220703125
1763596192394,35.193637551839814,-97.43754813824742,326.6613882008984,4.108684539794922,-355.3999938964844
1763596192394,35.193636624349686,-97.4375500676822,326.66774577266864,4.102989196777344,-355.29998779296875
1763596192394,35.193635949711876,-97.43755155687411,326.6721051570878,4.094379901885986,-355.29998779296875
1763596192394,35.19363517269284,-97.43755346800458,326.67798786303035,4.0755205154418945,-355.29998779296875
1763596192394,35.193634455546686,-97.43755539962383,326.68453575773907,4.058267593383789,-355.29998779296875
1763596193394,35.193633810288034,-97.43755745626072,326.6730615486695,4.051854133605957,-355.29998779296875
1763596193394,35.1936331878927,-97.43755947921458,326.6805292312517,4.04470157623291,-355.20001220703125
1763596193394,35.193632731897424,-97.43756112741085,326.6863177823856,4.036117076873779,-355.1000061035156
1763596193394,35.19363224513806,-97.43756316733734,326.69330667279314,4.023176193237305,-354.70001220703125
1763596193394,35.193631823742415,-97.43756523005176,326.6995269920887,4.012156009674072,-353.6000061035156
1763596193394,35.193631498198286,-97.43756698614207,326.7049748576878,3.9969704151153564,-350.3999938964844
1763596193394,35.19363114933071,-97.43756901003312,326.7111298693427,3.9889464378356934,-345.79998779296875
1763596193394,35.193630844882385,-97.43757107412019,326.71719124021996,3.9804112911224365,-338.1000061035156
1763596193394,35.19363063095533,-97.43757312784254,326.72290765084114,3.979264974594116,-328.0
1763596193394,35.1936304848925,-97.4375748698398,326.72800808385125,3.979618549346924,-318.70001220703125
1763596193394,35.193630347210245,-97.43757691009453,326.7341121524714,3.9848790168762207,-305.8999938964844
1763596193394,35.19363018088305,-97.43757901346181,326.74036258654075,3.9792749881744385,-292.20001220703125
1763596193394,35.19363002773887,-97.43758081961656,326.74456070311305,3.977142095565796,-277.6000061035156
1763596193394,35.193629848504536,-97.43758290311091,326.7499276876823,3.980349063873291,-261.79998779296875
1763596193394,35.193629650342494,-97.43758497773753,326.75443754044556,3.9897618293762207,-241.60000610351562
1763596193394,35.1936294733803,-97.43758651642656,326.7576802102646,3.995948314666748,-228.1999969482422
1763596193394,35.19362928023397,-97.43758848501353,326.7611474344011,3.99385404586792,-212.0
1763596193394,35.1936291343549,-97.43759064039598,326.76523793900645,3.988492012023926,-197.5
1763596193394,35.193629014944925,-97.43759252842696,326.7682707694693,3.988464117050171,-185.5
1763596193394,35.193628866691135,-97.43759471784797,326.77076616696337,3.999922275543213,-172.60000610351562
1763596194394,35.19362868570687,-97.43759767266036,326.7496092923614,4.012182712554932,-162.6999969482422
1763596194394,35.193628512281954,-97.43759935170104,326.7516251369773,4.02251672744751,-153.1999969482422
1763596194394,35.19362838212798,-97.4376018948252,326.75618153852184,4.036911487579346,-134.6999969482422
1763596194394,35.19362832640281,-97.43760455697144,326.7612115465954,4.049073219299316,-110.0
1763596194394,35.193628168747445,-97.43760599013262,326.763786734691,4.0589470863342285,-89.69999694824219
1763596194394,35.193628018685544,-97.43760781781522,326.7681898762222,4.069283962249756,-67.9000015258789
1763596194394,35.19362787646619,-97.43761001535589,326.774412557754,4.083225250244141,-40.0
1763596194394,35.19362774993122,-97.437612216549,326.7791914456768,4.102364540100098,-8.199999809265137
1763596194394,35.193627732008885,-97.4376150096796,326.78712215365266,4.126278400421143,26.5
1763596194394,35.19362772926265,-97.43761655202043,326.79245551444495,4.137953758239746,40.79999923706055
1763596194394,35.19362766339012,-97.43761838368638,326.80025380363185,4.141781330108643,59.099998474121094
1763596194394,35.193627531827346,-97.43762070830884,326.8082543031268,4.152441501617432,80.19999694824219
1763596194394,35.19362733565004,-97.43762295340657,326.8157962696476,4.162989616394043,103.5
1763596194394,35.1936271023758,-97.43762483454552,326.8217240015011,4.1696929931640625,118.0999984741211
1763596194394,35.19362677988205,-97.43762703405933,326.82783837620576,4.181680679321289,135.6999969482422
1763596194394,35.19362642813626,-97.4376291881962,326.8345844181169,4.191781520843506,156.0
1763596194394,35.19362600692895,-97.43763136852665,326.84231649061303,4.192343711853027,172.8000030517578
1763596194394,35.19362561591019,-97.43763316268581,326.84909590535267,4.191099166870117,187.8000030517578
1763596195394,35.193621149539766,-97.43764318779438,326.7897456890347,4.203341484069824,222.8000030517578
1763596195394,35.19362070932418,-97.43764466987766,326.79517883992384,4.20701789855957,231.8000030517578
1763596195394,35.19361998490109,-97.43764685906679,326.8017869359181,4.220743179321289,252.3000030517578
1763596195394,35.19361935643937,-97.43764857201381,326.8075948983969,4.238389492034912,265.70001220703125
1763596195394,35.19361841185117,-97.43765081903942,326.8141642380255,4.276093006134033,285.79998779296875
1763596195394,35.19361741341066,-97.43765296499785,326.82095612424797,4.30928373336792,298.5
1763596195394,35.193616331832864,-97.4376550688181,326.82767983731446,4.345868110656738,309.20001220703125
1763596195394,35.19361534619741,-97.43765684272151,326.83520270498633,4.37284517288208,316.29998779296875
1763596195394,35.1936141579274,-97.43765878542493,326.8439403773216,4.410713195800781,323.6000061035156
1763596195394,35.1936128124357,-97.43766080854373,326.85317919380924,4.4477949142456055,329.8999938964844
1763596195394,35.19361136473779,-97.43766276047816,326.8618062585176,4.475713729858398,332.29998779296875
1763596195394,35.19361014088151,-97.43766427898773,326.86901340043255,4.50079870223999,332.5
1763596195394,35.19360860911331,-97.43766603560091,326.87804654790096,4.543644428253174,332.5
1763596195394,35.19360700182584,-97.43766775103626,326.8873151381702,4.5682783126831055,332.5
1763596195394,35.19360561061313,-97.43766914820375,326.8946709304252,4.597015857696533,332.5
1763596195394,35.193603891100544,-97.43767075502701,326.90299432241403,4.620870113372803,332.3999938964844
1763596195394,35.193602115429954,-97.43767230150853,326.9114574180508,4.632399559020996,332.29998779296875
1763596195394,35.19360031065997,-97.43767375031372,326.9200680763384,4.643893241882324,331.8999938964844
1763596195394,35.19359875796965,-97.43767490940829,326.9269542126919,4.655755519866943,331.6000061035156
1763596195394,35.1935968613561,-97.43767622328203,326.9349094626982,4.666718006134033,331.1000061035156
1763596195394,35.19359487639363,-97.43767748948859,326.94311062436987,4.672632217407227,330.6000061035156
1763596195394,35.19359289018284,-97.43767863409734,326.9509492915806,4.6776885986328125,329.8999938964844
1763596196394,35.19359141241203,-97.43767985794845,326.960285614505,4.6858906745910645,329.1000061035156
1763596196394,35.19358933145185,-97.43768086415277,326.9677087830483,4.706449508666992,327.79998779296875
1763596196394,35.19358734651623,-97.43768174644269,326.97542221200797,4.711633682250977,327.1000061035156
1763596196394,35.19358517834859,-97.43768262955267,326.98421399352634,4.717970371246338,326.20001220703125
1763596196394,35.19358336346725,-97.43768328400077,326.99201155020916,4.71661901473999,325.70001220703125
1763596196394,35.193581183511284,-97.43768401091582,327.00156789756244,4.729879379272461,324.20001220703125
1763596196394,35.1935791019704,-97.43768458957675,327.01056524222184,4.730388164520264,322.6000061035156
1763596196394,35.19357691160906,-97.43768511664194,327.0194992252773,4.735474586486816,321.0
1763596196394,35.19357460586703,-97.43768556795025,327.02922148937876,4.738347053527832,319.5
1763596196394,35.19357271790303,-97.43768590058366,327.0372709384219,4.741878986358643,318.20001220703125
1763596196394,35.19357047877442,-97.43768619075232,327.04598531608144,4.747179985046387,315.3999938964844
1763596196394,35.19356812145772,-97.43768637744495,327.0547181164271,4.750931262969971,307.8999938964844
1763596196394,35.19356579088922,-97.43768649583875,327.0626794786669,4.75345516204834,295.5
1763596196394,35.19356390503,-97.43768656126464,327.0690939174651,4.7513346672058105,281.1000061035156
1763596196394,35.19356157031033,-97.43768660098172,327.077438035565,4.750486373901367,260.1000061035156
1763596196394,35.19355927957897,-97.43768653765324,327.0852214830554,4.7421722412109375,232.10000610351562
1763596196394,35.19355696523133,-97.43768646789181,327.09315098976583,4.727388381958008,212.0
1763596196394,35.19355506106673,-97.43768643940993,327.09957999882926,4.715930938720703,199.5
1763596196394,35.19355301155396,-97.43768646263794,327.1063386452664,4.699212551116943,184.10000610351562
1763596196394,35.19355072486878,-97.43768650727945,327.1152539949889,4.69010591506958,170.60000610351562
1763596197394,35.19354891534002,-97.43768645605225,327.1048012575529,4.673603057861328,147.5
1763596197394,35.193546539721666,-97.43768661563179,327.11305792992533,4.66090726852417,130.39999389648438
1763596197394,35.19354425537013,-97.43768676108759,327.12088948503805,4.641427040100098,115.69999694824219
1763596197394,35.193542001986096,-97.43768682271133,327.12914289554254,4.6216278076171875,96.80000305175781
1763596197394,35.193539732384714,-97.43768686161529,327.13517819489584,4.597309589385986,72.30000305175781
1763596197394,35.19353785874819,-97.43768696056696,327.1393824640729,4.5874481201171875,55.5
1763596197394,35.193535731562584,-97.43768706570016,327.14561134997143,4.576217174530029,35.29999923706055
1763596197394,35.19353326689882,-97.43768710528393,327.1526211023011,4.5615668296813965,9.899999618530273
1763596197394,35.193531044920036,-97.43768702572795,327.1612117260321,4.555953025817871,-10.699999809265137
1763596197394,35.193529191314944,-97.43768698811655,327.168175396792,4.546743869781494,-26.0
1763596197394,35.19352702653614,-97.4376869546833,327.17553460317924,4.528458595275879,-46.400001525878906
1763596197394,35.193524749144856,-97.43768694659298,327.18403137591116,4.506427764892578,-65.69999694824219
1763596197394,35.19352255684981,-97.43768699428819,327.19308633429586,4.490679740905762,-86.80000305175781
1763596197394,35.193520757205725,-97.43768715897303,327.2000595709592,4.481562614440918,-100.19999694824219
1763596197394,35.19351852920281,-97.43768743375362,327.2086486327136,4.469146728515625,-118.30000305175781
1763596197394,35.1935162751787,-97.43768779131584,327.2173508653592,4.458751201629639,-131.10000610351562
1763596197394,35.19351453807437,-97.43768813045313,327.2237364766059,4.45500373840332,-140.10000610351562
1763596197394,35.19351242666254,-97.43768860116309,327.231135837215,4.45571756362915,-150.3000030517578
1763596197394,35.19351025568734,-97.43768915128103,327.2388148511454,4.445882320404053,-161.3000030517578
1763596197394,35.193508490535,-97.43768964145566,327.24492513645214,4.441468715667725,-167.6999969482422
1763596198394,35.19350750298709,-97.43768997074845,327.14603490181713,4.435415267944336,-174.60000610351562
1763596198394,35.193505432711476,-97.43769065622847,327.15271326702515,4.441888809204102,-182.1999969482422
1763596198394,35.19350371993342,-97.4376912710314,327.1585271035382,4.4390106201171875,-188.3000030517578
1763596198394,35.19350164911396,-97.43769206659006,327.1648922451003,4.4380950927734375,-194.1999969482422
1763596198394,35.19349959754618,-97.43769291968961,327.1709622381552,4.431746959686279,-200.10000610351562
1763596198394,35.19349795711206,-97.43769365689404,327.17650487521803,4.431314945220947,-204.6999969482422
1763596198394,35.193495974677816,-97.43769460867533,327.18340738543134,4.432857990264893,-210.3000030517578
1763596198394,35.193494016704044,-97.43769562212849,327.1905509212896,4.4298415184021,-215.6999969482422
1763596198394,35.193492053325684,-97.43769671118768,327.19746738762115,4.42770528793335,-221.39999389648438
1763596198394,35.19349050742734,-97.43769762364816,327.2033121345117,4.428784370422363,-225.1999969482422
1763596198394,35.19348862972884,-97.43769879299776,327.2102151959678,4.425869941711426,-227.39999389648438
1763596198394,35.19348677537134,-97.43770001441888,327.21705095449664,4.423399925231934,-227.8000030517578
1763596198394,35.19348526666491,-97.43770107267505,327.22229171339404,4.420051574707031,-227.8000030517578
1763596198394,35.193483469834035,-97.43770240063404,327.22974431671673,4.425174236297607,-227.60000610351562
1763596198394,35.19348171492187,-97.43770377113289,327.2375932557155,4.424474239349365,-227.39999389648438
1763596198394,35.193479995127845,-97.4377051858961,327.24564654350235,4.422295570373535,-227.3000030517578
1763596198394,35.1934785789195,-97.43770639677375,327.25248148746687,4.4212212562561035,-227.1999969482422
1763596198394,35.19347687487961,-97.43770792783401,327.2614265856269,4.425002574920654,-226.89999389648438
1763596198394,35.19347529631285,-97.43770941193821,327.2702794902563,4.42953634262085,-226.39999389648438
1763596199394,35.19347348578366,-97.43771181232891,327.2529259963313,4.419832706451416,-225.39999389648438
1763596199394,35.1934732471461,-97.43771206094746,327.2552200993677,4.418393611907959,-225.10000610351562
1763596199394,35.19347168659881,-97.43771373906426,327.26370239566234,4.4118170738220215,-224.6999969482422
1763596199394,35.193470173953585,-97.43771545188997,327.2720495607599,4.4140167236328125,-223.89999389648438
1763596199394,35.193468646967105,-97.43771726684875,327.28060777874157,4.409952163696289,-222.1999969482422
1763596199394,35.19346752535135,-97.43771865701471,327.28692056540007,4.406135082244873,-220.5
1763596199394,35.19346612138043,-97.4377204649767,327.2951332849452,4.405841827392578,-217.8000030517578
1763596199394,35.19346483233447,-97.43772220777672,327.30310260319834,4.406911373138428,-214.8000030517578
1763596199394,35.19346348222622,-97.43772411478172,327.3115098006886,4.4076924324035645,-211.39999389648438
1763596199394,35.19346245088752,-97.43772561441807,327.3179059333743,4.403765678405762,-208.8000030517578
1763596199394,35.19346116472555,-97.43772754758687,327.3252025709094,4.405815124511719,-204.1999969482422
1763596199394,35.19345988214321,-97.43772955521926,327.33248998661895,4.407642841339111,-198.89999389648438
1763596199394,35.193458661753844,-97.43773152591119,327.3400338935828,4.418044567108154,-192.39999389648438
1763596199394,35.193457709702365,-97.43773312073674,327.3462755539613,4.424344062805176,-186.60000610351562
1763596199394,35.19345653168508,-97.43773515890818,327.3538191905921,4.427588939666748,-178.6999969482422
1763596199394,35.19345535983557,-97.43773721936162,327.36132239814856,4.443217754364014,-166.1999969482422
1763596199394,35.1934541957025,-97.43773930874232,327.3691016059973,4.453364372253418,-158.5
1763596199394,35.19345324759108,-97.43774103800587,327.3752399719974,4.468389987945557,-150.6999969482422
1763596199394,35.19345214212053,-97.43774309102889,327.3825164345858,4.487452507019043,-141.0
1763596199394,35.1934510248865,-97.4377452081709,327.3904705996868,4.511294364929199,-131.60000610351562
1763596199394,35.193449938320015,-97.43774731827928,327.3980373854402,4.534621715545654,-122.4000015258789
1763596200394,35.193446669492694,-97.43775066935092,327.19821570286473,4.566704273223877,-111.80000305175781
1763596200394,35.1934456625146,-97.43775258700262,327.20382420544223,4.59318733215332,-103.5
1763596200394,35.193444504869845,-97.43775480400737,327.2098927477674,4.61918830871582,-95.80000305175781
1763596200394,35.19344332529175,-97.43775706763702,327.2160149542267,4.649653434753418,-88.9000015258789
1763596200394,35.1934420923619,-97.4377594521823,327.2227484414467,4.683464050292969,-82.69999694824219
1763596200394,35.19344119798654,-97.43776118634128,327.2284637680893,4.707910537719727,-78.19999694824219
1763596200394,35.19344001796131,-97.43776348988017,327.2349697459943,4.737587928771973,-73.19999694824219
1763596200394,35.19343882505916,-97.43776584490288,327.2416299728171,4.763576507568359,-68.9000015258789
1763596200394,35.19343765846067,-97.43776818386154,327.24773671887925,4.7915544509887695,-64.69999694824219
1763596200394,35.193436684498444,-97.4377701454889,327.253722794211,4.81952428817749,-59.70000076293945
1763596200394,35.19343553425633,-97.43777248135652,327.26036280336695,4.844804286956787,-55.5
1763596200394,35.19343436424115,-97.43777491311083,327.2662755675454,4.875253200531006,-51.5
1763596200394,35.19343320898337,-97.43777732693083,327.27197809860417,4.907907009124756,-47.79999923706055
1763596200394,35.19343205423586,-97.43777976987238,327.2772992125009,4.938647747039795,-44.599998474121094
1763596200394,35.19343107342499,-97.43778185119149,327.28246712759733,4.961093425750732,-42.400001525878906
1763596200394,35.193429903252046,-97.43778434173784,327.28768307065957,4.991398811340332,-39.5
1763596200394,35.19342875010278,-97.43778679613587,327.2930134860935,5.021356105804443,-37.79999923706055
1763596201394,35.19342691357847,-97.43779086157934,327.307558865484,5.067802429199219,-36.099998474121094
1763596201394,35.19342655100101,-97.43779164827161,327.31035415067106,5.072347640991211,-36.099998474121094
1763596201394,35.193425360394954,-97.43779421875773,327.3160261795092,5.099508285522461,-35.900001525878906
1763596201394,35.193424171990046,-97.43779678605138,327.32185579207226,5.141051292419434,-35.5
1763596201394,35.19342298313862,-97.43779934656307,327.32879424957105,5.173386096954346,-34.099998474121094
1763596201394,35.19342198122208,-97.43780151106378,327.33448599961247,5.200171947479248,-31.799999237060547
1763596201394,35.19342080422327,-97.43780409083462,327.3400208924094,5.238744258880615,-25.399999618530273
1763596201394,35.19341963413186,-97.43780669495857,327.3451109979172,5.26880407333374,-18.700000762939453
1763596201394,35.19341847744505,-97.43780933497557,327.3511642157396,5.292295932769775,-13.0
1763596201394,35.19341731847318,-97.43781199458081,327.35729666586684,5.319892406463623,-8.699999809265137
1763596201394,35.19341634523944,-97.4378142444778,327.3624015419763,5.342337608337402,-6.099999904632568
1763596201394,35.193415152032344,-97.43781697244401,327.3701526603247,5.387343883514404,-3.4000000953674316
1763596201394,35.193413982232094,-97.43781967334799,327.37847702955946,5.413049221038818,-2.0999999046325684
1763596201394,35.19341278554347,-97.43782234886193,327.38515041515427,5.439047813415527,-1.5
1763596201394,35.193411554225484,-97.43782505320522,327.3919152269385,5.4726386070251465,-1.2999999523162842
1763596201394,35.193410527975516,-97.43782729430453,327.3987403640581,5.500389575958252,-1.0
1763596201394,35.19340932629336,-97.43782991771852,327.40685394022364,5.536657810211182,0.0
1763596201394,35.193408077463495,-97.43783263907214,327.41564547954016,5.573288917541504,3.4000000953674316
1763596201394,35.193406700644985,-97.4378356479666,327.42435019262064,5.602316379547119,8.800000190734863
1763596201394,35.19340561097513,-97.43783802795126,327.4316709136931,5.6293792724609375,15.600000381469727
1763596201394,35.19340432933481,-97.43784088381382,327.43936586887844,5.65499210357666,24.0
1763596202394,35.19340186792752,-97.43784404626724,327.3952192789758,5.6895928382873535,34.29999923706055
1763596202394,35.19340088200845,-97.43784618020437,327.4010567151101,5.716133117675781,43.29999923706055
1763596202394,35.1933994526733,-97.43784914530008,327.4094549887845,5.744765758514404,58.900001525878906
1763596202394,35.19339798231429,-97.43785211198755,327.4178553835872,5.769955635070801,73.5999984741211
1763596202394,35.193396494487224,-97.43785498427508,327.4261348982355,5.804022789001465,90.0999984741211
1763596202394,35.19339524771673,-97.4378572968221,327.4341255494056,5.827881813049316,104.5999984741211
1763596202394,35.193393657997326,-97.4378600832038,327.4445071667475,5.8595404624938965,123.0
1763596202394,35.19339210574641,-97.4378626703712,327.455078037753,5.886682987213135,139.0
1763596202394,35.19339034962544,-97.43786539953588,327.46465874701585,5.903651714324951,154.3000030517578
1763596202394,35.193388540119216,-97.43786804162416,327.4742893282847,5.923672199249268,164.6999969482422
1763596202394,35.19338694953993,-97.43787023701255,327.4824535346385,5.9322075843811035,172.8000030517578
1763596202394,35.19338496971093,-97.43787279197245,327.4913097452775,5.9464006423950195,180.6999969482422
1763596202394,35.193382969185144,-97.43787522816154,327.49995048478763,5.9650774002075195,188.39999389648438
1763596202394,35.1933808338027,-97.43787767998725,327.5091952366882,5.981992721557617,195.8000030517578
1763596202394,35.19337905395231,-97.43787962089458,327.51622764592975,5.9930315017700195,201.3000030517578
1763596202394,35.193376849402284,-97.43788190057667,327.52427169382975,6.008152484893799,206.89999389648438
1763596202394,35.19337457721459,-97.4378841072059,327.5322187573372,6.034971237182617,210.39999389648438
1763596202394,35.19337222330425,-97.4378862572329,327.53986077463236,6.049112319946289,210.3000030517578
1763596202394,35.19337011136987,-97.4378880628426,327.5466131904295,6.044642925262451,209.3000030517578
1763596203394,35.193363196945775,-97.43788847759357,327.47524193962,6.060235023498535,206.39999389648438
1763596203394,35.19336218711514,-97.43788921725013,327.47882857606066,6.061432838439941,205.5
1763596203394,35.19336003617211,-97.43789069381509,327.4859002760326,6.058550834655762,203.5
1763596203394,35.19335740114746,-97.43789239805179,327.49422542682635,6.048661708831787,199.8000030517578
1763596203394,35.19335492433453,-97.43789392619513,327.5026465657899,6.03640604019165,190.8000030517578
1763596203394,35.19335215872842,-97.43789554975888,327.5118458404347,6.022186756134033,178.5
1763596203394,35.193349651491715,-97.43789694696866,327.5205269936962,6.008422374725342,163.1999969482422
1763596203394,35.193346883766694,-97.43789841494208,327.5296776369649,5.990240097045898,146.6999969482422
1763596203394,35.19334415018134,-97.4378998057184,327.53962339865785,5.966926097869873,128.60000610351562
1763596203394,35.193341939027555,-97.43790089550691,327.5483648303657,5.9420623779296875,113.80000305175781
1763596203394,35.19333924587817,-97.43790219166625,327.55907336740773,5.910144805908203,92.5
1763596203394,35.19333652254515,-97.43790349132375,327.56971608438334,5.884161949157715,74.5
1763596203394,35.19333383990982,-97.43790478841292,327.58075837582896,5.854931354522705,56.29999923706055
1763596203394,35.19333179265218,-97.4379057887507,327.5889913810749,5.830536365509033,41.599998474121094
1763596203394,35.19332899709492,-97.43790717846437,327.5998676381919,5.797008037567139,19.399999618530273
1763596203394,35.1933262758607,-97.43790854190246,327.61133356350297,5.772243499755859,-0.30000001192092896
1763596203394,35.193323614510255,-97.43790990828035,327.62190859458235,5.739340782165527,-25.399999618530273
1763596203394,35.1933215703055,-97.43791098431218,327.63130151726546,5.71835470199585,-44.0
1763596203394,35.193319130216956,-97.43791229202222,327.64199081742845,5.689451694488525,-68.0
1763596203394,35.19331649400416,-97.4379137693608,327.65461310815795,5.6652913093566895,-91.0999984741211
1763596204394,35.19331219279136,-97.43791609375187,327.6660699346008,5.623803615570068,-125.69999694824219
1763596204394,35.193309786036394,-97.43791777948499,327.6771473957127,5.604153156280518,-140.10000610351562
1763596204394,35.19330748143826,-97.43791951538839,327.68733054429515,5.571177005767822,-155.5
1763596204394,35.19330554308396,-97.4379210663477,327.6968893049434,5.549740791320801,-167.5
1763596204394,35.19330336060432,-97.43792294043239,327.7076469633457,5.5288166999816895,-178.10000610351562
1763596204394,35.193301183220576,-97.4379249387705,327.7187710516576,5.504769802093506,-187.1999969482422
1763596204394,35.193299555757314,-97.43792652170639,327.7272448618768,5.489843845367432,-193.1999969482422
1763596204394,35.19329743695496,-97.43792871518441,327.7382094246425,5.46190881729126,-200.5
1763596204394,35.19329549374495,-97.43793086200657,327.7480519320551,5.438404083251953,-205.89999389648438
1763596204394,35.19329357426034,-97.43793312569102,327.757859863583,5.408571720123291,-210.89999389648438
1763596204394,35.19329173526768,-97.43793543154037,327.7673027400561,5.38182258605957,-215.39999389648438
1763596204394,35.193290271072584,-97.437937361333,327.77489771227954,5.355051040649414,-218.1999969482422
1763596204394,35.19328867905796,-97.4379395620641,327.782722138332,5.31979513168335,-220.89999389648438
1763596204394,35.193286961190445,-97.43794206926033,327.7917303254399,5.285410404205322,-223.60000610351562
1763596204394,35.19328536597194,-97.4379445407464,327.8001871299451,5.2466912269592285,-226.89999389648438
1763596204394,35.19328391115643,-97.4379469100338,327.8074182648931,5.210657596588135,-229.8000030517578
1763596204394,35.193282473262705,-97.43794938000012,327.81403064504,5.169482231140137,-233.10000610351562
1763596204394,35.19328107678057,-97.4379519352001,327.82113694271436,5.127069473266602,-236.5
1763596204394,35.19328007944823,-97.43795387016817,327.82656729007704,5.094078063964844,-239.1999969482422
1763596204394,35.19327875930212,-97.43795661551944,327.834121369628,5.056700706481934,-242.39999389648438
1763596205394,35.19328066137396,-97.43795966076394,327.8515531527119,5.008626461029053,-245.8000030517578
1763596205394,35.19327961731317,-97.4379623340372,327.858908896936,4.970888137817383,-248.1999969482422
1763596205394,35.19327880040997,-97.43796458416907,327.86485704980555,4.943574905395508,-249.3000030517578
1763596205394,35.19327789876328,-97.43796725013796,327.8714868497662,4.894814968109131,-250.89999389648438
1763596205394,35.19327704328323,-97.4379700583473,327.87808804188694,4.849981307983398,-252.3000030517578
1763596205394,35.19327642803297,-97.43797227345459,327.8831739419847,4.813378810882568,-253.89999389648438
1763596205394,35.19327575034714,-97.43797493229911,327.8883322753652,4.773769378662109,-255.1999969482422
1763596205394,35.19327507198698,-97.43797792679179,327.89393145254303,4.737485408782959,-255.89999389648438
1763596205394,35.193274644667724,-97.4379799991275,327.8978474421224,4.714216232299805,-256.0
1763596205394,35.193274149977384,-97.43798268766433,327.9023343662162,4.68710470199585,-256.0
1763596205394,35.19327370430279,-97.43798541334844,327.90712131975135,4.661167144775391,-256.0
1763596205394,35.193273377643,-97.43798766166617,327.911369132938,4.637546539306641,-256.0
1763596205394,35.193273048782295,-97.43799030325577,327.9165161070838,4.62007999420166,-256.0
1763596205394,35.193272767192276,-97.43799303551883,327.9214225540371,4.595253944396973,-255.60000610351562
1763596205394,35.193272574499794,-97.43799533310134,327.9252961158499,4.5730156898498535,-255.0
1763596205394,35.19327240698829,-97.43799809674113,327.93011615359785,4.538380146026611,-253.5
1763596205394,35.193272295410125,-97.43800078170938,327.93422894422963,4.52102518081665,-251.10000610351562
1763596205394,35.19327224191811,-97.43800299558174,327.93689941969626,4.510064601898193,-246.8000030517578
1763596205394,35.19327223876514,-97.43800562211163,327.93996994658613,4.497457027435303,-239.10000610351562
1763596206394,35.1932781762657,-97.43800912063186,327.9978158328532,4.472251892089844,-216.89999389648438
1763596206394,35.193278228586365,-97.43801015870237,327.99749487337755,4.472107410430908,-209.6999969482422
1763596206394,35.193278408235265,-97.43801232621297,327.99855839042283,4.466331958770752,-191.10000610351562
1763596206394,35.19327864622673,-97.43801491521049,327.99989441995075,4.46703577041626,-174.8000030517578
1763596206394,35.19327889002462,-97.43801752326021,328.0016653208157,4.459570407867432,-159.6999969482422
1763596206394,35.19327912384601,-97.43802014261145,328.0029316905338,4.4553422927856445,-145.5
1763596206394,35.19327927431607,-97.43802238210326,328.00288512526197,4.450241565704346,-134.1999969482422
1763596206394,35.19327947366151,-97.43802513947584,328.0033697448808,4.453736305236816,-116.5999984741211
1763596206394,35.19327962940588,-97.43802776076542,328.0035333441328,4.464330196380615,-98.0
1763596206394,35.19327972032499,-97.43802994236465,328.0022584978238,4.468371868133545,-85.4000015258789
1763596206394,35.193279858061175,-97.43803257527392,328.00294404546815,4.473997592926025,-69.69999694824219
1763596206394,35.19327999925149,-97.43803519852774,328.00485581537174,4.482748985290527,-53.599998474121094
1763596206394,35.19328010978452,-97.43803783439066,328.00630188224676,4.49165153503418,-36.5
1763596206394,35.19328017425067,-97.43804050903547,328.0080590234186,4.498472213745117,-19.600000381469727
1763596206394,35.193280193199946,-97.4380428977211,328.0093117313919,4.510470390319824,-3.700000047683716
1763596206394,35.19328021623112,-97.43804563090355,328.01194005654696,4.52365255355835,11.600000381469727
1763596206394,35.193280177469624,-97.4380483665487,328.0132169376231,4.5404253005981445,25.799999237060547
1763596206394,35.19328015218325,-97.43805062318673,328.0145155437727,4.553281307220459,36.29999923706055
1763596206394,35.19328020982586,-97.43805330993838,328.0197184642773,4.567026615142822,51.5
1763596206394,35.193280245845706,-97.43805594613019,328.02707732915195,4.575558662414551,61.70000076293945
1763596207394,35.193278382157935,-97.43805972571884,328.016604410867,4.601862907409668,85.0
1763596207394,35.193278355148045,-97.43806096157094,328.02064820679135,4.6060638427734375,89.0
1763596207394,35.193278274198605,-97.43806308293507,328.02626271344434,4.614343643188477,95.9000015258789
1763596207394,35.19327812916755,-97.43806573416333,328.0328244846014,4.629643440246582,103.0
1763596207394,35.19327793555234,-97.43806860390698,328.0407175991077,4.6445393562316895,108.0
1763596207394,35.19327775300898,-97.43807085067627,328.04653210140276,4.656534194946289,110.69999694824219
1763596207394,35.193277494793286,-97.4380734972299,328.05354648278524,4.673887252807617,113.5
1763596207394,35.19327720574454,-97.4380761562711,328.06095445001256,4.681467056274414,115.0999984741211
1763596207394,35.19327687577425,-97.43807887549221,328.06874101897694,4.688395023345947,116.30000305175781
1763596207394,35.19327651934384,-97.43808150444441,328.0762355322226,4.701427936553955,117.19999694824219
1763596207394,35.19327619092472,-97.43808374962957,328.08258316316153,4.718871593475342,118.0
1763596207394,35.19327573930994,-97.4380866765442,328.09082259714575,4.7290849685668945,118.69999694824219
1763596207394,35.19327537729395,-97.4380889249411,328.09737168130374,4.735547065734863,118.80000305175781
1763596207394,35.19327491671508,-97.43809164064214,328.10560585666866,4.753853797912598,118.80000305175781
1763596207394,35.19327442695329,-97.4380943699265,328.11413566991723,4.7714457511901855,118.80000305175781
1763596207394,35.1932739149719,-97.43809707045445,328.1232940986146,4.782707214355469,118.69999694824219
1763596207394,35.193273464783694,-97.43809935968169,328.13104594977005,4.789941787719727,118.0999984741211
1763596207394,35.19327290599015,-97.43810208520303,328.1404523797466,4.7962117195129395,116.80000305175781
1763596207394,35.193272323219894,-97.43810474136015,328.149614753045,4.8053083419799805,114.4000015258789
1763596207394,35.19327170368924,-97.4381074053733,328.1591507872885,4.811916351318359,110.4000015258789
1763596207394,35.19327115690361,-97.43810961751628,328.16754687458047,4.817568778991699,106.0999984741211
1763596208394,35.193268905476,-97.43811191999767,328.10077908214345,4.8268890380859375,99.69999694824219
1763596208394,35.193268184933366,-97.4381145764902,328.11001099214786,4.839785575866699,90.80000305175781
1763596208394,35.19326744767053,-97.4381172346341,328.1191973909314,4.846109390258789,83.0
1763596208394,35.193266812470895,-97.43811949791822,328.1272851380184,4.849415302276611,75.30000305175781
1763596208394,35.19326605345334,-97.43812219142954,328.1369001787811,4.851700782775879,68.0999984741211
1763596208394,35.19326529485415,-97.4381248659669,328.1461709209189,4.860610485076904,61.0
1763596208394,35.193264558452114,-97.43812745943684,328.1551851902075,4.865402698516846,54.0
1763596208394,35.19326380355685,-97.43813012988375,328.1637189368457,4.869731426239014,47.29999923706055
1763596208394,35.19326315611934,-97.43813240900035,328.17178081670323,4.876296520233154,41.0
1763596208394,35.19326235500757,-97.43813524659106,328.1815252642593,4.882537364959717,34.599998474121094
1763596208394,35.19326170708248,-97.43813750139795,328.1886661913495,4.888935565948486,28.100000381469727
1763596208394,35.19326095460375,-97.43814015159249,328.195701607226,4.88813591003418,22.100000381469727
1763596208394,35.19326019911865,-97.43814279406811,328.2021491378432,4.887216567993164,16.899999618530273
1763596208394,35.193259426905925,-97.43814550899218,328.2093497167508,4.896204948425293,12.399999618530273
1763596208394,35.19325869155566,-97.43814809466731,328.21619891451513,4.905372142791748,7.699999809265137
1763596208394,35.19325803906647,-97.43815033979635,328.2220562589771,4.907907485961914,3.5
1763596208394,35.193257237640005,-97.43815314805819,328.2297007939491,4.914077281951904,-2.299999952316284
1763596208394,35.19325646715058,-97.43815584989929,328.2359279809587,4.921667575836182,-6.099999904632568
1763596208394,35.193255831116254,-97.43815798332787,328.24125734666444,4.92854642868042,-8.899999618530273
1763596209394,35.193254628583155,-97.43816144633034,328.2495468192828,4.941179275512695,-12.5
1763596209394,35.19325427191809,-97.43816274809676,328.2517459278096,4.9487690925598145,-13.699999809265137
1763596209394,35.19325356180313,-97.43816543488929,328.25899092099945,4.965432167053223,-17.100000381469727
1763596209394,35.19325285465076,-97.438168110894,328.2670035904409,4.966141700744629,-20.600000381469727
1763596209394,35.19325226378342,-97.43817039052321,328.2725069648178,4.963671684265137,-23.0
1763596209394,35.19325154718624,-97.43817310833815,328.2800461759076,4.963582515716553,-25.600000381469727
1763596209394,35.19325082711798,-97.43817589017124,328.2869286173332,4.971159934997559,-27.0
1763596209394,35.193250252091794,-97.4381781283026,328.29201548711166,4.976869583129883,-27.899999618530273
1763596209394,35.193249597206716,-97.4381808801437,328.29810605968714,4.984430313110352,-28.399999618530273
1763596209394,35.19324897460735,-97.438183572867,328.3044167206298,4.988856792449951,-28.399999618530273
1763596209394,35.19324837676642,-97.43818619353405,328.3104381619879,4.994626045227051,-28.700000762939453
1763596209394,35.19324775683923,-97.43818890146343,328.3168029959947,4.9998345375061035,-29.5
1763596209394,35.19324722633004,-97.43819121005028,328.3219395036639,4.999950885772705,-31.0
1763596209394,35.19324659653312,-97.43819393919846,328.32840256932906,5.001367092132568,-32.70000076293945
1763596209394,35.19324596840001,-97.43819665166548,328.33536200119875,5.010162830352783,-33.900001525878906
1763596209394,35.193245354372515,-97.43819936444301,328.341787005587,5.013227939605713,-34.099998474121094
1763596209394,35.1932448594271,-97.43820160025726,328.3478872903879,5.012035369873047,-33.5
1763596209394,35.19324425569718,-97.43820447003267,328.3555235411342,5.013421058654785,-32.29999923706055
1763596209394,35.19324371047419,-97.4382072105797,328.36394806229464,5.011114597320557,-32.0
1763596209394,35.193243262762536,-97.43820948137335,328.37048548126455,5.007496356964111,-32.0
1763596209394,35.19324273645596,-97.43821221575612,328.3785075641927,4.997148036956787,-32.0
1763596210394,35.19324234926977,-97.43821585891355,328.3436609965682,4.986410140991211,-32.0
1763596210394,35.193241814225814,-97.43821864786531,328.3507120921966,4.979577541351318,-32.20000076293945
1763596210394,35.19324137707223,-97.4382209173832,328.35647364562107,4.976947784423828,-32.5
1763596210394,35.193240847868616,-97.43822369143982,328.363076047451,4.970428466796875,-32.70000076293945
1763596210394,35.19324032252408,-97.43822650657903,328.3706196770374,4.960972785949707,-32.70000076293945
1763596210394,35.19323981847661,-97.43822921239133,328.3775719879435,4.952987194061279,-32.20000076293945
1763596210394,35.193239322719826,-97.43823193659067,328.3843863168619,4.940919876098633,-31.100000381469727
1763596210394,35.193238893274135,-97.43823428896289,328.3904456469477,4.928844928741455,-29.700000762939453
1763596210394,35.193238407816416,-97.43823703361942,328.39768461981294,4.917825222015381,-28.5
1763596210394,35.19323795671625,-97.43823971894172,328.4048585730481,4.9175567626953125,-27.700000762939453
1763596210394,35.19323751022893,-97.43824241896567,328.4125846697888,4.912660598754883,-27.299999237060547
1763596210394,35.1932370739522,-97.43824512125028,328.420895298443,4.893540859222412,-27.299999237060547
1763596210394,35.19323668953086,-97.4382474310708,328.426847064417,4.8914079666137695,-27.299999237060547
1763596210394,35.19323625003213,-97.43825012784117,328.4335390399001,4.880382537841797,-27.299999237060547
1763596210394,35.19323582437041,-97.43825280508915,328.44031034519315,4.877017974853516,-27.299999237060547
1763596210394,35.19323537281836,-97.43825553471042,328.447280064389,4.863533973693848,-26.799999237060547
1763596210394,35.19323498511835,-97.4382578905819,328.45283126498447,4.863603115081787,-25.899999618530273
1763596210394,35.19323455584715,-97.4382605775444,328.4599540168944,4.864057540893555,-24.299999237060547
1763596210394,35.19323414242489,-97.43826322332023,328.46694099612466,4.871116638183594,-21.600000381469727
1763596211394,35.193234078548656,-97.43826794198037,328.4273191105576,4.875178813934326,-17.5
1763596211394,35.19323391017534,-97.43826907837314,328.43073860055495,4.8762688636779785,-16.899999618530273
1763596211394,35.19323352150632,-97.43827186620378,328.4362746706939,4.8889970779418945,-16.200000762939453
1763596211394,35.19323314283181,-97.43827455368275,328.4425845813835,4.9123969078063965,-16.200000762939453
1763596211394,35.193232809812464,-97.43827687613955,328.44836951311066,4.905300617218018,-15.899999618530273
1763596211394,35.19323236780844,-97.43827989775984,328.45561468623976,4.910755634307861,-14.899999618530273
1763596211394,35.19323206665779,-97.438281933645,328.4603431701725,4.915556907653809,-14.0
1763596211394,35.193231637119744,-97.43828478383394,328.467042938928,4.921800136566162,-11.899999618530273
1763596211394,35.1932312325205,-97.43828754062558,328.4737853071022,4.931772708892822,-7.5
1763596211394,35.19323084902348,-97.43829030397949,328.48050281982796,4.938900947570801,-1.600000023841858
1763596211394,35.19323052366041,-97.4382926706519,328.48801924321907,4.943652629852295,2.299999952316284
1763596211394,35.193230161582555,-97.4382954266822,328.4953350417238,4.9518256187438965,6.5
1763596211394,35.19322981147844,-97.4382981222812,328.5027959177507,4.960273265838623,9.600000381469727
1763596211394,35.193229445127656,-97.43830084669861,328.5095823265031,4.960385799407959,11.199999809265137
1763596211394,35.19322905610812,-97.43830362994984,328.51671091030175,4.965763092041016,11.300000190734863
1763596211394,35.19322872559753,-97.43830587115761,328.52226469094666,4.97493839263916,11.300000190734863
1763596211394,35.19322828284827,-97.43830863436149,328.5305213594464,4.99404764175415,10.800000190734863
1763596211394,35.19322785438516,-97.43831120273713,328.538967065045,4.992471218109131,10.100000381469727
1763596211394,35.19322739821484,-97.43831397635093,328.5477503202181,4.996612548828125,9.5
1763596211394,35.19322693438329,-97.43831671994087,328.55624852355487,5.004302501678467,9.0
1763596212394,35.19322542279421,-97.43832167629516,328.5190963865735,5.0082688331604,7.599999904632568
1763596212394,35.19322529233979,-97.43832246073266,328.5226757646287,5.008184432983398,7.5
1763596212394,35.19322482294459,-97.43832528944986,328.53012008066844,5.016003131866455,7.0
1763596212394,35.19322436050956,-97.43832807473042,328.5369266463581,5.024558067321777,7.0
1763596212394,35.19322390970524,-97.4383308743099,328.54423502076617,5.0290656089782715,6.800000190734863
1763596212394,35.193223532037265,-97.43833319246234,328.5500858312987,5.02639627456665,6.400000095367432
1763596212394,35.19322308716706,-97.43833595351121,328.5585734834851,5.02586555480957,6.099999904632568
1763596212394,35.19322262915561,-97.43833877495112,328.5671780174367,5.030063629150391,6.0
1763596212394,35.19322216034646,-97.43834156262082,328.57503599415406,5.0277509689331055,5.800000190734863
1763596212394,35.19322174369711,-97.4383439869828,328.5826285554906,5.020010471343994,5.699999809265137
1763596212394,35.19322125684284,-97.43834679108747,328.59009874974123,5.016671180725098,5.599999904632568
1763596212394,35.19322076580068,-97.43834962740011,328.59804733181306,5.008721351623535,5.599999904632568
1763596212394,35.193220361405345,-97.43835197280346,328.6049948668002,4.994770050048828,5.5
1763596212394,35.19321989350652,-97.43835474643399,328.61305757213205,4.965078830718994,5.400000095367432
1763596212394,35.193219432707465,-97.43835751057729,328.6216516765116,4.936829090118408,5.199999809265137
1763596212394,35.193218967528914,-97.43836020934657,328.6299239442858,4.90383243560791,4.900000095367432
1763596212394,35.19321857319714,-97.43836254840315,328.636983134702,4.8654632568359375,4.699999809265137
1763596212394,35.19321810609174,-97.4383652637054,328.64334706435824,4.831165313720703,4.300000190734863
1763596212394,35.193217645361706,-97.43836792255416,328.6508028203666,4.799968242645264,3.5999999046325684
1763596212394,35.19321719503573,-97.43837054837333,328.65841785892724,4.78066873550415,3.0
1763596213394,35.19321675901379,-97.4383757781552,328.6403025921233,4.724690914154053,2.5
1763596213394,35.19321668122565,-97.43837618822052,328.64136380118003,4.718509674072266,2.5
1763596213394,35.19321621580284,-97.43837888986525,328.64860208974847,4.685046672821045,2.5
1763596213394,35.19321576860937,-97.43838148090724,328.65568194773294,4.6524481773376465,2.4000000953674316
1763596213394,35.19321530431626,-97.4383841314841,328.662978381921,4.619576454162598,2.200000047683716
1763596213394,35.193214935243276,-97.43838623920149,328.66863280382114,4.593564033508301,1.899999976158142
1763596213394,35.19321450678407,-97.43838878551186,328.67528848954964,4.5575175285339355,1.2999999523162842
1763596213394,35.193214077279166,-97.43839128944734,328.68132165304996,4.528465747833252,0.30000001192092896
1763596213394,35.19321363370146,-97.43839380972888,328.6872674423198,4.501084327697754,-0.30000001192092896
1763596213394,35.19321327526376,-97.43839590062542,328.6922024216827,4.476600646972656,-0.30000001192092896
1763596213394,35.19321286615491,-97.4383982586111,328.69803338103765,4.452105522155762,-0.30000001192092896
1763596213394,35.19321243612292,-97.43840077042853,328.70492647587133,4.41741418838501,-0.30000001192092896
1763596213394,35.19321201814711,-97.43840324322746,328.71237092847366,4.386413097381592,-0.30000001192092896
1763596213394,35.193211603404116,-97.4384056641437,328.7187011864028,4.352911949157715,-0.30000001192092896
1763596213394,35.193211241826575,-97.4384077471895,328.72354183678,4.319783687591553,-0.30000001192092896
1763596213394,35.19321082003564,-97.43841016146631,328.7287100959202,4.291594982147217,-0.5
1763596213394,35.19321041619217,-97.43841251473134,328.73521795137464,4.267490386962891,-1.0
1763596213394,35.19321001609448,-97.43841483615947,328.7419822224869,4.2448906898498535,-1.7999999523162842
1763596213394,35.19320968146739,-97.4384167719939,328.7477943070635,4.2234954833984375,-3.0
1763596213394,35.19320928084923,-97.43841909534598,328.75527758365126,4.186422824859619,-6.099999904632568
1763596213394,35.19320888875989,-97.43842135405842,328.76246013036786,4.152808666229248,-9.399999618530273
1763596214394,35.19320942410461,-97.43842312959916,328.71330640001503,4.130723476409912,-11.899999618530273
1763596214394,35.19320903991856,-97.43842537607456,328.71930406551127,4.097411155700684,-16.0
1763596214394,35.19320866438242,-97.43842755329165,328.72607464131414,4.069602966308594,-20.600000381469727
1763596214394,35.193208282374165,-97.43842979667642,328.73296790538853,4.044647693634033,-24.0
1763596214394,35.19320796855904,-97.43843166637825,328.73849344350475,4.014445781707764,-25.799999237060547
1763596214394,35.19320760514531,-97.43843395838199,328.74449221154646,3.9903924465179443,-24.5
1763596214394,35.1932073260532,-97.43843582904337,328.7495979664328,3.973585844039917,-22.799999237060547
1763596214394,35.193207024308215,-97.43843799440721,328.75562627389456,3.9440417289733887,-20.700000762939453
1763596214394,35.19320670640078,-97.43844036883966,328.7625450049055,3.905688762664795,-18.700000762939453
1763596214394,35.19320648789834,-97.43844203523841,328.76771198961325,3.883281707763672,-18.700000762939453
1763596214394,35.193206199256096,-97.4384441488995,328.7744690303573,3.854515790939331,-18.700000762939453
1763596214394,35.19320591305399,-97.43844617018108,328.78128202868214,3.832508087158203,-18.5
1763596214394,35.19320566764903,-97.43844790172874,328.7864733222956,3.8123207092285156,-18.600000381469727
1763596214394,35.193205362425644,-97.43845000009942,328.79316325727285,3.78320050239563,-18.5
1763596214394,35.19320506963935,-97.4384520307118,328.7985084753113,3.7472259998321533,-17.899999618530273
1763596214394,35.19320477317711,-97.438454081705,328.8037713038521,3.7276885509490967,-16.899999618530273
1763596214394,35.19320453134702,-97.43845576739852,328.80792248581736,3.7130465507507324,-15.800000190734863
1763596214394,35.19320425272498,-97.43845776539582,328.81275453282797,3.694889545440674,-14.699999809265137
1763596214394,35.19320398770162,-97.43845974723642,328.81847953001704,3.6742961406707764,-13.600000381469727
1763596214394,35.19320372485761,-97.43846173734265,328.82378866241476,3.648530960083008,-12.899999618530273
1763596215394,35.19320397498835,-97.43846455665464,328.77856676602005,3.6250181198120117,-12.300000190734863
1763596215394,35.19320375317332,-97.4384662575812,328.7830491912983,3.6061041355133057,-12.199999809265137
1763596215394,35.19320347604928,-97.43846829043302,328.78815663291505,3.5760765075683594,-12.100000381469727
1763596215394,35.193203196647815,-97.43847029311695,328.7926974168181,3.5493338108062744,-12.199999809265137
1763596215394,35.19320291265365,-97.43847231216552,328.7970388630176,3.525517463684082,-12.0
1763596215394,35.193202706899704,-97.43847375797425,328.8005909263997,3.507707357406616,-11.699999809265137
1763596215394,35.19320243887712,-97.43847568247492,328.804424951641,3.489436149597168,-11.300000190734863
1763596215394,35.193202178681226,-97.43847762215192,328.8083362643121,3.4740025997161865,-10.5
1763596215394,35.193201918662176,-97.43847956849496,328.81285511882925,3.4623143672943115,-9.600000381469727
1763596215394,35.193201668697036,-97.43848150946224,328.8181024016234,3.441652536392212,-9.0
1763596215394,35.193201412749296,-97.43848351127757,328.82307014952147,3.417264223098755,-8.399999618530273
1763596215394,35.19320121044723,-97.43848510886303,328.8270763612637,3.3924524784088135,-8.0
1763596215394,35.193200957709124,-97.4384870316918,328.83131242407177,3.3698508739471436,-7.599999904632568
1763596215394,35.19320070517668,-97.43848895206901,328.8354355485943,3.343993663787842,-6.599999904632568
1763596215394,35.193200487207775,-97.43849053233644,328.8390808351337,3.325371742248535,-5.5
1763596215394,35.19320023536537,-97.43849244488811,328.8438901571284,3.2976021766662598,-4.099999904632568
1763596215394,35.19319999116506,-97.43849434198555,328.84850611563394,3.265826940536499,-2.200000047683716
1763596215394,35.19319975585317,-97.43849615796233,328.8529053759644,3.2438793182373047,-0.800000011920929
1763596215394,35.193199567958494,-97.43849767366937,328.8570383334615,3.2296719551086426,0.10000000149011612
1763596215394,35.19319933492497,-97.43849948793648,328.8617153110234,3.1957550048828125,1.600000023841858
1763596216394,35.19319981664252,-97.4385012407795,328.84955517430785,3.1628384590148926,2.700000047683716
1763596216394,35.193199572213125,-97.4385030642258,328.85504602978,3.1208457946777344,3.4000000953674316
1763596216394,35.193199391269125,-97.43850443519798,328.8583941510761,3.070098400115967,3.9000000953674316
1763596216394,35.19319915587233,-97.43850619468131,328.8628231616745,3.0121824741363525,4.099999904632568
1763596216394,35.19319893447115,-97.43850786939088,328.86659101120915,2.9363770484924316,4.400000095367432
1763596216394,35.193198707835165,-97.43850953861698,328.8703794256189,2.8889241218566895,4.5
1763596216394,35.19319852006311,-97.43851089144098,328.87366440823536,2.843015432357788,4.599999904632568
1763596216394,35.19319830046547,-97.4385124682506,328.87768546422063,2.781165599822998,5.0
1763596216394,35.19319809212251,-97.43851399866634,328.8820487987143,2.720273017883301,5.599999904632568
1763596216394,35.1931978853751,-97.43851551080327,328.88640269795036,2.657370090484619,6.300000190734863
1763596216394,35.19319771626918,-97.43851677387507,328.8900501100997,2.597684621810913,6.900000095367432
1763596216394,35.193197531952,-97.43851813220276,328.8932518434902,2.5537145137786865,7.599999904632568
1763596216394,35.1931973440219,-97.4385195451884,328.8969311182563,2.493994951248169,9.100000381469727
1763596216394,35.19319715954048,-97.4385209431149,328.90065729771874,2.433941125869751,11.199999809265137
1763596216394,35.1931969815142,-97.43852229018695,328.9042215604143,2.395925283432007,12.800000190734863
1763596216394,35.193196840960795,-97.43852334411595,328.90721661184546,2.3549270629882812,14.399999618530273
1763596216394,35.193196659135,-97.43852470136245,328.9106924913231,2.2958874702453613,16.399999618530273
1763596216394,35.193196495210216,-97.4385259800994,328.9139033350416,2.2485475540161133,17.899999618530273
1763596216394,35.19319632028377,-97.43852724539616,328.91743475315866,2.2068023681640625,19.600000381469727
1763596217394,35.193196138871734,-97.43852889012892,328.88996019409325,2.138953447341919,22.5
1763596217394,35.193196091674835,-97.43852920453013,328.89063333283775,2.133096933364868,22.799999237060547
1763596217394,35.193195907815124,-97.43853040313554,328.89341988167445,2.0971977710723877,24.299999237060547
1763596217394,35.19319572571755,-97.43853156035364,328.89649313371956,2.059837818145752,26.100000381469727
1763596217394,35.19319558759157,-97.43853248953484,328.8988162286935,2.0342776775360107,27.100000381469727
1763596217394,35.193195423851336,-97.43853361711247,328.90176691734456,1.999805212020874,27.600000381469727
1763596217394,35.193195252082276,-97.43853471961387,328.9048360265918,1.9629747867584229,27.600000381469727
1763596217394,35.19319507640125,-97.43853581202445,328.90784521412746,1.9259161949157715,27.200000762939453
1763596217394,35.19319492540413,-97.43853666337893,328.9103659246639,1.8893972635269165,26.100000381469727
1763596217394,35.19319475074035,-97.4385376912573,328.912979402474,1.8445593118667603,24.299999237060547
1763596217394,35.19319458787294,-97.43853869315843,328.91561797860396,1.8091890811920166,22.700000762939453
1763596217394,35.19319442727244,-97.43853964785409,328.918629812925,1.7698973417282104,21.399999618530273
1763596217394,35.193194287443575,-97.4385404370831,328.9208557612716,1.7275912761688232,20.100000381469727
1763596217394,35.19319412524708,-97.4385413445341,328.924055713388,1.691420316696167,19.100000381469727
1763596217394,35.19319396491964,-97.43854225831825,328.9261851908161,1.64176607131958,17.899999618530273
1763596217394,35.193193810623114,-97.43854315499736,328.9283160416064,1.5893173217773438,16.899999618530273
1763596217394,35.19319368594678,-97.43854387634433,328.929635320442,1.5237380266189575,15.699999809265137
1763596217394,35.19319355164207,-97.43854467344566,328.9317014893491,1.456139326095581,14.5
1763596217394,35.193193425312536,-97.43854544967644,328.9332232783539,1.3676261901855469,13.199999809265137
1763596217394,35.19319332382471,-97.43854608377748,328.9342689946888,1.300658106803894,12.5
1763596217394,35.19319321632051,-97.43854679599457,328.93524626032445,1.2148306369781494,12.0
1763596217394,35.193193108680155,-97.4385474712142,328.93579297153906,1.1311882734298706,11.899999618530273
1763596218394,35.193193304350324,-97.43854897140156,328.91738049234664,0.9774988293647766,11.600000381469727
1763596218394,35.19319327877569,-97.43854913655969,328.91672074042,0.962066650390625,11.5
1763596218394,35.193193195648014,-97.43854968086396,328.9173719212867,0.8837764859199524,11.0
1763596218394,35.19319313655997,-97.43855009592804,328.9175017142916,0.8229154944419861,10.800000190734863
1763596218394,35.19319307643821,-97.43855051745778,328.91801404930834,0.7293829321861267,10.800000190734863
1763596218394,35.19319302053043,-97.43855091142918,328.91827300686487,0.6833088994026184,10.800000190734863
1763596218394,35.19319296492983,-97.43855126010537,328.9183928829461,0.6293638348579407,10.800000190734863
1763596218394,35.19319290822852,-97.43855159066077,328.9186154014417,0.5800092816352844,10.800000190734863
1763596218394,35.19319285696939,-97.43855190052413,328.9188257445789,0.5343170166015625,10.800000190734863
1763596218394,35.193192817858204,-97.43855214419683,328.9186928976536,0.5000353455543518,10.800000190734863
1763596218394,35.193192784973235,-97.43855241043458,328.91874921162713,0.4494858682155609,10.699999809265137
1763596218394,35.1931927570863,-97.43855265159225,328.9187668126814,0.4028829038143158,10.699999809265137
1763596218394,35.19319272728918,-97.43855287141919,328.9185841345095,0.36679792404174805,10.699999809265137
1763596218394,35.193192699713094,-97.43855304355648,328.9184130219705,0.3348844051361084,10.699999809265137
1763596218394,35.1931926689971,-97.43855321443263,328.9182644306955,0.2859773337841034,10.699999809265137
1763596218394,35.193192723118244,-97.43855328629202,328.89798436674977,0.09580152481794357,10.699999809265137
1763596218394,35.19319277815545,-97.43855332511798,328.87947806469987,-0.02543662115931511,10.699999809265137
1763596218394,35.19319282821776,-97.43855339684255,328.8611433331579,-0.09299853444099426,10.699999809265137
1763596218394,35.193192876896454,-97.43855347318839,328.84546263015113,-0.0796913281083107,10.699999809265137
1763596218394,35.19319290710365,-97.43855357808351,328.83423472994576,-0.050731852650642395,10.699999809265137
1763596218394,35.19319292172299,-97.43855365833271,328.82713598680823,-0.02842785231769085,10.699999809265137
1763596219394,35.19319331043847,-97.43855271975592,328.83133689404406,-0.005175600294023752,10.699999809265137
1763596219394,35.19319327305897,-97.43855284017681,328.83791420412683,0.0029176666866987944,10.699999809265137
1763596219394,35.19319321762354,-97.43855302459777,328.84720405060125,0.006935628596693277,10.699999809265137
1763596219394,35.193193176344856,-97.43855316433972,328.8546047515315,0.006385697517544031,10.699999809265137
1763596219394,35.19319314212574,-97.43855331421081,328.8599845964875,0.004369559232145548,10.699999809265137
1763596219394,35.19319311609046,-97.43855343170635,328.8616911381628,0.0022354968823492527,10.699999809265137
1763596219394,35.193193105265046,-97.43855348202756,328.86131863124024,0.0009299703524447978,10.699999809265137
1763596219394,35.19319309843033,-97.43855354268322,328.8609919367562,-0.00018428928160574287,10.699999809265137
1763596219394,35.19319308422817,-97.43855365615235,328.8625386110739,-0.0005118218250572681,10.699999809265137
1763596219394,35.19319306632951,-97.43855375148192,328.86615418270577,-0.0004591173492372036,10.699999809265137
1763596219394,35.19319304898753,-97.43855383292541,328.86932488643873,-0.0003360200789757073,10.699999809265137
1763596219394,35.1931930249248,-97.4385539469898,328.87112246274114,-0.00017548911273479462,10.699999809265137
1763596219394,35.1931930118732,-97.43855399535832,328.8717888654233,-5.6004249927354977e-05,10.699999809265137
1763596219394,35.193192997909684,-97.43855409597052,328.8718846343042,1.8983782865689136e-05,10.699999809265137
1763596219394,35.1931929876348,-97.43855418099649,328.87253051925467,3.7851026718271896e-05,10.699999809265137
1763596219394,35.19319297871829,-97.43855423781821,328.8741177447271,3.478968937997706e-05,10.699999809265137
1763596219394,35.193192964822465,-97.43855432136162,328.876111582061,2.3313943529501557e-05,10.699999809265137
1763596219394,35.193192954522836,-97.43855437416659,328.8773640074447,1.3753392522630747e-05,10.699999809265137
1763596219394,35.19319294381452,-97.43855443891508,328.87831237175317,4.61069885204779e-06,10.699999809265137
1763596219394,35.1931929332947,-97.43855452937164,328.8786662675669,-6.195018045218603e-07,10.699999809265137
1763596220394,35.193193179431226,-97.4385538548251,328.8683156118087,-2.8594035939022433e-06,10.699999809265137
1763596220394,35.193193177211995,-97.43855386535301,328.8685327368765,-2.7468838652566774e-06,10.699999809265137
1763596220394,35.19319316199308,-97.4385539360558,328.86929342906274,-1.7951798554349807e-06,10.699999809265137
1763596220394,35.193193150759875,-97.43855397794057,328.8700848236984,-1.0761839348560898e-06,10.699999809265137
1763596220394,35.1931931387679,-97.4385540434882,328.87077079487784,-3.773346577418124e-07,10.699999809265137
1763596220394,35.193193131601156,-97.43855410943593,328.87107433186736,2.9735312878642617e-08,10.699999809265137
1763596220394,35.19319312719389,-97.43855416435566,328.8711562184077,1.9386068572657678e-07,10.699999809265137
1763596220394,35.19319312375077,-97.43855421943046,328.8712506585947,2.0683610557625798e-07,10.699999809265137
1763596220394,35.193193119833765,-97.43855425984617,328.871445897528,1.518449437298841e-07,10.699999809265137
1763596220394,35.193193111410835,-97.43855430730945,328.87207020979116,7.180092609360145e-08,10.699999809265137
1763596220394,35.19319310268318,-97.43855436228296,328.87261876717133,2.2659529363977526e-08,10.699999809265137
1763596220394,35.193193095126226,-97.43855440706226,328.8731039641684,-4.831578692687799e-09,10.699999809265137
1763596220394,35.19319308801683,-97.43855443528525,328.87318113230936,-1.4084855060048085e-08,10.699999809265137
1763596220394,35.19319308471919,-97.4385544885479,328.8729998968867,-1.555385154006217e-08,10.699999809265137
1763596220394,35.1931930845945,-97.43855452074598,328.8729979334873,-1.1627991014506733e-08,10.699999809265137
1763596220394,35.19319308063315,-97.43855457408614,328.87321323315587,-5.629111843319379e-09,10.699999809265137
1763596220394,35.193193078745345,-97.43855460644858,328.87351959350525,-2.489606076849782e-09,10.699999809265137
1763596220394,35.19319307414626,-97.43855464211248,328.8738569547765,-3.327267281139079e-11,10.699999809265137
1763596220394,35.19319306861417,-97.43855467847565,328.8739893931401,1.0193047517148557e-09,10.699999809265137
1763596221394,35.19319322957554,-97.43855431013885,328.86390546349935,7.37491512303734e-10,10.699999809265137
1763596221394,35.19319322890307,-97.43855433400061,328.86385090315855,4.4061557180619104e-10,10.699999809265137
1763596221394,35.193193223011434,-97.4385543653998,328.8639272734272,2.00934865968172e-10,10.699999809265137
1763596221394,35.19319321887942,-97.43855440753336,328.8641542260093,1.0481853232602312e-11,10.699999809265137
1763596221394,35.19319321809302,-97.43855444141276,328.8641194038644,-7.344161390143711e-11,10.699999809265137
1763596221394,35.19319321510994,-97.43855448304606,328.8638054666019,-8.538025841886565e-11,10.699999809265137
1763596221394,35.193193213181665,-97.43855450783848,328.8635892992139,-6.797631207922095e-11,10.699999809265137
1763596221394,35.193193209610186,-97.43855455000482,328.86342775973105,-3.443662022206695e-11,10.699999809265137
1763596221394,35.19319320509417,-97.43855458538181,328.86344729784537,-1.2474989791178004e-11,10.699999809265137
1763596221394,35.193193203438405,-97.4385546074046,328.8635080610143,-1.4085496007412712e-12,10.699999809265137
1763596221394,35.193193198614324,-97.43855464053125,328.86347150145724,5.265277363414311e-12,10.699999809265137
1763596221394,35.19319319649337,-97.43855466947377,328.86328927872404,6.558571394310597e-12,10.699999809265137
1763596221394,35.19319319277898,-97.4385547088889,328.86306197106705,5.189250504994414e-12,10.699999809265137
1763596221394,35.193193191802834,-97.43855473799697,328.86289940697446,3.09003560586274e-12,10.699999809265137
1763596221394,35.19319318758029,-97.43855477125506,328.86275496269735,1.294965653805824e-12,10.699999809265137
1763596221394,35.19319318705648,-97.43855478905458,328.8627502936335,1.540826114702215e-13,10.699999809265137
1763596221394,35.19319318276485,-97.4385548236197,328.86273111451743,-4.2444658356587117e-13,10.699999809265137
1763596221394,35.193193181410116,-97.43855484479997,328.86259234498897,-4.903350945759111e-13,10.699999809265137
1763596221394,35.19319317955166,-97.43855487612458,328.8622868416224,-3.6594148935045756e-13,10.699999809265137
1763596222394,35.193193338193005,-97.43855463662419,328.8517677307689,-6.207692373376775e-14,10.699999809265137
1763596222394,35.19319333988972,-97.43855463824072,328.8515883440456,-1.532141147080838e-14,10.699999809265137
1763596222394,35.19319333538214,-97.43855467182584,328.8513854175706,2.6584057898808647e-14,10.699999809265137
1763596222394,35.19319333252679,-97.43855470514491,328.8511551789188,3.659929076384877e-14,10.699999809265137
1763596222394,35.19319333011024,-97.43855472996951,328.8509040217853,3.014593647409844e-14,10.699999809265137
1763596222394,35.19319332653764,-97.43855477118542,328.8505610729963,1.858840399584106e-14,10.699999809265137
1763596222394,35.19319332555411,-97.43855478731989,328.8502563900763,8.244471525289433e-15,10.699999809265137
1763596222394,35.19319332494537,-97.43855481570667,328.8500193077446,1.4413958604635245e-15,10.699999809265137
1763596222394,35.193193325882426,-97.43855483869399,328.8498278216077,-1.868484801424838e-15,10.699999809265137
1763596222394,35.193193322203356,-97.43855486946804,328.8496188817159,-2.7106125808815888e-15,10.699999809265137
1763596222394,35.19319331539645,-97.4385548835753,328.8493234382065,-2.2940273778618205e-15,10.699999809265137
1763596222394,35.193193313554275,-97.43855491640534,328.84888312452716,-1.4391275062307775e-15,10.699999809265137
1763596222394,35.193193312346054,-97.4385549415663,328.84840022880314,-6.552294831890565e-16,10.699999809265137
1763596222394,35.1931933108923,-97.43855495689888,328.84811690732613,-5.931450121799705e-17,10.699999809265137
1763596222394,35.193193310374966,-97.43855498020041,328.8480067803133,1.5682863987505634e-16,10.699999809265137
1763596222394,35.193193307452674,-97.43855500389178,328.8478037531623,2.027203290919227e-16,10.699999809265137
1763596222394,35.193193306681216,-97.43855502223987,328.8474063835339,1.6290775563283105e-16,10.699999809265137
1763596222394,35.19319330689092,-97.43855503330039,328.84700702587804,1.1128878696865574e-16,10.699999809265137
1763596222394,35.193193307951454,-97.43855505621649,328.8465944603777,5.195042324434776e-17,10.699999809265137
1763596222394,35.19319330942788,-97.43855507409681,328.8462809485536,1.1562516717904045e-17,10.699999809265137
1763596223394,35.19319354359137,-97.43855469950134,328.84111496331093,-1.2756751282651966e-17,10.699999809265137
1763596223394,35.19319354498828,-97.43855469597288,328.8409419541024,-1.467089850529765e-17,10.699999809265137
1763596223394,35.1931935402775,-97.43855471762073,328.84055958171535,-1.3241205324825285e-17,10.699999809265137
1763596223394,35.1931935385206,-97.43855474647073,328.84009052483395,-7.625704448051845e-18,10.699999809265137
1763596223394,35.19319353917909,-97.43855475969804,328.83980662874325,-4.109800137765109e-18,10.699999809265137
1763596223394,35.19319353921665,-97.43855478280324,328.8394478045323,-1.0029381913494933e-18,10.699999809265137
1763596223394,35.193193536844085,-97.43855480576384,328.8391125523113,7.831983854078175e-19,10.699999809265137
1763596223394,35.19319353567407,-97.4385548251938,328.83877030146056,1.1157325396772242e-18,10.699999809265137
1763596223394,35.19319353460498,-97.43855484711112,328.8384267710231,1.0043218577191414e-18,10.699999809265137
1763596223394,35.19319353445306,-97.43855485820913,328.8381542954385,6.632562143106511e-19,10.699999809265137
1763596223394,35.19319353249346,-97.43855488433742,328.83778318094505,2.673975584399771e-19,10.699999809265137
1763596223394,35.19319353157241,-97.43855490796777,328.83738970923605,5.19936361676739e-20,10.699999809265137
1763596223394,35.19319353191516,-97.43855492116462,328.8370434745758,-4.0720595828776765e-20,10.699999809265137
1763596223394,35.19319353035909,-97.43855494077766,328.83666448326153,-8.248573982544901e-20,10.699999809265137
1763596223394,35.19319352808899,-97.43855496322354,328.83639571048735,-7.609005687737142e-20,10.699999809265137
1763596223394,35.1931935255305,-97.43855498533283,328.8360968951962,-4.5677853696890114e-20,10.699999809265137
1763596223394,35.193193526029596,-97.43855500442488,328.8357519197047,-2.556422847286586e-20,10.699999809265137
1763596223394,35.19319352775698,-97.43855502466924,328.8351691365577,-7.237587213975341e-21,10.699999809265137
1763596223394,35.19319352801476,-97.43855504506811,328.83481821171483,2.6600599750379924e-21,10.699999809265137
1763596224394,35.19319378039027,-97.43855475127687,328.83028061672843,5.110880413604148e-21,10.699999809265137
1763596224394,35.193193780658355,-97.43855475306985,328.8300217328183,3.935503615193179e-21,10.699999809265137
1763596224394,35.19319377675557,-97.4385547787948,328.82962633427906,1.678804250648284e-21,10.699999809265137
1763596224394,35.19319377611592,-97.43855479908208,328.8293340704881,4.0218696217097133e-22,10.699999809265137
1763596224394,35.193193775870604,-97.43855483245864,328.82896897368414,-2.574458292697083e-22,10.699999809265137
1763596224394,35.19319377678518,-97.438554846104,328.8286148720661,-4.476403197362391e-22,10.699999809265137
1763596224394,35.19319377361129,-97.43855487812486,328.82815027717095,-4.352365990286805e-22,10.699999809265137
1763596224394,35.19319377293929,-97.43855489795773,328.82778535078336,-3.0266308392148703e-22,10.699999809265137
1763596224394,35.19319377076381,-97.43855492528157,328.82749293132963,-1.578490476508071e-22,10.699999809265137
1763596224394,35.19319376944693,-97.43855494313948,328.82720527742543,-5.0196620416180654e-23,10.699999809265137
1763596224394,35.193193767997165,-97.43855497508648,328.8267436008967,1.7270968826945104e-23,10.699999809265137
1763596224394,35.19319376841778,-97.4385549897728,328.8263277543732,3.284699111293234e-23,10.699999809265137
1763596224394,35.19319376699054,-97.43855501065833,328.8258417846785,3.2858208715004585e-23,10.699999809265137
1763596224394,35.19319376642625,-97.43855503096071,328.82542540080874,2.3251886596111922e-23,10.699999809265137
1763596224394,35.193193767476984,-97.43855505463023,328.8250412911893,1.04514540502049e-23,10.699999809265137
1763596224394,35.193193767454645,-97.43855507641779,328.8246724584422,2.9175977192249334e-24,10.699999809265137
1763596224394,35.193193766597965,-97.43855508857986,328.8243301625278,-5.723576846564591e-25,10.699999809265137
1763596224394,35.193193766816655,-97.43855510597801,328.82388887704997,-2.403204991542242e-24,10.699999809265137
1763596224394,35.19319376522845,-97.43855512766814,328.82342512233237,-2.477556117935454e-24,10.699999809265137
1763596224394,35.19319376423892,-97.43855514718933,328.8230125180651,-1.616828110704158e-24,10.699999809265137
1763596225394,35.19319405560213,-97.43855471261621,328.8268251476583,-5.592484434373029e-25,10.699999809265137
1763596225394,35.19319405835609,-97.43855471576823,328.82657917165096,-2.4444842091678076e-25,10.699999809265137
1763596225394,35.19319405609216,-97.43855472585885,328.8262001584939,2.787962937096945e-26,10.699999809265137
1763596225394,35.193194054562646,-97.43855474571147,328.8257274283477,1.7526502370605857e-25,10.699999809265137
1763596225394,35.19319405363465,-97.43855476903401,328.8252896844287,1.7951408738656346e-25,10.699999809265137
1763596225394,35.19319405395075,-97.43855477960217,328.8249873240899,1.3680056039793464e-25,10.699999809265137
1763596225394,35.193194052368334,-97.4385548011819,328.8245377314657,7.565523056608284e-26,10.699999809265137
1763596225394,35.19319405186525,-97.43855481601712,328.824140507621,2.7566470080524177e-26,10.699999809265137
1763596225394,35.19319405233656,-97.4385548342355,328.82369442210654,-9.130214679862765e-28,10.699999809265137
1763596225394,35.19319405439195,-97.43855485388546,328.8232933792614,-1.3635758110328602e-26,10.699999809265137
1763596225394,35.193194055040266,-97.43855486726247,328.82293820861594,-1.4031351824625518e-26,10.699999809265137
1763596225394,35.193194055363314,-97.43855488197232,328.8224412804086,-9.556936622071828e-27,10.699999809265137
1763596225394,35.19319405325187,-97.4385548938739,328.8219490176902,-5.063717409913119e-27,10.699999809265137
1763596225394,35.19319405317805,-97.43855490037414,328.8215003807359,-2.234673270063026e-27,10.699999809265137
1763596225394,35.19319405203023,-97.4385549171011,328.8209691972782,-2.359740247682492e-29,10.699999809265137
1763596225394,35.19319405106882,-97.43855493441066,328.8204829149141,9.220249978832924e-28,10.699999809265137
1763596225394,35.193194051395565,-97.43855494763478,328.8200401216793,1.022412748083516e-27,10.699999809265137
