unix_ms,latitude,longitude,altitude_m,speed_mps,steeringAngleDegree
1763596359409,35.19318573803817,-97.43851654973044,320.0299903463858,0.0,57.099998474121094
1763596359409,35.19318576128465,-97.43851655370187,320.0303986407212,0.0,59.900001525878906
1763596359409,35.19318579077498,-97.43851655686734,320.0307756765343,0.0,64.9000015258789
1763596359409,35.193185814971656,-97.43851656095639,320.03101005790273,0.0,67.30000305175781
1763596359409,35.19318585929572,-97.43851656511211,320.0313760410965,0.0,67.9000015258789
1763596359409,35.19318592121632,-97.43851657173019,320.03208074417773,0.0,67.9000015258789
1763596359409,35.19318599204634,-97.4385165774609,320.0326844841527,0.0,67.9000015258789
1763596359409,35.193186068889894,-97.43851658295978,320.03323422673657,0.0,67.9000015258789
1763596359409,35.1931861620535,-97.4385165903429,320.03411121869635,0.0,67.9000015258789
1763596359409,35.19318627279605,-97.43851659810817,320.0344352415511,0.0,67.80000305175781
1763596359409,35.19318639848029,-97.43851660736568,320.0348856203344,0.07210744172334671,67.80000305175781
1763596359409,35.19318653021583,-97.43851661650525,320.0351620630011,0.2798885405063629,67.80000305175781
1763596359409,35.19318667312484,-97.43851662439717,320.03531877136527,0.4419417381286621,67.5999984741211
1763596359409,35.1931868322558,-97.43851663212268,320.0356277738599,0.543918788433075,67.4000015258789
1763596359409,35.1931870066487,-97.4385166405773,320.03595285418237,0.5857453942298889,67.4000015258789
1763596359409,35.19318719214565,-97.43851665106538,320.0364242665386,0.6361424922943115,67.4000015258789
1763596359409,35.19318740198257,-97.43851666149635,320.037063009876,0.6707003712654114,67.9000015258789
1763596359409,35.19318762454643,-97.43851667500564,320.0379272610891,0.7248719930648804,68.0999984741211
1763596359409,35.19318788349433,-97.4385166920138,320.0387587043029,0.7878732085227966,68.0999984741211
1763596359409,35.19318815809878,-97.43851672071334,320.0395922245659,0.8708187341690063,67.4000015258789
1763596360409,35.193186639144145,-97.43851756417133,320.36125889031143,0.9491790533065796,66.19999694824219
1763596360409,35.19318692936153,-97.43851764659631,320.3622025855362,1.0117415189743042,65.4000015258789
1763596360409,35.193187252827464,-97.4385177460739,320.36329192094394,1.0821903944015503,64.5
1763596360409,35.19318758871174,-97.43851786604102,320.36460531846234,1.1469496488571167,63.900001525878906
1763596360409,35.19318795554576,-97.43851800774216,320.3661461481573,1.2040654420852661,63.5
1763596360409,35.19318832727921,-97.43851815112853,320.3680716626136,1.262056589126587,63.099998474121094
1763596360409,35.19318871798599,-97.438518279747,320.3700643672412,1.3217073678970337,62.599998474121094
1763596360409,35.19318912814322,-97.43851841959776,320.37183682090824,1.3616374731063843,62.5
1763596360409,35.193189548740314,-97.43851855058314,320.3733368738506,1.413884162902832,62.5
1763596360409,35.19318999861292,-97.43851872607172,320.37456135877596,1.4690697193145752,62.5
1763596360409,35.19319045616372,-97.43851891141546,320.3759181932138,1.5246350765228271,62.5
1763596360409,35.19319095731653,-97.43851914963166,320.3778972088719,1.584860920906067,62.20000076293945
1763596360409,35.193191439741675,-97.43851940947171,320.37995403240836,1.6396660804748535,61.400001525878906
1763596360409,35.19319194071256,-97.4385197078942,320.38219023268977,1.694055438041687,59.400001525878906
1763596360409,35.193192490909574,-97.43852001568297,320.38450730333653,1.7441494464874268,55.79999923706055
1763596360409,35.19319302369263,-97.43852030720763,320.3866095371917,1.7934207916259766,51.5
1763596360409,35.19319359105301,-97.43852062094346,320.3887756389397,1.847603678703308,46.5
1763596360409,35.19319414984883,-97.43852089372987,320.3911302585579,1.8836772441864014,43.20000076293945
1763596360409,35.19319470491689,-97.4385211358502,320.3934565723103,1.925071120262146,38.79999923706055
1763596360409,35.19319533482265,-97.43852140956845,320.3957952804184,1.9661320447921753,33.900001525878906
1763596361409,35.19318780319165,-97.43853420097975,320.8391510593337,2.006232500076294,28.299999237060547
1763596361409,35.193188057935096,-97.43853508397328,320.8414166494346,2.050682544708252,22.299999237060547
1763596361409,35.19318831915763,-97.43853598378074,320.8436601479683,2.1028199195861816,15.0
1763596361409,35.19318858038534,-97.43853688846491,320.8464514815229,2.138713836669922,10.199999809265137
1763596361409,35.1931888407125,-97.43853780433895,320.84925945953125,2.1825783252716064,5.0
1763596361409,35.19318910962841,-97.43853874684922,320.8520612700512,2.2313485145568848,1.2999999523162842
1763596361409,35.19318938112286,-97.4385396955718,320.85527442678193,2.2866294384002686,-1.2000000476837158
1763596361409,35.193189666339826,-97.43854066689083,320.8590510195791,2.337635040283203,-2.5
1763596361409,35.19318996358046,-97.43854167187214,320.86319725216566,2.3880841732025146,-3.200000047683716
1763596361409,35.19319027441379,-97.43854272452806,320.8670572072005,2.424459218978882,-3.4000000953674316
1763596361409,35.19319057285986,-97.43854372765443,320.8701713800188,2.449214458465576,-3.4000000953674316
1763596361409,35.193190878778466,-97.43854476930069,320.872837086159,2.469702959060669,-3.4000000953674316
1763596361409,35.19319119643877,-97.43854582706531,320.8754889234109,2.486396551132202,-3.4000000953674316
1763596361409,35.1931915114652,-97.43854690533048,320.8786087557205,2.5110831260681152,-3.4000000953674316
1763596361409,35.19319181395646,-97.43854798515055,320.8822662770003,2.5295586585998535,-3.4000000953674316
1763596361409,35.19319210703341,-97.43854906246949,320.8861298183864,2.5481414794921875,-3.4000000953674316
1763596361409,35.193192400623026,-97.43855019116992,320.8898025551033,2.557568311691284,-3.4000000953674316
1763596361409,35.19319269932559,-97.43855131766868,320.89233548215503,2.5636768341064453,-3.299999952316284
1763596361409,35.19319300446793,-97.43855241941124,320.893936809986,2.5688321590423584,-3.0
1763596362409,35.19318382643748,-97.43855987232833,321.1467539278634,2.568648338317871,-3.0
1763596362409,35.19318385217782,-97.43856047117296,321.1481970879295,2.5696396827697754,-3.0
1763596362409,35.193183901720694,-97.43856166844785,321.15158068433806,2.5726163387298584,-3.0
1763596362409,35.19318394803914,-97.43856282958313,321.1551730812779,2.575033664703369,-3.0
1763596362409,35.19318399619173,-97.4385640271789,321.1580660337947,2.5811474323272705,-2.700000047683716
1763596362409,35.19318404681953,-97.4385652183441,321.1601209030136,2.5943751335144043,-2.0
1763596362409,35.193184105911676,-97.43856643283036,321.1618026637416,2.61592960357666,-0.5
1763596362409,35.19318416684827,-97.4385676202695,321.16433861428595,2.6334688663482666,2.0
1763596362409,35.193184224840316,-97.43856885119693,321.1673436050015,2.650310516357422,4.699999809265137
1763596362409,35.19318428717763,-97.4385700955536,321.1701444050987,2.671424150466919,7.199999809265137
1763596362409,35.193184345351526,-97.43857132648732,321.17283678825765,2.6974008083343506,9.399999618530273
1763596362409,35.19318439630596,-97.4385725403293,321.1754794181665,2.7303833961486816,11.100000381469727
1763596362409,35.19318444310754,-97.43857381815035,321.1788174804715,2.7596817016601562,11.899999618530273
1763596362409,35.19318449397416,-97.43857508437314,321.18225503008676,2.7807435989379883,12.300000190734863
1763596362409,35.19318455981801,-97.43857634334378,321.18518359442976,2.8085079193115234,12.300000190734863
1763596362409,35.19318461079365,-97.43857761909973,321.1884571233212,2.8295960426330566,12.300000190734863
1763596362409,35.19318464088331,-97.43857893983245,321.19147338264924,2.8513054847717285,12.300000190734863
1763596362409,35.19318468053722,-97.43858025989032,321.19480604762816,2.8801846504211426,12.300000190734863
1763596362409,35.19318473054996,-97.43858160129363,321.1984779501041,2.9155843257904053,12.300000190734863
1763596362409,35.19318478036614,-97.43858291876919,321.20208204511914,2.9372215270996094,12.5
1763596363409,35.19317762486214,-97.4385909273196,321.4352014349605,2.9868152141571045,13.5
1763596363409,35.19317757437321,-97.43859171110444,321.4364576855938,3.0018978118896484,14.0
1763596363409,35.19317748841525,-97.43859314879842,321.43952603427084,3.0412299633026123,15.5
1763596363409,35.193177401430574,-97.43859459758383,321.4429527710932,3.082399845123291,18.100000381469727
1763596363409,35.193177313596756,-97.43859602374175,321.4466724773452,3.1021173000335693,19.899999618530273
1763596363409,35.19317720905753,-97.43859750037439,321.44987910966785,3.122844696044922,22.0
1763596363409,35.19317711193739,-97.43859896448437,321.4527770331484,3.143911838531494,23.899999618530273
1763596363409,35.19317700691316,-97.43860042764497,321.4550550026055,3.1668360233306885,26.0
1763596363409,35.19317689368199,-97.43860196464517,321.45783458985187,3.1899642944335938,28.0
1763596363409,35.193176762177,-97.43860350900053,321.4608018575308,3.200937271118164,29.899999618530273
1763596363409,35.19317663943027,-97.43860499947938,321.464304494922,3.2181336879730225,31.799999237060547
1763596363409,35.193176520138756,-97.43860645292764,321.4676656068428,3.2281124591827393,32.79999923706055
1763596363409,35.193176372448114,-97.43860801600574,321.47118896294324,3.242319107055664,33.599998474121094
1763596363409,35.193176216664675,-97.43860955092872,321.4738224619129,3.2579002380371094,34.099998474121094
1763596363409,35.19317606562514,-97.4386111286195,321.476363180105,3.27591609954834,34.20000076293945
1763596363409,35.19317590605536,-97.43861270894354,321.47933475648534,3.290339946746826,34.29999923706055
1763596363409,35.19317574647049,-97.43861431032998,321.48234594931404,3.3069238662719727,34.29999923706055
1763596363409,35.19317557209148,-97.4386159120094,321.48489050655974,3.3217849731445312,34.29999923706055
1763596363409,35.19317538720176,-97.43861752451458,321.4876257507336,3.3312532901763916,34.29999923706055
1763596363409,35.19317519666967,-97.43861927412358,321.49057112500236,3.3502118587493896,34.5
1763596363409,35.193175029163285,-97.43862090495551,321.49352814412146,3.3670074939727783,34.70000076293945
1763596364409,35.19316931567236,-97.43862711613745,321.66784857322466,3.380150318145752,35.20000076293945
1763596364409,35.1931690408789,-97.43862875424924,321.6707580219918,3.3917322158813477,36.29999923706055
1763596364409,35.19316877148826,-97.43863039901034,321.67373259098827,3.4017865657806396,38.5
1763596364409,35.19316850005804,-97.43863205661984,321.67649465508345,3.4117724895477295,41.29999923706055
1763596364409,35.19316821996824,-97.43863374276279,321.6790492402476,3.4275014400482178,45.400001525878906
1763596364409,35.19316792705363,-97.43863542302356,321.6815130908082,3.446168899536133,50.29999923706055
1763596364409,35.193167636073404,-97.4386370820943,321.683947756713,3.4591033458709717,53.29999923706055
1763596364409,35.19316732051066,-97.43863872153266,321.686350579728,3.4758400917053223,56.900001525878906
1763596364409,35.19316697750891,-97.43864043731935,321.6889131743977,3.4873344898223877,60.5
1763596364409,35.19316663692161,-97.43864214923393,321.69151995882913,3.504478931427002,63.900001525878906
1763596364409,35.1931663052549,-97.4386437696195,321.69371889646806,3.524646759033203,67.0999984741211
1763596364409,35.19316593839634,-97.4386454697703,321.6963497193219,3.53752064704895,69.9000015258789
1763596364409,35.19316555229027,-97.43864720353649,321.6994669421053,3.544100761413574,72.4000015258789
1763596364409,35.19316516222891,-97.43864893656719,321.7026969507484,3.54945969581604,75.4000015258789
1763596364409,35.19316477332102,-97.43865059437483,321.70601320010314,3.5482451915740967,78.19999694824219
1763596364409,35.1931643674843,-97.43865229066519,321.7090604882988,3.5469930171966553,81.19999694824219
1763596364409,35.19316394096396,-97.43865396444323,321.7123270373813,3.539828300476074,85.30000305175781
1763596364409,35.19316351360176,-97.43865564806796,321.7150694366454,3.528028964996338,91.69999694824219
1763596364409,35.19316308353304,-97.43865735772279,321.7176771589523,3.524869441986084,95.5
1763596365409,35.19315636756971,-97.43866475661322,322.01782776328656,3.5036399364471436,101.30000305175781
1763596365409,35.19315608768484,-97.43866560803448,322.0183228171398,3.500229597091675,101.69999694824219
1763596365409,35.19315548484075,-97.43866724963033,322.0206440256177,3.493269920349121,103.5
1763596365409,35.19315486496538,-97.43866886007947,322.0230931050414,3.4835543632507324,105.30000305175781
1763596365409,35.19315416713416,-97.43867062573875,322.0263643616219,3.4769647121429443,107.80000305175781
1763596365409,35.19315352765689,-97.43867221952925,322.0293061304978,3.4675655364990234,110.9000015258789
1763596365409,35.19315285286463,-97.43867384987819,322.0327651422253,3.4598195552825928,114.19999694824219
1763596365409,35.193152171911294,-97.43867549011537,322.0364705730418,3.4500229358673096,117.80000305175781
1763596365409,35.193151467302535,-97.4386771119507,322.0403505982304,3.443186044692993,121.9000015258789
1763596365409,35.19315077071936,-97.43867870485671,322.0432985661441,3.439565896987915,125.9000015258789
1763596365409,35.19315005202427,-97.43868032423025,322.0457235450816,3.4376637935638428,129.39999389648438
1763596365409,35.19314932969087,-97.43868189402633,322.04838247405746,3.438762903213501,131.6999969482422
1763596365409,35.19314862532652,-97.43868340296544,322.05106436195337,3.432317018508911,132.5
1763596365409,35.19314788187327,-97.43868494898452,322.0545611030085,3.429340124130249,132.60000610351562
1763596365409,35.193147059087124,-97.4386866124647,322.05877970506515,3.4231326580047607,133.10000610351562
1763596365409,35.19314624572464,-97.43868817895124,322.06337313365856,3.4145023822784424,134.8000030517578
1763596365409,35.193145533126845,-97.43868956301083,322.06675460269895,3.4069759845733643,136.8000030517578
1763596365409,35.193144746961266,-97.4386910384262,322.0704046256917,3.3955767154693604,140.10000610351562
1763596365409,35.193143992554624,-97.43869244546022,322.0735971646066,3.3913776874542236,141.89999389648438
1763596365409,35.19314308287565,-97.43869409045928,322.07753223514203,3.3872792720794678,146.60000610351562
1763596366409,35.193140228243706,-97.4386995548934,322.4985857318116,3.3749632835388184,153.6999969482422
1763596366409,35.1931397195833,-97.43870040628317,322.4997502867824,3.3663601875305176,158.1999969482422
1763596366409,35.1931388066733,-97.43870181379246,322.503080800258,3.3682515621185303,164.0
1763596366409,35.19313788888181,-97.43870319884329,322.50623555051845,3.379162311553955,168.60000610351562
1763596366409,35.19313700468533,-97.438704525064,322.50919647122726,3.385801076889038,174.39999389648438
1763596366409,35.19313593658375,-97.43870604862299,322.51283549102936,3.3865301609039307,181.0
1763596366409,35.193134936233065,-97.43870743528254,322.51605997057203,3.3894271850585938,190.10000610351562
1763596366409,35.19313391198877,-97.43870879108891,322.51947677490574,3.3956427574157715,197.6999969482422
1763596366409,35.193132858506445,-97.4387101256144,322.52340212362935,3.402465581893921,203.6999969482422
1763596366409,35.19313176801771,-97.43871144455959,322.5281861210312,3.4121105670928955,211.10000610351562
1763596366409,35.19313067117744,-97.43871272304757,322.5336851751624,3.428842782974243,218.5
1763596366409,35.193129570819224,-97.43871395577953,322.53983260958023,3.439697742462158,224.1999969482422
1763596366409,35.19312842806334,-97.43871519696076,322.54638090294645,3.4464242458343506,227.5
1763596366409,35.19312726809243,-97.4387163859485,322.55289790285457,3.4467251300811768,228.6999969482422
1763596366409,35.19312607565991,-97.43871754454695,322.55948853860014,3.4484472274780273,229.5
1763596366409,35.19312485145592,-97.43871868349815,322.5659022036086,3.4451420307159424,231.3000030517578
1763596366409,35.19312363850459,-97.43871978911542,322.57205041003056,3.4378480911254883,234.60000610351562
1763596366409,35.193122404877826,-97.438720885074,322.5779503834668,3.4254724979400635,238.60000610351562
1763596366409,35.19312117911485,-97.43872192591303,322.58283652639756,3.413423776626587,242.89999389648438
1763596366409,35.19311989473647,-97.43872299598556,322.58816224092135,3.4026191234588623,245.1999969482422
1763596366409,35.19311863624937,-97.43872402399684,322.59317780174706,3.392077922821045,246.1999969482422
1763596367409,35.19311628732421,-97.4387284833036,322.7626619694132,3.370398998260498,247.10000610351562
1763596367409,35.19311497087659,-97.43872937914749,322.7686070237056,3.352513551712036,247.60000610351562
1763596367409,35.19311367598139,-97.4387302265317,322.7742242170469,3.3227109909057617,248.60000610351562
1763596367409,35.19311228051285,-97.4387310993724,322.7801949856173,3.297238349914551,250.10000610351562
1763596367409,35.1931109441561,-97.43873188997983,322.7858099613231,3.2706966400146484,252.10000610351562
1763596367409,35.19310959979713,-97.43873265297132,322.79148578025996,3.259275197982788,253.39999389648438
1763596367409,35.193108245545325,-97.43873337748657,322.7974206042833,3.2426512241363525,254.5
1763596367409,35.193106902126026,-97.43873404357919,322.80370932946835,3.226503610610962,254.89999389648438
1763596367409,35.19310555589196,-97.4387346883776,322.81013888443056,3.213517904281616,255.0
1763596367409,35.19310421789575,-97.4387353037488,322.81645373596683,3.209071636199951,255.10000610351562
1763596367409,35.19310287573865,-97.43873587685805,322.82233014718145,3.2016587257385254,255.6999969482422
1763596367409,35.19310153147819,-97.43873641221515,322.8283537361147,3.1998443603515625,256.3999938964844
1763596367409,35.19310019942336,-97.43873691788588,322.8344950119797,3.2012269496917725,257.5
1763596367409,35.19309884282085,-97.43873740356312,322.84082002526947,3.2082111835479736,259.29998779296875
1763596367409,35.19309746872396,-97.43873786923163,322.8472489065611,3.2127037048339844,262.8999938964844
1763596367409,35.193096145686546,-97.43873828989425,322.8536191813388,3.211674213409424,265.6000061035156
1763596367409,35.193094794254854,-97.4387386866394,322.8599423215039,3.2107861042022705,268.6000061035156
1763596367409,35.193093465492794,-97.43873905738255,322.8655829237031,3.209944009780884,270.6000061035156
1763596367409,35.19309211302268,-97.43873939895296,322.87125325949154,3.2097787857055664,271.8999938964844
1763596367409,35.193090726761376,-97.43873972045515,322.87723410381386,3.207019567489624,272.70001220703125
1763596368409,35.19308915991558,-97.43874136770103,323.1084719587871,3.2092013359069824,272.70001220703125
1763596368409,35.193087779085204,-97.43874154669662,323.11485727257633,3.214822769165039,272.70001220703125
1763596368409,35.193086385437645,-97.43874168921782,323.1211403241872,3.2210781574249268,272.70001220703125
1763596368409,35.19308498515906,-97.43874178604167,323.1274140354873,3.2293479442596436,272.70001220703125
1763596368409,35.19308358440603,-97.43874186828873,323.1340399294639,3.2384281158447266,272.70001220703125
1763596368409,35.193082169401656,-97.43874190492367,323.1408462173828,3.2427988052368164,272.70001220703125
1763596368409,35.193080884901825,-97.43874190955755,323.14684181058226,3.2504758834838867,272.3999938964844
1763596368409,35.19307936907381,-97.43874188465414,323.154057065707,3.265547752380371,271.79998779296875
1763596368409,35.19307795180356,-97.43874183201314,323.16107844029915,3.280564785003662,270.1000061035156
1763596368409,35.19307669081881,-97.43874175524445,323.1671646345695,3.289067029953003,268.1000061035156
1763596368409,35.19307516526233,-97.438741637955,323.17376679384273,3.301203727722168,264.79998779296875
1763596368409,35.19307376443549,-97.43874148991807,323.17986510755645,3.3126795291900635,261.20001220703125
1763596368409,35.193072416648285,-97.43874131414735,323.18551180788444,3.3273813724517822,257.3999938964844
1763596368409,35.19307100726733,-97.43874113143602,323.1915442048204,3.3437514305114746,253.60000610351562
1763596368409,35.19306959043219,-97.43874092551843,323.1978421175271,3.3574793338775635,249.89999389648438
1763596368409,35.19306820997026,-97.43874068922926,323.2038434591547,3.3778696060180664,246.1999969482422
1763596368409,35.193066782612554,-97.43874041966492,323.2104935564909,3.405686140060425,243.10000610351562
1763596368409,35.19306539700095,-97.43874013373673,323.21726204341934,3.425311803817749,241.3000030517578
1763596368409,35.19306398210945,-97.43873981292306,323.22422862414794,3.4432387351989746,240.8000030517578
1763596368409,35.19306257276107,-97.43873946095277,323.23078006976334,3.4510085582733154,240.8000030517578
1763596369409,35.19306195542924,-97.43874028239262,323.41977558456875,3.460659980773926,240.8000030517578
1763596369409,35.19306057439914,-97.43873987471073,323.4258126542975,3.4793248176574707,241.10000610351562
1763596369409,35.19305918620383,-97.43873943721168,323.431520706151,3.4984943866729736,241.6999969482422
1763596369409,35.19305778715971,-97.43873895650862,323.4374545713472,3.5187783241271973,242.39999389648438
1763596369409,35.19305642144444,-97.43873845157435,323.4438700355357,3.539970636367798,243.3000030517578
1763596369409,35.193055059749604,-97.43873791667392,323.45032307189797,3.556842803955078,243.89999389648438
1763596369409,35.19305368378309,-97.43873733953721,323.45638478278556,3.57254958152771,244.10000610351562
1763596369409,35.19305232345884,-97.43873674859425,323.4620035817545,3.59289288520813,244.1999969482422
1763596369409,35.1930509040975,-97.43873612391334,323.46836781439697,3.6138172149658203,244.3000030517578
1763596369409,35.19304953784407,-97.43873548472841,323.4749755813686,3.634669065475464,244.5
1763596369409,35.19304822049168,-97.43873483213066,323.4817774646494,3.6494760513305664,244.60000610351562
1763596369409,35.19304692080323,-97.43873417150013,323.48870007303566,3.666533946990967,244.60000610351562
1763596369409,35.19304570050268,-97.43873351745923,323.4960522118743,3.678947687149048,244.60000610351562
1763596369409,35.193044258649174,-97.43873267621329,323.50448370282214,3.6957695484161377,243.89999389648438
1763596369409,35.19304298731181,-97.43873187937677,323.51166840371224,3.712738513946533,243.0
1763596369409,35.19304167141424,-97.43873099885933,323.5189030534636,3.7319185733795166,241.8000030517578
1763596369409,35.19304038595019,-97.43873013242712,323.5255025641714,3.7519500255584717,240.0
1763596369409,35.19303906659933,-97.43872923389628,323.5326469780553,3.767557382583618,238.3000030517578
1763596369409,35.1930378019078,-97.43872835038324,323.5395754949574,3.7817153930664062,236.60000610351562
1763596370409,35.19303187482614,-97.43872470211149,323.6442099625653,3.825249433517456,232.8000030517578
1763596370409,35.193031250194196,-97.43872421342151,323.6473623029035,3.8319108486175537,232.39999389648438
1763596370409,35.19302991536478,-97.43872306814504,323.652979816016,3.8625810146331787,230.0
1763596370409,35.19302861118074,-97.4387219133497,323.6585135805107,3.8818764686584473,227.39999389648438
1763596370409,35.19302732308431,-97.43872075728268,323.66443822478107,3.894798517227173,224.8000030517578
1763596370409,35.19302599153256,-97.43871952240995,323.6709499540608,3.9096734523773193,222.1999969482422
1763596370409,35.193024702578775,-97.43871828073816,323.6769007111951,3.927854537963867,221.10000610351562
1763596370409,35.193023441198825,-97.43871699306517,323.6831839450902,3.9580702781677246,220.39999389648438
1763596370409,35.193022157013544,-97.43871570304309,323.6901329832264,3.97200608253479,220.39999389648438
1763596370409,35.19302089780528,-97.43871436904072,323.697440677138,3.9935646057128906,220.39999389648438
1763596370409,35.19301963554829,-97.43871297563608,323.7051056087117,4.012119293212891,220.3000030517578
1763596370409,35.19301843774729,-97.43871162762225,323.7122363426593,4.034332275390625,220.0
1763596370409,35.19301721788648,-97.4387101802833,323.71985335215425,4.060632228851318,219.39999389648438
1763596370409,35.19301605836226,-97.43870873859368,323.7271177483122,4.078029155731201,218.5
1763596370409,35.193014923230635,-97.43870726000685,323.73489452032766,4.094924449920654,217.8000030517578
1763596370409,35.193013824423204,-97.4387057160309,323.7423304152782,4.112404823303223,217.39999389648438
1763596370409,35.19301275911622,-97.4387041832239,323.7501436627741,4.126777172088623,217.3000030517578
1763596370409,35.193011679934955,-97.43870262270339,323.7576471649194,4.147565841674805,217.3000030517578
1763596370409,35.1930106259008,-97.43870101669098,323.76507343600497,4.1613874435424805,217.3000030517578
1763596370409,35.193009570101715,-97.43869937717827,323.77305492433646,4.172895431518555,217.3000030517578
1763596370409,35.193008546076186,-97.43869771139471,323.78145636619075,4.188678741455078,217.39999389648438
1763596371409,35.19300593735524,-97.43869328755743,323.8093869262828,4.198359966278076,217.5
1763596371409,35.19300491734793,-97.43869146379198,323.8165179544751,4.216357707977295,217.5
1763596371409,35.19300393754503,-97.43868965304024,323.8242210972674,4.233499526977539,217.5
1763596371409,35.193002965744434,-97.43868777394677,323.8320545143731,4.251806735992432,217.60000610351562
1763596371409,35.19300204034616,-97.43868590448237,323.83956052932655,4.258078098297119,217.60000610351562
1763596371409,35.19300113623594,-97.4386840162712,323.8474454839543,4.262328624725342,217.89999389648438
1763596371409,35.19300030710102,-97.43868221315374,323.85558865513156,4.277945518493652,218.39999389648438
1763596371409,35.192999389911414,-97.43868010323874,323.86458698146157,4.298859119415283,219.0
1763596371409,35.1929985602646,-97.43867809512828,323.8734788910271,4.30997371673584,219.10000610351562
1763596371409,35.1929977945693,-97.43867609672759,323.88163103459186,4.317951202392578,219.10000610351562
1763596371409,35.19299708379224,-97.43867408318418,323.8896766875647,4.3249640464782715,219.0
1763596371409,35.19299642144779,-97.43867205159344,323.89806529312864,4.3341522216796875,218.89999389648438
1763596371409,35.19299578982047,-97.43867000421514,323.90687059937557,4.3633904457092285,218.89999389648438
1763596371409,35.19299515950386,-97.4386678761101,323.9157482927986,4.391843795776367,218.60000610351562
1763596371409,35.1929945852142,-97.43866584540774,323.92459671309723,4.405799865722656,218.3000030517578
1763596371409,35.19299403486421,-97.43866374785003,323.9331999786008,4.4133734703063965,217.60000610351562
1763596371409,35.19299352294168,-97.43866164346761,323.94201132726505,4.421139240264893,216.8000030517578
1763596371409,35.19299304530695,-97.43865950254187,323.95068202839195,4.432725429534912,216.1999969482422
1763596372409,35.19299289941419,-97.43865576103772,323.97740001199946,4.4424614906311035,215.6999969482422
1763596372409,35.19299260154369,-97.43865432187333,323.98331524276824,4.445610523223877,215.39999389648438
1763596372409,35.192992246358834,-97.43865220353096,323.9913198069863,4.452960014343262,214.89999389648438
1763596372409,35.192991948869675,-97.43865001483059,323.9993952974039,4.462954521179199,213.60000610351562
1763596372409,35.1929917024293,-97.43864776731323,324.007975295134,4.4750800132751465,211.5
1763596372409,35.19299152292401,-97.43864550698007,324.01613953621614,4.481759548187256,208.0
1763596372409,35.192991398858716,-97.43864333127398,324.02361998404064,4.485662937164307,205.39999389648438
1763596372409,35.192991331956506,-97.43864107071842,324.0303590480854,4.493473529815674,202.0
1763596372409,35.192991288108516,-97.43863888081705,324.0371202218679,4.503651142120361,198.89999389648438
1763596372409,35.19299126175105,-97.43863669727315,324.0446713811429,4.512134075164795,196.3000030517578
1763596372409,35.192991244798066,-97.43863446478304,324.05265967679605,4.513853073120117,193.89999389648438
1763596372409,35.19299125690243,-97.43863221000306,324.0604269002969,4.512754440307617,191.5
1763596372409,35.19299129333735,-97.4386300703733,324.0681606071127,4.51347541809082,188.0
1763596372409,35.19299135584471,-97.43862793437336,324.07596437969863,4.507966041564941,185.10000610351562
1763596372409,35.19299146392538,-97.43862572292448,324.08356575379673,4.502694129943848,180.60000610351562
1763596372409,35.19299161126839,-97.43862349541214,324.09126323633853,4.499248504638672,175.0
1763596372409,35.1929918011174,-97.43862132576265,324.09874728082144,4.507458209991455,168.60000610351562
1763596372409,35.19299201523499,-97.43861919702654,324.10545550546396,4.507075309753418,159.39999389648438
1763596372409,35.19299222805931,-97.4386172701285,324.1117619659796,4.495462417602539,152.1999969482422
1763596372409,35.1929924967238,-97.4386149549887,324.119593961573,4.487945556640625,142.5
1763596372409,35.19299274720341,-97.43861287215427,324.1264121362824,4.468131065368652,132.0
1763596373409,35.19299332867543,-97.43860913253332,324.20927972484446,4.440613269805908,114.0
1763596373409,35.1929933966938,-97.4386082348489,324.21339233565175,4.431331634521484,109.4000015258789
1763596373409,35.19299364366906,-97.4386062179107,324.21992348732863,4.414160251617432,96.4000015258789
1763596373409,35.1929939085118,-97.43860411229949,324.2272534203875,4.402750015258789,89.0999984741211
1763596373409,35.19299411716407,-97.43860204095303,324.2344720030726,4.388086795806885,80.9000015258789
1763596373409,35.19299430265881,-97.43859995423544,324.2411219115839,4.3662333488464355,73.0
1763596373409,35.19299447821221,-97.43859791565768,324.2481863721863,4.348004341125488,63.29999923706055
1763596373409,35.19299463002101,-97.43859589229135,324.2535586111421,4.341248989105225,55.099998474121094
1763596373409,35.19299471953168,-97.43859388107462,324.2599863283621,4.330399036407471,48.70000076293945
1763596373409,35.19299480008715,-97.43859176981987,324.26590030514507,4.306251525878906,41.29999923706055
1763596373409,35.19299482006458,-97.43858968126716,324.2718771967983,4.290474891662598,34.5
1763596373409,35.1929947994384,-97.43858780315823,324.277167510294,4.281957149505615,28.399999618530273
1763596373409,35.19299481113092,-97.43858575505357,324.28274945533474,4.2753424644470215,23.799999237060547
1763596373409,35.19299476355102,-97.43858349320303,324.2896946703419,4.272676944732666,20.700000762939453
1763596373409,35.19299463565586,-97.43858140823532,324.2949459049087,4.268259525299072,18.0
1763596373409,35.19299460402669,-97.43857933101566,324.30217706452726,4.258340358734131,14.800000190734863
1763596373409,35.192994503880655,-97.43857730013879,324.31103105004587,4.250622749328613,11.699999809265137
1763596373409,35.19299446604598,-97.43857529914438,324.3188036669884,4.2406840324401855,8.800000190734863
1763596373409,35.19299452382984,-97.43857335891289,324.3280081846498,4.222546100616455,5.800000190734863
1763596373409,35.19299457295124,-97.43857142414862,324.3359454473268,4.198566913604736,2.5
1763596373409,35.192994651705796,-97.43856956451347,324.3428796878709,4.177933216094971,-0.699999988079071
1763596374409,35.19299528419544,-97.43855894421844,324.22164120144566,4.16106653213501,-4.599999904632568
1763596374409,35.19299541329225,-97.43855687751088,324.2281590720645,4.142861366271973,-8.5
1763596374409,35.19299552308353,-97.43855495259763,324.2346467407277,4.124884128570557,-11.899999618530273
1763596374409,35.19299564343405,-97.43855302254194,324.2399142691961,4.105034351348877,-16.600000381469727
1763596374409,35.19299576220013,-97.43855108562047,324.24436042910645,4.083010673522949,-20.899999618530273
1763596374409,35.192995875685824,-97.43854918115292,324.2487873479462,4.066786766052246,-24.399999618530273
1763596374409,35.19299596964045,-97.43854725427067,324.25323478560364,4.044252395629883,-27.299999237060547
1763596374409,35.19299603543768,-97.43854537716003,324.2582499613252,4.024085998535156,-30.600000381469727
1763596374409,35.19299610944078,-97.43854346318928,324.2630942472484,4.007437229156494,-34.20000076293945
1763596374409,35.19299617599066,-97.43854159626919,324.26858773486737,3.982811212539673,-38.400001525878906
1763596374409,35.19299624396404,-97.43853978245515,324.2732139416754,3.972085952758789,-40.79999923706055
1763596374409,35.192996308908235,-97.43853795855034,324.27766025982635,3.954146385192871,-43.20000076293945
1763596374409,35.19299635558935,-97.4385361437379,324.28283696386444,3.9357638359069824,-45.400001525878906
1763596374409,35.19299639440054,-97.43853434889695,324.28755122643526,3.916015148162842,-48.0
1763596374409,35.19299642297721,-97.43853256203505,324.29271679064954,3.8989551067352295,-51.099998474121094
1763596374409,35.19299644079592,-97.43853078364701,324.296955947348,3.890021800994873,-54.29999923706055
1763596374409,35.19299645433183,-97.43852903833753,324.3017120048574,3.879897356033325,-58.0
1763596374409,35.19299645093134,-97.4385272602099,324.305971025415,3.874796152114868,-60.099998474121094
1763596374409,35.19299644184886,-97.4385254859255,324.31013447899556,3.8664631843566895,-62.20000076293945
1763596374409,35.19299641445591,-97.43852369781708,324.31402859722715,3.861607789993286,-62.70000076293945
1763596375409,35.192997409224354,-97.43851507702597,324.2565150016722,3.8627352714538574,-62.599998474121094
1763596375409,35.19299735064472,-97.4385132338043,324.2583620391672,3.8634841442108154,-61.099998474121094
1763596375409,35.192997278670546,-97.43851135690639,324.26093755768323,3.857569694519043,-58.20000076293945
1763596375409,35.19299719865085,-97.43850950691038,324.26336610176816,3.8366241455078125,-53.099998474121094
1763596375409,35.192997113990906,-97.43850763501605,324.2660836245969,3.822328567504883,-48.400001525878906
1763596375409,35.19299702690182,-97.43850582167626,324.2676842527849,3.8136184215545654,-44.900001525878906
1763596375409,35.19299693650224,-97.43850398540731,324.26943099393014,3.8026323318481445,-41.20000076293945
1763596375409,35.19299685588784,-97.43850217100784,324.2712702091516,3.7840964794158936,-37.5
1763596375409,35.19299678520694,-97.43850036643013,324.2732878849821,3.7751150131225586,-35.0
1763596375409,35.19299671690848,-97.43849857170103,324.27515460484807,3.763112783432007,-31.799999237060547
1763596375409,35.192996653440574,-97.4384968245483,324.2768120106293,3.7557215690612793,-28.100000381469727
1763596375409,35.19299660185449,-97.43849501098624,324.2792836963881,3.7530319690704346,-24.600000381469727
1763596375409,35.19299653980678,-97.43849323158517,324.2822563531489,3.7561373710632324,-20.700000762939453
1763596375409,35.19299648510626,-97.43849150171664,324.28441955918595,3.7507848739624023,-17.5
1763596375409,35.192996418857845,-97.43848967725033,324.2870690368049,3.742286205291748,-14.399999618530273
1763596375409,35.19299635478853,-97.43848794715825,324.2876599427014,3.743039608001709,-11.699999809265137
1763596375409,35.192996294429776,-97.43848622706098,324.2881860686236,3.7485480308532715,-8.0
1763596375409,35.19299622293287,-97.43848447124144,324.2896259515856,3.7495057582855225,-4.0
1763596375409,35.192996144802606,-97.43848273002108,324.2913444934648,3.750617504119873,-0.10000000149011612
1763596376409,35.19299671540684,-97.43847543573804,324.25574917675334,3.7654242515563965,7.400000095367432
1763596376409,35.19299668693421,-97.43847462710956,324.25582506411007,3.768111228942871,8.100000381469727
1763596376409,35.19299663292101,-97.43847280200244,324.2569021595681,3.774765729904175,10.899999618530273
1763596376409,35.192996582597324,-97.43847091802046,324.25762299057646,3.7872235774993896,14.699999809265137
1763596376409,35.19299654343313,-97.4384690500769,324.2585046968771,3.800967216491699,18.700000762939453
1763596376409,35.19299651013561,-97.43846715502852,324.25929142021005,3.8159265518188477,23.899999618530273
1763596376409,35.19299648746182,-97.4384653229722,324.2595697654545,3.831653118133545,28.600000381469727
1763596376409,35.19299646462266,-97.43846348358908,324.2596729700085,3.850461483001709,32.79999923706055
1763596376409,35.1929964452168,-97.43846170265596,324.2602357455119,3.8694632053375244,37.29999923706055
1763596376409,35.19299644684507,-97.43845964122012,324.26170510744447,3.8934717178344727,45.400001525878906
1763596376409,35.192996457413514,-97.43845772129464,324.2630779758905,3.903432607650757,50.29999923706055
1763596376409,35.19299648947242,-97.43845585865076,324.2641498960927,3.918416976928711,58.400001525878906
1763596376409,35.19299653666157,-97.43845390949849,324.2645004747931,3.9375195503234863,65.80000305175781
1763596376409,35.19299660289021,-97.43845196156656,324.26507101878576,3.9568026065826416,74.0999984741211
1763596376409,35.192996691135946,-97.43845000937442,324.26620309183176,3.9730777740478516,81.4000015258789
1763596376409,35.19299678876798,-97.43844811645576,324.26787206747355,3.9936625957489014,90.9000015258789
1763596376409,35.192996924022,-97.43844612933233,324.2679222287016,4.009471416473389,101.9000015258789
1763596376409,35.192997074908206,-97.4384442090685,324.26787166343297,4.0240349769592285,108.4000015258789
1763596376409,35.19299726682,-97.43844222051466,324.2681021586529,4.046698570251465,116.80000305175781
1763596376409,35.19299748890914,-97.43844023779452,324.26835347709647,4.0591230392456055,121.69999694824219
1763596377409,35.192998427507156,-97.43843400586728,324.2387289288337,4.076554298400879,132.1999969482422
1763596377409,35.192998730648824,-97.43843196332993,324.2393224631378,4.0796895027160645,133.39999389648438
1763596377409,35.19299907153404,-97.43842992406339,324.24002882356996,4.102062225341797,140.60000610351562
1763596377409,35.1929994457008,-97.43842787524565,324.24099597096557,4.115400791168213,145.10000610351562
1763596377409,35.19299986704646,-97.43842574999022,324.2424082611146,4.132750988006592,150.39999389648438
1763596377409,35.19300030373994,-97.43842372160464,324.2434737392042,4.14405632019043,154.8000030517578
1763596377409,35.19300075648074,-97.43842175390277,324.2445721671121,4.151112079620361,158.10000610351562
1763596377409,35.193001265027185,-97.43841968703802,324.2456833221657,4.160587787628174,160.0
1763596377409,35.193001801222756,-97.43841763399723,324.24687470716003,4.176590919494629,160.89999389648438
1763596377409,35.19300237180317,-97.43841556476661,324.2478462566935,4.175944805145264,161.3000030517578
1763596377409,35.19300294978687,-97.4384135645372,324.24850671258946,4.170334815979004,161.3000030517578
1763596377409,35.19300356022013,-97.43841156147575,324.24925491617125,4.167294502258301,161.3000030517578
1763596377409,35.193004199111634,-97.4384095724616,324.250703382304,4.156861782073975,161.5
1763596377409,35.193004785929475,-97.4384077846311,324.2518261057439,4.152482509613037,161.89999389648438
1763596377409,35.19300546922251,-97.43840580254603,324.25300958556863,4.142328262329102,162.8000030517578
1763596377409,35.193006224046044,-97.43840372399221,324.25509747524416,4.126819610595703,164.3000030517578
1763596377409,35.19300695168239,-97.43840179173456,324.25679664475757,4.112607002258301,166.3000030517578
1763596377409,35.193007680380866,-97.43839992208869,324.2588075960953,4.109031677246094,167.5
1763596377409,35.193008444331916,-97.43839804204802,324.26162846793494,4.106952667236328,168.89999389648438
1763596377409,35.19300924342001,-97.43839614286506,324.26405333616805,4.101354122161865,170.0
1763596377409,35.1930100472722,-97.4383942848235,324.26639312641584,4.1003007888793945,170.5
1763596378409,35.193012105078054,-97.43838960168128,324.21268926868595,4.101362705230713,170.5
1763596378409,35.19301300229948,-97.43838772636721,324.21371730191646,4.1042609214782715,170.5
1763596378409,35.19301393536025,-97.43838584300055,324.2150661753995,4.102017402648926,170.5
1763596378409,35.19301487330071,-97.43838399341004,324.21667711421924,4.103689193725586,170.5
1763596378409,35.19301582624848,-97.43838215381135,324.21852475851705,4.106862545013428,170.5
1763596378409,35.19301677413037,-97.43838034506045,324.22038843030475,4.0952959060668945,170.5
1763596378409,35.19301777195792,-97.43837850229536,324.2221713960731,4.080245018005371,170.5
1763596378409,35.19301875996403,-97.43837672479555,324.2234925675286,4.069669723510742,170.5
1763596378409,35.19301972288778,-97.43837503572747,324.2245844340838,4.057953357696533,170.5
1763596378409,35.193020830396534,-97.43837314154366,324.22578702302883,4.039483070373535,170.5
1763596378409,35.19302186922187,-97.43837143201056,324.22744860979503,4.028058052062988,170.5
1763596378409,35.193022916440654,-97.43836975539078,324.22895513504284,4.010640621185303,170.5
1763596378409,35.193024005140224,-97.43836806937183,324.2303352087227,3.992971658706665,170.5
1763596378409,35.193025087641,-97.43836643890539,324.2315048610728,3.9758591651916504,170.5
1763596378409,35.19302621642387,-97.43836476888507,324.23235831903725,3.959519147872925,170.5
1763596378409,35.19302732489765,-97.43836317528262,324.2335596446141,3.942716121673584,170.5
1763596378409,35.19302843687952,-97.43836162522798,324.2355153876097,3.9292263984680176,170.5
1763596378409,35.19302957244956,-97.438360097244,324.2379146722222,3.9090826511383057,170.5
1763596378409,35.19303071880204,-97.43835861220845,324.2408679539419,3.891951322555542,170.5
1763596379409,35.193035433587035,-97.43835442540703,324.2587168959977,3.866800546646118,170.39999389648438
1763596379409,35.193035955503774,-97.43835378868887,324.2591693472961,3.8609960079193115,170.3000030517578
1763596379409,35.19303722567759,-97.4383523172807,324.26128909783193,3.838728666305542,170.1999969482422
1763596379409,35.19303846068583,-97.43835093360985,324.26359993431737,3.8132240772247314,170.1999969482422
1763596379409,35.193039712491704,-97.43834957131261,324.2660578686352,3.7997570037841797,170.1999969482422
1763596379409,35.19304100095617,-97.438348222268,324.2692439841677,3.7856874465942383,170.0
1763596379409,35.19304225354452,-97.43834693099694,324.27198848041235,3.7678825855255127,169.10000610351562
1763596379409,35.193043519588024,-97.43834566744854,324.27499682385724,3.748575210571289,166.10000610351562
1763596379409,35.19304481610365,-97.4383444144153,324.2786235976246,3.7292726039886475,160.10000610351562
1763596379409,35.19304613971981,-97.43834317918827,324.2824230921307,3.70931339263916,150.1999969482422
1763596379409,35.19304742207019,-97.43834200044637,324.28599288073957,3.6831588745117188,134.0
1763596379409,35.193048681215494,-97.43834086353773,324.2896140467704,3.6746981143951416,122.0999984741211
1763596379409,35.193049990007594,-97.43833969178709,324.2938260228509,3.6563773155212402,106.5
1763596379409,35.193051259055586,-97.43833854674175,324.29755153840716,3.6306891441345215,87.30000305175781
1763596379409,35.19305253411512,-97.43833738777204,324.3015534863364,3.613898277282715,73.0999984741211
1763596379409,35.19305374538826,-97.43833626598554,324.30457940219867,3.593277931213379,54.79999923706055
1763596379409,35.19305496545939,-97.43833511364738,324.30811316622425,3.5771548748016357,37.5
1763596379409,35.193056174710286,-97.43833395672902,324.31147548517083,3.5635106563568115,21.5
1763596379409,35.19305736408307,-97.43833280300063,324.31495191866776,3.546963930130005,6.199999809265137
1763596379409,35.19305853791689,-97.43833163210964,324.3178678873126,3.524653196334839,-11.300000190734863
1763596380409,35.19306168048185,-97.43832939265423,324.26203496092603,3.4994192123413086,-30.200000762939453
1763596380409,35.19306223667512,-97.4383287984364,324.263044510482,3.4929134845733643,-35.599998474121094
1763596380409,35.19306337634305,-97.43832752410289,324.26542843874716,3.478633403778076,-49.5
1763596380409,35.19306447005751,-97.43832627152455,324.26814797704236,3.462087392807007,-64.0999984741211
1763596380409,35.19306555808983,-97.43832499178052,324.2705124141082,3.44293475151062,-78.69999694824219
1763596380409,35.19306661742864,-97.43832369406614,324.272267202642,3.4233665466308594,-93.80000305175781
1763596380409,35.193067615510174,-97.43832243690505,324.27386972420396,3.3990442752838135,-112.30000305175781
1763596380409,35.19306859991207,-97.43832114435793,324.27572804101345,3.3894217014312744,-123.5
1763596380409,35.193069567525924,-97.43831981586273,324.2779067027727,3.3760101795196533,-136.6999969482422
1763596380409,35.19307050073325,-97.43831847152246,324.28023945445716,3.36077880859375,-149.0
1763596380409,35.19307140887027,-97.43831709207508,324.2819819831632,3.3420984745025635,-161.39999389648438
1763596380409,35.19307225901025,-97.43831571416712,324.28280171831625,3.3187806606292725,-176.3000030517578
1763596380409,35.19307300196684,-97.43831444810654,324.28343500162714,3.3040006160736084,-185.5
1763596380409,35.19307379868635,-97.43831301105962,324.28414613434404,3.2922942638397217,-197.0
1763596380409,35.19307460949364,-97.43831145943928,324.28519814721676,3.283378839492798,-208.5
1763596380409,35.19307532326045,-97.4383100083949,324.2863252793144,3.268859624862671,-222.1999969482422
1763596380409,35.19307600176617,-97.43830853972932,324.2872643819716,3.260777235031128,-230.8000030517578
1763596380409,35.19307664659912,-97.43830703102955,324.2876779070268,3.2506959438323975,-241.3000030517578
1763596380409,35.19307723914937,-97.43830554034305,324.2876799556675,3.2466907501220703,-253.5
1763596380409,35.19307781740618,-97.43830396958906,324.2880463446877,3.2491455078125,-263.20001220703125
1763596381409,35.19307993566138,-97.43830032079245,324.2693330712576,3.265204429626465,-276.6000061035156
1763596381409,35.19308013031786,-97.43829971059695,324.2698106640691,3.2661781311035156,-277.79998779296875
1763596381409,35.193080583609564,-97.43829816465521,324.2702200856666,3.2715303897857666,-282.6000061035156
1763596381409,35.19308103954916,-97.43829645954385,324.27057662242635,3.276486873626709,-286.6000061035156
1763596381409,35.193081450009636,-97.43829478073961,324.27051410255956,3.2802913188934326,-289.29998779296875
1763596381409,35.19308179597016,-97.43829324305867,324.27060422206716,3.291705369949341,-291.0
1763596381409,35.19308215928125,-97.43829147076269,324.27071469555176,3.2946670055389404,-291.20001220703125
1763596381409,35.19308247822044,-97.4382897607355,324.27075013249504,3.294687271118164,-291.20001220703125
1763596381409,35.19308277714248,-97.43828798977151,324.2704532575492,3.2878944873809814,-291.29998779296875
1763596381409,35.193083042018344,-97.43828627093345,324.2697179866065,3.2783896923065186,-291.5
1763596381409,35.193083276364256,-97.4382845362267,324.2693133019886,3.2680554389953613,-292.20001220703125
1763596381409,35.193083492649414,-97.4382828335061,324.2687672611075,3.2627317905426025,-293.20001220703125
1763596381409,35.193083703141774,-97.43828107730735,324.2684230574814,3.2561354637145996,-294.1000061035156
1763596381409,35.19308388480147,-97.4382793332341,324.26795280314263,3.250363349914551,-294.79998779296875
1763596381409,35.1930840328622,-97.4382775972981,324.2676867848747,3.2475125789642334,-295.20001220703125
1763596381409,35.193084155195336,-97.43827582566034,324.2675788257272,3.2508487701416016,-295.29998779296875
1763596381409,35.19308426122917,-97.43827403979813,324.2676137426619,3.2459118366241455,-295.29998779296875
1763596381409,35.19308430259379,-97.43827236879956,324.2674486175732,3.2447919845581055,-295.29998779296875
1763596381409,35.19308430247754,-97.43827061996733,324.2668369892548,3.243421792984009,-295.29998779296875
1763596381409,35.19308426703756,-97.43826883579476,324.265953021738,3.2445778846740723,-295.3999938964844
1763596381409,35.193084209888646,-97.43826707998193,324.2652085217318,3.2507681846618652,-295.29998779296875
1763596382409,35.19308453291176,-97.43826527554332,324.2854826372959,3.2572872638702393,-295.29998779296875
1763596382409,35.19308445224749,-97.43826347791942,324.2847371833364,3.2621407508850098,-295.29998779296875
1763596382409,35.19308435240239,-97.4382617148176,324.28354011805646,3.2649264335632324,-295.29998779296875
1763596382409,35.193084221283286,-97.43825994931478,324.2819146632375,3.2675795555114746,-295.29998779296875
1763596382409,35.19308406375552,-97.43825815892163,324.27990725803176,3.269334316253662,-295.29998779296875
1763596382409,35.19308387739104,-97.43825631658044,324.27772777784133,3.2740776538848877,-295.29998779296875
1763596382409,35.19308366148118,-97.43825457286736,324.27559736648914,3.2715117931365967,-295.1000061035156
1763596382409,35.19308343820688,-97.43825283067171,324.2733144426484,3.273951768875122,-294.29998779296875
1763596382409,35.193083175583226,-97.43825100726725,324.27045890063084,3.278972625732422,-292.5
1763596382409,35.19308291856315,-97.4382492316267,324.2669050509069,3.2821760177612305,-288.6000061035156
1763596382409,35.19308260899865,-97.43824742930603,324.2630720193786,3.2880196571350098,-284.3999938964844
1763596382409,35.19308231117263,-97.43824569937057,324.2586821425362,3.2945003509521484,-277.79998779296875
1763596382409,35.19308196424155,-97.43824391027935,324.25454313914946,3.309937000274658,-270.3999938964844
1763596382409,35.19308160252444,-97.43824214022592,324.25121175042847,3.329907178878784,-260.5
1763596382409,35.19308119476698,-97.43824040779322,324.2478815524455,3.343181848526001,-253.39999389648438
1763596382409,35.19308074799064,-97.43823865481036,324.24463543887606,3.360084056854248,-241.39999389648438
1763596382409,35.19308029251235,-97.4382369472273,324.2421428580002,3.3709659576416016,-232.1999969482422
1763596382409,35.193079774758225,-97.4382351957451,324.2400805572543,3.391075849533081,-218.60000610351562
1763596382409,35.1930792214334,-97.43823343492048,324.23873813706996,3.4177751541137695,-203.39999389648438
1763596382409,35.19307864256217,-97.43823167778025,324.2370194764194,3.4506263732910156,-189.1999969482422
1763596383409,35.19307905736022,-97.43822855040176,324.28524294821415,3.489361524581909,-173.39999389648438
1763596383409,35.19307849649195,-97.43822674695862,324.28322507374634,3.5222010612487793,-162.1999969482422
1763596383409,35.19307793974877,-97.43822495366071,324.28123157769716,3.5626261234283447,-148.0
1763596383409,35.193077411836995,-97.43822328435438,324.27920386431464,3.603837013244629,-134.39999389648438
1763596383409,35.193076792304126,-97.43822129125628,324.27626938999305,3.641671895980835,-122.0
1763596383409,35.19307622365141,-97.43821947877127,324.2731447595906,3.681183099746704,-110.4000015258789
1763596383409,35.193075647646175,-97.43821763672376,324.2700130233755,3.733100414276123,-95.9000015258789
1763596383409,35.1930750415402,-97.43821563958674,324.2673379786224,3.763908624649048,-86.0
1763596383409,35.19307443307287,-97.43821370209515,324.2650964510128,3.80440354347229,-73.80000305175781
1763596383409,35.19307383012951,-97.4382117500254,324.26343289031087,3.847611427307129,-62.20000076293945
1763596383409,35.19307323832961,-97.43820983124311,324.26189275956455,3.8895108699798584,-50.900001525878906
1763596383409,35.193072618539645,-97.43820778384898,324.25978830104617,3.936746597290039,-40.20000076293945
1763596383409,35.19307199676509,-97.43820576801406,324.2583951588444,4.002511024475098,-27.700000762939453
1763596383409,35.1930713539453,-97.43820370291499,324.25783211656454,4.04569673538208,-20.399999618530273
1763596383409,35.193070724791816,-97.43820160463618,324.2564062218851,4.097862720489502,-13.199999809265137
1763596383409,35.193070089426705,-97.43819951001633,324.25570081956704,4.156819820404053,-5.800000190734863
1763596383409,35.19306944590755,-97.43819738112767,324.25516970496824,4.209474086761475,3.0999999046325684
1763596383409,35.19306882672263,-97.43819518912848,324.2541360738343,4.259584903717041,12.0
1763596383409,35.19306817969257,-97.4381929852288,324.2547482602989,4.317472457885742,22.600000381469727
1763596383409,35.19306756023792,-97.43819072144296,324.25321856787,4.3547492027282715,31.100000381469727
1763596384409,35.1930671745612,-97.43818863547264,324.3119731587229,4.388325214385986,37.099998474121094
1763596384409,35.19306661944614,-97.43818626099798,324.30998859303077,4.429743766784668,44.29999923706055
1763596384409,35.19306609322369,-97.43818387639415,324.30784556263757,4.4746575355529785,51.400001525878906
1763596384409,35.193065601525404,-97.43818146236494,324.30432226734655,4.524783611297607,59.70000076293945
1763596384409,35.19306511956716,-97.43817899731646,324.3016463839343,4.5698137283325195,68.4000015258789
1763596384409,35.1930646573046,-97.43817654188645,324.2995272337353,4.6206512451171875,78.5999984741211
1763596384409,35.193064181630746,-97.4381739906807,324.2967496384441,4.671510696411133,86.5999984741211
1763596384409,35.19306375876746,-97.43817150191322,324.29452675933766,4.7116217613220215,93.30000305175781
1763596384409,35.193063349560575,-97.4381689770583,324.2926134474812,4.757693290710449,98.9000015258789
1763596384409,35.19306297895383,-97.43816639452318,324.2904509753785,4.799522399902344,103.0
1763596384409,35.193062646842016,-97.43816378079666,324.28812158446175,4.832127571105957,105.9000015258789
1763596384409,35.19306233838762,-97.4381611130027,324.28554006963094,4.873660087585449,109.4000015258789
1763596384409,35.19306206427607,-97.43815838463313,324.2818164817545,4.920283317565918,112.80000305175781
1763596384409,35.19306181534243,-97.43815562589148,324.2786029761498,4.96446418762207,115.5999984741211
1763596384409,35.193061591033754,-97.43815284807586,324.2751919357736,5.009589195251465,118.0
1763596384409,35.1930614043048,-97.43814996008969,324.2722487071642,5.060519695281982,119.9000015258789
1763596384409,35.19306125201893,-97.43814718371272,324.26943996182524,5.10185432434082,120.69999694824219
1763596384409,35.19306114845069,-97.43814433887042,324.2663797775346,5.122496604919434,121.5
1763596384409,35.19306109569757,-97.43814141508766,324.2612532653042,5.1613922119140625,124.9000015258789
1763596384409,35.19306105846079,-97.43813854437269,324.2570329999753,5.193005084991455,129.39999389648438
1763596385409,35.19306179386341,-97.43813644893554,324.29148055943745,5.213857650756836,137.1999969482422
1763596385409,35.19306180524678,-97.43813350583697,324.28893376465726,5.267087936401367,145.10000610351562
1763596385409,35.19306186612672,-97.43813056093543,324.28790039990196,5.298396110534668,151.0
1763596385409,35.193061993722395,-97.43812754576412,324.28734010733024,5.313004493713379,154.6999969482422
1763596385409,35.19306218927994,-97.43812450117592,324.2870242944839,5.322145462036133,155.60000610351562
1763596385409,35.193062437222046,-97.43812155788694,324.285744674975,5.326286315917969,156.0
1763596385409,35.19306274828792,-97.43811852888781,324.28404603247134,5.334417343139648,156.8000030517578
1763596385409,35.19306311137238,-97.43811549857931,324.2822283280754,5.347034454345703,157.89999389648438
1763596385409,35.193063521679484,-97.43811255435594,324.2811541235048,5.349679946899414,159.89999389648438
1763596385409,35.19306397417515,-97.43810955423433,324.2806278989605,5.35455846786499,163.39999389648438
1763596385409,35.19306444953572,-97.4381065679516,324.27966873088366,5.3370842933654785,167.8000030517578
1763596385409,35.19306497035727,-97.4381035346954,324.2786236270899,5.323007106781006,172.60000610351562
1763596385409,35.19306551684422,-97.43810057574764,324.2762324253968,5.32728910446167,173.60000610351562
1763596385409,35.19306613683226,-97.43809749987336,324.27330539231514,5.342031478881836,173.60000610351562
1763596385409,35.19306680315989,-97.43809451160105,324.2706318414545,5.347965717315674,173.60000610351562
1763596385409,35.19306752924401,-97.4380915313692,324.26846409809735,5.348304748535156,173.60000610351562
1763596385409,35.19306830147938,-97.43808862485311,324.2667735153157,5.347221374511719,174.1999969482422
1763596385409,35.19306914981345,-97.43808564091563,324.26529560795126,5.343472003936768,175.10000610351562
1763596385409,35.19307004076034,-97.43808270177354,324.26404821496874,5.33072566986084,176.60000610351562
1763596385409,35.19307097297428,-97.4380798462281,324.2627804944104,5.320434093475342,178.10000610351562
1763596386409,35.193072815410844,-97.43807850171511,324.28855955819427,5.311832427978516,180.0
1763596386409,35.19307384255896,-97.43807574630308,324.2867762792982,5.306502819061279,181.60000610351562
1763596386409,35.193074889631376,-97.43807306248077,324.2847392855639,5.292162895202637,182.60000610351562
1763596386409,35.193076003198634,-97.43807035395551,324.28321475724937,5.267419815063477,183.10000610351562
1763596386409,35.19307716436937,-97.43806767178852,324.28191475604075,5.247344493865967,183.10000610351562
1763596386409,35.19307839466266,-97.43806497295003,324.2805379625617,5.22201681137085,183.10000610351562
1763596386409,35.19307962502894,-97.43806240222993,324.2793195941613,5.1977105140686035,183.10000610351562
1763596386409,35.19308089470838,-97.43805987479595,324.27807128681343,5.17460823059082,183.10000610351562
1763596386409,35.19308228262913,-97.43805723235319,324.2772008068182,5.146325588226318,183.10000610351562
1763596386409,35.19308366194386,-97.43805474142371,324.27610795817725,5.134861469268799,183.10000610351562
1763596386409,35.19308504384859,-97.43805232184722,324.2752506732395,5.1176438331604,183.10000610351562
1763596386409,35.19308642767443,-97.43804996450187,324.2753432437209,5.096038818359375,183.10000610351562
1763596386409,35.19308780876181,-97.43804768245964,324.2754592100954,5.066070556640625,183.10000610351562
1763596386409,35.19308924217018,-97.43804539248742,324.27611002841417,5.0375847816467285,183.10000610351562
1763596386409,35.193090757901814,-97.43804306667631,324.27642537045375,5.007915019989014,183.10000610351562
1763596386409,35.193092256483524,-97.43804084124152,324.2770788188305,4.991171836853027,183.10000610351562
1763596386409,35.19309379280591,-97.43803860322906,324.2777705378745,4.958815574645996,183.10000610351562
1763596386409,35.19309533362432,-97.43803643281383,324.27789177686213,4.936573028564453,183.10000610351562
1763596386409,35.19309692459674,-97.4380342632416,324.27716950155775,4.909473896026611,183.10000610351562
1763596387409,35.19309955940978,-97.4380332497942,324.3999294876465,4.87053108215332,183.10000610351562
1763596387409,35.19310048957264,-97.43803210847992,324.3999882793591,4.847449779510498,183.10000610351562
1763596387409,35.1931021657572,-97.43803015218087,324.40075371344506,4.826678276062012,183.10000610351562
1763596387409,35.193103802761954,-97.43802830065668,324.4025738973748,4.804510593414307,183.10000610351562
1763596387409,35.19310547874534,-97.43802647754448,324.4052316633809,4.778737545013428,183.0
1763596387409,35.19310716391487,-97.43802469126844,324.4073687251034,4.757262706756592,183.0
1763596387409,35.19310887966232,-97.43802292029797,324.4096631117464,4.728348255157471,183.0
1763596387409,35.19311054745302,-97.43802127996467,324.41290953748336,4.700828552246094,183.0
1763596387409,35.19311232421305,-97.43801958480164,324.41552136835287,4.671016693115234,182.3000030517578
1763596387409,35.19311407952365,-97.43801796982545,324.417705320409,4.637034893035889,181.1999969482422
1763596387409,35.193115831950095,-97.43801642507059,324.4202059134274,4.60889196395874,179.5
1763596387409,35.19311747596881,-97.4380150308509,324.4228759275596,4.591432094573975,177.5
1763596387409,35.19311910078063,-97.43801369710624,324.4259582598129,4.568678855895996,174.10000610351562
1763596387409,35.19312101174533,-97.43801219836956,324.430533719916,4.539821147918701,170.60000610351562
1763596387409,35.193122782951036,-97.43801086185566,324.4348052147728,4.508765697479248,168.1999969482422
1763596387409,35.19312455129344,-97.43800956003564,324.44003632142943,4.48020601272583,167.8000030517578
1763596387409,35.19312633354868,-97.43800827203302,324.4447428309014,4.455170631408691,167.8000030517578
1763596387409,35.19312808086996,-97.43800705470348,324.44915040238993,4.42959451675415,168.0
1763596387409,35.19312986230169,-97.43800584347845,324.45378733953,4.4022674560546875,168.0
1763596388409,35.193133994875296,-97.43800619563397,324.48931535507853,4.355892181396484,168.10000610351562
1763596388409,35.19313471213792,-97.43800571571502,324.4906911778515,4.338653087615967,168.10000610351562
1763596388409,35.19313645372964,-97.43800467427788,324.49519313167974,4.313363552093506,168.10000610351562
1763596388409,35.19313827472763,-97.43800365366592,324.5001031455187,4.288103103637695,168.10000610351562
1763596388409,35.19314004958811,-97.43800268739159,324.5044736821063,4.268118858337402,168.10000610351562
1763596388409,35.19314182967827,-97.43800177455442,324.5086119283829,4.252057075500488,168.0
1763596388409,35.19314364808591,-97.43800090521896,324.512894180618,4.244497299194336,168.0
1763596388409,35.19314545551172,-97.43800008015052,324.5179030336923,4.243378639221191,167.0
1763596388409,35.19314726460318,-97.4379992671795,324.5239411942509,4.244373321533203,165.10000610351562
1763596388409,35.19314900569216,-97.4379985124738,324.530210350347,4.239307880401611,162.0
1763596388409,35.193150952462496,-97.43799770714874,324.53700323435135,4.238749980926514,157.89999389648438
1763596388409,35.19315275158941,-97.4379969592323,324.54213717554916,4.234544277191162,152.6999969482422
1763596388409,35.193154528497615,-97.43799626425509,324.5481836616994,4.2296671867370605,146.5
1763596388409,35.193156355495596,-97.43799558817705,324.5540387832882,4.228628158569336,140.1999969482422
1763596388409,35.19315818271367,-97.4379949186359,324.55899403710526,4.228847026824951,133.1999969482422
1763596388409,35.193159867302874,-97.43799433079307,324.5634807406162,4.229503154754639,129.0
1763596388409,35.19316184497546,-97.43799366385497,324.5691650270756,4.223715782165527,124.19999694824219
1763596388409,35.193163648722845,-97.43799305991087,324.5741893317042,4.21099328994751,119.5999984741211
1763596388409,35.19316549236878,-97.43799246112872,324.5791446069777,4.2026286125183105,114.80000305175781
1763596388409,35.19316731735958,-97.43799191019623,324.5843531802424,4.179682731628418,109.69999694824219
1763596388409,35.19316915376031,-97.43799135897301,324.58821604747834,4.1639580726623535,104.0999984741211
1763596389409,35.19317298002029,-97.43799133088392,324.6302642445709,4.136518955230713,92.80000305175781
1763596389409,35.193173657036944,-97.43799111700581,324.6307729730662,4.129242897033691,90.0999984741211
1763596389409,35.193175417465525,-97.43799064800668,324.63504864693533,4.112575054168701,83.0999984741211
1763596389409,35.19317720575625,-97.43799017017912,324.63887063561646,4.099571704864502,77.4000015258789
1763596389409,35.193178993441066,-97.4379897096612,324.6426932017612,4.081812858581543,70.0999984741211
1763596389409,35.19318077370568,-97.43798924295997,324.6456677763987,4.065291404724121,62.599998474121094
1763596389409,35.19318253446349,-97.43798879389469,324.64916697070413,4.055875301361084,55.29999923706055
1763596389409,35.1931842670007,-97.43798833887833,324.65261567259205,4.055728912353516,47.70000076293945
1763596389409,35.19318603722497,-97.43798786555685,324.65631535022527,4.055342674255371,43.0
1763596389409,35.193187816852856,-97.43798737823016,324.6584291981792,4.053734302520752,37.79999923706055
1763596389409,35.19318951085148,-97.43798692355325,324.6599862285768,4.054281711578369,33.20000076293945
1763596389409,35.193191220640465,-97.43798644539557,324.6610026884218,4.056771755218506,28.899999618530273
1763596389409,35.19319295357433,-97.43798594357416,324.66391445966286,4.064003944396973,25.200000762939453
1763596389409,35.19319467255919,-97.43798543424623,324.667995001844,4.063351154327393,21.100000381469727
1763596389409,35.193196408797704,-97.43798492556957,324.6709686588138,4.05964469909668,15.899999618530273
1763596389409,35.193198133880294,-97.43798445036033,324.6734034292678,4.057364463806152,11.399999618530273
1763596389409,35.193199854864275,-97.43798398035176,324.67540069153404,4.060464859008789,7.900000095367432
1763596389409,35.19320157856069,-97.43798351813135,324.678289513867,4.06549596786499,3.5
1763596389409,35.19320329087046,-97.43798307810547,324.6820430979341,4.067963123321533,-2.0999999046325684
1763596389409,35.193204995847935,-97.43798263769108,324.6857363884779,4.065861225128174,-7.5
1763596389409,35.19320668812261,-97.43798217826352,324.68881889617813,4.068172454833984,-12.100000381469727
1763596390409,35.19320970088082,-97.4379816958652,324.6837550118125,4.07023811340332,-18.399999618530273
1763596390409,35.19321142864149,-97.43798122718579,324.6862158677286,4.073845386505127,-25.0
1763596390409,35.19321308249796,-97.43798075966124,324.6885036104984,4.076003551483154,-33.79999923706055
1763596390409,35.19321480336417,-97.43798025074082,324.69031210872305,4.071929454803467,-41.20000076293945
1763596390409,35.193216494013825,-97.43797972763895,324.69247084910234,4.0698347091674805,-47.099998474121094
1763596390409,35.1932181551659,-97.43797918219607,324.69363640777,4.074512958526611,-53.79999923706055
1763596390409,35.193219843621385,-97.43797862130026,324.6947352967228,4.081223964691162,-59.79999923706055
1763596390409,35.19322147930097,-97.43797805783922,324.6962641378663,4.086770057678223,-65.9000015258789
1763596390409,35.193223169392894,-97.43797743109667,324.69699429317484,4.086279392242432,-72.5999984741211
1763596390409,35.19322482114596,-97.43797680432905,324.69769839267747,4.078709125518799,-81.69999694824219
1763596390409,35.19322643005483,-97.43797615938311,324.6982565241515,4.076202869415283,-89.80000305175781
1763596390409,35.19322799919774,-97.43797549988727,324.6986538417687,4.079237937927246,-96.4000015258789
1763596390409,35.19322964503683,-97.43797477482835,324.69888622716246,4.080292224884033,-104.5
1763596390409,35.1932312656505,-97.43797403325212,324.6989365142973,4.073986530303955,-112.19999694824219
1763596390409,35.193232889431265,-97.43797325555876,324.69904348077563,4.0728840827941895,-119.30000305175781
1763596390409,35.19323446751252,-97.43797244483635,324.6994708283499,4.079080581665039,-125.80000305175781
1763596390409,35.19323603694222,-97.43797160752075,324.6998981525296,4.086217403411865,-132.8000030517578
1763596390409,35.193237627430406,-97.43797072216005,324.70053631031465,4.0904011726379395,-142.39999389648438
1763596390409,35.19323918688056,-97.4379698023652,324.7012462103211,4.095147132873535,-150.1999969482422
1763596391409,35.19324533823381,-97.43796707581133,324.6527883419942,4.106564044952393,-161.3000030517578
1763596391409,35.19324608452426,-97.43796659773719,324.65253981622357,4.1083173751831055,-162.5
1763596391409,35.19324762463598,-97.43796553683158,324.6514016024154,4.115512371063232,-168.3000030517578
1763596391409,35.19324916157344,-97.43796441475409,324.65025995190564,4.125875473022461,-173.8000030517578
1763596391409,35.19325064390399,-97.43796327763289,324.64922386597567,4.140756607055664,-180.8000030517578
1763596391409,35.19325219288081,-97.43796203809421,324.6482484619625,4.158797740936279,-187.0
1763596391409,35.19325360717886,-97.43796086065096,324.647434829955,4.170077323913574,-192.3000030517578
1763596391409,35.193255051526684,-97.43795958822729,324.64638683973754,4.175235271453857,-199.10000610351562
1763596391409,35.19325651960681,-97.43795822483528,324.64529159678443,4.174172401428223,-207.3000030517578
1763596391409,35.193257927041195,-97.43795685158251,324.6444788540975,4.1632866859436035,-213.8000030517578
1763596391409,35.19325933478093,-97.43795540618773,324.6437539493791,4.155163764953613,-219.5
1763596391409,35.193260698147206,-97.43795393246216,324.64304156578856,4.1458258628845215,-224.3000030517578
1763596391409,35.193261894140335,-97.4379525674003,324.64232399254377,4.1373162269592285,-228.6999969482422
1763596391409,35.19326325796697,-97.43795092992914,324.6412535936801,4.130181789398193,-234.89999389648438
1763596391409,35.19326451397343,-97.43794933983149,324.6403250932146,4.118488788604736,-242.5
1763596391409,35.19326572679129,-97.4379477265114,324.6399637362437,4.107285976409912,-248.0
1763596391409,35.1932668903793,-97.43794609552783,324.6397834015396,4.101911544799805,-251.89999389648438
1763596391409,35.19326803464535,-97.43794440112583,324.6397529922285,4.091135025024414,-255.8000030517578
1763596391409,35.19326915594996,-97.43794265148708,324.64026716886355,4.075850009918213,-259.3999938964844
1763596391409,35.19327023220553,-97.43794085273116,324.64018464527936,4.063027858734131,-261.8999938964844
1763596391409,35.193271246501716,-97.43793902520211,324.64021383477916,4.056185245513916,-263.70001220703125
1763596392409,35.193272618108864,-97.4379370530595,324.65093574372025,4.047383785247803,-264.6000061035156
1763596392409,35.19327357840469,-97.43793515273755,324.6504337065551,4.027109622955322,-265.6000061035156
1763596392409,35.193274488056915,-97.43793329986728,324.65030251343677,4.017932415008545,-266.29998779296875
1763596392409,35.19327528025387,-97.43793163162064,324.65027109640647,3.9989094734191895,-267.70001220703125
1763596392409,35.19327607974072,-97.43792979000183,324.6494249221664,3.97709059715271,-269.8999938964844
1763596392409,35.19327686316877,-97.43792781891783,324.6481792757167,3.9489290714263916,-272.70001220703125
1763596392409,35.193277580852815,-97.43792588113982,324.6467789375275,3.9208240509033203,-275.79998779296875
1763596392409,35.19327822169438,-97.4379240808036,324.64560240100053,3.9062302112579346,-278.8999938964844
1763596392409,35.19327896870512,-97.43792192108975,324.64352944224424,3.900489330291748,-282.5
1763596392409,35.193279640094445,-97.43791993102424,324.6411427728097,3.8948919773101807,-285.3999938964844
1763596392409,35.193280250200985,-97.43791798099947,324.6387050737393,3.887650728225708,-287.8999938964844
1763596392409,35.19328083481687,-97.43791604025535,324.63619476241803,3.879976749420166,-290.70001220703125
1763596392409,35.193281405102354,-97.43791397395265,324.6337994051997,3.8785037994384766,-293.70001220703125
1763596392409,35.19328194527929,-97.4379120626687,324.63082422350743,3.872709035873413,-296.6000061035156
1763596392409,35.19328251738907,-97.4379098807312,324.6273405105214,3.850764036178589,-299.6000061035156
1763596392409,35.19328301096204,-97.43790779772588,324.62410303243075,3.8317742347717285,-301.5
1763596392409,35.19328353313885,-97.43790577340019,324.62020749514056,3.8149516582489014,-303.20001220703125
1763596392409,35.19328403005713,-97.43790364683167,324.6161734662549,3.803709030151367,-304.3999938964844
1763596392409,35.193284482031146,-97.43790164512406,324.61199515594336,3.789484977722168,-305.5
1763596393409,35.193288275367145,-97.43789684861322,324.5827356852388,3.760357141494751,-306.3999938964844
1763596393409,35.19328838084231,-97.4378960926037,324.58128554772594,3.7526402473449707,-306.5
1763596393409,35.19328855438165,-97.4378938199255,324.57926592701654,3.7290053367614746,-306.70001220703125
1763596393409,35.193288671511105,-97.43789177044637,324.5771058563919,3.7088780403137207,-307.0
1763596393409,35.19328874522225,-97.43788964695958,324.5753759268456,3.6924240589141846,-307.3999938964844
1763596393409,35.19328876269612,-97.43788758168883,324.57417510576727,3.682234048843384,-307.79998779296875
1763596393409,35.193288746136055,-97.4378855734838,324.573299482919,3.6777186393737793,-308.0
1763596393409,35.19328869929407,-97.43788350544415,324.5722250432975,3.674386978149414,-308.0
1763596393409,35.19328861877146,-97.43788145602907,324.57122739236297,3.6765382289886475,-308.0
1763596393409,35.19328851165716,-97.43787938993154,324.56965788187375,3.6746439933776855,-308.0
1763596393409,35.19328836064941,-97.43787725905257,324.568214561656,3.665984869003296,-308.0
1763596393409,35.19328816889205,-97.43787523464273,324.56701859954643,3.6519155502319336,-308.0
1763596393409,35.193287944405554,-97.43787319434733,324.5650159542387,3.64159893989563,-308.0
1763596393409,35.19328768577319,-97.43787116783861,324.5625786248862,3.631497621536255,-308.0
1763596393409,35.19328736696548,-97.43786914683066,324.5598020701673,3.6239476203918457,-308.0
1763596393409,35.19328700413088,-97.43786715522748,324.55671045956115,3.6186721324920654,-308.0
1763596393409,35.193286574672236,-97.43786511282833,324.55421754365597,3.6140854358673096,-308.0
1763596393409,35.19328613378833,-97.43786319468526,324.55215570250465,3.606569290161133,-307.8999938964844
1763596393409,35.19328568216778,-97.43786130677681,324.54936404671696,3.6080214977264404,-307.8999938964844
1763596393409,35.1932851988323,-97.43785941910836,324.54676688050625,3.6063809394836426,-307.8999938964844
1763596393409,35.19328473908221,-97.43785766283177,324.5445917670748,3.603254795074463,-307.8999938964844
1763596394409,35.193283989408876,-97.43785558824932,324.5856062230168,3.5950379371643066,-307.8999938964844
1763596394409,35.193283400929005,-97.43785370977203,324.5852664184656,3.589484214782715,-307.8999938964844
1763596394409,35.19328278076948,-97.43785188888047,324.58487824539054,3.5788516998291016,-308.0
1763596394409,35.19328214276522,-97.43785008614039,324.58345388207874,3.5694847106933594,-308.1000061035156
1763596394409,35.19328144334129,-97.43784824030962,324.5817150491883,3.5547544956207275,-308.3999938964844
1763596394409,35.193280740102054,-97.43784649527807,324.5810650586415,3.5404114723205566,-308.5
1763596394409,35.19327999375951,-97.437844785884,324.57954404832464,3.5281834602355957,-308.70001220703125
1763596394409,35.19327918627201,-97.4378430856186,324.5783164052407,3.5248265266418457,-308.79998779296875
1763596394409,35.193278340750524,-97.43784143043762,324.5769886501864,3.5212526321411133,-309.0
1763596394409,35.19327744991093,-97.4378398043543,324.575833782196,3.510875940322876,-309.79998779296875
1763596394409,35.1932764954186,-97.43783815309227,324.57493661493686,3.5048952102661133,-311.6000061035156
1763596394409,35.19327556010619,-97.43783659865628,324.57436758279675,3.50386118888855,-313.0
1763596394409,35.19327459268286,-97.43783505236367,324.57396456325864,3.500072956085205,-313.79998779296875
1763596394409,35.19327361845451,-97.43783357708026,324.57389420939296,3.4926559925079346,-314.29998779296875
1763596394409,35.19327260204227,-97.43783209228084,324.57358375936803,3.483322858810425,-314.3999938964844
1763596394409,35.1932715786306,-97.43783065017942,324.57281037346445,3.468686819076538,-314.29998779296875
1763596394409,35.1932705437164,-97.43782923838607,324.57243582475604,3.4447021484375,-314.29998779296875
1763596394409,35.19326946840377,-97.43782784945242,324.57258698266014,3.4274885654449463,-314.29998779296875
1763596394409,35.19326848826593,-97.43782662884065,324.57282555205705,3.4172182083129883,-314.29998779296875
1763596394409,35.19326738675938,-97.43782533229079,324.57349395549886,3.4095687866210938,-314.29998779296875
1763596395409,35.19326419286634,-97.43782498184596,324.59479969946636,3.405824899673462,-314.29998779296875
1763596395409,35.193263012840625,-97.43782379626342,324.59551814905217,3.3951406478881836,-314.29998779296875
1763596395409,35.19326183158751,-97.43782267575565,324.5959838045265,3.3857221603393555,-314.29998779296875
1763596395409,35.19326057494766,-97.43782155555888,324.5954952594677,3.37855863571167,-314.29998779296875
1763596395409,35.19325931533258,-97.43782047577221,324.595139688561,3.3797717094421387,-314.29998779296875
1763596395409,35.19325805926291,-97.4378194264422,324.5947520111467,3.382845163345337,-314.29998779296875
1763596395409,35.19325682322068,-97.43781842470061,324.59382981612475,3.383451461791992,-314.29998779296875
1763596395409,35.19325565451327,-97.4378175095705,324.5925442950225,3.38525390625,-314.29998779296875
1763596395409,35.19325424953873,-97.43781645600652,324.59111262215134,3.3777313232421875,-314.29998779296875
1763596395409,35.19325297293299,-97.43781552707368,324.5901566071452,3.372318744659424,-314.29998779296875
1763596395409,35.19325166772757,-97.43781463588311,324.58934718071987,3.3674142360687256,-314.3999938964844
1763596395409,35.19325034347495,-97.43781378891003,324.58810826773737,3.353929042816162,-314.3999938964844
1763596395409,35.19324899705151,-97.43781299293224,324.5868311822504,3.343156099319458,-314.3999938964844
1763596395409,35.193247659991435,-97.43781224312781,324.58527339841555,3.337022304534912,-314.3999938964844
1763596395409,35.19324626021153,-97.43781150469871,324.5843109396109,3.3321986198425293,-314.3999938964844
1763596395409,35.19324486513724,-97.43781081711809,324.5838311829858,3.332853317260742,-314.3999938964844
1763596395409,35.19324350283421,-97.43781019190548,324.58437332239254,3.333575963973999,-314.3999938964844
1763596395409,35.1932421450677,-97.43780961050666,324.58480852096346,3.336090087890625,-314.3999938964844
1763596395409,35.19324073063113,-97.43780906667246,324.58502938245715,3.3451809883117676,-314.29998779296875
1763596395409,35.19323932167319,-97.43780853579277,324.5854741787729,3.35085129737854,-314.29998779296875
1763596396409,35.19323652875289,-97.43780940915944,324.6066878877464,3.350292921066284,-314.29998779296875
1763596396409,35.19323513000712,-97.43780896415686,324.60582551841213,3.3510594367980957,-314.29998779296875
1763596396409,35.19323370870497,-97.43780854569576,324.60495741835103,3.3513333797454834,-314.29998779296875
1763596396409,35.19323229213268,-97.43780816541084,324.60359373097253,3.3534929752349854,-314.29998779296875
1763596396409,35.19323083536374,-97.43780782953,324.60223602883406,3.359987497329712,-314.29998779296875
1763596396409,35.193229345150876,-97.43780754614082,324.6019936518036,3.373917579650879,-314.29998779296875
1763596396409,35.19322788207854,-97.43780732225726,324.60224511546545,3.389274835586548,-314.29998779296875
1763596396409,35.19322642117484,-97.43780712932556,324.60203123423713,3.3998630046844482,-314.29998779296875
1763596396409,35.19322490093306,-97.43780697112173,324.60224173742307,3.4095420837402344,-314.29998779296875
1763596396409,35.193223384305874,-97.43780683853714,324.60147145256474,3.411543130874634,-314.29998779296875
1763596396409,35.193221902215434,-97.43780675339997,324.60155531748586,3.408700704574585,-314.29998779296875
1763596396409,35.193220431346354,-97.43780671031563,324.60061407445914,3.4100656509399414,-314.29998779296875
1763596396409,35.19321892295357,-97.43780669392079,324.60001589311133,3.407039165496826,-314.29998779296875
1763596396409,35.19321745273359,-97.43780674492825,324.5993060109319,3.407231569290161,-314.3999938964844
1763596396409,35.193215995898164,-97.43780684394983,324.5995600212026,3.4005656242370605,-314.29998779296875
1763596396409,35.19321456791838,-97.4378069873083,324.5998163615844,3.384232759475708,-314.29998779296875
1763596396409,35.19321310157681,-97.4378071784509,324.59914178184357,3.37096905708313,-314.29998779296875
1763596396409,35.1932116778704,-97.43780740136614,324.5998359388611,3.3597934246063232,-314.29998779296875
1763596396409,35.193210240713576,-97.4378076568246,324.60118366728517,3.347371816635132,-314.3999938964844
1763596396409,35.19320880243415,-97.43780794609309,324.6020366836462,3.338505744934082,-314.29998779296875
1763596397409,35.19320532086855,-97.43781066252849,324.63974455381083,3.332036018371582,-314.29998779296875
1763596397409,35.19320389259758,-97.43781103937178,324.6407078479209,3.3326706886291504,-314.29998779296875
1763596397409,35.193202446088236,-97.43781146002101,324.64154005342715,3.3367483615875244,-314.29998779296875
1763596397409,35.19320103389037,-97.43781191716106,324.6420798461531,3.3457629680633545,-314.29998779296875
1763596397409,35.19319960821676,-97.43781241531059,324.6425026272232,3.352031707763672,-314.29998779296875
1763596397409,35.19319833277767,-97.43781290941213,324.6430661211617,3.3526856899261475,-314.29998779296875
1763596397409,35.193196892958554,-97.43781350272084,324.6443700435996,3.3503646850585938,-314.29998779296875
1763596397409,35.19319548374114,-97.43781411625068,324.6454019322124,3.352011203765869,-314.29998779296875
1763596397409,35.19319413471061,-97.43781475767294,324.646602732991,3.3521475791931152,-314.29998779296875
1763596397409,35.19319290568276,-97.43781537032216,324.6478099472327,3.3592424392700195,-314.29998779296875
1763596397409,35.193191479091766,-97.437816126946,324.64947435351735,3.3625524044036865,-314.29998779296875
1763596397409,35.19319015953989,-97.4378168899873,324.6510677999351,3.3650224208831787,-314.3999938964844
1763596397409,35.19318886961181,-97.43781768383106,324.65249090127827,3.3670239448547363,-314.3999938964844
1763596397409,35.193187591798186,-97.43781851607626,324.654016776826,3.3706839084625244,-314.3999938964844
1763596397409,35.19318631149968,-97.43781938998674,324.6563418180049,3.376929759979248,-314.5
1763596397409,35.193185085447695,-97.43782026523081,324.65853277889886,3.3797667026519775,-314.5
1763596397409,35.19318384078272,-97.43782120472633,324.6615584328606,3.3833699226379395,-314.70001220703125
1763596397409,35.19318267885115,-97.43782211797178,324.66427825016416,3.3850173950195312,-314.8999938964844
1763596398409,35.19318030040479,-97.43782596274804,324.68605677675777,3.382761001586914,-314.8999938964844
1763596398409,35.193179060333826,-97.43782706117051,324.6883973744245,3.386063575744629,-314.8999938964844
1763596398409,35.19317786535443,-97.43782816446308,324.69063930175844,3.392346143722534,-314.8999938964844
1763596398409,35.193176682054194,-97.43782930871033,324.6928574868762,3.393517255783081,-315.0
1763596398409,35.19317556098435,-97.43783047081705,324.69544495326636,3.390078067779541,-315.0
1763596398409,35.193174478249325,-97.43783164602641,324.6983337985982,3.3896336555480957,-315.0
1763596398409,35.19317349230232,-97.43783275567654,324.701270448831,3.390270709991455,-315.1000061035156
1763596398409,35.19317246673786,-97.43783396747315,324.7044618093689,3.3858649730682373,-315.1000061035156
1763596398409,35.193171381323204,-97.4378353097664,324.7080496745467,3.382561206817627,-315.1000061035156
1763596398409,35.19317035739555,-97.43783662888876,324.71130064893526,3.380704164505005,-315.1000061035156
1763596398409,35.19316936995714,-97.4378379741346,324.71514934453785,3.375094175338745,-315.1000061035156
1763596398409,35.19316841143716,-97.4378393320704,324.7190431445128,3.3727798461914062,-315.1000061035156
1763596398409,35.19316750875243,-97.43784066695373,324.72364562038223,3.372004508972168,-315.1000061035156
1763596398409,35.19316664661964,-97.43784200620932,324.72801554246973,3.3690364360809326,-315.1000061035156
1763596398409,35.19316578032334,-97.43784341613144,324.7326613221358,3.3623547554016113,-315.1000061035156
1763596398409,35.19316496364291,-97.43784479260252,324.7369107265633,3.3576927185058594,-315.1000061035156
1763596398409,35.19316416200136,-97.43784622142148,324.7415272585945,3.3498547077178955,-315.1000061035156
1763596398409,35.19316338905088,-97.43784765153218,324.7460505742678,3.3475122451782227,-315.1000061035156
1763596398409,35.193162651747585,-97.43784909456059,324.7514133875643,3.34709095954895,-315.1000061035156
1763596398409,35.193161938851354,-97.43785056469122,324.7566258438697,3.344433307647705,-315.1000061035156
1763596399409,35.19316205384471,-97.43785571700593,324.7830284819457,3.3345909118652344,-315.1000061035156
1763596399409,35.193161412945365,-97.43785732790822,324.7881496931489,3.327038288116455,-315.1000061035156
1763596399409,35.19316086902449,-97.43785874683242,324.79301458872817,3.3225584030151367,-315.1000061035156
1763596399409,35.193160285477816,-97.43786035034894,324.798513447401,3.319981813430786,-315.1000061035156
1763596399409,35.19315974202048,-97.43786193693802,324.804192649671,3.3180124759674072,-315.1000061035156
1763596399409,35.193159214032676,-97.4378635703687,324.8103242794855,3.316493034362793,-315.1000061035156
1763596399409,35.19315871198788,-97.43786521140774,324.81673285758,3.3093101978302,-315.1000061035156
1763596399409,35.19315824296308,-97.43786685000585,324.8231157593299,3.3027195930480957,-315.1000061035156
1763596399409,35.193157816538246,-97.43786846955017,324.82937801519637,3.302483081817627,-315.20001220703125
1763596399409,35.1931574116211,-97.43787011240886,324.836270535941,3.30100679397583,-315.29998779296875
1763596399409,35.193157021132926,-97.4378718840855,324.84392050969785,3.30487060546875,-315.3999938964844
1763596399409,35.19315667464286,-97.4378736256913,324.8516303537144,3.3105525970458984,-315.5
1763596399409,35.19315640204332,-97.43787512780415,324.85846395461374,3.314634323120117,-315.79998779296875
1763596399409,35.19315613646991,-97.43787678917799,324.86537488791134,3.3163609504699707,-316.1000061035156
1763596399409,35.19315589664798,-97.43787846420454,324.8722761842905,3.323718309402466,-316.3999938964844
1763596399409,35.193155679724136,-97.43788016334288,324.8791868051069,3.33294677734375,-316.5
1763596399409,35.19315549165154,-97.43788186467017,324.8863181780774,3.3410561084747314,-316.5
1763596399409,35.19315533320696,-97.43788357105917,324.89339989207457,3.348442554473877,-316.5
1763596399409,35.193155208735256,-97.43788524643259,324.8997845128383,3.3592703342437744,-316.5
1763596399409,35.193155104745124,-97.43788694660003,324.9058865424669,3.363180160522461,-316.70001220703125
1763596400409,35.19315499871377,-97.43788966366229,324.91116734138126,3.369168519973755,-317.1000061035156
1763596400409,35.19315495705725,-97.43789142251345,324.9184737091796,3.3793301582336426,-317.70001220703125
1763596400409,35.19315495887579,-97.43789313992613,324.92577087981874,3.3863165378570557,-318.20001220703125
1763596400409,35.193154999882495,-97.43789484492889,324.93286632433956,3.3913421630859375,-318.3999938964844
1763596400409,35.19315507565747,-97.43789657414742,324.93998137175635,3.398603677749634,-318.29998779296875
1763596400409,35.19315518066932,-97.43789829199825,324.9475071678099,3.405067205429077,-318.3999938964844
1763596400409,35.193155311786015,-97.43789998112074,324.95521530090423,3.4156055450439453,-318.3999938964844
1763596400409,35.193155483275994,-97.4379017254783,324.9634373033184,3.419376850128174,-318.3999938964844
1763596400409,35.19315568521473,-97.43790337532332,324.97132953555786,3.4210197925567627,-318.3999938964844
1763596400409,35.19315592525391,-97.43790500175767,324.9787034160841,3.4243342876434326,-318.3999938964844
1763596400409,35.19315619929995,-97.43790672272341,324.9864373675002,3.4289073944091797,-318.3999938964844
1763596400409,35.19315650354178,-97.43790841013805,324.9946630125431,3.4414196014404297,-318.3999938964844
1763596400409,35.19315683012005,-97.437910050944,325.00273957944245,3.4478800296783447,-318.3999938964844
1763596400409,35.19315720618376,-97.43791174175237,325.01139575223596,3.4522645473480225,-318.3999938964844
1763596400409,35.1931575671366,-97.43791325944999,325.0185637574461,3.456554412841797,-318.3999938964844
1763596400409,35.19315801640952,-97.43791492040786,325.02631804887193,3.458073616027832,-318.3999938964844
1763596400409,35.1931584969494,-97.43791648576351,325.032973643316,3.460768938064575,-318.5
1763596400409,35.19315900711637,-97.4379180520517,325.0401773754587,3.468446969985962,-318.5
1763596400409,35.19315955669276,-97.43791960437161,325.0483384316058,3.4723377227783203,-318.5
1763596400409,35.19316014156374,-97.43792115037698,325.05685733823907,3.481088399887085,-318.5
1763596400409,35.19316075094167,-97.43792270575193,325.06468303315967,3.4867711067199707,-318.5
1763596400409,35.193161427895056,-97.43792429623453,325.07283500708064,3.491264820098877,-318.3999938964844
1763596401409,35.193166374294265,-97.43793052263842,325.0366903789171,3.4929187297821045,-318.5
1763596401409,35.193167166311554,-97.43793211553357,325.043023781516,3.4972498416900635,-318.5
1763596401409,35.19316795345976,-97.43793363642426,325.04892074982496,3.5049796104431152,-318.5
1763596401409,35.19316878799453,-97.43793517486043,325.0553900809783,3.5111379623413086,-318.5
1763596401409,35.193169641316125,-97.43793665956834,325.0615547031838,3.5182576179504395,-318.5
1763596401409,35.19317053904578,-97.43793817598916,325.067904189539,3.5234622955322266,-318.5
1763596401409,35.19317137611656,-97.4379395228109,325.0730375989094,3.5312728881835938,-318.5
1763596401409,35.1931723534053,-97.43794099862455,325.07946613730104,3.5343868732452393,-318.5
1763596401409,35.193173322361744,-97.43794239976721,325.0862043081337,3.5389773845672607,-318.5
1763596401409,35.1931743451011,-97.4379438144054,325.09254507066106,3.5432660579681396,-318.5
1763596401409,35.193175361467695,-97.43794513569529,325.0990591900072,3.550893545150757,-318.5
1763596401409,35.193176406025714,-97.43794641347816,325.1057275905948,3.558135986328125,-318.5
1763596401409,35.193177490565475,-97.43794767022776,325.11269907726205,3.564997911453247,-318.5
1763596401409,35.19317863197969,-97.43794893226375,325.1200307591883,3.5693674087524414,-318.5
1763596401409,35.19317975179788,-97.43795011935508,325.1265946301142,3.5711514949798584,-318.5
1763596401409,35.19318093395075,-97.43795131396594,325.13289210089766,3.571756601333618,-318.5
1763596401409,35.193182121143344,-97.43795243296265,325.13868799129784,3.5830488204956055,-318.5
1763596401409,35.193183316467646,-97.43795350600726,325.1445724825135,3.596907138824463,-318.5
1763596401409,35.19318454659593,-97.4379545731528,325.15039585348813,3.6079728603363037,-318.5
1763596402409,35.193186774521095,-97.43795690937776,325.15600158934126,3.614488363265991,-318.5
1763596402409,35.19318748100981,-97.43795748399674,325.15993583689914,3.615165948867798,-318.5
1763596402409,35.193188715190345,-97.4379584105187,325.1654061102802,3.6220383644104004,-318.5
1763596402409,35.193190032205216,-97.43795934463257,325.17076845477646,3.6348628997802734,-318.5
1763596402409,35.19319136350574,-97.43796023846481,325.175736195898,3.6404507160186768,-318.5
1763596402409,35.193192720753075,-97.43796109169607,325.180805765012,3.649818181991577,-318.5
1763596402409,35.193194188277815,-97.43796194534787,325.1860917334983,3.6619863510131836,-318.5
1763596402409,35.19319538020829,-97.43796259294487,325.19016472604716,3.6664202213287354,-318.5
1763596402409,35.193196771399094,-97.43796330032922,325.19473788153437,3.6716930866241455,-318.5
1763596402409,35.19319814549989,-97.43796393114646,325.1990533009996,3.673121690750122,-318.5
1763596402409,35.193199580663965,-97.4379645465157,325.2035021246733,3.676419496536255,-318.5
1763596402409,35.19320102324471,-97.43796511875577,325.20777678380864,3.6816375255584717,-318.5
1763596402409,35.19320234705472,-97.437965589534,325.2114451208079,3.695282220840454,-318.5
1763596402409,35.193203869578134,-97.4379660767963,325.2167286994742,3.702458143234253,-318.5
1763596402409,35.19320538787833,-97.43796651778806,325.2214446055315,3.710498571395874,-318.5
1763596402409,35.19320686580268,-97.43796690115667,325.2257051412788,3.714174270629883,-318.5
1763596402409,35.19320832244345,-97.43796723595683,325.22941304576784,3.713721513748169,-318.5
1763596402409,35.193209782120164,-97.43796753533698,325.2326156866874,3.714808464050293,-318.5
1763596402409,35.19321124236464,-97.43796779963414,325.2356723997715,3.715435028076172,-318.5
1763596402409,35.193212758142344,-97.43796801227454,325.23894658519635,3.7133429050445557,-318.29998779296875
1763596403409,35.1932210661311,-97.43796843466842,325.18593177280394,3.685312271118164,-317.3999938964844
1763596403409,35.19322199328538,-97.43796848993705,325.1874213624967,3.678828477859497,-317.1000061035156
1763596403409,35.19322361060594,-97.4379685132061,325.1886064179342,3.6629743576049805,-316.20001220703125
1763596403409,35.193225223600685,-97.43796848037962,325.18961558325225,3.6518537998199463,-315.1000061035156
1763596403409,35.193226867103455,-97.43796840075201,325.1908687276958,3.63753604888916,-314.1000061035156
1763596403409,35.19322844859978,-97.43796827113836,325.1917483365554,3.6224043369293213,-313.70001220703125
1763596403409,35.193229865440934,-97.43796812367113,325.1924379213285,3.6086294651031494,-313.6000061035156
1763596403409,35.19323142240541,-97.43796791096327,325.1935279200486,3.595745801925659,-313.6000061035156
1763596403409,35.193232954788364,-97.43796766958212,325.19505592581686,3.5802087783813477,-313.29998779296875
1763596403409,35.193234413239,-97.43796741327101,325.19638505694746,3.5648508071899414,-312.8999938964844
1763596403409,35.19323589998369,-97.43796708781656,325.1975560282528,3.5434255599975586,-312.70001220703125
1763596403409,35.19323737928853,-97.43796671897611,325.1986084034712,3.5262959003448486,-312.20001220703125
1763596403409,35.193238813103,-97.43796633176294,325.19960899016445,3.5163395404815674,-311.3999938964844
1763596403409,35.19324025784724,-97.43796590119672,325.2015050464036,3.501875162124634,-309.5
1763596403409,35.193241699501606,-97.43796540703296,325.2033328513759,3.4850451946258545,-305.79998779296875
1763596403409,35.19324311509255,-97.43796486365864,325.2045037214079,3.4699547290802,-302.29998779296875
1763596403409,35.19324447380541,-97.43796430486158,325.20611632681175,3.455704689025879,-298.8999938964844
1763596403409,35.193245756533436,-97.43796375157521,325.2075659225964,3.4459967613220215,-295.79998779296875
1763596403409,35.19324721503764,-97.43796307253368,325.20948601377467,3.426816940307617,-290.70001220703125
1763596403409,35.193248555962874,-97.43796241174918,325.21150871910356,3.4128105640411377,-286.79998779296875
1763596404409,35.193249874975294,-97.43796199480593,325.2165101152682,3.402392625808716,-284.29998779296875
1763596404409,35.19325110658827,-97.43796133005114,325.2179179218021,3.387544870376587,-281.5
1763596404409,35.193252447644205,-97.43796058139806,325.2193317831618,3.37504506111145,-279.5
1763596404409,35.19325373582946,-97.43795984361165,325.2205806796676,3.3647048473358154,-277.8999938964844
1763596404409,35.19325500751598,-97.43795907062048,325.2217227145175,3.351747751235962,-275.20001220703125
1763596404409,35.193256242589825,-97.43795827938037,325.22323271694927,3.342421531677246,-272.0
1763596404409,35.19325748325065,-97.43795744658622,325.2254471754424,3.328685760498047,-267.6000061035156
1763596404409,35.193258663930294,-97.43795662521616,325.2270314901313,3.3170673847198486,-264.29998779296875
1763596404409,35.1932598141907,-97.43795577745372,325.2291364060478,3.3041646480560303,-261.20001220703125
1763596404409,35.19326085572719,-97.43795497200374,325.23188825442134,3.294252872467041,-258.8999938964844
1763596404409,35.19326200858945,-97.43795405077452,325.2341658660435,3.284615993499756,-255.39999389648438
1763596404409,35.19326307589505,-97.43795316516369,325.23611575537666,3.2750704288482666,-250.89999389648438
1763596404409,35.19326417396392,-97.43795221890075,325.2387506707997,3.2610514163970947,-245.60000610351562
1763596404409,35.19326522192737,-97.43795131094912,325.2401828460647,3.2524964809417725,-240.8000030517578
1763596404409,35.193266276530586,-97.43795035843593,325.2427465313069,3.241057872772217,-236.10000610351562
1763596404409,35.19326733347222,-97.43794938438499,325.2449333870187,3.2247655391693115,-231.39999389648438
1763596404409,35.19326833657784,-97.43794843167257,325.24674730447424,3.216445207595825,-225.89999389648438
1763596404409,35.19326933305793,-97.43794746775049,325.2491575241533,3.2101168632507324,-220.10000610351562
1763596404409,35.19327031170609,-97.43794648336679,325.25143873198766,3.2049789428710938,-209.8000030517578
1763596405409,35.19327193796493,-97.43794545018712,325.2773546245762,3.201369047164917,-196.39999389648438
1763596405409,35.19327292831013,-97.43794441617426,325.2796729498214,3.1911234855651855,-179.10000610351562
1763596405409,35.193273866489086,-97.43794344095838,325.2813778646151,3.1812660694122314,-164.89999389648438
1763596405409,35.193274830983874,-97.43794242683755,325.28442530471324,3.1731185913085938,-151.3000030517578
1763596405409,35.193275789224344,-97.43794145090882,325.2868730042999,3.169337511062622,-138.5
1763596405409,35.19327680188944,-97.43794045822852,325.2885833923063,3.168511152267456,-126.0999984741211
1763596405409,35.19327778104522,-97.43793945184775,325.29081370120866,3.1724374294281006,-116.5999984741211
1763596405409,35.19327873088872,-97.43793848111088,325.29238237857936,3.1899120807647705,-105.30000305175781
1763596405409,35.19327969358285,-97.4379374637783,325.2942993644221,3.2093310356140137,-95.0
1763596405409,35.193280613177876,-97.43793652793654,325.29550861461837,3.244596242904663,-83.80000305175781
1763596405409,35.19328167910772,-97.4379354478262,325.2979607288562,3.2825300693511963,-74.80000305175781
1763596405409,35.193282644529276,-97.43793451250806,325.29999090010614,3.3152694702148438,-67.5999984741211
1763596405409,35.19328377385076,-97.43793347720246,325.30214681397194,3.3508059978485107,-58.20000076293945
1763596405409,35.193284862069596,-97.43793247141195,325.3052772012998,3.3846113681793213,-48.29999923706055
1763596405409,35.19328596534951,-97.43793146198988,325.308995391895,3.4239463806152344,-36.400001525878906
1763596405409,35.19328707441125,-97.43793043747309,325.3129830606734,3.448495388031006,-29.299999237060547
1763596405409,35.19328822922318,-97.4379293686671,325.3152086924304,3.4750711917877197,-22.700000762939453
1763596405409,35.193289375972924,-97.4379282924106,325.31767992799723,3.50173282623291,-16.799999237060547
1763596405409,35.19329051695634,-97.43792722308703,325.3213500921646,3.5256364345550537,-12.699999809265137
1763596405409,35.19329170105005,-97.43792615906476,325.3225346687651,3.5506348609924316,-9.0
1763596405409,35.1932928838316,-97.4379250774791,325.3242149511703,3.5794878005981445,-6.099999904632568
1763596406409,35.19329753395758,-97.43791986966126,325.3146067985273,3.619101047515869,-3.0999999046325684
1763596406409,35.19329822754822,-97.43791928340569,325.31589863473397,3.6404330730438232,-2.200000047683716
1763596406409,35.19329949268841,-97.43791817597422,325.3172530471577,3.671712636947632,-1.2000000476837158
1763596406409,35.193300757903685,-97.43791708080877,325.31897055103667,3.7069289684295654,-0.6000000238418579
1763596406409,35.19330204186692,-97.43791596791084,325.3212564904986,3.7453885078430176,-0.20000000298023224
1763596406409,35.19330332003655,-97.43791485836152,325.3229679241447,3.791165590286255,0.0
1763596406409,35.19330464548694,-97.43791371338494,325.3243193129839,3.8347995281219482,0.0
1763596406409,35.19330598702082,-97.43791257205605,325.3269157311629,3.873032808303833,0.0
1763596406409,35.19330736677404,-97.4379113953582,325.3281221825682,3.9216420650482178,0.0
1763596406409,35.19330876018241,-97.43791020784364,325.3308250510715,3.969792366027832,0.0
1763596406409,35.193310185058515,-97.43790898711492,325.33313971230166,4.02323055267334,0.0
1763596406409,35.19331157054948,-97.43790780159023,325.33414669682446,4.076972961425781,0.0
1763596406409,35.19331294642855,-97.43790661329972,325.3354232261542,4.124380111694336,0.0
1763596406409,35.19331434717385,-97.43790541889777,325.33567277921543,4.169194221496582,0.0
1763596406409,35.19331580103415,-97.43790418844719,325.3359121866747,4.20786714553833,0.0
1763596406409,35.19331719006155,-97.43790301803216,325.3373748831308,4.2501959800720215,0.0
1763596406409,35.1933188361532,-97.4379016280466,325.3384333727179,4.285009860992432,0.0
1763596406409,35.19332024402939,-97.43790044889278,325.3385766328568,4.326794147491455,0.0
1763596406409,35.19332185501969,-97.43789910072287,325.3391557773744,4.356410503387451,0.0
1763596407409,35.19332554686914,-97.4378938076609,325.3300653937572,4.390052318572998,0.0
1763596407409,35.1933271374086,-97.43789242838106,325.33135689958516,4.419777870178223,0.0
1763596407409,35.193328720712564,-97.43789104888629,325.33243650299073,4.446489334106445,0.0
1763596407409,35.19333031387731,-97.43788964654767,325.3337118319852,4.461709976196289,0.0
1763596407409,35.19333190508641,-97.43788825259172,325.3358174312568,4.477840900421143,0.0
1763596407409,35.193333568320064,-97.43788681398668,325.3373451817137,4.4981608390808105,0.0
1763596407409,35.19333521878534,-97.43788538632128,325.338429453968,4.501324653625488,0.0
1763596407409,35.19333680214054,-97.43788400971101,325.3395154792572,4.503495693206787,0.0
1763596407409,35.19333825332953,-97.43788274702513,325.33926211536743,4.505620956420898,0.0
1763596407409,35.19333991093289,-97.43788130836481,325.3395914680033,4.5021586418151855,0.0
1763596407409,35.19334156629141,-97.43787987105188,325.34002016359767,4.493509292602539,0.0
1763596407409,35.193343266769,-97.43787840303641,325.3410651639211,4.4800567626953125,0.0
1763596407409,35.19334450645009,-97.43787732925021,325.34153006711773,4.473392963409424,0.0
1763596407409,35.19334618849049,-97.43787587126977,325.34232487861436,4.451806545257568,0.0
1763596407409,35.19334774406608,-97.4378745079591,325.3434317246905,4.435495853424072,0.0
1763596407409,35.19334933021076,-97.43787312196993,325.3444415748131,4.41688871383667,0.0
1763596407409,35.193350877525354,-97.43787177625079,325.3455859421504,4.397109508514404,-0.10000000149011612
1763596407409,35.193352459475975,-97.43787040396133,325.34691793827847,4.379918098449707,-0.10000000149011612
1763596407409,35.19335397941305,-97.43786908726493,325.3486136775737,4.3665876388549805,0.0
1763596407409,35.193355414085815,-97.43786783825631,325.35013973589764,4.356055736541748,0.0
1763596407409,35.19335708172582,-97.43786639414746,325.35197679439926,4.34199857711792,0.0
1763596408409,35.19335985839054,-97.43786209235545,325.35642726988783,4.301123142242432,2.0999999046325684
1763596408409,35.19336059429095,-97.43786143718476,325.3574903826243,4.291952610015869,2.9000000953674316
1763596408409,35.19336213251377,-97.4378600689317,325.3585728620163,4.270184516906738,5.800000190734863
1763596408409,35.193363538965954,-97.43785881878672,325.359172047387,4.256900310516357,8.199999809265137
1763596408409,35.19336513699091,-97.43785739765383,325.35996168128776,4.246525764465332,10.0
1763596408409,35.193366665238415,-97.43785604271639,325.3607006663732,4.232154369354248,11.5
1763596408409,35.193368156643245,-97.43785473573793,325.36123140486785,4.227838516235352,12.800000190734863
1763596408409,35.19336969035239,-97.43785341049289,325.362087456424,4.225908279418945,15.0
1763596408409,35.19337123867786,-97.4378520834027,325.36205329381045,4.21735954284668,18.100000381469727
1763596408409,35.1933727836358,-97.4378507745725,325.36125906556885,4.2218780517578125,21.0
1763596408409,35.19337434149363,-97.43784947436112,325.3616903876082,4.220488548278809,23.700000762939453
1763596408409,35.19337586921433,-97.43784819789802,325.3631199989991,4.22188663482666,26.100000381469727
1763596408409,35.19337740409913,-97.43784691549168,325.36463346396624,4.224269866943359,28.299999237060547
1763596408409,35.193378940066644,-97.43784564278073,325.36544727510636,4.224503517150879,29.5
1763596408409,35.19338047198194,-97.43784438487896,325.3658985165491,4.228092670440674,30.0
1763596408409,35.19338203181147,-97.43784313033905,325.3661301554348,4.232619762420654,30.0
1763596408409,35.19338360676535,-97.437841881793,325.36664555094893,4.246458053588867,30.0
1763596408409,35.19338516644786,-97.43784066530755,325.36718474988925,4.26123571395874,30.0
1763596408409,35.193386604290495,-97.43783955007197,325.36788200980266,4.272382736206055,30.0
1763596408409,35.19338837349711,-97.43783819908978,325.36922770588666,4.28413724899292,29.100000381469727
1763596409409,35.19339123865057,-97.4378347296127,325.3732457079167,4.296378135681152,25.799999237060547
1763596409409,35.193391788126945,-97.43783430131643,325.3748670292575,4.29358434677124,25.200000762939453
1763596409409,35.19339339295284,-97.43783306950289,325.37612704851233,4.28747034072876,22.100000381469727
1763596409409,35.19339499376665,-97.43783183661708,325.3773132502397,4.296283721923828,19.200000762939453
1763596409409,35.19339650747933,-97.43783066164873,325.37830234892294,4.314316272735596,16.899999618530273
1763596409409,35.19339828526134,-97.43782928005722,325.37877541466355,4.32744026184082,15.899999618530273
1763596409409,35.19339977319739,-97.43782811301435,325.3774560201796,4.339022159576416,14.899999618530273
1763596409409,35.19340153717009,-97.43782672579547,325.3757918308748,4.3556904792785645,13.0
1763596409409,35.19340321900224,-97.43782541052764,325.37478424291896,4.3721232414245605,10.600000381469727
1763596409409,35.19340487376251,-97.43782412151126,325.37504249920283,4.38368558883667,8.100000381469727
1763596409409,35.19340653714936,-97.43782280810893,325.3756734084427,4.401989459991455,5.400000095367432
1763596409409,35.19340817131262,-97.43782155162697,325.3771818906566,4.415962219238281,3.5
1763596409409,35.19340986735364,-97.43782024316612,325.3777422076989,4.423177719116211,2.200000047683716
1763596409409,35.19341155729543,-97.43781894128755,325.37717033090956,4.432485580444336,1.5
1763596409409,35.19341325719762,-97.43781761124683,325.37659015705333,4.445274353027344,0.800000011920929
1763596409409,35.193414961773016,-97.4378162661196,325.3762235186891,4.466286659240723,0.0
1763596409409,35.193416643560674,-97.43781495474254,325.37610295430073,4.496050834655762,-1.2000000476837158
1763596409409,35.19341838037965,-97.43781359320211,325.37703609459595,4.525111198425293,-2.700000047683716
1763596409409,35.19342000180979,-97.43781231623116,325.3779740708855,4.523707866668701,-3.5999999046325684
1763596409409,35.193421647576315,-97.43781100409484,325.38000041495013,4.525382041931152,-4.800000190734863
1763596410409,35.19342425882184,-97.43780772743402,325.38926905897887,4.536884307861328,-6.099999904632568
1763596410409,35.19342502975954,-97.4378071203564,325.39018711000136,4.53735876083374,-6.400000095367432
1763596410409,35.19342671553881,-97.43780576427382,325.39173440682356,4.544511795043945,-6.699999809265137
1763596410409,35.19342842667631,-97.43780437833331,325.3917923633199,4.557817459106445,-6.800000190734863
1763596410409,35.19343015961642,-97.4378029777415,325.39146694760507,4.572841644287109,-6.800000190734863
1763596410409,35.19343188491701,-97.43780159353562,325.3920313018273,4.588927745819092,-6.800000190734863
1763596410409,35.193433591900934,-97.4378002210125,325.39292444481424,4.596742153167725,-6.800000190734863
1763596410409,35.19343532056258,-97.43779883800973,325.3945856735472,4.597105979919434,-6.800000190734863
1763596410409,35.19343700454355,-97.4377974704273,325.3963497818312,4.603257179260254,-6.800000190734863
1763596410409,35.19343874052705,-97.43779605572817,325.3987064652275,4.601833343505859,-6.800000190734863
1763596410409,35.193440478752066,-97.43779462928849,325.40065739631655,4.600518226623535,-6.800000190734863
1763596410409,35.19344215773542,-97.43779324435373,325.40147905939347,4.604450702667236,-6.800000190734863
1763596410409,35.19344384502783,-97.43779186393432,325.4022942648247,4.612353324890137,-6.800000190734863
1763596410409,35.19344559936782,-97.43779043518511,325.403558155823,4.630776405334473,-6.800000190734863
1763596410409,35.193447297488866,-97.4377890523629,325.40582070262707,4.644327163696289,-6.800000190734863
1763596410409,35.19344905840834,-97.43778763542745,325.4077727285038,4.647294521331787,-6.800000190734863
1763596410409,35.19345078093832,-97.43778623978613,325.4102407301136,4.6445112228393555,-6.800000190734863
1763596410409,35.19345246842756,-97.43778484446422,325.41239563648566,4.63953161239624,-6.800000190734863
1763596410409,35.193454162965175,-97.43778343671259,325.4141096058623,4.635591506958008,-6.800000190734863
1763596410409,35.193455736951044,-97.437782133711,325.4152726555468,4.642866134643555,-6.800000190734863
1763596410409,35.193457548698476,-97.43778063802104,325.41679395726806,4.651414394378662,-6.800000190734863
1763596411409,35.19345902734261,-97.43777799441801,325.41262692706863,4.658671855926514,-6.800000190734863
1763596411409,35.19346077598948,-97.43777653152621,325.41520408560876,4.663708686828613,-6.800000190734863
1763596411409,35.19346249309703,-97.43777509347967,325.41827218812887,4.666794776916504,-6.800000190734863
1763596411409,35.19346419853433,-97.43777366852716,325.42155586319393,4.657600402832031,-6.800000190734863
1763596411409,35.193465939461326,-97.43777219829714,325.42306718329155,4.6556010246276855,-6.800000190734863
1763596411409,35.193467624071815,-97.4377707732707,325.4246478430428,4.651918411254883,-6.800000190734863
1763596411409,35.1934693048198,-97.43776936750227,325.4263711467586,4.6490559577941895,-6.800000190734863
1763596411409,35.19347104668912,-97.43776790056573,325.42791108258496,4.6490983963012695,-6.800000190734863
1763596411409,35.19347277718446,-97.43776645133254,325.4303560130577,4.645281791687012,-6.800000190734863
1763596411409,35.19347451652364,-97.43776499165493,325.4316394109919,4.654589653015137,-6.699999809265137
1763596411409,35.19347622709168,-97.43776354831851,325.43390655033386,4.6552276611328125,-6.5
1763596411409,35.19347796622553,-97.43776206277562,325.43661537591487,4.647459506988525,-6.5
1763596411409,35.1934796424999,-97.43776062548685,325.4375419481993,4.640891075134277,-6.5
1763596411409,35.193481335418035,-97.4377591807618,325.4371878223935,4.641036510467529,-6.5
1763596411409,35.19348305135877,-97.43775772759415,325.43763570727367,4.65179967880249,-6.400000095367432
1763596411409,35.19348476019388,-97.43775628694047,325.43860939035756,4.653676509857178,-6.199999809265137
1763596411409,35.19348646515485,-97.43775486447173,325.43969938692544,4.64478063583374,-6.0
1763596411409,35.193488213231646,-97.43775341832533,325.44215893825884,4.64516019821167,-5.599999904632568
1763596411409,35.19348992372092,-97.43775196230177,325.4441517861039,4.630887508392334,-5.599999904632568
1763596412409,35.193492466058714,-97.43774863631684,325.45486862174585,4.617079734802246,-5.599999904632568
1763596412409,35.1934931338808,-97.43774806074413,325.4548697534598,4.614777088165283,-5.5
1763596412409,35.19349478788639,-97.43774663227349,325.4548395793997,4.6082024574279785,-5.5
1763596412409,35.19349645186001,-97.43774519638058,325.4551647398901,4.620445728302002,-6.099999904632568
1763596412409,35.19349813244612,-97.43774375375513,325.45704623495993,4.625739574432373,-9.0
1763596412409,35.19349982181146,-97.43774230816014,325.45961809596304,4.617888450622559,-14.699999809265137
1763596412409,35.193501486828936,-97.43774090027028,325.4609044749967,4.6129536628723145,-21.299999237060547
1763596412409,35.193503096434924,-97.43773954859687,325.4609290695676,4.618625164031982,-26.0
1763596412409,35.19350470648136,-97.43773819564866,325.45992023028896,4.634212970733643,-32.400001525878906
1763596412409,35.193506558751764,-97.43773659856389,325.45948653984067,4.645104885101318,-37.900001525878906
1763596412409,35.19350824836781,-97.43773510358625,325.46008158663267,4.665160179138184,-44.400001525878906
1763596412409,35.19350990904771,-97.4377335899511,325.4608597187947,4.675877571105957,-51.400001525878906
1763596412409,35.19351152574287,-97.43773209261524,325.4619581068107,4.680474758148193,-56.400001525878906
1763596412409,35.1935131875985,-97.43773051687626,325.46339501298246,4.683998107910156,-60.900001525878906
1763596412409,35.19351481018098,-97.43772894116096,325.4643510465094,4.6795573234558105,-64.0
1763596412409,35.19351644360509,-97.43772730118991,325.46471660182914,4.685545921325684,-65.69999694824219
1763596412409,35.193518026738154,-97.4377256772572,325.4650808541238,4.700557231903076,-67.30000305175781
1763596412409,35.193519620121585,-97.4377240089135,325.46569143099777,4.716244697570801,-68.19999694824219
1763596412409,35.19352127568929,-97.43772223845127,325.4667956683499,4.720974445343018,-67.9000015258789
1763596412409,35.193522809507336,-97.43772057614075,325.4682377455053,4.7240471839904785,-66.30000305175781
1763596413409,35.1935251352671,-97.43771678308838,325.4551196431378,4.746771812438965,-66.9000015258789
1763596413409,35.19352584125929,-97.43771598682416,325.455628918105,4.7563652992248535,-67.69999694824219
1763596413409,35.19352733662674,-97.4377142825525,325.4561460298356,4.769928932189941,-69.19999694824219
1763596413409,35.19352876172453,-97.43771264191771,325.4566893419114,4.778933048248291,-69.9000015258789
1763596413409,35.1935304404728,-97.43771069043895,325.4574496249669,4.814426898956299,-70.0999984741211
1763596413409,35.19353202151163,-97.43770882669929,325.45786470788823,4.845080852508545,-70.0999984741211
1763596413409,35.19353355967747,-97.43770697731856,325.4584966508323,4.859371185302734,-70.0999984741211
1763596413409,35.1935350677343,-97.43770513140616,325.4592765887196,4.870750904083252,-70.0999984741211
1763596413409,35.19353657761201,-97.43770323954189,325.46012631589934,4.890203952789307,-70.0999984741211
1763596413409,35.19353808574438,-97.43770132289971,325.4610501886783,4.905953407287598,-70.4000015258789
1763596413409,35.19353962210771,-97.43769936172197,325.4616914358867,4.921436309814453,-70.9000015258789
1763596413409,35.19354113053059,-97.43769742453061,325.4618499634557,4.932521820068359,-71.4000015258789
1763596413409,35.19354261790315,-97.4376954959973,325.46214685295934,4.942361831665039,-71.80000305175781
1763596413409,35.19354409354434,-97.43769355024648,325.46272604931386,4.956134796142578,-72.4000015258789
1763596413409,35.19354549772923,-97.4376917032681,325.46238126487304,4.966801166534424,-73.19999694824219
1763596413409,35.193547145261725,-97.43768950368613,325.46227539787213,4.969559192657471,-73.9000015258789
1763596413409,35.19354874657918,-97.43768731622612,325.46236249558336,4.971943378448486,-74.5999984741211
1763596413409,35.19355005295967,-97.437685530516,325.46230286013184,4.9743571281433105,-75.19999694824219
1763596413409,35.193551509464136,-97.43768348953508,325.4626167147027,4.978124618530273,-75.5999984741211
1763596413409,35.193552962063855,-97.43768138645518,325.4630874020781,4.984616756439209,-75.69999694824219
1763596413409,35.19355439344476,-97.4376792850445,325.46333018875987,4.993671894073486,-75.80000305175781
1763596414409,35.193555544479615,-97.4376749021019,325.48369999220205,5.005619525909424,-76.0999984741211
1763596414409,35.19355694591374,-97.43767268944879,325.4837609206368,5.011423587799072,-76.80000305175781
1763596414409,35.19355832166592,-97.43767049100241,325.4836923927026,5.012697219848633,-78.5999984741211
1763596414409,35.1935596695245,-97.43766830570301,325.48376206812907,5.012125492095947,-81.0999984741211
1763596414409,35.193561052582005,-97.43766603360534,325.48319901546097,5.011020183563232,-84.5
1763596414409,35.19356238413392,-97.43766381225258,325.4819600715481,5.0055084228515625,-88.4000015258789
1763596414409,35.193563724376524,-97.43766153156324,325.48051573680254,5.0088982582092285,-92.80000305175781
1763596414409,35.19356504280318,-97.43765923791031,325.47958653372814,5.013732433319092,-98.0
1763596414409,35.19356634707064,-97.43765690727929,325.47932089245717,5.019321918487549,-103.80000305175781
1763596414409,35.19356761451381,-97.43765456557777,325.47938909318924,5.014568328857422,-110.4000015258789
1763596414409,35.19356882981355,-97.43765224323856,325.4793271772132,5.00653600692749,-115.80000305175781
1763596414409,35.1935699892986,-97.4376499444302,325.47924324387145,4.997522830963135,-123.9000015258789
1763596414409,35.19357112951755,-97.43764758019388,325.47957465135136,4.986298561096191,-130.10000610351562
1763596414409,35.19357222892154,-97.43764520330303,325.48025087831076,4.974117755889893,-135.3000030517578
1763596414409,35.193573301255014,-97.43764278897035,325.4805268869705,4.962512493133545,-139.1999969482422
1763596414409,35.19357431600341,-97.4376403881271,325.4813735883471,4.944114685058594,-142.10000610351562
1763596414409,35.19357530052224,-97.43763794264063,325.4815959555885,4.923186302185059,-143.8000030517578
1763596414409,35.193576250116614,-97.43763550880608,325.4814614124627,4.891895294189453,-146.89999389648438
1763596414409,35.19357722038809,-97.43763291254328,325.4818614329041,4.86570405960083,-149.89999389648438
1763596415409,35.19357798750097,-97.43762773251864,325.48773706856196,4.831737041473389,-155.8000030517578
1763596415409,35.193578293918065,-97.4376267740887,325.4877611538222,4.819386959075928,-157.5
1763596415409,35.19357905049594,-97.43762432089886,325.48800486783824,4.787474632263184,-162.5
1763596415409,35.193579816574314,-97.43762170114985,325.4879239485841,4.759591579437256,-168.3000030517578
1763596415409,35.193580449611424,-97.43761940522067,325.4875689650103,4.734114170074463,-173.10000610351562
1763596415409,35.19358113058742,-97.43761676903462,325.48660329105974,4.706343173980713,-180.5
1763596415409,35.193581740238955,-97.43761422986583,325.4855401650922,4.683577537536621,-185.1999969482422
1763596415409,35.19358228819547,-97.43761170890504,325.4855072979197,4.649461269378662,-192.0
1763596415409,35.19358278397618,-97.43760915726403,325.48552017522667,4.625464916229248,-196.3000030517578
1763596415409,35.19358322328663,-97.43760661593365,325.4856243134778,4.598255634307861,-198.6999969482422
1763596415409,35.193583589708616,-97.43760423506734,325.48518337235544,4.576895236968994,-199.1999969482422
1763596415409,35.19358394193402,-97.43760154416415,325.48472613155917,4.563161849975586,-199.1999969482422
1763596415409,35.193584233473786,-97.437598984952,325.4846832512572,4.55616569519043,-199.3000030517578
1763596415409,35.19358447835483,-97.43759646775929,325.48504828728636,4.546023368835449,-199.5
1763596415409,35.19358469703892,-97.43759391315865,325.48572217799745,4.533774375915527,-200.10000610351562
1763596415409,35.19358488237798,-97.43759140227367,325.4860193082191,4.4921555519104,-200.5
1763596415409,35.19358503607186,-97.43758890390245,325.48568801058576,4.467623233795166,-200.5
1763596415409,35.19358514707303,-97.43758641606343,325.485058908526,4.446375846862793,-200.6999969482422
1763596415409,35.19358521605814,-97.43758393665547,325.4840402288229,4.41879940032959,-201.0
1763596415409,35.19358524548021,-97.43758140404695,325.48334568607174,4.396308422088623,-202.60000610351562
1763596416409,35.19358529014013,-97.43757702863347,325.4967004744891,4.368481159210205,-207.60000610351562
1763596416409,35.19358529197884,-97.43757635472768,325.49553258751865,4.365835666656494,-208.3000030517578
1763596416409,35.19358520492808,-97.43757399765364,325.49494663504476,4.330478191375732,-211.39999389648438
1763596416409,35.193585064002846,-97.43757157217867,325.4946577789216,4.31218957901001,-213.60000610351562
1763596416409,35.193584877901294,-97.43756915801306,325.4946296725512,4.302541255950928,-214.60000610351562
1763596416409,35.19358464675953,-97.43756673951411,325.49416917407365,4.2880401611328125,-215.1999969482422
1763596416409,35.193584386307556,-97.43756438942154,325.49380731384406,4.269516944885254,-216.3000030517578
1763596416409,35.193584080227346,-97.43756201611428,325.4929097064899,4.2532877922058105,-218.3000030517578
1763596416409,35.19358373603885,-97.437559650587,325.4918796925209,4.241413593292236,-221.0
1763596416409,35.193583354326904,-97.43755728849767,325.4903386895073,4.231794357299805,-223.39999389648438
1763596416409,35.19358293181679,-97.43755491268894,325.48899296611205,4.21309757232666,-225.89999389648438
1763596416409,35.193582493875084,-97.43755262615048,325.48745878256466,4.1913347244262695,-228.60000610351562
1763596416409,35.193582018137455,-97.43755034584711,325.4849783383682,4.171355724334717,-231.5
1763596416409,35.19358156300726,-97.43754830829012,325.4825386659786,4.150641918182373,-234.39999389648438
1763596416409,35.19358099357214,-97.43754594149571,325.48006610044547,4.130321025848389,-237.3000030517578
1763596416409,35.19358043286705,-97.43754368421101,325.477666172944,4.097559452056885,-240.10000610351562
1763596416409,35.19357983494196,-97.43754147210733,325.4752825448996,4.071059703826904,-242.5
1763596416409,35.193579176611614,-97.43753934729291,325.47390408886184,4.040035247802734,-245.60000610351562
1763596416409,35.19357846788385,-97.43753722937167,325.47166762825356,4.011341571807861,-249.1999969482422
1763596416409,35.193577786799736,-97.43753531065832,325.4693387843465,3.988030195236206,-252.1999969482422
1763596416409,35.193576954693654,-97.43753308134785,325.4662224345982,3.9665558338165283,-254.3000030517578
1763596417409,35.19357428119244,-97.4375309024315,325.5108994906289,3.9495136737823486,-256.8999938964844
1763596417409,35.193573319390765,-97.43752870839988,325.507051912554,3.934133291244507,-259.3999938964844
1763596417409,35.19357241356231,-97.43752676447555,325.5035498909204,3.9195404052734375,-262.20001220703125
1763596417409,35.19357146489859,-97.43752478915115,325.4998488564531,3.910712957382202,-264.1000061035156
1763596417409,35.19357048256191,-97.43752283773235,325.49616658561257,3.889037847518921,-266.8999938964844
1763596417409,35.19356948262632,-97.4375209551159,325.49293091642966,3.8790252208709717,-268.6000061035156
1763596417409,35.19356843768117,-97.43751907144232,325.4889642916196,3.8649489879608154,-270.3999938964844
1763596417409,35.19356736548057,-97.43751722349211,325.48501422278895,3.859126329421997,-272.20001220703125
1763596417409,35.19356624869141,-97.4375154267813,325.4811580045768,3.851229667663574,-273.6000061035156
1763596417409,35.19356508869403,-97.43751365784581,325.4774300745919,3.8484559059143066,-274.79998779296875
1763596417409,35.193563926382645,-97.43751194270217,325.4741810094564,3.8509390354156494,-275.5
1763596417409,35.19356274887114,-97.43751024706785,325.4697503337162,3.8635990619659424,-277.20001220703125
1763596417409,35.193561551651115,-97.4375085870451,325.4661115100891,3.8701980113983154,-279.1000061035156
1763596417409,35.19356031738251,-97.43750698272298,325.462647655433,3.8605117797851562,-280.79998779296875
1763596417409,35.19355903756127,-97.43750537921663,325.4592150234387,3.8535714149475098,-282.20001220703125
1763596417409,35.19355775164001,-97.43750387398066,325.4553716924636,3.852293014526367,-283.20001220703125
1763596417409,35.193556441975424,-97.43750241785642,325.4514997685981,3.8508825302124023,-283.6000061035156
1763596417409,35.19355505947162,-97.4375009391774,325.4488268391,3.8535544872283936,-283.8999938964844
1763596417409,35.19355366587247,-97.43749951517435,325.44707864596177,3.8548460006713867,-284.1000061035156
1763596417409,35.19355221934214,-97.43749815779277,325.4460844857343,3.853847026824951,-284.3999938964844
1763596418409,35.19355064592953,-97.43749823146095,325.41829936342003,3.851179361343384,-284.5
1763596418409,35.19354919556761,-97.4374970434257,325.4164275732807,3.8513731956481934,-284.70001220703125
1763596418409,35.19354772107911,-97.43749588096317,325.4145022020243,3.847943067550659,-284.79998779296875
1763596418409,35.19354619787869,-97.43749474441317,325.4127044949416,3.841728925704956,-284.79998779296875
1763596418409,35.193544630667546,-97.43749363939995,325.411077870754,3.8398308753967285,-284.79998779296875
1763596418409,35.19354307994076,-97.43749260968215,325.4093290945345,3.8359158039093018,-284.79998779296875
1763596418409,35.19354149241583,-97.43749160392278,325.40748508595243,3.836353302001953,-285.0
1763596418409,35.19353993383481,-97.43749067545231,325.40492730842965,3.8275725841522217,-285.29998779296875
1763596418409,35.193538325073504,-97.4374897573408,325.40311272293076,3.8265514373779297,-285.5
1763596418409,35.19353668267186,-97.43748888263809,325.40155260212646,3.8144824504852295,-285.5
1763596418409,35.19353505858963,-97.4374880392373,325.4008801601684,3.807185411453247,-285.5
1763596418409,35.193533562043214,-97.43748731850175,325.39986064253355,3.8062121868133545,-285.5
1763596418409,35.19353177753573,-97.4374865185647,325.39900525477003,3.8084399700164795,-285.5
1763596418409,35.193530079333755,-97.43748582068059,325.3979973448721,3.8089547157287598,-285.6000061035156
1763596418409,35.19352836608158,-97.43748515318998,325.3974634896827,3.8112213611602783,-285.8999938964844
1763596418409,35.193526691738924,-97.4374845141484,325.3966412520343,3.8091988563537598,-286.5
1763596418409,35.193524967652365,-97.4374839303907,325.39611096146655,3.813289165496826,-286.8999938964844
1763596418409,35.19352328831234,-97.43748340815132,325.39558439356097,3.814039945602417,-287.3999938964844
1763596418409,35.19352165203084,-97.43748291014296,325.39454433030863,3.8187623023986816,-287.5
1763596419409,35.193518318349085,-97.43748424836795,325.46163587207957,3.8296117782592773,-287.6000061035156
1763596419409,35.19351756229348,-97.43748408424393,325.4613242216485,3.829918384552002,-287.6000061035156
1763596419409,35.19351583601678,-97.43748380142515,325.46121057431094,3.8281960487365723,-287.6000061035156
1763596419409,35.19351409209567,-97.43748356966825,325.4605707586,3.827341079711914,-287.5
1763596419409,35.19351226748284,-97.43748337455388,325.4598463077034,3.8343887329101562,-287.6000061035156
1763596419409,35.19351060032958,-97.43748321569261,325.45892953494223,3.841381311416626,-287.6000061035156
1763596419409,35.19350867729217,-97.43748311732352,325.45874380676855,3.8547017574310303,-287.5
1763596419409,35.19350689825019,-97.43748308568472,325.4586640446556,3.8616585731506348,-287.6000061035156
1763596419409,35.19350511583574,-97.43748311958011,325.45894307814814,3.8634238243103027,-287.5
1763596419409,35.19350330518222,-97.4374832075075,325.4594827609886,3.866048574447632,-287.6000061035156
1763596419409,35.19350151791051,-97.43748336088646,325.45940616776585,3.867887258529663,-287.6000061035156
1763596419409,35.19349979127748,-97.43748352951218,325.45919930633835,3.8743815422058105,-287.6000061035156
1763596419409,35.193498006912776,-97.43748374822268,325.4594925251141,3.8797550201416016,-287.6000061035156
1763596419409,35.19349626471995,-97.43748400270887,325.46024233541715,3.8806867599487305,-287.6000061035156
1763596419409,35.19349449581736,-97.43748433023065,325.4607026212244,3.88653302192688,-287.6000061035156
1763596419409,35.193492701745235,-97.43748471294604,325.46158442595885,3.8891799449920654,-287.70001220703125
1763596419409,35.19349097160732,-97.43748513564124,325.46272580070183,3.8912477493286133,-287.70001220703125
1763596419409,35.19348922085512,-97.43748563215406,325.46409956626576,3.898609161376953,-287.79998779296875
1763596419409,35.19348763360312,-97.43748612345989,325.46538829750335,3.903653860092163,-287.79998779296875
1763596419409,35.193485754097445,-97.43748676884225,325.46720217886843,3.899188995361328,-287.79998779296875
1763596420409,35.19348499636878,-97.43749044980555,325.46997618339435,3.896312713623047,-287.8999938964844
1763596420409,35.19348334366533,-97.43749120743513,325.47171821336036,3.904754638671875,-287.8999938964844
1763596420409,35.19348168747744,-97.43749201464115,325.47413936670284,3.908383846282959,-287.8999938964844
1763596420409,35.19348004637637,-97.43749286975736,325.47707373546126,3.9124226570129395,-287.8999938964844
1763596420409,35.19347843626228,-97.43749376109714,325.4795954537738,3.9090633392333984,-287.8999938964844
1763596420409,35.19347681844365,-97.43749471731591,325.481689597593,3.9091761112213135,-287.8999938964844
1763596420409,35.19347522484396,-97.43749569468358,325.48413840227374,3.913757562637329,-287.8999938964844
1763596420409,35.19347364497504,-97.43749671224018,325.4869495000805,3.919664144515991,-287.8999938964844
1763596420409,35.19347206291192,-97.43749780223204,325.49055173692653,3.923548936843872,-287.8999938964844
1763596420409,35.19347049341931,-97.43749894793206,325.49406155076804,3.927799940109253,-287.8999938964844
1763596420409,35.19346898038912,-97.43750012495046,325.4983399496049,3.927462100982666,-287.8999938964844
1763596420409,35.19346750310755,-97.43750132338717,325.5028360972136,3.9268553256988525,-287.8999938964844
1763596420409,35.193466018716286,-97.43750260692285,325.5066098807876,3.9314746856689453,-287.8999938964844
1763596420409,35.1934645755444,-97.43750390643633,325.5109373608421,3.934194803237915,-287.8999938964844
1763596420409,35.193463137292156,-97.43750527203153,325.51591641634104,3.9390623569488525,-287.8999938964844
1763596420409,35.19346171067739,-97.43750667440231,325.52136776013606,3.9491732120513916,-287.8999938964844
1763596420409,35.19346032817824,-97.43750811149127,325.52676246064107,3.9593615531921387,-287.8999938964844
1763596420409,35.193458997177025,-97.43750956608005,325.53199345802307,3.9678637981414795,-287.8999938964844
1763596420409,35.19345767505419,-97.43751106885291,325.5371879567044,3.965477466583252,-287.8999938964844
1763596421409,35.193456764918324,-97.43751307571434,325.5086338517937,3.966062307357788,-287.8999938964844
1763596421409,35.19345547243632,-97.43751472438143,325.5139724196653,3.972642660140991,-287.8999938964844
1763596421409,35.19345424370774,-97.43751634335625,325.51997069368,3.980642080307007,-287.8999938964844
1763596421409,35.19345307221726,-97.43751797359457,325.52585068614786,3.984006643295288,-287.8999938964844
1763596421409,35.19345188683099,-97.43751968604285,325.5319783492648,3.989697217941284,-287.8999938964844
1763596421409,35.193450752012275,-97.43752143093725,325.53693716572013,3.999298095703125,-287.8999938964844
1763596421409,35.193449632892325,-97.43752327054261,325.5416289494567,4.013936996459961,-287.8999938964844
1763596421409,35.193448553633495,-97.43752507393533,325.54636541242274,4.020208835601807,-287.8999938964844
1763596421409,35.19344748870213,-97.43752695679443,325.5512397435981,4.021202564239502,-287.8999938964844
1763596421409,35.19344651078915,-97.43752880213997,325.5540823574307,4.024134159088135,-287.8999938964844
1763596421409,35.193445554300034,-97.4375307063689,325.5580562759957,4.029606819152832,-288.0
1763596421409,35.19344461157578,-97.43753268945048,325.56282829804314,4.033458709716797,-288.0
1763596421409,35.19344376505519,-97.43753449612777,325.5674710518309,4.048190593719482,-288.0
1763596421409,35.19344284494631,-97.43753662404166,325.57247291406816,4.045742511749268,-288.0
1763596421409,35.193442018332,-97.43753865326724,325.5774839900334,4.04640007019043,-288.0
1763596421409,35.193441233980536,-97.43754068862611,325.5816309771135,4.055272102355957,-288.0
1763596421409,35.19344046598267,-97.43754276323958,325.586326561611,4.066257476806641,-288.0
1763596421409,35.19343975340573,-97.43754478322028,325.590880237583,4.071878910064697,-288.0
1763596421409,35.193439063281794,-97.43754693647226,325.5964009227104,4.079487323760986,-288.0
1763596421409,35.19343844575547,-97.43754901847645,325.6016163645804,4.078951835632324,-288.0
1763596421409,35.19343785156208,-97.43755122126215,325.6071932899035,4.081968784332275,-288.0
1763596421409,35.19343730412704,-97.4375534143881,325.6120498113099,4.088858127593994,-288.0
1763596422409,35.193438010604446,-97.43755630983152,325.49193088675867,4.0934953689575195,-288.0
1763596422409,35.193437593715835,-97.43755850652155,325.496363612767,4.096926212310791,-288.0
1763596422409,35.19343723372592,-97.43756077158987,325.50205421339444,4.101181507110596,-288.0
1763596422409,35.19343691893681,-97.4375629985571,325.50735351399777,4.104067802429199,-288.0
1763596422409,35.19343667198349,-97.43756508216187,325.5137670594643,4.111679553985596,-288.0
1763596422409,35.19343641804276,-97.43756756556118,325.52043265531626,4.112980365753174,-288.0
1763596422409,35.19343622575453,-97.43756982145392,325.52588314309565,4.114437580108643,-288.0
1763596422409,35.19343606868423,-97.43757214537575,325.5308756935442,4.123408794403076,-288.1000061035156
1763596422409,35.19343596145053,-97.4375744931676,325.5361152277506,4.123859405517578,-288.20001220703125
1763596422409,35.19343590019256,-97.43757677942529,325.5422797592305,4.123416900634766,-288.29998779296875
1763596422409,35.193435877966024,-97.43757900845085,325.5479411390214,4.1216864585876465,-288.3999938964844
1763596422409,35.19343591707572,-97.43758125992515,325.55385626621177,4.126051425933838,-288.3999938964844
1763596422409,35.19343600169327,-97.43758351252406,325.5594427804732,4.1288628578186035,-288.3999938964844
1763596422409,35.19343612250512,-97.43758576120698,325.56501055229455,4.124136924743652,-288.3999938964844
1763596422409,35.193436287117805,-97.43758802841373,325.56998196546255,4.1195855140686035,-288.3999938964844
1763596422409,35.193436499935245,-97.43759021220053,325.57460451700007,4.117544651031494,-288.3999938964844
1763596422409,35.19343676604527,-97.43759240829012,325.57935762612516,4.117337226867676,-288.3999938964844
1763596422409,35.19343708889275,-97.43759460469867,325.58488051394534,4.112785339355469,-288.3999938964844
1763596422409,35.193437466799445,-97.43759681517736,325.5905197980133,4.105746746063232,-288.3999938964844
1763596422409,35.19343789185581,-97.43759902857194,325.5961080374804,4.100672245025635,-288.3999938964844
1763596423409,35.19344168263929,-97.43760174373149,325.60790642890447,4.093430995941162,-288.3999938964844
1763596423409,35.19344223367685,-97.43760387468613,325.61359363550247,4.0833353996276855,-288.3999938964844
1763596423409,35.19344282696202,-97.43760602279256,325.6198955954263,4.0777106285095215,-288.3999938964844
1763596423409,35.19344347317521,-97.43760817957116,325.6262135831959,4.070437908172607,-288.3999938964844
1763596423409,35.19344412508048,-97.43761025262286,325.6319586223605,4.062891483306885,-288.3999938964844
1763596423409,35.193444828593535,-97.43761233384228,325.6370351376629,4.055208683013916,-288.3999938964844
1763596423409,35.19344555719688,-97.43761441050951,325.6422344783018,4.044061183929443,-288.5
1763596423409,35.193446323485816,-97.4376164266307,325.6466470502634,4.034378528594971,-288.70001220703125
1763596423409,35.19344714133936,-97.43761843590082,325.6519484207627,4.028552532196045,-289.0
1763596423409,35.19344801793177,-97.43762043389704,325.6570585380544,4.019127368927002,-289.1000061035156
1763596423409,35.193448893740666,-97.43762232263248,325.66234242778995,4.01569128036499,-289.20001220703125
1763596423409,35.19344985016943,-97.43762425046354,325.6674654621246,4.015116214752197,-289.20001220703125
1763596423409,35.193450830251855,-97.43762610785903,325.6729276734189,4.020941257476807,-289.20001220703125
1763596423409,35.193451865838824,-97.4376279522731,325.67805991348905,4.0241312980651855,-289.20001220703125
1763596423409,35.193452931335685,-97.43762977407943,325.68405048810746,4.024779796600342,-289.20001220703125
1763596423409,35.19345399799561,-97.43763156124244,325.6885507697155,4.01880407333374,-289.20001220703125
1763596423409,35.193455151849236,-97.43763337151194,325.69246780056534,4.009003162384033,-289.20001220703125
1763596423409,35.19345629317022,-97.43763510911842,325.69592544107496,4.01071834564209,-289.20001220703125
1763596423409,35.19345749817257,-97.43763686382032,325.6994512036745,4.020646572113037,-289.20001220703125
1763596423409,35.193458695831055,-97.43763857919573,325.7041961050173,4.033370018005371,-289.20001220703125
1763596424409,35.193461277234135,-97.4376398492335,325.685271250838,4.041484832763672,-289.20001220703125
1763596424409,35.19346258100044,-97.4376414622069,325.688668541686,4.062267780303955,-289.20001220703125
1763596424409,35.19346391293578,-97.4376430271911,325.69264705226146,4.066832065582275,-289.20001220703125
1763596424409,35.193465249300765,-97.43764452991236,325.69664367784895,4.0720601081848145,-289.20001220703125
1763596424409,35.193466652304245,-97.43764601387376,325.70041455010136,4.085259914398193,-289.20001220703125
1763596424409,35.19346807748954,-97.43764744031306,325.7043400964717,4.092776298522949,-289.20001220703125
1763596424409,35.1934695368716,-97.43764884753627,325.70720796849594,4.1073079109191895,-289.20001220703125
1763596424409,35.19347096888506,-97.43765016736698,325.7098920766583,4.115848541259766,-289.20001220703125
1763596424409,35.19347254645382,-97.43765150703082,325.71175690231684,4.124773979187012,-289.20001220703125
1763596424409,35.193474125701286,-97.43765276061664,325.714149036254,4.140313148498535,-289.20001220703125
1763596424409,35.19347564228273,-97.43765391731112,325.7156481390164,4.156126022338867,-289.20001220703125
1763596424409,35.193477266507,-97.43765507125568,325.71715274516396,4.1607255935668945,-289.20001220703125
1763596424409,35.19347892782696,-97.43765617453724,325.71797559748217,4.16974401473999,-289.20001220703125
1763596424409,35.19348056761212,-97.4376572140454,325.71767050982334,4.177868843078613,-289.20001220703125
1763596424409,35.19348224505541,-97.4376582232382,325.71686419577793,4.190326690673828,-289.20001220703125
1763596424409,35.19348394000266,-97.4376591562441,325.71708507438984,4.202061653137207,-289.20001220703125
1763596424409,35.19348564221295,-97.4376600442889,325.7170599216779,4.213608741760254,-289.20001220703125
1763596424409,35.19348740590592,-97.43766089208542,325.7171102037445,4.231226444244385,-289.20001220703125
1763596424409,35.193489023280954,-97.43766161234203,325.7171293315367,4.239890098571777,-289.20001220703125
1763596424409,35.193490978648036,-97.43766240402272,325.7184598521658,4.243346691131592,-289.20001220703125
1763596425409,35.193496074457265,-97.43765946022668,325.67020479421603,4.248701572418213,-289.20001220703125
1763596425409,35.193497984487756,-97.43765997644876,325.6703737812182,4.268307209014893,-289.20001220703125
1763596425409,35.193499894496505,-97.43766042556736,325.6711810505453,4.277951717376709,-289.20001220703125
1763596425409,35.19350181368555,-97.43766081609084,325.67136672727577,4.293286323547363,-289.20001220703125
1763596425409,35.19350374563031,-97.4376611410776,325.6717030434108,4.298791408538818,-289.20001220703125
1763596425409,35.193505652694284,-97.43766140336713,325.67184127097073,4.301799774169922,-289.20001220703125
1763596425409,35.19350759005245,-97.43766160793125,325.6722393130254,4.309804916381836,-289.20001220703125
1763596425409,35.19350957411604,-97.43766175044753,325.6720303336905,4.323195457458496,-289.20001220703125
1763596425409,35.193511564519255,-97.43766182281566,325.6729773146816,4.3317975997924805,-289.20001220703125
1763596425409,35.193513548688024,-97.43766182121061,325.673192799849,4.333620071411133,-289.20001220703125
1763596425409,35.19351548429586,-97.43766175582554,325.6727433262628,4.335407733917236,-289.20001220703125
1763596425409,35.1935174397947,-97.43766162159564,325.67262446400247,4.345983982086182,-289.20001220703125
1763596425409,35.193519350930295,-97.43766143038886,325.6734382474855,4.348477363586426,-289.20001220703125
1763596425409,35.19352133812031,-97.43766116478098,325.6749801118246,4.3434882164001465,-289.20001220703125
1763596425409,35.1935233627024,-97.43766082474512,325.6759709275682,4.336065292358398,-289.20001220703125
1763596425409,35.19352526850491,-97.43766043468092,325.67596375892833,4.333407878875732,-289.20001220703125
1763596425409,35.19352712737457,-97.43765998971432,325.67587942406874,4.331259250640869,-289.20001220703125
1763596425409,35.19352904847617,-97.43765947245176,325.6751024695578,4.324723243713379,-289.20001220703125
1763596425409,35.1935309906992,-97.4376588774378,325.6744802813939,4.322720050811768,-289.20001220703125
1763596425409,35.19353291038499,-97.43765822555565,325.67349874783446,4.3242998123168945,-289.20001220703125
1763596426409,35.193535444811026,-97.43765742498015,325.65448807254126,4.323041915893555,-289.20001220703125
1763596426409,35.19353706432758,-97.43765675705721,325.6531757648796,4.319125175476074,-289.20001220703125
1763596426409,35.19353889586643,-97.43765594313525,325.6515712890842,4.319565773010254,-289.20001220703125
1763596426409,35.19354067407241,-97.43765509867777,325.6504803718737,4.3205108642578125,-289.20001220703125
1763596426409,35.19354254621924,-97.43765414722887,325.6501084392872,4.3242011070251465,-289.1000061035156
1763596426409,35.19354431743091,-97.43765317108344,325.64855931212605,4.318395614624023,-289.1000061035156
1763596426409,35.19354608263281,-97.43765216126125,325.64748007998264,4.313198566436768,-289.1000061035156
1763596426409,35.19354782132976,-97.43765107857104,325.6467412055871,4.309158802032471,-289.1000061035156
1763596426409,35.19354948994378,-97.43764999504022,325.64611604347436,4.313884258270264,-289.1000061035156
1763596426409,35.19355115997186,-97.43764880263656,325.645275843131,4.311702251434326,-289.1000061035156
1763596426409,35.193552785559696,-97.4376475847606,325.64415190250645,4.304144859313965,-289.1000061035156
1763596426409,35.19355440061469,-97.43764631118668,325.64358613777125,4.299026966094971,-289.0
1763596426409,35.1935560541658,-97.43764494119402,325.6436074303071,4.304799556732178,-289.0
1763596426409,35.1935576017943,-97.43764356906324,325.64375742896215,4.306689739227295,-289.0
1763596426409,35.19355913118063,-97.43764210956331,325.64369879260346,4.305891513824463,-289.0
1763596426409,35.193560616469505,-97.43764062931483,325.64524007185327,4.300042629241943,-289.0
1763596426409,35.193562078806174,-97.43763911018742,325.6467967754572,4.301795959472656,-289.0
1763596426409,35.193563410242106,-97.43763764646607,325.64812834753263,4.304778099060059,-289.0
1763596426409,35.1935649378059,-97.43763584605207,325.6481119466743,4.304419040679932,-289.0
1763596427409,35.193565140026195,-97.4376306820512,325.6430572371897,4.303712368011475,-289.0
1763596427409,35.193565614197745,-97.43763004382923,325.6420576669727,4.3047404289245605,-289.0
1763596427409,35.19356680255757,-97.43762825058991,325.6423065268289,4.310293674468994,-289.0
1763596427409,35.193568005909405,-97.43762632360038,325.6422473627796,4.3019938468933105,-289.0
1763596427409,35.19356915426526,-97.43762440072592,325.6416183610119,4.3022236824035645,-289.0
1763596427409,35.19357025412327,-97.43762247798034,325.6414815360621,4.307126045227051,-289.0
1763596427409,35.1935713203718,-97.4376205075311,325.64346286747246,4.320052623748779,-289.0
1763596427409,35.19357235009965,-97.43761852973901,325.64532477689704,4.321140766143799,-289.0
1763596427409,35.19357334525711,-97.43761650438385,325.6465846578802,4.312691688537598,-288.8999938964844
1763596427409,35.193574361023444,-97.43761434552401,325.6468679641954,4.311956405639648,-288.8999938964844
1763596427409,35.19357530585871,-97.4376122458787,325.64738304071915,4.314997673034668,-288.8999938964844
1763596427409,35.19357618162515,-97.43761024170249,325.64774417328147,4.322662830352783,-288.8999938964844
1763596427409,35.19357703100339,-97.43760814130088,325.64880824804465,4.317201614379883,-288.8999938964844
1763596427409,35.193577846490705,-97.43760595324136,325.6501376545012,4.304810523986816,-288.8999938964844
1763596427409,35.193578581456855,-97.43760378590477,325.6514378649236,4.301848888397217,-288.8999938964844
1763596427409,35.19357927829201,-97.43760157442259,325.6521351475364,4.305257320404053,-288.8999938964844
1763596427409,35.193579936695855,-97.4375993212661,325.6537423751196,4.3081560134887695,-288.8999938964844
1763596427409,35.19358053872331,-97.43759710795958,325.65535084536253,4.308710098266602,-288.8999938964844
1763596427409,35.19358112368959,-97.43759472687893,325.6578222472234,4.309361934661865,-288.8999938964844
1763596428409,35.193580314800656,-97.43758978512986,325.60738488421896,4.312653541564941,-288.8999938964844
1763596428409,35.19358069576736,-97.4375876350032,325.60884109367606,4.314699649810791,-288.8999938964844
1763596428409,35.1935810527099,-97.43758527214312,325.61008006513606,4.315743923187256,-288.8999938964844
1763596428409,35.193581376001376,-97.43758288660914,325.6110922314514,4.314326286315918,-288.8999938964844
1763596428409,35.19358163637772,-97.43758048058179,325.61235746405384,4.311218738555908,-288.8999938964844
1763596428409,35.19358184910339,-97.43757806376678,325.61335026696963,4.313347339630127,-288.8999938964844
1763596428409,35.19358200277573,-97.43757561534369,325.61430573755564,4.304063320159912,-288.8999938964844
1763596428409,35.19358209698749,-97.43757321590519,325.6145307641975,4.304379463195801,-288.8999938964844
1763596428409,35.19358214492855,-97.43757077959472,325.61475244068725,4.305525779724121,-288.8999938964844
1763596428409,35.19358213494915,-97.43756838388424,325.61417466005963,4.30558443069458,-288.8999938964844
1763596428409,35.19358206368168,-97.43756587993026,325.6143547573319,4.313632965087891,-288.8999938964844
1763596428409,35.193581937562705,-97.43756344526797,325.6145383184342,4.308135032653809,-288.8999938964844
1763596428409,35.19358176949109,-97.43756111667213,325.6146562761717,4.301074028015137,-288.8999938964844
1763596428409,35.19358152432272,-97.43755866147762,325.613739138741,4.299924373626709,-288.79998779296875
1763596428409,35.19358125591297,-97.43755632121507,325.6134821411222,4.294561862945557,-288.79998779296875
1763596428409,35.19358092440326,-97.43755394825088,325.613209304926,4.285728931427002,-288.70001220703125
1763596428409,35.19358055409507,-97.43755150973972,325.613258410621,4.275201797485352,-288.6000061035156
1763596428409,35.19358013085524,-97.43754916667632,325.6123462791858,4.267343521118164,-288.6000061035156
1763596428409,35.193579700575675,-97.43754701249681,325.61208284199154,4.274444580078125,-288.6000061035156
1763596428409,35.193579139330325,-97.43754452611272,325.6122403662084,4.271932125091553,-288.3999938964844
1763596429409,35.19357526837691,-97.43754211673415,325.64642672431637,4.262565612792969,-288.0
1763596429409,35.193574556932134,-97.43753976163768,325.64792267996734,4.246881484985352,-287.79998779296875
1763596429409,35.193573838253265,-97.4375375562386,325.64830221854027,4.229216575622559,-287.79998779296875
1763596429409,35.19357305621751,-97.43753535984455,325.6482009530196,4.215106010437012,-287.79998779296875
1763596429409,35.193572189381406,-97.43753311090127,325.6480695167322,4.204645156860352,-287.79998779296875
1763596429409,35.19357126899927,-97.4375308143777,325.64729593656745,4.200683116912842,-287.79998779296875
1763596429409,35.193570385357155,-97.4375286573895,325.64672371986285,4.198000431060791,-287.79998779296875
1763596429409,35.193569502614274,-97.43752654993527,325.64603270860863,4.197709560394287,-287.79998779296875
1763596429409,35.19356856571574,-97.43752447526028,325.644533581781,4.194163799285889,-287.79998779296875
1763596429409,35.19356755321648,-97.43752230930811,325.6434803668491,4.1849236488342285,-287.79998779296875
1763596429409,35.193566524591226,-97.43752022824326,325.6427276961684,4.176281929016113,-287.79998779296875
1763596429409,35.193565583345766,-97.4375183186009,325.64162875681683,4.169384479522705,-287.79998779296875
1763596429409,35.19356441088618,-97.43751615874581,325.63945034242386,4.157906532287598,-287.79998779296875
1763596429409,35.1935632479574,-97.43751413813993,325.6378189126469,4.147554874420166,-287.79998779296875
1763596429409,35.193562061391,-97.43751222164683,325.63555106915436,4.141532897949219,-287.79998779296875
1763596429409,35.193560837464396,-97.43751026029528,325.63371687124896,4.146360874176025,-287.79998779296875
1763596429409,35.193559602902326,-97.437508321182,325.63222610604777,4.161120891571045,-287.79998779296875
1763596429409,35.193558340996375,-97.43750643116134,325.6308452080934,4.166718006134033,-287.79998779296875
1763596429409,35.193557051510666,-97.43750461459182,325.62943227559794,4.165791988372803,-287.79998779296875
1763596429409,35.19355576129091,-97.43750284409741,325.62765643680945,4.160699367523193,-287.79998779296875
1763596430409,35.19355221345465,-97.4375044697886,325.5993747940787,4.163448810577393,-287.79998779296875
1763596430409,35.193550674833375,-97.43750284303691,325.59588608079866,4.165703296661377,-287.79998779296875
1763596430409,35.193549235606746,-97.43750135873731,325.59403580146704,4.172975540161133,-287.79998779296875
1763596430409,35.19354774209082,-97.43749990224227,325.59332508122276,4.178558349609375,-287.79998779296875
1763596430409,35.19354607652617,-97.43749839880604,325.59273281794367,4.183797359466553,-287.79998779296875
1763596430409,35.19354441838952,-97.43749700123695,325.59156282294697,4.185034275054932,-287.79998779296875
1763596430409,35.19354276392885,-97.43749570263232,325.5901442958485,4.184691905975342,-287.79998779296875
1763596430409,35.19354108898772,-97.43749441641089,325.58874269879334,4.173919677734375,-287.79998779296875
1763596430409,35.19353939857039,-97.43749318579076,325.587900287396,4.1714372634887695,-287.79998779296875
1763596430409,35.19353764998614,-97.43749199121771,325.5867213611325,4.173013210296631,-287.79998779296875
1763596430409,35.19353591823235,-97.43749086872928,325.5855434168696,4.174220085144043,-287.79998779296875
1763596430409,35.193534124096225,-97.43748976107621,325.5848150488428,4.169295787811279,-287.79998779296875
1763596430409,35.1935323315374,-97.43748875345534,325.58312312916604,4.162322998046875,-287.79998779296875
1763596430409,35.19353053342739,-97.4374877999029,325.5816911733354,4.1549553871154785,-287.79998779296875
1763596430409,35.19352867522606,-97.43748685752767,325.58130272716164,4.156985759735107,-287.79998779296875
1763596430409,35.19352696143961,-97.43748604084824,325.5805502920869,4.164183139801025,-287.79998779296875
1763596430409,35.193524930384356,-97.43748515401543,325.5796111013069,4.165012359619141,-287.79998779296875
1763596430409,35.19352305796765,-97.43748436811092,325.57921566679744,4.162716865539551,-287.79998779296875
1763596430409,35.193521140402034,-97.43748363904608,325.57817889140017,4.162484169006348,-287.79998779296875
1763596430409,35.19351922195533,-97.43748292800221,325.577138212437,4.158143043518066,-287.79998779296875
1763596431409,35.19351693298094,-97.43748545785539,325.6724417140708,4.153418064117432,-287.79998779296875
1763596431409,35.19351488699715,-97.43748495054699,325.6715359838039,4.15456485748291,-287.79998779296875
1763596431409,35.19351306703617,-97.43748453413754,325.67106521795193,4.157697677612305,-287.79998779296875
1763596431409,35.19351104866187,-97.43748416521164,325.6710552400736,4.161219596862793,-287.79998779296875
1763596431409,35.19350905490836,-97.43748385827017,325.6708649457713,4.148134231567383,-287.79998779296875
1763596431409,35.19350706497812,-97.43748360189039,325.6700608454552,4.140296459197998,-287.79998779296875
1763596431409,35.193505057006774,-97.43748340242836,325.66880604631314,4.138889789581299,-287.79998779296875
1763596431409,35.193503057753524,-97.43748323030604,325.66801314309885,4.145300388336182,-287.79998779296875
1763596431409,35.1935010825071,-97.43748313081505,325.667235627053,4.150854587554932,-287.79998779296875
1763596431409,35.19349910047409,-97.43748309303335,325.66681828123336,4.149604320526123,-287.79998779296875
1763596431409,35.193497098394815,-97.43748313582893,325.6666827519881,4.143196105957031,-287.79998779296875
1763596431409,35.193495068522395,-97.43748325689076,325.6667550526992,4.143224239349365,-287.79998779296875
1763596431409,35.19349313530054,-97.43748342359305,325.66649926250767,4.143368244171143,-287.79998779296875
1763596431409,35.19349114000915,-97.43748364899896,325.6663708883685,4.140298366546631,-287.79998779296875
1763596431409,35.19348914851268,-97.43748393257425,325.66655965051456,4.134823799133301,-287.79998779296875
1763596431409,35.1934871680312,-97.4374842709912,325.66682998319783,4.1326446533203125,-287.79998779296875
1763596431409,35.19348519623576,-97.43748469062386,325.6674905211203,4.134594917297363,-287.79998779296875
1763596431409,35.19348327664495,-97.43748515484127,325.6680310576585,4.133601188659668,-287.79998779296875
1763596431409,35.19348129650465,-97.43748571298374,325.6687273034494,4.128707408905029,-287.79998779296875
1763596431409,35.19347936722069,-97.43748629853215,325.6692053759575,4.126372814178467,-287.79998779296875
1763596432409,35.193480071072116,-97.43749195260507,325.6541103223052,4.121054172515869,-287.79998779296875
1763596432409,35.193478227147914,-97.43749279519936,325.65496606048697,4.113629341125488,-287.79998779296875
1763596432409,35.193476435542884,-97.4374936606601,325.6559041586857,4.114563465118408,-287.79998779296875
1763596432409,35.19347461823593,-97.43749459134781,325.6581345500591,4.111754894256592,-287.79998779296875
1763596432409,35.19347285763916,-97.43749555276264,325.6598418497391,4.112602710723877,-287.79998779296875
1763596432409,35.19347104086563,-97.43749660749741,325.66109593369407,4.107429504394531,-287.79998779296875
1763596432409,35.193469236122546,-97.43749771658617,325.66212238444285,4.100399017333984,-287.79998779296875
1763596432409,35.193467532443776,-97.43749881322088,325.66367302761614,4.095601558685303,-287.79998779296875
1763596432409,35.19346583921199,-97.43749995575976,325.6655341613689,4.0913567543029785,-287.79998779296875
1763596432409,35.19346413896639,-97.43750116540534,325.6678611147393,4.0950517654418945,-287.79998779296875
1763596432409,35.19346246814891,-97.4375024434491,325.6704745581446,4.0955657958984375,-287.79998779296875
1763596432409,35.19346079441304,-97.43750380136339,325.6732634162148,4.080605983734131,-287.79998779296875
1763596432409,35.193459172062965,-97.43750519199224,325.6763259075752,4.074028968811035,-287.79998779296875
1763596432409,35.193457628738486,-97.43750657524356,325.679183553727,4.06727409362793,-287.79998779296875
1763596432409,35.19345604323471,-97.43750808302012,325.68239532083436,4.066395282745361,-287.79998779296875
1763596432409,35.193454514165495,-97.43750957317549,325.68611004490197,4.0664567947387695,-287.79998779296875
1763596432409,35.19345299228969,-97.43751113025496,325.6897302275371,4.060472011566162,-287.79998779296875
1763596432409,35.19345153556696,-97.4375127119815,325.6933668304853,4.057037353515625,-287.79998779296875
1763596432409,35.19345009185194,-97.43751436637741,325.69670047854515,4.046095371246338,-287.79998779296875
1763596432409,35.19344870179899,-97.43751601092187,325.70024557918356,4.042343616485596,-287.79998779296875
1763596433409,35.193450384123565,-97.43751875689682,325.71031451432737,4.035778045654297,-287.79998779296875
1763596433409,35.193449121646765,-97.4375205318749,325.71413133342827,4.030359745025635,-287.79998779296875
1763596433409,35.193447909790706,-97.43752231132255,325.7187087923425,4.024276256561279,-287.79998779296875
1763596433409,35.19344669066444,-97.43752413495329,325.7236637934489,4.0123209953308105,-287.79998779296875
1763596433409,35.193445510057245,-97.43752601637016,325.7274333967732,4.004327297210693,-287.79998779296875
1763596433409,35.19344439757622,-97.43752791111854,325.73028394360824,3.997241973876953,-287.79998779296875
1763596433409,35.19344331211721,-97.4375298555746,325.7329961046636,3.988940715789795,-287.79998779296875
1763596433409,35.19344225903413,-97.4375317990329,325.73585756462506,3.9800052642822266,-287.79998779296875
1763596433409,35.1934412386917,-97.43753378185161,325.73815632158625,3.9757392406463623,-287.79998779296875
1763596433409,35.19344026539462,-97.43753580106802,325.7397691678201,3.9704172611236572,-287.79998779296875
1763596433409,35.19343931506951,-97.43753791832526,325.7420450899516,3.9650185108184814,-287.79998779296875
1763596433409,35.19343843468905,-97.43753995370142,325.7451074777964,3.963486909866333,-287.79998779296875
1763596433409,35.19343759983588,-97.4375420191156,325.7478150827667,3.9571492671966553,-287.79998779296875
1763596433409,35.193436761327035,-97.43754415935442,325.75046311186645,3.9518256187438965,-287.79998779296875
1763596433409,35.19343596841511,-97.43754629839843,325.75304080956,3.9396164417266846,-287.79998779296875
1763596433409,35.19343518604151,-97.43754848080658,325.75552543983247,3.9372944831848145,-287.79998779296875
1763596433409,35.19343447177153,-97.43755056740387,325.7580458758292,3.9347352981567383,-287.79998779296875
1763596433409,35.19343383301382,-97.43755252362688,325.7606113677539,3.930039644241333,-287.79998779296875
1763596433409,35.19343314395208,-97.43755486109511,325.76418655804054,3.921961545944214,-287.79998779296875
1763596433409,35.19343250126047,-97.4375571393943,325.76686290426744,3.92214035987854,-287.79998779296875
1763596434409,35.193434748102256,-97.4375584622268,325.6498263904876,3.9124786853790283,-287.79998779296875
1763596434409,35.19343430873103,-97.43756066216906,325.6511590075193,3.9037818908691406,-287.79998779296875
1763596434409,35.19343389195051,-97.43756287873903,325.6527276999922,3.901127576828003,-287.79998779296875
1763596434409,35.19343353472355,-97.43756513256419,325.65517705023376,3.9018948078155518,-287.79998779296875
1763596434409,35.19343323575027,-97.43756737827078,325.6581963643099,3.8960373401641846,-287.79998779296875
1763596434409,35.19343298211552,-97.43756960430385,325.66127860292136,3.8931798934936523,-287.79998779296875
1763596434409,35.19343275653763,-97.43757195794296,325.6654749469959,3.8839123249053955,-287.79998779296875
1763596434409,35.19343257054851,-97.4375743617963,325.6692365427037,3.8774194717407227,-287.79998779296875
1763596434409,35.19343240627656,-97.43757657735803,325.6721493154435,3.8772683143615723,-287.79998779296875
1763596434409,35.19343228570823,-97.43757879414285,325.6748338273743,3.8817408084869385,-287.79998779296875
1763596434409,35.193432216024426,-97.43758110385218,325.6775226289862,3.881387710571289,-287.79998779296875
1763596434409,35.19343219326643,-97.43758341329146,325.68082482202925,3.875420093536377,-287.79998779296875
1763596434409,35.19343220136189,-97.43758562722203,325.6836610353208,3.8730361461639404,-287.79998779296875
1763596434409,35.19343225804898,-97.43758786860437,325.6867059729084,3.8725149631500244,-287.79998779296875
1763596434409,35.19343235095936,-97.43758996806386,325.689320482519,3.869560956954956,-287.70001220703125
1763596434409,35.19343250257925,-97.43759240055105,325.6920031937058,3.86712384223938,-287.5
1763596434409,35.19343268191012,-97.43759469064534,325.6941404589837,3.8614437580108643,-286.70001220703125
1763596434409,35.19343288280448,-97.43759689538838,325.6960713125143,3.8618056774139404,-284.79998779296875
1763596434409,35.193433112669226,-97.43759897035594,325.6982493867602,3.860644817352295,-282.1000061035156
1763596434409,35.193433463807516,-97.4376014052084,325.7009276148848,3.8583076000213623,-275.5
1763596435409,35.19343675408455,-97.43760232691514,325.7374258424863,3.8543663024902344,-267.1000061035156
1763596435409,35.19343721739536,-97.4376045249514,325.73985705176096,3.854950189590454,-260.29998779296875
1763596435409,35.19343770110218,-97.43760665600104,325.74197672944825,3.8581643104553223,-251.8000030517578
1763596435409,35.19343821462407,-97.43760883541668,325.74452495319815,3.8576114177703857,-243.8000030517578
1763596435409,35.19343873226984,-97.4376109491735,325.74712976196344,3.857053756713867,-238.1999969482422
1763596435409,35.19343927838718,-97.43761315530696,325.7494590099832,3.8542239665985107,-230.1999969482422
1763596435409,35.19343983486005,-97.4376152863422,325.75262969842,3.852623701095581,-224.10000610351562
1763596435409,35.19344040617248,-97.43761746918426,325.75580964353543,3.8531246185302734,-217.6999969482422
1763596435409,35.1934409463947,-97.43761957453115,325.75799150089364,3.846353054046631,-209.8000030517578
1763596435409,35.19344152362679,-97.43762170614943,325.7598793559681,3.8340630531311035,-200.5
1763596435409,35.19344212859871,-97.43762386204054,325.76215394759555,3.816580295562744,-190.1999969482422
1763596435409,35.19344278788522,-97.43762602895296,325.7641778875813,3.797900676727295,-179.1999969482422
1763596435409,35.193443402397605,-97.43762804092646,325.7655318258693,3.783655881881714,-167.3000030517578
1763596435409,35.19344407602003,-97.43763013556303,325.76691921899686,3.7611327171325684,-154.60000610351562
1763596435409,35.19344477238032,-97.43763218664441,325.7686089338582,3.7444570064544678,-141.8000030517578
1763596435409,35.19344547205915,-97.43763423459534,325.7698704053663,3.7320556640625,-129.10000610351562
1763596435409,35.193446187935265,-97.43763627755158,325.77160327936065,3.7330162525177,-115.69999694824219
1763596435409,35.19344688535302,-97.43763828596732,325.77332281207754,3.748615026473999,-101.0
1763596435409,35.193447586752896,-97.4376402963335,325.7749401447898,3.761176109313965,-86.9000015258789
1763596435409,35.193448291083904,-97.43764237113135,325.7763982538033,3.775850296020508,-74.30000305175781
1763596436409,35.193449573497205,-97.43764377931008,325.7563511032184,3.7937862873077393,-63.70000076293945
1763596436409,35.19345027075877,-97.43764588077764,325.7562536650012,3.816413402557373,-54.20000076293945
1763596436409,35.19345093453924,-97.43764796511444,325.75616615372303,3.8436381816864014,-45.099998474121094
1763596436409,35.193451613247625,-97.43765013785458,325.75616199757525,3.8703341484069824,-34.79999923706055
1763596436409,35.19345227804817,-97.43765230498984,325.75630798387385,3.887723922729492,-22.200000762939453
1763596436409,35.19345293325576,-97.43765448314385,325.75576488515856,3.8945159912109375,-8.399999618530273
1763596436409,35.1934536247299,-97.43765663871828,325.75669492863017,3.897291898727417,8.199999809265137
1763596436409,35.19345431338254,-97.43765875997346,325.7573392022626,3.9001529216766357,18.299999237060547
1763596436409,35.19345504133411,-97.43766079549542,325.75840480939775,3.8973703384399414,29.100000381469727
1763596436409,35.193455752354716,-97.437662891295,325.76015670457116,3.899491548538208,37.79999923706055
1763596436409,35.19345643944956,-97.43766501693639,325.7630372579403,3.905275583267212,45.0
1763596436409,35.19345709842529,-97.43766710691484,325.76528207637114,3.9119873046875,52.70000076293945
1763596436409,35.193457700822734,-97.43766925013055,325.7676560011119,3.9270436763763428,61.70000076293945
1763596436409,35.19345827622052,-97.43767143266447,325.77061468054364,3.94289493560791,74.30000305175781
1763596436409,35.193458850177194,-97.43767362381732,325.77443178623344,3.9475903511047363,83.69999694824219
1763596436409,35.19345938857789,-97.4376758531109,325.776392160191,3.9518632888793945,95.5999984741211
1763596436409,35.193459886726345,-97.43767809731732,325.7770351212405,3.9457480907440186,109.9000015258789
1763596436409,35.19346036444649,-97.43768032765362,325.77616151610204,3.945424795150757,119.5
1763596436409,35.19346080233114,-97.4376825562099,325.77506518530566,3.9440665245056152,131.1999969482422
1763596436409,35.193461207515476,-97.43768486935058,325.7743903923562,3.9320356845855713,142.6999969482422
1763596437409,35.19346118934538,-97.43768433399993,325.7858832193538,3.916038751602173,154.0
1763596437409,35.19346146234943,-97.43768640922129,325.78719270892356,3.896397352218628,161.10000610351562
1763596437409,35.193461706495874,-97.43768857116159,325.7895128303546,3.880861520767212,165.1999969482422
1763596437409,35.19346190593997,-97.43769077102105,325.79226619091844,3.864535331726074,168.60000610351562
1763596437409,35.193462064468314,-97.43769297579978,325.79529294791206,3.8491718769073486,171.39999389648438
1763596437409,35.193462192075394,-97.43769521513337,325.7990971060772,3.831195831298828,174.5
1763596437409,35.19346229097641,-97.43769744184439,325.80220177386997,3.8100147247314453,178.8000030517578
1763596437409,35.19346236527799,-97.43769955258807,325.805616626697,3.8028697967529297,181.89999389648438
1763596437409,35.19346242375362,-97.43770183414422,325.80958866026975,3.7979555130004883,187.0
1763596437409,35.19346245841933,-97.43770396620081,325.8131430564189,3.788860321044922,190.5
1763596437409,35.19346247275846,-97.43770618211512,325.81649608869265,3.781071901321411,194.60000610351562
1763596437409,35.19346244842214,-97.43770835094092,325.82005473382173,3.771428108215332,198.1999969482422
1763596437409,35.19346238820521,-97.43771047268828,325.82409017985015,3.757530927658081,199.89999389648438
1763596437409,35.193462288752,-97.43771266014511,325.82839074411146,3.7472286224365234,200.89999389648438
1763596437409,35.19346216288053,-97.43771480625432,325.8325799105711,3.7464041709899902,201.3000030517578
1763596437409,35.19346199132372,-97.43771700405651,325.83741847555933,3.7461023330688477,202.39999389648438
1763596437409,35.19346178251016,-97.43771914286496,325.8417425119968,3.7403154373168945,205.3000030517578
1763596437409,35.19346153251476,-97.43772131737971,325.84566917352623,3.7426578998565674,209.60000610351562
1763596437409,35.19346125805623,-97.4377234869732,325.8502830687645,3.7455389499664307,213.89999389648438
1763596437409,35.193460966445706,-97.43772562432744,325.855375618077,3.747016429901123,216.6999969482422
1763596437409,35.193460647636144,-97.43772774559496,325.8611091133757,3.7469656467437744,218.3000030517578
1763596437409,35.19346029810507,-97.43772985715596,325.8663849884233,3.7501003742218018,218.39999389648438
1763596438409,35.19346018038836,-97.4377293008095,325.8508186225187,3.752068042755127,218.39999389648438
1763596438409,35.193459773209284,-97.43773129188322,325.8564753543644,3.7529146671295166,218.39999389648438
1763596438409,35.19345929760563,-97.43773344064638,325.8632086988849,3.748605489730835,218.39999389648438
1763596438409,35.19345881652285,-97.43773544543666,325.86947473902995,3.7403292655944824,218.39999389648438
1763596438409,35.193458308516426,-97.43773740004386,325.8760694643251,3.7395873069763184,218.39999389648438
1763596438409,35.19345776132346,-97.43773938088931,325.8827121871853,3.743295431137085,218.39999389648438
1763596438409,35.19345718451884,-97.43774136171537,325.88942400442363,3.7420413494110107,218.3000030517578
1763596438409,35.19345659215781,-97.43774329315451,325.89591926269,3.743316411972046,217.6999969482422
1763596438409,35.19345596662525,-97.43774525298834,325.90274355811306,3.7525362968444824,215.8000030517578
1763596438409,35.19345533370253,-97.43774715257942,325.9094798189379,3.7621443271636963,213.6999969482422
1763596438409,35.19345466652943,-97.43774908182414,325.91706676035045,3.7696568965911865,212.8000030517578
1763596438409,35.19345397603803,-97.4377510032725,325.9247319660479,3.77470326423645,212.8000030517578
1763596438409,35.193453272304616,-97.43775289599118,325.9317363023557,3.776933193206787,212.8000030517578
1763596438409,35.19345252368597,-97.43775483773727,325.9388499351916,3.777202606201172,212.8000030517578
1763596438409,35.19345175920072,-97.43775674465024,325.94559044939206,3.778639316558838,212.60000610351562
1763596438409,35.19345099792997,-97.4377585761578,325.9516886735067,3.7942726612091064,211.89999389648438
1763596438409,35.19345017866237,-97.43776046790003,325.95785696755223,3.807696580886841,210.89999389648438
1763596438409,35.1934493503999,-97.43776230754261,325.96380851963664,3.8275868892669678,209.39999389648438
1763596438409,35.19344847114072,-97.43776418596151,325.96977792729064,3.8436951637268066,207.8000030517578
1763596439409,35.19344732790415,-97.43776607568367,325.9368685378094,3.8607633113861084,205.6999969482422
1763596439409,35.19344663573989,-97.43776739464091,325.94094971029847,3.868636131286621,204.6999969482422
1763596439409,35.19344571045031,-97.43776908967897,325.94591231003517,3.878551483154297,203.1999969482422
1763596439409,35.19344468287369,-97.43777089942934,325.95147400269434,3.8985142707824707,201.1999969482422
1763596439409,35.19344366383268,-97.43777262335878,325.9568528856574,3.908419132232666,200.39999389648438
1763596439409,35.19344261177255,-97.43777433538047,325.96238588682814,3.9184391498565674,200.0
1763596439409,35.19344152828648,-97.43777604549128,325.9684626817741,3.9256389141082764,200.0
1763596439409,35.19344046978066,-97.43777767397792,325.97402355418956,3.9346120357513428,200.0
1763596439409,35.19343931382715,-97.43777939998287,325.98016798710717,3.9486074447631836,200.10000610351562
1763596439409,35.1934381997649,-97.43778101073185,325.98586121942265,3.9569807052612305,200.0
1763596439409,35.193437075073646,-97.43778260261612,325.9915897757727,3.9647812843322754,200.0
1763596439409,35.19343592379472,-97.43778418611933,325.99760822473576,3.9750049114227295,200.0
1763596439409,35.19343472290975,-97.43778578642677,326.0035465383964,3.9842095375061035,199.5
1763596439409,35.193433534778855,-97.43778731406306,326.00910642613655,3.9894611835479736,197.5
1763596439409,35.193432289747854,-97.43778884895366,326.01526135196315,3.9978466033935547,191.10000610351562
1763596439409,35.193431131009035,-97.43779023423893,326.02093041855863,4.006013870239258,185.6999969482422
1763596439409,35.19342978498213,-97.43779177558402,326.0276679294845,4.007245063781738,178.60000610351562
1763596439409,35.193428491269366,-97.43779322732537,326.033570106742,4.014727592468262,171.1999969482422
1763596439409,35.193427185422706,-97.43779466867124,326.0402100500557,4.0205230712890625,163.5
1763596439409,35.193425988307894,-97.43779597455324,326.0466260745928,4.029341220855713,155.60000610351562
1763596439409,35.19342455896849,-97.43779750762704,326.05533207393864,4.0344672203063965,145.6999969482422
1763596440409,35.19342308690537,-97.43779931962513,326.03244307691375,4.044380187988281,138.10000610351562
1763596440409,35.19342173623069,-97.43780071945908,326.04182160255016,4.054155349731445,126.9000015258789
1763596440409,35.19342041815991,-97.43780206851169,326.0505469462851,4.052966117858887,113.9000015258789
1763596440409,35.1934190725303,-97.43780342639155,326.05931037434874,4.052895545959473,99.0999984741211
1763596440409,35.19341767916401,-97.43780483018928,326.06882038270436,4.056847095489502,82.19999694824219
1763596440409,35.19341637186404,-97.43780617444591,326.07735345901824,4.063096523284912,63.20000076293945
1763596440409,35.193415015417244,-97.43780757810661,326.08558896878634,4.065718173980713,43.70000076293945
1763596440409,35.193413700709115,-97.43780895508593,326.0939944383878,4.06685733795166,20.700000762939453
1763596440409,35.19341233492104,-97.43781038867508,326.10292304212993,4.070188999176025,1.0
1763596440409,35.193411050519636,-97.43781180642252,326.1106772565693,4.0743408203125,-14.600000381469727
1763596440409,35.193409775057354,-97.4378132141109,326.11949535830695,4.074527263641357,-33.5
1763596440409,35.19340861359709,-97.43781450513781,326.1281027210477,4.074728965759277,-51.599998474121094
1763596440409,35.19340724261027,-97.4378160438609,326.1393183601335,4.068118095397949,-68.4000015258789
1763596440409,35.193405998617685,-97.43781750191279,326.14803965119836,4.066131591796875,-84.0999984741211
1763596440409,35.193404785480624,-97.43781902740926,326.1564820258871,4.068997859954834,-98.69999694824219
1763596440409,35.193403640852026,-97.43782055983097,326.16539239771737,4.07973575592041,-112.5
1763596440409,35.19340252585359,-97.43782213199947,326.17440678499696,4.088623523712158,-126.0999984741211
1763596440409,35.193401416111634,-97.43782375247908,326.18474895384094,4.090728282928467,-139.8000030517578
1763596440409,35.19340035385495,-97.43782541264652,326.19562402419365,4.087416648864746,-154.1999969482422
1763596440409,35.19339945778016,-97.43782692417216,326.20427089291763,4.080648899078369,-165.39999389648438
1763596441409,35.19339755286426,-97.43783091648069,326.09505024840047,4.070201873779297,-182.6999969482422
1763596441409,35.1933965959897,-97.43783270223777,326.10242068756406,4.061709880828857,-192.3000030517578
1763596441409,35.19339568556833,-97.43783453758476,326.1085195987145,4.049010753631592,-203.60000610351562
1763596441409,35.19339480823221,-97.43783643479314,326.11424560546885,4.047473907470703,-214.5
1763596441409,35.193393989073314,-97.43783834378335,326.12025375912816,4.046041965484619,-226.1999969482422
1763596441409,35.19339325228903,-97.43784021667418,326.1259378603594,4.043107509613037,-233.3000030517578
1763596441409,35.19339255067995,-97.43784215803771,326.1322549516483,4.039279937744141,-241.3000030517578
1763596441409,35.19339189876699,-97.43784417659892,326.13851423212725,4.033573150634766,-248.89999389648438
1763596441409,35.1933913251108,-97.43784613821704,326.14443320434344,4.0231523513793945,-255.6999969482422
1763596441409,35.19339079782971,-97.43784814993171,326.1502663436397,3.998892068862915,-262.1000061035156
1763596441409,35.193390336448076,-97.43785013854595,326.1561964869974,3.9923012256622314,-265.6000061035156
1763596441409,35.193389946173006,-97.43785202762746,326.16208390384855,3.994198799133301,-268.79998779296875
1763596441409,35.1933895424154,-97.43785423091585,326.16901838141575,3.995960235595703,-271.0
1763596441409,35.19338921128488,-97.437856241274,326.1753103123554,3.996781826019287,-272.3999938964844
1763596441409,35.193388911006004,-97.43785832667892,326.18101930693877,3.9876575469970703,-273.20001220703125
1763596441409,35.19338864820367,-97.4378603608869,326.1854442323685,3.971367835998535,-273.20001220703125
1763596441409,35.19338842568455,-97.4378623617491,326.19021359853,3.9504289627075195,-272.20001220703125
1763596441409,35.193388231654026,-97.43786444650968,326.1955755472828,3.9295034408569336,-267.79998779296875
1763596441409,35.19338809608286,-97.43786635649106,326.2000702093664,3.9090688228607178,-259.6000061035156
1763596442409,35.19338705600858,-97.43787197144665,326.14539178217234,3.8891541957855225,-234.6999969482422
1763596442409,35.19338700068382,-97.43787279218242,326.1478467452948,3.8856759071350098,-231.0
1763596442409,35.19338695811196,-97.43787481941014,326.1517784539109,3.872375726699829,-209.8000030517578
1763596442409,35.19338693367206,-97.43787689228141,326.15583486030465,3.8608171939849854,-184.3000030517578
1763596442409,35.19338689960157,-97.43787900894891,326.1599234491746,3.8494608402252197,-154.89999389648438
1763596442409,35.193386848412146,-97.43788098796297,326.16342251062946,3.8420870304107666,-123.4000015258789
1763596442409,35.19338677268975,-97.43788296252899,326.1668338920928,3.829357147216797,-90.69999694824219
1763596442409,35.1933866639348,-97.4378851096331,326.1706307182126,3.8046863079071045,-60.0
1763596442409,35.19338652190355,-97.43788710819403,326.17474628917176,3.7933499813079834,-30.299999237060547
1763596442409,35.19338637413439,-97.43788915373953,326.1785688802921,3.7882423400878906,-2.5
1763596442409,35.19338617139437,-97.43789115468964,326.18302797889487,3.7670810222625732,23.700000762939453
1763596442409,35.19338592103094,-97.43789309115269,326.18613139146385,3.7475056648254395,45.5
1763596442409,35.193385669291615,-97.43789500606725,326.188050431426,3.7409157752990723,65.4000015258789
1763596442409,35.193385321938536,-97.43789705197749,326.191224730834,3.733665943145752,87.69999694824219
1763596442409,35.19338496306882,-97.43789892598886,326.1933888573966,3.7294888496398926,99.9000015258789
1763596442409,35.193384585066426,-97.43790077686282,326.1963260184993,3.713961124420166,113.80000305175781
1763596442409,35.1933841515058,-97.43790273183713,326.1992568982745,3.7028145790100098,131.1999969482422
1763596442409,35.19338371393227,-97.43790456609929,326.2022636968802,3.6908931732177734,153.8000030517578
1763596442409,35.19338323036122,-97.43790643103247,326.2062328380609,3.68265438079834,169.0
1763596442409,35.19338269854276,-97.4379083108815,326.21039925949026,3.675922393798828,188.0
1763596442409,35.193382131749075,-97.4379101273801,326.21503401351663,3.6676530838012695,208.1999969482422
1763596443409,35.19338075983916,-97.43791391359876,326.1611590117014,3.6649160385131836,224.60000610351562
1763596443409,35.193380089951305,-97.43791563475689,326.1654750458347,3.6559133529663086,238.39999389648438
1763596443409,35.19337935657534,-97.43791735151943,326.1701910009512,3.641861915588379,254.89999389648438
1763596443409,35.1933785750291,-97.43791902434873,326.1751380915101,3.6343209743499756,270.6000061035156
1763596443409,35.19337774109743,-97.43792067149329,326.18073629886834,3.6216917037963867,288.3999938964844
1763596443409,35.19337686678638,-97.43792225767696,326.1866863427506,3.612077474594116,301.70001220703125
1763596443409,35.19337594361525,-97.43792379802079,326.1927155075061,3.600437879562378,313.20001220703125
1763596443409,35.19337499441382,-97.43792525677596,326.1987722537087,3.5875675678253174,320.6000061035156
1763596443409,35.1933739510131,-97.4379267399619,326.2054905878793,3.573939085006714,327.8999938964844
1763596443409,35.19337291348459,-97.43792810700647,326.2118116472479,3.5625860691070557,333.3999938964844
1763596443409,35.19337184915957,-97.43792942194047,326.21872491638754,3.551239013671875,337.70001220703125
1763596443409,35.19337074348347,-97.4379306932664,326.2256009330993,3.5405311584472656,341.70001220703125
1763596443409,35.193369597880974,-97.43793192135982,326.2320693332574,3.5312139987945557,346.3999938964844
1763596443409,35.19336843747725,-97.43793309116789,326.23882552836034,3.5236129760742188,350.6000061035156
1763596443409,35.19336723875197,-97.43793423236792,326.24605617014464,3.5171706676483154,354.3999938964844
1763596443409,35.193366007498234,-97.43793532692696,326.2535022531784,3.5166962146759033,357.1000061035156
1763596443409,35.19336475628985,-97.43793636445001,326.26162921159874,3.5163869857788086,359.6000061035156
1763596443409,35.19336346402755,-97.4379373519433,326.2697729947832,3.5188472270965576,360.6000061035156
1763596443409,35.193362142807004,-97.43793828625022,326.2782222932292,3.5177717208862305,360.70001220703125
1763596443409,35.19336080446255,-97.43793915378686,326.28696227112084,3.5176331996917725,360.70001220703125
1763596444409,35.19335912399458,-97.43794095245227,326.2260653987821,3.5174508094787598,360.70001220703125
1763596444409,35.19335773593453,-97.43794175213144,326.23516021783695,3.514007568359375,360.70001220703125
1763596444409,35.19335633823465,-97.4379425067353,326.24457879489813,3.5121827125549316,360.8999938964844
1763596444409,35.193354919380376,-97.43794320719921,326.253579412011,3.5109691619873047,361.79998779296875
1763596444409,35.193353609268016,-97.43794381778605,326.2613827259993,3.511136054992676,363.70001220703125
1763596444409,35.1933520521003,-97.437944474365,326.27020355968926,3.5105555057525635,366.6000061035156
1763596444409,35.19335073523616,-97.43794501909903,326.2770075819994,3.510586977005005,369.20001220703125
1763596444409,35.19334915177797,-97.4379456078165,326.28591106801446,3.510225534439087,373.20001220703125
1763596444409,35.19334763524638,-97.43794608215967,326.29459424227053,3.5087130069732666,376.5
1763596444409,35.1933461028275,-97.43794650377696,326.30318856204843,3.5104410648345947,378.79998779296875
1763596444409,35.19334462263901,-97.4379468704988,326.3114385829166,3.516113042831421,380.70001220703125
1763596444409,35.19334316084163,-97.43794719634323,326.3196128232623,3.5279479026794434,382.8999938964844
1763596444409,35.193341586107046,-97.43794746451216,326.3283850423236,3.5345475673675537,383.8999938964844
1763596444409,35.193340052378005,-97.43794765144843,326.33733746285003,3.538670301437378,384.5
1763596444409,35.193338527559476,-97.43794773276764,326.3464731962615,3.539677858352661,385.29998779296875
1763596444409,35.19333698407147,-97.43794776575896,326.35512161639514,3.5392303466796875,386.29998779296875
1763596444409,35.19333544296717,-97.43794772122081,326.36406214592165,3.5420374870300293,386.5
1763596444409,35.19333400849971,-97.43794762978538,326.37266582264203,3.551384925842285,386.5
1763596444409,35.193332348741166,-97.43794743164824,326.38342613545484,3.555577278137207,386.5
1763596444409,35.193330799192864,-97.43794721093745,326.3931621063465,3.555929183959961,386.5
1763596445409,35.193328631241286,-97.43794769208891,326.32455089259304,3.5577948093414307,386.5
1763596445409,35.19332709587437,-97.4379474295926,326.3335133786448,3.557053327560425,386.29998779296875
1763596445409,35.19332557098222,-97.43794706569187,326.3430343777254,3.553903579711914,386.0
1763596445409,35.193324066934444,-97.43794664871493,326.35266550975956,3.545105218887329,385.6000061035156
1763596445409,35.193322553003554,-97.43794613919032,326.3628982752234,3.53637433052063,384.70001220703125
1763596445409,35.19332109073905,-97.43794562553192,326.3725693428864,3.5300729274749756,382.5
1763596445409,35.19331962566932,-97.43794504601988,326.3813645142327,3.5260872840881348,378.70001220703125
1763596445409,35.19331814985424,-97.43794440845635,326.3902403268852,3.5244245529174805,369.29998779296875
1763596445409,35.19331670711556,-97.4379437165223,326.3991769427455,3.522287368774414,353.70001220703125
1763596445409,35.193315269229196,-97.43794305007943,326.40748855663566,3.5213444232940674,331.8999938964844
1763596445409,35.1933138942641,-97.43794235274302,326.41598901330036,3.512303113937378,302.8999938964844
1763596445409,35.193312516267625,-97.43794162078142,326.4239641721506,3.5148890018463135,281.79998779296875
1763596445409,35.19331113084817,-97.43794089268265,326.43299982019107,3.5219943523406982,256.8999938964844
1763596445409,35.19330981010578,-97.43794024455445,326.44200791286596,3.523090124130249,231.0
1763596445409,35.193308268077736,-97.43793948306319,326.45249308923326,3.5196800231933594,204.3000030517578
1763596445409,35.19330684410917,-97.43793894191543,326.4601495427268,3.519846200942993,176.3000030517578
1763596445409,35.19330540192274,-97.4379383472909,326.46768806611,3.5242326259613037,148.3000030517578
1763596445409,35.19330387089921,-97.4379378533954,326.47532841265405,3.5367817878723145,118.9000015258789
1763596445409,35.19330234549043,-97.4379373234179,326.48301551813455,3.546417713165283,88.80000305175781
1763596445409,35.19330080630221,-97.43793690819851,326.4916564696163,3.5610740184783936,51.70000076293945
1763596446409,35.193298878402224,-97.43793652363597,326.43337086659943,3.5682883262634277,24.899999618530273
1763596446409,35.193297362687645,-97.43793607607333,326.4398744917414,3.573424816131592,1.600000023841858
1763596446409,35.19329578085991,-97.43793567149704,326.4446121955087,3.5794689655303955,-28.0
1763596446409,35.19329422920685,-97.43793525325306,326.44920912829804,3.5914015769958496,-60.099998474121094
1763596446409,35.19329266570408,-97.43793482729866,326.45596886307055,3.599646806716919,-97.5999984741211
1763596446409,35.193291133313885,-97.43793443661819,326.4636383457017,3.6063315868377686,-121.0999984741211
1763596446409,35.19328958070153,-97.43793405715849,326.47272037288565,3.6195831298828125,-149.89999389648438
1763596446409,35.19328804439834,-97.43793376243558,326.48162627576403,3.6310582160949707,-178.10000610351562
1763596446409,35.19328648197638,-97.43793354487417,326.4914374317912,3.641885757446289,-204.39999389648438
1763596446409,35.193284948167666,-97.43793337674111,326.50168885731796,3.6545238494873047,-227.89999389648438
1763596446409,35.19328343916867,-97.43793326838406,326.51102447118785,3.6651601791381836,-252.89999389648438
1763596446409,35.19328200309013,-97.43793325704806,326.51983786115983,3.66831111907959,-271.1000061035156
1763596446409,35.19328051577309,-97.43793330572322,326.5288256001964,3.662614107131958,-288.1000061035156
1763596446409,35.19327911994267,-97.43793345169877,326.5371623442281,3.6589016914367676,-300.0
1763596446409,35.19327765744498,-97.43793365847856,326.5461043488905,3.6510798931121826,-312.1000061035156
1763596446409,35.19327620100646,-97.43793395686693,326.5552921267496,3.641716718673706,-322.8999938964844
1763596446409,35.19327478535126,-97.43793432511407,326.5643796017606,3.6358296871185303,-331.3999938964844
1763596446409,35.1932734859484,-97.43793470929417,326.5730950717309,3.625340700149536,-339.3999938964844
1763596446409,35.19327194941602,-97.43793523112927,326.5831916307435,3.606524705886841,-351.70001220703125
1763596447409,35.19326552314691,-97.43793662248817,326.5362964995842,3.601087808609009,-364.1000061035156
1763596447409,35.193265057489725,-97.43793682293447,326.54016361249825,3.601731538772583,-365.6000061035156
1763596447409,35.193263697237185,-97.43793756489951,326.54883653589735,3.603823184967041,-373.0
1763596447409,35.193262326481246,-97.43793837342776,326.55845854689176,3.597546339035034,-380.1000061035156
1763596447409,35.19326102347385,-97.43793921978899,326.56725533079657,3.585927724838257,-386.70001220703125
1763596447409,35.19325972143919,-97.43794014975994,326.5757161613882,3.572380781173706,-392.20001220703125
1763596447409,35.19325848294819,-97.43794112440415,326.58435542694787,3.562633991241455,-396.70001220703125
1763596447409,35.19325731133181,-97.4379421547461,326.5922605865324,3.556873083114624,-400.1000061035156
1763596447409,35.19325613760967,-97.4379432997572,326.6009065526502,3.545827865600586,-402.3999938964844
1763596447409,35.19325505315588,-97.43794448685934,326.60801606812413,3.5402748584747314,-403.0
1763596447409,35.19325396709488,-97.43794577367439,326.61476507721545,3.5347979068756104,-404.3999938964844
1763596447409,35.19325294918544,-97.43794703361758,326.62211156339544,3.532384157180786,-406.1000061035156
1763596447409,35.19325197130272,-97.43794836010872,326.6287552806741,3.526827812194824,-408.3999938964844
1763596447409,35.19325106566973,-97.43794968569772,326.6350377288058,3.5220205783843994,-409.6000061035156
1763596447409,35.1932501705966,-97.43795109496152,326.64140394118226,3.519545793533325,-409.70001220703125
1763596447409,35.193249284667694,-97.43795255762505,326.647563602102,3.5151753425598145,-409.70001220703125
1763596447409,35.1932484494774,-97.43795401723419,326.6535718120448,3.516083002090454,-409.79998779296875
1763596447409,35.193247661139814,-97.43795551334146,326.6601932622021,3.5135324001312256,-410.0
1763596447409,35.19324690866553,-97.43795707473983,326.6667864353301,3.509963035583496,-410.8999938964844
1763596447409,35.19324622439345,-97.43795870173618,326.6732890279969,3.5055735111236572,-412.8999938964844
1763596447409,35.19324557918638,-97.43796038062598,326.6798556958316,3.5044140815734863,-415.20001220703125
1763596448409,35.19324396230907,-97.43796196787972,326.6402498681027,3.503345489501953,-417.1000061035156
1763596448409,35.19324344272627,-97.43796346354533,326.64705373648735,3.503016233444214,-419.0
1763596448409,35.193242868102615,-97.43796530618222,326.6543420873045,3.5017716884613037,-420.1000061035156
1763596448409,35.19324241215127,-97.4379670261304,326.6608111422437,3.498382568359375,-420.5
1763596448409,35.193242054226516,-97.43796863881492,326.6665543988512,3.500072479248047,-420.6000061035156
1763596448409,35.19324169635345,-97.43797061771909,326.6724959605607,3.5050928592681885,-420.6000061035156
1763596448409,35.19324140753505,-97.43797240371684,326.67780078961033,3.5091183185577393,-420.70001220703125
1763596448409,35.19324116896774,-97.4379742554455,326.68223249646206,3.512078285217285,-420.8999938964844
1763596448409,35.19324098132124,-97.43797613880015,326.6857634816101,3.5217623710632324,-421.29998779296875
1763596448409,35.193240811303404,-97.43797795876753,326.6885087200101,3.529141426086426,-421.5
1763596448409,35.19324068895672,-97.43797963006563,326.6907322973922,3.5449843406677246,-421.8999938964844
1763596448409,35.193240622737825,-97.43798168456708,326.69437053629133,3.558248519897461,-422.5
1763596448409,35.19324055355534,-97.43798351397702,326.6972604445634,3.5661675930023193,-423.29998779296875
1763596448409,35.193240531863545,-97.4379854180466,326.7002709947906,3.57004714012146,-423.3999938964844
1763596448409,35.19324054921332,-97.43798735417273,326.703041626217,3.572561740875244,-423.3999938964844
1763596448409,35.193240577787144,-97.43798919721763,326.70576310464145,3.57753586769104,-423.3999938964844
1763596448409,35.19324062696528,-97.43799109125312,326.7085205590768,3.591269016265869,-423.3999938964844
1763596448409,35.19324066700404,-97.43799301958074,326.71129395220873,3.600111484527588,-423.3999938964844
1763596448409,35.193240770930394,-97.43799490546986,326.71386252796873,3.610761880874634,-423.3999938964844
1763596448409,35.193240954747374,-97.43799681942384,326.7152950137668,3.6246869564056396,-423.3999938964844
1763596449409,35.19323613883662,-97.43799852921052,326.74425689691844,3.6393840312957764,-423.3999938964844
1763596449409,35.19323656698466,-97.43800039646878,326.74627630799023,3.650712728500366,-423.3999938964844
1763596449409,35.19323708765398,-97.43800231342006,326.747724054924,3.6554131507873535,-423.3999938964844
1763596449409,35.19323767628379,-97.43800423853807,326.74944752146973,3.663957118988037,-423.3999938964844
1763596449409,35.193238320207186,-97.43800610987059,326.75038255740003,3.675684690475464,-423.3999938964844
1763596449409,35.19323899451412,-97.4380079369228,326.75108364695,3.6888630390167236,-423.3999938964844
1763596449409,35.193239773391205,-97.43800983993174,326.75235176542293,3.699631929397583,-423.3999938964844
1763596449409,35.193240561225515,-97.43801162131388,326.7528867909117,3.7181172370910645,-423.3999938964844
1763596449409,35.19324136075993,-97.43801335811261,326.75335776469444,3.7299489974975586,-423.3999938964844
1763596449409,35.19324229514416,-97.43801521866428,326.75374977478725,3.7377026081085205,-423.3999938964844
1763596449409,35.193243251518346,-97.43801691582686,326.75381434676046,3.7471566200256348,-423.3999938964844
1763596449409,35.19324423288749,-97.43801855246481,326.75420920490586,3.756784439086914,-423.3999938964844
1763596449409,35.19324534134241,-97.438020321499,326.7543973629956,3.766331911087036,-423.3999938964844
1763596449409,35.193246443714585,-97.43802195916815,326.75406312105207,3.772502899169922,-423.3999938964844
1763596449409,35.193247612135735,-97.43802360027948,326.7533888459079,3.778339147567749,-423.3999938964844
1763596449409,35.193248856946255,-97.43802514839008,326.7524266402763,3.7862281799316406,-423.3999938964844
1763596449409,35.19325010302392,-97.43802664881855,326.7517940429192,3.7985010147094727,-423.3999938964844
1763596449409,35.19325138777179,-97.43802812739649,326.7503544715404,3.805492639541626,-423.3999938964844
1763596449409,35.19325280180507,-97.43802957806703,326.74921552248486,3.804638385772705,-423.3999938964844
1763596449409,35.193254207132185,-97.43803093753826,326.74798723242225,3.8000123500823975,-423.5
1763596450409,35.19325019116826,-97.4380336189071,326.6938064345061,3.7956364154815674,-423.6000061035156
1763596450409,35.19325158254614,-97.43803479005827,326.69176163703605,3.793933868408203,-423.6000061035156
1763596450409,35.193253175474474,-97.43803602271245,326.68986593099936,3.7873077392578125,-423.6000061035156
1763596450409,35.193254681170416,-97.43803711071376,326.6891462383421,3.7824409008026123,-423.6000061035156
1763596450409,35.19325614176148,-97.43803809282335,326.68928736436806,3.780341148376465,-423.70001220703125
1763596450409,35.193257824116564,-97.43803912557722,326.6883218954819,3.784698963165283,-423.70001220703125
1763596450409,35.193259429743016,-97.43804003463865,326.6870973140056,3.7863070964813232,-423.70001220703125
1763596450409,35.19326107004497,-97.43804090578041,326.6865570963225,3.7781310081481934,-423.70001220703125
1763596450409,35.193262783837774,-97.43804174915344,326.6865633589404,3.7689905166625977,-423.70001220703125
1763596450409,35.19326447984832,-97.43804252056866,326.68718638527895,3.7642974853515625,-423.79998779296875
1763596450409,35.19326611590454,-97.43804319450868,326.68723992715263,3.766652822494507,-423.79998779296875
1763596450409,35.19326789558064,-97.43804379763203,326.6870940390481,3.764089822769165,-423.79998779296875
1763596450409,35.1932696008697,-97.43804430744795,326.68652718500044,3.7558670043945312,-423.79998779296875
1763596450409,35.193271317201905,-97.4380447688784,326.6848094614712,3.7404661178588867,-423.79998779296875
1763596450409,35.19327286702266,-97.43804512979933,326.6827751577867,3.731457233428955,-423.79998779296875
1763596450409,35.193274738967204,-97.438045487296,326.6805869284061,3.7166638374328613,-423.8999938964844
1763596450409,35.19327645841013,-97.43804577044739,326.6790921081089,3.7060694694519043,-423.8999938964844
1763596450409,35.19327817623831,-97.4380459764708,326.67693943750254,3.688443183898926,-423.8999938964844
1763596451409,35.193282324496145,-97.43804414200285,326.7109482874099,3.671208381652832,-423.8999938964844
1763596451409,35.19328410509142,-97.43804409462635,326.7087941918476,3.6509196758270264,-423.8999938964844
1763596451409,35.193285839751304,-97.43804398421584,326.70548789688564,3.636765956878662,-423.8999938964844
1763596451409,35.19328754919546,-97.4380438094442,326.7025218238878,3.6260757446289062,-423.8999938964844
1763596451409,35.1932893225146,-97.43804355799335,326.70075136433866,3.612720012664795,-423.8999938964844
1763596451409,35.19329103676604,-97.4380432365415,326.69829502786627,3.5933680534362793,-423.8999938964844
1763596451409,35.19329276179786,-97.43804284557856,326.6961712604226,3.5757250785827637,-423.8999938964844
1763596451409,35.19329444356057,-97.43804239209733,326.69400682004715,3.55800199508667,-423.8999938964844
1763596451409,35.193296138713634,-97.43804186299582,326.6923250921905,3.544445037841797,-423.8999938964844
1763596451409,35.19329778039217,-97.43804126619406,326.6906095356381,3.5207371711730957,-423.79998779296875
1763596451409,35.193299435907086,-97.43804059971374,326.6884648660758,3.502845287322998,-423.8999938964844
1763596451409,35.193300909154644,-97.43803994778138,326.68559852342753,3.49300479888916,-423.79998779296875
1763596451409,35.19330262422186,-97.43803910966616,326.6837588298924,3.485387086868286,-423.8999938964844
1763596451409,35.19330421666188,-97.43803828025298,326.6828863171636,3.484745740890503,-423.8999938964844
1763596451409,35.193305750894645,-97.43803742665399,326.6819474676494,3.4882490634918213,-423.79998779296875
1763596451409,35.19330727277421,-97.43803650132922,326.6808898028869,3.487926721572876,-423.79998779296875
1763596451409,35.193308797557144,-97.43803550043592,326.6796782285068,3.4820873737335205,-423.79998779296875
1763596451409,35.193310239360926,-97.43803448500036,326.67814259865634,3.4764833450317383,-423.79998779296875
1763596451409,35.19331169414684,-97.43803337310158,326.6754427795365,3.479916572570801,-423.79998779296875
1763596451409,35.193313110479764,-97.43803218581654,326.67195298656753,3.484431505203247,-423.79998779296875
1763596452409,35.19331476922985,-97.4380308402758,326.6376920889437,3.4898219108581543,-423.79998779296875
1763596452409,35.193316097409976,-97.43802955966281,326.6356330733459,3.491788387298584,-423.79998779296875
1763596452409,35.19331736892668,-97.4380282592264,326.6336302804124,3.495253801345825,-423.79998779296875
1763596452409,35.19331861290592,-97.43802690226154,326.6313817103925,3.4931724071502686,-423.79998779296875
1763596452409,35.1933198698898,-97.43802544845903,326.6295420494751,3.5022566318511963,-423.79998779296875
1763596452409,35.193321066236,-97.43802396166275,326.62756217508996,3.5078485012054443,-423.79998779296875
1763596452409,35.19332222820808,-97.43802243012236,326.6263208291651,3.51054310798645,-423.79998779296875
1763596452409,35.19332333635525,-97.43802087962847,326.62579201959437,3.512781858444214,-423.79998779296875
1763596452409,35.1933244249472,-97.4380192487445,326.6242175732356,3.515394687652588,-423.79998779296875
1763596452409,35.19332541643674,-97.43801766127831,326.62258555565916,3.521491050720215,-423.79998779296875
1763596452409,35.19332644796444,-97.43801594111612,326.6222477194576,3.5259649753570557,-423.79998779296875
1763596452409,35.19332742905667,-97.43801418668714,326.62260310754607,3.530040740966797,-423.79998779296875
1763596452409,35.19332834198336,-97.43801242471342,326.6229130764419,3.5304925441741943,-423.79998779296875
1763596452409,35.19332920094011,-97.43801063321008,326.62383813796083,3.5370540618896484,-423.79998779296875
1763596452409,35.19333002043577,-97.4380087929114,326.62429180560576,3.5451736450195312,-423.79998779296875
1763596452409,35.193330771768196,-97.43800694682155,326.6239998978183,3.549140214920044,-423.79998779296875
1763596452409,35.19333150708611,-97.43800503271054,326.6237313688005,3.5503182411193848,-423.79998779296875
1763596452409,35.19333217447476,-97.43800315173016,326.62432905033694,3.5504391193389893,-423.79998779296875
1763596452409,35.193332837069065,-97.43800121683682,326.6254974088344,3.5511553287506104,-423.79998779296875
1763596452409,35.19333343687082,-97.43799927194232,326.625901338326,3.555422067642212,-423.79998779296875
1763596453409,35.19332932812351,-97.43799607768722,326.5844668820473,3.5594980716705322,-423.79998779296875
1763596453409,35.193329686666736,-97.43799405490066,326.58515202560375,3.560450553894043,-423.79998779296875
1763596453409,35.19332998991551,-97.43799201336654,326.58661023060506,3.5618460178375244,-423.79998779296875
1763596453409,35.19333022630019,-97.43798997998715,326.5876390880555,3.561941146850586,-423.79998779296875
1763596453409,35.19333040605231,-97.43798795933762,326.58914407218884,3.5597519874572754,-423.79998779296875
1763596453409,35.19333052860345,-97.43798587435393,326.5918647698211,3.56148099899292,-423.79998779296875
1763596453409,35.19333059074699,-97.43798377811845,326.5949636045649,3.554922342300415,-423.79998779296875
1763596453409,35.19333059921038,-97.43798170774001,326.5977323216532,3.5471107959747314,-422.79998779296875
1763596453409,35.19333055602647,-97.43797970469817,326.60006242941967,3.5450758934020996,-418.1000061035156
1763596453409,35.19333046480247,-97.43797761090849,326.60201520376444,3.553374767303467,-406.0
1763596453409,35.1933303379798,-97.43797554131939,326.6041149279258,3.559065341949463,-395.0
1763596453409,35.19333018434928,-97.43797346823372,326.60653959501786,3.5652596950531006,-378.5
1763596453409,35.19332997982541,-97.43797144462094,326.609195591896,3.5731918811798096,-360.5
1763596453409,35.19332975478977,-97.43796941558388,326.6121302765246,3.580888032913208,-342.29998779296875
1763596453409,35.19332949711492,-97.43796725254327,326.615264505807,3.5954442024230957,-322.8999938964844
1763596453409,35.1933292410798,-97.43796522894024,326.61774362501416,3.617215871810913,-298.5
1763596453409,35.19332897955719,-97.43796326694758,326.620611569029,3.6362457275390625,-277.6000061035156
1763596453409,35.19332868673227,-97.43796123829256,326.62354726513075,3.6483006477355957,-260.29998779296875
1763596453409,35.19332834526842,-97.43795907541116,326.6260115686036,3.6672797203063965,-233.89999389648438
1763596453409,35.19332798238076,-97.43795704054023,326.6266380578649,3.680246591567993,-215.60000610351562
1763596454409,35.193327770092715,-97.43795501618717,326.6150109360735,3.6928870677948,-192.10000610351562
1763596454409,35.193327375708385,-97.4379529105052,326.6164958294371,3.7057888507843018,-170.60000610351562
1763596454409,35.193326939211154,-97.43795089843867,326.61742905289367,3.716963291168213,-150.1999969482422
1763596454409,35.19332645465485,-97.43794884125298,326.61794894897844,3.7289390563964844,-128.39999389648438
1763596454409,35.193325945060316,-97.43794682869094,326.6175977912486,3.7376885414123535,-112.0999984741211
1763596454409,35.193325413203006,-97.4379447801566,326.61597782238573,3.7401857376098633,-95.4000015258789
1763596454409,35.1933248951125,-97.43794272211116,326.6152227979311,3.744600772857666,-79.30000305175781
1763596454409,35.19332444717288,-97.4379406317452,326.6137284893207,3.7475483417510986,-66.5
1763596454409,35.19332401182243,-97.4379385763487,326.61239798857025,3.74623441696167,-49.0
1763596454409,35.19332350981184,-97.43793650535929,326.6115343367874,3.741858959197998,-30.5
1763596454409,35.193323026097104,-97.43793459816138,326.60932291975575,3.7327892780303955,-13.899999618530273
1763596454409,35.193322496962146,-97.43793241390348,326.6060930593549,3.728175163269043,1.2000000476837158
1763596454409,35.193321979864315,-97.43793044293028,326.6029555125795,3.727071762084961,16.399999618530273
1763596454409,35.19332147734485,-97.43792839400943,326.6020805909832,3.733260154724121,31.5
1763596454409,35.193321048499385,-97.43792640070372,326.6020942608312,3.742924690246582,45.70000076293945
1763596454409,35.1933207586946,-97.4379243057265,326.6016349266308,3.7589755058288574,61.599998474121094
1763596454409,35.193320511491656,-97.43792218719246,326.6022464819379,3.774717330932617,73.4000015258789
1763596454409,35.19332029609057,-97.43792006179284,326.6025042399531,3.7913455963134766,83.5
1763596454409,35.1933201475206,-97.4379179325344,326.6029911861936,3.8079426288604736,90.0999984741211
1763596454409,35.19332004847309,-97.43791592922688,326.6038005900988,3.831423282623291,97.9000015258789
1763596455409,35.19332079906737,-97.43791480392154,326.5908043052118,3.8519065380096436,103.0
1763596455409,35.1933208030187,-97.4379126949755,326.59271660559244,3.863452911376953,105.5
1763596455409,35.193320831464796,-97.43791029424108,326.5933685337875,3.8877055644989014,105.0
1763596455409,35.19332087924807,-97.43790803703352,326.5933403041436,3.905517816543579,100.69999694824219
1763596455409,35.1933209346754,-97.43790574981703,326.5935960585698,3.9262290000915527,90.9000015258789
1763596455409,35.19332100672575,-97.43790344596165,326.5946124397241,3.9395251274108887,77.9000015258789
1763596455409,35.19332108607881,-97.43790105802428,326.5950092802025,3.946542263031006,62.79999923706055
1763596455409,35.1933211633052,-97.43789879728953,326.5953689414758,3.96037220954895,47.20000076293945
1763596455409,35.19332123744544,-97.43789638361653,326.5955827592884,3.978116989135742,27.899999618530273
1763596455409,35.19332130983134,-97.4378940147637,326.59460966276737,3.988957166671753,14.399999618530273
1763596455409,35.193321338942006,-97.43789160313918,326.59265692956325,4.007598876953125,-6.599999904632568
1763596455409,35.193321365999786,-97.43788913623935,326.58967148253635,4.020768642425537,-23.600000381469727
1763596455409,35.193321361653354,-97.43788675589103,326.58682908396304,4.033359527587891,-41.0
1763596455409,35.193321336301146,-97.43788435843233,326.58408773651587,4.048432350158691,-58.400001525878906
1763596455409,35.19332126235354,-97.43788181048636,326.5812538677472,4.057755470275879,-76.4000015258789
1763596455409,35.1933211600831,-97.43787937449906,326.5782769698775,4.057905197143555,-91.5999984741211
1763596455409,35.19332101647528,-97.43787694182959,326.57461907434373,4.052545547485352,-112.5
1763596455409,35.19332081916286,-97.43787441362139,326.5711246108264,4.049276351928711,-137.89999389648438
1763596455409,35.193320607150596,-97.4378721563187,326.5675027882972,4.045612335205078,-154.0
1763596455409,35.19332031316842,-97.43786956186871,326.56390731309517,4.028820037841797,-174.8000030517578
1763596456409,35.19332021411797,-97.43786963245044,326.58537702929664,4.0129075050354,-189.39999389648438
1763596456409,35.19331982092536,-97.43786725365644,326.58287463133667,3.99462628364563,-200.0
1763596456409,35.19331938477437,-97.43786499116389,326.58011110589644,3.9771440029144287,-213.8000030517578
1763596456409,35.193318878205865,-97.43786272447404,326.57812011908914,3.9648890495300293,-222.0
1763596456409,35.19331831977177,-97.43786046394881,326.5758947717533,3.9468863010406494,-233.10000610351562
1763596456409,35.193317713458605,-97.43785824912634,326.5741432625066,3.936927080154419,-241.5
1763596456409,35.193317061631916,-97.43785609931243,326.5728574131571,3.9297397136688232,-249.5
1763596456409,35.19331634486053,-97.43785394714972,326.57252927512326,3.923055648803711,-257.0
1763596456409,35.1933155919665,-97.43785184374836,326.57195776057523,3.9180421829223633,-262.1000061035156
1763596456409,35.193314795946215,-97.43784974310324,326.57094995307654,3.908663749694824,-267.29998779296875
1763596456409,35.19331395681809,-97.43784766062457,326.56987585202546,3.8954291343688965,-271.1000061035156
1763596456409,35.19331305725868,-97.43784557297899,326.56868569685827,3.8899104595184326,-274.1000061035156
1763596456409,35.19331214797251,-97.43784358662793,326.5672628375683,3.891832113265991,-276.79998779296875
1763596456409,35.193311213169856,-97.43784162617857,326.5657598229622,3.89453125,-278.6000061035156
1763596456409,35.19331021380152,-97.43783962414152,326.5650427887445,3.897059440612793,-279.79998779296875
1763596456409,35.19330914451311,-97.43783760211717,326.56449181795773,3.899439811706543,-280.3999938964844
1763596456409,35.19330809017806,-97.43783570198637,326.5638261416063,3.898524045944214,-280.3999938964844
1763596456409,35.193307088517614,-97.43783397149919,326.5628892196986,3.8934683799743652,-279.8999938964844
1763596456409,35.19330593761861,-97.4378320855166,326.56173424690513,3.8853912353515625,-278.3999938964844
1763596456409,35.19330476359055,-97.43783028551904,326.5607254861162,3.8776888847351074,-275.3999938964844
1763596457409,35.193303756661685,-97.43783144783991,326.5960370318063,3.88619065284729,-271.70001220703125
1763596457409,35.193302515465646,-97.43782979899625,326.597521150041,3.889159679412842,-270.1000061035156
1763596457409,35.1933012427953,-97.43782817080228,326.5990501405988,3.885094404220581,-270.0
1763596457409,35.19329992807535,-97.43782656513811,326.60050605165355,3.875246524810791,-270.0
1763596457409,35.19329861999985,-97.43782503206747,326.60135675734483,3.8619792461395264,-270.0
1763596457409,35.193297277587526,-97.43782353750336,326.6019030283233,3.8419532775878906,-270.1000061035156
1763596457409,35.19329591576293,-97.43782208319372,326.6013393155386,3.8369994163513184,-270.29998779296875
1763596457409,35.19329454575752,-97.4378206766428,326.6001570519475,3.832613945007324,-270.79998779296875
1763596457409,35.193293180109436,-97.43781930940797,326.5990964739035,3.823836088180542,-271.6000061035156
1763596457409,35.19329177033393,-97.43781795529587,326.5982317374565,3.808216094970703,-273.0
1763596457409,35.19329030187551,-97.4378166124122,326.59734850825754,3.800133466720581,-274.6000061035156
1763596457409,35.19328883143125,-97.43781532926947,326.59638080159567,3.79268217086792,-276.1000061035156
1763596457409,35.1932873570243,-97.43781408998935,326.59506047940306,3.7856216430664062,-277.5
1763596457409,35.19328585460518,-97.4378129027362,326.5939077383112,3.7861075401306152,-278.3999938964844
1763596457409,35.19328433301753,-97.43781175697394,326.59255553121574,3.783499002456665,-278.79998779296875
1763596457409,35.193282795678265,-97.43781065509182,326.5922819555907,3.779711961746216,-279.29998779296875
1763596457409,35.193281194650815,-97.43780958478042,326.5925495352027,3.774089813232422,-279.8999938964844
1763596457409,35.19327959502134,-97.43780857639196,326.59209893945274,3.7648651599884033,-280.6000061035156
1763596457409,35.193277989539006,-97.43780763279625,326.59273540006524,3.760958671569824,-281.6000061035156
1763596457409,35.193276394375765,-97.43780673656912,326.59266063412286,3.759059429168701,-282.6000061035156
1763596458409,35.19327466539205,-97.4378082040491,326.5434168555226,3.7591469287872314,-283.20001220703125
1763596458409,35.19327301590679,-97.4378074380932,326.5414714576751,3.7555010318756104,-284.0
1763596458409,35.193271377083896,-97.43780674339361,326.5388280453685,3.741191864013672,-284.70001220703125
1763596458409,35.19326972250454,-97.43780609036504,326.53559101543016,3.733515977859497,-285.20001220703125
1763596458409,35.193268121228506,-97.43780550440727,326.5332279940417,3.7345879077911377,-285.70001220703125
1763596458409,35.19326639066473,-97.43780491758262,326.53148115898125,3.7348103523254395,-286.6000061035156
1763596458409,35.193264695886455,-97.4378043793288,326.52981312307423,3.7394320964813232,-287.5
1763596458409,35.19326297411197,-97.4378038872368,326.528107427935,3.733750343322754,-288.20001220703125
1763596458409,35.19326124092838,-97.43780343887454,326.5269253768545,3.7231669425964355,-288.79998779296875
1763596458409,35.19325954845594,-97.4378030573492,326.52550575421515,3.710545778274536,-289.3999938964844
1763596458409,35.193257887647725,-97.43780272054806,326.52380926024955,3.7064390182495117,-290.5
1763596458409,35.193256094964575,-97.43780241498189,326.52169902614725,3.704909324645996,-291.3999938964844
1763596458409,35.19325436630379,-97.43780215231166,326.51925990821735,3.7029292583465576,-291.79998779296875
1763596458409,35.19325272641424,-97.4378019478181,326.517313480272,3.701864004135132,-292.0
1763596458409,35.19325085984692,-97.43780178372629,326.5150593592057,3.704643726348877,-292.79998779296875
1763596458409,35.19324908983624,-97.43780166428989,326.5131765716746,3.7107913494110107,-294.3999938964844
1763596458409,35.19324724982317,-97.43780160385437,326.5108390969135,3.71437668800354,-296.5
1763596458409,35.193245473458724,-97.43780161462671,326.50889041368265,3.719896078109741,-299.20001220703125
1763596458409,35.19324366101356,-97.43780166023497,326.5079801992382,3.7258036136627197,-302.0
1763596458409,35.19324192551834,-97.43780174782718,326.50633620364874,3.729128837585449,-304.20001220703125
1763596459409,35.19324126063225,-97.43780413863318,326.5721404295619,3.7385575771331787,-305.29998779296875
1763596459409,35.19323949444759,-97.43780438830056,326.570786969474,3.7559666633605957,-305.79998779296875
1763596459409,35.19323793967606,-97.4378046718317,326.56911916705445,3.767833948135376,-305.8999938964844
1763596459409,35.19323622752372,-97.43780504162969,326.56787496795783,3.786201000213623,-305.8999938964844
1763596459409,35.193234430352305,-97.43780547956497,326.5661977054663,3.800424814224243,-305.8999938964844
1763596459409,35.19323268755444,-97.43780595218891,326.5644673026913,3.8152554035186768,-305.8999938964844
1763596459409,35.19323095773545,-97.43780645081743,326.5629101134884,3.828993082046509,-306.0
1763596459409,35.19322920856189,-97.4378070256624,326.5618791506202,3.846855640411377,-306.20001220703125
1763596459409,35.19322742920267,-97.43780765924792,326.56074812163166,3.861707925796509,-306.29998779296875
1763596459409,35.19322572893152,-97.43780830963506,326.5598355479022,3.8715150356292725,-306.3999938964844
1763596459409,35.19322400496494,-97.43780903183259,326.5591724102189,3.8866727352142334,-306.3999938964844
1763596459409,35.193222299999526,-97.43780980378176,326.558745559247,3.898876428604126,-306.6000061035156
1763596459409,35.1932206267095,-97.43781065224975,326.55861640414895,3.899785280227661,-306.70001220703125
1763596459409,35.193218958768334,-97.4378115635254,326.5586470658996,3.900498867034912,-306.79998779296875
1763596459409,35.19321730788728,-97.43781253511314,326.55803272428386,3.9052295684814453,-306.79998779296875
1763596459409,35.19321567109363,-97.43781355041267,326.5582232948977,3.9120032787323,-306.79998779296875
1763596459409,35.19321400411142,-97.43781465323484,326.5575754139956,3.9133079051971436,-306.79998779296875
1763596459409,35.193212430835295,-97.43781575982891,326.557185569913,3.9188244342803955,-306.79998779296875
1763596459409,35.19321086225925,-97.43781691947937,326.5567055012605,3.922640562057495,-306.79998779296875
1763596459409,35.193209456080716,-97.43781802927404,326.55620369029145,3.923795223236084,-306.79998779296875
1763596460409,35.19320985331611,-97.43782194043463,326.6074796729393,3.9309253692626953,-306.79998779296875
1763596460409,35.19320837264776,-97.43782331733931,326.6086597309357,3.9385812282562256,-306.79998779296875
1763596460409,35.19320696200348,-97.43782470842869,326.60912594723425,3.9449501037597656,-306.79998779296875
1763596460409,35.19320559368095,-97.43782612781749,326.6101562835375,3.9495913982391357,-306.79998779296875
1763596460409,35.193204213020756,-97.43782763701726,326.6109847243627,3.951552391052246,-306.79998779296875
1763596460409,35.193202876125255,-97.43782918948664,326.6119014892088,3.961637496948242,-306.79998779296875
1763596460409,35.19320155217629,-97.4378308108854,326.6130116875058,3.976288318634033,-306.79998779296875
1763596460409,35.193200278201026,-97.43783244244852,326.614109354914,3.9851455688476562,-306.79998779296875
1763596460409,35.19319901549306,-97.43783414637093,326.61542304113243,3.9899356365203857,-306.79998779296875
1763596460409,35.19319780924684,-97.43783586165092,326.6171146137468,4.001789093017578,-306.79998779296875
1763596460409,35.193196586384595,-97.4378376968235,326.6187555539725,4.0157470703125,-306.79998779296875
1763596460409,35.19319541406707,-97.43783955259521,326.6206882107934,4.026243209838867,-306.79998779296875
1763596460409,35.193194306142736,-97.43784139643168,326.62289317796825,4.035595893859863,-306.79998779296875
1763596460409,35.19319322801027,-97.43784328549322,326.6248937729399,4.0453877449035645,-306.79998779296875
1763596460409,35.19319215997429,-97.4378452323253,326.62732416233473,4.055431365966797,-306.79998779296875
1763596460409,35.19319112860476,-97.43784720805048,326.63007811832813,4.065627574920654,-306.79998779296875
1763596460409,35.193190097065305,-97.43784925572811,326.6333512150421,4.077847003936768,-306.79998779296875
1763596460409,35.19318911723278,-97.43785128833625,326.636452325416,4.080197334289551,-306.79998779296875
1763596460409,35.193188183537764,-97.43785337567594,326.64008314855664,4.090536594390869,-306.8999938964844
1763596460409,35.19318729708155,-97.43785550638597,326.6437862153767,4.1031084060668945,-306.79998779296875
1763596461409,35.19318841470167,-97.43785867971026,326.68439799269936,4.113314628601074,-306.79998779296875
1763596461409,35.19318768975868,-97.43786084048004,326.68827777937133,4.119020462036133,-306.79998779296875
1763596461409,35.19318701914846,-97.43786302542411,326.6924021041747,4.122886657714844,-306.79998779296875
1763596461409,35.193186375910415,-97.43786522221579,326.69729284329344,4.134002685546875,-306.79998779296875
1763596461409,35.19318576315742,-97.4378675379742,326.7020392001348,4.142464637756348,-306.79998779296875
1763596461409,35.19318520707971,-97.43786985073946,326.70692961618784,4.152007102966309,-306.79998779296875
1763596461409,35.193184703128615,-97.43787219545705,326.71178485333115,4.1590776443481445,-306.79998779296875
1763596461409,35.19318425582962,-97.43787451239912,326.716575947332,4.166695594787598,-306.79998779296875
1763596461409,35.19318385093157,-97.43787687920327,326.7210490846534,4.173013210296631,-306.79998779296875
1763596461409,35.19318349876061,-97.4378792266244,326.7253707801807,4.182392120361328,-306.70001220703125
1763596461409,35.19318318422927,-97.43788169664998,326.7301481011325,4.182323455810547,-306.3999938964844
1763596461409,35.19318293764945,-97.43788407490509,326.73458714598445,4.186009883880615,-306.0
1763596461409,35.19318273938373,-97.43788645733025,326.7387385816848,4.190459251403809,-305.0
1763596461409,35.193182573233905,-97.43788884572876,326.7436576768778,4.1967692375183105,-303.5
1763596461409,35.19318245128857,-97.43789128421204,326.7488694892828,4.201364040374756,-301.6000061035156
1763596461409,35.19318237058847,-97.43789374593906,326.75464282239057,4.205067157745361,-298.0
1763596461409,35.19318234488896,-97.43789617244987,326.7605332130632,4.211582183837891,-293.20001220703125
1763596461409,35.19318238464531,-97.43789873262376,326.76634594585886,4.218761444091797,-287.29998779296875
1763596461409,35.193182455172014,-97.43790118827677,326.7716299736111,4.217174530029297,-280.6000061035156
1763596461409,35.193182575848375,-97.43790357971538,326.77658532149525,4.2203216552734375,-273.79998779296875
1763596461409,35.193182756823305,-97.43790604910305,326.78193814898503,4.2344794273376465,-266.70001220703125
1763596462409,35.193185014723824,-97.43790866777827,326.7820557835712,4.254169464111328,-259.6000061035156
1763596462409,35.19318510835041,-97.43790955767027,326.7834042480889,4.259612560272217,-258.29998779296875
1763596462409,35.193185386241275,-97.43791184636548,326.7893769843788,4.264263153076172,-256.20001220703125
1763596462409,35.19318573660072,-97.43791433852982,326.795331419728,4.270941257476807,-253.8000030517578
1763596462409,35.19318611923017,-97.43791674111371,326.80134573572394,4.278006553649902,-251.6999969482422
1763596462409,35.19318655025396,-97.43791918525648,326.80705086141165,4.290281772613525,-248.39999389648438
1763596462409,35.193187026454396,-97.43792159518983,326.81220418635,4.292715549468994,-244.60000610351562
1763596462409,35.19318754499865,-97.43792400217801,326.81773255307354,4.300966739654541,-238.8000030517578
1763596462409,35.19318810114318,-97.43792636644471,326.8232420985038,4.311247825622559,-230.39999389648438
1763596462409,35.19318872430116,-97.43792883508841,326.82844882161396,4.326340675354004,-223.39999389648438
1763596462409,35.193189368683306,-97.43793122043013,326.83371588925814,4.33970308303833,-216.5
1763596462409,35.19319004894899,-97.43793360435082,326.83901575077726,4.350340843200684,-209.89999389648438
1763596462409,35.19319074514405,-97.4379359265831,326.84429597652087,4.355790615081787,-204.8000030517578
1763596462409,35.19319146185366,-97.43793821962022,326.84991351166974,4.365886211395264,-196.39999389648438
1763596462409,35.193192225904035,-97.43794054809176,326.855060276324,4.369295597076416,-190.5
1763596462409,35.19319301110572,-97.4379428726997,326.8597221142627,4.380962371826172,-182.3000030517578
1763596462409,35.19319386981478,-97.43794523341298,326.8651784894472,4.391186714172363,-172.0
1763596462409,35.19319475199428,-97.43794757532098,326.86984833203076,4.393801689147949,-165.3000030517578
1763596462409,35.19319562857684,-97.43794979842065,326.8744630846444,4.392735958099365,-157.60000610351562
1763596462409,35.19319657292684,-97.43795215985104,326.87915495952507,4.3958539962768555,-150.10000610351562
1763596463409,35.19319862518026,-97.4379532142577,326.8013731275434,4.3954644203186035,-133.8000030517578
1763596463409,35.193198948881765,-97.43795391685687,326.8028698699321,4.395320415496826,-131.8000030517578
1763596463409,35.19319995315989,-97.43795634211158,326.80725475672165,4.400447368621826,-122.0
1763596463409,35.19320090110291,-97.43795859152293,326.8109837901001,4.395784854888916,-112.0999984741211
1763596463409,35.193201857097186,-97.43796082496831,326.81326589450686,4.393065929412842,-105.69999694824219
1763596463409,35.193202846272364,-97.43796308646263,326.8154017075042,4.386797904968262,-101.0
1763596463409,35.193203807111004,-97.43796526718288,326.81771028826904,4.386734962463379,-94.69999694824219
1763596463409,35.193204706384975,-97.43796725928306,326.82076480273764,4.390233516693115,-88.0
1763596463409,35.19320578728701,-97.43796963057478,326.8236980526166,4.391539096832275,-79.5999984741211
1763596463409,35.19320679761251,-97.43797183783555,326.8261118182165,4.390214920043945,-72.80000305175781
1763596463409,35.19320783464142,-97.43797407144318,326.8281980626774,4.3916215896606445,-66.4000015258789
1763596463409,35.19320883147208,-97.43797624028801,326.82991868801054,4.393589973449707,-61.29999923706055
1763596463409,35.193209837325725,-97.43797837947993,326.832781390914,4.397095203399658,-54.70000076293945
1763596463409,35.19321078999323,-97.43798043457207,326.83518662090745,4.401082992553711,-48.099998474121094
1763596463409,35.19321189068136,-97.43798280649216,326.83779112135596,4.4076619148254395,-41.599998474121094
1763596463409,35.1932129689684,-97.43798507193638,326.8407014322904,4.412651538848877,-35.0
1763596463409,35.193214008047846,-97.43798723882922,326.8435227439247,4.413370132446289,-31.5
1763596463409,35.19321506432217,-97.43798941114983,326.8456169050061,4.412938594818115,-26.700000762939453
1763596463409,35.19321603487112,-97.43799142412364,326.84662649322365,4.415712356567383,-23.600000381469727
1763596463409,35.19321718908609,-97.43799385819311,326.8483061964316,4.4268035888671875,-18.5
1763596463409,35.19321823533253,-97.43799604088046,326.85007775406035,4.434991836547852,-15.399999618530273
1763596464409,35.1932190131122,-97.43799637455405,326.81405168674945,4.4414591789245605,-12.399999618530273
1763596464409,35.19321995616991,-97.43799843307248,326.81456281626686,4.4521260261535645,-10.399999618530273
1763596464409,35.19322105014734,-97.43800088826936,326.81501104166585,4.462331295013428,-9.5
1763596464409,35.19322206656936,-97.43800314067397,326.8164357389333,4.47091817855835,-9.0
1763596464409,35.19322309047091,-97.43800542052881,326.8174688071622,4.476714134216309,-7.0
1763596464409,35.19322410371671,-97.43800770597744,326.8186182007735,4.480266094207764,-3.9000000953674316
1763596464409,35.19322510367418,-97.43800994552244,326.82046052571945,4.487137317657471,-0.5
1763596464409,35.19322613030598,-97.43801218994105,326.82253311988234,4.493503570556641,4.199999809265137
1763596464409,35.19322709666878,-97.43801428506548,326.82542286031304,4.4990010261535645,8.600000381469727
1763596464409,35.19322822731323,-97.43801674778898,326.8273977640272,4.499345779418945,13.600000381469727
1763596464409,35.19322924321227,-97.43801895058535,326.829450651507,4.500748157501221,16.5
1763596464409,35.19323029376835,-97.43802126769747,326.83153520324555,4.496048450469971,20.5
1763596464409,35.1932312894391,-97.43802347298345,326.8329884447416,4.4941630363464355,25.600000381469727
1763596464409,35.193232346929065,-97.43802587782132,326.83438514746575,4.491065979003906,31.700000762939453
1763596464409,35.19323336336724,-97.43802823428636,326.8354298889001,4.488518714904785,38.5
1763596464409,35.19323434985722,-97.43803052809241,326.83629971431674,4.485752105712891,45.29999923706055
1763596464409,35.1932353340846,-97.43803291673298,326.83645161988824,4.48306941986084,51.400001525878906
1763596464409,35.193236279575565,-97.43803528460019,326.83688805308486,4.476166725158691,57.20000076293945
1763596464409,35.193237203691346,-97.43803771417969,326.8363201652179,4.475407600402832,60.20000076293945
1763596464409,35.19323811219897,-97.43804016007407,326.83572888603805,4.477160930633545,63.70000076293945
1763596465409,35.19323819999599,-97.43804009153695,326.8141154028085,4.482783317565918,67.30000305175781
1763596465409,35.1932390506519,-97.43804251616697,326.81464112443905,4.485804557800293,72.5
1763596465409,35.19323986689091,-97.43804491298873,326.8157205984497,4.491208553314209,75.9000015258789
1763596465409,35.193240691535884,-97.43804737896411,326.81704592879504,4.492613792419434,81.0
1763596465409,35.19324148564297,-97.43804981922246,326.8184931567443,4.48691987991333,84.9000015258789
1763596465409,35.1932422562719,-97.43805224759507,326.81978569501126,4.486116886138916,87.80000305175781
1763596465409,35.193243008002774,-97.43805466067894,326.8216443733622,4.489276885986328,91.4000015258789
1763596465409,35.19324376404184,-97.43805715751985,326.823602194835,4.484243869781494,95.5
1763596465409,35.19324451237776,-97.43805968339097,326.8251257204579,4.478285789489746,98.0
1763596465409,35.193245218974724,-97.4380621655673,326.82589669426466,4.47648286819458,99.4000015258789
1763596465409,35.19324590529468,-97.43806467546887,326.8269117154247,4.478461265563965,99.80000305175781
1763596465409,35.19324656853844,-97.43806716561605,326.82780015699194,4.480287551879883,100.5
1763596465409,35.1932472162214,-97.4380697521277,326.83015290149325,4.478619575500488,102.0
1763596465409,35.193247829991186,-97.43807229001732,326.8323469708814,4.470623970031738,104.5999984741211
1763596465409,35.19324843816705,-97.43807490620343,326.83553882417726,4.464522361755371,107.9000015258789
1763596465409,35.193248996774784,-97.4380774589226,326.8378777824623,4.460136413574219,111.9000015258789
1763596465409,35.19324952664178,-97.43807999700189,326.8398236131543,4.460173606872559,114.19999694824219
1763596465409,35.193250035627244,-97.43808254477813,326.84138019529837,4.460951328277588,116.9000015258789
1763596465409,35.193250546020316,-97.4380852097971,326.84383055783223,4.457438945770264,120.0
1763596465409,35.19325102137223,-97.43808779104452,326.8463680598678,4.46021032333374,123.5999984741211
1763596466409,35.19325034103966,-97.43808735131131,326.8809344317967,4.46407413482666,127.4000015258789
1763596466409,35.193250730325886,-97.4380898193984,326.8851773304337,4.463197231292725,132.39999389648438
1763596466409,35.19325111919346,-97.43809241032713,326.8891182463759,4.452577590942383,137.60000610351562
1763596466409,35.19325145933511,-97.43809490399761,326.8931410282957,4.443055152893066,142.60000610351562
1763596466409,35.19325178184637,-97.43809751514581,326.8976402496242,4.43325138092041,149.0
1763596466409,35.19325205091414,-97.43810001874267,326.90213221219113,4.426846504211426,154.6999969482422
1763596466409,35.193252288618666,-97.43810262611092,326.906649625811,4.424895286560059,159.60000610351562
1763596466409,35.193252471523564,-97.43810519545097,326.91177918982066,4.422673225402832,164.10000610351562
1763596466409,35.19325260995474,-97.4381077375032,326.9168651371953,4.416374206542969,167.89999389648438
1763596466409,35.193252703838226,-97.43811032161014,326.9219795818901,4.407662868499756,171.8000030517578
1763596466409,35.19325276147849,-97.43811287074897,326.92759125949385,4.4013142585754395,174.6999969482422
1763596466409,35.19325278369883,-97.43811543021323,326.93326146581023,4.392500400543213,177.10000610351562
1763596466409,35.19325277138924,-97.43811798722484,326.9391447704023,4.384899616241455,178.89999389648438
1763596466409,35.19325271627627,-97.43812057497672,326.94513335887893,4.372609615325928,181.60000610351562
1763596466409,35.19325262178254,-97.43812314009422,326.95069316082987,4.36544942855835,183.89999389648438
1763596466409,35.193252494235196,-97.43812563641565,326.95624614805547,4.361189842224121,185.6999969482422
1763596466409,35.19325232026554,-97.43812822902538,326.9617268923257,4.35360050201416,188.3000030517578
1763596466409,35.19325210907482,-97.43813078343437,326.96747281552297,4.353054046630859,192.39999389648438
1763596466409,35.19325186221135,-97.43813328056245,326.9734146579668,4.347816467285156,195.39999389648438
1763596466409,35.19325157180626,-97.43813580206567,326.9798269041104,4.3416337966918945,201.3000030517578
