unix_ms,latitude,longitude,altitude_m,speed_mps,steeringAngleDegree
1763596629391,35.1931974566402,-97.43859760241297,336.0572317920883,0.0,-8.600000381469727
1763596629391,35.19319746865471,-97.43859760200604,336.0569007351903,0.0,-8.600000381469727
1763596629391,35.19319748813225,-97.43859760151432,336.0566387404491,0.0,-8.600000381469727
1763596629391,35.19319748660815,-97.43859759981055,336.0561611704396,0.0,-8.600000381469727
1763596629391,35.1931974960102,-97.43859759868607,336.05577458190345,0.0,-8.600000381469727
1763596629391,35.19319750971154,-97.43859759796442,336.055409771853,0.0,-8.600000381469727
1763596629391,35.19319752055236,-97.4385975969946,336.05500605217156,0.0,-8.600000381469727
1763596629391,35.19319753245325,-97.43859759641941,336.05459644864294,0.0,-8.600000381469727
1763596629391,35.19319754978955,-97.43859759633261,336.0543117000937,0.0,-8.600000381469727
1763596629391,35.19319756000211,-97.43859759553655,336.0539674120328,0.0,-8.600000381469727
1763596629391,35.1931975597574,-97.43859759406482,336.053551282152,0.0,-8.600000381469727
1763596629391,35.19319759198098,-97.43859759448165,336.0533482960353,0.0,-8.600000381469727
1763596629391,35.193197620820406,-97.4385975950224,336.05312619838065,0.0,-8.600000381469727
1763596629391,35.19319763989248,-97.4385975953353,336.0528049487627,0.0,-8.600000381469727
1763596629391,35.193197650197035,-97.43859759470449,336.0524508796114,0.0,-8.600000381469727
1763596629391,35.19319766094751,-97.43859759363832,336.0520883998136,0.0,-8.600000381469727
1763596629391,35.19319766808981,-97.43859759338609,336.051707006363,0.0,-8.600000381469727
1763596629391,35.193197675116664,-97.43859759316777,336.0513786677125,0.0,-8.600000381469727
1763596630391,35.193200246718355,-97.43859476174896,336.55683873523583,0.0,-8.600000381469727
1763596630391,35.19320025357612,-97.43859476176621,336.55674136245807,0.0,-8.600000381469727
1763596630391,35.1932002649901,-97.43859476157371,336.5564135217296,0.0,-8.600000381469727
1763596630391,35.193200272091055,-97.43859476119103,336.5560003151909,0.0,-8.600000381469727
1763596630391,35.19320027710505,-97.43859476058819,336.55557635004396,0.0,-8.600000381469727
1763596630391,35.19320030060984,-97.4385947610576,336.55533216116703,0.0,-8.600000381469727
1763596630391,35.19320031185987,-97.43859476070149,336.555023781918,0.0,-8.600000381469727
1763596630391,35.19320032320073,-97.43859476037623,336.55466934934583,0.0,-8.600000381469727
1763596630391,35.19320034589591,-97.43859476067662,336.55443091474274,0.0,-8.600000381469727
1763596630391,35.193200353138835,-97.43859476005252,336.55403497882,0.0,-8.600000381469727
1763596630391,35.19320037540369,-97.43859476072174,336.55376514808796,0.0,-8.600000381469727
1763596630391,35.193200385942184,-97.4385947604243,336.55343694677623,0.0,-8.600000381469727
1763596630391,35.19320039109308,-97.4385947600636,336.5530630983822,0.0,-8.600000381469727
1763596630391,35.19320041330665,-97.43859476027302,336.5528097326198,0.0,-8.600000381469727
1763596630391,35.19320042374433,-97.43859475993139,336.5524515288627,0.0,-8.600000381469727
1763596630391,35.193200431682705,-97.43859475932291,336.5520581197414,0.0,-8.600000381469727
1763596630391,35.19320044696133,-97.4385947592982,336.55174377007904,0.0,-8.600000381469727
1763596630391,35.19320044984405,-97.43859475843145,336.5513188900944,0.0,-8.600000381469727
1763596630391,35.193200459137984,-97.43859475795861,336.55095664472236,0.0,-8.600000381469727
1763596630391,35.1932004691669,-97.43859475763257,336.55054583474396,0.0,-8.600000381469727
1763596630391,35.19320048639748,-97.43859475787063,336.55026716649746,0.0,-8.600000381469727
1763596630391,35.193200494489375,-97.43859475727224,336.549881716622,0.0,-8.600000381469727
1763596631391,35.19319955039791,-97.43859089878545,336.2589059583272,0.0,-8.600000381469727
1763596631391,35.19319955360183,-97.43859089846015,336.25867949745924,0.0,-8.600000381469727
1763596631391,35.193199559561286,-97.43859089802827,336.25827077338135,0.0,-8.600000381469727
1763596631391,35.19319956941393,-97.43859089777011,336.2579269402262,0.0,-8.600000381469727
1763596631391,35.19319958574471,-97.43859089821352,336.25763015277624,0.0,-8.600000381469727
1763596631391,35.19319959064294,-97.43859089776855,336.2572229420756,0.0,-8.600000381469727
1763596631391,35.19319960835115,-97.43859089791877,336.2569544951021,0.0,-8.600000381469727
1763596631391,35.1931996131027,-97.43859089764064,336.25654737454073,0.0,-8.600000381469727
1763596631391,35.19319962432007,-97.43859089748146,336.2562213563946,0.0,-8.600000381469727
1763596631391,35.1931996349151,-97.4385908972805,336.25586800483956,0.0,-8.600000381469727
1763596631391,35.193199655034384,-97.43859089758098,336.2556592149012,0.0,-8.600000381469727
1763596631391,35.19319966238236,-97.43859089739867,336.2553150662035,0.0,-8.600000381469727
1763596631391,35.19319966941102,-97.43859089694806,336.25495249546753,0.0,-8.600000381469727
1763596631391,35.193199681813034,-97.43859089694752,336.2546006833995,0.0,-8.600000381469727
1763596631391,35.19319969362727,-97.43859089655479,336.25428721821896,0.0,-8.600000381469727
1763596631391,35.19319970228134,-97.43859089658464,336.25392985531664,0.0,-8.600000381469727
1763596631391,35.193199714193895,-97.43859089632305,336.2535808643973,0.0,-8.600000381469727
1763596631391,35.193199729284586,-97.43859089642316,336.2532676661819,0.0,-8.600000381469727
1763596631391,35.193199744419545,-97.43859089654292,336.2529668117643,0.0,-8.600000381469727
1763596631391,35.193199756816995,-97.43859089632737,336.25260939681823,0.0,-8.600000381469727
1763596632391,35.19319795275802,-97.43858782028624,335.91437148566644,0.0,-8.600000381469727
1763596632391,35.19319795519568,-97.43858781989084,335.9142383455375,0.0,-8.600000381469727
1763596632391,35.19319796798075,-97.43858781954094,335.91394724966466,0.0,-8.600000381469727
1763596632391,35.19319797438347,-97.43858781901517,335.9136037650782,0.0,-8.600000381469727
1763596632391,35.19319799153804,-97.43858781925725,335.9134207429917,0.0,-8.600000381469727
1763596632391,35.193197996969744,-97.43858781863659,335.91306205470147,0.0,-8.600000381469727
1763596632391,35.19319800927192,-97.43858781856643,335.91277765748384,0.0,-8.600000381469727
1763596632391,35.19319801654679,-97.43858781813482,335.9124516012713,0.0,-8.600000381469727
1763596632391,35.19319802172416,-97.43858781751176,335.91207403178623,0.0,-8.600000381469727
1763596632391,35.193198029387794,-97.4385878169669,335.9117676264979,0.0,-8.600000381469727
1763596632391,35.19319803551231,-97.43858781634921,335.91142724968665,0.0,-8.600000381469727
1763596632391,35.1931980490699,-97.43858781623058,335.91121142365733,0.0,-8.600000381469727
1763596632391,35.1931980563161,-97.4385878157331,335.9108903146811,0.0,-8.600000381469727
1763596632391,35.19319806774639,-97.43858781541236,335.9106188598411,0.0,-8.600000381469727
1763596632391,35.19319807376873,-97.43858781473956,335.91028410210293,0.0,-8.600000381469727
1763596632391,35.19319809364397,-97.43858781485172,335.9101075709825,0.0,-8.600000381469727
1763596632391,35.193198100023956,-97.43858781434758,335.90974226714565,0.0,-8.600000381469727
1763596632391,35.19319811639467,-97.43858781409038,335.90952302000477,0.0,-8.600000381469727
1763596632391,35.19319812511776,-97.43858781384465,335.9091966786051,0.0,-8.600000381469727
1763596632391,35.19319813236653,-97.43858781338035,335.90885674759437,0.0,-8.600000381469727
1763596633391,35.193195576094425,-97.43858464881893,335.1238458521996,0.0,-8.699999809265137
1763596633391,35.19319558333083,-97.43858464897654,335.12375336050985,0.0,-8.699999809265137
1763596633391,35.19319559320515,-97.43858464863466,335.1234944995033,0.0,-8.699999809265137
1763596633391,35.19319560274676,-97.43858464794522,335.1231397642369,0.0,-8.699999809265137
1763596633391,35.19319561010442,-97.438584647682,335.12281595953914,0.0,-8.699999809265137
1763596633391,35.19319561279026,-97.43858464676978,335.12242760407213,0.0,-8.699999809265137
1763596633391,35.1931956215107,-97.43858464590183,335.12210870649375,0.0,-8.699999809265137
1763596633391,35.19319563477885,-97.43858464568974,335.1218201550952,0.0,-8.699999809265137
1763596633391,35.19319564158623,-97.4385846450315,335.1214774938498,0.0,-8.699999809265137
1763596633391,35.19319565010352,-97.43858464451819,335.12111834513775,0.0,-8.699999809265137
1763596633391,35.193195662389115,-97.43858464434963,335.120840357213,0.0,-8.699999809265137
1763596633391,35.193195670608944,-97.43858464362836,335.12054115208736,0.0,-8.699999809265137
1763596633391,35.1931956804547,-97.43858464283805,335.12017190611004,0.0,-8.699999809265137
1763596633391,35.19319568647978,-97.43858464198419,335.11983280967684,0.0,-8.699999809265137
1763596633391,35.19319569609301,-97.43858464149939,335.11955846681184,0.0,-8.699999809265137
1763596633391,35.193195702184894,-97.43858464048067,335.1191730128474,0.0,-8.699999809265137
1763596633391,35.193195709869265,-97.4385846397606,335.1188652238184,0.0,-8.699999809265137
1763596633391,35.193195717143354,-97.43858463888984,335.1185468881914,0.0,-8.699999809265137
1763596633391,35.193195725919516,-97.4385846381628,335.1182195109473,0.0,-8.699999809265137
1763596633391,35.19319573161753,-97.43858463714449,335.1178930899944,0.0,-8.699999809265137
1763596634391,35.19319333371798,-97.43858173862321,334.32493722413915,0.0,-8.699999809265137
1763596634391,35.19319333616043,-97.438581738326,334.324727653006,0.0,-8.699999809265137
1763596634391,35.19319334222649,-97.43858173767734,334.3243871650946,0.0,-8.699999809265137
1763596634391,35.19319334983098,-97.43858173717547,334.3240846783084,0.0,-8.699999809265137
1763596634391,35.1931933545182,-97.43858173673725,334.3237154112014,0.0,-8.699999809265137
1763596634391,35.19319335936525,-97.43858173602486,334.3233402933327,0.0,-8.699999809265137
1763596634391,35.19319336497593,-97.43858173526968,334.32299379126664,0.0,-8.699999809265137
1763596634391,35.19319337108945,-97.43858173455449,334.32267438878534,0.0,-8.600000381469727
1763596634391,35.19319337946943,-97.43858173407392,334.3223749027488,0.0,-8.600000381469727
1763596634391,35.193193383989126,-97.43858173315455,334.3220234625835,0.0,-8.600000381469727
1763596634391,35.19319339149162,-97.4385817322108,334.32172731600195,0.0,-8.600000381469727
1763596634391,35.19319339600757,-97.43858173145297,334.3214179741587,0.0,-8.600000381469727
1763596634391,35.193193405747394,-97.43858173118662,334.32114907437864,0.0,-8.600000381469727
1763596634391,35.19319341308018,-97.43858173057602,334.32081347316125,0.0,-8.600000381469727
1763596634391,35.193193420192,-97.43858172967185,334.3205124420152,0.0,-8.600000381469727
1763596634391,35.19319342447617,-97.43858172853493,334.32016634485865,0.0,-8.600000381469727
1763596634391,35.193193428283564,-97.43858172747993,334.31982182587876,0.0,-8.600000381469727
1763596634391,35.193193433861225,-97.43858172675985,334.3194820661355,0.0,-8.600000381469727
1763596634391,35.193193448714766,-97.43858172668256,334.31933108386454,0.0,-8.600000381469727
1763596634391,35.19319345468243,-97.43858172600456,334.318967754167,0.0,-8.600000381469727
1763596635391,35.19319127247059,-97.43857978940304,333.33821699949254,0.0,-8.600000381469727
1763596635391,35.193191279563976,-97.43857978924514,333.33809160400097,0.0,-8.600000381469727
1763596635391,35.19319128240234,-97.43857978845514,333.3377464780613,0.0,-8.600000381469727
1763596635391,35.193191286519344,-97.43857978773994,333.33741824738496,0.0,-8.600000381469727
1763596635391,35.193191290479625,-97.4385797872055,333.33710664715403,0.0,-8.600000381469727
1763596635391,35.193191299734856,-97.43857978679397,333.33678508917404,0.0,-8.600000381469727
1763596635391,35.193191304411194,-97.43857978636629,333.3364624120848,0.0,-8.600000381469727
1763596635391,35.193191308696996,-97.43857978589759,333.3361042656191,0.0,-8.600000381469727
1763596635391,35.19319131343745,-97.43857978502709,333.3357715285711,0.0,-8.600000381469727
1763596635391,35.19319132119923,-97.43857978459351,333.3355039887105,0.0,-8.600000381469727
1763596635391,35.19319132835676,-97.43857978410611,333.3351653657327,0.0,-8.600000381469727
1763596635391,35.19319133624141,-97.43857978359559,333.33489337582984,0.0,-8.600000381469727
1763596635391,35.19319134115483,-97.43857978284383,333.33458175941934,0.0,-8.600000381469727
1763596635391,35.193191352564945,-97.43857978253496,333.3343356522349,0.0,-8.600000381469727
1763596635391,35.19319135812698,-97.43857978178526,333.3340351838352,0.0,-8.5
1763596635391,35.19319136460958,-97.43857978147358,333.3337543698748,0.0,-8.5
1763596635391,35.193191371333086,-97.43857978116125,333.3334323125478,0.0,-8.5
1763596635391,35.193191381140814,-97.43857978063883,333.3331690016407,0.0,-8.399999618530273
1763596635391,35.193191390214835,-97.43857977997511,333.3328776249461,0.0,-8.399999618530273
1763596635391,35.193191392630965,-97.43857977891935,333.33252484962696,0.0,-8.399999618530273
1763596636391,35.193190125120225,-97.43857848717725,332.37709390013765,0.0,-8.399999618530273
1763596636391,35.193190131874445,-97.43857848735377,332.37708361565467,0.0,-8.399999618530273
1763596636391,35.19319013967672,-97.43857848714491,332.37684103879377,0.0,-8.399999618530273
1763596636391,35.19319014402659,-97.43857848618235,332.37652622384417,0.0,-8.399999618530273
1763596636391,35.19319014732959,-97.43857848525727,332.3761950770266,0.0,-8.399999618530273
1763596636391,35.193190151942325,-97.43857848460912,332.375908460243,0.0,-8.399999618530273
1763596636391,35.19319016236092,-97.43857848446177,332.3756383549939,0.0,-8.399999618530273
1763596636391,35.193190165909506,-97.43857848421099,332.37530219052655,0.0,-8.399999618530273
1763596636391,35.19319017307314,-97.4385784842563,332.3750359387763,0.0,-8.399999618530273
1763596636391,35.19319017804946,-97.4385784837452,332.37471762239585,0.0,-8.399999618530273
1763596636391,35.19319018300103,-97.4385784828762,332.3743703860159,0.0,-8.399999618530273
1763596636391,35.19319019040694,-97.4385784824079,332.37410230185804,0.0,-8.399999618530273
1763596636391,35.193190196201286,-97.43857848212171,332.3737439196106,0.0,-8.399999618530273
1763596636391,35.19319020158667,-97.43857848189145,332.37342844833586,0.0,-8.399999618530273
1763596636391,35.193190204376954,-97.43857848115496,332.373050483449,0.0,-8.399999618530273
1763596636391,35.19319021323708,-97.43857848045242,332.3728165123252,0.0,-8.399999618530273
1763596636391,35.19319022427827,-97.43857847982983,332.3725476183671,0.0,-8.399999618530273
1763596636391,35.193190228891936,-97.43857847920869,332.3722548254675,0.0,-8.399999618530273
1763596636391,35.19319024404624,-97.43857847953822,332.3720323116127,0.0,-8.399999618530273
1763596636391,35.19319024864731,-97.438578479331,332.3717411954899,0.0,-8.399999618530273
1763596637391,35.193190029211834,-97.43857718447768,331.4198017291351,0.0,-8.399999618530273
1763596637391,35.193190031918924,-97.43857718397427,331.4196803583242,0.0,-8.399999618530273
1763596637391,35.193190036272505,-97.43857718292885,331.4193898014441,0.0,-8.399999618530273
1763596637391,35.19319004066868,-97.43857718221881,331.4190823275043,0.0,-8.399999618530273
1763596637391,35.193190051029084,-97.43857718254621,331.4188619960428,0.0,-8.399999618530273
1763596637391,35.19319005984103,-97.43857718239688,331.4186520167632,0.0,-8.399999618530273
1763596637391,35.19319006241952,-97.43857718119672,331.41830937133244,0.0,-8.399999618530273
1763596637391,35.193190072975895,-97.4385771799311,331.41802161107114,0.0,-8.399999618530273
1763596637391,35.193190077525905,-97.43857717878647,331.4177529452459,0.0,-8.399999618530273
1763596637391,35.19319008023201,-97.43857717855077,331.4174031448207,0.0,-8.399999618530273
1763596637391,35.193190095978494,-97.43857717911119,331.41729125954873,0.0,-8.399999618530273
1763596637391,35.19319010156821,-97.43857717894183,331.41696801013035,0.0,-8.399999618530273
1763596637391,35.19319010864336,-97.43857717847678,331.4167242924735,0.0,-8.399999618530273
1763596637391,35.19319011436159,-97.43857717780028,331.4164158340417,0.0,-8.399999618530273
1763596637391,35.193190122051874,-97.43857717706044,331.4161474823615,0.0,-8.399999618530273
1763596637391,35.193190124789496,-97.43857717610646,331.4157888431215,0.0,-8.399999618530273
1763596637391,35.193190133144356,-97.43857717569092,331.41550420327206,0.0,-8.399999618530273
1763596637391,35.193190140368074,-97.43857717480815,331.415192196243,0.0,-8.399999618530273
1763596637391,35.19319015282397,-97.43857717490353,331.41499208895414,0.0,-8.399999618530273
1763596637391,35.19319015607251,-97.43857717462961,331.4146319940761,0.0,-8.399999618530273
1763596638391,35.19318981469804,-97.43857599786217,330.66992456774295,0.0,-8.399999618530273
1763596638391,35.193189818529895,-97.43857599747278,330.66975896840626,0.0,-8.399999618530273
1763596638391,35.193189823464294,-97.438575996172,330.6694200660914,0.0,-8.399999618530273
1763596638391,35.19318982936934,-97.43857599507845,330.66916004409546,0.0,-8.399999618530273
1763596638391,35.19318983068488,-97.43857599421116,330.6687892428304,0.0,-8.399999618530273
1763596638391,35.19318983994897,-97.43857599436694,330.66857289171895,0.0,-8.399999618530273
1763596638391,35.193189845241264,-97.43857599454005,330.66826089810826,0.0,-8.399999618530273
1763596638391,35.19318984843739,-97.43857599401998,330.66793771562436,0.0,-8.399999618530273
1763596638391,35.193189857475964,-97.43857599380465,330.667681358508,0.0,-8.399999618530273
1763596638391,35.193189860182606,-97.4385759927425,330.6673183390302,0.0,-8.399999618530273
1763596638391,35.193189870819936,-97.43857599245364,330.66711286480404,0.0,-8.399999618530273
1763596638391,35.19318987531335,-97.438575991954,330.6668063339052,0.0,-8.399999618530273
1763596638391,35.193189883742235,-97.43857599191936,330.6665390118884,0.0,-8.399999618530273
1763596638391,35.193189887030904,-97.4385759913941,330.66619726726424,0.0,-8.399999618530273
1763596638391,35.19318989180096,-97.43857599079793,330.6658685544769,0.0,-8.399999618530273
1763596638391,35.19318989537282,-97.43857599015416,330.6655013018776,0.0,-8.399999618530273
1763596638391,35.19318989934338,-97.43857598987384,330.6651763454482,0.0,-8.399999618530273
1763596638391,35.19318990497754,-97.4385759895235,330.6648584468605,0.0,-8.399999618530273
1763596638391,35.19318991638067,-97.43857598932766,330.66468159615044,0.0,-8.399999618530273
1763596638391,35.1931899192617,-97.43857598846134,330.6643219858623,0.0,-8.699999809265137
1763596639391,35.19318912838455,-97.43857492964412,329.9915068800587,0.0,-8.800000190734863
1763596639391,35.19318912910963,-97.43857492912562,329.9913678316429,0.0,-8.800000190734863
1763596639391,35.19318914079882,-97.43857492930731,329.9911937225492,0.0,-8.800000190734863
1763596639391,35.19318914677728,-97.43857492944046,329.99094272252165,0.0,-8.800000190734863
1763596639391,35.19318915287321,-97.43857492954227,329.99069667606193,0.0,-8.800000190734863
1763596639391,35.19318915650157,-97.43857492848758,329.9904629796679,0.0,-8.800000190734863
1763596639391,35.19318915917929,-97.438574926234,329.990165069301,0.0,-8.800000190734863
1763596639391,35.19318916130178,-97.43857492385519,329.98984380096823,0.0,-8.800000190734863
1763596639391,35.19318916687785,-97.43857492279203,329.9896087053013,0.0,-8.800000190734863
1763596639391,35.193189172302546,-97.4385749225082,329.98933478322755,0.0,-8.800000190734863
1763596639391,35.19318917909185,-97.43857492285137,329.989068674629,0.0,-8.800000190734863
1763596639391,35.193189186184625,-97.438574922418,329.98883467899964,0.0,-8.800000190734863
1763596639391,35.193189190264505,-97.43857492149638,329.9885441947813,0.0,-8.800000190734863
1763596639391,35.19318919481599,-97.43857492015339,329.98828679678337,0.0,-8.800000190734863
1763596639391,35.193189198751874,-97.43857491948182,329.98797434968964,0.0,-8.800000190734863
1763596639391,35.1931892035263,-97.43857491881913,329.9877258214937,0.0,-8.800000190734863
1763596639391,35.19318920774256,-97.43857491837589,329.98741515540695,0.0,-8.800000190734863
1763596639391,35.19318921420814,-97.43857491720179,329.9871276980197,0.0,-8.800000190734863
1763596639391,35.193189217918814,-97.43857491566831,329.98682181788223,0.0,-8.800000190734863
1763596639391,35.193189226473706,-97.438574914415,329.98662267259186,0.0,-8.800000190734863
1763596640391,35.193188490623626,-97.43857418941901,329.38921215371596,0.0,-8.800000190734863
1763596640391,35.19318849809533,-97.43857419001313,329.38920412631654,0.0,-8.800000190734863
1763596640391,35.19318850201059,-97.43857418958704,329.38886362762685,0.0,-8.800000190734863
1763596640391,35.1931885054951,-97.4385741886156,329.3885890020423,0.0,-8.800000190734863
1763596640391,35.193188509077466,-97.43857418673137,329.3882944467072,0.0,-8.800000190734863
1763596640391,35.19318851775008,-97.43857418503254,329.3881431779325,0.0,-8.800000190734863
1763596640391,35.19318851814404,-97.43857418378568,329.38775919429054,0.0,-8.800000190734863
1763596640391,35.193188522152596,-97.43857418344273,329.3874393880376,0.0,-8.800000190734863
1763596640391,35.193188528435165,-97.43857418331174,329.3871951557283,0.0,-8.800000190734863
1763596640391,35.19318853396714,-97.43857418257879,329.38692524571536,0.0,-8.800000190734863
1763596640391,35.193188536345026,-97.43857418116485,329.3866346425059,0.0,-8.800000190734863
1763596640391,35.19318854379109,-97.43857417983558,329.38643191973665,0.0,-8.800000190734863
1763596640391,35.19318854725931,-97.43857417868048,329.38610439650506,0.0,-8.800000190734863
1763596640391,35.19318855425948,-97.43857417819085,329.38586209662014,0.0,-8.800000190734863
1763596640391,35.19318855858151,-97.43857417805364,329.38555601302875,0.0,-8.800000190734863
1763596640391,35.19318856502894,-97.43857417739426,329.3853273393097,0.0,-8.800000190734863
1763596640391,35.1931885679761,-97.43857417611241,329.38502714729424,0.0,-8.800000190734863
1763596640391,35.193188578056585,-97.43857417525317,329.3848554537183,0.0,-8.800000190734863
1763596640391,35.19318858687076,-97.43857417464993,329.38464260130775,0.0,-8.800000190734863
1763596640391,35.19318859573215,-97.43857417443205,329.38441440298885,0.0,-8.800000190734863
1763596641391,35.19318774559058,-97.43857361596527,328.8846681110622,0.0,-8.800000190734863
1763596641391,35.1931877542749,-97.43857361636292,328.884614175544,0.0,-8.800000190734863
1763596641391,35.1931877627757,-97.43857361508768,328.8843523495,0.0,-8.800000190734863
1763596641391,35.193187767594836,-97.43857361400629,328.884107631283,0.0,-8.800000190734863
1763596641391,35.1931877690084,-97.43857361262786,328.8837872067186,0.0,-8.800000190734863
1763596641391,35.193187778467674,-97.43857361192116,328.88356240917983,0.0,-8.800000190734863
1763596641391,35.19318778144187,-97.43857361083273,328.88329293789945,0.0,-8.800000190734863
1763596641391,35.193187790147114,-97.43857361054758,328.8830550247411,0.0,-8.800000190734863
1763596641391,35.193187792502684,-97.43857360934611,328.8827408699662,0.0,-8.800000190734863
1763596641391,35.19318780137653,-97.43857360838301,328.88261717328743,0.0,-8.800000190734863
1763596641391,35.193187803413934,-97.43857360684459,328.88227826195555,0.0,-8.800000190734863
1763596641391,35.19318780507689,-97.43857360629092,328.8819804544919,0.0,-8.800000190734863
1763596641391,35.19318780883005,-97.43857360524497,328.88165194398505,0.0,-8.800000190734863
1763596641391,35.19318781371082,-97.43857360392383,328.88140738703834,0.0,-8.800000190734863
1763596641391,35.193187816376756,-97.43857360297694,328.8811071499947,0.0,-8.800000190734863
1763596641391,35.19318781912,-97.43857360202193,328.88080068332124,0.0,-8.800000190734863
1763596641391,35.19318782065559,-97.43857360118756,328.8804519761215,0.0,-8.800000190734863
1763596641391,35.19318782638722,-97.43857360087296,328.8801874718355,0.0,-8.800000190734863
1763596641391,35.193187833568494,-97.43857359971285,328.87999277733184,0.0,-8.800000190734863
1763596641391,35.19318783717189,-97.43857359835205,328.87968267543164,0.0,-8.800000190734863
1763596642391,35.19318681434432,-97.43857322312022,328.4361289550996,0.0,-8.800000190734863
1763596642391,35.193186818176024,-97.43857322297703,328.4360384973607,0.0,-8.800000190734863
1763596642391,35.19318681971627,-97.43857322197951,328.4356952670167,0.0,-8.800000190734863
1763596642391,35.19318682327102,-97.43857322123996,328.43544525017495,0.0,-8.800000190734863
1763596642391,35.19318682555867,-97.43857322035353,328.43512010450496,0.0,-8.800000190734863
1763596642391,35.19318683161449,-97.4385732197742,328.434903791515,0.0,-8.800000190734863
1763596642391,35.193186837863536,-97.43857321947674,328.43464082109125,0.0,-8.800000190734863
1763596642391,35.193186839504854,-97.43857321809978,328.4342937386041,0.0,-8.800000190734863
1763596642391,35.19318685002561,-97.43857321764682,328.4341366564784,0.0,-8.800000190734863
1763596642391,35.193186855400185,-97.438573216622,328.43386652823176,0.0,-8.800000190734863
1763596642391,35.19318685726339,-97.43857321511418,328.4335473199284,0.0,-8.800000190734863
1763596642391,35.19318685845215,-97.43857321414316,328.43320845792533,0.0,-8.800000190734863
1763596642391,35.193186867261176,-97.43857321386018,328.43302695161816,0.0,-8.800000190734863
1763596642391,35.19318687178223,-97.43857321323614,328.43276646498714,0.0,-8.800000190734863
1763596642391,35.193186872878385,-97.43857321239744,328.432427979042,0.0,-8.800000190734863
1763596642391,35.19318687546938,-97.43857321144179,328.43213473223943,0.0,-8.800000190734863
1763596642391,35.19318687603235,-97.43857321011897,328.43178254053475,0.0,-8.800000190734863
1763596642391,35.19318688126787,-97.43857320936496,328.4315167700692,0.0,-8.800000190734863
1763596642391,35.193186892378435,-97.43857320916014,328.43140424607816,0.0,-8.800000190734863
1763596642391,35.19318689448873,-97.43857320813709,328.43106704889476,0.0,-8.800000190734863
1763596643391,35.193185933445314,-97.43857276763819,328.0339026228027,0.0,-8.800000190734863
1763596643391,35.193185936666936,-97.43857276754494,328.0338080446072,0.0,-8.800000190734863
1763596643391,35.1931859376289,-97.4385727669024,328.03341675896587,0.0,-8.800000190734863
1763596643391,35.19318594171151,-97.43857276615748,328.03312819888606,0.0,-8.800000190734863
1763596643391,35.193185942197005,-97.43857276491757,328.0327869122449,0.0,-8.800000190734863
1763596643391,35.1931859484368,-97.43857276439041,328.0325348637762,0.0,-8.800000190734863
1763596643391,35.19318595091396,-97.43857276322424,328.03222744224234,0.0,-8.800000190734863
1763596643391,35.193185950918206,-97.4385727623531,328.03183330092634,0.0,-8.800000190734863
1763596643391,35.19318595778151,-97.43857276179249,328.03153941690886,0.0,-8.800000190734863
1763596643391,35.19318596119357,-97.43857276113923,328.0312281298668,0.0,-8.800000190734863
1763596643391,35.19318596312105,-97.43857276030684,328.03092359989665,0.0,-8.800000190734863
1763596643391,35.19318596560595,-97.43857275944492,328.0306010599271,0.0,-8.800000190734863
1763596643391,35.19318596935323,-97.43857275872902,328.03029708351556,0.0,-8.800000190734863
1763596643391,35.19318596926206,-97.43857275766997,328.0299367762832,0.0,-8.800000190734863
1763596643391,35.19318597373417,-97.43857275729435,328.0296719319013,0.0,-8.800000190734863
1763596643391,35.19318597578655,-97.43857275622433,328.02934943136114,0.0,-8.800000190734863
1763596643391,35.193185979540175,-97.4385727553422,328.029032167515,0.0,-8.800000190734863
1763596643391,35.19318598300475,-97.43857275474545,328.0287774267205,0.0,-8.800000190734863
1763596643391,35.19318598461245,-97.43857275383245,328.0284360717897,0.0,-8.800000190734863
1763596643391,35.19318598923506,-97.43857275347897,328.0281862057048,0.0,-8.800000190734863
1763596644391,35.19318496907732,-97.43857230806316,327.6512615066515,0.0,-8.800000190734863
1763596644391,35.19318496983233,-97.43857230796975,327.65111561884595,0.0,-8.800000190734863
1763596644391,35.19318496998939,-97.43857230715922,327.6508085205492,0.0,-8.800000190734863
1763596644391,35.193184970095736,-97.43857230599453,327.6504701107266,0.0,-8.800000190734863
1763596644391,35.19318497145866,-97.43857230536919,327.65014529399616,0.0,-8.800000190734863
1763596644391,35.1931849767947,-97.43857230495476,327.64996963842316,0.0,-8.800000190734863
1763596644391,35.19318497912816,-97.4385723042977,327.6496927495691,0.0,-8.800000190734863
1763596644391,35.19318498126534,-97.43857230379164,327.6494037254006,0.0,-8.800000190734863
1763596644391,35.19318498664231,-97.43857230351334,327.64918834203684,0.0,-8.800000190734863
1763596644391,35.193184988029365,-97.43857230254163,327.6488903663728,0.0,-8.800000190734863
1763596644391,35.19318498654458,-97.43857230196912,327.6485547720377,0.0,-8.800000190734863
1763596644391,35.19318498587799,-97.43857230102898,327.6481848534916,0.0,-8.800000190734863
1763596644391,35.1931849887589,-97.43857230013435,327.6479532812173,0.0,-8.800000190734863
1763596644391,35.19318499445215,-97.43857229942145,327.64770044896005,0.0,-8.800000190734863
1763596644391,35.193184993259145,-97.43857229867545,327.6473221880825,0.0,-8.800000190734863
1763596644391,35.19318499372104,-97.43857229805407,327.6470346272762,0.0,-8.800000190734863
1763596644391,35.19318500002349,-97.43857229803636,327.64682447284554,0.0,-8.800000190734863
1763596644391,35.19318500375834,-97.4385722975862,327.64659974007975,0.0,-8.800000190734863
1763596644391,35.19318500320041,-97.4385722964389,327.6462474590047,0.0,-8.800000190734863
1763596644391,35.19318500424571,-97.43857229543045,327.6459159379885,0.0,-8.800000190734863
1763596645391,35.19318412311702,-97.43857180136499,327.3344863365033,0.0,-8.800000190734863
1763596645391,35.19318412639422,-97.43857180142624,327.3343882033711,0.0,-8.800000190734863
1763596645391,35.19318412565543,-97.43857180055643,327.3340472224193,0.0,-8.800000190734863
1763596645391,35.19318413181316,-97.43857179976678,327.3338573308474,0.0,-8.800000190734863
1763596645391,35.193184130859585,-97.43857179908277,327.3335128745115,0.0,-8.800000190734863
1763596645391,35.19318413631544,-97.43857179861538,327.33331401102305,0.0,-8.800000190734863
1763596645391,35.193184138116855,-97.43857179748967,327.33303944474113,0.0,-8.800000190734863
1763596645391,35.19318414060879,-97.4385717972042,327.3327319134152,0.0,-8.800000190734863
1763596645391,35.19318414635052,-97.43857179676039,327.3325059321062,0.0,-8.800000190734863
1763596645391,35.19318414860367,-97.43857179642033,327.3322134170952,0.0,-8.800000190734863
1763596645391,35.19318415001403,-97.43857179567875,327.3318969194799,0.0,-8.800000190734863
1763596645391,35.19318415279519,-97.43857179514681,327.3316158616137,0.0,-8.800000190734863
1763596645391,35.193184151749136,-97.43857179431356,327.3312624559079,0.0,-8.800000190734863
1763596645391,35.193184151726726,-97.43857179375304,327.3309165326758,0.0,-8.800000190734863
1763596645391,35.19318415473663,-97.43857179288453,327.3307164289925,0.0,-8.800000190734863
1763596645391,35.19318415583785,-97.4385717922038,327.33039707008095,0.0,-8.800000190734863
1763596645391,35.1931841569326,-97.43857179137017,327.33003435588756,0.0,-8.800000190734863
1763596645391,35.19318415900824,-97.43857179072002,327.32976937701267,0.0,-8.800000190734863
1763596646391,35.19318318283955,-97.43857119696781,327.08398968786145,0.0,-8.800000190734863
1763596646391,35.19318318521619,-97.43857119695772,327.0837618910018,0.0,-8.800000190734863
1763596646391,35.1931831853017,-97.4385711962278,327.08347824506006,0.0,-8.800000190734863
1763596646391,35.19318318490132,-97.43857119576546,327.08317794615874,0.0,-8.800000190734863
1763596646391,35.193183184875636,-97.4385711951473,327.082828548982,0.0,-8.800000190734863
1763596646391,35.19318318518799,-97.43857119484817,327.08255266085325,0.0,-8.800000190734863
1763596646391,35.1931831835915,-97.43857119394407,327.0822100876468,0.0,-8.800000190734863
1763596646391,35.193183183009666,-97.43857119292701,327.0819040732034,0.0,-8.800000190734863
1763596646391,35.19318318583813,-97.43857119229256,327.0816528543327,0.0,-8.800000190734863
1763596646391,35.19318318453803,-97.43857119155233,327.08129094365216,0.0,-8.800000190734863
1763596646391,35.19318318802255,-97.43857119094183,327.08106158060286,0.0,-8.800000190734863
1763596646391,35.19318319254272,-97.43857119091368,327.0809127238535,0.0,-8.800000190734863
1763596646391,35.193183194119946,-97.43857119007903,327.0806110545546,0.0,-8.800000190734863
1763596646391,35.193183194733216,-97.4385711893546,327.0803032309634,0.0,-8.800000190734863
1763596646391,35.193183200144965,-97.43857118900877,327.08013129587556,0.0,-8.800000190734863
1763596646391,35.19318319849424,-97.43857118804947,327.0797994002191,0.0,-8.800000190734863
1763596646391,35.193183200194284,-97.43857118739956,327.0795113845533,0.0,-8.800000190734863
1763596646391,35.1931832015244,-97.43857118717727,327.0792139321854,0.0,-8.800000190734863
1763596646391,35.19318320484467,-97.4385711863135,327.07899505865424,0.0,-8.800000190734863
1763596646391,35.19318320308607,-97.43857118503946,327.07862696622595,0.0,-8.800000190734863
1763596646391,35.193183206823875,-97.43857118415767,327.0783938862501,0.0,-8.800000190734863
1763596647391,35.19318280536036,-97.43857061852758,326.8795647885361,0.0,-8.800000190734863
1763596647391,35.19318281030142,-97.43857061877138,326.87954667580453,0.0,-8.800000190734863
1763596647391,35.19318281235604,-97.43857061875029,326.87928873857237,0.0,-8.800000190734863
1763596647391,35.19318281343833,-97.43857061840667,326.8789721557845,0.0,-8.800000190734863
1763596647391,35.19318281275358,-97.43857061784723,326.87868676265,0.0,-8.800000190734863
1763596647391,35.19318281345602,-97.43857061728767,326.8784130210421,0.0,-8.800000190734863
1763596647391,35.19318281327659,-97.43857061657756,326.87809404314197,0.0,-8.800000190734863
1763596647391,35.193182809652654,-97.43857061553977,326.8777108062164,0.0,-8.800000190734863
1763596647391,35.193182815153584,-97.43857061528574,326.87752572103614,0.0,-8.800000190734863
1763596647391,35.193182817597084,-97.43857061498001,326.87722404332135,0.0,-8.800000190734863
1763596647391,35.193182813516145,-97.4385706139521,326.87681785902146,0.0,-8.800000190734863
1763596647391,35.19318281627086,-97.43857061352091,326.87660141438664,0.0,-8.800000190734863
1763596647391,35.19318281703026,-97.43857061308474,326.8763343981858,0.0,-8.800000190734863
1763596647391,35.19318281637594,-97.43857061226987,326.8760047385019,0.0,-8.800000190734863
1763596647391,35.193182818279766,-97.43857061176843,326.8757400181146,0.0,-8.800000190734863
1763596647391,35.193182818474554,-97.43857061124274,326.8754316501652,0.0,-8.800000190734863
1763596647391,35.1931828199983,-97.43857061072626,326.8751581613913,0.0,-8.800000190734863
1763596647391,35.19318281976497,-97.4385706096887,326.8748532814903,0.0,-8.800000190734863
1763596647391,35.19318281683865,-97.43857060894209,326.8745155935326,0.0,-8.800000190734863
1763596647391,35.19318282230582,-97.43857060856206,326.8743590381569,0.0,-8.800000190734863
1763596648391,35.19318297198002,-97.43857008748343,326.6995561865098,0.0,-8.800000190734863
1763596648391,35.19318297717647,-97.43857008711329,326.6994910748201,0.0,-8.800000190734863
1763596648391,35.1931829793345,-97.43857008669653,326.69921172475864,0.0,-8.800000190734863
1763596648391,35.19318298033512,-97.43857008559728,326.69892809647365,0.0,-8.800000190734863
1763596648391,35.19318298419882,-97.43857008485901,326.6986940911684,0.0,-8.800000190734863
1763596648391,35.19318298592134,-97.4385700842505,326.6984377504365,0.0,-8.800000190734863
1763596648391,35.19318298668784,-97.43857008403194,326.69810239427267,0.0,-8.800000190734863
1763596648391,35.19318298799352,-97.43857008415262,326.69777197477754,0.0,-8.800000190734863
1763596648391,35.19318299409743,-97.43857008404756,326.69760472285844,0.0,-8.800000190734863
1763596648391,35.19318299448202,-97.43857008305535,326.6972287367886,0.0,-8.800000190734863
1763596648391,35.193182998156026,-97.4385700824218,326.69700214984874,0.0,-8.800000190734863
1763596648391,35.19318300372533,-97.4385700818301,326.6968412416323,0.0,-8.800000190734863
1763596648391,35.19318300530567,-97.43857008122832,326.6965679317495,0.0,-8.800000190734863
1763596648391,35.19318301042798,-97.43857008089385,326.6963329905442,0.0,-8.800000190734863
1763596648391,35.193183016134135,-97.43857008065837,326.69613394822545,0.0,-8.800000190734863
1763596648391,35.19318301787926,-97.43857008022673,326.69583503110056,0.0,-8.800000190734863
1763596648391,35.19318302175817,-97.43857007976113,326.69563377887215,0.0,-8.800000190734863
1763596648391,35.193183022718635,-97.43857007888971,326.69543383998183,0.0,-8.800000190734863
1763596648391,35.19318302448524,-97.43857007722336,326.695168786506,0.0,-8.800000190734863
1763596648391,35.19318302545973,-97.4385700761861,326.69489103573216,0.0,-8.800000190734863
1763596649391,35.19318325806111,-97.43856958673418,326.55295348581774,0.0,-8.800000190734863
1763596649391,35.193183259888286,-97.43856958617799,326.55279250359695,0.0,-8.800000190734863
1763596649391,35.19318326083195,-97.43856958479849,326.5524550157448,0.0,-8.800000190734863
1763596649391,35.193183264731445,-97.43856958327872,326.5522400739814,0.0,-8.800000190734863
1763596649391,35.19318326461287,-97.43856958239225,326.5519217890784,0.0,-8.800000190734863
1763596649391,35.19318326341299,-97.43856958197286,326.55157983284266,0.0,-8.800000190734863
1763596649391,35.193183264561604,-97.43856958139204,326.55138707993694,0.0,-8.800000190734863
1763596649391,35.19318326454586,-97.43856958156886,326.5511295532608,0.0,-8.800000190734863
1763596649391,35.193183268002215,-97.43856958044532,326.55081575226023,0.0,-8.800000190734863
1763596649391,35.19318326608274,-97.43856957719265,326.5503172306944,0.0,-8.800000190734863
1763596649391,35.193183263453705,-97.4385695731493,326.54984246986623,0.0,-8.800000190734863
1763596649391,35.193183264752086,-97.43856957014931,326.5495418985087,0.0,-8.800000190734863
1763596649391,35.19318326726321,-97.43856956934884,326.5492537934683,0.0,-8.800000190734863
1763596649391,35.193183275588375,-97.43856956931832,326.5490873092087,0.0,-8.800000190734863
1763596649391,35.193183281857905,-97.43856956968492,326.54888518237794,0.0,-8.800000190734863
1763596649391,35.193183282873086,-97.4385695690217,326.5485419642007,0.0,-8.800000190734863
1763596649391,35.193183283216946,-97.43856956752363,326.548290286873,0.0,-8.699999809265137
1763596649391,35.19318328555692,-97.43856956454897,326.54804018846704,0.0,-8.600000381469727
1763596649391,35.193183288509914,-97.4385695630173,326.5478341030947,0.0,-8.5
1763596649391,35.193183292229385,-97.43856956318115,326.54760824997487,0.0,-8.5
1763596650391,35.19318390244764,-97.43856917821839,326.4142405551998,0.0,-8.5
1763596650391,35.19318390442131,-97.43856917621339,326.4139803172817,0.0,-8.5
1763596650391,35.193183905213985,-97.43856917450799,326.41371050532376,0.0,-8.5
1763596650391,35.193183908030505,-97.43856917280516,326.413487186724,0.0,-8.399999618530273
1763596650391,35.19318390965841,-97.43856917079691,326.4131583010791,0.0,-8.100000381469727
1763596650391,35.1931839119349,-97.4385691699438,326.4128471641764,0.0,-8.100000381469727
1763596650391,35.1931839188068,-97.43856917023442,326.4126310119031,0.0,-8.199999809265137
1763596650391,35.193183920783525,-97.43856916985207,326.41235452244956,0.0,-8.199999809265137
1763596650391,35.19318392311866,-97.43856916910764,326.41216193647637,0.0,-8.199999809265137
1763596650391,35.193183921161136,-97.43856916759286,326.41181129707553,0.0,-8.199999809265137
1763596650391,35.19318392733743,-97.43856916701087,326.41162050203064,0.0,-8.199999809265137
1763596650391,35.19318392949231,-97.43856916601777,326.4113252194754,0.0,-8.199999809265137
1763596650391,35.19318393139355,-97.43856916500896,326.41101597272177,0.0,-8.199999809265137
1763596650391,35.193183931972804,-97.43856916402999,326.41064720576,0.0,-8.199999809265137
1763596650391,35.19318393405189,-97.43856916270016,326.4104226969971,0.0,-8.199999809265137
1763596650391,35.19318393375227,-97.43856916157097,326.41001547619726,0.0,-8.199999809265137
1763596650391,35.19318393467268,-97.43856915986349,326.40969767513377,0.0,-8.100000381469727
1763596650391,35.19318393343824,-97.43856915941332,326.409327277845,0.0,-8.100000381469727
1763596650391,35.19318393607141,-97.4385691588563,326.40908392105734,0.0,-8.199999809265137
1763596651391,35.19318455645729,-97.43856874185064,326.30901596574336,0.0,-8.100000381469727
1763596651391,35.193184558100945,-97.43856874105656,326.3087940471409,0.0,-8.199999809265137
1763596651391,35.19318455831785,-97.43856873965899,326.3084562233835,0.0,-8.199999809265137
1763596651391,35.19318455909346,-97.43856873821974,326.30813330890743,0.0,-8.100000381469727
1763596651391,35.193184561544626,-97.43856873711576,326.3078661603894,0.0,-8.199999809265137
1763596651391,35.193184562167765,-97.43856873639619,326.3075257774645,0.0,-8.199999809265137
1763596651391,35.19318456154067,-97.43856873559743,326.3071667577521,0.0,-8.199999809265137
1763596651391,35.193184564884845,-97.43856873546441,326.30688756831125,0.0,-8.199999809265137
1763596651391,35.19318456482257,-97.43856873472875,326.30653271483874,0.0,-8.199999809265137
1763596651391,35.1931845635073,-97.4385687329399,326.3061167960788,0.0,-8.199999809265137
1763596651391,35.19318456404997,-97.43856873071462,326.30586907232595,0.0,-8.199999809265137
1763596651391,35.193184564713114,-97.43856872833817,326.3056721327741,0.0,-8.199999809265137
1763596651391,35.19318456245779,-97.43856872507297,326.3054164673596,0.0,-8.199999809265137
1763596651391,35.1931845624806,-97.43856872234105,326.30521971793854,0.0,-8.199999809265137
1763596651391,35.19318456288869,-97.43856871922205,326.30498232947514,0.0,-8.199999809265137
1763596651391,35.1931845634207,-97.43856871605144,326.3047191950386,0.0,-8.199999809265137
1763596651391,35.19318457319376,-97.43856871209518,326.30473728267947,0.0,-8.100000381469727
1763596651391,35.1931845841746,-97.43856870810055,326.3047251475712,0.0,-8.100000381469727
1763596651391,35.19318459682227,-97.43856870327478,326.304738116914,0.0,-8.199999809265137
1763596651391,35.193184621988344,-97.43856870200476,326.30493124915455,0.0,-8.100000381469727
1763596652391,35.193185180582255,-97.43856826688442,326.21792853411733,0.0,-8.100000381469727
1763596652391,35.19318520418418,-97.43856826615419,326.2183511666991,0.0,-8.199999809265137
1763596652391,35.19318523358931,-97.438568265328,326.2186135213794,0.0,-8.199999809265137
1763596652391,35.193185261139796,-97.43856826663448,326.2187824527652,0.0,-8.199999809265137
1763596652391,35.19318530094044,-97.43856827303205,326.2189195129969,0.0,-8.199999809265137
1763596652391,35.19318533322924,-97.43856828362301,326.2188233276192,0.0,-8.199999809265137
1763596652391,35.19318536638541,-97.43856829828744,326.218565188886,0.0,-8.199999809265137
1763596652391,35.193185376791696,-97.43856830271895,326.21805365763373,0.0,-8.199999809265137
1763596652391,35.193185373142846,-97.43856829597945,326.21749494055086,0.0,-8.199999809265137
1763596652391,35.193185365633866,-97.43856828653522,326.21719639513833,0.0,-8.199999809265137
1763596652391,35.19318535854259,-97.43856827544444,326.2170661510411,0.0,-8.199999809265137
1763596652391,35.19318537179821,-97.43856827490713,326.21714877093564,0.0,-8.300000190734863
1763596652391,35.19318539251768,-97.43856828028878,326.216969313576,0.0,-8.300000190734863
1763596652391,35.193185406155166,-97.4385682868296,326.21638717901664,0.0,-8.300000190734863
1763596652391,35.193185415821446,-97.43856828706897,326.2159626336386,0.0,-8.300000190734863
1763596652391,35.19318541547379,-97.43856828403595,326.21564085014637,0.0,-8.300000190734863
1763596652391,35.19318540520604,-97.4385682778441,326.21529127400635,0.0,-8.300000190734863
1763596652391,35.193185405628924,-97.43856827463841,326.215095958412,0.0,-8.300000190734863
1763596652391,35.19318541369201,-97.43856827492606,326.2148742828912,0.0,-8.300000190734863
1763596652391,35.19318542628188,-97.43856827774296,326.2144974801903,0.0,-8.300000190734863
1763596653391,35.19318578342993,-97.43856779615379,326.1370410851044,0.0,-8.300000190734863
1763596653391,35.193185785259885,-97.43856779529328,326.13685124563887,0.0,-8.300000190734863
1763596653391,35.19318578762181,-97.43856779168837,326.13661973543776,0.0,-8.300000190734863
1763596653391,35.19318578753059,-97.43856778833866,326.13633516562663,0.0,-8.300000190734863
1763596653391,35.19318579047763,-97.43856778744009,326.136053990967,0.0,-8.300000190734863
1763596653391,35.193185799546896,-97.4385677880509,326.13574511409024,0.0,-8.300000190734863
1763596653391,35.19318580833478,-97.43856778912402,326.1353766811134,0.0,-8.300000190734863
1763596653391,35.19318581693681,-97.43856778964549,326.13509582909325,0.0,-8.300000190734863
1763596653391,35.193185830330385,-97.43856778886378,326.13501012444516,0.0,-8.300000190734863
1763596653391,35.193185833042875,-97.43856778707277,326.1346995615256,0.0,-8.300000190734863
1763596653391,35.193185834390256,-97.43856778549588,326.1343574272104,0.0,-8.300000190734863
1763596653391,35.19318584786725,-97.43856778551786,326.1341008444799,0.0,-8.199999809265137
1763596653391,35.193185860631345,-97.43856778663267,326.1338229932622,0.0,-8.199999809265137
1763596653391,35.19318587880676,-97.43856778717176,326.1337567649072,0.0,-8.199999809265137
1763596653391,35.193185884137584,-97.4385677870122,326.13351841104475,0.0,-8.199999809265137
1763596653391,35.19318588672023,-97.43856778607208,326.13329415935476,0.0,-8.199999809265137
1763596653391,35.193185889226434,-97.43856778477159,326.13296952097056,0.0,-8.199999809265137
1763596653391,35.193185897288025,-97.43856778401204,326.132735541839,0.0,-8.199999809265137
1763596653391,35.19318590455026,-97.43856778342877,326.1324743674121,0.0,-8.199999809265137
1763596653391,35.19318591485015,-97.43856778328187,326.1321738251295,0.0,-8.199999809265137
1763596654391,35.19318611435126,-97.4385673847212,326.06482323892413,0.0,-8.199999809265137
1763596654391,35.193186117975245,-97.4385673837158,326.0645029829951,0.0,-8.199999809265137
1763596654391,35.19318612080211,-97.4385673828231,326.0641590275732,0.0,-8.199999809265137
1763596654391,35.19318612859073,-97.43856738216371,326.0638473661519,0.0,-8.199999809265137
1763596654391,35.19318613645146,-97.43856738171672,326.06358597835947,0.0,-8.300000190734863
1763596654391,35.19318613854806,-97.43856738096532,326.0632105093008,0.0,-8.800000190734863
1763596654391,35.19318615046469,-97.43856738017509,326.06304368287493,0.0,-9.5
1763596654391,35.193186158967016,-97.4385673793234,326.0627625632516,0.0,-10.600000381469727
1763596654391,35.193186170616315,-97.43856737863803,326.06254745123687,0.0,-12.199999809265137
1763596654391,35.19318617484638,-97.43856737865154,326.0621781576166,0.0,-13.699999809265137
1763596654391,35.19318617935919,-97.4385673782169,326.0618879934856,0.0,-14.699999809265137
1763596654391,35.1931861856802,-97.4385673770563,326.06158572154715,0.0,-15.399999618530273
1763596654391,35.1931861949067,-97.43856737655197,326.06135947137466,0.0,-15.800000190734863
1763596654391,35.19318620281149,-97.43856737596431,326.0611107872025,0.0,-15.800000190734863
1763596654391,35.193186211007244,-97.43856737537607,326.0608203583471,0.0,-15.899999618530273
1763596654391,35.193186218005955,-97.43856737495155,326.0605135525832,0.0,-16.100000381469727
1763596654391,35.193186227526795,-97.43856737417283,326.06030309619996,0.0,-16.5
1763596654391,35.19318622851903,-97.43856737342044,326.05993340463124,0.0,-16.5
1763596654391,35.19318623468683,-97.4385673727151,326.05964110459826,0.0,-16.399999618530273
1763596654391,35.1931862399586,-97.43856737324131,326.0593274346658,0.0,-16.100000381469727
1763596655391,35.19318628821149,-97.4385670953004,326.0050354732008,0.0,-15.699999809265137
1763596655391,35.19318630051395,-97.43856709121243,326.00522833054134,0.0,-15.5
1763596655391,35.19318629904822,-97.43856708494717,326.0049038195646,0.0,-15.399999618530273
1763596655391,35.193186309409185,-97.43856708511707,326.004676948285,0.0,-15.399999618530273
1763596655391,35.19318631411919,-97.43856708329092,326.00451084497763,0.0,-15.5
1763596655391,35.193186317944466,-97.43856708309815,326.00427022277034,0.0,-15.5
1763596655391,35.19318632457712,-97.43856708403926,326.0041294034951,0.0,-16.100000381469727
1763596655391,35.19318632801176,-97.4385670841139,326.003804457392,0.0,-16.600000381469727
1763596655391,35.19318633546313,-97.43856708380046,326.0036079010824,0.0,-17.0
1763596655391,35.193186344241994,-97.43856708208313,326.00338660446533,0.0,-17.0
1763596655391,35.19318634477042,-97.43856707884976,326.0030501835737,0.0,-17.0
1763596655391,35.19318635825831,-97.43856707661432,326.00295797113415,0.0,-17.0
1763596655391,35.193186362891325,-97.43856707495706,326.00269795301756,0.0,-17.100000381469727
1763596655391,35.19318636520279,-97.43856707461688,326.0024153269386,0.0,-17.100000381469727
1763596655391,35.19318636950378,-97.43856707498357,326.00219404855113,0.0,-17.100000381469727
1763596655391,35.193186378237,-97.43856707502368,326.00204593489127,0.0,-17.100000381469727
1763596655391,35.1931863829888,-97.43856707373165,326.0018829351298,0.0,-17.0
1763596655391,35.19318638636855,-97.43856707179756,326.00161772751414,0.0,-16.200000762939453
1763596655391,35.1931863922179,-97.43856706845978,326.0015110197552,0.0,-16.299999237060547
1763596655391,35.193186395654,-97.43856706588201,326.0013534890262,0.0,-17.100000381469727
1763596656391,35.19318592779234,-97.43856692950433,325.95410784807893,0.0,-17.5
1763596656391,35.19318593221779,-97.43856692792188,325.954000600151,0.0,-17.700000762939453
1763596656391,35.19318594375773,-97.4385669258698,325.9539339625222,0.0,-18.299999237060547
1763596656391,35.193185953588895,-97.43856692339136,325.95384741273796,0.0,-19.100000381469727
1763596656391,35.19318596935683,-97.43856692102318,325.95385194404207,0.0,-19.899999618530273
1763596656391,35.19318598795265,-97.43856691853304,325.95395818744663,0.0,-21.0
1763596656391,35.19318600774609,-97.43856691697475,325.9541022198955,0.0,-21.899999618530273
1763596656391,35.19318602881322,-97.43856691476267,325.9542072957298,0.0,-22.700000762939453
1763596656391,35.19318605818752,-97.43856691208596,325.9544323817909,0.0,-23.200000762939453
1763596656391,35.193186089229904,-97.438566908696,325.9545848166194,0.0,-23.299999237060547
1763596656391,35.19318613479566,-97.43856690448223,325.954717019159,0.0,-23.299999237060547
1763596656391,35.19318617584931,-97.43856690122513,325.95496609786795,0.0,-23.299999237060547
1763596656391,35.1931862237009,-97.43856689754494,325.95526468341785,0.0,-23.299999237060547
1763596656391,35.1931862679285,-97.438566893349,325.95553107781006,0.0,-23.399999618530273
1763596656391,35.193186328365385,-97.4385668910488,325.95588736473405,0.0,-23.399999618530273
1763596656391,35.19318637312239,-97.43856688562727,325.95616069933004,0.0,-23.399999618530273
1763596656391,35.19318643208529,-97.43856688045263,325.9565682021143,0.0,-23.399999618530273
1763596656391,35.193186481163444,-97.43856687519539,325.9569347135607,0.0,-23.399999618530273
1763596656391,35.19318655975285,-97.43856687162715,325.9573137284507,0.0,-23.700000762939453
1763596656391,35.19318663465461,-97.43856686732897,325.9578764813067,0.0,-24.200000762939453
1763596657391,35.193186420288306,-97.43856680172749,325.9410286578301,0.0,-25.399999618530273
1763596657391,35.193186508479904,-97.43856679502746,325.94164742262,0.0,-26.0
1763596657391,35.19318657950612,-97.43856678835557,325.9420638742795,0.06269538402557373,-26.200000762939453
1763596657391,35.193186653732596,-97.43856678360906,325.94245796385286,0.2504291534423828,-26.200000762939453
1763596657391,35.193186744780355,-97.4385667825132,325.94293301632274,0.363696813583374,-26.100000381469727
1763596657391,35.19318685258065,-97.43856678226284,325.9434188543878,0.4093138575553894,-26.100000381469727
1763596657391,35.19318695920346,-97.43856677634996,325.94382951650215,0.41634634137153625,-26.100000381469727
1763596657391,35.19318707229699,-97.43856676606262,325.9442103066723,0.4108518064022064,-26.100000381469727
1763596657391,35.19318718803426,-97.43856675189151,325.94466007699754,0.40103602409362793,-26.0
1763596657391,35.193187314395786,-97.43856673843864,325.9452416816255,0.3985742926597595,-25.799999237060547
1763596657391,35.19318743274361,-97.43856672724804,325.94559204841704,0.4036850333213806,-25.700000762939453
1763596657391,35.19318758303284,-97.4385667188819,325.94587126664464,0.4126189649105072,-25.399999618530273
1763596657391,35.193187722393574,-97.4385667060229,325.94621118584644,0.4247244894504547,-25.399999618530273
1763596657391,35.193187865218974,-97.43856668565144,325.94670921548055,0.43800219893455505,-25.399999618530273
1763596657391,35.193187992496554,-97.43856666493265,325.94719913139255,0.4505044221878052,-25.399999618530273
1763596657391,35.19318814552607,-97.43856664388412,325.94757133841233,0.4648725092411041,-25.399999618530273
1763596657391,35.19318829329966,-97.43856661932632,325.9479659053686,0.4758325517177582,-25.299999237060547
1763596657391,35.193188448814,-97.43856659611241,325.94837737259394,0.4871557056903839,-25.299999237060547
1763596657391,35.193188611915915,-97.43856657297424,325.94863361904464,0.49775230884552,-25.299999237060547
1763596658391,35.1931878057836,-97.43856737424092,325.9162864061229,0.5058416724205017,-25.299999237060547
1763596658391,35.193187957407865,-97.43856739165498,325.9166292917617,0.5153075456619263,-25.299999237060547
1763596658391,35.19318811047677,-97.43856740749418,325.9171500210451,0.5241250395774841,-25.299999237060547
1763596658391,35.19318827107202,-97.43856742265812,325.91745337203463,0.5328733921051025,-25.299999237060547
1763596658391,35.193188438125695,-97.4385674366827,325.9179007714293,0.5397129654884338,-25.299999237060547
1763596658391,35.193188606793925,-97.43856745346723,325.91840299592155,0.5449254512786865,-25.299999237060547
1763596658391,35.19318877194375,-97.43856746795385,325.91882210069866,0.5489319562911987,-25.200000762939453
1763596658391,35.19318897470214,-97.43856748991496,325.9191893092746,0.5525354743003845,-25.0
1763596658391,35.193189149973385,-97.43856750718057,325.91950990502687,0.5557821989059448,-24.700000762939453
1763596658391,35.193189331882195,-97.4385675272166,325.91986114972536,0.5580112934112549,-24.5
1763596658391,35.19318951776294,-97.43856754662362,325.92014996303004,0.5609117746353149,-24.299999237060547
1763596658391,35.19318970998865,-97.43856756200393,325.9206042720855,0.5643108487129211,-24.0
1763596658391,35.19318990257484,-97.43856757746184,325.92096011560284,0.5694833993911743,-23.799999237060547
1763596658391,35.19319008790954,-97.43856759069318,325.92143038944585,0.5766102075576782,-23.5
1763596658391,35.193190290954554,-97.43856760909739,325.9218550801587,0.5839792490005493,-23.299999237060547
1763596658391,35.19319049054246,-97.43856761609794,325.9222745792204,0.5927241444587708,-23.100000381469727
1763596658391,35.19319069468612,-97.43856764122823,325.9225085445453,0.6027178168296814,-22.899999618530273
1763596658391,35.19319091752475,-97.43856766283129,325.9227056120356,0.6156849265098572,-22.600000381469727
1763596658391,35.193191149418766,-97.4385676745965,325.92299750436047,0.6265830397605896,-22.299999237060547
1763596658391,35.19319137554229,-97.43856768590712,325.92339182905806,0.6356197595596313,-22.200000762939453
1763596659391,35.193188938532124,-97.43857085571615,325.8905732552943,0.6459845304489136,-22.200000762939453
1763596659391,35.193189101807015,-97.43857099272458,325.891073105019,0.6569410562515259,-22.200000762939453
1763596659391,35.19318927445534,-97.43857115776396,325.8913705160362,0.6690953373908997,-22.200000762939453
1763596659391,35.19318944371933,-97.43857131251546,325.89156526634633,0.6770484447479248,-22.0
1763596659391,35.193189627509824,-97.43857148731638,325.89198006508377,0.6854219436645508,-21.700000762939453
1763596659391,35.193189806364536,-97.43857166196337,325.89220979048235,0.6978060007095337,-21.299999237060547
1763596659391,35.19318999449298,-97.43857183816975,325.8924933418124,0.7052772641181946,-21.100000381469727
1763596659391,35.19319019217679,-97.43857202693162,325.8927163632728,0.7143133282661438,-21.0
1763596659391,35.19319038638416,-97.43857219689842,325.8930093612635,0.7239932417869568,-20.899999618530273
1763596659391,35.19319058306545,-97.43857237902246,325.8934244179813,0.7341360449790955,-20.899999618530273
1763596659391,35.19319079918838,-97.43857258897994,325.89365552504637,0.7447248101234436,-20.700000762939453
1763596659391,35.19319100960134,-97.43857281017301,325.8938176117613,0.7540521025657654,-20.5
1763596659391,35.19319121726454,-97.43857302027237,325.8938254690752,0.7645704746246338,-20.200000762939453
1763596659391,35.19319142697895,-97.43857324446101,325.8938199495627,0.7763063311576843,-19.799999237060547
1763596659391,35.19319164817923,-97.4385734603994,325.8937430663292,0.787921130657196,-19.399999618530273
1763596659391,35.19319187818018,-97.43857369941503,325.89366883327426,0.8057235479354858,-18.899999618530273
1763596659391,35.19319209946969,-97.43857392121325,325.8937043283689,0.8205981254577637,-18.5
1763596659391,35.1931923360833,-97.43857418661712,325.8937565978113,0.8370010852813721,-18.399999618530273
1763596659391,35.193192568183676,-97.43857444079279,325.89390354536334,0.8497588038444519,-18.399999618530273
1763596659391,35.193192800117934,-97.43857470255294,325.89426432483384,0.8694217205047607,-18.399999618530273
1763596660391,35.193189326080194,-97.43857847750776,325.86508537539777,0.8862708210945129,-18.399999618530273
1763596660391,35.19318946899191,-97.43857881806534,325.8655537146517,0.9045573472976685,-18.399999618530273
1763596660391,35.193189631225806,-97.43857920154889,325.86590183079716,0.9226365089416504,-18.399999618530273
1763596660391,35.193189782605614,-97.43857955697264,325.8661549706679,0.9397383332252502,-18.399999618530273
1763596660391,35.1931899392848,-97.43857992593999,325.8664791970939,0.9560079574584961,-18.399999618530273
1763596660391,35.19319010117128,-97.43858031714527,325.86673795973184,0.9750829935073853,-18.399999618530273
1763596660391,35.19319027375766,-97.43858073003402,325.86691737970085,0.9955439567565918,-18.399999618530273
1763596660391,35.19319044369142,-97.43858114107232,325.86711714273576,1.023030400276184,-18.399999618530273
1763596660391,35.193190621157854,-97.43858157508816,325.86729751984205,1.0419286489486694,-18.399999618530273
1763596660391,35.193190796989605,-97.43858199659043,325.8674017005607,1.0701757669448853,-18.399999618530273
1763596660391,35.19319098322276,-97.43858243936542,325.86748673977036,1.0979629755020142,-18.399999618530273
1763596660391,35.1931911600924,-97.43858286666138,325.8673481531552,1.1278517246246338,-18.399999618530273
1763596660391,35.19319137812265,-97.43858338596955,325.86739813140014,1.1603931188583374,-18.399999618530273
1763596660391,35.19319159015879,-97.43858388628233,325.86739218586956,1.1933497190475464,-18.399999618530273
1763596660391,35.19319180577924,-97.43858440089026,325.8675589220079,1.2230606079101562,-18.399999618530273
1763596660391,35.193192011906696,-97.4385848907456,325.8677497990056,1.2537932395935059,-18.399999618530273
1763596660391,35.193192237180455,-97.43858542953461,325.86787193004614,1.282407283782959,-18.399999618530273
1763596660391,35.19319245775883,-97.43858596284896,325.8679289083905,1.3048206567764282,-18.200000762939453
1763596660391,35.19319271174972,-97.43858656602023,325.86824592242596,1.3434690237045288,-17.899999618530273
1763596660391,35.1931929589563,-97.43858715412199,325.86847124549627,1.3657835721969604,-17.799999237060547
1763596661391,35.19319171194619,-97.4385885310838,325.84049053704064,1.3990695476531982,-17.600000381469727
1763596661391,35.1931919510049,-97.4385891627875,325.8406944816296,1.4212489128112793,-17.5
1763596661391,35.193192171353374,-97.43858974357202,325.8408901455372,1.4491829872131348,-17.399999618530273
1763596661391,35.193192432393865,-97.4385904258538,325.84095630636835,1.4770845174789429,-17.399999618530273
1763596661391,35.193192665016426,-97.43859104981786,325.84117444461225,1.5060564279556274,-17.399999618530273
1763596661391,35.193192927225276,-97.43859174052743,325.84138155231744,1.5385656356811523,-17.399999618530273
1763596661391,35.1931931692628,-97.4385923795147,325.8417683885004,1.5659174919128418,-17.399999618530273
1763596661391,35.193193453887176,-97.43859313821235,325.8423086216927,1.6121718883514404,-17.299999237060547
1763596661391,35.193193725443095,-97.4385938476748,325.84269061963676,1.639159917831421,-17.200000762939453
1763596661391,35.19319398910956,-97.43859455715436,325.84301860998346,1.6765462160110474,-17.0
1763596661391,35.19319428138721,-97.43859532070448,325.84280675164297,1.7146915197372437,-16.799999237060547
1763596661391,35.19319457415137,-97.43859608419217,325.8426028215409,1.7548362016677856,-16.5
1763596661391,35.193194880972754,-97.4385968695513,325.8427852199998,1.7944531440734863,-16.299999237060547
1763596661391,35.19319518185323,-97.4385976503299,325.8429499428646,1.8325998783111572,-16.200000762939453
1763596661391,35.193195508051964,-97.43859849909934,325.8429885342332,1.8794716596603394,-16.0
1763596661391,35.19319583719544,-97.43859933318627,325.8431150580179,1.908400058746338,-16.0
1763596661391,35.193196159364355,-97.43860015467732,325.8432582254665,1.9453128576278687,-15.800000190734863
1763596661391,35.19319649804912,-97.4386010327866,325.8432852888023,1.9801316261291504,-15.5
1763596662391,35.193183627595275,-97.43861028646398,325.83596980858266,2.0255725383758545,-15.0
1763596662391,35.19318360611372,-97.4386113226505,325.835547122569,2.0376052856445312,-14.800000190734863
1763596662391,35.19318358324565,-97.43861242190955,325.83464951106663,2.070619583129883,-14.300000190734863
1763596662391,35.19318355768872,-97.43861349587515,325.83442829342243,2.108896493911743,-13.699999809265137
1763596662391,35.19318353719887,-97.43861462992088,325.8344139309724,2.1440932750701904,-13.199999809265137
1763596662391,35.19318351575472,-97.43861574208412,325.8349598974393,2.1816775798797607,-12.5
1763596662391,35.19318349836407,-97.43861689364081,325.83558701037447,2.217271566390991,-11.899999618530273
1763596662391,35.19318348845612,-97.43861802007426,325.83637558735523,2.2526307106018066,-11.0
1763596662391,35.19318347798112,-97.43861917829182,325.8369404203611,2.2742769718170166,-10.5
1763596662391,35.193183469919056,-97.43862035911656,325.8365844808737,2.3084545135498047,-10.0
1763596662391,35.19318345361387,-97.43862157532234,325.83677047144,2.343745708465576,-9.600000381469727
1763596662391,35.19318343455544,-97.43862280531572,325.8370457999643,2.371537923812866,-9.300000190734863
1763596662391,35.19318341844758,-97.43862401738569,325.8371905895148,2.4043233394622803,-8.699999809265137
1763596662391,35.19318339646147,-97.43862526909463,325.83759715138484,2.43106746673584,-7.800000190734863
1763596662391,35.19318337375612,-97.43862655507974,325.83768162274976,2.454322099685669,-6.5
1763596662391,35.19318335730832,-97.43862779905533,325.8383118667122,2.4742984771728516,-5.099999904632568
1763596662391,35.19318335295261,-97.438629105094,325.8392232693811,2.4908993244171143,-3.5
1763596662391,35.193183373975934,-97.43863032105851,325.83996628600676,2.503787040710449,-1.899999976158142
1763596662391,35.19318340237056,-97.43863163357805,325.84101583680064,2.511629581451416,-0.10000000149011612
1763596662391,35.19318341506655,-97.43863287939692,325.84193517011903,2.515907049179077,1.399999976158142
1763596663391,35.193178754110676,-97.43863661312983,325.8064869442123,2.5223989486694336,2.5
1763596663391,35.19317863901911,-97.4386379086037,325.8068508449244,2.5297396183013916,3.700000047683716
1763596663391,35.19317852352534,-97.43863922455016,325.80740751682043,2.537550449371338,4.699999809265137
1763596663391,35.19317841032724,-97.43864050034374,325.8077736168792,2.5485877990722656,5.400000095367432
1763596663391,35.19317828561137,-97.43864189700702,325.8086151386734,2.559673547744751,5.800000190734863
1763596663391,35.19317817499715,-97.4386431992026,325.8093378992503,2.570801019668579,6.0
1763596663391,35.19317805919786,-97.43864453372397,325.81012431022066,2.5841684341430664,6.199999809265137
1763596663391,35.193177934940564,-97.43864588018191,325.8109329240258,2.593555212020874,6.300000190734863
1763596663391,35.19317781068943,-97.43864720676397,325.8111845779414,2.610135793685913,6.5
1763596663391,35.193177681351514,-97.43864861195482,325.81095936967114,2.6307871341705322,6.900000095367432
1763596663391,35.193177559095204,-97.43864997555274,325.81126232683147,2.650111436843872,7.400000095367432
1763596663391,35.19317744917706,-97.43865122321515,325.8122393640125,2.666301727294922,8.100000381469727
1763596663391,35.193177315680735,-97.43865271056356,325.8127770051588,2.6812937259674072,8.899999618530273
1763596663391,35.19317720606807,-97.43865400542734,325.8133532350574,2.6951358318328857,9.699999809265137
1763596663391,35.19317707352345,-97.4386555198894,325.8130191773059,2.706103563308716,10.5
1763596663391,35.193176961995704,-97.43865687987496,325.8134621695322,2.7174975872039795,11.300000190734863
1763596663391,35.193176834831725,-97.4386583141403,325.81347923427904,2.7288434505462646,11.899999618530273
1763596663391,35.19317672358841,-97.43865966373481,325.8139792720168,2.7407209873199463,12.5
1763596663391,35.19317659182816,-97.4386611227437,325.81473163103277,2.752455234527588,13.0
1763596663391,35.19317644584605,-97.43866252215741,325.81505505482494,2.763566255569458,13.699999809265137
1763596663391,35.19317629609703,-97.43866392999143,325.81499727141073,2.776700019836426,14.600000381469727
1763596663391,35.19317616564889,-97.43866528946528,325.8157005744417,2.792942762374878,15.800000190734863
1763596664391,35.193172024184385,-97.43866878483404,325.8150636888168,2.8071329593658447,17.399999618530273
1763596664391,35.193171804392165,-97.4386702164393,325.81588485100195,2.8230645656585693,19.200000762939453
1763596664391,35.19317157957189,-97.43867167656438,325.81649082835384,2.8392975330352783,21.100000381469727
1763596664391,35.193171348694044,-97.43867316264625,325.8166477718834,2.854348659515381,22.700000762939453
1763596664391,35.19317110961286,-97.4386746834488,325.81669307145455,2.8702151775360107,24.100000381469727
1763596664391,35.193170878299455,-97.43867613474934,325.81715725535264,2.887395143508911,25.200000762939453
1763596664391,35.19317063470617,-97.43867763462734,325.8176772443863,2.904078245162964,26.100000381469727
1763596664391,35.19317038396651,-97.43867916110929,325.81857142840505,2.9200332164764404,27.100000381469727
1763596664391,35.19317013602945,-97.4386806682812,325.81944280314525,2.934901237487793,29.100000381469727
1763596664391,35.19316988367001,-97.43868220523049,325.8201444546778,2.951389789581299,32.400001525878906
1763596664391,35.19316963368912,-97.4386837401712,325.82063388420846,2.9685237407684326,37.0
1763596664391,35.19316938629751,-97.43868525708922,325.8215466170215,2.9813930988311768,42.5
1763596664391,35.193169129552494,-97.43868678686704,325.8223403417148,2.9968345165252686,48.5
1763596664391,35.19316885344979,-97.43868839775973,325.82296860916165,3.0127391815185547,55.900001525878906
1763596664391,35.19316857385197,-97.43868996566435,325.82384246011344,3.0272204875946045,60.79999923706055
1763596664391,35.19316828855314,-97.43869149279399,325.8247753959216,3.042191982269287,66.80000305175781
1763596664391,35.193167971105666,-97.43869308267898,325.8258077410674,3.0535037517547607,73.0999984741211
1763596664391,35.193167640920095,-97.43869467790509,325.82690064630674,3.06685471534729,79.69999694824219
1763596664391,35.193167308142804,-97.4386962304127,325.82813110396006,3.0784966945648193,87.5999984741211
1763596664391,35.19316696385583,-97.43869776682537,325.8293418866086,3.091517686843872,97.0999984741211
1763596665391,35.193165115226634,-97.4387001453606,325.8197444687502,3.101580858230591,108.0
1763596665391,35.19316469559935,-97.43870173591414,325.8208521048871,3.113046884536743,119.80000305175781
1763596665391,35.19316426025346,-97.43870331341066,325.8220402230472,3.1225788593292236,131.6999969482422
1763596665391,35.19316380680221,-97.43870487255165,325.8235520842023,3.1307971477508545,142.3000030517578
1763596665391,35.19316332735217,-97.4387064123049,325.8254789227111,3.136096239089966,151.0
1763596665391,35.193162817908345,-97.43870795095886,325.8279821305818,3.1465647220611572,157.10000610351562
1763596665391,35.193162280230524,-97.4387094842161,325.8306317587848,3.156811237335205,163.89999389648438
1763596665391,35.19316168879889,-97.43871107327924,325.8336856862989,3.1629083156585693,171.3000030517578
1763596665391,35.193161092845656,-97.43871259600428,325.836830796122,3.164121150970459,178.6999969482422
1763596665391,35.193160477971155,-97.43871409097652,325.840375921344,3.171191692352295,186.3000030517578
1763596665391,35.19315986204931,-97.43871553238743,325.84386628063896,3.1739656925201416,192.0
1763596665391,35.193159214475905,-97.43871700594248,325.84710963466176,3.177750587463379,200.60000610351562
1763596665391,35.193158490252195,-97.43871857216301,325.85051991534823,3.1826183795928955,209.10000610351562
1763596665391,35.19315779393699,-97.43872001498075,325.85342046517343,3.182033061981201,214.60000610351562
1763596665391,35.19315708966761,-97.43872141591379,325.8564450643993,3.180218458175659,221.3000030517578
1763596665391,35.19315633333037,-97.43872285939081,325.8601906506059,3.1785264015197754,227.89999389648438
1763596665391,35.193155554484974,-97.43872426945624,325.86433098591334,3.1752665042877197,234.10000610351562
1763596665391,35.19315473338847,-97.4387256829064,325.86916741241714,3.1750242710113525,239.8000030517578
1763596665391,35.1931539149527,-97.43872702669033,325.8740350011863,3.173680543899536,245.0
1763596665391,35.19315306339878,-97.43872834227115,325.87896685816935,3.1669769287109375,249.39999389648438
1763596666391,35.19315106058919,-97.43873057435766,325.89344488453395,3.1566433906555176,253.8000030517578
1763596666391,35.193150248758464,-97.43873170495166,325.8979499678606,3.153345823287964,256.1000061035156
1763596666391,35.19314930817185,-97.4387329703435,325.9035672214924,3.150303363800049,258.0
1763596666391,35.19314835142048,-97.43873421290398,325.9094383239733,3.1468725204467773,258.79998779296875
1763596666391,35.19314745646474,-97.43873533642241,325.91460393835956,3.138639211654663,258.8999938964844
1763596666391,35.19314640835167,-97.4387365861072,325.9205159916445,3.1324291229248047,258.6000061035156
1763596666391,35.193145490879026,-97.43873764785954,325.9259224448155,3.1355316638946533,258.0
1763596666391,35.1931443859696,-97.43873889018745,325.93246684279916,3.1353654861450195,257.70001220703125
1763596666391,35.19314337276292,-97.43874000940863,325.938357290943,3.1243550777435303,257.5
1763596666391,35.19314237237462,-97.43874108037497,325.9445609346911,3.1128668785095215,257.3999938964844
1763596666391,35.193141312870985,-97.43874217562389,325.95094686963364,3.1025681495666504,257.20001220703125
1763596666391,35.193140275561184,-97.43874321544362,325.95769390564976,3.100706100463867,256.70001220703125
1763596666391,35.19313931405571,-97.43874414819743,325.96440341176776,3.0967538356781006,256.1000061035156
1763596666391,35.193138157910525,-97.43874522557809,325.97238468967265,3.0881359577178955,255.39999389648438
1763596666391,35.19313706505829,-97.4387461928813,325.97935936944225,3.0724904537200928,254.8000030517578
1763596666391,35.1931360036315,-97.4387470901274,325.98657994886645,3.0644307136535645,254.0
1763596666391,35.193134897695565,-97.43874800808616,325.994902512044,3.05930757522583,253.1999969482422
1763596666391,35.193133810799104,-97.43874887844999,326.0037372351619,3.0539438724517822,252.5
1763596666391,35.19313272034916,-97.43874972500731,326.01219041515975,3.0510902404785156,252.10000610351562
1763596666391,35.19313164149426,-97.43875053537987,326.02075456103137,3.049513578414917,251.60000610351562
1763596667391,35.19312978800934,-97.43875177194423,326.02743518552205,3.050163507461548,251.3000030517578
1763596667391,35.19312868633961,-97.43875256724972,326.0358618609484,3.0556702613830566,251.0
1763596667391,35.19312754560947,-97.43875337177221,326.04430619780175,3.0606985092163086,250.89999389648438
1763596667391,35.1931264040563,-97.43875415369219,326.051798965349,3.0650320053100586,250.89999389648438
1763596667391,35.193125242176386,-97.43875490847036,326.05915968857084,3.0726256370544434,250.8000030517578
1763596667391,35.19312411327993,-97.43875560917375,326.0662475215632,3.07829213142395,250.8000030517578
1763596667391,35.19312294491499,-97.43875632692804,326.07339924238215,3.0838799476623535,250.8000030517578
1763596667391,35.19312178041369,-97.43875701732216,326.080243167951,3.0881128311157227,250.8000030517578
1763596667391,35.19312057203867,-97.4387576956235,326.0871292550421,3.0923380851745605,250.8000030517578
1763596667391,35.19311937435651,-97.4387583362187,326.09462665973945,3.100681781768799,250.8000030517578
1763596667391,35.193118241625186,-97.43875891728213,326.102326350284,3.106588125228882,250.8000030517578
1763596667391,35.1931169639314,-97.43875947380101,326.1113750106416,3.105738878250122,251.1999969482422
1763596667391,35.19311574651208,-97.4387599737826,326.11968369736996,3.105076789855957,251.8000030517578
1763596667391,35.19311452698053,-97.43876046424255,326.1277266721657,3.1061713695526123,252.5
1763596667391,35.193113288137525,-97.43876091601648,326.1361447206633,3.1091158390045166,253.1999969482422
1763596667391,35.193112060656524,-97.43876133639333,326.14418888691426,3.1174559593200684,253.89999389648438
1763596667391,35.19311083457523,-97.43876175292148,326.152106720541,3.129534959793091,254.39999389648438
1763596667391,35.19310958517701,-97.43876216852034,326.15998919574656,3.135789155960083,254.5
1763596667391,35.193108334745226,-97.43876252729541,326.1676474318904,3.1398520469665527,254.5
1763596667391,35.19310710694008,-97.43876284095978,326.17584179515,3.150742292404175,254.39999389648438
1763596668391,35.19310129869187,-97.43876486012171,326.15750766478646,3.162367582321167,254.0
1763596668391,35.19309998739595,-97.43876511688181,326.16468498412775,3.1741600036621094,253.5
1763596668391,35.193098636000414,-97.43876534864096,326.17274105746134,3.1835732460021973,252.60000610351562
1763596668391,35.19309730075084,-97.43876555389959,326.1810173067554,3.188825845718384,251.8000030517578
1763596668391,35.19309597326308,-97.43876572708086,326.1892584756557,3.196923017501831,251.1999969482422
1763596668391,35.193094655245666,-97.43876587027869,326.1971931578617,3.2097830772399902,251.0
1763596668391,35.19309330026484,-97.43876597761135,326.20621718238283,3.223478078842163,251.0
1763596668391,35.19309196103647,-97.43876605193292,326.2152840659952,3.236374616622925,250.89999389648438
1763596668391,35.19309061044848,-97.43876608317326,326.2239520674565,3.2433881759643555,250.89999389648438
1763596668391,35.193089267607576,-97.43876608267315,326.23260862532857,3.253866195678711,250.8000030517578
1763596668391,35.193087926771426,-97.43876605468915,326.2412305322857,3.269620180130005,250.5
1763596668391,35.19308660173454,-97.43876600125061,326.2501133584792,3.2841789722442627,250.1999969482422
1763596668391,35.193085230685874,-97.43876591406014,326.2592993622827,3.295970916748047,249.89999389648438
1763596668391,35.19308390605934,-97.43876579851313,326.268329933343,3.31042218208313,249.6999969482422
1763596668391,35.193082549314944,-97.43876565873425,326.27742457899626,3.321965456008911,249.39999389648438
1763596668391,35.19308122072957,-97.43876549287613,326.2861985233884,3.329866647720337,249.10000610351562
1763596668391,35.19307990453623,-97.43876529361533,326.2943163108035,3.3412270545959473,248.39999389648438
1763596668391,35.19307858226653,-97.43876507192476,326.30126978976233,3.3525357246398926,247.5
1763596668391,35.193077226605816,-97.43876481439504,326.3089993143228,3.367755174636841,246.5
1763596668391,35.19307590168867,-97.43876453933866,326.31760869842566,3.388045072555542,245.3000030517578
1763596669391,35.193071280121195,-97.43876387752252,326.1864809063674,3.4030349254608154,244.5
1763596669391,35.193069888031104,-97.43876350548288,326.1938932923271,3.411931276321411,244.0
1763596669391,35.19306845697085,-97.43876308947996,326.20123277844493,3.42143177986145,243.5
1763596669391,35.193067060715684,-97.43876264553997,326.20795140404846,3.431471347808838,243.3000030517578
1763596669391,35.19306566768592,-97.43876216576639,326.21439372969115,3.439857006072998,243.0
1763596669391,35.19306429487024,-97.43876164392668,326.22088927091164,3.451486110687256,242.39999389648438
1763596669391,35.193062911444244,-97.43876107797344,326.2276997404557,3.4652819633483887,241.5
1763596669391,35.193061562378304,-97.43876049459453,326.23448546396037,3.478940725326538,240.5
1763596669391,35.19306024263762,-97.43875989741285,326.24147553889,3.4937644004821777,239.3000030517578
1763596669391,35.1930588908492,-97.4387592544994,326.2482840724096,3.5087151527404785,238.0
1763596669391,35.193057666561074,-97.43875866657378,326.25493366052245,3.5254080295562744,236.60000610351562
1763596669391,35.193056218049556,-97.43875793373931,326.2627337084901,3.541012763977051,235.3000030517578
1763596669391,35.19305490416277,-97.43875725445723,326.2700290683524,3.5523364543914795,235.0
1763596669391,35.19305358269351,-97.43875652934393,326.2777219678071,3.5638577938079834,235.0
1763596669391,35.19305230003471,-97.43875576937384,326.2859542771061,3.580108165740967,235.0
1763596669391,35.19305100906942,-97.43875498600696,326.2939629112947,3.5960981845855713,234.3000030517578
1763596669391,35.193049725327,-97.43875416716101,326.30216320275906,3.6008315086364746,232.3000030517578
1763596669391,35.1930484469474,-97.43875333911595,326.3100531510769,3.612701177597046,227.8000030517578
1763596669391,35.193047184138436,-97.43875248883845,326.31753561694006,3.626765251159668,221.39999389648438
1763596669391,35.19304595776573,-97.43875163574279,326.32548513359575,3.6428754329681396,214.39999389648438
1763596670391,35.19304399244135,-97.43875068459967,326.2912634647123,3.6649398803710938,207.0
1763596670391,35.193042727552246,-97.43874976676814,326.2994568522268,3.6759192943573,204.10000610351562
1763596670391,35.19304154958137,-97.43874891151357,326.3074098964955,3.686603307723999,203.3000030517578
1763596670391,35.193040240853755,-97.43874791391238,326.3156248644147,3.706047534942627,203.3000030517578
1763596670391,35.19303896401957,-97.43874696452718,326.32354705670207,3.7282729148864746,204.3000030517578
1763596670391,35.193037745824576,-97.43874604819092,326.3315283702427,3.7480063438415527,206.1999969482422
1763596670391,35.19303649206808,-97.43874506285006,326.34010019974033,3.7629401683807373,208.89999389648438
1763596670391,35.19303528057754,-97.4387440629147,326.34854819243475,3.774104356765747,212.39999389648438
1763596670391,35.19303408176565,-97.43874304923233,326.3572630107009,3.7853901386260986,216.89999389648438
1763596670391,35.193032901193085,-97.4387420039799,326.36603426426575,3.7981131076812744,220.0
1763596670391,35.19303173766111,-97.43874090155242,326.3749530735384,3.811972141265869,223.5
1763596670391,35.19303063109411,-97.43873979609884,326.3833750609642,3.8287620544433594,226.5
1763596670391,35.19302950621892,-97.438738630326,326.39247028080894,3.841543436050415,228.8000030517578
1763596670391,35.19302842079112,-97.43873745297984,326.401666507108,3.855076313018799,230.6999969482422
1763596670391,35.19302733318904,-97.43873620626354,326.4113062481304,3.870025634765625,232.3000030517578
1763596670391,35.19302629115447,-97.4387349717624,326.42071024731143,3.8897364139556885,234.3000030517578
1763596670391,35.19302525436889,-97.43873368400209,326.42996557080215,3.9045522212982178,236.39999389648438
1763596670391,35.19302427218528,-97.43873237964257,326.4390364692097,3.912193775177002,238.8000030517578
1763596670391,35.19302333493452,-97.43873117297402,326.4475941545718,3.9232234954833984,241.5
1763596670391,35.19302227598223,-97.4387296341587,326.4574199174202,3.9313712120056152,244.5
1763596671391,35.19302004207341,-97.43872768163581,326.4153525802166,3.9455490112304688,247.39999389648438
1763596671391,35.19301911519568,-97.43872630463483,326.42463881013464,3.95835542678833,249.6999969482422
1763596671391,35.193018222494345,-97.43872492954438,326.43382510399636,3.968899965286255,253.10000610351562
1763596671391,35.193017263478374,-97.43872329640197,326.44456669760325,3.9797396659851074,255.60000610351562
1763596671391,35.193016443609466,-97.43872188555392,326.4538224222493,3.9904398918151855,257.70001220703125
1763596671391,35.19301557257225,-97.43872022791075,326.4642831793891,4.00156831741333,259.20001220703125
1763596671391,35.19301472495136,-97.43871863080939,326.47463200864144,4.013683319091797,259.5
1763596671391,35.19301390377272,-97.43871703842234,326.4847456351493,4.018523216247559,259.5
1763596671391,35.19301312381904,-97.43871540335985,326.4954959061595,4.023757457733154,259.3999938964844
1763596671391,35.1930123312939,-97.4387137190153,326.50619936182255,4.028934478759766,258.70001220703125
1763596671391,35.19301159834282,-97.43871200303074,326.5164403480596,4.042928218841553,258.0
1763596671391,35.1930107959644,-97.43871031972888,326.52740187888145,4.057775020599365,257.3999938964844
1763596671391,35.19301004224698,-97.43870862905446,326.53824899211145,4.066924095153809,256.70001220703125
1763596671391,35.19300934646607,-97.4387070674569,326.5482812845198,4.071637153625488,256.20001220703125
1763596671391,35.19300869380524,-97.43870510776591,326.5601241933899,4.0782470703125,254.60000610351562
1763596671391,35.19300808608305,-97.43870332361006,326.5713413636801,4.086498737335205,253.3000030517578
1763596671391,35.19300750960204,-97.43870150758637,326.582845295281,4.106205940246582,251.1999969482422
1763596671391,35.193006961637494,-97.43869968623059,326.5939613440987,4.120361804962158,249.60000610351562
1763596671391,35.19300644567531,-97.43869785209847,326.60533732586174,4.136043548583984,247.10000610351562
1763596671391,35.19300595382967,-97.43869597231752,326.6168565303556,4.1440253257751465,244.39999389648438
1763596672391,35.193000016076134,-97.4386860868325,326.49405247852184,4.147899150848389,241.3000030517578
1763596672391,35.19299966041978,-97.43868403784354,326.5033251533428,4.155213832855225,237.5
1763596672391,35.192999327227234,-97.4386819444334,326.51320833620616,4.16239595413208,232.89999389648438
1763596672391,35.192999020425276,-97.43867986839406,326.52302288030353,4.168933868408203,226.8000030517578
1763596672391,35.19299873348363,-97.43867790764475,326.5330323594193,4.172425746917725,222.8000030517578
1763596672391,35.19299848150874,-97.43867569890122,326.54429111028577,4.18213415145874,217.60000610351562
1763596672391,35.19299829884586,-97.43867357657355,326.5554749245269,4.1930084228515625,212.3000030517578
1763596672391,35.19299816993294,-97.4386714519368,326.5661981072771,4.200448513031006,207.0
1763596672391,35.192998092031544,-97.43866939533763,326.57598577939194,4.209924697875977,201.6999969482422
1763596672391,35.192998050591825,-97.43866730197392,326.5855482088703,4.21991491317749,195.6999969482422
1763596672391,35.192998030087736,-97.43866536918787,326.5940704397143,4.226429462432861,190.0
1763596672391,35.19299804091441,-97.43866313369598,326.6034947923399,4.245189666748047,176.8000030517578
1763596672391,35.192998016921116,-97.43866123181954,326.6125825874875,4.25722074508667,168.1999969482422
1763596672391,35.192998030555614,-97.43865894466424,326.62353745721975,4.263467788696289,157.0
1763596672391,35.192998023406204,-97.43865686492039,326.6338899507356,4.267819881439209,145.10000610351562
1763596672391,35.19299801666336,-97.43865481571521,326.6445010512635,4.277238368988037,133.3000030517578
1763596672391,35.19299803173252,-97.43865275540222,326.6549297127509,4.282882213592529,121.69999694824219
1763596672391,35.19299804303862,-97.43865065497002,326.66509896722573,4.287580490112305,111.5
1763596672391,35.192998035161416,-97.43864877297852,326.6740809739757,4.29380989074707,104.5999984741211
1763596672391,35.19299803224806,-97.4386465382324,326.6839619020325,4.309616565704346,93.4000015258789
1763596673391,35.19299641999664,-97.43864037514874,326.6147132093229,4.332033634185791,85.4000015258789
1763596673391,35.19299636355038,-97.43863846287071,326.62213911193606,4.347090721130371,78.0999984741211
1763596673391,35.19299628855461,-97.4386361340074,326.62990183097423,4.356743812561035,66.0999984741211
1763596673391,35.19299619159799,-97.43863393474048,326.63772955789517,4.360139846801758,58.0
1763596673391,35.19299609464738,-97.43863175193098,326.6467728944322,4.363399505615234,48.400001525878906
1763596673391,35.19299590561342,-97.43862955925049,326.65415606833784,4.3753743171691895,40.599998474121094
1763596673391,35.19299572003307,-97.43862737515792,326.66198385639825,4.389493942260742,35.599998474121094
1763596673391,35.1929955880612,-97.4386251820905,326.67038879577905,4.399557590484619,33.29999923706055
1763596673391,35.19299542574943,-97.43862306393028,326.67792228971865,4.416306495666504,32.20000076293945
1763596673391,35.19299533056473,-97.43862092440175,326.68581580674635,4.441584587097168,30.899999618530273
1763596673391,35.192995211834926,-97.43861869944779,326.6934128527145,4.4682488441467285,28.100000381469727
1763596673391,35.19299513958561,-97.43861657688721,326.7010025220151,4.497774124145508,25.399999618530273
1763596673391,35.19299499320633,-97.43861441005329,326.7079777203464,4.530348777770996,21.899999618530273
1763596673391,35.19299489422851,-97.43861222755159,326.71769112291446,4.560321807861328,18.899999618530273
1763596673391,35.192994776970544,-97.43860999931346,326.7256259737731,4.587913513183594,17.0
1763596673391,35.192994665647056,-97.43860784854351,326.734219296172,4.619434833526611,16.0
1763596673391,35.19299455695091,-97.43860567332696,326.74196530136334,4.650000095367432,15.0
1763596673391,35.192994468574064,-97.43860342500406,326.7502744121077,4.682048797607422,13.699999809265137
1763596673391,35.19299433278896,-97.43860124301698,326.7577421259106,4.7160234451293945,12.199999809265137
1763596673391,35.19299419982856,-97.4385990238661,326.76869350121916,4.755954265594482,10.800000190734863
1763596674391,35.1929935260342,-97.43859045021972,326.6561698519351,4.789371967315674,9.899999618530273
1763596674391,35.19299350404761,-97.43858816387389,326.66553281282154,4.818626880645752,9.300000190734863
1763596674391,35.192993476771576,-97.43858575290345,326.67463477087335,4.8412861824035645,8.899999618530273
1763596674391,35.192993419579885,-97.43858344608988,326.6848181813288,4.863609313964844,8.899999618530273
1763596674391,35.19299338920497,-97.43858106091693,326.69356101330015,4.885654926300049,8.899999618530273
1763596674391,35.19299335957901,-97.4385787262046,326.70102576547856,4.9086809158325195,8.899999618530273
1763596674391,35.192993336929526,-97.43857633110767,326.7095181026935,4.937965393066406,8.899999618530273
1763596674391,35.19299331546869,-97.4385739214141,326.71749328163276,4.972034931182861,9.0
1763596674391,35.19299329115174,-97.43857155564082,326.72455184130985,4.9966936111450195,9.300000190734863
1763596674391,35.1929932604236,-97.43856919289883,326.73147478502403,5.014726638793945,9.800000190734863
1763596674391,35.19299322521815,-97.43856675727746,326.7389909178799,5.042688369750977,10.199999809265137
1763596674391,35.19299318934756,-97.43856433211717,326.7455812934041,5.076946258544922,10.699999809265137
1763596674391,35.19299316279398,-97.43856194507737,326.75280500018727,5.107193946838379,11.300000190734863
1763596674391,35.192993136105834,-97.4385596611866,326.7608401084896,5.126169204711914,12.300000190734863
1763596674391,35.19299311142873,-97.43855703391205,326.76869486612196,5.150887966156006,13.800000190734863
1763596674391,35.192993104971144,-97.43855458957415,326.7759367805065,5.183804988861084,15.800000190734863
1763596674391,35.192993103888746,-97.43855207450865,326.7818771219974,5.210781097412109,18.100000381469727
1763596674391,35.19299309301541,-97.43854961068389,326.78863444868233,5.2357916831970215,20.5
1763596674391,35.192993088147894,-97.43854717120229,326.796986357872,5.266619682312012,23.0
1763596674391,35.192993100187984,-97.43854472874773,326.80557954888275,5.291629791259766,25.700000762939453
1763596675391,35.19299337691604,-97.43853396741275,326.6668175087093,5.311852931976318,28.200000762939453
1763596675391,35.192993436640904,-97.43853154781625,326.67210700651134,5.334848880767822,31.399999618530273
1763596675391,35.192993510224454,-97.43852886988958,326.67798910925615,5.3623480796813965,33.70000076293945
1763596675391,35.19299359783511,-97.43852623004823,326.68268320568893,5.396113872528076,36.599998474121094
1763596675391,35.19299368648571,-97.43852350708173,326.6889673576789,5.430271625518799,40.0
1763596675391,35.19299380126446,-97.43852088125132,326.6949268244853,5.45427942276001,42.29999923706055
1763596675391,35.19299394033524,-97.43851810692323,326.7005205958897,5.476941108703613,44.900001525878906
1763596675391,35.192994096493415,-97.43851548342857,326.7066913735865,5.49576997756958,47.29999923706055
1763596675391,35.19299426808323,-97.43851271807468,326.71415174769703,5.51825475692749,49.599998474121094
1763596675391,35.19299445574781,-97.43851004019545,326.72061397266225,5.54396390914917,51.099998474121094
1763596675391,35.1929946668378,-97.4385073772832,326.7273315641698,5.5716447830200195,51.400001525878906
1763596675391,35.19299489064145,-97.43850464941619,326.7335062692256,5.588642120361328,51.400001525878906
1763596675391,35.19299513992543,-97.43850186204577,326.7404526681918,5.614276885986328,50.79999923706055
1763596675391,35.192995394879794,-97.4384991030042,326.74778115058575,5.634829521179199,49.099998474121094
1763596675391,35.192995661426465,-97.43849637009434,326.75441468544227,5.656576156616211,46.70000076293945
1763596675391,35.19299594178059,-97.43849362194241,326.7620110958038,5.674710273742676,44.099998474121094
1763596675391,35.192996235728494,-97.43849084842554,326.7692458528553,5.694035530090332,41.5
1763596675391,35.19299653934279,-97.43848804784591,326.7767020196014,5.7127532958984375,38.79999923706055
1763596675391,35.19299683667951,-97.43848530028774,326.784069876396,5.7241363525390625,35.70000076293945
1763596675391,35.192997146432596,-97.43848251892193,326.7925642275882,5.728433132171631,32.900001525878906
1763596676391,35.192998110186565,-97.43847231964081,326.64920867673436,5.731339931488037,30.200000762939453
1763596676391,35.19299846543544,-97.43846950360034,326.65564546776636,5.720401287078857,28.0
1763596676391,35.1929988279613,-97.43846658174473,326.6618190970047,5.705711364746094,26.200000762939453
1763596676391,35.192999194840255,-97.43846371600912,326.66821808867803,5.69405460357666,24.100000381469727
1763596676391,35.192999568508355,-97.43846077351174,326.67536344976617,5.678264141082764,22.5
1763596676391,35.19299989140567,-97.4384581582834,326.68071589648554,5.667508602142334,22.0
1763596676391,35.19300029046539,-97.43845503404339,326.68631961699583,5.649196624755859,21.799999237060547
1763596676391,35.19300065993013,-97.43845214302216,326.6915018153393,5.628622531890869,21.799999237060547
1763596676391,35.19300102353251,-97.4384493546143,326.6979290347026,5.6264328956604,21.5
1763596676391,35.19300137099293,-97.43844675492151,326.7047914966693,5.618896007537842,21.200000762939453
1763596676391,35.19300178515897,-97.43844372697767,326.71245249293463,5.612427234649658,20.299999237060547
1763596676391,35.193002150299314,-97.4384409662724,326.71919482613174,5.608503341674805,18.799999237060547
1763596676391,35.19300253927787,-97.4384381430536,326.7261414205456,5.607536792755127,16.899999618530273
1763596676391,35.19300288803643,-97.43843559224362,326.73289666977666,5.606459140777588,15.199999809265137
1763596676391,35.19300331195516,-97.43843256922695,326.7405273921032,5.608468055725098,14.699999809265137
1763596676391,35.19300368728734,-97.43842985701822,326.7466313211885,5.6118693351745605,14.699999809265137
1763596676391,35.193004083495005,-97.43842698463045,326.7523887190413,5.608457565307617,14.699999809265137
1763596676391,35.193004447202846,-97.43842425248008,326.7578083502601,5.6093950271606445,14.699999809265137
1763596676391,35.19300481667813,-97.43842156874604,326.7639787530406,5.616537094116211,14.300000190734863
1763596676391,35.19300519987124,-97.43841878921752,326.77106920774673,5.622920036315918,14.0
1763596677391,35.19300644430459,-97.4384115833864,326.6417148775724,5.620353698730469,13.800000190734863
1763596677391,35.19300689621927,-97.43840852017243,326.64834097394083,5.619729042053223,13.800000190734863
1763596677391,35.193007320453695,-97.43840569287872,326.65476233017966,5.626725673675537,13.800000190734863
1763596677391,35.193007741102875,-97.43840290732895,326.66069031486404,5.623330116271973,13.800000190734863
1763596677391,35.19300816386723,-97.43840011279867,326.66588204378024,5.6219401359558105,14.0
1763596677391,35.19300857916652,-97.43839731675504,326.67211317937694,5.623728275299072,14.100000381469727
1763596677391,35.19300900544397,-97.4383945670547,326.6795487451283,5.618454456329346,14.100000381469727
1763596677391,35.19300945567253,-97.43839171333305,326.68735965725506,5.6181488037109375,14.199999809265137
1763596677391,35.19300989115519,-97.438388942888,326.6926699078053,5.619456768035889,14.300000190734863
1763596677391,35.19301035709414,-97.4383860458643,326.6997342840595,5.6257710456848145,14.199999809265137
1763596677391,35.19301080524427,-97.43838329332027,326.7073777378319,5.629665851593018,14.199999809265137
1763596677391,35.19301128583607,-97.43838040722794,326.71534817296555,5.62733793258667,14.199999809265137
1763596677391,35.19301171016293,-97.4383778623539,326.7220522055271,5.623208522796631,14.199999809265137
1763596677391,35.19301222268817,-97.4383748540114,326.72836439926454,5.620885848999023,14.199999809265137
1763596677391,35.193012702301594,-97.43837201790431,326.7345386258358,5.6172051429748535,14.199999809265137
1763596677391,35.19301317375237,-97.43836925121845,326.74019497492844,5.61910343170166,14.199999809265137
1763596677391,35.1930136215476,-97.4383666241897,326.74668112666205,5.6251349449157715,14.199999809265137
1763596677391,35.193014130009054,-97.43836362060435,326.75354893745845,5.62246036529541,14.199999809265137
1763596677391,35.1930145772921,-97.43836103933525,326.760082301557,5.613165378570557,14.100000381469727
1763596678391,35.1930160329159,-97.43835372642567,326.6504336930948,5.6113505363464355,13.800000190734863
1763596678391,35.1930165618368,-97.43835081489289,326.65532786592473,5.619414329528809,13.600000381469727
1763596678391,35.19301708348123,-97.43834796729898,326.659919976386,5.625627517700195,13.399999618530273
1763596678391,35.1930176155662,-97.43834511114413,326.6660528147097,5.624507427215576,13.199999809265137
1763596678391,35.19301814356365,-97.43834227431002,326.6723089736649,5.624693393707275,13.100000381469727
1763596678391,35.19301868462049,-97.43833941003355,326.6798537916482,5.620072841644287,13.100000381469727
1763596678391,35.193019207952744,-97.43833663856866,326.68622144579535,5.613153457641602,13.0
1763596678391,35.19301974086446,-97.43833380656011,326.6927713367813,5.611245632171631,12.899999618530273
1763596678391,35.19302028604195,-97.43833092500103,326.6999517534137,5.615328311920166,12.899999618530273
1763596678391,35.193020812509616,-97.438328131608,326.70590659523657,5.611669540405273,12.699999809265137
1763596678391,35.19302133985838,-97.4383253577699,326.7108496234431,5.60856294631958,12.100000381469727
1763596678391,35.19302187295726,-97.43832257102491,326.71701278325327,5.608730792999268,11.300000190734863
1763596678391,35.19302241898794,-97.43831975097736,326.72291341869436,5.608126640319824,10.899999618530273
1763596678391,35.19302298099654,-97.43831692362022,326.7293073400328,5.592012405395508,10.199999809265137
1763596678391,35.19302353739441,-97.43831413607872,326.7354320521079,5.584065914154053,9.600000381469727
1763596678391,35.19302406633016,-97.43831148448758,326.7412658698453,5.581154823303223,9.300000190734863
1763596678391,35.19302464753375,-97.43830854221518,326.7471417790102,5.580007076263428,9.0
1763596678391,35.193025203913834,-97.43830570562184,326.7527568166563,5.582691669464111,8.800000190734863
1763596678391,35.19302575497799,-97.43830290009734,326.75904414828176,5.581039905548096,8.600000381469727
1763596679391,35.19302760785484,-97.43829544791612,326.6195753200349,5.580092906951904,8.199999809265137
1763596679391,35.19302817489777,-97.43829261112982,326.6240050771662,5.566401958465576,7.900000095367432
1763596679391,35.19302876164739,-97.43828969661203,326.62827168759685,5.557960033416748,7.400000095367432
1763596679391,35.193029341290305,-97.43828684649539,326.63223685820265,5.556522369384766,6.800000190734863
1763596679391,35.193029955194966,-97.438283848448,326.63599389821053,5.550400257110596,6.099999904632568
1763596679391,35.19303053565363,-97.4382810580094,326.63977635753963,5.55332088470459,5.300000190734863
1763596679391,35.19303113183909,-97.43827818086099,326.64421029694853,5.549158573150635,4.800000190734863
1763596679391,35.19303172123801,-97.43827534844891,326.6494984359456,5.5467023849487305,4.5
1763596679391,35.19303231791522,-97.43827239772372,326.6538560261829,5.536211013793945,4.400000095367432
1763596679391,35.193032885595066,-97.4382696003465,326.6581885797909,5.527009010314941,4.199999809265137
1763596679391,35.19303346664533,-97.43826670887144,326.6625546585587,5.524744033813477,4.099999904632568
1763596679391,35.193034041945864,-97.43826384940367,326.6658191799321,5.5255208015441895,3.799999952316284
1763596679391,35.19303461994326,-97.43826096928842,326.66788258059654,5.525021076202393,3.4000000953674316
1763596679391,35.19303519706411,-97.43825814016397,326.67013155947427,5.5257439613342285,2.9000000953674316
1763596679391,35.19303578444926,-97.43825524636883,326.6719468386312,5.521971225738525,2.5
1763596679391,35.193036360236114,-97.43825245436358,326.67422798957335,5.514104843139648,2.4000000953674316
1763596679391,35.193036986867305,-97.43824950621341,326.67697789161826,5.508753299713135,2.4000000953674316
1763596679391,35.193037578316996,-97.43824675293281,326.67893533324457,5.517326354980469,2.4000000953674316
1763596679391,35.19303818009985,-97.43824395358678,326.68200700640506,5.5213470458984375,2.4000000953674316
1763596679391,35.19303878446105,-97.43824112127425,326.6850253665174,5.523985385894775,2.4000000953674316
1763596679391,35.193039371497576,-97.43823834621315,326.68866323685495,5.524811267852783,2.4000000953674316
1763596679391,35.19303995597056,-97.43823563509247,326.69111642242603,5.527235984802246,2.4000000953674316
1763596680391,35.19304159545459,-97.438229558484,326.5598793403737,5.53141450881958,2.4000000953674316
1763596680391,35.193042212806894,-97.43822670685377,326.56144515466076,5.531493663787842,2.4000000953674316
1763596680391,35.19304285154341,-97.4382237760942,326.56343441351186,5.528654098510742,2.4000000953674316
1763596680391,35.19304345114991,-97.43822101230099,326.56522886590074,5.533594608306885,2.4000000953674316
1763596680391,35.19304408400052,-97.43821809084719,326.56701921181497,5.533467769622803,2.4000000953674316
1763596680391,35.19304469685874,-97.43821523968433,326.56924879110994,5.5344648361206055,2.4000000953674316
1763596680391,35.19304532952884,-97.43821232568365,326.5719041811585,5.5356669425964355,2.4000000953674316
1763596680391,35.19304594773198,-97.43820949448754,326.5751985048537,5.541066646575928,2.4000000953674316
1763596680391,35.193046573579664,-97.43820667798043,326.5788770225612,5.539183616638184,2.4000000953674316
1763596680391,35.19304721131527,-97.43820379494615,326.5822214167286,5.535646915435791,2.4000000953674316
1763596680391,35.193047839602926,-97.43820092220663,326.58447513101027,5.539233684539795,2.4000000953674316
1763596680391,35.19304846676163,-97.43819810205888,326.58707939451415,5.537293910980225,2.4000000953674316
1763596680391,35.193049113101985,-97.43819519327931,326.589812737552,5.5364909172058105,2.4000000953674316
1763596680391,35.19304968991532,-97.43819258051337,326.59129597300966,5.531741619110107,2.4000000953674316
1763596680391,35.193050378469735,-97.43818944838272,326.5927086775308,5.529275417327881,2.4000000953674316
1763596680391,35.19305093659571,-97.43818684953808,326.59378039603007,5.523587703704834,2.4000000953674316
1763596680391,35.19305160437805,-97.43818381253867,326.595921425637,5.521459579467773,2.4000000953674316
1763596680391,35.193052258855516,-97.4381809270914,326.5993693575614,5.516136646270752,2.4000000953674316
1763596680391,35.19305288609924,-97.43817813194926,326.6016805765163,5.506128787994385,2.4000000953674316
1763596680391,35.193053518315516,-97.43817531718027,326.60332216704376,5.492894172668457,2.4000000953674316
1763596681391,35.19305498236164,-97.43817049001844,326.53125571970133,5.476776123046875,2.4000000953674316
1763596681391,35.19305561208752,-97.43816768456996,326.5320928735389,5.460522174835205,2.4000000953674316
1763596681391,35.1930562637172,-97.43816478939719,326.5328342171589,5.445068836212158,2.4000000953674316
1763596681391,35.19305685426484,-97.43816217149799,326.533872790185,5.423978328704834,2.4000000953674316
1763596681391,35.19305753897563,-97.43815913102641,326.53588477889934,5.399653434753418,2.4000000953674316
1763596681391,35.19305815820966,-97.43815639915235,326.5371518655078,5.355707168579102,2.4000000953674316
1763596681391,35.19305873763195,-97.43815382012204,326.53492219995945,5.351944446563721,2.4000000953674316
1763596681391,35.19305936655807,-97.4381510418116,326.5340120872283,5.3346967697143555,2.4000000953674316
1763596681391,35.193060040406074,-97.43814809931236,326.5344649226425,5.318450927734375,2.4000000953674316
1763596681391,35.193060670086375,-97.4381453534457,326.5384189939487,5.303334712982178,2.4000000953674316
1763596681391,35.19306127982526,-97.4381426968252,326.5432528506942,5.278277397155762,2.4000000953674316
1763596681391,35.193061909710785,-97.43813997715053,326.5485449029643,5.250760555267334,2.299999952316284
1763596681391,35.19306252993935,-97.43813726302095,326.55231510999596,5.219310283660889,1.899999976158142
1763596681391,35.19306314294437,-97.43813454654439,326.5560337841022,5.1903228759765625,1.399999976158142
1763596681391,35.19306374629809,-97.43813192445558,326.55930568691707,5.166543483734131,0.6000000238418579
1763596681391,35.19306436285777,-97.43812931234498,326.5633574763945,5.13671875,-0.5
1763596681391,35.19306499011565,-97.43812666235276,326.56694936104054,5.038734436035156,-1.899999976158142
1763596681391,35.19306560959642,-97.43812402880945,326.5691859975551,5.012002468109131,-3.200000047683716
1763596681391,35.1930661963488,-97.43812146798396,326.57024406645473,4.97946310043335,-5.0
1763596681391,35.193066763716274,-97.43811892643264,326.5721975744515,4.952056884765625,-6.5
1763596682391,35.193068009976656,-97.43811441066313,326.48621541178005,4.937771797180176,-8.100000381469727
1763596682391,35.19306858117213,-97.43811185402313,326.48766723909347,4.916287422180176,-10.0
1763596682391,35.19306916659898,-97.43810922412125,326.48987427540857,4.886944770812988,-12.899999618530273
1763596682391,35.19306973796636,-97.43810665716775,326.49154933828214,4.854491710662842,-14.699999809265137
1763596682391,35.193070304134736,-97.4381041055174,326.4927174717314,4.814922332763672,-16.899999618530273
1763596682391,35.193070895184874,-97.43810141733299,326.49431006811653,4.773496150970459,-19.799999237060547
1763596682391,35.19307144202339,-97.43809894267646,326.495854557695,4.745693206787109,-22.200000762939453
1763596682391,35.193071981081594,-97.43809648701584,326.49736402221123,4.719606399536133,-24.299999237060547
1763596682391,35.19307249290196,-97.43809410095413,326.497934346469,4.699295997619629,-25.600000381469727
1763596682391,35.1930729694967,-97.43809179515009,326.4984334406602,4.676292896270752,-26.5
1763596682391,35.193073483313505,-97.43808922496754,326.4994278908199,4.656377792358398,-27.799999237060547
1763596682391,35.193073971502116,-97.43808676618626,326.5007624129075,4.628080368041992,-28.700000762939453
1763596682391,35.193074447320555,-97.43808432655618,326.5023485437912,4.601224899291992,-29.299999237060547
1763596682391,35.19307490562574,-97.43808192166321,326.5039078692202,4.574113845825195,-29.799999237060547
1763596682391,35.193075373246145,-97.4380794381185,326.50483066869145,4.542915344238281,-30.100000381469727
1763596682391,35.19307577789986,-97.43807729836296,326.50502528947874,4.525097370147705,-30.299999237060547
1763596682391,35.193076271640585,-97.43807466345369,326.5056789654759,4.5040283203125,-30.399999618530273
1763596682391,35.19307666943069,-97.43807254842473,326.50668246432423,4.490194320678711,-30.399999618530273
1763596682391,35.193077146138016,-97.4380700094484,326.507431386538,4.469996929168701,-30.399999618530273
1763596682391,35.19307758183468,-97.43806759776477,326.50876825629405,4.4479899406433105,-30.399999618530273
1763596683391,35.193078803852075,-97.43806437587693,326.4710870909579,4.420833587646484,-30.399999618530273
1763596683391,35.19307919923183,-97.43806209255214,326.47162985515126,4.391716480255127,-30.5
1763596683391,35.19307961132893,-97.43805967323433,326.47253479079666,4.367267608642578,-30.899999618530273
1763596683391,35.193079998574206,-97.43805738878557,326.472976021653,4.344624042510986,-31.5
1763596683391,35.193080396840465,-97.43805502458466,326.4738623731012,4.325936317443848,-31.899999618530273
1763596683391,35.19308076596105,-97.43805278746538,326.47494190300523,4.305366039276123,-32.0
1763596683391,35.19308113246074,-97.43805051307255,326.4764448601282,4.286667346954346,-32.0
1763596683391,35.193081504653065,-97.43804821278685,326.477124929912,4.259549140930176,-32.0
1763596683391,35.19308187168824,-97.438045920749,326.477060549396,4.241880416870117,-32.0
1763596683391,35.19308222879261,-97.43804365828993,326.47690029823065,4.221272945404053,-31.299999237060547
1763596683391,35.193082573628836,-97.43804141229279,326.4765699032559,4.198219299316406,-29.899999618530273
1763596683391,35.1930829115584,-97.43803913074802,326.4762072945238,4.180747032165527,-27.799999237060547
1763596683391,35.19308324032998,-97.4380368833683,326.4755058294472,4.158286094665527,-24.600000381469727
1763596683391,35.19308356612194,-97.43803468786548,326.47494934151064,4.14574670791626,-22.299999237060547
1763596683391,35.193083889983264,-97.43803244996566,326.4746023946201,4.129787921905518,-19.100000381469727
1763596683391,35.19308420504782,-97.43803025552155,326.47430042679736,4.11091947555542,-16.100000381469727
1763596683391,35.193084506001206,-97.43802824080116,326.47442880223747,4.091580390930176,-12.899999618530273
1763596683391,35.193084857700754,-97.43802587906106,326.47435781998496,4.07087516784668,-8.399999618530273
1763596683391,35.19308519669532,-97.43802366108673,326.4734917819706,4.054428577423096,-4.699999809265137
1763596683391,35.19308551029986,-97.4380215112096,326.47283487401313,4.04032564163208,0.699999988079071
1763596684391,35.193085865352266,-97.43801870384974,326.4226319348549,4.021485805511475,8.600000381469727
1763596684391,35.193086197100286,-97.4380165556348,326.4218078019809,4.014059543609619,14.600000381469727
1763596684391,35.19308652926335,-97.43801441062973,326.4208502476475,3.9981250762939453,22.600000381469727
1763596684391,35.19308687265942,-97.43801226924337,326.4198790934101,3.9814159870147705,33.0
1763596684391,35.193087231543444,-97.43801009414685,326.4184663338823,3.9632134437561035,42.79999923706055
1763596684391,35.19308758842619,-97.43800803324571,326.4173159707391,3.9494709968566895,53.599998474121094
1763596684391,35.193087975170904,-97.43800592309262,326.415572709127,3.9371776580810547,62.400001525878906
1763596684391,35.19308835443504,-97.43800397441173,326.41397113158865,3.9213926792144775,73.0999984741211
1763596684391,35.19308880022483,-97.43800178549607,326.4127193248873,3.9076693058013916,83.5
1763596684391,35.19308920914547,-97.43799990301773,326.411672104335,3.8949058055877686,93.5
1763596684391,35.1930897328128,-97.43799768701678,326.4107025103999,3.881828784942627,103.30000305175781
1763596684391,35.19309023743368,-97.43799569027315,326.410035789619,3.874074935913086,113.19999694824219
1763596684391,35.193090790790755,-97.43799367271862,326.40898632798803,3.859858512878418,122.9000015258789
1763596684391,35.193091359157236,-97.43799172271068,326.4088103833219,3.8408422470092773,132.60000610351562
1763596684391,35.19309195378897,-97.43798976406431,326.40866115060527,3.826338768005371,143.8000030517578
1763596684391,35.19309252318914,-97.43798799973324,326.40860401392973,3.8156306743621826,150.89999389648438
1763596684391,35.193093232715526,-97.4379859158646,326.4086873703127,3.796879291534424,161.0
1763596684391,35.19309391293904,-97.43798403227457,326.4085827859651,3.7872612476348877,166.8000030517578
1763596684391,35.19309459037856,-97.43798222728678,326.4088434903413,3.7756507396698,174.0
1763596685391,35.193096162935014,-97.43797970433076,326.34110493930183,3.7592039108276367,184.5
1763596685391,35.19309686090101,-97.43797807528993,326.34097309801825,3.7440426349639893,191.1999969482422
1763596685391,35.19309767262444,-97.43797628566973,326.3408525159123,3.7274532318115234,202.1999969482422
1763596685391,35.19309851838381,-97.43797452113976,326.3408584234341,3.7159597873687744,209.60000610351562
1763596685391,35.193099318629336,-97.4379729508001,326.34134533811607,3.703580617904663,218.6999969482422
1763596685391,35.19310021556554,-97.43797128313362,326.34186094138204,3.686732053756714,228.39999389648438
1763596685391,35.19310116880874,-97.43796962063547,326.34219559917875,3.661315679550171,239.89999389648438
1763596685391,35.19310217102914,-97.43796798108121,326.342743782059,3.6453912258148193,247.10000610351562
1763596685391,35.193103184270164,-97.4379664156287,326.343533837448,3.6318812370300293,255.6999969482422
1763596685391,35.193104213462185,-97.43796490598076,326.34516460109506,3.617993116378784,263.6000061035156
1763596685391,35.19310527514785,-97.43796342945542,326.3477132802399,3.60357666015625,270.79998779296875
1763596685391,35.193106365958904,-97.43796199340734,326.3504195519869,3.582972288131714,278.79998779296875
1763596685391,35.19310747006643,-97.43796061576109,326.3532174979311,3.5694901943206787,283.8999938964844
1763596685391,35.19310861469225,-97.43795924886045,326.35613748851813,3.5428454875946045,289.70001220703125
1763596685391,35.19310977612801,-97.4379579349947,326.35900708394684,3.5212643146514893,294.79998779296875
1763596685391,35.193110978884974,-97.43795664445645,326.36186975682875,3.5042991638183594,299.6000061035156
1763596685391,35.19311209668409,-97.43795550202402,326.36389622235606,3.4826948642730713,303.6000061035156
1763596685391,35.1931133908582,-97.43795426134805,326.3666518650664,3.4638731479644775,306.79998779296875
1763596685391,35.19311465977978,-97.4379531146033,326.36988131595695,3.4369006156921387,309.6000061035156
1763596685391,35.19311589006187,-97.43795204973446,326.3733603279652,3.4198758602142334,311.1000061035156
1763596685391,35.193117181988136,-97.43795098950005,326.3773320055016,3.4037718772888184,311.8999938964844
1763596686391,35.19311872441436,-97.43794849144675,326.4129986918351,3.387963056564331,312.20001220703125
1763596686391,35.19312013605707,-97.43794745268151,326.41895653924314,3.3710854053497314,312.29998779296875
1763596686391,35.19312149138009,-97.43794651365138,326.424676132375,3.3444154262542725,312.3999938964844
1763596686391,35.19312279927088,-97.43794566286974,326.4301244035246,3.3226113319396973,312.3999938964844
1763596686391,35.193124130643035,-97.43794484074499,326.4356966584728,3.3003077507019043,312.3999938964844
1763596686391,35.193125493688825,-97.43794404193235,326.4412630836746,3.2740724086761475,312.3999938964844
1763596686391,35.193126828818265,-97.43794328286366,326.44649443533524,3.2587532997131348,312.3999938964844
1763596686391,35.19312817480466,-97.43794258327767,326.45255706554946,3.2396769523620605,312.3999938964844
1763596686391,35.193129391979255,-97.4379419902285,326.457705013044,3.224498987197876,312.3999938964844
1763596686391,35.193130857806345,-97.43794131484081,326.4637588657928,3.2004387378692627,312.3999938964844
1763596686391,35.19313209787942,-97.43794076334663,326.4680331167234,3.180802345275879,312.3999938964844
1763596686391,35.19313355835018,-97.43794017369233,326.47394363024415,3.159667491912842,312.20001220703125
1763596686391,35.19313488503915,-97.4379396736904,326.4790736676359,3.1403706073760986,311.70001220703125
1763596686391,35.19313619867478,-97.43793920793306,326.484747306957,3.117602825164795,311.0
1763596686391,35.19313756016678,-97.4379387592233,326.4901017066155,3.0924742221832275,309.3999938964844
1763596686391,35.19313886527457,-97.43793837334998,326.49605426067126,3.0749423503875732,307.5
1763596686391,35.19314023019582,-97.43793798361729,326.5021036193936,3.057889699935913,305.1000061035156
1763596686391,35.19314155023519,-97.43793765946957,326.50881767972743,3.0395123958587646,302.3999938964844
1763596686391,35.193142850336024,-97.43793736011874,326.5151444035737,3.019408941268921,299.5
1763596686391,35.193144121459184,-97.43793710331634,326.52136650637067,3.000973701477051,296.8999938964844
1763596687391,35.19314650603836,-97.4379359714764,326.48689993692227,2.983229637145996,293.20001220703125
1763596687391,35.193147793002446,-97.43793576084067,326.49243675357985,2.964402437210083,289.20001220703125
1763596687391,35.19314912966495,-97.43793557841622,326.4984373853501,2.9471633434295654,283.79998779296875
1763596687391,35.193150442611426,-97.43793542113923,326.50456746772267,2.930507183074951,279.0
1763596687391,35.19315174158947,-97.43793530981344,326.5100905605783,2.915827989578247,274.1000061035156
1763596687391,35.193153061415366,-97.43793520246889,326.5154710104448,2.9069244861602783,269.29998779296875
1763596687391,35.19315441200957,-97.43793512942928,326.52087545543026,2.897705316543579,264.20001220703125
1763596687391,35.193155729898706,-97.43793506165545,326.52561804040545,2.8874359130859375,258.79998779296875
1763596687391,35.193157009895884,-97.43793502051432,326.5306420367791,2.878434419631958,252.60000610351562
1763596687391,35.19315827243062,-97.43793499993227,326.53610052570247,2.8680665493011475,244.5
1763596687391,35.19315950236485,-97.43793497108088,326.5403740617651,2.8644683361053467,234.5
1763596687391,35.19316075295671,-97.43793496060658,326.54606941784914,2.857077121734619,223.10000610351562
1763596687391,35.19316199962535,-97.43793494316706,326.55149685697523,2.8460564613342285,211.10000610351562
1763596687391,35.193163250470924,-97.43793492978288,326.55678390353165,2.8389995098114014,200.89999389648438
1763596687391,35.19316450679589,-97.43793493334806,326.5629724608191,2.830024480819702,187.10000610351562
1763596687391,35.19316575137017,-97.43793492863054,326.56893826403984,2.8223109245300293,171.39999389648438
1763596687391,35.193166982312675,-97.43793492636347,326.57532966826886,2.8123300075531006,150.8000030517578
1763596687391,35.193168218749825,-97.43793490499934,326.5804971347927,2.8063178062438965,136.0
1763596687391,35.193169432011125,-97.437934909857,326.5862490104459,2.802258014678955,115.30000305175781
1763596687391,35.19317066540441,-97.43793491058818,326.5921565609402,2.79835844039917,88.5
1763596688391,35.19317300135,-97.43793466213307,326.56496223160013,2.7926864624023438,58.70000076293945
1763596688391,35.19317421446531,-97.43793464683627,326.57012754414984,2.7908642292022705,44.0
1763596688391,35.193175437946515,-97.43793461937554,326.5754722611264,2.788090467453003,20.5
1763596688391,35.19317665771142,-97.43793454870652,326.58022151630894,2.783569574356079,-1.5
1763596688391,35.193177899262,-97.43793447837349,326.58602145834584,2.7793169021606445,-25.100000381469727
1763596688391,35.19317914183895,-97.4379343700299,326.59122728657167,2.773768424987793,-46.400001525878906
1763596688391,35.19318033910145,-97.43793426320858,326.5969603470232,2.768850326538086,-66.69999694824219
1763596688391,35.19318149677363,-97.43793414678784,326.602303735388,2.765178918838501,-84.5999984741211
1763596688391,35.193182628423735,-97.43793398304695,326.6071669540108,2.7612929344177246,-102.69999694824219
1763596688391,35.19318374793267,-97.43793377329628,326.61182906872284,2.759211540222168,-118.19999694824219
1763596688391,35.19318490497591,-97.4379335186847,326.61688897669586,2.7552452087402344,-139.60000610351562
1763596688391,35.193186028223195,-97.43793323497118,326.62169214823854,2.749695301055908,-163.1999969482422
1763596688391,35.19318714679853,-97.43793292038295,326.62682108424985,2.740586519241333,-184.89999389648438
1763596688391,35.193188260951416,-97.43793258345303,326.63237285029174,2.7324981689453125,-209.10000610351562
1763596688391,35.19318938104032,-97.43793219297355,326.637251027325,2.7278482913970947,-228.8000030517578
1763596688391,35.19319044794784,-97.43793176723297,326.6414945343076,2.7225608825683594,-245.89999389648438
1763596688391,35.19319150091876,-97.43793128204402,326.64552253441195,2.71793794631958,-260.29998779296875
1763596688391,35.1931925431403,-97.4379307510278,326.64964820693154,2.713616132736206,-272.6000061035156
1763596688391,35.19319354688302,-97.43793017990363,326.6536354121757,2.711043357849121,-280.70001220703125
1763596688391,35.19319450549442,-97.43792957819687,326.6572274712335,2.710293769836426,-289.3999938964844
1763596689391,35.193197042766045,-97.43792817203338,326.6546336872761,2.713184118270874,-296.8999938964844
1763596689391,35.19319802373163,-97.43792747905748,326.65777083116865,2.7152259349823,-304.79998779296875
1763596689391,35.19319900164552,-97.43792674664446,326.66069500431087,2.7195940017700195,-311.1000061035156
1763596689391,35.19319994275696,-97.4379259948561,326.6636944604872,2.7256219387054443,-315.1000061035156
1763596689391,35.19320087848585,-97.43792519971298,326.66696899832374,2.7293457984924316,-318.3999938964844
1763596689391,35.193201774153366,-97.43792439254861,326.67024108683137,2.7321794033050537,-320.1000061035156
1763596689391,35.19320267210336,-97.43792353614657,326.6736391024367,2.737604856491089,-320.5
1763596689391,35.19320353929299,-97.43792266883155,326.676994725607,2.7461938858032227,-320.5
1763596689391,35.19320440719304,-97.43792176076559,326.68024308949407,2.7543139457702637,-320.5
1763596689391,35.193205176286675,-97.43792092673486,326.68317369486334,2.7607297897338867,-320.6000061035156
1763596689391,35.193206028979084,-97.43791996812877,326.68616387474873,2.7694687843322754,-320.70001220703125
1763596689391,35.19320691468831,-97.43791894501823,326.689317739627,2.783961057662964,-320.8999938964844
1763596689391,35.19320774897262,-97.43791793885893,326.69225906880007,2.7967164516448975,-321.20001220703125
1763596689391,35.193208562644706,-97.43791691873798,326.6953314366712,2.8082735538482666,-321.3999938964844
1763596689391,35.19320934328623,-97.43791588878346,326.6984668636047,2.824385166168213,-321.5
1763596689391,35.19321011892727,-97.43791481906482,326.7015466766307,2.840542793273926,-321.5
1763596689391,35.19321088453986,-97.43791372307837,326.7042479301411,2.860832929611206,-321.5
1763596689391,35.19321163156409,-97.43791260928504,326.7068032511766,2.878429412841797,-321.5
1763596689391,35.193212386387934,-97.4379114438941,326.7094691380201,2.8888983726501465,-321.5
1763596689391,35.193213117751455,-97.43791026265578,326.71191224873354,2.9033634662628174,-321.5
1763596690391,35.19321398009501,-97.43790833043435,326.72365081791264,2.926971673965454,-321.5
1763596690391,35.193214594773494,-97.4379072822123,326.72587948610186,2.9449427127838135,-321.5
1763596690391,35.19321529679368,-97.43790602269578,326.7283052179934,2.9659130573272705,-321.5
1763596690391,35.19321597149603,-97.43790473177822,326.73041275884225,2.9818921089172363,-321.20001220703125
1763596690391,35.193216627884894,-97.43790339610317,326.7323897229744,2.9981706142425537,-320.79998779296875
1763596690391,35.1932172486941,-97.43790205987268,326.7334866759633,3.017256259918213,-320.1000061035156
1763596690391,35.19321789530814,-97.43790063340806,326.73452825503466,3.038723945617676,-318.6000061035156
1763596690391,35.19321850641417,-97.43789921366734,326.7355191703885,3.0519793033599854,-317.20001220703125
1763596690391,35.19321910147914,-97.4378977939808,326.73607786371394,3.0699329376220703,-314.5
1763596690391,35.19321970108031,-97.43789636628354,326.73681035286666,3.0840401649475098,-311.3999938964844
1763596690391,35.19322025262698,-97.43789492196748,326.73685253567567,3.1000492572784424,-307.3999938964844
1763596690391,35.19322079488612,-97.43789347353876,326.7375141415426,3.1185123920440674,-302.79998779296875
1763596690391,35.19322135201014,-97.43789196897676,326.73810387527624,3.135607957839966,-297.6000061035156
1763596690391,35.19322188271901,-97.43789046058184,326.7386465806961,3.1512043476104736,-292.20001220703125
1763596690391,35.19322241947072,-97.43788890367782,326.7386312071479,3.159979820251465,-287.3999938964844
1763596690391,35.193222926493284,-97.43788735935868,326.73852136611714,3.1720879077911377,-281.3999938964844
1763596690391,35.19322344660257,-97.437885802834,326.73832181897643,3.1859078407287598,-275.5
1763596690391,35.193223961369384,-97.43788419677001,326.7381675805497,3.2033350467681885,-268.5
1763596690391,35.19322443767744,-97.43788262444717,326.7381042632783,3.2236456871032715,-262.8999938964844
1763596690391,35.193224882601974,-97.43788098597433,326.73779729280346,3.244812250137329,-257.6000061035156
1763596691391,35.19322869067979,-97.4378769252693,326.7008326295465,3.2619638442993164,-252.6999969482422
1763596691391,35.19322907740237,-97.43787535037929,326.699209739147,3.2774486541748047,-248.3000030517578
1763596691391,35.193229502744494,-97.43787358578028,326.69728191745054,3.297508716583252,-244.60000610351562
1763596691391,35.193229922015725,-97.43787184951782,326.69523101016364,3.3138937950134277,-241.3000030517578
1763596691391,35.19323034482755,-97.43787005723598,326.69338640105485,3.33158278465271,-238.5
1763596691391,35.19323075027477,-97.43786829005202,326.6916347149056,3.349217414855957,-235.6999969482422
1763596691391,35.19323113323597,-97.43786652848534,326.6903412143759,3.363215923309326,-233.1999969482422
1763596691391,35.19323151924322,-97.43786474328746,326.6885054955222,3.3825490474700928,-228.60000610351562
1763596691391,35.19323186841284,-97.4378629310427,326.68677720572975,3.3974833488464355,-224.10000610351562
1763596691391,35.19323217346588,-97.43786109583758,326.6849700011381,3.4130778312683105,-218.6999969482422
1763596691391,35.193232477460995,-97.4378592530297,326.68237307759847,3.431114435195923,-212.39999389648438
1763596691391,35.193232752939565,-97.43785737441165,326.6795722589747,3.4490435123443604,-205.39999389648438
1763596691391,35.19323299305277,-97.43785550407806,326.6768440304318,3.4626877307891846,-199.10000610351562
1763596691391,35.19323321000061,-97.43785363538483,326.6742327425405,3.485466718673706,-190.5
1763596691391,35.19323340383253,-97.43785172369653,326.6719367137725,3.509354829788208,-179.1999969482422
1763596691391,35.19323356287473,-97.43784983640198,326.66958826987985,3.52781081199646,-169.10000610351562
1763596691391,35.193233747045284,-97.43784806204856,326.66757995941543,3.5390326976776123,-161.1999969482422
1763596691391,35.193233919898375,-97.43784598160448,326.6650090907752,3.5554614067077637,-150.0
1763596691391,35.19323406027283,-97.43784404148649,326.66315979416305,3.5654239654541016,-139.6999969482422
1763596691391,35.19323420259793,-97.43784210023242,326.66078740330727,3.5734572410583496,-128.3000030517578
1763596692391,35.193235741090774,-97.4378386036872,326.6411671927438,3.5823557376861572,-118.30000305175781
1763596692391,35.19323588279583,-97.43783662139846,326.6381110880373,3.5921595096588135,-104.80000305175781
1763596692391,35.19323601863555,-97.43783462101337,326.6353103408802,3.6009647846221924,-90.5
1763596692391,35.1932361523749,-97.43783281496553,326.63272656934623,3.617225170135498,-74.69999694824219
1763596692391,35.193236311877904,-97.43783060362189,326.6306961118061,3.629455327987671,-55.0
1763596692391,35.19323645060121,-97.43782863292878,326.62938495957724,3.6366870403289795,-39.0
1763596692391,35.193236622369916,-97.43782657934044,326.6281329281296,3.6470706462860107,-24.399999618530273
1763596692391,35.19323680473554,-97.43782460432372,326.6281630436246,3.657642364501953,-11.5
1763596692391,35.19323701941242,-97.43782259235907,326.6278825614727,3.664172410964966,2.200000047683716
1763596692391,35.19323726569238,-97.43782053233741,326.62791286544444,3.670738458633423,9.899999618530273
1763596692391,35.193237525199734,-97.43781844511537,326.62748211037734,3.679140567779541,18.200000762939453
1763596692391,35.193237787853015,-97.43781643154742,326.62740987369295,3.6891167163848877,24.0
1763596692391,35.193238075384976,-97.4378143618349,326.6279620649262,3.6942384243011475,27.200000762939453
1763596692391,35.19323839040967,-97.43781233760998,326.62782794066806,3.696884870529175,27.899999618530273
1763596692391,35.19323870723069,-97.43781030424682,326.62691946806973,3.705911874771118,27.899999618530273
1763596692391,35.19323903875738,-97.43780831745443,326.6252096760247,3.7173655033111572,27.299999237060547
1763596692391,35.19323940791867,-97.43780617329708,326.62431686153593,3.730435609817505,26.600000381469727
1763596692391,35.193239761757454,-97.43780411726586,326.6236915897303,3.7429511547088623,25.600000381469727
1763596692391,35.19324012174455,-97.43780205965929,326.62244875611407,3.749134063720703,24.299999237060547
1763596692391,35.193240489309076,-97.43779994538089,326.62164520990814,3.7559866905212402,23.200000762939453
1763596693391,35.19324095355888,-97.43779854307432,326.6529449072534,3.7605788707733154,22.5
1763596693391,35.19324132547989,-97.43779646412906,326.6537381660034,3.7655131816864014,22.299999237060547
1763596693391,35.19324171390408,-97.43779430622024,326.65355717931584,3.7730119228363037,22.299999237060547
1763596693391,35.193242086628736,-97.43779221157408,326.65297162506084,3.7739739418029785,22.299999237060547
1763596693391,35.193242460448275,-97.43779009982094,326.6519674386408,3.77858829498291,22.899999618530273
1763596693391,35.19324282619061,-97.43778800924987,326.6512341246407,3.783292531967163,24.600000381469727
1763596693391,35.19324319799139,-97.43778591025014,326.65054685688864,3.7984719276428223,27.200000762939453
1763596693391,35.19324358794873,-97.43778369039855,326.65055082732556,3.8100829124450684,30.600000381469727
1763596693391,35.19324396369575,-97.43778158804706,326.6502541887908,3.8170106410980225,35.0
1763596693391,35.193244335611865,-97.43777950605774,326.65017007229056,3.819657802581787,40.20000076293945
1763596693391,35.19324471472208,-97.43777743589229,326.6499368167121,3.823923349380493,45.70000076293945
1763596693391,35.193245125528215,-97.43777525668848,326.6490071449289,3.8312597274780273,51.400001525878906
1763596693391,35.193245551222894,-97.43777313237379,326.64786059000863,3.835549831390381,56.0
1763596693391,35.19324599222357,-97.43777103596958,326.64665086444234,3.8373663425445557,61.29999923706055
1763596693391,35.19324646883689,-97.43776884669266,326.64545954248047,3.8459277153015137,66.4000015258789
1763596693391,35.193246942193504,-97.43776676160935,326.644898663474,3.8604013919830322,69.4000015258789
1763596693391,35.19324746152063,-97.43776456860944,326.6436951386645,3.8699088096618652,71.0
1763596693391,35.19324798192453,-97.43776244455941,326.64349152530286,3.880833625793457,71.19999694824219
1763596693391,35.1932485022258,-97.43776038260445,326.6432073091892,3.8871688842773438,71.19999694824219
1763596694391,35.193249216158655,-97.437759052369,326.6286106045466,3.8891494274139404,71.19999694824219
1763596694391,35.1932497792349,-97.43775695848973,326.6283815868238,3.893310308456421,71.0
1763596694391,35.193250338945546,-97.4377548958883,326.62818712283456,3.896226406097412,70.19999694824219
1763596694391,35.193250919201816,-97.43775278105106,326.6282574232796,3.9019575119018555,69.9000015258789
1763596694391,35.19325150174088,-97.43775068049302,326.62940418790714,3.905057191848755,69.9000015258789
1763596694391,35.193252110200554,-97.4377485268567,326.63037793191626,3.9134788513183594,70.69999694824219
1763596694391,35.19325271189642,-97.43774643258791,326.6307877889526,3.9189414978027344,72.0
1763596694391,35.193253314914124,-97.4377443653442,326.6321897292066,3.923929214477539,75.0999984741211
1763596694391,35.19325394759781,-97.43774225627782,326.63303806139413,3.926196813583374,78.0999984741211
1763596694391,35.193254600317765,-97.43774014188766,326.6338676459075,3.927520275115967,80.9000015258789
1763596694391,35.193255271585635,-97.43773806566367,326.6342492990452,3.925997734069824,83.5999984741211
1763596694391,35.19325597624983,-97.43773596663411,326.6340188099174,3.9318368434906006,86.0999984741211
1763596694391,35.19325667894949,-97.43773392842388,326.63361098836646,3.937927484512329,87.80000305175781
1763596694391,35.19325743199905,-97.437731804981,326.63356902624844,3.941736936569214,88.5999984741211
1763596694391,35.19325816397872,-97.43772979132228,326.63375083382965,3.9453516006469727,88.9000015258789
1763596694391,35.1932589298371,-97.43772771960575,326.6334502903209,3.946183204650879,88.9000015258789
1763596694391,35.193259692368024,-97.43772567190709,326.632283543426,3.9476964473724365,88.80000305175781
1763596694391,35.19326045298301,-97.43772364022396,326.630256105891,3.956490993499756,88.5
1763596694391,35.193261230274885,-97.43772158100933,326.6278867490538,3.965730905532837,87.30000305175781
1763596694391,35.19326203377897,-97.43771950107444,326.6257604664423,3.9717156887054443,86.19999694824219
1763596694391,35.19326283983798,-97.43771742968192,326.6234654283191,3.9813568592071533,84.80000305175781
1763596695391,35.193263393710104,-97.43771685767095,326.61017297201766,3.992921829223633,83.5
1763596695391,35.193264228685386,-97.43771482967058,326.60830838782533,4.004218578338623,82.0999984741211
1763596695391,35.19326510252722,-97.43771275335092,326.60626781350743,4.013545989990234,80.4000015258789
1763596695391,35.1932658968542,-97.43771090560519,326.6048779964183,4.019822120666504,78.80000305175781
1763596695391,35.19326677802127,-97.4377088908054,326.60296317533994,4.02293062210083,76.0999984741211
1763596695391,35.19326761993306,-97.4377069913214,326.60154189336765,4.034144878387451,72.69999694824219
1763596695391,35.19326858054203,-97.43770484217782,326.600128387539,4.040316104888916,68.5999984741211
1763596695391,35.19326945591447,-97.43770288645597,326.59888573082003,4.063483238220215,63.29999923706055
1763596695391,35.19327034041534,-97.43770089837132,326.5981190977422,4.075968265533447,58.20000076293945
1763596695391,35.19327117987035,-97.4376990054603,326.5984426182338,4.089452743530273,52.79999923706055
1763596695391,35.19327214704784,-97.43769683851528,326.5982807540957,4.098474025726318,46.400001525878906
1763596695391,35.1932730376536,-97.43769483292297,326.5980454196883,4.106194496154785,39.79999923706055
1763596695391,35.193273858986444,-97.43769299121935,326.5972501810214,4.109308242797852,34.900001525878906
1763596695391,35.193274821358116,-97.43769084263165,326.59678512848774,4.112192630767822,27.700000762939453
1763596695391,35.19327574671298,-97.43768879958866,326.59664815322924,4.121128559112549,21.899999618530273
1763596695391,35.193276674157474,-97.43768677604955,326.59598341327865,4.131486415863037,17.5
1763596695391,35.193277565572984,-97.43768484365152,326.59493857812953,4.144485950469971,11.399999618530273
1763596695391,35.19327849829433,-97.43768278800046,326.59540233028105,4.154547214508057,6.400000095367432
1763596695391,35.19327940181253,-97.437680787035,326.5962288129393,4.166534900665283,1.399999976158142
1763596695391,35.19328033630345,-97.43767871323796,326.59680781462447,4.180905342102051,-3.799999952316284
1763596696391,35.193281410438814,-97.43767813491621,326.55872620327443,4.186110496520996,-7.900000095367432
1763596696391,35.19328239648553,-97.43767583123207,326.5597016808359,4.192896366119385,-13.600000381469727
1763596696391,35.193283292036725,-97.4376737177772,326.5605189681968,4.202798366546631,-18.399999618530273
1763596696391,35.19328415698271,-97.43767166470349,326.56068005687587,4.212270736694336,-22.399999618530273
1763596696391,35.193285041820005,-97.43766951721541,326.5597225603343,4.225921630859375,-28.700000762939453
1763596696391,35.19328588147769,-97.43766744194279,326.55795717632907,4.240320205688477,-33.70000076293945
1763596696391,35.19328673446449,-97.43766531228759,326.5571749010183,4.257716178894043,-38.29999923706055
1763596696391,35.193287592818,-97.43766314141234,326.55717130166033,4.268972396850586,-42.5
1763596696391,35.19328842178878,-97.43766102796648,326.5565554673699,4.280923843383789,-45.70000076293945
1763596696391,35.19328924739963,-97.43765885727768,326.55595795992394,4.290515422821045,-47.5
1763596696391,35.19329006114835,-97.43765669238832,326.5557572898994,4.299081802368164,-48.0
1763596696391,35.19329086549611,-97.43765450276676,326.55529442256847,4.303292274475098,-47.79999923706055
1763596696391,35.193291667475705,-97.43765228092367,326.5548710667739,4.3108062744140625,-46.400001525878906
1763596696391,35.19329243313842,-97.4376501273316,326.5544155340154,4.324707984924316,-44.5
1763596696391,35.19329321144461,-97.43764792603574,326.5551613370099,4.342370986938477,-41.29999923706055
1763596696391,35.19329399411183,-97.43764568550904,326.5556013461235,4.358181476593018,-36.900001525878906
1763596696391,35.19329476649409,-97.43764346264128,326.55583983304103,4.368978500366211,-31.600000381469727
1763596696391,35.193295541792416,-97.43764122133264,326.5551663832451,4.3692193031311035,-26.299999237060547
1763596696391,35.19329630940268,-97.43763898935447,326.5545707930795,4.374445915222168,-20.299999237060547
1763596696391,35.19329702364674,-97.43763695018775,326.55505780485237,4.377440929412842,-13.800000190734863
1763596697391,35.193298004178736,-97.4376347949228,326.5423128516529,4.380989074707031,-7.300000190734863
1763596697391,35.19329878900476,-97.43763256831177,326.54257038542187,4.381198883056641,-0.4000000059604645
1763596697391,35.19329958658691,-97.43763031404761,326.54331596129396,4.38960075378418,6.5
1763596697391,35.19330031543544,-97.4376282714015,326.5449747698847,4.394513130187988,11.5
1763596697391,35.19330121372118,-97.4376257939489,326.54609079133525,4.397989749908447,18.799999237060547
1763596697391,35.19330201380254,-97.4376236498219,326.54847877878785,4.401556968688965,25.0
1763596697391,35.1933028478626,-97.43762146999768,326.54988809646517,4.397830009460449,30.899999618530273
1763596697391,35.19330371447086,-97.4376192447488,326.5513398016832,4.404498100280762,36.70000076293945
1763596697391,35.1933046114436,-97.437617003155,326.5513564081094,4.410045146942139,42.29999923706055
1763596697391,35.1933055032796,-97.43761481431933,326.55075958003073,4.407290458679199,48.599998474121094
1763596697391,35.19330638943016,-97.43761265540219,326.5510259685124,4.406657695770264,55.20000076293945
1763596697391,35.193307303607796,-97.43761048199,326.55059470904246,4.4094438552856445,62.29999923706055
1763596697391,35.19330825056817,-97.43760829103255,326.5500507633593,4.414862632751465,70.0999984741211
1763596697391,35.19330919365754,-97.43760615783903,326.54998990803375,4.420938491821289,78.0
1763596697391,35.1933101609694,-97.43760403403431,326.55019590595174,4.419487953186035,85.0999984741211
1763596697391,35.19331117724952,-97.43760185821002,326.5504624967786,4.41053581237793,90.4000015258789
1763596697391,35.19331220276078,-97.4375997743938,326.551248169328,4.410284042358398,93.5999984741211
1763596697391,35.193313272334535,-97.43759766627609,326.55152228652634,4.405963897705078,95.19999694824219
1763596698391,35.19331505533808,-97.43759576784906,326.52885267101584,4.400691986083984,95.5999984741211
1763596698391,35.19331615993841,-97.43759372071507,326.5289270175502,4.38200569152832,95.5999984741211
1763596698391,35.193317264198484,-97.43759171453453,326.5290756005785,4.370400428771973,95.5999984741211
1763596698391,35.19331839002174,-97.43758970415003,326.52950907497126,4.35801887512207,95.5999984741211
1763596698391,35.19331953055776,-97.43758770145367,326.5298055048878,4.345100402832031,95.5999984741211
1763596698391,35.19332063744853,-97.43758579024707,326.53013056611417,4.335002899169922,95.5999984741211
1763596698391,35.19332177162733,-97.43758386517628,326.5306581737934,4.316745758056641,95.5999984741211
1763596698391,35.19332297476761,-97.43758187482813,326.5313909308095,4.295589447021484,95.5999984741211
1763596698391,35.19332414440374,-97.43757999847796,326.5320358611786,4.2804274559021,95.5999984741211
1763596698391,35.193325245529934,-97.4375782247091,326.53207009677135,4.263984203338623,95.80000305175781
1763596698391,35.19332653337328,-97.43757619430825,326.5327739663534,4.245665550231934,96.69999694824219
1763596698391,35.19332764206065,-97.43757446957513,326.53380720009267,4.232695579528809,98.4000015258789
1763596698391,35.19332891396307,-97.4375725269291,326.5353221616934,4.214807510375977,102.30000305175781
1763596698391,35.1933301504217,-97.43757066921096,326.5364356800574,4.1971635818481445,106.5
1763596698391,35.19333122868241,-97.43756908452585,326.5372093527546,4.180405616760254,110.0999984741211
1763596698391,35.19333256227287,-97.43756715842004,326.53755367032943,4.157638072967529,115.69999694824219
1763596698391,35.19333383433399,-97.43756536847387,326.53801743492045,4.139806747436523,120.5
1763596698391,35.1933350758555,-97.43756368964624,326.53907455082003,4.1209588050842285,126.4000015258789
1763596698391,35.19333637455904,-97.4375619767184,326.53987221922654,4.101669788360596,135.39999389648438
1763596699391,35.19333957272558,-97.4375609629096,326.5546927492778,4.069224834442139,150.60000610351562
1763596699391,35.19334000827613,-97.4375604311018,326.5549893397425,4.064314842224121,152.60000610351562
1763596699391,35.193341347927245,-97.43755886845024,326.55578957158815,4.0409064292907715,162.8000030517578
1763596699391,35.19334271130037,-97.4375573381749,326.5566106476877,4.02108907699585,173.3000030517578
1763596699391,35.193344083871764,-97.43755587102275,326.5577626476896,4.00537109375,184.10000610351562
1763596699391,35.19334550374506,-97.43755442418978,326.5591680223733,3.987375020980835,194.60000610351562
1763596699391,35.19334693113762,-97.43755304371612,326.5602622961481,3.970346689224243,204.1999969482422
1763596699391,35.19334838148679,-97.43755172196555,326.5612919712358,3.9497437477111816,212.6999969482422
1763596699391,35.193349806171184,-97.43755050220616,326.5625750830721,3.929762601852417,220.3000030517578
1763596699391,35.19335136891229,-97.4375492420573,326.56431038546964,3.9048497676849365,227.39999389648438
1763596699391,35.19335276556992,-97.43754818200524,326.56585877213496,3.882824182510376,234.1999969482422
1763596699391,35.19335439868156,-97.4375470187487,326.5675369070414,3.862274408340454,240.8000030517578
1763596699391,35.19335595501072,-97.43754597868455,326.5692976630491,3.844158172607422,247.0
1763596699391,35.19335753482516,-97.4375449818794,326.57120584670065,3.827359199523926,252.0
1763596699391,35.193359108872066,-97.43754404545581,326.57343460601913,3.8074443340301514,255.89999389648438
1763596699391,35.193360698666496,-97.4375431590845,326.57624257794106,3.7914412021636963,258.70001220703125
1763596699391,35.193362238453766,-97.43754235517792,326.57933158357804,3.7719173431396484,261.5
1763596699391,35.193363792813926,-97.43754160177464,326.58301507868157,3.7586681842803955,264.0
1763596699391,35.19336542888579,-97.43754085535252,326.5869809789001,3.7338900566101074,267.79998779296875
1763596699391,35.19336708283799,-97.43754015537448,326.5917866980509,3.7100605964660645,270.70001220703125
1763596699391,35.19336868244825,-97.43753952923346,326.59678749382846,3.6837635040283203,273.20001220703125
1763596700391,35.19337115057088,-97.43754089747065,326.6305067837101,3.6636135578155518,275.1000061035156
1763596700391,35.19337278514541,-97.43754041420677,326.63557292084084,3.641873836517334,276.3999938964844
1763596700391,35.19337442861388,-97.43753998184701,326.64044248757114,3.6197140216827393,277.20001220703125
1763596700391,35.19337601768183,-97.43753961364631,326.64510606437545,3.596846580505371,277.70001220703125
1763596700391,35.193377695394915,-97.43753927087204,326.6506251629377,3.57190203666687,277.79998779296875
1763596700391,35.193379335208064,-97.43753897602896,326.65648324027273,3.5486373901367188,277.79998779296875
1763596700391,35.19338093880999,-97.43753871292597,326.6629564598679,3.526256799697876,277.79998779296875
1763596700391,35.193382571261125,-97.43753848582004,326.6698019653414,3.50605845451355,277.79998779296875
1763596700391,35.19338415312271,-97.43753828756415,326.67534720891,3.4774651527404785,277.79998779296875
1763596700391,35.193385725181614,-97.43753815846229,326.6811688897153,3.4530389308929443,277.79998779296875
1763596700391,35.193387339096176,-97.43753805821028,326.68682025021775,3.4311349391937256,277.79998779296875
1763596700391,35.19338891876701,-97.43753797874753,326.69313985696334,3.4093194007873535,277.79998779296875
1763596700391,35.19339053164601,-97.43753793487605,326.6990177023657,3.390150785446167,277.6000061035156
1763596700391,35.193391959919474,-97.43753792864624,326.7053301373388,3.3687081336975098,277.29998779296875
1763596700391,35.19339349263399,-97.43753795963565,326.7115267979364,3.342621088027954,277.0
1763596700391,35.19339506155821,-97.43753804172509,326.7179077430569,3.3171350955963135,276.6000061035156
1763596700391,35.193396596599996,-97.43753816475771,326.7245628207438,3.2971932888031006,276.20001220703125
1763596700391,35.19339810778133,-97.43753830609627,326.73108389131755,3.2712128162384033,275.6000061035156
1763596700391,35.193399722989554,-97.43753851805197,326.7379691349839,3.2376413345336914,274.5
1763596700391,35.19340121216664,-97.43753873241023,326.7448756624798,3.2197303771972656,273.70001220703125
1763596701391,35.193402915872824,-97.43754137330865,326.59149575597496,3.196908712387085,272.70001220703125
1763596701391,35.1934043993245,-97.43754173519383,326.5975473790995,3.174088954925537,271.8999938964844
1763596701391,35.19340584655918,-97.43754210650307,326.60333260792936,3.1468076705932617,271.20001220703125
1763596701391,35.1934072761942,-97.4375424948286,326.608849601939,3.130276679992676,270.5
1763596701391,35.19340872545661,-97.43754293286224,326.61503140297776,3.115818500518799,269.70001220703125
1763596701391,35.19341015767992,-97.43754338699394,326.62182907831243,3.09846830368042,268.8999938964844
1763596701391,35.19341160460917,-97.43754388423321,326.6290243190451,3.072577476501465,268.1000061035156
1763596701391,35.193412890287085,-97.43754431862486,326.63526380214284,3.0552561283111572,267.20001220703125
1763596701391,35.19341427910819,-97.4375448555187,326.6425152873769,3.0348963737487793,266.20001220703125
1763596701391,35.193415628738016,-97.43754538218181,326.64954770258225,3.015105962753296,264.79998779296875
1763596701391,35.19341700185494,-97.43754594983292,326.6563755328039,2.994157075881958,263.1000061035156
1763596701391,35.193418326170864,-97.4375465231103,326.66262570547275,2.9752867221832275,260.8999938964844
1763596701391,35.19341967013601,-97.43754713669651,326.6696457029195,2.954867124557495,257.8999938964844
1763596701391,35.193420927980995,-97.43754770653408,326.6759196527762,2.9366986751556396,253.1999969482422
1763596701391,35.19342224502916,-97.43754831977337,326.68246739884165,2.9183499813079834,246.8000030517578
1763596701391,35.19342342425851,-97.43754888788669,326.6886002553448,2.9002861976623535,239.89999389648438
1763596701391,35.193424786337225,-97.43754959043018,326.6944900716777,2.8823022842407227,233.89999389648438
1763596701391,35.19342592201233,-97.4375501838562,326.6994385299944,2.8656558990478516,227.10000610351562
1763596701391,35.19342725899599,-97.43755091187121,326.7048366969243,2.851611614227295,220.3000030517578
1763596701391,35.19342848389086,-97.43755159531005,326.7105790765489,2.8331961631774902,213.10000610351562
1763596702391,35.19342925813667,-97.43755203920055,326.64955463197964,2.820671319961548,208.39999389648438
1763596702391,35.193430433387775,-97.43755278212731,326.6555268356667,2.8115434646606445,205.6999969482422
1763596702391,35.193431590572196,-97.43755351861152,326.66126058010855,2.796325206756592,203.8000030517578
1763596702391,35.19343275027418,-97.43755425545885,326.6663887296667,2.784351110458374,203.0
1763596702391,35.19343391035744,-97.43755499086592,326.6704503299415,2.7733025550842285,202.39999389648438
1763596702391,35.193435071605776,-97.43755576095806,326.6742445816446,2.7652428150177,201.0
1763596702391,35.193436217301596,-97.43755648902714,326.678094672952,2.7570743560791016,197.89999389648438
1763596702391,35.19343733005451,-97.43755721150039,326.68209149863736,2.746306896209717,192.89999389648438
1763596702391,35.1934383762952,-97.43755790735324,326.6864028622445,2.7417662143707275,187.60000610351562
1763596702391,35.19343955291322,-97.4375587443133,326.6911301631969,2.7245724201202393,176.0
1763596702391,35.19344066602712,-97.43755954885903,326.6953899642328,2.715014934539795,167.8000030517578
1763596702391,35.19344168332789,-97.43756024292553,326.69861071586627,2.7103018760681152,161.60000610351562
1763596702391,35.19344280422066,-97.43756100873458,326.7020030693233,2.70585036277771,154.1999969482422
1763596702391,35.19344389226266,-97.43756181690235,326.7067568055346,2.7014307975769043,146.8000030517578
1763596702391,35.19344497804841,-97.43756259351858,326.7111019208631,2.697482109069824,139.39999389648438
1763596702391,35.193446104845506,-97.4375633985396,326.71580956657635,2.692934513092041,132.0
1763596702391,35.1934471577119,-97.43756420374292,326.72079582867116,2.696732759475708,125.30000305175781
1763596702391,35.19344823216883,-97.43756498683612,326.7249886954236,2.6996078491210938,118.5
1763596702391,35.19344934435642,-97.43756572473364,326.72930459341706,2.715569496154785,110.0999984741211
1763596703391,35.19345122876371,-97.43756721596098,326.74287399297026,2.7382829189300537,99.30000305175781
1763596703391,35.19345169797616,-97.43756747171741,326.7455136639621,2.7417001724243164,98.0
1763596703391,35.19345278149303,-97.43756821411722,326.75006021823276,2.754340648651123,91.0999984741211
1763596703391,35.19345380266415,-97.43756894996251,326.75467181838314,2.7677102088928223,83.80000305175781
1763596703391,35.19345501079895,-97.4375698271357,326.7597978133265,2.7777318954467773,75.5999984741211
1763596703391,35.193456077061725,-97.43757061839469,326.76507413931256,2.7830028533935547,65.9000015258789
1763596703391,35.193457102609536,-97.43757136022494,326.7698837467751,2.7893002033233643,54.400001525878906
1763596703391,35.19345821034193,-97.43757218334038,326.7755639013892,2.7936222553253174,40.900001525878906
1763596703391,35.19345933832362,-97.43757297066631,326.7809210742299,2.798370599746704,22.399999618530273
1763596703391,35.19346034777556,-97.43757367235845,326.78593918379295,2.8001608848571777,8.600000381469727
1763596703391,35.19346145170244,-97.43757447458457,326.7916948058718,2.7976958751678467,-9.199999809265137
1763596703391,35.19346254753367,-97.4375752206031,326.7972214992312,2.7931225299835205,-26.600000381469727
1763596703391,35.1934636664223,-97.4375759562873,326.8025344215946,2.7885138988494873,-44.400001525878906
1763596703391,35.193464774189714,-97.43757663939421,326.8074029106468,2.7878527641296387,-62.099998474121094
1763596703391,35.1934658677324,-97.43757729221826,326.8131080202056,2.7874391078948975,-79.5999984741211
1763596703391,35.193467052456576,-97.43757799254558,326.8196051299887,2.7836530208587646,-96.30000305175781
1763596703391,35.19346817120949,-97.4375786282351,326.8247846013253,2.7786900997161865,-111.30000305175781
1763596703391,35.193469247491585,-97.43757921411306,326.82987970926047,2.777355670928955,-125.9000015258789
1763596703391,35.19347028028406,-97.43757972022166,326.83487528182343,2.7727649211883545,-135.10000610351562
1763596703391,35.193471430704086,-97.43758025023998,326.84119451426375,2.77183198928833,-146.3000030517578
1763596703391,35.193472531158626,-97.43758073168496,326.8477320384048,2.7681803703308105,-157.1999969482422
1763596704391,35.19347447968531,-97.4375810217981,326.8496094680981,2.765197277069092,-167.3000030517578
1763596704391,35.1934755815551,-97.43758144621532,326.85516881968215,2.764925241470337,-176.6999969482422
1763596704391,35.19347673121431,-97.43758187258645,326.8610284470721,2.761903762817383,-183.6999969482422
1763596704391,35.19347788302476,-97.43758227365811,326.8666440824219,2.7597594261169434,-189.8000030517578
1763596704391,35.19347902818554,-97.43758264824842,326.87237292208846,2.752114772796631,-197.3000030517578
1763596704391,35.193480161187026,-97.43758299374943,326.87833222888224,2.7483673095703125,-203.89999389648438
1763596704391,35.193481223904755,-97.43758329431013,326.8841026751643,2.7482187747955322,-210.60000610351562
1763596704391,35.1934824437052,-97.43758361846622,326.89105391049446,2.7524116039276123,-217.8000030517578
1763596704391,35.19348358186797,-97.43758388513044,326.89735691453467,2.7565951347351074,-225.5
1763596704391,35.19348475080145,-97.43758412767446,326.9038645947247,2.756441354751587,-230.39999389648438
1763596704391,35.19348579585644,-97.43758431342324,326.9094656048743,2.751420497894287,-233.89999389648438
1763596704391,35.19348704348898,-97.43758449417638,326.9151904513686,2.7528584003448486,-238.5
1763596704391,35.19348821640015,-97.43758464123572,326.9208061449483,2.754600763320923,-243.89999389648438
1763596704391,35.19348944724749,-97.43758476861136,326.9266331504311,2.76164174079895,-251.60000610351562
1763596704391,35.19349063351515,-97.43758486455523,326.9325144921765,2.7683956623077393,-257.6000061035156
1763596704391,35.1934918301637,-97.43758493465631,326.9386325177077,2.7757701873779297,-266.29998779296875
1763596704391,35.1934930233715,-97.43758498410826,326.94439756359935,2.7802624702453613,-275.8999938964844
1763596704391,35.193494149203104,-97.4375849936885,326.9497746305288,2.77876353263855,-285.3999938964844
1763596704391,35.19349535438483,-97.4375849470701,326.95521525081693,2.7793900966644287,-295.79998779296875
1763596704391,35.19349655515644,-97.43758486583077,326.96104715586443,2.786242723464966,-304.29998779296875
1763596705391,35.19349812492442,-97.43758484742817,326.9689541011284,2.7965550422668457,-312.79998779296875
1763596705391,35.19349927769916,-97.43758467921147,326.9743772379722,2.8010096549987793,-319.20001220703125
1763596705391,35.19350048061287,-97.43758445818173,326.97958661978873,2.8088433742523193,-326.1000061035156
1763596705391,35.19350167995939,-97.43758420497879,326.9846303988122,2.817289352416992,-331.3999938964844
1763596705391,35.19350284340343,-97.43758392182411,326.9891342806076,2.825547218322754,-335.29998779296875
1763596705391,35.193504045965675,-97.43758358194945,326.9933034540889,2.832190990447998,-338.70001220703125
1763596705391,35.19350522711269,-97.4375832188785,326.9971624035712,2.8412792682647705,-341.79998779296875
1763596705391,35.19350638111402,-97.43758282108054,327.00118098976725,2.854264736175537,-345.1000061035156
1763596705391,35.19350755196379,-97.43758238433678,327.00556733063644,2.869978427886963,-348.20001220703125
1763596705391,35.193508737679736,-97.43758189157036,327.0103540045757,2.884591579437256,-351.5
1763596705391,35.19350990439594,-97.43758137989911,327.01467466175757,2.894878625869751,-354.20001220703125
1763596705391,35.19351106008062,-97.43758083867235,327.0189755418274,2.9011425971984863,-356.0
1763596705391,35.1935122346346,-97.43758024133807,327.02294452872974,2.9067928791046143,-358.1000061035156
1763596705391,35.19351341293669,-97.43757958061593,327.0265320027775,2.9155309200286865,-359.5
1763596705391,35.19351458898243,-97.43757886767764,327.02998238061576,2.9297752380371094,-360.29998779296875
1763596705391,35.193515707528874,-97.43757814963992,327.03311091609953,2.938859224319458,-360.29998779296875
1763596705391,35.19351681142856,-97.43757738127098,327.0362966222051,2.946681022644043,-360.29998779296875
1763596705391,35.19351788716142,-97.43757655361199,327.0392660929676,2.9582600593566895,-360.29998779296875
1763596705391,35.19351893465972,-97.4375756976179,327.04162299491344,2.969597816467285,-360.29998779296875
1763596705391,35.193520012129625,-97.43757480658597,327.0439581613115,2.984889507293701,-360.3999938964844
1763596706391,35.19352233156706,-97.43757189299433,327.0190628479328,2.993102788925171,-360.6000061035156
1763596706391,35.193523373305794,-97.43757088885053,327.02000013623035,2.9960763454437256,-361.1000061035156
1763596706391,35.19352433764807,-97.43756992299,327.0204982942489,3.0024776458740234,-361.8999938964844
1763596706391,35.193525463952305,-97.43756875802663,327.02101015036925,3.0061683654785156,-362.79998779296875
1763596706391,35.193526504213764,-97.43756761758699,327.0219030495516,3.010486125946045,-363.70001220703125
1763596706391,35.19352747601801,-97.43756648900302,327.0228446359194,3.0150763988494873,-364.3999938964844
1763596706391,35.19352846046969,-97.43756528201628,327.0236611236222,3.0150234699249268,-364.8999938964844
1763596706391,35.193529408333795,-97.43756404760182,327.0235635385246,3.0136983394622803,-365.5
1763596706391,35.19353032752173,-97.4375628043119,327.02325530121556,3.010261058807373,-366.0
1763596706391,35.19353119959949,-97.43756155077568,327.02242848775927,3.006288766860962,-366.70001220703125
1763596706391,35.19353207512235,-97.43756030818328,327.02204473778784,3.0035347938537598,-367.6000061035156
1763596706391,35.19353293769123,-97.43755900603718,327.0209195478169,2.9959757328033447,-368.5
1763596706391,35.19353377552091,-97.43755765203736,327.0192907463077,2.9848036766052246,-369.70001220703125
1763596706391,35.19353458946448,-97.43755633816316,327.0174071514746,2.979029417037964,-370.20001220703125
1763596706391,35.193535398649104,-97.43755490466431,327.01592053087523,2.9741692543029785,-370.29998779296875
1763596706391,35.19353612457192,-97.43755350076808,327.0150759611204,2.976231336593628,-370.29998779296875
1763596706391,35.193536872225714,-97.43755202323338,327.01385936623115,2.9746253490448,-370.29998779296875
1763596706391,35.193537577186284,-97.43755057315371,327.01212732980855,2.965625762939453,-370.29998779296875
1763596706391,35.19353828811068,-97.43754915474403,327.01017837555315,2.957118272781372,-370.29998779296875
1763596706391,35.193538980223245,-97.4375476852856,327.0081433230844,2.9485926628112793,-370.29998779296875
1763596707391,35.193539921735756,-97.43754512045285,327.022669879408,2.943572998046875,-370.29998779296875
1763596707391,35.1935404917773,-97.43754356557474,327.02057300169736,2.9407570362091064,-370.29998779296875
1763596707391,35.193541052428195,-97.43754194182388,327.01883457599706,2.93619704246521,-370.29998779296875
1763596707391,35.193541598224655,-97.43754032554672,327.0169078647128,2.933274984359741,-370.20001220703125
1763596707391,35.19354211228553,-97.43753871996364,327.01526697064844,2.9350035190582275,-369.8999938964844
1763596707391,35.193542610295786,-97.43753705220941,327.01309529033745,2.9332847595214844,-369.29998779296875
1763596707391,35.193543076077624,-97.43753535521506,327.0111608120578,2.9272146224975586,-368.20001220703125
1763596707391,35.193543494433044,-97.43753373627109,327.0090607238461,2.921471357345581,-366.79998779296875
1763596707391,35.19354389893249,-97.43753205828882,327.00663771095896,2.91664719581604,-364.3999938964844
1763596707391,35.1935442930996,-97.43753039782764,327.0040854207918,2.9099204540252686,-361.0
1763596707391,35.19354466300476,-97.43752874127077,327.0009736193543,2.8999814987182617,-357.20001220703125
1763596707391,35.19354500055354,-97.43752699721506,326.9981387892801,2.894587516784668,-351.8999938964844
1763596707391,35.19354530461839,-97.43752527220977,326.99520448034053,2.8954105377197266,-348.1000061035156
1763596707391,35.19354559446874,-97.43752352280833,326.99215587093306,2.8975276947021484,-341.8999938964844
1763596707391,35.19354584210722,-97.43752179271614,326.9884661598426,2.8995485305786133,-336.20001220703125
1763596707391,35.19354609440345,-97.43752002805802,326.9849200556275,2.9002349376678467,-329.79998779296875
1763596707391,35.193546311422615,-97.43751830339465,326.98141518773105,2.8993008136749268,-322.29998779296875
1763596707391,35.19354651260253,-97.4375165656975,326.97813691151293,2.8977982997894287,-313.3999938964844
1763596707391,35.193546689638836,-97.4375148169217,326.97384831477973,2.8963589668273926,-305.29998779296875
1763596707391,35.19354686317473,-97.43751303967495,326.9697361905324,2.8968265056610107,-293.6000061035156
1763596708391,35.19354615816799,-97.43751427403346,326.9929883300407,2.8982746601104736,-280.1000061035156
1763596708391,35.19354623361357,-97.4375126943354,326.9906427738249,2.8972859382629395,-265.3999938964844
1763596708391,35.19354630533427,-97.43751082776521,326.9878877220008,2.894252061843872,-250.6999969482422
1763596708391,35.19354636746251,-97.43750911294917,326.98500833520455,2.8903679847717285,-232.6999969482422
1763596708391,35.1935464325518,-97.4375073880348,326.98167803287134,2.898094654083252,-217.6999969482422
1763596708391,35.19354650592254,-97.43750567905246,326.9787433000645,2.9049484729766846,-204.8000030517578
1763596708391,35.19354659373328,-97.43750389261423,326.9760959606732,2.911318778991699,-185.3000030517578
1763596708391,35.19354668842427,-97.43750215087299,326.9722650520474,2.9160659313201904,-171.8000030517578
1763596708391,35.1935467826248,-97.43750045016554,326.96819584291313,2.9205570220947266,-150.1999969482422
1763596708391,35.193546880778165,-97.43749868679832,326.96385591830233,2.92018461227417,-131.5
1763596708391,35.19354697480129,-97.43749693966623,326.9594133716728,2.9240026473999023,-116.9000015258789
1763596708391,35.19354708028484,-97.43749516642683,326.9553591720337,2.932668924331665,-98.80000305175781
1763596708391,35.193547199119976,-97.43749340273017,326.95251786335535,2.9523911476135254,-76.5999984741211
1763596708391,35.19354734628072,-97.43749165511615,326.9483748060173,2.9711740016937256,-58.20000076293945
1763596708391,35.193547513976384,-97.43748987624757,326.9460464636075,2.985154390335083,-40.0
1763596708391,35.19354768685543,-97.43748806114137,326.9435693602408,2.9997317790985107,-22.299999237060547
1763596708391,35.19354788400854,-97.43748626666475,326.9415109141916,3.0100204944610596,-5.099999904632568
1763596708391,35.19354811677873,-97.43748450311017,326.93955907738723,3.0228781700134277,8.300000190734863
1763596708391,35.1935483403747,-97.43748268466769,326.9364288070277,3.0408222675323486,26.899999618530273
1763596709391,35.19354917855165,-97.43748199551918,326.9636330325968,3.066438913345337,46.599998474121094
1763596709391,35.19354925687841,-97.43748129346518,326.96164223282216,3.070969343185425,48.79999923706055
1763596709391,35.19354950330604,-97.43747955670648,326.960143532282,3.08754563331604,59.20000076293945
1763596709391,35.19354976748999,-97.43747780685688,326.9579419419161,3.114783763885498,71.69999694824219
1763596709391,35.19355003995637,-97.4374762083187,326.95786048561234,3.1381232738494873,80.5
1763596709391,35.19355038451694,-97.43747431459799,326.9581273805869,3.1540868282318115,87.80000305175781
1763596709391,35.193550738086394,-97.43747254494527,326.95804190599506,3.177276849746704,93.80000305175781
1763596709391,35.19355111385837,-97.43747075096236,326.95768624864996,3.200227975845337,98.4000015258789
1763596709391,35.193551507034684,-97.43746895813302,326.95682433333155,3.2172374725341797,101.0999984741211
1763596709391,35.193551889811786,-97.43746726486441,326.956032340922,3.2409708499908447,103.19999694824219
1763596709391,35.19355235239857,-97.43746525353434,326.9550737126994,3.266695737838745,104.19999694824219
1763596709391,35.19355274822439,-97.43746356098897,326.9539644313604,3.293055772781372,104.30000305175781
1763596709391,35.19355319753861,-97.43746171327534,326.95343539155647,3.3231563568115234,104.30000305175781
1763596709391,35.193553659183834,-97.4374598638268,326.95331607005045,3.3632407188415527,104.30000305175781
1763596709391,35.193554146990664,-97.43745794353217,326.9532375775128,3.391089677810669,104.4000015258789
1763596709391,35.19355465113702,-97.4374559863964,326.9532551416742,3.410506248474121,104.5999984741211
1763596709391,35.193555155599554,-97.43745409529535,326.95267021790943,3.4280412197113037,104.69999694824219
1763596709391,35.19355567574609,-97.43745221446231,326.9517285873407,3.440096616744995,104.69999694824219
1763596709391,35.193556209617434,-97.43745035988827,326.9506279177158,3.463221311569214,104.80000305175781
1763596709391,35.19355677896395,-97.43744845101253,326.94970730440065,3.4865036010742188,105.19999694824219
1763596709391,35.19355736434768,-97.43744653521517,326.94896936185404,3.508923292160034,106.19999694824219
1763596710391,35.19355828046543,-97.4374458342456,326.930694386771,3.528289318084717,107.30000305175781
1763596710391,35.1935588810197,-97.43744397025209,326.9294144943834,3.5564894676208496,109.4000015258789
1763596710391,35.193559529998446,-97.43744199564135,326.9282831998348,3.582951307296753,111.4000015258789
1763596710391,35.1935601680741,-97.43744009144139,326.92730879648826,3.6121366024017334,113.5
1763596710391,35.193560829195256,-97.43743816075045,326.92682927146717,3.629574775695801,115.19999694824219
1763596710391,35.193561506073856,-97.43743624909163,326.9260453668261,3.643845558166504,116.9000015258789
1763596710391,35.193562231523885,-97.43743426184065,326.92425801980846,3.6609623432159424,118.0
1763596710391,35.193562945083244,-97.43743237566406,326.9228065590716,3.682324171066284,118.30000305175781
1763596710391,35.19356372304567,-97.43743036469832,326.92148713858256,3.7067434787750244,118.4000015258789
1763596710391,35.19356446877522,-97.43742848835312,326.9212439366995,3.733603000640869,118.30000305175781
1763596710391,35.19356524849042,-97.43742658093777,326.92100984395285,3.7611310482025146,118.30000305175781
1763596710391,35.19356607002314,-97.43742464263097,326.9204093011366,3.7814137935638428,118.30000305175781
1763596710391,35.19356690657627,-97.43742271270177,326.91889919989524,3.8002328872680664,118.30000305175781
1763596710391,35.193567754138684,-97.43742078557747,326.9177461911506,3.8254830837249756,118.30000305175781
1763596710391,35.19356863046212,-97.437418836957,326.91723809654223,3.8554177284240723,118.30000305175781
1763596710391,35.19356950283393,-97.4374169586165,326.91669835935556,3.881002187728882,118.30000305175781
1763596710391,35.193570493797324,-97.43741487879052,326.91627513862096,3.9055051803588867,118.30000305175781
1763596710391,35.193571399771635,-97.43741303004074,326.91587651866377,3.9203219413757324,118.30000305175781
1763596710391,35.19357233977192,-97.43741114631696,326.91567250510434,3.945180654525757,118.30000305175781
1763596711391,35.19357471278237,-97.4374104243572,326.9308909959055,3.9855284690856934,118.19999694824219
1763596711391,35.19357504882322,-97.43740981171965,326.9321031623861,3.994657278060913,118.0999984741211
1763596711391,35.193576069064065,-97.43740790489463,326.9325058107707,4.016449928283691,117.5999984741211
1763596711391,35.19357710636341,-97.43740602628303,326.9331840666021,4.030702114105225,117.0
1763596711391,35.193578169888916,-97.4374041479976,326.93384976435516,4.049023628234863,116.30000305175781
1763596711391,35.19357926444421,-97.4374022642115,326.934280000921,4.073144435882568,115.69999694824219
1763596711391,35.19358038457764,-97.43740037622669,326.93463448100266,4.101398944854736,115.4000015258789
1763596711391,35.193581543833915,-97.437398473302,326.9350216148686,4.121423244476318,115.19999694824219
1763596711391,35.19358268094356,-97.43739665433914,326.93515909210817,4.140177249908447,115.19999694824219
1763596711391,35.19358384823327,-97.43739481727998,326.9353872072384,4.153635025024414,115.19999694824219
1763596711391,35.19358505586818,-97.43739293774024,326.9366410341377,4.176658630371094,115.19999694824219
1763596711391,35.19358627234326,-97.43739109061613,326.9378900829899,4.200267791748047,115.0999984741211
1763596711391,35.193587495253674,-97.43738926712363,326.9388023102433,4.2195820808410645,115.0999984741211
1763596711391,35.19358872680283,-97.43738747119517,326.9398963524914,4.22989559173584,115.0999984741211
1763596711391,35.193590014762215,-97.43738562892374,326.9405905122684,4.23878812789917,115.0999984741211
1763596711391,35.19359132465953,-97.43738377109933,326.94113705928544,4.255118370056152,115.0999984741211
1763596711391,35.19359262870158,-97.43738196144486,326.94197115709494,4.270612716674805,115.0999984741211
1763596711391,35.193593966669944,-97.43738015358159,326.9432497140112,4.284723281860352,115.0999984741211
1763596711391,35.19359525251667,-97.43737844739479,326.944534167923,4.293514251708984,115.0999984741211
1763596711391,35.19359666592412,-97.43737660608136,326.9467547844627,4.304328441619873,115.19999694824219
1763596711391,35.19359804318074,-97.43737482545157,326.94891354703924,4.309192657470703,115.0999984741211
1763596712391,35.19359996788197,-97.43737488701943,326.96983001512734,4.310823917388916,115.19999694824219
1763596712391,35.19360138437774,-97.43737320044748,326.9709234790295,4.315703868865967,115.19999694824219
1763596712391,35.193602837049625,-97.43737151018428,326.9720986674803,4.3198418617248535,115.19999694824219
1763596712391,35.193604306233006,-97.4373698384492,326.97385724190065,4.326101779937744,115.5
1763596712391,35.19360565853496,-97.43736832689173,326.97594359994594,4.33182954788208,115.80000305175781
1763596712391,35.193607260318196,-97.437366576967,326.97856490552164,4.332697868347168,116.19999694824219
1763596712391,35.19360879582728,-97.43736492700496,326.98089584771276,4.328906059265137,116.5
1763596712391,35.19361016474253,-97.43736348154539,326.98290746250507,4.3228888511657715,116.5999984741211
1763596712391,35.193611811485646,-97.43736177172914,326.9852873141414,4.312885284423828,116.5999984741211
1763596712391,35.193613353832625,-97.43736021149844,326.98743611204054,4.305602550506592,116.5999984741211
1763596712391,35.193614900427754,-97.43735867833887,326.9899843667496,4.298432350158691,116.5999984741211
1763596712391,35.19361630815685,-97.43735730371816,326.9918980645606,4.280071258544922,116.5999984741211
1763596712391,35.19361798677433,-97.43735571346079,326.9943673069353,4.267029285430908,116.5999984741211
1763596712391,35.193619545646754,-97.43735425753727,326.9966214961283,4.249188423156738,116.5999984741211
1763596712391,35.19362113716959,-97.43735281508108,326.99894510830114,4.235610008239746,116.4000015258789
1763596712391,35.19362269124165,-97.43735142754971,327.00117322044133,4.215246200561523,116.0999984741211
1763596712391,35.1936242558776,-97.43735006070459,327.00409573413293,4.199542045593262,115.80000305175781
1763596712391,35.19362583707299,-97.43734871946798,327.0072327421051,4.175168514251709,115.19999694824219
1763596712391,35.19362740103072,-97.43734741343262,327.01071403986356,4.157431602478027,114.69999694824219
1763596712391,35.193628986380375,-97.43734611497383,327.0143046424127,4.139404296875,114.30000305175781
1763596713391,35.19363031625079,-97.43734619277981,327.02133851032147,4.1232523918151855,113.9000015258789
1763596713391,35.19363190412937,-97.43734498891786,327.0242592983836,4.104111194610596,113.5
1763596713391,35.19363353142596,-97.43734378104455,327.0268232751327,4.084481239318848,113.0999984741211
1763596713391,35.19363521971645,-97.43734255798377,327.0291121535866,4.064096450805664,112.80000305175781
1763596713391,35.19363678547815,-97.43734144557776,327.0315101757818,4.050209999084473,112.80000305175781
1763596713391,35.19363834084196,-97.43734036158169,327.0341489440965,4.036344051361084,112.80000305175781
1763596713391,35.19363992392593,-97.43733927878753,327.03712683747585,4.020653247833252,113.0999984741211
1763596713391,35.193641479305604,-97.43733824357768,327.04043228792665,3.998634099960327,113.5
1763596713391,35.1936430803434,-97.4373371888639,327.0429354165447,3.985132932662964,114.0
1763596713391,35.19364465360121,-97.43733616986185,327.04498168816673,3.961231231689453,115.19999694824219
1763596713391,35.193646265862164,-97.43733515972737,327.0469893270841,3.94545841217041,116.4000015258789
1763596713391,35.193647892194846,-97.4373341599781,327.0487614235139,3.935103178024292,117.4000015258789
1763596713391,35.19364952819556,-97.43733318457058,327.05127049718504,3.9224014282226562,118.30000305175781
1763596713391,35.19365112848896,-97.43733225509993,327.0540495202773,3.9040687084198,119.0999984741211
1763596713391,35.1936527342157,-97.43733135710328,327.0568555056597,3.889105796813965,120.19999694824219
1763596713391,35.19365438385332,-97.4373304671293,327.06008984529024,3.877162456512451,121.69999694824219
1763596713391,35.193656012828136,-97.43732961060431,327.0630620690585,3.8576011657714844,123.9000015258789
1763596713391,35.193657456365585,-97.43732885209008,327.06513334982606,3.842839479446411,125.19999694824219
1763596713391,35.19365907474389,-97.43732803851839,327.0678294007591,3.8232359886169434,126.5
1763596714391,35.1936621367272,-97.43732669622905,327.05523603615165,3.800220012664795,128.1999969482422
1763596714391,35.19366256193945,-97.43732647033603,327.0561563026479,3.7991292476654053,128.3000030517578
1763596714391,35.19366426156088,-97.43732570432759,327.05764317205166,3.7885866165161133,129.10000610351562
1763596714391,35.19366589354751,-97.43732498865228,327.05967640168325,3.7779130935668945,129.89999389648438
1763596714391,35.19366748572017,-97.4373243192573,327.0616861951982,3.7638111114501953,130.8000030517578
1763596714391,35.19366911435479,-97.43732367654088,327.06426377141554,3.7452120780944824,132.10000610351562
1763596714391,35.19367070630858,-97.43732304437304,327.06631723077527,3.7300865650177,133.5
1763596714391,35.193672360837596,-97.43732243499653,327.069322014431,3.7193853855133057,135.1999969482422
1763596714391,35.19367396260617,-97.43732186581302,327.07199469093837,3.710089921951294,136.3000030517578
1763596714391,35.1936755866723,-97.43732131529845,327.07493380873245,3.6980926990509033,137.3000030517578
1763596714391,35.19367718068335,-97.43732079332051,327.07764477766824,3.684126138687134,138.3000030517578
1763596714391,35.19367879057234,-97.43732028671683,327.0808350451267,3.6727890968322754,139.1999969482422
1763596714391,35.19368036171122,-97.43731981214889,327.08421117958727,3.6640710830688477,139.89999389648438
1763596714391,35.19368198742367,-97.43731934127854,327.08795873564014,3.6532773971557617,140.8000030517578
1763596714391,35.19368347072728,-97.43731891096749,327.0912103978017,3.641768455505371,141.39999389648438
1763596714391,35.19368521245251,-97.43731845697322,327.09547461153704,3.622863531112671,142.5
1763596714391,35.19368667718718,-97.43731809033653,327.0992006757952,3.609494686126709,143.3000030517578
1763596714391,35.19368845396643,-97.43731770387322,327.1027023988054,3.5969667434692383,144.89999389648438
1763596714391,35.19369002942942,-97.43731738276777,327.1048503227456,3.5959441661834717,145.8000030517578
1763596714391,35.19369165997784,-97.43731708377993,327.10717216387513,3.591611862182617,147.10000610351562
1763596714391,35.19369322657764,-97.4373168282826,327.10963715712234,3.587339401245117,148.6999969482422
1763596715391,35.1936950007581,-97.43731633319717,327.1136475095615,3.58384108543396,151.0
1763596715391,35.193696595082294,-97.43731610846461,327.1173218539334,3.581339120864868,153.1999969482422
1763596715391,35.193698220621414,-97.43731588338198,327.1219138020652,3.5769753456115723,156.10000610351562
1763596715391,35.193699816098025,-97.43731565287992,327.1256261601565,3.5703084468841553,159.5
1763596715391,35.193701419514305,-97.43731545122772,327.1290117791344,3.562791347503662,162.89999389648438
1763596715391,35.19370298327645,-97.43731529502351,327.1320879498282,3.5534424781799316,165.5
1763596715391,35.19370459307355,-97.43731513740985,327.1348505864259,3.5450398921966553,167.1999969482422
1763596715391,35.19370615935998,-97.43731502660589,327.13826430215573,3.5350441932678223,169.10000610351562
1763596715391,35.19370772508962,-97.43731495890434,327.141623776596,3.5274863243103027,171.5
1763596715391,35.193709336197784,-97.43731492304236,327.14577649419306,3.5256218910217285,174.10000610351562
1763596715391,35.1937109066981,-97.43731491045257,327.1507532747749,3.5234036445617676,177.10000610351562
1763596715391,35.19371246841977,-97.43731494611626,327.15734173233807,3.519948720932007,180.1999969482422
1763596715391,35.193714052273634,-97.43731499735959,327.1634380595699,3.5077459812164307,184.60000610351562
1763596715391,35.19371562086113,-97.43731502347254,327.16852966572566,3.4953324794769287,187.1999969482422
1763596715391,35.19371720620198,-97.43731511545295,327.1740589327804,3.4815874099731445,190.0
1763596715391,35.19371877053165,-97.43731524754331,327.17895795985305,3.4636311531066895,192.5
1763596715391,35.19372034483219,-97.4373154468088,327.18372211207725,3.450425148010254,194.6999969482422
1763596715391,35.1937218896943,-97.43731564574279,327.1879794082616,3.4427499771118164,196.89999389648438
1763596715391,35.19372348995515,-97.43731587860059,327.1919491129796,3.4437708854675293,199.1999969482422
1763596715391,35.19372503208174,-97.43731613053843,327.19669377716315,3.4410574436187744,201.89999389648438
1763596716391,35.19372745705496,-97.43731776547513,327.17137131569734,3.43212890625,204.89999389648438
1763596716391,35.193728998370915,-97.43731815536354,327.17699381722895,3.4151322841644287,208.10000610351562
1763596716391,35.193730512016735,-97.43731857726829,327.1826029083043,3.4100759029388428,211.39999389648438
1763596716391,35.193731994989605,-97.43731901860995,327.1878488311045,3.4049510955810547,214.6999969482422
1763596716391,35.19373351884215,-97.43731951196851,327.19252657046786,3.39144229888916,218.0
1763596716391,35.19373503141518,-97.43732003747446,327.1969371595816,3.376445770263672,220.60000610351562
1763596716391,35.193736550244125,-97.43732060776094,327.2019191337311,3.371882200241089,222.8000030517578
1763596716391,35.19373796020964,-97.43732119478784,327.20721174295176,3.3743960857391357,225.1999969482422
1763596716391,35.19373937634639,-97.43732182294612,327.2126239807289,3.376042604446411,227.8000030517578
1763596716391,35.19374086040874,-97.43732249659435,327.2179320724177,3.374342441558838,231.0
1763596716391,35.1937422011142,-97.43732312253357,327.22272957146896,3.3804259300231934,232.6999969482422
1763596716391,35.19374368723429,-97.43732384840956,327.22710842397885,3.381589889526367,234.8000030517578
1763596716391,35.19374509902308,-97.43732457978689,327.22980988758957,3.378099203109741,237.0
1763596716391,35.193746527002226,-97.43732535701002,327.23227447351525,3.3838748931884766,238.60000610351562
1763596716391,35.19374793292695,-97.43732614501003,327.2356433501925,3.3881351947784424,240.10000610351562
1763596716391,35.19374936061573,-97.43732694100525,327.23996115258063,3.398179292678833,241.10000610351562
1763596716391,35.19375077038477,-97.43732776194426,327.2445715873111,3.4001221656799316,242.1999969482422
1763596716391,35.19375214957686,-97.43732860382357,327.2504198611341,3.4021246433258057,243.3000030517578
1763596716391,35.193753533152275,-97.43732957023785,327.2573387754411,3.4118173122406006,244.39999389648438
1763596716391,35.19375487612792,-97.43733055192756,327.2636974408139,3.418680191040039,245.3000030517578
1763596717391,35.19375734417727,-97.43733236297666,327.2724240295705,3.422734260559082,246.0
1763596717391,35.19375860123872,-97.43733342617429,327.27868216021295,3.424534797668457,246.39999389648438
1763596717391,35.193759804157196,-97.43733449090479,327.2847767787015,3.4294850826263428,246.89999389648438
1763596717391,35.19376119780726,-97.43733578066576,327.29193434169235,3.4356467723846436,247.5
1763596717391,35.193762459652014,-97.43733700497484,327.2984746444783,3.4519906044006348,247.8000030517578
1763596717391,35.19376368961514,-97.43733823687069,327.3054086745577,3.4718666076660156,247.8000030517578
1763596717391,35.19376494570171,-97.43733953267729,327.3125505413251,3.4881019592285156,247.89999389648438
1763596717391,35.19376612858103,-97.43734079184885,327.3195909010313,3.489370107650757,247.89999389648438
1763596717391,35.19376729770239,-97.4373420819948,327.3267405332274,3.4825096130371094,247.89999389648438
1763596717391,35.19376851434884,-97.43734348420269,327.33376139130485,3.470172882080078,247.89999389648438
1763596717391,35.19376967633927,-97.43734487452787,327.3401433551728,3.466644763946533,248.0
1763596717391,35.19377082580643,-97.43734628791948,327.3467305099391,3.4720544815063477,248.5
1763596717391,35.193771949756204,-97.43734773086774,327.35257521876383,3.4793269634246826,248.6999969482422
1763596717391,35.19377306928701,-97.43734920182047,327.3590426452793,3.4867172241210938,249.0
1763596717391,35.19377415724871,-97.43735071714855,327.36572337861395,3.4969916343688965,249.1999969482422
1763596717391,35.1937752193893,-97.43735222691603,327.3726936216081,3.506584644317627,249.39999389648438
1763596717391,35.19377629097536,-97.43735380086666,327.3803106778191,3.5090901851654053,249.39999389648438
1763596717391,35.19377730960049,-97.43735536117855,327.387818051211,3.5129151344299316,249.39999389648438
1763596717391,35.19377831925243,-97.43735696612646,327.39545719314214,3.516261100769043,249.39999389648438
1763596718391,35.19377958314158,-97.4373592029799,327.340614663927,3.5231027603149414,248.39999389648438
1763596718391,35.193779998226915,-97.4373598613245,327.34431416568344,3.524088144302368,248.0
1763596718391,35.193780911403515,-97.43736157664186,327.35242264551226,3.5273597240448,247.5
1763596718391,35.19378170582687,-97.43736312871441,327.359608868507,3.5280039310455322,246.60000610351562
1763596718391,35.19378260697546,-97.43736502197632,327.36781942011953,3.5279946327209473,245.0
1763596718391,35.19378343096952,-97.43736680647898,327.37586394506116,3.527923345565796,243.1999969482422
1763596718391,35.19378422591169,-97.4373686035802,327.3844625634634,3.5313339233398438,240.6999969482422
1763596718391,35.19378502667826,-97.4373704342178,327.3930950731169,3.538393974304199,237.8000030517578
1763596718391,35.193785761235816,-97.43737220849825,327.40136567371053,3.5479657649993896,234.6999969482422
1763596718391,35.19378649889564,-97.43737405473463,327.4101723745418,3.5559988021850586,232.1999969482422
1763596718391,35.19378722898074,-97.43737592297374,327.41880967387544,3.559321641921997,228.5
1763596718391,35.19378794991114,-97.43737777476368,327.4268885980754,3.5576729774475098,224.10000610351562
1763596718391,35.19378865340332,-97.43737966198114,327.4348869607588,3.5569190979003906,218.0
1763596718391,35.193789338900345,-97.43738151685508,327.4425517640682,3.5655674934387207,212.5
1763596718391,35.193790017243295,-97.43738341398891,327.45042383445843,3.5728163719177246,207.0
1763596718391,35.19379068743682,-97.43738530872731,327.45819459614495,3.5744450092315674,201.3000030517578
1763596718391,35.193791323856644,-97.4373871875593,327.4663504082847,3.578375816345215,196.0
1763596718391,35.19379195773739,-97.43738915694209,327.4745243149148,3.580596446990967,192.5
1763596718391,35.19379255090906,-97.43739108458966,327.4828820547333,3.5904312133789062,188.60000610351562
1763596718391,35.19379313177343,-97.43739307346749,327.49207325119085,3.59490966796875,185.39999389648438
1763596718391,35.193793722922116,-97.43739506685348,327.5004303797476,3.604231357574463,182.3000030517578
1763596719391,35.19379370155561,-97.43739619033823,327.45666389507943,3.604295253753662,178.6999969482422
1763596719391,35.19379422384745,-97.43739822331106,327.4633969329302,3.6086394786834717,173.60000610351562
1763596719391,35.19379471927656,-97.43740020539094,327.46955659870844,3.6176087856292725,168.8000030517578
1763596719391,35.1937952049871,-97.43740221705573,327.47625517367214,3.6293866634368896,164.1999969482422
1763596719391,35.1937956724686,-97.43740421311759,327.48338731666627,3.6393163204193115,160.1999969482422
1763596719391,35.19379614641514,-97.43740622156267,327.4906099126484,3.652773857116699,154.5
1763596719391,35.19379663173757,-97.43740825481642,327.4981349472505,3.6581978797912598,147.89999389648438
1763596719391,35.193797092183054,-97.43741028682088,327.50539174682507,3.6630868911743164,141.39999389648438
1763596719391,35.19379754765859,-97.43741234541977,327.51269889533177,3.670985460281372,136.89999389648438
1763596719391,35.193798009962244,-97.43741442159401,327.51963416979765,3.6755518913269043,136.10000610351562
1763596719391,35.19379847020249,-97.43741642778771,327.5263984062167,3.675677537918091,136.3000030517578
1763596719391,35.19379890997451,-97.43741849033944,327.5335290333202,3.6856484413146973,136.89999389648438
1763596719391,35.193799357694395,-97.4374205765171,327.54064616399387,3.696784734725952,137.8000030517578
1763596719391,35.19379978437257,-97.43742263382946,327.5473803629857,3.7111451625823975,139.1999969482422
1763596719391,35.19380018748999,-97.43742474187778,327.5542500950759,3.72230863571167,141.3000030517578
1763596719391,35.19380058110229,-97.43742680295466,327.5615230028617,3.729283332824707,143.3000030517578
1763596719391,35.19380096681714,-97.43742894492854,327.5693445234876,3.7319390773773193,145.89999389648438
1763596719391,35.193801328745,-97.43743100677129,327.57807129200114,3.7356865406036377,147.60000610351562
1763596719391,35.193801666377155,-97.43743317132326,327.58637364674564,3.739109754562378,149.6999969482422
1763596719391,35.193801999598506,-97.43743526588223,327.59339793104465,3.740731954574585,151.1999969482422
1763596720391,35.19380211349833,-97.4374360915542,327.5165237042882,3.744797706604004,152.8000030517578
1763596720391,35.19380229084263,-97.43743813578286,327.5231014220878,3.7549660205841064,154.39999389648438
1763596720391,35.19380242951519,-97.43744026115468,327.5301971082478,3.7654433250427246,156.3000030517578
1763596720391,35.19380257198884,-97.43744241855885,327.5380319209907,3.772376775741577,158.6999969482422
1763596720391,35.193802688761075,-97.43744457455887,327.5455383939692,3.7831857204437256,161.8000030517578
1763596720391,35.19380277652405,-97.43744654617149,327.5522928349041,3.785651922225952,163.89999389648438
1763596720391,35.19380284007861,-97.43744869027616,327.5591478720183,3.7898354530334473,166.6999969482422
1763596720391,35.19380288183225,-97.43745101873732,327.56680086461586,3.7944276332855225,170.5
1763596720391,35.1938029121312,-97.43745295856785,327.57294687631037,3.801365852355957,175.5
1763596720391,35.193802886917396,-97.43745529720279,327.5804412389605,3.8015406131744385,181.3000030517578
1763596720391,35.19380282745688,-97.43745746533146,327.58693370825097,3.802236557006836,187.60000610351562
1763596720391,35.19380275773425,-97.43745946215047,327.5924353741371,3.8033409118652344,192.5
1763596720391,35.19380262617666,-97.43746180256562,327.5987555618568,3.812401294708252,199.1999969482422
1763596720391,35.19380249355228,-97.43746377813636,327.604323891965,3.819545030593872,204.10000610351562
1763596720391,35.19380227717676,-97.43746612312465,327.6115441757362,3.8235950469970703,208.8000030517578
1763596720391,35.19380203893445,-97.43746822517815,327.61728823287194,3.8288652896881104,213.60000610351562
1763596720391,35.193801746254785,-97.437470414619,327.62353589037053,3.826876640319824,217.89999389648438
1763596720391,35.193801413649155,-97.43747249305676,327.63015542698815,3.8253936767578125,221.3000030517578
1763596720391,35.19380102577142,-97.43747463687022,327.63683622509785,3.8248794078826904,224.10000610351562
1763596720391,35.193800581163124,-97.43747677681903,327.6437939801158,3.8221919536590576,226.89999389648438
1763596721391,35.193799848818955,-97.43747825322812,327.6275462088796,3.8174827098846436,230.10000610351562
1763596721391,35.19379932048974,-97.43748032585485,327.633625579765,3.814052104949951,234.10000610351562
1763596721391,35.19379877525256,-97.43748239463872,327.6399805146021,3.8144543170928955,239.8000030517578
1763596721391,35.19379820107664,-97.43748447140382,327.646453615397,3.814788341522217,244.8000030517578
1763596721391,35.19379757894517,-97.43748654472031,327.6525057689048,3.819042682647705,249.3000030517578
1763596721391,35.19379694571453,-97.4374885366277,327.6576249546598,3.818880558013916,252.0
1763596721391,35.19379626064034,-97.4374905358835,327.66263681254304,3.8162622451782227,254.0
1763596721391,35.193795518290166,-97.437492561305,327.6679960067751,3.8115451335906982,254.3000030517578
1763596721391,35.193794734227566,-97.4374945920681,327.67324825782896,3.8073441982269287,254.3000030517578
1763596721391,35.193793918252744,-97.43749656349141,327.67867071042514,3.8047587871551514,254.5
1763596721391,35.19379309541146,-97.43749849914623,327.68411763564353,3.803607702255249,255.0
1763596721391,35.19379222416949,-97.43750045777347,327.68955567259866,3.806878089904785,255.89999389648438
1763596721391,35.193791429457306,-97.43750224680561,327.69451224851366,3.810580253601074,257.29998779296875
1763596721391,35.19379041016181,-97.43750437349689,327.70017405437886,3.811513662338257,258.8999938964844
1763596721391,35.19378944623015,-97.43750621202119,327.70520950043874,3.8045430183410645,260.20001220703125
1763596721391,35.19378844618122,-97.43750800030206,327.70984514536235,3.803278923034668,261.20001220703125
1763596721391,35.19378732241719,-97.43750987240605,327.7146470732351,3.8002700805664062,261.70001220703125
1763596721391,35.19378632480579,-97.43751147257169,327.7185231316472,3.8021812438964844,261.79998779296875
1763596721391,35.19378505817134,-97.43751338739287,327.7230418827745,3.8042261600494385,261.70001220703125
1763596721391,35.19378399185561,-97.43751494181541,327.72717351953486,3.8054449558258057,261.70001220703125
1763596722391,35.193782051820286,-97.43751465440502,327.72921786618286,3.8013107776641846,261.79998779296875
1763596722391,35.1937808004808,-97.43751622109023,327.7345155817972,3.79972767829895,261.8999938964844
1763596722391,35.19377963411378,-97.43751765183463,327.73920817422515,3.799999713897705,262.5
1763596722391,35.19377822927074,-97.43751927863349,327.74429113952635,3.798614501953125,263.5
1763596722391,35.193776861864094,-97.43752081064953,327.7491722327123,3.7933948040008545,264.6000061035156
1763596722391,35.193775503440335,-97.43752226310464,327.75359952089826,3.7890822887420654,265.3999938964844
1763596722391,35.19377410672683,-97.43752369424499,327.7585250153437,3.7883615493774414,265.5
1763596722391,35.19377268917988,-97.43752506615938,327.7633056772329,3.786827802658081,265.5
1763596722391,35.19377120396032,-97.43752642412221,327.76860584573376,3.784623622894287,265.5
1763596722391,35.193769695560334,-97.43752771418336,327.77367982462374,3.78397536277771,265.5
1763596722391,35.193768164325185,-97.43752894069375,327.7777916479449,3.7768967151641846,265.20001220703125
1763596722391,35.193766642485066,-97.43753012048082,327.7817471412706,3.776014804840088,265.0
1763596722391,35.19376506959341,-97.43753129515709,327.78611875543965,3.781280755996704,264.70001220703125
1763596722391,35.19376348716675,-97.4375324306499,327.7903134905092,3.7811334133148193,264.3999938964844
1763596722391,35.19376184386429,-97.43753354803772,327.79370578542944,3.776644706726074,263.79998779296875
1763596722391,35.19376017814014,-97.43753461867345,327.796325866496,3.778454065322876,263.3999938964844
1763596722391,35.19375865493807,-97.43753554000318,327.7979247311015,3.7764294147491455,263.20001220703125
1763596722391,35.193756788987834,-97.43753658793689,327.7978477340521,3.7748806476593018,263.20001220703125
1763596722391,35.19375519709252,-97.43753745729073,327.7974823092819,3.7800323963165283,263.20001220703125
1763596722391,35.19375329912906,-97.43753841787705,327.7976156380474,3.788282632827759,263.20001220703125
1763596723391,35.193754168683164,-97.43753752076232,327.7956011321196,3.798201084136963,263.20001220703125
1763596723391,35.19375236619433,-97.43753829956131,327.79768463020423,3.808900833129883,263.20001220703125
1763596723391,35.19375071341187,-97.43753897094254,327.7997844980337,3.815467596054077,263.20001220703125
1763596723391,35.19374899386478,-97.43753961127938,327.80241680921745,3.813852310180664,263.20001220703125
1763596723391,35.19374721686107,-97.437540222249,327.8051771964838,3.8046765327453613,263.20001220703125
1763596723391,35.19374547536094,-97.4375407738892,327.8075594080147,3.8049986362457275,263.20001220703125
1763596723391,35.19374362461642,-97.43754130245209,327.810859613222,3.815753221511841,263.20001220703125
1763596723391,35.193741877302315,-97.43754175765649,327.81364649843397,3.826483964920044,263.20001220703125
1763596723391,35.19374006621364,-97.43754219581645,327.8159204880945,3.8289759159088135,263.20001220703125
1763596723391,35.1937382470567,-97.43754259360024,327.8180046873017,3.8246235847473145,263.20001220703125
1763596723391,35.19373643614227,-97.43754293461659,327.8203140554306,3.835125207901001,263.20001220703125
1763596723391,35.19373460605365,-97.4375432165092,327.82344836879867,3.8472256660461426,263.20001220703125
1763596723391,35.19373276982543,-97.43754348176536,327.8273651639107,3.8433549404144287,263.20001220703125
1763596723391,35.19373094938955,-97.43754374707109,327.8312863769548,3.8412439823150635,263.20001220703125
1763596723391,35.19372906439071,-97.43754396034173,327.83443484579453,3.8382606506347656,263.20001220703125
1763596723391,35.19372723452376,-97.4375441222139,327.8379498736095,3.827977180480957,263.0
1763596723391,35.19372531642371,-97.43754423995968,327.8409542265736,3.817857503890991,262.6000061035156
1763596723391,35.19372348614681,-97.43754435842536,327.8447198691463,3.8217904567718506,261.79998779296875
1763596723391,35.19372157585104,-97.43754443079567,327.84862792906546,3.8301665782928467,260.8999938964844
1763596723391,35.19371986623417,-97.43754450472994,327.8525025106487,3.839787244796753,259.70001220703125
1763596724391,35.19371776168666,-97.43754418024078,327.83180335055374,3.845658779144287,258.20001220703125
1763596724391,35.193715834003136,-97.43754413366437,327.8367462243753,3.845339775085449,256.79998779296875
1763596724391,35.19371398817512,-97.43754405508413,327.84155838028727,3.8469865322113037,255.8000030517578
1763596724391,35.19371210536607,-97.4375439175823,327.8463551156905,3.8475160598754883,254.6999969482422
1763596724391,35.19371019103455,-97.43754371375115,327.85089018919956,3.8472506999969482,253.5
1763596724391,35.19370830905092,-97.43754347543263,327.85570764170353,3.846100330352783,252.10000610351562
1763596724391,35.19370642540954,-97.43754320207614,327.86030486488744,3.848804473876953,250.3000030517578
1763596724391,35.193704570274555,-97.43754290499515,327.8638154056101,3.8486990928649902,248.1999969482422
1763596724391,35.19370259773646,-97.43754256442901,327.867838959044,3.858175754547119,246.10000610351562
1763596724391,35.193700661912665,-97.43754220869198,327.87173949310835,3.8713223934173584,243.60000610351562
1763596724391,35.1936987386816,-97.43754183955622,327.8759344312625,3.8800406455993652,242.0
1763596724391,35.19369679777713,-97.43754140577892,327.8796990021399,3.8894004821777344,239.6999969482422
1763596724391,35.19369487280506,-97.4375409744353,327.88396311338255,3.8930602073669434,238.0
1763596724391,35.19369292050707,-97.4375404586512,327.88862970142986,3.8974969387054443,235.1999969482422
1763596724391,35.19369100768948,-97.43753997757146,327.8932860999713,3.898634433746338,230.5
1763596724391,35.19368908790992,-97.4375394634564,327.8973959670811,3.903106212615967,226.6999969482422
1763596724391,35.19368713307468,-97.43753885514852,327.9007177460118,3.912409543991089,221.0
1763596724391,35.193685166764446,-97.43753828514407,327.904689210431,3.9226133823394775,214.60000610351562
1763596724391,35.19368320103971,-97.4375377049311,327.91020539336733,3.930346727371216,207.60000610351562
1763596724391,35.1936812505311,-97.43753700345812,327.9149356489118,3.9277045726776123,198.60000610351562
1763596725391,35.193684085811256,-97.43753581320235,327.88210559581364,3.925856113433838,192.6999969482422
1763596725391,35.193682305028865,-97.43753493201018,327.887065980952,3.9286882877349854,185.10000610351562
1763596725391,35.19368052657741,-97.43753402107464,327.89259262437474,3.935394048690796,177.6999969482422
1763596725391,35.19367877410326,-97.43753311381161,327.8969928004453,3.931110143661499,169.39999389648438
1763596725391,35.193676959528815,-97.43753220319337,327.90169453002204,3.9223647117614746,162.5
1763596725391,35.19367519686637,-97.43753132836581,327.90625895235763,3.918625831604004,155.0
1763596725391,35.19367344309883,-97.43753045611929,327.91110726595724,3.921290636062622,148.1999969482422
1763596725391,35.193671703337735,-97.43752955545283,327.91642948376534,3.9255242347717285,139.0
1763596725391,35.193669912866945,-97.43752868463359,327.9212780269984,3.9269800186157227,129.39999389648438
1763596725391,35.193668133794134,-97.43752778950892,327.9257703160661,3.9348552227020264,119.9000015258789
1763596725391,35.19366631687836,-97.43752686474697,327.9298457157683,3.9540181159973145,110.4000015258789
1763596725391,35.193664543360974,-97.43752598833794,327.93376377199013,3.9720234870910645,100.9000015258789
1763596725391,35.19366271146347,-97.43752503231795,327.93951812698,3.9909911155700684,89.0999984741211
1763596725391,35.19366086068653,-97.43752409233964,327.94479803613103,4.009048938751221,79.19999694824219
1763596725391,35.19365897395725,-97.43752312480069,327.950006127139,4.025001525878906,69.80000305175781
1763596725391,35.19365724849439,-97.4375222702904,327.9538324630636,4.03471040725708,62.5
1763596725391,35.19365531221158,-97.43752131064873,327.9578798026569,4.041988372802734,51.29999923706055
1763596725391,35.193653477723736,-97.43752038461476,327.96208484611617,4.047308921813965,43.400001525878906
1763596725391,35.19365162803176,-97.43751939034026,327.96611645828,4.057163238525391,33.0
1763596725391,35.19364977866586,-97.43751844180957,327.971066060512,4.064103126525879,19.100000381469727
1763596726391,35.19365061248656,-97.43751858482057,327.9331520987355,4.066755294799805,9.100000381469727
1763596726391,35.19364885253485,-97.4375176067646,327.93799670659047,4.072862148284912,-3.299999952316284
1763596726391,35.193647071765554,-97.43751662908363,327.94170378346263,4.07860803604126,-17.799999237060547
1763596726391,35.193645326534664,-97.4375156948558,327.9457424003659,4.081242084503174,-27.399999618530273
1763596726391,35.1936435029214,-97.4375147877864,327.9505408714899,4.087098598480225,-41.79999923706055
1763596726391,35.19364173694254,-97.43751389736825,327.95517019577267,4.089909553527832,-53.900001525878906
1763596726391,35.19363989355281,-97.43751299559194,327.95950927187295,4.095134735107422,-66.0
1763596726391,35.19363809968151,-97.43751214554358,327.96400885796004,4.102767467498779,-78.19999694824219
1763596726391,35.1936362826272,-97.43751132255794,327.969197186706,4.103060722351074,-88.19999694824219
1763596726391,35.19363443117754,-97.43751051096764,327.9734556789056,4.103326320648193,-100.4000015258789
1763596726391,35.19363259732415,-97.43750974791996,327.9768950716316,4.104416370391846,-111.4000015258789
1763596726391,35.193630769804436,-97.43750904019024,327.98021861562063,4.105898380279541,-120.19999694824219
1763596726391,35.19362893587715,-97.43750839621349,327.98376370993816,4.119853496551514,-127.5
1763596726391,35.19362705081681,-97.43750776971156,327.98855582290463,4.132199764251709,-134.6999969482422
1763596726391,35.19362518196178,-97.43750720023574,327.9930921122024,4.141836166381836,-142.3000030517578
1763596726391,35.193623456817754,-97.4375067072043,327.9976407140674,4.147006511688232,-149.89999389648438
1763596726391,35.19362140478499,-97.43750614582014,328.0034201196061,4.153081893920898,-158.60000610351562
1763596726391,35.19361965002898,-97.43750571728894,328.00860570373726,4.16727876663208,-164.3000030517578
1763596726391,35.193617636545284,-97.43750525529833,328.01376513086404,4.179638385772705,-170.89999389648438
1763596726391,35.193615856510036,-97.43750489089608,328.0185160235941,4.189425468444824,-176.89999389648438
1763596727391,35.19361382387518,-97.4375059095644,327.96659609960403,4.2040629386901855,-182.89999389648438
1763596727391,35.19361194135293,-97.43750565281631,327.9719076831213,4.221649169921875,-189.0
1763596727391,35.19360999465825,-97.43750543430608,327.9773569941,4.235247611999512,-195.5
1763596727391,35.19360805981004,-97.43750526963312,327.9829304612675,4.246094226837158,-202.60000610351562
1763596727391,35.19360612101944,-97.43750516782343,327.9889074697706,4.24855899810791,-207.60000610351562
1763596727391,35.193604203679705,-97.43750512642052,327.994716914596,4.256924629211426,-211.89999389648438
1763596727391,35.19360226682086,-97.43750513618173,328.0003681373332,4.266558647155762,-216.0
1763596727391,35.19360029243235,-97.43750520839723,328.00636442918545,4.283337116241455,-219.39999389648438
1763596727391,35.193598389353504,-97.43750532974114,328.01243515183313,4.290815353393555,-221.39999389648438
1763596727391,35.19359639747203,-97.4375055134822,328.0190857798456,4.3001389503479,-223.10000610351562
1763596727391,35.193594500044156,-97.43750573122023,328.02487462983754,4.316122055053711,-224.3000030517578
1763596727391,35.1935925147664,-97.4375060108975,328.03065256266524,4.331184387207031,-226.3000030517578
1763596727391,35.193590573522194,-97.43750634478867,328.03633931243746,4.346390247344971,-227.8000030517578
1763596727391,35.19358866629928,-97.43750672952831,328.0420681822007,4.355440139770508,-228.8000030517578
1763596727391,35.1935867361466,-97.43750717709634,328.04760380346204,4.363448143005371,-229.10000610351562
1763596727391,35.193584968924704,-97.43750763695994,328.0524287738438,4.372618198394775,-229.5
1763596727391,35.19358286385446,-97.43750824950028,328.05807519640496,4.389231204986572,-229.89999389648438
1763596727391,35.19358097226823,-97.43750885941206,328.06416457302566,4.406252384185791,-230.39999389648438
1763596727391,35.19357908311077,-97.43750952316014,328.07079658311903,4.418366432189941,-230.5
1763596727391,35.19357715656284,-97.43751024538095,328.0775850727324,4.4338059425354,-230.5
1763596727391,35.19357529272228,-97.43751099883775,328.0845055244586,4.451447010040283,-230.5
1763596727391,35.19357339936378,-97.43751181003323,328.0911721566354,4.4649882316589355,-230.5
1763596728391,35.193571689968834,-97.43751368827692,327.96297422980234,4.470754623413086,-230.5
1763596728391,35.19356984606802,-97.43751464640191,327.967040093748,4.468990325927734,-230.5
1763596728391,35.19356802494733,-97.43751565919781,327.97104743226976,4.481204986572266,-230.5
1763596728391,35.19356626526001,-97.43751670844998,327.9751951280078,4.491635799407959,-230.5
1763596728391,35.19356444652475,-97.43751785644044,327.97983425776994,4.497348785400391,-230.5
1763596728391,35.19356269471091,-97.43751902481436,327.984454047742,4.493797302246094,-230.5
1763596728391,35.193560974941356,-97.43752024755511,327.98934367294686,4.498104095458984,-230.5
1763596728391,35.193559289068695,-97.43752151249411,327.99557706773965,4.4975385665893555,-230.5
1763596728391,35.19355765186049,-97.43752280567568,328.00192440733343,4.49370002746582,-230.5
1763596728391,35.19355613203189,-97.43752406208365,328.00852273566625,4.4973602294921875,-230.5
1763596728391,35.19355436347213,-97.4375256170052,328.01649792524415,4.495323181152344,-230.39999389648438
1763596728391,35.193552779775075,-97.4375270719921,328.0233136591964,4.492956161499023,-230.3000030517578
1763596728391,35.193551232231385,-97.43752856347558,328.0296710343498,4.476255893707275,-230.0
1763596728391,35.19354985580475,-97.43752995239201,328.0356252296614,4.468362808227539,-229.5
1763596728391,35.193548216167805,-97.43753169374898,328.0432154374279,4.4702630043029785,-228.8000030517578
1763596728391,35.193546899141346,-97.43753314127022,328.0499204239226,4.470520973205566,-228.5
1763596728391,35.193545367635416,-97.43753488523514,328.0574217216655,4.460525989532471,-227.6999969482422
1763596728391,35.19354406601331,-97.43753642476298,328.06428813446615,4.447780609130859,-227.0
1763596728391,35.19354259512929,-97.4375382639479,328.0717647479196,4.446848392486572,-225.8000030517578
1763596728391,35.19354125890619,-97.43754001626783,328.0793204701225,4.4476118087768555,-225.1999969482422
1763596729391,35.1935397922107,-97.43754183683411,328.04109635532154,4.438093662261963,-224.3000030517578
1763596729391,35.19353863321496,-97.43754347353531,328.0469895118196,4.4355621337890625,-223.8000030517578
1763596729391,35.193537372442876,-97.43754532684034,328.05350889496617,4.434556484222412,-222.89999389648438
1763596729391,35.19353614923064,-97.43754716721872,328.0592408257349,4.429184436798096,-221.39999389648438
1763596729391,35.19353498883897,-97.43754903168646,328.0650947551502,4.421208381652832,-219.6999969482422
1763596729391,35.19353382928274,-97.43755095457233,328.0716561517822,4.420173168182373,-217.89999389648438
1763596729391,35.19353274305527,-97.43755284415224,328.0784063978145,4.4243245124816895,-215.60000610351562
1763596729391,35.1935316500573,-97.4375548151077,328.0852961625122,4.423009872436523,-212.5
1763596729391,35.193530617466685,-97.43755676427567,328.09192779235127,4.418009281158447,-208.6999969482422
1763596729391,35.193529597983456,-97.43755879675473,328.0985534639398,4.406704425811768,-204.10000610351562
1763596729391,35.19352861993936,-97.43756081545531,328.1046844743979,4.400725841522217,-200.1999969482422
1763596729391,35.19352769719226,-97.43756281806334,328.110916709956,4.40010404586792,-194.5
1763596729391,35.19352676264887,-97.43756489402345,328.11725484760893,4.399253845214844,-189.89999389648438
1763596729391,35.193525865628956,-97.43756693560604,328.12432908438217,4.40407657623291,-186.10000610351562
1763596729391,35.19352496446973,-97.43756901512529,328.1315001923311,4.405856132507324,-181.3000030517578
1763596729391,35.19352407522428,-97.43757108915845,328.1388428054718,4.408390522003174,-176.39999389648438
1763596729391,35.19352319317097,-97.43757323999358,328.14628586678566,4.406485080718994,-169.89999389648438
1763596729391,35.19352233388744,-97.43757537574396,328.1529177984763,4.397615432739258,-164.6999969482422
1763596729391,35.193521568155866,-97.43757730668422,328.1587972861158,4.391495227813721,-155.0
1763596729391,35.193520671291374,-97.43757962454352,328.16540938036485,4.391706466674805,-145.0
1763596730391,35.193518454329656,-97.43758254116987,328.02328412317127,4.397266864776611,-134.0
1763596730391,35.193517653496095,-97.4375847610943,328.02882136905043,4.397398471832275,-123.9000015258789
1763596730391,35.193516848027215,-97.43758703161379,328.0350345275486,4.399482250213623,-114.5999984741211
1763596730391,35.19351608864733,-97.43758921187985,328.0407025428965,4.403360843658447,-107.19999694824219
1763596730391,35.193515317545625,-97.4375914389205,328.04607193582586,4.417247295379639,-95.5999984741211
1763596730391,35.19351457868574,-97.43759360039134,328.05253160537023,4.419673919677734,-87.4000015258789
1763596730391,35.19351382752109,-97.437595822722,328.0591612021831,4.421451091766357,-76.80000305175781
1763596730391,35.19351306340969,-97.43759810634583,328.0661584265003,4.422865867614746,-66.9000015258789
1763596730391,35.19351230320586,-97.43760034764296,328.07303299212947,4.436295509338379,-57.79999923706055
1763596730391,35.19351154561048,-97.4376025413612,328.08000976149305,4.453061580657959,-46.29999923706055
1763596730391,35.19351072865423,-97.4376048132268,328.08669387734557,4.46681547164917,-36.599998474121094
1763596730391,35.19350989631282,-97.43760704558103,328.09390256634293,4.472736835479736,-26.399999618530273
1763596730391,35.193509083456156,-97.43760927041627,328.0998046637715,4.48491907119751,-16.200000762939453
1763596730391,35.193508266185916,-97.43761152501025,328.1067837912865,4.502667427062988,-7.900000095367432
1763596730391,35.19350741194192,-97.437613807272,328.1137113212354,4.522424697875977,1.7999999523162842
1763596730391,35.19350657439331,-97.43761602998336,328.12027702241,4.533530235290527,9.699999809265137
1763596730391,35.19350572815801,-97.43761825910444,328.1267127751669,4.542999744415283,15.199999809265137
1763596730391,35.19350488519909,-97.43762048800001,328.1338164328961,4.559969902038574,18.799999237060547
1763596730391,35.19350399451234,-97.43762273173822,328.1418846936484,4.587346076965332,20.700000762939453
1763596730391,35.193503106590164,-97.43762494413066,328.14938633562826,4.601321220397949,20.899999618530273
1763596731391,35.19350189852664,-97.43762773110512,328.0766154437224,4.617917060852051,20.899999618530273
1763596731391,35.19350097252044,-97.43762999918306,328.0836615275243,4.640021800994873,21.0
1763596731391,35.19350002841032,-97.4376322987532,328.08979771677105,4.659180164337158,21.200000762939453
1763596731391,35.19349909573454,-97.43763459506408,328.09537077405247,4.6771416664123535,21.600000381469727
1763596731391,35.19349813140435,-97.43763695138773,328.1012306712025,4.692693710327148,22.600000381469727
1763596731391,35.19349717069494,-97.43763926439432,328.1066788797658,4.71791410446167,23.899999618530273
1763596731391,35.19349619293125,-97.43764160759554,328.11229213518783,4.738386154174805,25.100000381469727
1763596731391,35.19349522341271,-97.4376439253987,328.1187292173955,4.756307125091553,25.799999237060547
1763596731391,35.19349427746122,-97.43764619897952,328.12560081143346,4.774780750274658,26.100000381469727
1763596731391,35.19349327496905,-97.43764858139052,328.13234112448754,4.797216415405273,26.200000762939453
1763596731391,35.19349226798835,-97.43765093726479,328.1391705586444,4.819125175476074,26.5
1763596731391,35.19349125695832,-97.4376532912483,328.14589426650247,4.838231086730957,27.100000381469727
1763596731391,35.19349020429848,-97.43765569252433,328.15272729143976,4.859036445617676,28.299999237060547
1763596731391,35.19348918667251,-97.43765800265889,328.15806090372774,4.8807291984558105,30.200000762939453
1763596731391,35.19348811862246,-97.43766039899965,328.1652946310732,4.903212070465088,32.29999923706055
1763596731391,35.193487057554144,-97.4376627810616,328.1725755906478,4.925812721252441,34.20000076293945
1763596731391,35.19348598565426,-97.43766515678774,328.1788801488777,4.943101406097412,34.400001525878906
1763596731391,35.1934848854866,-97.43766757037857,328.1844160726812,4.95065975189209,34.5
1763596731391,35.19348379389456,-97.43766995624834,328.1898022932776,4.96094274520874,34.70000076293945
1763596731391,35.19348269001868,-97.43767233069478,328.19530341814755,4.985370635986328,35.0
1763596732391,35.19348161324511,-97.43767446135395,328.1456721929234,5.016033172607422,35.0
1763596732391,35.1934804548021,-97.43767688901634,328.1535618691805,5.032065391540527,34.900001525878906
1763596732391,35.193479302422084,-97.43767927277177,328.1615649704622,5.0596723556518555,34.20000076293945
1763596732391,35.19347809789665,-97.4376817371747,328.1688471689882,5.0707621574401855,33.5
1763596732391,35.19347692781139,-97.43768411174375,328.17508484177,5.075521945953369,33.0
1763596732391,35.19347574361864,-97.43768649820008,328.18017377437116,5.09634256362915,32.599998474121094
1763596732391,35.19347462359185,-97.43768872930387,328.1862578334082,5.116915225982666,32.400001525878906
1763596732391,35.19347328250886,-97.43769139227527,328.1942805540522,5.148870468139648,32.20000076293945
1763596732391,35.193472060880396,-97.43769379406947,328.2014501450539,5.162112236022949,32.20000076293945
1763596732391,35.19347083629142,-97.43769620090524,328.2083374744875,5.167368412017822,32.20000076293945
1763596732391,35.19346957878582,-97.43769866587174,328.2152934405366,5.177806377410889,32.20000076293945
1763596732391,35.19346831394456,-97.43770111331028,328.2230250897572,5.19944429397583,32.0
1763596732391,35.193467044779524,-97.43770355426841,328.23099615853886,5.215786933898926,31.600000381469727
1763596732391,35.193465874038566,-97.43770577210873,328.2383831615259,5.2308197021484375,31.200000762939453
1763596732391,35.19346446996124,-97.43770841911349,328.2476448430006,5.256184101104736,30.399999618530273
1763596732391,35.19346327251644,-97.4377106341934,328.25509405874124,5.261796951293945,29.700000762939453
1763596732391,35.19346184369073,-97.43771326954044,328.2640636542531,5.264348983764648,28.600000381469727
1763596732391,35.19346050921394,-97.43771571043608,328.27161766209485,5.2672438621521,27.299999237060547
1763596732391,35.19345918870046,-97.43771811099552,328.27853081409637,5.280420780181885,25.799999237060547
1763596732391,35.19345785728935,-97.43772053626776,328.2860284201414,5.293320178985596,23.700000762939453
1763596733391,35.19345667176309,-97.4377220908676,328.1658938873708,5.302774906158447,22.100000381469727
1763596733391,35.19345534014413,-97.43772451537944,328.1727706759656,5.311559677124023,20.5
1763596733391,35.19345401786225,-97.43772692388,328.17976017343693,5.324958801269531,19.399999618530273
1763596733391,35.193452612213314,-97.43772947130005,328.1873507434801,5.332912445068359,18.299999237060547
1763596733391,35.19345126100465,-97.43773191313012,328.19380457679915,5.331704139709473,17.399999618530273
1763596733391,35.193449891112024,-97.43773437184636,328.19916700695205,5.334240436553955,16.200000762939453
1763596733391,35.19344854865328,-97.43773677700779,328.2039533841733,5.347784519195557,14.699999809265137
1763596733391,35.19344713225719,-97.43773930012813,328.20828407383493,5.362658500671387,12.899999618530273
1763596733391,35.19344575161066,-97.43774175585712,328.21396233534597,5.375242710113525,11.300000190734863
1763596733391,35.19344437858032,-97.43774419106536,328.2196191411897,5.390329360961914,10.0
1763596733391,35.19344298667541,-97.43774667372766,328.2254556334249,5.404193878173828,9.0
1763596733391,35.19344155218264,-97.43774923246735,328.2316805697184,5.409786701202393,7.900000095367432
1763596733391,35.19344015693573,-97.43775174231493,328.2377877994045,5.415993690490723,6.800000190734863
1763596733391,35.19343877910649,-97.43775421339429,328.2434278381577,5.437160491943359,6.0
1763596733391,35.19343737618449,-97.4377567170329,328.24893966975196,5.453619480133057,5.199999809265137
1763596733391,35.19343595030196,-97.43775924587993,328.2551166389382,5.4675612449646,4.5
1763596733391,35.19343452970549,-97.43776175858935,328.26097864853443,5.479827880859375,3.799999952316284
1763596733391,35.19343308923506,-97.43776430638943,328.26650656130255,5.484316825866699,3.5
1763596733391,35.19343168367379,-97.43776678144509,328.2714335837296,5.484011173248291,2.700000047683716
1763596733391,35.193430247546196,-97.43776931929169,328.27638169381623,5.479440689086914,2.0
1763596734391,35.193428755526455,-97.43777150322373,328.21622871788173,5.48555326461792,1.0
1763596734391,35.19342749143099,-97.43777374806034,328.2211898515321,5.48865270614624,0.4000000059604645
1763596734391,35.193426071022245,-97.43777627224743,328.22673681193834,5.483955383300781,-0.4000000059604645
1763596734391,35.193424632291865,-97.4377788338539,328.2327787381605,5.478600025177002,-1.399999976158142
1763596734391,35.193423215689094,-97.43778135136124,328.23754009063083,5.472548961639404,-2.299999952316284
1763596734391,35.193421801628595,-97.43778385844809,328.2418235433545,5.470370292663574,-3.200000047683716
1763596734391,35.19342038465158,-97.43778636358736,328.2464054950234,5.464243412017822,-4.199999809265137
1763596734391,35.19341896125801,-97.43778887787177,328.2516810989042,5.462948799133301,-5.199999809265137
1763596734391,35.19341757158469,-97.43779133192858,328.2572688250476,5.465623378753662,-5.800000190734863
1763596734391,35.19341614019231,-97.43779387292213,328.2637064949315,5.462679386138916,-7.099999904632568
1763596734391,35.19341473474808,-97.43779635841327,328.2704257873896,5.458003997802734,-8.399999618530273
1763596734391,35.19341334122583,-97.43779882722434,328.2763722573633,5.460853099822998,-9.5
1763596734391,35.19341188151015,-97.4378014231896,328.28239480707214,5.466894626617432,-10.300000190734863
1763596734391,35.19341051726814,-97.43780387428862,328.2873254788874,5.469937801361084,-10.600000381469727
1763596734391,35.19340909915636,-97.43780644819746,328.2927346009538,5.475948333740234,-10.899999618530273
1763596734391,35.193407704497254,-97.4378089704179,328.299295930359,5.4838666915893555,-11.399999618530273
1763596734391,35.19340630024731,-97.43781152062678,328.3066988089598,5.487868309020996,-11.899999618530273
1763596734391,35.193404937934275,-97.43781401660756,328.3136140687263,5.481179237365723,-12.300000190734863
1763596734391,35.19340353700215,-97.4378165794972,328.3202045398534,5.470381736755371,-12.399999618530273
1763596734391,35.1934021795683,-97.4378190587846,328.32610815386647,5.473094463348389,-12.399999618530273
1763596735391,35.19340082464582,-97.43782140702518,328.24304007243785,5.469423770904541,-12.399999618530273
1763596735391,35.193399524464,-97.43782379875944,328.2482275946979,5.479842662811279,-12.5
1763596735391,35.193398126507496,-97.43782639130625,328.2560319196337,5.48893928527832,-12.699999809265137
1763596735391,35.19339675452982,-97.43782893231334,328.2633770390757,5.486264705657959,-12.800000190734863
1763596735391,35.19339522439164,-97.4378317583409,328.270449445625,5.478372573852539,-13.100000381469727
1763596735391,35.19339396436909,-97.43783408643685,328.2761059676776,5.466832637786865,-13.5
1763596735391,35.193392583810244,-97.43783664215714,328.28164680348317,5.47102689743042,-13.600000381469727
1763596735391,35.193391218622615,-97.43783917126139,328.286552410979,5.476076602935791,-13.600000381469727
1763596735391,35.193389850259834,-97.43784171337944,328.2919693593574,5.472940921783447,-13.699999809265137
1763596735391,35.1933884725097,-97.43784427719748,328.2982016552982,5.475049018859863,-13.800000190734863
1763596735391,35.193387112023764,-97.4378468172963,328.3044496178924,5.473931312561035,-14.0
1763596735391,35.193385724421006,-97.43784943447575,328.3114564152855,5.4672651290893555,-14.0
1763596735391,35.19338435570495,-97.43785203065627,328.3191544780265,5.471543312072754,-14.100000381469727
1763596735391,35.193383052771715,-97.43785449757733,328.32715010153174,5.483064651489258,-14.100000381469727
1763596735391,35.19338164435969,-97.43785714451337,328.3357563733754,5.480099201202393,-14.100000381469727
1763596735391,35.193380403964916,-97.43785948006982,328.34117991575346,5.473288059234619,-14.100000381469727
1763596735391,35.19337897214577,-97.43786220440985,328.34778723087607,5.468839168548584,-13.800000190734863
1763596735391,35.193377736716236,-97.43786457198685,328.35508775190726,5.470804691314697,-13.800000190734863
1763596735391,35.193376404099816,-97.4378671217083,328.36253185480297,5.4627885818481445,-13.699999809265137
1763596735391,35.193374927994775,-97.43786995371471,328.36957183620507,5.457242488861084,-13.699999809265137
1763596736391,35.19337405989347,-97.43787260920102,328.27462673568084,5.455799102783203,-13.699999809265137
1763596736391,35.19337283030807,-97.43787502564835,328.2797490305419,5.458993434906006,-13.399999618530273
1763596736391,35.19337137415582,-97.43787787896099,328.2851492490039,5.458217144012451,-12.899999618530273
1763596736391,35.193370050528124,-97.43788046356221,328.2896042611981,5.460703372955322,-12.5
1763596736391,35.1933686784101,-97.43788314075182,328.29425227555635,5.4768595695495605,-12.199999809265137
1763596736391,35.19336739131647,-97.43788568413831,328.2989329755388,5.469975471496582,-12.0
1763596736391,35.193366073904386,-97.43788829986462,328.30434328183884,5.469539642333984,-11.800000190734863
1763596736391,35.193364750685724,-97.43789092603767,328.3087349991644,5.473384380340576,-11.5
1763596736391,35.19336342588802,-97.43789354515205,328.31446693763826,5.479090213775635,-11.300000190734863
1763596736391,35.1933621179438,-97.43789613302884,328.320715120222,5.4858927726745605,-11.0
1763596736391,35.19336084415049,-97.43789866862991,328.3271722657635,5.482868194580078,-10.699999809265137
1763596736391,35.19335956205472,-97.43790124154096,328.3331025095333,5.486238956451416,-10.399999618530273
1763596736391,35.19335821495621,-97.43790393727224,328.3375596657477,5.496540069580078,-10.300000190734863
1763596736391,35.19335695474373,-97.43790647255528,328.34227987013,5.496729373931885,-10.300000190734863
1763596736391,35.19335561175864,-97.43790917416567,328.34758571881383,5.499846935272217,-10.300000190734863
1763596736391,35.19335433144749,-97.4379117634707,328.3541384601663,5.508059024810791,-10.300000190734863
1763596736391,35.19335302809384,-97.43791437817826,328.3600295208719,5.5158796310424805,-10.300000190734863
1763596736391,35.19335173220197,-97.43791698812431,328.36664509700444,5.514986991882324,-10.100000381469727
1763596736391,35.19335042326108,-97.43791963641867,328.37342891025224,5.517035484313965,-9.899999618530273
1763596736391,35.193349114743164,-97.43792227464144,328.37978968050527,5.522666931152344,-9.899999618530273
1763596737391,35.19334829079459,-97.43792435590917,328.29632893731036,5.526271343231201,-10.0
1763596737391,35.193346985287064,-97.4379270090844,328.3025392794385,5.522583484649658,-10.0
1763596737391,35.19334569059,-97.43792965168664,328.30978862631565,5.527214527130127,-10.100000381469727
1763596737391,35.193344414885935,-97.43793225738436,328.3173036032591,5.527914047241211,-10.100000381469727
1763596737391,35.19334310247584,-97.43793492091515,328.325571246473,5.527483940124512,-10.100000381469727
1763596737391,35.193341781370066,-97.43793762124538,328.3336929946555,5.519258975982666,-9.899999618530273
1763596737391,35.19334051584527,-97.43794021742058,328.34112761974944,5.515414714813232,-10.0
1763596737391,35.19333927051121,-97.43794279408665,328.34777267869424,5.513028621673584,-10.0
1763596737391,35.19333799000714,-97.43794544726144,328.35476975970874,5.511617183685303,-10.0
1763596737391,35.19333673401273,-97.43794805483351,328.3627026399384,5.510842800140381,-10.100000381469727
1763596737391,35.19333548164992,-97.43795066627065,328.37048933310075,5.512465953826904,-10.100000381469727
1763596737391,35.19333418398824,-97.43795336761688,328.37826700003234,5.505101203918457,-10.0
1763596737391,35.193332904041235,-97.43795603663581,328.38582258725444,5.493055820465088,-9.899999618530273
1763596737391,35.19333166008759,-97.43795863637504,328.3928912562353,5.486631393432617,-9.699999809265137
1763596737391,35.19333036860642,-97.4379613381458,328.4001128876371,5.495014667510986,-9.399999618530273
1763596737391,35.19332910242368,-97.43796398711224,328.4077772972058,5.492339611053467,-9.300000190734863
1763596737391,35.193327846469074,-97.43796662813531,328.41579035640933,5.491743564605713,-9.199999809265137
1763596737391,35.19332661663037,-97.43796922384331,328.4238948527954,5.486708164215088,-9.0
1763596737391,35.19332536197708,-97.43797187676,328.4314752147316,5.482733249664307,-8.5
1763596737391,35.19332413779246,-97.43797448858848,328.43840434143414,5.474409103393555,-8.0
1763596738391,35.19332325560224,-97.4379769898213,328.32519802830416,5.46560001373291,-7.199999809265137
1763596738391,35.19332205521815,-97.4379795842421,328.3317287610026,5.466394901275635,-6.699999809265137
1763596738391,35.19332092179842,-97.4379820342501,328.33917739000293,5.457355976104736,-6.5
1763596738391,35.19331960556267,-97.43798487844963,328.3475819998424,5.437841415405273,-6.5
1763596738391,35.193318364374555,-97.43798755914712,328.3560057457308,5.414899826049805,-6.5
1763596738391,35.19331714054625,-97.4379901833656,328.36321725283335,5.3909687995910645,-6.5
1763596738391,35.19331592472537,-97.43799277902177,328.3707406718888,5.356644630432129,-6.400000095367432
1763596738391,35.193314706501155,-97.43799536931081,328.37835293251413,5.330552101135254,-6.300000190734863
1763596738391,35.19331350173554,-97.4379979456249,328.3852343808794,5.309310436248779,-6.199999809265137
1763596738391,35.193312313417614,-97.43800050493022,328.3921834794248,5.275595664978027,-5.900000095367432
1763596738391,35.193311111520615,-97.4380031051926,328.39941492308617,5.2397050857543945,-5.599999904632568
1763596738391,35.193309954740094,-97.4380056134074,328.4065182953692,5.206608772277832,-5.400000095367432
1763596738391,35.19330878777305,-97.43800814993543,328.4141261365439,5.181390762329102,-5.199999809265137
1763596738391,35.19330764320037,-97.43801063184466,328.42136674122764,5.143598556518555,-5.0
1763596738391,35.19330645390353,-97.43801320070133,328.42884843730076,5.113208770751953,-4.900000095367432
1763596738391,35.193305333106416,-97.43801562098515,328.4360202143987,5.082248687744141,-4.599999904632568
1763596738391,35.193304170020475,-97.43801814086349,328.4437230670796,5.054141521453857,-4.5
1763596738391,35.19330302877092,-97.43802060592319,328.4516672165863,5.017629146575928,-4.5
1763596738391,35.19330191253879,-97.43802301997334,328.45927105029796,4.9811692237854,-4.5
1763596738391,35.19330077602498,-97.43802548561527,328.46670495264004,4.940739154815674,-4.5
1763596739391,35.19329949478299,-97.43802799059323,328.3751938795981,4.9000396728515625,-4.5
1763596739391,35.193298589946025,-97.43802994552026,328.3807995352677,4.871318340301514,-4.5
1763596739391,35.19329745767823,-97.43803238908009,328.3885178314617,4.836932182312012,-4.5
1763596739391,35.193296372575226,-97.43803472379702,328.3964471922859,4.8148040771484375,-4.5
1763596739391,35.1932952933,-97.43803704834875,328.40445489615115,4.784198760986328,-4.5
1763596739391,35.19329421686017,-97.43803937874388,328.4119699811269,4.749385356903076,-4.5
1763596739391,35.19329312995703,-97.43804173228425,328.41966493646765,4.7024712562561035,-4.5
1763596739391,35.1932920850116,-97.43804400520324,328.427155748603,4.666345596313477,-4.5
1763596739391,35.19329104252462,-97.43804628035134,328.43471882408824,4.635188102722168,-4.5
1763596739391,35.1932899988084,-97.43804855948537,328.44149579360874,4.602419376373291,-4.400000095367432
1763596739391,35.193288965303715,-97.43805080255405,328.44789687492954,4.572535991668701,-4.099999904632568
1763596739391,35.193287924367915,-97.43805307103072,328.455094453728,4.536106109619141,-3.700000047683716
1763596739391,35.19328690827258,-97.4380552876181,328.4623328622116,4.508458137512207,-3.4000000953674316
1763596739391,35.193285873159695,-97.43805753046685,328.4696643105925,4.47341775894165,-2.799999952316284
1763596739391,35.193284881751154,-97.43805971086175,328.4776807296798,4.4300217628479,-2.0
1763596739391,35.19328387084521,-97.43806191286619,328.484810682456,4.39377498626709,-1.399999976158142
1763596739391,35.19328289506333,-97.43806404425365,328.49121905933356,4.357913970947266,-1.0
1763596739391,35.193281885795756,-97.43806625211411,328.496809530782,4.330994606018066,-0.699999988079071
1763596739391,35.19328091862135,-97.43806835659475,328.50249639466637,4.298604488372803,-0.4000000059604645
1763596739391,35.19327992705121,-97.43807050734797,328.50832719666533,4.270991802215576,-0.20000000298023224
1763596740391,35.19327941800272,-97.43807166692724,328.4396566835403,4.244901180267334,0.0
1763596740391,35.193278378798304,-97.43807391970877,328.44722240490586,4.2220659255981445,0.20000000298023224
1763596740391,35.193277439527435,-97.438075973281,328.45340371988004,4.196343898773193,0.5
1763596740391,35.19327650969298,-97.4380779919131,328.45951126750947,4.170717716217041,0.800000011920929
1763596740391,35.19327557208592,-97.43808003633362,328.46580980817885,4.148445129394531,1.100000023841858
1763596740391,35.19327464677464,-97.43808206113734,328.4723170191635,4.127389907836914,1.5
1763596740391,35.19327364983192,-97.43808423651703,328.47908494586466,4.111124038696289,1.7000000476837158
1763596740391,35.193272738850375,-97.43808621614369,328.48433234714355,4.099161148071289,2.0
1763596740391,35.193271797384604,-97.43808825087179,328.4902952405735,4.089766502380371,2.200000047683716
1763596740391,35.1932709313018,-97.43809011803148,328.4965050966321,4.0758137702941895,2.299999952316284
1763596740391,35.193270086044116,-97.43809193757305,328.5027012128221,4.059271812438965,2.4000000953674316
1763596740391,35.19326917217628,-97.43809389690392,328.50943860984455,4.043270111083984,2.4000000953674316
1763596740391,35.19326822294669,-97.43809593901051,328.51605858693216,4.0287065505981445,2.4000000953674316
1763596740391,35.19326733657193,-97.43809786452033,328.52190913116596,4.010528087615967,2.4000000953674316
1763596740391,35.193266419322036,-97.43809988267536,328.5284570927524,3.99648380279541,2.4000000953674316
1763596740391,35.19326555225366,-97.43810177118358,328.5351745200825,3.9783220291137695,2.299999952316284
1763596740391,35.193264666476885,-97.43810369833811,328.54112116869914,3.9679031372070312,2.200000047683716
1763596740391,35.19326378701091,-97.43810562015992,328.54818453187244,3.9601218700408936,2.200000047683716
1763596740391,35.19326289261994,-97.4381075416796,328.5553022058159,3.9524574279785156,2.200000047683716
1763596740391,35.19326200513544,-97.43810944338765,328.5627865309086,3.942140579223633,2.200000047683716
1763596741391,35.19326129203677,-97.43811175808747,328.442647283367,3.9265434741973877,2.0999999046325684
1763596741391,35.19326040445857,-97.43811365678779,328.44869932281506,3.913325786590576,2.0
1763596741391,35.193259534148154,-97.4381155354533,328.4548959694468,3.9054572582244873,1.7999999523162842
1763596741391,35.1932586594371,-97.43811741705638,328.4620506727277,3.8960049152374268,1.600000023841858
1763596741391,35.193257765929616,-97.43811936316315,328.469077911926,3.8840715885162354,1.399999976158142
1763596741391,35.19325690479221,-97.43812123788025,328.47605888513584,3.8727805614471436,0.8999999761581421
1763596741391,35.19325611529716,-97.43812296407066,328.4821349829636,3.8651671409606934,0.30000001192092896
1763596741391,35.19325516205351,-97.43812504181919,328.4899274860702,3.857614755630493,-0.800000011920929
1763596741391,35.19325431927795,-97.43812687830304,328.4959428282168,3.855051279067993,-1.600000023841858
1763596741391,35.1932534723822,-97.43812872256599,328.5027565186302,3.848536252975464,-2.700000047683716
1763596741391,35.19325262484913,-97.43813055211403,328.5099489129678,3.8372952938079834,-4.099999904632568
1763596741391,35.19325174446132,-97.43813246498559,328.5170376488025,3.8286588191986084,-5.199999809265137
1763596741391,35.193250895159885,-97.43813433887065,328.52427333576065,3.8241469860076904,-6.099999904632568
1763596741391,35.19325006009426,-97.43813616934214,328.5308535286865,3.8185486793518066,-7.099999904632568
1763596741391,35.193249205324484,-97.43813803465176,328.53712916445295,3.8107261657714844,-8.100000381469727
1763596741391,35.19324836422345,-97.43813985425703,328.5429427514779,3.805018901824951,-8.899999618530273
1763596741391,35.19324749601618,-97.43814174831473,328.54886840798935,3.804617166519165,-9.800000190734863
1763596741391,35.19324665422759,-97.43814358468339,328.55499552938073,3.8052778244018555,-10.5
1763596741391,35.19324584327886,-97.43814538279042,328.5617921154915,3.8064353466033936,-11.0
1763596742391,35.19324492092468,-97.43814766859273,328.48236435464315,3.8081483840942383,-11.899999618530273
1763596742391,35.19324429660687,-97.43814904539306,328.486776098385,3.803215980529785,-12.600000381469727
1763596742391,35.19324346728266,-97.43815089014416,328.4925313871494,3.8012452125549316,-13.5
1763596742391,35.19324265724486,-97.43815272388235,328.4985541905168,3.8045222759246826,-14.600000381469727
1763596742391,35.19324185138434,-97.43815455696861,328.5051201006968,3.8075366020202637,-15.899999618530273
1763596742391,35.19324101787358,-97.43815642718603,328.5113902191432,3.81086802482605,-17.5
1763596742391,35.19324021287695,-97.43815823574715,328.51775052972977,3.8117740154266357,-18.899999618530273
1763596742391,35.19323942311864,-97.43816002153426,328.5240877136473,3.818087100982666,-20.600000381469727
1763596742391,35.193238617709234,-97.43816185065212,328.5311324624642,3.825448513031006,-22.5
1763596742391,35.19323783719823,-97.43816362633774,328.5373013381013,3.8358612060546875,-24.399999618530273
1763596742391,35.19323702831381,-97.43816547206794,328.54273405063606,3.8423666954040527,-26.200000762939453
1763596742391,35.19323622710575,-97.43816732393704,328.5486581618655,3.84658145904541,-27.5
1763596742391,35.193235392751944,-97.43816928338504,328.55464107793495,3.8570258617401123,-29.0
1763596742391,35.193234612543904,-97.43817112824024,328.5602604158452,3.8701813220977783,-30.799999237060547
1763596742391,35.19323380976166,-97.4381730301428,328.56662988438984,3.8805079460144043,-32.400001525878906
1763596742391,35.19323302688885,-97.43817492222458,328.572100088608,3.8922507762908936,-34.599998474121094
1763596742391,35.19323224615397,-97.43817685873866,328.5777994553888,3.9026272296905518,-37.5
1763596742391,35.19323149089137,-97.43817875517334,328.5829853013652,3.9106180667877197,-40.099998474121094
1763596742391,35.19323070006522,-97.43818076037857,328.58727870882024,3.9232423305511475,-42.599998474121094
1763596743391,35.193229660859046,-97.43818338490851,328.4887744403363,3.9407718181610107,-45.5
1763596743391,35.193229082725175,-97.43818487950344,328.4925883101257,3.9502553939819336,-46.70000076293945
1763596743391,35.19322825565606,-97.43818705245941,328.4982368050719,3.964266300201416,-48.70000076293945
1763596743391,35.193227502337365,-97.43818904949359,328.5035091981696,3.9783854484558105,-50.599998474121094
1763596743391,35.19322674912066,-97.43819107597506,328.5089831021441,3.99180006980896,-52.900001525878906
1763596743391,35.19322601582059,-97.43819308356818,328.51358325610715,4.001734256744385,-54.79999923706055
1763596743391,35.1932252976465,-97.43819507631102,328.5184730283046,4.013128280639648,-57.599998474121094
1763596743391,35.1932245775969,-97.43819710453887,328.5238725674839,4.020428657531738,-60.599998474121094
1763596743391,35.193223866625665,-97.4381991301547,328.5292561081089,4.029699802398682,-63.400001525878906
1763596743391,35.1932231492552,-97.43820123478957,328.53475393973923,4.0363969802856445,-65.5999984741211
1763596743391,35.19322253239174,-97.43820307658063,328.53932380685745,4.053560256958008,-66.9000015258789
1763596743391,35.193221787498466,-97.43820534154274,328.54489791471093,4.0689287185668945,-67.0999984741211
1763596743391,35.19322112225754,-97.43820741413667,328.55052246317854,4.074009418487549,-67.0999984741211
1763596743391,35.19322045562337,-97.43820953761032,328.55646251924475,4.079683780670166,-67.0
1763596743391,35.193219813954926,-97.43821163049662,328.5625819934982,4.084601402282715,-66.69999694824219
1763596743391,35.193219186432245,-97.4382137258393,328.56814911754276,4.090198040008545,-66.69999694824219
1763596743391,35.1932185605355,-97.43821584680198,328.5740237724135,4.101006031036377,-66.69999694824219
1763596743391,35.19321794286784,-97.43821796649225,328.5796533366243,4.1087141036987305,-66.69999694824219
1763596743391,35.19321737372797,-97.43821993810444,328.5843705284594,4.1122307777404785,-66.69999694824219
1763596743391,35.193216708678065,-97.43822228999434,328.5907228782688,4.11907434463501,-67.0999984741211
1763596743391,35.19321617976558,-97.4382242319701,328.5963772077078,4.125688076019287,-67.80000305175781
1763596744391,35.19321564046266,-97.438227715045,328.49635585561856,4.138561725616455,-70.0999984741211
1763596744391,35.19321524868605,-97.43822921481619,328.5011504385262,4.135189056396484,-71.9000015258789
1763596744391,35.193214690227755,-97.43823140434375,328.5068080799766,4.134434223175049,-74.4000015258789
1763596744391,35.19321413713952,-97.4382336049982,328.5122982236323,4.136859893798828,-77.0
1763596744391,35.19321360023051,-97.43823578724785,328.51741893487383,4.144882678985596,-79.0999984741211
1763596744391,35.19321306785413,-97.43823805355223,328.52322022945407,4.155497074127197,-80.5
1763596744391,35.193212577388856,-97.43824022347675,328.52852445649427,4.150622844696045,-81.9000015258789
1763596744391,35.19321208907205,-97.43824247164162,328.5333135031458,4.158161163330078,-82.5999984741211
1763596744391,35.19321162977568,-97.43824468913341,328.538247697339,4.1645827293396,-82.9000015258789
1763596744391,35.193211220705834,-97.43824672143256,328.5425632456392,4.1712822914123535,-83.0
1763596744391,35.19321075404005,-97.4382491598378,328.54723177900246,4.172011375427246,-82.9000015258789
1763596744391,35.19321033496079,-97.43825138786976,328.5516741021551,4.177061557769775,-82.9000015258789
1763596744391,35.19320991044278,-97.43825366991106,328.55587211046054,4.18294620513916,-82.9000015258789
1763596744391,35.19320948707547,-97.43825596760162,328.5599702538577,4.191404342651367,-82.9000015258789
1763596744391,35.193209084979685,-97.43825820910459,328.5644298119893,4.203608989715576,-82.9000015258789
1763596744391,35.19320869360691,-97.43826048414805,328.5692346950918,4.212576866149902,-82.9000015258789
1763596744391,35.19320831399843,-97.43826274705836,328.57458334642456,4.219547748565674,-82.9000015258789
1763596744391,35.19320796063744,-97.43826501006929,328.58000175939924,4.21799373626709,-82.69999694824219
1763596744391,35.19320764715571,-97.43826711013503,328.58445034864803,4.2317118644714355,-82.0
1763596744391,35.19320729891858,-97.4382695802194,328.58885124672594,4.227496147155762,-80.80000305175781
1763596744391,35.19320698561925,-97.4382719289285,328.5934586126949,4.226747989654541,-79.5999984741211
1763596745391,35.193206936466176,-97.4382744866662,328.50482879029175,4.231490135192871,-78.5999984741211
1763596745391,35.193206620347084,-97.43827703165482,328.5088649751813,4.235580921173096,-77.0
1763596745391,35.193206336762586,-97.43827931170959,328.51295448506187,4.23399019241333,-75.80000305175781
1763596745391,35.19320606067576,-97.43828164538462,328.51727529141493,4.230416774749756,-74.19999694824219
1763596745391,35.19320578754206,-97.43828397147281,328.5221869155237,4.222846508026123,-72.0999984741211
1763596745391,35.19320552553184,-97.43828628025723,328.5265900038292,4.203617095947266,-69.19999694824219
1763596745391,35.19320527537964,-97.43828854966382,328.53102417571847,4.1931352615356445,-66.19999694824219
1763596745391,35.19320503467546,-97.43829085021473,328.5351828609358,4.186793327331543,-62.599998474121094
1763596745391,35.19320481608974,-97.43829321655753,328.53985630023203,4.184873580932617,-58.29999923706055
1763596745391,35.19320461146942,-97.43829547952471,328.54348488090204,4.1786603927612305,-54.900001525878906
1763596745391,35.193204415661484,-97.43829776503019,328.54696760908683,4.165990829467773,-50.900001525878906
1763596745391,35.1932042254648,-97.43830006393483,328.55080413897826,4.158429145812988,-47.900001525878906
1763596745391,35.19320403915051,-97.43830233333424,328.5549730189553,4.148777008056641,-45.79999923706055
1763596745391,35.19320385121743,-97.43830458242478,328.55960299367706,4.143641471862793,-44.79999923706055
1763596745391,35.19320365159775,-97.43830690726101,328.56482385632137,4.131237983703613,-43.5
1763596745391,35.1932034346053,-97.43830915319487,328.568742647012,4.123924732208252,-41.599998474121094
1763596745391,35.193203195707085,-97.43831140354361,328.5728734884116,4.109928607940674,-37.0
1763596745391,35.19320299026361,-97.43831366182386,328.57708141558606,4.102400302886963,-32.099998474121094
1763596745391,35.193202811803424,-97.43831583687115,328.58157419638513,4.089044570922852,-27.399999618530273
1763596745391,35.19320264341162,-97.43831801357547,328.5862158730074,4.079041957855225,-24.0
1763596746391,35.19320274508223,-97.43832061842447,328.4870303055115,4.071328163146973,-21.200000762939453
1763596746391,35.19320260352988,-97.43832284458105,328.49190104780706,4.063249111175537,-19.100000381469727
1763596746391,35.19320244146962,-97.4383250586978,328.4972901441391,4.053997993469238,-16.700000762939453
1763596746391,35.19320227950694,-97.43832730363906,328.50266024665865,4.042878150939941,-15.0
1763596746391,35.19320213754888,-97.43832949281895,328.5082174039553,4.029129505157471,-12.5
1763596746391,35.19320197815164,-97.43833169844085,328.51343814259474,4.013952255249023,-10.399999618530273
1763596746391,35.19320181292173,-97.43833387317856,328.51843093835544,4.007857322692871,-8.399999618530273
1763596746391,35.19320163886853,-97.438336074847,328.52333730153924,3.996364116668701,-6.5
1763596746391,35.19320145600905,-97.43833822849759,328.5268201616274,3.9817402362823486,-4.699999809265137
1763596746391,35.19320126057389,-97.4383404345078,328.5303743953376,3.9699974060058594,-2.799999952316284
1763596746391,35.1932010753831,-97.43834258318434,328.53352954556317,3.9570870399475098,-0.8999999761581421
1763596746391,35.1932008855014,-97.43834473605678,328.53781908070346,3.9415576457977295,0.800000011920929
1763596746391,35.19320071124736,-97.43834688242781,328.54262021696206,3.928440570831299,2.700000047683716
1763596746391,35.193200548655355,-97.43834899869546,328.5481519385264,3.9181206226348877,4.300000190734863
1763596746391,35.19320038429454,-97.43835110629078,328.5534912168818,3.899409055709839,6.099999904632568
1763596746391,35.193200219845295,-97.43835318278754,328.5585033135872,3.8748741149902344,7.900000095367432
1763596746391,35.19320006650404,-97.43835521590793,328.56443687820314,3.860701322555542,9.100000381469727
1763596746391,35.19319989803111,-97.43835731352505,328.5712218688178,3.83882212638855,10.699999809265137
1763596746391,35.193199731512095,-97.43835929082574,328.5776297978211,3.81337308883667,12.0
1763596746391,35.19319956241616,-97.43836129709759,328.5831923407172,3.787566900253296,13.100000381469727
1763596747391,35.19319916369817,-97.43836343946711,328.4897114725376,3.7627832889556885,14.199999809265137
1763596747391,35.19319897388229,-97.43836545975047,328.4948783439404,3.7375245094299316,15.100000381469727
1763596747391,35.19319878732179,-97.43836748311337,328.5000934214536,3.7162814140319824,15.800000190734863
1763596747391,35.19319859554808,-97.43836952013818,328.50494803314376,3.694633960723877,16.5
1763596747391,35.19319839572803,-97.4383715468901,328.50912913404557,3.6721115112304688,17.100000381469727
1763596747391,35.19319819850557,-97.43837351931552,328.51303713127146,3.6516287326812744,17.899999618530273
1763596747391,35.193197997624175,-97.43837547732274,328.51731213366645,3.6328577995300293,18.600000381469727
1763596747391,35.19319778770048,-97.43837746243393,328.5221777197949,3.606707811355591,19.5
1763596747391,35.193197589993034,-97.43837937072816,328.526745717003,3.586946725845337,19.899999618530273
1763596747391,35.193197394650745,-97.43838120628216,328.5308367644319,3.5581512451171875,20.299999237060547
1763596747391,35.193197179812664,-97.43838323285021,328.53508531144314,3.5346500873565674,20.399999618530273
1763596747391,35.19319697653181,-97.43838514289297,328.53932776073026,3.51395320892334,20.399999618530273
1763596747391,35.193196762247624,-97.43838703842779,328.54330965760784,3.491109848022461,20.399999618530273
1763596747391,35.19319656072235,-97.43838888821611,328.5476905313543,3.4743170738220215,20.399999618530273
1763596747391,35.19319634503827,-97.43839078273614,328.55190994854723,3.4545352458953857,20.399999618530273
1763596747391,35.19319615343036,-97.43839244868958,328.55572795290755,3.4345314502716064,20.399999618530273
1763596747391,35.19319592307168,-97.43839443898187,328.559644185575,3.4106876850128174,20.399999618530273
1763596747391,35.19319570888224,-97.43839629801116,328.56349070597525,3.393541097640991,20.399999618530273
1763596747391,35.193195492365206,-97.43839806594823,328.5676655671606,3.37345552444458,20.399999618530273
1763596747391,35.193195269539274,-97.43839989612178,328.5724007562464,3.35356068611145,20.399999618530273
1763596748391,35.19319496414334,-97.4384026267912,328.446968719203,3.3290607929229736,20.399999618530273
1763596748391,35.19319475859392,-97.4384042967908,328.44976741032195,3.313365936279297,20.399999618530273
1763596748391,35.19319451229066,-97.43840628114769,328.45341172125205,3.2937262058258057,20.399999618530273
1763596748391,35.19319429557139,-97.4384080308356,328.457272472585,3.27626633644104,20.399999618530273
1763596748391,35.19319406032914,-97.43840988445234,328.46173125260077,3.2565109729766846,20.399999618530273
1763596748391,35.193193838121864,-97.43841161744501,328.46641999748476,3.2291100025177,20.399999618530273
1763596748391,35.193193611428136,-97.43841336910262,328.470637203084,3.207589864730835,20.399999618530273
1763596748391,35.19319338939069,-97.43841510946429,328.4739306396702,3.1899867057800293,20.399999618530273
1763596748391,35.193193171218496,-97.438416828304,328.4774260717052,3.1717567443847656,20.399999618530273
1763596748391,35.19319294433642,-97.438418561529,328.48156186465275,3.1510140895843506,20.399999618530273
1763596748391,35.19319271347169,-97.4384202963651,328.48584231650756,3.133704662322998,20.399999618530273
1763596748391,35.19319248684487,-97.43842198828821,328.4901098246729,3.1159470081329346,20.399999618530273
1763596748391,35.19319225501815,-97.4384236950771,328.49409861770795,3.0991785526275635,20.399999618530273
1763596748391,35.19319202103182,-97.43842535438546,328.497833885317,3.0782628059387207,20.5
1763596748391,35.19319178018132,-97.43842706132934,328.50123797112093,3.059840679168701,20.799999237060547
1763596748391,35.19319155120301,-97.4384286928199,328.5039420272557,3.0407180786132812,21.299999237060547
1763596748391,35.19319131522221,-97.4384303532891,328.50801034273877,3.0183887481689453,21.799999237060547
1763596748391,35.19319107545516,-97.43843203822888,328.5116542024405,2.998483419418335,21.799999237060547
1763596748391,35.19319084906249,-97.43843364370662,328.5159186218855,2.976422071456909,21.799999237060547
1763596748391,35.1931906224254,-97.43843527248511,328.51926918356753,2.956347703933716,21.299999237060547
1763596749391,35.19319026762234,-97.43843701781543,328.4086125959839,2.9357593059539795,20.299999237060547
1763596749391,35.19319003816524,-97.43843857874253,328.4118073998468,2.9181253910064697,19.200000762939453
1763596749391,35.193189803716486,-97.43844014336725,328.4156068685987,2.8984384536743164,17.5
1763596749391,35.19318956934743,-97.438441730322,328.4188654996801,2.8753914833068848,15.699999809265137
1763596749391,35.193189329279,-97.43844331471496,328.4226695078136,2.8529021739959717,14.199999809265137
1763596749391,35.19318909926024,-97.43844484406623,328.4262122815275,2.8304686546325684,12.899999618530273
1763596749391,35.19318886277287,-97.43844638963252,328.42949168881347,2.8108489513397217,11.600000381469727
1763596749391,35.19318863720667,-97.43844790227118,328.43252043009335,2.7928037643432617,10.399999618530273
1763596749391,35.19318840689208,-97.43844942439058,328.4363552443142,2.770766496658325,9.300000190734863
1763596749391,35.193188181890825,-97.43845089944824,328.4396249679336,2.754582166671753,8.5
1763596749391,35.19318795784122,-97.43845235656148,328.4425980425816,2.73152494430542,7.400000095367432
1763596749391,35.193187727530876,-97.4384538699341,328.44512931478414,2.7156505584716797,6.900000095367432
1763596749391,35.19318750509358,-97.43845532790463,328.4481686160839,2.7019119262695312,6.5
1763596749391,35.193187291271066,-97.43845674740622,328.45145313018384,2.685241460800171,6.199999809265137
1763596749391,35.19318706944142,-97.43845822515536,328.4548796474583,2.6653943061828613,6.099999904632568
1763596749391,35.193186849289575,-97.43845966937425,328.45813199145937,2.6443772315979004,5.800000190734863
1763596749391,35.19318663975106,-97.43846111311255,328.46030350818376,2.6264309883117676,5.5
1763596749391,35.19318642978378,-97.43846253630691,328.46282233347995,2.6046478748321533,5.5
1763596749391,35.1931862253448,-97.43846390759464,328.4654713825176,2.585801124572754,5.5
1763596749391,35.19318603351902,-97.43846518565896,328.4684708946168,2.5576205253601074,5.5
1763596750391,35.19318588241315,-97.43846676030249,328.36628956297955,2.5336711406707764,5.5
1763596750391,35.19318570154196,-97.43846797960644,328.3682766828287,2.5136990547180176,5.5
1763596750391,35.19318547929216,-97.4384694657279,328.37034456740065,2.481011152267456,5.5
1763596750391,35.193185292886874,-97.43847069699068,328.372577294861,2.461764335632324,5.5
1763596750391,35.19318508570434,-97.43847204567743,328.37518972797204,2.4352760314941406,5.5
1763596750391,35.19318486819764,-97.43847347740935,328.3784696940044,2.399106502532959,5.5
1763596750391,35.193184679436065,-97.43847474073134,328.381207901052,2.3722591400146484,5.5
1763596750391,35.193184489176076,-97.43847604970317,328.3833891498458,2.3192391395568848,5.5
1763596750391,35.19318429906117,-97.43847732023376,328.385740007824,2.2985589504241943,5.5
1763596750391,35.19318411371436,-97.43847854788801,328.3882942471872,2.262207508087158,5.400000095367432
1763596750391,35.193183926198884,-97.43847977469206,328.3914010778049,2.2197251319885254,5.400000095367432
1763596750391,35.19318374139618,-97.43848099068579,328.393947975571,2.1610190868377686,5.400000095367432
1763596750391,35.1931835635017,-97.43848216373385,328.3961257731596,2.1092240810394287,5.400000095367432
1763596750391,35.19318338712381,-97.43848329851043,328.3981413088416,2.0587377548217773,5.400000095367432
1763596750391,35.193183202544134,-97.43848443965928,328.4005118487872,2.0052289962768555,5.400000095367432
1763596750391,35.193183030883624,-97.43848549854745,328.403113291626,1.9496623277664185,5.400000095367432
1763596750391,35.193182868757425,-97.43848658947225,328.40528274013997,1.8898324966430664,5.400000095367432
1763596750391,35.193182711365644,-97.43848761484745,328.4073336940767,1.831958532333374,5.400000095367432
1763596750391,35.193182562955776,-97.43848863360212,328.40893470422964,1.784895420074463,5.400000095367432
1763596750391,35.193182418655184,-97.43848958275458,328.41060533476514,1.7265697717666626,5.400000095367432
1763596751391,35.19318214625879,-97.4384907725559,328.3185336528358,1.6456971168518066,5.400000095367432
1763596751391,35.193182037438426,-97.43849150085113,328.31994027047296,1.5981653928756714,5.400000095367432
1763596751391,35.193181901821205,-97.43849238595128,328.3220163827081,1.5397950410842896,5.400000095367432
1763596751391,35.19318177347728,-97.43849323727856,328.3236471089255,1.4812859296798706,5.400000095367432
1763596751391,35.193181644316915,-97.43849406266753,328.3256603622991,1.436197280883789,5.400000095367432
1763596751391,35.19318152422821,-97.43849482065838,328.32702148005563,1.3807436227798462,5.400000095367432
1763596751391,35.19318141349504,-97.43849555943774,328.328293909206,1.3143367767333984,5.400000095367432
1763596751391,35.19318130768434,-97.43849628974873,328.3293229589281,1.256704568862915,5.400000095367432
1763596751391,35.193181204552175,-97.43849696730041,328.33036534331865,1.2001546621322632,5.400000095367432
1763596751391,35.19318112060596,-97.43849756173279,328.33129639542756,1.1525092124938965,5.400000095367432
1763596751391,35.193181020571174,-97.43849826242048,328.33258743690203,1.0959001779556274,5.400000095367432
1763596751391,35.1931809317267,-97.43849886574408,328.3337767678625,1.026592493057251,5.400000095367432
1763596751391,35.19318084579847,-97.43849943381072,328.33506148207533,0.9708456993103027,5.400000095367432
1763596751391,35.19318077426245,-97.43849991073698,328.33591833096733,0.9266443252563477,5.400000095367432
1763596751391,35.193180688976206,-97.43850048079476,328.33665126377616,0.8788415789604187,5.400000095367432
1763596751391,35.193180623508034,-97.43850091568002,328.3371160573576,0.8237738013267517,5.400000095367432
1763596751391,35.19318055142824,-97.4385013881516,328.3379557652505,0.7615581154823303,5.400000095367432
1763596751391,35.19318048946784,-97.43850183299092,328.33844084216537,0.7130963802337646,5.400000095367432
1763596751391,35.19318043596017,-97.43850221201001,328.33922894925524,0.6742638349533081,5.400000095367432
1763596751391,35.19318038350749,-97.43850257804435,328.33992364078745,0.6127922534942627,5.400000095367432
1763596752391,35.19318019675071,-97.43850283991628,328.2588758002694,0.5667794346809387,5.400000095367432
1763596752391,35.193180152510806,-97.43850314456293,328.2592541568771,0.5356997847557068,5.400000095367432
1763596752391,35.19318010887545,-97.43850344992185,328.2597828823665,0.4990735948085785,5.400000095367432
1763596752391,35.19318007047836,-97.4385037237075,328.2604041073206,0.46565818786621094,5.400000095367432
1763596752391,35.193180033782205,-97.43850399614202,328.26100706806744,0.4314640760421753,5.400000095367432
1763596752391,35.193179998997266,-97.43850424103698,328.2615049131759,0.40643811225891113,5.400000095367432
1763596752391,35.1931799654491,-97.43850447105379,328.2620233112966,0.3843286633491516,5.400000095367432
1763596752391,35.193179930237896,-97.43850470239467,328.262482277197,0.3638962507247925,5.400000095367432
1763596752391,35.19317990072337,-97.43850489890107,328.2629135577565,0.3426531255245209,5.400000095367432
1763596752391,35.19317987341116,-97.4385051005993,328.26331145427207,0.3234463930130005,5.300000190734863
1763596752391,35.193179851111644,-97.43850527764401,328.2636689160312,0.2724725604057312,5.300000190734863
1763596752391,35.19317982192433,-97.43850556156826,328.2580305539781,0.10998008400201797,5.300000190734863
1763596752391,35.19317978918248,-97.43850593238707,328.2470941198471,-0.009755011647939682,5.300000190734863
1763596752391,35.19317974810004,-97.43850630998776,328.2374544155176,-0.0799938440322876,5.300000190734863
1763596752391,35.1931797038049,-97.43850670091258,328.2274271522688,-0.07806814461946487,5.300000190734863
1763596752391,35.19317965898364,-97.43850708204947,328.21934602863007,-0.059783194214105606,5.300000190734863
1763596752391,35.1931796147623,-97.438507457281,328.2114905336783,-0.033278945833444595,5.300000190734863
1763596752391,35.19317957752921,-97.43850777833481,328.20591799818135,-0.01229232270270586,5.5
1763596752391,35.19317954057606,-97.43850811702715,328.2004386958764,0.0017656378913670778,5.599999904632568
1763596752391,35.193179501057216,-97.43850845557715,328.1956507676472,0.005867571569979191,5.599999904632568
1763596753391,35.19317949497966,-97.4385067327449,328.1374331526749,0.005312221124768257,5.599999904632568
1763596753391,35.19317948801634,-97.43850679894244,328.13486358243847,0.004576748237013817,5.599999904632568
1763596753391,35.19317945801011,-97.43850699910986,328.13337628211696,0.002229994162917137,5.599999904632568
1763596753391,35.19317942669682,-97.43850719605007,328.135540139107,0.0007499019848182797,5.599999904632568
1763596753391,35.193179410793114,-97.43850729377137,328.13914143447255,-9.782399138202891e-05,5.599999904632568
1763596753391,35.19317938912593,-97.43850742089838,328.14295442799,-0.0003946703509427607,5.599999904632568
1763596753391,35.19317936524136,-97.43850755092579,328.1453806704177,-0.0004571971367113292,5.599999904632568
1763596753391,35.19317934032684,-97.43850770659628,328.1471253106392,-0.0003500121529214084,5.599999904632568
1763596753391,35.19317931719763,-97.43850787768969,328.1469777040544,-0.00020212720846757293,5.599999904632568
1763596753391,35.19317929688295,-97.43850803762825,328.1465088075049,-8.021957910386845e-05,5.599999904632568
1763596753391,35.193179277099595,-97.43850817925826,328.1471680802757,-4.998893473384669e-06,5.599999904632568
1763596753391,35.19317926119045,-97.43850829249953,328.14869682800725,3.128105163341388e-05,5.599999904632568
1763596753391,35.19317924387906,-97.43850840338756,328.15043168800446,3.3448406611569226e-05,5.599999904632568
1763596753391,35.19317922289123,-97.43850852285622,328.15185446574367,2.4584845959907398e-05,5.599999904632568
1763596753391,35.19317920398606,-97.43850863069625,328.152108875984,1.3630679859488737e-05,5.599999904632568
1763596753391,35.193179184669056,-97.43850878547335,328.15200087684207,4.9930517889151815e-06,5.599999904632568
1763596753391,35.19317916716255,-97.43850890929045,328.15215332428164,6.210880201251712e-07,5.599999904632568
1763596753391,35.193179151646,-97.43850902507315,328.15301645517724,-2.272146730319946e-06,5.599999904632568
1763596753391,35.19317913767951,-97.43850912379123,328.1541028640284,-2.565049726399593e-06,5.599999904632568
1763596753391,35.193179122328935,-97.4385092296636,328.1549819274555,-2.040688059423701e-06,5.599999904632568
1763596754391,35.19317903291245,-97.43850792131025,328.10011293268377,-6.382315973496588e-07,5.599999904632568
1763596754391,35.19317902840169,-97.43850796061223,328.09984031764617,-4.045256787321705e-07,5.599999904632568
1763596754391,35.19317901252704,-97.43850807498444,328.0996189042397,-6.497549609463249e-09,5.599999904632568
1763596754391,35.19317899773182,-97.4385081874669,328.0998030977659,1.6438724514955538e-07,5.599999904632568
1763596754391,35.193178985785565,-97.43850829086661,328.1001942726522,1.888534484351112e-07,5.599999904632568
1763596754391,35.19317897384009,-97.43850838393776,328.10050571236457,1.4400069403563975e-07,5.599999904632568
1763596754391,35.19317896059142,-97.43850848392272,328.10069030944334,8.283784325158194e-08,5.699999809265137
1763596754391,35.19317894769876,-97.43850858535193,328.10072030593983,3.2640723901522506e-08,5.699999809265137
1763596754391,35.19317893213646,-97.43850869562148,328.100515655355,1.7818907460664946e-09,5.699999809265137
1763596754391,35.19317891850228,-97.43850878942675,328.1005016880901,-1.0225703839239486e-08,5.699999809265137
1763596754391,35.193178907013184,-97.43850886723342,328.10065351379984,-1.4300868045324933e-08,5.699999809265137
1763596754391,35.19317889425132,-97.4385089502115,328.10082289667565,-1.1847964387357024e-08,5.699999809265137
1763596754391,35.193178884453346,-97.43850902169231,328.1009581145307,-7.341025121121447e-09,5.699999809265137
1763596754391,35.19317887318011,-97.4385091164668,328.1009236788273,-2.6241282480299333e-09,5.699999809265137
1763596754391,35.193178864895216,-97.43850920537749,328.1005476283494,-2.34523733766423e-10,5.800000190734863
1763596754391,35.19317885321254,-97.4385093073493,328.1002787780021,8.485899760657389e-10,6.0
1763596754391,35.19317883952127,-97.43850940719894,328.10019773200617,1.0602156930161755e-09,6.099999904632568
1763596754391,35.19317882925304,-97.43850947786788,328.10033362661886,9.013285673376004e-10,6.099999904632568
1763596754391,35.19317882125558,-97.4385095562505,328.10041522715653,5.007453895977676e-10,6.099999904632568
1763596754391,35.193178808443356,-97.43850963966356,328.10030183513135,2.6052551782562716e-10,6.099999904632568
1763596755391,35.19317883661076,-97.43850848156781,328.0520137201952,-3.615586649519109e-11,6.099999904632568
1763596755391,35.19317883292862,-97.43850850350421,328.0517164007452,-4.9800469303917794e-11,6.199999809265137
1763596755391,35.193178819430464,-97.43850859962365,328.05157703947845,-7.91810020328576e-11,6.400000095367432
1763596755391,35.193178809442514,-97.43850868047232,328.0513886996974,-6.849402989228537e-11,6.699999809265137
1763596755391,35.19317880355229,-97.43850876264753,328.05133444632105,-3.8858492812376966e-11,7.0
1763596755391,35.1931787931768,-97.43850885344105,328.0511739138073,-2.064283986802362e-11,7.099999904632568
1763596755391,35.19317878270547,-97.43850893637386,328.050927286207,-4.7214315790355954e-12,7.099999904632568
1763596755391,35.1931787718353,-97.43850902441642,328.0506199926001,4.280748498730613e-12,7.099999904632568
1763596755391,35.193178760142644,-97.43850911558285,328.05035535708095,5.915130364686494e-12,7.099999904632568
1763596755391,35.19317874958956,-97.4385091924875,328.0501539918289,4.878827376819661e-12,7.099999904632568
1763596755391,35.19317873732443,-97.43850927272116,328.0500240334799,3.0117954571279304e-12,7.099999904632568
1763596755391,35.193178729135475,-97.43850934322637,328.04977402983644,1.3381850965873965e-12,7.099999904632568
1763596755391,35.19317871947298,-97.4385094297237,328.04949193294067,4.0768723032907905e-13,7.099999904632568
1763596755391,35.19317871194772,-97.43850951131706,328.0491863619441,-2.31384491644962e-13,7.099999904632568
1763596755391,35.19317870400151,-97.43850959056259,328.04879676699903,-4.3502427680107425e-13,7.099999904632568
1763596755391,35.193178694961325,-97.43850966923135,328.04848253745206,-3.712397143168511e-13,7.400000095367432
1763596755391,35.19317868465249,-97.43850974415926,328.04823381687964,-2.3315724351213873e-13,7.5
1763596755391,35.19317867507369,-97.43850981576726,328.04805342294713,-1.063349305526276e-13,7.699999809265137
1763596755391,35.19317866547307,-97.43850988575551,328.0477548104219,-2.138891853616185e-14,7.699999809265137
1763596755391,35.19317865526326,-97.43850997417637,328.04746880080774,2.0931508886183267e-14,7.699999809265137
1763596756391,35.19317862862386,-97.43850925327719,328.00106349432946,3.2216857491235845e-14,7.699999809265137
1763596756391,35.193178624191525,-97.43850929733252,328.00070907087377,2.8217914997360517e-14,7.699999809265137
1763596756391,35.193178616737484,-97.43850937941905,328.00045014393373,1.802885064275308e-14,7.699999809265137
1763596756391,35.193178606198515,-97.43850944505611,328.0001493201099,1.014108078517843e-14,7.699999809265137
1763596756391,35.193178592610714,-97.43850952013123,327.9999163383456,1.888505060407904e-15,7.800000190734863
1763596756391,35.19317857982834,-97.43850959343627,327.9996247068114,-1.4409212043757069e-15,7.900000095367432
1763596756391,35.19317856680434,-97.43850966912335,327.99923345049916,-2.432968945057022e-15,7.900000095367432
1763596756391,35.193178553390155,-97.43850974910717,327.99894217388623,-2.1424986893121833e-15,7.900000095367432
1763596756391,35.19317854129427,-97.43850981543777,327.99857342129945,-1.5513120437760444e-15,7.900000095367432
1763596756391,35.19317852929064,-97.43850988797095,327.99826668261136,-7.971708705065183e-16,7.900000095367432
1763596756391,35.193178516462076,-97.43850996491321,327.997963886899,-2.438237278230707e-16,7.900000095367432
1763596756391,35.19317850920941,-97.43851003365933,327.99763691150866,9.784214554843862e-17,7.900000095367432
1763596756391,35.19317850246272,-97.43851010712173,327.99724686870064,1.8023196168434564e-16,7.900000095367432
1763596756391,35.19317849367724,-97.4385101819203,327.99677755054745,1.6249268301889684e-16,7.900000095367432
1763596756391,35.19317848499222,-97.43851025453345,327.996362013126,1.0743202096668029e-16,7.900000095367432
1763596756391,35.193178478199115,-97.4385103131155,327.9959909317428,5.263176860618524e-17,7.900000095367432
1763596756391,35.19317846862212,-97.43851037484855,327.9956481737848,2.018103807872776e-17,7.900000095367432
1763596756391,35.1931784605383,-97.43851044771829,327.9952876826075,-6.528835658846316e-18,7.900000095367432
1763596756391,35.19317845417747,-97.43851051377273,327.9948582796197,-1.3566281515294337e-17,8.0
1763596756391,35.193178449079056,-97.43851057776969,327.99441138707255,-1.2309942230155935e-17,8.0
1763596757391,35.193178394967404,-97.43851004159076,327.94928649574666,-5.700081335177906e-18,8.0
1763596757391,35.193178396355776,-97.43851004789543,327.9490463071548,-4.901009147020043e-18,8.0
1763596757391,35.193178388575774,-97.43851011306646,327.94866351932404,-1.6592483115625952e-18,8.0
1763596757391,35.19317838282702,-97.43851017577909,327.94824661645765,2.0238587980774008e-19,8.100000381469727
1763596757391,35.19317837777533,-97.4385102338421,327.9477574989189,9.825003161721097e-19,8.100000381469727
1763596757391,35.19317836913743,-97.43851030742111,327.94742259034405,9.70904484755035e-19,8.100000381469727
1763596757391,35.19317836174791,-97.43851036888259,327.94694458482746,7.027717695456515e-19,8.199999809265137
1763596757391,35.19317835616267,-97.43851043790475,327.94650832264836,3.260675664331968e-19,8.199999809265137
1763596757391,35.193178351235304,-97.43851049963313,327.9460734851409,1.3563396826305635e-19,8.199999809265137
1763596757391,35.19317834504198,-97.43851056074946,327.94564888290705,-2.6893897073737844e-20,8.199999809265137
1763596757391,35.19317833929461,-97.43851061641827,327.945232674413,-7.227586244940406e-20,8.199999809265137
1763596757391,35.193178331753714,-97.43851068861248,327.9447167305503,-7.040212387856099e-20,8.199999809265137
1763596757391,35.19317832387343,-97.43851075314694,327.9442853683708,-4.901387633849074e-20,8.199999809265137
1763596757391,35.19317831689975,-97.43851081663762,327.9438534526819,-2.994404480317044e-20,8.199999809265137
1763596757391,35.19317831236517,-97.43851087206,327.94338024725727,-8.167860864922759e-21,8.199999809265137
1763596757391,35.19317830710757,-97.43851094020616,327.9429014241674,1.6207602438953564e-21,8.300000190734863
1763596757391,35.19317830132795,-97.43851099329625,327.94244976960385,5.302478950264228e-21,8.399999618530273
1763596757391,35.1931782958558,-97.43851106166693,327.94188153097815,5.3145813134842174e-21,8.399999618530273
1763596758391,35.19317820669095,-97.43851088444765,327.90001853162704,2.6804807944620035e-21,8.399999618530273
1763596758391,35.19317820640439,-97.43851089689745,327.89968977607634,2.0060715149286053e-21,8.399999618530273
1763596758391,35.19317819994406,-97.4385109586007,327.8992217453144,8.93175630411212e-22,8.399999618530273
1763596758391,35.19317819405922,-97.43851101361717,327.8987273720907,-9.043657296368551e-23,8.399999618530273
1763596758391,35.193178184751126,-97.43851107580383,327.8982701603813,-3.8786990666945346e-22,8.399999618530273
1763596758391,35.19317817640233,-97.43851113198978,327.8977378783479,-4.006936547882752e-22,8.399999618530273
1763596758391,35.193178167412576,-97.43851119053275,327.8972406212417,-2.8893443030284265e-22,8.399999618530273
1763596758391,35.19317815914057,-97.43851125157882,327.8967430303428,-1.5697283144438553e-22,8.399999618530273
1763596758391,35.19317815250253,-97.43851130877597,327.8962277470732,-7.202932415569463e-23,8.399999618530273
1763596758391,35.19317814501012,-97.43851137312635,327.8957537049757,4.3428954311297005e-24,8.399999618530273
1763596758391,35.19317814016049,-97.43851142460112,327.8951742641639,2.5698849504851547e-23,8.399999618530273
1763596758391,35.193178135475165,-97.43851148643665,327.8947308540616,3.092312344816658e-23,8.399999618530273
1763596758391,35.19317813228318,-97.4385115333828,327.89428745454984,2.2149150558477953e-23,8.399999618530273
1763596758391,35.19317812646614,-97.43851159224175,327.8938783785148,1.2264485180065299e-23,8.399999618530273
1763596758391,35.193178122698946,-97.43851164896746,327.8933367070506,5.7878432737530704e-24,8.399999618530273
1763596758391,35.19317811648328,-97.43851171109002,327.8927618542808,-1.3473646886156893e-25,8.399999618530273
1763596758391,35.193178113011996,-97.43851176068588,327.8921962157218,-2.0547542828686743e-24,8.399999618530273
1763596758391,35.19317810895786,-97.43851181257406,327.8917042256507,-2.3147245774756165e-24,8.399999618530273
1763596758391,35.193178102135555,-97.4385118732727,327.8913062989862,-1.839062553656561e-24,8.399999618530273
1763596758391,35.19317809865365,-97.43851192636079,327.8908031482696,-1.0991896148269347e-24,8.399999618530273
1763596759391,35.19317803283612,-97.43851155029148,327.8457113965102,-1.2020954598811743e-25,8.399999618530273
1763596759391,35.19317803180419,-97.43851157017036,327.8452768337373,-4.821219718755433e-27,8.5
1763596759391,35.193178028565434,-97.43851162503677,327.8446912724907,1.4870152555527678e-25,8.5
1763596759391,35.19317802348292,-97.43851168061484,327.8441991753652,1.7038469873805385e-25,8.5
1763596759391,35.19317801817655,-97.43851173620435,327.84367710333976,1.2975254426999573e-25,8.5
1763596759391,35.193178013345374,-97.43851178639558,327.84314605096677,7.454917362125312e-26,8.5
1763596759391,35.19317800804512,-97.43851183981133,327.84265078620575,2.9306623281731864e-26,8.5
1763596759391,35.19317800214416,-97.43851189522192,327.8421213162212,1.5264993924551118e-27,8.5
1763596759391,35.193177995311466,-97.43851195113261,327.8415912814263,-1.0714153969944254e-26,8.5
1763596759391,35.19317799164021,-97.43851199997881,327.8410069990565,-1.2777058363092243e-26,8.5
1763596759391,35.19317799010419,-97.43851204646771,327.8405372183778,-9.915559414784309e-27,8.5
1763596759391,35.19317798579028,-97.43851209900822,327.83999794834114,-6.60887328573951e-27,8.5
1763596759391,35.193177981757394,-97.43851214890661,327.8394860475502,-2.3566466504869472e-27,8.5
1763596759391,35.19317797686407,-97.43851219749075,327.8389356647352,-2.0527338941494206e-28,8.5
1763596759391,35.19317797166249,-97.4385122523313,327.8384226540551,7.681425693995203e-28,8.699999809265137
1763596759391,35.1931779675603,-97.43851230195489,327.8378901066134,9.567266925107532e-28,8.800000190734863
1763596759391,35.19317796376451,-97.43851235043653,327.83733439983064,7.56946560853814e-28,8.899999618530273
1763596759391,35.19317796220108,-97.43851239556938,327.83681551522426,4.507210033943213e-28,8.899999618530273
1763596759391,35.19317795836757,-97.43851243810849,327.8362742846172,2.3415675338391188e-28,8.899999618530273
1763596759391,35.193177954792944,-97.4385124830853,327.8357401005523,2.2461275337772124e-29,8.899999618530273
1763596760391,35.19317794471189,-97.43851215699044,327.7878596233096,-6.19203750304685e-29,8.899999618530273
1763596760391,35.19317794267118,-97.43851218545835,327.78746356225287,-7.152750340911751e-29,8.899999618530273
1763596760391,35.19317793885206,-97.43851223480996,327.78692311968933,-6.17446760527607e-29,8.899999618530273
1763596760391,35.19317793502311,-97.43851228214203,327.7864330162739,-3.9547912146522475e-29,8.899999618530273
1763596760391,35.1931779309381,-97.43851233408338,327.7858389134031,-1.855636360219363e-29,8.899999618530273
1763596760391,35.19317792582813,-97.43851238247494,327.78535036490723,-2.2338000022687266e-30,8.899999618530273
1763596760391,35.19317792091044,-97.43851243836271,327.7847373245411,3.878412143249942e-30,8.899999618530273
1763596760391,35.193177917179504,-97.4385124899133,327.78420307428416,5.338930960304811e-30,8.899999618530273
1763596760391,35.193177912300385,-97.43851253728754,327.78365739785585,4.3973528382905056e-30,8.899999618530273
1763596760391,35.19317790935322,-97.43851258188329,327.78308423602425,3.054061652984384e-30,8.899999618530273
1763596760391,35.19317790584677,-97.43851262583034,327.78255664850275,1.2024985593657616e-30,8.899999618530273
1763596760391,35.19317790178252,-97.43851267439437,327.78194495323413,2.1016929160074964e-31,8.899999618530273
1763596760391,35.193177898490504,-97.43851271815649,327.78144704624367,-2.7260252371981524e-31,8.899999618530273
1763596760391,35.19317789469628,-97.43851277020345,327.78090611987466,-3.978282895612188e-31,8.899999618530273
1763596760391,35.19317789146321,-97.4385128135385,327.780374671059,-3.346278592991455e-31,8.899999618530273
1763596760391,35.193177887818415,-97.4385128590235,327.7798166086359,-2.3558543078614986e-31,8.899999618530273
1763596760391,35.19317788483881,-97.43851290084714,327.7792376495733,-1.157910365927207e-31,8.899999618530273
1763596760391,35.19317788316602,-97.43851294734138,327.77865218203,-3.106281437867121e-32,8.899999618530273
1763596760391,35.1931778779886,-97.43851299910266,327.77804790088777,2.2879698617498168e-32,8.899999618530273
1763596760391,35.1931778761331,-97.43851303286611,327.7775655377143,2.9590795700382247e-32,8.899999618530273
1763596761391,35.193177826342556,-97.43851271184613,327.73387884944367,2.1958551856835053e-32,8.899999618530273
1763596761391,35.19317782441288,-97.43851273033812,327.7335189915111,1.6233050951133798e-32,8.899999618530273
1763596761391,35.19317782226034,-97.43851277247867,327.73300760838146,9.119779047267012e-33,8.899999618530273
1763596761391,35.19317781988659,-97.43851281545322,327.7324332310663,2.6172343150149845e-33,8.899999618530273
1763596761391,35.19317781563229,-97.43851286176177,327.73182674148063,-1.3082091323980623e-33,8.899999618530273
1763596761391,35.193177813457375,-97.43851290359355,327.7312974427101,-2.1401794018589446e-33,8.899999618530273
1763596761391,35.19317780851377,-97.43851294757592,327.73076930657527,-2.036879346031582e-33,8.899999618530273
1763596761391,35.19317780542829,-97.43851299026528,327.73024426416146,-1.3972320746507189e-33,8.800000190734863
1763596761391,35.193177801166065,-97.43851303529992,327.7296895334536,-7.169747336090592e-34,8.800000190734863
1763596761391,35.19317779704331,-97.43851308336745,327.7291305308822,-2.1845272221311194e-34,8.800000190734863
1763596761391,35.193177792889436,-97.43851312920467,327.7285767100431,8.892303097255519e-35,8.800000190734863
1763596761391,35.19317778966378,-97.43851317086965,327.72805034648957,1.6276041718279246e-34,8.800000190734863
1763596761391,35.193177785712436,-97.43851321949916,327.7275324682043,1.4650063264322058e-34,8.800000190734863
1763596761391,35.19317778208401,-97.4385132645593,327.7269920981901,1.0743108047160042e-34,8.800000190734863
1763596761391,35.19317777955948,-97.43851331078747,327.72643193296244,5.626976663016093e-35,8.800000190734863
1763596761391,35.19317777536623,-97.43851335864002,327.7259338048358,1.8090043019126603e-35,8.800000190734863
1763596761391,35.19317777221337,-97.43851340462719,327.72538461151834,-3.4106623488533266e-36,8.800000190734863
1763596761391,35.1931777671084,-97.4385134500791,327.7248652064394,-1.1541238721339161e-35,8.800000190734863
1763596761391,35.193177764237326,-97.43851348893796,327.7243435725094,-1.161727133750984e-35,8.800000190734863
1763596761391,35.19317776149386,-97.43851353120046,327.72380689761263,-7.456378633076182e-36,8.800000190734863
1763596762391,35.19317779698957,-97.43851322215589,327.675458227482,-3.728760059797417e-36,8.800000190734863
1763596762391,35.193177793443716,-97.43851326919678,327.6749063263974,-1.0555177322751956e-36,8.800000190734863
1763596762391,35.193177789474376,-97.43851331398882,327.67434214492243,3.8815761190663484e-37,8.800000190734863
1763596762391,35.1931777870632,-97.43851335333616,327.67381407292794,8.438477652863336e-37,8.800000190734863
1763596762391,35.193177783261575,-97.43851340188375,327.67322556519974,8.399456535306361e-37,8.800000190734863
1763596762391,35.19317777913022,-97.43851344700447,327.672695469214,6.331075430129695e-37,8.800000190734863
1763596762391,35.1931777754279,-97.43851349120365,327.67218571284,3.4491836176428827e-37,8.800000190734863
1763596762391,35.19317777178226,-97.43851354013813,327.6716320793456,1.2167740251921223e-37,8.800000190734863
1763596762391,35.19317776764273,-97.43851358808556,327.67109090509973,-8.691189387373953e-39,8.800000190734863
1763596762391,35.193177764711805,-97.43851363426171,327.6705166158147,-6.530170794902194e-38,8.800000190734863
1763596762391,35.19317776201166,-97.43851367057604,327.6700150630478,-6.592842467420657e-38,8.800000190734863
1763596762391,35.193177758964254,-97.43851371651093,327.6694481217086,-4.414822200940937e-38,8.800000190734863
1763596762391,35.19317775659574,-97.43851375523492,327.6689014833657,-1.933958915545195e-38,8.800000190734863
1763596762391,35.19317775201387,-97.43851380151855,327.6683399342968,-9.899402936299454e-39,8.800000190734863
1763596762391,35.193177748131504,-97.43851384831495,327.6677468518827,2.321741360616573e-40,8.800000190734863
1763596762391,35.19317774348771,-97.4385138972314,327.6672399159383,4.465660748707256e-39,8.800000190734863
1763596762391,35.19317773852641,-97.43851394492735,327.66671407772,4.9567878344838176e-39,8.800000190734863
1763596762391,35.19317773592114,-97.43851398390991,327.666274216308,3.715429372981642e-39,8.800000190734863
1763596762391,35.1931777315219,-97.43851403349987,327.6657734374611,1.804620188326786e-39,8.800000190734863
1763596763391,35.19317779872356,-97.43851371122,327.6203352715603,-1.6551997330758307e-40,8.800000190734863
1763596763391,35.19317779636627,-97.43851374535863,327.61984728018655,-3.229810791468341e-40,8.800000190734863
1763596763391,35.193177793441144,-97.43851379074778,327.6193885038312,-3.721596487523136e-40,8.800000190734863
1763596763391,35.19317779001093,-97.43851382942078,327.6188495331463,-2.8418192726660858e-40,8.800000190734863
1763596763391,35.19317778626894,-97.43851387504974,327.618289048899,-1.4122426053311939e-40,8.800000190734863
1763596763391,35.19317778220664,-97.43851392036288,327.617729646345,-4.936634359969898e-41,8.800000190734863
1763596763391,35.19317777852029,-97.43851396633067,327.6172403718385,4.0721733373279184e-42,8.800000190734863
1763596763391,35.193177775062885,-97.43851400704115,327.6166592684133,2.3255949313934664e-41,8.800000190734863
1763596763391,35.193177771320116,-97.43851405051612,327.6161303541438,2.790265502163576e-41,8.800000190734863
1763596763391,35.19317776644191,-97.43851409745666,327.61553857314055,1.9954490131985395e-41,8.800000190734863
1763596763391,35.19317776370502,-97.43851413179806,327.6150013193844,1.1035225406557934e-41,8.800000190734863
1763596763391,35.19317776083178,-97.43851417480805,327.61442870758907,5.1974160041807465e-42,8.800000190734863
1763596763391,35.19317775772784,-97.43851421515767,327.61386337261,-1.3312335411085762e-43,8.800000190734863
1763596763391,35.19317775526101,-97.43851425346233,327.6133937504002,-1.6661438740822075e-42,8.800000190734863
1763596763391,35.1931777513608,-97.43851430026254,327.6128350013764,-2.0893360103083023e-42,8.800000190734863
1763596763391,35.19317774841142,-97.43851434326963,327.6123392923241,-1.6577360832962586e-42,8.800000190734863
1763596763391,35.193177745072056,-97.43851438477766,327.61176448684085,-9.893167158133209e-43,8.800000190734863
1763596763391,35.19317774042829,-97.43851443241645,327.6112584445748,-4.161856439044707e-43,8.800000190734863
1763596763391,35.193177736533656,-97.43851447348997,327.61071147029605,-2.802596928649634e-45,8.800000190734863
1763596763391,35.193177734290316,-97.43851451116693,327.6101853779088,1.3452465257518244e-43,8.800000190734863
1763596764391,35.1931777953387,-97.4385140892707,327.56854003391544,1.4293244336113134e-43,8.800000190734863
1763596764391,35.19317779477651,-97.43851411275621,327.568232439131,1.1630777253895982e-43,8.800000190734863
1763596764391,35.19317779123832,-97.43851415579304,327.567749347784,7.707141553786494e-44,8.800000190734863
1763596764391,35.193177789137174,-97.43851419450584,327.56718838540246,3.363116314379561e-44,8.800000190734863
1763596764391,35.19317778683649,-97.4385142314695,327.56666633601225,5.605193857299268e-45,8.800000190734863
1763596764391,35.193177782268286,-97.43851427850458,327.5661228180955,-9.80908925027372e-45,8.800000190734863
1763596764391,35.19317777841869,-97.43851431791421,327.5656483430111,-1.1210387714598537e-44,8.800000190734863
1763596764391,35.193177774316624,-97.4385143582625,327.5650957278452,-9.80908925027372e-45,8.800000190734863
1763596764391,35.19317776997097,-97.43851440090475,327.5645612895845,-5.605193857299268e-45,8.800000190734863
1763596764391,35.19317776771229,-97.43851443906662,327.56399654688795,-2.802596928649634e-45,8.800000190734863
1763596764391,35.19317776576455,-97.43851447747443,327.56342170833983,-0.0,8.800000190734863
1763596764391,35.193177762306284,-97.43851451946325,327.56293412188785,0.0,8.800000190734863
1763596764391,35.19317775953335,-97.43851455618456,327.5623365338428,1.401298464324817e-45,8.800000190734863
1763596764391,35.19317775736974,-97.43851459754316,327.5617798869893,0.0,8.800000190734863
1763596764391,35.1931777543513,-97.43851463693194,327.56117088969165,0.0,8.800000190734863
1763596764391,35.193177751355535,-97.43851467605325,327.5606540924456,0.0,8.800000190734863
1763596764391,35.193177747753886,-97.43851471733365,327.56014445581076,0.0,8.800000190734863
1763596764391,35.19317774412357,-97.43851475561539,327.5596397494976,-0.0,8.800000190734863
1763596764391,35.19317773977362,-97.43851479733044,327.55910498095346,-0.0,8.800000190734863
1763596764391,35.19317773648774,-97.43851484077334,327.5585433453071,-0.0,8.800000190734863
1763596765391,35.193177777412075,-97.43851430133654,327.5164453803205,-0.0,8.800000190734863
1763596765391,35.19317777660561,-97.43851432017574,327.51614402009466,-0.0,8.800000190734863
1763596765391,35.193177774130596,-97.4385143560347,327.51562809470346,-0.0,8.800000190734863
1763596765391,35.19317777077745,-97.43851439924698,327.51508062115124,0.0,8.800000190734863
1763596765391,35.19317776754319,-97.43851443974452,327.5144870451115,0.0,8.800000190734863
1763596765391,35.193177764974806,-97.43851448087558,327.51390391001433,0.0,8.800000190734863
1763596765391,35.19317776309576,-97.4385145120988,327.5134539161595,0.0,8.800000190734863
1763596765391,35.193177760569526,-97.43851455345239,327.51283917024136,0.0,8.800000190734863
1763596765391,35.19317775768414,-97.43851459034023,327.51225797107014,0.0,8.800000190734863
1763596765391,35.193177754662635,-97.43851462715165,327.51171992224937,-0.0,8.800000190734863
1763596765391,35.193177750858105,-97.43851466564998,327.5111624979041,-0.0,8.800000190734863
1763596765391,35.19317774745621,-97.43851470230858,327.5106479626492,-0.0,8.899999618530273
1763596765391,35.19317774466084,-97.43851473464095,327.5101008313642,-0.0,9.0
1763596765391,35.19317774088484,-97.43851477450193,327.50953329778207,-0.0,9.0
1763596765391,35.19317773709894,-97.43851481598173,327.509021563952,-0.0,9.0
1763596765391,35.19317773516483,-97.43851485011733,327.5084642255571,0.0,9.0
1763596765391,35.193177733144616,-97.43851488461047,327.50792038656687,0.0,9.0
1763596765391,35.193177731018764,-97.43851492429313,327.5073811476125,0.0,9.0
1763596765391,35.19317772788181,-97.43851496093893,327.5068523714016,0.0,9.0
1763596765391,35.19317772591161,-97.43851499572192,327.50624550091135,0.0,9.0
1763596766391,35.193177903208685,-97.43851442409738,327.4628047281214,-0.0,9.0
1763596766391,35.193177902190975,-97.43851443703491,327.4625987419147,-0.0,9.0
1763596766391,35.19317790019892,-97.43851447207314,327.4621069920904,-0.0,9.0
1763596766391,35.19317789801799,-97.43851451038654,327.4616219725994,-0.0,8.899999618530273
1763596766391,35.19317789622382,-97.43851454540618,327.46105231510074,-0.0,8.899999618530273
1763596766391,35.19317789391688,-97.43851457874572,327.46053350026136,-0.0,8.899999618530273
1763596766391,35.19317789003477,-97.43851461721508,327.46003085735674,-0.0,8.899999618530273
1763596766391,35.1931778881463,-97.43851465698236,327.45945152935514,0.0,8.899999618530273
1763596766391,35.19317788323663,-97.43851469357256,327.45889586768953,0.0,8.899999618530273
1763596766391,35.19317787782534,-97.43851472823206,327.45836354705045,0.0,8.899999618530273
1763596766391,35.19317787345876,-97.43851476386253,327.4578784789286,0.0,8.899999618530273
1763596766391,35.19317787003254,-97.4385147991902,327.4573300441096,0.0,8.899999618530273
1763596766391,35.19317786426777,-97.438514838807,327.4568413886095,0.0,8.899999618530273
1763596766391,35.19317785918855,-97.43851487207118,327.45628027689673,-0.0,8.899999618530273
1763596766391,35.19317785421715,-97.43851490511638,327.45577815932944,-0.0,8.899999618530273
1763596766391,35.19317785115586,-97.43851493807672,327.45523589146904,-0.0,8.899999618530273
1763596766391,35.193177848510004,-97.43851497466665,327.45466364801956,-0.0,8.899999618530273
1763596766391,35.19317784578648,-97.43851501620952,327.45402388289114,-0.0,8.899999618530273
1763596766391,35.193177843374535,-97.43851504059911,327.4535934096169,-0.0,8.899999618530273
1763596766391,35.1931778406483,-97.43851507436146,327.45303448388063,0.0,8.899999618530273
1763596767391,35.193178108546256,-97.43851439457468,327.4068683243553,0.0,8.899999618530273
1763596767391,35.19317810794005,-97.43851440957705,327.40665309371826,0.0,8.899999618530273
1763596767391,35.19317810507073,-97.43851444570605,327.40611385617603,0.0,8.899999618530273
1763596767391,35.19317810242879,-97.43851447865595,327.4055562170798,0.0,8.899999618530273
1763596767391,35.19317810049106,-97.43851451147309,327.40503206418447,0.0,8.899999618530273
1763596767391,35.19317809778762,-97.4385145473113,327.4044997274061,-0.0,8.899999618530273
1763596767391,35.193178096685706,-97.43851457873447,327.4040154987949,-0.0,8.899999618530273
1763596767391,35.19317809405249,-97.43851461194633,327.40359481503987,-0.0,8.899999618530273
1763596767391,35.193178090054694,-97.43851464251779,327.40304734149527,-0.0,8.899999618530273
1763596767391,35.19317808758536,-97.43851467514185,327.40246725574104,-0.0,8.899999618530273
1763596767391,35.193178085993324,-97.43851470513121,327.40194794796247,-0.0,8.899999618530273
1763596767391,35.19317808455079,-97.43851473902635,327.401428190183,0.0,8.899999618530273
1763596767391,35.19317808302764,-97.43851476831355,327.40091651838344,0.0,8.899999618530273
1763596767391,35.19317808015997,-97.4385148036638,327.40052994335304,0.0,8.899999618530273
1763596767391,35.19317807963937,-97.43851483101193,327.40001763917223,0.0,8.899999618530273
1763596767391,35.19317807715545,-97.43851486636788,327.39946601562184,0.0,8.899999618530273
1763596767391,35.19317807575257,-97.43851489584424,327.39897747006944,0.0,8.899999618530273
1763596767391,35.193178072960116,-97.43851492715277,327.398463270762,0.0,8.899999618530273
1763596767391,35.193178070948285,-97.4385149541631,327.3979565046279,-0.0,8.899999618530273
1763596767391,35.193178069335566,-97.43851498302213,327.3974590892814,-0.0,8.899999618530273
1763596768391,35.19317845949592,-97.43851421958148,327.3499063884044,-0.0,8.899999618530273
1763596768391,35.19317845693182,-97.43851425092859,327.34933865135,-0.0,8.899999618530273
1763596768391,35.193178454863116,-97.43851427812281,327.3488696566564,-0.0,8.899999618530273
1763596768391,35.19317845392352,-97.43851431054598,327.3483274127965,-0.0,8.899999618530273
1763596768391,35.19317845138598,-97.43851434479605,327.3477743406508,0.0,8.899999618530273
1763596768391,35.19317844986205,-97.43851437449335,327.34723057282446,0.0,8.899999618530273
1763596768391,35.19317844872857,-97.43851440274727,327.34669765086807,0.0,8.899999618530273
1763596768391,35.193178447098624,-97.4385144326638,327.3461264039435,0.0,8.899999618530273
1763596768391,35.19317844468496,-97.43851446283769,327.3455626507278,0.0,8.899999618530273
1763596768391,35.19317844211561,-97.4385144970548,327.3450907447344,-0.0,8.899999618530273
1763596768391,35.1931784399448,-97.43851452554918,327.3445429719348,-0.0,8.899999618530273
1763596768391,35.193178438422954,-97.43851455498458,327.3440125549217,-0.0,8.899999618530273
1763596768391,35.19317843744275,-97.43851458232362,327.34349435562353,-0.0,8.899999618530273
1763596768391,35.19317843533012,-97.4385146121884,327.34301002418556,-0.0,8.899999618530273
1763596768391,35.19317843308766,-97.43851464285096,327.34242737927065,-0.0,8.899999618530273
1763596768391,35.193178430849606,-97.43851467347184,327.341923132176,-0.0,8.899999618530273
1763596768391,35.19317842990119,-97.43851469948628,327.3413647705805,0.0,8.800000190734863
1763596768391,35.19317842889022,-97.43851472979797,327.3407741284401,0.0,8.800000190734863
1763596768391,35.19317842658017,-97.4385147581252,327.3402812955216,0.0,8.800000190734863
1763596768391,35.19317842471373,-97.43851478489346,327.33973603894583,0.0,8.800000190734863
1763596769391,35.193178946303085,-97.43851403333699,327.3010265489364,0.0,8.800000190734863
1763596769391,35.193178945094346,-97.43851405005579,327.30081004575,0.0,8.800000190734863
1763596769391,35.19317894385603,-97.43851407748024,327.3002640251017,-0.0,8.800000190734863
1763596769391,35.19317894086439,-97.43851410950478,327.2997107564757,-0.0,8.800000190734863
1763596769391,35.193178938831885,-97.43851413709574,327.29914941315377,-0.0,8.699999809265137
1763596769391,35.19317893693769,-97.43851416401826,327.298602646009,-0.0,8.699999809265137
1763596769391,35.19317893531181,-97.43851419260335,327.29808058118215,-0.0,8.699999809265137
1763596769391,35.19317893432379,-97.43851421891259,327.2975483683973,-0.0,8.699999809265137
1763596769391,35.19317893170349,-97.43851424517183,327.29700628789743,0.0,8.699999809265137
1763596769391,35.19317892977579,-97.43851427750536,327.2964378776191,0.0,8.699999809265137
1763596769391,35.19317892823261,-97.43851430619127,327.29590062605126,0.0,8.600000381469727
1763596769391,35.193178927184576,-97.43851433455589,327.2953625956129,0.0,8.600000381469727
1763596769391,35.19317892570288,-97.43851436289992,327.2948476512695,0.0,8.600000381469727
1763596769391,35.19317892307437,-97.43851439509483,327.29429871719316,0.0,8.600000381469727
1763596769391,35.193178920946885,-97.43851442293358,327.29377173189556,-0.0,8.600000381469727
1763596769391,35.19317892042339,-97.43851445111619,327.2932178189439,-0.0,8.600000381469727
1763596769391,35.193178919027844,-97.43851447850926,327.29268975618606,-0.0,8.600000381469727
1763596769391,35.1931789178954,-97.43851450854717,327.2921320495309,-0.0,8.600000381469727
1763596769391,35.19317891543572,-97.43851454120949,327.29156467023813,-0.0,8.600000381469727
1763596769391,35.19317891536412,-97.43851456333827,327.29112874346293,-0.0,8.600000381469727
1763596770391,35.1931794959723,-97.43851377727015,327.2484691386252,0.0,8.600000381469727
1763596770391,35.19317949607562,-97.438513782889,327.24833777981735,0.0,8.600000381469727
1763596770391,35.193179494458164,-97.43851381089098,327.24778755843306,0.0,8.600000381469727
1763596770391,35.19317949342188,-97.43851383699386,327.24731333978707,0.0,8.600000381469727
1763596770391,35.193179491694316,-97.43851386835988,327.24676567264686,0.0,8.600000381469727
1763596770391,35.19317948943721,-97.43851389899828,327.24632128379807,0.0,8.600000381469727
1763596770391,35.19317948770052,-97.4385139271061,327.2457914414501,-0.0,8.600000381469727
1763596770391,35.19317948647827,-97.43851395554492,327.24527537950473,-0.0,8.600000381469727
1763596770391,35.193179484898494,-97.4385139855643,327.2447234278259,-0.0,8.600000381469727
1763596770391,35.19317948298631,-97.43851401440332,327.2441594647763,-0.0,8.600000381469727
1763596770391,35.19317948100643,-97.43851404126532,327.24358983055293,-0.0,8.600000381469727
1763596770391,35.19317948065255,-97.43851406805871,327.2430647791142,-0.0,8.600000381469727
1763596770391,35.1931794806356,-97.43851409328838,327.2425458840695,0.0,8.600000381469727
1763596770391,35.19317947962866,-97.43851412129756,327.2420808943729,0.0,8.600000381469727
1763596770391,35.19317947845955,-97.43851414892423,327.24145201038925,0.0,8.600000381469727
1763596770391,35.19317947772349,-97.43851417598007,327.24099601724936,0.0,8.600000381469727
1763596770391,35.19317947645589,-97.43851420234151,327.2404705305798,0.0,8.600000381469727
1763596770391,35.19317947556718,-97.43851422808072,327.2399303092908,0.0,8.600000381469727
1763596770391,35.193179473391396,-97.43851425428632,327.2394088472855,-0.0,8.600000381469727
1763596770391,35.193179472042104,-97.43851428217818,327.2388606864876,-0.0,8.600000381469727
1763596771391,35.19318002640018,-97.43851356313701,327.2008296544813,-0.0,8.600000381469727
1763596771391,35.19318002503849,-97.43851359348375,327.2003569112006,-0.0,8.600000381469727
1763596771391,35.19318002419897,-97.43851362053127,327.1997676247343,-0.0,8.600000381469727
1763596771391,35.19318002292662,-97.43851365031415,327.19920523425213,-0.0,8.699999809265137
1763596771391,35.19318002152445,-97.43851368206315,327.1985595022494,0.0,8.800000190734863
1763596771391,35.19318002120902,-97.43851370281719,327.19812322547966,0.0,8.899999618530273
1763596771391,35.193180020192315,-97.43851372876162,327.19758915213265,0.0,8.899999618530273
1763596771391,35.19318001856938,-97.43851375555315,327.1970458625031,0.0,8.899999618530273
1763596771391,35.19318001625922,-97.43851377875946,327.19651844904587,0.0,8.899999618530273
1763596771391,35.19318001323301,-97.43851380599274,327.19604037541103,0.0,8.899999618530273
1763596771391,35.193180011341816,-97.43851383212592,327.19545047976663,-0.0,8.899999618530273
1763596771391,35.19318001112289,-97.43851385855358,327.1949114796341,-0.0,8.899999618530273
1763596771391,35.19318000971377,-97.43851388408129,327.1943755865475,-0.0,8.899999618530273
1763596771391,35.19318000826456,-97.43851390962601,327.1939126032042,-0.0,8.899999618530273
1763596771391,35.193180006743866,-97.43851393690291,327.1933240822258,-0.0,8.899999618530273
1763596771391,35.19318000540372,-97.43851396341039,327.19283411345526,-0.0,8.899999618530273
1763596771391,35.19318000502283,-97.43851399025182,327.1922719877814,0.0,8.899999618530273
1763596771391,35.193180004409115,-97.43851401350362,327.1917107614064,0.0,8.899999618530273
1763596771391,35.19318000289519,-97.43851403702321,327.19118737053213,0.0,8.899999618530273
1763596772391,35.19318060077413,-97.43851337135044,327.16110866036064,0.0,8.899999618530273
1763596772391,35.193180599995905,-97.43851338525184,327.160783268285,0.0,8.899999618530273
1763596772391,35.19318059900463,-97.43851341025979,327.16022627011193,-0.0,9.199999809265137
1763596772391,35.19318059825457,-97.43851343255386,327.15969175592744,-0.0,9.300000190734863
1763596772391,35.1931805973435,-97.43851345610301,327.15915767202523,-0.0,9.399999618530273
1763596772391,35.1931805962976,-97.43851348334995,327.1586640074609,-0.0,9.399999618530273
1763596772391,35.193180595550984,-97.43851350788611,327.158158332946,-0.0,9.399999618530273
1763596772391,35.19318059505798,-97.43851353267343,327.15762195466704,-0.0,9.399999618530273
1763596772391,35.19318059342498,-97.43851355922277,327.15705060214174,0.0,9.399999618530273
1763596772391,35.19318059279121,-97.43851358573959,327.15653089512153,0.0,9.399999618530273
1763596772391,35.19318059230036,-97.438513609271,327.15607948020414,0.0,9.399999618530273
1763596772391,35.1931805917653,-97.4385136330415,327.1555857395925,0.0,9.399999618530273
1763596772391,35.19318059105376,-97.43851365744264,327.1550582233533,0.0,9.399999618530273
1763596772391,35.193180590460784,-97.43851368035031,327.1544799214954,0.0,9.399999618530273
1763596772391,35.19318058953284,-97.43851370351088,327.1539651447918,0.0,9.399999618530273
1763596772391,35.19318058899102,-97.43851372831267,327.1534620188934,-0.0,9.399999618530273
1763596772391,35.19318058815051,-97.43851375109323,327.1529825474058,-0.0,9.399999618530273
1763596772391,35.19318058764331,-97.43851377517213,327.15242569994825,-0.0,9.300000190734863
1763596772391,35.19318058610633,-97.43851379756748,327.15194111995635,-0.0,9.399999618530273
1763596772391,35.19318058537638,-97.43851382015582,327.1514670471062,-0.0,9.399999618530273
1763596773391,35.19318117105773,-97.43851315374313,327.1273830811548,0.0,9.399999618530273
1763596773391,35.193181171293205,-97.43851316331254,327.1270702187794,0.0,9.399999618530273
1763596773391,35.193181170646135,-97.43851318881842,327.1265900099694,0.0,9.399999618530273
1763596773391,35.19318116981029,-97.43851321439018,327.1261265456572,0.0,9.399999618530273
1763596773391,35.19318116960018,-97.43851323753363,327.1256117908023,0.0,9.300000190734863
1763596773391,35.19318116977513,-97.43851326236386,327.12505908916984,0.0,9.399999618530273
1763596773391,35.193181169200855,-97.43851328512945,327.1245836747663,0.0,9.399999618530273
1763596773391,35.19318116838527,-97.43851330857053,327.1240971708325,-0.0,9.399999618530273
1763596773391,35.193181167629206,-97.43851333085368,327.1236090330839,-0.0,9.399999618530273
1763596773391,35.193181167448934,-97.43851335043271,327.12311682770735,-0.0,9.399999618530273
1763596773391,35.193181167037665,-97.4385133727159,327.1226042080778,-0.0,9.399999618530273
1763596773391,35.19318116701373,-97.43851339537066,327.12209983852176,-0.0,9.100000381469727
1763596773391,35.19318116613752,-97.4385134190289,327.1215835568826,-0.0,7.900000095367432
1763596773391,35.19318116584295,-97.43851344096628,327.12107579785794,0.0,7.099999904632568
1763596773391,35.19318116460728,-97.43851346511522,327.1205767860699,0.0,7.099999904632568
1763596773391,35.19318116450167,-97.43851348782482,327.1200414282349,0.0,7.099999904632568
1763596773391,35.19318116424033,-97.43851351201542,327.1195956485835,0.0,7.099999904632568
1763596773391,35.193181163516186,-97.43851353517265,327.1190750655044,0.0,7.099999904632568
1763596773391,35.19318116204813,-97.438513558317,327.11856413671507,0.0,7.099999904632568
1763596773391,35.19318116232485,-97.43851358006492,327.11802852888536,-0.0,7.099999904632568
1763596774391,35.19318175633882,-97.43851294136184,327.098250385308,-0.0,7.099999904632568
1763596774391,35.193181756217484,-97.43851295230256,327.0978972430274,-0.0,7.099999904632568
1763596774391,35.193181754427776,-97.4385129770837,327.09748796716633,-0.0,7.099999904632568
1763596774391,35.19318175464005,-97.43851300061155,327.0969587277002,-0.0,7.099999904632568
1763596774391,35.19318175500362,-97.43851302304192,327.0964144993836,-0.0,7.099999904632568
1763596774391,35.193181754537804,-97.43851304493666,327.095867121027,0.0,7.099999904632568
1763596774391,35.193181754487995,-97.4385130651363,327.0953246546893,0.0,7.099999904632568
1763596774391,35.19318175414632,-97.43851308610904,327.09481327310357,0.0,7.099999904632568
1763596774391,35.19318175337093,-97.43851310633262,327.09424558894443,0.0,7.099999904632568
1763596774391,35.193181753465225,-97.43851312763098,327.0936974591838,0.0,7.099999904632568
1763596774391,35.19318175252665,-97.43851315443428,327.0932891601071,0.0,7.099999904632568
1763596774391,35.19318175222953,-97.43851317574673,327.09275214944296,-0.0,7.099999904632568
1763596774391,35.193181752015434,-97.4385131961178,327.0922220163008,-0.0,7.099999904632568
1763596774391,35.19318175177278,-97.43851321854709,327.0916911113208,-0.0,7.099999904632568
1763596774391,35.193181752509375,-97.43851323959622,327.0911495189487,-0.0,7.099999904632568
1763596774391,35.19318175128024,-97.4385132621538,327.0906440127471,-0.0,7.099999904632568
1763596774391,35.19318175081266,-97.4385132846186,327.0900799103132,-0.0,7.099999904632568
1763596774391,35.19318175005935,-97.4385133068402,327.08959308243954,0.0,7.099999904632568
1763596774391,35.19318174931964,-97.43851332552481,327.08907156837165,0.0,7.099999904632568
1763596774391,35.19318174817834,-97.4385133494385,327.08855258178176,0.0,7.099999904632568
1763596775391,35.193182325737226,-97.43851279590406,327.0681340385761,0.0,7.099999904632568
1763596775391,35.1931823260464,-97.43851281699693,327.06754863810164,0.0,7.099999904632568
1763596775391,35.19318232624105,-97.43851283519113,327.06704936859927,0.0,7.099999904632568
1763596775391,35.193182326690945,-97.43851285921193,327.0665148354379,-0.0,7.099999904632568
1763596775391,35.19318232612467,-97.43851287720426,327.06603515199487,-0.0,7.099999904632568
1763596775391,35.19318232532325,-97.438512900087,327.0654599825689,-0.0,7.099999904632568
1763596775391,35.19318232451446,-97.43851292090541,327.0649179239724,-0.0,7.099999904632568
1763596775391,35.19318232418548,-97.4385129421683,327.0643912718466,-0.0,7.099999904632568
1763596775391,35.19318232413735,-97.43851296325751,327.0638782402578,-0.0,7.099999904632568
1763596775391,35.19318232455166,-97.43851298554368,327.063369636178,0.0,7.099999904632568
1763596775391,35.19318232503461,-97.43851300513467,327.0628286832479,0.0,7.099999904632568
1763596775391,35.19318232505993,-97.43851302750173,327.06235439352133,0.0,7.099999904632568
1763596775391,35.19318232523556,-97.4385130488527,327.061815977226,0.0,7.099999904632568
1763596775391,35.193182324622995,-97.43851307039795,327.06128786874575,0.0,7.099999904632568
1763596775391,35.19318232481308,-97.43851308995686,327.06077296038626,0.0,7.099999904632568
1763596775391,35.193182324612195,-97.43851310876437,327.0602485174361,-0.0,7.099999904632568
1763596775391,35.1931823247975,-97.4385131284142,327.0597003855702,-0.0,7.099999904632568
1763596775391,35.19318232458723,-97.43851314669152,327.0592058076487,-0.0,7.099999904632568
1763596775391,35.19318232336261,-97.43851316658447,327.05861656063854,-0.0,7.099999904632568
1763596775391,35.193182323848305,-97.43851318895534,327.05804989200976,-0.0,7.099999904632568
1763596776391,35.193182891573876,-97.4385127191748,327.0529930228912,-0.0,7.099999904632568
1763596776391,35.19318289139183,-97.4385127293103,327.0526853366134,0.0,7.099999904632568
1763596776391,35.193182890972096,-97.43851274903605,327.05212084122627,0.0,7.099999904632568
1763596776391,35.19318289137378,-97.4385127709463,327.05165673820966,0.0,7.099999904632568
1763596776391,35.19318289139792,-97.43851279287294,327.0511909612293,0.0,7.099999904632568
1763596776391,35.19318289195546,-97.43851281517173,327.0506897381991,0.0,7.099999904632568
1763596776391,35.19318289141851,-97.43851283498638,327.05020074341655,0.0,7.099999904632568
1763596776391,35.19318289173393,-97.43851285601754,327.04969464146984,-0.0,7.099999904632568
1763596776391,35.19318289073768,-97.43851287816173,327.0491951177214,-0.0,7.099999904632568
1763596776391,35.193182890790546,-97.43851289752888,327.0486992728947,-0.0,7.099999904632568
1763596776391,35.19318289071234,-97.43851291593099,327.04823268111755,-0.0,7.099999904632568
1763596776391,35.193182889452196,-97.43851293869743,327.04775612163354,-0.0,7.099999904632568
1763596776391,35.19318288861258,-97.43851295897036,327.04724616400154,-0.0,7.099999904632568
1763596776391,35.19318288669813,-97.43851298173655,327.04675744595744,0.0,7.099999904632568
