Timestamp,roll,pitch,heading,rollRate,pitchRate,yawRate,groundSpeed,airSpeed,airSpeedSetpoint,climbRate,altitudeRelative,altitudeAMSL,altitudeAboveTerr,altitudeTuning,altitudeTuningSetpoint,xTrackError,rangeFinderDist,flightDistance,flightTime,distanceToHome,timeToHome,missionItemIndex,headingToNextWP,distanceToNextWP,headingToHome,distanceToGCS,hobbs,throttlePct,imuTemp,battery0.id,battery0.batteryFunction,battery0.batteryType,battery0.voltage,battery0.current,battery0.mahConsumed,battery0.temperature,battery0.percentRemaining,battery0.timeRemaining,battery0.timeRemainingStr,battery0.chargeState,battery0.instantPower,clock.currentTime,clock.currentUTCTime,clock.currentDate,distanceSensor.rotationNone,distanceSensor.rotationYaw45,distanceSensor.rotationYaw90,distanceSensor.rotationYaw135,distanceSensor.rotationYaw180,distanceSensor.rotationYaw225,distanceSensor.rotationYaw270,distanceSensor.rotationYaw315,distanceSensor.rotationPitch90,distanceSensor.rotationPitch270,distanceSensor.minDistance,distanceSensor.maxDistance,efi.health,efi.ecuIndex,efi.rpm,efi.fuelConsumed,efi.fuelFlow,efi.engineLoad,efi.sparkTime,efi.throttlePos,efi.baroPress,efi.intakePress,efi.intakeTemp,efi.cylinderTemp,efi.ignTime,efi.exGasTemp,efi.injTime,efi.throttleOut,efi.ptComp,escStatus.index,escStatus.rpm1,escStatus.rpm2,escStatus.rpm3,escStatus.rpm4,escStatus.current1,escStatus.current2,escStatus.current3,escStatus.current4,escStatus.voltage1,escStatus.voltage2,escStatus.voltage3,escStatus.voltage4,estimatorStatus.goodAttitudeEsimate,estimatorStatus.goodHorizVelEstimate,estimatorStatus.goodVertVelEstimate,estimatorStatus.goodHorizPosRelEstimate,estimatorStatus.goodHorizPosAbsEstimate,estimatorStatus.goodVertPosAbsEstimate,estimatorStatus.goodVertPosAGLEstimate,estimatorStatus.goodConstPosModeEstimate,estimatorStatus.goodPredHorizPosRelEstimate,estimatorStatus.goodPredHorizPosAbsEstimate,estimatorStatus.gpsGlitch,estimatorStatus.accelError,estimatorStatus.velRatio,estimatorStatus.horizPosRatio,estimatorStatus.vertPosRatio,estimatorStatus.magRatio,estimatorStatus.haglRatio,estimatorStatus.tasRatio,estimatorStatus.horizPosAccuracy,estimatorStatus.vertPosAccuracy,generator.status,generator.genSpeed,generator.batteryCurrent,generator.loadCurrent,generator.powerGenerated,generator.busVoltage,generator.batCurrentSetpoint,generator.rectifierTemp,generator.genTemp,generator.runtime,generator.timeMaintenance,gps.lat,gps.lon,gps.mgrs,gps.hdop,gps.vdop,gps.courseOverGround,gps.lock,gps.count,gps2.lat,gps2.lon,gps2.mgrs,gps2.hdop,gps2.vdop,gps2.courseOverGround,gps2.lock,gps2.count,hygrometer.temperature,hygrometer.humidity,hygrometer.hygrometerid,localPosition.x,localPosition.y,localPosition.z,localPosition.vx,localPosition.vy,localPosition.vz,localPositionSetpoint.x,localPositionSetpoint.y,localPositionSetpoint.z,localPositionSetpoint.vx,localPositionSetpoint.vy,localPositionSetpoint.vz,rpm.rpm1,rpm.rpm2,rpm.rpm3,rpm.rpm4,setpoint.roll,setpoint.pitch,setpoint.yaw,setpoint.rollRate,setpoint.pitchRate,setpoint.yawRate,temperature.temperature1,temperature.temperature2,temperature.temperature3,terrain.blocksPending,terrain.blocksLoaded,vibration.xAxis,vibration.yAxis,vibration.zAxis,vibration.clipCount1,vibration.clipCount2,vibration.clipCount3,wind.direction,wind.speed,wind.verticalSpeed
2026-07-09 15:55:58.544,0.3,0.5,116,0.0,0.0,-0.0,0.0,-1.7,0.000,0.1,-0.0,38.0,36.9,0.119,0.000,0.000,0.000,0.0,00:00:00,0.0,1.5,1,--.--,0,--.--,--.--,0000:32:26,3,0,0,1,1,16.20,-1.00,-10,--.--,100,--.--,--:--:--,1,-16.20,15:55:58,20:55:58,7/9/26,--.--,--.--,--.--,--.--,--.--,--.--,--.--,--.--,--.--,--.--,--.--,--.--,0,--.--,--.--,--.--,--.--,--.--,--.--,--.--,--.--,--.--,--.--,--.--,--.--,--.--,--.--,--.--,--.--,0,0.000,0.000,0.000,0.000,0.000,0.000,0.000,0.000,0.000,0.000,0.000,0.000,true,true,true,true,true,true,false,true,true,true,false,false,0.03,0.01,0.01,0.01,--.--,--.--,0.15,0.17,9223372036854775808,0,--.--,--.--,--.--,--.--,--.--,0,0,0,0,37.4122949,-121.9985274,10SEG 88624 41081,0.7,1.1,58.2,3,10,--.--,--.--,,--.--,--.--,--.--,0,0,--.--,--.--,0,0.0,-0.0,-0.2,-0.0,-0.0,-0.1,0.0,-0.0,-0.2,-0.0,0.0,1.8,--.--,--.--,--.--,--.--,-0.2,-0.0,116.7,-2.9,-2.1,-0.0,288.15,--.--,--.--,0,0,0.0,0.0,0.0,0,0,0,--.--,--.--,--.--
2026-07-09 15:55:59.552,0.3,0.5,116,0.0,0.0,0.0,0.0,0.5,0.000,0.1,-0.0,38.0,36.9,0.133,0.000,0.000,0.000,0.0,00:00:00,0.0,0.8,1,--.--,0,--.--,--.--,0000:32:26,28,0,0,1,1,16.15,-1.00,-11,--.--,99,--.--,--:--:--,1,-16.15,15:55:59,20:55:59,7/9/26,--.--,--.--,--.--,--.--,--.--,--.--,--.--,--.--,--.--,--.--,--.--,--.--,0,--.--,--.--,--.--,--.--,--.--,--.--,--.--,--.--,--.--,--.--,--.--,--.--,--.--,--.--,--.--,--.--,0,0.000,0.000,0.000,0.000,0.000,0.000,0.000,0.000,0.000,0.000,0.000,0.000,true,true,true,true,true,true,false,true,true,true,false,false,0.04,0.01,0.01,0.01,--.--,--.--,0.15,0.17,9223372036854775808,0,--.--,--.--,--.--,--.--,--.--,0,0,0,0,37.4122947,-121.9985275,10SEG 88624 41081,0.7,1.1,99.0,3,10,--.--,--.--,,--.--,--.--,--.--,0,0,--.--,--.--,0,0.0,-0.0,-0.3,0.0,-0.0,-0.1,0.0,-0.0,-0.3,-0.0,-0.0,0.0,--.--,--.--,--.--,--.--,0.2,0.0,116.8,-0.8,-2.0,0.0,288.15,--.--,--.--,0,0,0.0,0.0,0.0,0,0,0,--.--,--.--,--.--
2026-07-09 15:56:00.552,0.3,0.5,116,0.0,0.0,0.0,0.0,-1.3,0.000,0.1,0.0,38.0,36.9,0.163,0.000,0.000,0.000,0.0,00:00:01,0.0,1.1,1,--.--,0,--.--,--.--,0000:32:26,38,0,0,1,1,16.15,-1.00,-11,--.--,99,--.--,--:--:--,1,-16.15,15:56:00,20:56:00,7/9/26,--.--,--.--,--.--,--.--,--.--,--.--,--.--,--.--,--.--,--.--,--.--,--.--,0,--.--,--.--,--.--,--.--,--.--,--.--,--.--,--.--,--.--,--.--,--.--,--.--,--.--,--.--,--.--,--.--,0,0.000,0.000,0.000,0.000,0.000,0.000,0.000,0.000,0.000,0.000,0.000,0.000,true,true,true,true,true,true,false,true,true,true,false,false,0.04,0.01,0.01,0.01,--.--,--.--,0.15,0.17,9223372036854775808,0,--.--,--.--,--.--,--.--,--.--,0,0,0,0,37.4122949,-121.9985274,10SEG 88624 41081,0.7,1.1,297.0,3,10,--.--,--.--,,--.--,--.--,--.--,0,0,--.--,--.--,0,0.1,-0.0,-0.3,0.0,-0.0,-0.1,0.0,-0.0,-0.3,-0.0,-0.0,-0.5,--.--,--.--,--.--,--.--,0.9,0.0,116.9,3.2,-2.0,0.0,288.15,--.--,--.--,0,0,0.0,0.0,0.0,0,0,0,--.--,--.--,--.--
2026-07-09 15:56:01.552,0.3,0.5,116,0.0,-0.0,-0.0,0.0,-1.4,0.000,0.1,0.0,38.0,36.9,0.177,0.000,0.000,0.000,0.0,00:00:02,0.0,2.0,1,--.--,0,--.--,--.--,0000:32:26,57,0,0,1,1,16.09,-1.00,-11,--.--,96,--.--,--:--:--,1,-16.09,15:56:01,20:56:01,7/9/26,--.--,--.--,--.--,--.--,--.--,--.--,--.--,--.--,--.--,--.--,--.--,--.--,0,--.--,--.--,--.--,--.--,--.--,--.--,--.--,--.--,--.--,--.--,--.--,--.--,--.--,--.--,--.--,--.--,0,0.000,0.000,0.000,0.000,0.000,0.000,0.000,0.000,0.000,0.000,0.000,0.000,true,true,true,true,true,true,false,false,true,true,false,false,0.04,0.00,0.01,0.00,--.--,--.--,0.15,0.17,9223372036854775808,0,--.--,--.--,--.--,--.--,--.--,0,0,0,0,37.4122949,-121.9985277,10SEG 88624 41081,0.7,1.1,239.1,3,10,--.--,--.--,,--.--,--.--,--.--,0,0,--.--,--.--,0,0.1,-0.0,-0.3,0.0,0.0,-0.1,0.0,-0.0,-0.3,-0.0,-0.0,-1.0,--.--,--.--,--.--,--.--,2.0,0.0,117.0,8.2,-1.9,1.0,288.15,--.--,--.--,0,0,0.0,0.0,0.0,0,0,0,--.--,--.--,--.--
2026-07-09 15:56:02.552,0.4,0.4,116,0.0,-1.4,-0.0,0.0,1.2,0.000,0.1,0.1,38.0,36.9,0.196,0.000,0.000,0.000,0.0,00:00:03,0.0,2.6,1,--.--,0,--.--,--.--,0000:32:26,78,0,0,1,1,16.09,-1.00,-11,--.--,96,--.--,--:--:--,1,-16.09,15:56:02,20:56:02,7/9/26,--.--,--.--,--.--,--.--,--.--,--.--,--.--,--.--,--.--,--.--,--.--,--.--,0,--.--,--.--,--.--,--.--,--.--,--.--,--.--,--.--,--.--,--.--,--.--,--.--,--.--,--.--,--.--,--.--,0,0.000,0.000,0.000,0.000,0.000,0.000,0.000,0.000,0.000,0.000,0.000,0.000,true,true,true,true,true,true,false,false,true,true,false,false,0.04,0.00,0.01,0.00,--.--,--.--,0.15,0.17,9223372036854775808,0,--.--,--.--,--.--,--.--,--.--,0,0,0,0,37.4122950,-121.9985274,10SEG 88624 41081,0.7,1.1,236.3,3,10,--.--,--.--,,--.--,--.--,--.--,0,0,--.--,--.--,0,0.1,-0.0,-0.3,0.0,0.0,-0.2,0.0,-0.0,-0.4,-0.0,-0.0,-1.5,--.--,--.--,--.--,--.--,2.5,0.1,117.0,10.8,-1.2,1.5,288.15,--.--,--.--,0,0,0.0,0.0,0.0,0,0,0,--.--,--.--,--.--
2026-07-09 15:56:03.553,5.6,4.8,124,2.4,14.4,10.3,0.2,-1.1,0.000,0.4,0.1,38.1,36.9,0.312,0.000,0.000,0.000,0.0,00:00:04,0.2,0.7,1,--.--,0,--.--,--.--,0000:32:26,85,0,0,1,1,16.03,-1.00,-12,--.--,92,--.--,--:--:--,1,-16.03,15:56:03,20:56:03,7/9/26,--.--,--.--,--.--,--.--,--.--,--.--,--.--,--.--,--.--,--.--,--.--,--.--,0,--.--,--.--,--.--,--.--,--.--,--.--,--.--,--.--,--.--,--.--,--.--,--.--,--.--,--.--,--.--,--.--,0,0.000,0.000,0.000,0.000,0.000,0.000,0.000,0.000,0.000,0.000,0.000,0.000,true,true,true,true,true,true,false,false,true,true,false,false,0.05,0.00,0.01,0.00,--.--,--.--,0.15,0.17,9223372036854775808,0,--.--,--.--,--.--,--.--,--.--,0,0,0,0,37.4122944,-121.9985260,10SEG 88624 41081,0.7,1.1,133.3,3,10,--.--,--.--,,--.--,--.--,--.--,0,0,--.--,--.--,0,0.0,0.1,-0.5,-0.2,0.1,-0.5,0.0,-0.0,-0.5,0.0,-0.1,-1.5,--.--,--.--,--.--,--.--,2.2,9.3,124.2,-17.1,18.7,0.9,288.15,--.--,--.--,0,0,0.0,0.0,0.0,0,0,0,--.--,--.--,--.--
2026-07-09 15:56:04.552,-2.4,0.7,123,6.8,-10.6,-4.0,0.3,1.0,0.000,0.8,0.3,38.3,36.9,0.864,0.000,0.000,0.000,0.0,00:00:05,0.2,0.6,1,--.--,0,--.--,--.--,0000:32:26,85,0,0,1,1,16.03,-1.00,-12,--.--,92,--.--,--:--:--,1,-16.03,15:56:04,20:56:04,7/9/26,--.--,--.--,--.--,--.--,--.--,--.--,--.--,--.--,--.--,--.--,--.--,--.--,0,--.--,--.--,--.--,--.--,--.--,--.--,--.--,--.--,--.--,--.--,--.--,--.--,--.--,--.--,--.--,--.--,0,0.000,0.000,0.000,0.000,0.000,0.000,0.000,0.000,0.000,0.000,0.000,0.000,true,true,true,true,true,true,false,false,true,true,false,false,0.05,0.00,0.01,0.00,--.--,--.--,0.15,0.17,9223372036854775808,0,--.--,--.--,--.--,--.--,--.--,0,0,0,0,37.4122927,-121.9985273,10SEG 88624 41081,0.7,1.1,279.2,3,10,--.--,--.--,,--.--,--.--,--.--,0,0,--.--,--.--,0,-0.1,-0.1,-1.1,0.2,-0.2,-0.9,0.0,-0.0,-1.1,0.1,0.0,-1.5,--.--,--.--,--.--,--.--,-2.1,0.0,123.4,1.6,-3.3,-1.3,288.15,--.--,--.--,0,0,0.0,0.0,0.0,0,0,0,--.--,--.--,--.--
2026-07-09 15:56:05.552,2.2,3.1,119,-0.8,1.7,-2.7,0.1,-1.1,0.000,1.1,0.9,38.9,37.9,1.742,0.000,0.000,0.000,0.0,00:00:06,0.0,0.5,1,--.--,0,--.--,--.--,0000:32:26,84,0,0,1,1,15.97,-1.00,-12,--.--,89,--.--,--:--:--,1,-15.97,15:56:05,20:56:05,7/9/26,--.--,--.--,--.--,--.--,--.--,--.--,--.--,--.--,--.--,--.--,--.--,--.--,0,--.--,--.--,--.--,--.--,--.--,--.--,--.--,--.--,--.--,--.--,--.--,--.--,--.--,--.--,--.--,--.--,0,0.000,0.000,0.000,0.000,0.000,0.000,0.000,0.000,0.000,0.000,0.000,0.000,true,true,true,true,true,true,false,false,true,true,false,false,0.03,0.01,0.02,0.22,--.--,--.--,0.15,0.17,9223372036854775808,0,--.--,--.--,--.--,--.--,--.--,0,0,0,0,37.4122944,-121.9985283,10SEG 88624 41081,0.7,1.1,18.8,3,10,--.--,--.--,,--.--,--.--,--.--,0,0,--.--,--.--,0,0.0,-0.1,-2.0,0.1,0.1,-1.2,0.0,-0.0,-2.0,0.0,0.0,-1.5,--.--,--.--,--.--,--.--,1.4,2.8,119.3,-4.1,-0.9,0.4,288.15,--.--,--.--,0,0,0.0,0.0,0.0,0,0,0,--.--,--.--,--.--
2026-07-09 15:56:06.552,2.2,1.7,116,-0.3,2.8,-0.7,0.0,0.5,0.000,1.3,1.9,39.9,38.9,2.838,0.000,0.000,0.000,0.0,00:00:07,0.1,1.0,1,--.--,0,--.--,--.--,0000:32:26,84,0,0,1,1,15.97,-1.00,-12,--.--,89,--.--,--:--:--,1,-15.97,15:56:06,20:56:06,7/9/26,--.--,--.--,--.--,--.--,--.--,--.--,--.--,--.--,--.--,--.--,--.--,--.--,0,--.--,--.--,--.--,--.--,--.--,--.--,--.--,--.--,--.--,--.--,--.--,--.--,--.--,--.--,--.--,--.--,0,0.000,0.000,0.000,0.000,0.000,0.000,0.000,0.000,0.000,0.000,0.000,0.000,true,true,true,true,true,true,false,false,true,true,false,false,0.03,0.01,0.02,0.22,--.--,--.--,0.15,0.17,9223372036854775808,0,--.--,--.--,--.--,--.--,--.--,0,0,0,0,37.4122958,-121.9985281,10SEG 88624 41081,0.7,1.1,71.4,3,10,--.--,--.--,,--.--,--.--,--.--,0,0,--.--,--.--,0,0.1,-0.0,-3.1,-0.0,0.1,-1.3,0.0,-0.0,-3.1,-0.0,0.0,-1.5,--.--,--.--,--.--,--.--,1.7,2.5,116.8,-2.2,3.5,0.7,288.15,--.--,--.--,0,0,0.0,0.0,0.0,0,0,0,--.--,--.--,--.--
2026-07-09 15:56:07.552,1.4,3.2,115,-0.7,-2.6,-0.1,0.1,-1.5,0.000,1.4,3.0,41.0,40.0,4.046,0.000,0.000,0.000,0.0,00:00:08,0.1,1.1,1,--.--,0,--.--,--.--,0000:32:26,83,0,0,1,1,15.91,-1.00,-13,--.--,86,--.--,--:--:--,1,-15.91,15:56:07,20:56:07,7/9/26,--.--,--.--,--.--,--.--,--.--,--.--,--.--,--.--,--.--,--.--,--.--,--.--,0,--.--,--.--,--.--,--.--,--.--,--.--,--.--,--.--,--.--,--.--,--.--,--.--,--.--,--.--,--.--,--.--,0,0.000,0.000,0.000,0.000,0.000,0.000,0.000,0.000,0.000,0.000,0.000,0.000,true,true,true,true,true,true,false,false,true,true,false,false,0.04,0.01,0.02,0.03,--.--,--.--,0.15,0.17,9223372036854775808,0,--.--,--.--,--.--,--.--,--.--,0,0,0,0,37.4122951,-121.9985274,10SEG 88624 41081,0.7,1.1,183.5,3,10,--.--,--.--,,--.--,--.--,--.--,0,0,--.--,--.--,0,0.1,0.0,-4.3,-0.0,-0.0,-1.4,0.0,-0.0,-4.3,-0.0,-0.0,-1.5,--.--,--.--,--.--,--.--,1.2,2.6,116.0,-1.5,-2.5,0.2,288.15,--.--,--.--,0,0,0.0,0.0,0.0,0,0,0,--.--,--.--,--.--
2026-07-09 15:56:08.552,1.3,2.7,115,0.9,2.4,-0.2,0.0,1.4,0.000,1.4,4.2,42.2,41.2,5.332,0.000,0.000,0.000,0.0,00:00:09,0.1,1.9,1,--.--,0,--.--,--.--,0000:32:26,83,0,0,1,1,15.91,-1.00,-13,--.--,86,--.--,--:--:--,1,-15.91,15:56:08,20:56:08,7/9/26,--.--,--.--,--.--,--.--,--.--,--.--,--.--,--.--,--.--,--.--,--.--,--.--,0,--.--,--.--,--.--,--.--,--.--,--.--,--.--,--.--,--.--,--.--,--.--,--.--,--.--,--.--,--.--,--.--,0,0.000,0.000,0.000,0.000,0.000,0.000,0.000,0.000,0.000,0.000,0.000,0.000,true,true,true,true,true,true,false,false,true,true,false,false,0.04,0.01,0.02,0.03,--.--,--.--,0.15,0.17,9223372036854775808,0,--.--,--.--,--.--,--.--,--.--,0,0,0,0,37.4122946,-121.9985271,10SEG 88624 41081,0.7,1.1,128.3,3,10,--.--,--.--,,--.--,--.--,--.--,0,0,--.--,--.--,0,0.1,0.0,-5.6,-0.0,-0.0,-1.5,0.0,-0.0,-5.6,-0.0,-0.0,-1.5,--.--,--.--,--.--,--.--,1.3,3.1,115.5,0.4,1.8,0.3,288.15,--.--,--.--,0,0,0.0,0.0,0.0,0,0,0,--.--,--.--,--.--
2026-07-09 15:56:09.552,1.1,1.8,115,-1.3,-1.4,0.1,0.1,0.9,0.000,1.5,5.5,43.5,42.5,6.667,0.000,0.000,0.000,0.0,00:00:10,0.0,0.6,1,--.--,0,--.--,--.--,0000:32:26,83,0,0,1,1,15.85,-1.00,-13,--.--,82,--.--,--:--:--,1,-15.85,15:56:09,20:56:09,7/9/26,--.--,--.--,--.--,--.--,--.--,--.--,--.--,--.--,--.--,--.--,--.--,--.--,0,--.--,--.--,--.--,--.--,--.--,--.--,--.--,--.--,--.--,--.--,--.--,--.--,--.--,--.--,--.--,--.--,0,0.000,0.000,0.000,0.000,0.000,0.000,0.000,0.000,0.000,0.000,0.000,0.000,true,true,true,true,true,true,false,false,true,true,false,false,0.04,0.01,0.02,0.04,--.--,--.--,0.15,0.17,9223372036854775808,0,--.--,--.--,--.--,--.--,--.--,0,0,0,0,37.4122948,-121.9985273,10SEG 88624 41081,0.7,1.1,264.2,3,10,--.--,--.--,,--.--,--.--,--.--,0,0,--.--,--.--,0,0.0,-0.0,-6.9,-0.0,-0.0,-1.5,0.0,-0.0,-6.9,-0.0,-0.0,-1.5,--.--,--.--,--.--,--.--,0.9,1.9,115.4,-1.3,-0.1,0.0,288.15,--.--,--.--,0,0,0.0,0.0,0.0,0,0,0,--.--,--.--,--.--
2026-07-09 15:56:10.552,1.6,3.1,115,0.8,0.0,0.3,0.0,-1.5,0.000,1.5,6.9,44.9,43.9,8.038,0.000,0.000,0.000,0.0,00:00:11,0.1,6.4,1,--.--,0,--.--,--.--,0000:32:26,83,0,0,1,1,15.85,-1.00,-13,--.--,82,--.--,--:--:--,1,-15.85,15:56:10,20:56:10,7/9/26,--.--,--.--,--.--,--.--,--.--,--.--,--.--,--.--,--.--,--.--,--.--,--.--,0,--.--,--.--,--.--,--.--,--.--,--.--,--.--,--.--,--.--,--.--,--.--,--.--,--.--,--.--,--.--,--.--,0,0.000,0.000,0.000,0.000,0.000,0.000,0.000,0.000,0.000,0.000,0.000,0.000,true,true,true,true,true,true,false,false,true,true,false,false,0.04,0.01,0.02,0.04,--.--,--.--,0.15,0.17,9223372036854775808,0,--.--,--.--,--.--,--.--,--.--,0,0,0,0,37.4122951,-121.9985271,10SEG 88624 41081,0.7,1.1,73.9,3,10,--.--,--.--,,--.--,--.--,--.--,0,0,--.--,--.--,0,0.0,0.0,-8.3,0.0,-0.0,-1.5,0.0,-0.0,-8.3,-0.0,-0.0,-1.5,--.--,--.--,--.--,--.--,1.7,2.9,115.5,0.4,-0.9,0.7,288.15,--.--,--.--,0,0,0.0,0.0,0.0,0,0,0,--.--,--.--,--.--
2026-07-09 15:56:11.552,1.0,2.1,115,-0.4,1.6,0.3,0.0,1.0,0.000,1.5,8.3,46.2,45.2,9.440,0.000,0.000,0.000,0.0,00:00:12,0.0,1.2,1,--.--,0,--.--,--.--,0000:32:26,83,0,0,1,1,15.79,-1.00,-14,--.--,79,--.--,--:--:--,1,-15.79,15:56:11,20:56:11,7/9/26,--.--,--.--,--.--,--.--,--.--,--.--,--.--,--.--,--.--,--.--,--.--,--.--,0,--.--,--.--,--.--,--.--,--.--,--.--,--.--,--.--,--.--,--.--,--.--,--.--,--.--,--.--,--.--,--.--,0,0.000,0.000,0.000,0.000,0.000,0.000,0.000,0.000,0.000,0.000,0.000,0.000,true,true,true,true,true,true,false,false,true,true,false,false,0.03,0.01,0.01,0.02,--.--,--.--,0.15,0.17,9223372036854775808,0,--.--,--.--,--.--,--.--,--.--,0,0,0,0,37.4122947,-121.9985265,10SEG 88624 41081,0.7,1.1,51.3,3,10,--.--,--.--,,--.--,--.--,--.--,0,0,--.--,--.--,0,0.0,0.0,-9.7,-0.0,-0.0,-1.5,0.0,-0.0,-9.7,-0.0,-0.0,-1.5,--.--,--.--,--.--,--.--,1.1,2.6,115.9,0.2,2.0,0.1,288.15,--.--,--.--,0,0,0.0,0.0,0.0,0,0,0,--.--,--.--,--.--
2026-07-09 15:56:12.552,1.4,2.2,116,-1.5,-3.4,0.5,0.1,1.8,0.000,2.2,9.7,47.6,46.6,10.984,0.000,0.000,0.000,0.0,00:00:13,0.1,0.9,1,--.--,0,--.--,--.--,0000:32:26,92,0,0,1,1,15.79,-1.00,-14,--.--,79,--.--,--:--:--,1,-15.79,15:56:12,20:56:12,7/9/26,--.--,--.--,--.--,--.--,--.--,--.--,--.--,--.--,--.--,--.--,--.--,--.--,0,--.--,--.--,--.--,--.--,--.--,--.--,--.--,--.--,--.--,--.--,--.--,--.--,--.--,--.--,--.--,--.--,0,0.000,0.000,0.000,0.000,0.000,0.000,0.000,0.000,0.000,0.000,0.000,0.000,true,true,true,true,true,true,false,false,true,true,false,false,0.03,0.01,0.01,0.02,--.--,--.--,0.15,0.17,9223372036854775808,0,--.--,--.--,--.--,--.--,--.--,0,0,0,0,37.4122950,-121.9985271,10SEG 88624 41081,0.7,1.1,261.1,3,10,--.--,--.--,,--.--,--.--,--.--,0,0,--.--,--.--,0,0.1,0.0,-11.3,-0.0,-0.1,-2.4,0.0,-0.0,-11.3,-0.0,-0.0,-2.2,--.--,--.--,--.--,--.--,1.1,1.7,116.3,-1.8,-2.2,0.2,288.15,--.--,--.--,0,0,0.0,0.0,0.0,0,0,0,--.--,--.--,--.--
2026-07-09 15:56:13.552,1.9,3.0,116,2.0,1.2,0.4,0.0,1.4,0.000,2.9,11.5,49.5,48.5,13.788,0.000,0.000,0.000,0.0,00:00:14,0.1,2.5,1,--.--,0,--.--,--.--,0000:32:26,83,0,0,1,1,15.73,-1.00,-15,--.--,76,--.--,--:--:--,1,-15.73,15:56:13,20:56:13,7/9/26,--.--,--.--,--.--,--.--,--.--,--.--,--.--,--.--,--.--,--.--,--.--,--.--,0,--.--,--.--,--.--,--.--,--.--,--.--,--.--,--.--,--.--,--.--,--.--,--.--,--.--,--.--,--.--,--.--,0,0.000,0.000,0.000,0.000,0.000,0.000,0.000,0.000,0.000,0.000,0.000,0.000,true,true,true,true,true,true,false,false,true,true,false,false,0.04,0.01,0.01,0.02,--.--,--.--,0.15,0.17,9223372036854775808,0,--.--,--.--,--.--,--.--,--.--,0,0,0,0,37.4122950,-121.9985277,10SEG 88624 41081,0.7,1.1,59.1,3,10,--.--,--.--,,--.--,--.--,--.--,0,0,--.--,--.--,0,0.1,0.0,-14.2,-0.0,0.0,-2.9,0.0,-0.0,-14.1,-0.0,-0.0,-3.0,--.--,--.--,--.--,--.--,2.1,2.8,116.6,0.9,-0.6,1.1,288.15,--.--,--.--,0,0,0.0,0.0,0.0,0,0,0,--.--,--.--,--.--
2026-07-09 15:56:14.552,1.0,2.1,117,-0.3,1.0,0.4,0.0,1.0,0.000,3.0,14.4,52.3,51.3,16.649,0.000,0.000,0.000,0.0,00:00:15,0.0,1.0,1,--.--,0,--.--,--.--,0000:32:26,84,0,0,1,1,15.73,-1.00,-15,--.--,76,--.--,--:--:--,1,-15.73,15:56:14,20:56:14,7/9/26,--.--,--.--,--.--,--.--,--.--,--.--,--.--,--.--,--.--,--.--,--.--,--.--,0,--.--,--.--,--.--,--.--,--.--,--.--,--.--,--.--,--.--,--.--,--.--,--.--,--.--,--.--,--.--,--.--,0,0.000,0.000,0.000,0.000,0.000,0.000,0.000,0.000,0.000,0.000,0.000,0.000,true,true,true,true,true,true,false,false,true,true,false,false,0.04,0.01,0.01,0.02,--.--,--.--,0.15,0.17,9223372036854775808,0,--.--,--.--,--.--,--.--,--.--,0,0,0,0,37.4122947,-121.9985276,10SEG 88624 41081,0.7,1.1,161.3,3,10,--.--,--.--,,--.--,--.--,--.--,0,0,--.--,--.--,0,0.1,-0.0,-17.0,-0.0,-0.0,-3.0,0.0,-0.0,-17.1,-0.0,-0.0,-3.0,--.--,--.--,--.--,--.--,1.1,2.4,117.1,0.1,1.4,0.0,288.15,--.--,--.--,0,0,0.0,0.0,0.0,0,0,0,--.--,--.--,--.--
2026-07-09 15:56:15.553,1.4,2.5,117,-0.4,-2.5,0.3,0.0,-0.5,0.000,3.0,17.2,55.2,54.2,19.530,0.000,0.000,0.000,0.0,00:00:16,0.0,1.3,1,--.--,0,--.--,--.--,0000:32:26,84,0,0,1,1,15.67,-1.00,-15,--.--,72,--.--,--:--:--,1,-15.67,15:56:15,20:56:15,7/9/26,--.--,--.--,--.--,--.--,--.--,--.--,--.--,--.--,--.--,--.--,--.--,--.--,0,--.--,--.--,--.--,--.--,--.--,--.--,--.--,--.--,--.--,--.--,--.--,--.--,--.--,--.--,--.--,--.--,0,0.000,0.000,0.000,0.000,0.000,0.000,0.000,0.000,0.000,0.000,0.000,0.000,true,true,true,true,true,true,false,false,true,true,false,false,0.02,0.00,0.01,0.01,--.--,--.--,0.15,0.17,9223372036854775808,0,--.--,--.--,--.--,--.--,--.--,0,0,0,0,37.4122944,-121.9985278,10SEG 88624 41081,0.7,1.1,268.8,3,10,--.--,--.--,,--.--,--.--,--.--,0,0,--.--,--.--,0,0.0,-0.0,-19.9,0.0,-0.0,-3.0,0.0,-0.0,-20.1,-0.0,-0.0,-3.0,--.--,--.--,--.--,--.--,1.3,1.9,117.4,-0.9,-2.5,0.3,288.15,--.--,--.--,0,0,0.0,0.0,0.0,0,0,0,--.--,--.--,--.--
2026-07-09 15:56:16.553,1.3,2.3,117,1.7,3.1,0.1,0.1,1.6,0.000,3.0,20.1,58.1,57.1,22.397,0.000,0.000,0.000,0.0,00:00:17,0.0,0.1,1,--.--,0,--.--,--.--,0000:32:26,84,0,0,1,1,15.67,-1.00,-15,--.--,72,--.--,--:--:--,1,-15.67,15:56:16,20:56:16,7/9/26,--.--,--.--,--.--,--.--,--.--,--.--,--.--,--.--,--.--,--.--,--.--,--.--,0,--.--,--.--,--.--,--.--,--.--,--.--,--.--,--.--,--.--,--.--,--.--,--.--,--.--,--.--,--.--,--.--,0,0.000,0.000,0.000,0.000,0.000,0.000,0.000,0.000,0.000,0.000,0.000,0.000,true,true,true,true,true,true,false,false,true,true,false,false,0.02,0.00,0.01,0.01,--.--,--.--,0.15,0.17,9223372036854775808,0,--.--,--.--,--.--,--.--,--.--,0,0,0,0,37.4122951,-121.9985284,10SEG 88624 41081,0.7,1.1,65.5,3,10,--.--,--.--,,--.--,--.--,--.--,0,0,--.--,--.--,0,0.0,-0.0,-22.8,0.0,0.1,-3.0,0.0,-0.0,-23.1,-0.0,0.0,-3.0,--.--,--.--,--.--,--.--,1.6,2.8,117.6,1.4,2.3,0.5,288.15,--.--,--.--,0,0,0.0,0.0,0.0,0,0,0,--.--,--.--,--.--
2026-07-09 15:56:17.552,1.9,1.7,117,-0.5,-1.5,0.8,0.0,-0.6,0.000,2.4,23.0,61.0,60.0,25.006,0.000,0.000,0.000,0.0,00:00:18,0.0,5.3,1,--.--,0,--.--,--.--,0000:32:26,79,0,0,1,1,15.61,-1.00,-16,--.--,69,--.--,--:--:--,1,-15.61,15:56:17,20:56:17,7/9/26,--.--,--.--,--.--,--.--,--.--,--.--,--.--,--.--,--.--,--.--,--.--,--.--,0,--.--,--.--,--.--,--.--,--.--,--.--,--.--,--.--,--.--,--.--,--.--,--.--,--.--,--.--,--.--,--.--,0,0.000,0.000,0.000,0.000,0.000,0.000,0.000,0.000,0.000,0.000,0.000,0.000,true,true,true,true,true,true,false,false,true,true,false,false,0.04,0.01,0.01,0.05,--.--,--.--,0.15,0.17,9223372036854775808,0,--.--,--.--,--.--,--.--,--.--,0,0,0,0,37.4122953,-121.9985283,10SEG 88624 41081,0.7,1.1,12.7,3,10,--.--,--.--,,--.--,--.--,--.--,0,0,--.--,--.--,0,0.1,-0.0,-25.3,-0.0,0.0,-2.3,0.0,-0.0,-25.6,-0.0,0.0,-2.3,--.--,--.--,--.--,--.--,1.8,1.7,117.8,-0.6,-0.3,0.8,288.15,--.--,--.--,0,0,0.0,0.0,0.0,0,0,0,--.--,--.--,--.--
2026-07-09 15:56:18.552,1.5,3.3,118,0.4,-0.5,0.6,0.0,-0.5,0.000,1.5,25.4,63.4,62.4,26.789,0.000,0.000,0.000,0.0,00:00:19,0.0,0.5,1,--.--,0,--.--,--.--,0000:32:26,80,0,0,1,1,15.61,-1.00,-16,--.--,69,--.--,--:--:--,1,-15.61,15:56:18,20:56:18,7/9/26,--.--,--.--,--.--,--.--,--.--,--.--,--.--,--.--,--.--,--.--,--.--,--.--,0,--.--,--.--,--.--,--.--,--.--,--.--,--.--,--.--,--.--,--.--,--.--,--.--,--.--,--.--,--.--,--.--,0,0.000,0.000,0.000,0.000,0.000,0.000,0.000,0.000,0.000,0.000,0.000,0.000,true,true,true,true,true,true,false,false,true,true,false,false,0.04,0.01,0.01,0.05,--.--,--.--,0.15,0.17,9223372036854775808,0,--.--,--.--,--.--,--.--,--.--,0,0,0,0,37.4122955,-121.9985280,10SEG 88624 41081,0.7,1.1,219.4,3,10,--.--,--.--,,--.--,--.--,--.--,0,0,--.--,--.--,0,0.1,-0.0,-27.0,-0.0,0.0,-1.5,0.0,-0.0,-27.2,-0.0,0.0,-1.5,--.--,--.--,--.--,--.--,1.6,2.8,118.6,0.5,-2.2,0.6,288.15,--.--,--.--,0,0,0.0,0.0,0.0,0,0,0,--.--,--.--,--.--
2026-07-09 15:56:19.552,1.4,1.8,119,-0.2,2.8,0.5,0.0,0.9,0.000,1.0,27.0,65.0,64.0,27.887,0.000,0.000,0.000,0.0,00:00:20,0.0,0.5,1,--.--,0,--.--,--.--,0000:32:26,82,0,0,1,1,15.55,-1.00,-16,--.--,66,--.--,--:--:--,1,-15.55,15:56:19,20:56:19,7/9/26,--.--,--.--,--.--,--.--,--.--,--.--,--.--,--.--,--.--,--.--,--.--,--.--,0,--.--,--.--,--.--,--.--,--.--,--.--,--.--,--.--,--.--,--.--,--.--,--.--,--.--,--.--,--.--,--.--,0,0.000,0.000,0.000,0.000,0.000,0.000,0.000,0.000,0.000,0.000,0.000,0.000,true,true,true,true,true,true,false,false,true,true,false,false,0.05,0.01,0.01,0.02,--.--,--.--,0.15,0.17,9223372036854775808,0,--.--,--.--,--.--,--.--,--.--,0,0,0,0,37.4122948,-121.9985282,10SEG 88624 41081,0.7,1.1,61.2,3,10,--.--,--.--,,--.--,--.--,--.--,0,0,--.--,--.--,0,0.1,-0.0,-28.1,-0.0,0.0,-1.0,0.0,-0.0,-28.2,-0.0,0.0,-1.0,--.--,--.--,--.--,--.--,1.4,2.6,119.1,0.0,3.2,0.3,288.15,--.--,--.--,0,0,0.0,0.0,0.0,0,0,0,--.--,--.--,--.--
2026-07-09 15:56:20.552,1.8,2.8,119,-0.6,-1.5,0.8,0.0,-0.6,0.000,0.7,28.0,65.9,64.9,28.575,0.000,0.000,0.000,0.0,00:00:21,0.0,6.6,1,--.--,0,--.--,--.--,0000:32:26,82,0,0,1,1,15.55,-1.00,-16,--.--,66,--.--,--:--:--,1,-15.55,15:56:20,20:56:20,7/9/26,--.--,--.--,--.--,--.--,--.--,--.--,--.--,--.--,--.--,--.--,--.--,--.--,0,--.--,--.--,--.--,--.--,--.--,--.--,--.--,--.--,--.--,--.--,--.--,--.--,--.--,--.--,--.--,--.--,0,0.000,0.000,0.000,0.000,0.000,0.000,0.000,0.000,0.000,0.000,0.000,0.000,true,true,true,true,true,true,false,false,true,true,false,false,0.05,0.01,0.01,0.02,--.--,--.--,0.15,0.17,9223372036854775808,0,--.--,--.--,--.--,--.--,--.--,0,0,0,0,37.4122948,-121.9985274,10SEG 88624 41081,0.7,1.1,130.8,3,10,--.--,--.--,,--.--,--.--,--.--,0,0,--.--,--.--,0,0.0,0.0,-28.7,-0.0,-0.0,-0.6,0.0,-0.0,-28.9,-0.0,-0.0,-0.6,--.--,--.--,--.--,--.--,1.7,2.5,119.7,-0.7,-1.0,0.7,288.15,--.--,--.--,0,0,0.0,0.0,0.0,0,0,0,--.--,--.--,--.--
2026-07-09 15:56:21.552,1.0,2.4,120,-0.1,-0.5,0.3,0.0,-1.6,0.000,0.4,28.6,66.6,65.6,28.995,0.000,0.000,0.000,0.0,00:00:22,0.0,1.8,1,--.--,0,--.--,--.--,0000:32:26,83,0,0,1,1,15.49,-1.00,-17,--.--,62,--.--,--:--:--,1,-15.49,15:56:21,20:56:21,7/9/26,--.--,--.--,--.--,--.--,--.--,--.--,--.--,--.--,--.--,--.--,--.--,--.--,0,--.--,--.--,--.--,--.--,--.--,--.--,--.--,--.--,--.--,--.--,--.--,--.--,--.--,--.--,--.--,--.--,0,0.000,0.000,0.000,0.000,0.000,0.000,0.000,0.000,0.000,0.000,0.000,0.000,true,true,true,true,true,true,false,false,true,true,false,false,0.03,0.00,0.02,0.03,--.--,--.--,0.15,0.17,9223372036854775808,0,--.--,--.--,--.--,--.--,--.--,0,0,0,0,37.4122943,-121.9985280,10SEG 88624 41081,0.7,1.1,212.6,3,10,--.--,--.--,,--.--,--.--,--.--,0,0,--.--,--.--,0,0.0,-0.0,-29.1,0.0,-0.0,-0.4,0.0,-0.0,-29.3,0.0,0.0,-0.4,--.--,--.--,--.--,--.--,1.1,2.3,120.2,0.3,-0.4,0.1,288.15,--.--,--.--,0,0,0.0,0.0,0.0,0,0,0,--.--,--.--,--.--
2026-07-09 15:56:22.552,1.6,2.2,120,-0.4,-0.2,0.4,0.0,1.6,0.000,0.3,28.9,66.9,65.6,29.246,0.000,0.000,0.000,0.0,00:00:23,0.0,0.6,1,--.--,0,--.--,--.--,0000:32:26,83,0,0,1,1,15.49,-1.00,-17,--.--,62,--.--,--:--:--,1,-15.49,15:56:22,20:56:22,7/9/26,--.--,--.--,--.--,--.--,--.--,--.--,--.--,--.--,--.--,--.--,--.--,--.--,0,--.--,--.--,--.--,--.--,--.--,--.--,--.--,--.--,--.--,--.--,--.--,--.--,--.--,--.--,--.--,--.--,0,0.000,0.000,0.000,0.000,0.000,0.000,0.000,0.000,0.000,0.000,0.000,0.000,true,true,true,true,true,true,false,false,true,true,false,false,0.03,0.00,0.02,0.03,--.--,--.--,0.15,0.17,9223372036854775808,0,--.--,--.--,--.--,--.--,--.--,0,0,0,0,37.4122942,-121.9985277,10SEG 88624 41081,0.7,1.1,339.7,3,10,--.--,--.--,,--.--,--.--,--.--,0,0,--.--,--.--,0,0.0,-0.0,-29.4,0.0,0.0,-0.3,0.0,-0.0,-29.5,0.0,0.0,-0.3,--.--,--.--,--.--,--.--,1.4,2.1,120.4,-0.7,-0.2,0.5,288.15,--.--,--.--,0,0,0.0,0.0,0.0,0,0,0,--.--,--.--,--.--
2026-07-09 15:56:23.552,1.9,2.7,120,1.3,0.9,0.6,0.0,1.1,0.000,0.2,29.2,67.2,66.2,29.401,0.000,0.000,0.000,0.0,00:00:24,0.0,1.1,1,--.--,0,--.--,--.--,0000:32:26,83,0,0,1,1,15.43,-1.00,-17,--.--,59,--.--,--:--:--,1,-15.43,15:56:23,20:56:23,7/9/26,--.--,--.--,--.--,--.--,--.--,--.--,--.--,--.--,--.--,--.--,--.--,--.--,0,--.--,--.--,--.--,--.--,--.--,--.--,--.--,--.--,--.--,--.--,--.--,--.--,--.--,--.--,--.--,--.--,0,0.000,0.000,0.000,0.000,0.000,0.000,0.000,0.000,0.000,0.000,0.000,0.000,true,true,true,true,true,true,false,false,true,true,false,false,0.03,0.01,0.02,0.02,--.--,--.--,0.15,0.17,9223372036854775808,0,--.--,--.--,--.--,--.--,--.--,0,0,0,0,37.4122950,-121.9985278,10SEG 88624 41081,0.7,1.1,14.1,3,10,--.--,--.--,,--.--,--.--,--.--,0,0,--.--,--.--,0,0.0,0.0,-29.5,0.0,0.0,-0.2,0.0,-0.0,-29.6,0.0,-0.0,-0.2,--.--,--.--,--.--,--.--,2.1,2.7,121.0,1.0,0.2,1.0,288.15,--.--,--.--,0,0,0.0,0.0,0.0,0,0,0,--.--,--.--,--.--
2026-07-09 15:56:24.552,1.8,1.1,121,-0.7,0.0,1.0,0.0,1.1,0.000,0.2,29.3,67.3,66.2,29.482,0.000,0.000,0.000,0.0,00:00:25,0.0,1.6,1,--.--,0,--.--,--.--,0000:32:26,83,0,0,1,1,15.43,-1.00,-17,--.--,59,--.--,--:--:--,1,-15.43,15:56:24,20:56:24,7/9/26,--.--,--.--,--.--,--.--,--.--,--.--,--.--,--.--,--.--,--.--,--.--,--.--,0,--.--,--.--,--.--,--.--,--.--,--.--,--.--,--.--,--.--,--.--,--.--,--.--,--.--,--.--,--.--,--.--,0,0.000,0.000,0.000,0.000,0.000,0.000,0.000,0.000,0.000,0.000,0.000,0.000,true,true,true,true,true,true,false,false,true,true,false,false,0.03,0.01,0.02,0.02,--.--,--.--,0.15,0.17,9223372036854775808,0,--.--,--.--,--.--,--.--,--.--,0,0,0,0,37.4122955,-121.9985282,10SEG 88624 41081,0.7,1.1,166.3,3,10,--.--,--.--,,--.--,--.--,--.--,0,0,--.--,--.--,0,0.1,-0.0,-29.6,-0.0,-0.0,-0.2,0.0,-0.0,-29.7,-0.0,0.0,-0.2,--.--,--.--,--.--,--.--,1.7,1.5,121.8,-0.6,1.3,0.7,288.15,--.--,--.--,0,0,0.0,0.0,0.0,0,0,0,--.--,--.--,--.--
2026-07-09 15:56:25.552,1.9,3.1,122,1.0,-1.4,0.9,0.0,1.0,0.000,0.2,29.4,67.4,66.2,29.536,0.000,0.000,0.000,0.0,00:00:26,0.1,2.1,1,--.--,0,--.--,--.--,0000:32:26,83,0,0,1,1,15.37,-1.00,-18,--.--,56,--.--,--:--:--,1,-15.37,15:56:25,20:56:25,7/9/26,--.--,--.--,--.--,--.--,--.--,--.--,--.--,--.--,--.--,--.--,--.--,--.--,0,--.--,--.--,--.--,--.--,--.--,--.--,--.--,--.--,--.--,--.--,--.--,--.--,--.--,--.--,--.--,--.--,0,0.000,0.000,0.000,0.000,0.000,0.000,0.000,0.000,0.000,0.000,0.000,0.000,true,true,true,true,true,true,false,false,true,true,false,false,0.04,0.01,0.02,0.05,--.--,--.--,0.15,0.17,9223372036854775808,0,--.--,--.--,--.--,--.--,--.--,0,0,0,0,37.4122951,-121.9985276,10SEG 88624 41081,0.7,1.1,103.0,3,10,--.--,--.--,,--.--,--.--,--.--,0,0,--.--,--.--,0,0.1,0.0,-29.7,-0.0,-0.0,-0.2,0.0,-0.0,-29.8,-0.0,-0.0,-0.2,--.--,--.--,--.--,--.--,2.1,2.5,122.6,0.7,-2.3,1.1,288.15,--.--,--.--,0,0,0.0,0.0,0.0,0,0,0,--.--,--.--,--.--
2026-07-09 15:56:26.552,1.1,1.8,123,-0.7,2.0,0.5,0.0,2.1,0.000,0.1,29.4,67.4,66.2,29.562,0.000,0.000,0.000,0.0,00:00:27,0.0,0.5,1,--.--,0,--.--,--.--,0000:32:26,84,0,0,1,1,15.37,-1.00,-18,--.--,56,--.--,--:--:--,1,-15.37,15:56:26,20:56:26,7/9/26,--.--,--.--,--.--,--.--,--.--,--.--,--.--,--.--,--.--,--.--,--.--,--.--,0,--.--,--.--,--.--,--.--,--.--,--.--,--.--,--.--,--.--,--.--,--.--,--.--,--.--,--.--,--.--,--.--,0,0.000,0.000,0.000,0.000,0.000,0.000,0.000,0.000,0.000,0.000,0.000,0.000,true,true,true,true,true,true,false,false,true,true,false,false,0.04,0.01,0.02,0.05,--.--,--.--,0.15,0.17,9223372036854775808,0,--.--,--.--,--.--,--.--,--.--,0,0,0,0,37.4122945,-121.9985276,10SEG 88624 41081,0.7,1.1,136.1,3,10,--.--,--.--,,--.--,--.--,--.--,0,0,--.--,--.--,0,0.1,-0.0,-29.7,-0.0,0.0,-0.1,0.0,-0.0,-29.8,-0.0,0.0,-0.1,--.--,--.--,--.--,--.--,1.1,2.4,123.2,-0.2,2.3,0.1,288.15,--.--,--.--,0,0,0.0,0.0,0.0,0,0,0,--.--,--.--,--.--
2026-07-09 15:56:27.552,2.3,2.4,123,0.1,-2.9,0.9,0.0,-1.6,0.000,0.1,29.4,67.4,66.2,29.584,0.000,0.000,0.000,0.0,00:00:28,0.1,1.3,1,--.--,0,--.--,--.--,0000:32:26,83,0,0,1,1,15.31,-1.00,-18,--.--,52,--.--,--:--:--,1,-15.31,15:56:27,20:56:27,7/9/26,--.--,--.--,--.--,--.--,--.--,--.--,--.--,--.--,--.--,--.--,--.--,--.--,0,--.--,--.--,--.--,--.--,--.--,--.--,--.--,--.--,--.--,--.--,--.--,--.--,--.--,--.--,--.--,--.--,0,0.000,0.000,0.000,0.000,0.000,0.000,0.000,0.000,0.000,0.000,0.000,0.000,true,true,true,true,true,true,false,false,true,true,false,false,0.04,0.00,0.02,0.03,--.--,--.--,0.15,0.17,9223372036854775808,0,--.--,--.--,--.--,--.--,--.--,0,0,0,0,37.4122948,-121.9985271,10SEG 88624 41081,0.7,1.1,339.0,3,10,--.--,--.--,,--.--,--.--,--.--,0,0,--.--,--.--,0,0.1,0.0,-29.7,0.0,-0.0,-0.1,0.0,-0.0,-29.8,-0.0,-0.0,-0.1,--.--,--.--,--.--,--.--,2.2,1.8,123.7,-0.7,-2.6,1.2,288.15,--.--,--.--,0,0,0.0,0.0,0.0,0,0,0,--.--,--.--,--.--
2026-07-09 15:56:28.552,1.0,2.4,124,0.2,1.8,0.4,0.0,1.4,0.000,0.1,29.5,67.4,66.2,29.604,0.000,0.000,0.000,0.0,00:00:29,0.0,1.1,1,--.--,0,--.--,--.--,0000:32:26,84,0,0,1,1,15.31,-1.00,-18,--.--,52,--.--,--:--:--,1,-15.31,15:56:28,20:56:28,7/9/26,--.--,--.--,--.--,--.--,--.--,--.--,--.--,--.--,--.--,--.--,--.--,--.--,0,--.--,--.--,--.--,--.--,--.--,--.--,--.--,--.--,--.--,--.--,--.--,--.--,--.--,--.--,--.--,--.--,0,0.000,0.000,0.000,0.000,0.000,0.000,0.000,0.000,0.000,0.000,0.000,0.000,true,true,true,true,true,true,false,false,true,true,false,false,0.04,0.00,0.02,0.03,--.--,--.--,0.15,0.17,9223372036854775808,0,--.--,--.--,--.--,--.--,--.--,0,0,0,0,37.4122946,-121.9985274,10SEG 88624 41081,0.7,1.1,83.0,3,10,--.--,--.--,,--.--,--.--,--.--,0,0,--.--,--.--,0,0.0,-0.0,-29.7,-0.0,0.0,-0.1,0.0,-0.0,-29.8,0.0,-0.0,-0.1,--.--,--.--,--.--,--.--,1.2,2.6,124.4,1.0,1.0,0.2,288.15,--.--,--.--,0,0,0.0,0.0,0.0,0,0,0,--.--,--.--,--.--
2026-07-09 15:56:29.552,2.0,1.8,125,-1.0,-0.7,0.8,0.0,1.5,0.000,0.1,29.5,67.5,66.2,29.613,0.000,0.000,0.000,0.0,00:00:30,0.0,1.7,1,--.--,0,--.--,--.--,0000:32:26,83,0,0,1,1,15.30,-1.00,-19,--.--,50,--.--,--:--:--,1,-15.30,15:56:29,20:56:29,7/9/26,--.--,--.--,--.--,--.--,--.--,--.--,--.--,--.--,--.--,--.--,--.--,--.--,0,--.--,--.--,--.--,--.--,--.--,--.--,--.--,--.--,--.--,--.--,--.--,--.--,--.--,--.--,--.--,--.--,0,0.000,0.000,0.000,0.000,0.000,0.000,0.000,0.000,0.000,0.000,0.000,0.000,true,true,true,true,true,true,false,false,true,true,false,false,0.04,0.00,0.02,0.03,--.--,--.--,0.15,0.17,9223372036854775808,0,--.--,--.--,--.--,--.--,--.--,0,0,0,0,37.4122949,-121.9985272,10SEG 88624 41081,0.7,1.1,278.5,3,10,--.--,--.--,,--.--,--.--,--.--,0,0,--.--,--.--,0,0.1,0.0,-29.7,0.0,-0.0,-0.1,0.0,-0.0,-29.8,-0.0,-0.0,-0.1,--.--,--.--,--.--,--.--,1.8,1.8,125.0,-1.1,-0.2,0.8,288.15,--.--,--.--,0,0,0.0,0.0,0.0,0,0,0,--.--,--.--,--.--
2026-07-09 15:56:30.552,1.9,2.1,125,1.9,0.8,0.8,0.0,-1.6,0.000,0.1,29.5,67.5,66.2,29.621,0.000,0.000,0.000,0.0,00:00:31,0.0,2.4,1,--.--,0,--.--,--.--,0000:32:26,84,0,0,1,1,15.30,-1.00,-19,--.--,50,--.--,--:--:--,1,-15.30,15:56:30,20:56:30,7/9/26,--.--,--.--,--.--,--.--,--.--,--.--,--.--,--.--,--.--,--.--,--.--,--.--,0,--.--,--.--,--.--,--.--,--.--,--.--,--.--,--.--,--.--,--.--,--.--,--.--,--.--,--.--,--.--,--.--,0,0.000,0.000,0.000,0.000,0.000,0.000,0.000,0.000,0.000,0.000,0.000,0.000,true,true,true,true,true,true,false,false,true,true,false,false,0.04,0.00,0.02,0.03,--.--,--.--,0.15,0.17,9223372036854775808,0,--.--,--.--,--.--,--.--,--.--,0,0,0,0,37.4122951,-121.9985273,10SEG 88624 41081,0.7,1.1,18.0,3,10,--.--,--.--,,--.--,--.--,--.--,0,0,--.--,--.--,0,0.1,0.0,-29.7,-0.0,0.0,-0.1,0.0,-0.0,-29.9,-0.0,-0.0,-0.1,--.--,--.--,--.--,--.--,2.3,2.2,125.8,1.8,0.5,1.2,288.15,--.--,--.--,0,0,0.0,0.0,0.0,0,0,0,--.--,--.--,--.--
2026-07-09 15:56:31.552,2.0,2.2,126,-1.1,1.0,1.2,0.0,-0.8,0.000,0.1,29.5,67.5,66.2,29.616,0.000,0.000,0.000,0.0,00:00:32,0.1,1.4,1,--.--,0,--.--,--.--,0000:32:26,84,0,0,1,1,15.30,-1.00,-20,--.--,50,--.--,--:--:--,1,-15.30,15:56:31,20:56:31,7/9/26,--.--,--.--,--.--,--.--,--.--,--.--,--.--,--.--,--.--,--.--,--.--,--.--,0,--.--,--.--,--.--,--.--,--.--,--.--,--.--,--.--,--.--,--.--,--.--,--.--,--.--,--.--,--.--,--.--,0,0.000,0.000,0.000,0.000,0.000,0.000,0.000,0.000,0.000,0.000,0.000,0.000,true,true,true,true,true,true,false,false,true,true,false,false,0.04,0.00,0.01,0.02,--.--,--.--,0.15,0.17,9223372036854775808,0,--.--,--.--,--.--,--.--,--.--,0,0,0,0,37.4122950,-121.9985271,10SEG 88624 41081,0.7,1.1,238.4,3,10,--.--,--.--,,--.--,--.--,--.--,0,0,--.--,--.--,0,0.1,0.0,-29.7,-0.0,-0.0,-0.1,0.0,-0.0,-29.9,-0.0,-0.0,-0.1,--.--,--.--,--.--,--.--,1.8,2.5,126.7,-0.8,1.0,0.8,288.15,--.--,--.--,0,0,0.0,0.0,0.0,0,0,0,--.--,--.--,--.--
2026-07-09 15:56:32.552,1.4,1.9,127,-0.2,-1.3,0.6,0.0,-1.6,0.000,0.1,29.5,67.5,66.2,29.612,0.000,0.000,0.000,0.0,00:00:33,0.0,0.9,1,--.--,0,--.--,--.--,0000:32:26,84,0,0,1,1,15.30,-1.00,-20,--.--,50,--.--,--:--:--,1,-15.30,15:56:32,20:56:32,7/9/26,--.--,--.--,--.--,--.--,--.--,--.--,--.--,--.--,--.--,--.--,--.--,--.--,0,--.--,--.--,--.--,--.--,--.--,--.--,--.--,--.--,--.--,--.--,--.--,--.--,--.--,--.--,--.--,--.--,0,0.000,0.000,0.000,0.000,0.000,0.000,0.000,0.000,0.000,0.000,0.000,0.000,true,true,true,true,true,true,false,false,true,true,false,false,0.04,0.00,0.01,0.02,--.--,--.--,0.15,0.17,9223372036854775808,0,--.--,--.--,--.--,--.--,--.--,0,0,0,0,37.4122946,-121.9985276,10SEG 88624 41081,0.7,1.1,240.0,3,10,--.--,--.--,,--.--,--.--,--.--,0,0,--.--,--.--,0,0.0,-0.0,-29.7,0.0,-0.0,-0.1,0.0,-0.0,-29.9,0.0,-0.0,-0.1,--.--,--.--,--.--,--.--,1.4,1.8,127.6,-0.1,-0.7,0.4,288.15,--.--,--.--,0,0,0.0,0.0,0.0,0,0,0,--.--,--.--,--.--
2026-07-09 15:56:33.552,1.9,1.7,128,0.0,-0.1,0.6,0.0,1.5,0.000,0.1,29.5,67.5,66.2,29.605,0.000,0.000,0.000,0.0,00:00:34,0.0,0.6,1,--.--,0,--.--,--.--,0000:32:26,84,0,0,1,1,15.30,-1.00,-20,--.--,50,--.--,--:--:--,1,-15.30,15:56:33,20:56:33,7/9/26,--.--,--.--,--.--,--.--,--.--,--.--,--.--,--.--,--.--,--.--,--.--,--.--,0,--.--,--.--,--.--,--.--,--.--,--.--,--.--,--.--,--.--,--.--,--.--,--.--,--.--,--.--,--.--,--.--,0,0.000,0.000,0.000,0.000,0.000,0.000,0.000,0.000,0.000,0.000,0.000,0.000,true,true,true,true,true,true,false,false,true,true,false,false,0.04,0.00,0.02,0.01,--.--,--.--,0.15,0.17,9223372036854775808,0,--.--,--.--,--.--,--.--,--.--,0,0,0,0,37.4122946,-121.9985281,10SEG 88624 41081,0.7,1.1,317.7,3,10,--.--,--.--,,--.--,--.--,--.--,0,0,--.--,--.--,0,0.1,-0.0,-29.7,0.0,0.0,-0.1,0.0,-0.0,-29.9,-0.0,0.0,-0.1,--.--,--.--,--.--,--.--,1.8,1.7,128.2,-0.4,-0.2,0.8,288.15,--.--,--.--,0,0,0.0,0.0,0.0,0,0,0,--.--,--.--,--.--
2026-07-09 15:56:34.552,2.0,2.3,129,0.6,1.0,0.9,0.0,-1.3,0.000,0.1,29.5,67.5,66.2,29.614,0.000,0.000,0.000,0.0,00:00:35,0.0,0.6,1,--.--,0,--.--,--.--,0000:32:26,84,0,0,1,1,15.30,-1.00,-20,--.--,50,--.--,--:--:--,1,-15.30,15:56:34,20:56:34,7/9/26,--.--,--.--,--.--,--.--,--.--,--.--,--.--,--.--,--.--,--.--,--.--,--.--,0,--.--,--.--,--.--,--.--,--.--,--.--,--.--,--.--,--.--,--.--,--.--,--.--,--.--,--.--,--.--,--.--,0,0.000,0.000,0.000,0.000,0.000,0.000,0.000,0.000,0.000,0.000,0.000,0.000,true,true,true,true,true,true,false,false,true,true,false,false,0.04,0.00,0.02,0.01,--.--,--.--,0.15,0.17,9223372036854775808,0,--.--,--.--,--.--,--.--,--.--,0,0,0,0,37.4122949,-121.9985278,10SEG 88624 41081,0.7,1.1,73.4,3,10,--.--,--.--,,--.--,--.--,--.--,0,0,--.--,--.--,0,0.1,-0.0,-29.7,-0.0,0.0,-0.1,0.0,-0.0,-29.9,-0.0,0.0,-0.1,--.--,--.--,--.--,--.--,2.1,2.4,129.0,0.5,0.4,1.1,288.15,--.--,--.--,0,0,0.0,0.0,0.0,0,0,0,--.--,--.--,--.--
2026-07-09 15:56:35.552,1.9,1.8,129,-0.3,-0.7,1.0,0.0,-1.3,0.000,0.1,29.5,67.5,66.2,29.619,0.000,0.000,0.000,0.0,00:00:36,0.0,2.1,1,--.--,0,--.--,--.--,0000:32:26,83,0,0,1,1,15.30,-1.00,-21,--.--,50,--.--,--:--:--,1,-15.30,15:56:35,20:56:35,7/9/26,--.--,--.--,--.--,--.--,--.--,--.--,--.--,--.--,--.--,--.--,--.--,--.--,0,--.--,--.--,--.--,--.--,--.--,--.--,--.--,--.--,--.--,--.--,--.--,--.--,--.--,--.--,--.--,--.--,0,0.000,0.000,0.000,0.000,0.000,0.000,0.000,0.000,0.000,0.000,0.000,0.000,true,true,true,true,true,true,false,false,true,true,false,false,0.04,0.00,0.01,0.01,--.--,--.--,0.15,0.17,9223372036854775808,0,--.--,--.--,--.--,--.--,--.--,0,0,0,0,37.4122954,-121.9985280,10SEG 88624 41081,0.7,1.1,136.7,3,10,--.--,--.--,,--.--,--.--,--.--,0,0,--.--,--.--,0,0.1,-0.0,-29.7,-0.0,-0.0,-0.1,0.0,-0.0,-29.9,-0.0,0.0,-0.1,--.--,--.--,--.--,--.--,1.9,1.7,129.9,-0.2,-0.4,0.9,288.15,--.--,--.--,0,0,0.0,0.0,0.0,0,0,0,--.--,--.--,--.--
2026-07-09 15:56:36.552,2.1,1.9,130,0.4,-0.3,1.1,0.0,1.0,0.000,0.1,29.5,67.5,66.2,29.629,0.000,0.000,0.000,0.0,00:00:37,0.0,2.4,1,--.--,0,--.--,--.--,0000:32:26,84,0,0,1,1,15.30,-1.00,-21,--.--,50,--.--,--:--:--,1,-15.30,15:56:36,20:56:36,7/9/26,--.--,--.--,--.--,--.--,--.--,--.--,--.--,--.--,--.--,--.--,--.--,--.--,0,--.--,--.--,--.--,--.--,--.--,--.--,--.--,--.--,--.--,--.--,--.--,--.--,--.--,--.--,--.--,--.--,0,0.000,0.000,0.000,0.000,0.000,0.000,0.000,0.000,0.000,0.000,0.000,0.000,true,true,true,true,true,true,false,false,true,true,false,false,0.04,0.00,0.01,0.01,--.--,--.--,0.15,0.17,9223372036854775808,0,--.--,--.--,--.--,--.--,--.--,0,0,0,0,37.4122953,-121.9985279,10SEG 88624 41081,0.7,1.1,24.8,3,10,--.--,--.--,,--.--,--.--,--.--,0,0,--.--,--.--,0,0.1,-0.0,-29.8,-0.0,0.0,-0.1,0.0,-0.0,-29.9,-0.0,0.0,-0.1,--.--,--.--,--.--,--.--,2.2,1.7,131.0,0.4,-0.6,1.2,288.15,--.--,--.--,0,0,0.0,0.0,0.0,0,0,0,--.--,--.--,--.--
2026-07-09 15:56:37.552,2.1,1.9,132,-1.4,1.9,1.3,0.1,-1.5,0.000,0.1,29.5,67.5,66.2,29.612,0.000,0.000,0.000,0.0,00:00:38,0.0,0.8,1,--.--,0,--.--,--.--,0000:32:26,84,0,0,1,1,15.30,-1.00,-21,--.--,50,--.--,--:--:--,1,-15.30,15:56:37,20:56:37,7/9/26,--.--,--.--,--.--,--.--,--.--,--.--,--.--,--.--,--.--,--.--,--.--,--.--,0,--.--,--.--,--.--,--.--,--.--,--.--,--.--,--.--,--.--,--.--,--.--,--.--,--.--,--.--,--.--,--.--,0,0.000,0.000,0.000,0.000,0.000,0.000,0.000,0.000,0.000,0.000,0.000,0.000,true,true,true,true,true,true,false,false,true,true,false,false,0.04,0.01,0.01,0.01,--.--,--.--,0.15,0.17,9223372036854775808,0,--.--,--.--,--.--,--.--,--.--,0,0,0,0,37.4122950,-121.9985279,10SEG 88624 41081,0.7,1.1,177.1,3,10,--.--,--.--,,--.--,--.--,--.--,0,0,--.--,--.--,0,0.1,-0.0,-29.7,-0.1,0.0,-0.1,0.0,-0.0,-29.9,-0.0,-0.0,-0.1,--.--,--.--,--.--,--.--,1.8,2.4,132.2,-1.6,1.8,0.8,288.15,--.--,--.--,0,0,0.0,0.0,0.0,0,0,0,--.--,--.--,--.--
2026-07-09 15:56:38.552,1.8,2.1,133,1.0,-2.0,0.7,0.0,1.2,0.000,0.1,29.5,67.5,66.2,29.605,0.000,0.000,0.000,0.0,00:00:39,0.0,0.9,1,--.--,0,--.--,--.--,0000:32:26,84,0,0,1,1,15.30,-1.00,-21,--.--,50,--.--,--:--:--,1,-15.30,15:56:38,20:56:38,7/9/26,--.--,--.--,--.--,--.--,--.--,--.--,--.--,--.--,--.--,--.--,--.--,--.--,0,--.--,--.--,--.--,--.--,--.--,--.--,--.--,--.--,--.--,--.--,--.--,--.--,--.--,--.--,--.--,--.--,0,0.000,0.000,0.000,0.000,0.000,0.000,0.000,0.000,0.000,0.000,0.000,0.000,true,true,true,true,true,true,false,false,true,true,false,false,0.04,0.01,0.01,0.01,--.--,--.--,0.15,0.17,9223372036854775808,0,--.--,--.--,--.--,--.--,--.--,0,0,0,0,37.4122945,-121.9985274,10SEG 88624 41081,0.7,1.1,338.3,3,10,--.--,--.--,,--.--,--.--,--.--,0,0,--.--,--.--,0,0.0,-0.0,-29.7,0.0,-0.0,-0.1,0.0,-0.0,-29.9,0.0,-0.0,-0.1,--.--,--.--,--.--,--.--,1.9,1.6,133.0,0.7,-1.8,0.9,288.15,--.--,--.--,0,0,0.0,0.0,0.0,0,0,0,--.--,--.--,--.--
2026-07-09 15:56:39.552,1.9,1.8,133,-0.3,1.1,0.9,0.0,-0.7,0.000,0.1,29.5,67.5,66.2,29.609,0.000,0.000,0.000,0.0,00:00:40,0.0,3.4,1,--.--,0,--.--,--.--,0000:32:26,84,0,0,1,1,15.30,-1.00,-22,--.--,50,--.--,--:--:--,1,-15.30,15:56:39,20:56:39,7/9/26,--.--,--.--,--.--,--.--,--.--,--.--,--.--,--.--,--.--,--.--,--.--,--.--,0,--.--,--.--,--.--,--.--,--.--,--.--,--.--,--.--,--.--,--.--,--.--,--.--,--.--,--.--,--.--,--.--,0,0.000,0.000,0.000,0.000,0.000,0.000,0.000,0.000,0.000,0.000,0.000,0.000,true,true,true,true,true,true,false,false,true,true,false,false,0.04,0.00,0.01,0.03,--.--,--.--,0.15,0.17,9223372036854775808,0,--.--,--.--,--.--,--.--,--.--,0,0,0,0,37.4122945,-121.9985278,10SEG 88624 41081,0.7,1.1,144.8,3,10,--.--,--.--,,--.--,--.--,--.--,0,0,--.--,--.--,0,0.0,-0.0,-29.7,-0.0,0.0,-0.1,0.0,-0.0,-29.9,0.0,0.0,-0.1,--.--,--.--,--.--,--.--,1.9,2.0,133.9,-0.1,0.4,0.8,288.15,--.--,--.--,0,0,0.0,0.0,0.0,0,0,0,--.--,--.--,--.--
2026-07-09 15:56:40.552,2.3,1.6,134,0.2,-0.2,1.2,0.0,0.7,0.000,0.1,29.5,67.5,66.2,29.618,0.000,0.000,0.000,0.0,00:00:41,0.0,6.4,1,--.--,0,--.--,--.--,0000:32:26,83,0,0,1,1,15.30,-1.00,-22,--.--,50,--.--,--:--:--,1,-15.30,15:56:40,20:56:40,7/9/26,--.--,--.--,--.--,--.--,--.--,--.--,--.--,--.--,--.--,--.--,--.--,--.--,0,--.--,--.--,--.--,--.--,--.--,--.--,--.--,--.--,--.--,--.--,--.--,--.--,--.--,--.--,--.--,--.--,0,0.000,0.000,0.000,0.000,0.000,0.000,0.000,0.000,0.000,0.000,0.000,0.000,true,true,true,true,true,true,false,false,true,true,false,false,0.04,0.00,0.01,0.03,--.--,--.--,0.15,0.17,9223372036854775808,0,--.--,--.--,--.--,--.--,--.--,0,0,0,0,37.4122953,-121.9985272,10SEG 88624 41081,0.7,1.1,53.0,3,10,--.--,--.--,,--.--,--.--,--.--,0,0,--.--,--.--,0,0.1,0.0,-29.7,0.0,-0.0,-0.1,0.0,-0.0,-29.9,-0.0,-0.0,-0.1,--.--,--.--,--.--,--.--,2.3,1.6,134.9,0.1,0.0,1.3,288.15,--.--,--.--,0,0,0.0,0.0,0.0,0,0,0,--.--,--.--,--.--
2026-07-09 15:56:41.552,2.1,2.1,136,0.2,0.4,1.2,0.0,-1.1,0.000,0.1,29.5,67.5,66.2,29.615,0.000,0.000,0.000,0.0,00:00:42,0.1,2.2,1,--.--,0,--.--,--.--,0000:32:26,83,0,0,1,1,15.30,-1.00,-22,--.--,50,--.--,--:--:--,1,-15.30,15:56:41,20:56:41,7/9/26,--.--,--.--,--.--,--.--,--.--,--.--,--.--,--.--,--.--,--.--,--.--,--.--,0,--.--,--.--,--.--,--.--,--.--,--.--,--.--,--.--,--.--,--.--,--.--,--.--,--.--,--.--,--.--,--.--,0,0.000,0.000,0.000,0.000,0.000,0.000,0.000,0.000,0.000,0.000,0.000,0.000,true,true,true,true,true,true,false,false,true,true,false,false,0.04,0.01,0.01,0.02,--.--,--.--,0.15,0.17,9223372036854775808,0,--.--,--.--,--.--,--.--,--.--,0,0,0,0,37.4122953,-121.9985268,10SEG 88624 41081,0.7,1.1,160.0,3,10,--.--,--.--,,--.--,--.--,--.--,0,0,--.--,--.--,0,0.1,0.0,-29.7,-0.0,-0.0,-0.1,0.0,-0.0,-29.9,-0.0,-0.0,-0.1,--.--,--.--,--.--,--.--,2.2,2.1,136.2,0.3,-0.2,1.2,288.15,--.--,--.--,0,0,0.0,0.0,0.0,0,0,0,--.--,--.--,--.--
2026-07-09 15:56:42.552,1.9,1.4,137,-0.6,-0.2,1.1,0.0,-0.6,0.000,0.1,29.5,67.5,66.2,29.624,0.000,0.000,0.000,0.0,00:00:43,0.1,1.3,1,--.--,0,--.--,--.--,0000:32:26,84,0,0,1,1,15.30,-1.00,-22,--.--,50,--.--,--:--:--,1,-15.30,15:56:42,20:56:42,7/9/26,--.--,--.--,--.--,--.--,--.--,--.--,--.--,--.--,--.--,--.--,--.--,--.--,0,--.--,--.--,--.--,--.--,--.--,--.--,--.--,--.--,--.--,--.--,--.--,--.--,--.--,--.--,--.--,--.--,0,0.000,0.000,0.000,0.000,0.000,0.000,0.000,0.000,0.000,0.000,0.000,0.000,true,true,true,true,true,true,false,false,true,true,false,false,0.04,0.01,0.01,0.02,--.--,--.--,0.15,0.17,9223372036854775808,0,--.--,--.--,--.--,--.--,--.--,0,0,0,0,37.4122949,-121.9985273,10SEG 88624 41081,0.7,1.1,244.7,3,10,--.--,--.--,,--.--,--.--,--.--,0,0,--.--,--.--,0,0.1,0.0,-29.7,-0.0,-0.0,-0.1,0.0,-0.0,-29.9,-0.0,-0.0,-0.1,--.--,--.--,--.--,--.--,1.8,1.4,137.4,-0.3,0.2,0.8,288.15,--.--,--.--,0,0,0.0,0.0,0.0,0,0,0,--.--,--.--,--.--
2026-07-09 15:56:43.552,2.4,1.8,138,0.9,-0.8,1.1,0.0,1.5,0.000,0.1,29.5,67.5,66.2,29.614,0.000,0.000,0.000,0.0,00:00:44,0.1,3.0,1,--.--,0,--.--,--.--,0000:32:26,84,0,0,1,1,15.30,-1.00,-23,--.--,50,--.--,--:--:--,1,-15.30,15:56:43,20:56:43,7/9/26,--.--,--.--,--.--,--.--,--.--,--.--,--.--,--.--,--.--,--.--,--.--,--.--,0,--.--,--.--,--.--,--.--,--.--,--.--,--.--,--.--,--.--,--.--,--.--,--.--,--.--,--.--,--.--,--.--,0,0.000,0.000,0.000,0.000,0.000,0.000,0.000,0.000,0.000,0.000,0.000,0.000,true,true,true,true,true,true,false,false,true,true,false,false,0.04,0.00,0.01,0.02,--.--,--.--,0.15,0.17,9223372036854775808,0,--.--,--.--,--.--,--.--,--.--,0,0,0,0,37.4122951,-121.9985271,10SEG 88624 41081,0.7,1.1,204.6,3,10,--.--,--.--,,--.--,--.--,--.--,0,0,--.--,--.--,0,0.1,0.0,-29.7,-0.0,-0.0,-0.1,0.0,-0.0,-29.9,-0.0,-0.0,-0.1,--.--,--.--,--.--,--.--,2.4,1.4,138.4,0.1,-1.2,1.5,288.15,--.--,--.--,0,0,0.0,0.0,0.0,0,0,0,--.--,--.--,--.--
2026-07-09 15:56:44.552,1.7,2.0,139,0.8,1.6,0.9,0.0,1.2,0.000,0.1,29.5,67.5,66.2,29.629,0.000,0.000,0.000,0.0,00:00:45,0.1,2.8,1,--.--,0,--.--,--.--,0000:32:26,84,0,0,1,1,15.30,-1.00,-23,--.--,50,--.--,--:--:--,1,-15.30,15:56:44,20:56:44,7/9/26,--.--,--.--,--.--,--.--,--.--,--.--,--.--,--.--,--.--,--.--,--.--,--.--,0,--.--,--.--,--.--,--.--,--.--,--.--,--.--,--.--,--.--,--.--,--.--,--.--,--.--,--.--,--.--,--.--,0,0.000,0.000,0.000,0.000,0.000,0.000,0.000,0.000,0.000,0.000,0.000,0.000,true,true,true,true,true,true,false,false,true,true,false,false,0.04,0.00,0.01,0.02,--.--,--.--,0.15,0.17,9223372036854775808,0,--.--,--.--,--.--,--.--,--.--,0,0,0,0,37.4122950,-121.9985268,10SEG 88624 41081,0.7,1.1,122.3,3,10,--.--,--.--,,--.--,--.--,--.--,0,0,--.--,--.--,0,0.0,0.0,-29.8,-0.0,-0.0,-0.1,0.0,-0.0,-29.9,0.0,-0.0,-0.1,--.--,--.--,--.--,--.--,2.0,2.1,139.5,1.1,0.7,0.9,288.15,--.--,--.--,0,0,0.0,0.0,0.0,0,0,0,--.--,--.--,--.--
2026-07-09 15:56:45.552,2.1,1.1,140,-0.4,-0.7,1.1,0.0,1.1,0.000,0.1,29.5,67.5,66.2,29.626,0.000,0.000,0.000,0.0,00:00:46,0.1,1.6,1,--.--,0,--.--,--.--,0000:32:26,84,0,0,1,1,15.30,-1.00,-23,--.--,50,--.--,--:--:--,1,-15.30,15:56:45,20:56:45,7/9/26,--.--,--.--,--.--,--.--,--.--,--.--,--.--,--.--,--.--,--.--,--.--,--.--,0,--.--,--.--,--.--,--.--,--.--,--.--,--.--,--.--,--.--,--.--,--.--,--.--,--.--,--.--,--.--,--.--,0,0.000,0.000,0.000,0.000,0.000,0.000,0.000,0.000,0.000,0.000,0.000,0.000,true,true,true,true,true,true,false,false,true,true,false,false,0.04,0.01,0.01,0.02,--.--,--.--,0.15,0.17,9223372036854775808,0,--.--,--.--,--.--,--.--,--.--,0,0,0,0,37.4122954,-121.9985265,10SEG 88624 41081,0.7,1.1,289.0,3,10,--.--,--.--,,--.--,--.--,--.--,0,0,--.--,--.--,0,0.1,0.0,-29.8,0.0,-0.0,-0.1,0.0,-0.0,-29.9,-0.0,-0.0,-0.1,--.--,--.--,--.--,--.--,2.1,1.1,140.5,-0.3,0.0,1.1,288.15,--.--,--.--,0,0,0.0,0.0,0.0,0,0,0,--.--,--.--,--.--
2026-07-09 15:56:46.552,2.3,1.5,141,0.1,0.4,1.2,0.0,-1.0,0.000,0.1,29.5,67.5,66.2,29.622,0.000,0.000,0.000,0.0,00:00:47,0.1,2.1,1,--.--,0,--.--,--.--,0000:32:26,84,0,0,1,1,15.30,-1.00,-23,--.--,50,--.--,--:--:--,1,-15.30,15:56:46,20:56:46,7/9/26,--.--,--.--,--.--,--.--,--.--,--.--,--.--,--.--,--.--,--.--,--.--,--.--,0,--.--,--.--,--.--,--.--,--.--,--.--,--.--,--.--,--.--,--.--,--.--,--.--,--.--,--.--,--.--,--.--,0,0.000,0.000,0.000,0.000,0.000,0.000,0.000,0.000,0.000,0.000,0.000,0.000,true,true,true,true,true,true,false,false,true,true,false,false,0.04,0.01,0.01,0.02,--.--,--.--,0.15,0.17,9223372036854775808,0,--.--,--.--,--.--,--.--,--.--,0,0,0,0,37.4122953,-121.9985264,10SEG 88624 41081,0.7,1.1,106.1,3,10,--.--,--.--,,--.--,--.--,--.--,0,0,--.--,--.--,0,0.1,0.0,-29.7,-0.0,-0.0,-0.1,0.0,-0.0,-29.9,-0.0,-0.0,-0.1,--.--,--.--,--.--,--.--,2.3,1.6,141.7,0.1,0.3,1.3,288.15,--.--,--.--,0,0,0.0,0.0,0.0,0,0,0,--.--,--.--,--.--
2026-07-09 15:56:47.553,1.8,1.8,142,-0.5,-0.4,1.1,0.1,1.4,0.000,0.1,29.5,67.5,66.2,29.631,0.000,0.000,0.000,0.0,00:00:48,0.1,1.5,1,--.--,0,--.--,--.--,0000:32:26,84,0,0,1,1,15.30,-1.00,-24,--.--,50,--.--,--:--:--,1,-15.30,15:56:47,20:56:47,7/9/26,--.--,--.--,--.--,--.--,--.--,--.--,--.--,--.--,--.--,--.--,--.--,--.--,0,--.--,--.--,--.--,--.--,--.--,--.--,--.--,--.--,--.--,--.--,--.--,--.--,--.--,--.--,--.--,--.--,0,0.000,0.000,0.000,0.000,0.000,0.000,0.000,0.000,0.000,0.000,0.000,0.000,true,true,true,true,true,true,false,false,true,true,false,false,0.03,0.01,0.01,0.02,--.--,--.--,0.15,0.17,9223372036854775808,0,--.--,--.--,--.--,--.--,--.--,0,0,0,0,37.4122948,-121.9985263,10SEG 88624 41081,0.7,1.1,224.9,3,10,--.--,--.--,,--.--,--.--,--.--,0,0,--.--,--.--,0,0.0,0.0,-29.8,-0.0,-0.1,-0.1,0.0,-0.0,-29.9,-0.0,-0.0,-0.1,--.--,--.--,--.--,--.--,1.8,1.5,142.9,0.0,-0.9,0.8,288.15,--.--,--.--,0,0,0.0,0.0,0.0,0,0,0,--.--,--.--,--.--
2026-07-09 15:56:48.552,2.1,1.1,143,-0.1,1.1,1.0,0.0,-0.5,0.000,0.1,29.5,67.5,66.2,29.631,0.000,0.000,0.000,0.0,00:00:49,0.1,2.2,1,--.--,0,--.--,--.--,0000:32:26,84,0,0,1,1,15.30,-1.00,-24,--.--,50,--.--,--:--:--,1,-15.30,15:56:48,20:56:48,7/9/26,--.--,--.--,--.--,--.--,--.--,--.--,--.--,--.--,--.--,--.--,--.--,--.--,0,--.--,--.--,--.--,--.--,--.--,--.--,--.--,--.--,--.--,--.--,--.--,--.--,--.--,--.--,--.--,--.--,0,0.000,0.000,0.000,0.000,0.000,0.000,0.000,0.000,0.000,0.000,0.000,0.000,true,true,true,true,true,true,false,false,true,true,false,false,0.03,0.01,0.01,0.02,--.--,--.--,0.15,0.17,9223372036854775808,0,--.--,--.--,--.--,--.--,--.--,0,0,0,0,37.4122949,-121.9985267,10SEG 88624 41081,0.7,1.1,314.3,3,10,--.--,--.--,,--.--,--.--,--.--,0,0,--.--,--.--,0,0.1,0.0,-29.8,-0.0,-0.0,-0.1,0.0,-0.0,-29.9,-0.0,-0.0,-0.1,--.--,--.--,--.--,--.--,2.1,1.4,143.9,0.1,1.2,1.1,288.15,--.--,--.--,0,0,0.0,0.0,0.0,0,0,0,--.--,--.--,--.--
2026-07-09 15:56:49.552,2.5,1.5,145,-1.0,-0.7,1.4,0.1,-1.2,0.000,0.1,29.5,67.5,66.2,29.640,0.000,0.000,0.000,0.0,00:00:50,0.1,1.5,1,--.--,0,--.--,--.--,0000:32:26,83,0,0,1,1,15.30,-1.00,-25,--.--,50,--.--,--:--:--,1,-15.30,15:56:49,20:56:49,7/9/26,--.--,--.--,--.--,--.--,--.--,--.--,--.--,--.--,--.--,--.--,--.--,--.--,0,--.--,--.--,--.--,--.--,--.--,--.--,--.--,--.--,--.--,--.--,--.--,--.--,--.--,--.--,--.--,--.--,0,0.000,0.000,0.000,0.000,0.000,0.000,0.000,0.000,0.000,0.000,0.000,0.000,true,true,true,true,true,true,false,false,true,true,false,false,0.03,0.01,0.01,0.02,--.--,--.--,0.15,0.17,9223372036854775808,0,--.--,--.--,--.--,--.--,--.--,0,0,0,0,37.4122951,-121.9985266,10SEG 88624 41081,0.7,1.1,232.0,3,10,--.--,--.--,,--.--,--.--,--.--,0,0,--.--,--.--,0,0.0,0.1,-29.8,0.0,-0.1,-0.1,0.0,-0.0,-29.9,-0.0,-0.0,-0.1,--.--,--.--,--.--,--.--,2.2,1.3,145.1,-1.4,-0.7,1.2,288.15,--.--,--.--,0,0,0.0,0.0,0.0,0,0,0,--.--,--.--,--.--
2026-07-09 15:56:50.553,1.6,1.0,146,0.8,0.2,0.8,0.0,1.9,0.000,0.1,29.5,67.5,66.2,29.646,0.000,0.000,0.000,0.0,00:00:51,0.0,2.3,1,--.--,0,--.--,--.--,0000:32:26,84,0,0,1,1,15.30,-1.00,-25,--.--,50,--.--,--:--:--,1,-15.30,15:56:50,20:56:50,7/9/26,--.--,--.--,--.--,--.--,--.--,--.--,--.--,--.--,--.--,--.--,--.--,--.--,0,--.--,--.--,--.--,--.--,--.--,--.--,--.--,--.--,--.--,--.--,--.--,--.--,--.--,--.--,--.--,--.--,0,0.000,0.000,0.000,0.000,0.000,0.000,0.000,0.000,0.000,0.000,0.000,0.000,true,true,true,true,true,true,false,false,true,true,false,false,0.03,0.01,0.01,0.02,--.--,--.--,0.15,0.17,9223372036854775808,0,--.--,--.--,--.--,--.--,--.--,0,0,0,0,37.4122947,-121.9985274,10SEG 88624 41081,0.7,1.1,260.8,3,10,--.--,--.--,,--.--,--.--,--.--,0,0,--.--,--.--,0,0.0,0.0,-29.8,0.0,-0.0,-0.1,0.0,-0.0,-29.9,0.0,-0.0,-0.1,--.--,--.--,--.--,--.--,1.8,1.1,146.2,1.0,0.2,0.8,288.15,--.--,--.--,0,0,0.0,0.0,0.0,0,0,0,--.--,--.--,--.--
2026-07-09 15:56:51.552,2.5,0.8,147,0.2,-0.5,1.3,0.0,-0.5,0.000,0.1,29.5,67.5,66.2,29.643,0.000,0.000,0.000,0.0,00:00:52,0.0,6.3,1,--.--,0,--.--,--.--,0000:32:26,84,0,0,1,1,15.30,-1.00,-25,--.--,50,--.--,--:--:--,1,-15.30,15:56:51,20:56:51,7/9/26,--.--,--.--,--.--,--.--,--.--,--.--,--.--,--.--,--.--,--.--,--.--,--.--,0,--.--,--.--,--.--,--.--,--.--,--.--,--.--,--.--,--.--,--.--,--.--,--.--,--.--,--.--,--.--,--.--,0,0.000,0.000,0.000,0.000,0.000,0.000,0.000,0.000,0.000,0.000,0.000,0.000,true,true,true,true,true,true,false,false,true,true,false,false,0.03,0.00,0.01,0.03,--.--,--.--,0.15,0.17,9223372036854775808,0,--.--,--.--,--.--,--.--,--.--,0,0,0,0,37.4122950,-121.9985274,10SEG 88624 41081,0.7,1.1,341.0,3,10,--.--,--.--,,--.--,--.--,--.--,0,0,--.--,--.--,0,0.1,-0.0,-29.8,0.0,0.0,-0.1,0.0,-0.0,-29.9,-0.0,-0.0,-0.1,--.--,--.--,--.--,--.--,2.5,0.7,147.1,-0.2,-0.2,1.5,288.15,--.--,--.--,0,0,0.0,0.0,0.0,0,0,0,--.--,--.--,--.--
2026-07-09 15:56:52.552,2.1,1.5,148,0.6,1.5,1.2,0.0,1.6,0.000,0.1,29.5,67.5,66.2,29.663,0.000,0.000,0.000,0.0,00:00:53,0.0,2.9,1,--.--,0,--.--,--.--,0000:32:26,84,0,0,1,1,15.30,-1.00,-25,--.--,50,--.--,--:--:--,1,-15.30,15:56:52,20:56:52,7/9/26,--.--,--.--,--.--,--.--,--.--,--.--,--.--,--.--,--.--,--.--,--.--,--.--,0,--.--,--.--,--.--,--.--,--.--,--.--,--.--,--.--,--.--,--.--,--.--,--.--,--.--,--.--,--.--,--.--,0,0.000,0.000,0.000,0.000,0.000,0.000,0.000,0.000,0.000,0.000,0.000,0.000,true,true,true,true,true,true,false,false,true,true,false,false,0.03,0.00,0.01,0.03,--.--,--.--,0.15,0.17,9223372036854775808,0,--.--,--.--,--.--,--.--,--.--,0,0,0,0,37.4122943,-121.9985274,10SEG 88624 41081,0.7,1.1,147.1,3,10,--.--,--.--,,--.--,--.--,--.--,0,0,--.--,--.--,0,0.0,0.0,-29.8,-0.0,0.0,-0.1,0.0,-0.0,-29.9,0.0,-0.0,-0.1,--.--,--.--,--.--,--.--,2.3,1.7,148.5,0.7,1.0,1.2,288.15,--.--,--.--,0,0,0.0,0.0,0.0,0,0,0,--.--,--.--,--.--
2026-07-09 15:56:53.552,1.9,0.8,149,-1.2,-1.8,1.1,0.1,1.8,0.000,0.1,29.5,67.5,66.2,29.672,0.000,0.000,0.000,0.0,00:00:54,0.0,0.7,1,--.--,0,--.--,--.--,0000:32:26,84,0,0,1,1,15.30,-1.00,-26,--.--,50,--.--,--:--:--,1,-15.30,15:56:53,20:56:53,7/9/26,--.--,--.--,--.--,--.--,--.--,--.--,--.--,--.--,--.--,--.--,--.--,--.--,0,--.--,--.--,--.--,--.--,--.--,--.--,--.--,--.--,--.--,--.--,--.--,--.--,--.--,--.--,--.--,--.--,0,0.000,0.000,0.000,0.000,0.000,0.000,0.000,0.000,0.000,0.000,0.000,0.000,true,true,true,true,true,true,false,false,true,true,false,false,0.02,0.01,0.01,0.02,--.--,--.--,0.15,0.17,9223372036854775808,0,--.--,--.--,--.--,--.--,--.--,0,0,0,0,37.4122940,-121.9985275,10SEG 88624 41081,0.7,1.1,263.9,3,10,--.--,--.--,,--.--,--.--,--.--,0,0,--.--,--.--,0,0.0,-0.0,-29.8,0.0,-0.0,-0.1,0.0,-0.0,-29.9,0.0,0.0,-0.1,--.--,--.--,--.--,--.--,1.6,0.6,149.6,-1.0,-0.9,0.7,288.15,--.--,--.--,0,0,0.0,0.0,0.0,0,0,0,--.--,--.--,--.--
2026-07-09 15:56:54.552,2.4,1.5,150,1.0,0.7,1.0,0.0,-0.9,0.000,0.1,29.5,67.5,66.2,29.682,0.000,0.000,0.000,0.0,00:00:55,0.1,1.2,1,--.--,0,--.--,--.--,0000:32:26,83,0,0,1,1,15.30,-1.00,-26,--.--,50,--.--,--:--:--,1,-15.30,15:56:54,20:56:54,7/9/26,--.--,--.--,--.--,--.--,--.--,--.--,--.--,--.--,--.--,--.--,--.--,--.--,0,--.--,--.--,--.--,--.--,--.--,--.--,--.--,--.--,--.--,--.--,--.--,--.--,--.--,--.--,--.--,--.--,0,0.000,0.000,0.000,0.000,0.000,0.000,0.000,0.000,0.000,0.000,0.000,0.000,true,true,true,true,true,true,false,false,true,true,false,false,0.02,0.01,0.01,0.02,--.--,--.--,0.15,0.17,9223372036854775808,0,--.--,--.--,--.--,--.--,--.--,0,0,0,0,37.4122940,-121.9985275,10SEG 88624 41081,0.7,1.1,161.8,3,10,--.--,--.--,,--.--,--.--,--.--,0,0,--.--,--.--,0,-0.0,-0.0,-29.8,0.0,0.0,-0.1,0.0,-0.0,-29.9,0.0,-0.0,-0.1,--.--,--.--,--.--,--.--,2.5,1.4,150.6,0.1,-0.5,1.5,288.15,--.--,--.--,0,0,0.0,0.0,0.0,0,0,0,--.--,--.--,--.--
2026-07-09 15:56:55.552,1.9,0.5,151,-0.3,0.6,1.1,0.0,-1.8,0.000,0.0,29.6,67.5,66.2,29.686,0.000,0.000,0.000,0.0,00:00:56,0.0,1.3,1,--.--,0,--.--,--.--,0000:32:26,84,0,0,1,1,15.30,-1.00,-26,--.--,50,--.--,--:--:--,1,-15.30,15:56:55,20:56:55,7/9/26,--.--,--.--,--.--,--.--,--.--,--.--,--.--,--.--,--.--,--.--,--.--,--.--,0,--.--,--.--,--.--,--.--,--.--,--.--,--.--,--.--,--.--,--.--,--.--,--.--,--.--,--.--,--.--,--.--,0,0.000,0.000,0.000,0.000,0.000,0.000,0.000,0.000,0.000,0.000,0.000,0.000,true,true,true,true,true,true,false,false,true,true,false,false,0.02,0.01,0.01,0.01,--.--,--.--,0.15,0.17,9223372036854775808,0,--.--,--.--,--.--,--.--,--.--,0,0,0,0,37.4122939,-121.9985276,10SEG 88624 41081,0.7,1.1,275.0,3,10,--.--,--.--,,--.--,--.--,--.--,0,0,--.--,--.--,0,-0.0,-0.0,-29.8,0.0,0.0,-0.0,0.0,-0.0,-29.9,0.0,0.0,-0.0,--.--,--.--,--.--,--.--,1.9,0.8,151.7,-0.1,1.3,0.9,288.15,--.--,--.--,0,0,0.0,0.0,0.0,0,0,0,--.--,--.--,--.--
2026-07-09 15:56:56.552,2.6,0.9,152,0.7,-1.8,1.3,0.1,-0.3,0.000,0.0,29.6,67.5,66.2,29.709,0.000,0.000,0.000,0.0,00:00:57,0.0,0.8,1,--.--,0,--.--,--.--,0000:32:26,83,0,0,1,1,15.30,-1.00,-26,--.--,50,--.--,--:--:--,1,-15.30,15:56:56,20:56:56,7/9/26,--.--,--.--,--.--,--.--,--.--,--.--,--.--,--.--,--.--,--.--,--.--,--.--,0,--.--,--.--,--.--,--.--,--.--,--.--,--.--,--.--,--.--,--.--,--.--,--.--,--.--,--.--,--.--,--.--,0,0.000,0.000,0.000,0.000,0.000,0.000,0.000,0.000,0.000,0.000,0.000,0.000,true,true,true,true,true,true,false,false,true,true,false,false,0.02,0.01,0.01,0.01,--.--,--.--,0.15,0.17,9223372036854775808,0,--.--,--.--,--.--,--.--,--.--,0,0,0,0,37.4122942,-121.9985282,10SEG 88624 41081,0.7,1.1,14.2,3,10,--.--,--.--,,--.--,--.--,--.--,0,0,--.--,--.--,0,0.0,-0.0,-29.8,0.1,0.0,-0.0,0.0,-0.0,-29.9,0.0,0.0,-0.0,--.--,--.--,--.--,--.--,2.6,0.5,152.9,0.1,-1.6,1.6,288.15,--.--,--.--,0,0,0.0,0.0,0.0,0,0,0,--.--,--.--,--.--
2026-07-09 15:56:57.552,1.9,0.8,154,-0.1,1.5,1.2,0.0,-0.6,0.000,0.0,29.6,67.6,66.2,29.709,0.000,0.000,0.000,0.0,00:00:58,0.0,1.2,1,--.--,0,--.--,--.--,0000:32:26,84,0,0,1,1,15.30,-1.00,-27,--.--,50,--.--,--:--:--,1,-15.30,15:56:57,20:56:57,7/9/26,--.--,--.--,--.--,--.--,--.--,--.--,--.--,--.--,--.--,--.--,--.--,--.--,0,--.--,--.--,--.--,--.--,--.--,--.--,--.--,--.--,--.--,--.--,--.--,--.--,--.--,--.--,--.--,--.--,0,0.000,0.000,0.000,0.000,0.000,0.000,0.000,0.000,0.000,0.000,0.000,0.000,true,true,true,true,true,true,false,false,true,true,false,false,0.01,0.01,0.01,0.01,--.--,--.--,0.15,0.17,9223372036854775808,0,--.--,--.--,--.--,--.--,--.--,0,0,0,0,37.4122942,-121.9985281,10SEG 88624 41081,0.7,1.1,131.8,3,10,--.--,--.--,,--.--,--.--,--.--,0,0,--.--,--.--,0,0.0,-0.0,-29.8,0.0,0.0,-0.0,0.0,-0.0,-29.9,0.0,0.0,-0.0,--.--,--.--,--.--,--.--,2.0,1.1,154.2,0.5,1.2,1.0,288.15,--.--,--.--,0,0,0.0,0.0,0.0,0,0,0,--.--,--.--,--.--
2026-07-09 15:56:58.552,2.3,0.4,155,-0.5,-2.0,1.3,0.0,-2.1,0.000,0.0,29.6,67.6,66.2,29.704,0.000,0.000,0.000,0.0,00:00:59,0.0,0.5,1,--.--,0,--.--,--.--,0000:32:26,83,0,0,1,1,15.30,-1.00,-27,--.--,50,--.--,--:--:--,1,-15.30,15:56:58,20:56:58,7/9/26,--.--,--.--,--.--,--.--,--.--,--.--,--.--,--.--,--.--,--.--,--.--,--.--,0,--.--,--.--,--.--,--.--,--.--,--.--,--.--,--.--,--.--,--.--,--.--,--.--,--.--,--.--,--.--,--.--,0,0.000,0.000,0.000,0.000,0.000,0.000,0.000,0.000,0.000,0.000,0.000,0.000,true,true,true,true,true,true,false,false,true,true,false,false,0.01,0.01,0.01,0.01,--.--,--.--,0.15,0.17,9223372036854775808,0,--.--,--.--,--.--,--.--,--.--,0,0,0,0,37.4122948,-121.9985285,10SEG 88624 41081,0.7,1.1,333.9,3,10,--.--,--.--,,--.--,--.--,--.--,0,0,--.--,--.--,0,0.0,-0.1,-29.8,0.0,0.0,-0.0,0.0,-0.0,-29.9,0.0,0.0,-0.0,--.--,--.--,--.--,--.--,2.2,0.0,155.5,-0.5,-1.3,1.2,288.15,--.--,--.--,0,0,0.0,0.0,0.0,0,0,0,--.--,--.--,--.--
2026-07-09 15:56:59.552,2.8,0.2,156,1.0,0.9,1.5,0.1,1.7,0.000,0.0,29.6,67.6,66.2,29.706,0.000,0.000,0.000,0.0,00:01:00,0.0,0.5,1,--.--,0,--.--,--.--,0000:32:26,84,0,0,1,1,15.30,-1.00,-27,--.--,50,--.--,--:--:--,1,-15.30,15:56:59,20:56:59,7/9/26,--.--,--.--,--.--,--.--,--.--,--.--,--.--,--.--,--.--,--.--,--.--,--.--,0,--.--,--.--,--.--,--.--,--.--,--.--,--.--,--.--,--.--,--.--,--.--,--.--,--.--,--.--,--.--,--.--,0,0.000,0.000,0.000,0.000,0.000,0.000,0.000,0.000,0.000,0.000,0.000,0.000,true,true,true,true,true,true,false,false,true,true,false,false,0.02,0.01,0.01,0.01,--.--,--.--,0.15,0.17,9223372036854775808,0,--.--,--.--,--.--,--.--,--.--,0,0,0,0,37.4122951,-121.9985284,10SEG 88624 41081,0.7,1.1,47.0,3,10,--.--,--.--,,--.--,--.--,--.--,0,0,--.--,--.--,0,0.1,-0.0,-29.8,-0.0,0.1,-0.0,0.0,-0.0,-29.9,-0.0,0.0,-0.0,--.--,--.--,--.--,--.--,2.9,0.4,156.7,0.3,1.0,1.8,288.15,--.--,--.--,0,0,0.0,0.0,0.0,0,0,0,--.--,--.--,--.--
2026-07-09 15:57:00.553,2.4,1.0,158,-0.0,-0.2,1.6,0.0,-0.3,0.000,0.0,29.6,67.6,66.2,29.708,0.000,0.000,0.000,0.0,00:01:01,0.0,0.9,1,--.--,0,--.--,--.--,0000:32:26,84,0,0,1,1,15.30,-1.00,-27,--.--,50,--.--,--:--:--,1,-15.30,15:57:00,20:57:00,7/9/26,--.--,--.--,--.--,--.--,--.--,--.--,--.--,--.--,--.--,--.--,--.--,--.--,0,--.--,--.--,--.--,--.--,--.--,--.--,--.--,--.--,--.--,--.--,--.--,--.--,--.--,--.--,--.--,--.--,0,0.000,0.000,0.000,0.000,0.000,0.000,0.000,0.000,0.000,0.000,0.000,0.000,true,true,true,true,true,true,false,false,true,true,false,false,0.02,0.01,0.01,0.01,--.--,--.--,0.15,0.17,9223372036854775808,0,--.--,--.--,--.--,--.--,--.--,0,0,0,0,37.4122949,-121.9985277,10SEG 88624 41081,0.7,1.1,132.8,3,10,--.--,--.--,,--.--,--.--,--.--,0,0,--.--,--.--,0,0.1,-0.0,-29.8,-0.0,0.0,-0.0,0.0,-0.0,-29.9,-0.0,0.0,-0.0,--.--,--.--,--.--,--.--,2.5,0.8,158.4,0.2,-0.7,1.5,288.15,--.--,--.--,0,0,0.0,0.0,0.0,0,0,0,--.--,--.--,--.--
2026-07-09 15:57:01.552,2.7,0.1,160,0.2,1.1,1.7,0.0,-0.9,0.000,0.0,29.6,67.6,66.2,29.727,0.000,0.000,0.000,0.0,00:01:02,0.0,1.5,1,--.--,0,--.--,--.--,0000:32:26,83,0,0,1,1,15.30,-1.00,-28,--.--,50,--.--,--:--:--,1,-15.30,15:57:01,20:57:01,7/9/26,--.--,--.--,--.--,--.--,--.--,--.--,--.--,--.--,--.--,--.--,--.--,--.--,0,--.--,--.--,--.--,--.--,--.--,--.--,--.--,--.--,--.--,--.--,--.--,--.--,--.--,--.--,--.--,--.--,0,0.000,0.000,0.000,0.000,0.000,0.000,0.000,0.000,0.000,0.000,0.000,0.000,true,true,true,true,true,true,false,false,true,true,false,false,0.01,0.00,0.01,0.02,--.--,--.--,0.15,0.17,9223372036854775808,0,--.--,--.--,--.--,--.--,--.--,0,0,0,0,37.4122950,-121.9985275,10SEG 88624 41081,0.7,1.1,126.0,3,10,--.--,--.--,,--.--,--.--,--.--,0,0,--.--,--.--,0,0.1,-0.0,-29.9,-0.0,0.0,-0.0,0.0,-0.0,-29.9,-0.0,-0.0,-0.0,--.--,--.--,--.--,--.--,2.7,0.6,160.0,-0.0,1.9,1.7,288.15,--.--,--.--,0,0,0.0,0.0,0.0,0,0,0,--.--,--.--,--.--
2026-07-09 15:57:02.552,2.6,0.6,161,-0.1,-1.7,1.7,0.0,-0.4,0.000,-0.0,29.6,67.6,66.2,29.731,0.000,0.000,0.000,0.0,00:01:03,0.0,1.6,1,--.--,0,--.--,--.--,0000:32:26,84,0,0,1,1,15.30,-1.00,-28,--.--,50,--.--,--:--:--,1,-15.30,15:57:02,20:57:02,7/9/26,--.--,--.--,--.--,--.--,--.--,--.--,--.--,--.--,--.--,--.--,--.--,--.--,0,--.--,--.--,--.--,--.--,--.--,--.--,--.--,--.--,--.--,--.--,--.--,--.--,--.--,--.--,--.--,--.--,0,0.000,0.000,0.000,0.000,0.000,0.000,0.000,0.000,0.000,0.000,0.000,0.000,true,true,true,true,true,true,false,false,true,true,false,false,0.01,0.00,0.01,0.02,--.--,--.--,0.15,0.17,9223372036854775808,0,--.--,--.--,--.--,--.--,--.--,0,0,0,0,37.4122945,-121.9985273,10SEG 88624 41081,0.7,1.1,163.7,3,10,--.--,--.--,,--.--,--.--,--.--,0,0,--.--,--.--,0,0.0,0.0,-29.9,0.0,-0.0,0.0,0.0,-0.0,-29.9,0.0,-0.0,-0.0,--.--,--.--,--.--,--.--,2.5,0.3,161.7,-0.2,-1.3,1.5,288.15,--.--,--.--,0,0,0.0,0.0,0.0,0,0,0,--.--,--.--,--.--
2026-07-09 15:57:03.552,2.3,1.0,163,-0.8,0.9,1.4,0.0,0.9,0.000,-0.0,29.6,67.6,66.2,29.734,0.000,0.000,0.000,0.0,00:01:04,0.0,2.6,1,--.--,0,--.--,--.--,0000:32:26,84,0,0,1,1,15.30,-1.00,-28,--.--,50,--.--,--:--:--,1,-15.30,15:57:03,20:57:03,7/9/26,--.--,--.--,--.--,--.--,--.--,--.--,--.--,--.--,--.--,--.--,--.--,--.--,0,--.--,--.--,--.--,--.--,--.--,--.--,--.--,--.--,--.--,--.--,--.--,--.--,--.--,--.--,--.--,--.--,0,0.000,0.000,0.000,0.000,0.000,0.000,0.000,0.000,0.000,0.000,0.000,0.000,true,true,true,true,true,true,false,false,true,true,false,false,0.01,0.00,0.00,0.02,--.--,--.--,0.15,0.17,9223372036854775808,0,--.--,--.--,--.--,--.--,--.--,0,0,0,0,37.4122943,-121.9985277,10SEG 88624 41081,0.7,1.1,246.9,3,10,--.--,--.--,,--.--,--.--,--.--,0,0,--.--,--.--,0,0.0,-0.0,-29.9,0.0,-0.0,0.0,0.0,-0.0,-29.9,0.0,-0.0,0.0,--.--,--.--,--.--,--.--,2.2,0.9,163.1,-0.8,-0.5,1.2,288.15,--.--,--.--,0,0,0.0,0.0,0.0,0,0,0,--.--,--.--,--.--
2026-07-09 15:57:04.552,2.1,-0.1,164,0.6,0.3,1.1,0.0,-0.5,0.000,0.0,29.6,67.6,66.2,29.728,0.000,0.000,0.000,0.0,00:01:05,0.0,0.2,1,--.--,0,--.--,--.--,0000:32:26,84,0,0,1,1,15.30,-1.00,-28,--.--,50,--.--,--:--:--,1,-15.30,15:57:04,20:57:04,7/9/26,--.--,--.--,--.--,--.--,--.--,--.--,--.--,--.--,--.--,--.--,--.--,--.--,0,--.--,--.--,--.--,--.--,--.--,--.--,--.--,--.--,--.--,--.--,--.--,--.--,--.--,--.--,--.--,--.--,0,0.000,0.000,0.000,0.000,0.000,0.000,0.000,0.000,0.000,0.000,0.000,0.000,true,true,true,true,true,true,false,false,true,true,false,false,0.01,0.00,0.00,0.02,--.--,--.--,0.15,0.17,9223372036854775808,0,--.--,--.--,--.--,--.--,--.--,0,0,0,0,37.4122946,-121.9985278,10SEG 88624 41081,0.7,1.1,329.7,3,10,--.--,--.--,,--.--,--.--,--.--,0,0,--.--,--.--,0,0.0,-0.0,-29.9,0.0,0.0,-0.0,0.0,-0.0,-29.9,0.0,0.0,-0.0,--.--,--.--,--.--,--.--,2.3,-0.0,164.2,0.8,0.3,1.3,288.15,--.--,--.--,0,0,0.0,0.0,0.0,0,0,0,--.--,--.--,--.--
2026-07-09 15:57:05.552,2.9,0.0,165,-0.0,0.0,1.7,0.0,1.9,0.000,0.0,29.6,67.6,66.2,29.732,0.000,0.000,0.000,0.0,00:01:06,0.0,2.3,1,--.--,0,--.--,--.--,0000:32:26,83,0,0,1,1,15.30,-1.00,-29,--.--,50,--.--,--:--:--,1,-15.30,15:57:05,20:57:05,7/9/26,--.--,--.--,--.--,--.--,--.--,--.--,--.--,--.--,--.--,--.--,--.--,--.--,0,--.--,--.--,--.--,--.--,--.--,--.--,--.--,--.--,--.--,--.--,--.--,--.--,--.--,--.--,--.--,--.--,0,0.000,0.000,0.000,0.000,0.000,0.000,0.000,0.000,0.000,0.000,0.000,0.000,true,true,true,true,true,true,false,false,true,true,false,false,0.01,0.00,0.00,0.02,--.--,--.--,0.15,0.17,9223372036854775808,0,--.--,--.--,--.--,--.--,--.--,0,0,0,0,37.4122951,-121.9985282,10SEG 88624 41081,0.7,1.1,30.5,3,10,--.--,--.--,,--.--,--.--,--.--,0,0,--.--,--.--,0,0.1,-0.0,-29.9,0.0,0.0,-0.0,0.0,-0.0,-29.9,-0.0,0.0,0.0,--.--,--.--,--.--,--.--,2.8,0.0,165.3,-0.3,-0.0,1.8,288.15,--.--,--.--,0,0,0.0,0.0,0.0,0,0,0,--.--,--.--,--.--
2026-07-09 15:57:06.552,2.4,0.0,167,-0.5,0.0,1.9,0.0,-0.6,0.000,-0.0,29.6,67.6,66.2,29.741,0.000,0.000,0.000,0.0,00:01:07,0.1,1.9,1,--.--,0,--.--,--.--,0000:32:26,84,0,0,1,1,15.30,-1.00,-29,--.--,50,--.--,--:--:--,1,-15.30,15:57:06,20:57:06,7/9/26,--.--,--.--,--.--,--.--,--.--,--.--,--.--,--.--,--.--,--.--,--.--,--.--,0,--.--,--.--,--.--,--.--,--.--,--.--,--.--,--.--,--.--,--.--,--.--,--.--,--.--,--.--,--.--,--.--,0,0.000,0.000,0.000,0.000,0.000,0.000,0.000,0.000,0.000,0.000,0.000,0.000,true,true,true,true,true,true,false,false,true,true,false,false,0.01,0.00,0.00,0.02,--.--,--.--,0.15,0.17,9223372036854775808,0,--.--,--.--,--.--,--.--,--.--,0,0,0,0,37.4122955,-121.9985280,10SEG 88624 41081,0.7,1.1,218.8,3,10,--.--,--.--,,--.--,--.--,--.--,0,0,--.--,--.--,0,0.1,-0.0,-29.9,-0.0,0.0,0.0,0.0,-0.0,-29.9,-0.0,0.0,0.0,--.--,--.--,--.--,--.--,2.3,0.0,167.2,-0.1,0.0,1.3,288.15,--.--,--.--,0,0,0.0,0.0,0.0,0,0,0,--.--,--.--,--.--
2026-07-09 15:57:07.552,3.0,0.0,168,0.4,0.1,2.0,0.0,-1.5,0.000,0.0,29.6,67.6,66.2,29.732,0.000,0.000,0.000,0.0,00:01:08,0.1,1.8,1,--.--,0,--.--,--.--,0000:32:26,84,0,0,1,1,15.30,-1.00,-30,--.--,50,--.--,--:--:--,1,-15.30,15:57:07,20:57:07,7/9/26,--.--,--.--,--.--,--.--,--.--,--.--,--.--,--.--,--.--,--.--,--.--,--.--,0,--.--,--.--,--.--,--.--,--.--,--.--,--.--,--.--,--.--,--.--,--.--,--.--,--.--,--.--,--.--,--.--,0,0.000,0.000,0.000,0.000,0.000,0.000,0.000,0.000,0.000,0.000,0.000,0.000,true,true,true,true,true,true,false,false,true,true,false,false,0.02,0.01,0.00,0.01,--.--,--.--,0.15,0.17,9223372036854775808,0,--.--,--.--,--.--,--.--,--.--,0,0,0,0,37.4122958,-121.9985277,10SEG 88624 41081,0.7,1.1,103.0,3,10,--.--,--.--,,--.--,--.--,--.--,0,0,--.--,--.--,0,0.1,-0.0,-29.9,-0.0,0.0,-0.0,0.0,-0.0,-29.9,-0.1,-0.0,-0.0,--.--,--.--,--.--,--.--,3.0,0.0,169.0,0.1,0.0,2.0,288.15,--.--,--.--,0,0,0.0,0.0,0.0,0,0,0,--.--,--.--,--.--
2026-07-09 15:57:08.552,2.6,0.0,171,-0.3,0.0,2.0,0.0,0.5,0.000,-0.0,29.6,67.6,66.2,29.737,0.000,0.000,0.000,0.0,00:01:09,0.1,2.4,1,--.--,0,--.--,--.--,0000:32:26,84,0,0,1,1,15.30,-1.00,-30,--.--,50,--.--,--:--:--,1,-15.30,15:57:08,20:57:08,7/9/26,--.--,--.--,--.--,--.--,--.--,--.--,--.--,--.--,--.--,--.--,--.--,--.--,0,--.--,--.--,--.--,--.--,--.--,--.--,--.--,--.--,--.--,--.--,--.--,--.--,--.--,--.--,--.--,--.--,0,0.000,0.000,0.000,0.000,0.000,0.000,0.000,0.000,0.000,0.000,0.000,0.000,true,true,true,true,true,true,false,false,true,true,false,false,0.02,0.01,0.00,0.01,--.--,--.--,0.15,0.17,9223372036854775808,0,--.--,--.--,--.--,--.--,--.--,0,0,0,0,37.4122955,-121.9985277,10SEG 88624 41081,0.7,1.1,346.9,3,10,--.--,--.--,,--.--,--.--,--.--,0,0,--.--,--.--,0,0.1,-0.0,-29.9,-0.0,-0.0,0.0,0.0,-0.0,-29.9,-0.1,-0.0,0.0,--.--,--.--,--.--,--.--,2.6,-0.0,171.1,-0.2,-0.0,1.5,288.15,--.--,--.--,0,0,0.0,0.0,0.0,0,0,0,--.--,--.--,--.--
2026-07-09 15:57:09.552,2.8,0.0,173,0.4,0.1,2.0,0.0,1.2,0.000,0.0,29.6,67.6,66.2,29.733,0.000,0.000,0.000,0.0,00:01:10,0.1,2.1,1,--.--,0,--.--,--.--,0000:32:26,84,0,0,1,1,15.30,-1.00,-30,--.--,50,--.--,--:--:--,1,-15.30,15:57:09,20:57:09,7/9/26,--.--,--.--,--.--,--.--,--.--,--.--,--.--,--.--,--.--,--.--,--.--,--.--,0,--.--,--.--,--.--,--.--,--.--,--.--,--.--,--.--,--.--,--.--,--.--,--.--,--.--,--.--,--.--,--.--,0,0.000,0.000,0.000,0.000,0.000,0.000,0.000,0.000,0.000,0.000,0.000,0.000,true,true,true,true,true,true,false,false,true,true,false,false,0.02,0.00,0.00,0.01,--.--,--.--,0.15,0.17,9223372036854775808,0,--.--,--.--,--.--,--.--,--.--,0,0,0,0,37.4122953,-121.9985274,10SEG 88624 41081,0.7,1.1,95.8,3,10,--.--,--.--,,--.--,--.--,--.--,0,0,--.--,--.--,0,0.1,0.0,-29.9,-0.0,0.0,-0.0,0.0,-0.0,-29.9,-0.1,-0.0,0.0,--.--,--.--,--.--,--.--,2.8,0.0,173.1,0.2,0.0,1.8,288.15,--.--,--.--,0,0,0.0,0.0,0.0,0,0,0,--.--,--.--,--.--
2026-07-09 15:57:10.552,2.4,-0.0,175,-0.5,0.1,1.7,0.0,-1.1,0.000,0.0,29.6,67.6,66.2,29.725,0.000,0.000,0.000,0.0,00:01:11,0.1,1.6,1,--.--,0,--.--,--.--,0000:32:26,84,0,0,1,1,15.30,-1.00,-30,--.--,50,--.--,--:--:--,1,-15.30,15:57:10,20:57:10,7/9/26,--.--,--.--,--.--,--.--,--.--,--.--,--.--,--.--,--.--,--.--,--.--,--.--,0,--.--,--.--,--.--,--.--,--.--,--.--,--.--,--.--,--.--,--.--,--.--,--.--,--.--,--.--,--.--,--.--,0,0.000,0.000,0.000,0.000,0.000,0.000,0.000,0.000,0.000,0.000,0.000,0.000,true,true,true,true,true,true,false,false,true,true,false,false,0.02,0.00,0.00,0.01,--.--,--.--,0.15,0.17,9223372036854775808,0,--.--,--.--,--.--,--.--,--.--,0,0,0,0,37.4122951,-121.9985274,10SEG 88624 41081,0.7,1.1,184.7,3,10,--.--,--.--,,--.--,--.--,--.--,0,0,--.--,--.--,0,0.1,-0.0,-29.8,-0.0,-0.0,-0.0,0.0,-0.0,-29.9,-0.0,-0.0,-0.0,--.--,--.--,--.--,--.--,2.4,0.0,175.0,-0.1,0.1,1.3,288.15,--.--,--.--,0,0,0.0,0.0,0.0,0,0,0,--.--,--.--,--.--
2026-07-09 15:57:11.552,2.9,0.0,176,0.3,-0.0,1.8,0.0,1.2,0.000,0.0,29.6,67.6,66.2,29.723,0.000,0.000,0.000,0.0,00:01:12,0.1,8.4,1,--.--,0,--.--,--.--,0000:32:26,84,0,0,1,1,15.30,-1.00,-31,--.--,50,--.--,--:--:--,1,-15.30,15:57:11,20:57:11,7/9/26,--.--,--.--,--.--,--.--,--.--,--.--,--.--,--.--,--.--,--.--,--.--,--.--,0,--.--,--.--,--.--,--.--,--.--,--.--,--.--,--.--,--.--,--.--,--.--,--.--,--.--,--.--,--.--,--.--,0,0.000,0.000,0.000,0.000,0.000,0.000,0.000,0.000,0.000,0.000,0.000,0.000,true,true,true,true,true,true,false,false,true,true,false,false,0.01,0.00,0.00,0.01,--.--,--.--,0.15,0.17,9223372036854775808,0,--.--,--.--,--.--,--.--,--.--,0,0,0,0,37.4122955,-121.9985273,10SEG 88624 41081,0.7,1.1,20.0,3,10,--.--,--.--,,--.--,--.--,--.--,0,0,--.--,--.--,0,0.1,0.0,-29.8,-0.0,0.0,-0.0,0.0,-0.0,-29.9,-0.0,-0.0,-0.0,--.--,--.--,--.--,--.--,2.9,-0.0,176.7,0.1,-0.1,1.9,288.15,--.--,--.--,0,0,0.0,0.0,0.0,0,0,0,--.--,--.--,--.--
2026-07-09 15:57:12.552,2.4,0.0,178,-0.3,0.1,1.9,0.0,-0.8,0.000,0.0,29.6,67.6,66.2,29.729,0.000,0.000,0.000,0.0,00:01:13,0.1,5.8,1,--.--,0,--.--,--.--,0000:32:26,84,0,0,1,1,15.30,-1.00,-31,--.--,50,--.--,--:--:--,1,-15.30,15:57:12,20:57:12,7/9/26,--.--,--.--,--.--,--.--,--.--,--.--,--.--,--.--,--.--,--.--,--.--,--.--,0,--.--,--.--,--.--,--.--,--.--,--.--,--.--,--.--,--.--,--.--,--.--,--.--,--.--,--.--,--.--,--.--,0,0.000,0.000,0.000,0.000,0.000,0.000,0.000,0.000,0.000,0.000,0.000,0.000,true,true,true,true,true,true,false,false,true,true,false,false,0.01,0.00,0.00,0.01,--.--,--.--,0.15,0.17,9223372036854775808,0,--.--,--.--,--.--,--.--,--.--,0,0,0,0,37.4122956,-121.9985271,10SEG 88624 41081,0.7,1.1,343.3,3,10,--.--,--.--,,--.--,--.--,--.--,0,0,--.--,--.--,0,0.1,-0.0,-29.9,0.0,-0.0,-0.0,0.0,-0.0,-29.9,-0.1,0.0,-0.0,--.--,--.--,--.--,--.--,2.5,-0.0,178.7,0.4,0.1,1.4,288.15,--.--,--.--,0,0,0.0,0.0,0.0,0,0,0,--.--,--.--,--.--
2026-07-09 15:57:13.552,2.9,0.0,180,-0.2,0.1,2.3,0.0,0.4,0.000,0.0,29.6,67.6,66.2,29.732,0.000,0.000,0.000,0.0,00:01:14,0.1,12.8,1,--.--,0,--.--,--.--,0000:32:26,84,0,0,1,1,15.30,-1.00,-31,--.--,50,--.--,--:--:--,1,-15.30,15:57:13,20:57:13,7/9/26,--.--,--.--,--.--,--.--,--.--,--.--,--.--,--.--,--.--,--.--,--.--,--.--,0,--.--,--.--,--.--,--.--,--.--,--.--,--.--,--.--,--.--,--.--,--.--,--.--,--.--,--.--,--.--,--.--,0,0.000,0.000,0.000,0.000,0.000,0.000,0.000,0.000,0.000,0.000,0.000,0.000,true,true,true,true,true,true,false,false,true,true,false,false,0.01,0.01,0.00,0.02,--.--,--.--,0.15,0.17,9223372036854775808,0,--.--,--.--,--.--,--.--,--.--,0,0,0,0,37.4122960,-121.9985276,10SEG 88624 41081,0.7,1.1,224.4,3,10,--.--,--.--,,--.--,--.--,--.--,0,0,--.--,--.--,0,0.1,0.0,-29.9,-0.0,0.0,-0.0,0.0,-0.0,-29.9,-0.1,-0.0,0.0,--.--,--.--,--.--,--.--,2.8,-0.0,180.9,-0.4,0.1,1.8,288.15,--.--,--.--,0,0,0.0,0.0,0.0,0,0,0,--.--,--.--,--.--
2026-07-09 15:57:14.552,2.6,0.0,183,0.2,0.1,2.2,0.0,0.9,0.000,0.0,29.6,67.6,66.2,29.742,0.000,0.000,0.000,0.0,00:01:15,0.1,2.9,1,--.--,0,--.--,--.--,0000:32:26,84,0,0,1,1,15.30,-1.00,-31,--.--,50,--.--,--:--:--,1,-15.30,15:57:14,20:57:14,7/9/26,--.--,--.--,--.--,--.--,--.--,--.--,--.--,--.--,--.--,--.--,--.--,--.--,0,--.--,--.--,--.--,--.--,--.--,--.--,--.--,--.--,--.--,--.--,--.--,--.--,--.--,--.--,--.--,--.--,0,0.000,0.000,0.000,0.000,0.000,0.000,0.000,0.000,0.000,0.000,0.000,0.000,true,true,true,true,true,true,false,false,true,true,false,false,0.01,0.01,0.00,0.02,--.--,--.--,0.15,0.17,9223372036854775808,0,--.--,--.--,--.--,--.--,--.--,0,0,0,0,37.4122956,-121.9985278,10SEG 88624 41081,0.7,1.1,123.0,3,10,--.--,--.--,,--.--,--.--,--.--,0,0,--.--,--.--,0,0.1,-0.0,-29.9,-0.0,0.0,-0.0,0.0,-0.0,-29.9,-0.1,-0.0,0.0,--.--,--.--,--.--,--.--,2.6,0.0,183.3,0.4,0.0,1.6,288.15,--.--,--.--,0,0,0.0,0.0,0.0,0,0,0,--.--,--.--,--.--
2026-07-09 15:57:15.552,2.8,0.0,185,-0.1,0.2,2.2,0.0,-1.1,0.000,0.0,29.6,67.6,66.2,29.735,0.000,0.000,0.000,0.0,00:01:16,0.1,2.0,1,--.--,0,--.--,--.--,0000:32:26,84,0,0,1,1,15.30,-1.00,-32,--.--,50,--.--,--:--:--,1,-15.30,15:57:15,20:57:15,7/9/26,--.--,--.--,--.--,--.--,--.--,--.--,--.--,--.--,--.--,--.--,--.--,--.--,0,--.--,--.--,--.--,--.--,--.--,--.--,--.--,--.--,--.--,--.--,--.--,--.--,--.--,--.--,--.--,--.--,0,0.000,0.000,0.000,0.000,0.000,0.000,0.000,0.000,0.000,0.000,0.000,0.000,true,true,true,true,true,true,false,false,true,true,false,false,0.02,0.01,0.00,0.02,--.--,--.--,0.15,0.17,9223372036854775808,0,--.--,--.--,--.--,--.--,--.--,0,0,0,0,37.4122958,-121.9985277,10SEG 88624 41081,0.7,1.1,148.4,3,10,--.--,--.--,,--.--,--.--,--.--,0,0,--.--,--.--,0,0.1,0.0,-29.9,-0.0,0.0,-0.0,0.0,-0.0,-29.9,-0.1,-0.0,0.0,--.--,--.--,--.--,--.--,2.8,0.0,185.7,-0.2,0.1,1.8,288.15,--.--,--.--,0,0,0.0,0.0,0.0,0,0,0,--.--,--.--,--.--
2026-07-09 15:57:16.552,3.1,0.0,188,-0.3,0.1,2.2,0.1,0.8,0.000,0.0,29.6,67.6,66.2,29.726,0.000,0.000,0.000,0.0,00:01:17,0.1,1.3,1,--.--,0,--.--,--.--,0000:32:26,84,0,0,1,1,15.30,-1.00,-32,--.--,50,--.--,--:--:--,1,-15.30,15:57:16,20:57:16,7/9/26,--.--,--.--,--.--,--.--,--.--,--.--,--.--,--.--,--.--,--.--,--.--,--.--,0,--.--,--.--,--.--,--.--,--.--,--.--,--.--,--.--,--.--,--.--,--.--,--.--,--.--,--.--,--.--,--.--,0,0.000,0.000,0.000,0.000,0.000,0.000,0.000,0.000,0.000,0.000,0.000,0.000,true,true,true,true,true,true,false,false,true,true,false,false,0.02,0.01,0.00,0.02,--.--,--.--,0.15,0.17,9223372036854775808,0,--.--,--.--,--.--,--.--,--.--,0,0,0,0,37.4122954,-121.9985275,10SEG 88624 41081,0.7,1.1,160.2,3,10,--.--,--.--,,--.--,--.--,--.--,0,0,--.--,--.--,0,0.1,0.0,-29.9,-0.1,-0.0,-0.0,0.0,-0.0,-29.9,-0.0,-0.0,-0.0,--.--,--.--,--.--,--.--,3.0,-0.0,188.0,-0.7,0.1,2.0,288.15,--.--,--.--,0,0,0.0,0.0,0.0,0,0,0,--.--,--.--,--.--
2026-07-09 15:57:17.552,2.3,0.0,190,-0.1,0.0,1.4,0.1,-0.5,0.000,0.0,29.6,67.6,66.2,29.707,0.000,0.000,0.000,0.0,00:01:18,0.0,0.6,1,--.--,0,--.--,--.--,0000:32:26,84,0,0,1,1,15.30,-1.00,-32,--.--,50,--.--,--:--:--,1,-15.30,15:57:17,20:57:17,7/9/26,--.--,--.--,--.--,--.--,--.--,--.--,--.--,--.--,--.--,--.--,--.--,--.--,0,--.--,--.--,--.--,--.--,--.--,--.--,--.--,--.--,--.--,--.--,--.--,--.--,--.--,--.--,--.--,--.--,0,0.000,0.000,0.000,0.000,0.000,0.000,0.000,0.000,0.000,0.000,0.000,0.000,true,true,true,true,true,true,false,false,true,true,false,false,0.01,0.01,0.00,0.04,--.--,--.--,0.15,0.17,9223372036854775808,0,--.--,--.--,--.--,--.--,--.--,0,0,0,0,37.4122950,-121.9985276,10SEG 88624 41081,0.7,1.1,246.1,3,10,--.--,--.--,,--.--,--.--,--.--,0,0,--.--,--.--,0,0.0,-0.0,-29.8,-0.1,-0.0,-0.0,0.0,-0.0,-29.9,0.0,0.0,-0.0,--.--,--.--,--.--,--.--,2.3,-0.0,190.2,0.1,0.0,1.3,288.15,--.--,--.--,0,0,0.0,0.0,0.0,0,0,0,--.--,--.--,--.--
2026-07-09 15:57:18.552,2.5,0.0,191,0.7,-0.0,1.1,0.0,-0.8,0.000,0.0,29.6,67.6,66.2,29.697,0.000,0.000,0.000,0.0,00:01:19,0.0,0.7,1,--.--,0,--.--,--.--,0000:32:26,84,0,0,1,1,15.30,-1.00,-32,--.--,50,--.--,--:--:--,1,-15.30,15:57:18,20:57:18,7/9/26,--.--,--.--,--.--,--.--,--.--,--.--,--.--,--.--,--.--,--.--,--.--,--.--,0,--.--,--.--,--.--,--.--,--.--,--.--,--.--,--.--,--.--,--.--,--.--,--.--,--.--,--.--,--.--,--.--,0,0.000,0.000,0.000,0.000,0.000,0.000,0.000,0.000,0.000,0.000,0.000,0.000,true,true,true,true,true,true,false,false,true,true,false,false,0.01,0.01,0.00,0.04,--.--,--.--,0.15,0.17,9223372036854775808,0,--.--,--.--,--.--,--.--,--.--,0,0,0,0,37.4122947,-121.9985276,10SEG 88624 41081,0.7,1.1,35.6,3,10,--.--,--.--,,--.--,--.--,--.--,0,0,--.--,--.--,0,0.1,-0.0,-29.8,0.0,0.0,-0.0,0.0,-0.0,-29.9,-0.0,0.0,-0.0,--.--,--.--,--.--,--.--,2.6,-0.0,191.5,0.6,-0.0,1.6,288.15,--.--,--.--,0,0,0.0,0.0,0.0,0,0,0,--.--,--.--,--.--
2026-07-09 15:57:19.552,2.7,0.0,193,0.5,0.0,1.7,0.0,0.2,0.000,0.1,29.6,67.6,66.2,29.689,0.000,0.000,0.000,0.0,00:01:20,0.1,2.2,1,--.--,0,--.--,--.--,0000:32:26,85,0,0,1,1,15.30,-1.00,-33,--.--,50,--.--,--:--:--,1,-15.30,15:57:19,20:57:19,7/9/26,--.--,--.--,--.--,--.--,--.--,--.--,--.--,--.--,--.--,--.--,--.--,--.--,0,--.--,--.--,--.--,--.--,--.--,--.--,--.--,--.--,--.--,--.--,--.--,--.--,--.--,--.--,--.--,--.--,0,0.000,0.000,0.000,0.000,0.000,0.000,0.000,0.000,0.000,0.000,0.000,0.000,true,true,true,true,true,true,false,false,true,true,false,false,0.02,0.00,0.01,0.03,--.--,--.--,0.15,0.17,9223372036854775808,0,--.--,--.--,--.--,--.--,--.--,0,0,0,0,37.4122954,-121.9985270,10SEG 88624 41081,0.7,1.1,22.3,3,10,--.--,--.--,,--.--,--.--,--.--,0,0,--.--,--.--,0,0.1,0.0,-29.8,0.0,0.0,-0.1,0.0,-0.0,-29.9,-0.0,-0.0,-0.0,--.--,--.--,--.--,--.--,2.8,-0.0,193.0,0.2,0.0,1.8,288.15,--.--,--.--,0,0,0.0,0.0,0.0,0,0,0,--.--,--.--,--.--
2026-07-09 15:57:20.552,2.3,0.0,195,0.6,0.0,1.8,0.0,-1.7,0.000,0.1,29.6,67.5,66.2,29.686,0.000,0.000,0.000,0.0,00:01:21,0.1,9.5,1,--.--,0,--.--,--.--,0000:32:26,85,0,0,1,1,15.30,-1.00,-33,--.--,50,--.--,--:--:--,1,-15.30,15:57:20,20:57:20,7/9/26,--.--,--.--,--.--,--.--,--.--,--.--,--.--,--.--,--.--,--.--,--.--,--.--,0,--.--,--.--,--.--,--.--,--.--,--.--,--.--,--.--,--.--,--.--,--.--,--.--,--.--,--.--,--.--,--.--,0,0.000,0.000,0.000,0.000,0.000,0.000,0.000,0.000,0.000,0.000,0.000,0.000,true,true,true,true,true,true,false,false,true,true,false,false,0.02,0.00,0.01,0.03,--.--,--.--,0.15,0.17,9223372036854775808,0,--.--,--.--,--.--,--.--,--.--,0,0,0,0,37.4122959,-121.9985270,10SEG 88624 41081,0.7,1.1,33.5,3,10,--.--,--.--,,--.--,--.--,--.--,0,0,--.--,--.--,0,0.2,0.0,-29.8,-0.0,0.0,-0.1,0.0,-0.0,-29.9,-0.1,-0.0,-0.0,--.--,--.--,--.--,--.--,2.5,0.0,195.1,1.2,0.0,1.5,288.15,--.--,--.--,0,0,0.0,0.0,0.0,0,0,0,--.--,--.--,--.--
2026-07-09 15:57:21.552,3.1,0.0,197,-0.8,0.1,2.5,0.1,1.7,0.000,0.1,29.6,67.5,66.2,29.703,0.000,0.000,0.000,0.0,00:01:22,0.2,2.9,1,--.--,0,--.--,--.--,0000:32:26,85,0,0,1,1,15.30,-1.00,-33,--.--,50,--.--,--:--:--,1,-15.30,15:57:21,20:57:21,7/9/26,--.--,--.--,--.--,--.--,--.--,--.--,--.--,--.--,--.--,--.--,--.--,--.--,0,--.--,--.--,--.--,--.--,--.--,--.--,--.--,--.--,--.--,--.--,--.--,--.--,--.--,--.--,--.--,--.--,0,0.000,0.000,0.000,0.000,0.000,0.000,0.000,0.000,0.000,0.000,0.000,0.000,true,true,true,true,true,true,false,false,true,true,false,false,0.03,0.01,0.01,0.03,--.--,--.--,0.15,0.17,9223372036854775808,0,--.--,--.--,--.--,--.--,--.--,0,0,0,0,37.4122961,-121.9985263,10SEG 88624 41081,0.7,1.1,95.3,3,10,--.--,--.--,,--.--,--.--,--.--,0,0,--.--,--.--,0,0.2,0.1,-29.8,-0.0,-0.0,-0.1,0.0,-0.0,-29.9,-0.1,-0.1,-0.0,--.--,--.--,--.--,--.--,2.9,-0.0,197.4,-1.0,0.0,1.9,288.15,--.--,--.--,0,0,0.0,0.0,0.0,0,0,0,--.--,--.--,--.--
2026-07-09 15:57:22.552,2.7,0.0,199,0.6,0.1,2.0,0.1,0.9,0.000,0.0,29.6,67.6,66.2,29.688,0.000,0.000,0.000,0.0,00:01:23,0.1,1.0,1,--.--,0,--.--,--.--,0000:32:26,85,0,0,1,1,15.30,-1.00,-33,--.--,50,--.--,--:--:--,1,-15.30,15:57:22,20:57:22,7/9/26,--.--,--.--,--.--,--.--,--.--,--.--,--.--,--.--,--.--,--.--,--.--,--.--,0,--.--,--.--,--.--,--.--,--.--,--.--,--.--,--.--,--.--,--.--,--.--,--.--,--.--,--.--,--.--,--.--,0,0.000,0.000,0.000,0.000,0.000,0.000,0.000,0.000,0.000,0.000,0.000,0.000,true,true,true,true,true,true,false,false,true,true,false,false,0.03,0.01,0.01,0.03,--.--,--.--,0.15,0.17,9223372036854775808,0,--.--,--.--,--.--,--.--,--.--,0,0,0,0,37.4122955,-121.9985269,10SEG 88624 41081,0.7,1.1,166.4,3,10,--.--,--.--,,--.--,--.--,--.--,0,0,--.--,--.--,0,0.1,0.1,-29.8,-0.1,-0.1,-0.0,0.0,-0.0,-29.9,-0.0,-0.1,-0.0,--.--,--.--,--.--,--.--,2.9,-0.0,199.6,0.6,0.1,1.8,288.15,--.--,--.--,0,0,0.0,0.0,0.0,0,0,0,--.--,--.--,--.--
2026-07-09 15:57:23.552,2.6,-0.0,201,-0.9,-0.0,1.5,0.1,-1.3,0.000,0.1,29.6,67.5,66.2,29.652,0.000,0.000,0.000,0.0,00:01:24,0.1,0.8,1,--.--,0,--.--,--.--,0000:32:26,84,0,0,1,1,15.30,-1.00,-34,--.--,50,--.--,--:--:--,1,-15.30,15:57:23,20:57:23,7/9/26,--.--,--.--,--.--,--.--,--.--,--.--,--.--,--.--,--.--,--.--,--.--,--.--,0,--.--,--.--,--.--,--.--,--.--,--.--,--.--,--.--,--.--,--.--,--.--,--.--,--.--,--.--,--.--,--.--,0,0.000,0.000,0.000,0.000,0.000,0.000,0.000,0.000,0.000,0.000,0.000,0.000,true,true,true,true,true,true,false,false,true,true,false,false,0.03,0.00,0.01,0.03,--.--,--.--,0.15,0.17,9223372036854775808,0,--.--,--.--,--.--,--.--,--.--,0,0,0,0,37.4122946,-121.9985268,10SEG 88624 41081,0.7,1.1,212.9,3,10,--.--,--.--,,--.--,--.--,--.--,0,0,--.--,--.--,0,0.0,0.0,-29.8,-0.1,-0.1,-0.1,0.0,-0.0,-29.9,0.0,-0.0,-0.1,--.--,--.--,--.--,--.--,2.4,0.0,201.6,-0.8,0.1,1.4,288.15,--.--,--.--,0,0,0.0,0.0,0.0,0,0,0,--.--,--.--,--.--
2026-07-09 15:57:24.552,2.1,0.0,202,-0.1,0.0,0.6,0.0,0.8,0.000,0.1,29.5,67.5,66.2,29.630,0.000,0.000,0.000,0.0,00:01:25,0.1,2.4,1,--.--,0,--.--,--.--,0000:32:26,84,0,0,1,1,15.30,-1.00,-34,--.--,50,--.--,--:--:--,1,-15.30,15:57:24,20:57:24,7/9/26,--.--,--.--,--.--,--.--,--.--,--.--,--.--,--.--,--.--,--.--,--.--,--.--,0,--.--,--.--,--.--,--.--,--.--,--.--,--.--,--.--,--.--,--.--,--.--,--.--,--.--,--.--,--.--,--.--,0,0.000,0.000,0.000,0.000,0.000,0.000,0.000,0.000,0.000,0.000,0.000,0.000,true,true,true,true,true,true,false,false,true,true,false,false,0.03,0.00,0.01,0.03,--.--,--.--,0.15,0.17,9223372036854775808,0,--.--,--.--,--.--,--.--,--.--,0,0,0,0,37.4122939,-121.9985277,10SEG 88624 41081,0.7,1.1,252.6,3,10,--.--,--.--,,--.--,--.--,--.--,0,0,--.--,--.--,0,-0.0,-0.0,-29.8,-0.0,-0.0,-0.1,0.0,-0.0,-29.9,0.1,0.0,-0.1,--.--,--.--,--.--,--.--,2.1,0.0,202.8,-0.2,0.0,1.1,288.15,--.--,--.--,0,0,0.0,0.0,0.0,0,0,0,--.--,--.--,--.--
2026-07-09 15:57:25.552,2.0,0.0,203,-0.3,0.0,0.6,0.1,-0.4,0.000,0.1,29.5,67.5,66.2,29.627,0.000,0.000,0.000,0.0,00:01:26,0.0,0.5,1,--.--,0,--.--,--.--,0000:32:26,84,0,0,1,1,15.30,-1.00,-35,--.--,50,--.--,--:--:--,1,-15.30,15:57:25,20:57:25,7/9/26,--.--,--.--,--.--,--.--,--.--,--.--,--.--,--.--,--.--,--.--,--.--,--.--,0,--.--,--.--,--.--,--.--,--.--,--.--,--.--,--.--,--.--,--.--,--.--,--.--,--.--,--.--,--.--,--.--,0,0.000,0.000,0.000,0.000,0.000,0.000,0.000,0.000,0.000,0.000,0.000,0.000,true,true,true,true,true,true,false,false,true,true,false,false,0.03,0.00,0.01,0.03,--.--,--.--,0.15,0.17,9223372036854775808,0,--.--,--.--,--.--,--.--,--.--,0,0,0,0,37.4122942,-121.9985280,10SEG 88624 41081,0.7,1.1,340.9,3,10,--.--,--.--,,--.--,--.--,--.--,0,0,--.--,--.--,0,0.0,-0.0,-29.8,0.1,0.0,-0.1,0.0,-0.0,-29.9,0.0,0.0,-0.1,--.--,--.--,--.--,--.--,1.9,-0.0,203.3,-0.3,0.0,0.9,288.15,--.--,--.--,0,0,0.0,0.0,0.0,0,0,0,--.--,--.--,--.--
2026-07-09 15:57:26.548,2.3,0.0,203,0.4,0.0,1.3,0.1,0.5,0.000,0.1,29.5,67.5,66.2,29.642,0.000,0.000,0.000,0.0,00:01:27,0.1,0.6,1,--.--,0,--.--,--.--,0000:32:26,85,0,0,1,1,15.30,-1.00,-35,--.--,50,--.--,--:--:--,1,-15.30,15:57:26,20:57:26,7/9/26,--.--,--.--,--.--,--.--,--.--,--.--,--.--,--.--,--.--,--.--,--.--,--.--,0,--.--,--.--,--.--,--.--,--.--,--.--,--.--,--.--,--.--,--.--,--.--,--.--,--.--,--.--,--.--,--.--,0,0.000,0.000,0.000,0.000,0.000,0.000,0.000,0.000,0.000,0.000,0.000,0.000,true,true,true,true,true,true,false,false,true,true,false,false,0.03,0.00,0.01,0.03,--.--,--.--,0.15,0.17,9223372036854775808,0,--.--,--.--,--.--,--.--,--.--,0,0,0,0,37.4122953,-121.9985280,10SEG 88624 41081,0.7,1.1,19.3,3,10,--.--,--.--,,--.--,--.--,--.--,0,0,--.--,--.--,0,0.1,0.0,-29.8,0.1,0.1,-0.1,0.0,-0.0,-29.9,-0.1,-0.0,-0.1,--.--,--.--,--.--,--.--,2.3,0.0,204.0,-0.0,0.0,1.3,288.15,--.--,--.--,0,0,0.0,0.0,0.0,0,0,0,--.--,--.--,--.--
2026-07-09 15:57:27.546,2.3,-0.0,205,0.5,0.0,1.9,0.0,-1.4,0.000,0.1,29.5,67.5,66.2,29.676,0.000,0.000,0.000,0.0,00:01:28,0.2,3.4,1,--.--,0,--.--,--.--,0000:32:26,85,0,0,1,1,15.30,-1.00,-35,--.--,50,--.--,--:--:--,1,-15.30,15:57:27,20:57:27,7/9/26,--.--,--.--,--.--,--.--,--.--,--.--,--.--,--.--,--.--,--.--,--.--,--.--,0,--.--,--.--,--.--,--.--,--.--,--.--,--.--,--.--,--.--,--.--,--.--,--.--,--.--,--.--,--.--,--.--,0,0.000,0.000,0.000,0.000,0.000,0.000,0.000,0.000,0.000,0.000,0.000,0.000,true,true,true,true,true,true,false,false,true,true,false,false,0.03,0.01,0.01,0.03,--.--,--.--,0.15,0.17,9223372036854775808,0,--.--,--.--,--.--,--.--,--.--,0,0,0,0,37.4122958,-121.9985274,10SEG 88624 41081,0.7,1.1,57.2,3,10,--.--,--.--,,--.--,--.--,--.--,0,0,--.--,--.--,0,0.2,0.0,-29.8,-0.0,0.0,-0.1,0.0,-0.0,-29.9,-0.1,-0.0,-0.0,--.--,--.--,--.--,--.--,2.4,0.0,205.6,0.7,0.1,1.4,288.15,--.--,--.--,0,0,0.0,0.0,0.0,0,0,0,--.--,--.--,--.--
2026-07-09 15:57:28.549,3.0,0.0,207,0.6,0.1,2.2,0.1,0.6,0.000,0.1,29.6,67.5,66.2,29.689,0.000,0.000,0.000,0.0,00:01:29,0.1,1.3,1,--.--,0,--.--,--.--,0000:32:26,85,0,0,1,1,15.30,-1.00,-35,--.--,50,--.--,--:--:--,1,-15.30,15:57:28,20:57:28,7/9/26,--.--,--.--,--.--,--.--,--.--,--.--,--.--,--.--,--.--,--.--,--.--,--.--,0,--.--,--.--,--.--,--.--,--.--,--.--,--.--,--.--,--.--,--.--,--.--,--.--,--.--,--.--,--.--,--.--,0,0.000,0.000,0.000,0.000,0.000,0.000,0.000,0.000,0.000,0.000,0.000,0.000,true,true,true,true,true,true,false,false,true,true,false,false,0.03,0.01,0.01,0.03,--.--,--.--,0.15,0.17,9223372036854775808,0,--.--,--.--,--.--,--.--,--.--,0,0,0,0,37.4122956,-121.9985269,10SEG 88624 41081,0.7,1.1,131.4,3,10,--.--,--.--,,--.--,--.--,--.--,0,0,--.--,--.--,0,0.1,0.1,-29.8,-0.1,-0.0,-0.1,0.0,-0.0,-29.9,-0.1,-0.1,-0.0,--.--,--.--,--.--,--.--,3.0,-0.0,207.6,0.2,0.1,2.0,288.15,--.--,--.--,0,0,0.0,0.0,0.0,0,0,0,--.--,--.--,--.--
2026-07-09 15:57:29.555,2.2,-0.0,209,-1.1,0.0,1.5,0.1,0.5,0.000,0.0,29.6,67.5,66.2,29.685,0.000,0.000,0.000,0.0,00:01:30,0.1,0.6,1,--.--,0,--.--,--.--,0000:32:26,84,0,0,1,1,15.30,-1.00,-36,--.--,50,--.--,--:--:--,1,-15.30,15:57:29,20:57:29,7/9/26,--.--,--.--,--.--,--.--,--.--,--.--,--.--,--.--,--.--,--.--,--.--,--.--,0,--.--,--.--,--.--,--.--,--.--,--.--,--.--,--.--,--.--,--.--,--.--,--.--,--.--,--.--,--.--,--.--,0,0.000,0.000,0.000,0.000,0.000,0.000,0.000,0.000,0.000,0.000,0.000,0.000,true,true,true,true,true,true,false,false,true,true,false,false,0.02,0.00,0.01,0.04,--.--,--.--,0.15,0.17,9223372036854775808,0,--.--,--.--,--.--,--.--,--.--,0,0,0,0,37.4122949,-121.9985269,10SEG 88624 41081,0.7,1.1,215.6,3,10,--.--,--.--,,--.--,--.--,--.--,0,0,--.--,--.--,0,0.0,0.0,-29.8,-0.1,-0.1,-0.0,0.0,-0.0,-29.9,0.0,-0.0,-0.1,--.--,--.--,--.--,--.--,2.1,-0.0,209.5,-0.7,0.1,1.1,288.15,--.--,--.--,0,0,0.0,0.0,0.0,0,0,0,--.--,--.--,--.--
2026-07-09 15:57:30.548,2.1,-0.0,210,0.2,0.0,0.5,0.1,-1.3,0.000,0.0,29.6,67.5,66.2,29.666,0.000,0.000,0.000,0.0,00:01:31,0.1,1.0,1,--.--,0,--.--,--.--,0000:32:26,84,0,0,1,1,15.30,-1.00,-36,--.--,50,--.--,--:--:--,1,-15.30,15:57:30,20:57:30,7/9/26,--.--,--.--,--.--,--.--,--.--,--.--,--.--,--.--,--.--,--.--,--.--,--.--,0,--.--,--.--,--.--,--.--,--.--,--.--,--.--,--.--,--.--,--.--,--.--,--.--,--.--,--.--,--.--,--.--,0,0.000,0.000,0.000,0.000,0.000,0.000,0.000,0.000,0.000,0.000,0.000,0.000,true,true,true,true,true,true,false,false,true,true,false,false,0.02,0.00,0.01,0.04,--.--,--.--,0.15,0.17,9223372036854775808,0,--.--,--.--,--.--,--.--,--.--,0,0,0,0,37.4122942,-121.9985277,10SEG 88624 41081,0.7,1.1,234.3,3,10,--.--,--.--,,--.--,--.--,--.--,0,0,--.--,--.--,0,-0.0,-0.0,-29.8,-0.0,-0.0,-0.0,0.0,-0.0,-29.9,0.1,0.0,-0.1,--.--,--.--,--.--,--.--,2.1,0.0,210.6,0.3,0.1,1.1,288.15,--.--,--.--,0,0,0.0,0.0,0.0,0,0,0,--.--,--.--,--.--
2026-07-09 15:57:31.545,1.8,-0.0,210,-0.9,-0.0,0.4,0.0,-0.4,0.000,0.1,29.5,67.5,66.2,29.653,0.000,0.000,0.000,0.0,00:01:32,0.1,2.4,1,--.--,0,--.--,--.--,0000:32:26,83,0,0,1,1,15.30,-1.00,-36,--.--,50,--.--,--:--:--,1,-15.30,15:57:31,20:57:31,7/9/26,--.--,--.--,--.--,--.--,--.--,--.--,--.--,--.--,--.--,--.--,--.--,--.--,0,--.--,--.--,--.--,--.--,--.--,--.--,--.--,--.--,--.--,--.--,--.--,--.--,--.--,--.--,--.--,--.--,0,0.000,0.000,0.000,0.000,0.000,0.000,0.000,0.000,0.000,0.000,0.000,0.000,true,true,true,true,true,true,false,false,true,true,false,false,0.02,0.00,0.01,0.04,--.--,--.--,0.15,0.17,9223372036854775808,0,--.--,--.--,--.--,--.--,--.--,0,0,0,0,37.4122940,-121.9985284,10SEG 88624 41081,0.7,1.1,348.4,3,10,--.--,--.--,,--.--,--.--,--.--,0,0,--.--,--.--,0,-0.0,-0.1,-29.8,0.1,0.0,-0.1,0.0,-0.0,-29.9,0.0,0.0,-0.1,--.--,--.--,--.--,--.--,1.7,0.0,211.0,-0.9,0.0,0.7,288.15,--.--,--.--,0,0,0.0,0.0,0.0,0,0,0,--.--,--.--,--.--
2026-07-09 15:57:32.544,1.5,-0.0,210,0.7,0.0,0.4,0.1,-0.7,0.000,0.1,29.5,67.5,66.2,29.649,0.000,0.000,0.000,0.0,00:01:33,0.1,0.4,1,--.--,0,--.--,--.--,0000:32:26,84,0,0,1,1,15.30,-1.00,-36,--.--,50,--.--,--:--:--,1,-15.30,15:57:32,20:57:32,7/9/26,--.--,--.--,--.--,--.--,--.--,--.--,--.--,--.--,--.--,--.--,--.--,--.--,0,--.--,--.--,--.--,--.--,--.--,--.--,--.--,--.--,--.--,--.--,--.--,--.--,--.--,--.--,--.--,--.--,0,0.000,0.000,0.000,0.000,0.000,0.000,0.000,0.000,0.000,0.000,0.000,0.000,true,true,true,true,true,true,false,false,true,true,false,false,0.02,0.00,0.01,0.04,--.--,--.--,0.15,0.17,9223372036854775808,0,--.--,--.--,--.--,--.--,--.--,0,0,0,0,37.4122955,-121.9985282,10SEG 88624 41081,0.7,1.1,17.8,3,10,--.--,--.--,,--.--,--.--,--.--,0,0,--.--,--.--,0,0.1,-0.0,-29.8,0.1,0.1,-0.1,0.0,-0.0,-29.9,-0.1,0.0,-0.1,--.--,--.--,--.--,--.--,1.7,-0.0,210.9,0.8,0.0,0.7,288.15,--.--,--.--,0,0,0.0,0.0,0.0,0,0,0,--.--,--.--,--.--
2026-07-09 15:57:33.544,2.4,0.0,211,1.1,-0.0,1.6,0.1,-0.4,0.000,0.1,29.5,67.5,66.2,29.683,0.000,0.000,0.000,0.0,00:01:34,0.2,1.7,1,--.--,0,--.--,--.--,0000:32:26,85,0,0,1,1,15.30,-1.00,-37,--.--,50,--.--,--:--:--,1,-15.30,15:57:33,20:57:33,7/9/26,--.--,--.--,--.--,--.--,--.--,--.--,--.--,--.--,--.--,--.--,--.--,--.--,0,--.--,--.--,--.--,--.--,--.--,--.--,--.--,--.--,--.--,--.--,--.--,--.--,--.--,--.--,--.--,--.--,0,0.000,0.000,0.000,0.000,0.000,0.000,0.000,0.000,0.000,0.000,0.000,0.000,true,true,true,true,true,true,false,false,true,true,false,false,0.03,0.01,0.01,0.05,--.--,--.--,0.15,0.17,9223372036854775808,0,--.--,--.--,--.--,--.--,--.--,0,0,0,0,37.4122962,-121.9985270,10SEG 88624 41081,0.7,1.1,70.4,3,10,--.--,--.--,,--.--,--.--,--.--,0,0,--.--,--.--,0,0.2,0.1,-29.8,-0.0,0.1,-0.1,0.0,-0.0,-29.9,-0.1,-0.1,-0.0,--.--,--.--,--.--,--.--,2.6,-0.0,211.6,1.1,-0.0,1.6,288.15,--.--,--.--,0,0,0.0,0.0,0.0,0,0,0,--.--,--.--,--.--
2026-07-09 15:57:34.547,2.8,-0.0,213,-0.5,0.0,2.5,0.1,-0.3,0.000,0.1,29.6,67.6,66.2,29.720,0.000,0.000,0.000,0.0,00:01:35,0.2,2.5,1,--.--,0,--.--,--.--,0000:32:26,85,0,0,1,1,15.30,-1.00,-37,--.--,50,--.--,--:--:--,1,-15.30,15:57:34,20:57:34,7/9/26,--.--,--.--,--.--,--.--,--.--,--.--,--.--,--.--,--.--,--.--,--.--,--.--,0,--.--,--.--,--.--,--.--,--.--,--.--,--.--,--.--,--.--,--.--,--.--,--.--,--.--,--.--,--.--,--.--,0,0.000,0.000,0.000,0.000,0.000,0.000,0.000,0.000,0.000,0.000,0.000,0.000,true,true,true,true,true,true,false,false,true,true,false,false,0.03,0.01,0.01,0.05,--.--,--.--,0.15,0.17,9223372036854775808,0,--.--,--.--,--.--,--.--,--.--,0,0,0,0,37.4122960,-121.9985258,10SEG 88625 41081,0.7,1.1,147.3,3,10,--.--,--.--,,--.--,--.--,--.--,0,0,--.--,--.--,0,0.2,0.1,-29.8,-0.1,-0.1,-0.1,0.0,-0.0,-29.9,-0.1,-0.1,-0.0,--.--,--.--,--.--,--.--,2.7,0.0,213.5,-0.7,0.1,1.7,288.15,--.--,--.--,0,0,0.0,0.0,0.0,0,0,0,--.--,--.--,--.--
2026-07-09 15:57:35.552,2.6,-0.0,215,-0.2,0.1,1.7,0.2,1.4,0.000,0.0,29.6,67.6,66.2,29.692,0.000,0.000,0.000,0.0,00:01:36,0.1,0.6,1,--.--,0,--.--,--.--,0000:32:26,83,0,0,1,1,15.30,-1.00,-37,--.--,50,--.--,--:--:--,1,-15.30,15:57:35,20:57:35,7/9/26,--.--,--.--,--.--,--.--,--.--,--.--,--.--,--.--,--.--,--.--,--.--,--.--,0,--.--,--.--,--.--,--.--,--.--,--.--,--.--,--.--,--.--,--.--,--.--,--.--,--.--,--.--,--.--,--.--,0,0.000,0.000,0.000,0.000,0.000,0.000,0.000,0.000,0.000,0.000,0.000,0.000,true,true,true,true,true,true,false,false,true,true,false,false,0.03,0.00,0.01,0.04,--.--,--.--,0.15,0.17,9223372036854775808,0,--.--,--.--,--.--,--.--,--.--,0,0,0,0,37.4122949,-121.9985259,10SEG 88624 41081,0.7,1.1,211.7,3,10,--.--,--.--,,--.--,--.--,--.--,0,0,--.--,--.--,0,0.0,0.1,-29.8,-0.1,-0.1,-0.0,0.0,-0.0,-29.9,0.0,-0.1,-0.0,--.--,--.--,--.--,--.--,2.5,-0.0,215.1,-0.4,0.2,1.5,288.15,--.--,--.--,0,0,0.0,0.0,0.0,0,0,0,--.--,--.--,--.--
2026-07-09 15:57:36.544,1.9,-0.0,216,-1.0,-0.0,0.5,0.1,-1.1,0.000,0.0,29.6,67.5,66.2,29.663,0.000,0.000,0.000,0.0,00:01:37,0.1,0.7,1,--.--,0,--.--,--.--,0000:32:26,83,0,0,1,1,15.30,-1.00,-37,--.--,50,--.--,--:--:--,1,-15.30,15:57:36,20:57:36,7/9/26,--.--,--.--,--.--,--.--,--.--,--.--,--.--,--.--,--.--,--.--,--.--,--.--,0,--.--,--.--,--.--,--.--,--.--,--.--,--.--,--.--,--.--,--.--,--.--,--.--,--.--,--.--,--.--,--.--,0,0.000,0.000,0.000,0.000,0.000,0.000,0.000,0.000,0.000,0.000,0.000,0.000,true,true,true,true,true,true,false,false,true,true,false,false,0.03,0.00,0.01,0.04,--.--,--.--,0.15,0.17,9223372036854775808,0,--.--,--.--,--.--,--.--,--.--,0,0,0,0,37.4122937,-121.9985270,10SEG 88624 41081,0.7,1.1,249.5,3,10,--.--,--.--,,--.--,--.--,--.--,0,0,--.--,--.--,0,-0.1,-0.0,-29.8,-0.0,-0.1,-0.0,0.0,-0.0,-29.9,0.1,0.0,-0.1,--.--,--.--,--.--,--.--,1.7,0.0,216.3,-1.2,0.1,0.7,288.15,--.--,--.--,0,0,0.0,0.0,0.0,0,0,0,--.--,--.--,--.--
2026-07-09 15:57:37.548,1.4,-0.0,216,0.3,0.0,-0.5,0.0,-1.8,0.000,0.1,29.5,67.5,66.2,29.644,0.000,0.000,0.000,0.0,00:01:38,0.1,3.8,1,--.--,0,--.--,--.--,0000:32:26,82,0,0,1,1,15.30,-1.00,-38,--.--,50,--.--,--:--:--,1,-15.30,15:57:37,20:57:37,7/9/26,--.--,--.--,--.--,--.--,--.--,--.--,--.--,--.--,--.--,--.--,--.--,--.--,0,--.--,--.--,--.--,--.--,--.--,--.--,--.--,--.--,--.--,--.--,--.--,--.--,--.--,--.--,--.--,--.--,0,0.000,0.000,0.000,0.000,0.000,0.000,0.000,0.000,0.000,0.000,0.000,0.000,true,true,true,true,true,true,false,false,true,true,false,false,0.02,0.01,0.01,0.04,--.--,--.--,0.15,0.17,9223372036854775808,0,--.--,--.--,--.--,--.--,--.--,0,0,0,0,37.4122941,-121.9985282,10SEG 88624 41081,0.7,1.1,12.3,3,10,--.--,--.--,,--.--,--.--,--.--,0,0,--.--,--.--,0,-0.0,-0.1,-29.8,0.0,0.0,-0.1,0.0,-0.0,-29.9,0.1,0.0,-0.1,--.--,--.--,--.--,--.--,1.5,0.0,216.4,0.2,0.0,0.5,288.15,--.--,--.--,0,0,0.0,0.0,0.0,0,0,0,--.--,--.--,--.--
2026-07-09 15:57:38.544,1.6,0.0,216,-0.5,-0.0,0.3,0.1,0.2,0.000,0.1,29.5,67.5,66.2,29.644,0.000,0.000,0.000,0.0,00:01:39,0.0,0.1,1,--.--,0,--.--,--.--,0000:32:26,83,0,0,1,1,15.30,-1.00,-38,--.--,50,--.--,--:--:--,1,-15.30,15:57:38,20:57:38,7/9/26,--.--,--.--,--.--,--.--,--.--,--.--,--.--,--.--,--.--,--.--,--.--,--.--,0,--.--,--.--,--.--,--.--,--.--,--.--,--.--,--.--,--.--,--.--,--.--,--.--,--.--,--.--,--.--,--.--,0,0.000,0.000,0.000,0.000,0.000,0.000,0.000,0.000,0.000,0.000,0.000,0.000,true,true,true,true,true,true,false,false,true,true,false,false,0.02,0.01,0.01,0.04,--.--,--.--,0.15,0.17,9223372036854775808,0,--.--,--.--,--.--,--.--,--.--,0,0,0,0,37.4122954,-121.9985279,10SEG 88624 41081,0.7,1.1,21.7,3,10,--.--,--.--,,--.--,--.--,--.--,0,0,--.--,--.--,0,0.1,-0.0,-29.8,0.1,0.1,-0.1,0.0,-0.0,-29.9,-0.0,0.0,-0.1,--.--,--.--,--.--,--.--,1.5,0.0,216.0,-0.5,-0.1,0.5,288.15,--.--,--.--,0,0,0.0,0.0,0.0,0,0,0,--.--,--.--,--.--
2026-07-09 15:57:39.549,1.9,-0.0,216,1.9,0.1,1.1,0.1,1.6,0.000,0.1,29.5,67.5,66.2,29.689,0.000,0.000,0.000,0.0,00:01:40,0.2,1.4,1,--.--,0,--.--,--.--,0000:32:26,84,0,0,1,1,15.30,-1.00,-38,--.--,50,--.--,--:--:--,1,-15.30,15:57:39,20:57:39,7/9/26,--.--,--.--,--.--,--.--,--.--,--.--,--.--,--.--,--.--,--.--,--.--,--.--,0,--.--,--.--,--.--,--.--,--.--,--.--,--.--,--.--,--.--,--.--,--.--,--.--,--.--,--.--,--.--,--.--,0,0.000,0.000,0.000,0.000,0.000,0.000,0.000,0.000,0.000,0.000,0.000,0.000,true,true,true,true,true,true,false,false,true,true,false,false,0.02,0.01,0.01,0.04,--.--,--.--,0.15,0.17,9223372036854775808,0,--.--,--.--,--.--,--.--,--.--,0,0,0,0,37.4122963,-121.9985269,10SEG 88624 41081,0.7,1.1,75.5,3,10,--.--,--.--,,--.--,--.--,--.--,0,0,--.--,--.--,0,0.2,0.1,-29.8,0.0,0.1,-0.1,0.0,-0.0,-29.9,-0.1,-0.1,-0.0,--.--,--.--,--.--,--.--,2.3,-0.0,216.7,1.9,0.1,1.2,288.15,--.--,--.--,0,0,0.0,0.0,0.0,0,0,0,--.--,--.--,--.--
2026-07-09 15:57:40.544,2.2,-0.0,218,-1.3,-0.1,2.1,0.1,0.3,0.000,0.1,29.6,67.6,66.2,29.713,0.000,0.000,0.000,0.0,00:01:41,0.2,2.9,1,--.--,0,--.--,--.--,0000:32:26,84,0,0,1,1,15.30,-1.00,-38,--.--,50,--.--,--:--:--,1,-15.30,15:57:40,20:57:40,7/9/26,--.--,--.--,--.--,--.--,--.--,--.--,--.--,--.--,--.--,--.--,--.--,--.--,0,--.--,--.--,--.--,--.--,--.--,--.--,--.--,--.--,--.--,--.--,--.--,--.--,--.--,--.--,--.--,--.--,0,0.000,0.000,0.000,0.000,0.000,0.000,0.000,0.000,0.000,0.000,0.000,0.000,true,true,true,true,true,true,false,false,true,true,false,false,0.02,0.01,0.01,0.04,--.--,--.--,0.15,0.17,9223372036854775808,0,--.--,--.--,--.--,--.--,--.--,0,0,0,0,37.4122957,-121.9985260,10SEG 88624 41081,0.7,1.1,183.3,3,10,--.--,--.--,,--.--,--.--,--.--,0,0,--.--,--.--,0,0.2,0.1,-29.8,-0.1,-0.1,-0.1,0.0,-0.0,-29.9,-0.1,-0.1,-0.0,--.--,--.--,--.--,--.--,2.0,0.0,218.4,-1.0,0.1,1.0,288.15,--.--,--.--,0,0,0.0,0.0,0.0,0,0,0,--.--,--.--,--.--
2026-07-09 15:57:41.554,2.6,-0.0,219,0.3,0.0,1.4,0.2,0.2,0.000,0.0,29.6,67.6,66.2,29.694,0.000,0.000,0.000,0.0,00:01:42,0.1,0.6,1,--.--,0,--.--,--.--,0000:32:26,83,0,0,1,1,15.30,-1.00,-39,--.--,50,--.--,--:--:--,1,-15.30,15:57:41,20:57:41,7/9/26,--.--,--.--,--.--,--.--,--.--,--.--,--.--,--.--,--.--,--.--,--.--,--.--,0,--.--,--.--,--.--,--.--,--.--,--.--,--.--,--.--,--.--,--.--,--.--,--.--,--.--,--.--,--.--,--.--,0,0.000,0.000,0.000,0.000,0.000,0.000,0.000,0.000,0.000,0.000,0.000,0.000,true,true,true,true,true,true,false,false,true,true,false,false,0.02,0.01,0.01,0.04,--.--,--.--,0.15,0.17,9223372036854775808,0,--.--,--.--,--.--,--.--,--.--,0,0,0,0,37.4122951,-121.9985260,10SEG 88624 41081,0.7,1.1,193.0,3,10,--.--,--.--,,--.--,--.--,--.--,0,0,--.--,--.--,0,0.0,0.1,-29.8,-0.1,-0.1,-0.0,0.0,-0.0,-29.9,0.0,-0.1,-0.0,--.--,--.--,--.--,--.--,2.5,-0.0,219.7,-0.2,0.1,1.5,288.15,--.--,--.--,0,0,0.0,0.0,0.0,0,0,0,--.--,--.--,--.--
2026-07-09 15:57:42.548,1.4,-0.1,220,-0.6,-0.0,0.3,0.1,-1.6,0.000,0.0,29.6,67.5,66.2,29.674,0.000,0.000,0.000,0.0,00:01:43,0.1,0.6,1,--.--,0,--.--,--.--,0000:32:26,82,0,0,1,1,15.30,-1.00,-39,--.--,50,--.--,--:--:--,1,-15.30,15:57:42,20:57:42,7/9/26,--.--,--.--,--.--,--.--,--.--,--.--,--.--,--.--,--.--,--.--,--.--,--.--,0,--.--,--.--,--.--,--.--,--.--,--.--,--.--,--.--,--.--,--.--,--.--,--.--,--.--,--.--,--.--,--.--,0,0.000,0.000,0.000,0.000,0.000,0.000,0.000,0.000,0.000,0.000,0.000,0.000,true,true,true,true,true,true,false,false,true,true,false,false,0.02,0.01,0.01,0.04,--.--,--.--,0.15,0.17,9223372036854775808,0,--.--,--.--,--.--,--.--,--.--,0,0,0,0,37.4122940,-121.9985269,10SEG 88624 41081,0.7,1.1,247.8,3,10,--.--,--.--,,--.--,--.--,--.--,0,0,--.--,--.--,0,-0.0,-0.0,-29.8,-0.0,-0.1,-0.0,0.0,-0.0,-29.9,0.1,0.0,-0.1,--.--,--.--,--.--,--.--,1.4,0.0,220.5,-0.1,0.3,0.4,288.15,--.--,--.--,0,0,0.0,0.0,0.0,0,0,0,--.--,--.--,--.--
2026-07-09 15:57:43.544,1.8,0.0,220,-0.5,0.0,-0.1,0.0,1.3,0.000,0.0,29.5,67.5,66.2,29.667,0.000,0.000,0.000,0.0,00:01:44,0.1,3.8,1,--.--,0,--.--,--.--,0000:32:26,82,0,0,1,1,15.30,-1.00,-40,--.--,50,--.--,--:--:--,1,-15.30,15:57:43,20:57:43,7/9/26,--.--,--.--,--.--,--.--,--.--,--.--,--.--,--.--,--.--,--.--,--.--,--.--,0,--.--,--.--,--.--,--.--,--.--,--.--,--.--,--.--,--.--,--.--,--.--,--.--,--.--,--.--,--.--,--.--,0,0.000,0.000,0.000,0.000,0.000,0.000,0.000,0.000,0.000,0.000,0.000,0.000,true,true,true,true,true,true,false,false,true,true,false,false,0.02,0.01,0.01,0.04,--.--,--.--,0.15,0.17,9223372036854775808,0,--.--,--.--,--.--,--.--,--.--,0,0,0,0,37.4122939,-121.9985275,10SEG 88624 41081,0.7,1.1,344.4,3,10,--.--,--.--,,--.--,--.--,--.--,0,0,--.--,--.--,0,-0.1,-0.0,-29.8,0.1,-0.0,-0.0,0.0,-0.0,-29.9,0.1,0.0,-0.1,--.--,--.--,--.--,--.--,1.6,0.0,220.7,-1.1,-0.1,0.6,288.15,--.--,--.--,0,0,0.0,0.0,0.0,0,0,0,--.--,--.--,--.--
2026-07-09 15:57:44.544,1.2,-0.0,220,-0.5,0.1,0.1,0.1,-1.1,0.000,0.1,29.5,67.5,66.2,29.683,0.000,0.000,0.000,0.0,00:01:45,0.0,0.2,1,--.--,0,--.--,--.--,0000:32:26,82,0,0,1,1,15.30,-1.00,-40,--.--,50,--.--,--:--:--,1,-15.30,15:57:44,20:57:44,7/9/26,--.--,--.--,--.--,--.--,--.--,--.--,--.--,--.--,--.--,--.--,--.--,--.--,0,--.--,--.--,--.--,--.--,--.--,--.--,--.--,--.--,--.--,--.--,--.--,--.--,--.--,--.--,--.--,--.--,0,0.000,0.000,0.000,0.000,0.000,0.000,0.000,0.000,0.000,0.000,0.000,0.000,true,true,true,true,true,true,false,false,true,true,false,false,0.02,0.01,0.01,0.04,--.--,--.--,0.15,0.17,9223372036854775808,0,--.--,--.--,--.--,--.--,--.--,0,0,0,0,37.4122948,-121.9985278,10SEG 88624 41081,0.7,1.1,3.7,3,10,--.--,--.--,,--.--,--.--,--.--,0,0,--.--,--.--,0,0.1,-0.0,-29.8,0.1,0.1,-0.1,0.0,-0.0,-29.9,-0.0,-0.0,-0.0,--.--,--.--,--.--,--.--,1.1,-0.0,220.6,-0.5,0.1,0.1,288.15,--.--,--.--,0,0,0.0,0.0,0.0,0,0,0,--.--,--.--,--.--
2026-07-09 15:57:45.553,1.8,0.0,220,1.1,0.1,0.7,0.1,-0.7,0.000,0.0,29.6,67.6,66.2,29.734,0.000,0.000,0.000,0.0,00:01:46,0.1,1.6,1,--.--,0,--.--,--.--,0000:32:26,84,0,0,1,1,15.30,-1.00,-40,--.--,50,--.--,--:--:--,1,-15.30,15:57:45,20:57:45,7/9/26,--.--,--.--,--.--,--.--,--.--,--.--,--.--,--.--,--.--,--.--,--.--,--.--,0,--.--,--.--,--.--,--.--,--.--,--.--,--.--,--.--,--.--,--.--,--.--,--.--,--.--,--.--,--.--,--.--,0,0.000,0.000,0.000,0.000,0.000,0.000,0.000,0.000,0.000,0.000,0.000,0.000,true,true,true,true,true,true,false,false,true,true,false,false,0.01,0.01,0.01,0.04,--.--,--.--,0.15,0.17,9223372036854775808,0,--.--,--.--,--.--,--.--,--.--,0,0,0,0,37.4122953,-121.9985276,10SEG 88624 41081,0.7,1.1,61.1,3,10,--.--,--.--,,--.--,--.--,--.--,0,0,--.--,--.--,0,0.1,0.1,-29.9,0.0,0.1,-0.0,0.0,-0.0,-29.9,-0.1,-0.0,0.0,--.--,--.--,--.--,--.--,2.0,0.0,221.0,0.8,0.0,0.9,288.15,--.--,--.--,0,0,0.0,0.0,0.0,0,0,0,--.--,--.--,--.--
2026-07-09 15:57:46.550,2.1,-0.0,222,0.0,-0.0,1.6,0.0,1.6,0.000,0.0,29.6,67.6,66.2,29.754,0.000,0.000,0.000,0.0,00:01:47,0.1,12.4,1,--.--,0,--.--,--.--,0000:32:26,84,0,0,1,1,15.30,-1.00,-40,--.--,50,--.--,--:--:--,1,-15.30,15:57:46,20:57:46,7/9/26,--.--,--.--,--.--,--.--,--.--,--.--,--.--,--.--,--.--,--.--,--.--,--.--,0,--.--,--.--,--.--,--.--,--.--,--.--,--.--,--.--,--.--,--.--,--.--,--.--,--.--,--.--,--.--,--.--,0,0.000,0.000,0.000,0.000,0.000,0.000,0.000,0.000,0.000,0.000,0.000,0.000,true,true,true,true,true,true,false,false,true,true,false,false,0.01,0.01,0.01,0.04,--.--,--.--,0.15,0.17,9223372036854775808,0,--.--,--.--,--.--,--.--,--.--,0,0,0,0,37.4122954,-121.9985263,10SEG 88624 41081,0.7,1.1,109.2,3,10,--.--,--.--,,--.--,--.--,--.--,0,0,--.--,--.--,0,0.1,0.1,-29.9,-0.0,-0.0,-0.0,0.0,-0.0,-29.9,-0.1,-0.1,0.0,--.--,--.--,--.--,--.--,2.1,-0.0,222.2,-0.1,0.1,1.0,288.15,--.--,--.--,0,0,0.0,0.0,0.0,0,0,0,--.--,--.--,--.--
2026-07-09 15:57:47.548,1.8,-0.1,223,-0.2,0.1,1.2,0.1,-1.3,0.000,0.0,29.6,67.6,66.2,29.740,0.000,0.000,0.000,0.0,00:01:48,0.1,0.9,1,--.--,0,--.--,--.--,0000:32:26,83,0,0,1,1,15.30,-1.00,-41,--.--,50,--.--,--:--:--,1,-15.30,15:57:47,20:57:47,7/9/26,--.--,--.--,--.--,--.--,--.--,--.--,--.--,--.--,--.--,--.--,--.--,--.--,0,--.--,--.--,--.--,--.--,--.--,--.--,--.--,--.--,--.--,--.--,--.--,--.--,--.--,--.--,--.--,--.--,0,0.000,0.000,0.000,0.000,0.000,0.000,0.000,0.000,0.000,0.000,0.000,0.000,true,true,true,true,true,true,false,false,true,true,false,false,0.02,0.01,0.00,0.04,--.--,--.--,0.15,0.17,9223372036854775808,0,--.--,--.--,--.--,--.--,--.--,0,0,0,0,37.4122952,-121.9985269,10SEG 88624 41081,0.7,1.1,215.0,3,10,--.--,--.--,,--.--,--.--,--.--,0,0,--.--,--.--,0,0.0,0.0,-29.9,-0.1,-0.1,-0.0,0.0,-0.0,-29.9,0.0,-0.0,-0.0,--.--,--.--,--.--,--.--,1.7,0.0,223.4,-0.2,0.3,0.7,288.15,--.--,--.--,0,0,0.0,0.0,0.0,0,0,0,--.--,--.--,--.--
2026-07-09 15:57:48.545,1.4,-0.1,223,-0.0,0.1,0.2,0.1,-1.3,0.000,0.0,29.6,67.6,66.2,29.711,0.000,0.000,0.000,0.0,00:01:49,0.1,0.5,1,--.--,0,--.--,--.--,0000:32:26,81,0,0,1,1,15.30,-1.00,-41,--.--,50,--.--,--:--:--,1,-15.30,15:57:48,20:57:48,7/9/26,--.--,--.--,--.--,--.--,--.--,--.--,--.--,--.--,--.--,--.--,--.--,--.--,0,--.--,--.--,--.--,--.--,--.--,--.--,--.--,--.--,--.--,--.--,--.--,--.--,--.--,--.--,--.--,--.--,0,0.000,0.000,0.000,0.000,0.000,0.000,0.000,0.000,0.000,0.000,0.000,0.000,true,true,true,true,true,true,false,false,true,true,false,false,0.02,0.01,0.00,0.04,--.--,--.--,0.15,0.17,9223372036854775808,0,--.--,--.--,--.--,--.--,--.--,0,0,0,0,37.4122941,-121.9985276,10SEG 88624 41081,0.7,1.1,226.9,3,10,--.--,--.--,,--.--,--.--,--.--,0,0,--.--,--.--,0,-0.0,-0.0,-29.8,-0.0,-0.1,-0.0,0.0,-0.0,-29.9,0.1,0.0,-0.0,--.--,--.--,--.--,--.--,1.4,0.0,223.9,0.2,0.3,0.4,288.15,--.--,--.--,0,0,0.0,0.0,0.0,0,0,0,--.--,--.--,--.--
2026-07-09 15:57:49.545,1.4,0.0,223,-0.5,-0.0,-0.2,0.0,1.4,0.000,0.0,29.6,67.6,66.2,29.686,0.000,0.000,0.000,0.0,00:01:50,0.1,5.5,1,--.--,0,--.--,--.--,0000:32:26,81,0,0,1,1,15.30,-1.00,-41,--.--,50,--.--,--:--:--,1,-15.30,15:57:49,20:57:49,7/9/26,--.--,--.--,--.--,--.--,--.--,--.--,--.--,--.--,--.--,--.--,--.--,--.--,0,--.--,--.--,--.--,--.--,--.--,--.--,--.--,--.--,--.--,--.--,--.--,--.--,--.--,--.--,--.--,--.--,0,0.000,0.000,0.000,0.000,0.000,0.000,0.000,0.000,0.000,0.000,0.000,0.000,true,true,true,true,true,true,false,false,true,true,false,false,0.01,0.00,0.01,0.04,--.--,--.--,0.15,0.17,9223372036854775808,0,--.--,--.--,--.--,--.--,--.--,0,0,0,0,37.4122938,-121.9985282,10SEG 88624 41081,0.7,1.1,331.6,3,10,--.--,--.--,,--.--,--.--,--.--,0,0,--.--,--.--,0,-0.1,-0.1,-29.8,0.0,0.0,-0.0,0.0,-0.0,-29.9,0.1,0.1,-0.0,--.--,--.--,--.--,--.--,1.3,0.0,223.9,-0.5,-0.0,0.3,288.15,--.--,--.--,0,0,0.0,0.0,0.0,0,0,0,--.--,--.--,--.--
2026-07-09 15:57:50.544,1.1,-0.0,223,0.8,0.0,-0.1,0.1,1.2,0.000,0.0,29.6,67.5,66.2,29.690,0.000,0.000,0.000,0.0,00:01:51,0.0,0.3,1,--.--,0,--.--,--.--,0000:32:26,82,0,0,1,1,15.30,-1.00,-41,--.--,50,--.--,--:--:--,1,-15.30,15:57:50,20:57:50,7/9/26,--.--,--.--,--.--,--.--,--.--,--.--,--.--,--.--,--.--,--.--,--.--,--.--,0,--.--,--.--,--.--,--.--,--.--,--.--,--.--,--.--,--.--,--.--,--.--,--.--,--.--,--.--,--.--,--.--,0,0.000,0.000,0.000,0.000,0.000,0.000,0.000,0.000,0.000,0.000,0.000,0.000,true,true,true,true,true,true,false,false,true,true,false,false,0.01,0.00,0.01,0.04,--.--,--.--,0.15,0.17,9223372036854775808,0,--.--,--.--,--.--,--.--,--.--,0,0,0,0,37.4122943,-121.9985287,10SEG 88624 41081,0.7,1.1,27.1,3,10,--.--,--.--,,--.--,--.--,--.--,0,0,--.--,--.--,0,0.0,-0.0,-29.8,0.1,0.1,-0.0,0.0,-0.0,-29.9,0.0,0.0,-0.0,--.--,--.--,--.--,--.--,1.3,0.0,223.6,0.8,0.0,0.3,288.15,--.--,--.--,0,0,0.0,0.0,0.0,0,0,0,--.--,--.--,--.--
2026-07-09 15:57:51.555,1.3,-0.0,223,0.7,-0.0,0.5,0.1,-0.9,0.000,0.1,29.6,67.6,66.2,29.711,0.000,0.000,0.000,0.0,00:01:52,0.1,0.8,1,--.--,0,--.--,--.--,0000:32:26,83,0,0,1,1,15.30,-1.00,-42,--.--,50,--.--,--:--:--,1,-15.30,15:57:51,20:57:51,7/9/26,--.--,--.--,--.--,--.--,--.--,--.--,--.--,--.--,--.--,--.--,--.--,--.--,0,--.--,--.--,--.--,--.--,--.--,--.--,--.--,--.--,--.--,--.--,--.--,--.--,--.--,--.--,--.--,--.--,0,0.000,0.000,0.000,0.000,0.000,0.000,0.000,0.000,0.000,0.000,0.000,0.000,true,true,true,true,true,true,false,false,true,true,false,false,0.02,0.01,0.01,0.04,--.--,--.--,0.15,0.17,9223372036854775808,0,--.--,--.--,--.--,--.--,--.--,0,0,0,0,37.4122957,-121.9985271,10SEG 88624 41081,0.7,1.1,48.0,3,10,--.--,--.--,,--.--,--.--,--.--,0,0,--.--,--.--,0,0.1,0.0,-29.8,0.0,0.1,-0.1,0.0,-0.0,-29.9,-0.1,-0.0,-0.0,--.--,--.--,--.--,--.--,1.4,0.0,223.8,0.9,0.0,0.4,288.15,--.--,--.--,0,0,0.0,0.0,0.0,0,0,0,--.--,--.--,--.--
2026-07-09 15:57:52.553,2.1,0.0,224,-0.4,-0.1,1.4,0.1,1.5,0.000,0.0,29.6,67.6,66.2,29.730,0.000,0.000,0.000,0.0,00:01:53,0.2,2.8,1,--.--,0,--.--,--.--,0000:32:26,83,0,0,1,1,15.30,-1.00,-42,--.--,50,--.--,--:--:--,1,-15.30,15:57:52,20:57:52,7/9/26,--.--,--.--,--.--,--.--,--.--,--.--,--.--,--.--,--.--,--.--,--.--,--.--,0,--.--,--.--,--.--,--.--,--.--,--.--,--.--,--.--,--.--,--.--,--.--,--.--,--.--,--.--,--.--,--.--,0,0.000,0.000,0.000,0.000,0.000,0.000,0.000,0.000,0.000,0.000,0.000,0.000,true,true,true,true,true,true,false,false,true,true,false,false,0.02,0.01,0.01,0.04,--.--,--.--,0.15,0.17,9223372036854775808,0,--.--,--.--,--.--,--.--,--.--,0,0,0,0,37.4122957,-121.9985259,10SEG 88624 41081,0.7,1.1,130.3,3,10,--.--,--.--,,--.--,--.--,--.--,0,0,--.--,--.--,0,0.1,0.1,-29.9,-0.0,-0.0,-0.1,0.0,-0.0,-29.9,-0.1,-0.1,-0.0,--.--,--.--,--.--,--.--,1.9,0.0,224.8,-0.6,-0.1,0.9,288.15,--.--,--.--,0,0,0.0,0.0,0.0,0,0,0,--.--,--.--,--.--
2026-07-09 15:57:53.552,2.0,-0.0,226,0.8,0.1,1.2,0.1,-1.1,0.000,0.0,29.6,67.6,66.2,29.739,0.000,0.000,0.000,0.0,00:01:54,0.1,0.8,1,--.--,0,--.--,--.--,0000:32:26,82,0,0,1,1,15.30,-1.00,-42,--.--,50,--.--,--:--:--,1,-15.30,15:57:53,20:57:53,7/9/26,--.--,--.--,--.--,--.--,--.--,--.--,--.--,--.--,--.--,--.--,--.--,--.--,0,--.--,--.--,--.--,--.--,--.--,--.--,--.--,--.--,--.--,--.--,--.--,--.--,--.--,--.--,--.--,--.--,0,0.000,0.000,0.000,0.000,0.000,0.000,0.000,0.000,0.000,0.000,0.000,0.000,true,true,true,true,true,true,false,false,true,true,false,false,0.02,0.01,0.00,0.04,--.--,--.--,0.15,0.17,9223372036854775808,0,--.--,--.--,--.--,--.--,--.--,0,0,0,0,37.4122952,-121.9985263,10SEG 88624 41081,0.7,1.1,205.8,3,10,--.--,--.--,,--.--,--.--,--.--,0,0,--.--,--.--,0,0.1,0.1,-29.9,-0.1,-0.1,-0.0,0.0,-0.0,-29.9,-0.0,-0.1,0.0,--.--,--.--,--.--,--.--,2.1,0.0,226.0,0.6,0.2,1.1,288.15,--.--,--.--,0,0,0.0,0.0,0.0,0,0,0,--.--,--.--,--.--
2026-07-09 15:57:54.550,1.2,-0.1,226,-1.8,-0.1,0.4,0.1,-1.3,0.000,-0.0,29.6,67.6,66.2,29.715,0.000,0.000,0.000,0.0,00:01:55,0.0,0.4,1,--.--,0,--.--,--.--,0000:32:26,81,0,0,1,1,15.30,-1.00,-42,--.--,50,--.--,--:--:--,1,-15.30,15:57:54,20:57:54,7/9/26,--.--,--.--,--.--,--.--,--.--,--.--,--.--,--.--,--.--,--.--,--.--,--.--,0,--.--,--.--,--.--,--.--,--.--,--.--,--.--,--.--,--.--,--.--,--.--,--.--,--.--,--.--,--.--,--.--,0,0.000,0.000,0.000,0.000,0.000,0.000,0.000,0.000,0.000,0.000,0.000,0.000,true,true,true,true,true,true,false,false,true,true,false,false,0.02,0.01,0.00,0.04,--.--,--.--,0.15,0.17,9223372036854775808,0,--.--,--.--,--.--,--.--,--.--,0,0,0,0,37.4122945,-121.9985270,10SEG 88624 41081,0.7,1.1,239.7,3,10,--.--,--.--,,--.--,--.--,--.--,0,0,--.--,--.--,0,0.0,-0.0,-29.8,-0.0,-0.1,-0.0,0.0,-0.0,-29.9,0.0,0.0,-0.0,--.--,--.--,--.--,--.--,1.0,-0.0,226.9,-0.9,0.3,-0.0,288.15,--.--,--.--,0,0,0.0,0.0,0.0,0,0,0,--.--,--.--,--.--
2026-07-09 15:57:55.549,1.2,0.0,226,-0.2,0.1,-0.5,0.0,0.3,0.000,0.0,29.6,67.6,66.2,29.698,0.000,0.000,0.000,0.0,00:01:56,0.0,1.3,1,--.--,0,--.--,--.--,0000:32:26,81,0,0,1,1,15.30,-1.00,-43,--.--,50,--.--,--:--:--,1,-15.30,15:57:55,20:57:55,7/9/26,--.--,--.--,--.--,--.--,--.--,--.--,--.--,--.--,--.--,--.--,--.--,--.--,0,--.--,--.--,--.--,--.--,--.--,--.--,--.--,--.--,--.--,--.--,--.--,--.--,--.--,--.--,--.--,--.--,0,0.000,0.000,0.000,0.000,0.000,0.000,0.000,0.000,0.000,0.000,0.000,0.000,true,true,true,true,true,true,false,false,true,true,false,false,0.02,0.01,0.00,0.04,--.--,--.--,0.15,0.17,9223372036854775808,0,--.--,--.--,--.--,--.--,--.--,0,0,0,0,37.4122947,-121.9985281,10SEG 88624 41081,0.7,1.1,357.0,3,10,--.--,--.--,,--.--,--.--,--.--,0,0,--.--,--.--,0,0.0,-0.1,-29.8,-0.0,-0.0,-0.0,0.0,-0.0,-29.9,0.0,0.0,-0.0,--.--,--.--,--.--,--.--,1.1,0.0,226.9,-0.3,-0.0,0.1,288.15,--.--,--.--,0,0,0.0,0.0,0.0,0,0,0,--.--,--.--,--.--
2026-07-09 15:57:56.548,1.0,0.0,226,-0.4,-0.1,-0.2,0.1,0.2,0.000,0.0,29.6,67.6,66.2,29.699,0.000,0.000,0.000,0.0,00:01:57,0.1,0.5,1,--.--,0,--.--,--.--,0000:32:26,82,0,0,1,1,15.30,-1.00,-43,--.--,50,--.--,--:--:--,1,-15.30,15:57:56,20:57:56,7/9/26,--.--,--.--,--.--,--.--,--.--,--.--,--.--,--.--,--.--,--.--,--.--,--.--,0,--.--,--.--,--.--,--.--,--.--,--.--,--.--,--.--,--.--,--.--,--.--,--.--,--.--,--.--,--.--,--.--,0,0.000,0.000,0.000,0.000,0.000,0.000,0.000,0.000,0.000,0.000,0.000,0.000,true,true,true,true,true,true,false,false,true,true,false,false,0.02,0.01,0.00,0.04,--.--,--.--,0.15,0.17,9223372036854775808,0,--.--,--.--,--.--,--.--,--.--,0,0,0,0,37.4122953,-121.9985276,10SEG 88624 41081,0.7,1.1,24.1,3,10,--.--,--.--,,--.--,--.--,--.--,0,0,--.--,--.--,0,0.1,-0.0,-29.8,0.0,0.1,-0.0,0.0,-0.0,-29.9,-0.1,-0.0,-0.0,--.--,--.--,--.--,--.--,0.9,0.0,226.4,-0.3,-0.1,0.0,288.15,--.--,--.--,0,0,0.0,0.0,0.0,0,0,0,--.--,--.--,--.--
2026-07-09 15:57:57.547,1.6,0.0,226,-0.1,-0.0,0.6,0.1,0.2,0.000,0.0,29.6,67.6,66.2,29.734,0.000,0.000,0.000,0.0,00:01:58,0.2,2.3,1,--.--,0,--.--,--.--,0000:32:26,83,0,0,1,1,15.30,-1.00,-43,--.--,50,--.--,--:--:--,1,-15.30,15:57:57,20:57:57,7/9/26,--.--,--.--,--.--,--.--,--.--,--.--,--.--,--.--,--.--,--.--,--.--,--.--,0,--.--,--.--,--.--,--.--,--.--,--.--,--.--,--.--,--.--,--.--,--.--,--.--,--.--,--.--,--.--,--.--,0,0.000,0.000,0.000,0.000,0.000,0.000,0.000,0.000,0.000,0.000,0.000,0.000,true,true,true,true,true,true,false,false,true,true,false,false,0.04,0.00,0.00,0.04,--.--,--.--,0.15,0.17,9223372036854775808,0,--.--,--.--,--.--,--.--,--.--,0,0,0,0,37.4122958,-121.9985265,10SEG 88624 41081,0.7,1.1,62.4,3,10,--.--,--.--,,--.--,--.--,--.--,0,0,--.--,--.--,0,0.2,0.1,-29.9,-0.0,0.0,-0.0,0.0,-0.0,-29.9,-0.1,-0.1,0.0,--.--,--.--,--.--,--.--,1.5,-0.0,226.4,-0.3,-0.2,0.5,288.15,--.--,--.--,0,0,0.0,0.0,0.0,0,0,0,--.--,--.--,--.--
2026-07-09 15:57:58.547,2.1,0.0,227,0.1,-0.0,1.3,0.1,1.8,0.000,0.0,29.6,67.6,66.2,29.757,0.000,0.000,0.000,0.0,00:01:59,0.2,1.9,1,--.--,0,--.--,--.--,0000:32:26,83,0,0,1,1,15.30,-1.00,-43,--.--,50,--.--,--:--:--,1,-15.30,15:57:58,20:57:58,7/9/26,--.--,--.--,--.--,--.--,--.--,--.--,--.--,--.--,--.--,--.--,--.--,--.--,0,--.--,--.--,--.--,--.--,--.--,--.--,--.--,--.--,--.--,--.--,--.--,--.--,--.--,--.--,--.--,--.--,0,0.000,0.000,0.000,0.000,0.000,0.000,0.000,0.000,0.000,0.000,0.000,0.000,true,true,true,true,true,true,false,false,true,true,false,false,0.04,0.00,0.00,0.04,--.--,--.--,0.15,0.17,9223372036854775808,0,--.--,--.--,--.--,--.--,--.--,0,0,0,0,37.4122958,-121.9985259,10SEG 88624 41081,0.7,1.1,182.1,3,10,--.--,--.--,,--.--,--.--,--.--,0,0,--.--,--.--,0,0.1,0.1,-29.9,-0.1,-0.1,-0.0,0.0,-0.0,-29.9,-0.1,-0.1,0.0,--.--,--.--,--.--,--.--,2.1,-0.0,227.4,-0.3,-0.0,1.1,288.15,--.--,--.--,0,0,0.0,0.0,0.0,0,0,0,--.--,--.--,--.--
2026-07-09 15:57:59.548,1.8,-0.0,228,0.2,0.0,0.9,0.2,0.6,0.000,-0.0,29.6,67.6,66.2,29.733,0.000,0.000,0.000,0.0,00:02:00,0.1,0.6,1,--.--,0,--.--,--.--,0000:32:26,81,0,0,1,1,15.30,-1.00,-44,--.--,50,--.--,--:--:--,1,-15.30,15:57:59,20:57:59,7/9/26,--.--,--.--,--.--,--.--,--.--,--.--,--.--,--.--,--.--,--.--,--.--,--.--,0,--.--,--.--,--.--,--.--,--.--,--.--,--.--,--.--,--.--,--.--,--.--,--.--,--.--,--.--,--.--,--.--,0,0.000,0.000,0.000,0.000,0.000,0.000,0.000,0.000,0.000,0.000,0.000,0.000,true,true,true,true,true,true,false,false,true,true,false,false,0.02,0.00,0.01,0.04,--.--,--.--,0.15,0.17,9223372036854775808,0,--.--,--.--,--.--,--.--,--.--,0,0,0,0,37.4122948,-121.9985264,10SEG 88624 41081,0.7,1.1,221.5,3,10,--.--,--.--,,--.--,--.--,--.--,0,0,--.--,--.--,0,0.0,0.0,-29.9,-0.1,-0.1,0.0,0.0,-0.0,-29.9,0.0,-0.0,-0.0,--.--,--.--,--.--,--.--,1.8,-0.0,228.4,0.2,0.2,0.8,288.15,--.--,--.--,0,0,0.0,0.0,0.0,0,0,0,--.--,--.--,--.--
2026-07-09 15:58:00.548,1.2,-0.1,228,-0.8,-0.0,-0.1,0.1,-0.7,0.000,-0.0,29.6,67.6,66.2,29.719,0.000,0.000,0.000,0.0,00:02:01,0.1,0.6,1,--.--,0,--.--,--.--,0000:32:26,80,0,0,1,1,15.30,-1.00,-44,--.--,50,--.--,--:--:--,1,-15.30,15:58:00,20:58:00,7/9/26,--.--,--.--,--.--,--.--,--.--,--.--,--.--,--.--,--.--,--.--,--.--,--.--,0,--.--,--.--,--.--,--.--,--.--,--.--,--.--,--.--,--.--,--.--,--.--,--.--,--.--,--.--,--.--,--.--,0,0.000,0.000,0.000,0.000,0.000,0.000,0.000,0.000,0.000,0.000,0.000,0.000,true,true,true,true,true,true,false,false,true,true,false,false,0.02,0.00,0.01,0.04,--.--,--.--,0.15,0.17,9223372036854775808,0,--.--,--.--,--.--,--.--,--.--,0,0,0,0,37.4122941,-121.9985276,10SEG 88624 41081,0.7,1.1,271.2,3,10,--.--,--.--,,--.--,--.--,--.--,0,0,--.--,--.--,0,-0.0,-0.1,-29.8,-0.0,-0.1,0.0,0.0,-0.0,-29.9,0.1,0.0,-0.0,--.--,--.--,--.--,--.--,1.0,-0.0,228.8,-0.7,0.2,0.1,288.15,--.--,--.--,0,0,0.0,0.0,0.0,0,0,0,--.--,--.--,--.--
2026-07-09 15:58:01.549,1.0,0.0,228,-0.0,0.1,-0.6,0.0,0.5,0.000,-0.0,29.6,67.6,66.2,29.703,0.000,0.000,0.000,0.0,00:02:02,0.1,3.1,1,--.--,0,--.--,--.--,0000:32:26,80,0,0,1,1,15.30,-1.00,-45,--.--,50,--.--,--:--:--,1,-15.30,15:58:01,20:58:01,7/9/26,--.--,--.--,--.--,--.--,--.--,--.--,--.--,--.--,--.--,--.--,--.--,--.--,0,--.--,--.--,--.--,--.--,--.--,--.--,--.--,--.--,--.--,--.--,--.--,--.--,--.--,--.--,--.--,--.--,0,0.000,0.000,0.000,0.000,0.000,0.000,0.000,0.000,0.000,0.000,0.000,0.000,true,true,true,true,true,true,false,false,true,true,false,false,0.01,0.00,0.00,0.04,--.--,--.--,0.15,0.17,9223372036854775808,0,--.--,--.--,--.--,--.--,--.--,0,0,0,0,37.4122947,-121.9985283,10SEG 88624 41081,0.7,1.1,16.9,3,10,--.--,--.--,,--.--,--.--,--.--,0,0,--.--,--.--,0,0.0,-0.1,-29.8,0.0,0.0,-0.0,0.0,-0.0,-29.9,0.0,0.1,-0.0,--.--,--.--,--.--,--.--,0.9,-0.0,228.5,-0.1,-0.0,0.0,288.15,--.--,--.--,0,0,0.0,0.0,0.0,0,0,0,--.--,--.--,--.--
2026-07-09 15:58:02.550,1.0,0.0,227,0.1,-0.1,-0.1,0.1,1.6,0.000,0.0,29.6,67.6,66.2,29.711,0.000,0.000,0.000,0.0,00:02:03,0.1,0.5,1,--.--,0,--.--,--.--,0000:32:26,81,0,0,1,1,15.30,-1.00,-45,--.--,50,--.--,--:--:--,1,-15.30,15:58:02,20:58:02,7/9/26,--.--,--.--,--.--,--.--,--.--,--.--,--.--,--.--,--.--,--.--,--.--,--.--,0,--.--,--.--,--.--,--.--,--.--,--.--,--.--,--.--,--.--,--.--,--.--,--.--,--.--,--.--,--.--,--.--,0,0.000,0.000,0.000,0.000,0.000,0.000,0.000,0.000,0.000,0.000,0.000,0.000,true,true,true,true,true,true,false,false,true,true,false,false,0.01,0.00,0.00,0.04,--.--,--.--,0.15,0.17,9223372036854775808,0,--.--,--.--,--.--,--.--,--.--,0,0,0,0,37.4122950,-121.9985272,10SEG 88624 41081,0.7,1.1,31.3,3,10,--.--,--.--,,--.--,--.--,--.--,0,0,--.--,--.--,0,0.1,0.0,-29.8,0.1,0.1,-0.0,0.0,-0.0,-29.9,-0.1,-0.0,-0.0,--.--,--.--,--.--,--.--,1.1,0.0,227.8,0.2,-0.1,0.1,288.15,--.--,--.--,0,0,0.0,0.0,0.0,0,0,0,--.--,--.--,--.--
2026-07-09 15:58:03.550,1.9,0.0,228,1.1,0.0,0.9,0.1,0.4,0.000,0.0,29.6,67.6,66.2,29.749,0.000,0.000,0.000,0.0,00:02:04,0.2,2.7,1,--.--,0,--.--,--.--,0000:32:26,82,0,0,1,1,15.30,-1.00,-45,--.--,50,--.--,--:--:--,1,-15.30,15:58:03,20:58:03,7/9/26,--.--,--.--,--.--,--.--,--.--,--.--,--.--,--.--,--.--,--.--,--.--,--.--,0,--.--,--.--,--.--,--.--,--.--,--.--,--.--,--.--,--.--,--.--,--.--,--.--,--.--,--.--,--.--,--.--,0,0.000,0.000,0.000,0.000,0.000,0.000,0.000,0.000,0.000,0.000,0.000,0.000,true,true,true,true,true,true,false,false,true,true,false,false,0.03,0.01,0.00,0.04,--.--,--.--,0.15,0.17,9223372036854775808,0,--.--,--.--,--.--,--.--,--.--,0,0,0,0,37.4122955,-121.9985262,10SEG 88624 41081,0.7,1.1,82.5,3,10,--.--,--.--,,--.--,--.--,--.--,0,0,--.--,--.--,0,0.2,0.1,-29.9,-0.0,0.0,-0.0,0.0,-0.0,-29.9,-0.1,-0.1,0.0,--.--,--.--,--.--,--.--,2.0,0.0,228.1,0.7,-0.1,1.0,288.15,--.--,--.--,0,0,0.0,0.0,0.0,0,0,0,--.--,--.--,--.--
2026-07-09 15:58:04.551,1.5,-0.1,229,1.2,-0.1,1.0,0.1,1.3,0.000,0.0,29.6,67.6,66.2,29.761,0.000,0.000,0.000,0.0,00:02:05,0.1,1.5,1,--.--,0,--.--,--.--,0000:32:26,81,0,0,1,1,15.30,-1.00,-45,--.--,50,--.--,--:--:--,1,-15.30,15:58:04,20:58:04,7/9/26,--.--,--.--,--.--,--.--,--.--,--.--,--.--,--.--,--.--,--.--,--.--,--.--,0,--.--,--.--,--.--,--.--,--.--,--.--,--.--,--.--,--.--,--.--,--.--,--.--,--.--,--.--,--.--,--.--,0,0.000,0.000,0.000,0.000,0.000,0.000,0.000,0.000,0.000,0.000,0.000,0.000,true,true,true,true,true,true,false,false,true,true,false,false,0.03,0.01,0.00,0.04,--.--,--.--,0.15,0.17,9223372036854775808,0,--.--,--.--,--.--,--.--,--.--,0,0,0,0,37.4122954,-121.9985258,10SEG 88625 41081,0.7,1.1,173.9,3,10,--.--,--.--,,--.--,--.--,--.--,0,0,--.--,--.--,0,0.1,0.1,-29.9,-0.1,-0.1,-0.0,0.0,-0.0,-29.9,-0.0,-0.1,0.0,--.--,--.--,--.--,--.--,1.9,-0.0,229.1,1.9,0.4,0.9,288.15,--.--,--.--,0,0,0.0,0.0,0.0,0,0,0,--.--,--.--,--.--
2026-07-09 15:58:05.551,1.5,-0.0,229,-1.4,-0.1,0.8,0.2,-1.2,0.000,-0.0,29.6,67.6,66.2,29.723,0.000,0.000,0.000,0.0,00:02:06,0.1,0.5,1,--.--,0,--.--,--.--,0000:32:26,80,0,0,1,1,15.30,-1.00,-46,--.--,50,--.--,--:--:--,1,-15.30,15:58:05,20:58:05,7/9/26,--.--,--.--,--.--,--.--,--.--,--.--,--.--,--.--,--.--,--.--,--.--,--.--,0,--.--,--.--,--.--,--.--,--.--,--.--,--.--,--.--,--.--,--.--,--.--,--.--,--.--,--.--,--.--,--.--,0,0.000,0.000,0.000,0.000,0.000,0.000,0.000,0.000,0.000,0.000,0.000,0.000,true,true,true,true,true,true,false,false,true,true,false,false,0.03,0.00,0.01,0.04,--.--,--.--,0.15,0.17,9223372036854775808,0,--.--,--.--,--.--,--.--,--.--,0,0,0,0,37.4122945,-121.9985269,10SEG 88624 41081,0.7,1.1,230.5,3,10,--.--,--.--,,--.--,--.--,--.--,0,0,--.--,--.--,0,0.0,0.0,-29.8,-0.0,-0.1,0.0,0.0,-0.0,-29.9,0.0,-0.0,-0.0,--.--,--.--,--.--,--.--,1.3,0.0,229.9,-1.0,0.1,0.3,288.15,--.--,--.--,0,0,0.0,0.0,0.0,0,0,0,--.--,--.--,--.--
2026-07-09 15:58:06.551,1.2,-0.0,229,-0.5,0.1,-0.3,0.1,-0.9,0.000,0.0,29.6,67.6,66.2,29.681,0.000,0.000,0.000,0.0,00:02:07,0.1,1.7,1,--.--,0,--.--,--.--,0000:32:26,79,0,0,1,1,15.30,-1.00,-46,--.--,50,--.--,--:--:--,1,-15.30,15:58:06,20:58:06,7/9/26,--.--,--.--,--.--,--.--,--.--,--.--,--.--,--.--,--.--,--.--,--.--,--.--,0,--.--,--.--,--.--,--.--,--.--,--.--,--.--,--.--,--.--,--.--,--.--,--.--,--.--,--.--,--.--,--.--,0,0.000,0.000,0.000,0.000,0.000,0.000,0.000,0.000,0.000,0.000,0.000,0.000,true,true,true,true,true,true,false,false,true,true,false,false,0.03,0.00,0.01,0.04,--.--,--.--,0.15,0.17,9223372036854775808,0,--.--,--.--,--.--,--.--,--.--,0,0,0,0,37.4122940,-121.9985275,10SEG 88624 41081,0.7,1.1,262.6,3,10,--.--,--.--,,--.--,--.--,--.--,0,0,--.--,--.--,0,-0.1,-0.1,-29.8,-0.0,-0.1,-0.0,0.0,-0.0,-29.9,0.1,0.1,-0.1,--.--,--.--,--.--,--.--,1.1,-0.0,230.0,-0.6,0.1,0.1,288.15,--.--,--.--,0,0,0.0,0.0,0.0,0,0,0,--.--,--.--,--.--
2026-07-09 15:58:07.552,1.0,0.0,229,0.5,0.1,-0.5,0.1,-0.6,0.000,0.0,29.5,67.5,66.2,29.667,0.000,0.000,0.000,0.0,00:02:08,0.1,0.6,1,--.--,0,--.--,--.--,0000:32:26,80,0,0,1,1,15.30,-1.00,-46,--.--,50,--.--,--:--:--,1,-15.30,15:58:07,20:58:07,7/9/26,--.--,--.--,--.--,--.--,--.--,--.--,--.--,--.--,--.--,--.--,--.--,--.--,0,--.--,--.--,--.--,--.--,--.--,--.--,--.--,--.--,--.--,--.--,--.--,--.--,--.--,--.--,--.--,--.--,0,0.000,0.000,0.000,0.000,0.000,0.000,0.000,0.000,0.000,0.000,0.000,0.000,true,true,true,true,true,true,false,false,true,true,false,false,0.01,0.01,0.01,0.03,--.--,--.--,0.15,0.17,9223372036854775808,0,--.--,--.--,--.--,--.--,--.--,0,0,0,0,37.4122943,-121.9985284,10SEG 88624 41081,0.7,1.1,34.1,3,10,--.--,--.--,,--.--,--.--,--.--,0,0,--.--,--.--,0,-0.0,-0.1,-29.8,0.1,0.1,-0.0,0.0,-0.0,-29.9,0.0,0.0,-0.1,--.--,--.--,--.--,--.--,1.1,0.0,229.6,0.5,-0.1,0.1,288.15,--.--,--.--,0,0,0.0,0.0,0.0,0,0,0,--.--,--.--,--.--
2026-07-09 15:58:08.552,0.9,0.0,229,-0.4,-0.1,0.2,0.1,-0.8,0.000,0.1,29.5,67.5,66.2,29.680,0.000,0.000,0.000,0.0,00:02:09,0.1,0.5,1,--.--,0,--.--,--.--,0000:32:26,81,0,0,1,1,15.30,-1.00,-46,--.--,50,--.--,--:--:--,1,-15.30,15:58:08,20:58:08,7/9/26,--.--,--.--,--.--,--.--,--.--,--.--,--.--,--.--,--.--,--.--,--.--,--.--,0,--.--,--.--,--.--,--.--,--.--,--.--,--.--,--.--,--.--,--.--,--.--,--.--,--.--,--.--,--.--,--.--,0,0.000,0.000,0.000,0.000,0.000,0.000,0.000,0.000,0.000,0.000,0.000,0.000,true,true,true,true,true,true,false,false,true,true,false,false,0.01,0.01,0.01,0.03,--.--,--.--,0.15,0.17,9223372036854775808,0,--.--,--.--,--.--,--.--,--.--,0,0,0,0,37.4122951,-121.9985277,10SEG 88624 41081,0.7,1.1,29.6,3,10,--.--,--.--,,--.--,--.--,--.--,0,0,--.--,--.--,0,0.1,0.0,-29.8,0.1,0.1,-0.1,0.0,-0.0,-29.9,-0.0,-0.0,-0.1,--.--,--.--,--.--,--.--,0.9,0.0,229.3,-0.3,-0.1,0.0,288.15,--.--,--.--,0,0,0.0,0.0,0.0,0,0,0,--.--,--.--,--.--
2026-07-09 15:58:09.553,1.3,-0.0,229,1.6,0.1,0.4,0.1,2.0,0.000,0.1,29.6,67.5,66.2,29.711,0.000,0.000,0.000,0.0,00:02:10,0.1,2.1,1,--.--,0,--.--,--.--,0000:32:26,82,0,0,1,1,15.30,-1.00,-47,--.--,50,--.--,--:--:--,1,-15.30,15:58:09,20:58:09,7/9/26,--.--,--.--,--.--,--.--,--.--,--.--,--.--,--.--,--.--,--.--,--.--,--.--,0,--.--,--.--,--.--,--.--,--.--,--.--,--.--,--.--,--.--,--.--,--.--,--.--,--.--,--.--,--.--,--.--,0,0.000,0.000,0.000,0.000,0.000,0.000,0.000,0.000,0.000,0.000,0.000,0.000,true,true,true,true,true,true,false,false,true,true,false,false,0.02,0.00,0.01,0.04,--.--,--.--,0.15,0.17,9223372036854775808,0,--.--,--.--,--.--,--.--,--.--,0,0,0,0,37.4122956,-121.9985267,10SEG 88624 41081,0.7,1.1,94.1,3,10,--.--,--.--,,--.--,--.--,--.--,0,0,--.--,--.--,0,0.1,0.1,-29.8,-0.0,0.1,-0.1,0.0,-0.0,-29.9,-0.1,-0.1,-0.0,--.--,--.--,--.--,--.--,1.6,-0.0,229.6,1.6,0.0,0.6,288.15,--.--,--.--,0,0,0.0,0.0,0.0,0,0,0,--.--,--.--,--.--
2026-07-09 15:58:10.553,1.8,0.0,230,-2.0,-0.2,1.3,0.1,1.9,0.000,0.0,29.6,67.6,66.2,29.724,0.000,0.000,0.000,0.0,00:02:11,0.1,1.6,1,--.--,0,--.--,--.--,0000:32:26,81,0,0,1,1,15.30,-1.00,-47,--.--,50,--.--,--:--:--,1,-15.30,15:58:10,20:58:10,7/9/26,--.--,--.--,--.--,--.--,--.--,--.--,--.--,--.--,--.--,--.--,--.--,--.--,0,--.--,--.--,--.--,--.--,--.--,--.--,--.--,--.--,--.--,--.--,--.--,--.--,--.--,--.--,--.--,--.--,0,0.000,0.000,0.000,0.000,0.000,0.000,0.000,0.000,0.000,0.000,0.000,0.000,true,true,true,true,true,true,false,false,true,true,false,false,0.02,0.00,0.01,0.04,--.--,--.--,0.15,0.17,9223372036854775808,0,--.--,--.--,--.--,--.--,--.--,0,0,0,0,37.4122956,-121.9985266,10SEG 88624 41081,0.7,1.1,222.6,3,10,--.--,--.--,,--.--,--.--,--.--,0,0,--.--,--.--,0,0.1,0.1,-29.8,-0.0,-0.1,-0.0,0.0,-0.0,-29.9,-0.0,-0.1,-0.0,--.--,--.--,--.--,--.--,1.3,0.0,230.5,-2.3,-0.1,0.3,288.15,--.--,--.--,0,0,0.0,0.0,0.0,0,0,0,--.--,--.--,--.--
2026-07-09 15:58:11.553,1.8,-0.0,231,1.2,0.3,0.5,0.1,-1.0,0.000,-0.0,29.6,67.6,66.2,29.733,0.000,0.000,0.000,0.0,00:02:12,0.1,0.5,1,--.--,0,--.--,--.--,0000:32:26,80,0,0,1,1,15.30,-1.00,-47,--.--,50,--.--,--:--:--,1,-15.30,15:58:11,20:58:11,7/9/26,--.--,--.--,--.--,--.--,--.--,--.--,--.--,--.--,--.--,--.--,--.--,--.--,0,--.--,--.--,--.--,--.--,--.--,--.--,--.--,--.--,--.--,--.--,--.--,--.--,--.--,--.--,--.--,--.--,0,0.000,0.000,0.000,0.000,0.000,0.000,0.000,0.000,0.000,0.000,0.000,0.000,true,true,true,true,true,true,false,false,true,true,false,false,0.01,0.01,0.00,0.03,--.--,--.--,0.15,0.17,9223372036854775808,0,--.--,--.--,--.--,--.--,--.--,0,0,0,0,37.4122944,-121.9985271,10SEG 88624 41081,0.7,1.1,213.0,3,10,--.--,--.--,,--.--,--.--,--.--,0,0,--.--,--.--,0,0.0,0.0,-29.9,-0.1,-0.1,0.0,0.0,-0.0,-29.9,0.0,-0.0,0.0,--.--,--.--,--.--,--.--,1.9,0.0,231.1,0.3,0.2,0.9,288.15,--.--,--.--,0,0,0.0,0.0,0.0,0,0,0,--.--,--.--,--.--
2026-07-09 15:58:12.553,0.6,-0.1,231,-1.1,-0.1,-0.0,0.1,0.4,0.000,-0.0,29.6,67.6,66.2,29.716,0.000,0.000,0.000,0.0,00:02:13,0.1,1.5,1,--.--,0,--.--,--.--,0000:32:26,79,0,0,1,1,15.30,-1.00,-47,--.--,50,--.--,--:--:--,1,-15.30,15:58:12,20:58:12,7/9/26,--.--,--.--,--.--,--.--,--.--,--.--,--.--,--.--,--.--,--.--,--.--,--.--,0,--.--,--.--,--.--,--.--,--.--,--.--,--.--,--.--,--.--,--.--,--.--,--.--,--.--,--.--,--.--,--.--,0,0.000,0.000,0.000,0.000,0.000,0.000,0.000,0.000,0.000,0.000,0.000,0.000,true,true,true,true,true,true,false,false,true,true,false,false,0.01,0.01,0.00,0.03,--.--,--.--,0.15,0.17,9223372036854775808,0,--.--,--.--,--.--,--.--,--.--,0,0,0,0,37.4122941,-121.9985283,10SEG 88624 41081,0.7,1.1,271.6,3,10,--.--,--.--,,--.--,--.--,--.--,0,0,--.--,--.--,0,-0.0,-0.1,-29.8,0.0,-0.1,0.0,0.0,-0.0,-29.9,0.1,0.1,-0.0,--.--,--.--,--.--,--.--,0.5,0.0,231.4,-0.2,0.4,-0.0,288.15,--.--,--.--,0,0,0.0,0.0,0.0,0,0,0,--.--,--.--,--.--
2026-07-09 15:58:13.553,1.4,0.1,231,-0.3,0.1,-0.3,0.1,-1.3,0.000,0.0,29.6,67.6,66.2,29.701,0.000,0.000,0.000,0.0,00:02:14,0.1,1.0,1,--.--,0,--.--,--.--,0000:32:26,80,0,0,1,1,15.30,-1.00,-48,--.--,50,--.--,--:--:--,1,-15.30,15:58:13,20:58:13,7/9/26,--.--,--.--,--.--,--.--,--.--,--.--,--.--,--.--,--.--,--.--,--.--,--.--,0,--.--,--.--,--.--,--.--,--.--,--.--,--.--,--.--,--.--,--.--,--.--,--.--,--.--,--.--,--.--,--.--,0,0.000,0.000,0.000,0.000,0.000,0.000,0.000,0.000,0.000,0.000,0.000,0.000,true,true,true,true,true,true,false,false,true,true,false,false,0.01,0.00,0.00,0.03,--.--,--.--,0.15,0.17,9223372036854775808,0,--.--,--.--,--.--,--.--,--.--,0,0,0,0,37.4122940,-121.9985283,10SEG 88624 41081,0.7,1.1,6.1,3,10,--.--,--.--,,--.--,--.--,--.--,0,0,--.--,--.--,0,-0.0,-0.1,-29.8,0.0,0.1,-0.0,0.0,-0.0,-29.9,0.0,0.1,-0.0,--.--,--.--,--.--,--.--,1.2,-0.0,231.1,-1.4,-0.3,0.2,288.15,--.--,--.--,0,0,0.0,0.0,0.0,0,0,0,--.--,--.--,--.--
2026-07-09 15:58:14.553,0.5,-0.1,230,1.3,0.1,-0.0,0.1,-1.2,0.000,0.0,29.6,67.6,66.2,29.727,0.000,0.000,0.000,0.0,00:02:15,0.0,0.4,1,--.--,0,--.--,--.--,0000:32:26,80,0,0,1,1,15.30,-1.00,-48,--.--,50,--.--,--:--:--,1,-15.30,15:58:14,20:58:14,7/9/26,--.--,--.--,--.--,--.--,--.--,--.--,--.--,--.--,--.--,--.--,--.--,--.--,0,--.--,--.--,--.--,--.--,--.--,--.--,--.--,--.--,--.--,--.--,--.--,--.--,--.--,--.--,--.--,--.--,0,0.000,0.000,0.000,0.000,0.000,0.000,0.000,0.000,0.000,0.000,0.000,0.000,true,true,true,true,true,true,false,false,true,true,false,false,0.01,0.00,0.00,0.03,--.--,--.--,0.15,0.17,9223372036854775808,0,--.--,--.--,--.--,--.--,--.--,0,0,0,0,37.4122951,-121.9985282,10SEG 88624 41081,0.7,1.1,39.0,3,10,--.--,--.--,,--.--,--.--,--.--,0,0,--.--,--.--,0,0.1,-0.0,-29.9,0.0,0.1,-0.0,0.0,-0.0,-29.9,-0.0,0.0,-0.0,--.--,--.--,--.--,--.--,0.9,0.0,230.9,1.6,0.2,-0.0,288.15,--.--,--.--,0,0,0.0,0.0,0.0,0,0,0,--.--,--.--,--.--
2026-07-09 15:58:15.553,1.9,0.0,231,-0.2,-0.0,0.9,0.0,1.4,0.000,0.0,29.6,67.6,66.2,29.759,0.000,0.000,0.000,0.0,00:02:16,0.1,2.7,1,--.--,0,--.--,--.--,0000:32:26,81,0,0,1,1,15.30,-1.00,-48,--.--,50,--.--,--:--:--,1,-15.30,15:58:15,20:58:15,7/9/26,--.--,--.--,--.--,--.--,--.--,--.--,--.--,--.--,--.--,--.--,--.--,--.--,0,--.--,--.--,--.--,--.--,--.--,--.--,--.--,--.--,--.--,--.--,--.--,--.--,--.--,--.--,--.--,--.--,0,0.000,0.000,0.000,0.000,0.000,0.000,0.000,0.000,0.000,0.000,0.000,0.000,true,true,true,true,true,true,false,false,true,true,false,false,0.01,0.00,0.00,0.03,--.--,--.--,0.15,0.17,9223372036854775808,0,--.--,--.--,--.--,--.--,--.--,0,0,0,0,37.4122952,-121.9985269,10SEG 88624 41081,0.7,1.1,89.9,3,10,--.--,--.--,,--.--,--.--,--.--,0,0,--.--,--.--,0,0.1,0.1,-29.9,0.0,0.0,-0.0,0.0,-0.0,-29.9,-0.0,-0.1,0.0,--.--,--.--,--.--,--.--,1.7,0.0,231.3,-0.9,-0.2,0.7,288.15,--.--,--.--,0,0,0.0,0.0,0.0,0,0,0,--.--,--.--,--.--
2026-07-09 15:58:16.553,1.1,-0.1,232,0.6,0.0,0.6,0.1,-0.6,0.000,-0.0,29.6,67.6,66.2,29.776,0.000,0.000,0.000,0.0,00:02:17,0.1,1.0,1,--.--,0,--.--,--.--,0000:32:26,80,0,0,1,1,15.30,-1.00,-48,--.--,50,--.--,--:--:--,1,-15.30,15:58:16,20:58:16,7/9/26,--.--,--.--,--.--,--.--,--.--,--.--,--.--,--.--,--.--,--.--,--.--,--.--,0,--.--,--.--,--.--,--.--,--.--,--.--,--.--,--.--,--.--,--.--,--.--,--.--,--.--,--.--,--.--,--.--,0,0.000,0.000,0.000,0.000,0.000,0.000,0.000,0.000,0.000,0.000,0.000,0.000,true,true,true,true,true,true,false,false,true,true,false,false,0.01,0.00,0.00,0.03,--.--,--.--,0.15,0.17,9223372036854775808,0,--.--,--.--,--.--,--.--,--.--,0,0,0,0,37.4122951,-121.9985267,10SEG 88624 41081,0.7,1.1,206.1,3,10,--.--,--.--,,--.--,--.--,--.--,0,0,--.--,--.--,0,0.1,0.1,-29.9,-0.0,-0.1,0.0,0.0,-0.0,-29.9,-0.0,-0.0,0.0,--.--,--.--,--.--,--.--,1.3,0.0,232.0,0.8,0.5,0.3,288.15,--.--,--.--,0,0,0.0,0.0,0.0,0,0,0,--.--,--.--,--.--
2026-07-09 15:58:17.554,1.4,-0.0,232,-0.8,-0.0,0.3,0.1,-0.4,0.000,-0.0,29.6,67.6,66.2,29.743,0.000,0.000,0.000,0.0,00:02:18,0.1,0.5,1,--.--,0,--.--,--.--,0000:32:26,79,0,0,1,1,15.30,-1.00,-49,--.--,50,--.--,--:--:--,1,-15.30,15:58:17,20:58:17,7/9/26,--.--,--.--,--.--,--.--,--.--,--.--,--.--,--.--,--.--,--.--,--.--,--.--,0,--.--,--.--,--.--,--.--,--.--,--.--,--.--,--.--,--.--,--.--,--.--,--.--,--.--,--.--,--.--,--.--,0,0.000,0.000,0.000,0.000,0.000,0.000,0.000,0.000,0.000,0.000,0.000,0.000,true,true,true,true,true,true,false,false,true,true,false,false,0.02,0.01,0.00,0.03,--.--,--.--,0.15,0.17,9223372036854775808,0,--.--,--.--,--.--,--.--,--.--,0,0,0,0,37.4122944,-121.9985271,10SEG 88624 41081,0.7,1.1,236.3,3,10,--.--,--.--,,--.--,--.--,--.--,0,0,--.--,--.--,0,-0.0,-0.0,-29.9,-0.0,-0.1,0.0,0.0,-0.0,-29.9,0.0,-0.0,0.0,--.--,--.--,--.--,--.--,1.2,-0.0,232.3,-1.1,0.1,0.2,288.15,--.--,--.--,0,0,0.0,0.0,0.0,0,0,0,--.--,--.--,--.--
2026-07-09 15:58:18.553,0.9,-0.0,232,0.9,0.2,-0.4,0.0,0.3,0.000,-0.0,29.6,67.6,66.2,29.713,0.000,0.000,0.000,0.0,00:02:19,0.1,2.9,1,--.--,0,--.--,--.--,0000:32:26,79,0,0,1,1,15.30,-1.00,-49,--.--,50,--.--,--:--:--,1,-15.30,15:58:18,20:58:18,7/9/26,--.--,--.--,--.--,--.--,--.--,--.--,--.--,--.--,--.--,--.--,--.--,--.--,0,--.--,--.--,--.--,--.--,--.--,--.--,--.--,--.--,--.--,--.--,--.--,--.--,--.--,--.--,--.--,--.--,0,0.000,0.000,0.000,0.000,0.000,0.000,0.000,0.000,0.000,0.000,0.000,0.000,true,true,true,true,true,true,false,false,true,true,false,false,0.02,0.01,0.00,0.03,--.--,--.--,0.15,0.17,9223372036854775808,0,--.--,--.--,--.--,--.--,--.--,0,0,0,0,37.4122938,-121.9985281,10SEG 88624 41081,0.7,1.1,357.9,3,10,--.--,--.--,,--.--,--.--,--.--,0,0,--.--,--.--,0,-0.0,-0.1,-29.8,-0.0,-0.0,0.0,0.0,-0.0,-29.9,0.1,0.0,-0.0,--.--,--.--,--.--,--.--,1.2,0.0,232.2,1.2,0.1,0.1,288.15,--.--,--.--,0,0,0.0,0.0,0.0,0,0,0,--.--,--.--,--.--
2026-07-09 15:58:19.553,0.6,0.0,231,-1.7,-0.2,-0.2,0.1,-1.8,0.000,0.0,29.6,67.6,66.2,29.693,0.000,0.000,0.000,0.0,00:02:20,0.0,0.2,1,--.--,0,--.--,--.--,0000:32:26,80,0,0,1,1,15.30,-1.00,-50,--.--,50,--.--,--:--:--,1,-15.30,15:58:19,20:58:19,7/9/26,--.--,--.--,--.--,--.--,--.--,--.--,--.--,--.--,--.--,--.--,--.--,--.--,0,--.--,--.--,--.--,--.--,--.--,--.--,--.--,--.--,--.--,--.--,--.--,--.--,--.--,--.--,--.--,--.--,0,0.000,0.000,0.000,0.000,0.000,0.000,0.000,0.000,0.000,0.000,0.000,0.000,true,true,true,true,true,true,false,false,true,true,false,false,0.01,0.01,0.00,0.03,--.--,--.--,0.15,0.17,9223372036854775808,0,--.--,--.--,--.--,--.--,--.--,0,0,0,0,37.4122945,-121.9985280,10SEG 88624 41081,0.7,1.1,9.8,3,10,--.--,--.--,,--.--,--.--,--.--,0,0,--.--,--.--,0,0.0,-0.0,-29.8,0.1,0.0,-0.0,0.0,-0.0,-29.9,0.0,0.0,-0.0,--.--,--.--,--.--,--.--,0.3,0.0,231.9,-1.3,-0.1,0.0,288.15,--.--,--.--,0,0,0.0,0.0,0.0,0,0,0,--.--,--.--,--.--
2026-07-09 15:58:20.553,0.9,0.0,231,1.8,0.1,0.0,0.1,-1.4,0.000,0.1,29.6,67.5,66.2,29.708,0.000,0.000,0.000,0.0,00:02:21,0.1,1.0,1,--.--,0,--.--,--.--,0000:32:26,80,0,0,1,1,15.30,-1.00,-50,--.--,50,--.--,--:--:--,1,-15.30,15:58:20,20:58:20,7/9/26,--.--,--.--,--.--,--.--,--.--,--.--,--.--,--.--,--.--,--.--,--.--,--.--,0,--.--,--.--,--.--,--.--,--.--,--.--,--.--,--.--,--.--,--.--,--.--,--.--,--.--,--.--,--.--,--.--,0,0.000,0.000,0.000,0.000,0.000,0.000,0.000,0.000,0.000,0.000,0.000,0.000,true,true,true,true,true,true,false,false,true,true,false,false,0.01,0.01,0.00,0.03,--.--,--.--,0.15,0.17,9223372036854775808,0,--.--,--.--,--.--,--.--,--.--,0,0,0,0,37.4122951,-121.9985272,10SEG 88624 41081,0.7,1.1,65.9,3,10,--.--,--.--,,--.--,--.--,--.--,0,0,--.--,--.--,0,0.1,0.0,-29.8,-0.0,0.1,-0.1,0.0,-0.0,-29.9,-0.1,-0.0,-0.0,--.--,--.--,--.--,--.--,1.2,0.0,231.9,1.8,-0.1,0.2,288.15,--.--,--.--,0,0,0.0,0.0,0.0,0,0,0,--.--,--.--,--.--
2026-07-09 15:58:21.553,1.8,0.1,232,-0.9,-0.1,1.1,0.0,0.2,0.000,0.0,29.6,67.6,66.2,29.733,0.000,0.000,0.000,0.0,00:02:22,0.2,13.6,1,--.--,0,--.--,--.--,0000:32:26,81,0,0,1,1,15.30,-1.00,-50,--.--,50,--.--,--:--:--,1,-15.30,15:58:21,20:58:21,7/9/26,--.--,--.--,--.--,--.--,--.--,--.--,--.--,--.--,--.--,--.--,--.--,--.--,0,--.--,--.--,--.--,--.--,--.--,--.--,--.--,--.--,--.--,--.--,--.--,--.--,--.--,--.--,--.--,--.--,0,0.000,0.000,0.000,0.000,0.000,0.000,0.000,0.000,0.000,0.000,0.000,0.000,true,true,true,true,true,true,false,false,true,true,false,false,0.02,0.01,0.00,0.03,--.--,--.--,0.15,0.17,9223372036854775808,0,--.--,--.--,--.--,--.--,--.--,0,0,0,0,37.4122952,-121.9985258,10SEG 88625 41081,0.7,1.1,107.5,3,10,--.--,--.--,,--.--,--.--,--.--,0,0,--.--,--.--,0,0.1,0.1,-29.9,0.0,-0.0,-0.0,0.0,-0.0,-29.9,-0.1,-0.1,0.0,--.--,--.--,--.--,--.--,1.6,0.0,232.3,-1.1,-0.3,0.6,288.15,--.--,--.--,0,0,0.0,0.0,0.0,0,0,0,--.--,--.--,--.--
2026-07-09 15:58:22.553,1.2,-0.1,233,-0.4,-0.0,0.8,0.2,-0.1,0.000,0.0,29.6,67.6,66.2,29.731,0.000,0.000,0.000,0.0,00:02:23,0.1,0.8,1,--.--,0,--.--,--.--,0000:32:26,80,0,0,1,1,15.30,-1.00,-50,--.--,50,--.--,--:--:--,1,-15.30,15:58:22,20:58:22,7/9/26,--.--,--.--,--.--,--.--,--.--,--.--,--.--,--.--,--.--,--.--,--.--,--.--,0,--.--,--.--,--.--,--.--,--.--,--.--,--.--,--.--,--.--,--.--,--.--,--.--,--.--,--.--,--.--,--.--,0,0.000,0.000,0.000,0.000,0.000,0.000,0.000,0.000,0.000,0.000,0.000,0.000,true,true,true,true,true,true,false,false,true,true,false,false,0.02,0.01,0.00,0.03,--.--,--.--,0.15,0.17,9223372036854775808,0,--.--,--.--,--.--,--.--,--.--,0,0,0,0,37.4122951,-121.9985258,10SEG 88625 41081,0.7,1.1,226.2,3,10,--.--,--.--,,--.--,--.--,--.--,0,0,--.--,--.--,0,0.0,0.1,-29.9,-0.1,-0.1,-0.0,0.0,-0.0,-29.9,-0.0,-0.1,-0.0,--.--,--.--,--.--,--.--,1.2,0.0,233.1,-0.2,0.2,0.2,288.15,--.--,--.--,0,0,0.0,0.0,0.0,0,0,0,--.--,--.--,--.--
2026-07-09 15:58:23.553,1.6,0.0,233,-0.4,0.1,0.2,0.1,-1.2,0.000,-0.0,29.6,67.6,66.2,29.708,0.000,0.000,0.000,0.0,00:02:24,0.1,0.7,1,--.--,0,--.--,--.--,0000:32:26,79,0,0,1,1,15.30,-1.00,-51,--.--,50,--.--,--:--:--,1,-15.30,15:58:23,20:58:23,7/9/26,--.--,--.--,--.--,--.--,--.--,--.--,--.--,--.--,--.--,--.--,--.--,--.--,0,--.--,--.--,--.--,--.--,--.--,--.--,--.--,--.--,--.--,--.--,--.--,--.--,--.--,--.--,--.--,--.--,0,0.000,0.000,0.000,0.000,0.000,0.000,0.000,0.000,0.000,0.000,0.000,0.000,true,true,true,true,true,true,false,false,true,true,false,false,0.03,0.01,0.00,0.03,--.--,--.--,0.15,0.17,9223372036854775808,0,--.--,--.--,--.--,--.--,--.--,0,0,0,0,37.4122941,-121.9985267,10SEG 88624 41081,0.7,1.1,230.2,3,10,--.--,--.--,,--.--,--.--,--.--,0,0,--.--,--.--,0,-0.0,0.0,-29.8,-0.0,-0.1,0.0,0.0,-0.0,-29.9,0.1,-0.0,-0.0,--.--,--.--,--.--,--.--,1.3,-0.0,233.3,-1.1,-0.1,0.4,288.15,--.--,--.--,0,0,0.0,0.0,0.0,0,0,0,--.--,--.--,--.--
2026-07-09 15:58:24.553,0.3,-0.1,233,-0.8,0.0,-0.3,0.0,-0.5,0.000,0.0,29.6,67.6,66.2,29.710,0.000,0.000,0.000,0.0,00:02:25,0.1,1.2,1,--.--,0,--.--,--.--,0000:32:26,78,0,0,1,1,15.30,-1.00,-51,--.--,50,--.--,--:--:--,1,-15.30,15:58:24,20:58:24,7/9/26,--.--,--.--,--.--,--.--,--.--,--.--,--.--,--.--,--.--,--.--,--.--,--.--,0,--.--,--.--,--.--,--.--,--.--,--.--,--.--,--.--,--.--,--.--,--.--,--.--,--.--,--.--,--.--,--.--,0,0.000,0.000,0.000,0.000,0.000,0.000,0.000,0.000,0.000,0.000,0.000,0.000,true,true,true,true,true,true,false,false,true,true,false,false,0.03,0.01,0.00,0.03,--.--,--.--,0.15,0.17,9223372036854775808,0,--.--,--.--,--.--,--.--,--.--,0,0,0,0,37.4122945,-121.9985283,10SEG 88624 41081,0.7,1.1,296.6,3,10,--.--,--.--,,--.--,--.--,--.--,0,0,--.--,--.--,0,-0.0,-0.1,-29.8,0.0,-0.0,-0.0,0.0,-0.0,-29.9,0.0,0.0,-0.0,--.--,--.--,--.--,--.--,0.2,0.0,233.2,-0.4,0.3,0.0,288.15,--.--,--.--,0,0,0.0,0.0,0.0,0,0,0,--.--,--.--,--.--
2026-07-09 15:58:25.552,0.9,0.0,232,0.6,0.1,-0.4,0.1,-1.5,0.000,-0.0,29.6,67.6,66.2,29.715,0.000,0.000,0.000,0.0,00:02:26,0.0,0.5,1,--.--,0,--.--,--.--,0000:32:26,79,0,0,1,1,15.30,-1.00,-51,--.--,50,--.--,--:--:--,1,-15.30,15:58:25,20:58:25,7/9/26,--.--,--.--,--.--,--.--,--.--,--.--,--.--,--.--,--.--,--.--,--.--,--.--,0,--.--,--.--,--.--,--.--,--.--,--.--,--.--,--.--,--.--,--.--,--.--,--.--,--.--,--.--,--.--,--.--,0,0.000,0.000,0.000,0.000,0.000,0.000,0.000,0.000,0.000,0.000,0.000,0.000,true,true,true,true,true,true,false,false,true,true,false,false,0.01,0.00,0.00,0.03,--.--,--.--,0.15,0.17,9223372036854775808,0,--.--,--.--,--.--,--.--,--.--,0,0,0,0,37.4122946,-121.9985284,10SEG 88624 41081,0.7,1.1,1.0,3,10,--.--,--.--,,--.--,--.--,--.--,0,0,--.--,--.--,0,0.0,-0.1,-29.8,0.0,0.1,0.0,0.0,-0.0,-29.9,0.0,0.0,-0.0,--.--,--.--,--.--,--.--,0.9,0.0,232.8,0.2,-0.1,0.0,288.15,--.--,--.--,0,0,0.0,0.0,0.0,0,0,0,--.--,--.--,--.--
2026-07-09 15:58:26.544,0.6,0.0,232,-0.5,-0.1,0.1,0.1,-0.5,0.000,0.0,29.6,67.6,66.2,29.732,0.000,0.000,0.000,0.0,00:02:27,0.1,0.6,1,--.--,0,--.--,--.--,0000:32:26,80,0,0,1,1,15.30,-1.00,-51,--.--,50,--.--,--:--:--,1,-15.30,15:58:26,20:58:26,7/9/26,--.--,--.--,--.--,--.--,--.--,--.--,--.--,--.--,--.--,--.--,--.--,--.--,0,--.--,--.--,--.--,--.--,--.--,--.--,--.--,--.--,--.--,--.--,--.--,--.--,--.--,--.--,--.--,--.--,0,0.000,0.000,0.000,0.000,0.000,0.000,0.000,0.000,0.000,0.000,0.000,0.000,true,true,true,true,true,true,false,false,true,true,false,false,0.01,0.00,0.00,0.03,--.--,--.--,0.15,0.17,9223372036854775808,0,--.--,--.--,--.--,--.--,--.--,0,0,0,0,37.4122954,-121.9985274,10SEG 88624 41081,0.7,1.1,43.6,3,10,--.--,--.--,,--.--,--.--,--.--,0,0,--.--,--.--,0,0.1,0.0,-29.9,0.0,0.1,-0.0,0.0,-0.0,-29.9,-0.1,-0.0,0.0,--.--,--.--,--.--,--.--,0.6,0.0,232.4,-0.3,-0.1,0.0,288.15,--.--,--.--,0,0,0.0,0.0,0.0,0,0,0,--.--,--.--,--.--
2026-07-09 15:58:27.552,1.6,0.0,232,0.7,0.0,0.6,0.0,1.0,0.000,-0.0,29.6,67.6,66.2,29.784,0.000,0.000,0.000,0.0,00:02:28,0.2,3.5,1,--.--,0,--.--,--.--,0000:32:26,80,0,0,1,1,15.30,-1.00,-52,--.--,50,--.--,--:--:--,1,-15.30,15:58:27,20:58:27,7/9/26,--.--,--.--,--.--,--.--,--.--,--.--,--.--,--.--,--.--,--.--,--.--,--.--,0,--.--,--.--,--.--,--.--,--.--,--.--,--.--,--.--,--.--,--.--,--.--,--.--,--.--,--.--,--.--,--.--,0,0.000,0.000,0.000,0.000,0.000,0.000,0.000,0.000,0.000,0.000,0.000,0.000,true,true,true,true,true,true,false,false,true,true,false,false,0.02,0.01,0.00,0.03,--.--,--.--,0.15,0.17,9223372036854775808,0,--.--,--.--,--.--,--.--,--.--,0,0,0,0,37.4122951,-121.9985264,10SEG 88624 41081,0.7,1.1,135.0,3,10,--.--,--.--,,--.--,--.--,--.--,0,0,--.--,--.--,0,0.1,0.1,-29.9,-0.0,0.0,0.0,0.0,-0.0,-29.9,-0.1,-0.1,0.1,--.--,--.--,--.--,--.--,1.6,-0.0,232.7,0.1,-0.1,0.6,288.15,--.--,--.--,0,0,0.0,0.0,0.0,0,0,0,--.--,--.--,--.--
2026-07-09 15:58:28.552,1.2,-0.0,233,-0.4,-0.1,0.7,0.1,1.9,0.000,-0.0,29.7,67.6,66.2,29.769,0.000,0.000,0.000,0.0,00:02:29,0.1,0.8,1,--.--,0,--.--,--.--,0000:32:26,79,0,0,1,1,15.30,-1.00,-52,--.--,50,--.--,--:--:--,1,-15.30,15:58:28,20:58:28,7/9/26,--.--,--.--,--.--,--.--,--.--,--.--,--.--,--.--,--.--,--.--,--.--,--.--,0,--.--,--.--,--.--,--.--,--.--,--.--,--.--,--.--,--.--,--.--,--.--,--.--,--.--,--.--,--.--,--.--,0,0.000,0.000,0.000,0.000,0.000,0.000,0.000,0.000,0.000,0.000,0.000,0.000,true,true,true,true,true,true,false,false,true,true,false,false,0.02,0.01,0.00,0.03,--.--,--.--,0.15,0.17,9223372036854775808,0,--.--,--.--,--.--,--.--,--.--,0,0,0,0,37.4122951,-121.9985266,10SEG 88624 41081,0.7,1.1,202.3,3,10,--.--,--.--,,--.--,--.--,--.--,0,0,--.--,--.--,0,0.1,0.1,-29.9,-0.1,-0.1,0.0,0.0,-0.0,-29.9,-0.0,-0.0,0.0,--.--,--.--,--.--,--.--,1.2,-0.0,233.4,0.3,0.2,0.2,288.15,--.--,--.--,0,0,0.0,0.0,0.0,0,0,0,--.--,--.--,--.--
2026-07-09 15:58:29.552,1.0,-0.0,233,-1.7,-0.1,0.2,0.1,0.5,0.000,-0.0,29.6,67.6,66.2,29.738,0.000,0.000,0.000,0.0,00:02:30,0.0,0.3,1,--.--,0,--.--,--.--,0000:32:26,79,0,0,1,1,15.30,-1.00,-52,--.--,50,--.--,--:--:--,1,-15.30,15:58:29,20:58:29,7/9/26,--.--,--.--,--.--,--.--,--.--,--.--,--.--,--.--,--.--,--.--,--.--,--.--,0,--.--,--.--,--.--,--.--,--.--,--.--,--.--,--.--,--.--,--.--,--.--,--.--,--.--,--.--,--.--,--.--,0,0.000,0.000,0.000,0.000,0.000,0.000,0.000,0.000,0.000,0.000,0.000,0.000,true,true,true,true,true,true,false,false,true,true,false,false,0.02,0.00,0.00,0.02,--.--,--.--,0.15,0.17,9223372036854775808,0,--.--,--.--,--.--,--.--,--.--,0,0,0,0,37.4122943,-121.9985275,10SEG 88624 41081,0.7,1.1,248.0,3,10,--.--,--.--,,--.--,--.--,--.--,0,0,--.--,--.--,0,0.0,-0.0,-29.9,-0.0,-0.1,0.0,0.0,-0.0,-29.9,0.0,0.0,0.0,--.--,--.--,--.--,--.--,0.7,-0.0,233.7,-1.6,0.1,-0.0,288.15,--.--,--.--,0,0,0.0,0.0,0.0,0,0,0,--.--,--.--,--.--
2026-07-09 15:58:30.552,1.1,0.0,233,-0.1,0.2,-0.4,0.0,0.8,0.000,-0.0,29.6,67.6,66.2,29.713,0.000,0.000,0.000,0.0,00:02:31,0.1,7.4,1,--.--,0,--.--,--.--,0000:32:26,78,0,0,1,1,15.30,-1.00,-52,--.--,50,--.--,--:--:--,1,-15.30,15:58:30,20:58:30,7/9/26,--.--,--.--,--.--,--.--,--.--,--.--,--.--,--.--,--.--,--.--,--.--,--.--,0,--.--,--.--,--.--,--.--,--.--,--.--,--.--,--.--,--.--,--.--,--.--,--.--,--.--,--.--,--.--,--.--,0,0.000,0.000,0.000,0.000,0.000,0.000,0.000,0.000,0.000,0.000,0.000,0.000,true,true,true,true,true,true,false,false,true,true,false,false,0.02,0.00,0.00,0.02,--.--,--.--,0.15,0.17,9223372036854775808,0,--.--,--.--,--.--,--.--,--.--,0,0,0,0,37.4122940,-121.9985285,10SEG 88624 41081,0.7,1.1,269.5,3,10,--.--,--.--,,--.--,--.--,--.--,0,0,--.--,--.--,0,-0.0,-0.1,-29.8,0.0,-0.0,0.0,0.0,-0.0,-29.9,0.1,0.1,-0.0,--.--,--.--,--.--,--.--,1.0,-0.0,233.5,-0.6,-0.1,0.0,288.15,--.--,--.--,0,0,0.0,0.0,0.0,0,0,0,--.--,--.--,--.--
2026-07-09 15:58:31.552,0.6,0.0,233,0.9,0.1,-0.4,0.1,0.7,0.000,0.0,29.6,67.6,66.2,29.702,0.000,0.000,0.000,0.0,00:02:32,0.1,0.7,1,--.--,0,--.--,--.--,0000:32:26,79,0,0,1,1,15.30,-1.00,-53,--.--,50,--.--,--:--:--,1,-15.30,15:58:31,20:58:31,7/9/26,--.--,--.--,--.--,--.--,--.--,--.--,--.--,--.--,--.--,--.--,--.--,--.--,0,--.--,--.--,--.--,--.--,--.--,--.--,--.--,--.--,--.--,--.--,--.--,--.--,--.--,--.--,--.--,--.--,0,0.000,0.000,0.000,0.000,0.000,0.000,0.000,0.000,0.000,0.000,0.000,0.000,true,true,true,true,true,true,false,false,true,true,false,false,0.01,0.00,0.00,0.02,--.--,--.--,0.15,0.17,9223372036854775808,0,--.--,--.--,--.--,--.--,--.--,0,0,0,0,37.4122943,-121.9985286,10SEG 88624 41081,0.7,1.1,9.0,3,10,--.--,--.--,,--.--,--.--,--.--,0,0,--.--,--.--,0,0.0,-0.1,-29.8,0.0,0.1,-0.0,0.0,-0.0,-29.9,0.0,0.1,-0.0,--.--,--.--,--.--,--.--,0.8,0.0,233.1,1.2,-0.0,0.0,288.15,--.--,--.--,0,0,0.0,0.0,0.0,0,0,0,--.--,--.--,--.--
2026-07-09 15:58:32.551,0.5,0.0,232,-0.6,-0.2,0.1,0.1,-0.9,0.000,0.0,29.6,67.6,66.2,29.719,0.000,0.000,0.000,0.0,00:02:33,0.1,0.5,1,--.--,0,--.--,--.--,0000:32:26,80,0,0,1,1,15.30,-1.00,-53,--.--,50,--.--,--:--:--,1,-15.30,15:58:32,20:58:32,7/9/26,--.--,--.--,--.--,--.--,--.--,--.--,--.--,--.--,--.--,--.--,--.--,--.--,0,--.--,--.--,--.--,--.--,--.--,--.--,--.--,--.--,--.--,--.--,--.--,--.--,--.--,--.--,--.--,--.--,0,0.000,0.000,0.000,0.000,0.000,0.000,0.000,0.000,0.000,0.000,0.000,0.000,true,true,true,true,true,true,false,false,true,true,false,false,0.01,0.00,0.00,0.02,--.--,--.--,0.15,0.17,9223372036854775808,0,--.--,--.--,--.--,--.--,--.--,0,0,0,0,37.4122953,-121.9985278,10SEG 88624 41081,0.7,1.1,55.2,3,10,--.--,--.--,,--.--,--.--,--.--,0,0,--.--,--.--,0,0.1,-0.0,-29.8,0.1,0.1,-0.0,0.0,-0.0,-29.9,-0.0,0.0,-0.0,--.--,--.--,--.--,--.--,0.5,0.0,232.8,0.0,-0.1,-0.0,288.15,--.--,--.--,0,0,0.0,0.0,0.0,0,0,0,--.--,--.--,--.--
2026-07-09 15:58:33.551,1.5,0.1,233,0.1,0.0,0.6,0.1,0.9,0.000,0.0,29.6,67.6,66.2,29.742,0.000,0.000,0.000,0.0,00:02:34,0.1,1.5,1,--.--,0,--.--,--.--,0000:32:26,80,0,0,1,1,15.30,-1.00,-53,--.--,50,--.--,--:--:--,1,-15.30,15:58:33,20:58:33,7/9/26,--.--,--.--,--.--,--.--,--.--,--.--,--.--,--.--,--.--,--.--,--.--,--.--,0,--.--,--.--,--.--,--.--,--.--,--.--,--.--,--.--,--.--,--.--,--.--,--.--,--.--,--.--,--.--,--.--,0,0.000,0.000,0.000,0.000,0.000,0.000,0.000,0.000,0.000,0.000,0.000,0.000,true,true,true,true,true,true,false,false,true,true,false,false,0.01,0.00,0.00,0.02,--.--,--.--,0.15,0.17,9223372036854775808,0,--.--,--.--,--.--,--.--,--.--,0,0,0,0,37.4122959,-121.9985265,10SEG 88624 41081,0.7,1.1,94.0,3,10,--.--,--.--,,--.--,--.--,--.--,0,0,--.--,--.--,0,0.1,0.1,-29.9,-0.0,0.1,-0.0,0.0,-0.0,-29.9,-0.1,-0.1,0.0,--.--,--.--,--.--,--.--,1.4,0.0,233.1,-0.2,-0.2,0.4,288.15,--.--,--.--,0,0,0.0,0.0,0.0,0,0,0,--.--,--.--,--.--
2026-07-09 15:58:34.551,1.6,-0.0,233,0.1,0.0,0.9,0.1,0.9,0.000,0.0,29.6,67.6,66.2,29.770,0.000,0.000,0.000,0.0,00:02:35,0.1,2.3,1,--.--,0,--.--,--.--,0000:32:26,80,0,0,1,1,15.30,-1.00,-53,--.--,50,--.--,--:--:--,1,-15.30,15:58:34,20:58:34,7/9/26,--.--,--.--,--.--,--.--,--.--,--.--,--.--,--.--,--.--,--.--,--.--,--.--,0,--.--,--.--,--.--,--.--,--.--,--.--,--.--,--.--,--.--,--.--,--.--,--.--,--.--,--.--,--.--,--.--,0,0.000,0.000,0.000,0.000,0.000,0.000,0.000,0.000,0.000,0.000,0.000,0.000,true,true,true,true,true,true,false,false,true,true,false,false,0.01,0.00,0.00,0.02,--.--,--.--,0.15,0.17,9223372036854775808,0,--.--,--.--,--.--,--.--,--.--,0,0,0,0,37.4122953,-121.9985266,10SEG 88624 41081,0.7,1.1,191.5,3,10,--.--,--.--,,--.--,--.--,--.--,0,0,--.--,--.--,0,0.1,0.1,-29.9,-0.0,-0.1,0.0,0.0,-0.0,-29.9,-0.0,-0.1,0.0,--.--,--.--,--.--,--.--,1.6,-0.0,233.8,-0.2,0.1,0.6,288.15,--.--,--.--,0,0,0.0,0.0,0.0,0,0,0,--.--,--.--,--.--
2026-07-09 15:58:35.550,1.4,-0.1,234,0.1,0.1,0.4,0.1,-0.4,0.000,-0.0,29.6,67.6,66.2,29.759,0.000,0.000,0.000,0.0,00:02:36,0.1,0.5,1,--.--,0,--.--,--.--,0000:32:26,79,0,0,1,1,15.30,-1.00,-54,--.--,50,--.--,--:--:--,1,-15.30,15:58:35,20:58:35,7/9/26,--.--,--.--,--.--,--.--,--.--,--.--,--.--,--.--,--.--,--.--,--.--,--.--,0,--.--,--.--,--.--,--.--,--.--,--.--,--.--,--.--,--.--,--.--,--.--,--.--,--.--,--.--,--.--,--.--,0,0.000,0.000,0.000,0.000,0.000,0.000,0.000,0.000,0.000,0.000,0.000,0.000,true,true,true,true,true,true,false,false,true,true,false,false,0.02,0.00,0.00,0.02,--.--,--.--,0.15,0.17,9223372036854775808,0,--.--,--.--,--.--,--.--,--.--,0,0,0,0,37.4122937,-121.9985275,10SEG 88624 41081,0.7,1.1,230.5,3,10,--.--,--.--,,--.--,--.--,--.--,0,0,--.--,--.--,0,-0.0,-0.0,-29.9,-0.0,-0.1,0.0,0.0,-0.0,-29.9,0.1,0.0,0.0,--.--,--.--,--.--,--.--,1.4,-0.0,234.1,0.0,0.3,0.4,288.15,--.--,--.--,0,0,0.0,0.0,0.0,0,0,0,--.--,--.--,--.--
2026-07-09 15:58:36.551,0.5,-0.1,233,-1.1,0.0,-0.4,0.1,0.3,0.000,-0.0,29.6,67.6,66.2,29.736,0.000,0.000,0.000,0.0,00:02:37,0.2,1.8,1,--.--,0,--.--,--.--,0000:32:26,77,0,0,1,1,15.30,-1.00,-54,--.--,50,--.--,--:--:--,1,-15.30,15:58:36,20:58:36,7/9/26,--.--,--.--,--.--,--.--,--.--,--.--,--.--,--.--,--.--,--.--,--.--,--.--,0,--.--,--.--,--.--,--.--,--.--,--.--,--.--,--.--,--.--,--.--,--.--,--.--,--.--,--.--,--.--,--.--,0,0.000,0.000,0.000,0.000,0.000,0.000,0.000,0.000,0.000,0.000,0.000,0.000,true,true,true,true,true,true,false,false,true,true,false,false,0.02,0.00,0.00,0.02,--.--,--.--,0.15,0.17,9223372036854775808,0,--.--,--.--,--.--,--.--,--.--,0,0,0,0,37.4122931,-121.9985290,10SEG 88624 41081,0.7,1.1,272.8,3,10,--.--,--.--,,--.--,--.--,--.--,0,0,--.--,--.--,0,-0.1,-0.2,-29.9,0.0,-0.1,0.0,0.0,-0.0,-29.9,0.1,0.1,0.0,--.--,--.--,--.--,--.--,0.4,-0.0,233.9,-0.5,0.3,0.0,288.15,--.--,--.--,0,0,0.0,0.0,0.0,0,0,0,--.--,--.--,--.--
2026-07-09 15:58:37.550,0.9,0.1,233,0.1,0.2,-0.7,0.1,-0.6,0.000,-0.0,29.6,67.6,66.2,29.726,0.000,0.000,0.000,0.0,00:02:38,0.1,1.8,1,--.--,0,--.--,--.--,0000:32:26,78,0,0,1,1,15.30,-1.00,-55,--.--,50,--.--,--:--:--,1,-15.30,15:58:37,20:58:37,7/9/26,--.--,--.--,--.--,--.--,--.--,--.--,--.--,--.--,--.--,--.--,--.--,--.--,0,--.--,--.--,--.--,--.--,--.--,--.--,--.--,--.--,--.--,--.--,--.--,--.--,--.--,--.--,--.--,--.--,0,0.000,0.000,0.000,0.000,0.000,0.000,0.000,0.000,0.000,0.000,0.000,0.000,true,true,true,true,true,true,false,false,true,true,false,false,0.01,0.01,0.00,0.02,--.--,--.--,0.15,0.17,9223372036854775808,0,--.--,--.--,--.--,--.--,--.--,0,0,0,0,37.4122938,-121.9985293,10SEG 88624 41081,0.7,1.1,36.1,3,10,--.--,--.--,,--.--,--.--,--.--,0,0,--.--,--.--,0,-0.1,-0.1,-29.8,0.1,0.1,0.0,0.0,-0.0,-29.9,0.1,0.1,-0.0,--.--,--.--,--.--,--.--,0.8,-0.0,233.3,-0.5,-0.2,0.0,288.15,--.--,--.--,0,0,0.0,0.0,0.0,0,0,0,--.--,--.--,--.--
2026-07-09 15:58:38.550,0.3,0.0,232,0.4,0.0,0.0,0.2,-1.3,0.000,0.0,29.6,67.6,66.2,29.720,0.000,0.000,0.000,0.0,00:02:39,0.0,0.1,1,--.--,0,--.--,--.--,0000:32:26,79,0,0,1,1,15.30,-1.00,-55,--.--,50,--.--,--:--:--,1,-15.30,15:58:38,20:58:38,7/9/26,--.--,--.--,--.--,--.--,--.--,--.--,--.--,--.--,--.--,--.--,--.--,--.--,0,--.--,--.--,--.--,--.--,--.--,--.--,--.--,--.--,--.--,--.--,--.--,--.--,--.--,--.--,--.--,--.--,0,0.000,0.000,0.000,0.000,0.000,0.000,0.000,0.000,0.000,0.000,0.000,0.000,true,true,true,true,true,true,false,false,true,true,false,false,0.01,0.01,0.00,0.02,--.--,--.--,0.15,0.17,9223372036854775808,0,--.--,--.--,--.--,--.--,--.--,0,0,0,0,37.4122950,-121.9985280,10SEG 88624 41081,0.7,1.1,48.7,3,10,--.--,--.--,,--.--,--.--,--.--,0,0,--.--,--.--,0,0.1,-0.0,-29.9,0.1,0.2,-0.0,0.0,-0.0,-29.9,-0.0,0.0,-0.0,--.--,--.--,--.--,--.--,0.5,-0.0,232.9,0.8,-0.1,-0.0,288.15,--.--,--.--,0,0,0.0,0.0,0.0,0,0,0,--.--,--.--,--.--
2026-07-09 15:58:39.549,1.5,0.1,233,0.7,-0.0,0.8,0.1,-0.8,0.000,0.0,29.6,67.6,66.2,29.774,0.000,0.000,0.000,0.0,00:02:40,0.2,1.3,1,--.--,0,--.--,--.--,0000:32:26,81,0,0,1,1,15.30,-1.00,-55,--.--,50,--.--,--:--:--,1,-15.30,15:58:39,20:58:39,7/9/26,--.--,--.--,--.--,--.--,--.--,--.--,--.--,--.--,--.--,--.--,--.--,--.--,0,--.--,--.--,--.--,--.--,--.--,--.--,--.--,--.--,--.--,--.--,--.--,--.--,--.--,--.--,--.--,--.--,0,0.000,0.000,0.000,0.000,0.000,0.000,0.000,0.000,0.000,0.000,0.000,0.000,true,true,true,true,true,true,false,false,true,true,false,false,0.01,0.00,0.00,0.03,--.--,--.--,0.15,0.17,9223372036854775808,0,--.--,--.--,--.--,--.--,--.--,0,0,0,0,37.4122959,-121.9985262,10SEG 88624 41081,0.7,1.1,81.1,3,10,--.--,--.--,,--.--,--.--,--.--,0,0,--.--,--.--,0,0.1,0.1,-29.9,0.0,0.1,-0.0,0.0,-0.0,-29.9,-0.1,-0.1,0.1,--.--,--.--,--.--,--.--,1.5,-0.0,233.4,0.2,-0.2,0.5,288.15,--.--,--.--,0,0,0.0,0.0,0.0,0,0,0,--.--,--.--,--.--
2026-07-09 15:58:40.549,1.2,-0.1,234,0.9,-0.0,0.8,0.1,0.8,0.000,-0.0,29.7,67.7,66.7,29.813,0.000,0.000,0.000,0.0,00:02:41,0.2,2.0,1,--.--,0,--.--,--.--,0000:32:26,80,0,0,1,1,15.30,-1.00,-55,--.--,50,--.--,--:--:--,1,-15.30,15:58:40,20:58:40,7/9/26,--.--,--.--,--.--,--.--,--.--,--.--,--.--,--.--,--.--,--.--,--.--,--.--,0,--.--,--.--,--.--,--.--,--.--,--.--,--.--,--.--,--.--,--.--,--.--,--.--,--.--,--.--,--.--,--.--,0,0.000,0.000,0.000,0.000,0.000,0.000,0.000,0.000,0.000,0.000,0.000,0.000,true,true,true,true,true,true,false,false,true,true,false,false,0.01,0.00,0.00,0.03,--.--,--.--,0.15,0.17,9223372036854775808,0,--.--,--.--,--.--,--.--,--.--,0,0,0,0,37.4122952,-121.9985255,10SEG 88625 41081,0.7,1.1,200.0,3,10,--.--,--.--,,--.--,--.--,--.--,0,0,--.--,--.--,0,0.1,0.1,-29.9,-0.1,-0.1,0.0,0.0,-0.0,-29.9,-0.0,-0.1,0.1,--.--,--.--,--.--,--.--,1.5,0.0,234.2,1.5,0.4,0.5,288.15,--.--,--.--,0,0,0.0,0.0,0.0,0,0,0,--.--,--.--,--.--
2026-07-09 15:58:41.549,1.6,-0.0,234,-1.9,-0.0,0.7,0.2,-1.6,0.000,-0.1,29.7,67.7,66.7,29.785,0.000,0.000,0.000,0.0,00:02:42,0.1,0.4,1,--.--,0,--.--,--.--,0000:32:26,78,0,0,1,1,15.30,-1.00,-56,--.--,50,--.--,--:--:--,1,-15.30,15:58:41,20:58:41,7/9/26,--.--,--.--,--.--,--.--,--.--,--.--,--.--,--.--,--.--,--.--,--.--,--.--,0,--.--,--.--,--.--,--.--,--.--,--.--,--.--,--.--,--.--,--.--,--.--,--.--,--.--,--.--,--.--,--.--,0,0.000,0.000,0.000,0.000,0.000,0.000,0.000,0.000,0.000,0.000,0.000,0.000,true,true,true,true,true,true,false,false,true,true,false,false,0.03,0.00,0.00,0.02,--.--,--.--,0.15,0.17,9223372036854775808,0,--.--,--.--,--.--,--.--,--.--,0,0,0,0,37.4122940,-121.9985273,10SEG 88624 41081,0.7,1.1,245.5,3,10,--.--,--.--,,--.--,--.--,--.--,0,0,--.--,--.--,0,-0.0,-0.0,-29.9,-0.0,-0.2,0.1,0.0,-0.0,-29.9,0.1,0.0,0.0,--.--,--.--,--.--,--.--,1.1,0.0,234.5,-2.4,0.1,0.2,288.15,--.--,--.--,0,0,0.0,0.0,0.0,0,0,0,--.--,--.--,--.--
2026-07-09 15:58:42.549,0.5,-0.0,234,0.6,0.2,-0.6,0.1,1.5,0.000,-0.1,29.6,67.6,66.7,29.734,0.000,0.000,0.000,0.0,00:02:43,0.2,1.4,1,--.--,0,--.--,--.--,0000:32:26,77,0,0,1,1,15.30,-1.00,-56,--.--,50,--.--,--:--:--,1,-15.30,15:58:42,20:58:42,7/9/26,--.--,--.--,--.--,--.--,--.--,--.--,--.--,--.--,--.--,--.--,--.--,--.--,0,--.--,--.--,--.--,--.--,--.--,--.--,--.--,--.--,--.--,--.--,--.--,--.--,--.--,--.--,--.--,--.--,0,0.000,0.000,0.000,0.000,0.000,0.000,0.000,0.000,0.000,0.000,0.000,0.000,true,true,true,true,true,true,false,false,true,true,false,false,0.03,0.00,0.00,0.02,--.--,--.--,0.15,0.17,9223372036854775808,0,--.--,--.--,--.--,--.--,--.--,0,0,0,0,37.4122936,-121.9985288,10SEG 88624 41081,0.7,1.1,281.2,3,10,--.--,--.--,,--.--,--.--,--.--,0,0,--.--,--.--,0,-0.1,-0.1,-29.9,-0.0,-0.1,0.1,0.0,-0.0,-29.9,0.1,0.1,-0.0,--.--,--.--,--.--,--.--,0.7,-0.0,234.4,0.6,0.2,0.0,288.15,--.--,--.--,0,0,0.0,0.0,0.0,0,0,0,--.--,--.--,--.--
2026-07-09 15:58:43.548,0.4,0.1,233,-1.0,-0.1,-0.6,0.1,-1.0,0.000,-0.0,29.6,67.6,66.7,29.725,0.000,0.000,0.000,0.0,00:02:44,0.1,1.4,1,--.--,0,--.--,--.--,0000:32:26,78,0,0,1,1,15.30,-1.00,-56,--.--,50,--.--,--:--:--,1,-15.30,15:58:43,20:58:43,7/9/26,--.--,--.--,--.--,--.--,--.--,--.--,--.--,--.--,--.--,--.--,--.--,--.--,0,--.--,--.--,--.--,--.--,--.--,--.--,--.--,--.--,--.--,--.--,--.--,--.--,--.--,--.--,--.--,--.--,0,0.000,0.000,0.000,0.000,0.000,0.000,0.000,0.000,0.000,0.000,0.000,0.000,true,true,true,true,true,true,false,false,true,true,false,false,0.01,0.00,0.01,0.02,--.--,--.--,0.15,0.17,9223372036854775808,0,--.--,--.--,--.--,--.--,--.--,0,0,0,0,37.4122942,-121.9985291,10SEG 88624 41081,0.7,1.1,15.9,3,10,--.--,--.--,,--.--,--.--,--.--,0,0,--.--,--.--,0,-0.0,-0.1,-29.9,0.1,0.1,0.0,0.0,-0.0,-29.9,0.0,0.1,0.0,--.--,--.--,--.--,--.--,0.2,0.0,233.7,-0.9,-0.2,0.0,288.15,--.--,--.--,0,0,0.0,0.0,0.0,0,0,0,--.--,--.--,--.--
2026-07-09 15:58:44.548,0.8,0.1,233,1.0,0.1,0.1,0.2,1.1,0.000,-0.0,29.6,67.6,66.7,29.767,0.000,0.000,0.000,0.0,00:02:45,0.1,0.3,1,--.--,0,--.--,--.--,0000:32:26,79,0,0,1,1,15.30,-1.00,-56,--.--,50,--.--,--:--:--,1,-15.30,15:58:44,20:58:44,7/9/26,--.--,--.--,--.--,--.--,--.--,--.--,--.--,--.--,--.--,--.--,--.--,--.--,0,--.--,--.--,--.--,--.--,--.--,--.--,--.--,--.--,--.--,--.--,--.--,--.--,--.--,--.--,--.--,--.--,0,0.000,0.000,0.000,0.000,0.000,0.000,0.000,0.000,0.000,0.000,0.000,0.000,true,true,true,true,true,true,false,false,true,true,false,false,0.01,0.00,0.01,0.02,--.--,--.--,0.15,0.17,9223372036854775808,0,--.--,--.--,--.--,--.--,--.--,0,0,0,0,37.4122957,-121.9985278,10SEG 88624 41081,0.7,1.1,49.0,3,10,--.--,--.--,,--.--,--.--,--.--,0,0,--.--,--.--,0,0.1,0.0,-29.9,0.1,0.2,0.0,0.0,-0.0,-29.9,-0.1,-0.0,0.0,--.--,--.--,--.--,--.--,0.9,0.0,233.2,0.5,-0.3,0.0,288.15,--.--,--.--,0,0,0.0,0.0,0.0,0,0,0,--.--,--.--,--.--
2026-07-09 15:58:45.548,1.2,0.0,233,0.9,-0.1,0.7,0.1,0.6,0.000,-0.0,29.7,67.6,66.7,29.823,0.000,0.000,0.000,0.0,00:02:46,0.3,2.5,1,--.--,0,--.--,--.--,0000:32:26,81,0,0,1,1,15.30,-1.00,-57,--.--,50,--.--,--:--:--,1,-15.30,15:58:45,20:58:45,7/9/26,--.--,--.--,--.--,--.--,--.--,--.--,--.--,--.--,--.--,--.--,--.--,--.--,0,--.--,--.--,--.--,--.--,--.--,--.--,--.--,--.--,--.--,--.--,--.--,--.--,--.--,--.--,--.--,--.--,0,0.000,0.000,0.000,0.000,0.000,0.000,0.000,0.000,0.000,0.000,0.000,0.000,true,true,true,true,true,true,false,false,true,true,false,false,0.02,0.00,0.01,0.03,--.--,--.--,0.15,0.17,9223372036854775808,0,--.--,--.--,--.--,--.--,--.--,0,0,0,0,37.4122965,-121.9985258,10SEG 88625 41081,0.7,1.1,91.5,3,10,--.--,--.--,,--.--,--.--,--.--,0,0,--.--,--.--,0,0.2,0.2,-30.0,-0.0,0.0,0.0,0.0,-0.0,-29.9,-0.1,-0.1,0.1,--.--,--.--,--.--,--.--,1.4,-0.0,233.6,0.9,-0.0,0.4,288.15,--.--,--.--,0,0,0.0,0.0,0.0,0,0,0,--.--,--.--,--.--
2026-07-09 15:58:46.548,1.8,-0.0,234,0.3,0.0,1.1,0.2,1.0,0.000,-0.1,29.7,67.7,66.7,29.851,0.000,0.000,0.000,0.0,00:02:47,0.2,1.3,1,--.--,0,--.--,--.--,0000:32:26,80,0,0,1,1,15.30,-1.00,-57,--.--,50,--.--,--:--:--,1,-15.30,15:58:46,20:58:46,7/9/26,--.--,--.--,--.--,--.--,--.--,--.--,--.--,--.--,--.--,--.--,--.--,--.--,0,--.--,--.--,--.--,--.--,--.--,--.--,--.--,--.--,--.--,--.--,--.--,--.--,--.--,--.--,--.--,--.--,0,0.000,0.000,0.000,0.000,0.000,0.000,0.000,0.000,0.000,0.000,0.000,0.000,true,true,true,true,true,true,false,false,true,true,false,false,0.02,0.00,0.01,0.03,--.--,--.--,0.15,0.17,9223372036854775808,0,--.--,--.--,--.--,--.--,--.--,0,0,0,0,37.4122957,-121.9985256,10SEG 88625 41081,0.7,1.1,208.7,3,10,--.--,--.--,,--.--,--.--,--.--,0,0,--.--,--.--,0,0.1,0.1,-30.0,-0.1,-0.2,0.1,0.0,-0.0,-29.9,-0.0,-0.1,0.1,--.--,--.--,--.--,--.--,1.8,-0.0,234.4,-0.1,0.2,0.8,288.15,--.--,--.--,0,0,0.0,0.0,0.0,0,0,0,--.--,--.--,--.--
2026-07-09 15:58:47.547,0.9,-0.1,234,-0.6,-0.1,0.2,0.2,1.1,0.000,-0.1,29.7,67.7,66.7,29.818,0.000,0.000,0.000,0.0,00:02:48,0.1,0.2,1,--.--,0,--.--,--.--,0000:32:26,77,0,0,1,1,15.30,-1.00,-57,--.--,50,--.--,--:--:--,1,-15.30,15:58:47,20:58:47,7/9/26,--.--,--.--,--.--,--.--,--.--,--.--,--.--,--.--,--.--,--.--,--.--,--.--,0,--.--,--.--,--.--,--.--,--.--,--.--,--.--,--.--,--.--,--.--,--.--,--.--,--.--,--.--,--.--,--.--,0,0.000,0.000,0.000,0.000,0.000,0.000,0.000,0.000,0.000,0.000,0.000,0.000,true,true,true,true,true,true,false,false,true,true,false,false,0.02,0.01,0.01,0.03,--.--,--.--,0.15,0.17,9223372036854775808,0,--.--,--.--,--.--,--.--,--.--,0,0,0,0,37.4122946,-121.9985274,10SEG 88624 41081,0.7,1.1,235.4,3,10,--.--,--.--,,--.--,--.--,--.--,0,0,--.--,--.--,0,-0.0,-0.1,-29.9,-0.1,-0.2,0.1,0.0,-0.0,-29.9,0.0,0.0,0.1,--.--,--.--,--.--,--.--,0.9,0.0,234.9,0.0,0.5,-0.0,288.15,--.--,--.--,0,0,0.0,0.0,0.0,0,0,0,--.--,--.--,--.--
2026-07-09 15:58:48.544,1.0,0.0,234,-1.1,0.0,-0.7,0.1,0.8,0.000,-0.1,29.7,67.7,66.7,29.772,0.000,0.000,0.000,0.0,00:02:49,0.2,1.9,1,--.--,0,--.--,--.--,0000:32:26,77,0,0,1,1,15.30,-1.00,-57,--.--,50,--.--,--:--:--,1,-15.30,15:58:48,20:58:48,7/9/26,--.--,--.--,--.--,--.--,--.--,--.--,--.--,--.--,--.--,--.--,--.--,--.--,0,--.--,--.--,--.--,--.--,--.--,--.--,--.--,--.--,--.--,--.--,--.--,--.--,--.--,--.--,--.--,--.--,0,0.000,0.000,0.000,0.000,0.000,0.000,0.000,0.000,0.000,0.000,0.000,0.000,true,true,true,true,true,true,false,false,true,true,false,false,0.02,0.01,0.01,0.03,--.--,--.--,0.15,0.17,9223372036854775808,0,--.--,--.--,--.--,--.--,--.--,0,0,0,0,37.4122936,-121.9985294,10SEG 88624 41081,0.7,1.1,281.8,3,10,--.--,--.--,,--.--,--.--,--.--,0,0,--.--,--.--,0,-0.1,-0.2,-29.9,0.0,-0.0,0.1,0.0,-0.0,-29.9,0.1,0.1,0.0,--.--,--.--,--.--,--.--,0.7,0.0,234.5,-1.5,-0.1,0.0,288.15,--.--,--.--,0,0,0.0,0.0,0.0,0,0,0,--.--,--.--,--.--
2026-07-09 15:58:49.547,0.1,-0.0,233,0.7,0.1,-0.7,0.1,-0.6,0.000,-0.1,29.6,67.6,66.7,29.765,0.000,0.000,0.000,0.0,00:02:50,0.1,1.5,1,--.--,0,--.--,--.--,0000:32:26,77,0,0,1,1,15.30,-1.00,-58,--.--,50,--.--,--:--:--,1,-15.30,15:58:49,20:58:49,7/9/26,--.--,--.--,--.--,--.--,--.--,--.--,--.--,--.--,--.--,--.--,--.--,--.--,0,--.--,--.--,--.--,--.--,--.--,--.--,--.--,--.--,--.--,--.--,--.--,--.--,--.--,--.--,--.--,--.--,0,0.000,0.000,0.000,0.000,0.000,0.000,0.000,0.000,0.000,0.000,0.000,0.000,true,true,true,true,true,true,false,false,true,true,false,false,0.03,0.00,0.01,0.02,--.--,--.--,0.15,0.17,9223372036854775808,0,--.--,--.--,--.--,--.--,--.--,0,0,0,0,37.4122939,-121.9985301,10SEG 88624 41081,0.7,1.1,21.6,3,10,--.--,--.--,,--.--,--.--,--.--,0,0,--.--,--.--,0,-0.0,-0.2,-29.9,0.1,0.1,0.1,0.0,-0.0,-29.9,0.0,0.1,0.0,--.--,--.--,--.--,--.--,0.3,-0.0,233.6,1.0,0.1,0.0,288.15,--.--,--.--,0,0,0.0,0.0,0.0,0,0,0,--.--,--.--,--.--
2026-07-09 15:58:50.546,0.8,0.1,233,0.3,-0.0,0.1,0.2,-1.6,0.000,-0.0,29.6,67.6,66.7,29.778,0.000,0.000,0.000,0.0,00:02:51,0.1,0.2,1,--.--,0,--.--,--.--,0000:32:26,79,0,0,1,1,15.30,-1.00,-58,--.--,50,--.--,--:--:--,1,-15.30,15:58:50,20:58:50,7/9/26,--.--,--.--,--.--,--.--,--.--,--.--,--.--,--.--,--.--,--.--,--.--,--.--,0,--.--,--.--,--.--,--.--,--.--,--.--,--.--,--.--,--.--,--.--,--.--,--.--,--.--,--.--,--.--,--.--,0,0.000,0.000,0.000,0.000,0.000,0.000,0.000,0.000,0.000,0.000,0.000,0.000,true,true,true,true,true,true,false,false,true,true,false,false,0.03,0.00,0.01,0.02,--.--,--.--,0.15,0.17,9223372036854775808,0,--.--,--.--,--.--,--.--,--.--,0,0,0,0,37.4122955,-121.9985286,10SEG 88624 41081,0.7,1.1,56.4,3,10,--.--,--.--,,--.--,--.--,--.--,0,0,--.--,--.--,0,0.1,-0.0,-29.9,0.1,0.2,0.0,0.0,-0.0,-29.9,-0.1,0.0,0.1,--.--,--.--,--.--,--.--,0.8,-0.0,233.0,0.3,-0.3,0.0,288.15,--.--,--.--,0,0,0.0,0.0,0.0,0,0,0,--.--,--.--,--.--
2026-07-09 15:58:51.546,1.1,-0.0,233,0.4,-0.1,0.8,0.1,-1.2,0.000,-0.0,29.7,67.7,66.7,29.833,0.000,0.000,0.000,0.0,00:02:52,0.2,1.5,1,--.--,0,--.--,--.--,0000:32:26,81,0,0,1,1,15.30,-1.00,-58,--.--,50,--.--,--:--:--,1,-15.30,15:58:51,20:58:51,7/9/26,--.--,--.--,--.--,--.--,--.--,--.--,--.--,--.--,--.--,--.--,--.--,--.--,0,--.--,--.--,--.--,--.--,--.--,--.--,--.--,--.--,--.--,--.--,--.--,--.--,--.--,--.--,--.--,--.--,0,0.000,0.000,0.000,0.000,0.000,0.000,0.000,0.000,0.000,0.000,0.000,0.000,true,true,true,true,true,true,false,false,true,true,false,false,0.02,0.01,0.01,0.03,--.--,--.--,0.15,0.17,9223372036854775808,0,--.--,--.--,--.--,--.--,--.--,0,0,0,0,37.4122960,-121.9985264,10SEG 88624 41081,0.7,1.1,97.0,3,10,--.--,--.--,,--.--,--.--,--.--,0,0,--.--,--.--,0,0.2,0.1,-30.0,-0.0,0.1,0.0,0.0,-0.0,-29.9,-0.1,-0.1,0.1,--.--,--.--,--.--,--.--,1.2,0.0,233.5,0.6,0.0,0.2,288.15,--.--,--.--,0,0,0.0,0.0,0.0,0,0,0,--.--,--.--,--.--
2026-07-09 15:58:52.546,2.3,-0.0,234,0.2,0.1,1.4,0.1,-1.0,0.000,-0.1,29.7,67.7,66.7,29.853,0.000,0.000,0.000,0.0,00:02:53,0.1,1.3,1,--.--,0,--.--,--.--,0000:32:26,80,0,0,1,1,15.30,-1.00,-58,--.--,50,--.--,--:--:--,1,-15.30,15:58:52,20:58:52,7/9/26,--.--,--.--,--.--,--.--,--.--,--.--,--.--,--.--,--.--,--.--,--.--,--.--,0,--.--,--.--,--.--,--.--,--.--,--.--,--.--,--.--,--.--,--.--,--.--,--.--,--.--,--.--,--.--,--.--,0,0.000,0.000,0.000,0.000,0.000,0.000,0.000,0.000,0.000,0.000,0.000,0.000,true,true,true,true,true,true,false,false,true,true,false,false,0.02,0.01,0.01,0.03,--.--,--.--,0.15,0.17,9223372036854775808,0,--.--,--.--,--.--,--.--,--.--,0,0,0,0,37.4122953,-121.9985255,10SEG 88625 41081,0.7,1.1,201.2,3,10,--.--,--.--,,--.--,--.--,--.--,0,0,--.--,--.--,0,0.1,0.1,-30.0,-0.1,-0.1,0.1,0.0,-0.0,-29.9,-0.0,-0.1,0.1,--.--,--.--,--.--,--.--,2.2,0.0,234.4,-0.4,0.1,1.2,288.15,--.--,--.--,0,0,0.0,0.0,0.0,0,0,0,--.--,--.--,--.--
2026-07-09 15:58:53.545,1.1,-0.2,235,-0.7,0.1,0.6,0.2,1.2,0.000,-0.1,29.7,67.7,66.7,29.814,0.000,0.000,0.000,0.0,00:02:54,0.1,0.3,1,--.--,0,--.--,--.--,0000:32:26,77,0,0,1,1,15.30,-1.00,-59,--.--,50,--.--,--:--:--,1,-15.30,15:58:53,20:58:53,7/9/26,--.--,--.--,--.--,--.--,--.--,--.--,--.--,--.--,--.--,--.--,--.--,--.--,0,--.--,--.--,--.--,--.--,--.--,--.--,--.--,--.--,--.--,--.--,--.--,--.--,--.--,--.--,--.--,--.--,0,0.000,0.000,0.000,0.000,0.000,0.000,0.000,0.000,0.000,0.000,0.000,0.000,true,true,true,true,true,true,false,false,true,true,false,false,0.02,0.01,0.01,0.04,--.--,--.--,0.15,0.17,9223372036854775808,0,--.--,--.--,--.--,--.--,--.--,0,0,0,0,37.4122941,-121.9985273,10SEG 88624 41081,0.7,1.1,243.7,3,10,--.--,--.--,,--.--,--.--,--.--,0,0,--.--,--.--,0,-0.0,-0.1,-29.9,-0.1,-0.2,0.1,0.0,-0.0,-29.9,0.1,0.0,0.1,--.--,--.--,--.--,--.--,1.0,0.0,235.2,-0.6,0.6,0.0,288.15,--.--,--.--,0,0,0.0,0.0,0.0,0,0,0,--.--,--.--,--.--
2026-07-09 15:58:54.545,0.8,-0.0,235,0.1,0.1,-0.7,0.1,-1.0,0.000,-0.1,29.7,67.6,66.7,29.771,0.000,0.000,0.000,0.0,00:02:55,0.2,2.1,1,--.--,0,--.--,--.--,0000:32:26,76,0,0,1,1,15.30,-1.00,-59,--.--,50,--.--,--:--:--,1,-15.30,15:58:54,20:58:54,7/9/26,--.--,--.--,--.--,--.--,--.--,--.--,--.--,--.--,--.--,--.--,--.--,--.--,0,--.--,--.--,--.--,--.--,--.--,--.--,--.--,--.--,--.--,--.--,--.--,--.--,--.--,--.--,--.--,--.--,0,0.000,0.000,0.000,0.000,0.000,0.000,0.000,0.000,0.000,0.000,0.000,0.000,true,true,true,true,true,true,false,false,true,true,false,false,0.02,0.01,0.01,0.04,--.--,--.--,0.15,0.17,9223372036854775808,0,--.--,--.--,--.--,--.--,--.--,0,0,0,0,37.4122936,-121.9985288,10SEG 88624 41081,0.7,1.1,253.6,3,10,--.--,--.--,,--.--,--.--,--.--,0,0,--.--,--.--,0,-0.1,-0.2,-29.9,0.0,-0.0,0.1,0.0,-0.0,-29.9,0.1,0.1,0.0,--.--,--.--,--.--,--.--,0.8,-0.0,235.0,0.2,0.2,0.0,288.15,--.--,--.--,0,0,0.0,0.0,0.0,0,0,0,--.--,--.--,--.--
2026-07-09 15:58:55.545,0.4,0.1,234,-0.9,-0.1,-0.5,0.1,0.5,0.000,-0.0,29.6,67.6,66.7,29.737,0.000,0.000,0.000,0.0,00:02:56,0.1,1.0,1,--.--,0,--.--,--.--,0000:32:26,77,0,0,1,1,15.30,-1.00,-60,--.--,50,--.--,--:--:--,1,-15.30,15:58:55,20:58:55,7/9/26,--.--,--.--,--.--,--.--,--.--,--.--,--.--,--.--,--.--,--.--,--.--,--.--,0,--.--,--.--,--.--,--.--,--.--,--.--,--.--,--.--,--.--,--.--,--.--,--.--,--.--,--.--,--.--,--.--,0,0.000,0.000,0.000,0.000,0.000,0.000,0.000,0.000,0.000,0.000,0.000,0.000,true,true,true,true,true,true,false,false,true,true,false,false,0.01,0.00,0.01,0.02,--.--,--.--,0.15,0.17,9223372036854775808,0,--.--,--.--,--.--,--.--,--.--,0,0,0,0,37.4122942,-121.9985285,10SEG 88624 41081,0.7,1.1,27.2,3,10,--.--,--.--,,--.--,--.--,--.--,0,0,--.--,--.--,0,-0.0,-0.1,-29.9,0.1,0.1,0.0,0.0,-0.0,-29.9,0.0,0.1,0.0,--.--,--.--,--.--,--.--,0.3,-0.0,234.3,-0.7,-0.2,0.0,288.15,--.--,--.--,0,0,0.0,0.0,0.0,0,0,0,--.--,--.--,--.--
2026-07-09 15:58:56.544,1.0,0.1,234,0.4,-0.0,0.1,0.2,0.6,0.000,-0.0,29.6,67.6,66.7,29.766,0.000,0.000,0.000,0.0,00:02:57,0.1,0.3,1,--.--,0,--.--,--.--,0000:32:26,78,0,0,1,1,15.30,-1.00,-60,--.--,50,--.--,--:--:--,1,-15.30,15:58:56,20:58:56,7/9/26,--.--,--.--,--.--,--.--,--.--,--.--,--.--,--.--,--.--,--.--,--.--,--.--,0,--.--,--.--,--.--,--.--,--.--,--.--,--.--,--.--,--.--,--.--,--.--,--.--,--.--,--.--,--.--,--.--,0,0.000,0.000,0.000,0.000,0.000,0.000,0.000,0.000,0.000,0.000,0.000,0.000,true,true,true,true,true,true,false,false,true,true,false,false,0.01,0.00,0.01,0.02,--.--,--.--,0.15,0.17,9223372036854775808,0,--.--,--.--,--.--,--.--,--.--,0,0,0,0,37.4122954,-121.9985275,10SEG 88624 41081,0.7,1.1,61.2,3,10,--.--,--.--,,--.--,--.--,--.--,0,0,--.--,--.--,0,0.1,0.1,-29.9,0.1,0.2,0.0,0.0,-0.0,-29.9,-0.1,-0.0,0.1,--.--,--.--,--.--,--.--,1.0,-0.0,234.1,0.2,-0.3,0.0,288.15,--.--,--.--,0,0,0.0,0.0,0.0,0,0,0,--.--,--.--,--.--
2026-07-09 15:58:57.544,1.2,-0.0,234,0.5,-0.1,0.7,0.1,-1.0,0.000,-0.0,29.7,67.7,66.7,29.818,0.000,0.000,0.000,0.0,00:02:58,0.2,3.4,1,--.--,0,--.--,--.--,0000:32:26,80,0,0,1,1,15.30,-1.00,-60,--.--,50,--.--,--:--:--,1,-15.30,15:58:57,20:58:57,7/9/26,--.--,--.--,--.--,--.--,--.--,--.--,--.--,--.--,--.--,--.--,--.--,--.--,0,--.--,--.--,--.--,--.--,--.--,--.--,--.--,--.--,--.--,--.--,--.--,--.--,--.--,--.--,--.--,--.--,0,0.000,0.000,0.000,0.000,0.000,0.000,0.000,0.000,0.000,0.000,0.000,0.000,true,true,true,true,true,true,false,false,true,true,false,false,0.02,0.01,0.01,0.03,--.--,--.--,0.15,0.17,9223372036854775808,0,--.--,--.--,--.--,--.--,--.--,0,0,0,0,37.4122961,-121.9985254,10SEG 88625 41081,0.7,1.1,108.8,3,10,--.--,--.--,,--.--,--.--,--.--,0,0,--.--,--.--,0,0.2,0.2,-29.9,-0.0,0.0,0.0,0.0,-0.0,-29.9,-0.1,-0.1,0.1,--.--,--.--,--.--,--.--,1.3,0.0,234.6,0.6,0.1,0.3,288.15,--.--,--.--,0,0,0.0,0.0,0.0,0,0,0,--.--,--.--,--.--
2026-07-09 15:58:58.544,1.6,-0.1,235,-0.4,-0.1,0.9,0.2,0.3,0.000,-0.0,29.7,67.7,66.7,29.815,0.000,0.000,0.000,0.0,00:02:59,0.2,1.2,1,--.--,0,--.--,--.--,0000:32:26,79,0,0,1,1,15.30,-1.00,-60,--.--,50,--.--,--:--:--,1,-15.30,15:58:58,20:58:58,7/9/26,--.--,--.--,--.--,--.--,--.--,--.--,--.--,--.--,--.--,--.--,--.--,--.--,0,--.--,--.--,--.--,--.--,--.--,--.--,--.--,--.--,--.--,--.--,--.--,--.--,--.--,--.--,--.--,--.--,0,0.000,0.000,0.000,0.000,0.000,0.000,0.000,0.000,0.000,0.000,0.000,0.000,true,true,true,true,true,true,false,false,true,true,false,false,0.02,0.01,0.01,0.03,--.--,--.--,0.15,0.17,9223372036854775808,0,--.--,--.--,--.--,--.--,--.--,0,0,0,0,37.4122954,-121.9985253,10SEG 88625 41081,0.7,1.1,210.7,3,10,--.--,--.--,,--.--,--.--,--.--,0,0,--.--,--.--,0,0.1,0.1,-29.9,-0.1,-0.2,0.0,0.0,-0.0,-29.9,-0.0,-0.1,0.1,--.--,--.--,--.--,--.--,1.5,-0.0,235.2,-0.5,0.3,0.5,288.15,--.--,--.--,0,0,0.0,0.0,0.0,0,0,0,--.--,--.--,--.--
2026-07-09 15:58:59.544,1.2,-0.1,235,0.7,0.1,0.1,0.2,1.6,0.000,-0.1,29.7,67.6,66.7,29.770,0.000,0.000,0.000,0.0,00:03:00,0.1,0.4,1,--.--,0,--.--,--.--,0000:32:26,76,0,0,1,1,15.30,-1.00,-61,--.--,50,--.--,--:--:--,1,-15.30,15:58:59,20:58:59,7/9/26,--.--,--.--,--.--,--.--,--.--,--.--,--.--,--.--,--.--,--.--,--.--,--.--,0,--.--,--.--,--.--,--.--,--.--,--.--,--.--,--.--,--.--,--.--,--.--,--.--,--.--,--.--,--.--,--.--,0,0.000,0.000,0.000,0.000,0.000,0.000,0.000,0.000,0.000,0.000,0.000,0.000,true,true,true,true,true,true,false,false,true,true,false,false,0.02,0.01,0.00,0.03,--.--,--.--,0.15,0.17,9223372036854775808,0,--.--,--.--,--.--,--.--,--.--,0,0,0,0,37.4122938,-121.9985268,10SEG 88624 41081,0.7,1.1,236.3,3,10,--.--,--.--,,--.--,--.--,--.--,0,0,--.--,--.--,0,-0.0,-0.0,-29.9,-0.1,-0.2,0.1,0.0,-0.0,-29.9,0.1,0.0,0.0,--.--,--.--,--.--,--.--,1.4,0.0,235.5,0.9,0.4,0.4,288.15,--.--,--.--,0,0,0.0,0.0,0.0,0,0,0,--.--,--.--,--.--
2026-07-09 15:59:00.545,0.7,-0.0,235,-0.3,-0.0,-0.4,0.1,-2.0,0.000,-0.0,29.6,67.6,66.7,29.724,0.000,0.000,0.000,0.0,00:03:01,0.2,1.3,1,--.--,0,--.--,--.--,0000:32:26,76,0,0,1,1,15.30,-1.00,-61,--.--,50,--.--,--:--:--,1,-15.30,15:59:00,20:59:00,7/9/26,--.--,--.--,--.--,--.--,--.--,--.--,--.--,--.--,--.--,--.--,--.--,--.--,0,--.--,--.--,--.--,--.--,--.--,--.--,--.--,--.--,--.--,--.--,--.--,--.--,--.--,--.--,--.--,--.--,0,0.000,0.000,0.000,0.000,0.000,0.000,0.000,0.000,0.000,0.000,0.000,0.000,true,true,true,true,true,true,false,false,true,true,false,false,0.02,0.01,0.00,0.03,--.--,--.--,0.15,0.17,9223372036854775808,0,--.--,--.--,--.--,--.--,--.--,0,0,0,0,37.4122930,-121.9985283,10SEG 88624 41081,0.7,1.1,270.7,3,10,--.--,--.--,,--.--,--.--,--.--,0,0,--.--,--.--,0,-0.1,-0.1,-29.8,0.0,-0.1,0.0,0.0,-0.0,-29.9,0.1,0.1,-0.0,--.--,--.--,--.--,--.--,0.7,-0.0,235.3,0.2,0.1,0.0,288.15,--.--,--.--,0,0,0.0,0.0,0.0,0,0,0,--.--,--.--,--.--
2026-07-09 15:59:01.544,0.5,0.1,234,-0.8,-0.1,-0.4,0.1,-0.2,0.000,-0.0,29.6,67.6,66.7,29.691,0.000,0.000,0.000,0.0,00:03:02,0.1,1.1,1,--.--,0,--.--,--.--,0000:32:26,77,0,0,1,1,15.30,-1.00,-61,--.--,50,--.--,--:--:--,1,-15.30,15:59:01,20:59:01,7/9/26,--.--,--.--,--.--,--.--,--.--,--.--,--.--,--.--,--.--,--.--,--.--,--.--,0,--.--,--.--,--.--,--.--,--.--,--.--,--.--,--.--,--.--,--.--,--.--,--.--,--.--,--.--,--.--,--.--,0,0.000,0.000,0.000,0.000,0.000,0.000,0.000,0.000,0.000,0.000,0.000,0.000,true,true,true,true,true,true,false,false,true,true,false,false,0.01,0.01,0.01,0.02,--.--,--.--,0.15,0.17,9223372036854775808,0,--.--,--.--,--.--,--.--,--.--,0,0,0,0,37.4122940,-121.9985281,10SEG 88624 41081,0.7,1.1,19.8,3,10,--.--,--.--,,--.--,--.--,--.--,0,0,--.--,--.--,0,-0.0,-0.1,-29.8,0.1,0.1,-0.0,0.0,-0.0,-29.9,0.1,0.1,-0.0,--.--,--.--,--.--,--.--,0.4,-0.0,234.8,-0.7,-0.2,0.0,288.15,--.--,--.--,0,0,0.0,0.0,0.0,0,0,0,--.--,--.--,--.--
2026-07-09 15:59:02.544,0.9,0.1,234,1.1,0.1,0.0,0.2,-0.8,0.000,0.0,29.6,67.5,66.7,29.698,0.000,0.000,0.000,0.0,00:03:03,0.1,0.3,1,--.--,0,--.--,--.--,0000:32:26,78,0,0,1,1,15.30,-1.00,-61,--.--,50,--.--,--:--:--,1,-15.30,15:59:02,20:59:02,7/9/26,--.--,--.--,--.--,--.--,--.--,--.--,--.--,--.--,--.--,--.--,--.--,--.--,0,--.--,--.--,--.--,--.--,--.--,--.--,--.--,--.--,--.--,--.--,--.--,--.--,--.--,--.--,--.--,--.--,0,0.000,0.000,0.000,0.000,0.000,0.000,0.000,0.000,0.000,0.000,0.000,0.000,true,true,true,true,true,true,false,false,true,true,false,false,0.01,0.01,0.01,0.02,--.--,--.--,0.15,0.17,9223372036854775808,0,--.--,--.--,--.--,--.--,--.--,0,0,0,0,37.4122951,-121.9985271,10SEG 88624 41081,0.7,1.1,62.0,3,10,--.--,--.--,,--.--,--.--,--.--,0,0,--.--,--.--,0,0.1,0.1,-29.8,0.1,0.1,-0.1,0.0,-0.0,-29.9,-0.0,-0.0,-0.0,--.--,--.--,--.--,--.--,1.1,0.0,234.7,0.9,-0.3,0.1,288.15,--.--,--.--,0,0,0.0,0.0,0.0,0,0,0,--.--,--.--,--.--
2026-07-09 15:59:03.544,1.0,0.0,235,-0.6,-0.2,0.7,0.1,0.4,0.000,0.1,29.6,67.6,66.7,29.724,0.000,0.000,0.000,0.0,00:03:04,0.2,2.8,1,--.--,0,--.--,--.--,0000:32:26,80,0,0,1,1,15.30,-1.00,-62,--.--,50,--.--,--:--:--,1,-15.30,15:59:03,20:59:03,7/9/26,--.--,--.--,--.--,--.--,--.--,--.--,--.--,--.--,--.--,--.--,--.--,--.--,0,--.--,--.--,--.--,--.--,--.--,--.--,--.--,--.--,--.--,--.--,--.--,--.--,--.--,--.--,--.--,--.--,0,0.000,0.000,0.000,0.000,0.000,0.000,0.000,0.000,0.000,0.000,0.000,0.000,true,true,true,true,true,true,false,false,true,true,false,false,0.02,0.01,0.00,0.02,--.--,--.--,0.15,0.17,9223372036854775808,0,--.--,--.--,--.--,--.--,--.--,0,0,0,0,37.4122958,-121.9985256,10SEG 88625 41081,0.7,1.1,69.6,3,10,--.--,--.--,,--.--,--.--,--.--,0,0,--.--,--.--,0,0.2,0.2,-29.9,0.0,0.0,-0.1,0.0,-0.0,-29.9,-0.1,-0.1,-0.0,--.--,--.--,--.--,--.--,0.9,-0.0,235.1,-0.6,-0.1,-0.0,288.15,--.--,--.--,0,0,0.0,0.0,0.0,0,0,0,--.--,--.--,--.--
2026-07-09 15:59:04.545,1.2,-0.1,235,0.1,0.0,0.6,0.1,-1.0,0.000,0.0,29.6,67.6,66.7,29.742,0.000,0.000,0.000,0.0,00:03:05,0.1,1.3,1,--.--,0,--.--,--.--,0000:32:26,78,0,0,1,1,15.30,-1.00,-62,--.--,50,--.--,--:--:--,1,-15.30,15:59:04,20:59:04,7/9/26,--.--,--.--,--.--,--.--,--.--,--.--,--.--,--.--,--.--,--.--,--.--,--.--,0,--.--,--.--,--.--,--.--,--.--,--.--,--.--,--.--,--.--,--.--,--.--,--.--,--.--,--.--,--.--,--.--,0,0.000,0.000,0.000,0.000,0.000,0.000,0.000,0.000,0.000,0.000,0.000,0.000,true,true,true,true,true,true,false,false,true,true,false,false,0.02,0.01,0.00,0.02,--.--,--.--,0.15,0.17,9223372036854775808,0,--.--,--.--,--.--,--.--,--.--,0,0,0,0,37.4122957,-121.9985261,10SEG 88624 41081,0.7,1.1,227.2,3,10,--.--,--.--,,--.--,--.--,--.--,0,0,--.--,--.--,0,0.1,0.1,-29.9,-0.1,-0.1,-0.0,0.0,-0.0,-29.9,-0.0,-0.1,0.0,--.--,--.--,--.--,--.--,1.2,-0.0,235.7,-0.1,0.3,0.2,288.15,--.--,--.--,0,0,0.0,0.0,0.0,0,0,0,--.--,--.--,--.--
2026-07-09 15:59:05.544,0.8,-0.1,235,-1.0,0.0,-0.1,0.2,0.8,0.000,-0.0,29.6,67.6,66.7,29.709,0.000,0.000,0.000,0.0,00:03:06,0.1,0.2,1,--.--,0,--.--,--.--,0000:32:26,76,0,0,1,1,15.30,-1.00,-62,--.--,50,--.--,--:--:--,1,-15.30,15:59:05,20:59:05,7/9/26,--.--,--.--,--.--,--.--,--.--,--.--,--.--,--.--,--.--,--.--,--.--,--.--,0,--.--,--.--,--.--,--.--,--.--,--.--,--.--,--.--,--.--,--.--,--.--,--.--,--.--,--.--,--.--,--.--,0,0.000,0.000,0.000,0.000,0.000,0.000,0.000,0.000,0.000,0.000,0.000,0.000,true,true,true,true,true,true,false,false,true,true,false,false,0.03,0.01,0.00,0.02,--.--,--.--,0.15,0.17,9223372036854775808,0,--.--,--.--,--.--,--.--,--.--,0,0,0,0,37.4122949,-121.9985275,10SEG 88624 41081,0.7,1.1,245.4,3,10,--.--,--.--,,--.--,--.--,--.--,0,0,--.--,--.--,0,-0.0,-0.1,-29.8,-0.1,-0.2,0.0,0.0,-0.0,-29.9,0.0,0.0,-0.0,--.--,--.--,--.--,--.--,0.6,-0.0,235.9,-1.1,0.4,-0.0,288.15,--.--,--.--,0,0,0.0,0.0,0.0,0,0,0,--.--,--.--,--.--
2026-07-09 15:59:06.545,1.0,0.1,235,0.8,0.2,-0.7,0.1,-0.6,0.000,0.0,29.6,67.5,66.7,29.653,0.000,0.000,0.000,0.0,00:03:07,0.1,2.4,1,--.--,0,--.--,--.--,0000:32:26,76,0,0,1,1,15.30,-1.00,-62,--.--,50,--.--,--:--:--,1,-15.30,15:59:06,20:59:06,7/9/26,--.--,--.--,--.--,--.--,--.--,--.--,--.--,--.--,--.--,--.--,--.--,--.--,0,--.--,--.--,--.--,--.--,--.--,--.--,--.--,--.--,--.--,--.--,--.--,--.--,--.--,--.--,--.--,--.--,0,0.000,0.000,0.000,0.000,0.000,0.000,0.000,0.000,0.000,0.000,0.000,0.000,true,true,true,true,true,true,false,false,true,true,false,false,0.03,0.01,0.00,0.02,--.--,--.--,0.15,0.17,9223372036854775808,0,--.--,--.--,--.--,--.--,--.--,0,0,0,0,37.4122940,-121.9985288,10SEG 88624 41081,0.7,1.1,266.2,3,10,--.--,--.--,,--.--,--.--,--.--,0,0,--.--,--.--,0,-0.0,-0.1,-29.8,-0.0,-0.0,-0.0,0.0,-0.0,-29.9,0.1,0.1,-0.1,--.--,--.--,--.--,--.--,1.1,0.0,235.5,0.4,-0.2,0.1,288.15,--.--,--.--,0,0,0.0,0.0,0.0,0,0,0,--.--,--.--,--.--
2026-07-09 15:59:07.544,0.3,0.0,234,-0.8,-0.1,-0.2,0.1,1.7,0.000,0.1,29.5,67.5,66.7,29.633,0.000,0.000,0.000,0.0,00:03:08,0.0,0.5,1,--.--,0,--.--,--.--,0000:32:26,77,0,0,1,1,15.30,-1.00,-63,--.--,50,--.--,--:--:--,1,-15.30,15:59:07,20:59:07,7/9/26,--.--,--.--,--.--,--.--,--.--,--.--,--.--,--.--,--.--,--.--,--.--,--.--,0,--.--,--.--,--.--,--.--,--.--,--.--,--.--,--.--,--.--,--.--,--.--,--.--,--.--,--.--,--.--,--.--,0,0.000,0.000,0.000,0.000,0.000,0.000,0.000,0.000,0.000,0.000,0.000,0.000,true,true,true,true,true,true,false,false,true,true,false,false,0.02,0.01,0.01,0.02,--.--,--.--,0.15,0.17,9223372036854775808,0,--.--,--.--,--.--,--.--,--.--,0,0,0,0,37.4122945,-121.9985292,10SEG 88624 41081,0.7,1.1,25.8,3,10,--.--,--.--,,--.--,--.--,--.--,0,0,--.--,--.--,0,0.0,-0.1,-29.8,0.1,0.1,-0.1,0.0,-0.0,-29.9,0.0,0.1,-0.1,--.--,--.--,--.--,--.--,0.2,0.0,235.0,-0.7,-0.1,0.0,288.15,--.--,--.--,0,0,0.0,0.0,0.0,0,0,0,--.--,--.--,--.--
2026-07-09 15:59:08.545,0.8,0.0,234,1.6,0.2,0.1,0.2,-1.5,0.000,0.1,29.5,67.5,66.7,29.657,0.000,0.000,0.000,0.0,00:03:09,0.1,0.4,1,--.--,0,--.--,--.--,0000:32:26,78,0,0,1,1,15.30,-1.00,-63,--.--,50,--.--,--:--:--,1,-15.30,15:59:08,20:59:08,7/9/26,--.--,--.--,--.--,--.--,--.--,--.--,--.--,--.--,--.--,--.--,--.--,--.--,0,--.--,--.--,--.--,--.--,--.--,--.--,--.--,--.--,--.--,--.--,--.--,--.--,--.--,--.--,--.--,--.--,0,0.000,0.000,0.000,0.000,0.000,0.000,0.000,0.000,0.000,0.000,0.000,0.000,true,true,true,true,true,true,false,false,true,true,false,false,0.02,0.01,0.01,0.02,--.--,--.--,0.15,0.17,9223372036854775808,0,--.--,--.--,--.--,--.--,--.--,0,0,0,0,37.4122950,-121.9985281,10SEG 88624 41081,0.7,1.1,64.0,3,10,--.--,--.--,,--.--,--.--,--.--,0,0,--.--,--.--,0,0.1,0.0,-29.8,0.0,0.2,-0.1,0.0,-0.0,-29.9,-0.1,-0.0,-0.1,--.--,--.--,--.--,--.--,1.1,0.0,234.9,1.4,-0.1,0.1,288.15,--.--,--.--,0,0,0.0,0.0,0.0,0,0,0,--.--,--.--,--.--
2026-07-09 15:59:09.545,1.1,0.0,235,-0.6,-0.2,0.7,0.1,1.0,0.000,0.1,29.5,67.5,66.7,29.682,0.000,0.000,0.000,0.0,00:03:10,0.2,2.5,1,--.--,0,--.--,--.--,0000:32:26,79,0,0,1,1,15.30,-1.00,-63,--.--,50,--.--,--:--:--,1,-15.30,15:59:09,20:59:09,7/9/26,--.--,--.--,--.--,--.--,--.--,--.--,--.--,--.--,--.--,--.--,--.--,--.--,0,--.--,--.--,--.--,--.--,--.--,--.--,--.--,--.--,--.--,--.--,--.--,--.--,--.--,--.--,--.--,--.--,0,0.000,0.000,0.000,0.000,0.000,0.000,0.000,0.000,0.000,0.000,0.000,0.000,true,true,true,true,true,true,false,false,true,true,false,false,0.03,0.01,0.01,0.03,--.--,--.--,0.15,0.17,9223372036854775808,0,--.--,--.--,--.--,--.--,--.--,0,0,0,0,37.4122954,-121.9985268,10SEG 88624 41081,0.7,1.1,130.0,3,10,--.--,--.--,,--.--,--.--,--.--,0,0,--.--,--.--,0,0.1,0.1,-29.8,-0.0,0.0,-0.1,0.0,-0.0,-29.9,-0.1,-0.1,-0.0,--.--,--.--,--.--,--.--,1.0,0.0,235.4,-0.6,-0.0,-0.0,288.15,--.--,--.--,0,0,0.0,0.0,0.0,0,0,0,--.--,--.--,--.--
2026-07-09 15:59:10.546,1.5,-0.1,235,0.5,0.2,0.5,0.1,-0.5,0.000,0.1,29.6,67.6,66.7,29.694,0.000,0.000,0.000,0.0,00:03:11,0.1,1.0,1,--.--,0,--.--,--.--,0000:32:26,78,0,0,1,1,15.30,-1.00,-63,--.--,50,--.--,--:--:--,1,-15.30,15:59:10,20:59:10,7/9/26,--.--,--.--,--.--,--.--,--.--,--.--,--.--,--.--,--.--,--.--,--.--,--.--,0,--.--,--.--,--.--,--.--,--.--,--.--,--.--,--.--,--.--,--.--,--.--,--.--,--.--,--.--,--.--,--.--,0,0.000,0.000,0.000,0.000,0.000,0.000,0.000,0.000,0.000,0.000,0.000,0.000,true,true,true,true,true,true,false,false,true,true,false,false,0.03,0.01,0.01,0.03,--.--,--.--,0.15,0.17,9223372036854775808,0,--.--,--.--,--.--,--.--,--.--,0,0,0,0,37.4122947,-121.9985267,10SEG 88624 41081,0.7,1.1,214.3,3,10,--.--,--.--,,--.--,--.--,--.--,0,0,--.--,--.--,0,0.0,0.0,-29.8,-0.1,-0.1,-0.1,0.0,-0.0,-29.9,0.0,-0.0,-0.0,--.--,--.--,--.--,--.--,1.5,-0.0,235.9,0.1,0.3,0.5,288.15,--.--,--.--,0,0,0.0,0.0,0.0,0,0,0,--.--,--.--,--.--
2026-07-09 15:59:11.546,0.7,-0.1,236,-0.4,0.1,-0.0,0.1,1.3,0.000,0.1,29.6,67.5,66.7,29.658,0.000,0.000,0.000,0.0,00:03:12,0.1,0.6,1,--.--,0,--.--,--.--,0000:32:26,76,0,0,1,1,15.30,-1.00,-64,--.--,50,--.--,--:--:--,1,-15.30,15:59:11,20:59:11,7/9/26,--.--,--.--,--.--,--.--,--.--,--.--,--.--,--.--,--.--,--.--,--.--,--.--,0,--.--,--.--,--.--,--.--,--.--,--.--,--.--,--.--,--.--,--.--,--.--,--.--,--.--,--.--,--.--,--.--,0,0.000,0.000,0.000,0.000,0.000,0.000,0.000,0.000,0.000,0.000,0.000,0.000,true,true,true,true,true,true,false,false,true,true,false,false,0.03,0.00,0.01,0.02,--.--,--.--,0.15,0.17,9223372036854775808,0,--.--,--.--,--.--,--.--,--.--,0,0,0,0,37.4122937,-121.9985280,10SEG 88624 41081,0.7,1.1,242.3,3,10,--.--,--.--,,--.--,--.--,--.--,0,0,--.--,--.--,0,-0.0,-0.1,-29.8,-0.0,-0.1,-0.1,0.0,-0.0,-29.9,0.1,0.1,-0.1,--.--,--.--,--.--,--.--,0.7,-0.0,236.1,-0.0,0.4,-0.0,288.15,--.--,--.--,0,0,0.0,0.0,0.0,0,0,0,--.--,--.--,--.--
2026-07-09 15:59:12.546,1.0,0.0,235,-0.8,0.1,-0.4,0.0,0.4,0.000,0.1,29.5,67.5,66.7,29.619,0.000,0.000,0.000,0.0,00:03:13,0.1,5.2,1,--.--,0,--.--,--.--,0000:32:26,76,0,0,1,1,15.30,-1.00,-64,--.--,50,--.--,--:--:--,1,-15.30,15:59:12,20:59:12,7/9/26,--.--,--.--,--.--,--.--,--.--,--.--,--.--,--.--,--.--,--.--,--.--,--.--,0,--.--,--.--,--.--,--.--,--.--,--.--,--.--,--.--,--.--,--.--,--.--,--.--,--.--,--.--,--.--,--.--,0,0.000,0.000,0.000,0.000,0.000,0.000,0.000,0.000,0.000,0.000,0.000,0.000,true,true,true,true,true,true,false,false,true,true,false,false,0.03,0.00,0.01,0.02,--.--,--.--,0.15,0.17,9223372036854775808,0,--.--,--.--,--.--,--.--,--.--,0,0,0,0,37.4122935,-121.9985290,10SEG 88624 41081,0.7,1.1,289.9,3,10,--.--,--.--,,--.--,--.--,--.--,0,0,--.--,--.--,0,-0.1,-0.1,-29.7,0.1,0.0,-0.1,0.0,-0.0,-29.9,0.1,0.1,-0.1,--.--,--.--,--.--,--.--,0.7,0.0,235.7,-1.2,-0.2,0.0,288.15,--.--,--.--,0,0,0.0,0.0,0.0,0,0,0,--.--,--.--,--.--
2026-07-09 15:59:13.547,0.5,0.0,235,0.7,0.1,-0.3,0.1,-1.6,0.000,0.1,29.5,67.5,66.7,29.609,0.000,0.000,0.000,0.0,00:03:14,0.1,0.7,1,--.--,0,--.--,--.--,0000:32:26,77,0,0,1,1,15.30,-1.00,-65,--.--,50,--.--,--:--:--,1,-15.30,15:59:13,20:59:13,7/9/26,--.--,--.--,--.--,--.--,--.--,--.--,--.--,--.--,--.--,--.--,--.--,--.--,0,--.--,--.--,--.--,--.--,--.--,--.--,--.--,--.--,--.--,--.--,--.--,--.--,--.--,--.--,--.--,--.--,0,0.000,0.000,0.000,0.000,0.000,0.000,0.000,0.000,0.000,0.000,0.000,0.000,true,true,true,true,true,true,false,false,true,true,false,false,0.04,0.01,0.01,0.02,--.--,--.--,0.15,0.17,9223372036854775808,0,--.--,--.--,--.--,--.--,--.--,0,0,0,0,37.4122944,-121.9985290,10SEG 88624 41081,0.7,1.1,36.7,3,10,--.--,--.--,,--.--,--.--,--.--,0,0,--.--,--.--,0,0.0,-0.1,-29.7,0.1,0.1,-0.1,0.0,-0.0,-29.9,0.0,0.1,-0.1,--.--,--.--,--.--,--.--,0.6,0.0,235.4,0.7,-0.0,0.0,288.15,--.--,--.--,0,0,0.0,0.0,0.0,0,0,0,--.--,--.--,--.--
2026-07-09 15:59:14.547,0.6,0.0,235,0.5,-0.1,0.2,0.2,1.1,0.000,0.1,29.5,67.5,66.7,29.629,0.000,0.000,0.000,0.0,00:03:15,0.1,0.4,1,--.--,0,--.--,--.--,0000:32:26,78,0,0,1,1,15.30,-1.00,-65,--.--,50,--.--,--:--:--,1,-15.30,15:59:14,20:59:14,7/9/26,--.--,--.--,--.--,--.--,--.--,--.--,--.--,--.--,--.--,--.--,--.--,--.--,0,--.--,--.--,--.--,--.--,--.--,--.--,--.--,--.--,--.--,--.--,--.--,--.--,--.--,--.--,--.--,--.--,0,0.000,0.000,0.000,0.000,0.000,0.000,0.000,0.000,0.000,0.000,0.000,0.000,true,true,true,true,true,true,false,false,true,true,false,false,0.04,0.01,0.01,0.02,--.--,--.--,0.15,0.17,9223372036854775808,0,--.--,--.--,--.--,--.--,--.--,0,0,0,0,37.4122952,-121.9985274,10SEG 88624 41081,0.7,1.1,63.9,3,10,--.--,--.--,,--.--,--.--,--.--,0,0,--.--,--.--,0,0.1,0.0,-29.8,0.1,0.1,-0.1,0.0,-0.0,-29.9,-0.1,-0.0,-0.1,--.--,--.--,--.--,--.--,0.8,-0.0,235.3,1.0,-0.1,-0.0,288.15,--.--,--.--,0,0,0.0,0.0,0.0,0,0,0,--.--,--.--,--.--
2026-07-09 15:59:15.547,0.9,-0.0,235,-0.8,-0.2,0.5,0.0,-1.4,0.000,0.1,29.5,67.5,66.7,29.664,0.000,0.000,0.000,0.0,00:03:16,0.2,3.9,1,--.--,0,--.--,--.--,0000:32:26,79,0,0,1,1,15.30,-1.00,-65,--.--,50,--.--,--:--:--,1,-15.30,15:59:15,20:59:15,7/9/26,--.--,--.--,--.--,--.--,--.--,--.--,--.--,--.--,--.--,--.--,--.--,--.--,0,--.--,--.--,--.--,--.--,--.--,--.--,--.--,--.--,--.--,--.--,--.--,--.--,--.--,--.--,--.--,--.--,0,0.000,0.000,0.000,0.000,0.000,0.000,0.000,0.000,0.000,0.000,0.000,0.000,true,true,true,true,true,true,false,false,true,true,false,false,0.03,0.00,0.01,0.02,--.--,--.--,0.15,0.17,9223372036854775808,0,--.--,--.--,--.--,--.--,--.--,0,0,0,0,37.4122960,-121.9985269,10SEG 88624 41081,0.7,1.1,107.1,3,10,--.--,--.--,,--.--,--.--,--.--,0,0,--.--,--.--,0,0.1,0.1,-29.8,-0.0,0.0,-0.1,0.0,-0.0,-29.9,-0.1,-0.1,-0.1,--.--,--.--,--.--,--.--,0.8,0.0,235.7,-0.7,0.1,-0.0,288.15,--.--,--.--,0,0,0.0,0.0,0.0,0,0,0,--.--,--.--,--.--
2026-07-09 15:59:16.547,1.5,-0.0,236,0.4,0.1,0.4,0.1,0.5,0.000,0.1,29.5,67.5,66.7,29.651,0.000,0.000,0.000,0.0,00:03:17,0.1,0.7,1,--.--,0,--.--,--.--,0000:32:26,77,0,0,1,1,15.30,-1.00,-65,--.--,50,--.--,--:--:--,1,-15.30,15:59:16,20:59:16,7/9/26,--.--,--.--,--.--,--.--,--.--,--.--,--.--,--.--,--.--,--.--,--.--,--.--,0,--.--,--.--,--.--,--.--,--.--,--.--,--.--,--.--,--.--,--.--,--.--,--.--,--.--,--.--,--.--,--.--,0,0.000,0.000,0.000,0.000,0.000,0.000,0.000,0.000,0.000,0.000,0.000,0.000,true,true,true,true,true,true,false,false,true,true,false,false,0.03,0.00,0.01,0.02,--.--,--.--,0.15,0.17,9223372036854775808,0,--.--,--.--,--.--,--.--,--.--,0,0,0,0,37.4122948,-121.9985269,10SEG 88624 41081,0.7,1.1,221.2,3,10,--.--,--.--,,--.--,--.--,--.--,0,0,--.--,--.--,0,0.1,0.0,-29.8,-0.1,-0.1,-0.1,0.0,-0.0,-29.9,-0.0,-0.0,-0.1,--.--,--.--,--.--,--.--,1.5,0.0,236.1,-0.2,0.2,0.5,288.15,--.--,--.--,0,0,0.0,0.0,0.0,0,0,0,--.--,--.--,--.--
2026-07-09 15:59:17.575,0.7,-0.1,236,0.3,0.0,-0.1,0.1,0.2,0.000,0.1,29.5,67.5,66.7,29.598,0.000,0.000,0.000,0.0,00:03:18,0.1,0.8,1,--.--,0,--.--,--.--,0000:32:26,76,0,0,1,1,15.30,-1.00,-66,--.--,50,--.--,--:--:--,1,-15.30,15:59:17,20:59:17,7/9/26,--.--,--.--,--.--,--.--,--.--,--.--,--.--,--.--,--.--,--.--,--.--,--.--,0,--.--,--.--,--.--,--.--,--.--,--.--,--.--,--.--,--.--,--.--,--.--,--.--,--.--,--.--,--.--,--.--,0,0.000,0.000,0.000,0.000,0.000,0.000,0.000,0.000,0.000,0.000,0.000,0.000,true,true,true,true,true,true,false,false,true,true,false,false,0.04,0.00,0.02,0.03,--.--,--.--,0.15,0.17,9223372036854775808,0,--.--,--.--,--.--,--.--,--.--,0,0,0,0,37.4122942,-121.9985280,10SEG 88624 41081,0.7,1.1,236.1,3,10,--.--,--.--,,--.--,--.--,--.--,0,0,--.--,--.--,0,-0.0,-0.1,-29.7,-0.0,-0.1,-0.1,0.0,-0.0,-29.9,0.1,0.1,-0.1,--.--,--.--,--.--,--.--,0.9,-0.0,236.3,1.0,0.4,-0.0,288.15,--.--,--.--,0,0,0.0,0.0,0.0,0,0,0,--.--,--.--,--.--
2026-07-09 15:59:18.547,1.0,0.1,235,-2.0,-0.1,-0.2,0.0,-0.6,0.000,0.1,29.5,67.4,66.7,29.567,0.000,0.000,0.000,0.0,00:03:19,0.1,5.8,1,--.--,0,--.--,--.--,0000:32:26,76,0,0,1,1,15.30,-1.00,-66,--.--,50,--.--,--:--:--,1,-15.30,15:59:18,20:59:18,7/9/26,--.--,--.--,--.--,--.--,--.--,--.--,--.--,--.--,--.--,--.--,--.--,--.--,0,--.--,--.--,--.--,--.--,--.--,--.--,--.--,--.--,--.--,--.--,--.--,--.--,--.--,--.--,--.--,--.--,0,0.000,0.000,0.000,0.000,0.000,0.000,0.000,0.000,0.000,0.000,0.000,0.000,true,true,true,true,true,true,false,false,true,true,false,false,0.04,0.00,0.02,0.03,--.--,--.--,0.15,0.17,9223372036854775808,0,--.--,--.--,--.--,--.--,--.--,0,0,0,0,37.4122942,-121.9985287,10SEG 88624 41081,0.7,1.1,312.1,3,10,--.--,--.--,,--.--,--.--,--.--,0,0,--.--,--.--,0,-0.0,-0.1,-29.7,0.1,0.0,-0.1,0.0,-0.0,-29.9,0.1,0.1,-0.2,--.--,--.--,--.--,--.--,0.5,0.0,236.0,-2.9,-0.3,0.0,288.15,--.--,--.--,0,0,0.0,0.0,0.0,0,0,0,--.--,--.--,--.--
2026-07-09 15:59:19.547,0.3,0.0,235,2.0,0.2,-0.2,0.1,1.3,0.000,0.2,29.4,67.4,66.7,29.555,0.000,0.000,0.000,0.0,00:03:20,0.0,0.4,1,--.--,0,--.--,--.--,0000:32:26,76,0,0,1,1,15.30,-1.00,-66,--.--,50,--.--,--:--:--,1,-15.30,15:59:19,20:59:19,7/9/26,--.--,--.--,--.--,--.--,--.--,--.--,--.--,--.--,--.--,--.--,--.--,--.--,0,--.--,--.--,--.--,--.--,--.--,--.--,--.--,--.--,--.--,--.--,--.--,--.--,--.--,--.--,--.--,--.--,0,0.000,0.000,0.000,0.000,0.000,0.000,0.000,0.000,0.000,0.000,0.000,0.000,true,true,true,true,true,true,false,false,true,true,false,false,0.05,0.00,0.02,0.03,--.--,--.--,0.15,0.17,9223372036854775808,0,--.--,--.--,--.--,--.--,--.--,0,0,0,0,37.4122948,-121.9985280,10SEG 88624 41081,0.7,1.1,46.7,3,10,--.--,--.--,,--.--,--.--,--.--,0,0,--.--,--.--,0,0.1,-0.1,-29.7,0.0,0.1,-0.2,0.0,-0.0,-29.9,-0.0,0.0,-0.2,--.--,--.--,--.--,--.--,0.8,-0.0,235.8,2.3,-0.0,0.0,288.15,--.--,--.--,0,0,0.0,0.0,0.0,0,0,0,--.--,--.--,--.--
2026-07-09 15:59:20.547,1.1,0.1,235,-0.6,-0.2,0.4,0.1,-0.9,0.000,0.2,29.4,67.4,66.7,29.578,0.000,0.000,0.000,0.0,00:03:21,0.2,1.0,1,--.--,0,--.--,--.--,0000:32:26,79,0,0,1,1,15.30,-1.00,-66,--.--,50,--.--,--:--:--,1,-15.30,15:59:20,20:59:20,7/9/26,--.--,--.--,--.--,--.--,--.--,--.--,--.--,--.--,--.--,--.--,--.--,--.--,0,--.--,--.--,--.--,--.--,--.--,--.--,--.--,--.--,--.--,--.--,--.--,--.--,--.--,--.--,--.--,--.--,0,0.000,0.000,0.000,0.000,0.000,0.000,0.000,0.000,0.000,0.000,0.000,0.000,true,true,true,true,true,true,false,false,true,true,false,false,0.05,0.00,0.02,0.03,--.--,--.--,0.15,0.17,9223372036854775808,0,--.--,--.--,--.--,--.--,--.--,0,0,0,0,37.4122959,-121.9985265,10SEG 88624 41081,0.7,1.1,59.3,3,10,--.--,--.--,,--.--,--.--,--.--,0,0,--.--,--.--,0,0.1,0.1,-29.7,0.0,0.1,-0.2,0.0,-0.0,-29.9,-0.1,-0.1,-0.1,--.--,--.--,--.--,--.--,1.0,0.0,235.8,-0.6,-0.4,0.0,288.15,--.--,--.--,0,0,0.0,0.0,0.0,0,0,0,--.--,--.--,--.--
2026-07-09 15:59:21.548,0.7,-0.1,236,0.2,-0.1,0.5,0.1,1.2,0.000,0.2,29.5,67.4,66.7,29.604,0.000,0.000,0.000,0.0,00:03:22,0.2,4.1,1,--.--,0,--.--,--.--,0000:32:26,79,0,0,1,1,15.30,-1.00,-67,--.--,50,--.--,--:--:--,1,-15.30,15:59:21,20:59:21,7/9/26,--.--,--.--,--.--,--.--,--.--,--.--,--.--,--.--,--.--,--.--,--.--,--.--,0,--.--,--.--,--.--,--.--,--.--,--.--,--.--,--.--,--.--,--.--,--.--,--.--,--.--,--.--,--.--,--.--,0,0.000,0.000,0.000,0.000,0.000,0.000,0.000,0.000,0.000,0.000,0.000,0.000,true,true,true,true,true,true,false,false,true,true,false,false,0.06,0.01,0.02,0.03,--.--,--.--,0.15,0.17,9223372036854775808,0,--.--,--.--,--.--,--.--,--.--,0,0,0,0,37.4122966,-121.9985258,10SEG 88625 41081,0.7,1.1,188.7,3,10,--.--,--.--,,--.--,--.--,--.--,0,0,--.--,--.--,0,0.2,0.1,-29.7,-0.1,-0.1,-0.2,0.0,-0.0,-29.9,-0.1,-0.1,-0.1,--.--,--.--,--.--,--.--,0.8,0.0,236.4,0.6,0.2,-0.0,288.15,--.--,--.--,0,0,0.0,0.0,0.0,0,0,0,--.--,--.--,--.--
2026-07-09 15:59:22.548,1.4,-0.0,236,-0.6,0.0,0.3,0.2,1.5,0.000,0.1,29.5,67.5,66.7,29.590,0.000,0.000,0.000,0.0,00:03:23,0.1,0.6,1,--.--,0,--.--,--.--,0000:32:26,77,0,0,1,1,15.30,-1.00,-67,--.--,50,--.--,--:--:--,1,-15.30,15:59:22,20:59:22,7/9/26,--.--,--.--,--.--,--.--,--.--,--.--,--.--,--.--,--.--,--.--,--.--,--.--,0,--.--,--.--,--.--,--.--,--.--,--.--,--.--,--.--,--.--,--.--,--.--,--.--,--.--,--.--,--.--,--.--,0,0.000,0.000,0.000,0.000,0.000,0.000,0.000,0.000,0.000,0.000,0.000,0.000,true,true,true,true,true,true,false,false,true,true,false,false,0.06,0.01,0.02,0.03,--.--,--.--,0.15,0.17,9223372036854775808,0,--.--,--.--,--.--,--.--,--.--,0,0,0,0,37.4122955,-121.9985267,10SEG 88624 41081,0.7,1.1,229.4,3,10,--.--,--.--,,--.--,--.--,--.--,0,0,--.--,--.--,0,0.1,0.0,-29.7,-0.1,-0.2,-0.1,0.0,-0.0,-29.9,-0.0,-0.0,-0.2,--.--,--.--,--.--,--.--,1.1,0.0,236.7,-1.2,0.1,0.2,288.15,--.--,--.--,0,0,0.0,0.0,0.0,0,0,0,--.--,--.--,--.--
2026-07-09 15:59:23.548,1.0,-0.0,236,0.4,0.1,-0.3,0.1,1.5,0.000,0.1,29.4,67.4,66.7,29.553,0.000,0.000,0.000,0.0,00:03:24,0.1,0.3,1,--.--,0,--.--,--.--,0000:32:26,76,0,0,1,1,15.30,-1.00,-67,--.--,50,--.--,--:--:--,1,-15.30,15:59:23,20:59:23,7/9/26,--.--,--.--,--.--,--.--,--.--,--.--,--.--,--.--,--.--,--.--,--.--,--.--,0,--.--,--.--,--.--,--.--,--.--,--.--,--.--,--.--,--.--,--.--,--.--,--.--,--.--,--.--,--.--,--.--,0,0.000,0.000,0.000,0.000,0.000,0.000,0.000,0.000,0.000,0.000,0.000,0.000,true,true,true,true,true,true,false,false,true,true,false,false,0.06,0.01,0.02,0.02,--.--,--.--,0.15,0.17,9223372036854775808,0,--.--,--.--,--.--,--.--,--.--,0,0,0,0,37.4122946,-121.9985279,10SEG 88624 41081,0.7,1.1,238.8,3,10,--.--,--.--,,--.--,--.--,--.--,0,0,--.--,--.--,0,-0.0,-0.1,-29.7,-0.1,-0.1,-0.1,0.0,-0.0,-29.9,0.0,0.1,-0.2,--.--,--.--,--.--,--.--,1.0,0.0,236.7,-0.0,0.0,0.0,288.15,--.--,--.--,0,0,0.0,0.0,0.0,0,0,0,--.--,--.--,--.--
2026-07-09 15:59:24.548,0.6,0.0,236,0.4,0.0,-0.4,0.0,-1.6,0.000,0.2,29.4,67.4,66.7,29.533,0.000,0.000,0.000,0.0,00:03:25,0.1,4.8,1,--.--,0,--.--,--.--,0000:32:26,76,0,0,1,1,15.30,-1.00,-67,--.--,50,--.--,--:--:--,1,-15.30,15:59:24,20:59:24,7/9/26,--.--,--.--,--.--,--.--,--.--,--.--,--.--,--.--,--.--,--.--,--.--,--.--,0,--.--,--.--,--.--,--.--,--.--,--.--,--.--,--.--,--.--,--.--,--.--,--.--,--.--,--.--,--.--,--.--,0,0.000,0.000,0.000,0.000,0.000,0.000,0.000,0.000,0.000,0.000,0.000,0.000,true,true,true,true,true,true,false,false,true,true,false,false,0.06,0.01,0.02,0.02,--.--,--.--,0.15,0.17,9223372036854775808,0,--.--,--.--,--.--,--.--,--.--,0,0,0,0,37.4122943,-121.9985285,10SEG 88624 41081,0.7,1.1,10.3,3,10,--.--,--.--,,--.--,--.--,--.--,0,0,--.--,--.--,0,-0.0,-0.1,-29.7,0.0,0.0,-0.2,0.0,-0.0,-29.9,0.0,0.1,-0.2,--.--,--.--,--.--,--.--,0.7,0.0,236.3,0.7,-0.1,0.0,288.15,--.--,--.--,0,0,0.0,0.0,0.0,0,0,0,--.--,--.--,--.--
2026-07-09 15:59:25.549,0.9,0.1,236,-0.8,-0.1,-0.0,0.1,1.2,0.000,0.2,29.4,67.4,66.7,29.547,0.000,0.000,0.000,0.0,00:03:26,0.0,0.1,1,--.--,0,--.--,--.--,0000:32:26,77,0,0,1,1,15.30,-1.00,-68,--.--,50,--.--,--:--:--,1,-15.30,15:59:25,20:59:25,7/9/26,--.--,--.--,--.--,--.--,--.--,--.--,--.--,--.--,--.--,--.--,--.--,--.--,0,--.--,--.--,--.--,--.--,--.--,--.--,--.--,--.--,--.--,--.--,--.--,--.--,--.--,--.--,--.--,--.--,0,0.000,0.000,0.000,0.000,0.000,0.000,0.000,0.000,0.000,0.000,0.000,0.000,true,true,true,true,true,true,false,false,true,true,false,false,0.05,0.00,0.02,0.02,--.--,--.--,0.15,0.17,9223372036854775808,0,--.--,--.--,--.--,--.--,--.--,0,0,0,0,37.4122946,-121.9985280,10SEG 88624 41081,0.7,1.1,45.8,3,10,--.--,--.--,,--.--,--.--,--.--,0,0,--.--,--.--,0,0.1,-0.0,-29.7,0.1,0.1,-0.2,0.0,-0.0,-29.9,-0.0,-0.0,-0.2,--.--,--.--,--.--,--.--,0.7,0.0,236.0,-1.0,-0.3,0.0,288.15,--.--,--.--,0,0,0.0,0.0,0.0,0,0,0,--.--,--.--,--.--
2026-07-09 15:59:26.549,1.1,0.0,236,1.1,0.1,0.3,0.1,-0.4,0.000,0.2,29.4,67.4,66.7,29.576,0.000,0.000,0.000,0.0,00:03:27,0.1,1.3,1,--.--,0,--.--,--.--,0000:32:26,78,0,0,1,1,15.30,-1.00,-68,--.--,50,--.--,--:--:--,1,-15.30,15:59:26,20:59:26,7/9/26,--.--,--.--,--.--,--.--,--.--,--.--,--.--,--.--,--.--,--.--,--.--,--.--,0,--.--,--.--,--.--,--.--,--.--,--.--,--.--,--.--,--.--,--.--,--.--,--.--,--.--,--.--,--.--,--.--,0,0.000,0.000,0.000,0.000,0.000,0.000,0.000,0.000,0.000,0.000,0.000,0.000,true,true,true,true,true,true,false,false,true,true,false,false,0.05,0.00,0.02,0.02,--.--,--.--,0.15,0.17,9223372036854775808,0,--.--,--.--,--.--,--.--,--.--,0,0,0,0,37.4122954,-121.9985267,10SEG 88624 41081,0.7,1.1,84.5,3,10,--.--,--.--,,--.--,--.--,--.--,0,0,--.--,--.--,0,0.1,0.1,-29.7,0.0,0.0,-0.2,0.0,-0.0,-29.9,-0.0,-0.1,-0.1,--.--,--.--,--.--,--.--,1.3,0.0,236.2,0.8,-0.1,0.3,288.15,--.--,--.--,0,0,0.0,0.0,0.0,0,0,0,--.--,--.--,--.--
2026-07-09 15:59:27.549,0.8,-0.0,236,-0.6,-0.1,0.5,0.0,-0.0,0.000,0.2,29.5,67.4,66.7,29.587,0.000,0.000,0.000,0.0,00:03:28,0.1,2.9,1,--.--,0,--.--,--.--,0000:32:26,78,0,0,1,1,15.30,-1.00,-68,--.--,50,--.--,--:--:--,1,-15.30,15:59:27,20:59:27,7/9/26,--.--,--.--,--.--,--.--,--.--,--.--,--.--,--.--,--.--,--.--,--.--,--.--,0,--.--,--.--,--.--,--.--,--.--,--.--,--.--,--.--,--.--,--.--,--.--,--.--,--.--,--.--,--.--,--.--,0,0.000,0.000,0.000,0.000,0.000,0.000,0.000,0.000,0.000,0.000,0.000,0.000,true,true,true,true,true,true,false,false,true,true,false,false,0.06,0.01,0.02,0.02,--.--,--.--,0.15,0.17,9223372036854775808,0,--.--,--.--,--.--,--.--,--.--,0,0,0,0,37.4122952,-121.9985259,10SEG 88624 41081,0.7,1.1,108.8,3,10,--.--,--.--,,--.--,--.--,--.--,0,0,--.--,--.--,0,0.1,0.1,-29.7,-0.0,-0.1,-0.2,0.0,-0.0,-29.9,-0.0,-0.1,-0.1,--.--,--.--,--.--,--.--,0.8,-0.0,236.7,0.0,0.1,-0.0,288.15,--.--,--.--,0,0,0.0,0.0,0.0,0,0,0,--.--,--.--,--.--
2026-07-09 15:59:28.548,1.1,-0.0,236,-0.1,-0.0,0.1,0.1,0.6,0.000,0.2,29.5,67.4,66.7,29.584,0.000,0.000,0.000,0.0,00:03:29,0.1,1.0,1,--.--,0,--.--,--.--,0000:32:26,78,0,0,1,1,15.30,-1.00,-68,--.--,50,--.--,--:--:--,1,-15.30,15:59:28,20:59:28,7/9/26,--.--,--.--,--.--,--.--,--.--,--.--,--.--,--.--,--.--,--.--,--.--,--.--,0,--.--,--.--,--.--,--.--,--.--,--.--,--.--,--.--,--.--,--.--,--.--,--.--,--.--,--.--,--.--,--.--,0,0.000,0.000,0.000,0.000,0.000,0.000,0.000,0.000,0.000,0.000,0.000,0.000,true,true,true,true,true,true,false,false,true,true,false,false,0.06,0.01,0.02,0.02,--.--,--.--,0.15,0.17,9223372036854775808,0,--.--,--.--,--.--,--.--,--.--,0,0,0,0,37.4122951,-121.9985261,10SEG 88624 41081,0.7,1.1,217.2,3,10,--.--,--.--,,--.--,--.--,--.--,0,0,--.--,--.--,0,0.0,0.0,-29.7,-0.0,-0.1,-0.1,0.0,-0.0,-29.9,0.0,-0.0,-0.1,--.--,--.--,--.--,--.--,1.0,0.0,236.9,-0.1,0.0,0.0,288.15,--.--,--.--,0,0,0.0,0.0,0.0,0,0,0,--.--,--.--,--.--
2026-07-09 15:59:29.551,1.3,0.0,236,-0.3,0.0,0.0,0.1,-0.7,0.000,0.1,29.5,67.4,66.7,29.579,0.000,0.000,0.000,0.0,00:03:30,0.1,0.9,1,--.--,0,--.--,--.--,0000:32:26,77,0,0,1,1,15.30,-1.00,-69,--.--,50,--.--,--:--:--,1,-15.30,15:59:29,20:59:29,7/9/26,--.--,--.--,--.--,--.--,--.--,--.--,--.--,--.--,--.--,--.--,--.--,--.--,0,--.--,--.--,--.--,--.--,--.--,--.--,--.--,--.--,--.--,--.--,--.--,--.--,--.--,--.--,--.--,--.--,0,0.000,0.000,0.000,0.000,0.000,0.000,0.000,0.000,0.000,0.000,0.000,0.000,true,true,true,true,true,true,false,false,true,true,false,false,0.04,0.01,0.02,0.02,--.--,--.--,0.15,0.17,9223372036854775808,0,--.--,--.--,--.--,--.--,--.--,0,0,0,0,37.4122941,-121.9985269,10SEG 88624 41081,0.7,1.1,249.4,3,10,--.--,--.--,,--.--,--.--,--.--,0,0,--.--,--.--,0,-0.0,-0.0,-29.7,0.0,-0.1,-0.1,0.0,-0.0,-29.9,0.1,0.0,-0.2,--.--,--.--,--.--,--.--,1.1,-0.0,236.9,-0.9,-0.0,0.1,288.15,--.--,--.--,0,0,0.0,0.0,0.0,0,0,0,--.--,--.--,--.--
2026-07-09 15:59:30.549,0.2,-0.1,236,0.2,0.0,-0.2,0.1,0.5,0.000,0.1,29.5,67.4,66.7,29.585,0.000,0.000,0.000,0.0,00:03:31,0.0,0.9,1,--.--,0,--.--,--.--,0000:32:26,76,0,0,1,1,15.30,-1.00,-69,--.--,50,--.--,--:--:--,1,-15.30,15:59:30,20:59:30,7/9/26,--.--,--.--,--.--,--.--,--.--,--.--,--.--,--.--,--.--,--.--,--.--,--.--,0,--.--,--.--,--.--,--.--,--.--,--.--,--.--,--.--,--.--,--.--,--.--,--.--,--.--,--.--,--.--,--.--,0,0.000,0.000,0.000,0.000,0.000,0.000,0.000,0.000,0.000,0.000,0.000,0.000,true,true,true,true,true,true,false,false,true,true,false,false,0.04,0.01,0.02,0.02,--.--,--.--,0.15,0.17,9223372036854775808,0,--.--,--.--,--.--,--.--,--.--,0,0,0,0,37.4122940,-121.9985276,10SEG 88624 41081,0.7,1.1,324.1,3,10,--.--,--.--,,--.--,--.--,--.--,0,0,--.--,--.--,0,0.0,-0.0,-29.7,0.0,-0.0,-0.1,0.0,-0.0,-29.9,0.0,0.0,-0.1,--.--,--.--,--.--,--.--,0.4,-0.0,236.8,0.9,0.3,0.0,288.15,--.--,--.--,0,0,0.0,0.0,0.0,0,0,0,--.--,--.--,--.--
2026-07-09 15:59:31.549,0.8,0.0,236,-0.0,-0.0,-0.1,0.1,-0.9,0.000,0.1,29.5,67.4,66.7,29.587,0.000,0.000,0.000,0.0,00:03:32,0.0,0.5,1,--.--,0,--.--,--.--,0000:32:26,77,0,0,1,1,15.30,-1.00,-70,--.--,50,--.--,--:--:--,1,-15.30,15:59:31,20:59:31,7/9/26,--.--,--.--,--.--,--.--,--.--,--.--,--.--,--.--,--.--,--.--,--.--,--.--,0,--.--,--.--,--.--,--.--,--.--,--.--,--.--,--.--,--.--,--.--,--.--,--.--,--.--,--.--,--.--,--.--,0,0.000,0.000,0.000,0.000,0.000,0.000,0.000,0.000,0.000,0.000,0.000,0.000,true,true,true,true,true,true,false,false,true,true,false,false,0.04,0.01,0.02,0.02,--.--,--.--,0.15,0.17,9223372036854775808,0,--.--,--.--,--.--,--.--,--.--,0,0,0,0,37.4122948,-121.9985275,10SEG 88624 41081,0.7,1.1,50.1,3,10,--.--,--.--,,--.--,--.--,--.--,0,0,--.--,--.--,0,0.0,0.0,-29.7,0.0,0.1,-0.1,0.0,-0.0,-29.9,0.0,-0.0,-0.1,--.--,--.--,--.--,--.--,0.8,0.0,236.7,-0.2,-0.2,0.0,288.15,--.--,--.--,0,0,0.0,0.0,0.0,0,0,0,--.--,--.--,--.--
2026-07-09 15:59:32.549,0.8,0.0,236,0.6,-0.0,0.1,0.1,-1.1,0.000,0.2,29.5,67.4,66.7,29.586,0.000,0.000,0.000,0.0,00:03:33,0.1,1.8,1,--.--,0,--.--,--.--,0000:32:26,78,0,0,1,1,15.30,-1.00,-70,--.--,50,--.--,--:--:--,1,-15.30,15:59:32,20:59:32,7/9/26,--.--,--.--,--.--,--.--,--.--,--.--,--.--,--.--,--.--,--.--,--.--,--.--,0,--.--,--.--,--.--,--.--,--.--,--.--,--.--,--.--,--.--,--.--,--.--,--.--,--.--,--.--,--.--,--.--,0,0.000,0.000,0.000,0.000,0.000,0.000,0.000,0.000,0.000,0.000,0.000,0.000,true,true,true,true,true,true,false,false,true,true,false,false,0.04,0.01,0.02,0.02,--.--,--.--,0.15,0.17,9223372036854775808,0,--.--,--.--,--.--,--.--,--.--,0,0,0,0,37.4122949,-121.9985268,10SEG 88624 41081,0.7,1.1,67.1,3,10,--.--,--.--,,--.--,--.--,--.--,0,0,--.--,--.--,0,0.1,0.1,-29.7,0.0,0.0,-0.2,0.0,-0.0,-29.9,-0.0,-0.1,-0.1,--.--,--.--,--.--,--.--,0.9,-0.0,236.7,0.7,-0.1,-0.0,288.15,--.--,--.--,0,0,0.0,0.0,0.0,0,0,0,--.--,--.--,--.--
2026-07-09 15:59:33.549,0.9,-0.0,236,0.0,-0.0,0.2,0.0,-1.3,0.000,0.1,29.5,67.5,66.7,29.614,0.000,0.000,0.000,0.0,00:03:34,0.1,4.8,1,--.--,0,--.--,--.--,0000:32:26,78,0,0,1,1,15.30,-1.00,-70,--.--,50,--.--,--:--:--,1,-15.30,15:59:33,20:59:33,7/9/26,--.--,--.--,--.--,--.--,--.--,--.--,--.--,--.--,--.--,--.--,--.--,--.--,0,--.--,--.--,--.--,--.--,--.--,--.--,--.--,--.--,--.--,--.--,--.--,--.--,--.--,--.--,--.--,--.--,0,0.000,0.000,0.000,0.000,0.000,0.000,0.000,0.000,0.000,0.000,0.000,0.000,true,true,true,true,true,true,false,false,true,true,false,false,0.04,0.00,0.02,0.02,--.--,--.--,0.15,0.17,9223372036854775808,0,--.--,--.--,--.--,--.--,--.--,0,0,0,0,37.4122950,-121.9985267,10SEG 88624 41081,0.7,1.1,233.9,3,10,--.--,--.--,,--.--,--.--,--.--,0,0,--.--,--.--,0,0.1,0.1,-29.7,-0.0,-0.0,-0.1,0.0,-0.0,-29.9,-0.0,-0.1,-0.1,--.--,--.--,--.--,--.--,0.9,-0.0,236.9,-0.1,0.1,-0.0,288.15,--.--,--.--,0,0,0.0,0.0,0.0,0,0,0,--.--,--.--,--.--
2026-07-09 15:59:34.549,0.8,-0.0,237,-0.8,0.1,0.0,0.1,1.5,0.000,0.1,29.5,67.5,66.7,29.613,0.000,0.000,0.000,0.0,00:03:35,0.0,0.6,1,--.--,0,--.--,--.--,0000:32:26,77,0,0,1,1,15.30,-1.00,-70,--.--,50,--.--,--:--:--,1,-15.30,15:59:34,20:59:34,7/9/26,--.--,--.--,--.--,--.--,--.--,--.--,--.--,--.--,--.--,--.--,--.--,--.--,0,--.--,--.--,--.--,--.--,--.--,--.--,--.--,--.--,--.--,--.--,--.--,--.--,--.--,--.--,--.--,--.--,0,0.000,0.000,0.000,0.000,0.000,0.000,0.000,0.000,0.000,0.000,0.000,0.000,true,true,true,true,true,true,false,false,true,true,false,false,0.04,0.00,0.02,0.02,--.--,--.--,0.15,0.17,9223372036854775808,0,--.--,--.--,--.--,--.--,--.--,0,0,0,0,37.4122949,-121.9985275,10SEG 88624 41081,0.7,1.1,271.4,3,10,--.--,--.--,,--.--,--.--,--.--,0,0,--.--,--.--,0,0.0,-0.0,-29.7,-0.0,-0.1,-0.1,0.0,-0.0,-29.9,0.0,-0.0,-0.1,--.--,--.--,--.--,--.--,0.5,-0.0,237.0,-1.4,0.1,-0.0,288.15,--.--,--.--,0,0,0.0,0.0,0.0,0,0,0,--.--,--.--,--.--
2026-07-09 15:59:35.549,0.5,-0.1,236,1.8,0.2,-0.3,0.1,-1.8,0.000,0.1,29.5,67.5,66.7,29.600,0.000,0.000,0.000,0.0,00:03:36,0.0,0.5,1,--.--,0,--.--,--.--,0000:32:26,76,0,0,1,1,15.30,-1.00,-71,--.--,50,--.--,--:--:--,1,-15.30,15:59:35,20:59:35,7/9/26,--.--,--.--,--.--,--.--,--.--,--.--,--.--,--.--,--.--,--.--,--.--,--.--,0,--.--,--.--,--.--,--.--,--.--,--.--,--.--,--.--,--.--,--.--,--.--,--.--,--.--,--.--,--.--,--.--,0,0.000,0.000,0.000,0.000,0.000,0.000,0.000,0.000,0.000,0.000,0.000,0.000,true,true,true,true,true,true,false,false,true,true,false,false,0.04,0.01,0.02,0.02,--.--,--.--,0.15,0.17,9223372036854775808,0,--.--,--.--,--.--,--.--,--.--,0,0,0,0,37.4122946,-121.9985284,10SEG 88624 41081,0.7,1.1,183.0,3,10,--.--,--.--,,--.--,--.--,--.--,0,0,--.--,--.--,0,0.0,-0.1,-29.7,-0.0,-0.0,-0.1,0.0,-0.0,-29.9,0.0,0.0,-0.1,--.--,--.--,--.--,--.--,0.9,0.0,237.0,2.2,0.2,0.0,288.15,--.--,--.--,0,0,0.0,0.0,0.0,0,0,0,--.--,--.--,--.--
2026-07-09 15:59:36.550,0.8,0.1,236,-2.2,-0.2,0.1,0.0,0.2,0.000,0.1,29.5,67.4,66.7,29.583,0.000,0.000,0.000,0.0,00:03:37,0.0,1.0,1,--.--,0,--.--,--.--,0000:32:26,77,0,0,1,1,15.30,-1.00,-71,--.--,50,--.--,--:--:--,1,-15.30,15:59:36,20:59:36,7/9/26,--.--,--.--,--.--,--.--,--.--,--.--,--.--,--.--,--.--,--.--,--.--,--.--,0,--.--,--.--,--.--,--.--,--.--,--.--,--.--,--.--,--.--,--.--,--.--,--.--,--.--,--.--,--.--,--.--,0,0.000,0.000,0.000,0.000,0.000,0.000,0.000,0.000,0.000,0.000,0.000,0.000,true,true,true,true,true,true,false,false,true,true,false,false,0.04,0.01,0.02,0.02,--.--,--.--,0.15,0.17,9223372036854775808,0,--.--,--.--,--.--,--.--,--.--,0,0,0,0,37.4122943,-121.9985279,10SEG 88624 41081,0.7,1.1,6.7,3,10,--.--,--.--,,--.--,--.--,--.--,0,0,--.--,--.--,0,0.0,-0.0,-29.7,0.1,0.0,-0.1,0.0,-0.0,-29.9,0.0,0.0,-0.2,--.--,--.--,--.--,--.--,0.3,-0.0,236.8,-2.6,-0.3,0.0,288.15,--.--,--.--,0,0,0.0,0.0,0.0,0,0,0,--.--,--.--,--.--
2026-07-09 15:59:37.549,0.4,-0.0,236,2.5,0.2,-0.0,0.1,1.0,0.000,0.2,29.5,67.4,66.7,29.594,0.000,0.000,0.000,0.0,00:03:38,0.0,0.4,1,--.--,0,--.--,--.--,0000:32:26,77,0,0,1,1,15.30,-1.00,-71,--.--,50,--.--,--:--:--,1,-15.30,15:59:37,20:59:37,7/9/26,--.--,--.--,--.--,--.--,--.--,--.--,--.--,--.--,--.--,--.--,--.--,--.--,0,--.--,--.--,--.--,--.--,--.--,--.--,--.--,--.--,--.--,--.--,--.--,--.--,--.--,--.--,--.--,--.--,0,0.000,0.000,0.000,0.000,0.000,0.000,0.000,0.000,0.000,0.000,0.000,0.000,true,true,true,true,true,true,false,false,true,true,false,false,0.05,0.00,0.01,0.02,--.--,--.--,0.15,0.17,9223372036854775808,0,--.--,--.--,--.--,--.--,--.--,0,0,0,0,37.4122943,-121.9985279,10SEG 88624 41081,0.7,1.1,64.0,3,10,--.--,--.--,,--.--,--.--,--.--,0,0,--.--,--.--,0,0.1,-0.0,-29.7,-0.0,0.1,-0.1,0.0,-0.0,-29.9,-0.0,0.0,-0.1,--.--,--.--,--.--,--.--,1.0,0.0,236.9,2.7,0.1,-0.0,288.15,--.--,--.--,0,0,0.0,0.0,0.0,0,0,0,--.--,--.--,--.--
2026-07-09 15:59:38.549,1.0,0.0,237,-2.0,-0.2,0.4,0.0,1.2,0.000,0.1,29.5,67.5,66.7,29.609,0.000,0.000,0.000,0.0,00:03:39,0.1,1.8,1,--.--,0,--.--,--.--,0000:32:26,78,0,0,1,1,15.30,-1.00,-71,--.--,50,--.--,--:--:--,1,-15.30,15:59:38,20:59:38,7/9/26,--.--,--.--,--.--,--.--,--.--,--.--,--.--,--.--,--.--,--.--,--.--,--.--,0,--.--,--.--,--.--,--.--,--.--,--.--,--.--,--.--,--.--,--.--,--.--,--.--,--.--,--.--,--.--,--.--,0,0.000,0.000,0.000,0.000,0.000,0.000,0.000,0.000,0.000,0.000,0.000,0.000,true,true,true,true,true,true,false,false,true,true,false,false,0.05,0.00,0.01,0.02,--.--,--.--,0.15,0.17,9223372036854775808,0,--.--,--.--,--.--,--.--,--.--,0,0,0,0,37.4122945,-121.9985275,10SEG 88624 41081,0.7,1.1,46.7,3,10,--.--,--.--,,--.--,--.--,--.--,0,0,--.--,--.--,0,0.0,0.0,-29.7,0.0,0.0,-0.1,0.0,-0.0,-29.9,-0.0,-0.0,-0.1,--.--,--.--,--.--,--.--,0.5,0.0,237.0,-2.1,-0.1,-0.0,288.15,--.--,--.--,0,0,0.0,0.0,0.0,0,0,0,--.--,--.--,--.--
2026-07-09 15:59:39.549,0.6,-0.1,237,1.2,0.1,0.0,0.0,1.3,0.000,0.1,29.5,67.5,66.7,29.624,0.000,0.000,0.000,0.0,00:03:40,0.0,1.2,1,--.--,0,--.--,--.--,0000:32:26,77,0,0,1,1,15.30,-1.00,-72,--.--,50,--.--,--:--:--,1,-15.30,15:59:39,20:59:39,7/9/26,--.--,--.--,--.--,--.--,--.--,--.--,--.--,--.--,--.--,--.--,--.--,--.--,0,--.--,--.--,--.--,--.--,--.--,--.--,--.--,--.--,--.--,--.--,--.--,--.--,--.--,--.--,--.--,--.--,0,0.000,0.000,0.000,0.000,0.000,0.000,0.000,0.000,0.000,0.000,0.000,0.000,true,true,true,true,true,true,false,false,true,true,false,false,0.04,0.01,0.02,0.02,--.--,--.--,0.15,0.17,9223372036854775808,0,--.--,--.--,--.--,--.--,--.--,0,0,0,0,37.4122948,-121.9985273,10SEG 88624 41081,0.7,1.1,206.9,3,10,--.--,--.--,,--.--,--.--,--.--,0,0,--.--,--.--,0,0.0,-0.0,-29.7,-0.0,-0.0,-0.1,0.0,-0.0,-29.9,0.0,0.0,-0.1,--.--,--.--,--.--,--.--,0.9,0.0,237.3,1.1,0.3,-0.0,288.15,--.--,--.--,0,0,0.0,0.0,0.0,0,0,0,--.--,--.--,--.--
2026-07-09 15:59:40.550,0.8,-0.0,237,-0.8,-0.0,-0.1,0.0,1.3,0.000,0.1,29.5,67.5,66.7,29.613,0.000,0.000,0.000,0.0,00:03:41,0.0,1.4,1,--.--,0,--.--,--.--,0000:32:26,77,0,0,1,1,15.30,-1.00,-72,--.--,50,--.--,--:--:--,1,-15.30,15:59:40,20:59:40,7/9/26,--.--,--.--,--.--,--.--,--.--,--.--,--.--,--.--,--.--,--.--,--.--,--.--,0,--.--,--.--,--.--,--.--,--.--,--.--,--.--,--.--,--.--,--.--,--.--,--.--,--.--,--.--,--.--,--.--,0,0.000,0.000,0.000,0.000,0.000,0.000,0.000,0.000,0.000,0.000,0.000,0.000,true,true,true,true,true,true,false,false,true,true,false,false,0.04,0.01,0.02,0.02,--.--,--.--,0.15,0.17,9223372036854775808,0,--.--,--.--,--.--,--.--,--.--,0,0,0,0,37.4122943,-121.9985277,10SEG 88624 41081,0.7,1.1,94.3,3,10,--.--,--.--,,--.--,--.--,--.--,0,0,--.--,--.--,0,0.0,-0.0,-29.7,0.0,-0.0,-0.1,0.0,-0.0,-29.9,0.0,0.0,-0.1,--.--,--.--,--.--,--.--,0.6,0.0,237.2,-0.8,0.0,0.0,288.15,--.--,--.--,0,0,0.0,0.0,0.0,0,0,0,--.--,--.--,--.--
2026-07-09 15:59:41.548,0.7,0.0,237,-0.2,0.1,-0.1,0.0,-0.7,0.000,0.1,29.5,67.5,66.7,29.601,0.000,0.000,0.000,0.0,00:03:42,0.0,1.9,1,--.--,0,--.--,--.--,0000:32:26,77,0,0,1,1,15.30,-1.00,-72,--.--,50,--.--,--:--:--,1,-15.30,15:59:41,20:59:41,7/9/26,--.--,--.--,--.--,--.--,--.--,--.--,--.--,--.--,--.--,--.--,--.--,--.--,0,--.--,--.--,--.--,--.--,--.--,--.--,--.--,--.--,--.--,--.--,--.--,--.--,--.--,--.--,--.--,--.--,0,0.000,0.000,0.000,0.000,0.000,0.000,0.000,0.000,0.000,0.000,0.000,0.000,true,true,true,true,true,true,false,false,true,true,false,false,0.05,0.00,0.01,0.01,--.--,--.--,0.15,0.17,9223372036854775808,0,--.--,--.--,--.--,--.--,--.--,0,0,0,0,37.4122945,-121.9985278,10SEG 88624 41081,0.7,1.1,345.7,3,10,--.--,--.--,,--.--,--.--,--.--,0,0,--.--,--.--,0,0.0,-0.0,-29.7,0.0,0.0,-0.1,0.0,-0.0,-29.9,0.0,0.0,-0.1,--.--,--.--,--.--,--.--,0.6,-0.0,237.2,-0.5,-0.1,0.0,288.15,--.--,--.--,0,0,0.0,0.0,0.0,0,0,0,--.--,--.--,--.--
2026-07-09 15:59:42.549,0.3,-0.0,237,0.3,0.0,0.0,0.0,1.1,0.000,0.1,29.5,67.5,66.7,29.590,0.000,0.000,0.000,0.0,00:03:43,0.0,0.4,1,--.--,0,--.--,--.--,0000:32:26,77,0,0,1,1,15.30,-1.00,-72,--.--,50,--.--,--:--:--,1,-15.30,15:59:42,20:59:42,7/9/26,--.--,--.--,--.--,--.--,--.--,--.--,--.--,--.--,--.--,--.--,--.--,--.--,0,--.--,--.--,--.--,--.--,--.--,--.--,--.--,--.--,--.--,--.--,--.--,--.--,--.--,--.--,--.--,--.--,0,0.000,0.000,0.000,0.000,0.000,0.000,0.000,0.000,0.000,0.000,0.000,0.000,true,true,true,true,true,true,false,false,true,true,false,false,0.05,0.00,0.01,0.01,--.--,--.--,0.15,0.17,9223372036854775808,0,--.--,--.--,--.--,--.--,--.--,0,0,0,0,37.4122951,-121.9985280,10SEG 88624 41081,0.7,1.1,34.3,3,10,--.--,--.--,,--.--,--.--,--.--,0,0,--.--,--.--,0,0.1,-0.0,-29.7,0.0,0.0,-0.1,0.0,-0.0,-29.9,-0.0,0.0,-0.1,--.--,--.--,--.--,--.--,0.4,0.0,237.2,0.5,0.0,-0.0,288.15,--.--,--.--,0,0,0.0,0.0,0.0,0,0,0,--.--,--.--,--.--
2026-07-09 15:59:43.548,0.8,0.1,237,-0.2,-0.0,0.1,0.0,-0.6,0.000,0.1,29.5,67.4,66.7,29.596,0.000,0.000,0.000,0.0,00:03:44,0.1,1.4,1,--.--,0,--.--,--.--,0000:32:26,78,0,0,1,1,15.30,-1.00,-73,--.--,50,--.--,--:--:--,1,-15.30,15:59:43,20:59:43,7/9/26,--.--,--.--,--.--,--.--,--.--,--.--,--.--,--.--,--.--,--.--,--.--,--.--,0,--.--,--.--,--.--,--.--,--.--,--.--,--.--,--.--,--.--,--.--,--.--,--.--,--.--,--.--,--.--,--.--,0,0.000,0.000,0.000,0.000,0.000,0.000,0.000,0.000,0.000,0.000,0.000,0.000,true,true,true,true,true,true,false,false,true,true,false,false,0.04,0.00,0.02,0.02,--.--,--.--,0.15,0.17,9223372036854775808,0,--.--,--.--,--.--,--.--,--.--,0,0,0,0,37.4122956,-121.9985270,10SEG 88624 41081,0.7,1.1,55.7,3,10,--.--,--.--,,--.--,--.--,--.--,0,0,--.--,--.--,0,0.1,0.0,-29.7,0.0,0.0,-0.1,0.0,-0.0,-29.9,-0.0,-0.0,-0.1,--.--,--.--,--.--,--.--,0.7,-0.0,237.2,-0.4,-0.2,0.0,288.15,--.--,--.--,0,0,0.0,0.0,0.0,0,0,0,--.--,--.--,--.--
2026-07-09 15:59:44.548,0.6,-0.0,237,1.3,0.0,0.1,0.0,0.9,0.000,0.1,29.5,67.5,66.7,29.624,0.000,0.000,0.000,0.0,00:03:45,0.1,4.1,1,--.--,0,--.--,--.--,0000:32:26,78,0,0,1,1,15.30,-1.00,-73,--.--,50,--.--,--:--:--,1,-15.30,15:59:44,20:59:44,7/9/26,--.--,--.--,--.--,--.--,--.--,--.--,--.--,--.--,--.--,--.--,--.--,--.--,0,--.--,--.--,--.--,--.--,--.--,--.--,--.--,--.--,--.--,--.--,--.--,--.--,--.--,--.--,--.--,--.--,0,0.000,0.000,0.000,0.000,0.000,0.000,0.000,0.000,0.000,0.000,0.000,0.000,true,true,true,true,true,true,false,false,true,true,false,false,0.04,0.00,0.02,0.02,--.--,--.--,0.15,0.17,9223372036854775808,0,--.--,--.--,--.--,--.--,--.--,0,0,0,0,37.4122955,-121.9985272,10SEG 88624 41081,0.7,1.1,156.0,3,10,--.--,--.--,,--.--,--.--,--.--,0,0,--.--,--.--,0,0.1,0.0,-29.8,-0.0,-0.0,-0.1,0.0,-0.0,-29.9,-0.0,-0.0,-0.1,--.--,--.--,--.--,--.--,0.9,0.0,237.3,1.8,0.1,-0.0,288.15,--.--,--.--,0,0,0.0,0.0,0.0,0,0,0,--.--,--.--,--.--
2026-07-09 15:59:45.548,0.5,-0.0,237,-1.2,-0.2,0.1,0.1,0.5,0.000,0.1,29.5,67.5,66.7,29.617,0.000,0.000,0.000,0.0,00:03:46,0.0,0.9,1,--.--,0,--.--,--.--,0000:32:26,77,0,0,1,1,15.30,-1.00,-73,--.--,50,--.--,--:--:--,1,-15.30,15:59:45,20:59:45,7/9/26,--.--,--.--,--.--,--.--,--.--,--.--,--.--,--.--,--.--,--.--,--.--,--.--,0,--.--,--.--,--.--,--.--,--.--,--.--,--.--,--.--,--.--,--.--,--.--,--.--,--.--,--.--,--.--,--.--,0,0.000,0.000,0.000,0.000,0.000,0.000,0.000,0.000,0.000,0.000,0.000,0.000,true,true,true,true,true,true,false,false,true,true,false,false,0.04,0.01,0.01,0.01,--.--,--.--,0.15,0.17,9223372036854775808,0,--.--,--.--,--.--,--.--,--.--,0,0,0,0,37.4122949,-121.9985276,10SEG 88624 41081,0.7,1.1,248.1,3,10,--.--,--.--,,--.--,--.--,--.--,0,0,--.--,--.--,0,0.1,-0.0,-29.7,-0.0,-0.1,-0.1,0.0,-0.0,-29.9,-0.0,0.0,-0.1,--.--,--.--,--.--,--.--,0.4,0.0,237.4,-0.9,0.0,-0.0,288.15,--.--,--.--,0,0,0.0,0.0,0.0,0,0,0,--.--,--.--,--.--
2026-07-09 15:59:46.548,0.9,0.0,237,-0.2,0.1,-0.2,0.0,-0.8,0.000,0.1,29.5,67.5,66.7,29.610,0.000,0.000,0.000,0.0,00:03:47,0.0,0.6,1,--.--,0,--.--,--.--,0000:32:26,77,0,0,1,1,15.30,-1.00,-73,--.--,50,--.--,--:--:--,1,-15.30,15:59:46,20:59:46,7/9/26,--.--,--.--,--.--,--.--,--.--,--.--,--.--,--.--,--.--,--.--,--.--,--.--,0,--.--,--.--,--.--,--.--,--.--,--.--,--.--,--.--,--.--,--.--,--.--,--.--,--.--,--.--,--.--,--.--,0,0.000,0.000,0.000,0.000,0.000,0.000,0.000,0.000,0.000,0.000,0.000,0.000,true,true,true,true,true,true,false,false,true,true,false,false,0.04,0.01,0.01,0.01,--.--,--.--,0.15,0.17,9223372036854775808,0,--.--,--.--,--.--,--.--,--.--,0,0,0,0,37.4122944,-121.9985281,10SEG 88624 41081,0.7,1.1,257.4,3,10,--.--,--.--,,--.--,--.--,--.--,0,0,--.--,--.--,0,0.0,-0.1,-29.7,-0.0,-0.0,-0.1,0.0,-0.0,-29.9,0.0,0.0,-0.1,--.--,--.--,--.--,--.--,0.8,-0.0,237.4,-0.8,-0.1,0.0,288.15,--.--,--.--,0,0,0.0,0.0,0.0,0,0,0,--.--,--.--,--.--
2026-07-09 15:59:47.548,0.5,0.0,237,0.4,0.1,-0.2,0.0,1.1,0.000,0.1,29.5,67.5,66.7,29.609,0.000,0.000,0.000,0.0,00:03:48,0.0,1.5,1,--.--,0,--.--,--.--,0000:32:26,77,0,0,1,1,15.30,-1.00,-74,--.--,50,--.--,--:--:--,1,-15.30,15:59:47,20:59:47,7/9/26,--.--,--.--,--.--,--.--,--.--,--.--,--.--,--.--,--.--,--.--,--.--,--.--,0,--.--,--.--,--.--,--.--,--.--,--.--,--.--,--.--,--.--,--.--,--.--,--.--,--.--,--.--,--.--,--.--,0,0.000,0.000,0.000,0.000,0.000,0.000,0.000,0.000,0.000,0.000,0.000,0.000,true,true,true,true,true,true,false,false,true,true,false,false,0.03,0.01,0.02,0.01,--.--,--.--,0.15,0.17,9223372036854775808,0,--.--,--.--,--.--,--.--,--.--,0,0,0,0,37.4122944,-121.9985284,10SEG 88624 41081,0.7,1.1,39.2,3,10,--.--,--.--,,--.--,--.--,--.--,0,0,--.--,--.--,0,0.0,-0.1,-29.7,0.0,0.0,-0.1,0.0,-0.0,-29.9,0.0,0.0,-0.1,--.--,--.--,--.--,--.--,0.6,0.0,237.3,0.4,-0.0,0.0,288.15,--.--,--.--,0,0,0.0,0.0,0.0,0,0,0,--.--,--.--,--.--
2026-07-09 15:59:48.548,0.3,-0.0,237,-0.7,-0.1,0.1,0.1,1.1,0.000,0.1,29.5,67.5,66.7,29.631,0.000,0.000,0.000,0.0,00:03:49,0.0,0.3,1,--.--,0,--.--,--.--,0000:32:26,77,0,0,1,1,15.30,-1.00,-74,--.--,50,--.--,--:--:--,1,-15.30,15:59:48,20:59:48,7/9/26,--.--,--.--,--.--,--.--,--.--,--.--,--.--,--.--,--.--,--.--,--.--,--.--,0,--.--,--.--,--.--,--.--,--.--,--.--,--.--,--.--,--.--,--.--,--.--,--.--,--.--,--.--,--.--,--.--,0,0.000,0.000,0.000,0.000,0.000,0.000,0.000,0.000,0.000,0.000,0.000,0.000,true,true,true,true,true,true,false,false,true,true,false,false,0.03,0.01,0.02,0.01,--.--,--.--,0.15,0.17,9223372036854775808,0,--.--,--.--,--.--,--.--,--.--,0,0,0,0,37.4122952,-121.9985280,10SEG 88624 41081,0.7,1.1,44.5,3,10,--.--,--.--,,--.--,--.--,--.--,0,0,--.--,--.--,0,0.1,-0.0,-29.8,0.0,0.1,-0.1,0.0,-0.0,-29.9,-0.0,0.0,-0.1,--.--,--.--,--.--,--.--,0.2,0.0,237.2,-0.5,0.0,-0.0,288.15,--.--,--.--,0,0,0.0,0.0,0.0,0,0,0,--.--,--.--,--.--
2026-07-09 15:59:49.548,1.4,0.0,237,0.7,0.2,0.2,0.1,-0.7,0.000,0.1,29.5,67.5,66.7,29.672,0.000,0.000,0.000,0.0,00:03:50,0.1,1.0,1,--.--,0,--.--,--.--,0000:32:26,78,0,0,1,1,15.30,-1.00,-75,--.--,50,--.--,--:--:--,1,-15.30,15:59:49,20:59:49,7/9/26,--.--,--.--,--.--,--.--,--.--,--.--,--.--,--.--,--.--,--.--,--.--,--.--,0,--.--,--.--,--.--,--.--,--.--,--.--,--.--,--.--,--.--,--.--,--.--,--.--,--.--,--.--,--.--,--.--,0,0.000,0.000,0.000,0.000,0.000,0.000,0.000,0.000,0.000,0.000,0.000,0.000,true,true,true,true,true,true,false,false,true,true,false,false,0.02,0.00,0.01,0.02,--.--,--.--,0.15,0.17,9223372036854775808,0,--.--,--.--,--.--,--.--,--.--,0,0,0,0,37.4122948,-121.9985277,10SEG 88624 41081,0.7,1.1,111.5,3,10,--.--,--.--,,--.--,--.--,--.--,0,0,--.--,--.--,0,0.1,0.0,-29.8,-0.0,0.0,-0.1,0.0,-0.0,-29.9,-0.0,-0.0,-0.1,--.--,--.--,--.--,--.--,1.3,0.0,237.3,-0.3,-0.1,0.4,288.15,--.--,--.--,0,0,0.0,0.0,0.0,0,0,0,--.--,--.--,--.--
2026-07-09 15:59:50.548,0.3,-0.1,237,-0.5,-0.1,0.2,0.0,1.3,0.000,0.1,29.5,67.5,66.7,29.673,0.000,0.000,0.000,0.0,00:03:51,0.0,0.8,1,--.--,0,--.--,--.--,0000:32:26,77,0,0,1,1,15.30,-1.00,-75,--.--,50,--.--,--:--:--,1,-15.30,15:59:50,20:59:50,7/9/26,--.--,--.--,--.--,--.--,--.--,--.--,--.--,--.--,--.--,--.--,--.--,--.--,0,--.--,--.--,--.--,--.--,--.--,--.--,--.--,--.--,--.--,--.--,--.--,--.--,--.--,--.--,--.--,--.--,0,0.000,0.000,0.000,0.000,0.000,0.000,0.000,0.000,0.000,0.000,0.000,0.000,true,true,true,true,true,true,false,false,true,true,false,false,0.02,0.00,0.01,0.02,--.--,--.--,0.15,0.17,9223372036854775808,0,--.--,--.--,--.--,--.--,--.--,0,0,0,0,37.4122950,-121.9985278,10SEG 88624 41081,0.7,1.1,251.1,3,10,--.--,--.--,,--.--,--.--,--.--,0,0,--.--,--.--,0,0.0,-0.0,-29.8,-0.0,-0.0,-0.1,0.0,-0.0,-29.9,-0.0,0.0,-0.1,--.--,--.--,--.--,--.--,0.3,0.0,237.6,0.1,0.4,-0.0,288.15,--.--,--.--,0,0,0.0,0.0,0.0,0,0,0,--.--,--.--,--.--
2026-07-09 15:59:51.548,0.9,0.0,237,-0.0,0.1,-0.2,0.0,1.1,0.000,0.1,29.5,67.5,66.7,29.653,0.000,0.000,0.000,0.0,00:03:52,0.0,0.8,1,--.--,0,--.--,--.--,0000:32:26,77,0,0,1,1,15.30,-1.00,-75,--.--,50,--.--,--:--:--,1,-15.30,15:59:51,20:59:51,7/9/26,--.--,--.--,--.--,--.--,--.--,--.--,--.--,--.--,--.--,--.--,--.--,--.--,0,--.--,--.--,--.--,--.--,--.--,--.--,--.--,--.--,--.--,--.--,--.--,--.--,--.--,--.--,--.--,--.--,0,0.000,0.000,0.000,0.000,0.000,0.000,0.000,0.000,0.000,0.000,0.000,0.000,true,true,true,true,true,true,false,false,true,true,false,false,0.02,0.01,0.01,0.01,--.--,--.--,0.15,0.17,9223372036854775808,0,--.--,--.--,--.--,--.--,--.--,0,0,0,0,37.4122947,-121.9985279,10SEG 88624 41081,0.7,1.1,204.3,3,10,--.--,--.--,,--.--,--.--,--.--,0,0,--.--,--.--,0,0.0,-0.1,-29.8,-0.0,-0.0,-0.1,0.0,-0.0,-29.9,0.0,0.0,-0.1,--.--,--.--,--.--,--.--,0.9,-0.0,237.6,-0.3,-0.1,0.0,288.15,--.--,--.--,0,0,0.0,0.0,0.0,0,0,0,--.--,--.--,--.--
2026-07-09 15:59:52.547,0.4,-0.0,237,-0.4,-0.0,-0.1,0.0,-0.6,0.000,0.1,29.5,67.5,66.7,29.650,0.000,0.000,0.000,0.0,00:03:53,0.0,0.3,1,--.--,0,--.--,--.--,0000:32:26,77,0,0,1,1,15.30,-1.00,-75,--.--,50,--.--,--:--:--,1,-15.30,15:59:52,20:59:52,7/9/26,--.--,--.--,--.--,--.--,--.--,--.--,--.--,--.--,--.--,--.--,--.--,--.--,0,--.--,--.--,--.--,--.--,--.--,--.--,--.--,--.--,--.--,--.--,--.--,--.--,--.--,--.--,--.--,--.--,0,0.000,0.000,0.000,0.000,0.000,0.000,0.000,0.000,0.000,0.000,0.000,0.000,true,true,true,true,true,true,false,false,true,true,false,false,0.02,0.01,0.01,0.01,--.--,--.--,0.15,0.17,9223372036854775808,0,--.--,--.--,--.--,--.--,--.--,0,0,0,0,37.4122948,-121.9985281,10SEG 88624 41081,0.7,1.1,26.3,3,10,--.--,--.--,,--.--,--.--,--.--,0,0,--.--,--.--,0,0.0,-0.0,-29.8,0.0,0.0,-0.1,0.0,-0.0,-29.9,-0.0,0.0,-0.1,--.--,--.--,--.--,--.--,0.4,0.0,237.5,-0.2,0.0,0.0,288.15,--.--,--.--,0,0,0.0,0.0,0.0,0,0,0,--.--,--.--,--.--
2026-07-09 15:59:53.547,0.9,0.0,237,0.2,0.0,0.0,0.0,0.7,0.000,0.1,29.5,67.5,66.7,29.680,0.000,0.000,0.000,0.0,00:03:54,0.1,1.2,1,--.--,0,--.--,--.--,0000:32:26,77,0,0,1,1,15.30,-1.00,-76,--.--,50,--.--,--:--:--,1,-15.30,15:59:53,20:59:53,7/9/26,--.--,--.--,--.--,--.--,--.--,--.--,--.--,--.--,--.--,--.--,--.--,--.--,0,--.--,--.--,--.--,--.--,--.--,--.--,--.--,--.--,--.--,--.--,--.--,--.--,--.--,--.--,--.--,--.--,0,0.000,0.000,0.000,0.000,0.000,0.000,0.000,0.000,0.000,0.000,0.000,0.000,true,true,true,true,true,true,false,false,true,true,false,false,0.02,0.00,0.01,0.01,--.--,--.--,0.15,0.17,9223372036854775808,0,--.--,--.--,--.--,--.--,--.--,0,0,0,0,37.4122952,-121.9985274,10SEG 88624 41081,0.7,1.1,81.8,3,10,--.--,--.--,,--.--,--.--,--.--,0,0,--.--,--.--,0,0.1,0.0,-29.8,0.0,0.0,-0.1,0.0,-0.0,-29.9,-0.0,-0.0,-0.0,--.--,--.--,--.--,--.--,0.9,-0.0,237.4,-0.2,-0.1,0.0,288.15,--.--,--.--,0,0,0.0,0.0,0.0,0,0,0,--.--,--.--,--.--
2026-07-09 15:59:54.547,0.7,-0.0,237,-0.3,-0.0,0.1,0.0,0.7,0.000,0.0,29.6,67.5,66.7,29.699,0.000,0.000,0.000,0.0,00:03:55,0.0,3.3,1,--.--,0,--.--,--.--,0000:32:26,77,0,0,1,1,15.30,-1.00,-76,--.--,50,--.--,--:--:--,1,-15.30,15:59:54,20:59:54,7/9/26,--.--,--.--,--.--,--.--,--.--,--.--,--.--,--.--,--.--,--.--,--.--,--.--,0,--.--,--.--,--.--,--.--,--.--,--.--,--.--,--.--,--.--,--.--,--.--,--.--,--.--,--.--,--.--,--.--,0,0.000,0.000,0.000,0.000,0.000,0.000,0.000,0.000,0.000,0.000,0.000,0.000,true,true,true,true,true,true,false,false,true,true,false,false,0.02,0.00,0.01,0.01,--.--,--.--,0.15,0.17,9223372036854775808,0,--.--,--.--,--.--,--.--,--.--,0,0,0,0,37.4122949,-121.9985275,10SEG 88624 41081,0.7,1.1,279.8,3,10,--.--,--.--,,--.--,--.--,--.--,0,0,--.--,--.--,0,0.1,0.0,-29.8,-0.0,-0.0,-0.0,0.0,-0.0,-29.9,-0.0,-0.0,-0.0,--.--,--.--,--.--,--.--,0.7,-0.0,237.5,-0.3,0.1,-0.0,288.15,--.--,--.--,0,0,0.0,0.0,0.0,0,0,0,--.--,--.--,--.--
2026-07-09 15:59:55.547,0.4,-0.0,237,0.3,0.1,-0.0,0.0,-1.1,0.000,0.0,29.6,67.6,66.7,29.684,0.000,0.000,0.000,0.0,00:03:56,0.0,0.7,1,--.--,0,--.--,--.--,0000:32:26,77,0,0,1,1,15.30,-1.00,-76,--.--,50,--.--,--:--:--,1,-15.30,15:59:55,20:59:55,7/9/26,--.--,--.--,--.--,--.--,--.--,--.--,--.--,--.--,--.--,--.--,--.--,--.--,0,--.--,--.--,--.--,--.--,--.--,--.--,--.--,--.--,--.--,--.--,--.--,--.--,--.--,--.--,--.--,--.--,0,0.000,0.000,0.000,0.000,0.000,0.000,0.000,0.000,0.000,0.000,0.000,0.000,true,true,true,true,true,true,false,false,true,true,false,false,0.02,0.01,0.01,0.01,--.--,--.--,0.15,0.17,9223372036854775808,0,--.--,--.--,--.--,--.--,--.--,0,0,0,0,37.4122946,-121.9985278,10SEG 88624 41081,0.7,1.1,143.9,3,10,--.--,--.--,,--.--,--.--,--.--,0,0,--.--,--.--,0,0.1,-0.0,-29.8,-0.0,-0.0,-0.1,0.0,-0.0,-29.9,-0.0,0.0,-0.1,--.--,--.--,--.--,--.--,0.5,0.0,237.6,0.7,0.2,-0.0,288.15,--.--,--.--,0,0,0.0,0.0,0.0,0,0,0,--.--,--.--,--.--
2026-07-09 15:59:56.547,1.0,0.1,237,-0.4,-0.0,-0.1,0.0,0.8,0.000,0.1,29.5,67.5,66.7,29.657,0.000,0.000,0.000,0.0,00:03:57,0.0,1.4,1,--.--,0,--.--,--.--,0000:32:26,77,0,0,1,1,15.30,-1.00,-76,--.--,50,--.--,--:--:--,1,-15.30,15:59:56,20:59:56,7/9/26,--.--,--.--,--.--,--.--,--.--,--.--,--.--,--.--,--.--,--.--,--.--,--.--,0,--.--,--.--,--.--,--.--,--.--,--.--,--.--,--.--,--.--,--.--,--.--,--.--,--.--,--.--,--.--,--.--,0,0.000,0.000,0.000,0.000,0.000,0.000,0.000,0.000,0.000,0.000,0.000,0.000,true,true,true,true,true,true,false,false,true,true,false,false,0.02,0.01,0.01,0.01,--.--,--.--,0.15,0.17,9223372036854775808,0,--.--,--.--,--.--,--.--,--.--,0,0,0,0,37.4122946,-121.9985274,10SEG 88624 41081,0.7,1.1,124.0,3,10,--.--,--.--,,--.--,--.--,--.--,0,0,--.--,--.--,0,0.0,-0.0,-29.8,0.0,0.0,-0.1,0.0,-0.0,-29.9,0.0,0.0,-0.1,--.--,--.--,--.--,--.--,0.9,0.0,237.5,-0.5,-0.3,0.0,288.15,--.--,--.--,0,0,0.0,0.0,0.0,0,0,0,--.--,--.--,--.--
2026-07-09 15:59:57.547,0.1,-0.0,237,-0.9,-0.1,0.1,0.0,0.5,0.000,0.1,29.5,67.5,66.7,29.651,0.000,0.000,0.000,0.0,00:03:58,0.0,1.3,1,--.--,0,--.--,--.--,0000:32:26,77,0,0,1,1,15.30,-1.00,-77,--.--,50,--.--,--:--:--,1,-15.30,15:59:57,20:59:57,7/9/26,--.--,--.--,--.--,--.--,--.--,--.--,--.--,--.--,--.--,--.--,--.--,--.--,0,--.--,--.--,--.--,--.--,--.--,--.--,--.--,--.--,--.--,--.--,--.--,--.--,--.--,--.--,--.--,--.--,0,0.000,0.000,0.000,0.000,0.000,0.000,0.000,0.000,0.000,0.000,0.000,0.000,true,true,true,true,true,true,false,false,true,true,false,false,0.03,0.00,0.01,0.02,--.--,--.--,0.15,0.17,9223372036854775808,0,--.--,--.--,--.--,--.--,--.--,0,0,0,0,37.4122953,-121.9985274,10SEG 88624 41081,0.7,1.1,8.0,3,10,--.--,--.--,,--.--,--.--,--.--,0,0,--.--,--.--,0,0.1,-0.0,-29.8,0.0,0.0,-0.1,0.0,-0.0,-29.9,-0.0,-0.0,-0.1,--.--,--.--,--.--,--.--,0.1,0.0,237.5,-0.5,0.0,-0.0,288.15,--.--,--.--,0,0,0.0,0.0,0.0,0,0,0,--.--,--.--,--.--
2026-07-09 15:59:58.547,1.1,0.0,237,0.5,0.1,0.0,0.0,-0.6,0.000,0.1,29.5,67.5,66.7,29.669,0.000,0.000,0.000,0.0,00:03:59,0.0,1.1,1,--.--,0,--.--,--.--,0000:32:26,77,0,0,1,1,15.30,-1.00,-77,--.--,50,--.--,--:--:--,1,-15.30,15:59:58,20:59:58,7/9/26,--.--,--.--,--.--,--.--,--.--,--.--,--.--,--.--,--.--,--.--,--.--,--.--,0,--.--,--.--,--.--,--.--,--.--,--.--,--.--,--.--,--.--,--.--,--.--,--.--,--.--,--.--,--.--,--.--,0,0.000,0.000,0.000,0.000,0.000,0.000,0.000,0.000,0.000,0.000,0.000,0.000,true,true,true,true,true,true,false,false,true,true,false,false,0.03,0.00,0.01,0.02,--.--,--.--,0.15,0.17,9223372036854775808,0,--.--,--.--,--.--,--.--,--.--,0,0,0,0,37.4122953,-121.9985277,10SEG 88624 41081,0.7,1.1,169.7,3,10,--.--,--.--,,--.--,--.--,--.--,0,0,--.--,--.--,0,0.1,0.0,-29.8,-0.0,0.0,-0.1,0.0,-0.0,-29.9,-0.0,-0.0,-0.1,--.--,--.--,--.--,--.--,1.1,0.0,237.6,0.0,-0.2,0.1,288.15,--.--,--.--,0,0,0.0,0.0,0.0,0,0,0,--.--,--.--,--.--
2026-07-09 15:59:59.546,0.5,-0.1,237,0.0,-0.0,0.1,0.0,-0.6,0.000,0.1,29.5,67.5,66.7,29.668,0.000,0.000,0.000,0.0,00:04:00,0.0,1.3,1,--.--,0,--.--,--.--,0000:32:26,77,0,0,1,1,15.30,-1.00,-77,--.--,50,--.--,--:--:--,1,-15.30,15:59:59,20:59:59,7/9/26,--.--,--.--,--.--,--.--,--.--,--.--,--.--,--.--,--.--,--.--,--.--,--.--,0,--.--,--.--,--.--,--.--,--.--,--.--,--.--,--.--,--.--,--.--,--.--,--.--,--.--,--.--,--.--,--.--,0,0.000,0.000,0.000,0.000,0.000,0.000,0.000,0.000,0.000,0.000,0.000,0.000,true,true,true,true,true,true,false,false,true,true,false,false,0.02,0.01,0.01,0.01,--.--,--.--,0.15,0.17,9223372036854775808,0,--.--,--.--,--.--,--.--,--.--,0,0,0,0,37.4122953,-121.9985277,10SEG 88624 41081,0.7,1.1,279.3,3,10,--.--,--.--,,--.--,--.--,--.--,0,0,--.--,--.--,0,0.1,-0.0,-29.8,-0.0,-0.0,-0.1,0.0,-0.0,-29.9,-0.0,0.0,-0.1,--.--,--.--,--.--,--.--,0.5,-0.0,237.6,0.2,0.2,-0.0,288.15,--.--,--.--,0,0,0.0,0.0,0.0,0,0,0,--.--,--.--,--.--
2026-07-09 16:00:00.546,0.8,-0.0,237,0.6,0.1,-0.1,0.0,-1.0,0.000,0.1,29.5,67.5,66.7,29.673,0.000,0.000,0.000,0.0,00:04:01,0.0,0.6,1,--.--,0,--.--,--.--,0000:32:26,76,0,0,1,1,15.30,-1.00,-77,--.--,50,--.--,--:--:--,1,-15.30,16:00:00,21:00:00,7/9/26,--.--,--.--,--.--,--.--,--.--,--.--,--.--,--.--,--.--,--.--,--.--,--.--,0,--.--,--.--,--.--,--.--,--.--,--.--,--.--,--.--,--.--,--.--,--.--,--.--,--.--,--.--,--.--,--.--,0,0.000,0.000,0.000,0.000,0.000,0.000,0.000,0.000,0.000,0.000,0.000,0.000,true,true,true,true,true,true,false,false,true,true,false,false,0.02,0.01,0.01,0.01,--.--,--.--,0.15,0.17,9223372036854775808,0,--.--,--.--,--.--,--.--,--.--,0,0,0,0,37.4122951,-121.9985281,10SEG 88624 41081,0.7,1.1,128.4,3,10,--.--,--.--,,--.--,--.--,--.--,0,0,--.--,--.--,0,0.1,-0.0,-29.8,-0.0,0.0,-0.1,0.0,-0.0,-29.9,-0.0,0.0,-0.1,--.--,--.--,--.--,--.--,0.9,-0.0,237.6,0.6,0.1,0.0,288.15,--.--,--.--,0,0,0.0,0.0,0.0,0,0,0,--.--,--.--,--.--
2026-07-09 16:00:01.546,0.5,0.0,237,-0.3,-0.1,-0.0,0.0,1.5,0.000,0.1,29.5,67.5,66.7,29.659,0.000,0.000,0.000,0.0,00:04:02,0.0,1.5,1,--.--,0,--.--,--.--,0000:32:26,77,0,0,1,1,15.30,-1.00,-78,--.--,50,--.--,--:--:--,1,-15.30,16:00:01,21:00:01,7/9/26,--.--,--.--,--.--,--.--,--.--,--.--,--.--,--.--,--.--,--.--,--.--,--.--,0,--.--,--.--,--.--,--.--,--.--,--.--,--.--,--.--,--.--,--.--,--.--,--.--,--.--,--.--,--.--,--.--,0,0.000,0.000,0.000,0.000,0.000,0.000,0.000,0.000,0.000,0.000,0.000,0.000,true,true,true,true,true,true,false,false,true,true,false,false,0.02,0.01,0.01,0.01,--.--,--.--,0.15,0.17,9223372036854775808,0,--.--,--.--,--.--,--.--,--.--,0,0,0,0,37.4122950,-121.9985283,10SEG 88624 41081,0.7,1.1,64.3,3,10,--.--,--.--,,--.--,--.--,--.--,0,0,--.--,--.--,0,0.1,-0.0,-29.8,-0.0,0.0,-0.1,0.0,-0.0,-29.9,-0.0,0.0,-0.1,--.--,--.--,--.--,--.--,0.5,-0.0,237.5,-0.1,-0.0,0.0,288.15,--.--,--.--,0,0,0.0,0.0,0.0,0,0,0,--.--,--.--,--.--
2026-07-09 16:00:02.546,0.7,0.0,237,-0.5,0.0,0.0,0.0,-0.7,0.000,0.1,29.5,67.5,66.7,29.649,0.000,0.000,0.000,0.0,00:04:03,0.0,0.8,1,--.--,0,--.--,--.--,0000:32:26,77,0,0,1,1,15.30,-1.00,-78,--.--,50,--.--,--:--:--,1,-15.30,16:00:02,21:00:02,7/9/26,--.--,--.--,--.--,--.--,--.--,--.--,--.--,--.--,--.--,--.--,--.--,--.--,0,--.--,--.--,--.--,--.--,--.--,--.--,--.--,--.--,--.--,--.--,--.--,--.--,--.--,--.--,--.--,--.--,0,0.000,0.000,0.000,0.000,0.000,0.000,0.000,0.000,0.000,0.000,0.000,0.000,true,true,true,true,true,true,false,false,true,true,false,false,0.02,0.01,0.01,0.01,--.--,--.--,0.15,0.17,9223372036854775808,0,--.--,--.--,--.--,--.--,--.--,0,0,0,0,37.4122949,-121.9985284,10SEG 88624 41081,0.7,1.1,12.3,3,10,--.--,--.--,,--.--,--.--,--.--,0,0,--.--,--.--,0,0.1,-0.0,-29.8,-0.0,0.0,-0.1,0.0,-0.0,-29.9,-0.0,0.0,-0.1,--.--,--.--,--.--,--.--,0.5,0.0,237.5,-0.7,-0.1,0.0,288.15,--.--,--.--,0,0,0.0,0.0,0.0,0,0,0,--.--,--.--,--.--
2026-07-09 16:00:03.546,0.6,-0.0,237,0.9,0.0,-0.0,0.0,-0.9,0.000,0.1,29.5,67.5,66.7,29.655,0.000,0.000,0.000,0.0,00:04:04,0.0,0.8,1,--.--,0,--.--,--.--,0000:32:26,77,0,0,1,1,15.30,-1.00,-78,--.--,50,--.--,--:--:--,1,-15.30,16:00:03,21:00:03,7/9/26,--.--,--.--,--.--,--.--,--.--,--.--,--.--,--.--,--.--,--.--,--.--,--.--,0,--.--,--.--,--.--,--.--,--.--,--.--,--.--,--.--,--.--,--.--,--.--,--.--,--.--,--.--,--.--,--.--,0,0.000,0.000,0.000,0.000,0.000,0.000,0.000,0.000,0.000,0.000,0.000,0.000,true,true,true,true,true,true,false,false,true,true,false,false,0.02,0.01,0.01,0.01,--.--,--.--,0.15,0.17,9223372036854775808,0,--.--,--.--,--.--,--.--,--.--,0,0,0,0,37.4122951,-121.9985281,10SEG 88624 41081,0.7,1.1,60.2,3,10,--.--,--.--,,--.--,--.--,--.--,0,0,--.--,--.--,0,0.1,-0.0,-29.8,-0.0,0.1,-0.1,0.0,-0.0,-29.9,-0.0,0.0,-0.1,--.--,--.--,--.--,--.--,0.7,0.0,237.5,1.0,0.0,0.0,288.15,--.--,--.--,0,0,0.0,0.0,0.0,0,0,0,--.--,--.--,--.--
2026-07-09 16:00:04.546,1.2,0.1,237,-0.7,-0.1,0.2,0.0,-1.9,0.000,0.1,29.5,67.5,66.7,29.670,0.000,0.000,0.000,0.0,00:04:05,0.1,1.3,1,--.--,0,--.--,--.--,0000:32:26,78,0,0,1,1,15.30,-1.00,-78,--.--,50,--.--,--:--:--,1,-15.30,16:00:04,21:00:04,7/9/26,--.--,--.--,--.--,--.--,--.--,--.--,--.--,--.--,--.--,--.--,--.--,--.--,0,--.--,--.--,--.--,--.--,--.--,--.--,--.--,--.--,--.--,--.--,--.--,--.--,--.--,--.--,--.--,--.--,0,0.000,0.000,0.000,0.000,0.000,0.000,0.000,0.000,0.000,0.000,0.000,0.000,true,true,true,true,true,true,false,false,true,true,false,false,0.02,0.01,0.01,0.01,--.--,--.--,0.15,0.17,9223372036854775808,0,--.--,--.--,--.--,--.--,--.--,0,0,0,0,37.4122951,-121.9985274,10SEG 88624 41081,0.7,1.1,119.6,3,10,--.--,--.--,,--.--,--.--,--.--,0,0,--.--,--.--,0,0.1,0.0,-29.8,-0.0,0.0,-0.1,0.0,-0.0,-29.9,-0.0,-0.0,-0.1,--.--,--.--,--.--,--.--,1.0,-0.0,237.6,-1.1,-0.2,-0.0,288.15,--.--,--.--,0,0,0.0,0.0,0.0,0,0,0,--.--,--.--,--.--
2026-07-09 16:00:05.546,1.0,-0.0,237,0.6,0.1,0.1,0.0,-0.7,0.000,0.1,29.5,67.5,66.7,29.677,0.000,0.000,0.000,0.0,00:04:06,0.0,1.6,1,--.--,0,--.--,--.--,0000:32:26,77,0,0,1,1,15.30,-1.00,-79,--.--,50,--.--,--:--:--,1,-15.30,16:00:05,21:00:05,7/9/26,--.--,--.--,--.--,--.--,--.--,--.--,--.--,--.--,--.--,--.--,--.--,--.--,0,--.--,--.--,--.--,--.--,--.--,--.--,--.--,--.--,--.--,--.--,--.--,--.--,--.--,--.--,--.--,--.--,0,0.000,0.000,0.000,0.000,0.000,0.000,0.000,0.000,0.000,0.000,0.000,0.000,true,true,true,true,true,true,false,false,true,true,false,false,0.01,0.01,0.01,0.02,--.--,--.--,0.15,0.17,9223372036854775808,0,--.--,--.--,--.--,--.--,--.--,0,0,0,0,37.4122947,-121.9985279,10SEG 88624 41081,0.7,1.1,253.2,3,10,--.--,--.--,,--.--,--.--,--.--,0,0,--.--,--.--,0,0.1,-0.0,-29.8,-0.0,-0.0,-0.1,0.0,-0.0,-29.9,-0.0,0.0,-0.1,--.--,--.--,--.--,--.--,1.0,0.0,237.7,0.4,0.1,0.0,288.15,--.--,--.--,0,0,0.0,0.0,0.0,0,0,0,--.--,--.--,--.--
2026-07-09 16:00:06.545,0.7,-0.0,237,-0.1,0.0,-0.1,0.0,1.4,0.000,0.0,29.5,67.5,66.7,29.662,0.000,0.000,0.000,0.0,00:04:07,0.1,1.0,1,--.--,0,--.--,--.--,0000:32:26,77,0,0,1,1,15.30,-1.00,-79,--.--,50,--.--,--:--:--,1,-15.30,16:00:06,21:00:06,7/9/26,--.--,--.--,--.--,--.--,--.--,--.--,--.--,--.--,--.--,--.--,--.--,--.--,0,--.--,--.--,--.--,--.--,--.--,--.--,--.--,--.--,--.--,--.--,--.--,--.--,--.--,--.--,--.--,--.--,0,0.000,0.000,0.000,0.000,0.000,0.000,0.000,0.000,0.000,0.000,0.000,0.000,true,true,true,true,true,true,false,false,true,true,false,false,0.01,0.01,0.01,0.02,--.--,--.--,0.15,0.17,9223372036854775808,0,--.--,--.--,--.--,--.--,--.--,0,0,0,0,37.4122944,-121.9985283,10SEG 88624 41081,0.7,1.1,215.8,3,10,--.--,--.--,,--.--,--.--,--.--,0,0,--.--,--.--,0,0.0,-0.1,-29.8,-0.0,-0.0,-0.0,0.0,-0.0,-29.9,0.0,0.1,-0.1,--.--,--.--,--.--,--.--,0.8,-0.0,237.7,0.2,0.1,0.0,288.15,--.--,--.--,0,0,0.0,0.0,0.0,0,0,0,--.--,--.--,--.--
2026-07-09 16:00:07.546,0.4,-0.0,237,-0.5,-0.1,-0.1,0.0,1.6,0.000,0.1,29.5,67.5,66.7,29.664,0.000,0.000,0.000,0.0,00:04:08,0.0,1.5,1,--.--,0,--.--,--.--,0000:32:26,77,0,0,1,1,15.30,-1.00,-80,--.--,50,--.--,--:--:--,1,-15.30,16:00:07,21:00:07,7/9/26,--.--,--.--,--.--,--.--,--.--,--.--,--.--,--.--,--.--,--.--,--.--,--.--,0,--.--,--.--,--.--,--.--,--.--,--.--,--.--,--.--,--.--,--.--,--.--,--.--,--.--,--.--,--.--,--.--,0,0.000,0.000,0.000,0.000,0.000,0.000,0.000,0.000,0.000,0.000,0.000,0.000,true,true,true,true,true,true,false,false,true,true,false,false,0.02,0.00,0.01,0.01,--.--,--.--,0.15,0.17,9223372036854775808,0,--.--,--.--,--.--,--.--,--.--,0,0,0,0,37.4122947,-121.9985283,10SEG 88624 41081,0.7,1.1,344.7,3,10,--.--,--.--,,--.--,--.--,--.--,0,0,--.--,--.--,0,0.0,-0.1,-29.8,0.0,0.0,-0.1,0.0,-0.0,-29.9,0.0,0.1,-0.1,--.--,--.--,--.--,--.--,0.4,0.0,237.6,-0.3,0.0,0.0,288.15,--.--,--.--,0,0,0.0,0.0,0.0,0,0,0,--.--,--.--,--.--
2026-07-09 16:00:08.545,1.1,0.0,237,0.9,0.1,-0.1,0.1,1.7,0.000,0.1,29.5,67.5,66.7,29.682,0.000,0.000,0.000,0.0,00:04:09,0.0,0.1,1,--.--,0,--.--,--.--,0000:32:26,77,0,0,1,1,15.30,-1.00,-80,--.--,50,--.--,--:--:--,1,-15.30,16:00:08,21:00:08,7/9/26,--.--,--.--,--.--,--.--,--.--,--.--,--.--,--.--,--.--,--.--,--.--,--.--,0,--.--,--.--,--.--,--.--,--.--,--.--,--.--,--.--,--.--,--.--,--.--,--.--,--.--,--.--,--.--,--.--,0,0.000,0.000,0.000,0.000,0.000,0.000,0.000,0.000,0.000,0.000,0.000,0.000,true,true,true,true,true,true,false,false,true,true,false,false,0.02,0.00,0.01,0.01,--.--,--.--,0.15,0.17,9223372036854775808,0,--.--,--.--,--.--,--.--,--.--,0,0,0,0,37.4122952,-121.9985281,10SEG 88624 41081,0.7,1.1,89.1,3,10,--.--,--.--,,--.--,--.--,--.--,0,0,--.--,--.--,0,0.1,-0.0,-29.8,0.0,0.1,-0.1,0.0,-0.0,-29.9,-0.0,0.0,-0.0,--.--,--.--,--.--,--.--,1.2,-0.0,237.5,0.5,-0.1,0.2,288.15,--.--,--.--,0,0,0.0,0.0,0.0,0,0,0,--.--,--.--,--.--
2026-07-09 16:00:09.546,0.5,-0.1,237,-0.4,-0.1,0.3,0.0,0.4,0.000,0.1,29.6,67.5,66.7,29.696,0.000,0.000,0.000,0.0,00:04:10,0.1,1.8,1,--.--,0,--.--,--.--,0000:32:26,78,0,0,1,1,15.30,-1.00,-80,--.--,50,--.--,--:--:--,1,-15.30,16:00:09,21:00:09,7/9/26,--.--,--.--,--.--,--.--,--.--,--.--,--.--,--.--,--.--,--.--,--.--,--.--,0,--.--,--.--,--.--,--.--,--.--,--.--,--.--,--.--,--.--,--.--,--.--,--.--,--.--,--.--,--.--,--.--,0,0.000,0.000,0.000,0.000,0.000,0.000,0.000,0.000,0.000,0.000,0.000,0.000,true,true,true,true,true,true,false,false,true,true,false,false,0.02,0.00,0.01,0.01,--.--,--.--,0.15,0.17,9223372036854775808,0,--.--,--.--,--.--,--.--,--.--,0,0,0,0,37.4122953,-121.9985275,10SEG 88624 41081,0.7,1.1,33.4,3,10,--.--,--.--,,--.--,--.--,--.--,0,0,--.--,--.--,0,0.1,0.0,-29.8,0.0,0.0,-0.1,0.0,-0.0,-29.9,-0.0,-0.0,-0.0,--.--,--.--,--.--,--.--,0.5,-0.0,237.6,-0.1,0.2,-0.0,288.15,--.--,--.--,0,0,0.0,0.0,0.0,0,0,0,--.--,--.--,--.--
2026-07-09 16:00:10.545,1.3,-0.0,237,0.9,0.1,0.1,0.1,0.8,0.000,0.1,29.6,67.6,66.7,29.700,0.000,0.000,0.000,0.0,00:04:11,0.1,1.1,1,--.--,0,--.--,--.--,0000:32:26,77,0,0,1,1,15.30,-1.00,-80,--.--,50,--.--,--:--:--,1,-15.30,16:00:10,21:00:10,7/9/26,--.--,--.--,--.--,--.--,--.--,--.--,--.--,--.--,--.--,--.--,--.--,--.--,0,--.--,--.--,--.--,--.--,--.--,--.--,--.--,--.--,--.--,--.--,--.--,--.--,--.--,--.--,--.--,--.--,0,0.000,0.000,0.000,0.000,0.000,0.000,0.000,0.000,0.000,0.000,0.000,0.000,true,true,true,true,true,true,false,false,true,true,false,false,0.02,0.00,0.01,0.01,--.--,--.--,0.15,0.17,9223372036854775808,0,--.--,--.--,--.--,--.--,--.--,0,0,0,0,37.4122952,-121.9985271,10SEG 88624 41081,0.7,1.1,199.0,3,10,--.--,--.--,,--.--,--.--,--.--,0,0,--.--,--.--,0,0.1,0.0,-29.8,-0.1,-0.0,-0.0,0.0,-0.0,-29.9,-0.0,-0.0,-0.0,--.--,--.--,--.--,--.--,1.4,-0.0,237.8,0.4,0.1,0.4,288.15,--.--,--.--,0,0,0.0,0.0,0.0,0,0,0,--.--,--.--,--.--
2026-07-09 16:00:11.545,0.6,-0.1,237,0.3,-0.1,0.1,0.0,-0.4,0.000,0.1,29.6,67.5,66.7,29.683,0.000,0.000,0.000,0.0,00:04:12,0.0,0.8,1,--.--,0,--.--,--.--,0000:32:26,77,0,0,1,1,15.30,-1.00,-81,--.--,50,--.--,--:--:--,1,-15.30,16:00:11,21:00:11,7/9/26,--.--,--.--,--.--,--.--,--.--,--.--,--.--,--.--,--.--,--.--,--.--,--.--,0,--.--,--.--,--.--,--.--,--.--,--.--,--.--,--.--,--.--,--.--,--.--,--.--,--.--,--.--,--.--,--.--,0,0.000,0.000,0.000,0.000,0.000,0.000,0.000,0.000,0.000,0.000,0.000,0.000,true,true,true,true,true,true,false,false,true,true,false,false,0.02,0.01,0.01,0.02,--.--,--.--,0.15,0.17,9223372036854775808,0,--.--,--.--,--.--,--.--,--.--,0,0,0,0,37.4122948,-121.9985278,10SEG 88624 41081,0.7,1.1,239.4,3,10,--.--,--.--,,--.--,--.--,--.--,0,0,--.--,--.--,0,0.1,-0.0,-29.8,-0.0,-0.0,-0.1,0.0,-0.0,-29.9,-0.0,-0.0,-0.1,--.--,--.--,--.--,--.--,0.8,-0.0,237.9,0.7,0.3,-0.0,288.15,--.--,--.--,0,0,0.0,0.0,0.0,0,0,0,--.--,--.--,--.--
2026-07-09 16:00:12.544,1.0,0.0,237,0.1,0.1,-0.2,0.0,-1.2,0.000,0.1,29.5,67.5,66.7,29.665,0.000,0.000,0.000,0.0,00:04:13,0.0,0.6,1,--.--,0,--.--,--.--,0000:32:26,76,0,0,1,1,15.30,-1.00,-81,--.--,50,--.--,--:--:--,1,-15.30,16:00:12,21:00:12,7/9/26,--.--,--.--,--.--,--.--,--.--,--.--,--.--,--.--,--.--,--.--,--.--,--.--,0,--.--,--.--,--.--,--.--,--.--,--.--,--.--,--.--,--.--,--.--,--.--,--.--,--.--,--.--,--.--,--.--,0,0.000,0.000,0.000,0.000,0.000,0.000,0.000,0.000,0.000,0.000,0.000,0.000,true,true,true,true,true,true,false,false,true,true,false,false,0.02,0.01,0.01,0.02,--.--,--.--,0.15,0.17,9223372036854775808,0,--.--,--.--,--.--,--.--,--.--,0,0,0,0,37.4122945,-121.9985278,10SEG 88624 41081,0.7,1.1,224.9,3,10,--.--,--.--,,--.--,--.--,--.--,0,0,--.--,--.--,0,0.0,-0.0,-29.8,-0.0,-0.0,-0.1,0.0,-0.0,-29.9,0.0,0.0,-0.1,--.--,--.--,--.--,--.--,1.0,0.0,237.9,0.0,-0.0,0.0,288.15,--.--,--.--,0,0,0.0,0.0,0.0,0,0,0,--.--,--.--,--.--
2026-07-09 16:00:13.544,0.4,-0.0,237,-0.2,-0.1,-0.1,0.0,0.5,0.000,0.1,29.5,67.5,66.7,29.656,0.000,0.000,0.000,0.0,00:04:14,0.0,1.7,1,--.--,0,--.--,--.--,0000:32:26,76,0,0,1,1,15.30,-1.00,-81,--.--,50,--.--,--:--:--,1,-15.30,16:00:13,21:00:13,7/9/26,--.--,--.--,--.--,--.--,--.--,--.--,--.--,--.--,--.--,--.--,--.--,--.--,0,--.--,--.--,--.--,--.--,--.--,--.--,--.--,--.--,--.--,--.--,--.--,--.--,--.--,--.--,--.--,--.--,0,0.000,0.000,0.000,0.000,0.000,0.000,0.000,0.000,0.000,0.000,0.000,0.000,true,true,true,true,true,true,false,false,true,true,false,false,0.03,0.00,0.01,0.01,--.--,--.--,0.15,0.17,9223372036854775808,0,--.--,--.--,--.--,--.--,--.--,0,0,0,0,37.4122945,-121.9985281,10SEG 88624 41081,0.7,1.1,79.5,3,10,--.--,--.--,,--.--,--.--,--.--,0,0,--.--,--.--,0,0.0,-0.1,-29.8,0.0,0.0,-0.1,0.0,-0.0,-29.9,0.0,0.0,-0.1,--.--,--.--,--.--,--.--,0.5,-0.0,237.7,0.5,0.1,0.0,288.15,--.--,--.--,0,0,0.0,0.0,0.0,0,0,0,--.--,--.--,--.--
2026-07-09 16:00:14.544,1.3,0.1,237,-0.0,0.0,0.1,0.1,-1.5,0.000,0.1,29.5,67.5,66.7,29.651,0.000,0.000,0.000,0.0,00:04:15,0.0,0.2,1,--.--,0,--.--,--.--,0000:32:26,77,0,0,1,1,15.30,-1.00,-81,--.--,50,--.--,--:--:--,1,-15.30,16:00:14,21:00:14,7/9/26,--.--,--.--,--.--,--.--,--.--,--.--,--.--,--.--,--.--,--.--,--.--,--.--,0,--.--,--.--,--.--,--.--,--.--,--.--,--.--,--.--,--.--,--.--,--.--,--.--,--.--,--.--,--.--,--.--,0,0.000,0.000,0.000,0.000,0.000,0.000,0.000,0.000,0.000,0.000,0.000,0.000,true,true,true,true,true,true,false,false,true,true,false,false,0.03,0.00,0.01,0.01,--.--,--.--,0.15,0.17,9223372036854775808,0,--.--,--.--,--.--,--.--,--.--,0,0,0,0,37.4122945,-121.9985279,10SEG 88624 41081,0.7,1.1,66.1,3,10,--.--,--.--,,--.--,--.--,--.--,0,0,--.--,--.--,0,0.0,-0.0,-29.8,0.0,0.1,-0.1,0.0,-0.0,-29.9,0.0,0.0,-0.1,--.--,--.--,--.--,--.--,1.2,-0.0,237.6,-0.5,-0.3,0.2,288.15,--.--,--.--,0,0,0.0,0.0,0.0,0,0,0,--.--,--.--,--.--
2026-07-09 16:00:15.544,0.3,-0.1,237,0.1,-0.1,0.2,0.1,0.9,0.000,0.1,29.5,67.5,66.7,29.651,0.000,0.000,0.000,0.0,00:04:16,0.0,0.8,1,--.--,0,--.--,--.--,0000:32:26,77,0,0,1,1,15.30,-1.00,-82,--.--,50,--.--,--:--:--,1,-15.30,16:00:15,21:00:15,7/9/26,--.--,--.--,--.--,--.--,--.--,--.--,--.--,--.--,--.--,--.--,--.--,--.--,0,--.--,--.--,--.--,--.--,--.--,--.--,--.--,--.--,--.--,--.--,--.--,--.--,--.--,--.--,--.--,--.--,0,0.000,0.000,0.000,0.000,0.000,0.000,0.000,0.000,0.000,0.000,0.000,0.000,true,true,true,true,true,true,false,false,true,true,false,false,0.03,0.01,0.01,0.02,--.--,--.--,0.15,0.17,9223372036854775808,0,--.--,--.--,--.--,--.--,--.--,0,0,0,0,37.4122948,-121.9985276,10SEG 88624 41081,0.7,1.1,303.7,3,10,--.--,--.--,,--.--,--.--,--.--,0,0,--.--,--.--,0,0.1,0.0,-29.8,0.0,0.0,-0.1,0.0,-0.0,-29.9,-0.0,-0.0,-0.1,--.--,--.--,--.--,--.--,0.4,-0.0,237.8,0.8,0.2,-0.0,288.15,--.--,--.--,0,0,0.0,0.0,0.0,0,0,0,--.--,--.--,--.--
2026-07-09 16:00:16.545,1.3,0.0,237,0.2,0.0,0.2,0.0,-1.2,0.000,0.1,29.5,67.5,66.7,29.662,0.000,0.000,0.000,0.0,00:04:17,0.0,1.1,1,--.--,0,--.--,--.--,0000:32:26,77,0,0,1,1,15.30,-1.00,-82,--.--,50,--.--,--:--:--,1,-15.30,16:00:16,21:00:16,7/9/26,--.--,--.--,--.--,--.--,--.--,--.--,--.--,--.--,--.--,--.--,--.--,--.--,0,--.--,--.--,--.--,--.--,--.--,--.--,--.--,--.--,--.--,--.--,--.--,--.--,--.--,--.--,--.--,--.--,0,0.000,0.000,0.000,0.000,0.000,0.000,0.000,0.000,0.000,0.000,0.000,0.000,true,true,true,true,true,true,false,false,true,true,false,false,0.03,0.01,0.01,0.02,--.--,--.--,0.15,0.17,9223372036854775808,0,--.--,--.--,--.--,--.--,--.--,0,0,0,0,37.4122948,-121.9985270,10SEG 88624 41081,0.7,1.1,131.8,3,10,--.--,--.--,,--.--,--.--,--.--,0,0,--.--,--.--,0,0.0,0.0,-29.8,-0.0,-0.0,-0.1,0.0,-0.0,-29.9,-0.0,-0.0,-0.1,--.--,--.--,--.--,--.--,1.3,0.0,237.9,-0.1,-0.1,0.3,288.15,--.--,--.--,0,0,0.0,0.0,0.0,0,0,0,--.--,--.--,--.--
2026-07-09 16:00:17.544,0.9,-0.0,238,-0.1,-0.0,0.2,0.0,0.7,0.000,0.1,29.5,67.5,66.7,29.643,0.000,0.000,0.000,0.0,00:04:18,0.1,2.5,1,--.--,0,--.--,--.--,0000:32:26,77,0,0,1,1,15.30,-1.00,-82,--.--,50,--.--,--:--:--,1,-15.30,16:00:17,21:00:17,7/9/26,--.--,--.--,--.--,--.--,--.--,--.--,--.--,--.--,--.--,--.--,--.--,--.--,0,--.--,--.--,--.--,--.--,--.--,--.--,--.--,--.--,--.--,--.--,--.--,--.--,--.--,--.--,--.--,--.--,0,0.000,0.000,0.000,0.000,0.000,0.000,0.000,0.000,0.000,0.000,0.000,0.000,true,true,true,true,true,true,false,false,true,true,false,false,0.03,0.00,0.01,0.02,--.--,--.--,0.15,0.17,9223372036854775808,0,--.--,--.--,--.--,--.--,--.--,0,0,0,0,37.4122946,-121.9985271,10SEG 88624 41081,0.7,1.1,267.0,3,10,--.--,--.--,,--.--,--.--,--.--,0,0,--.--,--.--,0,0.0,0.0,-29.8,0.0,-0.0,-0.1,0.0,-0.0,-29.9,0.0,-0.0,-0.1,--.--,--.--,--.--,--.--,0.9,-0.0,238.1,-0.0,0.0,-0.0,288.15,--.--,--.--,0,0,0.0,0.0,0.0,0,0,0,--.--,--.--,--.--
2026-07-09 16:00:18.545,0.7,-0.0,238,0.0,-0.0,-0.0,0.0,-1.1,0.000,0.1,29.5,67.5,66.7,29.643,0.000,0.000,0.000,0.0,00:04:19,0.0,0.9,1,--.--,0,--.--,--.--,0000:32:26,76,0,0,1,1,15.30,-1.00,-82,--.--,50,--.--,--:--:--,1,-15.30,16:00:18,21:00:18,7/9/26,--.--,--.--,--.--,--.--,--.--,--.--,--.--,--.--,--.--,--.--,--.--,--.--,0,--.--,--.--,--.--,--.--,--.--,--.--,--.--,--.--,--.--,--.--,--.--,--.--,--.--,--.--,--.--,--.--,0,0.000,0.000,0.000,0.000,0.000,0.000,0.000,0.000,0.000,0.000,0.000,0.000,true,true,true,true,true,true,false,false,true,true,false,false,0.03,0.00,0.01,0.02,--.--,--.--,0.15,0.17,9223372036854775808,0,--.--,--.--,--.--,--.--,--.--,0,0,0,0,37.4122947,-121.9985278,10SEG 88624 41081,0.7,1.1,274.1,3,10,--.--,--.--,,--.--,--.--,--.--,0,0,--.--,--.--,0,0.0,-0.0,-29.8,-0.0,-0.0,-0.1,0.0,-0.0,-29.9,0.0,0.0,-0.1,--.--,--.--,--.--,--.--,0.8,-0.0,238.2,0.1,0.2,-0.0,288.15,--.--,--.--,0,0,0.0,0.0,0.0,0,0,0,--.--,--.--,--.--
2026-07-09 16:00:19.544,0.6,-0.1,238,0.0,-0.0,-0.2,0.0,0.8,0.000,0.1,29.5,67.5,66.7,29.652,0.000,0.000,0.000,0.0,00:04:20,0.0,4.8,1,--.--,0,--.--,--.--,0000:32:26,76,0,0,1,1,15.30,-1.00,-83,--.--,50,--.--,--:--:--,1,-15.30,16:00:19,21:00:19,7/9/26,--.--,--.--,--.--,--.--,--.--,--.--,--.--,--.--,--.--,--.--,--.--,--.--,0,--.--,--.--,--.--,--.--,--.--,--.--,--.--,--.--,--.--,--.--,--.--,--.--,--.--,--.--,--.--,--.--,0,0.000,0.000,0.000,0.000,0.000,0.000,0.000,0.000,0.000,0.000,0.000,0.000,true,true,true,true,true,true,false,false,true,true,false,false,0.03,0.00,0.01,0.01,--.--,--.--,0.15,0.17,9223372036854775808,0,--.--,--.--,--.--,--.--,--.--,0,0,0,0,37.4122950,-121.9985282,10SEG 88624 41081,0.7,1.1,95.7,3,10,--.--,--.--,,--.--,--.--,--.--,0,0,--.--,--.--,0,0.0,-0.1,-29.8,-0.0,0.0,-0.1,0.0,-0.0,-29.9,0.0,0.0,-0.1,--.--,--.--,--.--,--.--,0.7,-0.0,238.1,0.4,0.2,0.0,288.15,--.--,--.--,0,0,0.0,0.0,0.0,0,0,0,--.--,--.--,--.--
2026-07-09 16:00:20.544,1.0,0.0,237,-1.0,-0.0,-0.0,0.0,-0.5,0.000,0.1,29.5,67.5,66.7,29.628,0.000,0.000,0.000,0.0,00:04:21,0.0,0.4,1,--.--,0,--.--,--.--,0000:32:26,76,0,0,1,1,15.30,-1.00,-83,--.--,50,--.--,--:--:--,1,-15.30,16:00:20,21:00:20,7/9/26,--.--,--.--,--.--,--.--,--.--,--.--,--.--,--.--,--.--,--.--,--.--,--.--,0,--.--,--.--,--.--,--.--,--.--,--.--,--.--,--.--,--.--,--.--,--.--,--.--,--.--,--.--,--.--,--.--,0,0.000,0.000,0.000,0.000,0.000,0.000,0.000,0.000,0.000,0.000,0.000,0.000,true,true,true,true,true,true,false,false,true,true,false,false,0.03,0.00,0.01,0.01,--.--,--.--,0.15,0.17,9223372036854775808,0,--.--,--.--,--.--,--.--,--.--,0,0,0,0,37.4122949,-121.9985280,10SEG 88624 41081,0.7,1.1,81.8,3,10,--.--,--.--,,--.--,--.--,--.--,0,0,--.--,--.--,0,0.0,-0.0,-29.7,0.0,0.0,-0.1,0.0,-0.0,-29.9,-0.0,0.0,-0.1,--.--,--.--,--.--,--.--,0.7,-0.0,237.9,-1.3,-0.2,0.0,288.15,--.--,--.--,0,0,0.0,0.0,0.0,0,0,0,--.--,--.--,--.--
2026-07-09 16:00:21.544,0.9,0.0,237,1.0,0.1,0.0,0.1,-1.4,0.000,0.1,29.5,67.5,66.7,29.624,0.000,0.000,0.000,0.0,00:04:22,0.1,0.9,1,--.--,0,--.--,--.--,0000:32:26,77,0,0,1,1,15.30,-1.00,-83,--.--,50,--.--,--:--:--,1,-15.30,16:00:21,21:00:21,7/9/26,--.--,--.--,--.--,--.--,--.--,--.--,--.--,--.--,--.--,--.--,--.--,--.--,0,--.--,--.--,--.--,--.--,--.--,--.--,--.--,--.--,--.--,--.--,--.--,--.--,--.--,--.--,--.--,--.--,0,0.000,0.000,0.000,0.000,0.000,0.000,0.000,0.000,0.000,0.000,0.000,0.000,true,true,true,true,true,true,false,false,true,true,false,false,0.04,0.00,0.01,0.02,--.--,--.--,0.15,0.17,9223372036854775808,0,--.--,--.--,--.--,--.--,--.--,0,0,0,0,37.4122953,-121.9985270,10SEG 88624 41081,0.7,1.1,54.7,3,10,--.--,--.--,,--.--,--.--,--.--,0,0,--.--,--.--,0,0.1,0.0,-29.7,0.0,0.1,-0.1,0.0,-0.0,-29.9,-0.0,-0.0,-0.1,--.--,--.--,--.--,--.--,1.0,0.0,237.9,0.7,-0.1,-0.0,288.15,--.--,--.--,0,0,0.0,0.0,0.0,0,0,0,--.--,--.--,--.--
2026-07-09 16:00:22.544,1.0,0.0,238,0.2,-0.0,0.2,0.0,-0.6,0.000,0.1,29.5,67.5,66.7,29.616,0.000,0.000,0.000,0.0,00:04:23,0.1,10.3,1,--.--,0,--.--,--.--,0000:32:26,77,0,0,1,1,15.30,-1.00,-83,--.--,50,--.--,--:--:--,1,-15.30,16:00:22,21:00:22,7/9/26,--.--,--.--,--.--,--.--,--.--,--.--,--.--,--.--,--.--,--.--,--.--,--.--,0,--.--,--.--,--.--,--.--,--.--,--.--,--.--,--.--,--.--,--.--,--.--,--.--,--.--,--.--,--.--,--.--,0,0.000,0.000,0.000,0.000,0.000,0.000,0.000,0.000,0.000,0.000,0.000,0.000,true,true,true,true,true,true,false,false,true,true,false,false,0.04,0.00,0.01,0.02,--.--,--.--,0.15,0.17,9223372036854775808,0,--.--,--.--,--.--,--.--,--.--,0,0,0,0,37.4122946,-121.9985266,10SEG 88624 41081,0.7,1.1,229.1,3,10,--.--,--.--,,--.--,--.--,--.--,0,0,--.--,--.--,0,0.1,0.0,-29.7,-0.0,-0.0,-0.1,0.0,-0.0,-29.9,-0.0,-0.0,-0.1,--.--,--.--,--.--,--.--,1.0,-0.0,238.1,0.3,-0.0,0.0,288.15,--.--,--.--,0,0,0.0,0.0,0.0,0,0,0,--.--,--.--,--.--
2026-07-09 16:00:23.544,1.3,-0.0,238,0.7,0.0,0.2,0.1,0.8,0.000,0.1,29.5,67.5,66.7,29.625,0.000,0.000,0.000,0.0,00:04:24,0.0,0.9,1,--.--,0,--.--,--.--,0000:32:26,77,0,0,1,1,15.30,-1.00,-84,--.--,50,--.--,--:--:--,1,-15.30,16:00:23,21:00:23,7/9/26,--.--,--.--,--.--,--.--,--.--,--.--,--.--,--.--,--.--,--.--,--.--,--.--,0,--.--,--.--,--.--,--.--,--.--,--.--,--.--,--.--,--.--,--.--,--.--,--.--,--.--,--.--,--.--,--.--,0,0.000,0.000,0.000,0.000,0.000,0.000,0.000,0.000,0.000,0.000,0.000,0.000,true,true,true,true,true,true,false,false,true,true,false,false,0.04,0.01,0.01,0.02,--.--,--.--,0.15,0.17,9223372036854775808,0,--.--,--.--,--.--,--.--,--.--,0,0,0,0,37.4122949,-121.9985272,10SEG 88624 41081,0.7,1.1,222.9,3,10,--.--,--.--,,--.--,--.--,--.--,0,0,--.--,--.--,0,0.0,0.0,-29.7,-0.0,-0.1,-0.1,0.0,-0.0,-29.9,0.0,-0.0,-0.1,--.--,--.--,--.--,--.--,1.4,-0.0,238.2,0.3,0.0,0.4,288.15,--.--,--.--,0,0,0.0,0.0,0.0,0,0,0,--.--,--.--,--.--
2026-07-09 16:00:24.544,0.5,-0.0,238,-0.7,-0.1,0.1,0.1,-1.5,0.000,0.1,29.5,67.5,66.7,29.607,0.000,0.000,0.000,0.0,00:04:25,0.0,0.6,1,--.--,0,--.--,--.--,0000:32:26,76,0,0,1,1,15.30,-1.00,-84,--.--,50,--.--,--:--:--,1,-15.30,16:00:24,21:00:24,7/9/26,--.--,--.--,--.--,--.--,--.--,--.--,--.--,--.--,--.--,--.--,--.--,--.--,0,--.--,--.--,--.--,--.--,--.--,--.--,--.--,--.--,--.--,--.--,--.--,--.--,--.--,--.--,--.--,--.--,0,0.000,0.000,0.000,0.000,0.000,0.000,0.000,0.000,0.000,0.000,0.000,0.000,true,true,true,true,true,true,false,false,true,true,false,false,0.04,0.01,0.01,0.02,--.--,--.--,0.15,0.17,9223372036854775808,0,--.--,--.--,--.--,--.--,--.--,0,0,0,0,37.4122944,-121.9985277,10SEG 88624 41081,0.7,1.1,321.8,3,10,--.--,--.--,,--.--,--.--,--.--,0,0,--.--,--.--,0,0.0,-0.0,-29.7,0.0,-0.0,-0.1,0.0,-0.0,-29.9,0.0,0.0,-0.1,--.--,--.--,--.--,--.--,0.5,-0.0,238.3,-0.2,0.2,-0.0,288.15,--.--,--.--,0,0,0.0,0.0,0.0,0,0,0,--.--,--.--,--.--
2026-07-09 16:00:25.544,0.8,0.0,238,0.0,0.0,-0.1,0.0,-0.9,0.000,0.1,29.5,67.5,66.7,29.587,0.000,0.000,0.000,0.0,00:04:26,0.0,0.0,1,--.--,0,--.--,--.--,0000:32:26,77,0,0,1,1,15.30,-1.00,-85,--.--,50,--.--,--:--:--,1,-15.30,16:00:25,21:00:25,7/9/26,--.--,--.--,--.--,--.--,--.--,--.--,--.--,--.--,--.--,--.--,--.--,--.--,0,--.--,--.--,--.--,--.--,--.--,--.--,--.--,--.--,--.--,--.--,--.--,--.--,--.--,--.--,--.--,--.--,0,0.000,0.000,0.000,0.000,0.000,0.000,0.000,0.000,0.000,0.000,0.000,0.000,true,true,true,true,true,true,false,false,true,true,false,false,0.04,0.00,0.02,0.01,--.--,--.--,0.15,0.17,9223372036854775808,0,--.--,--.--,--.--,--.--,--.--,0,0,0,0,37.4122947,-121.9985280,10SEG 88624 41081,0.7,1.1,43.4,3,10,--.--,--.--,,--.--,--.--,--.--,0,0,--.--,--.--,0,0.0,-0.0,-29.7,0.0,0.0,-0.1,0.0,-0.0,-29.9,-0.0,0.0,-0.1,--.--,--.--,--.--,--.--,0.8,0.0,238.3,0.0,-0.2,0.0,288.15,--.--,--.--,0,0,0.0,0.0,0.0,0,0,0,--.--,--.--,--.--
2026-07-09 16:00:26.587,1.1,0.0,238,0.3,-0.0,0.1,0.0,-1.1,0.000,0.1,29.5,67.4,66.7,29.609,0.000,0.000,0.000,0.0,00:04:27,0.0,1.1,1,--.--,0,--.--,--.--,0000:32:26,77,0,0,1,1,15.30,-1.00,-85,--.--,50,--.--,--:--:--,1,-15.30,16:00:26,21:00:26,7/9/26,--.--,--.--,--.--,--.--,--.--,--.--,--.--,--.--,--.--,--.--,--.--,--.--,0,--.--,--.--,--.--,--.--,--.--,--.--,--.--,--.--,--.--,--.--,--.--,--.--,--.--,--.--,--.--,--.--,0,0.000,0.000,0.000,0.000,0.000,0.000,0.000,0.000,0.000,0.000,0.000,0.000,true,true,true,true,true,true,false,false,true,true,false,false,0.04,0.00,0.02,0.01,--.--,--.--,0.15,0.17,9223372036854775808,0,--.--,--.--,--.--,--.--,--.--,0,0,0,0,37.4122948,-121.9985276,10SEG 88624 41081,0.7,1.1,77.8,3,10,--.--,--.--,,--.--,--.--,--.--,0,0,--.--,--.--,0,0.0,0.0,-29.7,0.0,0.0,-0.1,0.0,-0.0,-29.9,-0.0,-0.0,-0.1,--.--,--.--,--.--,--.--,1.1,0.0,238.2,0.1,-0.2,0.1,288.15,--.--,--.--,0,0,0.0,0.0,0.0,0,0,0,--.--,--.--,--.--
2026-07-09 16:00:27.544,0.5,-0.1,238,-0.3,-0.1,0.2,0.0,-1.5,0.000,0.1,29.5,67.5,66.7,29.618,0.000,0.000,0.000,0.0,00:04:28,0.0,2.5,1,--.--,0,--.--,--.--,0000:32:26,77,0,0,1,1,15.30,-1.00,-85,--.--,50,--.--,--:--:--,1,-15.30,16:00:27,21:00:27,7/9/26,--.--,--.--,--.--,--.--,--.--,--.--,--.--,--.--,--.--,--.--,--.--,--.--,0,--.--,--.--,--.--,--.--,--.--,--.--,--.--,--.--,--.--,--.--,--.--,--.--,--.--,--.--,--.--,--.--,0,0.000,0.000,0.000,0.000,0.000,0.000,0.000,0.000,0.000,0.000,0.000,0.000,true,true,true,true,true,true,false,false,true,true,false,false,0.04,0.00,0.01,0.02,--.--,--.--,0.15,0.17,9223372036854775808,0,--.--,--.--,--.--,--.--,--.--,0,0,0,0,37.4122952,-121.9985275,10SEG 88624 41081,0.7,1.1,41.3,3,10,--.--,--.--,,--.--,--.--,--.--,0,0,--.--,--.--,0,0.1,-0.0,-29.7,-0.0,-0.0,-0.1,0.0,-0.0,-29.9,-0.0,0.0,-0.1,--.--,--.--,--.--,--.--,0.5,0.0,238.4,0.1,0.2,-0.0,288.15,--.--,--.--,0,0,0.0,0.0,0.0,0,0,0,--.--,--.--,--.--
2026-07-09 16:00:28.544,1.1,-0.0,238,0.5,0.1,-0.0,0.0,0.8,0.000,0.1,29.5,67.5,66.7,29.627,0.000,0.000,0.000,0.0,00:04:29,0.0,0.8,1,--.--,0,--.--,--.--,0000:32:26,76,0,0,1,1,15.30,-1.00,-85,--.--,50,--.--,--:--:--,1,-15.30,16:00:28,21:00:28,7/9/26,--.--,--.--,--.--,--.--,--.--,--.--,--.--,--.--,--.--,--.--,--.--,--.--,0,--.--,--.--,--.--,--.--,--.--,--.--,--.--,--.--,--.--,--.--,--.--,--.--,--.--,--.--,--.--,--.--,0,0.000,0.000,0.000,0.000,0.000,0.000,0.000,0.000,0.000,0.000,0.000,0.000,true,true,true,true,true,true,false,false,true,true,false,false,0.04,0.00,0.01,0.02,--.--,--.--,0.15,0.17,9223372036854775808,0,--.--,--.--,--.--,--.--,--.--,0,0,0,0,37.4122948,-121.9985276,10SEG 88624 41081,0.7,1.1,145.4,3,10,--.--,--.--,,--.--,--.--,--.--,0,0,--.--,--.--,0,0.0,-0.0,-29.8,-0.0,-0.0,-0.1,0.0,-0.0,-29.9,0.0,0.0,-0.1,--.--,--.--,--.--,--.--,1.2,0.0,238.4,0.3,0.0,0.2,288.15,--.--,--.--,0,0,0.0,0.0,0.0,0,0,0,--.--,--.--,--.--
2026-07-09 16:00:29.544,0.9,-0.0,238,-0.8,-0.1,0.1,0.0,1.2,0.000,0.1,29.5,67.5,66.7,29.619,0.000,0.000,0.000,0.0,00:04:30,0.0,1.7,1,--.--,0,--.--,--.--,0000:32:26,77,0,0,1,1,15.30,-1.00,-86,--.--,50,--.--,--:--:--,1,-15.30,16:00:29,21:00:29,7/9/26,--.--,--.--,--.--,--.--,--.--,--.--,--.--,--.--,--.--,--.--,--.--,--.--,0,--.--,--.--,--.--,--.--,--.--,--.--,--.--,--.--,--.--,--.--,--.--,--.--,--.--,--.--,--.--,--.--,0,0.000,0.000,0.000,0.000,0.000,0.000,0.000,0.000,0.000,0.000,0.000,0.000,true,true,true,true,true,true,false,false,true,true,false,false,0.04,0.00,0.01,0.01,--.--,--.--,0.15,0.17,9223372036854775808,0,--.--,--.--,--.--,--.--,--.--,0,0,0,0,37.4122944,-121.9985278,10SEG 88624 41081,0.7,1.1,199.8,3,10,--.--,--.--,,--.--,--.--,--.--,0,0,--.--,--.--,0,0.0,-0.0,-29.7,0.0,-0.0,-0.1,0.0,-0.0,-29.9,0.0,-0.0,-0.1,--.--,--.--,--.--,--.--,0.7,-0.0,238.5,-0.6,0.0,-0.0,288.15,--.--,--.--,0,0,0.0,0.0,0.0,0,0,0,--.--,--.--,--.--
2026-07-09 16:00:30.544,1.2,0.0,238,0.2,0.1,0.0,0.0,-1.8,0.000,0.1,29.5,67.5,66.7,29.631,0.000,0.000,0.000,0.0,00:04:31,0.0,3.2,1,--.--,0,--.--,--.--,0000:32:26,76,0,0,1,1,15.30,-1.00,-86,--.--,50,--.--,--:--:--,1,-15.30,16:00:30,21:00:30,7/9/26,--.--,--.--,--.--,--.--,--.--,--.--,--.--,--.--,--.--,--.--,--.--,--.--,0,--.--,--.--,--.--,--.--,--.--,--.--,--.--,--.--,--.--,--.--,--.--,--.--,--.--,--.--,--.--,--.--,0,0.000,0.000,0.000,0.000,0.000,0.000,0.000,0.000,0.000,0.000,0.000,0.000,true,true,true,true,true,true,false,false,true,true,false,false,0.04,0.00,0.01,0.01,--.--,--.--,0.15,0.17,9223372036854775808,0,--.--,--.--,--.--,--.--,--.--,0,0,0,0,37.4122942,-121.9985275,10SEG 88624 41081,0.7,1.1,294.4,3,10,--.--,--.--,,--.--,--.--,--.--,0,0,--.--,--.--,0,0.0,0.0,-29.8,0.0,-0.0,-0.1,0.0,-0.0,-29.9,0.0,-0.0,-0.1,--.--,--.--,--.--,--.--,1.2,0.0,238.5,-0.4,-0.0,0.2,288.15,--.--,--.--,0,0,0.0,0.0,0.0,0,0,0,--.--,--.--,--.--
2026-07-09 16:00:31.544,0.4,-0.0,238,1.0,0.0,-0.0,0.0,1.1,0.000,0.1,29.5,67.5,66.7,29.608,0.000,0.000,0.000,0.0,00:04:32,0.0,1.0,1,--.--,0,--.--,--.--,0000:32:26,76,0,0,1,1,15.30,-1.00,-86,--.--,50,--.--,--:--:--,1,-15.30,16:00:31,21:00:31,7/9/26,--.--,--.--,--.--,--.--,--.--,--.--,--.--,--.--,--.--,--.--,--.--,--.--,0,--.--,--.--,--.--,--.--,--.--,--.--,--.--,--.--,--.--,--.--,--.--,--.--,--.--,--.--,--.--,--.--,0,0.000,0.000,0.000,0.000,0.000,0.000,0.000,0.000,0.000,0.000,0.000,0.000,true,true,true,true,true,true,false,false,true,true,false,false,0.04,0.00,0.01,0.02,--.--,--.--,0.15,0.17,9223372036854775808,0,--.--,--.--,--.--,--.--,--.--,0,0,0,0,37.4122946,-121.9985273,10SEG 88624 41081,0.7,1.1,99.6,3,10,--.--,--.--,,--.--,--.--,--.--,0,0,--.--,--.--,0,0.0,-0.0,-29.7,0.0,0.0,-0.1,0.0,-0.0,-29.9,0.0,-0.0,-0.1,--.--,--.--,--.--,--.--,0.8,-0.0,238.5,1.9,0.1,-0.0,288.15,--.--,--.--,0,0,0.0,0.0,0.0,0,0,0,--.--,--.--,--.--
2026-07-09 16:00:32.544,1.0,0.1,238,-1.7,-0.2,0.3,0.0,-0.9,0.000,0.1,29.5,67.5,66.7,29.596,0.000,0.000,0.000,0.0,00:04:33,0.1,2.7,1,--.--,0,--.--,--.--,0000:32:26,77,0,0,1,1,15.30,-1.00,-86,--.--,50,--.--,--:--:--,1,-15.30,16:00:32,21:00:32,7/9/26,--.--,--.--,--.--,--.--,--.--,--.--,--.--,--.--,--.--,--.--,--.--,--.--,0,--.--,--.--,--.--,--.--,--.--,--.--,--.--,--.--,--.--,--.--,--.--,--.--,--.--,--.--,--.--,--.--,0,0.000,0.000,0.000,0.000,0.000,0.000,0.000,0.000,0.000,0.000,0.000,0.000,true,true,true,true,true,true,false,false,true,true,false,false,0.04,0.00,0.01,0.02,--.--,--.--,0.15,0.17,9223372036854775808,0,--.--,--.--,--.--,--.--,--.--,0,0,0,0,37.4122949,-121.9985268,10SEG 88624 41081,0.7,1.1,5.2,3,10,--.--,--.--,,--.--,--.--,--.--,0,0,--.--,--.--,0,0.1,0.0,-29.7,0.0,0.0,-0.1,0.0,-0.0,-29.9,-0.0,-0.0,-0.1,--.--,--.--,--.--,--.--,0.6,-0.0,238.6,-1.9,-0.4,-0.0,288.15,--.--,--.--,0,0,0.0,0.0,0.0,0,0,0,--.--,--.--,--.--
2026-07-09 16:00:33.544,0.9,-0.0,238,1.8,0.1,0.1,0.0,-1.0,0.000,0.1,29.5,67.5,66.7,29.622,0.000,0.000,0.000,0.0,00:04:34,0.1,4.8,1,--.--,0,--.--,--.--,0000:32:26,77,0,0,1,1,15.30,-1.00,-87,--.--,50,--.--,--:--:--,1,-15.30,16:00:33,21:00:33,7/9/26,--.--,--.--,--.--,--.--,--.--,--.--,--.--,--.--,--.--,--.--,--.--,--.--,0,--.--,--.--,--.--,--.--,--.--,--.--,--.--,--.--,--.--,--.--,--.--,--.--,--.--,--.--,--.--,--.--,0,0.000,0.000,0.000,0.000,0.000,0.000,0.000,0.000,0.000,0.000,0.000,0.000,true,true,true,true,true,true,false,false,true,true,false,false,0.04,0.00,0.01,0.02,--.--,--.--,0.15,0.17,9223372036854775808,0,--.--,--.--,--.--,--.--,--.--,0,0,0,0,37.4122952,-121.9985268,10SEG 88624 41081,0.7,1.1,180.1,3,10,--.--,--.--,,--.--,--.--,--.--,0,0,--.--,--.--,0,0.1,0.0,-29.8,-0.0,-0.0,-0.1,0.0,-0.0,-29.9,-0.0,-0.0,-0.1,--.--,--.--,--.--,--.--,1.2,-0.0,238.8,1.8,0.0,0.2,288.15,--.--,--.--,0,0,0.0,0.0,0.0,0,0,0,--.--,--.--,--.--
2026-07-09 16:00:34.544,0.6,-0.0,239,-1.7,-0.2,0.3,0.1,1.4,0.000,0.1,29.5,67.5,66.7,29.644,0.000,0.000,0.000,0.0,00:04:35,0.0,1.2,1,--.--,0,--.--,--.--,0000:32:26,77,0,0,1,1,15.30,-1.00,-87,--.--,50,--.--,--:--:--,1,-15.30,16:00:34,21:00:34,7/9/26,--.--,--.--,--.--,--.--,--.--,--.--,--.--,--.--,--.--,--.--,--.--,--.--,0,--.--,--.--,--.--,--.--,--.--,--.--,--.--,--.--,--.--,--.--,--.--,--.--,--.--,--.--,--.--,--.--,0,0.000,0.000,0.000,0.000,0.000,0.000,0.000,0.000,0.000,0.000,0.000,0.000,true,true,true,true,true,true,false,false,true,true,false,false,0.04,0.00,0.01,0.02,--.--,--.--,0.15,0.17,9223372036854775808,0,--.--,--.--,--.--,--.--,--.--,0,0,0,0,37.4122952,-121.9985272,10SEG 88624 41081,0.7,1.1,245.0,3,10,--.--,--.--,,--.--,--.--,--.--,0,0,--.--,--.--,0,0.1,0.0,-29.8,-0.0,-0.1,-0.1,0.0,-0.0,-29.9,-0.0,-0.0,-0.1,--.--,--.--,--.--,--.--,0.4,0.0,239.0,-1.2,0.2,-0.0,288.15,--.--,--.--,0,0,0.0,0.0,0.0,0,0,0,--.--,--.--,--.--
2026-07-09 16:00:35.544,1.3,0.0,239,0.7,0.2,-0.1,0.1,1.2,0.000,0.1,29.5,67.5,66.7,29.639,0.000,0.000,0.000,0.0,00:04:36,0.0,0.2,1,--.--,0,--.--,--.--,0000:32:26,76,0,0,1,1,15.30,-1.00,-87,--.--,50,--.--,--:--:--,1,-15.30,16:00:35,21:00:35,7/9/26,--.--,--.--,--.--,--.--,--.--,--.--,--.--,--.--,--.--,--.--,--.--,--.--,0,--.--,--.--,--.--,--.--,--.--,--.--,--.--,--.--,--.--,--.--,--.--,--.--,--.--,--.--,--.--,--.--,0,0.000,0.000,0.000,0.000,0.000,0.000,0.000,0.000,0.000,0.000,0.000,0.000,true,true,true,true,true,true,false,false,true,true,false,false,0.03,0.01,0.01,0.01,--.--,--.--,0.15,0.17,9223372036854775808,0,--.--,--.--,--.--,--.--,--.--,0,0,0,0,37.4122949,-121.9985279,10SEG 88624 41081,0.7,1.1,228.3,3,10,--.--,--.--,,--.--,--.--,--.--,0,0,--.--,--.--,0,0.0,-0.0,-29.8,-0.0,-0.0,-0.1,0.0,-0.0,-29.9,0.0,0.0,-0.1,--.--,--.--,--.--,--.--,1.3,0.0,239.1,-0.1,-0.1,0.3,288.15,--.--,--.--,0,0,0.0,0.0,0.0,0,0,0,--.--,--.--,--.--
2026-07-09 16:00:36.544,0.4,-0.0,239,-0.5,-0.0,-0.0,0.0,-1.0,0.000,0.1,29.5,67.5,66.7,29.627,0.000,0.000,0.000,0.0,00:04:37,0.0,0.5,1,--.--,0,--.--,--.--,0000:32:26,76,0,0,1,1,15.30,-1.00,-87,--.--,50,--.--,--:--:--,1,-15.30,16:00:36,21:00:36,7/9/26,--.--,--.--,--.--,--.--,--.--,--.--,--.--,--.--,--.--,--.--,--.--,--.--,0,--.--,--.--,--.--,--.--,--.--,--.--,--.--,--.--,--.--,--.--,--.--,--.--,--.--,--.--,--.--,--.--,0,0.000,0.000,0.000,0.000,0.000,0.000,0.000,0.000,0.000,0.000,0.000,0.000,true,true,true,true,true,true,false,false,true,true,false,false,0.03,0.01,0.01,0.01,--.--,--.--,0.15,0.17,9223372036854775808,0,--.--,--.--,--.--,--.--,--.--,0,0,0,0,37.4122952,-121.9985280,10SEG 88624 41081,0.7,1.1,265.2,3,10,--.--,--.--,,--.--,--.--,--.--,0,0,--.--,--.--,0,0.0,-0.0,-29.8,0.0,0.0,-0.1,0.0,-0.0,-29.9,-0.0,0.0,-0.1,--.--,--.--,--.--,--.--,0.4,0.0,239.0,-0.0,0.1,-0.0,288.15,--.--,--.--,0,0,0.0,0.0,0.0,0,0,0,--.--,--.--,--.--
2026-07-09 16:00:37.544,0.9,0.0,238,0.3,0.1,-0.1,0.0,0.5,0.000,0.1,29.5,67.5,66.7,29.639,0.000,0.000,0.000,0.0,00:04:38,0.0,0.2,1,--.--,0,--.--,--.--,0000:32:26,76,0,0,1,1,15.30,-1.00,-88,--.--,50,--.--,--:--:--,1,-15.30,16:00:37,21:00:37,7/9/26,--.--,--.--,--.--,--.--,--.--,--.--,--.--,--.--,--.--,--.--,--.--,--.--,0,--.--,--.--,--.--,--.--,--.--,--.--,--.--,--.--,--.--,--.--,--.--,--.--,--.--,--.--,--.--,--.--,0,0.000,0.000,0.000,0.000,0.000,0.000,0.000,0.000,0.000,0.000,0.000,0.000,true,true,true,true,true,true,false,false,true,true,false,false,0.02,0.01,0.01,0.01,--.--,--.--,0.15,0.17,9223372036854775808,0,--.--,--.--,--.--,--.--,--.--,0,0,0,0,37.4122950,-121.9985281,10SEG 88624 41081,0.7,1.1,102.7,3,10,--.--,--.--,,--.--,--.--,--.--,0,0,--.--,--.--,0,0.1,-0.0,-29.8,-0.0,0.0,-0.1,0.0,-0.0,-29.9,-0.0,0.0,-0.1,--.--,--.--,--.--,--.--,0.9,-0.0,239.0,0.1,-0.1,0.0,288.15,--.--,--.--,0,0,0.0,0.0,0.0,0,0,0,--.--,--.--,--.--
2026-07-09 16:00:38.544,0.7,-0.0,238,0.0,-0.1,0.1,0.0,-1.8,0.000,0.1,29.5,67.5,66.7,29.653,0.000,0.000,0.000,0.0,00:04:39,0.1,1.2,1,--.--,0,--.--,--.--,0000:32:26,77,0,0,1,1,15.30,-1.00,-88,--.--,50,--.--,--:--:--,1,-15.30,16:00:38,21:00:38,7/9/26,--.--,--.--,--.--,--.--,--.--,--.--,--.--,--.--,--.--,--.--,--.--,--.--,0,--.--,--.--,--.--,--.--,--.--,--.--,--.--,--.--,--.--,--.--,--.--,--.--,--.--,--.--,--.--,--.--,0,0.000,0.000,0.000,0.000,0.000,0.000,0.000,0.000,0.000,0.000,0.000,0.000,true,true,true,true,true,true,false,false,true,true,false,false,0.02,0.01,0.01,0.01,--.--,--.--,0.15,0.17,9223372036854775808,0,--.--,--.--,--.--,--.--,--.--,0,0,0,0,37.4122953,-121.9985277,10SEG 88624 41081,0.7,1.1,122.9,3,10,--.--,--.--,,--.--,--.--,--.--,0,0,--.--,--.--,0,0.1,0.0,-29.8,-0.0,0.0,-0.1,0.0,-0.0,-29.9,-0.0,-0.0,-0.1,--.--,--.--,--.--,--.--,0.8,-0.0,239.0,0.3,0.0,-0.0,288.15,--.--,--.--,0,0,0.0,0.0,0.0,0,0,0,--.--,--.--,--.--
2026-07-09 16:00:39.556,0.8,-0.0,239,-0.4,-0.1,0.1,0.0,0.6,0.000,0.1,29.5,67.5,66.7,29.672,0.000,0.000,0.000,0.0,00:04:40,0.1,6.7,1,--.--,0,--.--,--.--,0000:32:26,77,0,0,1,1,15.30,-1.00,-88,--.--,50,--.--,--:--:--,1,-15.30,16:00:39,21:00:39,7/9/26,--.--,--.--,--.--,--.--,--.--,--.--,--.--,--.--,--.--,--.--,--.--,--.--,0,--.--,--.--,--.--,--.--,--.--,--.--,--.--,--.--,--.--,--.--,--.--,--.--,--.--,--.--,--.--,--.--,0,0.000,0.000,0.000,0.000,0.000,0.000,0.000,0.000,0.000,0.000,0.000,0.000,true,true,true,true,true,true,false,false,true,true,false,false,0.02,0.00,0.01,0.01,--.--,--.--,0.15,0.17,9223372036854775808,0,--.--,--.--,--.--,--.--,--.--,0,0,0,0,37.4122952,-121.9985272,10SEG 88624 41081,0.7,1.1,128.3,3,10,--.--,--.--,,--.--,--.--,--.--,0,0,--.--,--.--,0,0.1,0.0,-29.8,-0.0,-0.0,-0.1,0.0,-0.0,-29.9,-0.0,-0.0,-0.1,--.--,--.--,--.--,--.--,0.8,-0.0,239.1,-0.1,0.0,-0.0,288.15,--.--,--.--,0,0,0.0,0.0,0.0,0,0,0,--.--,--.--,--.--
2026-07-09 16:00:40.555,1.1,-0.0,239,-0.1,0.0,0.1,0.1,2.0,0.000,0.1,29.6,67.5,66.7,29.692,0.000,0.000,0.000,0.0,00:04:41,0.1,1.2,1,--.--,0,--.--,--.--,0000:32:26,76,0,0,1,1,15.30,-1.00,-88,--.--,50,--.--,--:--:--,1,-15.30,16:00:40,21:00:40,7/9/26,--.--,--.--,--.--,--.--,--.--,--.--,--.--,--.--,--.--,--.--,--.--,--.--,0,--.--,--.--,--.--,--.--,--.--,--.--,--.--,--.--,--.--,--.--,--.--,--.--,--.--,--.--,--.--,--.--,0,0.000,0.000,0.000,0.000,0.000,0.000,0.000,0.000,0.000,0.000,0.000,0.000,true,true,true,true,true,true,false,false,true,true,false,false,0.02,0.00,0.01,0.01,--.--,--.--,0.15,0.17,9223372036854775808,0,--.--,--.--,--.--,--.--,--.--,0,0,0,0,37.4122949,-121.9985274,10SEG 88624 41081,0.7,1.1,227.4,3,10,--.--,--.--,,--.--,--.--,--.--,0,0,--.--,--.--,0,0.1,0.0,-29.8,-0.0,-0.0,-0.0,0.0,-0.0,-29.9,-0.0,-0.0,-0.0,--.--,--.--,--.--,--.--,1.0,0.0,239.2,-0.2,0.1,0.0,288.15,--.--,--.--,0,0,0.0,0.0,0.0,0,0,0,--.--,--.--,--.--
2026-07-09 16:00:41.555,1.0,-0.0,239,1.0,0.1,-0.1,0.1,1.2,0.000,0.0,29.6,67.5,66.7,29.676,0.000,0.000,0.000,0.0,00:04:42,0.0,0.6,1,--.--,0,--.--,--.--,0000:32:26,76,0,0,1,1,15.30,-1.00,-89,--.--,50,--.--,--:--:--,1,-15.30,16:00:41,21:00:41,7/9/26,--.--,--.--,--.--,--.--,--.--,--.--,--.--,--.--,--.--,--.--,--.--,--.--,0,--.--,--.--,--.--,--.--,--.--,--.--,--.--,--.--,--.--,--.--,--.--,--.--,--.--,--.--,--.--,--.--,0,0.000,0.000,0.000,0.000,0.000,0.000,0.000,0.000,0.000,0.000,0.000,0.000,true,true,true,true,true,true,false,false,true,true,false,false,0.02,0.00,0.01,0.01,--.--,--.--,0.15,0.17,9223372036854775808,0,--.--,--.--,--.--,--.--,--.--,0,0,0,0,37.4122942,-121.9985282,10SEG 88624 41081,0.7,1.1,200.1,3,10,--.--,--.--,,--.--,--.--,--.--,0,0,--.--,--.--,0,-0.0,-0.0,-29.8,-0.0,-0.0,-0.0,0.0,-0.0,-29.9,0.0,0.0,-0.1,--.--,--.--,--.--,--.--,1.2,0.0,239.1,1.2,0.2,0.2,288.15,--.--,--.--,0,0,0.0,0.0,0.0,0,0,0,--.--,--.--,--.--
2026-07-09 16:00:42.555,0.6,0.0,239,-0.7,-0.1,-0.1,0.0,-1.3,0.000,0.1,29.5,67.5,66.7,29.639,0.000,0.000,0.000,0.0,00:04:43,0.1,1.5,1,--.--,0,--.--,--.--,0000:32:26,76,0,0,1,1,15.30,-1.00,-89,--.--,50,--.--,--:--:--,1,-15.30,16:00:42,21:00:42,7/9/26,--.--,--.--,--.--,--.--,--.--,--.--,--.--,--.--,--.--,--.--,--.--,--.--,0,--.--,--.--,--.--,--.--,--.--,--.--,--.--,--.--,--.--,--.--,--.--,--.--,--.--,--.--,--.--,--.--,0,0.000,0.000,0.000,0.000,0.000,0.000,0.000,0.000,0.000,0.000,0.000,0.000,true,true,true,true,true,true,false,false,true,true,false,false,0.02,0.00,0.01,0.01,--.--,--.--,0.15,0.17,9223372036854775808,0,--.--,--.--,--.--,--.--,--.--,0,0,0,0,37.4122946,-121.9985286,10SEG 88624 41081,0.7,1.1,338.5,3,10,--.--,--.--,,--.--,--.--,--.--,0,0,--.--,--.--,0,-0.0,-0.1,-29.8,0.0,0.0,-0.1,0.0,-0.0,-29.9,0.0,0.0,-0.1,--.--,--.--,--.--,--.--,0.5,-0.0,239.0,-0.4,-0.1,0.0,288.15,--.--,--.--,0,0,0.0,0.0,0.0,0,0,0,--.--,--.--,--.--
2026-07-09 16:00:43.555,0.7,0.0,238,0.5,0.0,-0.1,0.1,1.0,0.000,0.1,29.5,67.5,66.7,29.647,0.000,0.000,0.000,0.0,00:04:44,0.0,0.3,1,--.--,0,--.--,--.--,0000:32:26,76,0,0,1,1,15.30,-1.00,-90,--.--,50,--.--,--:--:--,1,-15.30,16:00:43,21:00:43,7/9/26,--.--,--.--,--.--,--.--,--.--,--.--,--.--,--.--,--.--,--.--,--.--,--.--,0,--.--,--.--,--.--,--.--,--.--,--.--,--.--,--.--,--.--,--.--,--.--,--.--,--.--,--.--,--.--,--.--,0,0.000,0.000,0.000,0.000,0.000,0.000,0.000,0.000,0.000,0.000,0.000,0.000,true,true,true,true,true,true,false,false,true,true,false,false,0.02,0.01,0.01,0.01,--.--,--.--,0.15,0.17,9223372036854775808,0,--.--,--.--,--.--,--.--,--.--,0,0,0,0,37.4122944,-121.9985285,10SEG 88624 41081,0.7,1.1,43.1,3,10,--.--,--.--,,--.--,--.--,--.--,0,0,--.--,--.--,0,0.0,-0.0,-29.8,0.0,0.1,-0.1,0.0,-0.0,-29.9,0.0,0.0,-0.1,--.--,--.--,--.--,--.--,0.8,0.0,239.0,0.4,-0.1,0.0,288.15,--.--,--.--,0,0,0.0,0.0,0.0,0,0,0,--.--,--.--,--.--
2026-07-09 16:00:44.554,0.5,-0.0,239,-0.4,-0.1,0.1,0.1,1.5,0.000,0.1,29.5,67.5,66.7,29.658,0.000,0.000,0.000,0.0,00:04:45,0.0,0.6,1,--.--,0,--.--,--.--,0000:32:26,77,0,0,1,1,15.30,-1.00,-90,--.--,50,--.--,--:--:--,1,-15.30,16:00:44,21:00:44,7/9/26,--.--,--.--,--.--,--.--,--.--,--.--,--.--,--.--,--.--,--.--,--.--,--.--,0,--.--,--.--,--.--,--.--,--.--,--.--,--.--,--.--,--.--,--.--,--.--,--.--,--.--,--.--,--.--,--.--,0,0.000,0.000,0.000,0.000,0.000,0.000,0.000,0.000,0.000,0.000,0.000,0.000,true,true,true,true,true,true,false,false,true,true,false,false,0.02,0.01,0.01,0.01,--.--,--.--,0.15,0.17,9223372036854775808,0,--.--,--.--,--.--,--.--,--.--,0,0,0,0,37.4122945,-121.9985281,10SEG 88624 41081,0.7,1.1,64.7,3,10,--.--,--.--,,--.--,--.--,--.--,0,0,--.--,--.--,0,0.1,0.0,-29.8,0.0,0.0,-0.1,0.0,-0.0,-29.9,-0.0,-0.0,-0.1,--.--,--.--,--.--,--.--,0.5,0.0,239.0,-0.0,0.0,-0.0,288.15,--.--,--.--,0,0,0.0,0.0,0.0,0,0,0,--.--,--.--,--.--
2026-07-09 16:00:45.554,1.1,0.0,239,-0.1,-0.0,0.1,0.0,2.0,0.000,0.1,29.5,67.5,66.7,29.671,0.000,0.000,0.000,0.0,00:04:46,0.1,3.6,1,--.--,0,--.--,--.--,0000:32:26,77,0,0,1,1,15.30,-1.00,-90,--.--,50,--.--,--:--:--,1,-15.30,16:00:45,21:00:45,7/9/26,--.--,--.--,--.--,--.--,--.--,--.--,--.--,--.--,--.--,--.--,--.--,--.--,0,--.--,--.--,--.--,--.--,--.--,--.--,--.--,--.--,--.--,--.--,--.--,--.--,--.--,--.--,--.--,--.--,0,0.000,0.000,0.000,0.000,0.000,0.000,0.000,0.000,0.000,0.000,0.000,0.000,true,true,true,true,true,true,false,false,true,true,false,false,0.03,0.01,0.01,0.01,--.--,--.--,0.15,0.17,9223372036854775808,0,--.--,--.--,--.--,--.--,--.--,0,0,0,0,37.4122949,-121.9985276,10SEG 88624 41081,0.7,1.1,97.9,3,10,--.--,--.--,,--.--,--.--,--.--,0,0,--.--,--.--,0,0.1,0.0,-29.8,-0.0,-0.0,-0.1,0.0,-0.0,-29.9,-0.0,-0.0,-0.1,--.--,--.--,--.--,--.--,1.0,0.0,239.2,-0.5,-0.1,0.0,288.15,--.--,--.--,0,0,0.0,0.0,0.0,0,0,0,--.--,--.--,--.--
2026-07-09 16:00:46.554,0.9,-0.0,239,0.3,0.0,0.0,0.0,-2.0,0.000,0.1,29.5,67.5,66.7,29.681,0.000,0.000,0.000,0.0,00:04:47,0.0,0.9,1,--.--,0,--.--,--.--,0000:32:26,76,0,0,1,1,15.30,-1.00,-90,--.--,50,--.--,--:--:--,1,-15.30,16:00:46,21:00:46,7/9/26,--.--,--.--,--.--,--.--,--.--,--.--,--.--,--.--,--.--,--.--,--.--,--.--,0,--.--,--.--,--.--,--.--,--.--,--.--,--.--,--.--,--.--,--.--,--.--,--.--,--.--,--.--,--.--,--.--,0,0.000,0.000,0.000,0.000,0.000,0.000,0.000,0.000,0.000,0.000,0.000,0.000,true,true,true,true,true,true,false,false,true,true,false,false,0.03,0.01,0.01,0.01,--.--,--.--,0.15,0.17,9223372036854775808,0,--.--,--.--,--.--,--.--,--.--,0,0,0,0,37.4122947,-121.9985275,10SEG 88624 41081,0.7,1.1,214.5,3,10,--.--,--.--,,--.--,--.--,--.--,0,0,--.--,--.--,0,0.0,-0.0,-29.8,-0.0,-0.0,-0.1,0.0,-0.0,-29.9,0.0,-0.0,-0.1,--.--,--.--,--.--,--.--,1.0,-0.0,239.2,0.3,0.2,-0.0,288.15,--.--,--.--,0,0,0.0,0.0,0.0,0,0,0,--.--,--.--,--.--
2026-07-09 16:00:47.554,0.8,-0.0,239,-0.3,-0.1,-0.1,0.0,0.9,0.000,0.0,29.5,67.5,66.7,29.674,0.000,0.000,0.000,0.0,00:04:48,0.0,0.9,1,--.--,0,--.--,--.--,0000:32:26,76,0,0,1,1,15.30,-1.00,-91,--.--,50,--.--,--:--:--,1,-15.30,16:00:47,21:00:47,7/9/26,--.--,--.--,--.--,--.--,--.--,--.--,--.--,--.--,--.--,--.--,--.--,--.--,0,--.--,--.--,--.--,--.--,--.--,--.--,--.--,--.--,--.--,--.--,--.--,--.--,--.--,--.--,--.--,--.--,0,0.000,0.000,0.000,0.000,0.000,0.000,0.000,0.000,0.000,0.000,0.000,0.000,true,true,true,true,true,true,false,false,true,true,false,false,0.02,0.00,0.01,0.01,--.--,--.--,0.15,0.17,9223372036854775808,0,--.--,--.--,--.--,--.--,--.--,0,0,0,0,37.4122942,-121.9985273,10SEG 88624 41081,0.7,1.1,263.7,3,10,--.--,--.--,,--.--,--.--,--.--,0,0,--.--,--.--,0,0.0,-0.0,-29.8,0.0,-0.0,-0.0,0.0,-0.0,-29.9,0.0,0.0,-0.1,--.--,--.--,--.--,--.--,0.7,-0.0,239.2,-0.3,0.1,0.0,288.15,--.--,--.--,0,0,0.0,0.0,0.0,0,0,0,--.--,--.--,--.--
2026-07-09 16:00:48.555,0.6,0.0,239,-0.4,0.0,-0.1,0.0,-1.2,0.000,0.1,29.5,67.5,66.7,29.656,0.000,0.000,0.000,0.0,00:04:49,0.0,1.1,1,--.--,0,--.--,--.--,0000:32:26,76,0,0,1,1,15.30,-1.00,-91,--.--,50,--.--,--:--:--,1,-15.30,16:00:48,21:00:48,7/9/26,--.--,--.--,--.--,--.--,--.--,--.--,--.--,--.--,--.--,--.--,--.--,--.--,0,--.--,--.--,--.--,--.--,--.--,--.--,--.--,--.--,--.--,--.--,--.--,--.--,--.--,--.--,--.--,--.--,0,0.000,0.000,0.000,0.000,0.000,0.000,0.000,0.000,0.000,0.000,0.000,0.000,true,true,true,true,true,true,false,false,true,true,false,false,0.02,0.00,0.01,0.01,--.--,--.--,0.15,0.17,9223372036854775808,0,--.--,--.--,--.--,--.--,--.--,0,0,0,0,37.4122944,-121.9985276,10SEG 88624 41081,0.7,1.1,3.4,3,10,--.--,--.--,,--.--,--.--,--.--,0,0,--.--,--.--,0,0.0,-0.0,-29.8,0.0,0.0,-0.1,0.0,-0.0,-29.9,0.0,0.0,-0.1,--.--,--.--,--.--,--.--,0.5,-0.0,239.1,-0.3,-0.0,0.0,288.15,--.--,--.--,0,0,0.0,0.0,0.0,0,0,0,--.--,--.--,--.--
2026-07-09 16:00:49.554,1.1,0.1,238,-0.1,0.1,-0.0,0.1,-1.2,0.000,0.1,29.5,67.5,66.7,29.646,0.000,0.000,0.000,0.0,00:04:50,0.1,0.9,1,--.--,0,--.--,--.--,0000:32:26,77,0,0,1,1,15.30,-1.00,-91,--.--,50,--.--,--:--:--,1,-15.30,16:00:49,21:00:49,7/9/26,--.--,--.--,--.--,--.--,--.--,--.--,--.--,--.--,--.--,--.--,--.--,--.--,0,--.--,--.--,--.--,--.--,--.--,--.--,--.--,--.--,--.--,--.--,--.--,--.--,--.--,--.--,--.--,--.--,0,0.000,0.000,0.000,0.000,0.000,0.000,0.000,0.000,0.000,0.000,0.000,0.000,true,true,true,true,true,true,false,false,true,true,false,false,0.02,0.01,0.01,0.01,--.--,--.--,0.15,0.17,9223372036854775808,0,--.--,--.--,--.--,--.--,--.--,0,0,0,0,37.4122950,-121.9985272,10SEG 88624 41081,0.7,1.1,30.8,3,10,--.--,--.--,,--.--,--.--,--.--,0,0,--.--,--.--,0,0.1,0.0,-29.8,0.0,0.0,-0.1,0.0,-0.0,-29.9,-0.0,-0.0,-0.1,--.--,--.--,--.--,--.--,0.9,-0.0,239.0,-1.0,-0.3,0.0,288.15,--.--,--.--,0,0,0.0,0.0,0.0,0,0,0,--.--,--.--,--.--
2026-07-09 16:00:50.553,0.1,-0.1,239,0.9,-0.0,0.2,0.0,-1.2,0.000,0.1,29.5,67.5,66.7,29.662,0.000,0.000,0.000,0.0,00:04:51,0.1,6.3,1,--.--,0,--.--,--.--,0000:32:26,77,0,0,1,1,15.30,-1.00,-91,--.--,50,--.--,--:--:--,1,-15.30,16:00:50,21:00:50,7/9/26,--.--,--.--,--.--,--.--,--.--,--.--,--.--,--.--,--.--,--.--,--.--,--.--,0,--.--,--.--,--.--,--.--,--.--,--.--,--.--,--.--,--.--,--.--,--.--,--.--,--.--,--.--,--.--,--.--,0,0.000,0.000,0.000,0.000,0.000,0.000,0.000,0.000,0.000,0.000,0.000,0.000,true,true,true,true,true,true,false,false,true,true,false,false,0.02,0.01,0.01,0.01,--.--,--.--,0.15,0.17,9223372036854775808,0,--.--,--.--,--.--,--.--,--.--,0,0,0,0,37.4122956,-121.9985265,10SEG 88624 41081,0.7,1.1,133.3,3,10,--.--,--.--,,--.--,--.--,--.--,0,0,--.--,--.--,0,0.1,0.1,-29.8,-0.0,0.0,-0.1,0.0,-0.0,-29.9,-0.1,-0.1,-0.1,--.--,--.--,--.--,--.--,0.5,0.0,239.2,1.8,0.2,-0.0,288.15,--.--,--.--,0,0,0.0,0.0,0.0,0,0,0,--.--,--.--,--.--
2026-07-09 16:00:51.553,1.8,0.1,239,-1.3,-0.0,0.6,0.1,1.1,0.000,0.1,29.5,67.5,66.7,29.663,0.000,0.000,0.000,0.0,00:04:52,0.1,1.7,1,--.--,0,--.--,--.--,0000:32:26,77,0,0,1,1,15.30,-1.00,-92,--.--,50,--.--,--:--:--,1,-15.30,16:00:51,21:00:51,7/9/26,--.--,--.--,--.--,--.--,--.--,--.--,--.--,--.--,--.--,--.--,--.--,--.--,0,--.--,--.--,--.--,--.--,--.--,--.--,--.--,--.--,--.--,--.--,--.--,--.--,--.--,--.--,--.--,--.--,0,0.000,0.000,0.000,0.000,0.000,0.000,0.000,0.000,0.000,0.000,0.000,0.000,true,true,true,true,true,true,false,false,true,true,false,false,0.03,0.01,0.01,0.02,--.--,--.--,0.15,0.17,9223372036854775808,0,--.--,--.--,--.--,--.--,--.--,0,0,0,0,37.4122947,-121.9985266,10SEG 88624 41081,0.7,1.1,228.7,3,10,--.--,--.--,,--.--,--.--,--.--,0,0,--.--,--.--,0,0.0,0.1,-29.8,-0.0,-0.1,-0.1,0.0,-0.0,-29.9,0.0,-0.1,-0.1,--.--,--.--,--.--,--.--,1.3,0.0,239.4,-2.7,-0.3,0.3,288.15,--.--,--.--,0,0,0.0,0.0,0.0,0,0,0,--.--,--.--,--.--
2026-07-09 16:00:52.553,0.2,-0.2,239,2.1,0.2,0.1,0.1,0.5,0.000,0.1,29.5,67.5,66.7,29.652,0.000,0.000,0.000,0.0,00:04:53,0.0,0.3,1,--.--,0,--.--,--.--,0000:32:26,75,0,0,1,1,15.30,-1.00,-92,--.--,50,--.--,--:--:--,1,-15.30,16:00:52,21:00:52,7/9/26,--.--,--.--,--.--,--.--,--.--,--.--,--.--,--.--,--.--,--.--,--.--,--.--,0,--.--,--.--,--.--,--.--,--.--,--.--,--.--,--.--,--.--,--.--,--.--,--.--,--.--,--.--,--.--,--.--,0,0.000,0.000,0.000,0.000,0.000,0.000,0.000,0.000,0.000,0.000,0.000,0.000,true,true,true,true,true,true,false,false,true,true,false,false,0.03,0.01,0.01,0.02,--.--,--.--,0.15,0.17,9223372036854775808,0,--.--,--.--,--.--,--.--,--.--,0,0,0,0,37.4122946,-121.9985271,10SEG 88624 41081,0.7,1.1,223.2,3,10,--.--,--.--,,--.--,--.--,--.--,0,0,--.--,--.--,0,0.0,-0.0,-29.8,-0.0,-0.1,-0.1,0.0,-0.0,-29.9,0.0,0.0,-0.1,--.--,--.--,--.--,--.--,0.9,-0.0,239.8,3.1,0.6,-0.0,288.15,--.--,--.--,0,0,0.0,0.0,0.0,0,0,0,--.--,--.--,--.--
2026-07-09 16:00:53.552,0.6,0.0,239,-2.1,-0.2,-0.0,0.0,0.4,0.000,0.1,29.5,67.5,66.7,29.622,0.000,0.000,0.000,0.0,00:04:54,0.0,1.2,1,--.--,0,--.--,--.--,0000:32:26,76,0,0,1,1,15.30,-1.00,-92,--.--,50,--.--,--:--:--,1,-15.30,16:00:53,21:00:53,7/9/26,--.--,--.--,--.--,--.--,--.--,--.--,--.--,--.--,--.--,--.--,--.--,--.--,0,--.--,--.--,--.--,--.--,--.--,--.--,--.--,--.--,--.--,--.--,--.--,--.--,--.--,--.--,--.--,--.--,0,0.000,0.000,0.000,0.000,0.000,0.000,0.000,0.000,0.000,0.000,0.000,0.000,true,true,true,true,true,true,false,false,true,true,false,false,0.03,0.00,0.01,0.02,--.--,--.--,0.15,0.17,9223372036854775808,0,--.--,--.--,--.--,--.--,--.--,0,0,0,0,37.4122942,-121.9985281,10SEG 88624 41081,0.7,1.1,331.5,3,10,--.--,--.--,,--.--,--.--,--.--,0,0,--.--,--.--,0,0.0,-0.0,-29.7,0.0,-0.0,-0.1,0.0,-0.0,-29.9,0.0,0.0,-0.1,--.--,--.--,--.--,--.--,0.2,0.0,239.7,-1.8,-0.1,0.0,288.15,--.--,--.--,0,0,0.0,0.0,0.0,0,0,0,--.--,--.--,--.--
2026-07-09 16:00:54.552,0.5,0.0,239,0.1,0.1,-0.2,0.0,0.6,0.000,0.1,29.5,67.5,66.7,29.622,0.000,0.000,0.000,0.0,00:04:55,0.0,0.3,1,--.--,0,--.--,--.--,0000:32:26,76,0,0,1,1,15.30,-1.00,-92,--.--,50,--.--,--:--:--,1,-15.30,16:00:54,21:00:54,7/9/26,--.--,--.--,--.--,--.--,--.--,--.--,--.--,--.--,--.--,--.--,--.--,--.--,0,--.--,--.--,--.--,--.--,--.--,--.--,--.--,--.--,--.--,--.--,--.--,--.--,--.--,--.--,--.--,--.--,0,0.000,0.000,0.000,0.000,0.000,0.000,0.000,0.000,0.000,0.000,0.000,0.000,true,true,true,true,true,true,false,false,true,true,false,false,0.03,0.00,0.01,0.02,--.--,--.--,0.15,0.17,9223372036854775808,0,--.--,--.--,--.--,--.--,--.--,0,0,0,0,37.4122949,-121.9985282,10SEG 88624 41081,0.7,1.1,45.1,3,10,--.--,--.--,,--.--,--.--,--.--,0,0,--.--,--.--,0,0.0,-0.0,-29.7,0.0,0.0,-0.1,0.0,-0.0,-29.9,-0.0,0.0,-0.1,--.--,--.--,--.--,--.--,0.4,0.0,239.6,-0.3,-0.0,0.0,288.15,--.--,--.--,0,0,0.0,0.0,0.0,0,0,0,--.--,--.--,--.--
2026-07-09 16:00:55.552,0.6,0.0,239,-0.0,0.0,-0.0,0.0,-1.5,0.000,0.1,29.5,67.5,66.7,29.627,0.000,0.000,0.000,0.0,00:04:56,0.1,0.9,1,--.--,0,--.--,--.--,0000:32:26,76,0,0,1,1,15.30,-1.00,-93,--.--,50,--.--,--:--:--,1,-15.30,16:00:55,21:00:55,7/9/26,--.--,--.--,--.--,--.--,--.--,--.--,--.--,--.--,--.--,--.--,--.--,--.--,0,--.--,--.--,--.--,--.--,--.--,--.--,--.--,--.--,--.--,--.--,--.--,--.--,--.--,--.--,--.--,--.--,0,0.000,0.000,0.000,0.000,0.000,0.000,0.000,0.000,0.000,0.000,0.000,0.000,true,true,true,true,true,true,false,false,true,true,false,false,0.04,0.00,0.01,0.02,--.--,--.--,0.15,0.17,9223372036854775808,0,--.--,--.--,--.--,--.--,--.--,0,0,0,0,37.4122952,-121.9985279,10SEG 88624 41081,0.7,1.1,55.5,3,10,--.--,--.--,,--.--,--.--,--.--,0,0,--.--,--.--,0,0.1,0.0,-29.8,-0.0,0.0,-0.1,0.0,-0.0,-29.9,-0.0,-0.0,-0.1,--.--,--.--,--.--,--.--,0.6,-0.0,239.5,-0.3,-0.1,0.0,288.15,--.--,--.--,0,0,0.0,0.0,0.0,0,0,0,--.--,--.--,--.--
2026-07-09 16:00:56.552,1.1,0.0,239,0.8,0.1,0.1,0.0,-2.0,0.000,0.1,29.5,67.5,66.7,29.624,0.000,0.000,0.000,0.0,00:04:57,0.1,2.8,1,--.--,0,--.--,--.--,0000:32:26,76,0,0,1,1,15.30,-1.00,-93,--.--,50,--.--,--:--:--,1,-15.30,16:00:56,21:00:56,7/9/26,--.--,--.--,--.--,--.--,--.--,--.--,--.--,--.--,--.--,--.--,--.--,--.--,0,--.--,--.--,--.--,--.--,--.--,--.--,--.--,--.--,--.--,--.--,--.--,--.--,--.--,--.--,--.--,--.--,0,0.000,0.000,0.000,0.000,0.000,0.000,0.000,0.000,0.000,0.000,0.000,0.000,true,true,true,true,true,true,false,false,true,true,false,false,0.04,0.00,0.01,0.02,--.--,--.--,0.15,0.17,9223372036854775808,0,--.--,--.--,--.--,--.--,--.--,0,0,0,0,37.4122950,-121.9985271,10SEG 88624 41081,0.7,1.1,139.4,3,10,--.--,--.--,,--.--,--.--,--.--,0,0,--.--,--.--,0,0.1,0.0,-29.7,-0.0,-0.0,-0.1,0.0,-0.0,-29.9,-0.0,-0.0,-0.1,--.--,--.--,--.--,--.--,1.2,-0.0,239.6,0.4,-0.1,0.2,288.15,--.--,--.--,0,0,0.0,0.0,0.0,0,0,0,--.--,--.--,--.--
2026-07-09 16:00:57.552,0.5,-0.0,239,-1.2,-0.1,0.2,0.0,-1.7,0.000,0.1,29.5,67.5,66.7,29.608,0.000,0.000,0.000,0.0,00:04:58,0.1,1.5,1,--.--,0,--.--,--.--,0000:32:26,76,0,0,1,1,15.30,-1.00,-93,--.--,50,--.--,--:--:--,1,-15.30,16:00:57,21:00:57,7/9/26,--.--,--.--,--.--,--.--,--.--,--.--,--.--,--.--,--.--,--.--,--.--,--.--,0,--.--,--.--,--.--,--.--,--.--,--.--,--.--,--.--,--.--,--.--,--.--,--.--,--.--,--.--,--.--,--.--,0,0.000,0.000,0.000,0.000,0.000,0.000,0.000,0.000,0.000,0.000,0.000,0.000,true,true,true,true,true,true,false,false,true,true,false,false,0.05,0.00,0.01,0.01,--.--,--.--,0.15,0.17,9223372036854775808,0,--.--,--.--,--.--,--.--,--.--,0,0,0,0,37.4122953,-121.9985267,10SEG 88624 41081,0.7,1.1,286.4,3,10,--.--,--.--,,--.--,--.--,--.--,0,0,--.--,--.--,0,0.1,0.0,-29.7,-0.0,-0.1,-0.1,0.0,-0.0,-29.9,-0.0,-0.0,-0.1,--.--,--.--,--.--,--.--,0.3,-0.0,239.7,-1.0,0.1,-0.0,288.15,--.--,--.--,0,0,0.0,0.0,0.0,0,0,0,--.--,--.--,--.--
2026-07-09 16:00:58.552,1.2,0.0,239,0.9,0.2,-0.1,0.1,1.1,0.000,0.1,29.5,67.5,66.7,29.606,0.000,0.000,0.000,0.0,00:04:59,0.0,0.8,1,--.--,0,--.--,--.--,0000:32:26,76,0,0,1,1,15.30,-1.00,-93,--.--,50,--.--,--:--:--,1,-15.30,16:00:58,21:00:58,7/9/26,--.--,--.--,--.--,--.--,--.--,--.--,--.--,--.--,--.--,--.--,--.--,--.--,0,--.--,--.--,--.--,--.--,--.--,--.--,--.--,--.--,--.--,--.--,--.--,--.--,--.--,--.--,--.--,--.--,0,0.000,0.000,0.000,0.000,0.000,0.000,0.000,0.000,0.000,0.000,0.000,0.000,true,true,true,true,true,true,false,false,true,true,false,false,0.05,0.00,0.01,0.01,--.--,--.--,0.15,0.17,9223372036854775808,0,--.--,--.--,--.--,--.--,--.--,0,0,0,0,37.4122947,-121.9985270,10SEG 88624 41081,0.7,1.1,215.2,3,10,--.--,--.--,,--.--,--.--,--.--,0,0,--.--,--.--,0,0.0,0.0,-29.7,-0.0,-0.0,-0.1,0.0,-0.0,-29.9,0.0,-0.0,-0.1,--.--,--.--,--.--,--.--,1.3,0.0,239.7,0.2,-0.1,0.3,288.15,--.--,--.--,0,0,0.0,0.0,0.0,0,0,0,--.--,--.--,--.--
2026-07-09 16:00:59.551,0.4,-0.0,239,-0.6,-0.1,0.0,0.0,0.4,0.000,0.1,29.5,67.4,66.7,29.588,0.000,0.000,0.000,0.0,00:05:00,0.0,0.5,1,--.--,0,--.--,--.--,0000:32:26,76,0,0,1,1,15.30,-1.00,-94,--.--,50,--.--,--:--:--,1,-15.30,16:00:59,21:00:59,7/9/26,--.--,--.--,--.--,--.--,--.--,--.--,--.--,--.--,--.--,--.--,--.--,--.--,0,--.--,--.--,--.--,--.--,--.--,--.--,--.--,--.--,--.--,--.--,--.--,--.--,--.--,--.--,--.--,--.--,0,0.000,0.000,0.000,0.000,0.000,0.000,0.000,0.000,0.000,0.000,0.000,0.000,true,true,true,true,true,true,false,false,true,true,false,false,0.06,0.00,0.01,0.02,--.--,--.--,0.15,0.17,9223372036854775808,0,--.--,--.--,--.--,--.--,--.--,0,0,0,0,37.4122948,-121.9985276,10SEG 88624 41081,0.7,1.1,347.4,3,10,--.--,--.--,,--.--,--.--,--.--,0,0,--.--,--.--,0,0.0,-0.0,-29.7,0.0,-0.0,-0.1,0.0,-0.0,-29.9,0.0,0.0,-0.1,--.--,--.--,--.--,--.--,0.4,-0.0,239.7,-0.4,0.1,-0.0,288.15,--.--,--.--,0,0,0.0,0.0,0.0,0,0,0,--.--,--.--,--.--
2026-07-09 16:01:00.551,0.3,0.0,239,0.5,-0.0,-0.1,0.0,-0.8,0.000,0.1,29.5,67.4,66.7,29.571,0.000,0.000,0.000,0.0,00:05:01,0.0,1.6,1,--.--,0,--.--,--.--,0000:32:26,76,0,0,1,1,15.30,-1.00,-94,--.--,50,--.--,--:--:--,1,-15.30,16:01:00,21:01:00,7/9/26,--.--,--.--,--.--,--.--,--.--,--.--,--.--,--.--,--.--,--.--,--.--,--.--,0,--.--,--.--,--.--,--.--,--.--,--.--,--.--,--.--,--.--,--.--,--.--,--.--,--.--,--.--,--.--,--.--,0,0.000,0.000,0.000,0.000,0.000,0.000,0.000,0.000,0.000,0.000,0.000,0.000,true,true,true,true,true,true,false,false,true,true,false,false,0.06,0.00,0.01,0.02,--.--,--.--,0.15,0.17,9223372036854775808,0,--.--,--.--,--.--,--.--,--.--,0,0,0,0,37.4122952,-121.9985278,10SEG 88624 41081,0.7,1.1,50.6,3,10,--.--,--.--,,--.--,--.--,--.--,0,0,--.--,--.--,0,0.1,-0.0,-29.7,-0.0,0.0,-0.2,0.0,-0.0,-29.9,-0.0,0.0,-0.2,--.--,--.--,--.--,--.--,0.5,0.0,239.7,1.0,-0.1,0.0,288.15,--.--,--.--,0,0,0.0,0.0,0.0,0,0,0,--.--,--.--,--.--
2026-07-09 16:01:01.551,1.0,0.1,239,-0.0,-0.1,0.0,0.1,-1.4,0.000,0.2,29.4,67.4,66.7,29.567,0.000,0.000,0.000,0.0,00:05:02,0.1,1.3,1,--.--,0,--.--,--.--,0000:32:26,77,0,0,1,1,15.30,-1.00,-95,--.--,50,--.--,--:--:--,1,-15.30,16:01:01,21:01:01,7/9/26,--.--,--.--,--.--,--.--,--.--,--.--,--.--,--.--,--.--,--.--,--.--,--.--,0,--.--,--.--,--.--,--.--,--.--,--.--,--.--,--.--,--.--,--.--,--.--,--.--,--.--,--.--,--.--,--.--,0,0.000,0.000,0.000,0.000,0.000,0.000,0.000,0.000,0.000,0.000,0.000,0.000,true,true,true,true,true,true,false,false,true,true,false,false,0.05,0.01,0.02,0.02,--.--,--.--,0.15,0.17,9223372036854775808,0,--.--,--.--,--.--,--.--,--.--,0,0,0,0,37.4122951,-121.9985270,10SEG 88624 41081,0.7,1.1,54.6,3,10,--.--,--.--,,--.--,--.--,--.--,0,0,--.--,--.--,0,0.1,0.0,-29.7,-0.0,0.0,-0.2,0.0,-0.0,-29.9,-0.0,-0.0,-0.2,--.--,--.--,--.--,--.--,1.0,-0.0,239.6,-0.3,-0.4,0.0,288.15,--.--,--.--,0,0,0.0,0.0,0.0,0,0,0,--.--,--.--,--.--
2026-07-09 16:01:02.550,0.6,-0.0,239,-0.3,-0.1,0.2,0.0,0.8,0.000,0.2,29.5,67.4,66.7,29.594,0.000,0.000,0.000,0.0,00:05:03,0.1,11.4,1,--.--,0,--.--,--.--,0000:32:26,77,0,0,1,1,15.30,-1.00,-95,--.--,50,--.--,--:--:--,1,-15.30,16:01:02,21:01:02,7/9/26,--.--,--.--,--.--,--.--,--.--,--.--,--.--,--.--,--.--,--.--,--.--,--.--,0,--.--,--.--,--.--,--.--,--.--,--.--,--.--,--.--,--.--,--.--,--.--,--.--,--.--,--.--,--.--,--.--,0,0.000,0.000,0.000,0.000,0.000,0.000,0.000,0.000,0.000,0.000,0.000,0.000,true,true,true,true,true,true,false,false,true,true,false,false,0.05,0.01,0.02,0.02,--.--,--.--,0.15,0.17,9223372036854775808,0,--.--,--.--,--.--,--.--,--.--,0,0,0,0,37.4122951,-121.9985271,10SEG 88624 41081,0.7,1.1,263.7,3,10,--.--,--.--,,--.--,--.--,--.--,0,0,--.--,--.--,0,0.1,0.0,-29.7,-0.0,-0.0,-0.2,0.0,-0.0,-29.9,-0.0,-0.0,-0.1,--.--,--.--,--.--,--.--,0.6,-0.0,239.7,-0.0,0.1,-0.0,288.15,--.--,--.--,0,0,0.0,0.0,0.0,0,0,0,--.--,--.--,--.--
2026-07-09 16:01:03.550,0.9,-0.0,239,0.1,0.1,-0.0,0.1,1.8,0.000,0.1,29.5,67.5,66.7,29.588,0.000,0.000,0.000,0.0,00:05:04,0.0,0.4,1,--.--,0,--.--,--.--,0000:32:26,76,0,0,1,1,15.30,-1.00,-95,--.--,50,--.--,--:--:--,1,-15.30,16:01:03,21:01:03,7/9/26,--.--,--.--,--.--,--.--,--.--,--.--,--.--,--.--,--.--,--.--,--.--,--.--,0,--.--,--.--,--.--,--.--,--.--,--.--,--.--,--.--,--.--,--.--,--.--,--.--,--.--,--.--,--.--,--.--,0,0.000,0.000,0.000,0.000,0.000,0.000,0.000,0.000,0.000,0.000,0.000,0.000,true,true,true,true,true,true,false,false,true,true,false,false,0.05,0.00,0.02,0.01,--.--,--.--,0.15,0.17,9223372036854775808,0,--.--,--.--,--.--,--.--,--.--,0,0,0,0,37.4122951,-121.9985278,10SEG 88624 41081,0.7,1.1,236.1,3,10,--.--,--.--,,--.--,--.--,--.--,0,0,--.--,--.--,0,0.0,-0.0,-29.7,-0.1,-0.1,-0.1,0.0,-0.0,-29.9,-0.0,0.0,-0.2,--.--,--.--,--.--,--.--,0.9,-0.0,239.9,-0.0,0.0,-0.0,288.15,--.--,--.--,0,0,0.0,0.0,0.0,0,0,0,--.--,--.--,--.--
2026-07-09 16:01:04.550,0.5,-0.0,239,-0.2,-0.1,-0.1,0.0,1.1,0.000,0.1,29.5,67.4,66.7,29.580,0.000,0.000,0.000,0.0,00:05:05,0.1,1.3,1,--.--,0,--.--,--.--,0000:32:26,75,0,0,1,1,15.30,-1.00,-95,--.--,50,--.--,--:--:--,1,-15.30,16:01:04,21:01:04,7/9/26,--.--,--.--,--.--,--.--,--.--,--.--,--.--,--.--,--.--,--.--,--.--,--.--,0,--.--,--.--,--.--,--.--,--.--,--.--,--.--,--.--,--.--,--.--,--.--,--.--,--.--,--.--,--.--,--.--,0,0.000,0.000,0.000,0.000,0.000,0.000,0.000,0.000,0.000,0.000,0.000,0.000,true,true,true,true,true,true,false,false,true,true,false,false,0.05,0.00,0.02,0.01,--.--,--.--,0.15,0.17,9223372036854775808,0,--.--,--.--,--.--,--.--,--.--,0,0,0,0,37.4122945,-121.9985285,10SEG 88624 41081,0.7,1.1,237.5,3,10,--.--,--.--,,--.--,--.--,--.--,0,0,--.--,--.--,0,0.0,-0.1,-29.7,-0.0,-0.0,-0.1,0.0,-0.0,-29.9,0.0,0.1,-0.2,--.--,--.--,--.--,--.--,0.6,0.0,239.8,0.2,0.1,0.0,288.15,--.--,--.--,0,0,0.0,0.0,0.0,0,0,0,--.--,--.--,--.--
2026-07-09 16:01:05.550,0.8,0.1,239,-0.6,0.0,-0.2,0.0,1.4,0.000,0.1,29.5,67.4,66.7,29.572,0.000,0.000,0.000,0.0,00:05:06,0.0,1.3,1,--.--,0,--.--,--.--,0000:32:26,76,0,0,1,1,15.30,-1.00,-96,--.--,50,--.--,--:--:--,1,-15.30,16:01:05,21:01:05,7/9/26,--.--,--.--,--.--,--.--,--.--,--.--,--.--,--.--,--.--,--.--,--.--,--.--,0,--.--,--.--,--.--,--.--,--.--,--.--,--.--,--.--,--.--,--.--,--.--,--.--,--.--,--.--,--.--,--.--,0,0.000,0.000,0.000,0.000,0.000,0.000,0.000,0.000,0.000,0.000,0.000,0.000,true,true,true,true,true,true,false,false,true,true,false,false,0.04,0.01,0.02,0.01,--.--,--.--,0.15,0.17,9223372036854775808,0,--.--,--.--,--.--,--.--,--.--,0,0,0,0,37.4122948,-121.9985287,10SEG 88624 41081,0.7,1.1,60.8,3,10,--.--,--.--,,--.--,--.--,--.--,0,0,--.--,--.--,0,0.0,-0.1,-29.7,0.0,0.1,-0.1,0.0,-0.0,-29.9,0.0,0.1,-0.2,--.--,--.--,--.--,--.--,0.6,0.0,239.6,-0.8,-0.2,0.0,288.15,--.--,--.--,0,0,0.0,0.0,0.0,0,0,0,--.--,--.--,--.--
2026-07-09 16:01:06.550,0.7,0.0,239,1.0,0.1,0.0,0.1,-1.3,0.000,0.2,29.4,67.4,66.7,29.576,0.000,0.000,0.000,0.0,00:05:07,0.0,0.2,1,--.--,0,--.--,--.--,0000:32:26,77,0,0,1,1,15.30,-1.00,-96,--.--,50,--.--,--:--:--,1,-15.30,16:01:06,21:01:06,7/9/26,--.--,--.--,--.--,--.--,--.--,--.--,--.--,--.--,--.--,--.--,--.--,--.--,0,--.--,--.--,--.--,--.--,--.--,--.--,--.--,--.--,--.--,--.--,--.--,--.--,--.--,--.--,--.--,--.--,0,0.000,0.000,0.000,0.000,0.000,0.000,0.000,0.000,0.000,0.000,0.000,0.000,true,true,true,true,true,true,false,false,true,true,false,false,0.04,0.01,0.02,0.01,--.--,--.--,0.15,0.17,9223372036854775808,0,--.--,--.--,--.--,--.--,--.--,0,0,0,0,37.4122948,-121.9985278,10SEG 88624 41081,0.7,1.1,51.7,3,10,--.--,--.--,,--.--,--.--,--.--,0,0,--.--,--.--,0,0.1,-0.0,-29.7,0.0,0.1,-0.2,0.0,-0.0,-29.9,-0.0,-0.0,-0.1,--.--,--.--,--.--,--.--,0.9,0.0,239.5,0.9,-0.1,0.0,288.15,--.--,--.--,0,0,0.0,0.0,0.0,0,0,0,--.--,--.--,--.--
2026-07-09 16:01:07.578,0.8,-0.0,239,-0.4,-0.0,0.2,0.0,1.2,0.000,0.1,29.5,67.5,66.7,29.609,0.000,0.000,0.000,0.0,00:05:08,0.1,5.8,1,--.--,0,--.--,--.--,0000:32:26,77,0,0,1,1,15.30,-1.00,-96,--.--,50,--.--,--:--:--,1,-15.30,16:01:07,21:01:07,7/9/26,--.--,--.--,--.--,--.--,--.--,--.--,--.--,--.--,--.--,--.--,--.--,--.--,0,--.--,--.--,--.--,--.--,--.--,--.--,--.--,--.--,--.--,--.--,--.--,--.--,--.--,--.--,--.--,--.--,0,0.000,0.000,0.000,0.000,0.000,0.000,0.000,0.000,0.000,0.000,0.000,0.000,true,true,true,true,true,true,false,false,true,true,false,false,0.04,0.00,0.02,0.01,--.--,--.--,0.15,0.17,9223372036854775808,0,--.--,--.--,--.--,--.--,--.--,0,0,0,0,37.4122954,-121.9985272,10SEG 88624 41081,0.7,1.1,188.0,3,10,--.--,--.--,,--.--,--.--,--.--,0,0,--.--,--.--,0,0.1,0.0,-29.7,-0.0,0.0,-0.1,0.0,-0.0,-29.9,-0.0,-0.0,-0.1,--.--,--.--,--.--,--.--,0.8,-0.0,239.6,-0.3,0.1,-0.0,288.15,--.--,--.--,0,0,0.0,0.0,0.0,0,0,0,--.--,--.--,--.--
2026-07-09 16:01:08.549,1.2,-0.0,239,0.2,0.1,0.1,0.1,0.7,0.000,0.1,29.5,67.5,66.7,29.617,0.000,0.000,0.000,0.0,00:05:09,0.0,0.8,1,--.--,0,--.--,--.--,0000:32:26,76,0,0,1,1,15.30,-1.00,-96,--.--,50,--.--,--:--:--,1,-15.30,16:01:08,21:01:08,7/9/26,--.--,--.--,--.--,--.--,--.--,--.--,--.--,--.--,--.--,--.--,--.--,--.--,0,--.--,--.--,--.--,--.--,--.--,--.--,--.--,--.--,--.--,--.--,--.--,--.--,--.--,--.--,--.--,--.--,0,0.000,0.000,0.000,0.000,0.000,0.000,0.000,0.000,0.000,0.000,0.000,0.000,true,true,true,true,true,true,false,false,true,true,false,false,0.04,0.00,0.02,0.01,--.--,--.--,0.15,0.17,9223372036854775808,0,--.--,--.--,--.--,--.--,--.--,0,0,0,0,37.4122950,-121.9985268,10SEG 88624 41081,0.7,1.1,214.9,3,10,--.--,--.--,,--.--,--.--,--.--,0,0,--.--,--.--,0,0.1,0.0,-29.7,-0.0,-0.0,-0.1,0.0,-0.0,-29.9,-0.0,-0.0,-0.1,--.--,--.--,--.--,--.--,1.1,0.0,239.7,-0.2,0.1,0.1,288.15,--.--,--.--,0,0,0.0,0.0,0.0,0,0,0,--.--,--.--,--.--
2026-07-09 16:01:09.548,0.7,-0.0,239,-0.6,-0.0,0.0,0.1,1.0,0.000,0.1,29.5,67.5,66.7,29.593,0.000,0.000,0.000,0.0,00:05:10,0.0,0.3,1,--.--,0,--.--,--.--,0000:32:26,76,0,0,1,1,15.30,-1.00,-97,--.--,50,--.--,--:--:--,1,-15.30,16:01:09,21:01:09,7/9/26,--.--,--.--,--.--,--.--,--.--,--.--,--.--,--.--,--.--,--.--,--.--,--.--,0,--.--,--.--,--.--,--.--,--.--,--.--,--.--,--.--,--.--,--.--,--.--,--.--,--.--,--.--,--.--,--.--,0,0.000,0.000,0.000,0.000,0.000,0.000,0.000,0.000,0.000,0.000,0.000,0.000,true,true,true,true,true,true,false,false,true,true,false,false,0.05,0.01,0.02,0.02,--.--,--.--,0.15,0.17,9223372036854775808,0,--.--,--.--,--.--,--.--,--.--,0,0,0,0,37.4122947,-121.9985271,10SEG 88624 41081,0.7,1.1,228.5,3,10,--.--,--.--,,--.--,--.--,--.--,0,0,--.--,--.--,0,0.0,-0.0,-29.7,-0.0,-0.0,-0.1,0.0,-0.0,-29.9,0.0,0.0,-0.1,--.--,--.--,--.--,--.--,0.7,0.0,239.8,-0.3,0.1,-0.0,288.15,--.--,--.--,0,0,0.0,0.0,0.0,0,0,0,--.--,--.--,--.--
2026-07-09 16:01:10.548,0.7,-0.0,239,-0.6,0.0,-0.1,0.0,-1.7,0.000,0.1,29.5,67.5,66.7,29.599,0.000,0.000,0.000,0.0,00:05:11,0.0,1.2,1,--.--,0,--.--,--.--,0000:32:26,76,0,0,1,1,15.30,-1.00,-97,--.--,50,--.--,--:--:--,1,-15.30,16:01:10,21:01:10,7/9/26,--.--,--.--,--.--,--.--,--.--,--.--,--.--,--.--,--.--,--.--,--.--,--.--,0,--.--,--.--,--.--,--.--,--.--,--.--,--.--,--.--,--.--,--.--,--.--,--.--,--.--,--.--,--.--,--.--,0,0.000,0.000,0.000,0.000,0.000,0.000,0.000,0.000,0.000,0.000,0.000,0.000,true,true,true,true,true,true,false,false,true,true,false,false,0.05,0.01,0.02,0.02,--.--,--.--,0.15,0.17,9223372036854775808,0,--.--,--.--,--.--,--.--,--.--,0,0,0,0,37.4122949,-121.9985275,10SEG 88624 41081,0.7,1.1,343.8,3,10,--.--,--.--,,--.--,--.--,--.--,0,0,--.--,--.--,0,0.1,-0.0,-29.7,-0.0,-0.0,-0.1,0.0,-0.0,-29.9,-0.0,0.0,-0.1,--.--,--.--,--.--,--.--,0.6,-0.0,239.8,-0.6,0.0,0.0,288.15,--.--,--.--,0,0,0.0,0.0,0.0,0,0,0,--.--,--.--,--.--
2026-07-09 16:01:11.548,1.1,0.0,239,0.7,0.1,-0.1,0.0,-1.7,0.000,0.1,29.5,67.4,66.7,29.586,0.000,0.000,0.000,0.0,00:05:12,0.0,2.0,1,--.--,0,--.--,--.--,0000:32:26,76,0,0,1,1,15.30,-1.00,-97,--.--,50,--.--,--:--:--,1,-15.30,16:01:11,21:01:11,7/9/26,--.--,--.--,--.--,--.--,--.--,--.--,--.--,--.--,--.--,--.--,--.--,--.--,0,--.--,--.--,--.--,--.--,--.--,--.--,--.--,--.--,--.--,--.--,--.--,--.--,--.--,--.--,--.--,--.--,0,0.000,0.000,0.000,0.000,0.000,0.000,0.000,0.000,0.000,0.000,0.000,0.000,true,true,true,true,true,true,false,false,true,true,false,false,0.06,0.00,0.01,0.01,--.--,--.--,0.15,0.17,9223372036854775808,0,--.--,--.--,--.--,--.--,--.--,0,0,0,0,37.4122949,-121.9985274,10SEG 88624 41081,0.7,1.1,101.8,3,10,--.--,--.--,,--.--,--.--,--.--,0,0,--.--,--.--,0,0.1,0.0,-29.7,-0.0,0.0,-0.1,0.0,-0.0,-29.9,-0.0,-0.0,-0.1,--.--,--.--,--.--,--.--,1.1,-0.0,239.7,0.4,-0.2,0.1,288.15,--.--,--.--,0,0,0.0,0.0,0.0,0,0,0,--.--,--.--,--.--
2026-07-09 16:01:12.549,0.5,-0.0,239,-0.2,-0.1,0.1,0.0,1.5,0.000,0.1,29.5,67.4,66.7,29.591,0.000,0.000,0.000,0.0,00:05:13,0.0,3.5,1,--.--,0,--.--,--.--,0000:32:26,76,0,0,1,1,15.30,-1.00,-97,--.--,50,--.--,--:--:--,1,-15.30,16:01:12,21:01:12,7/9/26,--.--,--.--,--.--,--.--,--.--,--.--,--.--,--.--,--.--,--.--,--.--,--.--,0,--.--,--.--,--.--,--.--,--.--,--.--,--.--,--.--,--.--,--.--,--.--,--.--,--.--,--.--,--.--,--.--,0,0.000,0.000,0.000,0.000,0.000,0.000,0.000,0.000,0.000,0.000,0.000,0.000,true,true,true,true,true,true,false,false,true,true,false,false,0.06,0.00,0.01,0.01,--.--,--.--,0.15,0.17,9223372036854775808,0,--.--,--.--,--.--,--.--,--.--,0,0,0,0,37.4122949,-121.9985276,10SEG 88624 41081,0.7,1.1,233.1,3,10,--.--,--.--,,--.--,--.--,--.--,0,0,--.--,--.--,0,0.1,-0.0,-29.7,-0.0,-0.0,-0.1,0.0,-0.0,-29.9,-0.0,-0.0,-0.1,--.--,--.--,--.--,--.--,0.6,0.0,239.7,0.3,0.2,-0.0,288.15,--.--,--.--,0,0,0.0,0.0,0.0,0,0,0,--.--,--.--,--.--
2026-07-09 16:01:13.549,1.2,0.0,239,0.1,0.1,0.0,0.0,-1.0,0.000,0.1,29.5,67.5,66.7,29.591,0.000,0.000,0.000,0.0,00:05:14,0.0,0.8,1,--.--,0,--.--,--.--,0000:32:26,76,0,0,1,1,15.30,-1.00,-98,--.--,50,--.--,--:--:--,1,-15.30,16:01:13,21:01:13,7/9/26,--.--,--.--,--.--,--.--,--.--,--.--,--.--,--.--,--.--,--.--,--.--,--.--,0,--.--,--.--,--.--,--.--,--.--,--.--,--.--,--.--,--.--,--.--,--.--,--.--,--.--,--.--,--.--,--.--,0,0.000,0.000,0.000,0.000,0.000,0.000,0.000,0.000,0.000,0.000,0.000,0.000,true,true,true,true,true,true,false,false,true,true,false,false,0.05,0.00,0.01,0.01,--.--,--.--,0.15,0.17,9223372036854775808,0,--.--,--.--,--.--,--.--,--.--,0,0,0,0,37.4122947,-121.9985275,10SEG 88624 41081,0.7,1.1,180.1,3,10,--.--,--.--,,--.--,--.--,--.--,0,0,--.--,--.--,0,0.0,-0.0,-29.7,-0.0,-0.0,-0.1,0.0,-0.0,-29.9,0.0,0.0,-0.1,--.--,--.--,--.--,--.--,1.2,-0.0,239.8,-0.2,-0.1,0.2,288.15,--.--,--.--,0,0,0.0,0.0,0.0,0,0,0,--.--,--.--,--.--
2026-07-09 16:01:14.550,0.8,-0.0,239,-0.4,-0.0,0.0,0.0,0.9,0.000,0.1,29.5,67.4,66.7,29.588,0.000,0.000,0.000,0.0,00:05:15,0.0,1.3,1,--.--,0,--.--,--.--,0000:32:26,76,0,0,1,1,15.30,-1.00,-98,--.--,50,--.--,--:--:--,1,-15.30,16:01:14,21:01:14,7/9/26,--.--,--.--,--.--,--.--,--.--,--.--,--.--,--.--,--.--,--.--,--.--,--.--,0,--.--,--.--,--.--,--.--,--.--,--.--,--.--,--.--,--.--,--.--,--.--,--.--,--.--,--.--,--.--,--.--,0,0.000,0.000,0.000,0.000,0.000,0.000,0.000,0.000,0.000,0.000,0.000,0.000,true,true,true,true,true,true,false,false,true,true,false,false,0.05,0.00,0.01,0.01,--.--,--.--,0.15,0.17,9223372036854775808,0,--.--,--.--,--.--,--.--,--.--,0,0,0,0,37.4122949,-121.9985277,10SEG 88624 41081,0.7,1.1,302.6,3,10,--.--,--.--,,--.--,--.--,--.--,0,0,--.--,--.--,0,0.0,-0.0,-29.7,0.0,-0.0,-0.1,0.0,-0.0,-29.9,0.0,0.0,-0.1,--.--,--.--,--.--,--.--,0.7,-0.0,239.8,-0.5,0.1,-0.0,288.15,--.--,--.--,0,0,0.0,0.0,0.0,0,0,0,--.--,--.--,--.--
2026-07-09 16:01:15.551,0.6,-0.0,239,1.2,0.1,-0.1,0.0,-1.4,0.000,0.1,29.5,67.4,66.7,29.591,0.000,0.000,0.000,0.0,00:05:16,0.0,0.6,1,--.--,0,--.--,--.--,0000:32:26,76,0,0,1,1,15.30,-1.00,-98,--.--,50,--.--,--:--:--,1,-15.30,16:01:15,21:01:15,7/9/26,--.--,--.--,--.--,--.--,--.--,--.--,--.--,--.--,--.--,--.--,--.--,--.--,0,--.--,--.--,--.--,--.--,--.--,--.--,--.--,--.--,--.--,--.--,--.--,--.--,--.--,--.--,--.--,--.--,0,0.000,0.000,0.000,0.000,0.000,0.000,0.000,0.000,0.000,0.000,0.000,0.000,true,true,true,true,true,true,false,false,true,true,false,false,0.04,0.00,0.01,0.01,--.--,--.--,0.15,0.17,9223372036854775808,0,--.--,--.--,--.--,--.--,--.--,0,0,0,0,37.4122950,-121.9985276,10SEG 88624 41081,0.7,1.1,43.6,3,10,--.--,--.--,,--.--,--.--,--.--,0,0,--.--,--.--,0,0.1,-0.0,-29.7,-0.0,0.0,-0.1,0.0,-0.0,-29.9,-0.0,0.0,-0.1,--.--,--.--,--.--,--.--,0.8,-0.0,239.8,1.4,0.1,-0.0,288.15,--.--,--.--,0,0,0.0,0.0,0.0,0,0,0,--.--,--.--,--.--
2026-07-09 16:01:16.551,0.9,0.1,239,-1.0,-0.1,0.1,0.0,-1.2,0.000,0.2,29.5,67.4,66.7,29.583,0.000,0.000,0.000,0.0,00:05:17,0.1,1.8,1,--.--,0,--.--,--.--,0000:32:26,77,0,0,1,1,15.30,-1.00,-98,--.--,50,--.--,--:--:--,1,-15.30,16:01:16,21:01:16,7/9/26,--.--,--.--,--.--,--.--,--.--,--.--,--.--,--.--,--.--,--.--,--.--,--.--,0,--.--,--.--,--.--,--.--,--.--,--.--,--.--,--.--,--.--,--.--,--.--,--.--,--.--,--.--,--.--,--.--,0,0.000,0.000,0.000,0.000,0.000,0.000,0.000,0.000,0.000,0.000,0.000,0.000,true,true,true,true,true,true,false,false,true,true,false,false,0.04,0.00,0.01,0.01,--.--,--.--,0.15,0.17,9223372036854775808,0,--.--,--.--,--.--,--.--,--.--,0,0,0,0,37.4122953,-121.9985269,10SEG 88624 41081,0.7,1.1,37.6,3,10,--.--,--.--,,--.--,--.--,--.--,0,0,--.--,--.--,0,0.1,0.0,-29.7,0.0,0.0,-0.2,0.0,-0.0,-29.9,-0.0,-0.0,-0.1,--.--,--.--,--.--,--.--,0.6,-0.0,239.7,-1.1,-0.2,0.0,288.15,--.--,--.--,0,0,0.0,0.0,0.0,0,0,0,--.--,--.--,--.--
2026-07-09 16:01:17.551,1.0,0.0,239,0.9,0.0,0.1,0.0,-1.8,0.000,0.1,29.5,67.5,66.7,29.603,0.000,0.000,0.000,0.0,00:05:18,0.1,2.9,1,--.--,0,--.--,--.--,0000:32:26,77,0,0,1,1,15.30,-1.00,-99,--.--,50,--.--,--:--:--,1,-15.30,16:01:17,21:01:17,7/9/26,--.--,--.--,--.--,--.--,--.--,--.--,--.--,--.--,--.--,--.--,--.--,--.--,0,--.--,--.--,--.--,--.--,--.--,--.--,--.--,--.--,--.--,--.--,--.--,--.--,--.--,--.--,--.--,--.--,0,0.000,0.000,0.000,0.000,0.000,0.000,0.000,0.000,0.000,0.000,0.000,0.000,true,true,true,true,true,true,false,false,true,true,false,false,0.05,0.00,0.01,0.01,--.--,--.--,0.15,0.17,9223372036854775808,0,--.--,--.--,--.--,--.--,--.--,0,0,0,0,37.4122956,-121.9985269,10SEG 88624 41081,0.7,1.1,172.6,3,10,--.--,--.--,,--.--,--.--,--.--,0,0,--.--,--.--,0,0.1,0.1,-29.7,-0.0,-0.0,-0.1,0.0,-0.0,-29.9,-0.0,-0.0,-0.1,--.--,--.--,--.--,--.--,1.2,0.0,239.9,0.8,-0.0,0.2,288.15,--.--,--.--,0,0,0.0,0.0,0.0,0,0,0,--.--,--.--,--.--
2026-07-09 16:01:18.552,1.1,0.0,240,-0.8,-0.1,0.2,0.1,1.1,0.000,0.1,29.5,67.5,66.7,29.595,0.000,0.000,0.000,0.0,00:05:19,0.1,1.0,1,--.--,0,--.--,--.--,0000:32:26,76,0,0,1,1,15.30,-1.00,-99,--.--,50,--.--,--:--:--,1,-15.30,16:01:18,21:01:18,7/9/26,--.--,--.--,--.--,--.--,--.--,--.--,--.--,--.--,--.--,--.--,--.--,--.--,0,--.--,--.--,--.--,--.--,--.--,--.--,--.--,--.--,--.--,--.--,--.--,--.--,--.--,--.--,--.--,--.--,0,0.000,0.000,0.000,0.000,0.000,0.000,0.000,0.000,0.000,0.000,0.000,0.000,true,true,true,true,true,true,false,false,true,true,false,false,0.05,0.00,0.01,0.01,--.--,--.--,0.15,0.17,9223372036854775808,0,--.--,--.--,--.--,--.--,--.--,0,0,0,0,37.4122949,-121.9985270,10SEG 88624 41081,0.7,1.1,235.4,3,10,--.--,--.--,,--.--,--.--,--.--,0,0,--.--,--.--,0,0.1,0.0,-29.7,-0.0,-0.1,-0.1,0.0,-0.0,-29.9,-0.0,-0.0,-0.1,--.--,--.--,--.--,--.--,0.9,0.0,240.0,-0.9,-0.0,-0.0,288.15,--.--,--.--,0,0,0.0,0.0,0.0,0,0,0,--.--,--.--,--.--
2026-07-09 16:01:19.553,1.0,-0.0,240,0.8,0.1,-0.1,0.1,-1.0,0.000,0.1,29.5,67.5,66.7,29.591,0.000,0.000,0.000,0.0,00:05:20,0.0,0.3,1,--.--,0,--.--,--.--,0000:32:26,76,0,0,1,1,15.30,-1.00,-100,--.--,50,--.--,--:--:--,1,-15.30,16:01:19,21:01:19,7/9/26,--.--,--.--,--.--,--.--,--.--,--.--,--.--,--.--,--.--,--.--,--.--,--.--,0,--.--,--.--,--.--,--.--,--.--,--.--,--.--,--.--,--.--,--.--,--.--,--.--,--.--,--.--,--.--,--.--,0,0.000,0.000,0.000,0.000,0.000,0.000,0.000,0.000,0.000,0.000,0.000,0.000,true,true,true,true,true,true,false,false,true,true,false,false,0.04,0.01,0.02,0.02,--.--,--.--,0.15,0.17,9223372036854775808,0,--.--,--.--,--.--,--.--,--.--,0,0,0,0,37.4122947,-121.9985276,10SEG 88624 41081,0.7,1.1,234.6,3,10,--.--,--.--,,--.--,--.--,--.--,0,0,--.--,--.--,0,0.0,-0.0,-29.7,-0.0,-0.0,-0.1,0.0,-0.0,-29.9,0.0,0.0,-0.1,--.--,--.--,--.--,--.--,1.2,-0.0,240.1,0.8,0.0,0.2,288.15,--.--,--.--,0,0,0.0,0.0,0.0,0,0,0,--.--,--.--,--.--
2026-07-09 16:01:20.552,0.6,0.0,240,-0.3,-0.1,-0.0,0.0,-1.3,0.000,0.1,29.5,67.4,66.7,29.578,0.000,0.000,0.000,0.0,00:05:21,0.0,0.7,1,--.--,0,--.--,--.--,0000:32:26,76,0,0,1,1,15.30,-1.00,-100,--.--,50,--.--,--:--:--,1,-15.30,16:01:20,21:01:20,7/9/26,--.--,--.--,--.--,--.--,--.--,--.--,--.--,--.--,--.--,--.--,--.--,--.--,0,--.--,--.--,--.--,--.--,--.--,--.--,--.--,--.--,--.--,--.--,--.--,--.--,--.--,--.--,--.--,--.--,0,0.000,0.000,0.000,0.000,0.000,0.000,0.000,0.000,0.000,0.000,0.000,0.000,true,true,true,true,true,true,false,false,true,true,false,false,0.04,0.01,0.02,0.02,--.--,--.--,0.15,0.17,9223372036854775808,0,--.--,--.--,--.--,--.--,--.--,0,0,0,0,37.4122951,-121.9985281,10SEG 88624 41081,0.7,1.1,274.1,3,10,--.--,--.--,,--.--,--.--,--.--,0,0,--.--,--.--,0,0.1,-0.0,-29.7,0.0,0.0,-0.1,0.0,-0.0,-29.9,-0.0,0.0,-0.2,--.--,--.--,--.--,--.--,0.7,0.0,240.0,0.2,-0.0,0.0,288.15,--.--,--.--,0,0,0.0,0.0,0.0,0,0,0,--.--,--.--,--.--
2026-07-09 16:01:21.553,0.5,-0.0,239,-0.7,-0.1,0.0,0.0,1.0,0.000,0.1,29.5,67.4,66.7,29.602,0.000,0.000,0.000,0.0,00:05:22,0.0,1.4,1,--.--,0,--.--,--.--,0000:32:26,76,0,0,1,1,15.30,-1.00,-100,--.--,50,--.--,--:--:--,1,-15.30,16:01:21,21:01:21,7/9/26,--.--,--.--,--.--,--.--,--.--,--.--,--.--,--.--,--.--,--.--,--.--,--.--,0,--.--,--.--,--.--,--.--,--.--,--.--,--.--,--.--,--.--,--.--,--.--,--.--,--.--,--.--,--.--,--.--,0,0.000,0.000,0.000,0.000,0.000,0.000,0.000,0.000,0.000,0.000,0.000,0.000,true,true,true,true,true,true,false,false,true,true,false,false,0.04,0.01,0.01,0.01,--.--,--.--,0.15,0.17,9223372036854775808,0,--.--,--.--,--.--,--.--,--.--,0,0,0,0,37.4122956,-121.9985278,10SEG 88624 41081,0.7,1.1,355.2,3,10,--.--,--.--,,--.--,--.--,--.--,0,0,--.--,--.--,0,0.1,-0.0,-29.7,-0.0,0.0,-0.1,0.0,-0.0,-29.9,-0.0,0.0,-0.1,--.--,--.--,--.--,--.--,0.4,0.0,240.0,-0.6,0.1,-0.0,288.15,--.--,--.--,0,0,0.0,0.0,0.0,0,0,0,--.--,--.--,--.--
2026-07-09 16:01:22.553,1.4,0.0,239,1.7,0.2,0.0,0.1,2.0,0.000,0.1,29.5,67.5,66.7,29.615,0.000,0.000,0.000,0.0,00:05:23,0.0,0.6,1,--.--,0,--.--,--.--,0000:32:26,76,0,0,1,1,15.30,-1.00,-100,--.--,50,--.--,--:--:--,1,-15.30,16:01:22,21:01:22,7/9/26,--.--,--.--,--.--,--.--,--.--,--.--,--.--,--.--,--.--,--.--,--.--,--.--,0,--.--,--.--,--.--,--.--,--.--,--.--,--.--,--.--,--.--,--.--,--.--,--.--,--.--,--.--,--.--,--.--,0,0.000,0.000,0.000,0.000,0.000,0.000,0.000,0.000,0.000,0.000,0.000,0.000,true,true,true,true,true,true,false,false,true,true,false,false,0.04,0.01,0.01,0.01,--.--,--.--,0.15,0.17,9223372036854775808,0,--.--,--.--,--.--,--.--,--.--,0,0,0,0,37.4122951,-121.9985277,10SEG 88624 41081,0.7,1.1,149.3,3,10,--.--,--.--,,--.--,--.--,--.--,0,0,--.--,--.--,0,0.1,-0.0,-29.7,-0.0,0.0,-0.1,0.0,-0.0,-29.9,-0.0,0.0,-0.1,--.--,--.--,--.--,--.--,1.6,0.0,240.0,1.1,-0.1,0.6,288.15,--.--,--.--,0,0,0.0,0.0,0.0,0,0,0,--.--,--.--,--.--
2026-07-09 16:01:23.556,0.6,-0.0,240,-1.0,-0.1,0.3,0.0,-0.9,0.000,0.1,29.5,67.5,66.7,29.597,0.000,0.000,0.000,0.0,00:05:24,0.0,17.8,1,--.--,0,--.--,--.--,0000:32:26,76,0,0,1,1,15.30,-1.00,-101,--.--,50,--.--,--:--:--,1,-15.30,16:01:23,21:01:23,7/9/26,--.--,--.--,--.--,--.--,--.--,--.--,--.--,--.--,--.--,--.--,--.--,--.--,0,--.--,--.--,--.--,--.--,--.--,--.--,--.--,--.--,--.--,--.--,--.--,--.--,--.--,--.--,--.--,--.--,0,0.000,0.000,0.000,0.000,0.000,0.000,0.000,0.000,0.000,0.000,0.000,0.000,true,true,true,true,true,true,false,false,true,true,false,false,0.04,0.00,0.01,0.02,--.--,--.--,0.15,0.17,9223372036854775808,0,--.--,--.--,--.--,--.--,--.--,0,0,0,0,37.4122955,-121.9985274,10SEG 88624 41081,0.7,1.1,278.1,3,10,--.--,--.--,,--.--,--.--,--.--,0,0,--.--,--.--,0,0.1,-0.0,-29.7,0.0,-0.0,-0.1,0.0,-0.0,-29.9,-0.0,0.0,-0.1,--.--,--.--,--.--,--.--,0.5,-0.0,240.3,-0.2,0.1,-0.0,288.15,--.--,--.--,0,0,0.0,0.0,0.0,0,0,0,--.--,--.--,--.--
2026-07-09 16:01:24.553,1.4,0.0,240,0.2,0.1,0.1,0.0,1.4,0.000,0.1,29.5,67.5,66.7,29.602,0.000,0.000,0.000,0.0,00:05:25,0.0,0.8,1,--.--,0,--.--,--.--,0000:32:26,76,0,0,1,1,15.30,-1.00,-101,--.--,50,--.--,--:--:--,1,-15.30,16:01:24,21:01:24,7/9/26,--.--,--.--,--.--,--.--,--.--,--.--,--.--,--.--,--.--,--.--,--.--,--.--,0,--.--,--.--,--.--,--.--,--.--,--.--,--.--,--.--,--.--,--.--,--.--,--.--,--.--,--.--,--.--,--.--,0,0.000,0.000,0.000,0.000,0.000,0.000,0.000,0.000,0.000,0.000,0.000,0.000,true,true,true,true,true,true,false,false,true,true,false,false,0.04,0.00,0.01,0.02,--.--,--.--,0.15,0.17,9223372036854775808,0,--.--,--.--,--.--,--.--,--.--,0,0,0,0,37.4122945,-121.9985275,10SEG 88624 41081,0.7,1.1,242.5,3,10,--.--,--.--,,--.--,--.--,--.--,0,0,--.--,--.--,0,0.0,-0.0,-29.7,-0.0,-0.0,-0.1,0.0,-0.0,-29.9,0.0,0.0,-0.1,--.--,--.--,--.--,--.--,1.3,-0.0,240.4,-0.7,-0.2,0.3,288.15,--.--,--.--,0,0,0.0,0.0,0.0,0,0,0,--.--,--.--,--.--
2026-07-09 16:01:25.554,0.6,-0.1,240,0.1,0.0,0.0,0.0,-1.5,0.000,0.1,29.5,67.5,66.7,29.603,0.000,0.000,0.000,0.0,00:05:26,0.0,1.4,1,--.--,0,--.--,--.--,0000:32:26,76,0,0,1,1,15.30,-1.00,-101,--.--,50,--.--,--:--:--,1,-15.30,16:01:25,21:01:25,7/9/26,--.--,--.--,--.--,--.--,--.--,--.--,--.--,--.--,--.--,--.--,--.--,--.--,0,--.--,--.--,--.--,--.--,--.--,--.--,--.--,--.--,--.--,--.--,--.--,--.--,--.--,--.--,--.--,--.--,0,0.000,0.000,0.000,0.000,0.000,0.000,0.000,0.000,0.000,0.000,0.000,0.000,true,true,true,true,true,true,false,false,true,true,false,false,0.04,0.00,0.01,0.02,--.--,--.--,0.15,0.17,9223372036854775808,0,--.--,--.--,--.--,--.--,--.--,0,0,0,0,37.4122951,-121.9985281,10SEG 88624 41081,0.7,1.1,281.0,3,10,--.--,--.--,,--.--,--.--,--.--,0,0,--.--,--.--,0,0.0,-0.1,-29.7,-0.0,-0.0,-0.1,0.0,-0.0,-29.9,0.0,0.0,-0.1,--.--,--.--,--.--,--.--,0.7,-0.0,240.5,0.4,0.2,-0.0,288.15,--.--,--.--,0,0,0.0,0.0,0.0,0,0,0,--.--,--.--,--.--
2026-07-09 16:01:26.554,1.2,0.0,240,0.6,0.0,-0.1,0.0,2.0,0.000,0.1,29.5,67.5,66.7,29.617,0.000,0.000,0.000,0.0,00:05:27,0.0,0.0,1,--.--,0,--.--,--.--,0000:32:26,76,0,0,1,1,15.30,-1.00,-101,--.--,50,--.--,--:--:--,1,-15.30,16:01:26,21:01:26,7/9/26,--.--,--.--,--.--,--.--,--.--,--.--,--.--,--.--,--.--,--.--,--.--,--.--,0,--.--,--.--,--.--,--.--,--.--,--.--,--.--,--.--,--.--,--.--,--.--,--.--,--.--,--.--,--.--,--.--,0,0.000,0.000,0.000,0.000,0.000,0.000,0.000,0.000,0.000,0.000,0.000,0.000,true,true,true,true,true,true,false,false,true,true,false,false,0.04,0.00,0.01,0.02,--.--,--.--,0.15,0.17,9223372036854775808,0,--.--,--.--,--.--,--.--,--.--,0,0,0,0,37.4122944,-121.9985276,10SEG 88624 41081,0.7,1.1,90.9,3,10,--.--,--.--,,--.--,--.--,--.--,0,0,--.--,--.--,0,0.0,-0.0,-29.7,0.0,0.0,-0.1,0.0,-0.0,-29.9,0.0,0.0,-0.1,--.--,--.--,--.--,--.--,1.3,-0.0,240.5,0.4,-0.1,0.3,288.15,--.--,--.--,0,0,0.0,0.0,0.0,0,0,0,--.--,--.--,--.--
2026-07-09 16:01:27.554,0.8,-0.0,240,0.1,-0.1,0.2,0.0,1.2,0.000,0.1,29.5,67.5,66.7,29.629,0.000,0.000,0.000,0.0,00:05:28,0.1,1.4,1,--.--,0,--.--,--.--,0000:32:26,76,0,0,1,1,15.30,-1.00,-102,--.--,50,--.--,--:--:--,1,-15.30,16:01:27,21:01:27,7/9/26,--.--,--.--,--.--,--.--,--.--,--.--,--.--,--.--,--.--,--.--,--.--,--.--,0,--.--,--.--,--.--,--.--,--.--,--.--,--.--,--.--,--.--,--.--,--.--,--.--,--.--,--.--,--.--,--.--,0,0.000,0.000,0.000,0.000,0.000,0.000,0.000,0.000,0.000,0.000,0.000,0.000,true,true,true,true,true,true,false,false,true,true,false,false,0.03,0.00,0.01,0.01,--.--,--.--,0.15,0.17,9223372036854775808,0,--.--,--.--,--.--,--.--,--.--,0,0,0,0,37.4122947,-121.9985272,10SEG 88624 41081,0.7,1.1,44.9,3,10,--.--,--.--,,--.--,--.--,--.--,0,0,--.--,--.--,0,0.1,0.0,-29.8,0.0,0.0,-0.1,0.0,-0.0,-29.9,-0.0,-0.0,-0.1,--.--,--.--,--.--,--.--,0.9,0.0,240.6,0.5,0.1,-0.0,288.15,--.--,--.--,0,0,0.0,0.0,0.0,0,0,0,--.--,--.--,--.--
2026-07-09 16:01:28.554,1.3,-0.0,240,0.0,0.1,0.2,0.0,-1.0,0.000,0.1,29.5,67.5,66.7,29.628,0.000,0.000,0.000,0.0,00:05:29,0.1,1.9,1,--.--,0,--.--,--.--,0000:32:26,76,0,0,1,1,15.30,-1.00,-102,--.--,50,--.--,--:--:--,1,-15.30,16:01:28,21:01:28,7/9/26,--.--,--.--,--.--,--.--,--.--,--.--,--.--,--.--,--.--,--.--,--.--,--.--,0,--.--,--.--,--.--,--.--,--.--,--.--,--.--,--.--,--.--,--.--,--.--,--.--,--.--,--.--,--.--,--.--,0,0.000,0.000,0.000,0.000,0.000,0.000,0.000,0.000,0.000,0.000,0.000,0.000,true,true,true,true,true,true,false,false,true,true,false,false,0.03,0.00,0.01,0.01,--.--,--.--,0.15,0.17,9223372036854775808,0,--.--,--.--,--.--,--.--,--.--,0,0,0,0,37.4122946,-121.9985270,10SEG 88624 41081,0.7,1.1,199.8,3,10,--.--,--.--,,--.--,--.--,--.--,0,0,--.--,--.--,0,0.0,0.0,-29.7,-0.0,-0.0,-0.1,0.0,-0.0,-29.9,0.0,-0.0,-0.1,--.--,--.--,--.--,--.--,1.3,0.0,240.7,-0.1,0.0,0.3,288.15,--.--,--.--,0,0,0.0,0.0,0.0,0,0,0,--.--,--.--,--.--
2026-07-09 16:01:29.555,1.0,-0.0,240,-0.5,-0.0,0.2,0.1,-1.1,0.000,0.1,29.5,67.5,66.7,29.610,0.000,0.000,0.000,0.0,00:05:30,0.0,0.7,1,--.--,0,--.--,--.--,0000:32:26,76,0,0,1,1,15.30,-1.00,-102,--.--,50,--.--,--:--:--,1,-15.30,16:01:29,21:01:29,7/9/26,--.--,--.--,--.--,--.--,--.--,--.--,--.--,--.--,--.--,--.--,--.--,--.--,0,--.--,--.--,--.--,--.--,--.--,--.--,--.--,--.--,--.--,--.--,--.--,--.--,--.--,--.--,--.--,--.--,0,0.000,0.000,0.000,0.000,0.000,0.000,0.000,0.000,0.000,0.000,0.000,0.000,true,true,true,true,true,true,false,false,true,true,false,false,0.04,0.01,0.01,0.02,--.--,--.--,0.15,0.17,9223372036854775808,0,--.--,--.--,--.--,--.--,--.--,0,0,0,0,37.4122944,-121.9985271,10SEG 88624 41081,0.7,1.1,285.9,3,10,--.--,--.--,,--.--,--.--,--.--,0,0,--.--,--.--,0,0.0,-0.0,-29.7,0.0,-0.0,-0.1,0.0,-0.0,-29.9,0.0,0.0,-0.1,--.--,--.--,--.--,--.--,0.9,-0.0,240.9,-0.6,0.1,-0.0,288.15,--.--,--.--,0,0,0.0,0.0,0.0,0,0,0,--.--,--.--,--.--
2026-07-09 16:01:30.555,1.0,-0.0,240,1.2,0.1,-0.1,0.0,-0.9,0.000,0.1,29.5,67.5,66.7,29.595,0.000,0.000,0.000,0.0,00:05:31,0.0,5.1,1,--.--,0,--.--,--.--,0000:32:26,75,0,0,1,1,15.30,-1.00,-102,--.--,50,--.--,--:--:--,1,-15.30,16:01:30,21:01:30,7/9/26,--.--,--.--,--.--,--.--,--.--,--.--,--.--,--.--,--.--,--.--,--.--,--.--,0,--.--,--.--,--.--,--.--,--.--,--.--,--.--,--.--,--.--,--.--,--.--,--.--,--.--,--.--,--.--,--.--,0,0.000,0.000,0.000,0.000,0.000,0.000,0.000,0.000,0.000,0.000,0.000,0.000,true,true,true,true,true,true,false,false,true,true,false,false,0.04,0.01,0.01,0.02,--.--,--.--,0.15,0.17,9223372036854775808,0,--.--,--.--,--.--,--.--,--.--,0,0,0,0,37.4122943,-121.9985273,10SEG 88624 41081,0.7,1.1,111.1,3,10,--.--,--.--,,--.--,--.--,--.--,0,0,--.--,--.--,0,0.0,-0.0,-29.7,-0.0,0.0,-0.1,0.0,-0.0,-29.9,0.0,0.0,-0.1,--.--,--.--,--.--,--.--,1.4,-0.0,240.9,1.7,0.0,0.3,288.15,--.--,--.--,0,0,0.0,0.0,0.0,0,0,0,--.--,--.--,--.--
2026-07-09 16:01:31.554,1.1,0.1,240,-1.2,-0.1,0.3,0.1,0.2,0.000,0.1,29.5,67.4,66.7,29.579,0.000,0.000,0.000,0.0,00:05:32,0.0,0.8,1,--.--,0,--.--,--.--,0000:32:26,76,0,0,1,1,15.30,-1.00,-103,--.--,50,--.--,--:--:--,1,-15.30,16:01:31,21:01:31,7/9/26,--.--,--.--,--.--,--.--,--.--,--.--,--.--,--.--,--.--,--.--,--.--,--.--,0,--.--,--.--,--.--,--.--,--.--,--.--,--.--,--.--,--.--,--.--,--.--,--.--,--.--,--.--,--.--,--.--,0,0.000,0.000,0.000,0.000,0.000,0.000,0.000,0.000,0.000,0.000,0.000,0.000,true,true,true,true,true,true,false,false,true,true,false,false,0.04,0.01,0.02,0.01,--.--,--.--,0.15,0.17,9223372036854775808,0,--.--,--.--,--.--,--.--,--.--,0,0,0,0,37.4122946,-121.9985273,10SEG 88624 41081,0.7,1.1,17.7,3,10,--.--,--.--,,--.--,--.--,--.--,0,0,--.--,--.--,0,0.0,0.0,-29.7,0.1,0.0,-0.2,0.0,-0.0,-29.9,0.0,-0.0,-0.2,--.--,--.--,--.--,--.--,0.9,-0.0,241.0,-1.0,-0.2,-0.0,288.15,--.--,--.--,0,0,0.0,0.0,0.0,0,0,0,--.--,--.--,--.--
2026-07-09 16:01:32.555,0.5,-0.1,241,0.2,-0.0,0.2,0.0,0.7,0.000,0.2,29.5,67.4,66.7,29.585,0.000,0.000,0.000,0.0,00:05:33,0.0,2.0,1,--.--,0,--.--,--.--,0000:32:26,76,0,0,1,1,15.30,-1.00,-103,--.--,50,--.--,--:--:--,1,-15.30,16:01:32,21:01:32,7/9/26,--.--,--.--,--.--,--.--,--.--,--.--,--.--,--.--,--.--,--.--,--.--,--.--,0,--.--,--.--,--.--,--.--,--.--,--.--,--.--,--.--,--.--,--.--,--.--,--.--,--.--,--.--,--.--,--.--,0,0.000,0.000,0.000,0.000,0.000,0.000,0.000,0.000,0.000,0.000,0.000,0.000,true,true,true,true,true,true,false,false,true,true,false,false,0.04,0.01,0.02,0.01,--.--,--.--,0.15,0.17,9223372036854775808,0,--.--,--.--,--.--,--.--,--.--,0,0,0,0,37.4122951,-121.9985278,10SEG 88624 41081,0.7,1.1,300.5,3,10,--.--,--.--,,--.--,--.--,--.--,0,0,--.--,--.--,0,0.1,0.0,-29.7,-0.0,0.0,-0.2,0.0,-0.0,-29.9,-0.0,-0.0,-0.1,--.--,--.--,--.--,--.--,0.6,-0.0,241.2,0.8,0.2,-0.0,288.15,--.--,--.--,0,0,0.0,0.0,0.0,0,0,0,--.--,--.--,--.--
2026-07-09 16:01:33.555,1.3,0.0,241,-0.1,0.0,0.1,0.0,1.5,0.000,0.1,29.5,67.5,66.7,29.599,0.000,0.000,0.000,0.0,00:05:34,0.0,0.3,1,--.--,0,--.--,--.--,0000:32:26,76,0,0,1,1,15.30,-1.00,-103,--.--,50,--.--,--:--:--,1,-15.30,16:01:33,21:01:33,7/9/26,--.--,--.--,--.--,--.--,--.--,--.--,--.--,--.--,--.--,--.--,--.--,--.--,0,--.--,--.--,--.--,--.--,--.--,--.--,--.--,--.--,--.--,--.--,--.--,--.--,--.--,--.--,--.--,--.--,0,0.000,0.000,0.000,0.000,0.000,0.000,0.000,0.000,0.000,0.000,0.000,0.000,true,true,true,true,true,true,false,false,true,true,false,false,0.05,0.00,0.01,0.02,--.--,--.--,0.15,0.17,9223372036854775808,0,--.--,--.--,--.--,--.--,--.--,0,0,0,0,37.4122950,-121.9985277,10SEG 88624 41081,0.7,1.1,159.7,3,10,--.--,--.--,,--.--,--.--,--.--,0,0,--.--,--.--,0,0.0,-0.0,-29.7,-0.0,-0.0,-0.1,0.0,-0.0,-29.9,-0.0,0.0,-0.1,--.--,--.--,--.--,--.--,1.2,-0.0,241.3,-0.5,0.0,0.2,288.15,--.--,--.--,0,0,0.0,0.0,0.0,0,0,0,--.--,--.--,--.--
2026-07-09 16:01:34.555,1.0,0.0,241,0.4,0.0,0.0,0.0,-1.6,0.000,0.1,29.5,67.4,66.7,29.576,0.000,0.000,0.000,0.0,00:05:35,0.0,0.9,1,--.--,0,--.--,--.--,0000:32:26,76,0,0,1,1,15.30,-1.00,-103,--.--,50,--.--,--:--:--,1,-15.30,16:01:34,21:01:34,7/9/26,--.--,--.--,--.--,--.--,--.--,--.--,--.--,--.--,--.--,--.--,--.--,--.--,0,--.--,--.--,--.--,--.--,--.--,--.--,--.--,--.--,--.--,--.--,--.--,--.--,--.--,--.--,--.--,--.--,0,0.000,0.000,0.000,0.000,0.000,0.000,0.000,0.000,0.000,0.000,0.000,0.000,true,true,true,true,true,true,false,false,true,true,false,false,0.05,0.00,0.01,0.02,--.--,--.--,0.15,0.17,9223372036854775808,0,--.--,--.--,--.--,--.--,--.--,0,0,0,0,37.4122950,-121.9985276,10SEG 88624 41081,0.7,1.1,68.2,3,10,--.--,--.--,,--.--,--.--,--.--,0,0,--.--,--.--,0,0.1,-0.0,-29.7,-0.0,0.0,-0.2,0.0,-0.0,-29.9,-0.0,0.0,-0.2,--.--,--.--,--.--,--.--,1.1,-0.0,241.4,0.6,-0.1,0.1,288.15,--.--,--.--,0,0,0.0,0.0,0.0,0,0,0,--.--,--.--,--.--
2026-07-09 16:01:35.544,1.4,0.0,241,-0.2,-0.0,0.3,0.0,1.8,0.000,0.1,29.4,67.4,66.7,29.584,0.000,0.000,0.000,0.0,00:05:36,0.0,1.4,1,--.--,0,--.--,--.--,0000:32:26,76,0,0,1,1,15.30,-1.00,-104,--.--,50,--.--,--:--:--,1,-15.30,16:01:35,21:01:35,7/9/26,--.--,--.--,--.--,--.--,--.--,--.--,--.--,--.--,--.--,--.--,--.--,--.--,0,--.--,--.--,--.--,--.--,--.--,--.--,--.--,--.--,--.--,--.--,--.--,--.--,--.--,--.--,--.--,--.--,0,0.000,0.000,0.000,0.000,0.000,0.000,0.000,0.000,0.000,0.000,0.000,0.000,true,true,true,true,true,true,false,false,true,true,false,false,0.05,0.00,0.02,0.01,--.--,--.--,0.15,0.17,9223372036854775808,0,--.--,--.--,--.--,--.--,--.--,0,0,0,0,37.4122947,-121.9985276,10SEG 88624 41081,0.7,1.1,223.7,3,10,--.--,--.--,,--.--,--.--,--.--,0,0,--.--,--.--,0,0.0,-0.0,-29.7,-0.0,0.0,-0.1,0.0,-0.0,-29.9,-0.0,0.0,-0.1,--.--,--.--,--.--,--.--,1.3,-0.0,241.5,-0.5,-0.1,0.3,288.15,--.--,--.--,0,0,0.0,0.0,0.0,0,0,0,--.--,--.--,--.--
2026-07-09 16:01:36.544,0.7,-0.1,241,0.1,-0.0,0.1,0.0,-1.2,0.000,0.1,29.5,67.4,66.7,29.592,0.000,0.000,0.000,0.0,00:05:37,0.0,2.3,1,--.--,0,--.--,--.--,0000:32:26,76,0,0,1,1,15.30,-1.00,-104,--.--,50,--.--,--:--:--,1,-15.30,16:01:36,21:01:36,7/9/26,--.--,--.--,--.--,--.--,--.--,--.--,--.--,--.--,--.--,--.--,--.--,--.--,0,--.--,--.--,--.--,--.--,--.--,--.--,--.--,--.--,--.--,--.--,--.--,--.--,--.--,--.--,--.--,--.--,0,0.000,0.000,0.000,0.000,0.000,0.000,0.000,0.000,0.000,0.000,0.000,0.000,true,true,true,true,true,true,false,false,true,true,false,false,0.05,0.00,0.02,0.01,--.--,--.--,0.15,0.17,9223372036854775808,0,--.--,--.--,--.--,--.--,--.--,0,0,0,0,37.4122953,-121.9985277,10SEG 88624 41081,0.7,1.1,303.3,3,10,--.--,--.--,,--.--,--.--,--.--,0,0,--.--,--.--,0,0.1,-0.0,-29.7,-0.0,0.0,-0.1,0.0,-0.0,-29.9,-0.0,0.0,-0.1,--.--,--.--,--.--,--.--,0.8,0.0,241.7,0.5,0.2,-0.0,288.15,--.--,--.--,0,0,0.0,0.0,0.0,0,0,0,--.--,--.--,--.--
2026-07-09 16:01:37.556,1.2,-0.0,241,0.3,-0.0,0.0,0.0,-1.2,0.000,0.1,29.5,67.5,66.7,29.610,0.000,0.000,0.000,0.0,00:05:38,0.0,0.8,1,--.--,0,--.--,--.--,0000:32:26,75,0,0,1,1,15.30,-1.00,-105,--.--,50,--.--,--:--:--,1,-15.30,16:01:37,21:01:37,7/9/26,--.--,--.--,--.--,--.--,--.--,--.--,--.--,--.--,--.--,--.--,--.--,--.--,0,--.--,--.--,--.--,--.--,--.--,--.--,--.--,--.--,--.--,--.--,--.--,--.--,--.--,--.--,--.--,--.--,0,0.000,0.000,0.000,0.000,0.000,0.000,0.000,0.000,0.000,0.000,0.000,0.000,true,true,true,true,true,true,false,false,true,true,false,false,0.04,0.01,0.01,0.01,--.--,--.--,0.15,0.17,9223372036854775808,0,--.--,--.--,--.--,--.--,--.--,0,0,0,0,37.4122952,-121.9985276,10SEG 88624 41081,0.7,1.1,130.7,3,10,--.--,--.--,,--.--,--.--,--.--,0,0,--.--,--.--,0,0.1,-0.0,-29.7,-0.0,0.0,-0.1,0.0,-0.0,-29.9,-0.0,0.0,-0.1,--.--,--.--,--.--,--.--,1.3,0.0,241.7,0.3,0.1,0.3,288.15,--.--,--.--,0,0,0.0,0.0,0.0,0,0,0,--.--,--.--,--.--
2026-07-09 16:01:38.544,1.4,0.0,241,-0.4,-0.0,0.4,0.0,1.5,0.000,0.1,29.5,67.5,66.7,29.598,0.000,0.000,0.000,0.0,00:05:39,0.0,2.2,1,--.--,0,--.--,--.--,0000:32:26,76,0,0,1,1,15.30,-1.00,-105,--.--,50,--.--,--:--:--,1,-15.30,16:01:38,21:01:38,7/9/26,--.--,--.--,--.--,--.--,--.--,--.--,--.--,--.--,--.--,--.--,--.--,--.--,0,--.--,--.--,--.--,--.--,--.--,--.--,--.--,--.--,--.--,--.--,--.--,--.--,--.--,--.--,--.--,--.--,0,0.000,0.000,0.000,0.000,0.000,0.000,0.000,0.000,0.000,0.000,0.000,0.000,true,true,true,true,true,true,false,false,true,true,false,false,0.04,0.01,0.01,0.01,--.--,--.--,0.15,0.17,9223372036854775808,0,--.--,--.--,--.--,--.--,--.--,0,0,0,0,37.4122948,-121.9985277,10SEG 88624 41081,0.7,1.1,115.6,3,10,--.--,--.--,,--.--,--.--,--.--,0,0,--.--,--.--,0,0.1,0.0,-29.7,-0.0,0.0,-0.1,0.0,-0.0,-29.9,-0.0,-0.0,-0.1,--.--,--.--,--.--,--.--,1.3,-0.0,241.9,-0.6,-0.1,0.3,288.15,--.--,--.--,0,0,0.0,0.0,0.0,0,0,0,--.--,--.--,--.--
2026-07-09 16:01:39.544,1.3,0.0,242,0.1,0.1,0.3,0.0,-1.3,0.000,0.2,29.5,67.4,66.7,29.582,0.000,0.000,0.000,0.0,00:05:40,0.0,4.4,1,--.--,0,--.--,--.--,0000:32:26,76,0,0,1,1,15.30,-1.00,-105,--.--,50,--.--,--:--:--,1,-15.30,16:01:39,21:01:39,7/9/26,--.--,--.--,--.--,--.--,--.--,--.--,--.--,--.--,--.--,--.--,--.--,--.--,0,--.--,--.--,--.--,--.--,--.--,--.--,--.--,--.--,--.--,--.--,--.--,--.--,--.--,--.--,--.--,--.--,0,0.000,0.000,0.000,0.000,0.000,0.000,0.000,0.000,0.000,0.000,0.000,0.000,true,true,true,true,true,true,false,false,true,true,false,false,0.05,0.00,0.02,0.01,--.--,--.--,0.15,0.17,9223372036854775808,0,--.--,--.--,--.--,--.--,--.--,0,0,0,0,37.4122948,-121.9985273,10SEG 88624 41081,0.7,1.1,310.4,3,10,--.--,--.--,,--.--,--.--,--.--,0,0,--.--,--.--,0,0.0,-0.0,-29.7,-0.0,-0.0,-0.2,0.0,-0.0,-29.9,-0.0,-0.0,-0.1,--.--,--.--,--.--,--.--,1.2,0.0,242.2,-0.3,-0.0,0.2,288.15,--.--,--.--,0,0,0.0,0.0,0.0,0,0,0,--.--,--.--,--.--
2026-07-09 16:01:40.544,1.3,-0.0,242,0.6,0.1,0.1,0.0,0.4,0.000,0.1,29.5,67.4,66.7,29.593,0.000,0.000,0.000,0.0,00:05:41,0.0,1.3,1,--.--,0,--.--,--.--,0000:32:26,75,0,0,1,1,15.30,-1.00,-105,--.--,50,--.--,--:--:--,1,-15.30,16:01:40,21:01:40,7/9/26,--.--,--.--,--.--,--.--,--.--,--.--,--.--,--.--,--.--,--.--,--.--,--.--,0,--.--,--.--,--.--,--.--,--.--,--.--,--.--,--.--,--.--,--.--,--.--,--.--,--.--,--.--,--.--,--.--,0,0.000,0.000,0.000,0.000,0.000,0.000,0.000,0.000,0.000,0.000,0.000,0.000,true,true,true,true,true,true,false,false,true,true,false,false,0.05,0.00,0.02,0.01,--.--,--.--,0.15,0.17,9223372036854775808,0,--.--,--.--,--.--,--.--,--.--,0,0,0,0,37.4122945,-121.9985276,10SEG 88624 41081,0.7,1.1,226.9,3,10,--.--,--.--,,--.--,--.--,--.--,0,0,--.--,--.--,0,0.0,-0.0,-29.7,-0.0,-0.0,-0.1,0.0,-0.0,-29.9,0.0,0.0,-0.1,--.--,--.--,--.--,--.--,1.4,0.0,242.4,0.6,0.2,0.4,288.15,--.--,--.--,0,0,0.0,0.0,0.0,0,0,0,--.--,--.--,--.--
2026-07-09 16:01:41.544,1.4,-0.0,242,-0.8,-0.0,0.4,0.0,1.2,0.000,0.1,29.5,67.4,66.7,29.584,0.000,0.000,0.000,0.0,00:05:42,0.0,2.1,1,--.--,0,--.--,--.--,0000:32:26,75,0,0,1,1,15.30,-1.00,-106,--.--,50,--.--,--:--:--,1,-15.30,16:01:41,21:01:41,7/9/26,--.--,--.--,--.--,--.--,--.--,--.--,--.--,--.--,--.--,--.--,--.--,--.--,0,--.--,--.--,--.--,--.--,--.--,--.--,--.--,--.--,--.--,--.--,--.--,--.--,--.--,--.--,--.--,--.--,0,0.000,0.000,0.000,0.000,0.000,0.000,0.000,0.000,0.000,0.000,0.000,0.000,true,true,true,true,true,true,false,false,true,true,false,false,0.05,0.00,0.02,0.01,--.--,--.--,0.15,0.17,9223372036854775808,0,--.--,--.--,--.--,--.--,--.--,0,0,0,0,37.4122947,-121.9985276,10SEG 88624 41081,0.7,1.1,73.9,3,10,--.--,--.--,,--.--,--.--,--.--,0,0,--.--,--.--,0,0.0,-0.0,-29.7,0.0,-0.0,-0.1,0.0,-0.0,-29.9,0.0,0.0,-0.1,--.--,--.--,--.--,--.--,1.2,-0.0,242.7,-0.9,0.0,0.2,288.15,--.--,--.--,0,0,0.0,0.0,0.0,0,0,0,--.--,--.--,--.--
2026-07-09 16:01:42.544,0.9,-0.1,242,0.7,0.1,0.0,0.0,1.3,0.000,0.2,29.5,67.4,66.7,29.578,0.000,0.000,0.000,0.0,00:05:43,0.0,1.2,1,--.--,0,--.--,--.--,0000:32:26,75,0,0,1,1,15.30,-1.00,-106,--.--,50,--.--,--:--:--,1,-15.30,16:01:42,21:01:42,7/9/26,--.--,--.--,--.--,--.--,--.--,--.--,--.--,--.--,--.--,--.--,--.--,--.--,0,--.--,--.--,--.--,--.--,--.--,--.--,--.--,--.--,--.--,--.--,--.--,--.--,--.--,--.--,--.--,--.--,0,0.000,0.000,0.000,0.000,0.000,0.000,0.000,0.000,0.000,0.000,0.000,0.000,true,true,true,true,true,true,false,false,true,true,false,false,0.05,0.00,0.02,0.01,--.--,--.--,0.15,0.17,9223372036854775808,0,--.--,--.--,--.--,--.--,--.--,0,0,0,0,37.4122947,-121.9985275,10SEG 88624 41081,0.7,1.1,357.0,3,10,--.--,--.--,,--.--,--.--,--.--,0,0,--.--,--.--,0,0.0,-0.0,-29.7,-0.0,0.0,-0.2,0.0,-0.0,-29.9,-0.0,0.0,-0.2,--.--,--.--,--.--,--.--,1.1,-0.0,242.9,1.0,0.2,0.1,288.15,--.--,--.--,0,0,0.0,0.0,0.0,0,0,0,--.--,--.--,--.--
2026-07-09 16:01:43.544,1.5,0.0,243,-0.2,0.1,0.3,0.0,1.0,0.000,0.2,29.5,67.4,66.7,29.568,0.000,0.000,0.000,0.0,00:05:44,0.0,1.7,1,--.--,0,--.--,--.--,0000:32:26,75,0,0,1,1,15.30,-1.00,-106,--.--,50,--.--,--:--:--,1,-15.30,16:01:43,21:01:43,7/9/26,--.--,--.--,--.--,--.--,--.--,--.--,--.--,--.--,--.--,--.--,--.--,--.--,0,--.--,--.--,--.--,--.--,--.--,--.--,--.--,--.--,--.--,--.--,--.--,--.--,--.--,--.--,--.--,--.--,0,0.000,0.000,0.000,0.000,0.000,0.000,0.000,0.000,0.000,0.000,0.000,0.000,true,true,true,true,true,true,false,false,true,true,false,false,0.06,0.00,0.02,0.01,--.--,--.--,0.15,0.17,9223372036854775808,0,--.--,--.--,--.--,--.--,--.--,0,0,0,0,37.4122947,-121.9985275,10SEG 88624 41081,0.7,1.1,179.3,3,10,--.--,--.--,,--.--,--.--,--.--,0,0,--.--,--.--,0,0.0,-0.0,-29.7,0.0,0.0,-0.2,0.0,-0.0,-29.9,0.0,-0.0,-0.2,--.--,--.--,--.--,--.--,1.4,-0.0,243.0,-0.8,-0.0,0.4,288.15,--.--,--.--,0,0,0.0,0.0,0.0,0,0,0,--.--,--.--,--.--
2026-07-09 16:01:44.544,1.1,-0.0,243,0.8,0.0,0.1,0.0,1.7,0.000,0.2,29.4,67.4,66.7,29.551,0.000,0.000,0.000,0.0,00:05:45,0.0,4.1,1,--.--,0,--.--,--.--,0000:32:26,75,0,0,1,1,15.30,-1.00,-106,--.--,50,--.--,--:--:--,1,-15.30,16:01:44,21:01:44,7/9/26,--.--,--.--,--.--,--.--,--.--,--.--,--.--,--.--,--.--,--.--,--.--,--.--,0,--.--,--.--,--.--,--.--,--.--,--.--,--.--,--.--,--.--,--.--,--.--,--.--,--.--,--.--,--.--,--.--,0,0.000,0.000,0.000,0.000,0.000,0.000,0.000,0.000,0.000,0.000,0.000,0.000,true,true,true,true,true,true,false,false,true,true,false,false,0.06,0.00,0.02,0.01,--.--,--.--,0.15,0.17,9223372036854775808,0,--.--,--.--,--.--,--.--,--.--,0,0,0,0,37.4122946,-121.9985275,10SEG 88624 41081,0.7,1.1,139.9,3,10,--.--,--.--,,--.--,--.--,--.--,0,0,--.--,--.--,0,0.0,-0.0,-29.7,-0.0,0.0,-0.2,0.0,-0.0,-29.9,0.0,-0.0,-0.2,--.--,--.--,--.--,--.--,1.3,-0.0,243.3,1.1,0.2,0.3,288.15,--.--,--.--,0,0,0.0,0.0,0.0,0,0,0,--.--,--.--,--.--
2026-07-09 16:01:45.544,1.8,0.0,243,-0.9,0.0,0.6,0.0,0.6,0.000,0.2,29.4,67.4,66.7,29.543,0.000,0.000,0.000,0.0,00:05:46,0.1,4.1,1,--.--,0,--.--,--.--,0000:32:26,75,0,0,1,1,15.30,-1.00,-107,--.--,50,--.--,--:--:--,1,-15.30,16:01:45,21:01:45,7/9/26,--.--,--.--,--.--,--.--,--.--,--.--,--.--,--.--,--.--,--.--,--.--,--.--,0,--.--,--.--,--.--,--.--,--.--,--.--,--.--,--.--,--.--,--.--,--.--,--.--,--.--,--.--,--.--,--.--,0,0.000,0.000,0.000,0.000,0.000,0.000,0.000,0.000,0.000,0.000,0.000,0.000,true,true,true,true,true,true,false,false,true,true,false,false,0.07,0.00,0.02,0.01,--.--,--.--,0.15,0.17,9223372036854775808,0,--.--,--.--,--.--,--.--,--.--,0,0,0,0,37.4122942,-121.9985276,10SEG 88624 41081,0.7,1.1,278.1,3,10,--.--,--.--,,--.--,--.--,--.--,0,0,--.--,--.--,0,0.0,-0.0,-29.7,0.0,-0.0,-0.2,0.0,-0.0,-29.9,0.0,-0.0,-0.2,--.--,--.--,--.--,--.--,1.4,-0.0,243.6,-1.7,-0.1,0.5,288.15,--.--,--.--,0,0,0.0,0.0,0.0,0,0,0,--.--,--.--,--.--
2026-07-09 16:01:46.544,0.9,-0.1,244,1.6,0.1,0.0,0.0,1.2,0.000,0.2,29.4,67.4,66.7,29.542,0.000,0.000,0.000,0.0,00:05:47,0.0,1.3,1,--.--,0,--.--,--.--,0000:32:26,74,0,0,1,1,15.30,-1.00,-107,--.--,50,--.--,--:--:--,1,-15.30,16:01:46,21:01:46,7/9/26,--.--,--.--,--.--,--.--,--.--,--.--,--.--,--.--,--.--,--.--,--.--,--.--,0,--.--,--.--,--.--,--.--,--.--,--.--,--.--,--.--,--.--,--.--,--.--,--.--,--.--,--.--,--.--,--.--,0,0.000,0.000,0.000,0.000,0.000,0.000,0.000,0.000,0.000,0.000,0.000,0.000,true,true,true,true,true,true,false,false,true,true,false,false,0.07,0.00,0.02,0.01,--.--,--.--,0.15,0.17,9223372036854775808,0,--.--,--.--,--.--,--.--,--.--,0,0,0,0,37.4122944,-121.9985282,10SEG 88624 41081,0.7,1.1,25.6,3,10,--.--,--.--,,--.--,--.--,--.--,0,0,--.--,--.--,0,0.0,-0.0,-29.7,-0.0,-0.0,-0.2,0.0,-0.0,-29.9,0.0,0.0,-0.2,--.--,--.--,--.--,--.--,1.2,-0.0,244.0,2.0,0.3,0.2,288.15,--.--,--.--,0,0,0.0,0.0,0.0,0,0,0,--.--,--.--,--.--
2026-07-09 16:01:47.544,0.9,-0.0,244,-1.0,-0.1,0.1,0.0,-0.1,0.000,0.2,29.4,67.4,66.7,29.545,0.000,0.000,0.000,0.0,00:05:48,0.0,0.5,1,--.--,0,--.--,--.--,0000:32:26,75,0,0,1,1,15.30,-1.00,-107,--.--,50,--.--,--:--:--,1,-15.30,16:01:47,21:01:47,7/9/26,--.--,--.--,--.--,--.--,--.--,--.--,--.--,--.--,--.--,--.--,--.--,--.--,0,--.--,--.--,--.--,--.--,--.--,--.--,--.--,--.--,--.--,--.--,--.--,--.--,--.--,--.--,--.--,--.--,0,0.000,0.000,0.000,0.000,0.000,0.000,0.000,0.000,0.000,0.000,0.000,0.000,true,true,true,true,true,true,false,false,true,true,false,false,0.06,0.00,0.02,0.01,--.--,--.--,0.15,0.17,9223372036854775808,0,--.--,--.--,--.--,--.--,--.--,0,0,0,0,37.4122951,-121.9985273,10SEG 88624 41081,0.7,1.1,73.8,3,10,--.--,--.--,,--.--,--.--,--.--,0,0,--.--,--.--,0,0.0,-0.0,-29.7,0.0,0.0,-0.2,0.0,-0.0,-29.9,-0.0,0.0,-0.2,--.--,--.--,--.--,--.--,0.8,0.0,244.1,-0.6,0.0,-0.0,288.15,--.--,--.--,0,0,0.0,0.0,0.0,0,0,0,--.--,--.--,--.--
2026-07-09 16:01:48.544,1.3,0.0,244,0.9,0.1,0.1,0.0,-0.8,0.000,0.2,29.4,67.4,66.7,29.552,0.000,0.000,0.000,0.0,00:05:49,0.1,1.9,1,--.--,0,--.--,--.--,0000:32:26,75,0,0,1,1,15.30,-1.00,-107,--.--,50,--.--,--:--:--,1,-15.30,16:01:48,21:01:48,7/9/26,--.--,--.--,--.--,--.--,--.--,--.--,--.--,--.--,--.--,--.--,--.--,--.--,0,--.--,--.--,--.--,--.--,--.--,--.--,--.--,--.--,--.--,--.--,--.--,--.--,--.--,--.--,--.--,--.--,0,0.000,0.000,0.000,0.000,0.000,0.000,0.000,0.000,0.000,0.000,0.000,0.000,true,true,true,true,true,true,false,false,true,true,false,false,0.06,0.00,0.02,0.01,--.--,--.--,0.15,0.17,9223372036854775808,0,--.--,--.--,--.--,--.--,--.--,0,0,0,0,37.4122947,-121.9985266,10SEG 88624 41081,0.7,1.1,123.8,3,10,--.--,--.--,,--.--,--.--,--.--,0,0,--.--,--.--,0,0.1,0.0,-29.7,-0.0,0.0,-0.2,0.0,-0.0,-29.9,-0.0,-0.0,-0.2,--.--,--.--,--.--,--.--,1.5,-0.0,244.2,1.0,-0.1,0.5,288.15,--.--,--.--,0,0,0.0,0.0,0.0,0,0,0,--.--,--.--,--.--
2026-07-09 16:01:49.544,1.4,0.0,244,-1.0,-0.1,0.6,0.0,1.7,0.000,0.2,29.4,67.4,66.7,29.559,0.000,0.000,0.000,0.0,00:05:50,0.1,5.0,1,--.--,0,--.--,--.--,0000:32:26,76,0,0,1,1,15.30,-1.00,-108,--.--,50,--.--,--:--:--,1,-15.30,16:01:49,21:01:49,7/9/26,--.--,--.--,--.--,--.--,--.--,--.--,--.--,--.--,--.--,--.--,--.--,--.--,0,--.--,--.--,--.--,--.--,--.--,--.--,--.--,--.--,--.--,--.--,--.--,--.--,--.--,--.--,--.--,--.--,0,0.000,0.000,0.000,0.000,0.000,0.000,0.000,0.000,0.000,0.000,0.000,0.000,true,true,true,true,true,true,false,false,true,true,false,false,0.07,0.01,0.02,0.01,--.--,--.--,0.15,0.17,9223372036854775808,0,--.--,--.--,--.--,--.--,--.--,0,0,0,0,37.4122948,-121.9985267,10SEG 88624 41081,0.7,1.1,245.0,3,10,--.--,--.--,,--.--,--.--,--.--,0,0,--.--,--.--,0,0.0,0.1,-29.7,0.0,-0.0,-0.2,0.0,-0.0,-29.9,-0.0,-0.1,-0.2,--.--,--.--,--.--,--.--,1.2,-0.0,244.5,-1.0,-0.1,0.2,288.15,--.--,--.--,0,0,0.0,0.0,0.0,0,0,0,--.--,--.--,--.--
2026-07-09 16:01:50.544,1.2,-0.0,244,1.4,0.2,0.1,0.1,0.3,0.000,0.2,29.4,67.4,66.7,29.553,0.000,0.000,0.000,0.0,00:05:51,0.0,0.8,1,--.--,0,--.--,--.--,0000:32:26,75,0,0,1,1,15.30,-1.00,-108,--.--,50,--.--,--:--:--,1,-15.30,16:01:50,21:01:50,7/9/26,--.--,--.--,--.--,--.--,--.--,--.--,--.--,--.--,--.--,--.--,--.--,--.--,0,--.--,--.--,--.--,--.--,--.--,--.--,--.--,--.--,--.--,--.--,--.--,--.--,--.--,--.--,--.--,--.--,0,0.000,0.000,0.000,0.000,0.000,0.000,0.000,0.000,0.000,0.000,0.000,0.000,true,true,true,true,true,true,false,false,true,true,false,false,0.07,0.01,0.02,0.01,--.--,--.--,0.15,0.17,9223372036854775808,0,--.--,--.--,--.--,--.--,--.--,0,0,0,0,37.4122944,-121.9985271,10SEG 88624 41081,0.7,1.1,214.4,3,10,--.--,--.--,,--.--,--.--,--.--,0,0,--.--,--.--,0,0.0,0.0,-29.7,-0.0,-0.1,-0.2,0.0,-0.0,-29.9,0.0,-0.0,-0.2,--.--,--.--,--.--,--.--,1.5,-0.0,244.9,1.8,0.2,0.5,288.15,--.--,--.--,0,0,0.0,0.0,0.0,0,0,0,--.--,--.--,--.--
2026-07-09 16:01:51.544,1.2,0.0,245,-1.8,-0.1,0.4,0.1,1.3,0.000,0.2,29.4,67.4,66.7,29.540,0.000,0.000,0.000,0.0,00:05:52,0.0,1.0,1,--.--,0,--.--,--.--,0000:32:26,75,0,0,1,1,15.30,-1.00,-108,--.--,50,--.--,--:--:--,1,-15.30,16:01:51,21:01:51,7/9/26,--.--,--.--,--.--,--.--,--.--,--.--,--.--,--.--,--.--,--.--,--.--,--.--,0,--.--,--.--,--.--,--.--,--.--,--.--,--.--,--.--,--.--,--.--,--.--,--.--,--.--,--.--,--.--,--.--,0,0.000,0.000,0.000,0.000,0.000,0.000,0.000,0.000,0.000,0.000,0.000,0.000,true,true,true,true,true,true,false,false,true,true,false,false,0.06,0.00,0.02,0.01,--.--,--.--,0.15,0.17,9223372036854775808,0,--.--,--.--,--.--,--.--,--.--,0,0,0,0,37.4122942,-121.9985280,10SEG 88624 41081,0.7,1.1,321.4,3,10,--.--,--.--,,--.--,--.--,--.--,0,0,--.--,--.--,0,-0.0,-0.0,-29.7,0.0,-0.0,-0.2,0.0,-0.0,-29.9,0.0,0.0,-0.2,--.--,--.--,--.--,--.--,0.9,0.0,245.1,-1.8,-0.1,-0.0,288.15,--.--,--.--,0,0,0.0,0.0,0.0,0,0,0,--.--,--.--,--.--
2026-07-09 16:01:52.544,1.0,0.0,245,1.0,0.1,-0.1,0.0,-0.8,0.000,0.2,29.4,67.4,66.7,29.543,0.000,0.000,0.000,0.0,00:05:53,0.0,0.6,1,--.--,0,--.--,--.--,0000:32:26,75,0,0,1,1,15.30,-1.00,-108,--.--,50,--.--,--:--:--,1,-15.30,16:01:52,21:01:52,7/9/26,--.--,--.--,--.--,--.--,--.--,--.--,--.--,--.--,--.--,--.--,--.--,--.--,0,--.--,--.--,--.--,--.--,--.--,--.--,--.--,--.--,--.--,--.--,--.--,--.--,--.--,--.--,--.--,--.--,0,0.000,0.000,0.000,0.000,0.000,0.000,0.000,0.000,0.000,0.000,0.000,0.000,true,true,true,true,true,true,false,false,true,true,false,false,0.06,0.00,0.02,0.01,--.--,--.--,0.15,0.17,9223372036854775808,0,--.--,--.--,--.--,--.--,--.--,0,0,0,0,37.4122945,-121.9985281,10SEG 88624 41081,0.7,1.1,80.4,3,10,--.--,--.--,,--.--,--.--,--.--,0,0,--.--,--.--,0,0.0,-0.0,-29.7,0.0,0.0,-0.2,0.0,-0.0,-29.9,0.0,0.0,-0.2,--.--,--.--,--.--,--.--,1.2,-0.0,245.3,1.2,-0.1,0.2,288.15,--.--,--.--,0,0,0.0,0.0,0.0,0,0,0,--.--,--.--,--.--
2026-07-09 16:01:53.544,1.1,0.1,245,-1.2,-0.1,0.3,0.1,-0.1,0.000,0.2,29.4,67.4,66.7,29.548,0.000,0.000,0.000,0.0,00:05:54,0.0,0.7,1,--.--,0,--.--,--.--,0000:32:26,76,0,0,1,1,15.30,-1.00,-109,--.--,50,--.--,--:--:--,1,-15.30,16:01:53,21:01:53,7/9/26,--.--,--.--,--.--,--.--,--.--,--.--,--.--,--.--,--.--,--.--,--.--,--.--,0,--.--,--.--,--.--,--.--,--.--,--.--,--.--,--.--,--.--,--.--,--.--,--.--,--.--,--.--,--.--,--.--,0,0.000,0.000,0.000,0.000,0.000,0.000,0.000,0.000,0.000,0.000,0.000,0.000,true,true,true,true,true,true,false,false,true,true,false,false,0.05,0.01,0.02,0.01,--.--,--.--,0.15,0.17,9223372036854775808,0,--.--,--.--,--.--,--.--,--.--,0,0,0,0,37.4122951,-121.9985277,10SEG 88624 41081,0.7,1.1,334.6,3,10,--.--,--.--,,--.--,--.--,--.--,0,0,--.--,--.--,0,0.1,0.0,-29.7,0.0,0.0,-0.2,0.0,-0.0,-29.9,-0.0,-0.0,-0.2,--.--,--.--,--.--,--.--,0.8,0.0,245.4,-1.3,-0.2,-0.0,288.15,--.--,--.--,0,0,0.0,0.0,0.0,0,0,0,--.--,--.--,--.--
2026-07-09 16:01:54.544,0.8,-0.1,245,1.0,0.1,0.0,0.0,1.3,0.000,0.2,29.4,67.4,66.7,29.581,0.000,0.000,0.000,0.0,00:05:55,0.0,1.8,1,--.--,0,--.--,--.--,0000:32:26,75,0,0,1,1,15.30,-1.00,-109,--.--,50,--.--,--:--:--,1,-15.30,16:01:54,21:01:54,7/9/26,--.--,--.--,--.--,--.--,--.--,--.--,--.--,--.--,--.--,--.--,--.--,--.--,0,--.--,--.--,--.--,--.--,--.--,--.--,--.--,--.--,--.--,--.--,--.--,--.--,--.--,--.--,--.--,--.--,0,0.000,0.000,0.000,0.000,0.000,0.000,0.000,0.000,0.000,0.000,0.000,0.000,true,true,true,true,true,true,false,false,true,true,false,false,0.05,0.01,0.02,0.01,--.--,--.--,0.15,0.17,9223372036854775808,0,--.--,--.--,--.--,--.--,--.--,0,0,0,0,37.4122953,-121.9985276,10SEG 88624 41081,0.7,1.1,83.4,3,10,--.--,--.--,,--.--,--.--,--.--,0,0,--.--,--.--,0,0.1,-0.0,-29.7,-0.0,0.0,-0.2,0.0,-0.0,-29.9,-0.0,0.0,-0.1,--.--,--.--,--.--,--.--,1.0,-0.0,245.6,1.2,0.3,0.0,288.15,--.--,--.--,0,0,0.0,0.0,0.0,0,0,0,--.--,--.--,--.--
2026-07-09 16:01:55.544,1.4,0.0,245,-1.1,-0.0,0.3,0.0,1.3,0.000,0.1,29.5,67.4,66.7,29.595,0.000,0.000,0.000,0.0,00:05:56,0.0,1.4,1,--.--,0,--.--,--.--,0000:32:26,75,0,0,1,1,15.30,-1.00,-110,--.--,50,--.--,--:--:--,1,-15.30,16:01:55,21:01:55,7/9/26,--.--,--.--,--.--,--.--,--.--,--.--,--.--,--.--,--.--,--.--,--.--,--.--,0,--.--,--.--,--.--,--.--,--.--,--.--,--.--,--.--,--.--,--.--,--.--,--.--,--.--,--.--,--.--,--.--,0,0.000,0.000,0.000,0.000,0.000,0.000,0.000,0.000,0.000,0.000,0.000,0.000,true,true,true,true,true,true,false,false,true,true,false,false,0.04,0.01,0.02,0.02,--.--,--.--,0.15,0.17,9223372036854775808,0,--.--,--.--,--.--,--.--,--.--,0,0,0,0,37.4122948,-121.9985274,10SEG 88624 41081,0.7,1.1,87.2,3,10,--.--,--.--,,--.--,--.--,--.--,0,0,--.--,--.--,0,0.1,-0.0,-29.7,-0.0,-0.0,-0.1,0.0,-0.0,-29.9,-0.0,0.0,-0.1,--.--,--.--,--.--,--.--,1.1,0.0,245.7,-1.6,-0.1,0.1,288.15,--.--,--.--,0,0,0.0,0.0,0.0,0,0,0,--.--,--.--,--.--
2026-07-09 16:01:56.544,1.7,0.0,245,1.3,0.2,0.3,0.0,-0.5,0.000,0.1,29.5,67.5,66.7,29.603,0.000,0.000,0.000,0.0,00:05:57,0.1,3.6,1,--.--,0,--.--,--.--,0000:32:26,75,0,0,1,1,15.30,-1.00,-110,--.--,50,--.--,--:--:--,1,-15.30,16:01:56,21:01:56,7/9/26,--.--,--.--,--.--,--.--,--.--,--.--,--.--,--.--,--.--,--.--,--.--,--.--,0,--.--,--.--,--.--,--.--,--.--,--.--,--.--,--.--,--.--,--.--,--.--,--.--,--.--,--.--,--.--,--.--,0,0.000,0.000,0.000,0.000,0.000,0.000,0.000,0.000,0.000,0.000,0.000,0.000,true,true,true,true,true,true,false,false,true,true,false,false,0.04,0.01,0.02,0.02,--.--,--.--,0.15,0.17,9223372036854775808,0,--.--,--.--,--.--,--.--,--.--,0,0,0,0,37.4122940,-121.9985273,10SEG 88624 41081,0.7,1.1,160.5,3,10,--.--,--.--,,--.--,--.--,--.--,0,0,--.--,--.--,0,0.0,0.0,-29.7,-0.0,-0.0,-0.1,0.0,-0.0,-29.9,0.0,-0.0,-0.1,--.--,--.--,--.--,--.--,1.8,0.0,245.9,0.5,-0.0,0.8,288.15,--.--,--.--,0,0,0.0,0.0,0.0,0,0,0,--.--,--.--,--.--
2026-07-09 16:01:57.544,0.5,-0.1,246,-1.1,-0.2,0.4,0.1,0.9,0.000,0.1,29.5,67.5,66.7,29.609,0.000,0.000,0.000,0.0,00:05:58,0.0,0.6,1,--.--,0,--.--,--.--,0000:32:26,75,0,0,1,1,15.30,-1.00,-110,--.--,50,--.--,--:--:--,1,-15.30,16:01:57,21:01:57,7/9/26,--.--,--.--,--.--,--.--,--.--,--.--,--.--,--.--,--.--,--.--,--.--,--.--,0,--.--,--.--,--.--,--.--,--.--,--.--,--.--,--.--,--.--,--.--,--.--,--.--,--.--,--.--,--.--,--.--,0,0.000,0.000,0.000,0.000,0.000,0.000,0.000,0.000,0.000,0.000,0.000,0.000,true,true,true,true,true,true,false,false,true,true,false,false,0.04,0.01,0.02,0.02,--.--,--.--,0.15,0.17,9223372036854775808,0,--.--,--.--,--.--,--.--,--.--,0,0,0,0,37.4122943,-121.9985276,10SEG 88624 41081,0.7,1.1,304.3,3,10,--.--,--.--,,--.--,--.--,--.--,0,0,--.--,--.--,0,0.0,-0.0,-29.7,0.0,-0.0,-0.1,0.0,-0.0,-29.9,0.0,0.0,-0.1,--.--,--.--,--.--,--.--,0.5,0.0,246.3,-0.2,0.4,-0.0,288.15,--.--,--.--,0,0,0.0,0.0,0.0,0,0,0,--.--,--.--,--.--
2026-07-09 16:01:58.544,1.5,0.0,246,1.0,0.1,0.0,0.0,1.4,0.000,0.1,29.5,67.5,66.7,29.612,0.000,0.000,0.000,0.0,00:05:59,0.0,4.0,1,--.--,0,--.--,--.--,0000:32:26,74,0,0,1,1,15.30,-1.00,-110,--.--,50,--.--,--:--:--,1,-15.30,16:01:58,21:01:58,7/9/26,--.--,--.--,--.--,--.--,--.--,--.--,--.--,--.--,--.--,--.--,--.--,--.--,0,--.--,--.--,--.--,--.--,--.--,--.--,--.--,--.--,--.--,--.--,--.--,--.--,--.--,--.--,--.--,--.--,0,0.000,0.000,0.000,0.000,0.000,0.000,0.000,0.000,0.000,0.000,0.000,0.000,true,true,true,true,true,true,false,false,true,true,false,false,0.04,0.01,0.02,0.02,--.--,--.--,0.15,0.17,9223372036854775808,0,--.--,--.--,--.--,--.--,--.--,0,0,0,0,37.4122937,-121.9985278,10SEG 88624 41081,0.7,1.1,120.0,3,10,--.--,--.--,,--.--,--.--,--.--,0,0,--.--,--.--,0,-0.0,-0.0,-29.7,0.0,0.0,-0.1,0.0,-0.0,-29.9,0.0,0.0,-0.1,--.--,--.--,--.--,--.--,1.6,-0.0,246.4,0.4,0.0,0.6,288.15,--.--,--.--,0,0,0.0,0.0,0.0,0,0,0,--.--,--.--,--.--
2026-07-09 16:01:59.544,0.8,-0.1,246,-0.5,-0.0,0.2,0.1,-1.3,0.000,0.1,29.5,67.5,66.7,29.619,0.000,0.000,0.000,0.0,00:06:00,0.0,0.6,1,--.--,0,--.--,--.--,0000:32:26,74,0,0,1,1,15.30,-1.00,-111,--.--,50,--.--,--:--:--,1,-15.30,16:01:59,21:01:59,7/9/26,--.--,--.--,--.--,--.--,--.--,--.--,--.--,--.--,--.--,--.--,--.--,--.--,0,--.--,--.--,--.--,--.--,--.--,--.--,--.--,--.--,--.--,--.--,--.--,--.--,--.--,--.--,--.--,--.--,0,0.000,0.000,0.000,0.000,0.000,0.000,0.000,0.000,0.000,0.000,0.000,0.000,true,true,true,true,true,true,false,false,true,true,false,false,0.04,0.01,0.01,0.01,--.--,--.--,0.15,0.17,9223372036854775808,0,--.--,--.--,--.--,--.--,--.--,0,0,0,0,37.4122943,-121.9985277,10SEG 88624 41081,0.7,1.1,22.9,3,10,--.--,--.--,,--.--,--.--,--.--,0,0,--.--,--.--,0,0.0,-0.0,-29.7,0.1,0.0,-0.1,0.0,-0.0,-29.9,0.0,0.0,-0.1,--.--,--.--,--.--,--.--,0.8,0.0,246.6,-0.1,0.2,-0.0,288.15,--.--,--.--,0,0,0.0,0.0,0.0,0,0,0,--.--,--.--,--.--
2026-07-09 16:02:00.544,1.3,0.0,246,0.3,0.1,0.1,0.0,0.8,0.000,0.1,29.5,67.5,66.7,29.621,0.000,0.000,0.000,0.0,00:06:01,0.0,1.2,1,--.--,0,--.--,--.--,0000:32:26,75,0,0,1,1,15.30,-1.00,-111,--.--,50,--.--,--:--:--,1,-15.30,16:02:00,21:02:00,7/9/26,--.--,--.--,--.--,--.--,--.--,--.--,--.--,--.--,--.--,--.--,--.--,--.--,0,--.--,--.--,--.--,--.--,--.--,--.--,--.--,--.--,--.--,--.--,--.--,--.--,--.--,--.--,--.--,--.--,0,0.000,0.000,0.000,0.000,0.000,0.000,0.000,0.000,0.000,0.000,0.000,0.000,true,true,true,true,true,true,false,false,true,true,false,false,0.04,0.01,0.01,0.01,--.--,--.--,0.15,0.17,9223372036854775808,0,--.--,--.--,--.--,--.--,--.--,0,0,0,0,37.4122945,-121.9985274,10SEG 88624 41081,0.7,1.1,112.1,3,10,--.--,--.--,,--.--,--.--,--.--,0,0,--.--,--.--,0,0.0,0.0,-29.7,0.0,0.0,-0.1,0.0,-0.0,-29.9,0.0,-0.0,-0.1,--.--,--.--,--.--,--.--,1.3,-0.0,246.7,-0.2,-0.0,0.3,288.15,--.--,--.--,0,0,0.0,0.0,0.0,0,0,0,--.--,--.--,--.--
2026-07-09 16:02:01.545,0.9,-0.1,246,0.4,-0.0,0.1,0.0,-1.4,0.000,0.1,29.5,67.5,66.7,29.621,0.000,0.000,0.000,0.0,00:06:02,0.0,1.5,1,--.--,0,--.--,--.--,0000:32:26,74,0,0,1,1,15.30,-1.00,-111,--.--,50,--.--,--:--:--,1,-15.30,16:02:01,21:02:01,7/9/26,--.--,--.--,--.--,--.--,--.--,--.--,--.--,--.--,--.--,--.--,--.--,--.--,0,--.--,--.--,--.--,--.--,--.--,--.--,--.--,--.--,--.--,--.--,--.--,--.--,--.--,--.--,--.--,--.--,0,0.000,0.000,0.000,0.000,0.000,0.000,0.000,0.000,0.000,0.000,0.000,0.000,true,true,true,true,true,true,false,false,true,true,false,false,0.04,0.00,0.01,0.01,--.--,--.--,0.15,0.17,9223372036854775808,0,--.--,--.--,--.--,--.--,--.--,0,0,0,0,37.4122947,-121.9985276,10SEG 88624 41081,0.7,1.1,303.0,3,10,--.--,--.--,,--.--,--.--,--.--,0,0,--.--,--.--,0,0.0,0.0,-29.7,0.0,0.0,-0.1,0.0,-0.0,-29.9,0.0,-0.0,-0.1,--.--,--.--,--.--,--.--,1.0,0.0,246.8,0.6,0.2,-0.0,288.15,--.--,--.--,0,0,0.0,0.0,0.0,0,0,0,--.--,--.--,--.--
2026-07-09 16:02:02.545,1.3,0.0,246,0.7,0.1,0.1,0.0,-1.2,0.000,0.1,29.5,67.5,66.7,29.614,0.000,0.000,0.000,0.0,00:06:03,0.0,7.8,1,--.--,0,--.--,--.--,0000:32:26,74,0,0,1,1,15.30,-1.00,-111,--.--,50,--.--,--:--:--,1,-15.30,16:02:02,21:02:02,7/9/26,--.--,--.--,--.--,--.--,--.--,--.--,--.--,--.--,--.--,--.--,--.--,--.--,0,--.--,--.--,--.--,--.--,--.--,--.--,--.--,--.--,--.--,--.--,--.--,--.--,--.--,--.--,--.--,--.--,0,0.000,0.000,0.000,0.000,0.000,0.000,0.000,0.000,0.000,0.000,0.000,0.000,true,true,true,true,true,true,false,false,true,true,false,false,0.04,0.00,0.01,0.01,--.--,--.--,0.15,0.17,9223372036854775808,0,--.--,--.--,--.--,--.--,--.--,0,0,0,0,37.4122947,-121.9985272,10SEG 88624 41081,0.7,1.1,169.0,3,10,--.--,--.--,,--.--,--.--,--.--,0,0,--.--,--.--,0,0.0,0.0,-29.7,0.0,0.0,-0.1,0.0,-0.0,-29.9,0.0,-0.0,-0.1,--.--,--.--,--.--,--.--,1.4,0.0,246.8,0.5,-0.0,0.4,288.15,--.--,--.--,0,0,0.0,0.0,0.0,0,0,0,--.--,--.--,--.--
2026-07-09 16:02:03.545,0.8,-0.0,247,-0.8,-0.1,0.3,0.0,-1.6,0.000,0.1,29.5,67.5,66.7,29.598,0.000,0.000,0.000,0.0,00:06:04,0.0,1.1,1,--.--,0,--.--,--.--,0000:32:26,74,0,0,1,1,15.30,-1.00,-112,--.--,50,--.--,--:--:--,1,-15.30,16:02:03,21:02:03,7/9/26,--.--,--.--,--.--,--.--,--.--,--.--,--.--,--.--,--.--,--.--,--.--,--.--,0,--.--,--.--,--.--,--.--,--.--,--.--,--.--,--.--,--.--,--.--,--.--,--.--,--.--,--.--,--.--,--.--,0,0.000,0.000,0.000,0.000,0.000,0.000,0.000,0.000,0.000,0.000,0.000,0.000,true,true,true,true,true,true,false,false,true,true,false,false,0.05,0.00,0.02,0.02,--.--,--.--,0.15,0.17,9223372036854775808,0,--.--,--.--,--.--,--.--,--.--,0,0,0,0,37.4122949,-121.9985275,10SEG 88624 41081,0.7,1.1,268.0,3,10,--.--,--.--,,--.--,--.--,--.--,0,0,--.--,--.--,0,0.0,0.0,-29.7,0.0,0.0,-0.1,0.0,-0.0,-29.9,0.0,-0.0,-0.1,--.--,--.--,--.--,--.--,0.7,0.0,247.0,-0.3,0.1,-0.0,288.15,--.--,--.--,0,0,0.0,0.0,0.0,0,0,0,--.--,--.--,--.--
2026-07-09 16:02:04.544,0.9,-0.0,247,0.8,0.0,-0.0,0.0,0.8,0.000,0.1,29.5,67.5,66.7,29.595,0.000,0.000,0.000,0.0,00:06:05,0.0,4.0,1,--.--,0,--.--,--.--,0000:32:26,74,0,0,1,1,15.30,-1.00,-112,--.--,50,--.--,--:--:--,1,-15.30,16:02:04,21:02:04,7/9/26,--.--,--.--,--.--,--.--,--.--,--.--,--.--,--.--,--.--,--.--,--.--,--.--,0,--.--,--.--,--.--,--.--,--.--,--.--,--.--,--.--,--.--,--.--,--.--,--.--,--.--,--.--,--.--,--.--,0,0.000,0.000,0.000,0.000,0.000,0.000,0.000,0.000,0.000,0.000,0.000,0.000,true,true,true,true,true,true,false,false,true,true,false,false,0.05,0.00,0.02,0.02,--.--,--.--,0.15,0.17,9223372036854775808,0,--.--,--.--,--.--,--.--,--.--,0,0,0,0,37.4122948,-121.9985278,10SEG 88624 41081,0.7,1.1,190.9,3,10,--.--,--.--,,--.--,--.--,--.--,0,0,--.--,--.--,0,0.0,-0.0,-29.7,-0.0,0.0,-0.1,0.0,-0.0,-29.9,-0.0,-0.0,-0.1,--.--,--.--,--.--,--.--,1.1,-0.0,247.1,1.1,0.1,0.1,288.15,--.--,--.--,0,0,0.0,0.0,0.0,0,0,0,--.--,--.--,--.--
2026-07-09 16:02:05.544,0.5,-0.0,247,-1.4,-0.2,0.1,0.0,1.3,0.000,0.1,29.5,67.5,66.7,29.605,0.000,0.000,0.000,0.0,00:06:06,0.0,1.4,1,--.--,0,--.--,--.--,0000:32:26,74,0,0,1,1,15.30,-1.00,-112,--.--,50,--.--,--:--:--,1,-15.30,16:02:05,21:02:05,7/9/26,--.--,--.--,--.--,--.--,--.--,--.--,--.--,--.--,--.--,--.--,--.--,--.--,0,--.--,--.--,--.--,--.--,--.--,--.--,--.--,--.--,--.--,--.--,--.--,--.--,--.--,--.--,--.--,--.--,0,0.000,0.000,0.000,0.000,0.000,0.000,0.000,0.000,0.000,0.000,0.000,0.000,true,true,true,true,true,true,false,false,true,true,false,false,0.04,0.00,0.01,0.01,--.--,--.--,0.15,0.17,9223372036854775808,0,--.--,--.--,--.--,--.--,--.--,0,0,0,0,37.4122953,-121.9985276,10SEG 88624 41081,0.7,1.1,337.3,3,10,--.--,--.--,,--.--,--.--,--.--,0,0,--.--,--.--,0,0.1,-0.0,-29.7,0.0,0.0,-0.1,0.0,-0.0,-29.9,-0.0,0.0,-0.1,--.--,--.--,--.--,--.--,0.3,0.0,247.2,-0.8,0.2,-0.0,288.15,--.--,--.--,0,0,0.0,0.0,0.0,0,0,0,--.--,--.--,--.--
2026-07-09 16:02:06.544,1.4,0.0,247,0.9,0.2,0.0,0.1,-0.9,0.000,0.1,29.5,67.5,66.7,29.600,0.000,0.000,0.000,0.0,00:06:07,0.1,0.9,1,--.--,0,--.--,--.--,0000:32:26,74,0,0,1,1,15.30,-1.00,-112,--.--,50,--.--,--:--:--,1,-15.30,16:02:06,21:02:06,7/9/26,--.--,--.--,--.--,--.--,--.--,--.--,--.--,--.--,--.--,--.--,--.--,--.--,0,--.--,--.--,--.--,--.--,--.--,--.--,--.--,--.--,--.--,--.--,--.--,--.--,--.--,--.--,--.--,--.--,0,0.000,0.000,0.000,0.000,0.000,0.000,0.000,0.000,0.000,0.000,0.000,0.000,true,true,true,true,true,true,false,false,true,true,false,false,0.04,0.00,0.01,0.01,--.--,--.--,0.15,0.17,9223372036854775808,0,--.--,--.--,--.--,--.--,--.--,0,0,0,0,37.4122949,-121.9985272,10SEG 88624 41081,0.7,1.1,119.5,3,10,--.--,--.--,,--.--,--.--,--.--,0,0,--.--,--.--,0,0.1,0.0,-29.7,-0.0,0.0,-0.1,0.0,-0.0,-29.9,-0.0,-0.0,-0.1,--.--,--.--,--.--,--.--,1.5,-0.0,247.2,0.3,-0.2,0.5,288.15,--.--,--.--,0,0,0.0,0.0,0.0,0,0,0,--.--,--.--,--.--
2026-07-09 16:02:07.544,0.7,-0.0,247,-0.3,-0.1,0.2,0.0,1.6,0.000,0.1,29.5,67.5,66.7,29.601,0.000,0.000,0.000,0.0,00:06:08,0.1,2.5,1,--.--,0,--.--,--.--,0000:32:26,75,0,0,1,1,15.30,-1.00,-113,--.--,50,--.--,--:--:--,1,-15.30,16:02:07,21:02:07,7/9/26,--.--,--.--,--.--,--.--,--.--,--.--,--.--,--.--,--.--,--.--,--.--,--.--,0,--.--,--.--,--.--,--.--,--.--,--.--,--.--,--.--,--.--,--.--,--.--,--.--,--.--,--.--,--.--,--.--,0,0.000,0.000,0.000,0.000,0.000,0.000,0.000,0.000,0.000,0.000,0.000,0.000,true,true,true,true,true,true,false,false,true,true,false,false,0.05,0.00,0.02,0.01,--.--,--.--,0.15,0.17,9223372036854775808,0,--.--,--.--,--.--,--.--,--.--,0,0,0,0,37.4122946,-121.9985269,10SEG 88624 41081,0.7,1.1,219.7,3,10,--.--,--.--,,--.--,--.--,--.--,0,0,--.--,--.--,0,0.1,0.0,-29.7,0.0,0.0,-0.1,0.0,-0.0,-29.9,-0.0,-0.0,-0.1,--.--,--.--,--.--,--.--,0.8,0.0,247.4,0.4,0.1,-0.0,288.15,--.--,--.--,0,0,0.0,0.0,0.0,0,0,0,--.--,--.--,--.--
2026-07-09 16:02:08.544,1.1,0.0,247,-0.3,0.1,0.1,0.0,0.6,0.000,0.1,29.5,67.5,66.7,29.602,0.000,0.000,0.000,0.0,00:06:09,0.1,5.9,1,--.--,0,--.--,--.--,0000:32:26,75,0,0,1,1,15.30,-1.00,-113,--.--,50,--.--,--:--:--,1,-15.30,16:02:08,21:02:08,7/9/26,--.--,--.--,--.--,--.--,--.--,--.--,--.--,--.--,--.--,--.--,--.--,--.--,0,--.--,--.--,--.--,--.--,--.--,--.--,--.--,--.--,--.--,--.--,--.--,--.--,--.--,--.--,--.--,--.--,0,0.000,0.000,0.000,0.000,0.000,0.000,0.000,0.000,0.000,0.000,0.000,0.000,true,true,true,true,true,true,false,false,true,true,false,false,0.05,0.00,0.02,0.01,--.--,--.--,0.15,0.17,9223372036854775808,0,--.--,--.--,--.--,--.--,--.--,0,0,0,0,37.4122944,-121.9985271,10SEG 88624 41081,0.7,1.1,248.2,3,10,--.--,--.--,,--.--,--.--,--.--,0,0,--.--,--.--,0,0.0,0.0,-29.7,0.0,-0.0,-0.1,0.0,-0.0,-29.9,0.0,-0.0,-0.1,--.--,--.--,--.--,--.--,1.0,-0.0,247.5,-0.6,-0.1,0.0,288.15,--.--,--.--,0,0,0.0,0.0,0.0,0,0,0,--.--,--.--,--.--
2026-07-09 16:02:09.545,1.0,0.0,247,1.2,0.1,-0.1,0.0,1.1,0.000,0.1,29.5,67.5,66.7,29.601,0.000,0.000,0.000,0.0,00:06:10,0.1,2.8,1,--.--,0,--.--,--.--,0000:32:26,74,0,0,1,1,15.30,-1.00,-113,--.--,50,--.--,--:--:--,1,-15.30,16:02:09,21:02:09,7/9/26,--.--,--.--,--.--,--.--,--.--,--.--,--.--,--.--,--.--,--.--,--.--,--.--,0,--.--,--.--,--.--,--.--,--.--,--.--,--.--,--.--,--.--,--.--,--.--,--.--,--.--,--.--,--.--,--.--,0,0.000,0.000,0.000,0.000,0.000,0.000,0.000,0.000,0.000,0.000,0.000,0.000,true,true,true,true,true,true,false,false,true,true,false,false,0.04,0.00,0.02,0.01,--.--,--.--,0.15,0.17,9223372036854775808,0,--.--,--.--,--.--,--.--,--.--,0,0,0,0,37.4122942,-121.9985269,10SEG 88624 41081,0.7,1.1,107.3,3,10,--.--,--.--,,--.--,--.--,--.--,0,0,--.--,--.--,0,0.0,0.0,-29.7,0.0,-0.0,-0.1,0.0,-0.0,-29.9,0.0,-0.0,-0.1,--.--,--.--,--.--,--.--,1.3,-0.0,247.5,1.2,-0.0,0.3,288.15,--.--,--.--,0,0,0.0,0.0,0.0,0,0,0,--.--,--.--,--.--
2026-07-09 16:02:10.545,0.7,-0.0,247,-1.3,-0.2,0.2,0.1,-0.3,0.000,0.1,29.5,67.5,66.7,29.624,0.000,0.000,0.000,0.0,00:06:11,0.1,1.2,1,--.--,0,--.--,--.--,0000:32:26,74,0,0,1,1,15.30,-1.00,-113,--.--,50,--.--,--:--:--,1,-15.30,16:02:10,21:02:10,7/9/26,--.--,--.--,--.--,--.--,--.--,--.--,--.--,--.--,--.--,--.--,--.--,--.--,0,--.--,--.--,--.--,--.--,--.--,--.--,--.--,--.--,--.--,--.--,--.--,--.--,--.--,--.--,--.--,--.--,0,0.000,0.000,0.000,0.000,0.000,0.000,0.000,0.000,0.000,0.000,0.000,0.000,true,true,true,true,true,true,false,false,true,true,false,false,0.04,0.00,0.02,0.01,--.--,--.--,0.15,0.17,9223372036854775808,0,--.--,--.--,--.--,--.--,--.--,0,0,0,0,37.4122938,-121.9985270,10SEG 88624 41081,0.7,1.1,219.7,3,10,--.--,--.--,,--.--,--.--,--.--,0,0,--.--,--.--,0,0.0,0.0,-29.8,0.1,-0.0,-0.1,0.0,-0.0,-29.9,0.0,-0.0,-0.1,--.--,--.--,--.--,--.--,0.6,0.0,247.6,-0.7,0.1,-0.0,288.15,--.--,--.--,0,0,0.0,0.0,0.0,0,0,0,--.--,--.--,--.--
2026-07-09 16:02:11.544,1.3,0.0,247,-0.5,0.1,0.1,0.0,0.8,0.000,0.1,29.5,67.5,66.7,29.639,0.000,0.000,0.000,0.0,00:06:12,0.1,2.4,1,--.--,0,--.--,--.--,0000:32:26,74,0,0,1,1,15.30,-1.00,-114,--.--,50,--.--,--:--:--,1,-15.30,16:02:11,21:02:11,7/9/26,--.--,--.--,--.--,--.--,--.--,--.--,--.--,--.--,--.--,--.--,--.--,--.--,0,--.--,--.--,--.--,--.--,--.--,--.--,--.--,--.--,--.--,--.--,--.--,--.--,--.--,--.--,--.--,--.--,0,0.000,0.000,0.000,0.000,0.000,0.000,0.000,0.000,0.000,0.000,0.000,0.000,true,true,true,true,true,true,false,false,true,true,false,false,0.03,0.01,0.01,0.01,--.--,--.--,0.15,0.17,9223372036854775808,0,--.--,--.--,--.--,--.--,--.--,0,0,0,0,37.4122941,-121.9985268,10SEG 88624 41081,0.7,1.1,5.5,3,10,--.--,--.--,,--.--,--.--,--.--,0,0,--.--,--.--,0,-0.0,0.0,-29.8,0.1,-0.0,-0.1,0.0,-0.0,-29.9,0.0,-0.0,-0.1,--.--,--.--,--.--,--.--,1.0,0.0,247.6,-1.5,-0.1,0.0,288.15,--.--,--.--,0,0,0.0,0.0,0.0,0,0,0,--.--,--.--,--.--
2026-07-09 16:02:12.544,0.6,-0.0,247,0.5,0.1,0.1,0.0,0.4,0.000,0.1,29.5,67.5,66.7,29.635,0.000,0.000,0.000,0.0,00:06:13,0.1,2.1,1,--.--,0,--.--,--.--,0000:32:26,75,0,0,1,1,15.30,-1.00,-114,--.--,50,--.--,--:--:--,1,-15.30,16:02:12,21:02:12,7/9/26,--.--,--.--,--.--,--.--,--.--,--.--,--.--,--.--,--.--,--.--,--.--,--.--,0,--.--,--.--,--.--,--.--,--.--,--.--,--.--,--.--,--.--,--.--,--.--,--.--,--.--,--.--,--.--,--.--,0,0.000,0.000,0.000,0.000,0.000,0.000,0.000,0.000,0.000,0.000,0.000,0.000,true,true,true,true,true,true,false,false,true,true,false,false,0.03,0.01,0.01,0.01,--.--,--.--,0.15,0.17,9223372036854775808,0,--.--,--.--,--.--,--.--,--.--,0,0,0,0,37.4122947,-121.9985266,10SEG 88624 41081,0.7,1.1,44.2,3,10,--.--,--.--,,--.--,--.--,--.--,0,0,--.--,--.--,0,0.0,0.1,-29.8,0.0,0.0,-0.1,0.0,-0.0,-29.9,0.0,-0.1,-0.1,--.--,--.--,--.--,--.--,0.7,0.0,247.7,0.7,0.1,-0.0,288.15,--.--,--.--,0,0,0.0,0.0,0.0,0,0,0,--.--,--.--,--.--
2026-07-09 16:02:13.544,1.3,0.1,247,-0.6,-0.0,0.2,0.0,1.6,0.000,0.1,29.5,67.5,66.7,29.639,0.000,0.000,0.000,0.0,00:06:14,0.1,5.0,1,--.--,0,--.--,--.--,0000:32:26,75,0,0,1,1,15.30,-1.00,-115,--.--,50,--.--,--:--:--,1,-15.30,16:02:13,21:02:13,7/9/26,--.--,--.--,--.--,--.--,--.--,--.--,--.--,--.--,--.--,--.--,--.--,--.--,0,--.--,--.--,--.--,--.--,--.--,--.--,--.--,--.--,--.--,--.--,--.--,--.--,--.--,--.--,--.--,--.--,0,0.000,0.000,0.000,0.000,0.000,0.000,0.000,0.000,0.000,0.000,0.000,0.000,true,true,true,true,true,true,false,false,true,true,false,false,0.03,0.01,0.01,0.01,--.--,--.--,0.15,0.17,9223372036854775808,0,--.--,--.--,--.--,--.--,--.--,0,0,0,0,37.4122947,-121.9985266,10SEG 88624 41081,0.7,1.1,74.4,3,10,--.--,--.--,,--.--,--.--,--.--,0,0,--.--,--.--,0,0.0,0.1,-29.8,0.0,-0.0,-0.1,0.0,-0.0,-29.9,0.0,-0.1,-0.1,--.--,--.--,--.--,--.--,1.0,-0.0,247.8,-1.2,-0.2,0.0,288.15,--.--,--.--,0,0,0.0,0.0,0.0,0,0,0,--.--,--.--,--.--
2026-07-09 16:02:14.544,0.0,-0.1,247,0.9,-0.0,0.1,0.0,-1.2,0.000,0.1,29.5,67.5,66.7,29.649,0.000,0.000,0.000,0.0,00:06:15,0.1,2.0,1,--.--,0,--.--,--.--,0000:32:26,74,0,0,1,1,15.30,-1.00,-115,--.--,50,--.--,--:--:--,1,-15.30,16:02:14,21:02:14,7/9/26,--.--,--.--,--.--,--.--,--.--,--.--,--.--,--.--,--.--,--.--,--.--,--.--,0,--.--,--.--,--.--,--.--,--.--,--.--,--.--,--.--,--.--,--.--,--.--,--.--,--.--,--.--,--.--,--.--,0,0.000,0.000,0.000,0.000,0.000,0.000,0.000,0.000,0.000,0.000,0.000,0.000,true,true,true,true,true,true,false,false,true,true,false,false,0.03,0.01,0.01,0.01,--.--,--.--,0.15,0.17,9223372036854775808,0,--.--,--.--,--.--,--.--,--.--,0,0,0,0,37.4122949,-121.9985269,10SEG 88624 41081,0.7,1.1,270.7,3,10,--.--,--.--,,--.--,--.--,--.--,0,0,--.--,--.--,0,0.1,0.1,-29.8,-0.0,-0.0,-0.1,0.0,-0.0,-29.9,-0.0,-0.0,-0.1,--.--,--.--,--.--,--.--,0.4,-0.0,248.0,1.9,0.3,-0.0,288.15,--.--,--.--,0,0,0.0,0.0,0.0,0,0,0,--.--,--.--,--.--
2026-07-09 16:02:15.544,1.5,0.1,247,-1.1,0.1,0.2,0.0,0.4,0.000,0.1,29.5,67.5,66.7,29.649,0.000,0.000,0.000,0.0,00:06:16,0.1,2.5,1,--.--,0,--.--,--.--,0000:32:26,75,0,0,1,1,15.30,-1.00,-115,--.--,50,--.--,--:--:--,1,-15.30,16:02:15,21:02:15,7/9/26,--.--,--.--,--.--,--.--,--.--,--.--,--.--,--.--,--.--,--.--,--.--,--.--,0,--.--,--.--,--.--,--.--,--.--,--.--,--.--,--.--,--.--,--.--,--.--,--.--,--.--,--.--,--.--,--.--,0,0.000,0.000,0.000,0.000,0.000,0.000,0.000,0.000,0.000,0.000,0.000,0.000,true,true,true,true,true,true,false,false,true,true,false,false,0.02,0.00,0.01,0.03,--.--,--.--,0.15,0.17,9223372036854775808,0,--.--,--.--,--.--,--.--,--.--,0,0,0,0,37.4122944,-121.9985269,10SEG 88624 41081,0.7,1.1,275.8,3,10,--.--,--.--,,--.--,--.--,--.--,0,0,--.--,--.--,0,0.0,0.0,-29.8,0.0,-0.0,-0.1,0.0,-0.0,-29.9,0.0,-0.0,-0.1,--.--,--.--,--.--,--.--,1.1,-0.0,247.9,-2.1,-0.3,0.2,288.15,--.--,--.--,0,0,0.0,0.0,0.0,0,0,0,--.--,--.--,--.--
2026-07-09 16:02:16.544,0.2,-0.0,248,1.5,0.0,0.0,0.0,-0.4,0.000,0.1,29.5,67.5,66.7,29.647,0.000,0.000,0.000,0.0,00:06:17,0.0,1.8,1,--.--,0,--.--,--.--,0000:32:26,74,0,0,1,1,15.30,-1.00,-115,--.--,50,--.--,--:--:--,1,-15.30,16:02:16,21:02:16,7/9/26,--.--,--.--,--.--,--.--,--.--,--.--,--.--,--.--,--.--,--.--,--.--,--.--,0,--.--,--.--,--.--,--.--,--.--,--.--,--.--,--.--,--.--,--.--,--.--,--.--,--.--,--.--,--.--,--.--,0,0.000,0.000,0.000,0.000,0.000,0.000,0.000,0.000,0.000,0.000,0.000,0.000,true,true,true,true,true,true,false,false,true,true,false,false,0.02,0.00,0.01,0.03,--.--,--.--,0.15,0.17,9223372036854775808,0,--.--,--.--,--.--,--.--,--.--,0,0,0,0,37.4122952,-121.9985269,10SEG 88624 41081,0.7,1.1,1.7,3,10,--.--,--.--,,--.--,--.--,--.--,0,0,--.--,--.--,0,0.0,0.0,-29.8,-0.0,-0.0,-0.1,0.0,-0.0,-29.9,-0.0,-0.0,-0.1,--.--,--.--,--.--,--.--,0.6,0.0,248.1,2.0,0.1,-0.0,288.15,--.--,--.--,0,0,0.0,0.0,0.0,0,0,0,--.--,--.--,--.--
2026-07-09 16:02:17.544,0.6,0.0,248,-1.2,-0.1,0.0,0.0,-1.2,0.000,0.1,29.5,67.5,66.7,29.658,0.000,0.000,0.000,0.0,00:06:18,0.1,4.2,1,--.--,0,--.--,--.--,0000:32:26,75,0,0,1,1,15.30,-1.00,-116,--.--,50,--.--,--:--:--,1,-15.30,16:02:17,21:02:17,7/9/26,--.--,--.--,--.--,--.--,--.--,--.--,--.--,--.--,--.--,--.--,--.--,--.--,0,--.--,--.--,--.--,--.--,--.--,--.--,--.--,--.--,--.--,--.--,--.--,--.--,--.--,--.--,--.--,--.--,0,0.000,0.000,0.000,0.000,0.000,0.000,0.000,0.000,0.000,0.000,0.000,0.000,true,true,true,true,true,true,false,false,true,true,false,false,0.01,0.01,0.01,0.02,--.--,--.--,0.15,0.17,9223372036854775808,0,--.--,--.--,--.--,--.--,--.--,0,0,0,0,37.4122952,-121.9985274,10SEG 88624 41081,0.7,1.1,27.8,3,10,--.--,--.--,,--.--,--.--,--.--,0,0,--.--,--.--,0,0.1,0.0,-29.8,0.0,0.0,-0.1,0.0,-0.0,-29.9,-0.0,-0.0,-0.1,--.--,--.--,--.--,--.--,0.3,-0.0,248.1,-1.2,-0.1,0.0,288.15,--.--,--.--,0,0,0.0,0.0,0.0,0,0,0,--.--,--.--,--.--
2026-07-09 16:02:18.544,0.8,-0.0,248,1.1,0.1,-0.1,0.0,0.9,0.000,0.1,29.5,67.5,66.7,29.688,0.000,0.000,0.000,0.0,00:06:19,0.1,2.5,1,--.--,0,--.--,--.--,0000:32:26,74,0,0,1,1,15.30,-1.00,-116,--.--,50,--.--,--:--:--,1,-15.30,16:02:18,21:02:18,7/9/26,--.--,--.--,--.--,--.--,--.--,--.--,--.--,--.--,--.--,--.--,--.--,--.--,0,--.--,--.--,--.--,--.--,--.--,--.--,--.--,--.--,--.--,--.--,--.--,--.--,--.--,--.--,--.--,--.--,0,0.000,0.000,0.000,0.000,0.000,0.000,0.000,0.000,0.000,0.000,0.000,0.000,true,true,true,true,true,true,false,false,true,true,false,false,0.01,0.01,0.01,0.02,--.--,--.--,0.15,0.17,9223372036854775808,0,--.--,--.--,--.--,--.--,--.--,0,0,0,0,37.4122952,-121.9985271,10SEG 88624 41081,0.7,1.1,90.1,3,10,--.--,--.--,,--.--,--.--,--.--,0,0,--.--,--.--,0,0.1,0.1,-29.8,-0.0,0.0,-0.1,0.0,-0.0,-29.9,-0.0,-0.1,-0.0,--.--,--.--,--.--,--.--,1.0,-0.0,248.1,1.0,0.0,0.0,288.15,--.--,--.--,0,0,0.0,0.0,0.0,0,0,0,--.--,--.--,--.--
2026-07-09 16:02:19.544,1.0,0.0,248,-0.6,-0.1,0.1,0.0,-1.3,0.000,0.0,29.6,67.5,66.7,29.694,0.000,0.000,0.000,0.0,00:06:20,0.1,3.1,1,--.--,0,--.--,--.--,0000:32:26,75,0,0,1,1,15.30,-1.00,-116,--.--,50,--.--,--:--:--,1,-15.30,16:02:19,21:02:19,7/9/26,--.--,--.--,--.--,--.--,--.--,--.--,--.--,--.--,--.--,--.--,--.--,--.--,0,--.--,--.--,--.--,--.--,--.--,--.--,--.--,--.--,--.--,--.--,--.--,--.--,--.--,--.--,--.--,--.--,0,0.000,0.000,0.000,0.000,0.000,0.000,0.000,0.000,0.000,0.000,0.000,0.000,true,true,true,true,true,true,false,false,true,true,false,false,0.01,0.00,0.01,0.01,--.--,--.--,0.15,0.17,9223372036854775808,0,--.--,--.--,--.--,--.--,--.--,0,0,0,0,37.4122950,-121.9985270,10SEG 88624 41081,0.7,1.1,211.5,3,10,--.--,--.--,,--.--,--.--,--.--,0,0,--.--,--.--,0,0.1,0.1,-29.8,-0.0,-0.0,-0.0,0.0,-0.0,-29.9,-0.0,-0.0,-0.0,--.--,--.--,--.--,--.--,0.8,0.0,248.0,-0.7,-0.0,-0.0,288.15,--.--,--.--,0,0,0.0,0.0,0.0,0,0,0,--.--,--.--,--.--
2026-07-09 16:02:20.544,0.7,-0.0,248,-0.2,0.0,0.0,0.0,-0.2,0.000,0.0,29.6,67.6,66.7,29.699,0.000,0.000,0.000,0.0,00:06:21,0.1,1.6,1,--.--,0,--.--,--.--,0000:32:26,74,0,0,1,1,15.30,-1.00,-116,--.--,50,--.--,--:--:--,1,-15.30,16:02:20,21:02:20,7/9/26,--.--,--.--,--.--,--.--,--.--,--.--,--.--,--.--,--.--,--.--,--.--,--.--,0,--.--,--.--,--.--,--.--,--.--,--.--,--.--,--.--,--.--,--.--,--.--,--.--,--.--,--.--,--.--,--.--,0,0.000,0.000,0.000,0.000,0.000,0.000,0.000,0.000,0.000,0.000,0.000,0.000,true,true,true,true,true,true,false,false,true,true,false,false,0.01,0.00,0.01,0.01,--.--,--.--,0.15,0.17,9223372036854775808,0,--.--,--.--,--.--,--.--,--.--,0,0,0,0,37.4122949,-121.9985272,10SEG 88624 41081,0.7,1.1,4.7,3,10,--.--,--.--,,--.--,--.--,--.--,0,0,--.--,--.--,0,0.1,0.0,-29.8,-0.0,-0.0,-0.0,0.0,-0.0,-29.9,-0.0,-0.0,-0.0,--.--,--.--,--.--,--.--,0.6,0.0,248.0,-0.1,0.1,-0.0,288.15,--.--,--.--,0,0,0.0,0.0,0.0,0,0,0,--.--,--.--,--.--
2026-07-09 16:02:21.544,0.7,-0.0,247,0.2,0.1,-0.1,0.0,-0.6,0.000,0.0,29.6,67.5,66.7,29.690,0.000,0.000,0.000,0.0,00:06:22,0.0,1.2,1,--.--,0,--.--,--.--,0000:32:26,74,0,0,1,1,15.30,-1.00,-117,--.--,50,--.--,--:--:--,1,-15.30,16:02:21,21:02:21,7/9/26,--.--,--.--,--.--,--.--,--.--,--.--,--.--,--.--,--.--,--.--,--.--,--.--,0,--.--,--.--,--.--,--.--,--.--,--.--,--.--,--.--,--.--,--.--,--.--,--.--,--.--,--.--,--.--,--.--,0,0.000,0.000,0.000,0.000,0.000,0.000,0.000,0.000,0.000,0.000,0.000,0.000,true,true,true,true,true,true,false,false,true,true,false,false,0.01,0.00,0.01,0.01,--.--,--.--,0.15,0.17,9223372036854775808,0,--.--,--.--,--.--,--.--,--.--,0,0,0,0,37.4122949,-121.9985276,10SEG 88624 41081,0.7,1.1,291.0,3,10,--.--,--.--,,--.--,--.--,--.--,0,0,--.--,--.--,0,0.1,-0.0,-29.8,-0.0,-0.0,-0.0,0.0,-0.0,-29.9,-0.0,0.0,-0.0,--.--,--.--,--.--,--.--,0.8,0.0,248.0,0.2,0.1,0.0,288.15,--.--,--.--,0,0,0.0,0.0,0.0,0,0,0,--.--,--.--,--.--
2026-07-09 16:02:22.544,0.6,0.0,247,-0.5,-0.0,-0.0,0.0,-1.9,0.000,0.0,29.6,67.5,66.7,29.688,0.000,0.000,0.000,0.0,00:06:23,0.1,1.9,1,--.--,0,--.--,--.--,0000:32:26,74,0,0,1,1,15.30,-1.00,-117,--.--,50,--.--,--:--:--,1,-15.30,16:02:22,21:02:22,7/9/26,--.--,--.--,--.--,--.--,--.--,--.--,--.--,--.--,--.--,--.--,--.--,--.--,0,--.--,--.--,--.--,--.--,--.--,--.--,--.--,--.--,--.--,--.--,--.--,--.--,--.--,--.--,--.--,--.--,0,0.000,0.000,0.000,0.000,0.000,0.000,0.000,0.000,0.000,0.000,0.000,0.000,true,true,true,true,true,true,false,false,true,true,false,false,0.01,0.00,0.01,0.01,--.--,--.--,0.15,0.17,9223372036854775808,0,--.--,--.--,--.--,--.--,--.--,0,0,0,0,37.4122952,-121.9985274,10SEG 88624 41081,0.7,1.1,51.6,3,10,--.--,--.--,,--.--,--.--,--.--,0,0,--.--,--.--,0,0.1,0.0,-29.8,-0.0,0.0,-0.0,0.0,-0.0,-29.9,-0.0,-0.0,-0.0,--.--,--.--,--.--,--.--,0.5,0.0,247.9,-0.5,-0.0,0.0,288.15,--.--,--.--,0,0,0.0,0.0,0.0,0,0,0,--.--,--.--,--.--
2026-07-09 16:02:23.544,0.9,0.0,247,0.3,0.1,0.0,0.0,-1.1,0.000,0.1,29.6,67.5,66.7,29.684,0.000,0.000,0.000,0.0,00:06:24,0.1,1.9,1,--.--,0,--.--,--.--,0000:32:26,75,0,0,1,1,15.30,-1.00,-117,--.--,50,--.--,--:--:--,1,-15.30,16:02:23,21:02:23,7/9/26,--.--,--.--,--.--,--.--,--.--,--.--,--.--,--.--,--.--,--.--,--.--,--.--,0,--.--,--.--,--.--,--.--,--.--,--.--,--.--,--.--,--.--,--.--,--.--,--.--,--.--,--.--,--.--,--.--,0,0.000,0.000,0.000,0.000,0.000,0.000,0.000,0.000,0.000,0.000,0.000,0.000,true,true,true,true,true,true,false,false,true,true,false,false,0.02,0.00,0.01,0.01,--.--,--.--,0.15,0.17,9223372036854775808,0,--.--,--.--,--.--,--.--,--.--,0,0,0,0,37.4122954,-121.9985279,10SEG 88624 41081,0.7,1.1,76.4,3,10,--.--,--.--,,--.--,--.--,--.--,0,0,--.--,--.--,0,0.1,0.0,-29.8,-0.0,0.0,-0.1,0.0,-0.0,-29.9,-0.0,-0.0,-0.0,--.--,--.--,--.--,--.--,0.9,0.0,247.8,-0.1,-0.2,0.0,288.15,--.--,--.--,0,0,0.0,0.0,0.0,0,0,0,--.--,--.--,--.--
2026-07-09 16:02:24.545,0.7,-0.0,247,0.3,-0.0,0.0,0.0,0.5,0.000,0.0,29.6,67.5,66.7,29.694,0.000,0.000,0.000,0.0,00:06:25,0.1,3.1,1,--.--,0,--.--,--.--,0000:32:26,74,0,0,1,1,15.30,-1.00,-117,--.--,50,--.--,--:--:--,1,-15.30,16:02:24,21:02:24,7/9/26,--.--,--.--,--.--,--.--,--.--,--.--,--.--,--.--,--.--,--.--,--.--,--.--,0,--.--,--.--,--.--,--.--,--.--,--.--,--.--,--.--,--.--,--.--,--.--,--.--,--.--,--.--,--.--,--.--,0,0.000,0.000,0.000,0.000,0.000,0.000,0.000,0.000,0.000,0.000,0.000,0.000,true,true,true,true,true,true,false,false,true,true,false,false,0.02,0.00,0.01,0.01,--.--,--.--,0.15,0.17,9223372036854775808,0,--.--,--.--,--.--,--.--,--.--,0,0,0,0,37.4122951,-121.9985272,10SEG 88624 41081,0.7,1.1,214.4,3,10,--.--,--.--,,--.--,--.--,--.--,0,0,--.--,--.--,0,0.1,0.0,-29.8,-0.0,-0.0,-0.0,0.0,-0.0,-29.9,-0.0,-0.0,-0.0,--.--,--.--,--.--,--.--,0.9,0.0,247.9,0.6,0.1,-0.0,288.15,--.--,--.--,0,0,0.0,0.0,0.0,0,0,0,--.--,--.--,--.--
2026-07-09 16:02:25.544,1.2,0.0,247,0.0,0.1,0.1,0.0,1.1,0.000,0.0,29.6,67.6,66.7,29.691,0.000,0.000,0.000,0.0,00:06:26,0.1,2.2,1,--.--,0,--.--,--.--,0000:32:26,74,0,0,1,1,15.30,-1.00,-118,--.--,50,--.--,--:--:--,1,-15.30,16:02:25,21:02:25,7/9/26,--.--,--.--,--.--,--.--,--.--,--.--,--.--,--.--,--.--,--.--,--.--,--.--,0,--.--,--.--,--.--,--.--,--.--,--.--,--.--,--.--,--.--,--.--,--.--,--.--,--.--,--.--,--.--,--.--,0,0.000,0.000,0.000,0.000,0.000,0.000,0.000,0.000,0.000,0.000,0.000,0.000,true,true,true,true,true,true,false,false,true,true,false,false,0.01,0.00,0.01,0.01,--.--,--.--,0.15,0.17,9223372036854775808,0,--.--,--.--,--.--,--.--,--.--,0,0,0,0,37.4122949,-121.9985276,10SEG 88624 41081,0.7,1.1,165.8,3,10,--.--,--.--,,--.--,--.--,--.--,0,0,--.--,--.--,0,0.0,0.0,-29.8,-0.0,-0.0,-0.0,0.0,-0.0,-29.9,-0.0,-0.0,-0.0,--.--,--.--,--.--,--.--,1.1,-0.0,247.9,-0.2,-0.2,0.2,288.15,--.--,--.--,0,0,0.0,0.0,0.0,0,0,0,--.--,--.--,--.--
2026-07-09 16:02:26.544,0.6,-0.0,247,-0.4,-0.1,0.1,0.0,-0.9,0.000,0.0,29.6,67.5,66.7,29.697,0.000,0.000,0.000,0.0,00:06:27,0.0,1.7,1,--.--,0,--.--,--.--,0000:32:26,74,0,0,1,1,15.30,-1.00,-118,--.--,50,--.--,--:--:--,1,-15.30,16:02:26,21:02:26,7/9/26,--.--,--.--,--.--,--.--,--.--,--.--,--.--,--.--,--.--,--.--,--.--,--.--,0,--.--,--.--,--.--,--.--,--.--,--.--,--.--,--.--,--.--,--.--,--.--,--.--,--.--,--.--,--.--,--.--,0,0.000,0.000,0.000,0.000,0.000,0.000,0.000,0.000,0.000,0.000,0.000,0.000,true,true,true,true,true,true,false,false,true,true,false,false,0.01,0.00,0.01,0.01,--.--,--.--,0.15,0.17,9223372036854775808,0,--.--,--.--,--.--,--.--,--.--,0,0,0,0,37.4122948,-121.9985274,10SEG 88624 41081,0.7,1.1,230.3,3,10,--.--,--.--,,--.--,--.--,--.--,0,0,--.--,--.--,0,0.0,-0.0,-29.8,0.0,-0.0,-0.0,0.0,-0.0,-29.9,-0.0,0.0,-0.0,--.--,--.--,--.--,--.--,0.6,-0.0,247.9,0.1,0.1,-0.0,288.15,--.--,--.--,0,0,0.0,0.0,0.0,0,0,0,--.--,--.--,--.--
2026-07-09 16:02:27.544,0.9,0.0,247,-0.2,0.0,-0.1,0.0,0.8,0.000,0.0,29.6,67.6,66.7,29.709,0.000,0.000,0.000,0.0,00:06:28,0.0,1.5,1,--.--,0,--.--,--.--,0000:32:26,74,0,0,1,1,15.30,-1.00,-118,--.--,50,--.--,--:--:--,1,-15.30,16:02:27,21:02:27,7/9/26,--.--,--.--,--.--,--.--,--.--,--.--,--.--,--.--,--.--,--.--,--.--,--.--,0,--.--,--.--,--.--,--.--,--.--,--.--,--.--,--.--,--.--,--.--,--.--,--.--,--.--,--.--,--.--,--.--,0,0.000,0.000,0.000,0.000,0.000,0.000,0.000,0.000,0.000,0.000,0.000,0.000,true,true,true,true,true,true,false,false,true,true,false,false,0.02,0.00,0.00,0.02,--.--,--.--,0.15,0.17,9223372036854775808,0,--.--,--.--,--.--,--.--,--.--,0,0,0,0,37.4122950,-121.9985278,10SEG 88624 41081,0.7,1.1,338.7,3,10,--.--,--.--,,--.--,--.--,--.--,0,0,--.--,--.--,0,0.0,-0.0,-29.8,0.0,0.0,-0.0,0.0,-0.0,-29.9,0.0,0.0,-0.0,--.--,--.--,--.--,--.--,0.8,-0.0,247.9,-0.7,-0.0,0.0,288.15,--.--,--.--,0,0,0.0,0.0,0.0,0,0,0,--.--,--.--,--.--
2026-07-09 16:02:28.544,0.6,-0.0,247,0.9,0.0,-0.1,0.0,-1.4,0.000,0.0,29.6,67.6,66.7,29.716,0.000,0.000,0.000,0.0,00:06:29,0.0,0.8,1,--.--,0,--.--,--.--,0000:32:26,74,0,0,1,1,15.30,-1.00,-118,--.--,50,--.--,--:--:--,1,-15.30,16:02:28,21:02:28,7/9/26,--.--,--.--,--.--,--.--,--.--,--.--,--.--,--.--,--.--,--.--,--.--,--.--,0,--.--,--.--,--.--,--.--,--.--,--.--,--.--,--.--,--.--,--.--,--.--,--.--,--.--,--.--,--.--,--.--,0,0.000,0.000,0.000,0.000,0.000,0.000,0.000,0.000,0.000,0.000,0.000,0.000,true,true,true,true,true,true,false,false,true,true,false,false,0.02,0.00,0.00,0.02,--.--,--.--,0.15,0.17,9223372036854775808,0,--.--,--.--,--.--,--.--,--.--,0,0,0,0,37.4122947,-121.9985279,10SEG 88624 41081,0.7,1.1,100.0,3,10,--.--,--.--,,--.--,--.--,--.--,0,0,--.--,--.--,0,0.1,-0.0,-29.8,-0.0,0.0,-0.0,0.0,-0.0,-29.9,-0.0,-0.0,-0.0,--.--,--.--,--.--,--.--,0.9,-0.0,247.8,1.3,0.1,0.0,288.15,--.--,--.--,0,0,0.0,0.0,0.0,0,0,0,--.--,--.--,--.--
2026-07-09 16:02:29.544,1.0,0.0,247,-0.9,-0.1,0.1,0.0,-0.5,0.000,0.0,29.6,67.6,66.7,29.707,0.000,0.000,0.000,0.0,00:06:30,0.1,2.3,1,--.--,0,--.--,--.--,0000:32:26,75,0,0,1,1,15.30,-1.00,-119,--.--,50,--.--,--:--:--,1,-15.30,16:02:29,21:02:29,7/9/26,--.--,--.--,--.--,--.--,--.--,--.--,--.--,--.--,--.--,--.--,--.--,--.--,0,--.--,--.--,--.--,--.--,--.--,--.--,--.--,--.--,--.--,--.--,--.--,--.--,--.--,--.--,--.--,--.--,0,0.000,0.000,0.000,0.000,0.000,0.000,0.000,0.000,0.000,0.000,0.000,0.000,true,true,true,true,true,true,false,false,true,true,false,false,0.01,0.00,0.01,0.02,--.--,--.--,0.15,0.17,9223372036854775808,0,--.--,--.--,--.--,--.--,--.--,0,0,0,0,37.4122948,-121.9985271,10SEG 88624 41081,0.7,1.1,103.8,3,10,--.--,--.--,,--.--,--.--,--.--,0,0,--.--,--.--,0,0.1,0.0,-29.8,0.0,0.0,-0.0,0.0,-0.0,-29.9,-0.0,-0.0,-0.0,--.--,--.--,--.--,--.--,0.8,0.0,247.8,-1.0,-0.2,0.0,288.15,--.--,--.--,0,0,0.0,0.0,0.0,0,0,0,--.--,--.--,--.--
2026-07-09 16:02:30.544,0.9,-0.0,247,1.4,0.1,-0.0,0.0,2.1,0.000,0.0,29.6,67.6,66.7,29.719,0.000,0.000,0.000,0.0,00:06:31,0.1,4.7,1,--.--,0,--.--,--.--,0000:32:26,74,0,0,1,1,15.30,-1.00,-119,--.--,50,--.--,--:--:--,1,-15.30,16:02:30,21:02:30,7/9/26,--.--,--.--,--.--,--.--,--.--,--.--,--.--,--.--,--.--,--.--,--.--,--.--,0,--.--,--.--,--.--,--.--,--.--,--.--,--.--,--.--,--.--,--.--,--.--,--.--,--.--,--.--,--.--,--.--,0,0.000,0.000,0.000,0.000,0.000,0.000,0.000,0.000,0.000,0.000,0.000,0.000,true,true,true,true,true,true,false,false,true,true,false,false,0.01,0.00,0.01,0.02,--.--,--.--,0.15,0.17,9223372036854775808,0,--.--,--.--,--.--,--.--,--.--,0,0,0,0,37.4122947,-121.9985274,10SEG 88624 41081,0.7,1.1,210.4,3,10,--.--,--.--,,--.--,--.--,--.--,0,0,--.--,--.--,0,0.0,0.0,-29.8,-0.0,-0.0,-0.0,0.0,-0.0,-29.9,0.0,-0.0,-0.0,--.--,--.--,--.--,--.--,1.2,-0.0,247.9,1.3,0.1,0.1,288.15,--.--,--.--,0,0,0.0,0.0,0.0,0,0,0,--.--,--.--,--.--
2026-07-09 16:02:31.544,0.9,-0.0,247,-0.5,-0.1,0.0,0.0,1.2,0.000,0.0,29.6,67.6,66.7,29.721,0.000,0.000,0.000,0.0,00:06:32,0.0,1.6,1,--.--,0,--.--,--.--,0000:32:26,74,0,0,1,1,15.30,-1.00,-120,--.--,50,--.--,--:--:--,1,-15.30,16:02:31,21:02:31,7/9/26,--.--,--.--,--.--,--.--,--.--,--.--,--.--,--.--,--.--,--.--,--.--,--.--,0,--.--,--.--,--.--,--.--,--.--,--.--,--.--,--.--,--.--,--.--,--.--,--.--,--.--,--.--,--.--,--.--,0,0.000,0.000,0.000,0.000,0.000,0.000,0.000,0.000,0.000,0.000,0.000,0.000,true,true,true,true,true,true,false,false,true,true,false,false,0.01,0.00,0.00,0.01,--.--,--.--,0.15,0.17,9223372036854775808,0,--.--,--.--,--.--,--.--,--.--,0,0,0,0,37.4122944,-121.9985275,10SEG 88624 41081,0.7,1.1,267.5,3,10,--.--,--.--,,--.--,--.--,--.--,0,0,--.--,--.--,0,0.0,-0.0,-29.8,0.0,-0.0,-0.0,0.0,-0.0,-29.9,0.0,-0.0,-0.0,--.--,--.--,--.--,--.--,0.8,-0.0,247.9,-0.5,0.1,0.0,288.15,--.--,--.--,0,0,0.0,0.0,0.0,0,0,0,--.--,--.--,--.--
2026-07-09 16:02:32.544,0.4,-0.1,247,-0.1,-0.0,-0.0,0.0,1.7,0.000,0.0,29.6,67.6,66.7,29.719,0.000,0.000,0.000,0.0,00:06:33,0.0,0.5,1,--.--,0,--.--,--.--,0000:32:26,74,0,0,1,1,15.30,-1.00,-120,--.--,50,--.--,--:--:--,1,-15.30,16:02:32,21:02:32,7/9/26,--.--,--.--,--.--,--.--,--.--,--.--,--.--,--.--,--.--,--.--,--.--,--.--,0,--.--,--.--,--.--,--.--,--.--,--.--,--.--,--.--,--.--,--.--,--.--,--.--,--.--,--.--,--.--,--.--,0,0.000,0.000,0.000,0.000,0.000,0.000,0.000,0.000,0.000,0.000,0.000,0.000,true,true,true,true,true,true,false,false,true,true,false,false,0.01,0.00,0.00,0.01,--.--,--.--,0.15,0.17,9223372036854775808,0,--.--,--.--,--.--,--.--,--.--,0,0,0,0,37.4122948,-121.9985278,10SEG 88624 41081,0.7,1.1,201.9,3,10,--.--,--.--,,--.--,--.--,--.--,0,0,--.--,--.--,0,0.0,-0.0,-29.8,0.0,-0.0,-0.0,0.0,-0.0,-29.9,0.0,0.0,-0.0,--.--,--.--,--.--,--.--,0.5,0.0,247.9,0.4,0.2,-0.0,288.15,--.--,--.--,0,0,0.0,0.0,0.0,0,0,0,--.--,--.--,--.--
2026-07-09 16:02:33.545,1.1,0.1,247,-0.0,0.1,-0.1,0.0,1.6,0.000,0.0,29.6,67.6,66.7,29.712,0.000,0.000,0.000,0.0,00:06:34,0.0,0.9,1,--.--,0,--.--,--.--,0000:32:26,74,0,0,1,1,15.30,-1.00,-120,--.--,50,--.--,--:--:--,1,-15.30,16:02:33,21:02:33,7/9/26,--.--,--.--,--.--,--.--,--.--,--.--,--.--,--.--,--.--,--.--,--.--,--.--,0,--.--,--.--,--.--,--.--,--.--,--.--,--.--,--.--,--.--,--.--,--.--,--.--,--.--,--.--,--.--,--.--,0,0.000,0.000,0.000,0.000,0.000,0.000,0.000,0.000,0.000,0.000,0.000,0.000,true,true,true,true,true,true,false,false,true,true,false,false,0.01,0.00,0.00,0.02,--.--,--.--,0.15,0.17,9223372036854775808,0,--.--,--.--,--.--,--.--,--.--,0,0,0,0,37.4122948,-121.9985275,10SEG 88624 41081,0.7,1.1,80.3,3,10,--.--,--.--,,--.--,--.--,--.--,0,0,--.--,--.--,0,0.0,-0.0,-29.8,0.0,0.0,-0.0,0.0,-0.0,-29.9,0.0,-0.0,-0.0,--.--,--.--,--.--,--.--,1.0,-0.0,247.8,-0.5,-0.2,0.0,288.15,--.--,--.--,0,0,0.0,0.0,0.0,0,0,0,--.--,--.--,--.--
2026-07-09 16:02:34.544,0.6,0.0,247,0.1,-0.1,0.1,0.1,0.4,0.000,0.0,29.6,67.6,66.7,29.716,0.000,0.000,0.000,0.0,00:06:35,0.1,1.6,1,--.--,0,--.--,--.--,0000:32:26,75,0,0,1,1,15.30,-1.00,-120,--.--,50,--.--,--:--:--,1,-15.30,16:02:34,21:02:34,7/9/26,--.--,--.--,--.--,--.--,--.--,--.--,--.--,--.--,--.--,--.--,--.--,--.--,0,--.--,--.--,--.--,--.--,--.--,--.--,--.--,--.--,--.--,--.--,--.--,--.--,--.--,--.--,--.--,--.--,0,0.000,0.000,0.000,0.000,0.000,0.000,0.000,0.000,0.000,0.000,0.000,0.000,true,true,true,true,true,true,false,false,true,true,false,false,0.01,0.00,0.00,0.02,--.--,--.--,0.15,0.17,9223372036854775808,0,--.--,--.--,--.--,--.--,--.--,0,0,0,0,37.4122949,-121.9985267,10SEG 88624 41081,0.7,1.1,6.8,3,10,--.--,--.--,,--.--,--.--,--.--,0,0,--.--,--.--,0,0.0,0.1,-29.8,0.0,0.0,-0.0,0.0,-0.0,-29.9,-0.0,-0.0,-0.0,--.--,--.--,--.--,--.--,0.6,-0.0,247.8,0.3,-0.0,-0.0,288.15,--.--,--.--,0,0,0.0,0.0,0.0,0,0,0,--.--,--.--,--.--
2026-07-09 16:02:35.544,1.0,0.0,247,-0.0,-0.0,0.1,0.0,-1.8,0.000,0.0,29.6,67.6,66.7,29.719,0.000,0.000,0.000,0.0,00:06:36,0.1,13.7,1,--.--,0,--.--,--.--,0000:32:26,75,0,0,1,1,15.30,-1.00,-121,--.--,50,--.--,--:--:--,1,-15.30,16:02:35,21:02:35,7/9/26,--.--,--.--,--.--,--.--,--.--,--.--,--.--,--.--,--.--,--.--,--.--,--.--,0,--.--,--.--,--.--,--.--,--.--,--.--,--.--,--.--,--.--,--.--,--.--,--.--,--.--,--.--,--.--,--.--,0,0.000,0.000,0.000,0.000,0.000,0.000,0.000,0.000,0.000,0.000,0.000,0.000,true,true,true,true,true,true,false,false,true,true,false,false,0.01,0.01,0.01,0.01,--.--,--.--,0.15,0.17,9223372036854775808,0,--.--,--.--,--.--,--.--,--.--,0,0,0,0,37.4122950,-121.9985263,10SEG 88624 41081,0.7,1.1,140.5,3,10,--.--,--.--,,--.--,--.--,--.--,0,0,--.--,--.--,0,0.1,0.1,-29.8,0.0,-0.0,-0.0,0.0,-0.0,-29.9,-0.0,-0.1,-0.0,--.--,--.--,--.--,--.--,0.9,0.0,247.8,-0.4,-0.2,0.0,288.15,--.--,--.--,0,0,0.0,0.0,0.0,0,0,0,--.--,--.--,--.--
2026-07-09 16:02:36.544,0.7,-0.0,247,0.8,0.0,0.0,0.1,1.5,0.000,0.0,29.6,67.6,66.7,29.723,0.000,0.000,0.000,0.0,00:06:37,0.1,1.8,1,--.--,0,--.--,--.--,0000:32:26,74,0,0,1,1,15.30,-1.00,-121,--.--,50,--.--,--:--:--,1,-15.30,16:02:36,21:02:36,7/9/26,--.--,--.--,--.--,--.--,--.--,--.--,--.--,--.--,--.--,--.--,--.--,--.--,0,--.--,--.--,--.--,--.--,--.--,--.--,--.--,--.--,--.--,--.--,--.--,--.--,--.--,--.--,--.--,--.--,0,0.000,0.000,0.000,0.000,0.000,0.000,0.000,0.000,0.000,0.000,0.000,0.000,true,true,true,true,true,true,false,false,true,true,false,false,0.01,0.01,0.01,0.01,--.--,--.--,0.15,0.17,9223372036854775808,0,--.--,--.--,--.--,--.--,--.--,0,0,0,0,37.4122949,-121.9985264,10SEG 88624 41081,0.7,1.1,230.8,3,10,--.--,--.--,,--.--,--.--,--.--,0,0,--.--,--.--,0,0.0,0.1,-29.8,-0.0,-0.1,-0.0,0.0,-0.0,-29.9,-0.0,-0.1,-0.0,--.--,--.--,--.--,--.--,0.9,0.0,247.9,1.0,0.1,-0.0,288.15,--.--,--.--,0,0,0.0,0.0,0.0,0,0,0,--.--,--.--,--.--
2026-07-09 16:02:37.544,0.9,0.0,247,-0.7,0.0,0.0,0.1,0.4,0.000,0.0,29.6,67.6,66.7,29.710,0.000,0.000,0.000,0.0,00:06:38,0.0,0.8,1,--.--,0,--.--,--.--,0000:32:26,74,0,0,1,1,15.30,-1.00,-121,--.--,50,--.--,--:--:--,1,-15.30,16:02:37,21:02:37,7/9/26,--.--,--.--,--.--,--.--,--.--,--.--,--.--,--.--,--.--,--.--,--.--,--.--,0,--.--,--.--,--.--,--.--,--.--,--.--,--.--,--.--,--.--,--.--,--.--,--.--,--.--,--.--,--.--,--.--,0,0.000,0.000,0.000,0.000,0.000,0.000,0.000,0.000,0.000,0.000,0.000,0.000,true,true,true,true,true,true,false,false,true,true,false,false,0.01,0.01,0.00,0.02,--.--,--.--,0.15,0.17,9223372036854775808,0,--.--,--.--,--.--,--.--,--.--,0,0,0,0,37.4122944,-121.9985270,10SEG 88624 41081,0.7,1.1,266.4,3,10,--.--,--.--,,--.--,--.--,--.--,0,0,--.--,--.--,0,0.0,0.0,-29.8,0.0,-0.1,-0.0,0.0,-0.0,-29.9,0.0,-0.0,-0.0,--.--,--.--,--.--,--.--,0.8,0.0,247.8,-0.7,-0.1,0.0,288.15,--.--,--.--,0,0,0.0,0.0,0.0,0,0,0,--.--,--.--,--.--
2026-07-09 16:02:38.544,0.6,0.0,247,-0.2,0.0,-0.1,0.0,-0.9,0.000,0.0,29.6,67.6,66.7,29.703,0.000,0.000,0.000,0.0,00:06:39,0.0,0.9,1,--.--,0,--.--,--.--,0000:32:26,74,0,0,1,1,15.30,-1.00,-121,--.--,50,--.--,--:--:--,1,-15.30,16:02:38,21:02:38,7/9/26,--.--,--.--,--.--,--.--,--.--,--.--,--.--,--.--,--.--,--.--,--.--,--.--,0,--.--,--.--,--.--,--.--,--.--,--.--,--.--,--.--,--.--,--.--,--.--,--.--,--.--,--.--,--.--,--.--,0,0.000,0.000,0.000,0.000,0.000,0.000,0.000,0.000,0.000,0.000,0.000,0.000,true,true,true,true,true,true,false,false,true,true,false,false,0.01,0.01,0.00,0.02,--.--,--.--,0.15,0.17,9223372036854775808,0,--.--,--.--,--.--,--.--,--.--,0,0,0,0,37.4122946,-121.9985278,10SEG 88624 41081,0.7,1.1,303.4,3,10,--.--,--.--,,--.--,--.--,--.--,0,0,--.--,--.--,0,0.0,-0.0,-29.8,0.0,-0.0,-0.0,0.0,-0.0,-29.9,0.0,0.0,-0.0,--.--,--.--,--.--,--.--,0.6,0.0,247.7,-0.4,-0.1,0.0,288.15,--.--,--.--,0,0,0.0,0.0,0.0,0,0,0,--.--,--.--,--.--
2026-07-09 16:02:39.544,0.7,0.0,247,0.9,0.1,-0.1,0.0,1.7,0.000,0.0,29.6,67.6,66.7,29.716,0.000,0.000,0.000,0.0,00:06:40,0.0,0.2,1,--.--,0,--.--,--.--,0000:32:26,74,0,0,1,1,15.30,-1.00,-122,--.--,50,--.--,--:--:--,1,-15.30,16:02:39,21:02:39,7/9/26,--.--,--.--,--.--,--.--,--.--,--.--,--.--,--.--,--.--,--.--,--.--,--.--,0,--.--,--.--,--.--,--.--,--.--,--.--,--.--,--.--,--.--,--.--,--.--,--.--,--.--,--.--,--.--,--.--,0,0.000,0.000,0.000,0.000,0.000,0.000,0.000,0.000,0.000,0.000,0.000,0.000,true,true,true,true,true,true,false,false,true,true,false,false,0.01,0.00,0.00,0.02,--.--,--.--,0.15,0.17,9223372036854775808,0,--.--,--.--,--.--,--.--,--.--,0,0,0,0,37.4122945,-121.9985279,10SEG 88624 41081,0.7,1.1,330.0,3,10,--.--,--.--,,--.--,--.--,--.--,0,0,--.--,--.--,0,0.0,-0.0,-29.8,0.0,0.0,-0.0,0.0,-0.0,-29.9,0.0,0.0,-0.0,--.--,--.--,--.--,--.--,0.9,0.0,247.6,0.8,-0.1,0.0,288.15,--.--,--.--,0,0,0.0,0.0,0.0,0,0,0,--.--,--.--,--.--
2026-07-09 16:02:40.544,0.6,0.0,247,-1.0,-0.1,0.1,0.0,0.5,0.000,0.0,29.6,67.6,66.7,29.725,0.000,0.000,0.000,0.0,00:06:41,0.0,0.8,1,--.--,0,--.--,--.--,0000:32:26,75,0,0,1,1,15.30,-1.00,-122,--.--,50,--.--,--:--:--,1,-15.30,16:02:40,21:02:40,7/9/26,--.--,--.--,--.--,--.--,--.--,--.--,--.--,--.--,--.--,--.--,--.--,--.--,0,--.--,--.--,--.--,--.--,--.--,--.--,--.--,--.--,--.--,--.--,--.--,--.--,--.--,--.--,--.--,--.--,0,0.000,0.000,0.000,0.000,0.000,0.000,0.000,0.000,0.000,0.000,0.000,0.000,true,true,true,true,true,true,false,false,true,true,false,false,0.01,0.00,0.00,0.02,--.--,--.--,0.15,0.17,9223372036854775808,0,--.--,--.--,--.--,--.--,--.--,0,0,0,0,37.4122950,-121.9985274,10SEG 88624 41081,0.7,1.1,11.2,3,10,--.--,--.--,,--.--,--.--,--.--,0,0,--.--,--.--,0,0.1,0.0,-29.9,0.0,0.0,-0.0,0.0,-0.0,-29.9,-0.0,-0.0,-0.0,--.--,--.--,--.--,--.--,0.4,0.0,247.6,-0.9,-0.1,-0.0,288.15,--.--,--.--,0,0,0.0,0.0,0.0,0,0,0,--.--,--.--,--.--
2026-07-09 16:02:41.544,0.7,-0.0,247,0.7,0.0,-0.0,0.0,-1.5,0.000,0.0,29.6,67.6,66.7,29.747,0.000,0.000,0.000,0.0,00:06:42,0.0,2.3,1,--.--,0,--.--,--.--,0000:32:26,74,0,0,1,1,15.30,-1.00,-122,--.--,50,--.--,--:--:--,1,-15.30,16:02:41,21:02:41,7/9/26,--.--,--.--,--.--,--.--,--.--,--.--,--.--,--.--,--.--,--.--,--.--,--.--,0,--.--,--.--,--.--,--.--,--.--,--.--,--.--,--.--,--.--,--.--,--.--,--.--,--.--,--.--,--.--,--.--,0,0.000,0.000,0.000,0.000,0.000,0.000,0.000,0.000,0.000,0.000,0.000,0.000,true,true,true,true,true,true,false,false,true,true,false,false,0.01,0.00,0.00,0.02,--.--,--.--,0.15,0.17,9223372036854775808,0,--.--,--.--,--.--,--.--,--.--,0,0,0,0,37.4122948,-121.9985276,10SEG 88624 41081,0.7,1.1,210.9,3,10,--.--,--.--,,--.--,--.--,--.--,0,0,--.--,--.--,0,0.1,0.0,-29.9,-0.0,0.0,0.0,0.0,-0.0,-29.9,-0.0,-0.0,0.0,--.--,--.--,--.--,--.--,0.8,0.0,247.7,0.6,0.1,-0.0,288.15,--.--,--.--,0,0,0.0,0.0,0.0,0,0,0,--.--,--.--,--.--
2026-07-09 16:02:42.544,0.9,0.0,247,-0.4,-0.0,0.0,0.0,-1.2,0.000,-0.0,29.6,67.6,66.7,29.741,0.000,0.000,0.000,0.0,00:06:43,0.0,2.8,1,--.--,0,--.--,--.--,0000:32:26,74,0,0,1,1,15.30,-1.00,-122,--.--,50,--.--,--:--:--,1,-15.30,16:02:42,21:02:42,7/9/26,--.--,--.--,--.--,--.--,--.--,--.--,--.--,--.--,--.--,--.--,--.--,--.--,0,--.--,--.--,--.--,--.--,--.--,--.--,--.--,--.--,--.--,--.--,--.--,--.--,--.--,--.--,--.--,--.--,0,0.000,0.000,0.000,0.000,0.000,0.000,0.000,0.000,0.000,0.000,0.000,0.000,true,true,true,true,true,true,false,false,true,true,false,false,0.01,0.00,0.00,0.02,--.--,--.--,0.15,0.17,9223372036854775808,0,--.--,--.--,--.--,--.--,--.--,0,0,0,0,37.4122951,-121.9985276,10SEG 88624 41081,0.7,1.1,281.3,3,10,--.--,--.--,,--.--,--.--,--.--,0,0,--.--,--.--,0,0.0,-0.0,-29.9,-0.0,-0.0,0.0,0.0,-0.0,-29.9,-0.0,-0.0,0.0,--.--,--.--,--.--,--.--,0.7,0.0,247.7,-0.7,-0.0,0.0,288.15,--.--,--.--,0,0,0.0,0.0,0.0,0,0,0,--.--,--.--,--.--
2026-07-09 16:02:43.544,0.8,-0.0,247,1.2,0.1,-0.1,0.0,2.0,0.000,-0.0,29.6,67.6,66.7,29.741,0.000,0.000,0.000,0.0,00:06:44,0.0,1.1,1,--.--,0,--.--,--.--,0000:32:26,74,0,0,1,1,15.30,-1.00,-123,--.--,50,--.--,--:--:--,1,-15.30,16:02:43,21:02:43,7/9/26,--.--,--.--,--.--,--.--,--.--,--.--,--.--,--.--,--.--,--.--,--.--,--.--,0,--.--,--.--,--.--,--.--,--.--,--.--,--.--,--.--,--.--,--.--,--.--,--.--,--.--,--.--,--.--,--.--,0,0.000,0.000,0.000,0.000,0.000,0.000,0.000,0.000,0.000,0.000,0.000,0.000,true,true,true,true,true,true,false,false,true,true,false,false,0.01,0.01,0.00,0.02,--.--,--.--,0.15,0.17,9223372036854775808,0,--.--,--.--,--.--,--.--,--.--,0,0,0,0,37.4122944,-121.9985276,10SEG 88624 41081,0.7,1.1,287.4,3,10,--.--,--.--,,--.--,--.--,--.--,0,0,--.--,--.--,0,0.0,-0.0,-29.9,-0.0,-0.0,0.0,0.0,-0.0,-29.9,0.0,0.0,0.0,--.--,--.--,--.--,--.--,1.0,-0.0,247.6,1.3,0.1,0.0,288.15,--.--,--.--,0,0,0.0,0.0,0.0,0,0,0,--.--,--.--,--.--
2026-07-09 16:02:44.544,0.7,0.0,247,-0.6,0.0,0.0,0.0,-0.9,0.000,-0.0,29.6,67.6,66.7,29.737,0.000,0.000,0.000,0.0,00:06:45,0.0,1.0,1,--.--,0,--.--,--.--,0000:32:26,74,0,0,1,1,15.30,-1.00,-123,--.--,50,--.--,--:--:--,1,-15.30,16:02:44,21:02:44,7/9/26,--.--,--.--,--.--,--.--,--.--,--.--,--.--,--.--,--.--,--.--,--.--,--.--,0,--.--,--.--,--.--,--.--,--.--,--.--,--.--,--.--,--.--,--.--,--.--,--.--,--.--,--.--,--.--,--.--,0,0.000,0.000,0.000,0.000,0.000,0.000,0.000,0.000,0.000,0.000,0.000,0.000,true,true,true,true,true,true,false,false,true,true,false,false,0.01,0.01,0.00,0.02,--.--,--.--,0.15,0.17,9223372036854775808,0,--.--,--.--,--.--,--.--,--.--,0,0,0,0,37.4122946,-121.9985276,10SEG 88624 41081,0.7,1.1,323.0,3,10,--.--,--.--,,--.--,--.--,--.--,0,0,--.--,--.--,0,0.0,-0.0,-29.9,0.0,-0.0,0.0,0.0,-0.0,-29.9,0.0,0.0,0.0,--.--,--.--,--.--,--.--,0.6,0.0,247.6,-0.4,-0.0,0.0,288.15,--.--,--.--,0,0,0.0,0.0,0.0,0,0,0,--.--,--.--,--.--
2026-07-09 16:02:45.544,0.6,0.0,247,0.7,-0.0,-0.1,0.0,-1.1,0.000,-0.0,29.6,67.6,66.7,29.732,0.000,0.000,0.000,0.0,00:06:46,0.0,0.4,1,--.--,0,--.--,--.--,0000:32:26,75,0,0,1,1,15.30,-1.00,-123,--.--,50,--.--,--:--:--,1,-15.30,16:02:45,21:02:45,7/9/26,--.--,--.--,--.--,--.--,--.--,--.--,--.--,--.--,--.--,--.--,--.--,--.--,0,--.--,--.--,--.--,--.--,--.--,--.--,--.--,--.--,--.--,--.--,--.--,--.--,--.--,--.--,--.--,--.--,0,0.000,0.000,0.000,0.000,0.000,0.000,0.000,0.000,0.000,0.000,0.000,0.000,true,true,true,true,true,true,false,false,true,true,false,false,0.01,0.01,0.00,0.02,--.--,--.--,0.15,0.17,9223372036854775808,0,--.--,--.--,--.--,--.--,--.--,0,0,0,0,37.4122947,-121.9985281,10SEG 88624 41081,0.7,1.1,89.9,3,10,--.--,--.--,,--.--,--.--,--.--,0,0,--.--,--.--,0,0.0,-0.0,-29.9,0.0,0.0,0.0,0.0,-0.0,-29.9,0.0,0.0,0.0,--.--,--.--,--.--,--.--,0.8,-0.0,247.6,0.8,-0.1,0.0,288.15,--.--,--.--,0,0,0.0,0.0,0.0,0,0,0,--.--,--.--,--.--
2026-07-09 16:02:46.544,0.7,0.0,247,-1.1,-0.1,0.1,0.0,-1.1,0.000,-0.0,29.6,67.6,66.7,29.751,0.000,0.000,0.000,0.0,00:06:47,0.0,1.5,1,--.--,0,--.--,--.--,0000:32:26,75,0,0,1,1,15.30,-1.00,-123,--.--,50,--.--,--:--:--,1,-15.30,16:02:46,21:02:46,7/9/26,--.--,--.--,--.--,--.--,--.--,--.--,--.--,--.--,--.--,--.--,--.--,--.--,0,--.--,--.--,--.--,--.--,--.--,--.--,--.--,--.--,--.--,--.--,--.--,--.--,--.--,--.--,--.--,--.--,0,0.000,0.000,0.000,0.000,0.000,0.000,0.000,0.000,0.000,0.000,0.000,0.000,true,true,true,true,true,true,false,false,true,true,false,false,0.01,0.01,0.00,0.02,--.--,--.--,0.15,0.17,9223372036854775808,0,--.--,--.--,--.--,--.--,--.--,0,0,0,0,37.4122946,-121.9985275,10SEG 88624 41081,0.7,1.1,353.5,3,10,--.--,--.--,,--.--,--.--,--.--,0,0,--.--,--.--,0,0.0,0.0,-29.9,0.0,0.0,0.0,0.0,-0.0,-29.9,-0.0,-0.0,0.0,--.--,--.--,--.--,--.--,0.5,-0.0,247.5,-1.3,-0.1,-0.0,288.15,--.--,--.--,0,0,0.0,0.0,0.0,0,0,0,--.--,--.--,--.--
2026-07-09 16:02:47.544,0.6,-0.0,247,1.1,0.1,0.0,0.0,-1.3,0.000,-0.0,29.6,67.6,66.7,29.770,0.000,0.000,0.000,0.0,00:06:48,0.0,2.6,1,--.--,0,--.--,--.--,0000:32:26,75,0,0,1,1,15.30,-1.00,-124,--.--,50,--.--,--:--:--,1,-15.30,16:02:47,21:02:47,7/9/26,--.--,--.--,--.--,--.--,--.--,--.--,--.--,--.--,--.--,--.--,--.--,--.--,0,--.--,--.--,--.--,--.--,--.--,--.--,--.--,--.--,--.--,--.--,--.--,--.--,--.--,--.--,--.--,--.--,0,0.000,0.000,0.000,0.000,0.000,0.000,0.000,0.000,0.000,0.000,0.000,0.000,true,true,true,true,true,true,false,false,true,true,false,false,0.02,0.00,0.00,0.02,--.--,--.--,0.15,0.17,9223372036854775808,0,--.--,--.--,--.--,--.--,--.--,0,0,0,0,37.4122952,-121.9985273,10SEG 88624 41081,0.7,1.1,119.3,3,10,--.--,--.--,,--.--,--.--,--.--,0,0,--.--,--.--,0,0.1,0.0,-29.9,-0.0,0.0,0.0,0.0,-0.0,-29.9,-0.0,-0.0,0.0,--.--,--.--,--.--,--.--,0.8,0.0,247.6,1.1,0.1,-0.0,288.15,--.--,--.--,0,0,0.0,0.0,0.0,0,0,0,--.--,--.--,--.--
2026-07-09 16:02:48.544,0.6,-0.0,247,-0.5,-0.1,0.1,0.0,1.6,0.000,-0.0,29.7,67.6,66.7,29.782,0.000,0.000,0.000,0.0,00:06:49,0.0,3.2,1,--.--,0,--.--,--.--,0000:32:26,75,0,0,1,1,15.30,-1.00,-124,--.--,50,--.--,--:--:--,1,-15.30,16:02:48,21:02:48,7/9/26,--.--,--.--,--.--,--.--,--.--,--.--,--.--,--.--,--.--,--.--,--.--,--.--,0,--.--,--.--,--.--,--.--,--.--,--.--,--.--,--.--,--.--,--.--,--.--,--.--,--.--,--.--,--.--,--.--,0,0.000,0.000,0.000,0.000,0.000,0.000,0.000,0.000,0.000,0.000,0.000,0.000,true,true,true,true,true,true,false,false,true,true,false,false,0.02,0.00,0.00,0.02,--.--,--.--,0.15,0.17,9223372036854775808,0,--.--,--.--,--.--,--.--,--.--,0,0,0,0,37.4122952,-121.9985275,10SEG 88624 41081,0.7,1.1,265.3,3,10,--.--,--.--,,--.--,--.--,--.--,0,0,--.--,--.--,0,0.1,-0.0,-29.9,-0.0,-0.0,0.0,0.0,-0.0,-29.9,-0.0,-0.0,0.0,--.--,--.--,--.--,--.--,0.5,0.0,247.6,-0.3,0.1,-0.0,288.15,--.--,--.--,0,0,0.0,0.0,0.0,0,0,0,--.--,--.--,--.--
2026-07-09 16:02:49.545,0.9,0.0,247,0.7,0.1,-0.1,0.0,1.2,0.000,-0.0,29.7,67.6,66.7,29.775,0.000,0.000,0.000,0.0,00:06:50,0.0,1.1,1,--.--,0,--.--,--.--,0000:32:26,74,0,0,1,1,15.30,-1.00,-125,--.--,50,--.--,--:--:--,1,-15.30,16:02:49,21:02:49,7/9/26,--.--,--.--,--.--,--.--,--.--,--.--,--.--,--.--,--.--,--.--,--.--,--.--,0,--.--,--.--,--.--,--.--,--.--,--.--,--.--,--.--,--.--,--.--,--.--,--.--,--.--,--.--,--.--,--.--,0,0.000,0.000,0.000,0.000,0.000,0.000,0.000,0.000,0.000,0.000,0.000,0.000,true,true,true,true,true,true,false,false,true,true,false,false,0.01,0.01,0.01,0.02,--.--,--.--,0.15,0.17,9223372036854775808,0,--.--,--.--,--.--,--.--,--.--,0,0,0,0,37.4122947,-121.9985278,10SEG 88624 41081,0.7,1.1,199.9,3,10,--.--,--.--,,--.--,--.--,--.--,0,0,--.--,--.--,0,0.0,-0.0,-29.9,-0.0,-0.0,0.0,0.0,-0.0,-29.9,0.0,0.0,0.0,--.--,--.--,--.--,--.--,1.1,-0.0,247.6,0.7,-0.0,0.1,288.15,--.--,--.--,0,0,0.0,0.0,0.0,0,0,0,--.--,--.--,--.--
2026-07-09 16:02:50.544,0.7,0.0,247,-1.3,-0.1,0.1,0.0,1.6,0.000,-0.0,29.6,67.6,66.7,29.766,0.000,0.000,0.000,0.0,00:06:51,0.0,0.9,1,--.--,0,--.--,--.--,0000:32:26,74,0,0,1,1,15.30,-1.00,-125,--.--,50,--.--,--:--:--,1,-15.30,16:02:50,21:02:50,7/9/26,--.--,--.--,--.--,--.--,--.--,--.--,--.--,--.--,--.--,--.--,--.--,--.--,0,--.--,--.--,--.--,--.--,--.--,--.--,--.--,--.--,--.--,--.--,--.--,--.--,--.--,--.--,--.--,--.--,0,0.000,0.000,0.000,0.000,0.000,0.000,0.000,0.000,0.000,0.000,0.000,0.000,true,true,true,true,true,true,false,false,true,true,false,false,0.01,0.01,0.01,0.02,--.--,--.--,0.15,0.17,9223372036854775808,0,--.--,--.--,--.--,--.--,--.--,0,0,0,0,37.4122946,-121.9985283,10SEG 88624 41081,0.7,1.1,244.6,3,10,--.--,--.--,,--.--,--.--,--.--,0,0,--.--,--.--,0,0.0,-0.0,-29.9,0.0,-0.0,0.0,0.0,-0.0,-29.9,0.0,0.0,0.0,--.--,--.--,--.--,--.--,0.4,0.0,247.5,-1.2,-0.0,0.0,288.15,--.--,--.--,0,0,0.0,0.0,0.0,0,0,0,--.--,--.--,--.--
2026-07-09 16:02:51.544,0.3,-0.0,247,0.7,0.1,-0.1,0.0,-0.8,0.000,-0.0,29.6,67.6,66.7,29.771,0.000,0.000,0.000,0.0,00:06:52,0.0,2.0,1,--.--,0,--.--,--.--,0000:32:26,74,0,0,1,1,15.30,-1.00,-125,--.--,50,--.--,--:--:--,1,-15.30,16:02:51,21:02:51,7/9/26,--.--,--.--,--.--,--.--,--.--,--.--,--.--,--.--,--.--,--.--,--.--,--.--,0,--.--,--.--,--.--,--.--,--.--,--.--,--.--,--.--,--.--,--.--,--.--,--.--,--.--,--.--,--.--,--.--,0,0.000,0.000,0.000,0.000,0.000,0.000,0.000,0.000,0.000,0.000,0.000,0.000,true,true,true,true,true,true,false,false,true,true,false,false,0.02,0.01,0.01,0.02,--.--,--.--,0.15,0.17,9223372036854775808,0,--.--,--.--,--.--,--.--,--.--,0,0,0,0,37.4122950,-121.9985280,10SEG 88624 41081,0.7,1.1,54.6,3,10,--.--,--.--,,--.--,--.--,--.--,0,0,--.--,--.--,0,0.0,-0.1,-29.9,-0.0,0.0,0.0,0.0,-0.0,-29.9,-0.0,0.0,0.0,--.--,--.--,--.--,--.--,0.4,0.0,247.5,0.8,0.2,-0.0,288.15,--.--,--.--,0,0,0.0,0.0,0.0,0,0,0,--.--,--.--,--.--
2026-07-09 16:02:52.545,0.7,0.0,247,-0.1,0.0,-0.0,0.1,-1.0,0.000,-0.0,29.6,67.6,66.7,29.773,0.000,0.000,0.000,0.0,00:06:53,0.0,0.5,1,--.--,0,--.--,--.--,0000:32:26,75,0,0,1,1,15.30,-1.00,-125,--.--,50,--.--,--:--:--,1,-15.30,16:02:52,21:02:52,7/9/26,--.--,--.--,--.--,--.--,--.--,--.--,--.--,--.--,--.--,--.--,--.--,--.--,0,--.--,--.--,--.--,--.--,--.--,--.--,--.--,--.--,--.--,--.--,--.--,--.--,--.--,--.--,--.--,--.--,0,0.000,0.000,0.000,0.000,0.000,0.000,0.000,0.000,0.000,0.000,0.000,0.000,true,true,true,true,true,true,false,false,true,true,false,false,0.02,0.01,0.01,0.02,--.--,--.--,0.15,0.17,9223372036854775808,0,--.--,--.--,--.--,--.--,--.--,0,0,0,0,37.4122951,-121.9985275,10SEG 88624 41081,0.7,1.1,72.1,3,10,--.--,--.--,,--.--,--.--,--.--,0,0,--.--,--.--,0,0.1,-0.0,-29.9,0.0,0.1,0.0,0.0,-0.0,-29.9,-0.0,-0.0,0.0,--.--,--.--,--.--,--.--,0.6,0.0,247.5,-0.5,-0.1,0.0,288.15,--.--,--.--,0,0,0.0,0.0,0.0,0,0,0,--.--,--.--,--.--
2026-07-09 16:02:53.544,0.8,0.0,247,0.5,0.1,0.1,0.0,0.7,0.000,-0.0,29.6,67.6,66.7,29.778,0.000,0.000,0.000,0.0,00:06:54,0.1,2.0,1,--.--,0,--.--,--.--,0000:32:26,75,0,0,1,1,15.30,-1.00,-126,--.--,50,--.--,--:--:--,1,-15.30,16:02:53,21:02:53,7/9/26,--.--,--.--,--.--,--.--,--.--,--.--,--.--,--.--,--.--,--.--,--.--,--.--,0,--.--,--.--,--.--,--.--,--.--,--.--,--.--,--.--,--.--,--.--,--.--,--.--,--.--,--.--,--.--,--.--,0,0.000,0.000,0.000,0.000,0.000,0.000,0.000,0.000,0.000,0.000,0.000,0.000,true,true,true,true,true,true,false,false,true,true,false,false,0.01,0.00,0.01,0.03,--.--,--.--,0.15,0.17,9223372036854775808,0,--.--,--.--,--.--,--.--,--.--,0,0,0,0,37.4122945,-121.9985275,10SEG 88624 41081,0.7,1.1,116.6,3,10,--.--,--.--,,--.--,--.--,--.--,0,0,--.--,--.--,0,0.1,0.0,-29.9,-0.0,0.0,0.0,0.0,-0.0,-29.9,-0.0,-0.0,0.0,--.--,--.--,--.--,--.--,0.9,-0.0,247.5,0.4,-0.1,-0.0,288.15,--.--,--.--,0,0,0.0,0.0,0.0,0,0,0,--.--,--.--,--.--
2026-07-09 16:02:54.544,1.1,-0.0,247,0.1,0.1,0.1,0.0,-1.2,0.000,-0.1,29.7,67.6,66.7,29.787,0.000,0.000,0.000,0.0,00:06:55,0.0,1.3,1,--.--,0,--.--,--.--,0000:32:26,75,0,0,1,1,15.30,-1.00,-126,--.--,50,--.--,--:--:--,1,-15.30,16:02:54,21:02:54,7/9/26,--.--,--.--,--.--,--.--,--.--,--.--,--.--,--.--,--.--,--.--,--.--,--.--,0,--.--,--.--,--.--,--.--,--.--,--.--,--.--,--.--,--.--,--.--,--.--,--.--,--.--,--.--,--.--,--.--,0,0.000,0.000,0.000,0.000,0.000,0.000,0.000,0.000,0.000,0.000,0.000,0.000,true,true,true,true,true,true,false,false,true,true,false,false,0.01,0.00,0.01,0.03,--.--,--.--,0.15,0.17,9223372036854775808,0,--.--,--.--,--.--,--.--,--.--,0,0,0,0,37.4122943,-121.9985275,10SEG 88624 41081,0.7,1.1,249.3,3,10,--.--,--.--,,--.--,--.--,--.--,0,0,--.--,--.--,0,0.0,-0.0,-29.9,-0.0,-0.0,0.1,0.0,-0.0,-29.9,0.0,0.0,0.1,--.--,--.--,--.--,--.--,1.0,0.0,247.5,-0.2,0.0,0.0,288.15,--.--,--.--,0,0,0.0,0.0,0.0,0,0,0,--.--,--.--,--.--
2026-07-09 16:02:55.545,0.2,-0.1,247,-0.0,-0.0,-0.0,0.0,-0.2,0.000,-0.1,29.7,67.6,66.7,29.797,0.000,0.000,0.000,0.0,00:06:56,0.0,1.0,1,--.--,0,--.--,--.--,0000:32:26,74,0,0,1,1,15.30,-1.00,-126,--.--,50,--.--,--:--:--,1,-15.30,16:02:55,21:02:55,7/9/26,--.--,--.--,--.--,--.--,--.--,--.--,--.--,--.--,--.--,--.--,--.--,--.--,0,--.--,--.--,--.--,--.--,--.--,--.--,--.--,--.--,--.--,--.--,--.--,--.--,--.--,--.--,--.--,--.--,0,0.000,0.000,0.000,0.000,0.000,0.000,0.000,0.000,0.000,0.000,0.000,0.000,true,true,true,true,true,true,false,false,true,true,false,false,0.02,0.01,0.01,0.03,--.--,--.--,0.15,0.17,9223372036854775808,0,--.--,--.--,--.--,--.--,--.--,0,0,0,0,37.4122941,-121.9985276,10SEG 88624 41081,0.7,1.1,281.2,3,10,--.--,--.--,,--.--,--.--,--.--,0,0,--.--,--.--,0,0.0,-0.1,-29.9,0.0,-0.0,0.1,0.0,-0.0,-29.9,0.0,0.0,0.1,--.--,--.--,--.--,--.--,0.4,0.0,247.5,0.8,0.3,-0.0,288.15,--.--,--.--,0,0,0.0,0.0,0.0,0,0,0,--.--,--.--,--.--
2026-07-09 16:02:56.545,1.1,0.1,247,-0.7,0.0,-0.1,0.0,-1.1,0.000,-0.1,29.7,67.7,66.7,29.797,0.000,0.000,0.000,0.0,00:06:57,0.0,1.4,1,--.--,0,--.--,--.--,0000:32:26,74,0,0,1,1,15.30,-1.00,-126,--.--,50,--.--,--:--:--,1,-15.30,16:02:56,21:02:56,7/9/26,--.--,--.--,--.--,--.--,--.--,--.--,--.--,--.--,--.--,--.--,--.--,--.--,0,--.--,--.--,--.--,--.--,--.--,--.--,--.--,--.--,--.--,--.--,--.--,--.--,--.--,--.--,--.--,--.--,0,0.000,0.000,0.000,0.000,0.000,0.000,0.000,0.000,0.000,0.000,0.000,0.000,true,true,true,true,true,true,false,false,true,true,false,false,0.02,0.01,0.01,0.03,--.--,--.--,0.15,0.17,9223372036854775808,0,--.--,--.--,--.--,--.--,--.--,0,0,0,0,37.4122942,-121.9985279,10SEG 88624 41081,0.7,1.1,344.8,3,10,--.--,--.--,,--.--,--.--,--.--,0,0,--.--,--.--,0,0.0,-0.0,-29.9,0.0,0.0,0.1,0.0,-0.0,-29.9,0.0,0.0,0.1,--.--,--.--,--.--,--.--,0.8,0.0,247.4,-1.4,-0.3,0.0,288.15,--.--,--.--,0,0,0.0,0.0,0.0,0,0,0,--.--,--.--,--.--
2026-07-09 16:02:57.544,0.2,-0.0,247,0.8,0.0,0.0,0.1,0.9,0.000,-0.1,29.7,67.7,66.7,29.806,0.000,0.000,0.000,0.0,00:06:58,0.0,0.3,1,--.--,0,--.--,--.--,0000:32:26,75,0,0,1,1,15.30,-1.00,-127,--.--,50,--.--,--:--:--,1,-15.30,16:02:57,21:02:57,7/9/26,--.--,--.--,--.--,--.--,--.--,--.--,--.--,--.--,--.--,--.--,--.--,--.--,0,--.--,--.--,--.--,--.--,--.--,--.--,--.--,--.--,--.--,--.--,--.--,--.--,--.--,--.--,--.--,--.--,0,0.000,0.000,0.000,0.000,0.000,0.000,0.000,0.000,0.000,0.000,0.000,0.000,true,true,true,true,true,true,false,false,true,true,false,false,0.04,0.01,0.01,0.03,--.--,--.--,0.15,0.17,9223372036854775808,0,--.--,--.--,--.--,--.--,--.--,0,0,0,0,37.4122947,-121.9985277,10SEG 88624 41081,0.7,1.1,77.6,3,10,--.--,--.--,,--.--,--.--,--.--,0,0,--.--,--.--,0,0.1,-0.0,-29.9,0.0,0.1,0.1,0.0,-0.0,-29.9,-0.0,0.0,0.1,--.--,--.--,--.--,--.--,0.5,-0.0,247.4,1.5,0.1,-0.0,288.15,--.--,--.--,0,0,0.0,0.0,0.0,0,0,0,--.--,--.--,--.--
2026-07-09 16:02:58.544,0.9,0.0,247,-1.4,-0.1,0.2,0.0,-1.8,0.000,-0.1,29.7,67.7,66.7,29.816,0.000,0.000,0.000,0.0,00:06:59,0.1,1.4,1,--.--,0,--.--,--.--,0000:32:26,75,0,0,1,1,15.30,-1.00,-127,--.--,50,--.--,--:--:--,1,-15.30,16:02:58,21:02:58,7/9/26,--.--,--.--,--.--,--.--,--.--,--.--,--.--,--.--,--.--,--.--,--.--,--.--,0,--.--,--.--,--.--,--.--,--.--,--.--,--.--,--.--,--.--,--.--,--.--,--.--,--.--,--.--,--.--,--.--,0,0.000,0.000,0.000,0.000,0.000,0.000,0.000,0.000,0.000,0.000,0.000,0.000,true,true,true,true,true,true,false,false,true,true,false,false,0.04,0.01,0.01,0.03,--.--,--.--,0.15,0.17,9223372036854775808,0,--.--,--.--,--.--,--.--,--.--,0,0,0,0,37.4122948,-121.9985274,10SEG 88624 41081,0.7,1.1,46.9,3,10,--.--,--.--,,--.--,--.--,--.--,0,0,--.--,--.--,0,0.1,0.0,-29.9,0.0,0.0,0.1,0.0,-0.0,-29.9,-0.0,-0.0,0.1,--.--,--.--,--.--,--.--,0.6,0.0,247.5,-1.9,-0.1,-0.0,288.15,--.--,--.--,0,0,0.0,0.0,0.0,0,0,0,--.--,--.--,--.--
2026-07-09 16:02:59.544,0.4,-0.1,247,0.4,0.0,0.1,0.0,-0.8,0.000,-0.1,29.7,67.7,66.7,29.823,0.000,0.000,0.000,0.0,00:07:00,0.0,2.7,1,--.--,0,--.--,--.--,0000:32:26,74,0,0,1,1,15.30,-1.00,-127,--.--,50,--.--,--:--:--,1,-15.30,16:02:59,21:02:59,7/9/26,--.--,--.--,--.--,--.--,--.--,--.--,--.--,--.--,--.--,--.--,--.--,--.--,0,--.--,--.--,--.--,--.--,--.--,--.--,--.--,--.--,--.--,--.--,--.--,--.--,--.--,--.--,--.--,--.--,0,0.000,0.000,0.000,0.000,0.000,0.000,0.000,0.000,0.000,0.000,0.000,0.000,true,true,true,true,true,true,false,false,true,true,false,false,0.03,0.00,0.01,0.02,--.--,--.--,0.15,0.17,9223372036854775808,0,--.--,--.--,--.--,--.--,--.--,0,0,0,0,37.4122953,-121.9985278,10SEG 88624 41081,0.7,1.1,292.8,3,10,--.--,--.--,,--.--,--.--,--.--,0,0,--.--,--.--,0,0.1,-0.0,-30.0,-0.0,-0.0,0.1,0.0,-0.0,-29.9,-0.0,-0.0,0.1,--.--,--.--,--.--,--.--,0.4,0.0,247.6,0.4,0.2,-0.0,288.15,--.--,--.--,0,0,0.0,0.0,0.0,0,0,0,--.--,--.--,--.--
2026-07-09 16:03:00.544,1.0,-0.0,247,-0.2,0.1,-0.1,0.0,1.3,0.000,-0.1,29.7,67.7,66.7,29.819,0.000,0.000,0.000,0.0,00:07:01,0.0,0.4,1,--.--,0,--.--,--.--,0000:32:26,74,0,0,1,1,15.30,-1.00,-127,--.--,50,--.--,--:--:--,1,-15.30,16:03:00,21:03:00,7/9/26,--.--,--.--,--.--,--.--,--.--,--.--,--.--,--.--,--.--,--.--,--.--,--.--,0,--.--,--.--,--.--,--.--,--.--,--.--,--.--,--.--,--.--,--.--,--.--,--.--,--.--,--.--,--.--,--.--,0,0.000,0.000,0.000,0.000,0.000,0.000,0.000,0.000,0.000,0.000,0.000,0.000,true,true,true,true,true,true,false,false,true,true,false,false,0.03,0.00,0.01,0.02,--.--,--.--,0.15,0.17,9223372036854775808,0,--.--,--.--,--.--,--.--,--.--,0,0,0,0,37.4122945,-121.9985278,10SEG 88624 41081,0.7,1.1,245.7,3,10,--.--,--.--,,--.--,--.--,--.--,0,0,--.--,--.--,0,0.0,-0.0,-29.9,-0.0,-0.0,0.1,0.0,-0.0,-29.9,-0.0,0.0,0.1,--.--,--.--,--.--,--.--,0.8,0.0,247.6,-0.8,0.0,0.0,288.15,--.--,--.--,0,0,0.0,0.0,0.0,0,0,0,--.--,--.--,--.--
2026-07-09 16:03:01.544,0.6,-0.0,247,1.4,0.1,-0.1,0.0,-1.1,0.000,-0.1,29.7,67.7,66.7,29.799,0.000,0.000,0.000,0.0,00:07:02,0.0,2.2,1,--.--,0,--.--,--.--,0000:32:26,74,0,0,1,1,15.30,-1.00,-128,--.--,50,--.--,--:--:--,1,-15.30,16:03:01,21:03:01,7/9/26,--.--,--.--,--.--,--.--,--.--,--.--,--.--,--.--,--.--,--.--,--.--,--.--,0,--.--,--.--,--.--,--.--,--.--,--.--,--.--,--.--,--.--,--.--,--.--,--.--,--.--,--.--,--.--,--.--,0,0.000,0.000,0.000,0.000,0.000,0.000,0.000,0.000,0.000,0.000,0.000,0.000,true,true,true,true,true,true,false,false,true,true,false,false,0.02,0.00,0.01,0.02,--.--,--.--,0.15,0.17,9223372036854775808,0,--.--,--.--,--.--,--.--,--.--,0,0,0,0,37.4122945,-121.9985286,10SEG 88624 41081,0.7,1.1,198.6,3,10,--.--,--.--,,--.--,--.--,--.--,0,0,--.--,--.--,0,0.0,-0.1,-29.9,-0.0,0.0,0.1,0.0,-0.0,-29.9,0.0,0.0,0.1,--.--,--.--,--.--,--.--,1.0,-0.0,247.6,1.9,0.1,0.0,288.15,--.--,--.--,0,0,0.0,0.0,0.0,0,0,0,--.--,--.--,--.--
2026-07-09 16:03:02.545,0.7,-0.0,247,-1.4,-0.1,0.0,0.1,-1.4,0.000,-0.1,29.7,67.7,66.7,29.802,0.000,0.000,0.000,0.0,00:07:03,0.0,1.0,1,--.--,0,--.--,--.--,0000:32:26,74,0,0,1,1,15.30,-1.00,-128,--.--,50,--.--,--:--:--,1,-15.30,16:03:02,21:03:02,7/9/26,--.--,--.--,--.--,--.--,--.--,--.--,--.--,--.--,--.--,--.--,--.--,--.--,0,--.--,--.--,--.--,--.--,--.--,--.--,--.--,--.--,--.--,--.--,--.--,--.--,--.--,--.--,--.--,--.--,0,0.000,0.000,0.000,0.000,0.000,0.000,0.000,0.000,0.000,0.000,0.000,0.000,true,true,true,true,true,true,false,false,true,true,false,false,0.02,0.00,0.01,0.02,--.--,--.--,0.15,0.17,9223372036854775808,0,--.--,--.--,--.--,--.--,--.--,0,0,0,0,37.4122947,-121.9985284,10SEG 88624 41081,0.7,1.1,274.2,3,10,--.--,--.--,,--.--,--.--,--.--,0,0,--.--,--.--,0,0.0,-0.1,-29.9,0.0,0.0,0.1,0.0,-0.0,-29.9,0.0,0.1,0.1,--.--,--.--,--.--,--.--,0.4,0.0,247.5,-1.4,0.0,0.0,288.15,--.--,--.--,0,0,0.0,0.0,0.0,0,0,0,--.--,--.--,--.--
2026-07-09 16:03:03.544,0.2,-0.0,247,0.4,0.1,0.0,0.1,-0.6,0.000,-0.1,29.7,67.7,66.7,29.804,0.000,0.000,0.000,0.0,00:07:04,0.0,0.4,1,--.--,0,--.--,--.--,0000:32:26,74,0,0,1,1,15.30,-1.00,-128,--.--,50,--.--,--:--:--,1,-15.30,16:03:03,21:03:03,7/9/26,--.--,--.--,--.--,--.--,--.--,--.--,--.--,--.--,--.--,--.--,--.--,--.--,0,--.--,--.--,--.--,--.--,--.--,--.--,--.--,--.--,--.--,--.--,--.--,--.--,--.--,--.--,--.--,--.--,0,0.000,0.000,0.000,0.000,0.000,0.000,0.000,0.000,0.000,0.000,0.000,0.000,true,true,true,true,true,true,false,false,true,true,false,false,0.03,0.01,0.01,0.02,--.--,--.--,0.15,0.17,9223372036854775808,0,--.--,--.--,--.--,--.--,--.--,0,0,0,0,37.4122951,-121.9985286,10SEG 88624 41081,0.7,1.1,73.4,3,10,--.--,--.--,,--.--,--.--,--.--,0,0,--.--,--.--,0,0.1,-0.0,-29.9,0.0,0.1,0.1,0.0,-0.0,-29.9,-0.0,0.0,0.1,--.--,--.--,--.--,--.--,0.4,-0.0,247.5,0.7,0.2,-0.0,288.15,--.--,--.--,0,0,0.0,0.0,0.0,0,0,0,--.--,--.--,--.--
2026-07-09 16:03:04.544,1.2,-0.0,247,-0.1,0.0,0.1,0.1,-1.0,0.000,-0.1,29.7,67.7,66.7,29.820,0.000,0.000,0.000,0.0,00:07:05,0.0,0.4,1,--.--,0,--.--,--.--,0000:32:26,74,0,0,1,1,15.30,-1.00,-128,--.--,50,--.--,--:--:--,1,-15.30,16:03:04,21:03:04,7/9/26,--.--,--.--,--.--,--.--,--.--,--.--,--.--,--.--,--.--,--.--,--.--,--.--,0,--.--,--.--,--.--,--.--,--.--,--.--,--.--,--.--,--.--,--.--,--.--,--.--,--.--,--.--,--.--,--.--,0,0.000,0.000,0.000,0.000,0.000,0.000,0.000,0.000,0.000,0.000,0.000,0.000,true,true,true,true,true,true,false,false,true,true,false,false,0.03,0.01,0.01,0.02,--.--,--.--,0.15,0.17,9223372036854775808,0,--.--,--.--,--.--,--.--,--.--,0,0,0,0,37.4122946,-121.9985282,10SEG 88624 41081,0.7,1.1,153.7,3,10,--.--,--.--,,--.--,--.--,--.--,0,0,--.--,--.--,0,0.0,0.0,-29.9,0.0,0.1,0.1,0.0,-0.0,-29.9,0.0,-0.0,0.1,--.--,--.--,--.--,--.--,1.0,0.0,247.5,-0.7,0.0,0.0,288.15,--.--,--.--,0,0,0.0,0.0,0.0,0,0,0,--.--,--.--,--.--
2026-07-09 16:03:05.544,0.2,-0.1,247,-0.1,-0.0,0.1,0.0,1.3,0.000,-0.1,29.7,67.7,66.7,29.817,0.000,0.000,0.000,0.0,00:07:06,0.0,0.6,1,--.--,0,--.--,--.--,0000:32:26,74,0,0,1,1,15.30,-1.00,-129,--.--,50,--.--,--:--:--,1,-15.30,16:03:05,21:03:05,7/9/26,--.--,--.--,--.--,--.--,--.--,--.--,--.--,--.--,--.--,--.--,--.--,--.--,0,--.--,--.--,--.--,--.--,--.--,--.--,--.--,--.--,--.--,--.--,--.--,--.--,--.--,--.--,--.--,--.--,0,0.000,0.000,0.000,0.000,0.000,0.000,0.000,0.000,0.000,0.000,0.000,0.000,true,true,true,true,true,true,false,false,true,true,false,false,0.02,0.01,0.01,0.02,--.--,--.--,0.15,0.17,9223372036854775808,0,--.--,--.--,--.--,--.--,--.--,0,0,0,0,37.4122946,-121.9985276,10SEG 88624 41081,0.7,1.1,219.6,3,10,--.--,--.--,,--.--,--.--,--.--,0,0,--.--,--.--,0,0.0,-0.0,-29.9,0.0,0.0,0.1,0.0,-0.0,-29.9,-0.0,0.0,0.1,--.--,--.--,--.--,--.--,0.3,0.0,247.6,0.6,0.4,-0.0,288.15,--.--,--.--,0,0,0.0,0.0,0.0,0,0,0,--.--,--.--,--.--
2026-07-09 16:03:06.544,1.2,0.0,247,-0.2,0.1,0.0,0.0,1.2,0.000,-0.1,29.7,67.7,66.7,29.801,0.000,0.000,0.000,0.0,00:07:07,0.0,1.4,1,--.--,0,--.--,--.--,0000:32:26,74,0,0,1,1,15.30,-1.00,-129,--.--,50,--.--,--:--:--,1,-15.30,16:03:06,21:03:06,7/9/26,--.--,--.--,--.--,--.--,--.--,--.--,--.--,--.--,--.--,--.--,--.--,--.--,0,--.--,--.--,--.--,--.--,--.--,--.--,--.--,--.--,--.--,--.--,--.--,--.--,--.--,--.--,--.--,--.--,0,0.000,0.000,0.000,0.000,0.000,0.000,0.000,0.000,0.000,0.000,0.000,0.000,true,true,true,true,true,true,false,false,true,true,false,false,0.02,0.01,0.01,0.02,--.--,--.--,0.15,0.17,9223372036854775808,0,--.--,--.--,--.--,--.--,--.--,0,0,0,0,37.4122947,-121.9985279,10SEG 88624 41081,0.7,1.1,139.7,3,10,--.--,--.--,,--.--,--.--,--.--,0,0,--.--,--.--,0,0.0,-0.0,-29.9,0.0,0.0,0.1,0.0,-0.0,-29.9,0.0,0.0,0.1,--.--,--.--,--.--,--.--,1.0,0.0,247.6,-1.0,-0.1,0.0,288.15,--.--,--.--,0,0,0.0,0.0,0.0,0,0,0,--.--,--.--,--.--
2026-07-09 16:03:07.544,-0.0,-0.1,247,0.3,-0.0,0.1,0.0,0.1,0.000,-0.1,29.7,67.6,66.7,29.793,0.000,0.000,0.000,0.0,00:07:08,0.0,0.0,1,--.--,0,--.--,--.--,0000:32:26,74,0,0,1,1,15.30,-1.00,-130,--.--,50,--.--,--:--:--,1,-15.30,16:03:07,21:03:07,7/9/26,--.--,--.--,--.--,--.--,--.--,--.--,--.--,--.--,--.--,--.--,--.--,--.--,0,--.--,--.--,--.--,--.--,--.--,--.--,--.--,--.--,--.--,--.--,--.--,--.--,--.--,--.--,--.--,--.--,0,0.000,0.000,0.000,0.000,0.000,0.000,0.000,0.000,0.000,0.000,0.000,0.000,true,true,true,true,true,true,false,false,true,true,false,false,0.02,0.01,0.01,0.02,--.--,--.--,0.15,0.17,9223372036854775808,0,--.--,--.--,--.--,--.--,--.--,0,0,0,0,37.4122942,-121.9985280,10SEG 88624 41081,0.7,1.1,297.9,3,10,--.--,--.--,,--.--,--.--,--.--,0,0,--.--,--.--,0,0.0,-0.0,-29.9,0.0,0.0,0.1,0.0,-0.0,-29.9,0.0,0.0,0.1,--.--,--.--,--.--,--.--,0.2,0.0,247.6,1.3,0.3,-0.0,288.15,--.--,--.--,0,0,0.0,0.0,0.0,0,0,0,--.--,--.--,--.--
2026-07-09 16:03:08.544,1.5,0.1,247,-0.4,0.1,0.1,0.0,-0.8,0.000,-0.1,29.7,67.7,66.7,29.796,0.000,0.000,0.000,0.0,00:07:09,0.0,1.1,1,--.--,0,--.--,--.--,0000:32:26,74,0,0,1,1,15.30,-1.00,-130,--.--,50,--.--,--:--:--,1,-15.30,16:03:08,21:03:08,7/9/26,--.--,--.--,--.--,--.--,--.--,--.--,--.--,--.--,--.--,--.--,--.--,--.--,0,--.--,--.--,--.--,--.--,--.--,--.--,--.--,--.--,--.--,--.--,--.--,--.--,--.--,--.--,--.--,--.--,0,0.000,0.000,0.000,0.000,0.000,0.000,0.000,0.000,0.000,0.000,0.000,0.000,true,true,true,true,true,true,false,false,true,true,false,false,0.02,0.01,0.01,0.02,--.--,--.--,0.15,0.17,9223372036854775808,0,--.--,--.--,--.--,--.--,--.--,0,0,0,0,37.4122945,-121.9985279,10SEG 88624 41081,0.7,1.1,53.6,3,10,--.--,--.--,,--.--,--.--,--.--,0,0,--.--,--.--,0,0.0,-0.0,-29.9,0.0,0.0,0.1,0.0,-0.0,-29.9,0.0,0.0,0.1,--.--,--.--,--.--,--.--,1.1,-0.0,247.6,-1.7,-0.2,0.2,288.15,--.--,--.--,0,0,0.0,0.0,0.0,0,0,0,--.--,--.--,--.--
2026-07-09 16:03:09.544,-0.0,-0.1,247,1.2,0.1,0.1,0.1,1.2,0.000,-0.0,29.7,67.6,66.7,29.791,0.000,0.000,0.000,0.0,00:07:10,0.0,0.5,1,--.--,0,--.--,--.--,0000:32:26,74,0,0,1,1,15.30,-1.00,-130,--.--,50,--.--,--:--:--,1,-15.30,16:03:09,21:03:09,7/9/26,--.--,--.--,--.--,--.--,--.--,--.--,--.--,--.--,--.--,--.--,--.--,--.--,0,--.--,--.--,--.--,--.--,--.--,--.--,--.--,--.--,--.--,--.--,--.--,--.--,--.--,--.--,--.--,--.--,0,0.000,0.000,0.000,0.000,0.000,0.000,0.000,0.000,0.000,0.000,0.000,0.000,true,true,true,true,true,true,false,false,true,true,false,false,0.02,0.01,0.01,0.03,--.--,--.--,0.15,0.17,9223372036854775808,0,--.--,--.--,--.--,--.--,--.--,0,0,0,0,37.4122947,-121.9985276,10SEG 88624 41081,0.7,1.1,34.4,3,10,--.--,--.--,,--.--,--.--,--.--,0,0,--.--,--.--,0,0.1,-0.0,-29.9,0.0,0.0,0.0,0.0,-0.0,-29.9,-0.0,-0.0,0.1,--.--,--.--,--.--,--.--,0.4,-0.0,247.8,2.1,0.2,-0.0,288.15,--.--,--.--,0,0,0.0,0.0,0.0,0,0,0,--.--,--.--,--.--
2026-07-09 16:03:10.544,0.6,0.0,247,-1.6,-0.1,0.1,0.0,-1.3,0.000,-0.1,29.7,67.7,66.7,29.798,0.000,0.000,0.000,0.0,00:07:11,0.1,2.2,1,--.--,0,--.--,--.--,0000:32:26,74,0,0,1,1,15.30,-1.00,-130,--.--,50,--.--,--:--:--,1,-15.30,16:03:10,21:03:10,7/9/26,--.--,--.--,--.--,--.--,--.--,--.--,--.--,--.--,--.--,--.--,--.--,--.--,0,--.--,--.--,--.--,--.--,--.--,--.--,--.--,--.--,--.--,--.--,--.--,--.--,--.--,--.--,--.--,--.--,0,0.000,0.000,0.000,0.000,0.000,0.000,0.000,0.000,0.000,0.000,0.000,0.000,true,true,true,true,true,true,false,false,true,true,false,false,0.02,0.01,0.01,0.03,--.--,--.--,0.15,0.17,9223372036854775808,0,--.--,--.--,--.--,--.--,--.--,0,0,0,0,37.4122949,-121.9985271,10SEG 88624 41081,0.7,1.1,14.2,3,10,--.--,--.--,,--.--,--.--,--.--,0,0,--.--,--.--,0,0.1,0.0,-29.9,0.0,0.0,0.1,0.0,-0.0,-29.9,-0.0,-0.0,0.1,--.--,--.--,--.--,--.--,0.3,0.0,247.9,-1.7,-0.1,-0.0,288.15,--.--,--.--,0,0,0.0,0.0,0.0,0,0,0,--.--,--.--,--.--
2026-07-09 16:03:11.544,1.0,0.0,247,1.3,0.1,-0.1,0.0,0.9,0.000,-0.1,29.7,67.7,66.7,29.808,0.000,0.000,0.000,0.0,00:07:12,0.1,2.1,1,--.--,0,--.--,--.--,0000:32:26,74,0,0,1,1,15.30,-1.00,-131,--.--,50,--.--,--:--:--,1,-15.30,16:03:11,21:03:11,7/9/26,--.--,--.--,--.--,--.--,--.--,--.--,--.--,--.--,--.--,--.--,--.--,--.--,0,--.--,--.--,--.--,--.--,--.--,--.--,--.--,--.--,--.--,--.--,--.--,--.--,--.--,--.--,--.--,--.--,0,0.000,0.000,0.000,0.000,0.000,0.000,0.000,0.000,0.000,0.000,0.000,0.000,true,true,true,true,true,true,false,false,true,true,false,false,0.02,0.00,0.01,0.01,--.--,--.--,0.15,0.17,9223372036854775808,0,--.--,--.--,--.--,--.--,--.--,0,0,0,0,37.4122952,-121.9985269,10SEG 88624 41081,0.7,1.1,139.7,3,10,--.--,--.--,,--.--,--.--,--.--,0,0,--.--,--.--,0,0.1,0.0,-29.9,-0.0,-0.0,0.1,0.0,-0.0,-29.9,-0.0,-0.0,0.1,--.--,--.--,--.--,--.--,1.2,0.0,247.9,0.7,-0.0,0.2,288.15,--.--,--.--,0,0,0.0,0.0,0.0,0,0,0,--.--,--.--,--.--
2026-07-09 16:03:12.544,0.4,-0.0,247,-0.6,-0.0,0.1,0.0,-0.8,0.000,-0.1,29.7,67.7,66.7,29.807,0.000,0.000,0.000,0.0,00:07:13,0.1,3.4,1,--.--,0,--.--,--.--,0000:32:26,74,0,0,1,1,15.30,-1.00,-131,--.--,50,--.--,--:--:--,1,-15.30,16:03:12,21:03:12,7/9/26,--.--,--.--,--.--,--.--,--.--,--.--,--.--,--.--,--.--,--.--,--.--,--.--,0,--.--,--.--,--.--,--.--,--.--,--.--,--.--,--.--,--.--,--.--,--.--,--.--,--.--,--.--,--.--,--.--,0,0.000,0.000,0.000,0.000,0.000,0.000,0.000,0.000,0.000,0.000,0.000,0.000,true,true,true,true,true,true,false,false,true,true,false,false,0.02,0.00,0.01,0.01,--.--,--.--,0.15,0.17,9223372036854775808,0,--.--,--.--,--.--,--.--,--.--,0,0,0,0,37.4122950,-121.9985269,10SEG 88624 41081,0.7,1.1,326.8,3,10,--.--,--.--,,--.--,--.--,--.--,0,0,--.--,--.--,0,0.1,0.0,-29.9,0.0,-0.0,0.1,0.0,-0.0,-29.9,-0.0,-0.0,0.1,--.--,--.--,--.--,--.--,0.3,0.0,247.9,-0.3,0.1,-0.0,288.15,--.--,--.--,0,0,0.0,0.0,0.0,0,0,0,--.--,--.--,--.--
2026-07-09 16:03:13.544,0.6,-0.0,247,0.4,-0.0,-0.1,0.0,1.6,0.000,-0.1,29.7,67.7,66.7,29.817,0.000,0.000,0.000,0.0,00:07:14,0.1,2.5,1,--.--,0,--.--,--.--,0000:32:26,74,0,0,1,1,15.30,-1.00,-131,--.--,50,--.--,--:--:--,1,-15.30,16:03:13,21:03:13,7/9/26,--.--,--.--,--.--,--.--,--.--,--.--,--.--,--.--,--.--,--.--,--.--,--.--,0,--.--,--.--,--.--,--.--,--.--,--.--,--.--,--.--,--.--,--.--,--.--,--.--,--.--,--.--,--.--,--.--,0,0.000,0.000,0.000,0.000,0.000,0.000,0.000,0.000,0.000,0.000,0.000,0.000,true,true,true,true,true,true,false,false,true,true,false,false,0.03,0.00,0.01,0.01,--.--,--.--,0.15,0.17,9223372036854775808,0,--.--,--.--,--.--,--.--,--.--,0,0,0,0,37.4122953,-121.9985270,10SEG 88624 41081,0.7,1.1,67.4,3,10,--.--,--.--,,--.--,--.--,--.--,0,0,--.--,--.--,0,0.1,0.0,-29.9,-0.0,0.0,0.1,0.0,-0.0,-29.9,-0.0,-0.0,0.1,--.--,--.--,--.--,--.--,0.6,-0.0,248.0,0.2,0.0,0.0,288.15,--.--,--.--,0,0,0.0,0.0,0.0,0,0,0,--.--,--.--,--.--
2026-07-09 16:03:14.544,0.6,0.0,247,-0.7,-0.0,0.0,0.0,1.2,0.000,-0.1,29.7,67.7,66.7,29.820,0.000,0.000,0.000,0.0,00:07:15,0.1,6.2,1,--.--,0,--.--,--.--,0000:32:26,74,0,0,1,1,15.30,-1.00,-131,--.--,50,--.--,--:--:--,1,-15.30,16:03:14,21:03:14,7/9/26,--.--,--.--,--.--,--.--,--.--,--.--,--.--,--.--,--.--,--.--,--.--,--.--,0,--.--,--.--,--.--,--.--,--.--,--.--,--.--,--.--,--.--,--.--,--.--,--.--,--.--,--.--,--.--,--.--,0,0.000,0.000,0.000,0.000,0.000,0.000,0.000,0.000,0.000,0.000,0.000,0.000,true,true,true,true,true,true,false,false,true,true,false,false,0.03,0.00,0.01,0.01,--.--,--.--,0.15,0.17,9223372036854775808,0,--.--,--.--,--.--,--.--,--.--,0,0,0,0,37.4122952,-121.9985264,10SEG 88624 41081,0.7,1.1,355.6,3,10,--.--,--.--,,--.--,--.--,--.--,0,0,--.--,--.--,0,0.1,0.1,-29.9,-0.0,-0.0,0.1,0.0,-0.0,-29.9,-0.0,-0.1,0.1,--.--,--.--,--.--,--.--,0.3,0.0,248.0,-1.1,-0.0,0.0,288.15,--.--,--.--,0,0,0.0,0.0,0.0,0,0,0,--.--,--.--,--.--
2026-07-09 16:03:15.544,0.9,0.0,247,1.2,0.1,-0.1,0.0,-1.0,0.000,-0.1,29.7,67.7,66.7,29.821,0.000,0.000,0.000,0.0,00:07:16,0.1,2.2,1,--.--,0,--.--,--.--,0000:32:26,74,0,0,1,1,15.30,-1.00,-132,--.--,50,--.--,--:--:--,1,-15.30,16:03:15,21:03:15,7/9/26,--.--,--.--,--.--,--.--,--.--,--.--,--.--,--.--,--.--,--.--,--.--,--.--,0,--.--,--.--,--.--,--.--,--.--,--.--,--.--,--.--,--.--,--.--,--.--,--.--,--.--,--.--,--.--,--.--,0,0.000,0.000,0.000,0.000,0.000,0.000,0.000,0.000,0.000,0.000,0.000,0.000,true,true,true,true,true,true,false,false,true,true,false,false,0.03,0.01,0.01,0.01,--.--,--.--,0.15,0.17,9223372036854775808,0,--.--,--.--,--.--,--.--,--.--,0,0,0,0,37.4122952,-121.9985265,10SEG 88624 41081,0.7,1.1,235.6,3,10,--.--,--.--,,--.--,--.--,--.--,0,0,--.--,--.--,0,0.1,0.1,-29.9,-0.0,-0.0,0.1,0.0,-0.0,-29.9,-0.0,-0.1,0.1,--.--,--.--,--.--,--.--,1.1,0.0,248.0,0.7,-0.0,0.1,288.15,--.--,--.--,0,0,0.0,0.0,0.0,0,0,0,--.--,--.--,--.--
2026-07-09 16:03:16.544,0.6,-0.0,247,-0.4,-0.0,0.1,0.0,1.0,0.000,-0.1,29.7,67.7,66.7,29.817,0.000,0.000,0.000,0.0,00:07:17,0.1,3.6,1,--.--,0,--.--,--.--,0000:32:26,74,0,0,1,1,15.30,-1.00,-132,--.--,50,--.--,--:--:--,1,-15.30,16:03:16,21:03:16,7/9/26,--.--,--.--,--.--,--.--,--.--,--.--,--.--,--.--,--.--,--.--,--.--,--.--,0,--.--,--.--,--.--,--.--,--.--,--.--,--.--,--.--,--.--,--.--,--.--,--.--,--.--,--.--,--.--,--.--,0,0.000,0.000,0.000,0.000,0.000,0.000,0.000,0.000,0.000,0.000,0.000,0.000,true,true,true,true,true,true,false,false,true,true,false,false,0.03,0.01,0.01,0.01,--.--,--.--,0.15,0.17,9223372036854775808,0,--.--,--.--,--.--,--.--,--.--,0,0,0,0,37.4122950,-121.9985269,10SEG 88624 41081,0.7,1.1,263.4,3,10,--.--,--.--,,--.--,--.--,--.--,0,0,--.--,--.--,0,0.1,0.0,-29.9,-0.0,-0.0,0.1,0.0,-0.0,-29.9,-0.0,-0.0,0.1,--.--,--.--,--.--,--.--,0.5,0.0,248.0,-0.4,0.1,-0.0,288.15,--.--,--.--,0,0,0.0,0.0,0.0,0,0,0,--.--,--.--,--.--
2026-07-09 16:03:17.544,0.4,-0.0,248,0.4,0.0,-0.1,0.0,1.5,0.000,-0.1,29.7,67.7,66.7,29.816,0.000,0.000,0.000,0.0,00:07:18,0.1,2.6,1,--.--,0,--.--,--.--,0000:32:26,74,0,0,1,1,15.30,-1.00,-132,--.--,50,--.--,--:--:--,1,-15.30,16:03:17,21:03:17,7/9/26,--.--,--.--,--.--,--.--,--.--,--.--,--.--,--.--,--.--,--.--,--.--,--.--,0,--.--,--.--,--.--,--.--,--.--,--.--,--.--,--.--,--.--,--.--,--.--,--.--,--.--,--.--,--.--,--.--,0,0.000,0.000,0.000,0.000,0.000,0.000,0.000,0.000,0.000,0.000,0.000,0.000,true,true,true,true,true,true,false,false,true,true,false,false,0.03,0.00,0.01,0.01,--.--,--.--,0.15,0.17,9223372036854775808,0,--.--,--.--,--.--,--.--,--.--,0,0,0,0,37.4122953,-121.9985271,10SEG 88624 41081,0.7,1.1,351.1,3,10,--.--,--.--,,--.--,--.--,--.--,0,0,--.--,--.--,0,0.1,0.0,-29.9,-0.0,-0.0,0.1,0.0,-0.0,-29.9,-0.0,-0.0,0.1,--.--,--.--,--.--,--.--,0.5,0.0,248.0,0.4,0.1,-0.0,288.15,--.--,--.--,0,0,0.0,0.0,0.0,0,0,0,--.--,--.--,--.--
2026-07-09 16:03:18.544,0.6,0.0,247,0.6,-0.0,-0.1,0.0,1.4,0.000,-0.1,29.7,67.7,66.7,29.806,0.000,0.000,0.000,0.0,00:07:19,0.1,3.2,1,--.--,0,--.--,--.--,0000:32:26,74,0,0,1,1,15.30,-1.00,-132,--.--,50,--.--,--:--:--,1,-15.30,16:03:18,21:03:18,7/9/26,--.--,--.--,--.--,--.--,--.--,--.--,--.--,--.--,--.--,--.--,--.--,--.--,0,--.--,--.--,--.--,--.--,--.--,--.--,--.--,--.--,--.--,--.--,--.--,--.--,--.--,--.--,--.--,--.--,0,0.000,0.000,0.000,0.000,0.000,0.000,0.000,0.000,0.000,0.000,0.000,0.000,true,true,true,true,true,true,false,false,true,true,false,false,0.03,0.00,0.01,0.01,--.--,--.--,0.15,0.17,9223372036854775808,0,--.--,--.--,--.--,--.--,--.--,0,0,0,0,37.4122946,-121.9985275,10SEG 88624 41081,0.7,1.1,180.7,3,10,--.--,--.--,,--.--,--.--,--.--,0,0,--.--,--.--,0,0.1,0.0,-29.9,-0.0,0.0,0.1,0.0,-0.0,-29.9,-0.0,-0.0,0.1,--.--,--.--,--.--,--.--,0.8,-0.0,248.0,1.1,-0.0,0.0,288.15,--.--,--.--,0,0,0.0,0.0,0.0,0,0,0,--.--,--.--,--.--
2026-07-09 16:03:19.544,1.0,0.0,247,-1.3,-0.1,0.1,0.0,-0.6,0.000,-0.1,29.7,67.7,66.7,29.815,0.000,0.000,0.000,0.0,00:07:20,0.0,4.4,1,--.--,0,--.--,--.--,0000:32:26,74,0,0,1,1,15.30,-1.00,-133,--.--,50,--.--,--:--:--,1,-15.30,16:03:19,21:03:19,7/9/26,--.--,--.--,--.--,--.--,--.--,--.--,--.--,--.--,--.--,--.--,--.--,--.--,0,--.--,--.--,--.--,--.--,--.--,--.--,--.--,--.--,--.--,--.--,--.--,--.--,--.--,--.--,--.--,--.--,0,0.000,0.000,0.000,0.000,0.000,0.000,0.000,0.000,0.000,0.000,0.000,0.000,true,true,true,true,true,true,false,false,true,true,false,false,0.04,0.01,0.01,0.01,--.--,--.--,0.15,0.17,9223372036854775808,0,--.--,--.--,--.--,--.--,--.--,0,0,0,0,37.4122943,-121.9985271,10SEG 88624 41081,0.7,1.1,2.5,3,10,--.--,--.--,,--.--,--.--,--.--,0,0,--.--,--.--,0,0.0,0.0,-29.9,0.0,-0.0,0.1,0.0,-0.0,-29.9,0.0,-0.0,0.1,--.--,--.--,--.--,--.--,0.6,0.0,247.9,-1.7,-0.1,0.0,288.15,--.--,--.--,0,0,0.0,0.0,0.0,0,0,0,--.--,--.--,--.--
2026-07-09 16:03:20.544,0.2,-0.0,248,1.1,0.1,0.0,0.0,-0.5,0.000,-0.1,29.7,67.7,66.7,29.817,0.000,0.000,0.000,0.0,00:07:21,0.1,3.1,1,--.--,0,--.--,--.--,0000:32:26,74,0,0,1,1,15.30,-1.00,-133,--.--,50,--.--,--:--:--,1,-15.30,16:03:20,21:03:20,7/9/26,--.--,--.--,--.--,--.--,--.--,--.--,--.--,--.--,--.--,--.--,--.--,--.--,0,--.--,--.--,--.--,--.--,--.--,--.--,--.--,--.--,--.--,--.--,--.--,--.--,--.--,--.--,--.--,--.--,0,0.000,0.000,0.000,0.000,0.000,0.000,0.000,0.000,0.000,0.000,0.000,0.000,true,true,true,true,true,true,false,false,true,true,false,false,0.04,0.01,0.01,0.01,--.--,--.--,0.15,0.17,9223372036854775808,0,--.--,--.--,--.--,--.--,--.--,0,0,0,0,37.4122949,-121.9985267,10SEG 88624 41081,0.7,1.1,53.8,3,10,--.--,--.--,,--.--,--.--,--.--,0,0,--.--,--.--,0,0.1,0.0,-29.9,-0.0,0.0,0.1,0.0,-0.0,-29.9,-0.0,-0.0,0.1,--.--,--.--,--.--,--.--,0.5,0.0,248.1,1.5,0.2,-0.0,288.15,--.--,--.--,0,0,0.0,0.0,0.0,0,0,0,--.--,--.--,--.--
2026-07-09 16:03:21.544,0.9,0.1,248,-0.7,-0.0,0.0,0.0,0.4,0.000,-0.1,29.7,67.7,66.7,29.813,0.000,0.000,0.000,0.0,00:07:22,0.1,4.8,1,--.--,0,--.--,--.--,0000:32:26,74,0,0,1,1,15.30,-1.00,-133,--.--,50,--.--,--:--:--,1,-15.30,16:03:21,21:03:21,7/9/26,--.--,--.--,--.--,--.--,--.--,--.--,--.--,--.--,--.--,--.--,--.--,--.--,0,--.--,--.--,--.--,--.--,--.--,--.--,--.--,--.--,--.--,--.--,--.--,--.--,--.--,--.--,--.--,--.--,0,0.000,0.000,0.000,0.000,0.000,0.000,0.000,0.000,0.000,0.000,0.000,0.000,true,true,true,true,true,true,false,false,true,true,false,false,0.02,0.01,0.01,0.02,--.--,--.--,0.15,0.17,9223372036854775808,0,--.--,--.--,--.--,--.--,--.--,0,0,0,0,37.4122952,-121.9985261,10SEG 88624 41081,0.7,1.1,78.4,3,10,--.--,--.--,,--.--,--.--,--.--,0,0,--.--,--.--,0,0.1,0.1,-29.9,0.0,0.0,0.1,0.0,-0.0,-29.9,-0.0,-0.1,0.1,--.--,--.--,--.--,--.--,0.7,0.0,248.0,-1.0,-0.2,0.0,288.15,--.--,--.--,0,0,0.0,0.0,0.0,0,0,0,--.--,--.--,--.--
2026-07-09 16:03:22.544,0.5,-0.0,248,0.6,-0.0,0.1,0.0,0.5,0.000,-0.1,29.7,67.7,66.7,29.820,0.000,0.000,0.000,0.0,00:07:23,0.1,5.8,1,--.--,0,--.--,--.--,0000:32:26,74,0,0,1,1,15.30,-1.00,-133,--.--,50,--.--,--:--:--,1,-15.30,16:03:22,21:03:22,7/9/26,--.--,--.--,--.--,--.--,--.--,--.--,--.--,--.--,--.--,--.--,--.--,--.--,0,--.--,--.--,--.--,--.--,--.--,--.--,--.--,--.--,--.--,--.--,--.--,--.--,--.--,--.--,--.--,--.--,0,0.000,0.000,0.000,0.000,0.000,0.000,0.000,0.000,0.000,0.000,0.000,0.000,true,true,true,true,true,true,false,false,true,true,false,false,0.02,0.01,0.01,0.02,--.--,--.--,0.15,0.17,9223372036854775808,0,--.--,--.--,--.--,--.--,--.--,0,0,0,0,37.4122951,-121.9985261,10SEG 88624 41081,0.7,1.1,220.5,3,10,--.--,--.--,,--.--,--.--,--.--,0,0,--.--,--.--,0,0.1,0.1,-30.0,-0.0,-0.0,0.1,0.0,-0.0,-29.9,-0.0,-0.1,0.1,--.--,--.--,--.--,--.--,0.7,0.0,248.1,1.0,0.1,-0.0,288.15,--.--,--.--,0,0,0.0,0.0,0.0,0,0,0,--.--,--.--,--.--
2026-07-09 16:03:23.555,0.9,0.0,248,-1.3,-0.0,0.1,0.1,-0.8,0.000,-0.1,29.7,67.7,66.7,29.824,0.000,0.000,0.000,0.0,00:07:24,0.1,1.8,1,--.--,0,--.--,--.--,0000:32:26,74,0,0,1,1,15.30,-1.00,-134,--.--,50,--.--,--:--:--,1,-15.30,16:03:23,21:03:23,7/9/26,--.--,--.--,--.--,--.--,--.--,--.--,--.--,--.--,--.--,--.--,--.--,--.--,0,--.--,--.--,--.--,--.--,--.--,--.--,--.--,--.--,--.--,--.--,--.--,--.--,--.--,--.--,--.--,--.--,0,0.000,0.000,0.000,0.000,0.000,0.000,0.000,0.000,0.000,0.000,0.000,0.000,true,true,true,true,true,true,false,false,true,true,false,false,0.03,0.01,0.01,0.01,--.--,--.--,0.15,0.17,9223372036854775808,0,--.--,--.--,--.--,--.--,--.--,0,0,0,0,37.4122957,-121.9985262,10SEG 88624 41081,0.7,1.1,280.0,3,10,--.--,--.--,,--.--,--.--,--.--,0,0,--.--,--.--,0,0.1,0.1,-29.9,-0.0,-0.1,0.1,0.0,-0.0,-29.9,-0.0,-0.1,0.1,--.--,--.--,--.--,--.--,0.5,-0.0,248.1,-1.9,-0.0,0.0,288.15,--.--,--.--,0,0,0.0,0.0,0.0,0,0,0,--.--,--.--,--.--
2026-07-09 16:03:24.555,0.3,-0.0,248,1.8,0.1,-0.1,0.1,1.3,0.000,-0.1,29.7,67.7,66.7,29.810,0.000,0.000,0.000,0.0,00:07:25,0.1,1.8,1,--.--,0,--.--,--.--,0000:32:26,74,0,0,1,1,15.30,-1.00,-134,--.--,50,--.--,--:--:--,1,-15.30,16:03:24,21:03:24,7/9/26,--.--,--.--,--.--,--.--,--.--,--.--,--.--,--.--,--.--,--.--,--.--,--.--,0,--.--,--.--,--.--,--.--,--.--,--.--,--.--,--.--,--.--,--.--,--.--,--.--,--.--,--.--,--.--,--.--,0,0.000,0.000,0.000,0.000,0.000,0.000,0.000,0.000,0.000,0.000,0.000,0.000,true,true,true,true,true,true,false,false,true,true,false,false,0.03,0.01,0.01,0.01,--.--,--.--,0.15,0.17,9223372036854775808,0,--.--,--.--,--.--,--.--,--.--,0,0,0,0,37.4122960,-121.9985266,10SEG 88624 41081,0.7,1.1,220.7,3,10,--.--,--.--,,--.--,--.--,--.--,0,0,--.--,--.--,0,0.1,0.0,-29.9,-0.1,-0.0,0.1,0.0,-0.0,-29.9,-0.0,-0.0,0.1,--.--,--.--,--.--,--.--,0.7,0.0,248.3,2.2,0.1,-0.0,288.15,--.--,--.--,0,0,0.0,0.0,0.0,0,0,0,--.--,--.--,--.--
2026-07-09 16:03:25.555,0.7,0.0,248,-0.8,-0.0,-0.0,0.0,-1.3,0.000,-0.1,29.7,67.7,66.7,29.817,0.000,0.000,0.000,0.0,00:07:26,0.1,3.2,1,--.--,0,--.--,--.--,0000:32:26,74,0,0,1,1,15.30,-1.00,-135,--.--,50,--.--,--:--:--,1,-15.30,16:03:25,21:03:25,7/9/26,--.--,--.--,--.--,--.--,--.--,--.--,--.--,--.--,--.--,--.--,--.--,--.--,0,--.--,--.--,--.--,--.--,--.--,--.--,--.--,--.--,--.--,--.--,--.--,--.--,--.--,--.--,--.--,--.--,0,0.000,0.000,0.000,0.000,0.000,0.000,0.000,0.000,0.000,0.000,0.000,0.000,true,true,true,true,true,true,false,false,true,true,false,false,0.03,0.01,0.01,0.03,--.--,--.--,0.15,0.17,9223372036854775808,0,--.--,--.--,--.--,--.--,--.--,0,0,0,0,37.4122954,-121.9985264,10SEG 88624 41081,0.7,1.1,232.1,3,10,--.--,--.--,,--.--,--.--,--.--,0,0,--.--,--.--,0,0.1,0.1,-29.9,-0.0,-0.0,0.1,0.0,-0.0,-29.9,-0.0,-0.0,0.1,--.--,--.--,--.--,--.--,0.6,0.0,248.2,-0.6,-0.1,0.0,288.15,--.--,--.--,0,0,0.0,0.0,0.0,0,0,0,--.--,--.--,--.--
2026-07-09 16:03:26.555,0.6,0.0,248,0.0,-0.0,0.0,0.0,0.7,0.000,-0.1,29.7,67.7,66.7,29.811,0.000,0.000,0.000,0.0,00:07:27,0.1,3.4,1,--.--,0,--.--,--.--,0000:32:26,74,0,0,1,1,15.30,-1.00,-135,--.--,50,--.--,--:--:--,1,-15.30,16:03:26,21:03:26,7/9/26,--.--,--.--,--.--,--.--,--.--,--.--,--.--,--.--,--.--,--.--,--.--,--.--,0,--.--,--.--,--.--,--.--,--.--,--.--,--.--,--.--,--.--,--.--,--.--,--.--,--.--,--.--,--.--,--.--,0,0.000,0.000,0.000,0.000,0.000,0.000,0.000,0.000,0.000,0.000,0.000,0.000,true,true,true,true,true,true,false,false,true,true,false,false,0.03,0.01,0.01,0.03,--.--,--.--,0.15,0.17,9223372036854775808,0,--.--,--.--,--.--,--.--,--.--,0,0,0,0,37.4122955,-121.9985264,10SEG 88624 41081,0.7,1.1,49.1,3,10,--.--,--.--,,--.--,--.--,--.--,0,0,--.--,--.--,0,0.1,0.1,-29.9,-0.0,-0.0,0.1,0.0,-0.0,-29.9,-0.1,-0.1,0.1,--.--,--.--,--.--,--.--,0.6,0.0,248.2,0.1,-0.2,0.0,288.15,--.--,--.--,0,0,0.0,0.0,0.0,0,0,0,--.--,--.--,--.--
2026-07-09 16:03:27.555,0.6,0.0,248,-0.3,-0.1,0.0,0.0,-0.7,0.000,-0.1,29.7,67.7,66.7,29.813,0.000,0.000,0.000,0.0,00:07:28,0.1,2.8,1,--.--,0,--.--,--.--,0000:32:26,74,0,0,1,1,15.30,-1.00,-135,--.--,50,--.--,--:--:--,1,-15.30,16:03:27,21:03:27,7/9/26,--.--,--.--,--.--,--.--,--.--,--.--,--.--,--.--,--.--,--.--,--.--,--.--,0,--.--,--.--,--.--,--.--,--.--,--.--,--.--,--.--,--.--,--.--,--.--,--.--,--.--,--.--,--.--,--.--,0,0.000,0.000,0.000,0.000,0.000,0.000,0.000,0.000,0.000,0.000,0.000,0.000,true,true,true,true,true,true,false,false,true,true,false,false,0.03,0.01,0.01,0.01,--.--,--.--,0.15,0.17,9223372036854775808,0,--.--,--.--,--.--,--.--,--.--,0,0,0,0,37.4122960,-121.9985264,10SEG 88624 41081,0.7,1.1,126.4,3,10,--.--,--.--,,--.--,--.--,--.--,0,0,--.--,--.--,0,0.1,0.1,-29.9,-0.0,-0.0,0.1,0.0,-0.0,-29.9,-0.1,-0.1,0.1,--.--,--.--,--.--,--.--,0.5,0.0,248.2,-0.2,-0.2,0.0,288.15,--.--,--.--,0,0,0.0,0.0,0.0,0,0,0,--.--,--.--,--.--
2026-07-09 16:03:28.555,0.6,-0.0,248,0.9,-0.0,-0.0,0.1,1.2,0.000,-0.1,29.7,67.7,66.7,29.830,0.000,0.000,0.000,0.0,00:07:29,0.1,1.7,1,--.--,0,--.--,--.--,0000:32:26,74,0,0,1,1,15.30,-1.00,-135,--.--,50,--.--,--:--:--,1,-15.30,16:03:28,21:03:28,7/9/26,--.--,--.--,--.--,--.--,--.--,--.--,--.--,--.--,--.--,--.--,--.--,--.--,0,--.--,--.--,--.--,--.--,--.--,--.--,--.--,--.--,--.--,--.--,--.--,--.--,--.--,--.--,--.--,--.--,0,0.000,0.000,0.000,0.000,0.000,0.000,0.000,0.000,0.000,0.000,0.000,0.000,true,true,true,true,true,true,false,false,true,true,false,false,0.03,0.01,0.01,0.01,--.--,--.--,0.15,0.17,9223372036854775808,0,--.--,--.--,--.--,--.--,--.--,0,0,0,0,37.4122957,-121.9985266,10SEG 88624 41081,0.7,1.1,183.8,3,10,--.--,--.--,,--.--,--.--,--.--,0,0,--.--,--.--,0,0.1,0.1,-30.0,-0.1,-0.0,0.1,0.0,-0.0,-29.9,-0.1,-0.0,0.1,--.--,--.--,--.--,--.--,0.9,0.0,248.3,1.4,0.0,-0.0,288.15,--.--,--.--,0,0,0.0,0.0,0.0,0,0,0,--.--,--.--,--.--
2026-07-09 16:03:29.555,0.9,0.0,248,-1.4,-0.1,0.2,0.1,-0.4,0.000,-0.1,29.7,67.7,66.7,29.835,0.000,0.000,0.000,0.0,00:07:30,0.1,1.3,1,--.--,0,--.--,--.--,0000:32:26,74,0,0,1,1,15.30,-1.00,-136,--.--,50,--.--,--:--:--,1,-15.30,16:03:29,21:03:29,7/9/26,--.--,--.--,--.--,--.--,--.--,--.--,--.--,--.--,--.--,--.--,--.--,--.--,0,--.--,--.--,--.--,--.--,--.--,--.--,--.--,--.--,--.--,--.--,--.--,--.--,--.--,--.--,--.--,--.--,0,0.000,0.000,0.000,0.000,0.000,0.000,0.000,0.000,0.000,0.000,0.000,0.000,true,true,true,true,true,true,false,false,true,true,false,false,0.04,0.01,0.01,0.01,--.--,--.--,0.15,0.17,9223372036854775808,0,--.--,--.--,--.--,--.--,--.--,0,0,0,0,37.4122952,-121.9985265,10SEG 88624 41081,0.7,1.1,217.3,3,10,--.--,--.--,,--.--,--.--,--.--,0,0,--.--,--.--,0,0.1,0.0,-30.0,-0.0,-0.0,0.1,0.0,-0.0,-29.9,-0.0,-0.0,0.1,--.--,--.--,--.--,--.--,0.7,0.0,248.3,-1.3,-0.1,-0.0,288.15,--.--,--.--,0,0,0.0,0.0,0.0,0,0,0,--.--,--.--,--.--
2026-07-09 16:03:30.555,0.6,0.0,248,-0.3,-0.1,0.0,0.0,-0.8,0.000,-0.1,29.7,67.7,66.7,29.831,0.000,0.000,0.000,0.0,00:07:31,0.1,2.3,1,--.--,0,--.--,--.--,0000:32:26,74,0,0,1,1,15.30,-1.00,-136,--.--,50,--.--,--:--:--,1,-15.30,16:03:30,21:03:30,7/9/26,--.--,--.--,--.--,--.--,--.--,--.--,--.--,--.--,--.--,--.--,--.--,--.--,0,--.--,--.--,--.--,--.--,--.--,--.--,--.--,--.--,--.--,--.--,--.--,--.--,--.--,--.--,--.--,--.--,0,0.000,0.000,0.000,0.000,0.000,0.000,0.000,0.000,0.000,0.000,0.000,0.000,true,true,true,true,true,true,false,false,true,true,false,false,0.04,0.01,0.01,0.01,--.--,--.--,0.15,0.17,9223372036854775808,0,--.--,--.--,--.--,--.--,--.--,0,0,0,0,37.4122949,-121.9985267,10SEG 88624 41081,0.7,1.1,289.3,3,10,--.--,--.--,,--.--,--.--,--.--,0,0,--.--,--.--,0,0.1,0.0,-30.0,-0.0,-0.0,0.1,0.0,-0.0,-29.9,-0.0,-0.0,0.1,--.--,--.--,--.--,--.--,0.5,-0.0,248.4,-0.3,-0.0,-0.0,288.15,--.--,--.--,0,0,0.0,0.0,0.0,0,0,0,--.--,--.--,--.--
2026-07-09 16:03:31.555,0.9,0.0,248,1.2,0.0,-0.1,0.0,-0.5,0.000,-0.1,29.7,67.7,66.7,29.831,0.000,0.000,0.000,0.0,00:07:32,0.1,3.6,1,--.--,0,--.--,--.--,0000:32:26,74,0,0,1,1,15.30,-1.00,-136,--.--,50,--.--,--:--:--,1,-15.30,16:03:31,21:03:31,7/9/26,--.--,--.--,--.--,--.--,--.--,--.--,--.--,--.--,--.--,--.--,--.--,--.--,0,--.--,--.--,--.--,--.--,--.--,--.--,--.--,--.--,--.--,--.--,--.--,--.--,--.--,--.--,--.--,--.--,0,0.000,0.000,0.000,0.000,0.000,0.000,0.000,0.000,0.000,0.000,0.000,0.000,true,true,true,true,true,true,false,false,true,true,false,false,0.03,0.01,0.01,0.01,--.--,--.--,0.15,0.17,9223372036854775808,0,--.--,--.--,--.--,--.--,--.--,0,0,0,0,37.4122949,-121.9985269,10SEG 88624 41081,0.7,1.1,142.0,3,10,--.--,--.--,,--.--,--.--,--.--,0,0,--.--,--.--,0,0.1,0.1,-30.0,-0.0,-0.0,0.1,0.0,-0.0,-29.9,-0.0,-0.0,0.1,--.--,--.--,--.--,--.--,1.1,-0.0,248.4,1.3,-0.1,0.1,288.15,--.--,--.--,0,0,0.0,0.0,0.0,0,0,0,--.--,--.--,--.--
2026-07-09 16:03:32.555,0.6,-0.0,248,-2.2,-0.2,0.2,0.0,1.4,0.000,-0.1,29.7,67.7,66.7,29.841,0.000,0.000,0.000,0.0,00:07:33,0.1,3.0,1,--.--,0,--.--,--.--,0000:32:26,74,0,0,1,1,15.30,-1.00,-136,--.--,50,--.--,--:--:--,1,-15.30,16:03:32,21:03:32,7/9/26,--.--,--.--,--.--,--.--,--.--,--.--,--.--,--.--,--.--,--.--,--.--,--.--,0,--.--,--.--,--.--,--.--,--.--,--.--,--.--,--.--,--.--,--.--,--.--,--.--,--.--,--.--,--.--,--.--,0,0.000,0.000,0.000,0.000,0.000,0.000,0.000,0.000,0.000,0.000,0.000,0.000,true,true,true,true,true,true,false,false,true,true,false,false,0.03,0.01,0.01,0.01,--.--,--.--,0.15,0.17,9223372036854775808,0,--.--,--.--,--.--,--.--,--.--,0,0,0,0,37.4122952,-121.9985265,10SEG 88624 41081,0.7,1.1,333.6,3,10,--.--,--.--,,--.--,--.--,--.--,0,0,--.--,--.--,0,0.1,0.1,-30.0,0.0,-0.0,0.1,0.0,-0.0,-29.9,-0.0,-0.1,0.1,--.--,--.--,--.--,--.--,0.1,0.0,248.5,-2.1,0.0,-0.0,288.15,--.--,--.--,0,0,0.0,0.0,0.0,0,0,0,--.--,--.--,--.--
2026-07-09 16:03:33.554,1.1,-0.0,248,2.3,0.2,-0.1,0.0,0.8,0.000,-0.1,29.7,67.7,66.7,29.840,0.000,0.000,0.000,0.0,00:07:34,0.1,2.1,1,--.--,0,--.--,--.--,0000:32:26,73,0,0,1,1,15.30,-1.00,-137,--.--,50,--.--,--:--:--,1,-15.30,16:03:33,21:03:33,7/9/26,--.--,--.--,--.--,--.--,--.--,--.--,--.--,--.--,--.--,--.--,--.--,--.--,0,--.--,--.--,--.--,--.--,--.--,--.--,--.--,--.--,--.--,--.--,--.--,--.--,--.--,--.--,--.--,--.--,0,0.000,0.000,0.000,0.000,0.000,0.000,0.000,0.000,0.000,0.000,0.000,0.000,true,true,true,true,true,true,false,false,true,true,false,false,0.03,0.00,0.01,0.01,--.--,--.--,0.15,0.17,9223372036854775808,0,--.--,--.--,--.--,--.--,--.--,0,0,0,0,37.4122950,-121.9985269,10SEG 88624 41081,0.7,1.1,189.4,3,10,--.--,--.--,,--.--,--.--,--.--,0,0,--.--,--.--,0,0.0,0.1,-30.0,-0.0,-0.0,0.1,0.0,-0.0,-29.9,0.0,-0.0,0.1,--.--,--.--,--.--,--.--,1.4,-0.0,248.6,1.8,0.1,0.4,288.15,--.--,--.--,0,0,0.0,0.0,0.0,0,0,0,--.--,--.--,--.--
2026-07-09 16:03:34.554,0.8,-0.0,248,-1.8,-0.1,0.2,0.1,-0.9,0.000,-0.1,29.7,67.7,66.7,29.815,0.000,0.000,0.000,0.0,00:07:35,0.1,1.3,1,--.--,0,--.--,--.--,0000:32:26,74,0,0,1,1,15.30,-1.00,-137,--.--,50,--.--,--:--:--,1,-15.30,16:03:34,21:03:34,7/9/26,--.--,--.--,--.--,--.--,--.--,--.--,--.--,--.--,--.--,--.--,--.--,--.--,0,--.--,--.--,--.--,--.--,--.--,--.--,--.--,--.--,--.--,--.--,--.--,--.--,--.--,--.--,--.--,--.--,0,0.000,0.000,0.000,0.000,0.000,0.000,0.000,0.000,0.000,0.000,0.000,0.000,true,true,true,true,true,true,false,false,true,true,false,false,0.03,0.00,0.01,0.01,--.--,--.--,0.15,0.17,9223372036854775808,0,--.--,--.--,--.--,--.--,--.--,0,0,0,0,37.4122944,-121.9985266,10SEG 88624 41081,0.7,1.1,319.3,3,10,--.--,--.--,,--.--,--.--,--.--,0,0,--.--,--.--,0,0.0,0.0,-29.9,0.0,-0.0,0.1,0.0,-0.0,-29.9,0.0,-0.0,0.1,--.--,--.--,--.--,--.--,0.3,0.0,248.7,-2.3,0.1,-0.0,288.15,--.--,--.--,0,0,0.0,0.0,0.0,0,0,0,--.--,--.--,--.--
2026-07-09 16:03:35.554,0.3,-0.1,248,2.1,0.1,-0.1,0.0,-1.5,0.000,-0.1,29.7,67.7,66.7,29.796,0.000,0.000,0.000,0.0,00:07:36,0.0,2.2,1,--.--,0,--.--,--.--,0000:32:26,73,0,0,1,1,15.30,-1.00,-137,--.--,50,--.--,--:--:--,1,-15.30,16:03:35,21:03:35,7/9/26,--.--,--.--,--.--,--.--,--.--,--.--,--.--,--.--,--.--,--.--,--.--,--.--,0,--.--,--.--,--.--,--.--,--.--,--.--,--.--,--.--,--.--,--.--,--.--,--.--,--.--,--.--,--.--,--.--,0,0.000,0.000,0.000,0.000,0.000,0.000,0.000,0.000,0.000,0.000,0.000,0.000,true,true,true,true,true,true,false,false,true,true,false,false,0.01,0.01,0.01,0.02,--.--,--.--,0.15,0.17,9223372036854775808,0,--.--,--.--,--.--,--.--,--.--,0,0,0,0,37.4122949,-121.9985273,10SEG 88624 41081,0.7,1.1,117.7,3,10,--.--,--.--,,--.--,--.--,--.--,0,0,--.--,--.--,0,0.0,-0.0,-29.9,-0.0,0.0,0.1,0.0,-0.0,-29.9,0.0,-0.0,0.1,--.--,--.--,--.--,--.--,0.9,-0.0,248.9,2.5,0.2,-0.0,288.15,--.--,--.--,0,0,0.0,0.0,0.0,0,0,0,--.--,--.--,--.--
2026-07-09 16:03:36.554,0.9,0.0,248,-1.4,-0.1,0.1,0.0,-0.6,0.000,-0.1,29.7,67.6,66.7,29.785,0.000,0.000,0.000,0.0,00:07:37,0.1,1.8,1,--.--,0,--.--,--.--,0000:32:26,73,0,0,1,1,15.30,-1.00,-137,--.--,50,--.--,--:--:--,1,-15.30,16:03:36,21:03:36,7/9/26,--.--,--.--,--.--,--.--,--.--,--.--,--.--,--.--,--.--,--.--,--.--,--.--,0,--.--,--.--,--.--,--.--,--.--,--.--,--.--,--.--,--.--,--.--,--.--,--.--,--.--,--.--,--.--,--.--,0,0.000,0.000,0.000,0.000,0.000,0.000,0.000,0.000,0.000,0.000,0.000,0.000,true,true,true,true,true,true,false,false,true,true,false,false,0.01,0.01,0.01,0.02,--.--,--.--,0.15,0.17,9223372036854775808,0,--.--,--.--,--.--,--.--,--.--,0,0,0,0,37.4122942,-121.9985271,10SEG 88624 41081,0.7,1.1,254.2,3,10,--.--,--.--,,--.--,--.--,--.--,0,0,--.--,--.--,0,0.0,0.0,-29.9,0.0,0.0,0.0,0.0,-0.0,-29.9,0.0,-0.0,0.1,--.--,--.--,--.--,--.--,0.6,0.0,248.8,-1.3,-0.0,0.0,288.15,--.--,--.--,0,0,0.0,0.0,0.0,0,0,0,--.--,--.--,--.--
2026-07-09 16:03:37.554,0.6,-0.0,248,-0.1,0.1,0.0,0.0,1.0,0.000,-0.0,29.7,67.6,66.7,29.773,0.000,0.000,0.000,0.0,00:07:38,0.1,2.0,1,--.--,0,--.--,--.--,0000:32:26,73,0,0,1,1,15.30,-1.00,-138,--.--,50,--.--,--:--:--,1,-15.30,16:03:37,21:03:37,7/9/26,--.--,--.--,--.--,--.--,--.--,--.--,--.--,--.--,--.--,--.--,--.--,--.--,0,--.--,--.--,--.--,--.--,--.--,--.--,--.--,--.--,--.--,--.--,--.--,--.--,--.--,--.--,--.--,--.--,0,0.000,0.000,0.000,0.000,0.000,0.000,0.000,0.000,0.000,0.000,0.000,0.000,true,true,true,true,true,true,false,false,true,true,false,false,0.01,0.01,0.01,0.02,--.--,--.--,0.15,0.17,9223372036854775808,0,--.--,--.--,--.--,--.--,--.--,0,0,0,0,37.4122945,-121.9985267,10SEG 88624 41081,0.7,1.1,60.6,3,10,--.--,--.--,,--.--,--.--,--.--,0,0,--.--,--.--,0,0.0,0.0,-29.9,0.0,0.0,0.0,0.0,-0.0,-29.9,0.0,-0.0,0.0,--.--,--.--,--.--,--.--,0.5,0.0,248.8,-0.3,0.0,-0.0,288.15,--.--,--.--,0,0,0.0,0.0,0.0,0,0,0,--.--,--.--,--.--
2026-07-09 16:03:38.553,0.8,0.0,248,1.6,0.1,-0.1,0.0,0.7,0.000,-0.0,29.6,67.6,66.7,29.754,0.000,0.000,0.000,0.0,00:07:39,0.1,5.4,1,--.--,0,--.--,--.--,0000:32:26,74,0,0,1,1,15.30,-1.00,-138,--.--,50,--.--,--:--:--,1,-15.30,16:03:38,21:03:38,7/9/26,--.--,--.--,--.--,--.--,--.--,--.--,--.--,--.--,--.--,--.--,--.--,--.--,0,--.--,--.--,--.--,--.--,--.--,--.--,--.--,--.--,--.--,--.--,--.--,--.--,--.--,--.--,--.--,--.--,0,0.000,0.000,0.000,0.000,0.000,0.000,0.000,0.000,0.000,0.000,0.000,0.000,true,true,true,true,true,true,false,false,true,true,false,false,0.01,0.01,0.01,0.02,--.--,--.--,0.15,0.17,9223372036854775808,0,--.--,--.--,--.--,--.--,--.--,0,0,0,0,37.4122942,-121.9985267,10SEG 88624 41081,0.7,1.1,118.7,3,10,--.--,--.--,,--.--,--.--,--.--,0,0,--.--,--.--,0,0.0,0.1,-29.9,0.0,0.0,0.0,0.0,-0.0,-29.9,0.0,-0.1,0.0,--.--,--.--,--.--,--.--,1.2,0.0,248.9,1.8,-0.0,0.1,288.15,--.--,--.--,0,0,0.0,0.0,0.0,0,0,0,--.--,--.--,--.--
2026-07-09 16:03:39.554,0.4,-0.0,248,-2.1,-0.2,0.3,0.1,0.7,0.000,-0.0,29.6,67.6,66.7,29.741,0.000,0.000,0.000,0.0,00:07:40,0.1,1.9,1,--.--,0,--.--,--.--,0000:32:26,74,0,0,1,1,15.30,-1.00,-138,--.--,50,--.--,--:--:--,1,-15.30,16:03:39,21:03:39,7/9/26,--.--,--.--,--.--,--.--,--.--,--.--,--.--,--.--,--.--,--.--,--.--,--.--,0,--.--,--.--,--.--,--.--,--.--,--.--,--.--,--.--,--.--,--.--,--.--,--.--,--.--,--.--,--.--,--.--,0,0.000,0.000,0.000,0.000,0.000,0.000,0.000,0.000,0.000,0.000,0.000,0.000,true,true,true,true,true,true,false,false,true,true,false,false,0.01,0.01,0.01,0.02,--.--,--.--,0.15,0.17,9223372036854775808,0,--.--,--.--,--.--,--.--,--.--,0,0,0,0,37.4122946,-121.9985271,10SEG 88624 41081,0.7,1.1,291.8,3,10,--.--,--.--,,--.--,--.--,--.--,0,0,--.--,--.--,0,0.0,0.1,-29.9,0.0,-0.0,-0.0,0.0,-0.0,-29.9,-0.0,-0.0,0.0,--.--,--.--,--.--,--.--,0.1,0.0,249.0,-1.6,0.1,-0.0,288.15,--.--,--.--,0,0,0.0,0.0,0.0,0,0,0,--.--,--.--,--.--
2026-07-09 16:03:40.554,1.0,-0.0,249,0.3,0.1,-0.1,0.0,-1.9,0.000,0.0,29.6,67.6,66.7,29.728,0.000,0.000,0.000,0.0,00:07:41,0.0,2.0,1,--.--,0,--.--,--.--,0000:32:26,73,0,0,1,1,15.30,-1.00,-138,--.--,50,--.--,--:--:--,1,-15.30,16:03:40,21:03:40,7/9/26,--.--,--.--,--.--,--.--,--.--,--.--,--.--,--.--,--.--,--.--,--.--,--.--,0,--.--,--.--,--.--,--.--,--.--,--.--,--.--,--.--,--.--,--.--,--.--,--.--,--.--,--.--,--.--,--.--,0,0.000,0.000,0.000,0.000,0.000,0.000,0.000,0.000,0.000,0.000,0.000,0.000,true,true,true,true,true,true,false,false,true,true,false,false,0.01,0.01,0.01,0.02,--.--,--.--,0.15,0.17,9223372036854775808,0,--.--,--.--,--.--,--.--,--.--,0,0,0,0,37.4122947,-121.9985277,10SEG 88624 41081,0.7,1.1,280.4,3,10,--.--,--.--,,--.--,--.--,--.--,0,0,--.--,--.--,0,0.0,0.0,-29.8,-0.0,-0.0,0.0,0.0,-0.0,-29.9,0.0,-0.0,-0.0,--.--,--.--,--.--,--.--,0.9,0.0,249.1,-0.7,0.0,0.0,288.15,--.--,--.--,0,0,0.0,0.0,0.0,0,0,0,--.--,--.--,--.--
2026-07-09 16:03:41.553,-0.0,-0.0,249,0.8,0.0,-0.1,0.0,-1.8,0.000,0.0,29.6,67.6,66.7,29.699,0.000,0.000,0.000,0.0,00:07:42,0.0,1.0,1,--.--,0,--.--,--.--,0000:32:26,73,0,0,1,1,15.30,-1.00,-139,--.--,50,--.--,--:--:--,1,-15.30,16:03:41,21:03:41,7/9/26,--.--,--.--,--.--,--.--,--.--,--.--,--.--,--.--,--.--,--.--,--.--,--.--,0,--.--,--.--,--.--,--.--,--.--,--.--,--.--,--.--,--.--,--.--,--.--,--.--,--.--,--.--,--.--,--.--,0,0.000,0.000,0.000,0.000,0.000,0.000,0.000,0.000,0.000,0.000,0.000,0.000,true,true,true,true,true,true,false,false,true,true,false,false,0.02,0.00,0.00,0.02,--.--,--.--,0.15,0.17,9223372036854775808,0,--.--,--.--,--.--,--.--,--.--,0,0,0,0,37.4122948,-121.9985275,10SEG 88624 41081,0.7,1.1,211.4,3,10,--.--,--.--,,--.--,--.--,--.--,0,0,--.--,--.--,0,0.1,-0.0,-29.8,-0.0,0.0,-0.0,0.0,-0.0,-29.9,-0.0,0.0,-0.0,--.--,--.--,--.--,--.--,0.4,-0.0,249.1,1.9,0.2,-0.0,288.15,--.--,--.--,0,0,0.0,0.0,0.0,0,0,0,--.--,--.--,--.--
2026-07-09 16:03:42.553,1.0,0.1,248,-1.5,-0.1,0.0,0.0,1.0,0.000,0.0,29.6,67.6,66.7,29.685,0.000,0.000,0.000,0.0,00:07:43,0.1,0.8,1,--.--,0,--.--,--.--,0000:32:26,74,0,0,1,1,15.30,-1.00,-139,--.--,50,--.--,--:--:--,1,-15.30,16:03:42,21:03:42,7/9/26,--.--,--.--,--.--,--.--,--.--,--.--,--.--,--.--,--.--,--.--,--.--,--.--,0,--.--,--.--,--.--,--.--,--.--,--.--,--.--,--.--,--.--,--.--,--.--,--.--,--.--,--.--,--.--,--.--,0,0.000,0.000,0.000,0.000,0.000,0.000,0.000,0.000,0.000,0.000,0.000,0.000,true,true,true,true,true,true,false,false,true,true,false,false,0.02,0.00,0.00,0.02,--.--,--.--,0.15,0.17,9223372036854775808,0,--.--,--.--,--.--,--.--,--.--,0,0,0,0,37.4122950,-121.9985273,10SEG 88624 41081,0.7,1.1,30.0,3,10,--.--,--.--,,--.--,--.--,--.--,0,0,--.--,--.--,0,0.1,0.0,-29.8,0.0,0.0,-0.0,0.0,-0.0,-29.9,-0.0,-0.0,-0.0,--.--,--.--,--.--,--.--,0.5,-0.0,249.0,-2.3,-0.4,0.0,288.15,--.--,--.--,0,0,0.0,0.0,0.0,0,0,0,--.--,--.--,--.--
2026-07-09 16:03:43.553,0.4,0.0,249,1.5,0.1,0.0,0.0,-1.1,0.000,0.1,29.6,67.5,66.7,29.684,0.000,0.000,0.000,0.0,00:07:44,0.1,2.4,1,--.--,0,--.--,--.--,0000:32:26,74,0,0,1,1,15.30,-1.00,-140,--.--,50,--.--,--:--:--,1,-15.30,16:03:43,21:03:43,7/9/26,--.--,--.--,--.--,--.--,--.--,--.--,--.--,--.--,--.--,--.--,--.--,--.--,0,--.--,--.--,--.--,--.--,--.--,--.--,--.--,--.--,--.--,--.--,--.--,--.--,--.--,--.--,--.--,--.--,0,0.000,0.000,0.000,0.000,0.000,0.000,0.000,0.000,0.000,0.000,0.000,0.000,true,true,true,true,true,true,false,false,true,true,false,false,0.02,0.01,0.01,0.01,--.--,--.--,0.15,0.17,9223372036854775808,0,--.--,--.--,--.--,--.--,--.--,0,0,0,0,37.4122953,-121.9985273,10SEG 88624 41081,0.7,1.1,118.1,3,10,--.--,--.--,,--.--,--.--,--.--,0,0,--.--,--.--,0,0.1,0.1,-29.8,-0.0,0.0,-0.1,0.0,-0.0,-29.9,-0.0,-0.1,-0.0,--.--,--.--,--.--,--.--,0.8,0.0,249.1,1.9,-0.1,-0.0,288.15,--.--,--.--,0,0,0.0,0.0,0.0,0,0,0,--.--,--.--,--.--
2026-07-09 16:03:44.553,1.0,0.0,249,-1.7,-0.2,0.3,0.0,-0.4,0.000,0.1,29.6,67.5,66.7,29.686,0.000,0.000,0.000,0.0,00:07:45,0.1,19.8,1,--.--,0,--.--,--.--,0000:32:26,74,0,0,1,1,15.30,-1.00,-140,--.--,50,--.--,--:--:--,1,-15.30,16:03:44,21:03:44,7/9/26,--.--,--.--,--.--,--.--,--.--,--.--,--.--,--.--,--.--,--.--,--.--,--.--,0,--.--,--.--,--.--,--.--,--.--,--.--,--.--,--.--,--.--,--.--,--.--,--.--,--.--,--.--,--.--,--.--,0,0.000,0.000,0.000,0.000,0.000,0.000,0.000,0.000,0.000,0.000,0.000,0.000,true,true,true,true,true,true,false,false,true,true,false,false,0.02,0.01,0.01,0.01,--.--,--.--,0.15,0.17,9223372036854775808,0,--.--,--.--,--.--,--.--,--.--,0,0,0,0,37.4122951,-121.9985267,10SEG 88624 41081,0.7,1.1,193.9,3,10,--.--,--.--,,--.--,--.--,--.--,0,0,--.--,--.--,0,0.1,0.1,-29.8,0.0,-0.0,-0.1,0.0,-0.0,-29.9,-0.0,-0.1,-0.0,--.--,--.--,--.--,--.--,0.5,0.0,249.2,-2.1,-0.2,-0.0,288.15,--.--,--.--,0,0,0.0,0.0,0.0,0,0,0,--.--,--.--,--.--
2026-07-09 16:03:45.553,0.6,-0.0,249,0.6,0.1,-0.0,0.1,-1.6,0.000,0.0,29.6,67.5,66.7,29.688,0.000,0.000,0.000,0.0,00:07:46,0.1,1.4,1,--.--,0,--.--,--.--,0000:32:26,73,0,0,1,1,15.30,-1.00,-140,--.--,50,--.--,--:--:--,1,-15.30,16:03:45,21:03:45,7/9/26,--.--,--.--,--.--,--.--,--.--,--.--,--.--,--.--,--.--,--.--,--.--,--.--,0,--.--,--.--,--.--,--.--,--.--,--.--,--.--,--.--,--.--,--.--,--.--,--.--,--.--,--.--,--.--,--.--,0,0.000,0.000,0.000,0.000,0.000,0.000,0.000,0.000,0.000,0.000,0.000,0.000,true,true,true,true,true,true,false,false,true,true,false,false,0.02,0.00,0.01,0.02,--.--,--.--,0.15,0.17,9223372036854775808,0,--.--,--.--,--.--,--.--,--.--,0,0,0,0,37.4122953,-121.9985271,10SEG 88624 41081,0.7,1.1,236.5,3,10,--.--,--.--,,--.--,--.--,--.--,0,0,--.--,--.--,0,0.1,0.0,-29.8,-0.0,-0.1,-0.0,0.0,-0.0,-29.9,-0.0,-0.0,-0.0,--.--,--.--,--.--,--.--,0.7,0.0,249.3,0.5,0.2,-0.0,288.15,--.--,--.--,0,0,0.0,0.0,0.0,0,0,0,--.--,--.--,--.--
2026-07-09 16:03:46.553,0.5,0.0,249,-0.4,-0.0,-0.1,0.1,-1.4,0.000,0.0,29.5,67.5,66.7,29.668,0.000,0.000,0.000,0.0,00:07:47,0.0,0.9,1,--.--,0,--.--,--.--,0000:32:26,73,0,0,1,1,15.30,-1.00,-140,--.--,50,--.--,--:--:--,1,-15.30,16:03:46,21:03:46,7/9/26,--.--,--.--,--.--,--.--,--.--,--.--,--.--,--.--,--.--,--.--,--.--,--.--,0,--.--,--.--,--.--,--.--,--.--,--.--,--.--,--.--,--.--,--.--,--.--,--.--,--.--,--.--,--.--,--.--,0,0.000,0.000,0.000,0.000,0.000,0.000,0.000,0.000,0.000,0.000,0.000,0.000,true,true,true,true,true,true,false,false,true,true,false,false,0.02,0.00,0.01,0.02,--.--,--.--,0.15,0.17,9223372036854775808,0,--.--,--.--,--.--,--.--,--.--,0,0,0,0,37.4122951,-121.9985269,10SEG 88624 41081,0.7,1.1,274.9,3,10,--.--,--.--,,--.--,--.--,--.--,0,0,--.--,--.--,0,0.1,0.0,-29.8,-0.0,-0.0,-0.0,0.0,-0.0,-29.9,-0.0,-0.0,-0.1,--.--,--.--,--.--,--.--,0.4,-0.0,249.3,-0.2,-0.1,0.0,288.15,--.--,--.--,0,0,0.0,0.0,0.0,0,0,0,--.--,--.--,--.--
2026-07-09 16:03:47.553,1.0,0.1,249,1.3,0.1,-0.1,0.0,0.4,0.000,0.1,29.5,67.5,66.7,29.665,0.000,0.000,0.000,0.0,00:07:48,0.1,4.4,1,--.--,0,--.--,--.--,0000:32:26,74,0,0,1,1,15.30,-1.00,-141,--.--,50,--.--,--:--:--,1,-15.30,16:03:47,21:03:47,7/9/26,--.--,--.--,--.--,--.--,--.--,--.--,--.--,--.--,--.--,--.--,--.--,--.--,0,--.--,--.--,--.--,--.--,--.--,--.--,--.--,--.--,--.--,--.--,--.--,--.--,--.--,--.--,--.--,--.--,0,0.000,0.000,0.000,0.000,0.000,0.000,0.000,0.000,0.000,0.000,0.000,0.000,true,true,true,true,true,true,false,false,true,true,false,false,0.02,0.01,0.01,0.02,--.--,--.--,0.15,0.17,9223372036854775808,0,--.--,--.--,--.--,--.--,--.--,0,0,0,0,37.4122945,-121.9985263,10SEG 88624 41081,0.7,1.1,149.6,3,10,--.--,--.--,,--.--,--.--,--.--,0,0,--.--,--.--,0,0.0,0.1,-29.8,-0.0,0.0,-0.1,0.0,-0.0,-29.9,-0.0,-0.0,-0.1,--.--,--.--,--.--,--.--,1.3,0.0,249.2,1.5,-0.3,0.2,288.15,--.--,--.--,0,0,0.0,0.0,0.0,0,0,0,--.--,--.--,--.--
2026-07-09 16:03:48.553,0.6,0.0,249,-1.4,-0.2,0.3,0.0,-0.3,0.000,0.1,29.5,67.5,66.7,29.678,0.000,0.000,0.000,0.0,00:07:49,0.1,2.5,1,--.--,0,--.--,--.--,0000:32:26,74,0,0,1,1,15.30,-1.00,-141,--.--,50,--.--,--:--:--,1,-15.30,16:03:48,21:03:48,7/9/26,--.--,--.--,--.--,--.--,--.--,--.--,--.--,--.--,--.--,--.--,--.--,--.--,0,--.--,--.--,--.--,--.--,--.--,--.--,--.--,--.--,--.--,--.--,--.--,--.--,--.--,--.--,--.--,--.--,0,0.000,0.000,0.000,0.000,0.000,0.000,0.000,0.000,0.000,0.000,0.000,0.000,true,true,true,true,true,true,false,false,true,true,false,false,0.02,0.01,0.01,0.02,--.--,--.--,0.15,0.17,9223372036854775808,0,--.--,--.--,--.--,--.--,--.--,0,0,0,0,37.4122946,-121.9985261,10SEG 88624 41081,0.7,1.1,352.7,3,10,--.--,--.--,,--.--,--.--,--.--,0,0,--.--,--.--,0,0.0,0.1,-29.8,0.0,-0.0,-0.1,0.0,-0.0,-29.9,-0.0,-0.1,-0.1,--.--,--.--,--.--,--.--,0.3,-0.0,249.3,-1.0,-0.1,-0.0,288.15,--.--,--.--,0,0,0.0,0.0,0.0,0,0,0,--.--,--.--,--.--
2026-07-09 16:03:49.552,0.7,-0.0,249,0.1,0.0,0.1,0.0,-0.5,0.000,0.1,29.6,67.5,66.7,29.684,0.000,0.000,0.000,0.0,00:07:50,0.1,2.0,1,--.--,0,--.--,--.--,0000:32:26,74,0,0,1,1,15.30,-1.00,-141,--.--,50,--.--,--:--:--,1,-15.30,16:03:49,21:03:49,7/9/26,--.--,--.--,--.--,--.--,--.--,--.--,--.--,--.--,--.--,--.--,--.--,--.--,0,--.--,--.--,--.--,--.--,--.--,--.--,--.--,--.--,--.--,--.--,--.--,--.--,--.--,--.--,--.--,--.--,0,0.000,0.000,0.000,0.000,0.000,0.000,0.000,0.000,0.000,0.000,0.000,0.000,true,true,true,true,true,true,false,false,true,true,false,false,0.02,0.01,0.01,0.02,--.--,--.--,0.15,0.17,9223372036854775808,0,--.--,--.--,--.--,--.--,--.--,0,0,0,0,37.4122946,-121.9985263,10SEG 88624 41081,0.7,1.1,206.7,3,10,--.--,--.--,,--.--,--.--,--.--,0,0,--.--,--.--,0,0.0,0.1,-29.8,-0.0,-0.1,-0.0,0.0,-0.0,-29.9,0.0,-0.1,-0.0,--.--,--.--,--.--,--.--,0.7,-0.0,249.5,-0.1,0.0,-0.0,288.15,--.--,--.--,0,0,0.0,0.0,0.0,0,0,0,--.--,--.--,--.--
2026-07-09 16:03:50.552,0.4,-0.0,249,-0.9,0.0,0.0,0.1,-0.2,0.000,0.0,29.6,67.5,66.7,29.677,0.000,0.000,0.000,0.0,00:07:51,0.1,1.5,1,--.--,0,--.--,--.--,0000:32:26,74,0,0,1,1,15.30,-1.00,-141,--.--,50,--.--,--:--:--,1,-15.30,16:03:50,21:03:50,7/9/26,--.--,--.--,--.--,--.--,--.--,--.--,--.--,--.--,--.--,--.--,--.--,--.--,0,--.--,--.--,--.--,--.--,--.--,--.--,--.--,--.--,--.--,--.--,--.--,--.--,--.--,--.--,--.--,--.--,0,0.000,0.000,0.000,0.000,0.000,0.000,0.000,0.000,0.000,0.000,0.000,0.000,true,true,true,true,true,true,false,false,true,true,false,false,0.02,0.01,0.01,0.02,--.--,--.--,0.15,0.17,9223372036854775808,0,--.--,--.--,--.--,--.--,--.--,0,0,0,0,37.4122951,-121.9985264,10SEG 88624 41081,0.7,1.1,288.7,3,10,--.--,--.--,,--.--,--.--,--.--,0,0,--.--,--.--,0,0.0,0.0,-29.8,0.0,-0.1,-0.1,0.0,-0.0,-29.9,-0.0,-0.0,-0.1,--.--,--.--,--.--,--.--,0.3,-0.0,249.5,-0.9,0.1,-0.0,288.15,--.--,--.--,0,0,0.0,0.0,0.0,0,0,0,--.--,--.--,--.--
2026-07-09 16:03:51.552,0.9,0.0,249,1.4,0.2,-0.2,0.0,-1.0,0.000,0.0,29.6,67.5,66.7,29.677,0.000,0.000,0.000,0.0,00:07:52,0.1,1.3,1,--.--,0,--.--,--.--,0000:32:26,73,0,0,1,1,15.30,-1.00,-142,--.--,50,--.--,--:--:--,1,-15.30,16:03:51,21:03:51,7/9/26,--.--,--.--,--.--,--.--,--.--,--.--,--.--,--.--,--.--,--.--,--.--,--.--,0,--.--,--.--,--.--,--.--,--.--,--.--,--.--,--.--,--.--,--.--,--.--,--.--,--.--,--.--,--.--,--.--,0,0.000,0.000,0.000,0.000,0.000,0.000,0.000,0.000,0.000,0.000,0.000,0.000,true,true,true,true,true,true,false,false,true,true,false,false,0.02,0.01,0.01,0.02,--.--,--.--,0.15,0.17,9223372036854775808,0,--.--,--.--,--.--,--.--,--.--,0,0,0,0,37.4122949,-121.9985268,10SEG 88624 41081,0.7,1.1,223.5,3,10,--.--,--.--,,--.--,--.--,--.--,0,0,--.--,--.--,0,0.0,0.0,-29.8,-0.0,-0.0,-0.0,0.0,-0.0,-29.9,0.0,-0.0,-0.1,--.--,--.--,--.--,--.--,1.1,-0.0,249.5,1.1,0.0,0.1,288.15,--.--,--.--,0,0,0.0,0.0,0.0,0,0,0,--.--,--.--,--.--
2026-07-09 16:03:52.552,0.4,0.0,249,-1.3,-0.1,0.1,0.0,-0.6,0.000,0.1,29.5,67.5,66.7,29.652,0.000,0.000,0.000,0.0,00:07:53,0.0,1.7,1,--.--,0,--.--,--.--,0000:32:26,74,0,0,1,1,15.30,-1.00,-142,--.--,50,--.--,--:--:--,1,-15.30,16:03:52,21:03:52,7/9/26,--.--,--.--,--.--,--.--,--.--,--.--,--.--,--.--,--.--,--.--,--.--,--.--,0,--.--,--.--,--.--,--.--,--.--,--.--,--.--,--.--,--.--,--.--,--.--,--.--,--.--,--.--,--.--,--.--,0,0.000,0.000,0.000,0.000,0.000,0.000,0.000,0.000,0.000,0.000,0.000,0.000,true,true,true,true,true,true,false,false,true,true,false,false,0.02,0.01,0.01,0.02,--.--,--.--,0.15,0.17,9223372036854775808,0,--.--,--.--,--.--,--.--,--.--,0,0,0,0,37.4122950,-121.9985275,10SEG 88624 41081,0.7,1.1,356.8,3,10,--.--,--.--,,--.--,--.--,--.--,0,0,--.--,--.--,0,0.1,0.0,-29.8,0.0,-0.0,-0.1,0.0,-0.0,-29.9,-0.0,-0.0,-0.1,--.--,--.--,--.--,--.--,0.2,-0.0,249.4,-1.1,-0.1,-0.0,288.15,--.--,--.--,0,0,0.0,0.0,0.0,0,0,0,--.--,--.--,--.--
2026-07-09 16:03:53.552,0.9,0.0,249,1.4,0.1,-0.1,0.0,-0.9,0.000,0.1,29.5,67.5,66.7,29.670,0.000,0.000,0.000,0.0,00:07:54,0.1,1.7,1,--.--,0,--.--,--.--,0000:32:26,74,0,0,1,1,15.30,-1.00,-142,--.--,50,--.--,--:--:--,1,-15.30,16:03:53,21:03:53,7/9/26,--.--,--.--,--.--,--.--,--.--,--.--,--.--,--.--,--.--,--.--,--.--,--.--,0,--.--,--.--,--.--,--.--,--.--,--.--,--.--,--.--,--.--,--.--,--.--,--.--,--.--,--.--,--.--,--.--,0,0.000,0.000,0.000,0.000,0.000,0.000,0.000,0.000,0.000,0.000,0.000,0.000,true,true,true,true,true,true,false,false,true,true,false,false,0.02,0.00,0.01,0.02,--.--,--.--,0.15,0.17,9223372036854775808,0,--.--,--.--,--.--,--.--,--.--,0,0,0,0,37.4122946,-121.9985273,10SEG 88624 41081,0.7,1.1,126.9,3,10,--.--,--.--,,--.--,--.--,--.--,0,0,--.--,--.--,0,0.0,0.0,-29.8,-0.0,0.0,-0.1,0.0,-0.0,-29.9,0.0,-0.0,-0.1,--.--,--.--,--.--,--.--,1.1,-0.0,249.5,1.2,-0.0,0.1,288.15,--.--,--.--,0,0,0.0,0.0,0.0,0,0,0,--.--,--.--,--.--
2026-07-09 16:03:54.551,0.5,-0.0,249,-0.9,-0.0,0.1,0.0,0.8,0.000,0.1,29.5,67.5,66.7,29.673,0.000,0.000,0.000,0.0,00:07:55,0.0,1.8,1,--.--,0,--.--,--.--,0000:32:26,74,0,0,1,1,15.30,-1.00,-142,--.--,50,--.--,--:--:--,1,-15.30,16:03:54,21:03:54,7/9/26,--.--,--.--,--.--,--.--,--.--,--.--,--.--,--.--,--.--,--.--,--.--,--.--,0,--.--,--.--,--.--,--.--,--.--,--.--,--.--,--.--,--.--,--.--,--.--,--.--,--.--,--.--,--.--,--.--,0,0.000,0.000,0.000,0.000,0.000,0.000,0.000,0.000,0.000,0.000,0.000,0.000,true,true,true,true,true,true,false,false,true,true,false,false,0.02,0.00,0.01,0.02,--.--,--.--,0.15,0.17,9223372036854775808,0,--.--,--.--,--.--,--.--,--.--,0,0,0,0,37.4122948,-121.9985278,10SEG 88624 41081,0.7,1.1,276.0,3,10,--.--,--.--,,--.--,--.--,--.--,0,0,--.--,--.--,0,0.0,-0.0,-29.8,0.0,-0.0,-0.1,0.0,-0.0,-29.9,-0.0,0.0,-0.1,--.--,--.--,--.--,--.--,0.4,0.0,249.5,-0.7,0.1,-0.0,288.15,--.--,--.--,0,0,0.0,0.0,0.0,0,0,0,--.--,--.--,--.--
2026-07-09 16:03:55.551,0.6,-0.0,249,0.0,0.1,-0.1,0.0,-1.3,0.000,0.1,29.5,67.5,66.7,29.672,0.000,0.000,0.000,0.0,00:07:56,0.0,1.0,1,--.--,0,--.--,--.--,0000:32:26,73,0,0,1,1,15.30,-1.00,-143,--.--,50,--.--,--:--:--,1,-15.30,16:03:55,21:03:55,7/9/26,--.--,--.--,--.--,--.--,--.--,--.--,--.--,--.--,--.--,--.--,--.--,--.--,0,--.--,--.--,--.--,--.--,--.--,--.--,--.--,--.--,--.--,--.--,--.--,--.--,--.--,--.--,--.--,--.--,0,0.000,0.000,0.000,0.000,0.000,0.000,0.000,0.000,0.000,0.000,0.000,0.000,true,true,true,true,true,true,false,false,true,true,false,false,0.02,0.01,0.01,0.02,--.--,--.--,0.15,0.17,9223372036854775808,0,--.--,--.--,--.--,--.--,--.--,0,0,0,0,37.4122949,-121.9985281,10SEG 88624 41081,0.7,1.1,300.5,3,10,--.--,--.--,,--.--,--.--,--.--,0,0,--.--,--.--,0,0.0,-0.1,-29.8,-0.0,0.0,-0.0,0.0,-0.0,-29.9,-0.0,0.0,-0.1,--.--,--.--,--.--,--.--,0.6,0.0,249.5,-0.2,0.1,0.0,288.15,--.--,--.--,0,0,0.0,0.0,0.0,0,0,0,--.--,--.--,--.--
2026-07-09 16:03:56.551,0.6,0.0,249,-0.2,0.1,-0.0,0.1,2.0,0.000,0.1,29.5,67.5,66.7,29.661,0.000,0.000,0.000,0.0,00:07:57,0.0,0.3,1,--.--,0,--.--,--.--,0000:32:26,74,0,0,1,1,15.30,-1.00,-143,--.--,50,--.--,--:--:--,1,-15.30,16:03:56,21:03:56,7/9/26,--.--,--.--,--.--,--.--,--.--,--.--,--.--,--.--,--.--,--.--,--.--,--.--,0,--.--,--.--,--.--,--.--,--.--,--.--,--.--,--.--,--.--,--.--,--.--,--.--,--.--,--.--,--.--,--.--,0,0.000,0.000,0.000,0.000,0.000,0.000,0.000,0.000,0.000,0.000,0.000,0.000,true,true,true,true,true,true,false,false,true,true,false,false,0.02,0.01,0.01,0.02,--.--,--.--,0.15,0.17,9223372036854775808,0,--.--,--.--,--.--,--.--,--.--,0,0,0,0,37.4122951,-121.9985277,10SEG 88624 41081,0.7,1.1,21.9,3,10,--.--,--.--,,--.--,--.--,--.--,0,0,--.--,--.--,0,0.1,-0.0,-29.8,0.0,0.1,-0.1,0.0,-0.0,-29.9,-0.0,0.0,-0.1,--.--,--.--,--.--,--.--,0.5,-0.0,249.5,-0.5,-0.1,0.0,288.15,--.--,--.--,0,0,0.0,0.0,0.0,0,0,0,--.--,--.--,--.--
2026-07-09 16:03:57.551,0.5,-0.0,249,1.9,0.1,-0.0,0.1,1.4,0.000,0.1,29.5,67.5,66.7,29.680,0.000,0.000,0.000,0.0,00:07:58,0.1,0.9,1,--.--,0,--.--,--.--,0000:32:26,74,0,0,1,1,15.30,-1.00,-143,--.--,50,--.--,--:--:--,1,-15.30,16:03:57,21:03:57,7/9/26,--.--,--.--,--.--,--.--,--.--,--.--,--.--,--.--,--.--,--.--,--.--,--.--,0,--.--,--.--,--.--,--.--,--.--,--.--,--.--,--.--,--.--,--.--,--.--,--.--,--.--,--.--,--.--,--.--,0,0.000,0.000,0.000,0.000,0.000,0.000,0.000,0.000,0.000,0.000,0.000,0.000,true,true,true,true,true,true,false,false,true,true,false,false,0.02,0.00,0.01,0.02,--.--,--.--,0.15,0.17,9223372036854775808,0,--.--,--.--,--.--,--.--,--.--,0,0,0,0,37.4122953,-121.9985273,10SEG 88624 41081,0.7,1.1,135.5,3,10,--.--,--.--,,--.--,--.--,--.--,0,0,--.--,--.--,0,0.1,0.0,-29.8,-0.0,0.1,-0.1,0.0,-0.0,-29.9,-0.0,-0.0,-0.0,--.--,--.--,--.--,--.--,0.9,-0.0,249.5,2.1,0.0,-0.0,288.15,--.--,--.--,0,0,0.0,0.0,0.0,0,0,0,--.--,--.--,--.--
2026-07-09 16:03:58.551,0.9,0.0,249,-1.4,-0.1,0.2,0.0,0.9,0.000,0.1,29.6,67.5,66.7,29.693,0.000,0.000,0.000,0.0,00:07:59,0.1,3.4,1,--.--,0,--.--,--.--,0000:32:26,75,0,0,1,1,15.30,-1.00,-143,--.--,50,--.--,--:--:--,1,-15.30,16:03:58,21:03:58,7/9/26,--.--,--.--,--.--,--.--,--.--,--.--,--.--,--.--,--.--,--.--,--.--,--.--,0,--.--,--.--,--.--,--.--,--.--,--.--,--.--,--.--,--.--,--.--,--.--,--.--,--.--,--.--,--.--,--.--,0,0.000,0.000,0.000,0.000,0.000,0.000,0.000,0.000,0.000,0.000,0.000,0.000,true,true,true,true,true,true,false,false,true,true,false,false,0.02,0.00,0.01,0.02,--.--,--.--,0.15,0.17,9223372036854775808,0,--.--,--.--,--.--,--.--,--.--,0,0,0,0,37.4122950,-121.9985268,10SEG 88624 41081,0.7,1.1,232.8,3,10,--.--,--.--,,--.--,--.--,--.--,0,0,--.--,--.--,0,0.1,0.0,-29.8,0.0,0.0,-0.1,0.0,-0.0,-29.9,-0.0,-0.0,-0.0,--.--,--.--,--.--,--.--,0.6,-0.0,249.6,-1.7,-0.0,-0.0,288.15,--.--,--.--,0,0,0.0,0.0,0.0,0,0,0,--.--,--.--,--.--
2026-07-09 16:03:59.550,0.9,-0.0,249,1.6,0.1,-0.0,0.0,0.9,0.000,0.0,29.6,67.6,66.7,29.700,0.000,0.000,0.000,0.0,00:08:00,0.0,1.3,1,--.--,0,--.--,--.--,0000:32:26,74,0,0,1,1,15.30,-1.00,-144,--.--,50,--.--,--:--:--,1,-15.30,16:03:59,21:03:59,7/9/26,--.--,--.--,--.--,--.--,--.--,--.--,--.--,--.--,--.--,--.--,--.--,--.--,0,--.--,--.--,--.--,--.--,--.--,--.--,--.--,--.--,--.--,--.--,--.--,--.--,--.--,--.--,--.--,--.--,0,0.000,0.000,0.000,0.000,0.000,0.000,0.000,0.000,0.000,0.000,0.000,0.000,true,true,true,true,true,true,false,false,true,true,false,false,0.02,0.00,0.01,0.02,--.--,--.--,0.15,0.17,9223372036854775808,0,--.--,--.--,--.--,--.--,--.--,0,0,0,0,37.4122946,-121.9985274,10SEG 88624 41081,0.7,1.1,202.8,3,10,--.--,--.--,,--.--,--.--,--.--,0,0,--.--,--.--,0,0.0,0.0,-29.8,-0.0,-0.0,-0.0,0.0,-0.0,-29.9,0.0,-0.0,-0.0,--.--,--.--,--.--,--.--,1.3,-0.0,249.6,1.8,0.2,0.2,288.15,--.--,--.--,0,0,0.0,0.0,0.0,0,0,0,--.--,--.--,--.--
2026-07-09 16:04:00.551,0.7,-0.0,249,-2.4,-0.1,0.2,0.0,-0.9,0.000,0.0,29.6,67.6,66.7,29.698,0.000,0.000,0.000,0.0,00:08:01,0.0,0.9,1,--.--,0,--.--,--.--,0000:32:26,74,0,0,1,1,15.30,-1.00,-144,--.--,50,--.--,--:--:--,1,-15.30,16:04:00,21:04:00,7/9/26,--.--,--.--,--.--,--.--,--.--,--.--,--.--,--.--,--.--,--.--,--.--,--.--,0,--.--,--.--,--.--,--.--,--.--,--.--,--.--,--.--,--.--,--.--,--.--,--.--,--.--,--.--,--.--,--.--,0,0.000,0.000,0.000,0.000,0.000,0.000,0.000,0.000,0.000,0.000,0.000,0.000,true,true,true,true,true,true,false,false,true,true,false,false,0.02,0.00,0.01,0.02,--.--,--.--,0.15,0.17,9223372036854775808,0,--.--,--.--,--.--,--.--,--.--,0,0,0,0,37.4122944,-121.9985276,10SEG 88624 41081,0.7,1.1,290.1,3,10,--.--,--.--,,--.--,--.--,--.--,0,0,--.--,--.--,0,0.0,-0.0,-29.8,0.1,-0.0,-0.0,0.0,-0.0,-29.9,0.0,0.0,-0.0,--.--,--.--,--.--,--.--,0.2,-0.0,249.7,-2.5,0.1,-0.0,288.15,--.--,--.--,0,0,0.0,0.0,0.0,0,0,0,--.--,--.--,--.--
2026-07-09 16:04:01.551,1.1,-0.0,249,2.2,0.2,-0.2,0.0,-0.6,0.000,0.0,29.6,67.5,66.7,29.695,0.000,0.000,0.000,0.0,00:08:02,0.0,1.4,1,--.--,0,--.--,--.--,0000:32:26,73,0,0,1,1,15.30,-1.00,-145,--.--,50,--.--,--:--:--,1,-15.30,16:04:01,21:04:01,7/9/26,--.--,--.--,--.--,--.--,--.--,--.--,--.--,--.--,--.--,--.--,--.--,--.--,0,--.--,--.--,--.--,--.--,--.--,--.--,--.--,--.--,--.--,--.--,--.--,--.--,--.--,--.--,--.--,--.--,0,0.000,0.000,0.000,0.000,0.000,0.000,0.000,0.000,0.000,0.000,0.000,0.000,true,true,true,true,true,true,false,false,true,true,false,false,0.02,0.00,0.00,0.03,--.--,--.--,0.15,0.17,9223372036854775808,0,--.--,--.--,--.--,--.--,--.--,0,0,0,0,37.4122944,-121.9985281,10SEG 88624 41081,0.7,1.1,132.0,3,10,--.--,--.--,,--.--,--.--,--.--,0,0,--.--,--.--,0,-0.0,-0.0,-29.8,0.0,0.0,-0.0,0.0,-0.0,-29.9,0.0,0.0,-0.0,--.--,--.--,--.--,--.--,1.4,0.0,249.7,1.9,0.1,0.4,288.15,--.--,--.--,0,0,0.0,0.0,0.0,0,0,0,--.--,--.--,--.--
2026-07-09 16:04:02.550,-0.2,-0.1,249,-1.8,-0.2,0.3,0.1,1.1,0.000,0.0,29.6,67.6,66.7,29.694,0.000,0.000,0.000,0.0,00:08:03,0.0,0.2,1,--.--,0,--.--,--.--,0000:32:26,74,0,0,1,1,15.30,-1.00,-145,--.--,50,--.--,--:--:--,1,-15.30,16:04:02,21:04:02,7/9/26,--.--,--.--,--.--,--.--,--.--,--.--,--.--,--.--,--.--,--.--,--.--,--.--,0,--.--,--.--,--.--,--.--,--.--,--.--,--.--,--.--,--.--,--.--,--.--,--.--,--.--,--.--,--.--,--.--,0,0.000,0.000,0.000,0.000,0.000,0.000,0.000,0.000,0.000,0.000,0.000,0.000,true,true,true,true,true,true,false,false,true,true,false,false,0.02,0.00,0.00,0.03,--.--,--.--,0.15,0.17,9223372036854775808,0,--.--,--.--,--.--,--.--,--.--,0,0,0,0,37.4122947,-121.9985285,10SEG 88624 41081,0.7,1.1,27.2,3,10,--.--,--.--,,--.--,--.--,--.--,0,0,--.--,--.--,0,0.0,-0.0,-29.8,0.1,0.0,-0.1,0.0,-0.0,-29.9,-0.0,0.0,-0.0,--.--,--.--,--.--,--.--,-0.4,0.0,249.7,-0.8,0.3,-0.0,288.15,--.--,--.--,0,0,0.0,0.0,0.0,0,0,0,--.--,--.--,--.--
2026-07-09 16:04:03.550,1.1,-0.0,249,0.7,0.2,-0.2,0.1,0.9,0.000,0.0,29.6,67.6,66.7,29.695,0.000,0.000,0.000,0.0,00:08:04,0.0,0.0,1,--.--,0,--.--,--.--,0000:32:26,73,0,0,1,1,15.30,-1.00,-145,--.--,50,--.--,--:--:--,1,-15.30,16:04:03,21:04:03,7/9/26,--.--,--.--,--.--,--.--,--.--,--.--,--.--,--.--,--.--,--.--,--.--,--.--,0,--.--,--.--,--.--,--.--,--.--,--.--,--.--,--.--,--.--,--.--,--.--,--.--,--.--,--.--,--.--,--.--,0,0.000,0.000,0.000,0.000,0.000,0.000,0.000,0.000,0.000,0.000,0.000,0.000,true,true,true,true,true,true,false,false,true,true,false,false,0.02,0.01,0.01,0.03,--.--,--.--,0.15,0.17,9223372036854775808,0,--.--,--.--,--.--,--.--,--.--,0,0,0,0,37.4122944,-121.9985281,10SEG 88624 41081,0.7,1.1,123.8,3,10,--.--,--.--,,--.--,--.--,--.--,0,0,--.--,--.--,0,0.0,-0.0,-29.8,-0.0,0.1,-0.0,0.0,-0.0,-29.9,0.0,0.0,-0.0,--.--,--.--,--.--,--.--,1.1,0.0,249.8,0.2,0.0,0.1,288.15,--.--,--.--,0,0,0.0,0.0,0.0,0,0,0,--.--,--.--,--.--
2026-07-09 16:04:04.550,0.5,0.0,249,-0.7,-0.0,0.1,0.1,-1.5,0.000,0.1,29.6,67.5,66.7,29.674,0.000,0.000,0.000,0.0,00:08:05,0.0,0.6,1,--.--,0,--.--,--.--,0000:32:26,74,0,0,1,1,15.30,-1.00,-145,--.--,50,--.--,--:--:--,1,-15.30,16:04:04,21:04:04,7/9/26,--.--,--.--,--.--,--.--,--.--,--.--,--.--,--.--,--.--,--.--,--.--,--.--,0,--.--,--.--,--.--,--.--,--.--,--.--,--.--,--.--,--.--,--.--,--.--,--.--,--.--,--.--,--.--,--.--,0,0.000,0.000,0.000,0.000,0.000,0.000,0.000,0.000,0.000,0.000,0.000,0.000,true,true,true,true,true,true,false,false,true,true,false,false,0.02,0.01,0.01,0.03,--.--,--.--,0.15,0.17,9223372036854775808,0,--.--,--.--,--.--,--.--,--.--,0,0,0,0,37.4122947,-121.9985276,10SEG 88624 41081,0.7,1.1,65.6,3,10,--.--,--.--,,--.--,--.--,--.--,0,0,--.--,--.--,0,0.0,0.0,-29.8,0.0,0.0,-0.1,0.0,-0.0,-29.9,0.0,-0.0,-0.1,--.--,--.--,--.--,--.--,0.4,-0.0,249.8,-0.6,-0.1,-0.0,288.15,--.--,--.--,0,0,0.0,0.0,0.0,0,0,0,--.--,--.--,--.--
2026-07-09 16:04:05.549,1.0,0.0,249,0.4,0.1,-0.0,0.0,1.3,0.000,0.1,29.5,67.5,66.7,29.678,0.000,0.000,0.000,0.0,00:08:06,0.1,2.1,1,--.--,0,--.--,--.--,0000:32:26,74,0,0,1,1,15.30,-1.00,-146,--.--,50,--.--,--:--:--,1,-15.30,16:04:05,21:04:05,7/9/26,--.--,--.--,--.--,--.--,--.--,--.--,--.--,--.--,--.--,--.--,--.--,--.--,0,--.--,--.--,--.--,--.--,--.--,--.--,--.--,--.--,--.--,--.--,--.--,--.--,--.--,--.--,--.--,--.--,0,0.000,0.000,0.000,0.000,0.000,0.000,0.000,0.000,0.000,0.000,0.000,0.000,true,true,true,true,true,true,false,false,true,true,false,false,0.02,0.00,0.01,0.01,--.--,--.--,0.15,0.17,9223372036854775808,0,--.--,--.--,--.--,--.--,--.--,0,0,0,0,37.4122946,-121.9985271,10SEG 88624 41081,0.7,1.1,11.2,3,10,--.--,--.--,,--.--,--.--,--.--,0,0,--.--,--.--,0,0.0,0.0,-29.8,0.0,0.0,-0.1,0.0,-0.0,-29.9,0.0,-0.0,-0.0,--.--,--.--,--.--,--.--,1.0,0.0,249.8,-0.0,-0.1,0.0,288.15,--.--,--.--,0,0,0.0,0.0,0.0,0,0,0,--.--,--.--,--.--
2026-07-09 16:04:06.549,0.4,-0.1,249,-0.3,0.0,0.1,0.0,1.3,0.000,0.1,29.6,67.5,66.7,29.688,0.000,0.000,0.000,0.0,00:08:07,0.1,2.7,1,--.--,0,--.--,--.--,0000:32:26,74,0,0,1,1,15.30,-1.00,-146,--.--,50,--.--,--:--:--,1,-15.30,16:04:06,21:04:06,7/9/26,--.--,--.--,--.--,--.--,--.--,--.--,--.--,--.--,--.--,--.--,--.--,--.--,0,--.--,--.--,--.--,--.--,--.--,--.--,--.--,--.--,--.--,--.--,--.--,--.--,--.--,--.--,--.--,--.--,0,0.000,0.000,0.000,0.000,0.000,0.000,0.000,0.000,0.000,0.000,0.000,0.000,true,true,true,true,true,true,false,false,true,true,false,false,0.02,0.00,0.01,0.01,--.--,--.--,0.15,0.17,9223372036854775808,0,--.--,--.--,--.--,--.--,--.--,0,0,0,0,37.4122948,-121.9985267,10SEG 88624 41081,0.7,1.1,338.6,3,10,--.--,--.--,,--.--,--.--,--.--,0,0,--.--,--.--,0,0.1,0.0,-29.8,0.0,-0.0,-0.1,0.0,-0.0,-29.9,-0.0,-0.0,-0.0,--.--,--.--,--.--,--.--,0.3,-0.0,249.8,-0.2,0.3,-0.0,288.15,--.--,--.--,0,0,0.0,0.0,0.0,0,0,0,--.--,--.--,--.--
2026-07-09 16:04:07.549,0.6,0.0,249,0.5,0.0,-0.1,0.0,-1.2,0.000,0.1,29.6,67.5,66.7,29.673,0.000,0.000,0.000,0.0,00:08:08,0.1,4.3,1,--.--,0,--.--,--.--,0000:32:26,74,0,0,1,1,15.30,-1.00,-146,--.--,50,--.--,--:--:--,1,-15.30,16:04:07,21:04:07,7/9/26,--.--,--.--,--.--,--.--,--.--,--.--,--.--,--.--,--.--,--.--,--.--,--.--,0,--.--,--.--,--.--,--.--,--.--,--.--,--.--,--.--,--.--,--.--,--.--,--.--,--.--,--.--,--.--,--.--,0,0.000,0.000,0.000,0.000,0.000,0.000,0.000,0.000,0.000,0.000,0.000,0.000,true,true,true,true,true,true,false,false,true,true,false,false,0.02,0.00,0.01,0.02,--.--,--.--,0.15,0.17,9223372036854775808,0,--.--,--.--,--.--,--.--,--.--,0,0,0,0,37.4122947,-121.9985273,10SEG 88624 41081,0.7,1.1,333.1,3,10,--.--,--.--,,--.--,--.--,--.--,0,0,--.--,--.--,0,0.1,0.0,-29.8,-0.0,0.0,-0.1,0.0,-0.0,-29.9,-0.0,-0.0,-0.1,--.--,--.--,--.--,--.--,0.7,0.0,249.9,0.4,-0.0,0.0,288.15,--.--,--.--,0,0,0.0,0.0,0.0,0,0,0,--.--,--.--,--.--
2026-07-09 16:04:08.549,1.1,0.1,249,-0.1,-0.0,0.0,0.0,-1.6,0.000,0.1,29.5,67.5,66.7,29.668,0.000,0.000,0.000,0.0,00:08:09,0.1,9.7,1,--.--,0,--.--,--.--,0000:32:26,74,0,0,1,1,15.30,-1.00,-146,--.--,50,--.--,--:--:--,1,-15.30,16:04:08,21:04:08,7/9/26,--.--,--.--,--.--,--.--,--.--,--.--,--.--,--.--,--.--,--.--,--.--,--.--,0,--.--,--.--,--.--,--.--,--.--,--.--,--.--,--.--,--.--,--.--,--.--,--.--,--.--,--.--,--.--,--.--,0,0.000,0.000,0.000,0.000,0.000,0.000,0.000,0.000,0.000,0.000,0.000,0.000,true,true,true,true,true,true,false,false,true,true,false,false,0.02,0.00,0.01,0.02,--.--,--.--,0.15,0.17,9223372036854775808,0,--.--,--.--,--.--,--.--,--.--,0,0,0,0,37.4122944,-121.9985271,10SEG 88624 41081,0.7,1.1,343.8,3,10,--.--,--.--,,--.--,--.--,--.--,0,0,--.--,--.--,0,0.0,0.0,-29.8,0.0,0.0,-0.1,0.0,-0.0,-29.9,0.0,-0.0,-0.1,--.--,--.--,--.--,--.--,1.0,-0.0,249.8,-0.4,-0.2,0.0,288.15,--.--,--.--,0,0,0.0,0.0,0.0,0,0,0,--.--,--.--,--.--
2026-07-09 16:04:09.549,-0.0,-0.0,249,-0.6,-0.1,0.1,0.0,-0.7,0.000,0.1,29.5,67.5,66.7,29.671,0.000,0.000,0.000,0.0,00:08:10,0.1,2.2,1,--.--,0,--.--,--.--,0000:32:26,74,0,0,1,1,15.30,-1.00,-147,--.--,50,--.--,--:--:--,1,-15.30,16:04:09,21:04:09,7/9/26,--.--,--.--,--.--,--.--,--.--,--.--,--.--,--.--,--.--,--.--,--.--,--.--,0,--.--,--.--,--.--,--.--,--.--,--.--,--.--,--.--,--.--,--.--,--.--,--.--,--.--,--.--,--.--,--.--,0,0.000,0.000,0.000,0.000,0.000,0.000,0.000,0.000,0.000,0.000,0.000,0.000,true,true,true,true,true,true,false,false,true,true,false,false,0.02,0.00,0.01,0.02,--.--,--.--,0.15,0.17,9223372036854775808,0,--.--,--.--,--.--,--.--,--.--,0,0,0,0,37.4122952,-121.9985274,10SEG 88624 41081,0.7,1.1,304.6,3,10,--.--,--.--,,--.--,--.--,--.--,0,0,--.--,--.--,0,0.1,0.0,-29.8,0.0,-0.0,-0.1,0.0,-0.0,-29.9,-0.0,-0.0,-0.1,--.--,--.--,--.--,--.--,-0.0,-0.0,249.9,0.1,0.1,-0.0,288.15,--.--,--.--,0,0,0.0,0.0,0.0,0,0,0,--.--,--.--,--.--
2026-07-09 16:04:10.549,0.9,0.0,249,0.8,0.1,-0.1,0.0,0.8,0.000,0.1,29.5,67.5,66.7,29.674,0.000,0.000,0.000,0.0,00:08:11,0.0,1.1,1,--.--,0,--.--,--.--,0000:32:26,74,0,0,1,1,15.30,-1.00,-147,--.--,50,--.--,--:--:--,1,-15.30,16:04:10,21:04:10,7/9/26,--.--,--.--,--.--,--.--,--.--,--.--,--.--,--.--,--.--,--.--,--.--,--.--,0,--.--,--.--,--.--,--.--,--.--,--.--,--.--,--.--,--.--,--.--,--.--,--.--,--.--,--.--,--.--,--.--,0,0.000,0.000,0.000,0.000,0.000,0.000,0.000,0.000,0.000,0.000,0.000,0.000,true,true,true,true,true,true,false,false,true,true,false,false,0.02,0.00,0.01,0.02,--.--,--.--,0.15,0.17,9223372036854775808,0,--.--,--.--,--.--,--.--,--.--,0,0,0,0,37.4122946,-121.9985274,10SEG 88624 41081,0.7,1.1,137.3,3,10,--.--,--.--,,--.--,--.--,--.--,0,0,--.--,--.--,0,0.1,0.0,-29.8,-0.0,0.0,-0.1,0.0,-0.0,-29.9,-0.0,-0.0,-0.1,--.--,--.--,--.--,--.--,1.0,-0.0,249.9,0.7,-0.1,0.0,288.15,--.--,--.--,0,0,0.0,0.0,0.0,0,0,0,--.--,--.--,--.--
2026-07-09 16:04:11.549,0.9,0.0,249,-0.5,-0.0,0.1,0.0,1.6,0.000,0.0,29.6,67.5,66.7,29.679,0.000,0.000,0.000,0.0,00:08:12,0.1,2.7,1,--.--,0,--.--,--.--,0000:32:26,74,0,0,1,1,15.30,-1.00,-147,--.--,50,--.--,--:--:--,1,-15.30,16:04:11,21:04:11,7/9/26,--.--,--.--,--.--,--.--,--.--,--.--,--.--,--.--,--.--,--.--,--.--,--.--,0,--.--,--.--,--.--,--.--,--.--,--.--,--.--,--.--,--.--,--.--,--.--,--.--,--.--,--.--,--.--,--.--,0,0.000,0.000,0.000,0.000,0.000,0.000,0.000,0.000,0.000,0.000,0.000,0.000,true,true,true,true,true,true,false,false,true,true,false,false,0.02,0.01,0.01,0.02,--.--,--.--,0.15,0.17,9223372036854775808,0,--.--,--.--,--.--,--.--,--.--,0,0,0,0,37.4122946,-121.9985274,10SEG 88624 41081,0.7,1.1,19.0,3,10,--.--,--.--,,--.--,--.--,--.--,0,0,--.--,--.--,0,0.0,0.0,-29.8,0.0,0.0,-0.0,0.0,-0.0,-29.9,-0.0,-0.0,-0.1,--.--,--.--,--.--,--.--,0.8,0.0,249.8,-0.7,-0.1,0.0,288.15,--.--,--.--,0,0,0.0,0.0,0.0,0,0,0,--.--,--.--,--.--
2026-07-09 16:04:12.548,0.3,-0.0,249,-0.0,0.0,0.1,0.0,-1.2,0.000,0.1,29.6,67.5,66.7,29.684,0.000,0.000,0.000,0.0,00:08:13,0.1,3.4,1,--.--,0,--.--,--.--,0000:32:26,74,0,0,1,1,15.30,-1.00,-147,--.--,50,--.--,--:--:--,1,-15.30,16:04:12,21:04:12,7/9/26,--.--,--.--,--.--,--.--,--.--,--.--,--.--,--.--,--.--,--.--,--.--,--.--,0,--.--,--.--,--.--,--.--,--.--,--.--,--.--,--.--,--.--,--.--,--.--,--.--,--.--,--.--,--.--,--.--,0,0.000,0.000,0.000,0.000,0.000,0.000,0.000,0.000,0.000,0.000,0.000,0.000,true,true,true,true,true,true,false,false,true,true,false,false,0.02,0.01,0.01,0.02,--.--,--.--,0.15,0.17,9223372036854775808,0,--.--,--.--,--.--,--.--,--.--,0,0,0,0,37.4122953,-121.9985275,10SEG 88624 41081,0.7,1.1,22.4,3,10,--.--,--.--,,--.--,--.--,--.--,0,0,--.--,--.--,0,0.1,0.0,-29.8,-0.0,0.0,-0.1,0.0,-0.0,-29.9,-0.0,-0.0,-0.0,--.--,--.--,--.--,--.--,0.3,0.0,249.8,0.1,0.1,-0.0,288.15,--.--,--.--,0,0,0.0,0.0,0.0,0,0,0,--.--,--.--,--.--
2026-07-09 16:04:13.548,0.7,-0.0,249,0.2,-0.0,-0.0,0.0,1.3,0.000,0.0,29.6,67.5,66.7,29.694,0.000,0.000,0.000,0.0,00:08:14,0.1,2.1,1,--.--,0,--.--,--.--,0000:32:26,74,0,0,1,1,15.30,-1.00,-148,--.--,50,--.--,--:--:--,1,-15.30,16:04:13,21:04:13,7/9/26,--.--,--.--,--.--,--.--,--.--,--.--,--.--,--.--,--.--,--.--,--.--,--.--,0,--.--,--.--,--.--,--.--,--.--,--.--,--.--,--.--,--.--,--.--,--.--,--.--,--.--,--.--,--.--,--.--,0,0.000,0.000,0.000,0.000,0.000,0.000,0.000,0.000,0.000,0.000,0.000,0.000,true,true,true,true,true,true,false,false,true,true,false,false,0.02,0.00,0.01,0.01,--.--,--.--,0.15,0.17,9223372036854775808,0,--.--,--.--,--.--,--.--,--.--,0,0,0,0,37.4122954,-121.9985270,10SEG 88624 41081,0.7,1.1,82.7,3,10,--.--,--.--,,--.--,--.--,--.--,0,0,--.--,--.--,0,0.1,0.0,-29.8,-0.0,0.0,-0.0,0.0,-0.0,-29.9,-0.0,-0.0,-0.0,--.--,--.--,--.--,--.--,0.7,-0.0,249.9,0.1,0.0,-0.0,288.15,--.--,--.--,0,0,0.0,0.0,0.0,0,0,0,--.--,--.--,--.--
2026-07-09 16:04:14.548,0.7,-0.0,249,-0.5,-0.0,0.0,0.0,1.1,0.000,0.0,29.6,67.6,66.7,29.699,0.000,0.000,0.000,0.0,00:08:15,0.1,3.0,1,--.--,0,--.--,--.--,0000:32:26,74,0,0,1,1,15.30,-1.00,-148,--.--,50,--.--,--:--:--,1,-15.30,16:04:14,21:04:14,7/9/26,--.--,--.--,--.--,--.--,--.--,--.--,--.--,--.--,--.--,--.--,--.--,--.--,0,--.--,--.--,--.--,--.--,--.--,--.--,--.--,--.--,--.--,--.--,--.--,--.--,--.--,--.--,--.--,--.--,0,0.000,0.000,0.000,0.000,0.000,0.000,0.000,0.000,0.000,0.000,0.000,0.000,true,true,true,true,true,true,false,false,true,true,false,false,0.02,0.00,0.01,0.01,--.--,--.--,0.15,0.17,9223372036854775808,0,--.--,--.--,--.--,--.--,--.--,0,0,0,0,37.4122956,-121.9985271,10SEG 88624 41081,0.7,1.1,294.6,3,10,--.--,--.--,,--.--,--.--,--.--,0,0,--.--,--.--,0,0.1,0.0,-29.8,-0.0,-0.0,-0.0,0.0,-0.0,-29.9,-0.0,-0.0,-0.0,--.--,--.--,--.--,--.--,0.6,0.0,249.9,-0.7,0.1,-0.0,288.15,--.--,--.--,0,0,0.0,0.0,0.0,0,0,0,--.--,--.--,--.--
2026-07-09 16:04:15.548,0.7,-0.0,249,0.6,0.1,-0.0,0.0,0.7,0.000,0.0,29.6,67.6,66.7,29.694,0.000,0.000,0.000,0.0,00:08:16,0.1,2.1,1,--.--,0,--.--,--.--,0000:32:26,73,0,0,1,1,15.30,-1.00,-148,--.--,50,--.--,--:--:--,1,-15.30,16:04:15,21:04:15,7/9/26,--.--,--.--,--.--,--.--,--.--,--.--,--.--,--.--,--.--,--.--,--.--,--.--,0,--.--,--.--,--.--,--.--,--.--,--.--,--.--,--.--,--.--,--.--,--.--,--.--,--.--,--.--,--.--,--.--,0,0.000,0.000,0.000,0.000,0.000,0.000,0.000,0.000,0.000,0.000,0.000,0.000,true,true,true,true,true,true,false,false,true,true,false,false,0.01,0.00,0.01,0.01,--.--,--.--,0.15,0.17,9223372036854775808,0,--.--,--.--,--.--,--.--,--.--,0,0,0,0,37.4122954,-121.9985275,10SEG 88624 41081,0.7,1.1,196.4,3,10,--.--,--.--,,--.--,--.--,--.--,0,0,--.--,--.--,0,0.1,0.0,-29.8,-0.0,-0.0,-0.0,0.0,-0.0,-29.9,-0.0,-0.0,-0.0,--.--,--.--,--.--,--.--,0.8,0.0,249.9,0.6,0.1,-0.0,288.15,--.--,--.--,0,0,0.0,0.0,0.0,0,0,0,--.--,--.--,--.--
2026-07-09 16:04:16.548,0.7,-0.0,249,-0.3,-0.0,0.0,0.0,-0.3,0.000,0.0,29.6,67.5,66.7,29.690,0.000,0.000,0.000,0.0,00:08:17,0.1,3.3,1,--.--,0,--.--,--.--,0000:32:26,73,0,0,1,1,15.30,-1.00,-148,--.--,50,--.--,--:--:--,1,-15.30,16:04:16,21:04:16,7/9/26,--.--,--.--,--.--,--.--,--.--,--.--,--.--,--.--,--.--,--.--,--.--,--.--,0,--.--,--.--,--.--,--.--,--.--,--.--,--.--,--.--,--.--,--.--,--.--,--.--,--.--,--.--,--.--,--.--,0,0.000,0.000,0.000,0.000,0.000,0.000,0.000,0.000,0.000,0.000,0.000,0.000,true,true,true,true,true,true,false,false,true,true,false,false,0.01,0.00,0.01,0.01,--.--,--.--,0.15,0.17,9223372036854775808,0,--.--,--.--,--.--,--.--,--.--,0,0,0,0,37.4122949,-121.9985272,10SEG 88624 41081,0.7,1.1,89.1,3,10,--.--,--.--,,--.--,--.--,--.--,0,0,--.--,--.--,0,0.1,0.0,-29.8,-0.0,0.0,-0.0,0.0,-0.0,-29.9,-0.0,-0.0,-0.0,--.--,--.--,--.--,--.--,0.7,0.0,249.8,-0.2,0.0,0.0,288.15,--.--,--.--,0,0,0.0,0.0,0.0,0,0,0,--.--,--.--,--.--
2026-07-09 16:04:17.548,0.7,0.0,249,0.1,0.0,-0.0,0.0,-0.8,0.000,0.1,29.6,67.5,66.7,29.677,0.000,0.000,0.000,0.0,00:08:18,0.1,3.8,1,--.--,0,--.--,--.--,0000:32:26,74,0,0,1,1,15.30,-1.00,-149,--.--,50,--.--,--:--:--,1,-15.30,16:04:17,21:04:17,7/9/26,--.--,--.--,--.--,--.--,--.--,--.--,--.--,--.--,--.--,--.--,--.--,--.--,0,--.--,--.--,--.--,--.--,--.--,--.--,--.--,--.--,--.--,--.--,--.--,--.--,--.--,--.--,--.--,--.--,0,0.000,0.000,0.000,0.000,0.000,0.000,0.000,0.000,0.000,0.000,0.000,0.000,true,true,true,true,true,true,false,false,true,true,false,false,0.02,0.01,0.01,0.01,--.--,--.--,0.15,0.17,9223372036854775808,0,--.--,--.--,--.--,--.--,--.--,0,0,0,0,37.4122952,-121.9985272,10SEG 88624 41081,0.7,1.1,121.8,3,10,--.--,--.--,,--.--,--.--,--.--,0,0,--.--,--.--,0,0.1,0.0,-29.8,-0.0,0.0,-0.1,0.0,-0.0,-29.9,-0.0,-0.0,-0.1,--.--,--.--,--.--,--.--,0.7,0.0,249.8,0.2,-0.1,0.0,288.15,--.--,--.--,0,0,0.0,0.0,0.0,0,0,0,--.--,--.--,--.--
2026-07-09 16:04:18.548,0.9,0.0,249,0.6,0.1,-0.0,0.0,-1.4,0.000,0.1,29.6,67.5,66.7,29.675,0.000,0.000,0.000,0.0,00:08:19,0.1,5.9,1,--.--,0,--.--,--.--,0000:32:26,74,0,0,1,1,15.30,-1.00,-149,--.--,50,--.--,--:--:--,1,-15.30,16:04:18,21:04:18,7/9/26,--.--,--.--,--.--,--.--,--.--,--.--,--.--,--.--,--.--,--.--,--.--,--.--,0,--.--,--.--,--.--,--.--,--.--,--.--,--.--,--.--,--.--,--.--,--.--,--.--,--.--,--.--,--.--,--.--,0,0.000,0.000,0.000,0.000,0.000,0.000,0.000,0.000,0.000,0.000,0.000,0.000,true,true,true,true,true,true,false,false,true,true,false,false,0.02,0.01,0.01,0.01,--.--,--.--,0.15,0.17,9223372036854775808,0,--.--,--.--,--.--,--.--,--.--,0,0,0,0,37.4122947,-121.9985274,10SEG 88624 41081,0.7,1.1,134.7,3,10,--.--,--.--,,--.--,--.--,--.--,0,0,--.--,--.--,0,0.1,0.0,-29.8,-0.0,0.0,-0.1,0.0,-0.0,-29.9,-0.0,-0.0,-0.1,--.--,--.--,--.--,--.--,1.1,-0.0,249.8,0.8,-0.0,0.1,288.15,--.--,--.--,0,0,0.0,0.0,0.0,0,0,0,--.--,--.--,--.--
2026-07-09 16:04:19.547,0.4,-0.0,249,-1.1,-0.1,0.1,0.0,1.4,0.000,0.1,29.5,67.5,66.7,29.667,0.000,0.000,0.000,0.0,00:08:20,0.0,2.3,1,--.--,0,--.--,--.--,0000:32:26,73,0,0,1,1,15.30,-1.00,-150,--.--,50,--.--,--:--:--,1,-15.30,16:04:19,21:04:19,7/9/26,--.--,--.--,--.--,--.--,--.--,--.--,--.--,--.--,--.--,--.--,--.--,--.--,0,--.--,--.--,--.--,--.--,--.--,--.--,--.--,--.--,--.--,--.--,--.--,--.--,--.--,--.--,--.--,--.--,0,0.000,0.000,0.000,0.000,0.000,0.000,0.000,0.000,0.000,0.000,0.000,0.000,true,true,true,true,true,true,false,false,true,true,false,false,0.03,0.01,0.01,0.01,--.--,--.--,0.15,0.17,9223372036854775808,0,--.--,--.--,--.--,--.--,--.--,0,0,0,0,37.4122949,-121.9985276,10SEG 88624 41081,0.7,1.1,320.2,3,10,--.--,--.--,,--.--,--.--,--.--,0,0,--.--,--.--,0,0.1,0.0,-29.8,0.0,-0.0,-0.1,0.0,-0.0,-29.9,-0.0,-0.0,-0.1,--.--,--.--,--.--,--.--,0.3,-0.0,249.8,-0.6,0.1,-0.0,288.15,--.--,--.--,0,0,0.0,0.0,0.0,0,0,0,--.--,--.--,--.--
2026-07-09 16:04:20.547,1.2,0.0,249,0.9,0.2,-0.1,0.0,-0.3,0.000,0.1,29.5,67.5,66.7,29.669,0.000,0.000,0.000,0.0,00:08:21,0.0,1.4,1,--.--,0,--.--,--.--,0000:32:26,73,0,0,1,1,15.30,-1.00,-150,--.--,50,--.--,--:--:--,1,-15.30,16:04:20,21:04:20,7/9/26,--.--,--.--,--.--,--.--,--.--,--.--,--.--,--.--,--.--,--.--,--.--,--.--,0,--.--,--.--,--.--,--.--,--.--,--.--,--.--,--.--,--.--,--.--,--.--,--.--,--.--,--.--,--.--,--.--,0,0.000,0.000,0.000,0.000,0.000,0.000,0.000,0.000,0.000,0.000,0.000,0.000,true,true,true,true,true,true,false,false,true,true,false,false,0.03,0.01,0.01,0.01,--.--,--.--,0.15,0.17,9223372036854775808,0,--.--,--.--,--.--,--.--,--.--,0,0,0,0,37.4122948,-121.9985276,10SEG 88624 41081,0.7,1.1,124.3,3,10,--.--,--.--,,--.--,--.--,--.--,0,0,--.--,--.--,0,0.0,0.0,-29.8,-0.0,0.0,-0.1,0.0,-0.0,-29.9,0.0,-0.0,-0.1,--.--,--.--,--.--,--.--,1.3,-0.0,249.8,0.4,-0.0,0.3,288.15,--.--,--.--,0,0,0.0,0.0,0.0,0,0,0,--.--,--.--,--.--
2026-07-09 16:04:21.547,-0.0,-0.0,249,-1.3,-0.1,0.2,0.0,1.5,0.000,0.1,29.5,67.5,66.7,29.652,0.000,0.000,0.000,0.0,00:08:22,0.1,1.5,1,--.--,0,--.--,--.--,0000:32:26,74,0,0,1,1,15.30,-1.00,-150,--.--,50,--.--,--:--:--,1,-15.30,16:04:21,21:04:21,7/9/26,--.--,--.--,--.--,--.--,--.--,--.--,--.--,--.--,--.--,--.--,--.--,--.--,0,--.--,--.--,--.--,--.--,--.--,--.--,--.--,--.--,--.--,--.--,--.--,--.--,--.--,--.--,--.--,--.--,0,0.000,0.000,0.000,0.000,0.000,0.000,0.000,0.000,0.000,0.000,0.000,0.000,true,true,true,true,true,true,false,false,true,true,false,false,0.03,0.01,0.01,0.02,--.--,--.--,0.15,0.17,9223372036854775808,0,--.--,--.--,--.--,--.--,--.--,0,0,0,0,37.4122948,-121.9985272,10SEG 88624 41081,0.7,1.1,23.3,3,10,--.--,--.--,,--.--,--.--,--.--,0,0,--.--,--.--,0,0.1,0.0,-29.8,0.0,0.0,-0.1,0.0,-0.0,-29.9,-0.0,-0.0,-0.1,--.--,--.--,--.--,--.--,-0.1,-0.0,249.9,-0.5,0.1,-0.0,288.15,--.--,--.--,0,0,0.0,0.0,0.0,0,0,0,--.--,--.--,--.--
2026-07-09 16:04:22.547,1.2,0.0,249,0.9,0.1,-0.1,0.0,0.4,0.000,0.1,29.5,67.5,66.7,29.646,0.000,0.000,0.000,0.0,00:08:23,0.1,1.7,1,--.--,0,--.--,--.--,0000:32:26,74,0,0,1,1,15.30,-1.00,-150,--.--,50,--.--,--:--:--,1,-15.30,16:04:22,21:04:22,7/9/26,--.--,--.--,--.--,--.--,--.--,--.--,--.--,--.--,--.--,--.--,--.--,--.--,0,--.--,--.--,--.--,--.--,--.--,--.--,--.--,--.--,--.--,--.--,--.--,--.--,--.--,--.--,--.--,--.--,0,0.000,0.000,0.000,0.000,0.000,0.000,0.000,0.000,0.000,0.000,0.000,0.000,true,true,true,true,true,true,false,false,true,true,false,false,0.03,0.01,0.01,0.02,--.--,--.--,0.15,0.17,9223372036854775808,0,--.--,--.--,--.--,--.--,--.--,0,0,0,0,37.4122953,-121.9985273,10SEG 88624 41081,0.7,1.1,128.0,3,10,--.--,--.--,,--.--,--.--,--.--,0,0,--.--,--.--,0,0.1,0.1,-29.8,-0.0,0.0,-0.1,0.0,-0.0,-29.9,-0.0,-0.0,-0.1,--.--,--.--,--.--,--.--,1.3,-0.0,249.9,0.1,-0.2,0.3,288.15,--.--,--.--,0,0,0.0,0.0,0.0,0,0,0,--.--,--.--,--.--
2026-07-09 16:04:23.547,0.4,-0.0,250,0.7,-0.0,0.1,0.0,1.5,0.000,0.1,29.5,67.5,66.7,29.638,0.000,0.000,0.000,0.0,00:08:24,0.1,5.0,1,--.--,0,--.--,--.--,0000:32:26,73,0,0,1,1,15.30,-1.00,-151,--.--,50,--.--,--:--:--,1,-15.30,16:04:23,21:04:23,7/9/26,--.--,--.--,--.--,--.--,--.--,--.--,--.--,--.--,--.--,--.--,--.--,--.--,0,--.--,--.--,--.--,--.--,--.--,--.--,--.--,--.--,--.--,--.--,--.--,--.--,--.--,--.--,--.--,--.--,0,0.000,0.000,0.000,0.000,0.000,0.000,0.000,0.000,0.000,0.000,0.000,0.000,true,true,true,true,true,true,false,false,true,true,false,false,0.03,0.01,0.01,0.01,--.--,--.--,0.15,0.17,9223372036854775808,0,--.--,--.--,--.--,--.--,--.--,0,0,0,0,37.4122946,-121.9985271,10SEG 88624 41081,0.7,1.1,170.4,3,10,--.--,--.--,,--.--,--.--,--.--,0,0,--.--,--.--,0,0.1,0.0,-29.8,-0.0,-0.0,-0.1,0.0,-0.0,-29.9,-0.0,-0.0,-0.1,--.--,--.--,--.--,--.--,0.7,0.0,250.0,1.4,0.2,-0.0,288.15,--.--,--.--,0,0,0.0,0.0,0.0,0,0,0,--.--,--.--,--.--
2026-07-09 16:04:24.547,0.9,0.0,249,-1.1,-0.1,0.0,0.0,-0.7,0.000,0.1,29.5,67.5,66.7,29.633,0.000,0.000,0.000,0.0,00:08:25,0.1,6.1,1,--.--,0,--.--,--.--,0000:32:26,73,0,0,1,1,15.30,-1.00,-151,--.--,50,--.--,--:--:--,1,-15.30,16:04:24,21:04:24,7/9/26,--.--,--.--,--.--,--.--,--.--,--.--,--.--,--.--,--.--,--.--,--.--,--.--,0,--.--,--.--,--.--,--.--,--.--,--.--,--.--,--.--,--.--,--.--,--.--,--.--,--.--,--.--,--.--,--.--,0,0.000,0.000,0.000,0.000,0.000,0.000,0.000,0.000,0.000,0.000,0.000,0.000,true,true,true,true,true,true,false,false,true,true,false,false,0.03,0.01,0.01,0.01,--.--,--.--,0.15,0.17,9223372036854775808,0,--.--,--.--,--.--,--.--,--.--,0,0,0,0,37.4122945,-121.9985271,10SEG 88624 41081,0.7,1.1,303.1,3,10,--.--,--.--,,--.--,--.--,--.--,0,0,--.--,--.--,0,0.0,0.0,-29.8,0.0,-0.0,-0.1,0.0,-0.0,-29.9,0.0,-0.0,-0.1,--.--,--.--,--.--,--.--,0.6,-0.0,250.0,-1.1,-0.1,0.0,288.15,--.--,--.--,0,0,0.0,0.0,0.0,0,0,0,--.--,--.--,--.--
2026-07-09 16:04:25.546,0.7,-0.0,250,0.1,0.0,-0.0,0.0,-0.8,0.000,0.1,29.5,67.5,66.7,29.624,0.000,0.000,0.000,0.0,00:08:26,0.1,5.8,1,--.--,0,--.--,--.--,0000:32:26,73,0,0,1,1,15.30,-1.00,-151,--.--,50,--.--,--:--:--,1,-15.30,16:04:25,21:04:25,7/9/26,--.--,--.--,--.--,--.--,--.--,--.--,--.--,--.--,--.--,--.--,--.--,--.--,0,--.--,--.--,--.--,--.--,--.--,--.--,--.--,--.--,--.--,--.--,--.--,--.--,--.--,--.--,--.--,--.--,0,0.000,0.000,0.000,0.000,0.000,0.000,0.000,0.000,0.000,0.000,0.000,0.000,true,true,true,true,true,true,false,false,true,true,false,false,0.04,0.01,0.01,0.02,--.--,--.--,0.15,0.17,9223372036854775808,0,--.--,--.--,--.--,--.--,--.--,0,0,0,0,37.4122944,-121.9985274,10SEG 88624 41081,0.7,1.1,178.9,3,10,--.--,--.--,,--.--,--.--,--.--,0,0,--.--,--.--,0,0.0,0.0,-29.7,0.0,-0.0,-0.1,0.0,-0.0,-29.9,0.0,-0.0,-0.1,--.--,--.--,--.--,--.--,0.7,-0.0,250.0,-0.0,0.0,-0.0,288.15,--.--,--.--,0,0,0.0,0.0,0.0,0,0,0,--.--,--.--,--.--
2026-07-09 16:04:26.546,1.0,0.0,249,-0.1,0.0,-0.0,0.0,-1.0,0.000,0.1,29.5,67.5,66.7,29.610,0.000,0.000,0.000,0.0,00:08:27,0.1,5.8,1,--.--,0,--.--,--.--,0000:32:26,73,0,0,1,1,15.30,-1.00,-151,--.--,50,--.--,--:--:--,1,-15.30,16:04:26,21:04:26,7/9/26,--.--,--.--,--.--,--.--,--.--,--.--,--.--,--.--,--.--,--.--,--.--,--.--,0,--.--,--.--,--.--,--.--,--.--,--.--,--.--,--.--,--.--,--.--,--.--,--.--,--.--,--.--,--.--,--.--,0,0.000,0.000,0.000,0.000,0.000,0.000,0.000,0.000,0.000,0.000,0.000,0.000,true,true,true,true,true,true,false,false,true,true,false,false,0.04,0.01,0.01,0.02,--.--,--.--,0.15,0.17,9223372036854775808,0,--.--,--.--,--.--,--.--,--.--,0,0,0,0,37.4122943,-121.9985273,10SEG 88624 41081,0.7,1.1,41.0,3,10,--.--,--.--,,--.--,--.--,--.--,0,0,--.--,--.--,0,0.0,0.0,-29.7,0.0,-0.0,-0.1,0.0,-0.0,-29.9,0.0,-0.0,-0.1,--.--,--.--,--.--,--.--,0.9,0.0,250.0,-0.7,-0.1,0.0,288.15,--.--,--.--,0,0,0.0,0.0,0.0,0,0,0,--.--,--.--,--.--
2026-07-09 16:04:27.546,0.4,-0.0,249,-0.1,0.0,0.0,0.0,-0.7,0.000,0.1,29.5,67.5,66.7,29.598,0.000,0.000,0.000,0.0,00:08:28,0.0,1.7,1,--.--,0,--.--,--.--,0000:32:26,73,0,0,1,1,15.30,-1.00,-152,--.--,50,--.--,--:--:--,1,-15.30,16:04:27,21:04:27,7/9/26,--.--,--.--,--.--,--.--,--.--,--.--,--.--,--.--,--.--,--.--,--.--,--.--,0,--.--,--.--,--.--,--.--,--.--,--.--,--.--,--.--,--.--,--.--,--.--,--.--,--.--,--.--,--.--,--.--,0,0.000,0.000,0.000,0.000,0.000,0.000,0.000,0.000,0.000,0.000,0.000,0.000,true,true,true,true,true,true,false,false,true,true,false,false,0.04,0.01,0.02,0.01,--.--,--.--,0.15,0.17,9223372036854775808,0,--.--,--.--,--.--,--.--,--.--,0,0,0,0,37.4122945,-121.9985278,10SEG 88624 41081,0.7,1.1,324.6,3,10,--.--,--.--,,--.--,--.--,--.--,0,0,--.--,--.--,0,0.0,0.0,-29.7,0.0,-0.0,-0.1,0.0,-0.0,-29.9,0.0,-0.0,-0.1,--.--,--.--,--.--,--.--,0.4,0.0,250.0,-0.0,0.0,-0.0,288.15,--.--,--.--,0,0,0.0,0.0,0.0,0,0,0,--.--,--.--,--.--
2026-07-09 16:04:28.546,0.6,0.0,249,1.4,0.0,-0.1,0.0,-0.9,0.000,0.1,29.5,67.4,66.7,29.589,0.000,0.000,0.000,0.0,00:08:29,0.0,5.1,1,--.--,0,--.--,--.--,0000:32:26,73,0,0,1,1,15.30,-1.00,-152,--.--,50,--.--,--:--:--,1,-15.30,16:04:28,21:04:28,7/9/26,--.--,--.--,--.--,--.--,--.--,--.--,--.--,--.--,--.--,--.--,--.--,--.--,0,--.--,--.--,--.--,--.--,--.--,--.--,--.--,--.--,--.--,--.--,--.--,--.--,--.--,--.--,--.--,--.--,0,0.000,0.000,0.000,0.000,0.000,0.000,0.000,0.000,0.000,0.000,0.000,0.000,true,true,true,true,true,true,false,false,true,true,false,false,0.04,0.01,0.02,0.01,--.--,--.--,0.15,0.17,9223372036854775808,0,--.--,--.--,--.--,--.--,--.--,0,0,0,0,37.4122948,-121.9985273,10SEG 88624 41081,0.7,1.1,118.8,3,10,--.--,--.--,,--.--,--.--,--.--,0,0,--.--,--.--,0,0.0,-0.0,-29.7,-0.0,0.0,-0.1,0.0,-0.0,-29.9,0.0,-0.0,-0.1,--.--,--.--,--.--,--.--,1.0,0.0,250.0,1.6,-0.1,0.0,288.15,--.--,--.--,0,0,0.0,0.0,0.0,0,0,0,--.--,--.--,--.--
2026-07-09 16:04:29.546,0.2,0.0,249,-1.2,-0.2,0.1,0.0,-1.0,0.000,0.1,29.5,67.4,66.7,29.591,0.000,0.000,0.000,0.0,00:08:30,0.1,1.5,1,--.--,0,--.--,--.--,0000:32:26,74,0,0,1,1,15.30,-1.00,-152,--.--,50,--.--,--:--:--,1,-15.30,16:04:29,21:04:29,7/9/26,--.--,--.--,--.--,--.--,--.--,--.--,--.--,--.--,--.--,--.--,--.--,--.--,0,--.--,--.--,--.--,--.--,--.--,--.--,--.--,--.--,--.--,--.--,--.--,--.--,--.--,--.--,--.--,--.--,0,0.000,0.000,0.000,0.000,0.000,0.000,0.000,0.000,0.000,0.000,0.000,0.000,true,true,true,true,true,true,false,false,true,true,false,false,0.04,0.00,0.02,0.02,--.--,--.--,0.15,0.17,9223372036854775808,0,--.--,--.--,--.--,--.--,--.--,0,0,0,0,37.4122951,-121.9985269,10SEG 88624 41081,0.7,1.1,60.1,3,10,--.--,--.--,,--.--,--.--,--.--,0,0,--.--,--.--,0,0.1,0.1,-29.7,0.0,0.0,-0.1,0.0,-0.0,-29.9,-0.0,-0.0,-0.1,--.--,--.--,--.--,--.--,0.1,0.0,250.0,-0.3,-0.2,-0.0,288.15,--.--,--.--,0,0,0.0,0.0,0.0,0,0,0,--.--,--.--,--.--
2026-07-09 16:04:30.546,1.2,0.0,250,1.2,0.1,-0.0,0.0,-1.0,0.000,0.1,29.5,67.5,66.7,29.611,0.000,0.000,0.000,0.0,00:08:31,0.1,4.5,1,--.--,0,--.--,--.--,0000:32:26,74,0,0,1,1,15.30,-1.00,-152,--.--,50,--.--,--:--:--,1,-15.30,16:04:30,21:04:30,7/9/26,--.--,--.--,--.--,--.--,--.--,--.--,--.--,--.--,--.--,--.--,--.--,--.--,0,--.--,--.--,--.--,--.--,--.--,--.--,--.--,--.--,--.--,--.--,--.--,--.--,--.--,--.--,--.--,--.--,0,0.000,0.000,0.000,0.000,0.000,0.000,0.000,0.000,0.000,0.000,0.000,0.000,true,true,true,true,true,true,false,false,true,true,false,false,0.04,0.00,0.02,0.02,--.--,--.--,0.15,0.17,9223372036854775808,0,--.--,--.--,--.--,--.--,--.--,0,0,0,0,37.4122947,-121.9985269,10SEG 88624 41081,0.7,1.1,174.6,3,10,--.--,--.--,,--.--,--.--,--.--,0,0,--.--,--.--,0,0.0,0.1,-29.7,-0.0,-0.0,-0.1,0.0,-0.0,-29.9,-0.0,-0.1,-0.1,--.--,--.--,--.--,--.--,1.4,-0.0,250.0,0.8,-0.2,0.4,288.15,--.--,--.--,0,0,0.0,0.0,0.0,0,0,0,--.--,--.--,--.--
2026-07-09 16:04:31.546,0.1,-0.0,250,-0.8,-0.1,0.2,0.1,1.2,0.000,0.1,29.5,67.5,66.7,29.608,0.000,0.000,0.000,0.0,00:08:32,0.1,1.5,1,--.--,0,--.--,--.--,0000:32:26,74,0,0,1,1,15.30,-1.00,-153,--.--,50,--.--,--:--:--,1,-15.30,16:04:31,21:04:31,7/9/26,--.--,--.--,--.--,--.--,--.--,--.--,--.--,--.--,--.--,--.--,--.--,--.--,0,--.--,--.--,--.--,--.--,--.--,--.--,--.--,--.--,--.--,--.--,--.--,--.--,--.--,--.--,--.--,--.--,0,0.000,0.000,0.000,0.000,0.000,0.000,0.000,0.000,0.000,0.000,0.000,0.000,true,true,true,true,true,true,false,false,true,true,false,false,0.04,0.00,0.01,0.02,--.--,--.--,0.15,0.17,9223372036854775808,0,--.--,--.--,--.--,--.--,--.--,0,0,0,0,37.4122947,-121.9985269,10SEG 88624 41081,0.7,1.1,301.4,3,10,--.--,--.--,,--.--,--.--,--.--,0,0,--.--,--.--,0,0.1,0.0,-29.7,0.0,-0.0,-0.1,0.0,-0.0,-29.9,-0.0,-0.0,-0.1,--.--,--.--,--.--,--.--,0.1,-0.0,250.2,-0.0,0.1,-0.0,288.15,--.--,--.--,0,0,0.0,0.0,0.0,0,0,0,--.--,--.--,--.--
2026-07-09 16:04:32.546,1.3,0.1,250,-0.1,0.1,0.0,0.0,1.5,0.000,0.1,29.5,67.5,66.7,29.604,0.000,0.000,0.000,0.0,00:08:33,0.1,2.8,1,--.--,0,--.--,--.--,0000:32:26,74,0,0,1,1,15.30,-1.00,-153,--.--,50,--.--,--:--:--,1,-15.30,16:04:32,21:04:32,7/9/26,--.--,--.--,--.--,--.--,--.--,--.--,--.--,--.--,--.--,--.--,--.--,--.--,0,--.--,--.--,--.--,--.--,--.--,--.--,--.--,--.--,--.--,--.--,--.--,--.--,--.--,--.--,--.--,--.--,0,0.000,0.000,0.000,0.000,0.000,0.000,0.000,0.000,0.000,0.000,0.000,0.000,true,true,true,true,true,true,false,false,true,true,false,false,0.04,0.00,0.01,0.02,--.--,--.--,0.15,0.17,9223372036854775808,0,--.--,--.--,--.--,--.--,--.--,0,0,0,0,37.4122943,-121.9985273,10SEG 88624 41081,0.7,1.1,288.7,3,10,--.--,--.--,,--.--,--.--,--.--,0,0,--.--,--.--,0,0.0,0.0,-29.7,0.0,-0.0,-0.1,0.0,-0.0,-29.9,0.0,-0.0,-0.1,--.--,--.--,--.--,--.--,1.0,-0.0,250.2,-1.3,-0.3,0.1,288.15,--.--,--.--,0,0,0.0,0.0,0.0,0,0,0,--.--,--.--,--.--
2026-07-09 16:04:33.545,-0.1,-0.1,250,0.2,-0.0,0.1,0.0,-0.9,0.000,0.1,29.5,67.5,66.7,29.623,0.000,0.000,0.000,0.0,00:08:34,0.0,1.0,1,--.--,0,--.--,--.--,0000:32:26,74,0,0,1,1,15.30,-1.00,-153,--.--,50,--.--,--:--:--,1,-15.30,16:04:33,21:04:33,7/9/26,--.--,--.--,--.--,--.--,--.--,--.--,--.--,--.--,--.--,--.--,--.--,--.--,0,--.--,--.--,--.--,--.--,--.--,--.--,--.--,--.--,--.--,--.--,--.--,--.--,--.--,--.--,--.--,--.--,0,0.000,0.000,0.000,0.000,0.000,0.000,0.000,0.000,0.000,0.000,0.000,0.000,true,true,true,true,true,true,false,false,true,true,false,false,0.03,0.00,0.01,0.03,--.--,--.--,0.15,0.17,9223372036854775808,0,--.--,--.--,--.--,--.--,--.--,0,0,0,0,37.4122945,-121.9985277,10SEG 88624 41081,0.7,1.1,235.8,3,10,--.--,--.--,,--.--,--.--,--.--,0,0,--.--,--.--,0,0.1,-0.0,-29.7,-0.0,-0.0,-0.1,0.0,-0.0,-29.9,-0.0,0.0,-0.1,--.--,--.--,--.--,--.--,0.2,-0.0,250.3,1.5,0.2,-0.0,288.15,--.--,--.--,0,0,0.0,0.0,0.0,0,0,0,--.--,--.--,--.--
2026-07-09 16:04:34.545,1.2,0.1,250,-1.5,-0.0,0.1,0.0,-0.6,0.000,0.1,29.5,67.5,66.7,29.623,0.000,0.000,0.000,0.0,00:08:35,0.0,3.0,1,--.--,0,--.--,--.--,0000:32:26,74,0,0,1,1,15.30,-1.00,-153,--.--,50,--.--,--:--:--,1,-15.30,16:04:34,21:04:34,7/9/26,--.--,--.--,--.--,--.--,--.--,--.--,--.--,--.--,--.--,--.--,--.--,--.--,0,--.--,--.--,--.--,--.--,--.--,--.--,--.--,--.--,--.--,--.--,--.--,--.--,--.--,--.--,--.--,--.--,0,0.000,0.000,0.000,0.000,0.000,0.000,0.000,0.000,0.000,0.000,0.000,0.000,true,true,true,true,true,true,false,false,true,true,false,false,0.03,0.00,0.01,0.03,--.--,--.--,0.15,0.17,9223372036854775808,0,--.--,--.--,--.--,--.--,--.--,0,0,0,0,37.4122945,-121.9985282,10SEG 88624 41081,0.7,1.1,205.7,3,10,--.--,--.--,,--.--,--.--,--.--,0,0,--.--,--.--,0,0.0,-0.0,-29.8,0.0,0.0,-0.1,0.0,-0.0,-29.9,0.0,0.0,-0.1,--.--,--.--,--.--,--.--,0.7,0.0,250.3,-2.4,-0.2,0.0,288.15,--.--,--.--,0,0,0.0,0.0,0.0,0,0,0,--.--,--.--,--.--
2026-07-09 16:04:35.545,0.1,-0.1,250,1.6,0.1,-0.0,0.0,0.5,0.000,0.1,29.5,67.5,66.7,29.645,0.000,0.000,0.000,0.0,00:08:36,0.0,0.4,1,--.--,0,--.--,--.--,0000:32:26,73,0,0,1,1,15.30,-1.00,-154,--.--,50,--.--,--:--:--,1,-15.30,16:04:35,21:04:35,7/9/26,--.--,--.--,--.--,--.--,--.--,--.--,--.--,--.--,--.--,--.--,--.--,--.--,0,--.--,--.--,--.--,--.--,--.--,--.--,--.--,--.--,--.--,--.--,--.--,--.--,--.--,--.--,--.--,--.--,0,0.000,0.000,0.000,0.000,0.000,0.000,0.000,0.000,0.000,0.000,0.000,0.000,true,true,true,true,true,true,false,false,true,true,false,false,0.02,0.00,0.01,0.03,--.--,--.--,0.15,0.17,9223372036854775808,0,--.--,--.--,--.--,--.--,--.--,0,0,0,0,37.4122948,-121.9985280,10SEG 88624 41081,0.7,1.1,120.3,3,10,--.--,--.--,,--.--,--.--,--.--,0,0,--.--,--.--,0,0.0,-0.0,-29.8,-0.0,0.0,-0.1,0.0,-0.0,-29.9,-0.0,0.0,-0.1,--.--,--.--,--.--,--.--,0.6,0.0,250.3,2.4,0.3,-0.0,288.15,--.--,--.--,0,0,0.0,0.0,0.0,0,0,0,--.--,--.--,--.--
2026-07-09 16:04:36.545,0.5,0.0,250,-2.0,-0.2,0.1,0.1,-0.9,0.000,0.1,29.5,67.5,66.7,29.657,0.000,0.000,0.000,0.0,00:08:37,0.0,0.4,1,--.--,0,--.--,--.--,0000:32:26,74,0,0,1,1,15.30,-1.00,-154,--.--,50,--.--,--:--:--,1,-15.30,16:04:36,21:04:36,7/9/26,--.--,--.--,--.--,--.--,--.--,--.--,--.--,--.--,--.--,--.--,--.--,--.--,0,--.--,--.--,--.--,--.--,--.--,--.--,--.--,--.--,--.--,--.--,--.--,--.--,--.--,--.--,--.--,--.--,0,0.000,0.000,0.000,0.000,0.000,0.000,0.000,0.000,0.000,0.000,0.000,0.000,true,true,true,true,true,true,false,false,true,true,false,false,0.02,0.00,0.01,0.03,--.--,--.--,0.15,0.17,9223372036854775808,0,--.--,--.--,--.--,--.--,--.--,0,0,0,0,37.4122950,-121.9985277,10SEG 88624 41081,0.7,1.1,28.7,3,10,--.--,--.--,,--.--,--.--,--.--,0,0,--.--,--.--,0,0.1,-0.0,-29.8,0.0,0.1,-0.1,0.0,-0.0,-29.9,-0.0,-0.0,-0.1,--.--,--.--,--.--,--.--,0.1,0.0,250.3,-2.0,-0.0,-0.0,288.15,--.--,--.--,0,0,0.0,0.0,0.0,0,0,0,--.--,--.--,--.--
2026-07-09 16:04:37.545,0.6,-0.0,250,1.5,0.1,-0.1,0.1,-0.9,0.000,0.1,29.5,67.5,66.7,29.663,0.000,0.000,0.000,0.0,00:08:38,0.1,1.3,1,--.--,0,--.--,--.--,0000:32:26,74,0,0,1,1,15.30,-1.00,-155,--.--,50,--.--,--:--:--,1,-15.30,16:04:37,21:04:37,7/9/26,--.--,--.--,--.--,--.--,--.--,--.--,--.--,--.--,--.--,--.--,--.--,--.--,0,--.--,--.--,--.--,--.--,--.--,--.--,--.--,--.--,--.--,--.--,--.--,--.--,--.--,--.--,--.--,--.--,0,0.000,0.000,0.000,0.000,0.000,0.000,0.000,0.000,0.000,0.000,0.000,0.000,true,true,true,true,true,true,false,false,true,true,false,false,0.02,0.00,0.01,0.02,--.--,--.--,0.15,0.17,9223372036854775808,0,--.--,--.--,--.--,--.--,--.--,0,0,0,0,37.4122953,-121.9985274,10SEG 88624 41081,0.7,1.1,158.0,3,10,--.--,--.--,,--.--,--.--,--.--,0,0,--.--,--.--,0,0.1,0.0,-29.8,-0.0,0.0,-0.1,0.0,-0.0,-29.9,-0.0,-0.0,-0.1,--.--,--.--,--.--,--.--,0.9,-0.0,250.3,1.3,0.1,-0.0,288.15,--.--,--.--,0,0,0.0,0.0,0.0,0,0,0,--.--,--.--,--.--
2026-07-09 16:04:38.544,0.7,-0.0,250,-0.1,-0.1,0.0,0.0,1.2,0.000,0.1,29.5,67.5,66.7,29.671,0.000,0.000,0.000,0.0,00:08:39,0.1,4.1,1,--.--,0,--.--,--.--,0000:32:26,74,0,0,1,1,15.30,-1.00,-155,--.--,50,--.--,--:--:--,1,-15.30,16:04:38,21:04:38,7/9/26,--.--,--.--,--.--,--.--,--.--,--.--,--.--,--.--,--.--,--.--,--.--,--.--,0,--.--,--.--,--.--,--.--,--.--,--.--,--.--,--.--,--.--,--.--,--.--,--.--,--.--,--.--,--.--,--.--,0,0.000,0.000,0.000,0.000,0.000,0.000,0.000,0.000,0.000,0.000,0.000,0.000,true,true,true,true,true,true,false,false,true,true,false,false,0.02,0.00,0.01,0.02,--.--,--.--,0.15,0.17,9223372036854775808,0,--.--,--.--,--.--,--.--,--.--,0,0,0,0,37.4122950,-121.9985272,10SEG 88624 41081,0.7,1.1,245.9,3,10,--.--,--.--,,--.--,--.--,--.--,0,0,--.--,--.--,0,0.1,0.0,-29.8,-0.0,-0.0,-0.1,0.0,-0.0,-29.9,-0.0,-0.0,-0.1,--.--,--.--,--.--,--.--,0.7,0.0,250.3,0.0,0.1,-0.0,288.15,--.--,--.--,0,0,0.0,0.0,0.0,0,0,0,--.--,--.--,--.--
2026-07-09 16:04:39.544,0.8,-0.0,250,-0.1,0.1,-0.0,0.0,1.0,0.000,0.1,29.5,67.5,66.7,29.669,0.000,0.000,0.000,0.0,00:08:40,0.0,1.3,1,--.--,0,--.--,--.--,0000:32:26,73,0,0,1,1,15.30,-1.00,-155,--.--,50,--.--,--:--:--,1,-15.30,16:04:39,21:04:39,7/9/26,--.--,--.--,--.--,--.--,--.--,--.--,--.--,--.--,--.--,--.--,--.--,--.--,0,--.--,--.--,--.--,--.--,--.--,--.--,--.--,--.--,--.--,--.--,--.--,--.--,--.--,--.--,--.--,--.--,0,0.000,0.000,0.000,0.000,0.000,0.000,0.000,0.000,0.000,0.000,0.000,0.000,true,true,true,true,true,true,false,false,true,true,false,false,0.02,0.00,0.01,0.01,--.--,--.--,0.15,0.17,9223372036854775808,0,--.--,--.--,--.--,--.--,--.--,0,0,0,0,37.4122948,-121.9985272,10SEG 88624 41081,0.7,1.1,282.0,3,10,--.--,--.--,,--.--,--.--,--.--,0,0,--.--,--.--,0,0.0,-0.0,-29.8,-0.0,-0.0,-0.1,0.0,-0.0,-29.9,-0.0,0.0,-0.1,--.--,--.--,--.--,--.--,0.7,-0.0,250.3,-0.4,0.1,0.0,288.15,--.--,--.--,0,0,0.0,0.0,0.0,0,0,0,--.--,--.--,--.--
2026-07-09 16:04:40.545,0.5,-0.0,250,-0.1,0.1,-0.0,0.0,-1.7,0.000,0.1,29.5,67.5,66.7,29.654,0.000,0.000,0.000,0.0,00:08:41,0.0,2.7,1,--.--,0,--.--,--.--,0000:32:26,73,0,0,1,1,15.30,-1.00,-155,--.--,50,--.--,--:--:--,1,-15.30,16:04:40,21:04:40,7/9/26,--.--,--.--,--.--,--.--,--.--,--.--,--.--,--.--,--.--,--.--,--.--,--.--,0,--.--,--.--,--.--,--.--,--.--,--.--,--.--,--.--,--.--,--.--,--.--,--.--,--.--,--.--,--.--,--.--,0,0.000,0.000,0.000,0.000,0.000,0.000,0.000,0.000,0.000,0.000,0.000,0.000,true,true,true,true,true,true,false,false,true,true,false,false,0.02,0.00,0.01,0.01,--.--,--.--,0.15,0.17,9223372036854775808,0,--.--,--.--,--.--,--.--,--.--,0,0,0,0,37.4122947,-121.9985281,10SEG 88624 41081,0.7,1.1,312.2,3,10,--.--,--.--,,--.--,--.--,--.--,0,0,--.--,--.--,0,0.1,-0.0,-29.8,-0.0,0.0,-0.1,0.0,-0.0,-29.9,-0.0,0.0,-0.1,--.--,--.--,--.--,--.--,0.5,-0.0,250.3,-0.0,0.0,0.0,288.15,--.--,--.--,0,0,0.0,0.0,0.0,0,0,0,--.--,--.--,--.--
2026-07-09 16:04:41.544,0.6,0.0,250,0.2,0.0,-0.0,0.0,-1.1,0.000,0.1,29.5,67.5,66.7,29.662,0.000,0.000,0.000,0.0,00:08:42,0.0,0.7,1,--.--,0,--.--,--.--,0000:32:26,74,0,0,1,1,15.30,-1.00,-156,--.--,50,--.--,--:--:--,1,-15.30,16:04:41,21:04:41,7/9/26,--.--,--.--,--.--,--.--,--.--,--.--,--.--,--.--,--.--,--.--,--.--,--.--,0,--.--,--.--,--.--,--.--,--.--,--.--,--.--,--.--,--.--,--.--,--.--,--.--,--.--,--.--,--.--,--.--,0,0.000,0.000,0.000,0.000,0.000,0.000,0.000,0.000,0.000,0.000,0.000,0.000,true,true,true,true,true,true,false,false,true,true,false,false,0.02,0.00,0.01,0.02,--.--,--.--,0.15,0.17,9223372036854775808,0,--.--,--.--,--.--,--.--,--.--,0,0,0,0,37.4122953,-121.9985276,10SEG 88624 41081,0.7,1.1,48.2,3,10,--.--,--.--,,--.--,--.--,--.--,0,0,--.--,--.--,0,0.1,-0.0,-29.8,-0.0,0.0,-0.1,0.0,-0.0,-29.9,-0.0,0.0,-0.1,--.--,--.--,--.--,--.--,0.6,0.0,250.2,0.0,-0.1,0.0,288.15,--.--,--.--,0,0,0.0,0.0,0.0,0,0,0,--.--,--.--,--.--
2026-07-09 16:04:42.545,0.3,-0.0,250,-0.4,-0.1,0.1,0.0,0.4,0.000,0.1,29.5,67.5,66.7,29.674,0.000,0.000,0.000,0.0,00:08:43,0.1,1.8,1,--.--,0,--.--,--.--,0000:32:26,74,0,0,1,1,15.30,-1.00,-156,--.--,50,--.--,--:--:--,1,-15.30,16:04:42,21:04:42,7/9/26,--.--,--.--,--.--,--.--,--.--,--.--,--.--,--.--,--.--,--.--,--.--,--.--,0,--.--,--.--,--.--,--.--,--.--,--.--,--.--,--.--,--.--,--.--,--.--,--.--,--.--,--.--,--.--,--.--,0,0.000,0.000,0.000,0.000,0.000,0.000,0.000,0.000,0.000,0.000,0.000,0.000,true,true,true,true,true,true,false,false,true,true,false,false,0.02,0.00,0.01,0.02,--.--,--.--,0.15,0.17,9223372036854775808,0,--.--,--.--,--.--,--.--,--.--,0,0,0,0,37.4122958,-121.9985277,10SEG 88624 41081,0.7,1.1,187.6,3,10,--.--,--.--,,--.--,--.--,--.--,0,0,--.--,--.--,0,0.1,0.0,-29.8,-0.0,0.0,-0.1,0.0,-0.0,-29.9,-0.1,-0.0,-0.1,--.--,--.--,--.--,--.--,0.3,0.0,250.3,0.0,0.0,-0.0,288.15,--.--,--.--,0,0,0.0,0.0,0.0,0,0,0,--.--,--.--,--.--
2026-07-09 16:04:43.545,0.8,0.0,250,-0.2,0.0,0.0,0.0,0.8,0.000,0.1,29.6,67.5,66.7,29.684,0.000,0.000,0.000,0.0,00:08:44,0.1,1.6,1,--.--,0,--.--,--.--,0000:32:26,74,0,0,1,1,15.30,-1.00,-156,--.--,50,--.--,--:--:--,1,-15.30,16:04:43,21:04:43,7/9/26,--.--,--.--,--.--,--.--,--.--,--.--,--.--,--.--,--.--,--.--,--.--,--.--,0,--.--,--.--,--.--,--.--,--.--,--.--,--.--,--.--,--.--,--.--,--.--,--.--,--.--,--.--,--.--,--.--,0,0.000,0.000,0.000,0.000,0.000,0.000,0.000,0.000,0.000,0.000,0.000,0.000,true,true,true,true,true,true,false,false,true,true,false,false,0.02,0.01,0.01,0.02,--.--,--.--,0.15,0.17,9223372036854775808,0,--.--,--.--,--.--,--.--,--.--,0,0,0,0,37.4122956,-121.9985275,10SEG 88624 41081,0.7,1.1,173.5,3,10,--.--,--.--,,--.--,--.--,--.--,0,0,--.--,--.--,0,0.1,0.0,-29.8,-0.0,0.0,-0.1,0.0,-0.0,-29.9,-0.0,-0.0,-0.0,--.--,--.--,--.--,--.--,0.7,0.0,250.3,-0.4,-0.0,-0.0,288.15,--.--,--.--,0,0,0.0,0.0,0.0,0,0,0,--.--,--.--,--.--
2026-07-09 16:04:44.544,0.8,-0.0,250,0.0,0.0,-0.0,0.0,-1.2,0.000,0.0,29.6,67.5,66.7,29.687,0.000,0.000,0.000,0.0,00:08:45,0.0,1.6,1,--.--,0,--.--,--.--,0000:32:26,74,0,0,1,1,15.30,-1.00,-156,--.--,50,--.--,--:--:--,1,-15.30,16:04:44,21:04:44,7/9/26,--.--,--.--,--.--,--.--,--.--,--.--,--.--,--.--,--.--,--.--,--.--,--.--,0,--.--,--.--,--.--,--.--,--.--,--.--,--.--,--.--,--.--,--.--,--.--,--.--,--.--,--.--,--.--,--.--,0,0.000,0.000,0.000,0.000,0.000,0.000,0.000,0.000,0.000,0.000,0.000,0.000,true,true,true,true,true,true,false,false,true,true,false,false,0.02,0.01,0.01,0.02,--.--,--.--,0.15,0.17,9223372036854775808,0,--.--,--.--,--.--,--.--,--.--,0,0,0,0,37.4122948,-121.9985277,10SEG 88624 41081,0.7,1.1,205.4,3,10,--.--,--.--,,--.--,--.--,--.--,0,0,--.--,--.--,0,0.1,-0.0,-29.8,-0.0,0.0,-0.0,0.0,-0.0,-29.9,-0.0,-0.0,-0.0,--.--,--.--,--.--,--.--,0.8,0.0,250.3,-0.0,0.1,-0.0,288.15,--.--,--.--,0,0,0.0,0.0,0.0,0,0,0,--.--,--.--,--.--
2026-07-09 16:04:45.545,0.8,-0.0,250,-0.4,0.0,-0.0,0.0,1.1,0.000,0.0,29.6,67.5,66.7,29.688,0.000,0.000,0.000,0.0,00:08:46,0.0,1.4,1,--.--,0,--.--,--.--,0000:32:26,73,0,0,1,1,15.30,-1.00,-157,--.--,50,--.--,--:--:--,1,-15.30,16:04:45,21:04:45,7/9/26,--.--,--.--,--.--,--.--,--.--,--.--,--.--,--.--,--.--,--.--,--.--,--.--,0,--.--,--.--,--.--,--.--,--.--,--.--,--.--,--.--,--.--,--.--,--.--,--.--,--.--,--.--,--.--,--.--,0,0.000,0.000,0.000,0.000,0.000,0.000,0.000,0.000,0.000,0.000,0.000,0.000,true,true,true,true,true,true,false,false,true,true,false,false,0.01,0.01,0.01,0.01,--.--,--.--,0.15,0.17,9223372036854775808,0,--.--,--.--,--.--,--.--,--.--,0,0,0,0,37.4122948,-121.9985283,10SEG 88624 41081,0.7,1.1,235.1,3,10,--.--,--.--,,--.--,--.--,--.--,0,0,--.--,--.--,0,0.0,-0.0,-29.8,-0.0,0.0,-0.0,0.0,-0.0,-29.9,-0.0,0.0,-0.0,--.--,--.--,--.--,--.--,0.7,0.0,250.3,-0.5,0.1,0.0,288.15,--.--,--.--,0,0,0.0,0.0,0.0,0,0,0,--.--,--.--,--.--
2026-07-09 16:04:46.544,0.8,-0.0,250,-0.1,0.1,-0.1,0.0,1.5,0.000,0.0,29.6,67.5,66.7,29.671,0.000,0.000,0.000,0.0,00:08:47,0.0,1.4,1,--.--,0,--.--,--.--,0000:32:26,73,0,0,1,1,15.30,-1.00,-157,--.--,50,--.--,--:--:--,1,-15.30,16:04:46,21:04:46,7/9/26,--.--,--.--,--.--,--.--,--.--,--.--,--.--,--.--,--.--,--.--,--.--,--.--,0,--.--,--.--,--.--,--.--,--.--,--.--,--.--,--.--,--.--,--.--,--.--,--.--,--.--,--.--,--.--,--.--,0,0.000,0.000,0.000,0.000,0.000,0.000,0.000,0.000,0.000,0.000,0.000,0.000,true,true,true,true,true,true,false,false,true,true,false,false,0.01,0.01,0.01,0.01,--.--,--.--,0.15,0.17,9223372036854775808,0,--.--,--.--,--.--,--.--,--.--,0,0,0,0,37.4122947,-121.9985286,10SEG 88624 41081,0.7,1.1,281.7,3,10,--.--,--.--,,--.--,--.--,--.--,0,0,--.--,--.--,0,0.0,-0.1,-29.8,0.0,0.0,-0.0,0.0,-0.0,-29.9,0.0,0.1,-0.1,--.--,--.--,--.--,--.--,0.7,-0.0,250.2,-0.4,0.0,0.0,288.15,--.--,--.--,0,0,0.0,0.0,0.0,0,0,0,--.--,--.--,--.--
2026-07-09 16:04:47.544,0.3,-0.0,250,0.5,0.0,-0.0,0.1,1.2,0.000,0.1,29.5,67.5,66.7,29.667,0.000,0.000,0.000,0.0,00:08:48,0.0,0.4,1,--.--,0,--.--,--.--,0000:32:26,73,0,0,1,1,15.30,-1.00,-157,--.--,50,--.--,--:--:--,1,-15.30,16:04:47,21:04:47,7/9/26,--.--,--.--,--.--,--.--,--.--,--.--,--.--,--.--,--.--,--.--,--.--,--.--,0,--.--,--.--,--.--,--.--,--.--,--.--,--.--,--.--,--.--,--.--,--.--,--.--,--.--,--.--,--.--,--.--,0,0.000,0.000,0.000,0.000,0.000,0.000,0.000,0.000,0.000,0.000,0.000,0.000,true,true,true,true,true,true,false,false,true,true,false,false,0.02,0.01,0.01,0.01,--.--,--.--,0.15,0.17,9223372036854775808,0,--.--,--.--,--.--,--.--,--.--,0,0,0,0,37.4122950,-121.9985282,10SEG 88624 41081,0.7,1.1,58.3,3,10,--.--,--.--,,--.--,--.--,--.--,0,0,--.--,--.--,0,0.1,-0.1,-29.8,0.0,0.1,-0.1,0.0,-0.0,-29.9,-0.0,0.0,-0.1,--.--,--.--,--.--,--.--,0.5,0.0,250.2,1.0,0.1,-0.0,288.15,--.--,--.--,0,0,0.0,0.0,0.0,0,0,0,--.--,--.--,--.--
2026-07-09 16:04:48.544,0.9,-0.0,250,-0.2,0.0,-0.0,0.1,-1.9,0.000,0.1,29.6,67.5,66.7,29.697,0.000,0.000,0.000,0.0,00:08:49,0.0,0.5,1,--.--,0,--.--,--.--,0000:32:26,74,0,0,1,1,15.30,-1.00,-157,--.--,50,--.--,--:--:--,1,-15.30,16:04:48,21:04:48,7/9/26,--.--,--.--,--.--,--.--,--.--,--.--,--.--,--.--,--.--,--.--,--.--,--.--,0,--.--,--.--,--.--,--.--,--.--,--.--,--.--,--.--,--.--,--.--,--.--,--.--,--.--,--.--,--.--,--.--,0,0.000,0.000,0.000,0.000,0.000,0.000,0.000,0.000,0.000,0.000,0.000,0.000,true,true,true,true,true,true,false,false,true,true,false,false,0.02,0.01,0.01,0.01,--.--,--.--,0.15,0.17,9223372036854775808,0,--.--,--.--,--.--,--.--,--.--,0,0,0,0,37.4122948,-121.9985279,10SEG 88624 41081,0.7,1.1,97.0,3,10,--.--,--.--,,--.--,--.--,--.--,0,0,--.--,--.--,0,0.1,0.0,-29.8,0.0,0.1,-0.1,0.0,-0.0,-29.9,-0.0,-0.0,-0.0,--.--,--.--,--.--,--.--,0.8,0.0,250.1,-0.3,0.1,-0.0,288.15,--.--,--.--,0,0,0.0,0.0,0.0,0,0,0,--.--,--.--,--.--
2026-07-09 16:04:49.544,0.6,-0.0,250,-0.2,-0.0,0.1,0.0,-1.3,0.000,0.1,29.6,67.5,66.7,29.687,0.000,0.000,0.000,0.0,00:08:50,0.1,2.0,1,--.--,0,--.--,--.--,0000:32:26,74,0,0,1,1,15.30,-1.00,-158,--.--,50,--.--,--:--:--,1,-15.30,16:04:49,21:04:49,7/9/26,--.--,--.--,--.--,--.--,--.--,--.--,--.--,--.--,--.--,--.--,--.--,--.--,0,--.--,--.--,--.--,--.--,--.--,--.--,--.--,--.--,--.--,--.--,--.--,--.--,--.--,--.--,--.--,--.--,0,0.000,0.000,0.000,0.000,0.000,0.000,0.000,0.000,0.000,0.000,0.000,0.000,true,true,true,true,true,true,false,false,true,true,false,false,0.02,0.01,0.01,0.01,--.--,--.--,0.15,0.17,9223372036854775808,0,--.--,--.--,--.--,--.--,--.--,0,0,0,0,37.4122952,-121.9985277,10SEG 88624 41081,0.7,1.1,109.7,3,10,--.--,--.--,,--.--,--.--,--.--,0,0,--.--,--.--,0,0.1,0.0,-29.8,-0.0,0.0,-0.1,0.0,-0.0,-29.9,-0.0,-0.0,-0.0,--.--,--.--,--.--,--.--,0.6,0.0,250.2,-0.2,0.1,-0.0,288.15,--.--,--.--,0,0,0.0,0.0,0.0,0,0,0,--.--,--.--,--.--
2026-07-09 16:04:50.544,1.1,-0.0,250,1.2,0.1,-0.1,0.0,1.1,0.000,0.1,29.6,67.5,66.7,29.686,0.000,0.000,0.000,0.0,00:08:51,0.0,1.9,1,--.--,0,--.--,--.--,0000:32:26,73,0,0,1,1,15.30,-1.00,-158,--.--,50,--.--,--:--:--,1,-15.30,16:04:50,21:04:50,7/9/26,--.--,--.--,--.--,--.--,--.--,--.--,--.--,--.--,--.--,--.--,--.--,--.--,0,--.--,--.--,--.--,--.--,--.--,--.--,--.--,--.--,--.--,--.--,--.--,--.--,--.--,--.--,--.--,--.--,0,0.000,0.000,0.000,0.000,0.000,0.000,0.000,0.000,0.000,0.000,0.000,0.000,true,true,true,true,true,true,false,false,true,true,false,false,0.02,0.01,0.01,0.01,--.--,--.--,0.15,0.17,9223372036854775808,0,--.--,--.--,--.--,--.--,--.--,0,0,0,0,37.4122947,-121.9985271,10SEG 88624 41081,0.7,1.1,139.7,3,10,--.--,--.--,,--.--,--.--,--.--,0,0,--.--,--.--,0,0.0,0.0,-29.8,-0.0,0.0,-0.0,0.0,-0.0,-29.9,0.0,-0.0,-0.0,--.--,--.--,--.--,--.--,1.3,0.0,250.2,1.0,0.1,0.3,288.15,--.--,--.--,0,0,0.0,0.0,0.0,0,0,0,--.--,--.--,--.--
2026-07-09 16:04:51.544,0.4,-0.0,250,-1.5,-0.1,0.2,0.0,-0.4,0.000,0.1,29.6,67.5,66.7,29.680,0.000,0.000,0.000,0.0,00:08:52,0.1,1.7,1,--.--,0,--.--,--.--,0000:32:26,74,0,0,1,1,15.30,-1.00,-158,--.--,50,--.--,--:--:--,1,-15.30,16:04:51,21:04:51,7/9/26,--.--,--.--,--.--,--.--,--.--,--.--,--.--,--.--,--.--,--.--,--.--,--.--,0,--.--,--.--,--.--,--.--,--.--,--.--,--.--,--.--,--.--,--.--,--.--,--.--,--.--,--.--,--.--,--.--,0,0.000,0.000,0.000,0.000,0.000,0.000,0.000,0.000,0.000,0.000,0.000,0.000,true,true,true,true,true,true,false,false,true,true,false,false,0.02,0.00,0.01,0.01,--.--,--.--,0.15,0.17,9223372036854775808,0,--.--,--.--,--.--,--.--,--.--,0,0,0,0,37.4122945,-121.9985273,10SEG 88624 41081,0.7,1.1,335.6,3,10,--.--,--.--,,--.--,--.--,--.--,0,0,--.--,--.--,0,0.1,0.0,-29.8,0.0,-0.0,-0.1,0.0,-0.0,-29.9,-0.0,-0.0,-0.0,--.--,--.--,--.--,--.--,0.1,-0.0,250.3,-1.1,0.1,-0.0,288.15,--.--,--.--,0,0,0.0,0.0,0.0,0,0,0,--.--,--.--,--.--
2026-07-09 16:04:52.544,1.2,0.0,250,1.5,0.2,-0.1,0.0,1.2,0.000,0.1,29.6,67.5,66.7,29.681,0.000,0.000,0.000,0.0,00:08:53,0.1,2.2,1,--.--,0,--.--,--.--,0000:32:26,73,0,0,1,1,15.30,-1.00,-158,--.--,50,--.--,--:--:--,1,-15.30,16:04:52,21:04:52,7/9/26,--.--,--.--,--.--,--.--,--.--,--.--,--.--,--.--,--.--,--.--,--.--,--.--,0,--.--,--.--,--.--,--.--,--.--,--.--,--.--,--.--,--.--,--.--,--.--,--.--,--.--,--.--,--.--,--.--,0,0.000,0.000,0.000,0.000,0.000,0.000,0.000,0.000,0.000,0.000,0.000,0.000,true,true,true,true,true,true,false,false,true,true,false,false,0.02,0.00,0.01,0.01,--.--,--.--,0.15,0.17,9223372036854775808,0,--.--,--.--,--.--,--.--,--.--,0,0,0,0,37.4122944,-121.9985273,10SEG 88624 41081,0.7,1.1,148.2,3,10,--.--,--.--,,--.--,--.--,--.--,0,0,--.--,--.--,0,0.0,0.0,-29.8,-0.0,0.0,-0.1,0.0,-0.0,-29.9,0.0,-0.0,-0.1,--.--,--.--,--.--,--.--,1.4,-0.0,250.3,0.8,-0.1,0.4,288.15,--.--,--.--,0,0,0.0,0.0,0.0,0,0,0,--.--,--.--,--.--
2026-07-09 16:04:53.545,0.5,-0.0,250,-1.2,-0.1,0.3,0.0,-1.2,0.000,0.1,29.5,67.5,66.7,29.671,0.000,0.000,0.000,0.0,00:08:54,0.1,1.8,1,--.--,0,--.--,--.--,0000:32:26,74,0,0,1,1,15.30,-1.00,-159,--.--,50,--.--,--:--:--,1,-15.30,16:04:53,21:04:53,7/9/26,--.--,--.--,--.--,--.--,--.--,--.--,--.--,--.--,--.--,--.--,--.--,--.--,0,--.--,--.--,--.--,--.--,--.--,--.--,--.--,--.--,--.--,--.--,--.--,--.--,--.--,--.--,--.--,--.--,0,0.000,0.000,0.000,0.000,0.000,0.000,0.000,0.000,0.000,0.000,0.000,0.000,true,true,true,true,true,true,false,false,true,true,false,false,0.02,0.01,0.01,0.01,--.--,--.--,0.15,0.17,9223372036854775808,0,--.--,--.--,--.--,--.--,--.--,0,0,0,0,37.4122945,-121.9985270,10SEG 88624 41081,0.7,1.1,2.2,3,10,--.--,--.--,,--.--,--.--,--.--,0,0,--.--,--.--,0,0.0,0.0,-29.8,0.0,-0.0,-0.1,0.0,-0.0,-29.9,0.0,-0.0,-0.1,--.--,--.--,--.--,--.--,0.4,0.0,250.4,-0.8,0.1,-0.0,288.15,--.--,--.--,0,0,0.0,0.0,0.0,0,0,0,--.--,--.--,--.--
2026-07-09 16:04:54.544,0.8,-0.0,250,0.6,0.1,-0.1,0.0,1.2,0.000,0.1,29.5,67.5,66.7,29.668,0.000,0.000,0.000,0.0,00:08:55,0.1,14.6,1,--.--,0,--.--,--.--,0000:32:26,73,0,0,1,1,15.30,-1.00,-159,--.--,50,--.--,--:--:--,1,-15.30,16:04:54,21:04:54,7/9/26,--.--,--.--,--.--,--.--,--.--,--.--,--.--,--.--,--.--,--.--,--.--,--.--,0,--.--,--.--,--.--,--.--,--.--,--.--,--.--,--.--,--.--,--.--,--.--,--.--,--.--,--.--,--.--,--.--,0,0.000,0.000,0.000,0.000,0.000,0.000,0.000,0.000,0.000,0.000,0.000,0.000,true,true,true,true,true,true,false,false,true,true,false,false,0.02,0.01,0.01,0.01,--.--,--.--,0.15,0.17,9223372036854775808,0,--.--,--.--,--.--,--.--,--.--,0,0,0,0,37.4122947,-121.9985270,10SEG 88624 41081,0.7,1.1,264.0,3,10,--.--,--.--,,--.--,--.--,--.--,0,0,--.--,--.--,0,0.0,0.0,-29.8,-0.0,-0.0,-0.1,0.0,-0.0,-29.9,-0.0,-0.0,-0.1,--.--,--.--,--.--,--.--,0.9,-0.0,250.5,0.3,0.0,0.0,288.15,--.--,--.--,0,0,0.0,0.0,0.0,0,0,0,--.--,--.--,--.--
2026-07-09 16:04:55.544,0.4,-0.0,250,-0.6,-0.0,0.0,0.0,0.8,0.000,0.1,29.5,67.5,66.7,29.658,0.000,0.000,0.000,0.0,00:08:56,0.0,4.4,1,--.--,0,--.--,--.--,0000:32:26,73,0,0,1,1,15.30,-1.00,-160,--.--,50,--.--,--:--:--,1,-15.30,16:04:55,21:04:55,7/9/26,--.--,--.--,--.--,--.--,--.--,--.--,--.--,--.--,--.--,--.--,--.--,--.--,0,--.--,--.--,--.--,--.--,--.--,--.--,--.--,--.--,--.--,--.--,--.--,--.--,--.--,--.--,--.--,--.--,0,0.000,0.000,0.000,0.000,0.000,0.000,0.000,0.000,0.000,0.000,0.000,0.000,true,true,true,true,true,true,false,false,true,true,false,false,0.02,0.00,0.01,0.01,--.--,--.--,0.15,0.17,9223372036854775808,0,--.--,--.--,--.--,--.--,--.--,0,0,0,0,37.4122947,-121.9985271,10SEG 88624 41081,0.7,1.1,275.5,3,10,--.--,--.--,,--.--,--.--,--.--,0,0,--.--,--.--,0,0.1,0.0,-29.8,0.0,-0.0,-0.1,0.0,-0.0,-29.9,-0.0,-0.0,-0.1,--.--,--.--,--.--,--.--,0.4,-0.0,250.5,-0.3,0.1,-0.0,288.15,--.--,--.--,0,0,0.0,0.0,0.0,0,0,0,--.--,--.--,--.--
2026-07-09 16:04:56.544,1.4,0.0,250,0.5,0.2,0.0,0.0,0.5,0.000,0.1,29.5,67.5,66.7,29.644,0.000,0.000,0.000,0.0,00:08:57,0.0,1.2,1,--.--,0,--.--,--.--,0000:32:26,73,0,0,1,1,15.30,-1.00,-160,--.--,50,--.--,--:--:--,1,-15.30,16:04:56,21:04:56,7/9/26,--.--,--.--,--.--,--.--,--.--,--.--,--.--,--.--,--.--,--.--,--.--,--.--,0,--.--,--.--,--.--,--.--,--.--,--.--,--.--,--.--,--.--,--.--,--.--,--.--,--.--,--.--,--.--,--.--,0,0.000,0.000,0.000,0.000,0.000,0.000,0.000,0.000,0.000,0.000,0.000,0.000,true,true,true,true,true,true,false,false,true,true,false,false,0.02,0.00,0.01,0.01,--.--,--.--,0.15,0.17,9223372036854775808,0,--.--,--.--,--.--,--.--,--.--,0,0,0,0,37.4122948,-121.9985278,10SEG 88624 41081,0.7,1.1,223.3,3,10,--.--,--.--,,--.--,--.--,--.--,0,0,--.--,--.--,0,0.0,-0.0,-29.8,-0.0,0.0,-0.1,0.0,-0.0,-29.9,0.0,0.0,-0.1,--.--,--.--,--.--,--.--,1.3,0.0,250.5,-0.5,-0.1,0.3,288.15,--.--,--.--,0,0,0.0,0.0,0.0,0,0,0,--.--,--.--,--.--
2026-07-09 16:04:57.544,-0.1,-0.0,250,-0.5,-0.0,0.2,0.0,1.3,0.000,0.1,29.5,67.5,66.7,29.629,0.000,0.000,0.000,0.0,00:08:58,0.0,0.6,1,--.--,0,--.--,--.--,0000:32:26,73,0,0,1,1,15.30,-1.00,-160,--.--,50,--.--,--:--:--,1,-15.30,16:04:57,21:04:57,7/9/26,--.--,--.--,--.--,--.--,--.--,--.--,--.--,--.--,--.--,--.--,--.--,--.--,0,--.--,--.--,--.--,--.--,--.--,--.--,--.--,--.--,--.--,--.--,--.--,--.--,--.--,--.--,--.--,--.--,0,0.000,0.000,0.000,0.000,0.000,0.000,0.000,0.000,0.000,0.000,0.000,0.000,true,true,true,true,true,true,false,false,true,true,false,false,0.03,0.00,0.01,0.02,--.--,--.--,0.15,0.17,9223372036854775808,0,--.--,--.--,--.--,--.--,--.--,0,0,0,0,37.4122950,-121.9985277,10SEG 88624 41081,0.7,1.1,15.7,3,10,--.--,--.--,,--.--,--.--,--.--,0,0,--.--,--.--,0,0.1,-0.0,-29.8,0.0,0.0,-0.1,0.0,-0.0,-29.9,-0.0,0.0,-0.1,--.--,--.--,--.--,--.--,-0.0,-0.0,250.6,0.3,0.2,-0.0,288.15,--.--,--.--,0,0,0.0,0.0,0.0,0,0,0,--.--,--.--,--.--
2026-07-09 16:04:58.544,1.1,0.0,250,0.3,0.1,-0.1,0.1,1.8,0.000,0.1,29.5,67.5,66.7,29.631,0.000,0.000,0.000,0.0,00:08:59,0.1,1.0,1,--.--,0,--.--,--.--,0000:32:26,74,0,0,1,1,15.30,-1.00,-160,--.--,50,--.--,--:--:--,1,-15.30,16:04:58,21:04:58,7/9/26,--.--,--.--,--.--,--.--,--.--,--.--,--.--,--.--,--.--,--.--,--.--,--.--,0,--.--,--.--,--.--,--.--,--.--,--.--,--.--,--.--,--.--,--.--,--.--,--.--,--.--,--.--,--.--,--.--,0,0.000,0.000,0.000,0.000,0.000,0.000,0.000,0.000,0.000,0.000,0.000,0.000,true,true,true,true,true,true,false,false,true,true,false,false,0.03,0.00,0.01,0.02,--.--,--.--,0.15,0.17,9223372036854775808,0,--.--,--.--,--.--,--.--,--.--,0,0,0,0,37.4122951,-121.9985270,10SEG 88624 41081,0.7,1.1,74.7,3,10,--.--,--.--,,--.--,--.--,--.--,0,0,--.--,--.--,0,0.1,0.0,-29.8,-0.0,0.1,-0.1,0.0,-0.0,-29.9,-0.0,-0.0,-0.1,--.--,--.--,--.--,--.--,1.0,0.0,250.6,-0.3,-0.2,0.0,288.15,--.--,--.--,0,0,0.0,0.0,0.0,0,0,0,--.--,--.--,--.--
2026-07-09 16:04:59.544,0.8,-0.0,250,-0.8,-0.1,0.1,0.0,-1.0,0.000,0.1,29.5,67.5,66.7,29.631,0.000,0.000,0.000,0.0,00:09:00,0.1,3.8,1,--.--,0,--.--,--.--,0000:32:26,74,0,0,1,1,15.30,-1.00,-161,--.--,50,--.--,--:--:--,1,-15.30,16:04:59,21:04:59,7/9/26,--.--,--.--,--.--,--.--,--.--,--.--,--.--,--.--,--.--,--.--,--.--,--.--,0,--.--,--.--,--.--,--.--,--.--,--.--,--.--,--.--,--.--,--.--,--.--,--.--,--.--,--.--,--.--,--.--,0,0.000,0.000,0.000,0.000,0.000,0.000,0.000,0.000,0.000,0.000,0.000,0.000,true,true,true,true,true,true,false,false,true,true,false,false,0.04,0.00,0.01,0.01,--.--,--.--,0.15,0.17,9223372036854775808,0,--.--,--.--,--.--,--.--,--.--,0,0,0,0,37.4122951,-121.9985269,10SEG 88624 41081,0.7,1.1,29.1,3,10,--.--,--.--,,--.--,--.--,--.--,0,0,--.--,--.--,0,0.1,0.1,-29.8,-0.0,0.0,-0.1,0.0,-0.0,-29.9,-0.0,-0.1,-0.1,--.--,--.--,--.--,--.--,0.6,-0.0,250.6,-1.0,0.1,-0.0,288.15,--.--,--.--,0,0,0.0,0.0,0.0,0,0,0,--.--,--.--,--.--
2026-07-09 16:05:00.544,0.9,-0.1,250,0.8,0.1,-0.0,0.0,-1.2,0.000,0.1,29.5,67.5,66.7,29.641,0.000,0.000,0.000,0.0,00:09:01,0.1,2.0,1,--.--,0,--.--,--.--,0000:32:26,73,0,0,1,1,15.30,-1.00,-161,--.--,50,--.--,--:--:--,1,-15.30,16:05:00,21:05:00,7/9/26,--.--,--.--,--.--,--.--,--.--,--.--,--.--,--.--,--.--,--.--,--.--,--.--,0,--.--,--.--,--.--,--.--,--.--,--.--,--.--,--.--,--.--,--.--,--.--,--.--,--.--,--.--,--.--,--.--,0,0.000,0.000,0.000,0.000,0.000,0.000,0.000,0.000,0.000,0.000,0.000,0.000,true,true,true,true,true,true,false,false,true,true,false,false,0.04,0.00,0.01,0.01,--.--,--.--,0.15,0.17,9223372036854775808,0,--.--,--.--,--.--,--.--,--.--,0,0,0,0,37.4122952,-121.9985271,10SEG 88624 41081,0.7,1.1,221.3,3,10,--.--,--.--,,--.--,--.--,--.--,0,0,--.--,--.--,0,0.1,0.0,-29.8,-0.0,-0.0,-0.1,0.0,-0.0,-29.9,-0.0,-0.0,-0.1,--.--,--.--,--.--,--.--,1.0,0.0,250.7,0.5,0.2,0.0,288.15,--.--,--.--,0,0,0.0,0.0,0.0,0,0,0,--.--,--.--,--.--
2026-07-09 16:05:01.545,0.8,-0.0,250,-0.5,0.0,-0.0,0.0,1.1,0.000,0.1,29.5,67.5,66.7,29.617,0.000,0.000,0.000,0.0,00:09:02,0.1,4.2,1,--.--,0,--.--,--.--,0000:32:26,73,0,0,1,1,15.30,-1.00,-161,--.--,50,--.--,--:--:--,1,-15.30,16:05:01,21:05:01,7/9/26,--.--,--.--,--.--,--.--,--.--,--.--,--.--,--.--,--.--,--.--,--.--,--.--,0,--.--,--.--,--.--,--.--,--.--,--.--,--.--,--.--,--.--,--.--,--.--,--.--,--.--,--.--,--.--,--.--,0,0.000,0.000,0.000,0.000,0.000,0.000,0.000,0.000,0.000,0.000,0.000,0.000,true,true,true,true,true,true,false,false,true,true,false,false,0.05,0.01,0.01,0.01,--.--,--.--,0.15,0.17,9223372036854775808,0,--.--,--.--,--.--,--.--,--.--,0,0,0,0,37.4122947,-121.9985278,10SEG 88624 41081,0.7,1.1,259.2,3,10,--.--,--.--,,--.--,--.--,--.--,0,0,--.--,--.--,0,0.1,0.0,-29.7,-0.0,-0.0,-0.1,0.0,-0.0,-29.9,-0.0,-0.0,-0.1,--.--,--.--,--.--,--.--,0.7,0.0,250.7,-0.6,0.0,0.0,288.15,--.--,--.--,0,0,0.0,0.0,0.0,0,0,0,--.--,--.--,--.--
2026-07-09 16:05:02.544,1.3,0.0,250,1.3,0.1,-0.1,0.0,0.9,0.000,0.1,29.5,67.5,66.7,29.614,0.000,0.000,0.000,0.0,00:09:03,0.1,2.2,1,--.--,0,--.--,--.--,0000:32:26,73,0,0,1,1,15.30,-1.00,-161,--.--,50,--.--,--:--:--,1,-15.30,16:05:02,21:05:02,7/9/26,--.--,--.--,--.--,--.--,--.--,--.--,--.--,--.--,--.--,--.--,--.--,--.--,0,--.--,--.--,--.--,--.--,--.--,--.--,--.--,--.--,--.--,--.--,--.--,--.--,--.--,--.--,--.--,--.--,0,0.000,0.000,0.000,0.000,0.000,0.000,0.000,0.000,0.000,0.000,0.000,0.000,true,true,true,true,true,true,false,false,true,true,false,false,0.05,0.01,0.01,0.01,--.--,--.--,0.15,0.17,9223372036854775808,0,--.--,--.--,--.--,--.--,--.--,0,0,0,0,37.4122945,-121.9985272,10SEG 88624 41081,0.7,1.1,171.9,3,10,--.--,--.--,,--.--,--.--,--.--,0,0,--.--,--.--,0,0.0,0.0,-29.7,-0.0,0.0,-0.1,0.0,-0.0,-29.9,0.0,-0.0,-0.1,--.--,--.--,--.--,--.--,1.5,-0.0,250.7,1.0,-0.0,0.5,288.15,--.--,--.--,0,0,0.0,0.0,0.0,0,0,0,--.--,--.--,--.--
2026-07-09 16:05:03.545,0.6,-0.0,250,-1.3,-0.1,0.3,0.1,0.9,0.000,0.1,29.5,67.5,66.7,29.609,0.000,0.000,0.000,0.0,00:09:04,0.1,1.2,1,--.--,0,--.--,--.--,0000:32:26,73,0,0,1,1,15.30,-1.00,-162,--.--,50,--.--,--:--:--,1,-15.30,16:05:03,21:05:03,7/9/26,--.--,--.--,--.--,--.--,--.--,--.--,--.--,--.--,--.--,--.--,--.--,--.--,0,--.--,--.--,--.--,--.--,--.--,--.--,--.--,--.--,--.--,--.--,--.--,--.--,--.--,--.--,--.--,--.--,0,0.000,0.000,0.000,0.000,0.000,0.000,0.000,0.000,0.000,0.000,0.000,0.000,true,true,true,true,true,true,false,false,true,true,false,false,0.04,0.01,0.01,0.01,--.--,--.--,0.15,0.17,9223372036854775808,0,--.--,--.--,--.--,--.--,--.--,0,0,0,0,37.4122945,-121.9985271,10SEG 88624 41081,0.7,1.1,7.2,3,10,--.--,--.--,,--.--,--.--,--.--,0,0,--.--,--.--,0,0.0,0.0,-29.7,0.0,0.0,-0.1,0.0,-0.0,-29.9,0.0,-0.0,-0.1,--.--,--.--,--.--,--.--,0.4,-0.0,250.9,-0.9,0.0,-0.0,288.15,--.--,--.--,0,0,0.0,0.0,0.0,0,0,0,--.--,--.--,--.--
2026-07-09 16:05:04.544,1.3,0.0,250,-0.0,0.1,0.1,0.0,-0.5,0.000,0.1,29.5,67.5,66.7,29.615,0.000,0.000,0.000,0.0,00:09:05,0.1,3.5,1,--.--,0,--.--,--.--,0000:32:26,73,0,0,1,1,15.30,-1.00,-162,--.--,50,--.--,--:--:--,1,-15.30,16:05:04,21:05:04,7/9/26,--.--,--.--,--.--,--.--,--.--,--.--,--.--,--.--,--.--,--.--,--.--,--.--,0,--.--,--.--,--.--,--.--,--.--,--.--,--.--,--.--,--.--,--.--,--.--,--.--,--.--,--.--,--.--,--.--,0,0.000,0.000,0.000,0.000,0.000,0.000,0.000,0.000,0.000,0.000,0.000,0.000,true,true,true,true,true,true,false,false,true,true,false,false,0.04,0.01,0.01,0.01,--.--,--.--,0.15,0.17,9223372036854775808,0,--.--,--.--,--.--,--.--,--.--,0,0,0,0,37.4122945,-121.9985270,10SEG 88624 41081,0.7,1.1,71.5,3,10,--.--,--.--,,--.--,--.--,--.--,0,0,--.--,--.--,0,0.0,0.0,-29.7,0.0,0.0,-0.1,0.0,-0.0,-29.9,0.0,-0.0,-0.1,--.--,--.--,--.--,--.--,1.1,0.0,251.0,-0.9,-0.0,0.1,288.15,--.--,--.--,0,0,0.0,0.0,0.0,0,0,0,--.--,--.--,--.--
2026-07-09 16:05:05.545,0.2,-0.0,251,0.7,-0.0,0.1,0.0,1.1,0.000,0.1,29.5,67.5,66.7,29.604,0.000,0.000,0.000,0.0,00:09:06,0.1,2.8,1,--.--,0,--.--,--.--,0000:32:26,73,0,0,1,1,15.30,-1.00,-162,--.--,50,--.--,--:--:--,1,-15.30,16:05:05,21:05:05,7/9/26,--.--,--.--,--.--,--.--,--.--,--.--,--.--,--.--,--.--,--.--,--.--,--.--,0,--.--,--.--,--.--,--.--,--.--,--.--,--.--,--.--,--.--,--.--,--.--,--.--,--.--,--.--,--.--,--.--,0,0.000,0.000,0.000,0.000,0.000,0.000,0.000,0.000,0.000,0.000,0.000,0.000,true,true,true,true,true,true,false,false,true,true,false,false,0.04,0.00,0.02,0.01,--.--,--.--,0.15,0.17,9223372036854775808,0,--.--,--.--,--.--,--.--,--.--,0,0,0,0,37.4122944,-121.9985275,10SEG 88624 41081,0.7,1.1,76.1,3,10,--.--,--.--,,--.--,--.--,--.--,0,0,--.--,--.--,0,0.1,0.0,-29.7,-0.0,0.0,-0.1,0.0,-0.0,-29.9,-0.0,-0.0,-0.1,--.--,--.--,--.--,--.--,0.6,0.0,251.1,1.7,0.2,-0.0,288.15,--.--,--.--,0,0,0.0,0.0,0.0,0,0,0,--.--,--.--,--.--
2026-07-09 16:05:06.545,1.4,0.1,251,-0.5,0.0,0.2,0.0,-0.2,0.000,0.1,29.5,67.5,66.7,29.588,0.000,0.000,0.000,0.0,00:09:07,0.1,6.1,1,--.--,0,--.--,--.--,0000:32:26,73,0,0,1,1,15.30,-1.00,-162,--.--,50,--.--,--:--:--,1,-15.30,16:05:06,21:05:06,7/9/26,--.--,--.--,--.--,--.--,--.--,--.--,--.--,--.--,--.--,--.--,--.--,--.--,0,--.--,--.--,--.--,--.--,--.--,--.--,--.--,--.--,--.--,--.--,--.--,--.--,--.--,--.--,--.--,--.--,0,0.000,0.000,0.000,0.000,0.000,0.000,0.000,0.000,0.000,0.000,0.000,0.000,true,true,true,true,true,true,false,false,true,true,false,false,0.04,0.00,0.02,0.01,--.--,--.--,0.15,0.17,9223372036854775808,0,--.--,--.--,--.--,--.--,--.--,0,0,0,0,37.4122941,-121.9985272,10SEG 88624 41081,0.7,1.1,220.1,3,10,--.--,--.--,,--.--,--.--,--.--,0,0,--.--,--.--,0,0.0,0.0,-29.7,0.0,0.0,-0.1,0.0,-0.0,-29.9,0.0,-0.0,-0.1,--.--,--.--,--.--,--.--,1.2,-0.0,251.2,-1.1,-0.2,0.2,288.15,--.--,--.--,0,0,0.0,0.0,0.0,0,0,0,--.--,--.--,--.--
2026-07-09 16:05:07.544,0.4,-0.0,251,0.2,0.0,0.1,0.0,1.1,0.000,0.1,29.5,67.4,66.7,29.595,0.000,0.000,0.000,0.0,00:09:08,0.1,1.3,1,--.--,0,--.--,--.--,0000:32:26,73,0,0,1,1,15.30,-1.00,-163,--.--,50,--.--,--:--:--,1,-15.30,16:05:07,21:05:07,7/9/26,--.--,--.--,--.--,--.--,--.--,--.--,--.--,--.--,--.--,--.--,--.--,--.--,0,--.--,--.--,--.--,--.--,--.--,--.--,--.--,--.--,--.--,--.--,--.--,--.--,--.--,--.--,--.--,--.--,0,0.000,0.000,0.000,0.000,0.000,0.000,0.000,0.000,0.000,0.000,0.000,0.000,true,true,true,true,true,true,false,false,true,true,false,false,0.04,0.01,0.02,0.02,--.--,--.--,0.15,0.17,9223372036854775808,0,--.--,--.--,--.--,--.--,--.--,0,0,0,0,37.4122943,-121.9985270,10SEG 88624 41081,0.7,1.1,57.2,3,10,--.--,--.--,,--.--,--.--,--.--,0,0,--.--,--.--,0,0.0,0.0,-29.7,0.0,0.0,-0.1,0.0,-0.0,-29.9,0.0,-0.0,-0.1,--.--,--.--,--.--,--.--,0.6,0.0,251.4,0.8,0.1,-0.0,288.15,--.--,--.--,0,0,0.0,0.0,0.0,0,0,0,--.--,--.--,--.--
2026-07-09 16:05:08.544,1.2,0.0,251,-0.9,-0.0,0.1,0.0,-1.5,0.000,0.1,29.5,67.5,66.7,29.606,0.000,0.000,0.000,0.0,00:09:09,0.1,2.9,1,--.--,0,--.--,--.--,0000:32:26,74,0,0,1,1,15.30,-1.00,-163,--.--,50,--.--,--:--:--,1,-15.30,16:05:08,21:05:08,7/9/26,--.--,--.--,--.--,--.--,--.--,--.--,--.--,--.--,--.--,--.--,--.--,--.--,0,--.--,--.--,--.--,--.--,--.--,--.--,--.--,--.--,--.--,--.--,--.--,--.--,--.--,--.--,--.--,--.--,0,0.000,0.000,0.000,0.000,0.000,0.000,0.000,0.000,0.000,0.000,0.000,0.000,true,true,true,true,true,true,false,false,true,true,false,false,0.04,0.01,0.02,0.02,--.--,--.--,0.15,0.17,9223372036854775808,0,--.--,--.--,--.--,--.--,--.--,0,0,0,0,37.4122946,-121.9985267,10SEG 88624 41081,0.7,1.1,334.5,3,10,--.--,--.--,,--.--,--.--,--.--,0,0,--.--,--.--,0,0.0,0.1,-29.7,0.0,0.0,-0.1,0.0,-0.0,-29.9,0.0,-0.1,-0.1,--.--,--.--,--.--,--.--,0.8,0.0,251.4,-1.8,-0.1,-0.0,288.15,--.--,--.--,0,0,0.0,0.0,0.0,0,0,0,--.--,--.--,--.--
2026-07-09 16:05:09.545,0.5,-0.0,251,1.4,0.1,-0.0,0.0,-1.3,0.000,0.1,29.5,67.5,66.7,29.615,0.000,0.000,0.000,0.0,00:09:10,0.1,26.6,1,--.--,0,--.--,--.--,0000:32:26,73,0,0,1,1,15.30,-1.00,-163,--.--,50,--.--,--:--:--,1,-15.30,16:05:09,21:05:09,7/9/26,--.--,--.--,--.--,--.--,--.--,--.--,--.--,--.--,--.--,--.--,--.--,--.--,0,--.--,--.--,--.--,--.--,--.--,--.--,--.--,--.--,--.--,--.--,--.--,--.--,--.--,--.--,--.--,--.--,0,0.000,0.000,0.000,0.000,0.000,0.000,0.000,0.000,0.000,0.000,0.000,0.000,true,true,true,true,true,true,false,false,true,true,false,false,0.04,0.00,0.02,0.02,--.--,--.--,0.15,0.17,9223372036854775808,0,--.--,--.--,--.--,--.--,--.--,0,0,0,0,37.4122950,-121.9985269,10SEG 88624 41081,0.7,1.1,7.3,3,10,--.--,--.--,,--.--,--.--,--.--,0,0,--.--,--.--,0,0.1,0.0,-29.7,-0.0,0.0,-0.1,0.0,-0.0,-29.9,-0.0,-0.0,-0.1,--.--,--.--,--.--,--.--,0.8,0.0,251.5,1.7,0.2,-0.0,288.15,--.--,--.--,0,0,0.0,0.0,0.0,0,0,0,--.--,--.--,--.--
2026-07-09 16:05:10.555,0.8,0.0,251,-1.4,-0.1,0.1,0.0,0.4,0.000,0.1,29.5,67.5,66.7,29.615,0.000,0.000,0.000,0.0,00:09:11,0.1,11.4,1,--.--,0,--.--,--.--,0000:32:26,74,0,0,1,1,15.30,-1.00,-163,--.--,50,--.--,--:--:--,1,-15.30,16:05:10,21:05:10,7/9/26,--.--,--.--,--.--,--.--,--.--,--.--,--.--,--.--,--.--,--.--,--.--,--.--,0,--.--,--.--,--.--,--.--,--.--,--.--,--.--,--.--,--.--,--.--,--.--,--.--,--.--,--.--,--.--,--.--,0,0.000,0.000,0.000,0.000,0.000,0.000,0.000,0.000,0.000,0.000,0.000,0.000,true,true,true,true,true,true,false,false,true,true,false,false,0.04,0.00,0.02,0.02,--.--,--.--,0.15,0.17,9223372036854775808,0,--.--,--.--,--.--,--.--,--.--,0,0,0,0,37.4122951,-121.9985265,10SEG 88624 41081,0.7,1.1,158.4,3,10,--.--,--.--,,--.--,--.--,--.--,0,0,--.--,--.--,0,0.1,0.1,-29.7,0.0,0.0,-0.1,0.0,-0.0,-29.9,-0.0,-0.1,-0.1,--.--,--.--,--.--,--.--,0.5,-0.0,251.5,-1.4,-0.1,0.0,288.15,--.--,--.--,0,0,0.0,0.0,0.0,0,0,0,--.--,--.--,--.--
2026-07-09 16:05:11.555,1.1,0.0,251,0.4,0.0,-0.0,0.0,-1.1,0.000,0.1,29.5,67.5,66.7,29.634,0.000,0.000,0.000,0.0,00:09:12,0.1,5.7,1,--.--,0,--.--,--.--,0000:32:26,74,0,0,1,1,15.30,-1.00,-164,--.--,50,--.--,--:--:--,1,-15.30,16:05:11,21:05:11,7/9/26,--.--,--.--,--.--,--.--,--.--,--.--,--.--,--.--,--.--,--.--,--.--,--.--,0,--.--,--.--,--.--,--.--,--.--,--.--,--.--,--.--,--.--,--.--,--.--,--.--,--.--,--.--,--.--,--.--,0,0.000,0.000,0.000,0.000,0.000,0.000,0.000,0.000,0.000,0.000,0.000,0.000,true,true,true,true,true,true,false,false,true,true,false,false,0.03,0.00,0.01,0.01,--.--,--.--,0.15,0.17,9223372036854775808,0,--.--,--.--,--.--,--.--,--.--,0,0,0,0,37.4122952,-121.9985267,10SEG 88624 41081,0.7,1.1,100.5,3,10,--.--,--.--,,--.--,--.--,--.--,0,0,--.--,--.--,0,0.1,0.1,-29.8,-0.0,0.0,-0.1,0.0,-0.0,-29.9,-0.0,-0.1,-0.1,--.--,--.--,--.--,--.--,1.0,-0.0,251.5,-0.0,-0.0,0.1,288.15,--.--,--.--,0,0,0.0,0.0,0.0,0,0,0,--.--,--.--,--.--
2026-07-09 16:05:12.555,0.6,-0.1,251,0.2,-0.0,0.0,0.0,0.7,0.000,0.1,29.5,67.5,66.7,29.646,0.000,0.000,0.000,0.0,00:09:13,0.1,4.9,1,--.--,0,--.--,--.--,0000:32:26,73,0,0,1,1,15.30,-1.00,-164,--.--,50,--.--,--:--:--,1,-15.30,16:05:12,21:05:12,7/9/26,--.--,--.--,--.--,--.--,--.--,--.--,--.--,--.--,--.--,--.--,--.--,--.--,0,--.--,--.--,--.--,--.--,--.--,--.--,--.--,--.--,--.--,--.--,--.--,--.--,--.--,--.--,--.--,--.--,0,0.000,0.000,0.000,0.000,0.000,0.000,0.000,0.000,0.000,0.000,0.000,0.000,true,true,true,true,true,true,false,false,true,true,false,false,0.03,0.00,0.01,0.01,--.--,--.--,0.15,0.17,9223372036854775808,0,--.--,--.--,--.--,--.--,--.--,0,0,0,0,37.4122946,-121.9985275,10SEG 88624 41081,0.7,1.1,203.5,3,10,--.--,--.--,,--.--,--.--,--.--,0,0,--.--,--.--,0,0.1,0.1,-29.8,-0.0,-0.0,-0.1,0.0,-0.0,-29.9,-0.0,-0.0,-0.1,--.--,--.--,--.--,--.--,0.8,0.0,251.6,1.0,0.3,-0.0,288.15,--.--,--.--,0,0,0.0,0.0,0.0,0,0,0,--.--,--.--,--.--
2026-07-09 16:05:13.555,0.9,-0.0,251,-1.4,0.0,0.1,0.0,0.5,0.000,0.1,29.5,67.5,66.7,29.637,0.000,0.000,0.000,0.0,00:09:14,0.0,2.1,1,--.--,0,--.--,--.--,0000:32:26,73,0,0,1,1,15.30,-1.00,-165,--.--,50,--.--,--:--:--,1,-15.30,16:05:13,21:05:13,7/9/26,--.--,--.--,--.--,--.--,--.--,--.--,--.--,--.--,--.--,--.--,--.--,--.--,0,--.--,--.--,--.--,--.--,--.--,--.--,--.--,--.--,--.--,--.--,--.--,--.--,--.--,--.--,--.--,--.--,0,0.000,0.000,0.000,0.000,0.000,0.000,0.000,0.000,0.000,0.000,0.000,0.000,true,true,true,true,true,true,false,false,true,true,false,false,0.03,0.01,0.01,0.01,--.--,--.--,0.15,0.17,9223372036854775808,0,--.--,--.--,--.--,--.--,--.--,0,0,0,0,37.4122948,-121.9985272,10SEG 88624 41081,0.7,1.1,234.4,3,10,--.--,--.--,,--.--,--.--,--.--,0,0,--.--,--.--,0,0.0,0.0,-29.8,0.0,-0.0,-0.1,0.0,-0.0,-29.9,0.0,-0.0,-0.1,--.--,--.--,--.--,--.--,0.6,-0.0,251.6,-1.6,0.1,-0.0,288.15,--.--,--.--,0,0,0.0,0.0,0.0,0,0,0,--.--,--.--,--.--
2026-07-09 16:05:14.555,0.7,-0.0,251,0.8,0.1,-0.1,0.0,-0.7,0.000,0.1,29.5,67.5,66.7,29.627,0.000,0.000,0.000,0.0,00:09:15,0.0,2.1,1,--.--,0,--.--,--.--,0000:32:26,72,0,0,1,1,15.30,-1.00,-165,--.--,50,--.--,--:--:--,1,-15.30,16:05:14,21:05:14,7/9/26,--.--,--.--,--.--,--.--,--.--,--.--,--.--,--.--,--.--,--.--,--.--,--.--,0,--.--,--.--,--.--,--.--,--.--,--.--,--.--,--.--,--.--,--.--,--.--,--.--,--.--,--.--,--.--,--.--,0,0.000,0.000,0.000,0.000,0.000,0.000,0.000,0.000,0.000,0.000,0.000,0.000,true,true,true,true,true,true,false,false,true,true,false,false,0.03,0.01,0.01,0.01,--.--,--.--,0.15,0.17,9223372036854775808,0,--.--,--.--,--.--,--.--,--.--,0,0,0,0,37.4122949,-121.9985274,10SEG 88624 41081,0.7,1.1,66.0,3,10,--.--,--.--,,--.--,--.--,--.--,0,0,--.--,--.--,0,0.0,0.0,-29.7,0.0,0.0,-0.1,0.0,-0.0,-29.9,-0.0,-0.0,-0.1,--.--,--.--,--.--,--.--,0.8,0.0,251.6,0.6,0.1,-0.0,288.15,--.--,--.--,0,0,0.0,0.0,0.0,0,0,0,--.--,--.--,--.--
2026-07-09 16:05:15.555,0.6,0.0,251,-0.4,-0.0,0.0,0.1,-1.3,0.000,0.1,29.5,67.5,66.7,29.613,0.000,0.000,0.000,0.0,00:09:16,0.1,1.4,1,--.--,0,--.--,--.--,0000:32:26,73,0,0,1,1,15.30,-1.00,-165,--.--,50,--.--,--:--:--,1,-15.30,16:05:15,21:05:15,7/9/26,--.--,--.--,--.--,--.--,--.--,--.--,--.--,--.--,--.--,--.--,--.--,--.--,0,--.--,--.--,--.--,--.--,--.--,--.--,--.--,--.--,--.--,--.--,--.--,--.--,--.--,--.--,--.--,--.--,0,0.000,0.000,0.000,0.000,0.000,0.000,0.000,0.000,0.000,0.000,0.000,0.000,true,true,true,true,true,true,false,false,true,true,false,false,0.04,0.00,0.01,0.02,--.--,--.--,0.15,0.17,9223372036854775808,0,--.--,--.--,--.--,--.--,--.--,0,0,0,0,37.4122952,-121.9985270,10SEG 88624 41081,0.7,1.1,68.9,3,10,--.--,--.--,,--.--,--.--,--.--,0,0,--.--,--.--,0,0.1,0.1,-29.7,0.0,0.1,-0.1,0.0,-0.0,-29.9,-0.0,-0.1,-0.1,--.--,--.--,--.--,--.--,0.5,0.0,251.6,-0.2,-0.2,0.0,288.15,--.--,--.--,0,0,0.0,0.0,0.0,0,0,0,--.--,--.--,--.--
2026-07-09 16:05:16.555,0.8,0.0,251,0.4,-0.1,0.0,0.0,-1.2,0.000,0.1,29.5,67.5,66.7,29.619,0.000,0.000,0.000,0.0,00:09:17,0.2,3.5,1,--.--,0,--.--,--.--,0000:32:26,74,0,0,1,1,15.30,-1.00,-165,--.--,50,--.--,--:--:--,1,-15.30,16:05:16,21:05:16,7/9/26,--.--,--.--,--.--,--.--,--.--,--.--,--.--,--.--,--.--,--.--,--.--,--.--,0,--.--,--.--,--.--,--.--,--.--,--.--,--.--,--.--,--.--,--.--,--.--,--.--,--.--,--.--,--.--,--.--,0,0.000,0.000,0.000,0.000,0.000,0.000,0.000,0.000,0.000,0.000,0.000,0.000,true,true,true,true,true,true,false,false,true,true,false,false,0.04,0.00,0.01,0.02,--.--,--.--,0.15,0.17,9223372036854775808,0,--.--,--.--,--.--,--.--,--.--,0,0,0,0,37.4122949,-121.9985264,10SEG 88624 41081,0.7,1.1,149.3,3,10,--.--,--.--,,--.--,--.--,--.--,0,0,--.--,--.--,0,0.1,0.1,-29.8,-0.0,0.0,-0.1,0.0,-0.0,-29.9,-0.0,-0.1,-0.1,--.--,--.--,--.--,--.--,0.9,0.0,251.6,0.4,-0.1,0.0,288.15,--.--,--.--,0,0,0.0,0.0,0.0,0,0,0,--.--,--.--,--.--
2026-07-09 16:05:17.554,0.9,-0.0,251,-0.2,-0.1,0.1,0.0,1.5,0.000,0.1,29.5,67.5,66.7,29.638,0.000,0.000,0.000,0.0,00:09:18,0.2,6.4,1,--.--,0,--.--,--.--,0000:32:26,74,0,0,1,1,15.30,-1.00,-166,--.--,50,--.--,--:--:--,1,-15.30,16:05:17,21:05:17,7/9/26,--.--,--.--,--.--,--.--,--.--,--.--,--.--,--.--,--.--,--.--,--.--,--.--,0,--.--,--.--,--.--,--.--,--.--,--.--,--.--,--.--,--.--,--.--,--.--,--.--,--.--,--.--,--.--,--.--,0,0.000,0.000,0.000,0.000,0.000,0.000,0.000,0.000,0.000,0.000,0.000,0.000,true,true,true,true,true,true,false,false,true,true,false,false,0.04,0.00,0.01,0.01,--.--,--.--,0.15,0.17,9223372036854775808,0,--.--,--.--,--.--,--.--,--.--,0,0,0,0,37.4122945,-121.9985261,10SEG 88624 41081,0.7,1.1,211.8,3,10,--.--,--.--,,--.--,--.--,--.--,0,0,--.--,--.--,0,0.1,0.1,-29.8,0.0,-0.0,-0.1,0.0,-0.0,-29.9,-0.0,-0.1,-0.1,--.--,--.--,--.--,--.--,0.9,-0.0,251.7,-0.1,0.1,-0.0,288.15,--.--,--.--,0,0,0.0,0.0,0.0,0,0,0,--.--,--.--,--.--
2026-07-09 16:05:18.555,0.9,-0.0,251,-0.2,-0.0,0.0,0.1,-1.5,0.000,0.1,29.5,67.5,66.7,29.642,0.000,0.000,0.000,0.0,00:09:19,0.1,2.6,1,--.--,0,--.--,--.--,0000:32:26,73,0,0,1,1,15.30,-1.00,-166,--.--,50,--.--,--:--:--,1,-15.30,16:05:18,21:05:18,7/9/26,--.--,--.--,--.--,--.--,--.--,--.--,--.--,--.--,--.--,--.--,--.--,--.--,0,--.--,--.--,--.--,--.--,--.--,--.--,--.--,--.--,--.--,--.--,--.--,--.--,--.--,--.--,--.--,--.--,0,0.000,0.000,0.000,0.000,0.000,0.000,0.000,0.000,0.000,0.000,0.000,0.000,true,true,true,true,true,true,false,false,true,true,false,false,0.04,0.00,0.01,0.01,--.--,--.--,0.15,0.17,9223372036854775808,0,--.--,--.--,--.--,--.--,--.--,0,0,0,0,37.4122943,-121.9985259,10SEG 88624 41081,0.7,1.1,280.8,3,10,--.--,--.--,,--.--,--.--,--.--,0,0,--.--,--.--,0,0.0,0.1,-29.8,0.0,-0.0,-0.1,0.0,-0.0,-29.9,0.0,-0.1,-0.1,--.--,--.--,--.--,--.--,0.8,0.0,251.7,-0.3,0.2,-0.0,288.15,--.--,--.--,0,0,0.0,0.0,0.0,0,0,0,--.--,--.--,--.--
2026-07-09 16:05:19.554,0.9,-0.0,251,0.5,0.1,-0.1,0.0,1.3,0.000,0.1,29.5,67.5,66.7,29.626,0.000,0.000,0.000,0.0,00:09:20,0.1,2.1,1,--.--,0,--.--,--.--,0000:32:26,72,0,0,1,1,15.30,-1.00,-166,--.--,50,--.--,--:--:--,1,-15.30,16:05:19,21:05:19,7/9/26,--.--,--.--,--.--,--.--,--.--,--.--,--.--,--.--,--.--,--.--,--.--,--.--,0,--.--,--.--,--.--,--.--,--.--,--.--,--.--,--.--,--.--,--.--,--.--,--.--,--.--,--.--,--.--,--.--,0,0.000,0.000,0.000,0.000,0.000,0.000,0.000,0.000,0.000,0.000,0.000,0.000,true,true,true,true,true,true,false,false,true,true,false,false,0.04,0.01,0.01,0.01,--.--,--.--,0.15,0.17,9223372036854775808,0,--.--,--.--,--.--,--.--,--.--,0,0,0,0,37.4122941,-121.9985269,10SEG 88624 41081,0.7,1.1,353.3,3,10,--.--,--.--,,--.--,--.--,--.--,0,0,--.--,--.--,0,0.0,0.0,-29.7,0.0,-0.0,-0.1,0.0,-0.0,-29.9,0.0,-0.0,-0.1,--.--,--.--,--.--,--.--,1.0,0.0,251.7,0.4,0.1,-0.0,288.15,--.--,--.--,0,0,0.0,0.0,0.0,0,0,0,--.--,--.--,--.--
2026-07-09 16:05:20.554,0.5,-0.0,251,-0.3,0.0,0.0,0.0,-0.3,0.000,0.1,29.5,67.5,66.7,29.614,0.000,0.000,0.000,0.0,00:09:21,0.1,1.7,1,--.--,0,--.--,--.--,0000:32:26,73,0,0,1,1,15.30,-1.00,-166,--.--,50,--.--,--:--:--,1,-15.30,16:05:20,21:05:20,7/9/26,--.--,--.--,--.--,--.--,--.--,--.--,--.--,--.--,--.--,--.--,--.--,--.--,0,--.--,--.--,--.--,--.--,--.--,--.--,--.--,--.--,--.--,--.--,--.--,--.--,--.--,--.--,--.--,--.--,0,0.000,0.000,0.000,0.000,0.000,0.000,0.000,0.000,0.000,0.000,0.000,0.000,true,true,true,true,true,true,false,false,true,true,false,false,0.04,0.01,0.01,0.01,--.--,--.--,0.15,0.17,9223372036854775808,0,--.--,--.--,--.--,--.--,--.--,0,0,0,0,37.4122947,-121.9985270,10SEG 88624 41081,0.7,1.1,323.6,3,10,--.--,--.--,,--.--,--.--,--.--,0,0,--.--,--.--,0,0.0,0.0,-29.7,0.0,0.0,-0.1,0.0,-0.0,-29.9,0.0,-0.0,-0.1,--.--,--.--,--.--,--.--,0.5,-0.0,251.6,-0.1,0.1,-0.0,288.15,--.--,--.--,0,0,0.0,0.0,0.0,0,0,0,--.--,--.--,--.--
2026-07-09 16:05:21.554,0.5,-0.0,251,0.5,0.0,-0.0,0.0,1.1,0.000,0.1,29.5,67.5,66.7,29.616,0.000,0.000,0.000,0.0,00:09:22,0.1,1.8,1,--.--,0,--.--,--.--,0000:32:26,73,0,0,1,1,15.30,-1.00,-167,--.--,50,--.--,--:--:--,1,-15.30,16:05:21,21:05:21,7/9/26,--.--,--.--,--.--,--.--,--.--,--.--,--.--,--.--,--.--,--.--,--.--,--.--,0,--.--,--.--,--.--,--.--,--.--,--.--,--.--,--.--,--.--,--.--,--.--,--.--,--.--,--.--,--.--,--.--,0,0.000,0.000,0.000,0.000,0.000,0.000,0.000,0.000,0.000,0.000,0.000,0.000,true,true,true,true,true,true,false,false,true,true,false,false,0.03,0.00,0.01,0.01,--.--,--.--,0.15,0.17,9223372036854775808,0,--.--,--.--,--.--,--.--,--.--,0,0,0,0,37.4122948,-121.9985270,10SEG 88624 41081,0.7,1.1,49.7,3,10,--.--,--.--,,--.--,--.--,--.--,0,0,--.--,--.--,0,0.1,0.1,-29.7,0.0,0.0,-0.1,0.0,-0.0,-29.9,-0.0,-0.0,-0.1,--.--,--.--,--.--,--.--,0.6,0.0,251.6,0.6,0.0,0.0,288.15,--.--,--.--,0,0,0.0,0.0,0.0,0,0,0,--.--,--.--,--.--
2026-07-09 16:05:22.554,0.9,0.0,251,0.6,-0.0,-0.0,0.1,1.6,0.000,0.1,29.5,67.5,66.7,29.619,0.000,0.000,0.000,0.0,00:09:23,0.2,2.9,1,--.--,0,--.--,--.--,0000:32:26,74,0,0,1,1,15.30,-1.00,-167,--.--,50,--.--,--:--:--,1,-15.30,16:05:22,21:05:22,7/9/26,--.--,--.--,--.--,--.--,--.--,--.--,--.--,--.--,--.--,--.--,--.--,--.--,0,--.--,--.--,--.--,--.--,--.--,--.--,--.--,--.--,--.--,--.--,--.--,--.--,--.--,--.--,--.--,--.--,0,0.000,0.000,0.000,0.000,0.000,0.000,0.000,0.000,0.000,0.000,0.000,0.000,true,true,true,true,true,true,false,false,true,true,false,false,0.03,0.00,0.01,0.01,--.--,--.--,0.15,0.17,9223372036854775808,0,--.--,--.--,--.--,--.--,--.--,0,0,0,0,37.4122950,-121.9985261,10SEG 88624 41081,0.7,1.1,84.8,3,10,--.--,--.--,,--.--,--.--,--.--,0,0,--.--,--.--,0,0.1,0.1,-29.7,0.0,0.0,-0.1,0.0,-0.0,-29.9,-0.0,-0.1,-0.1,--.--,--.--,--.--,--.--,1.0,-0.0,251.6,0.4,-0.2,0.0,288.15,--.--,--.--,0,0,0.0,0.0,0.0,0,0,0,--.--,--.--,--.--
2026-07-09 16:05:23.553,0.7,-0.0,251,-0.7,-0.1,0.2,0.0,1.4,0.000,0.1,29.5,67.5,66.7,29.634,0.000,0.000,0.000,0.0,00:09:24,0.2,10.9,1,--.--,0,--.--,--.--,0000:32:26,74,0,0,1,1,15.30,-1.00,-167,--.--,50,--.--,--:--:--,1,-15.30,16:05:23,21:05:23,7/9/26,--.--,--.--,--.--,--.--,--.--,--.--,--.--,--.--,--.--,--.--,--.--,--.--,0,--.--,--.--,--.--,--.--,--.--,--.--,--.--,--.--,--.--,--.--,--.--,--.--,--.--,--.--,--.--,--.--,0,0.000,0.000,0.000,0.000,0.000,0.000,0.000,0.000,0.000,0.000,0.000,0.000,true,true,true,true,true,true,false,false,true,true,false,false,0.04,0.00,0.01,0.01,--.--,--.--,0.15,0.17,9223372036854775808,0,--.--,--.--,--.--,--.--,--.--,0,0,0,0,37.4122950,-121.9985260,10SEG 88624 41081,0.7,1.1,302.3,3,10,--.--,--.--,,--.--,--.--,--.--,0,0,--.--,--.--,0,0.1,0.1,-29.8,0.0,-0.0,-0.1,0.0,-0.0,-29.9,-0.0,-0.1,-0.1,--.--,--.--,--.--,--.--,0.5,-0.0,251.7,-0.7,0.1,-0.0,288.15,--.--,--.--,0,0,0.0,0.0,0.0,0,0,0,--.--,--.--,--.--
2026-07-09 16:05:24.554,0.9,-0.0,251,0.7,0.1,-0.1,0.1,0.8,0.000,0.1,29.5,67.5,66.7,29.637,0.000,0.000,0.000,0.0,00:09:25,0.1,2.3,1,--.--,0,--.--,--.--,0000:32:26,73,0,0,1,1,15.30,-1.00,-167,--.--,50,--.--,--:--:--,1,-15.30,16:05:24,21:05:24,7/9/26,--.--,--.--,--.--,--.--,--.--,--.--,--.--,--.--,--.--,--.--,--.--,--.--,0,--.--,--.--,--.--,--.--,--.--,--.--,--.--,--.--,--.--,--.--,--.--,--.--,--.--,--.--,--.--,--.--,0,0.000,0.000,0.000,0.000,0.000,0.000,0.000,0.000,0.000,0.000,0.000,0.000,true,true,true,true,true,true,false,false,true,true,false,false,0.04,0.00,0.01,0.01,--.--,--.--,0.15,0.17,9223372036854775808,0,--.--,--.--,--.--,--.--,--.--,0,0,0,0,37.4122949,-121.9985261,10SEG 88624 41081,0.7,1.1,237.9,3,10,--.--,--.--,,--.--,--.--,--.--,0,0,--.--,--.--,0,0.1,0.1,-29.8,-0.0,-0.1,-0.1,0.0,-0.0,-29.9,-0.0,-0.1,-0.1,--.--,--.--,--.--,--.--,1.0,-0.0,251.8,0.4,0.2,0.0,288.15,--.--,--.--,0,0,0.0,0.0,0.0,0,0,0,--.--,--.--,--.--
2026-07-09 16:05:25.553,0.3,-0.0,251,-0.1,0.0,-0.0,0.0,-0.8,0.000,0.1,29.5,67.5,66.7,29.623,0.000,0.000,0.000,0.0,00:09:26,0.1,2.3,1,--.--,0,--.--,--.--,0000:32:26,73,0,0,1,1,15.30,-1.00,-168,--.--,50,--.--,--:--:--,1,-15.30,16:05:25,21:05:25,7/9/26,--.--,--.--,--.--,--.--,--.--,--.--,--.--,--.--,--.--,--.--,--.--,--.--,0,--.--,--.--,--.--,--.--,--.--,--.--,--.--,--.--,--.--,--.--,--.--,--.--,--.--,--.--,--.--,--.--,0,0.000,0.000,0.000,0.000,0.000,0.000,0.000,0.000,0.000,0.000,0.000,0.000,true,true,true,true,true,true,false,false,true,true,false,false,0.04,0.00,0.01,0.01,--.--,--.--,0.15,0.17,9223372036854775808,0,--.--,--.--,--.--,--.--,--.--,0,0,0,0,37.4122944,-121.9985268,10SEG 88624 41081,0.7,1.1,257.3,3,10,--.--,--.--,,--.--,--.--,--.--,0,0,--.--,--.--,0,0.1,0.0,-29.7,-0.0,-0.0,-0.1,0.0,-0.0,-29.9,-0.0,-0.0,-0.1,--.--,--.--,--.--,--.--,0.5,-0.0,251.8,0.8,0.2,-0.0,288.15,--.--,--.--,0,0,0.0,0.0,0.0,0,0,0,--.--,--.--,--.--
2026-07-09 16:05:26.553,1.2,0.1,251,-1.3,0.0,0.1,0.0,-1.4,0.000,0.1,29.5,67.5,66.7,29.618,0.000,0.000,0.000,0.0,00:09:27,0.1,8.6,1,--.--,0,--.--,--.--,0000:32:26,73,0,0,1,1,15.30,-1.00,-168,--.--,50,--.--,--:--:--,1,-15.30,16:05:26,21:05:26,7/9/26,--.--,--.--,--.--,--.--,--.--,--.--,--.--,--.--,--.--,--.--,--.--,--.--,0,--.--,--.--,--.--,--.--,--.--,--.--,--.--,--.--,--.--,--.--,--.--,--.--,--.--,--.--,--.--,--.--,0,0.000,0.000,0.000,0.000,0.000,0.000,0.000,0.000,0.000,0.000,0.000,0.000,true,true,true,true,true,true,false,false,true,true,false,false,0.04,0.00,0.01,0.01,--.--,--.--,0.15,0.17,9223372036854775808,0,--.--,--.--,--.--,--.--,--.--,0,0,0,0,37.4122944,-121.9985271,10SEG 88624 41081,0.7,1.1,350.9,3,10,--.--,--.--,,--.--,--.--,--.--,0,0,--.--,--.--,0,0.0,0.0,-29.7,0.0,0.0,-0.1,0.0,-0.0,-29.9,0.0,-0.0,-0.1,--.--,--.--,--.--,--.--,0.7,0.0,251.7,-2.3,-0.2,0.0,288.15,--.--,--.--,0,0,0.0,0.0,0.0,0,0,0,--.--,--.--,--.--
2026-07-09 16:05:27.553,0.4,0.0,251,0.9,0.1,0.0,0.1,1.0,0.000,0.1,29.5,67.5,66.7,29.624,0.000,0.000,0.000,0.0,00:09:28,0.1,1.8,1,--.--,0,--.--,--.--,0000:32:26,73,0,0,1,1,15.30,-1.00,-168,--.--,50,--.--,--:--:--,1,-15.30,16:05:27,21:05:27,7/9/26,--.--,--.--,--.--,--.--,--.--,--.--,--.--,--.--,--.--,--.--,--.--,--.--,0,--.--,--.--,--.--,--.--,--.--,--.--,--.--,--.--,--.--,--.--,--.--,--.--,--.--,--.--,--.--,--.--,0,0.000,0.000,0.000,0.000,0.000,0.000,0.000,0.000,0.000,0.000,0.000,0.000,true,true,true,true,true,true,false,false,true,true,false,false,0.03,0.01,0.01,0.03,--.--,--.--,0.15,0.17,9223372036854775808,0,--.--,--.--,--.--,--.--,--.--,0,0,0,0,37.4122949,-121.9985269,10SEG 88624 41081,0.7,1.1,47.8,3,10,--.--,--.--,,--.--,--.--,--.--,0,0,--.--,--.--,0,0.1,0.1,-29.8,0.0,0.1,-0.1,0.0,-0.0,-29.9,-0.0,-0.1,-0.1,--.--,--.--,--.--,--.--,0.6,0.0,251.8,1.0,-0.1,-0.0,288.15,--.--,--.--,0,0,0.0,0.0,0.0,0,0,0,--.--,--.--,--.--
2026-07-09 16:05:28.554,0.6,0.0,251,-0.2,-0.1,0.1,0.0,-1.4,0.000,0.1,29.5,67.5,66.7,29.647,0.000,0.000,0.000,0.0,00:09:29,0.2,3.6,1,--.--,0,--.--,--.--,0000:32:26,74,0,0,1,1,15.30,-1.00,-168,--.--,50,--.--,--:--:--,1,-15.30,16:05:28,21:05:28,7/9/26,--.--,--.--,--.--,--.--,--.--,--.--,--.--,--.--,--.--,--.--,--.--,--.--,0,--.--,--.--,--.--,--.--,--.--,--.--,--.--,--.--,--.--,--.--,--.--,--.--,--.--,--.--,--.--,--.--,0,0.000,0.000,0.000,0.000,0.000,0.000,0.000,0.000,0.000,0.000,0.000,0.000,true,true,true,true,true,true,false,false,true,true,false,false,0.03,0.01,0.01,0.03,--.--,--.--,0.15,0.17,9223372036854775808,0,--.--,--.--,--.--,--.--,--.--,0,0,0,0,37.4122952,-121.9985268,10SEG 88624 41081,0.7,1.1,109.8,3,10,--.--,--.--,,--.--,--.--,--.--,0,0,--.--,--.--,0,0.1,0.1,-29.8,-0.0,0.0,-0.1,0.0,-0.0,-29.9,-0.0,-0.1,-0.1,--.--,--.--,--.--,--.--,0.6,0.0,251.8,-0.0,-0.0,-0.0,288.15,--.--,--.--,0,0,0.0,0.0,0.0,0,0,0,--.--,--.--,--.--
2026-07-09 16:05:29.555,0.8,-0.0,251,-0.2,-0.1,0.1,0.0,0.9,0.000,0.1,29.5,67.5,66.7,29.652,0.000,0.000,0.000,0.0,00:09:30,0.1,5.3,1,--.--,0,--.--,--.--,0000:32:26,73,0,0,1,1,15.30,-1.00,-169,--.--,50,--.--,--:--:--,1,-15.30,16:05:29,21:05:29,7/9/26,--.--,--.--,--.--,--.--,--.--,--.--,--.--,--.--,--.--,--.--,--.--,--.--,0,--.--,--.--,--.--,--.--,--.--,--.--,--.--,--.--,--.--,--.--,--.--,--.--,--.--,--.--,--.--,--.--,0,0.000,0.000,0.000,0.000,0.000,0.000,0.000,0.000,0.000,0.000,0.000,0.000,true,true,true,true,true,true,false,false,true,true,false,false,0.02,0.01,0.01,0.01,--.--,--.--,0.15,0.17,9223372036854775808,0,--.--,--.--,--.--,--.--,--.--,0,0,0,0,37.4122951,-121.9985267,10SEG 88624 41081,0.7,1.1,212.2,3,10,--.--,--.--,,--.--,--.--,--.--,0,0,--.--,--.--,0,0.1,0.1,-29.8,-0.0,-0.0,-0.1,0.0,-0.0,-29.9,-0.0,-0.1,-0.1,--.--,--.--,--.--,--.--,0.8,0.0,251.9,-0.1,0.0,-0.0,288.15,--.--,--.--,0,0,0.0,0.0,0.0,0,0,0,--.--,--.--,--.--
2026-07-09 16:05:30.555,0.7,-0.0,251,-0.3,0.0,0.0,0.0,1.4,0.000,0.1,29.5,67.5,66.7,29.665,0.000,0.000,0.000,0.0,00:09:31,0.1,4.3,1,--.--,0,--.--,--.--,0000:32:26,73,0,0,1,1,15.30,-1.00,-169,--.--,50,--.--,--:--:--,1,-15.30,16:05:30,21:05:30,7/9/26,--.--,--.--,--.--,--.--,--.--,--.--,--.--,--.--,--.--,--.--,--.--,--.--,0,--.--,--.--,--.--,--.--,--.--,--.--,--.--,--.--,--.--,--.--,--.--,--.--,--.--,--.--,--.--,--.--,0,0.000,0.000,0.000,0.000,0.000,0.000,0.000,0.000,0.000,0.000,0.000,0.000,true,true,true,true,true,true,false,false,true,true,false,false,0.02,0.01,0.01,0.01,--.--,--.--,0.15,0.17,9223372036854775808,0,--.--,--.--,--.--,--.--,--.--,0,0,0,0,37.4122951,-121.9985269,10SEG 88624 41081,0.7,1.1,31.8,3,10,--.--,--.--,,--.--,--.--,--.--,0,0,--.--,--.--,0,0.1,0.1,-29.8,-0.0,-0.0,-0.1,0.0,-0.0,-29.9,-0.0,-0.1,-0.1,--.--,--.--,--.--,--.--,0.6,0.0,251.9,-0.5,0.1,-0.0,288.15,--.--,--.--,0,0,0.0,0.0,0.0,0,0,0,--.--,--.--,--.--
2026-07-09 16:05:31.544,0.8,-0.0,251,0.9,0.0,-0.1,0.0,-1.3,0.000,0.1,29.5,67.5,66.7,29.666,0.000,0.000,0.000,0.0,00:09:32,0.1,5.5,1,--.--,0,--.--,--.--,0000:32:26,73,0,0,1,1,15.30,-1.00,-170,--.--,50,--.--,--:--:--,1,-15.30,16:05:31,21:05:31,7/9/26,--.--,--.--,--.--,--.--,--.--,--.--,--.--,--.--,--.--,--.--,--.--,--.--,0,--.--,--.--,--.--,--.--,--.--,--.--,--.--,--.--,--.--,--.--,--.--,--.--,--.--,--.--,--.--,--.--,0,0.000,0.000,0.000,0.000,0.000,0.000,0.000,0.000,0.000,0.000,0.000,0.000,true,true,true,true,true,true,false,false,true,true,false,false,0.02,0.00,0.01,0.01,--.--,--.--,0.15,0.17,9223372036854775808,0,--.--,--.--,--.--,--.--,--.--,0,0,0,0,37.4122950,-121.9985266,10SEG 88624 41081,0.7,1.1,267.4,3,10,--.--,--.--,,--.--,--.--,--.--,0,0,--.--,--.--,0,0.1,0.1,-29.8,-0.0,0.0,-0.1,0.0,-0.0,-29.9,-0.0,-0.1,-0.1,--.--,--.--,--.--,--.--,0.9,0.0,251.9,0.8,0.1,0.0,288.15,--.--,--.--,0,0,0.0,0.0,0.0,0,0,0,--.--,--.--,--.--
2026-07-09 16:05:32.544,0.6,0.0,251,0.2,-0.0,0.0,0.0,-0.6,0.000,0.1,29.5,67.5,66.7,29.661,0.000,0.000,0.000,0.0,00:09:33,0.1,6.5,1,--.--,0,--.--,--.--,0000:32:26,73,0,0,1,1,15.30,-1.00,-170,--.--,50,--.--,--:--:--,1,-15.30,16:05:32,21:05:32,7/9/26,--.--,--.--,--.--,--.--,--.--,--.--,--.--,--.--,--.--,--.--,--.--,--.--,0,--.--,--.--,--.--,--.--,--.--,--.--,--.--,--.--,--.--,--.--,--.--,--.--,--.--,--.--,--.--,--.--,0,0.000,0.000,0.000,0.000,0.000,0.000,0.000,0.000,0.000,0.000,0.000,0.000,true,true,true,true,true,true,false,false,true,true,false,false,0.02,0.00,0.01,0.01,--.--,--.--,0.15,0.17,9223372036854775808,0,--.--,--.--,--.--,--.--,--.--,0,0,0,0,37.4122950,-121.9985262,10SEG 88624 41081,0.7,1.1,146.8,3,10,--.--,--.--,,--.--,--.--,--.--,0,0,--.--,--.--,0,0.1,0.1,-29.8,0.0,0.0,-0.1,0.0,-0.0,-29.9,-0.0,-0.1,-0.1,--.--,--.--,--.--,--.--,0.8,0.0,251.9,0.8,-0.0,-0.0,288.15,--.--,--.--,0,0,0.0,0.0,0.0,0,0,0,--.--,--.--,--.--
2026-07-09 16:05:33.544,0.7,0.0,251,-2.0,-0.2,0.2,0.0,-1.6,0.000,0.1,29.5,67.5,66.7,29.663,0.000,0.000,0.000,0.0,00:09:34,0.2,5.1,1,--.--,0,--.--,--.--,0000:32:26,74,0,0,1,1,15.30,-1.00,-170,--.--,50,--.--,--:--:--,1,-15.30,16:05:33,21:05:33,7/9/26,--.--,--.--,--.--,--.--,--.--,--.--,--.--,--.--,--.--,--.--,--.--,--.--,0,--.--,--.--,--.--,--.--,--.--,--.--,--.--,--.--,--.--,--.--,--.--,--.--,--.--,--.--,--.--,--.--,0,0.000,0.000,0.000,0.000,0.000,0.000,0.000,0.000,0.000,0.000,0.000,0.000,true,true,true,true,true,true,false,false,true,true,false,false,0.02,0.00,0.01,0.01,--.--,--.--,0.15,0.17,9223372036854775808,0,--.--,--.--,--.--,--.--,--.--,0,0,0,0,37.4122953,-121.9985261,10SEG 88624 41081,0.7,1.1,37.9,3,10,--.--,--.--,,--.--,--.--,--.--,0,0,--.--,--.--,0,0.1,0.1,-29.8,0.0,0.0,-0.1,0.0,-0.0,-29.9,-0.0,-0.1,-0.1,--.--,--.--,--.--,--.--,0.2,0.0,251.9,-2.2,-0.2,-0.0,288.15,--.--,--.--,0,0,0.0,0.0,0.0,0,0,0,--.--,--.--,--.--
2026-07-09 16:05:34.544,0.8,0.0,252,2.2,0.1,-0.1,0.0,1.5,0.000,0.1,29.5,67.5,66.7,29.671,0.000,0.000,0.000,0.0,00:09:35,0.2,4.8,1,--.--,0,--.--,--.--,0000:32:26,73,0,0,1,1,15.30,-1.00,-170,--.--,50,--.--,--:--:--,1,-15.30,16:05:34,21:05:34,7/9/26,--.--,--.--,--.--,--.--,--.--,--.--,--.--,--.--,--.--,--.--,--.--,--.--,0,--.--,--.--,--.--,--.--,--.--,--.--,--.--,--.--,--.--,--.--,--.--,--.--,--.--,--.--,--.--,--.--,0,0.000,0.000,0.000,0.000,0.000,0.000,0.000,0.000,0.000,0.000,0.000,0.000,true,true,true,true,true,true,false,false,true,true,false,false,0.02,0.00,0.01,0.01,--.--,--.--,0.15,0.17,9223372036854775808,0,--.--,--.--,--.--,--.--,--.--,0,0,0,0,37.4122954,-121.9985258,10SEG 88625 41081,0.7,1.1,160.2,3,10,--.--,--.--,,--.--,--.--,--.--,0,0,--.--,--.--,0,0.1,0.1,-29.8,-0.0,-0.0,-0.1,0.0,-0.0,-29.9,-0.0,-0.1,-0.1,--.--,--.--,--.--,--.--,1.2,-0.0,252.1,2.3,-0.0,0.2,288.15,--.--,--.--,0,0,0.0,0.0,0.0,0,0,0,--.--,--.--,--.--
2026-07-09 16:05:35.545,0.8,0.0,252,-1.9,-0.1,0.3,0.0,-0.6,0.000,0.1,29.5,67.5,66.7,29.678,0.000,0.000,0.000,0.0,00:09:36,0.2,5.0,1,--.--,0,--.--,--.--,0000:32:26,74,0,0,1,1,15.30,-1.00,-171,--.--,50,--.--,--:--:--,1,-15.30,16:05:35,21:05:35,7/9/26,--.--,--.--,--.--,--.--,--.--,--.--,--.--,--.--,--.--,--.--,--.--,--.--,0,--.--,--.--,--.--,--.--,--.--,--.--,--.--,--.--,--.--,--.--,--.--,--.--,--.--,--.--,--.--,--.--,0,0.000,0.000,0.000,0.000,0.000,0.000,0.000,0.000,0.000,0.000,0.000,0.000,true,true,true,true,true,true,false,false,true,true,false,false,0.02,0.01,0.01,0.03,--.--,--.--,0.15,0.17,9223372036854775808,0,--.--,--.--,--.--,--.--,--.--,0,0,0,0,37.4122952,-121.9985256,10SEG 88625 41081,0.7,1.1,244.0,3,10,--.--,--.--,,--.--,--.--,--.--,0,0,--.--,--.--,0,0.1,0.1,-29.8,0.0,-0.0,-0.1,0.0,-0.0,-29.9,-0.0,-0.1,-0.1,--.--,--.--,--.--,--.--,0.4,0.0,252.2,-2.0,-0.0,-0.0,288.15,--.--,--.--,0,0,0.0,0.0,0.0,0,0,0,--.--,--.--,--.--
2026-07-09 16:05:36.544,1.0,-0.0,252,1.0,0.1,-0.1,0.0,1.3,0.000,0.0,29.6,67.5,66.7,29.690,0.000,0.000,0.000,0.0,00:09:37,0.1,3.0,1,--.--,0,--.--,--.--,0000:32:26,73,0,0,1,1,15.30,-1.00,-171,--.--,50,--.--,--:--:--,1,-15.30,16:05:36,21:05:36,7/9/26,--.--,--.--,--.--,--.--,--.--,--.--,--.--,--.--,--.--,--.--,--.--,--.--,0,--.--,--.--,--.--,--.--,--.--,--.--,--.--,--.--,--.--,--.--,--.--,--.--,--.--,--.--,--.--,--.--,0,0.000,0.000,0.000,0.000,0.000,0.000,0.000,0.000,0.000,0.000,0.000,0.000,true,true,true,true,true,true,false,false,true,true,false,false,0.02,0.01,0.01,0.03,--.--,--.--,0.15,0.17,9223372036854775808,0,--.--,--.--,--.--,--.--,--.--,0,0,0,0,37.4122950,-121.9985258,10SEG 88625 41081,0.7,1.1,228.7,3,10,--.--,--.--,,--.--,--.--,--.--,0,0,--.--,--.--,0,0.0,0.1,-29.8,-0.0,-0.0,-0.0,0.0,-0.0,-29.9,0.0,-0.1,-0.0,--.--,--.--,--.--,--.--,1.1,-0.0,252.3,0.5,0.1,0.1,288.15,--.--,--.--,0,0,0.0,0.0,0.0,0,0,0,--.--,--.--,--.--
2026-07-09 16:05:37.544,0.3,-0.0,252,-0.6,-0.0,0.0,0.0,-0.7,0.000,0.0,29.6,67.5,66.7,29.682,0.000,0.000,0.000,0.0,00:09:38,0.1,2.5,1,--.--,0,--.--,--.--,0000:32:26,73,0,0,1,1,15.30,-1.00,-171,--.--,50,--.--,--:--:--,1,-15.30,16:05:37,21:05:37,7/9/26,--.--,--.--,--.--,--.--,--.--,--.--,--.--,--.--,--.--,--.--,--.--,--.--,0,--.--,--.--,--.--,--.--,--.--,--.--,--.--,--.--,--.--,--.--,--.--,--.--,--.--,--.--,--.--,--.--,0,0.000,0.000,0.000,0.000,0.000,0.000,0.000,0.000,0.000,0.000,0.000,0.000,true,true,true,true,true,true,false,false,true,true,false,false,0.02,0.01,0.01,0.02,--.--,--.--,0.15,0.17,9223372036854775808,0,--.--,--.--,--.--,--.--,--.--,0,0,0,0,37.4122949,-121.9985261,10SEG 88624 41081,0.7,1.1,112.9,3,10,--.--,--.--,,--.--,--.--,--.--,0,0,--.--,--.--,0,0.1,0.1,-29.8,0.0,-0.0,-0.0,0.0,-0.0,-29.9,-0.0,-0.1,-0.0,--.--,--.--,--.--,--.--,0.3,0.0,252.3,0.1,0.0,-0.0,288.15,--.--,--.--,0,0,0.0,0.0,0.0,0,0,0,--.--,--.--,--.--
2026-07-09 16:05:38.544,0.9,0.0,252,0.1,-0.0,-0.1,0.0,0.8,0.000,0.0,29.6,67.5,66.7,29.698,0.000,0.000,0.000,0.0,00:09:39,0.2,30.3,1,--.--,0,--.--,--.--,0000:32:26,73,0,0,1,1,15.30,-1.00,-171,--.--,50,--.--,--:--:--,1,-15.30,16:05:38,21:05:38,7/9/26,--.--,--.--,--.--,--.--,--.--,--.--,--.--,--.--,--.--,--.--,--.--,--.--,0,--.--,--.--,--.--,--.--,--.--,--.--,--.--,--.--,--.--,--.--,--.--,--.--,--.--,--.--,--.--,--.--,0,0.000,0.000,0.000,0.000,0.000,0.000,0.000,0.000,0.000,0.000,0.000,0.000,true,true,true,true,true,true,false,false,true,true,false,false,0.02,0.01,0.01,0.02,--.--,--.--,0.15,0.17,9223372036854775808,0,--.--,--.--,--.--,--.--,--.--,0,0,0,0,37.4122951,-121.9985261,10SEG 88624 41081,0.7,1.1,109.9,3,10,--.--,--.--,,--.--,--.--,--.--,0,0,--.--,--.--,0,0.1,0.1,-29.8,0.0,0.0,-0.0,0.0,-0.0,-29.9,-0.0,-0.1,-0.0,--.--,--.--,--.--,--.--,0.9,0.0,252.3,-0.3,-0.2,0.0,288.15,--.--,--.--,0,0,0.0,0.0,0.0,0,0,0,--.--,--.--,--.--
2026-07-09 16:05:39.545,0.7,0.0,252,-0.5,-0.1,0.0,0.0,-0.9,0.000,0.0,29.6,67.6,66.7,29.723,0.000,0.000,0.000,0.0,00:09:40,0.2,10.2,1,--.--,0,--.--,--.--,0000:32:26,73,0,0,1,1,15.30,-1.00,-172,--.--,50,--.--,--:--:--,1,-15.30,16:05:39,21:05:39,7/9/26,--.--,--.--,--.--,--.--,--.--,--.--,--.--,--.--,--.--,--.--,--.--,--.--,0,--.--,--.--,--.--,--.--,--.--,--.--,--.--,--.--,--.--,--.--,--.--,--.--,--.--,--.--,--.--,--.--,0,0.000,0.000,0.000,0.000,0.000,0.000,0.000,0.000,0.000,0.000,0.000,0.000,true,true,true,true,true,true,false,false,true,true,false,false,0.01,0.01,0.00,0.02,--.--,--.--,0.15,0.17,9223372036854775808,0,--.--,--.--,--.--,--.--,--.--,0,0,0,0,37.4122952,-121.9985253,10SEG 88625 41081,0.7,1.1,24.7,3,10,--.--,--.--,,--.--,--.--,--.--,0,0,--.--,--.--,0,0.1,0.2,-29.9,0.0,-0.0,-0.0,0.0,-0.0,-29.9,-0.0,-0.1,-0.0,--.--,--.--,--.--,--.--,0.6,0.0,252.3,-0.9,-0.0,-0.0,288.15,--.--,--.--,0,0,0.0,0.0,0.0,0,0,0,--.--,--.--,--.--
2026-07-09 16:05:40.545,0.5,-0.0,252,0.5,0.0,0.0,0.0,-1.9,0.000,0.0,29.6,67.6,66.7,29.730,0.000,0.000,0.000,0.0,00:09:41,0.2,4.3,1,--.--,0,--.--,--.--,0000:32:26,73,0,0,1,1,15.30,-1.00,-172,--.--,50,--.--,--:--:--,1,-15.30,16:05:40,21:05:40,7/9/26,--.--,--.--,--.--,--.--,--.--,--.--,--.--,--.--,--.--,--.--,--.--,--.--,0,--.--,--.--,--.--,--.--,--.--,--.--,--.--,--.--,--.--,--.--,--.--,--.--,--.--,--.--,--.--,--.--,0,0.000,0.000,0.000,0.000,0.000,0.000,0.000,0.000,0.000,0.000,0.000,0.000,true,true,true,true,true,true,false,false,true,true,false,false,0.01,0.01,0.00,0.02,--.--,--.--,0.15,0.17,9223372036854775808,0,--.--,--.--,--.--,--.--,--.--,0,0,0,0,37.4122950,-121.9985259,10SEG 88624 41081,0.7,1.1,232.8,3,10,--.--,--.--,,--.--,--.--,--.--,0,0,--.--,--.--,0,0.1,0.1,-29.9,-0.0,-0.1,-0.0,0.0,-0.0,-29.9,-0.0,-0.1,-0.0,--.--,--.--,--.--,--.--,0.7,-0.0,252.4,0.5,0.1,-0.0,288.15,--.--,--.--,0,0,0.0,0.0,0.0,0,0,0,--.--,--.--,--.--
2026-07-09 16:05:41.545,1.0,0.0,252,-0.7,-0.1,0.0,0.1,1.0,0.000,0.0,29.6,67.6,66.7,29.720,0.000,0.000,0.000,0.0,00:09:42,0.1,2.4,1,--.--,0,--.--,--.--,0000:32:26,73,0,0,1,1,15.30,-1.00,-172,--.--,50,--.--,--:--:--,1,-15.30,16:05:41,21:05:41,7/9/26,--.--,--.--,--.--,--.--,--.--,--.--,--.--,--.--,--.--,--.--,--.--,--.--,0,--.--,--.--,--.--,--.--,--.--,--.--,--.--,--.--,--.--,--.--,--.--,--.--,--.--,--.--,--.--,--.--,0,0.000,0.000,0.000,0.000,0.000,0.000,0.000,0.000,0.000,0.000,0.000,0.000,true,true,true,true,true,true,false,false,true,true,false,false,0.01,0.00,0.01,0.01,--.--,--.--,0.15,0.17,9223372036854775808,0,--.--,--.--,--.--,--.--,--.--,0,0,0,0,37.4122949,-121.9985261,10SEG 88624 41081,0.7,1.1,211.5,3,10,--.--,--.--,,--.--,--.--,--.--,0,0,--.--,--.--,0,0.1,0.1,-29.8,0.0,-0.1,-0.0,0.0,-0.0,-29.9,-0.0,-0.1,-0.0,--.--,--.--,--.--,--.--,0.8,0.0,252.3,-1.2,-0.1,0.0,288.15,--.--,--.--,0,0,0.0,0.0,0.0,0,0,0,--.--,--.--,--.--
2026-07-09 16:05:42.545,0.7,0.0,252,0.7,0.1,-0.1,0.0,0.6,0.000,0.0,29.6,67.6,66.7,29.708,0.000,0.000,0.000,0.0,00:09:43,0.1,4.7,1,--.--,0,--.--,--.--,0000:32:26,73,0,0,1,1,15.30,-1.00,-172,--.--,50,--.--,--:--:--,1,-15.30,16:05:42,21:05:42,7/9/26,--.--,--.--,--.--,--.--,--.--,--.--,--.--,--.--,--.--,--.--,--.--,--.--,0,--.--,--.--,--.--,--.--,--.--,--.--,--.--,--.--,--.--,--.--,--.--,--.--,--.--,--.--,--.--,--.--,0,0.000,0.000,0.000,0.000,0.000,0.000,0.000,0.000,0.000,0.000,0.000,0.000,true,true,true,true,true,true,false,false,true,true,false,false,0.01,0.00,0.01,0.01,--.--,--.--,0.15,0.17,9223372036854775808,0,--.--,--.--,--.--,--.--,--.--,0,0,0,0,37.4122946,-121.9985264,10SEG 88624 41081,0.7,1.1,311.6,3,10,--.--,--.--,,--.--,--.--,--.--,0,0,--.--,--.--,0,0.1,0.1,-29.8,0.0,-0.0,-0.0,0.0,-0.0,-29.9,-0.0,-0.1,-0.0,--.--,--.--,--.--,--.--,0.8,-0.0,252.3,0.7,-0.1,0.0,288.15,--.--,--.--,0,0,0.0,0.0,0.0,0,0,0,--.--,--.--,--.--
2026-07-09 16:05:43.546,0.2,0.0,252,-0.1,-0.0,0.1,0.0,0.7,0.000,0.0,29.6,67.6,66.7,29.694,0.000,0.000,0.000,0.0,00:09:44,0.1,6.8,1,--.--,0,--.--,--.--,0000:32:26,74,0,0,1,1,15.30,-1.00,-173,--.--,50,--.--,--:--:--,1,-15.30,16:05:43,21:05:43,7/9/26,--.--,--.--,--.--,--.--,--.--,--.--,--.--,--.--,--.--,--.--,--.--,--.--,0,--.--,--.--,--.--,--.--,--.--,--.--,--.--,--.--,--.--,--.--,--.--,--.--,--.--,--.--,--.--,--.--,0,0.000,0.000,0.000,0.000,0.000,0.000,0.000,0.000,0.000,0.000,0.000,0.000,true,true,true,true,true,true,false,false,true,true,false,false,0.01,0.00,0.01,0.01,--.--,--.--,0.15,0.17,9223372036854775808,0,--.--,--.--,--.--,--.--,--.--,0,0,0,0,37.4122952,-121.9985263,10SEG 88624 41081,0.7,1.1,353.8,3,10,--.--,--.--,,--.--,--.--,--.--,0,0,--.--,--.--,0,0.1,0.1,-29.8,0.0,0.0,-0.0,0.0,-0.0,-29.9,-0.0,-0.1,-0.0,--.--,--.--,--.--,--.--,0.3,0.0,252.4,0.3,-0.2,-0.0,288.15,--.--,--.--,0,0,0.0,0.0,0.0,0,0,0,--.--,--.--,--.--
2026-07-09 16:05:44.547,0.8,0.0,252,0.2,0.0,-0.0,0.0,1.0,0.000,0.0,29.6,67.6,66.7,29.708,0.000,0.000,0.000,0.0,00:09:45,0.1,5.9,1,--.--,0,--.--,--.--,0000:32:26,74,0,0,1,1,15.30,-1.00,-173,--.--,50,--.--,--:--:--,1,-15.30,16:05:44,21:05:44,7/9/26,--.--,--.--,--.--,--.--,--.--,--.--,--.--,--.--,--.--,--.--,--.--,--.--,0,--.--,--.--,--.--,--.--,--.--,--.--,--.--,--.--,--.--,--.--,--.--,--.--,--.--,--.--,--.--,--.--,0,0.000,0.000,0.000,0.000,0.000,0.000,0.000,0.000,0.000,0.000,0.000,0.000,true,true,true,true,true,true,false,false,true,true,false,false,0.01,0.00,0.01,0.01,--.--,--.--,0.15,0.17,9223372036854775808,0,--.--,--.--,--.--,--.--,--.--,0,0,0,0,37.4122952,-121.9985262,10SEG 88624 41081,0.7,1.1,227.5,3,10,--.--,--.--,,--.--,--.--,--.--,0,0,--.--,--.--,0,0.1,0.1,-29.8,-0.0,0.0,-0.0,0.0,-0.0,-29.9,-0.0,-0.1,-0.0,--.--,--.--,--.--,--.--,0.7,-0.0,252.4,-0.1,-0.2,0.0,288.15,--.--,--.--,0,0,0.0,0.0,0.0,0,0,0,--.--,--.--,--.--
2026-07-09 16:05:45.548,0.6,-0.0,252,-0.2,-0.0,0.0,0.0,0.9,0.000,0.0,29.6,67.6,66.7,29.727,0.000,0.000,0.000,0.0,00:09:46,0.1,4.0,1,--.--,0,--.--,--.--,0000:32:26,73,0,0,1,1,15.30,-1.00,-173,--.--,50,--.--,--:--:--,1,-15.30,16:05:45,21:05:45,7/9/26,--.--,--.--,--.--,--.--,--.--,--.--,--.--,--.--,--.--,--.--,--.--,--.--,0,--.--,--.--,--.--,--.--,--.--,--.--,--.--,--.--,--.--,--.--,--.--,--.--,--.--,--.--,--.--,--.--,0,0.000,0.000,0.000,0.000,0.000,0.000,0.000,0.000,0.000,0.000,0.000,0.000,true,true,true,true,true,true,false,false,true,true,false,false,0.01,0.00,0.01,0.01,--.--,--.--,0.15,0.17,9223372036854775808,0,--.--,--.--,--.--,--.--,--.--,0,0,0,0,37.4122951,-121.9985267,10SEG 88624 41081,0.7,1.1,249.9,3,10,--.--,--.--,,--.--,--.--,--.--,0,0,--.--,--.--,0,0.1,0.1,-29.9,-0.0,-0.0,0.0,0.0,-0.0,-29.9,-0.0,-0.1,-0.0,--.--,--.--,--.--,--.--,0.6,0.0,252.4,-0.3,0.1,-0.0,288.15,--.--,--.--,0,0,0.0,0.0,0.0,0,0,0,--.--,--.--,--.--
2026-07-09 16:05:46.548,0.8,0.0,252,0.1,0.1,-0.1,0.0,0.5,0.000,-0.0,29.6,67.6,66.7,29.735,0.000,0.000,0.000,0.0,00:09:47,0.1,2.9,1,--.--,0,--.--,--.--,0000:32:26,73,0,0,1,1,15.30,-1.00,-173,--.--,50,--.--,--:--:--,1,-15.30,16:05:46,21:05:46,7/9/26,--.--,--.--,--.--,--.--,--.--,--.--,--.--,--.--,--.--,--.--,--.--,--.--,0,--.--,--.--,--.--,--.--,--.--,--.--,--.--,--.--,--.--,--.--,--.--,--.--,--.--,--.--,--.--,--.--,0,0.000,0.000,0.000,0.000,0.000,0.000,0.000,0.000,0.000,0.000,0.000,0.000,true,true,true,true,true,true,false,false,true,true,false,false,0.01,0.00,0.01,0.01,--.--,--.--,0.15,0.17,9223372036854775808,0,--.--,--.--,--.--,--.--,--.--,0,0,0,0,37.4122951,-121.9985266,10SEG 88624 41081,0.7,1.1,281.3,3,10,--.--,--.--,,--.--,--.--,--.--,0,0,--.--,--.--,0,0.1,0.0,-29.9,-0.0,-0.0,0.0,0.0,-0.0,-29.9,-0.0,-0.0,0.0,--.--,--.--,--.--,--.--,0.8,0.0,252.4,-0.3,-0.0,0.0,288.15,--.--,--.--,0,0,0.0,0.0,0.0,0,0,0,--.--,--.--,--.--
2026-07-09 16:05:47.548,0.0,-0.0,252,0.3,-0.0,0.0,0.0,-1.0,0.000,-0.0,29.6,67.6,66.7,29.738,0.000,0.000,0.000,0.0,00:09:48,0.1,5.0,1,--.--,0,--.--,--.--,0000:32:26,73,0,0,1,1,15.30,-1.00,-174,--.--,50,--.--,--:--:--,1,-15.30,16:05:47,21:05:47,7/9/26,--.--,--.--,--.--,--.--,--.--,--.--,--.--,--.--,--.--,--.--,--.--,--.--,0,--.--,--.--,--.--,--.--,--.--,--.--,--.--,--.--,--.--,--.--,--.--,--.--,--.--,--.--,--.--,--.--,0,0.000,0.000,0.000,0.000,0.000,0.000,0.000,0.000,0.000,0.000,0.000,0.000,true,true,true,true,true,true,false,false,true,true,false,false,0.01,0.00,0.00,0.00,--.--,--.--,0.15,0.17,9223372036854775808,0,--.--,--.--,--.--,--.--,--.--,0,0,0,0,37.4122949,-121.9985272,10SEG 88624 41081,0.7,1.1,154.4,3,10,--.--,--.--,,--.--,--.--,--.--,0,0,--.--,--.--,0,0.1,0.0,-29.9,-0.0,0.0,0.0,0.0,-0.0,-29.9,-0.0,-0.0,0.0,--.--,--.--,--.--,--.--,0.3,0.0,252.4,1.2,0.1,-0.0,288.15,--.--,--.--,0,0,0.0,0.0,0.0,0,0,0,--.--,--.--,--.--
2026-07-09 16:05:48.548,1.5,0.1,252,-0.1,0.0,0.2,0.0,-0.7,0.000,-0.0,29.6,67.6,66.7,29.743,0.000,0.000,0.000,0.0,00:09:49,0.1,2.8,1,--.--,0,--.--,--.--,0000:32:26,73,0,0,1,1,15.30,-1.00,-174,--.--,50,--.--,--:--:--,1,-15.30,16:05:48,21:05:48,7/9/26,--.--,--.--,--.--,--.--,--.--,--.--,--.--,--.--,--.--,--.--,--.--,--.--,0,--.--,--.--,--.--,--.--,--.--,--.--,--.--,--.--,--.--,--.--,--.--,--.--,--.--,--.--,--.--,--.--,0,0.000,0.000,0.000,0.000,0.000,0.000,0.000,0.000,0.000,0.000,0.000,0.000,true,true,true,true,true,true,false,false,true,true,false,false,0.01,0.00,0.00,0.00,--.--,--.--,0.15,0.17,9223372036854775808,0,--.--,--.--,--.--,--.--,--.--,0,0,0,0,37.4122945,-121.9985265,10SEG 88624 41081,0.7,1.1,83.2,3,10,--.--,--.--,,--.--,--.--,--.--,0,0,--.--,--.--,0,0.0,0.1,-29.9,0.0,0.0,0.0,0.0,-0.0,-29.9,0.0,-0.1,0.0,--.--,--.--,--.--,--.--,1.3,-0.0,252.4,-1.3,-0.3,0.3,288.15,--.--,--.--,0,0,0.0,0.0,0.0,0,0,0,--.--,--.--,--.--
2026-07-09 16:05:49.549,-0.3,-0.1,252,0.3,-0.1,0.3,0.1,1.5,0.000,-0.0,29.6,67.6,66.7,29.761,0.000,0.000,0.000,0.0,00:09:50,0.1,2.7,1,--.--,0,--.--,--.--,0000:32:26,73,0,0,1,1,15.30,-1.00,-175,--.--,50,--.--,--:--:--,1,-15.30,16:05:49,21:05:49,7/9/26,--.--,--.--,--.--,--.--,--.--,--.--,--.--,--.--,--.--,--.--,--.--,--.--,0,--.--,--.--,--.--,--.--,--.--,--.--,--.--,--.--,--.--,--.--,--.--,--.--,--.--,--.--,--.--,--.--,0,0.000,0.000,0.000,0.000,0.000,0.000,0.000,0.000,0.000,0.000,0.000,0.000,true,true,true,true,true,true,false,false,true,true,false,false,0.01,0.01,0.01,0.02,--.--,--.--,0.15,0.17,9223372036854775808,0,--.--,--.--,--.--,--.--,--.--,0,0,0,0,37.4122951,-121.9985266,10SEG 88624 41081,0.7,1.1,338.1,3,10,--.--,--.--,,--.--,--.--,--.--,0,0,--.--,--.--,0,0.1,0.1,-29.9,0.0,0.0,0.0,0.0,-0.0,-29.9,-0.0,-0.1,0.0,--.--,--.--,--.--,--.--,0.0,0.0,252.7,1.5,0.2,-0.0,288.15,--.--,--.--,0,0,0.0,0.0,0.0,0,0,0,--.--,--.--,--.--
2026-07-09 16:05:50.549,1.6,0.0,252,-0.5,0.0,0.2,0.0,0.8,0.000,-0.0,29.7,67.6,66.7,29.783,0.000,0.000,0.000,0.0,00:09:51,0.1,4.5,1,--.--,0,--.--,--.--,0000:32:26,73,0,0,1,1,15.30,-1.00,-175,--.--,50,--.--,--:--:--,1,-15.30,16:05:50,21:05:50,7/9/26,--.--,--.--,--.--,--.--,--.--,--.--,--.--,--.--,--.--,--.--,--.--,--.--,0,--.--,--.--,--.--,--.--,--.--,--.--,--.--,--.--,--.--,--.--,--.--,--.--,--.--,--.--,--.--,--.--,0,0.000,0.000,0.000,0.000,0.000,0.000,0.000,0.000,0.000,0.000,0.000,0.000,true,true,true,true,true,true,false,false,true,true,false,false,0.01,0.01,0.01,0.02,--.--,--.--,0.15,0.17,9223372036854775808,0,--.--,--.--,--.--,--.--,--.--,0,0,0,0,37.4122946,-121.9985262,10SEG 88624 41081,0.7,1.1,206.9,3,10,--.--,--.--,,--.--,--.--,--.--,0,0,--.--,--.--,0,0.0,0.1,-29.9,0.0,-0.0,0.1,0.0,-0.0,-29.9,0.0,-0.1,0.0,--.--,--.--,--.--,--.--,1.3,-0.0,252.8,-1.7,-0.0,0.3,288.15,--.--,--.--,0,0,0.0,0.0,0.0,0,0,0,--.--,--.--,--.--
2026-07-09 16:05:51.550,-0.2,-0.1,253,0.5,-0.0,0.2,0.1,-1.3,0.000,-0.0,29.6,67.6,66.7,29.764,0.000,0.000,0.000,0.0,00:09:52,0.1,1.8,1,--.--,0,--.--,--.--,0000:32:26,73,0,0,1,1,15.30,-1.00,-175,--.--,50,--.--,--:--:--,1,-15.30,16:05:51,21:05:51,7/9/26,--.--,--.--,--.--,--.--,--.--,--.--,--.--,--.--,--.--,--.--,--.--,--.--,0,--.--,--.--,--.--,--.--,--.--,--.--,--.--,--.--,--.--,--.--,--.--,--.--,--.--,--.--,--.--,--.--,0,0.000,0.000,0.000,0.000,0.000,0.000,0.000,0.000,0.000,0.000,0.000,0.000,true,true,true,true,true,true,false,false,true,true,false,false,0.01,0.00,0.00,0.03,--.--,--.--,0.15,0.17,9223372036854775808,0,--.--,--.--,--.--,--.--,--.--,0,0,0,0,37.4122946,-121.9985268,10SEG 88624 41081,0.7,1.1,272.9,3,10,--.--,--.--,,--.--,--.--,--.--,0,0,--.--,--.--,0,0.1,0.1,-29.9,0.0,-0.0,0.0,0.0,-0.0,-29.9,-0.0,-0.1,0.0,--.--,--.--,--.--,--.--,0.1,0.0,253.1,1.5,0.3,-0.0,288.15,--.--,--.--,0,0,0.0,0.0,0.0,0,0,0,--.--,--.--,--.--
2026-07-09 16:05:52.550,1.2,0.0,253,-0.4,0.0,-0.1,0.0,-0.7,0.000,-0.0,29.6,67.6,66.7,29.752,0.000,0.000,0.000,0.0,00:09:53,0.1,24.2,1,--.--,0,--.--,--.--,0000:32:26,73,0,0,1,1,15.30,-1.00,-175,--.--,50,--.--,--:--:--,1,-15.30,16:05:52,21:05:52,7/9/26,--.--,--.--,--.--,--.--,--.--,--.--,--.--,--.--,--.--,--.--,--.--,--.--,0,--.--,--.--,--.--,--.--,--.--,--.--,--.--,--.--,--.--,--.--,--.--,--.--,--.--,--.--,--.--,--.--,0,0.000,0.000,0.000,0.000,0.000,0.000,0.000,0.000,0.000,0.000,0.000,0.000,true,true,true,true,true,true,false,false,true,true,false,false,0.01,0.00,0.00,0.03,--.--,--.--,0.15,0.17,9223372036854775808,0,--.--,--.--,--.--,--.--,--.--,0,0,0,0,37.4122945,-121.9985267,10SEG 88624 41081,0.7,1.1,191.9,3,10,--.--,--.--,,--.--,--.--,--.--,0,0,--.--,--.--,0,0.0,0.1,-29.9,0.0,0.0,0.0,0.0,-0.0,-29.9,0.0,-0.1,0.0,--.--,--.--,--.--,--.--,1.0,0.0,253.0,-1.0,-0.2,0.0,288.15,--.--,--.--,0,0,0.0,0.0,0.0,0,0,0,--.--,--.--,--.--
2026-07-09 16:05:53.551,0.1,-0.0,253,0.3,-0.0,0.0,0.1,1.8,0.000,-0.0,29.6,67.6,66.7,29.751,0.000,0.000,0.000,0.0,00:09:54,0.1,2.1,1,--.--,0,--.--,--.--,0000:32:26,73,0,0,1,1,15.30,-1.00,-176,--.--,50,--.--,--:--:--,1,-15.30,16:05:53,21:05:53,7/9/26,--.--,--.--,--.--,--.--,--.--,--.--,--.--,--.--,--.--,--.--,--.--,--.--,0,--.--,--.--,--.--,--.--,--.--,--.--,--.--,--.--,--.--,--.--,--.--,--.--,--.--,--.--,--.--,--.--,0,0.000,0.000,0.000,0.000,0.000,0.000,0.000,0.000,0.000,0.000,0.000,0.000,true,true,true,true,true,true,false,false,true,true,false,false,0.01,0.00,0.00,0.01,--.--,--.--,0.15,0.17,9223372036854775808,0,--.--,--.--,--.--,--.--,--.--,0,0,0,0,37.4122946,-121.9985264,10SEG 88624 41081,0.7,1.1,12.7,3,10,--.--,--.--,,--.--,--.--,--.--,0,0,--.--,--.--,0,0.0,0.1,-29.9,0.0,0.0,0.0,0.0,-0.0,-29.9,-0.0,-0.1,0.0,--.--,--.--,--.--,--.--,0.3,-0.0,253.1,0.8,0.0,-0.0,288.15,--.--,--.--,0,0,0.0,0.0,0.0,0,0,0,--.--,--.--,--.--
2026-07-09 16:05:54.552,0.5,0.0,253,-0.6,0.0,0.0,0.0,1.6,0.000,-0.0,29.6,67.6,66.7,29.755,0.000,0.000,0.000,0.0,00:09:55,0.1,6.8,1,--.--,0,--.--,--.--,0000:32:26,73,0,0,1,1,15.30,-1.00,-176,--.--,50,--.--,--:--:--,1,-15.30,16:05:54,21:05:54,7/9/26,--.--,--.--,--.--,--.--,--.--,--.--,--.--,--.--,--.--,--.--,--.--,--.--,0,--.--,--.--,--.--,--.--,--.--,--.--,--.--,--.--,--.--,--.--,--.--,--.--,--.--,--.--,--.--,--.--,0,0.000,0.000,0.000,0.000,0.000,0.000,0.000,0.000,0.000,0.000,0.000,0.000,true,true,true,true,true,true,false,false,true,true,false,false,0.01,0.00,0.00,0.01,--.--,--.--,0.15,0.17,9223372036854775808,0,--.--,--.--,--.--,--.--,--.--,0,0,0,0,37.4122951,-121.9985264,10SEG 88624 41081,0.7,1.1,83.7,3,10,--.--,--.--,,--.--,--.--,--.--,0,0,--.--,--.--,0,0.1,0.1,-29.9,0.0,0.0,0.0,0.0,-0.0,-29.9,-0.0,-0.1,0.0,--.--,--.--,--.--,--.--,0.4,0.0,253.1,-0.7,-0.1,-0.0,288.15,--.--,--.--,0,0,0.0,0.0,0.0,0,0,0,--.--,--.--,--.--
2026-07-09 16:05:55.552,0.7,-0.0,253,0.5,-0.0,-0.1,0.0,0.9,0.000,-0.0,29.6,67.6,66.7,29.772,0.000,0.000,0.000,0.0,00:09:56,0.1,16.5,1,--.--,0,--.--,--.--,0000:32:26,73,0,0,1,1,15.30,-1.00,-176,--.--,50,--.--,--:--:--,1,-15.30,16:05:55,21:05:55,7/9/26,--.--,--.--,--.--,--.--,--.--,--.--,--.--,--.--,--.--,--.--,--.--,--.--,0,--.--,--.--,--.--,--.--,--.--,--.--,--.--,--.--,--.--,--.--,--.--,--.--,--.--,--.--,--.--,--.--,0,0.000,0.000,0.000,0.000,0.000,0.000,0.000,0.000,0.000,0.000,0.000,0.000,true,true,true,true,true,true,false,false,true,true,false,false,0.01,0.00,0.01,0.01,--.--,--.--,0.15,0.17,9223372036854775808,0,--.--,--.--,--.--,--.--,--.--,0,0,0,0,37.4122945,-121.9985263,10SEG 88624 41081,0.7,1.1,220.8,3,10,--.--,--.--,,--.--,--.--,--.--,0,0,--.--,--.--,0,0.0,0.1,-29.9,0.0,-0.0,0.0,0.0,-0.0,-29.9,-0.0,-0.1,0.0,--.--,--.--,--.--,--.--,0.7,0.0,253.1,0.3,0.0,-0.0,288.15,--.--,--.--,0,0,0.0,0.0,0.0,0,0,0,--.--,--.--,--.--
2026-07-09 16:05:56.553,0.3,-0.0,253,0.6,0.0,-0.0,0.0,-1.0,0.000,-0.0,29.7,67.6,66.7,29.777,0.000,0.000,0.000,0.0,00:09:57,0.1,4.3,1,--.--,0,--.--,--.--,0000:32:26,73,0,0,1,1,15.30,-1.00,-176,--.--,50,--.--,--:--:--,1,-15.30,16:05:56,21:05:56,7/9/26,--.--,--.--,--.--,--.--,--.--,--.--,--.--,--.--,--.--,--.--,--.--,--.--,0,--.--,--.--,--.--,--.--,--.--,--.--,--.--,--.--,--.--,--.--,--.--,--.--,--.--,--.--,--.--,--.--,0,0.000,0.000,0.000,0.000,0.000,0.000,0.000,0.000,0.000,0.000,0.000,0.000,true,true,true,true,true,true,false,false,true,true,false,false,0.01,0.00,0.01,0.01,--.--,--.--,0.15,0.17,9223372036854775808,0,--.--,--.--,--.--,--.--,--.--,0,0,0,0,37.4122944,-121.9985267,10SEG 88624 41081,0.7,1.1,202.4,3,10,--.--,--.--,,--.--,--.--,--.--,0,0,--.--,--.--,0,0.0,0.1,-29.9,0.0,-0.0,0.0,0.0,-0.0,-29.9,-0.0,-0.1,0.0,--.--,--.--,--.--,--.--,0.5,0.0,253.1,1.2,0.1,-0.0,288.15,--.--,--.--,0,0,0.0,0.0,0.0,0,0,0,--.--,--.--,--.--
2026-07-09 16:05:57.553,0.6,0.0,253,-0.8,-0.0,-0.0,0.0,1.4,0.000,-0.0,29.6,67.6,66.7,29.768,0.000,0.000,0.000,0.0,00:09:58,0.1,3.4,1,--.--,0,--.--,--.--,0000:32:26,73,0,0,1,1,15.30,-1.00,-177,--.--,50,--.--,--:--:--,1,-15.30,16:05:57,21:05:57,7/9/26,--.--,--.--,--.--,--.--,--.--,--.--,--.--,--.--,--.--,--.--,--.--,--.--,0,--.--,--.--,--.--,--.--,--.--,--.--,--.--,--.--,--.--,--.--,--.--,--.--,--.--,--.--,--.--,--.--,0,0.000,0.000,0.000,0.000,0.000,0.000,0.000,0.000,0.000,0.000,0.000,0.000,true,true,true,true,true,true,false,false,true,true,false,false,0.02,0.01,0.00,0.02,--.--,--.--,0.15,0.17,9223372036854775808,0,--.--,--.--,--.--,--.--,--.--,0,0,0,0,37.4122942,-121.9985264,10SEG 88624 41081,0.7,1.1,48.3,3,10,--.--,--.--,,--.--,--.--,--.--,0,0,--.--,--.--,0,0.0,0.1,-29.9,0.0,-0.0,0.0,0.0,-0.0,-29.9,0.0,-0.1,0.0,--.--,--.--,--.--,--.--,0.4,0.0,253.1,-0.9,-0.1,0.0,288.15,--.--,--.--,0,0,0.0,0.0,0.0,0,0,0,--.--,--.--,--.--
2026-07-09 16:05:58.553,0.6,0.0,253,0.1,0.1,-0.0,0.0,1.1,0.000,-0.0,29.6,67.6,66.7,29.767,0.000,0.000,0.000,0.0,00:09:59,0.1,4.7,1,--.--,0,--.--,--.--,0000:32:26,73,0,0,1,1,15.30,-1.00,-177,--.--,50,--.--,--:--:--,1,-15.30,16:05:58,21:05:58,7/9/26,--.--,--.--,--.--,--.--,--.--,--.--,--.--,--.--,--.--,--.--,--.--,--.--,0,--.--,--.--,--.--,--.--,--.--,--.--,--.--,--.--,--.--,--.--,--.--,--.--,--.--,--.--,--.--,--.--,0,0.000,0.000,0.000,0.000,0.000,0.000,0.000,0.000,0.000,0.000,0.000,0.000,true,true,true,true,true,true,false,false,true,true,false,false,0.02,0.01,0.00,0.02,--.--,--.--,0.15,0.17,9223372036854775808,0,--.--,--.--,--.--,--.--,--.--,0,0,0,0,37.4122943,-121.9985266,10SEG 88624 41081,0.7,1.1,3.1,3,10,--.--,--.--,,--.--,--.--,--.--,0,0,--.--,--.--,0,0.0,0.1,-29.9,0.0,0.0,0.0,0.0,-0.0,-29.9,0.0,-0.1,0.0,--.--,--.--,--.--,--.--,0.5,0.0,253.1,-0.3,-0.1,0.0,288.15,--.--,--.--,0,0,0.0,0.0,0.0,0,0,0,--.--,--.--,--.--
2026-07-09 16:05:59.554,0.4,-0.0,253,0.0,-0.0,0.0,0.0,0.9,0.000,-0.0,29.6,67.6,66.7,29.778,0.000,0.000,0.000,0.0,00:10:00,0.1,4.9,1,--.--,0,--.--,--.--,0000:32:26,73,0,0,1,1,15.30,-1.00,-177,--.--,50,--.--,--:--:--,1,-15.30,16:05:59,21:05:59,7/9/26,--.--,--.--,--.--,--.--,--.--,--.--,--.--,--.--,--.--,--.--,--.--,--.--,0,--.--,--.--,--.--,--.--,--.--,--.--,--.--,--.--,--.--,--.--,--.--,--.--,--.--,--.--,--.--,--.--,0,0.000,0.000,0.000,0.000,0.000,0.000,0.000,0.000,0.000,0.000,0.000,0.000,true,true,true,true,true,true,false,false,true,true,false,false,0.02,0.01,0.01,0.01,--.--,--.--,0.15,0.17,9223372036854775808,0,--.--,--.--,--.--,--.--,--.--,0,0,0,0,37.4122950,-121.9985264,10SEG 88624 41081,0.7,1.1,19.2,3,10,--.--,--.--,,--.--,--.--,--.--,0,0,--.--,--.--,0,0.1,0.1,-29.9,0.0,0.0,0.0,0.0,-0.0,-29.9,-0.0,-0.1,0.1,--.--,--.--,--.--,--.--,0.4,-0.0,253.1,0.0,0.0,-0.0,288.15,--.--,--.--,0,0,0.0,0.0,0.0,0,0,0,--.--,--.--,--.--
2026-07-09 16:06:00.554,0.2,-0.0,253,0.2,0.0,0.0,0.0,-1.1,0.000,-0.0,29.7,67.6,66.7,29.788,0.000,0.000,0.000,0.0,00:10:01,0.1,22.4,1,--.--,0,--.--,--.--,0000:32:26,73,0,0,1,1,15.30,-1.00,-177,--.--,50,--.--,--:--:--,1,-15.30,16:06:00,21:06:00,7/9/26,--.--,--.--,--.--,--.--,--.--,--.--,--.--,--.--,--.--,--.--,--.--,--.--,0,--.--,--.--,--.--,--.--,--.--,--.--,--.--,--.--,--.--,--.--,--.--,--.--,--.--,--.--,--.--,--.--,0,0.000,0.000,0.000,0.000,0.000,0.000,0.000,0.000,0.000,0.000,0.000,0.000,true,true,true,true,true,true,false,false,true,true,false,false,0.02,0.01,0.01,0.01,--.--,--.--,0.15,0.17,9223372036854775808,0,--.--,--.--,--.--,--.--,--.--,0,0,0,0,37.4122949,-121.9985267,10SEG 88624 41081,0.7,1.1,54.6,3,10,--.--,--.--,,--.--,--.--,--.--,0,0,--.--,--.--,0,0.1,0.1,-29.9,-0.0,-0.0,0.0,0.0,-0.0,-29.9,-0.0,-0.1,0.1,--.--,--.--,--.--,--.--,0.3,0.0,253.2,0.5,0.1,-0.0,288.15,--.--,--.--,0,0,0.0,0.0,0.0,0,0,0,--.--,--.--,--.--
2026-07-09 16:06:01.555,0.5,0.0,253,-0.2,0.0,-0.0,0.0,-1.7,0.000,-0.1,29.7,67.6,66.7,29.777,0.000,0.000,0.000,0.0,00:10:02,0.1,4.4,1,--.--,0,--.--,--.--,0000:32:26,73,0,0,1,1,15.30,-1.00,-178,--.--,50,--.--,--:--:--,1,-15.30,16:06:01,21:06:01,7/9/26,--.--,--.--,--.--,--.--,--.--,--.--,--.--,--.--,--.--,--.--,--.--,--.--,0,--.--,--.--,--.--,--.--,--.--,--.--,--.--,--.--,--.--,--.--,--.--,--.--,--.--,--.--,--.--,--.--,0,0.000,0.000,0.000,0.000,0.000,0.000,0.000,0.000,0.000,0.000,0.000,0.000,true,true,true,true,true,true,false,false,true,true,false,false,0.02,0.00,0.00,0.02,--.--,--.--,0.15,0.17,9223372036854775808,0,--.--,--.--,--.--,--.--,--.--,0,0,0,0,37.4122949,-121.9985270,10SEG 88624 41081,0.7,1.1,305.7,3,10,--.--,--.--,,--.--,--.--,--.--,0,0,--.--,--.--,0,0.1,0.1,-29.9,-0.0,-0.0,0.0,0.0,-0.0,-29.9,-0.0,-0.1,0.0,--.--,--.--,--.--,--.--,0.5,-0.0,253.2,-0.3,-0.1,0.0,288.15,--.--,--.--,0,0,0.0,0.0,0.0,0,0,0,--.--,--.--,--.--
2026-07-09 16:06:02.555,0.2,0.0,253,-0.2,-0.0,0.0,0.0,1.2,0.000,-0.0,29.6,67.6,66.7,29.772,0.000,0.000,0.000,0.0,00:10:03,0.1,8.1,1,--.--,0,--.--,--.--,0000:32:26,73,0,0,1,1,15.30,-1.00,-178,--.--,50,--.--,--:--:--,1,-15.30,16:06:02,21:06:02,7/9/26,--.--,--.--,--.--,--.--,--.--,--.--,--.--,--.--,--.--,--.--,--.--,--.--,0,--.--,--.--,--.--,--.--,--.--,--.--,--.--,--.--,--.--,--.--,--.--,--.--,--.--,--.--,--.--,--.--,0,0.000,0.000,0.000,0.000,0.000,0.000,0.000,0.000,0.000,0.000,0.000,0.000,true,true,true,true,true,true,false,false,true,true,false,false,0.02,0.00,0.00,0.02,--.--,--.--,0.15,0.17,9223372036854775808,0,--.--,--.--,--.--,--.--,--.--,0,0,0,0,37.4122951,-121.9985270,10SEG 88624 41081,0.7,1.1,323.0,3,10,--.--,--.--,,--.--,--.--,--.--,0,0,--.--,--.--,0,0.1,0.0,-29.9,-0.0,0.0,0.0,0.0,-0.0,-29.9,-0.0,-0.0,0.0,--.--,--.--,--.--,--.--,0.2,0.0,253.2,-0.1,-0.0,-0.0,288.15,--.--,--.--,0,0,0.0,0.0,0.0,0,0,0,--.--,--.--,--.--
2026-07-09 16:06:03.555,0.2,-0.0,253,-0.3,0.0,-0.0,0.0,1.3,0.000,-0.1,29.6,67.6,66.7,29.779,0.000,0.000,0.000,0.0,00:10:04,0.1,3.1,1,--.--,0,--.--,--.--,0000:32:26,73,0,0,1,1,15.30,-1.00,-178,--.--,50,--.--,--:--:--,1,-15.30,16:06:03,21:06:03,7/9/26,--.--,--.--,--.--,--.--,--.--,--.--,--.--,--.--,--.--,--.--,--.--,--.--,0,--.--,--.--,--.--,--.--,--.--,--.--,--.--,--.--,--.--,--.--,--.--,--.--,--.--,--.--,--.--,--.--,0,0.000,0.000,0.000,0.000,0.000,0.000,0.000,0.000,0.000,0.000,0.000,0.000,true,true,true,true,true,true,false,false,true,true,false,false,0.02,0.00,0.01,0.02,--.--,--.--,0.15,0.17,9223372036854775808,0,--.--,--.--,--.--,--.--,--.--,0,0,0,0,37.4122953,-121.9985268,10SEG 88624 41081,0.7,1.1,56.1,3,10,--.--,--.--,,--.--,--.--,--.--,0,0,--.--,--.--,0,0.1,0.0,-29.9,-0.0,0.0,0.1,0.0,-0.0,-29.9,-0.0,-0.0,0.0,--.--,--.--,--.--,--.--,0.2,0.0,253.2,-0.4,-0.0,0.0,288.15,--.--,--.--,0,0,0.0,0.0,0.0,0,0,0,--.--,--.--,--.--
2026-07-09 16:06:04.556,0.6,-0.0,253,0.9,0.1,-0.0,0.0,-1.0,0.000,-0.1,29.7,67.6,66.7,29.795,0.000,0.000,0.000,0.0,00:10:05,0.1,2.4,1,--.--,0,--.--,--.--,0000:32:26,73,0,0,1,1,15.30,-1.00,-178,--.--,50,--.--,--:--:--,1,-15.30,16:06:04,21:06:04,7/9/26,--.--,--.--,--.--,--.--,--.--,--.--,--.--,--.--,--.--,--.--,--.--,--.--,0,--.--,--.--,--.--,--.--,--.--,--.--,--.--,--.--,--.--,--.--,--.--,--.--,--.--,--.--,--.--,--.--,0,0.000,0.000,0.000,0.000,0.000,0.000,0.000,0.000,0.000,0.000,0.000,0.000,true,true,true,true,true,true,false,false,true,true,false,false,0.02,0.00,0.01,0.02,--.--,--.--,0.15,0.17,9223372036854775808,0,--.--,--.--,--.--,--.--,--.--,0,0,0,0,37.4122956,-121.9985268,10SEG 88624 41081,0.7,1.1,158.3,3,10,--.--,--.--,,--.--,--.--,--.--,0,0,--.--,--.--,0,0.1,0.1,-29.9,-0.0,0.0,0.1,0.0,-0.0,-29.9,-0.0,-0.1,0.1,--.--,--.--,--.--,--.--,0.7,0.0,253.2,0.5,0.0,0.0,288.15,--.--,--.--,0,0,0.0,0.0,0.0,0,0,0,--.--,--.--,--.--
2026-07-09 16:06:05.556,0.7,-0.0,253,-0.4,0.1,0.0,0.0,-0.4,0.000,-0.1,29.7,67.7,66.7,29.798,0.000,0.000,0.000,0.0,00:10:06,0.1,9.8,1,--.--,0,--.--,--.--,0000:32:26,73,0,0,1,1,15.30,-1.00,-179,--.--,50,--.--,--:--:--,1,-15.30,16:06:05,21:06:05,7/9/26,--.--,--.--,--.--,--.--,--.--,--.--,--.--,--.--,--.--,--.--,--.--,--.--,0,--.--,--.--,--.--,--.--,--.--,--.--,--.--,--.--,--.--,--.--,--.--,--.--,--.--,--.--,--.--,--.--,0,0.000,0.000,0.000,0.000,0.000,0.000,0.000,0.000,0.000,0.000,0.000,0.000,true,true,true,true,true,true,false,false,true,true,false,false,0.03,0.00,0.01,0.02,--.--,--.--,0.15,0.17,9223372036854775808,0,--.--,--.--,--.--,--.--,--.--,0,0,0,0,37.4122954,-121.9985265,10SEG 88624 41081,0.7,1.1,237.0,3,10,--.--,--.--,,--.--,--.--,--.--,0,0,--.--,--.--,0,0.1,0.1,-29.9,-0.0,-0.0,0.1,0.0,-0.0,-29.9,-0.0,-0.1,0.1,--.--,--.--,--.--,--.--,0.5,-0.0,253.2,-0.6,0.0,0.0,288.15,--.--,--.--,0,0,0.0,0.0,0.0,0,0,0,--.--,--.--,--.--
2026-07-09 16:06:06.544,0.3,-0.0,253,0.2,-0.0,0.0,0.0,-1.0,0.000,-0.1,29.7,67.6,66.7,29.796,0.000,0.000,0.000,0.0,00:10:07,0.1,8.1,1,--.--,0,--.--,--.--,0000:32:26,73,0,0,1,1,15.30,-1.00,-179,--.--,50,--.--,--:--:--,1,-15.30,16:06:06,21:06:06,7/9/26,--.--,--.--,--.--,--.--,--.--,--.--,--.--,--.--,--.--,--.--,--.--,--.--,0,--.--,--.--,--.--,--.--,--.--,--.--,--.--,--.--,--.--,--.--,--.--,--.--,--.--,--.--,--.--,--.--,0,0.000,0.000,0.000,0.000,0.000,0.000,0.000,0.000,0.000,0.000,0.000,0.000,true,true,true,true,true,true,false,false,true,true,false,false,0.03,0.00,0.01,0.02,--.--,--.--,0.15,0.17,9223372036854775808,0,--.--,--.--,--.--,--.--,--.--,0,0,0,0,37.4122949,-121.9985272,10SEG 88624 41081,0.7,1.1,201.0,3,10,--.--,--.--,,--.--,--.--,--.--,0,0,--.--,--.--,0,0.1,0.0,-29.9,-0.0,-0.0,0.1,0.0,-0.0,-29.9,-0.0,-0.0,0.1,--.--,--.--,--.--,--.--,0.4,0.0,253.2,0.4,0.1,-0.0,288.15,--.--,--.--,0,0,0.0,0.0,0.0,0,0,0,--.--,--.--,--.--
2026-07-09 16:06:07.544,0.0,-0.0,253,-0.5,-0.0,0.0,0.0,-0.8,0.000,-0.1,29.7,67.7,66.7,29.797,0.000,0.000,0.000,0.0,00:10:08,0.1,5.6,1,--.--,0,--.--,--.--,0000:32:26,73,0,0,1,1,15.30,-1.00,-180,--.--,50,--.--,--:--:--,1,-15.30,16:06:07,21:06:07,7/9/26,--.--,--.--,--.--,--.--,--.--,--.--,--.--,--.--,--.--,--.--,--.--,--.--,0,--.--,--.--,--.--,--.--,--.--,--.--,--.--,--.--,--.--,--.--,--.--,--.--,--.--,--.--,--.--,--.--,0,0.000,0.000,0.000,0.000,0.000,0.000,0.000,0.000,0.000,0.000,0.000,0.000,true,true,true,true,true,true,false,false,true,true,false,false,0.02,0.01,0.01,0.01,--.--,--.--,0.15,0.17,9223372036854775808,0,--.--,--.--,--.--,--.--,--.--,0,0,0,0,37.4122954,-121.9985271,10SEG 88624 41081,0.7,1.1,233.9,3,10,--.--,--.--,,--.--,--.--,--.--,0,0,--.--,--.--,0,0.1,0.0,-29.9,-0.0,0.0,0.1,0.0,-0.0,-29.9,-0.0,-0.0,0.1,--.--,--.--,--.--,--.--,0.0,-0.0,253.2,-0.0,0.1,-0.0,288.15,--.--,--.--,0,0,0.0,0.0,0.0,0,0,0,--.--,--.--,--.--
2026-07-09 16:06:08.544,0.9,0.0,253,0.0,0.1,-0.1,0.0,-0.9,0.000,-0.1,29.7,67.7,66.7,29.800,0.000,0.000,0.000,0.0,00:10:09,0.1,2.1,1,--.--,0,--.--,--.--,0000:32:26,73,0,0,1,1,15.30,-1.00,-180,--.--,50,--.--,--:--:--,1,-15.30,16:06:08,21:06:08,7/9/26,--.--,--.--,--.--,--.--,--.--,--.--,--.--,--.--,--.--,--.--,--.--,--.--,0,--.--,--.--,--.--,--.--,--.--,--.--,--.--,--.--,--.--,--.--,--.--,--.--,--.--,--.--,--.--,--.--,0,0.000,0.000,0.000,0.000,0.000,0.000,0.000,0.000,0.000,0.000,0.000,0.000,true,true,true,true,true,true,false,false,true,true,false,false,0.02,0.01,0.01,0.01,--.--,--.--,0.15,0.17,9223372036854775808,0,--.--,--.--,--.--,--.--,--.--,0,0,0,0,37.4122951,-121.9985266,10SEG 88624 41081,0.7,1.1,138.0,3,10,--.--,--.--,,--.--,--.--,--.--,0,0,--.--,--.--,0,0.1,0.1,-29.9,-0.0,0.0,0.1,0.0,-0.0,-29.9,-0.0,-0.1,0.1,--.--,--.--,--.--,--.--,0.8,-0.0,253.2,-0.6,-0.2,0.0,288.15,--.--,--.--,0,0,0.0,0.0,0.0,0,0,0,--.--,--.--,--.--
2026-07-09 16:06:09.544,0.1,-0.0,253,-0.3,-0.1,0.1,0.0,-0.7,0.000,-0.1,29.7,67.7,66.7,29.820,0.000,0.000,0.000,0.0,00:10:10,0.1,4.5,1,--.--,0,--.--,--.--,0000:32:26,73,0,0,1,1,15.30,-1.00,-180,--.--,50,--.--,--:--:--,1,-15.30,16:06:09,21:06:09,7/9/26,--.--,--.--,--.--,--.--,--.--,--.--,--.--,--.--,--.--,--.--,--.--,--.--,0,--.--,--.--,--.--,--.--,--.--,--.--,--.--,--.--,--.--,--.--,--.--,--.--,--.--,--.--,--.--,--.--,0,0.000,0.000,0.000,0.000,0.000,0.000,0.000,0.000,0.000,0.000,0.000,0.000,true,true,true,true,true,true,false,false,true,true,false,false,0.03,0.00,0.01,0.01,--.--,--.--,0.15,0.17,9223372036854775808,0,--.--,--.--,--.--,--.--,--.--,0,0,0,0,37.4122949,-121.9985269,10SEG 88624 41081,0.7,1.1,22.0,3,10,--.--,--.--,,--.--,--.--,--.--,0,0,--.--,--.--,0,0.1,0.1,-29.9,0.0,0.0,0.1,0.0,-0.0,-29.9,-0.0,-0.1,0.1,--.--,--.--,--.--,--.--,0.1,-0.0,253.2,0.1,0.1,-0.0,288.15,--.--,--.--,0,0,0.0,0.0,0.0,0,0,0,--.--,--.--,--.--
2026-07-09 16:06:10.544,0.6,-0.0,253,0.3,0.1,-0.0,0.0,-0.7,0.000,-0.1,29.7,67.7,66.7,29.833,0.000,0.000,0.000,0.0,00:10:11,0.1,3.7,1,--.--,0,--.--,--.--,0000:32:26,73,0,0,1,1,15.30,-1.00,-180,--.--,50,--.--,--:--:--,1,-15.30,16:06:10,21:06:10,7/9/26,--.--,--.--,--.--,--.--,--.--,--.--,--.--,--.--,--.--,--.--,--.--,--.--,0,--.--,--.--,--.--,--.--,--.--,--.--,--.--,--.--,--.--,--.--,--.--,--.--,--.--,--.--,--.--,--.--,0,0.000,0.000,0.000,0.000,0.000,0.000,0.000,0.000,0.000,0.000,0.000,0.000,true,true,true,true,true,true,false,false,true,true,false,false,0.03,0.00,0.01,0.01,--.--,--.--,0.15,0.17,9223372036854775808,0,--.--,--.--,--.--,--.--,--.--,0,0,0,0,37.4122950,-121.9985270,10SEG 88624 41081,0.7,1.1,259.3,3,10,--.--,--.--,,--.--,--.--,--.--,0,0,--.--,--.--,0,0.1,0.1,-30.0,-0.0,-0.0,0.1,0.0,-0.0,-29.9,-0.0,-0.1,0.1,--.--,--.--,--.--,--.--,0.6,0.0,253.2,-0.0,0.1,0.0,288.15,--.--,--.--,0,0,0.0,0.0,0.0,0,0,0,--.--,--.--,--.--
2026-07-09 16:06:11.544,0.5,0.0,253,0.2,0.1,-0.0,0.0,-1.3,0.000,-0.1,29.7,67.7,66.7,29.821,0.000,0.000,0.000,0.0,00:10:12,0.1,4.5,1,--.--,0,--.--,--.--,0000:32:26,73,0,0,1,1,15.30,-1.00,-181,--.--,50,--.--,--:--:--,1,-15.30,16:06:11,21:06:11,7/9/26,--.--,--.--,--.--,--.--,--.--,--.--,--.--,--.--,--.--,--.--,--.--,--.--,0,--.--,--.--,--.--,--.--,--.--,--.--,--.--,--.--,--.--,--.--,--.--,--.--,--.--,--.--,--.--,--.--,0,0.000,0.000,0.000,0.000,0.000,0.000,0.000,0.000,0.000,0.000,0.000,0.000,true,true,true,true,true,true,false,false,true,true,false,false,0.03,0.00,0.01,0.01,--.--,--.--,0.15,0.17,9223372036854775808,0,--.--,--.--,--.--,--.--,--.--,0,0,0,0,37.4122952,-121.9985272,10SEG 88624 41081,0.7,1.1,12.3,3,10,--.--,--.--,,--.--,--.--,--.--,0,0,--.--,--.--,0,0.1,0.0,-29.9,-0.0,-0.0,0.1,0.0,-0.0,-29.9,-0.0,-0.0,0.1,--.--,--.--,--.--,--.--,0.5,0.0,253.2,0.1,-0.0,0.0,288.15,--.--,--.--,0,0,0.0,0.0,0.0,0,0,0,--.--,--.--,--.--
2026-07-09 16:06:12.544,0.1,0.0,253,0.2,-0.0,0.0,0.0,-0.9,0.000,-0.1,29.7,67.7,66.7,29.819,0.000,0.000,0.000,0.0,00:10:13,0.1,3.8,1,--.--,0,--.--,--.--,0000:32:26,73,0,0,1,1,15.30,-1.00,-181,--.--,50,--.--,--:--:--,1,-15.30,16:06:12,21:06:12,7/9/26,--.--,--.--,--.--,--.--,--.--,--.--,--.--,--.--,--.--,--.--,--.--,--.--,0,--.--,--.--,--.--,--.--,--.--,--.--,--.--,--.--,--.--,--.--,--.--,--.--,--.--,--.--,--.--,--.--,0,0.000,0.000,0.000,0.000,0.000,0.000,0.000,0.000,0.000,0.000,0.000,0.000,true,true,true,true,true,true,false,false,true,true,false,false,0.03,0.00,0.01,0.01,--.--,--.--,0.15,0.17,9223372036854775808,0,--.--,--.--,--.--,--.--,--.--,0,0,0,0,37.4122953,-121.9985266,10SEG 88624 41081,0.7,1.1,61.1,3,10,--.--,--.--,,--.--,--.--,--.--,0,0,--.--,--.--,0,0.1,0.1,-29.9,-0.0,0.0,0.1,0.0,-0.0,-29.9,-0.0,-0.0,0.1,--.--,--.--,--.--,--.--,0.3,0.0,253.2,0.6,-0.1,-0.0,288.15,--.--,--.--,0,0,0.0,0.0,0.0,0,0,0,--.--,--.--,--.--
2026-07-09 16:06:13.545,0.7,0.1,253,-0.3,-0.0,0.1,0.0,0.8,0.000,-0.1,29.7,67.7,66.7,29.838,0.000,0.000,0.000,0.0,00:10:14,0.2,3.8,1,--.--,0,--.--,--.--,0000:32:26,74,0,0,1,1,15.30,-1.00,-181,--.--,50,--.--,--:--:--,1,-15.30,16:06:13,21:06:13,7/9/26,--.--,--.--,--.--,--.--,--.--,--.--,--.--,--.--,--.--,--.--,--.--,--.--,0,--.--,--.--,--.--,--.--,--.--,--.--,--.--,--.--,--.--,--.--,--.--,--.--,--.--,--.--,--.--,--.--,0,0.000,0.000,0.000,0.000,0.000,0.000,0.000,0.000,0.000,0.000,0.000,0.000,true,true,true,true,true,true,false,false,true,true,false,false,0.04,0.01,0.01,0.01,--.--,--.--,0.15,0.17,9223372036854775808,0,--.--,--.--,--.--,--.--,--.--,0,0,0,0,37.4122955,-121.9985263,10SEG 88624 41081,0.7,1.1,74.0,3,10,--.--,--.--,,--.--,--.--,--.--,0,0,--.--,--.--,0,0.1,0.1,-30.0,-0.0,0.0,0.1,0.0,-0.0,-29.9,-0.1,-0.1,0.1,--.--,--.--,--.--,--.--,0.6,0.0,253.2,-0.7,-0.2,0.0,288.15,--.--,--.--,0,0,0.0,0.0,0.0,0,0,0,--.--,--.--,--.--
2026-07-09 16:06:14.544,0.3,-0.0,253,0.7,-0.0,0.0,0.0,-1.5,0.000,-0.1,29.7,67.7,66.7,29.852,0.000,0.000,0.000,0.0,00:10:15,0.2,4.9,1,--.--,0,--.--,--.--,0000:32:26,74,0,0,1,1,15.30,-1.00,-181,--.--,50,--.--,--:--:--,1,-15.30,16:06:14,21:06:14,7/9/26,--.--,--.--,--.--,--.--,--.--,--.--,--.--,--.--,--.--,--.--,--.--,--.--,0,--.--,--.--,--.--,--.--,--.--,--.--,--.--,--.--,--.--,--.--,--.--,--.--,--.--,--.--,--.--,--.--,0,0.000,0.000,0.000,0.000,0.000,0.000,0.000,0.000,0.000,0.000,0.000,0.000,true,true,true,true,true,true,false,false,true,true,false,false,0.04,0.01,0.01,0.01,--.--,--.--,0.15,0.17,9223372036854775808,0,--.--,--.--,--.--,--.--,--.--,0,0,0,0,37.4122957,-121.9985266,10SEG 88624 41081,0.7,1.1,245.8,3,10,--.--,--.--,,--.--,--.--,--.--,0,0,--.--,--.--,0,0.1,0.1,-30.0,-0.0,-0.0,0.1,0.0,-0.0,-29.9,-0.1,-0.1,0.1,--.--,--.--,--.--,--.--,0.5,-0.0,253.3,1.1,0.1,-0.0,288.15,--.--,--.--,0,0,0.0,0.0,0.0,0,0,0,--.--,--.--,--.--
2026-07-09 16:06:15.544,0.9,-0.0,253,-1.0,-0.0,0.0,0.1,-0.8,0.000,-0.1,29.7,67.7,66.7,29.862,0.000,0.000,0.000,0.0,00:10:16,0.1,2.0,1,--.--,0,--.--,--.--,0000:32:26,73,0,0,1,1,15.30,-1.00,-182,--.--,50,--.--,--:--:--,1,-15.30,16:06:15,21:06:15,7/9/26,--.--,--.--,--.--,--.--,--.--,--.--,--.--,--.--,--.--,--.--,--.--,--.--,0,--.--,--.--,--.--,--.--,--.--,--.--,--.--,--.--,--.--,--.--,--.--,--.--,--.--,--.--,--.--,--.--,0,0.000,0.000,0.000,0.000,0.000,0.000,0.000,0.000,0.000,0.000,0.000,0.000,true,true,true,true,true,true,false,false,true,true,false,false,0.04,0.01,0.01,0.01,--.--,--.--,0.15,0.17,9223372036854775808,0,--.--,--.--,--.--,--.--,--.--,0,0,0,0,37.4122954,-121.9985265,10SEG 88624 41081,0.7,1.1,274.8,3,10,--.--,--.--,,--.--,--.--,--.--,0,0,--.--,--.--,0,0.1,0.1,-30.0,-0.0,-0.0,0.1,0.0,-0.0,-29.9,-0.0,-0.1,0.1,--.--,--.--,--.--,--.--,0.6,-0.0,253.3,-1.7,0.1,-0.0,288.15,--.--,--.--,0,0,0.0,0.0,0.0,0,0,0,--.--,--.--,--.--
2026-07-09 16:06:16.544,0.2,-0.0,253,0.8,0.1,-0.1,0.0,-2.1,0.000,-0.1,29.7,67.7,66.7,29.854,0.000,0.000,0.000,0.0,00:10:17,0.1,1.9,1,--.--,0,--.--,--.--,0000:32:26,73,0,0,1,1,15.30,-1.00,-182,--.--,50,--.--,--:--:--,1,-15.30,16:06:16,21:06:16,7/9/26,--.--,--.--,--.--,--.--,--.--,--.--,--.--,--.--,--.--,--.--,--.--,--.--,0,--.--,--.--,--.--,--.--,--.--,--.--,--.--,--.--,--.--,--.--,--.--,--.--,--.--,--.--,--.--,--.--,0,0.000,0.000,0.000,0.000,0.000,0.000,0.000,0.000,0.000,0.000,0.000,0.000,true,true,true,true,true,true,false,false,true,true,false,false,0.04,0.01,0.01,0.01,--.--,--.--,0.15,0.17,9223372036854775808,0,--.--,--.--,--.--,--.--,--.--,0,0,0,0,37.4122957,-121.9985276,10SEG 88624 41081,0.7,1.1,253.8,3,10,--.--,--.--,,--.--,--.--,--.--,0,0,--.--,--.--,0,0.1,0.0,-30.0,-0.0,-0.0,0.1,0.0,-0.0,-29.9,-0.0,-0.0,0.1,--.--,--.--,--.--,--.--,0.5,0.0,253.3,1.2,0.2,0.0,288.15,--.--,--.--,0,0,0.0,0.0,0.0,0,0,0,--.--,--.--,--.--
2026-07-09 16:06:17.544,0.5,0.0,253,-1.2,-0.0,-0.0,0.0,1.2,0.000,-0.1,29.7,67.7,66.7,29.850,0.000,0.000,0.000,0.0,00:10:18,0.1,1.3,1,--.--,0,--.--,--.--,0000:32:26,73,0,0,1,1,15.30,-1.00,-182,--.--,50,--.--,--:--:--,1,-15.30,16:06:17,21:06:17,7/9/26,--.--,--.--,--.--,--.--,--.--,--.--,--.--,--.--,--.--,--.--,--.--,--.--,0,--.--,--.--,--.--,--.--,--.--,--.--,--.--,--.--,--.--,--.--,--.--,--.--,--.--,--.--,--.--,--.--,0,0.000,0.000,0.000,0.000,0.000,0.000,0.000,0.000,0.000,0.000,0.000,0.000,true,true,true,true,true,true,false,false,true,true,false,false,0.05,0.01,0.01,0.02,--.--,--.--,0.15,0.17,9223372036854775808,0,--.--,--.--,--.--,--.--,--.--,0,0,0,0,37.4122952,-121.9985284,10SEG 88624 41081,0.7,1.1,354.5,3,10,--.--,--.--,,--.--,--.--,--.--,0,0,--.--,--.--,0,0.1,-0.0,-30.0,-0.0,0.0,0.1,0.0,-0.0,-29.9,-0.0,0.0,0.1,--.--,--.--,--.--,--.--,0.2,0.0,253.2,-1.3,-0.0,0.0,288.15,--.--,--.--,0,0,0.0,0.0,0.0,0,0,0,--.--,--.--,--.--
2026-07-09 16:06:18.544,0.8,0.0,253,1.2,0.1,-0.1,0.1,-1.0,0.000,-0.1,29.7,67.7,66.7,29.862,0.000,0.000,0.000,0.0,00:10:19,0.1,0.7,1,--.--,0,--.--,--.--,0000:32:26,73,0,0,1,1,15.30,-1.00,-182,--.--,50,--.--,--:--:--,1,-15.30,16:06:18,21:06:18,7/9/26,--.--,--.--,--.--,--.--,--.--,--.--,--.--,--.--,--.--,--.--,--.--,--.--,0,--.--,--.--,--.--,--.--,--.--,--.--,--.--,--.--,--.--,--.--,--.--,--.--,--.--,--.--,--.--,--.--,0,0.000,0.000,0.000,0.000,0.000,0.000,0.000,0.000,0.000,0.000,0.000,0.000,true,true,true,true,true,true,false,false,true,true,false,false,0.05,0.01,0.01,0.02,--.--,--.--,0.15,0.17,9223372036854775808,0,--.--,--.--,--.--,--.--,--.--,0,0,0,0,37.4122951,-121.9985275,10SEG 88624 41081,0.7,1.1,102.8,3,10,--.--,--.--,,--.--,--.--,--.--,0,0,--.--,--.--,0,0.1,0.0,-30.0,-0.0,0.1,0.1,0.0,-0.0,-29.9,-0.0,-0.0,0.1,--.--,--.--,--.--,--.--,1.0,0.0,253.2,0.7,-0.1,0.0,288.15,--.--,--.--,0,0,0.0,0.0,0.0,0,0,0,--.--,--.--,--.--
2026-07-09 16:06:19.544,0.4,-0.0,253,-0.6,-0.0,0.1,0.1,1.5,0.000,-0.1,29.7,67.7,66.7,29.872,0.000,0.000,0.000,0.0,00:10:20,0.1,1.7,1,--.--,0,--.--,--.--,0000:32:26,74,0,0,1,1,15.30,-1.00,-183,--.--,50,--.--,--:--:--,1,-15.30,16:06:19,21:06:19,7/9/26,--.--,--.--,--.--,--.--,--.--,--.--,--.--,--.--,--.--,--.--,--.--,--.--,0,--.--,--.--,--.--,--.--,--.--,--.--,--.--,--.--,--.--,--.--,--.--,--.--,--.--,--.--,--.--,--.--,0,0.000,0.000,0.000,0.000,0.000,0.000,0.000,0.000,0.000,0.000,0.000,0.000,true,true,true,true,true,true,false,false,true,true,false,false,0.05,0.00,0.02,0.01,--.--,--.--,0.15,0.17,9223372036854775808,0,--.--,--.--,--.--,--.--,--.--,0,0,0,0,37.4122954,-121.9985269,10SEG 88624 41081,0.7,1.1,46.0,3,10,--.--,--.--,,--.--,--.--,--.--,0,0,--.--,--.--,0,0.1,0.1,-30.0,0.0,0.1,0.1,0.0,-0.0,-29.9,-0.0,-0.1,0.1,--.--,--.--,--.--,--.--,0.3,-0.0,253.1,-0.4,0.0,-0.0,288.15,--.--,--.--,0,0,0.0,0.0,0.0,0,0,0,--.--,--.--,--.--
2026-07-09 16:06:20.544,0.9,-0.0,253,1.0,0.0,-0.0,0.0,1.5,0.000,-0.1,29.8,67.7,66.7,29.893,0.000,0.000,0.000,0.0,00:10:21,0.2,3.4,1,--.--,0,--.--,--.--,0000:32:26,73,0,0,1,1,15.30,-1.00,-183,--.--,50,--.--,--:--:--,1,-15.30,16:06:20,21:06:20,7/9/26,--.--,--.--,--.--,--.--,--.--,--.--,--.--,--.--,--.--,--.--,--.--,--.--,0,--.--,--.--,--.--,--.--,--.--,--.--,--.--,--.--,--.--,--.--,--.--,--.--,--.--,--.--,--.--,--.--,0,0.000,0.000,0.000,0.000,0.000,0.000,0.000,0.000,0.000,0.000,0.000,0.000,true,true,true,true,true,true,false,false,true,true,false,false,0.05,0.00,0.02,0.01,--.--,--.--,0.15,0.17,9223372036854775808,0,--.--,--.--,--.--,--.--,--.--,0,0,0,0,37.4122952,-121.9985262,10SEG 88624 41081,0.7,1.1,131.7,3,10,--.--,--.--,,--.--,--.--,--.--,0,0,--.--,--.--,0,0.1,0.1,-30.0,-0.0,0.0,0.1,0.0,-0.0,-29.9,-0.0,-0.1,0.2,--.--,--.--,--.--,--.--,1.0,0.0,253.2,0.8,0.1,0.0,288.15,--.--,--.--,0,0,0.0,0.0,0.0,0,0,0,--.--,--.--,--.--
2026-07-09 16:06:21.544,0.6,-0.0,253,-1.0,-0.1,0.1,0.0,0.7,0.000,-0.1,29.8,67.7,66.7,29.887,0.000,0.000,0.000,0.0,00:10:22,0.1,5.4,1,--.--,0,--.--,--.--,0000:32:26,73,0,0,1,1,15.30,-1.00,-183,--.--,50,--.--,--:--:--,1,-15.30,16:06:21,21:06:21,7/9/26,--.--,--.--,--.--,--.--,--.--,--.--,--.--,--.--,--.--,--.--,--.--,--.--,0,--.--,--.--,--.--,--.--,--.--,--.--,--.--,--.--,--.--,--.--,--.--,--.--,--.--,--.--,--.--,--.--,0,0.000,0.000,0.000,0.000,0.000,0.000,0.000,0.000,0.000,0.000,0.000,0.000,true,true,true,true,true,true,false,false,true,true,false,false,0.05,0.00,0.02,0.01,--.--,--.--,0.15,0.17,9223372036854775808,0,--.--,--.--,--.--,--.--,--.--,0,0,0,0,37.4122952,-121.9985261,10SEG 88624 41081,0.7,1.1,233.3,3,10,--.--,--.--,,--.--,--.--,--.--,0,0,--.--,--.--,0,0.1,0.1,-30.0,0.0,-0.0,0.1,0.0,-0.0,-29.9,-0.0,-0.1,0.2,--.--,--.--,--.--,--.--,0.4,-0.0,253.2,-0.7,0.1,-0.0,288.15,--.--,--.--,0,0,0.0,0.0,0.0,0,0,0,--.--,--.--,--.--
2026-07-09 16:06:22.544,0.7,-0.0,253,-0.3,0.0,-0.0,0.0,-1.8,0.000,-0.2,29.8,67.7,66.7,29.881,0.000,0.000,0.000,0.0,00:10:23,0.1,2.7,1,--.--,0,--.--,--.--,0000:32:26,73,0,0,1,1,15.30,-1.00,-183,--.--,50,--.--,--:--:--,1,-15.30,16:06:22,21:06:22,7/9/26,--.--,--.--,--.--,--.--,--.--,--.--,--.--,--.--,--.--,--.--,--.--,--.--,0,--.--,--.--,--.--,--.--,--.--,--.--,--.--,--.--,--.--,--.--,--.--,--.--,--.--,--.--,--.--,--.--,0,0.000,0.000,0.000,0.000,0.000,0.000,0.000,0.000,0.000,0.000,0.000,0.000,true,true,true,true,true,true,false,false,true,true,false,false,0.05,0.00,0.02,0.01,--.--,--.--,0.15,0.17,9223372036854775808,0,--.--,--.--,--.--,--.--,--.--,0,0,0,0,37.4122952,-121.9985267,10SEG 88624 41081,0.7,1.1,235.5,3,10,--.--,--.--,,--.--,--.--,--.--,0,0,--.--,--.--,0,0.1,0.1,-30.0,-0.0,-0.0,0.2,0.0,-0.0,-29.9,-0.0,-0.1,0.1,--.--,--.--,--.--,--.--,0.6,0.0,253.2,-0.8,0.1,0.0,288.15,--.--,--.--,0,0,0.0,0.0,0.0,0,0,0,--.--,--.--,--.--
2026-07-09 16:06:23.545,0.7,-0.0,253,0.4,0.0,-0.1,0.0,0.9,0.000,-0.2,29.7,67.7,66.7,29.877,0.000,0.000,0.000,0.0,00:10:24,0.1,11.5,1,--.--,0,--.--,--.--,0000:32:26,72,0,0,1,1,15.30,-1.00,-184,--.--,50,--.--,--:--:--,1,-15.30,16:06:23,21:06:23,7/9/26,--.--,--.--,--.--,--.--,--.--,--.--,--.--,--.--,--.--,--.--,--.--,--.--,0,--.--,--.--,--.--,--.--,--.--,--.--,--.--,--.--,--.--,--.--,--.--,--.--,--.--,--.--,--.--,--.--,0,0.000,0.000,0.000,0.000,0.000,0.000,0.000,0.000,0.000,0.000,0.000,0.000,true,true,true,true,true,true,false,false,true,true,false,false,0.05,0.00,0.02,0.01,--.--,--.--,0.15,0.17,9223372036854775808,0,--.--,--.--,--.--,--.--,--.--,0,0,0,0,37.4122949,-121.9985267,10SEG 88624 41081,0.7,1.1,215.0,3,10,--.--,--.--,,--.--,--.--,--.--,0,0,--.--,--.--,0,0.1,0.0,-30.0,-0.0,0.0,0.2,0.0,-0.0,-29.9,-0.0,-0.0,0.1,--.--,--.--,--.--,--.--,0.7,-0.0,253.2,0.4,0.1,0.0,288.15,--.--,--.--,0,0,0.0,0.0,0.0,0,0,0,--.--,--.--,--.--
2026-07-09 16:06:24.544,0.7,0.0,253,-0.6,-0.0,0.0,0.0,-1.0,0.000,-0.1,29.7,67.7,66.7,29.877,0.000,0.000,0.000,0.0,00:10:25,0.1,3.1,1,--.--,0,--.--,--.--,0000:32:26,73,0,0,1,1,15.30,-1.00,-184,--.--,50,--.--,--:--:--,1,-15.30,16:06:24,21:06:24,7/9/26,--.--,--.--,--.--,--.--,--.--,--.--,--.--,--.--,--.--,--.--,--.--,--.--,0,--.--,--.--,--.--,--.--,--.--,--.--,--.--,--.--,--.--,--.--,--.--,--.--,--.--,--.--,--.--,--.--,0,0.000,0.000,0.000,0.000,0.000,0.000,0.000,0.000,0.000,0.000,0.000,0.000,true,true,true,true,true,true,false,false,true,true,false,false,0.05,0.00,0.02,0.01,--.--,--.--,0.15,0.17,9223372036854775808,0,--.--,--.--,--.--,--.--,--.--,0,0,0,0,37.4122947,-121.9985266,10SEG 88624 41081,0.7,1.1,51.0,3,10,--.--,--.--,,--.--,--.--,--.--,0,0,--.--,--.--,0,0.0,0.1,-30.0,0.0,0.0,0.1,0.0,-0.0,-29.9,-0.0,-0.1,0.1,--.--,--.--,--.--,--.--,0.6,0.0,253.1,-0.8,-0.1,0.0,288.15,--.--,--.--,0,0,0.0,0.0,0.0,0,0,0,--.--,--.--,--.--
2026-07-09 16:06:25.545,0.2,-0.0,253,0.2,-0.0,0.0,0.0,-0.8,0.000,-0.1,29.8,67.7,66.7,29.883,0.000,0.000,0.000,0.0,00:10:26,0.1,3.7,1,--.--,0,--.--,--.--,0000:32:26,73,0,0,1,1,15.30,-1.00,-185,--.--,50,--.--,--:--:--,1,-15.30,16:06:25,21:06:25,7/9/26,--.--,--.--,--.--,--.--,--.--,--.--,--.--,--.--,--.--,--.--,--.--,--.--,0,--.--,--.--,--.--,--.--,--.--,--.--,--.--,--.--,--.--,--.--,--.--,--.--,--.--,--.--,--.--,--.--,0,0.000,0.000,0.000,0.000,0.000,0.000,0.000,0.000,0.000,0.000,0.000,0.000,true,true,true,true,true,true,false,false,true,true,false,false,0.05,0.00,0.02,0.01,--.--,--.--,0.15,0.17,9223372036854775808,0,--.--,--.--,--.--,--.--,--.--,0,0,0,0,37.4122956,-121.9985266,10SEG 88624 41081,0.7,1.1,60.6,3,10,--.--,--.--,,--.--,--.--,--.--,0,0,--.--,--.--,0,0.1,0.1,-30.0,0.0,0.0,0.1,0.0,-0.0,-29.9,-0.0,-0.1,0.2,--.--,--.--,--.--,--.--,0.3,0.0,253.2,0.5,0.0,-0.0,288.15,--.--,--.--,0,0,0.0,0.0,0.0,0,0,0,--.--,--.--,--.--
2026-07-09 16:06:26.545,0.7,-0.0,253,0.6,0.0,0.0,0.0,0.8,0.000,-0.1,29.8,67.7,66.7,29.886,0.000,0.000,0.000,0.0,00:10:27,0.2,6.7,1,--.--,0,--.--,--.--,0000:32:26,73,0,0,1,1,15.30,-1.00,-185,--.--,50,--.--,--:--:--,1,-15.30,16:06:26,21:06:26,7/9/26,--.--,--.--,--.--,--.--,--.--,--.--,--.--,--.--,--.--,--.--,--.--,--.--,0,--.--,--.--,--.--,--.--,--.--,--.--,--.--,--.--,--.--,--.--,--.--,--.--,--.--,--.--,--.--,--.--,0,0.000,0.000,0.000,0.000,0.000,0.000,0.000,0.000,0.000,0.000,0.000,0.000,true,true,true,true,true,true,false,false,true,true,false,false,0.05,0.00,0.02,0.01,--.--,--.--,0.15,0.17,9223372036854775808,0,--.--,--.--,--.--,--.--,--.--,0,0,0,0,37.4122950,-121.9985262,10SEG 88624 41081,0.7,1.1,176.1,3,10,--.--,--.--,,--.--,--.--,--.--,0,0,--.--,--.--,0,0.1,0.1,-30.0,-0.0,-0.0,0.1,0.0,-0.0,-29.9,-0.0,-0.1,0.2,--.--,--.--,--.--,--.--,0.8,0.0,253.2,0.6,0.0,-0.0,288.15,--.--,--.--,0,0,0.0,0.0,0.0,0,0,0,--.--,--.--,--.--
2026-07-09 16:06:27.545,1.0,-0.0,253,-0.6,-0.0,0.1,0.0,0.6,0.000,-0.1,29.8,67.7,66.7,29.878,0.000,0.000,0.000,0.0,00:10:28,0.1,3.9,1,--.--,0,--.--,--.--,0000:32:26,73,0,0,1,1,15.30,-1.00,-185,--.--,50,--.--,--:--:--,1,-15.30,16:06:27,21:06:27,7/9/26,--.--,--.--,--.--,--.--,--.--,--.--,--.--,--.--,--.--,--.--,--.--,--.--,0,--.--,--.--,--.--,--.--,--.--,--.--,--.--,--.--,--.--,--.--,--.--,--.--,--.--,--.--,--.--,--.--,0,0.000,0.000,0.000,0.000,0.000,0.000,0.000,0.000,0.000,0.000,0.000,0.000,true,true,true,true,true,true,false,false,true,true,false,false,0.04,0.00,0.01,0.01,--.--,--.--,0.15,0.17,9223372036854775808,0,--.--,--.--,--.--,--.--,--.--,0,0,0,0,37.4122948,-121.9985266,10SEG 88624 41081,0.7,1.1,245.9,3,10,--.--,--.--,,--.--,--.--,--.--,0,0,--.--,--.--,0,0.0,0.1,-30.0,0.0,-0.0,0.2,0.0,-0.0,-29.9,-0.0,-0.1,0.1,--.--,--.--,--.--,--.--,0.8,0.0,253.2,-1.0,0.0,0.0,288.15,--.--,--.--,0,0,0.0,0.0,0.0,0,0,0,--.--,--.--,--.--
2026-07-09 16:06:28.545,0.1,-0.0,253,0.1,0.1,0.0,0.0,-0.2,0.000,-0.2,29.7,67.7,66.7,29.868,0.000,0.000,0.000,0.0,00:10:29,0.1,2.0,1,--.--,0,--.--,--.--,0000:32:26,72,0,0,1,1,15.30,-1.00,-185,--.--,50,--.--,--:--:--,1,-15.30,16:06:28,21:06:28,7/9/26,--.--,--.--,--.--,--.--,--.--,--.--,--.--,--.--,--.--,--.--,--.--,--.--,0,--.--,--.--,--.--,--.--,--.--,--.--,--.--,--.--,--.--,--.--,--.--,--.--,--.--,--.--,--.--,--.--,0,0.000,0.000,0.000,0.000,0.000,0.000,0.000,0.000,0.000,0.000,0.000,0.000,true,true,true,true,true,true,false,false,true,true,false,false,0.04,0.00,0.01,0.01,--.--,--.--,0.15,0.17,9223372036854775808,0,--.--,--.--,--.--,--.--,--.--,0,0,0,0,37.4122954,-121.9985266,10SEG 88624 41081,0.7,1.1,258.8,3,10,--.--,--.--,,--.--,--.--,--.--,0,0,--.--,--.--,0,0.1,0.0,-30.0,-0.0,-0.0,0.2,0.0,-0.0,-29.9,-0.0,-0.0,0.1,--.--,--.--,--.--,--.--,0.2,0.0,253.2,0.6,0.1,-0.0,288.15,--.--,--.--,0,0,0.0,0.0,0.0,0,0,0,--.--,--.--,--.--
2026-07-09 16:06:29.546,0.8,0.1,253,-0.2,-0.0,-0.1,0.0,2.0,0.000,-0.1,29.7,67.7,66.7,29.866,0.000,0.000,0.000,0.0,00:10:30,0.1,4.7,1,--.--,0,--.--,--.--,0000:32:26,73,0,0,1,1,15.30,-1.00,-186,--.--,50,--.--,--:--:--,1,-15.30,16:06:29,21:06:29,7/9/26,--.--,--.--,--.--,--.--,--.--,--.--,--.--,--.--,--.--,--.--,--.--,--.--,0,--.--,--.--,--.--,--.--,--.--,--.--,--.--,--.--,--.--,--.--,--.--,--.--,--.--,--.--,--.--,--.--,0,0.000,0.000,0.000,0.000,0.000,0.000,0.000,0.000,0.000,0.000,0.000,0.000,true,true,true,true,true,true,false,false,true,true,false,false,0.05,0.01,0.02,0.02,--.--,--.--,0.15,0.17,9223372036854775808,0,--.--,--.--,--.--,--.--,--.--,0,0,0,0,37.4122954,-121.9985268,10SEG 88624 41081,0.7,1.1,155.6,3,10,--.--,--.--,,--.--,--.--,--.--,0,0,--.--,--.--,0,0.1,0.1,-30.0,0.0,0.0,0.1,0.0,-0.0,-29.9,-0.0,-0.1,0.1,--.--,--.--,--.--,--.--,0.7,0.0,253.2,-0.7,-0.2,0.0,288.15,--.--,--.--,0,0,0.0,0.0,0.0,0,0,0,--.--,--.--,--.--
2026-07-09 16:06:30.546,0.1,0.0,253,-0.2,-0.0,0.1,0.0,1.7,0.000,-0.1,29.7,67.7,66.7,29.884,0.000,0.000,0.000,0.0,00:10:31,0.1,4.1,1,--.--,0,--.--,--.--,0000:32:26,73,0,0,1,1,15.30,-1.00,-186,--.--,50,--.--,--:--:--,1,-15.30,16:06:30,21:06:30,7/9/26,--.--,--.--,--.--,--.--,--.--,--.--,--.--,--.--,--.--,--.--,--.--,--.--,0,--.--,--.--,--.--,--.--,--.--,--.--,--.--,--.--,--.--,--.--,--.--,--.--,--.--,--.--,--.--,--.--,0,0.000,0.000,0.000,0.000,0.000,0.000,0.000,0.000,0.000,0.000,0.000,0.000,true,true,true,true,true,true,false,false,true,true,false,false,0.05,0.01,0.02,0.02,--.--,--.--,0.15,0.17,9223372036854775808,0,--.--,--.--,--.--,--.--,--.--,0,0,0,0,37.4122953,-121.9985260,10SEG 88624 41081,0.7,1.1,39.6,3,10,--.--,--.--,,--.--,--.--,--.--,0,0,--.--,--.--,0,0.1,0.1,-30.0,-0.0,0.0,0.1,0.0,-0.0,-29.9,-0.0,-0.1,0.2,--.--,--.--,--.--,--.--,0.1,-0.0,253.2,0.2,-0.0,-0.0,288.15,--.--,--.--,0,0,0.0,0.0,0.0,0,0,0,--.--,--.--,--.--
2026-07-09 16:06:31.546,1.2,0.1,253,0.6,0.0,-0.0,0.0,-0.9,0.000,-0.1,29.8,67.7,66.7,29.888,0.000,0.000,0.000,0.0,00:10:32,0.2,4.5,1,--.--,0,--.--,--.--,0000:32:26,74,0,0,1,1,15.30,-1.00,-186,--.--,50,--.--,--:--:--,1,-15.30,16:06:31,21:06:31,7/9/26,--.--,--.--,--.--,--.--,--.--,--.--,--.--,--.--,--.--,--.--,--.--,--.--,0,--.--,--.--,--.--,--.--,--.--,--.--,--.--,--.--,--.--,--.--,--.--,--.--,--.--,--.--,--.--,--.--,0,0.000,0.000,0.000,0.000,0.000,0.000,0.000,0.000,0.000,0.000,0.000,0.000,true,true,true,true,true,true,false,false,true,true,false,false,0.05,0.01,0.02,0.02,--.--,--.--,0.15,0.17,9223372036854775808,0,--.--,--.--,--.--,--.--,--.--,0,0,0,0,37.4122953,-121.9985259,10SEG 88624 41081,0.7,1.1,143.6,3,10,--.--,--.--,,--.--,--.--,--.--,0,0,--.--,--.--,0,0.1,0.1,-30.0,-0.0,0.0,0.2,0.0,-0.0,-29.9,-0.0,-0.1,0.2,--.--,--.--,--.--,--.--,1.1,-0.0,253.2,-0.2,-0.3,0.2,288.15,--.--,--.--,0,0,0.0,0.0,0.0,0,0,0,--.--,--.--,--.--
2026-07-09 16:06:32.546,0.3,-0.0,253,-0.4,-0.1,0.2,0.0,-1.3,0.000,-0.2,29.8,67.8,66.7,29.909,0.000,0.000,0.000,0.0,00:10:33,0.1,3.5,1,--.--,0,--.--,--.--,0000:32:26,73,0,0,1,1,15.30,-1.00,-186,--.--,50,--.--,--:--:--,1,-15.30,16:06:32,21:06:32,7/9/26,--.--,--.--,--.--,--.--,--.--,--.--,--.--,--.--,--.--,--.--,--.--,--.--,0,--.--,--.--,--.--,--.--,--.--,--.--,--.--,--.--,--.--,--.--,--.--,--.--,--.--,--.--,--.--,--.--,0,0.000,0.000,0.000,0.000,0.000,0.000,0.000,0.000,0.000,0.000,0.000,0.000,true,true,true,true,true,true,false,false,true,true,false,false,0.05,0.01,0.02,0.02,--.--,--.--,0.15,0.17,9223372036854775808,0,--.--,--.--,--.--,--.--,--.--,0,0,0,0,37.4122952,-121.9985263,10SEG 88624 41081,0.7,1.1,258.5,3,10,--.--,--.--,,--.--,--.--,--.--,0,0,--.--,--.--,0,0.1,0.1,-30.0,0.0,-0.1,0.2,0.0,-0.0,-29.9,-0.0,-0.1,0.2,--.--,--.--,--.--,--.--,0.3,-0.0,253.3,-0.1,0.2,-0.0,288.15,--.--,--.--,0,0,0.0,0.0,0.0,0,0,0,--.--,--.--,--.--
2026-07-09 16:06:33.546,0.7,-0.0,253,0.8,0.1,-0.1,0.1,-1.3,0.000,-0.2,29.8,67.8,66.7,29.914,0.000,0.000,0.000,0.0,00:10:34,0.1,1.7,1,--.--,0,--.--,--.--,0000:32:26,72,0,0,1,1,15.30,-1.00,-187,--.--,50,--.--,--:--:--,1,-15.30,16:06:33,21:06:33,7/9/26,--.--,--.--,--.--,--.--,--.--,--.--,--.--,--.--,--.--,--.--,--.--,--.--,0,--.--,--.--,--.--,--.--,--.--,--.--,--.--,--.--,--.--,--.--,--.--,--.--,--.--,--.--,--.--,--.--,0,0.000,0.000,0.000,0.000,0.000,0.000,0.000,0.000,0.000,0.000,0.000,0.000,true,true,true,true,true,true,false,false,true,true,false,false,0.07,0.01,0.02,0.01,--.--,--.--,0.15,0.17,9223372036854775808,0,--.--,--.--,--.--,--.--,--.--,0,0,0,0,37.4122954,-121.9985268,10SEG 88624 41081,0.7,1.1,214.5,3,10,--.--,--.--,,--.--,--.--,--.--,0,0,--.--,--.--,0,0.1,0.1,-30.0,-0.0,-0.0,0.2,0.0,-0.0,-29.9,-0.0,-0.0,0.2,--.--,--.--,--.--,--.--,0.8,-0.0,253.4,0.6,0.1,0.0,288.15,--.--,--.--,0,0,0.0,0.0,0.0,0,0,0,--.--,--.--,--.--
2026-07-09 16:06:34.546,0.5,0.0,253,-0.6,-0.0,-0.0,0.0,1.7,0.000,-0.2,29.8,67.8,66.7,29.901,0.000,0.000,0.000,0.0,00:10:35,0.1,6.4,1,--.--,0,--.--,--.--,0000:32:26,73,0,0,1,1,15.30,-1.00,-187,--.--,50,--.--,--:--:--,1,-15.30,16:06:34,21:06:34,7/9/26,--.--,--.--,--.--,--.--,--.--,--.--,--.--,--.--,--.--,--.--,--.--,--.--,0,--.--,--.--,--.--,--.--,--.--,--.--,--.--,--.--,--.--,--.--,--.--,--.--,--.--,--.--,--.--,--.--,0,0.000,0.000,0.000,0.000,0.000,0.000,0.000,0.000,0.000,0.000,0.000,0.000,true,true,true,true,true,true,false,false,true,true,false,false,0.07,0.01,0.02,0.01,--.--,--.--,0.15,0.17,9223372036854775808,0,--.--,--.--,--.--,--.--,--.--,0,0,0,0,37.4122951,-121.9985266,10SEG 88624 41081,0.7,1.1,58.0,3,10,--.--,--.--,,--.--,--.--,--.--,0,0,--.--,--.--,0,0.1,0.1,-30.0,0.0,0.0,0.2,0.0,-0.0,-29.9,-0.0,-0.1,0.2,--.--,--.--,--.--,--.--,0.4,0.0,253.3,-0.6,-0.2,0.0,288.15,--.--,--.--,0,0,0.0,0.0,0.0,0,0,0,--.--,--.--,--.--
2026-07-09 16:06:35.547,0.6,0.1,253,0.8,0.0,-0.1,0.0,-0.7,0.000,-0.2,29.8,67.8,66.7,29.909,0.000,0.000,0.000,0.0,00:10:36,0.1,7.1,1,--.--,0,--.--,--.--,0000:32:26,74,0,0,1,1,15.30,-1.00,-187,--.--,50,--.--,--:--:--,1,-15.30,16:06:35,21:06:35,7/9/26,--.--,--.--,--.--,--.--,--.--,--.--,--.--,--.--,--.--,--.--,--.--,--.--,0,--.--,--.--,--.--,--.--,--.--,--.--,--.--,--.--,--.--,--.--,--.--,--.--,--.--,--.--,--.--,--.--,0,0.000,0.000,0.000,0.000,0.000,0.000,0.000,0.000,0.000,0.000,0.000,0.000,true,true,true,true,true,true,false,false,true,true,false,false,0.07,0.00,0.02,0.00,--.--,--.--,0.15,0.17,9223372036854775808,0,--.--,--.--,--.--,--.--,--.--,0,0,0,0,37.4122951,-121.9985264,10SEG 88624 41081,0.7,1.1,121.8,3,10,--.--,--.--,,--.--,--.--,--.--,0,0,--.--,--.--,0,0.1,0.1,-30.0,-0.0,0.0,0.2,0.0,-0.0,-29.9,-0.0,-0.1,0.2,--.--,--.--,--.--,--.--,0.7,0.0,253.3,0.8,-0.3,0.0,288.15,--.--,--.--,0,0,0.0,0.0,0.0,0,0,0,--.--,--.--,--.--
2026-07-09 16:06:36.547,0.5,0.0,253,-0.5,-0.1,0.1,0.0,0.5,0.000,-0.2,29.8,67.8,66.7,29.932,0.000,0.000,0.000,0.0,00:10:37,0.2,11.0,1,--.--,0,--.--,--.--,0000:32:26,74,0,0,1,1,15.30,-1.00,-187,--.--,50,--.--,--:--:--,1,-15.30,16:06:36,21:06:36,7/9/26,--.--,--.--,--.--,--.--,--.--,--.--,--.--,--.--,--.--,--.--,--.--,--.--,0,--.--,--.--,--.--,--.--,--.--,--.--,--.--,--.--,--.--,--.--,--.--,--.--,--.--,--.--,--.--,--.--,0,0.000,0.000,0.000,0.000,0.000,0.000,0.000,0.000,0.000,0.000,0.000,0.000,true,true,true,true,true,true,false,false,true,true,false,false,0.07,0.00,0.02,0.00,--.--,--.--,0.15,0.17,9223372036854775808,0,--.--,--.--,--.--,--.--,--.--,0,0,0,0,37.4122951,-121.9985259,10SEG 88624 41081,0.7,1.1,335.9,3,10,--.--,--.--,,--.--,--.--,--.--,0,0,--.--,--.--,0,0.1,0.1,-30.1,0.0,-0.0,0.2,0.0,-0.0,-29.9,-0.0,-0.1,0.2,--.--,--.--,--.--,--.--,0.4,0.0,253.3,-0.4,-0.2,-0.0,288.15,--.--,--.--,0,0,0.0,0.0,0.0,0,0,0,--.--,--.--,--.--
2026-07-09 16:06:37.547,0.5,0.0,253,0.1,-0.0,0.0,0.0,1.8,0.000,-0.2,29.8,67.8,66.7,29.961,0.000,0.000,0.000,0.0,00:10:38,0.2,3.6,1,--.--,0,--.--,--.--,0000:32:26,74,0,0,1,1,15.30,-1.00,-188,--.--,50,--.--,--:--:--,1,-15.30,16:06:37,21:06:37,7/9/26,--.--,--.--,--.--,--.--,--.--,--.--,--.--,--.--,--.--,--.--,--.--,--.--,0,--.--,--.--,--.--,--.--,--.--,--.--,--.--,--.--,--.--,--.--,--.--,--.--,--.--,--.--,--.--,--.--,0,0.000,0.000,0.000,0.000,0.000,0.000,0.000,0.000,0.000,0.000,0.000,0.000,true,true,true,true,true,true,false,false,true,true,false,false,0.08,0.00,0.03,0.00,--.--,--.--,0.15,0.17,9223372036854775808,0,--.--,--.--,--.--,--.--,--.--,0,0,0,0,37.4122953,-121.9985255,10SEG 88625 41081,0.7,1.1,66.3,3,10,--.--,--.--,,--.--,--.--,--.--,0,0,--.--,--.--,0,0.1,0.1,-30.1,-0.0,-0.0,0.2,0.0,-0.0,-29.9,-0.0,-0.1,0.2,--.--,--.--,--.--,--.--,0.5,0.0,253.4,-0.0,-0.1,-0.0,288.15,--.--,--.--,0,0,0.0,0.0,0.0,0,0,0,--.--,--.--,--.--
2026-07-09 16:06:38.547,0.7,0.0,253,0.0,-0.0,-0.0,0.0,1.2,0.000,-0.2,29.8,67.8,66.7,29.979,0.000,0.000,0.000,0.0,00:10:39,0.2,3.6,1,--.--,0,--.--,--.--,0000:32:26,74,0,0,1,1,15.30,-1.00,-188,--.--,50,--.--,--:--:--,1,-15.30,16:06:38,21:06:38,7/9/26,--.--,--.--,--.--,--.--,--.--,--.--,--.--,--.--,--.--,--.--,--.--,--.--,0,--.--,--.--,--.--,--.--,--.--,--.--,--.--,--.--,--.--,--.--,--.--,--.--,--.--,--.--,--.--,--.--,0,0.000,0.000,0.000,0.000,0.000,0.000,0.000,0.000,0.000,0.000,0.000,0.000,true,true,true,true,true,true,false,false,true,true,false,false,0.08,0.00,0.03,0.00,--.--,--.--,0.15,0.17,9223372036854775808,0,--.--,--.--,--.--,--.--,--.--,0,0,0,0,37.4122950,-121.9985258,10SEG 88625 41081,0.7,1.1,258.0,3,10,--.--,--.--,,--.--,--.--,--.--,0,0,--.--,--.--,0,0.1,0.1,-30.1,-0.0,-0.1,0.2,0.0,-0.0,-29.9,-0.0,-0.1,0.2,--.--,--.--,--.--,--.--,0.7,0.0,253.4,-0.1,-0.0,0.0,288.15,--.--,--.--,0,0,0.0,0.0,0.0,0,0,0,--.--,--.--,--.--
2026-07-09 16:06:39.548,0.3,0.0,253,-0.2,-0.1,0.0,0.1,0.8,0.000,-0.3,29.9,67.8,66.7,29.980,0.000,0.000,0.000,0.0,00:10:40,0.1,2.1,1,--.--,0,--.--,--.--,0000:32:26,73,0,0,1,1,15.30,-1.00,-188,--.--,50,--.--,--:--:--,1,-15.30,16:06:39,21:06:39,7/9/26,--.--,--.--,--.--,--.--,--.--,--.--,--.--,--.--,--.--,--.--,--.--,--.--,0,--.--,--.--,--.--,--.--,--.--,--.--,--.--,--.--,--.--,--.--,--.--,--.--,--.--,--.--,--.--,--.--,0,0.000,0.000,0.000,0.000,0.000,0.000,0.000,0.000,0.000,0.000,0.000,0.000,true,true,true,true,true,true,false,false,true,true,false,false,0.09,0.00,0.03,0.01,--.--,--.--,0.15,0.17,9223372036854775808,0,--.--,--.--,--.--,--.--,--.--,0,0,0,0,37.4122948,-121.9985264,10SEG 88624 41081,0.7,1.1,253.2,3,10,--.--,--.--,,--.--,--.--,--.--,0,0,--.--,--.--,0,0.1,0.1,-30.1,-0.0,-0.1,0.3,0.0,-0.0,-29.9,-0.0,-0.1,0.2,--.--,--.--,--.--,--.--,0.3,-0.0,253.4,0.1,-0.0,-0.0,288.15,--.--,--.--,0,0,0.0,0.0,0.0,0,0,0,--.--,--.--,--.--
2026-07-09 16:06:40.547,0.6,0.0,253,-0.5,-0.0,-0.0,0.0,1.7,0.000,-0.3,29.9,67.8,66.7,29.989,0.000,0.000,0.000,0.0,00:10:41,0.1,3.2,1,--.--,0,--.--,--.--,0000:32:26,73,0,0,1,1,15.30,-1.00,-188,--.--,50,--.--,--:--:--,1,-15.30,16:06:40,21:06:40,7/9/26,--.--,--.--,--.--,--.--,--.--,--.--,--.--,--.--,--.--,--.--,--.--,--.--,0,--.--,--.--,--.--,--.--,--.--,--.--,--.--,--.--,--.--,--.--,--.--,--.--,--.--,--.--,--.--,--.--,0,0.000,0.000,0.000,0.000,0.000,0.000,0.000,0.000,0.000,0.000,0.000,0.000,true,true,true,true,true,true,false,false,true,true,false,false,0.09,0.00,0.03,0.01,--.--,--.--,0.15,0.17,9223372036854775808,0,--.--,--.--,--.--,--.--,--.--,0,0,0,0,37.4122950,-121.9985266,10SEG 88624 41081,0.7,1.1,285.6,3,10,--.--,--.--,,--.--,--.--,--.--,0,0,--.--,--.--,0,0.1,0.1,-30.1,-0.0,-0.0,0.3,0.0,-0.0,-29.9,-0.0,-0.1,0.3,--.--,--.--,--.--,--.--,0.4,-0.0,253.4,-0.8,-0.2,0.0,288.15,--.--,--.--,0,0,0.0,0.0,0.0,0,0,0,--.--,--.--,--.--
2026-07-09 16:06:41.548,0.3,-0.0,253,-0.0,-0.1,-0.0,0.0,1.1,0.000,-0.3,29.9,67.9,66.7,30.013,0.000,0.000,0.000,0.0,00:10:42,0.1,5.4,1,--.--,0,--.--,--.--,0000:32:26,73,0,0,1,1,15.30,-1.00,-189,--.--,50,--.--,--:--:--,1,-15.30,16:06:41,21:06:41,7/9/26,--.--,--.--,--.--,--.--,--.--,--.--,--.--,--.--,--.--,--.--,--.--,--.--,0,--.--,--.--,--.--,--.--,--.--,--.--,--.--,--.--,--.--,--.--,--.--,--.--,--.--,--.--,--.--,--.--,0,0.000,0.000,0.000,0.000,0.000,0.000,0.000,0.000,0.000,0.000,0.000,0.000,true,true,true,true,true,true,false,false,true,true,false,false,0.10,0.00,0.03,0.01,--.--,--.--,0.15,0.17,9223372036854775808,0,--.--,--.--,--.--,--.--,--.--,0,0,0,0,37.4122951,-121.9985274,10SEG 88624 41081,0.7,1.1,308.9,3,10,--.--,--.--,,--.--,--.--,--.--,0,0,--.--,--.--,0,0.1,0.0,-30.1,-0.0,-0.0,0.3,0.0,-0.0,-29.9,-0.0,-0.0,0.3,--.--,--.--,--.--,--.--,0.3,0.0,253.4,0.0,0.0,-0.0,288.15,--.--,--.--,0,0,0.0,0.0,0.0,0,0,0,--.--,--.--,--.--
2026-07-09 16:06:42.548,0.7,0.0,253,0.1,0.1,-0.0,0.0,1.3,0.000,-0.3,29.9,67.9,66.7,30.027,0.000,0.000,0.000,0.0,00:10:43,0.1,3.7,1,--.--,0,--.--,--.--,0000:32:26,73,0,0,1,1,15.30,-1.00,-189,--.--,50,--.--,--:--:--,1,-15.30,16:06:42,21:06:42,7/9/26,--.--,--.--,--.--,--.--,--.--,--.--,--.--,--.--,--.--,--.--,--.--,--.--,0,--.--,--.--,--.--,--.--,--.--,--.--,--.--,--.--,--.--,--.--,--.--,--.--,--.--,--.--,--.--,--.--,0,0.000,0.000,0.000,0.000,0.000,0.000,0.000,0.000,0.000,0.000,0.000,0.000,true,true,true,true,true,true,false,false,true,true,false,false,0.10,0.00,0.03,0.01,--.--,--.--,0.15,0.17,9223372036854775808,0,--.--,--.--,--.--,--.--,--.--,0,0,0,0,37.4122948,-121.9985272,10SEG 88624 41081,0.7,1.1,116.4,3,10,--.--,--.--,,--.--,--.--,--.--,0,0,--.--,--.--,0,0.1,0.0,-30.2,-0.0,0.0,0.3,0.0,-0.0,-29.9,-0.0,-0.0,0.3,--.--,--.--,--.--,--.--,0.7,-0.0,253.4,-0.1,-0.0,0.0,288.15,--.--,--.--,0,0,0.0,0.0,0.0,0,0,0,--.--,--.--,--.--
2026-07-09 16:06:43.548,0.1,-0.0,253,-0.7,0.0,0.0,0.0,1.7,0.000,-0.3,29.9,67.9,66.7,30.034,0.000,0.000,0.000,0.0,00:10:44,0.1,11.2,1,--.--,0,--.--,--.--,0000:32:26,73,0,0,1,1,15.30,-1.00,-190,--.--,50,--.--,--:--:--,1,-15.30,16:06:43,21:06:43,7/9/26,--.--,--.--,--.--,--.--,--.--,--.--,--.--,--.--,--.--,--.--,--.--,--.--,0,--.--,--.--,--.--,--.--,--.--,--.--,--.--,--.--,--.--,--.--,--.--,--.--,--.--,--.--,--.--,--.--,0,0.000,0.000,0.000,0.000,0.000,0.000,0.000,0.000,0.000,0.000,0.000,0.000,true,true,true,true,true,true,false,false,true,true,false,false,0.11,0.00,0.03,0.01,--.--,--.--,0.15,0.17,9223372036854775808,0,--.--,--.--,--.--,--.--,--.--,0,0,0,0,37.4122954,-121.9985271,10SEG 88624 41081,0.7,1.1,291.9,3,10,--.--,--.--,,--.--,--.--,--.--,0,0,--.--,--.--,0,0.1,0.0,-30.2,-0.0,0.0,0.3,0.0,-0.0,-29.9,-0.0,-0.0,0.3,--.--,--.--,--.--,--.--,0.0,0.0,253.4,-0.5,0.2,-0.0,288.15,--.--,--.--,0,0,0.0,0.0,0.0,0,0,0,--.--,--.--,--.--
2026-07-09 16:06:44.549,0.9,-0.0,253,1.5,0.0,-0.1,0.0,0.2,0.000,-0.3,29.9,67.9,66.7,30.044,0.000,0.000,0.000,0.0,00:10:45,0.1,1.5,1,--.--,0,--.--,--.--,0000:32:26,73,0,0,1,1,15.30,-1.00,-190,--.--,50,--.--,--:--:--,1,-15.30,16:06:44,21:06:44,7/9/26,--.--,--.--,--.--,--.--,--.--,--.--,--.--,--.--,--.--,--.--,--.--,--.--,0,--.--,--.--,--.--,--.--,--.--,--.--,--.--,--.--,--.--,--.--,--.--,--.--,--.--,--.--,--.--,--.--,0,0.000,0.000,0.000,0.000,0.000,0.000,0.000,0.000,0.000,0.000,0.000,0.000,true,true,true,true,true,true,false,false,true,true,false,false,0.11,0.00,0.03,0.01,--.--,--.--,0.15,0.17,9223372036854775808,0,--.--,--.--,--.--,--.--,--.--,0,0,0,0,37.4122951,-121.9985270,10SEG 88624 41081,0.7,1.1,164.2,3,10,--.--,--.--,,--.--,--.--,--.--,0,0,--.--,--.--,0,0.1,0.0,-30.2,-0.0,0.0,0.3,0.0,-0.0,-29.9,-0.0,-0.0,0.3,--.--,--.--,--.--,--.--,1.1,-0.0,253.4,1.3,0.1,0.1,288.15,--.--,--.--,0,0,0.0,0.0,0.0,0,0,0,--.--,--.--,--.--
2026-07-09 16:06:45.548,0.1,-0.0,253,-1.2,-0.1,0.1,0.0,-0.5,0.000,-0.3,29.9,67.9,66.7,30.045,0.000,0.000,0.000,0.0,00:10:46,0.1,3.4,1,--.--,0,--.--,--.--,0000:32:26,73,0,0,1,1,15.30,-1.00,-190,--.--,50,--.--,--:--:--,1,-15.30,16:06:45,21:06:45,7/9/26,--.--,--.--,--.--,--.--,--.--,--.--,--.--,--.--,--.--,--.--,--.--,--.--,0,--.--,--.--,--.--,--.--,--.--,--.--,--.--,--.--,--.--,--.--,--.--,--.--,--.--,--.--,--.--,--.--,0,0.000,0.000,0.000,0.000,0.000,0.000,0.000,0.000,0.000,0.000,0.000,0.000,true,true,true,true,true,true,false,false,true,true,false,false,0.10,0.00,0.03,0.02,--.--,--.--,0.15,0.17,9223372036854775808,0,--.--,--.--,--.--,--.--,--.--,0,0,0,0,37.4122950,-121.9985272,10SEG 88624 41081,0.7,1.1,203.8,3,10,--.--,--.--,,--.--,--.--,--.--,0,0,--.--,--.--,0,0.1,0.0,-30.2,0.0,0.0,0.3,0.0,-0.0,-29.9,-0.0,-0.0,0.3,--.--,--.--,--.--,--.--,-0.0,-0.0,253.4,-0.7,0.1,-0.0,288.15,--.--,--.--,0,0,0.0,0.0,0.0,0,0,0,--.--,--.--,--.--
2026-07-09 16:06:46.548,1.0,0.0,253,0.5,0.1,-0.1,0.0,-0.9,0.000,-0.3,29.9,67.9,66.7,30.037,0.000,0.000,0.000,0.0,00:10:47,0.1,2.3,1,--.--,0,--.--,--.--,0000:32:26,73,0,0,1,1,15.30,-1.00,-190,--.--,50,--.--,--:--:--,1,-15.30,16:06:46,21:06:46,7/9/26,--.--,--.--,--.--,--.--,--.--,--.--,--.--,--.--,--.--,--.--,--.--,--.--,0,--.--,--.--,--.--,--.--,--.--,--.--,--.--,--.--,--.--,--.--,--.--,--.--,--.--,--.--,--.--,--.--,0,0.000,0.000,0.000,0.000,0.000,0.000,0.000,0.000,0.000,0.000,0.000,0.000,true,true,true,true,true,true,false,false,true,true,false,false,0.10,0.00,0.03,0.02,--.--,--.--,0.15,0.17,9223372036854775808,0,--.--,--.--,--.--,--.--,--.--,0,0,0,0,37.4122948,-121.9985272,10SEG 88624 41081,0.7,1.1,212.0,3,10,--.--,--.--,,--.--,--.--,--.--,0,0,--.--,--.--,0,0.0,0.0,-30.2,-0.0,0.0,0.3,0.0,-0.0,-29.9,0.0,-0.0,0.3,--.--,--.--,--.--,--.--,1.0,0.0,253.4,-0.2,0.0,0.0,288.15,--.--,--.--,0,0,0.0,0.0,0.0,0,0,0,--.--,--.--,--.--
2026-07-09 16:06:47.549,0.2,-0.0,253,0.5,0.0,0.0,0.0,1.1,0.000,-0.3,29.9,67.9,66.7,30.031,0.000,0.000,0.000,0.0,00:10:48,0.1,1.6,1,--.--,0,--.--,--.--,0000:32:26,73,0,0,1,1,15.30,-1.00,-191,--.--,50,--.--,--:--:--,1,-15.30,16:06:47,21:06:47,7/9/26,--.--,--.--,--.--,--.--,--.--,--.--,--.--,--.--,--.--,--.--,--.--,--.--,0,--.--,--.--,--.--,--.--,--.--,--.--,--.--,--.--,--.--,--.--,--.--,--.--,--.--,--.--,--.--,--.--,0,0.000,0.000,0.000,0.000,0.000,0.000,0.000,0.000,0.000,0.000,0.000,0.000,true,true,true,true,true,true,false,false,true,true,false,false,0.10,0.00,0.03,0.02,--.--,--.--,0.15,0.17,9223372036854775808,0,--.--,--.--,--.--,--.--,--.--,0,0,0,0,37.4122948,-121.9985267,10SEG 88624 41081,0.7,1.1,199.2,3,10,--.--,--.--,,--.--,--.--,--.--,0,0,--.--,--.--,0,0.0,0.0,-30.2,0.0,0.0,0.3,0.0,-0.0,-29.9,-0.0,-0.0,0.3,--.--,--.--,--.--,--.--,0.4,-0.0,253.4,1.2,0.1,-0.0,288.15,--.--,--.--,0,0,0.0,0.0,0.0,0,0,0,--.--,--.--,--.--
2026-07-09 16:06:48.549,0.6,0.0,253,-0.8,-0.0,0.0,0.0,-0.4,0.000,-0.3,29.9,67.9,66.7,30.030,0.000,0.000,0.000,0.0,00:10:49,0.1,2.2,1,--.--,0,--.--,--.--,0000:32:26,73,0,0,1,1,15.30,-1.00,-191,--.--,50,--.--,--:--:--,1,-15.30,16:06:48,21:06:48,7/9/26,--.--,--.--,--.--,--.--,--.--,--.--,--.--,--.--,--.--,--.--,--.--,--.--,0,--.--,--.--,--.--,--.--,--.--,--.--,--.--,--.--,--.--,--.--,--.--,--.--,--.--,--.--,--.--,--.--,0,0.000,0.000,0.000,0.000,0.000,0.000,0.000,0.000,0.000,0.000,0.000,0.000,true,true,true,true,true,true,false,false,true,true,false,false,0.10,0.00,0.03,0.02,--.--,--.--,0.15,0.17,9223372036854775808,0,--.--,--.--,--.--,--.--,--.--,0,0,0,0,37.4122947,-121.9985273,10SEG 88624 41081,0.7,1.1,51.2,3,10,--.--,--.--,,--.--,--.--,--.--,0,0,--.--,--.--,0,0.0,0.1,-30.2,0.0,0.0,0.3,0.0,-0.0,-29.9,-0.0,-0.1,0.3,--.--,--.--,--.--,--.--,0.4,-0.0,253.4,-0.9,-0.1,-0.0,288.15,--.--,--.--,0,0,0.0,0.0,0.0,0,0,0,--.--,--.--,--.--
2026-07-09 16:06:49.549,0.6,-0.0,253,0.3,-0.0,0.0,0.0,-1.2,0.000,-0.3,29.9,67.9,66.7,30.034,0.000,0.000,0.000,0.0,00:10:50,0.1,4.6,1,--.--,0,--.--,--.--,0000:32:26,73,0,0,1,1,15.30,-1.00,-191,--.--,50,--.--,--:--:--,1,-15.30,16:06:49,21:06:49,7/9/26,--.--,--.--,--.--,--.--,--.--,--.--,--.--,--.--,--.--,--.--,--.--,--.--,0,--.--,--.--,--.--,--.--,--.--,--.--,--.--,--.--,--.--,--.--,--.--,--.--,--.--,--.--,--.--,--.--,0,0.000,0.000,0.000,0.000,0.000,0.000,0.000,0.000,0.000,0.000,0.000,0.000,true,true,true,true,true,true,false,false,true,true,false,false,0.09,0.01,0.03,0.01,--.--,--.--,0.15,0.17,9223372036854775808,0,--.--,--.--,--.--,--.--,--.--,0,0,0,0,37.4122948,-121.9985267,10SEG 88624 41081,0.7,1.1,66.3,3,10,--.--,--.--,,--.--,--.--,--.--,0,0,--.--,--.--,0,0.0,0.1,-30.2,0.0,0.0,0.3,0.0,-0.0,-29.9,-0.0,-0.1,0.3,--.--,--.--,--.--,--.--,0.6,-0.0,253.4,-0.0,0.0,-0.0,288.15,--.--,--.--,0,0,0.0,0.0,0.0,0,0,0,--.--,--.--,--.--
2026-07-09 16:06:50.549,0.2,-0.0,253,0.4,0.0,0.0,0.0,1.1,0.000,-0.3,29.9,67.9,66.7,30.039,0.000,0.000,0.000,0.0,00:10:51,0.1,8.4,1,--.--,0,--.--,--.--,0000:32:26,73,0,0,1,1,15.30,-1.00,-191,--.--,50,--.--,--:--:--,1,-15.30,16:06:50,21:06:50,7/9/26,--.--,--.--,--.--,--.--,--.--,--.--,--.--,--.--,--.--,--.--,--.--,--.--,0,--.--,--.--,--.--,--.--,--.--,--.--,--.--,--.--,--.--,--.--,--.--,--.--,--.--,--.--,--.--,--.--,0,0.000,0.000,0.000,0.000,0.000,0.000,0.000,0.000,0.000,0.000,0.000,0.000,true,true,true,true,true,true,false,false,true,true,false,false,0.09,0.01,0.03,0.01,--.--,--.--,0.15,0.17,9223372036854775808,0,--.--,--.--,--.--,--.--,--.--,0,0,0,0,37.4122952,-121.9985265,10SEG 88624 41081,0.7,1.1,228.7,3,10,--.--,--.--,,--.--,--.--,--.--,0,0,--.--,--.--,0,0.1,0.1,-30.2,-0.0,-0.0,0.3,0.0,-0.0,-29.9,-0.0,-0.1,0.3,--.--,--.--,--.--,--.--,0.4,-0.0,253.5,0.9,0.2,-0.0,288.15,--.--,--.--,0,0,0.0,0.0,0.0,0,0,0,--.--,--.--,--.--
2026-07-09 16:06:51.549,0.5,-0.0,253,-0.6,-0.1,0.0,0.0,-1.4,0.000,-0.3,29.9,67.9,66.7,30.036,0.000,0.000,0.000,0.0,00:10:52,0.1,7.5,1,--.--,0,--.--,--.--,0000:32:26,73,0,0,1,1,15.30,-1.00,-192,--.--,50,--.--,--:--:--,1,-15.30,16:06:51,21:06:51,7/9/26,--.--,--.--,--.--,--.--,--.--,--.--,--.--,--.--,--.--,--.--,--.--,--.--,0,--.--,--.--,--.--,--.--,--.--,--.--,--.--,--.--,--.--,--.--,--.--,--.--,--.--,--.--,--.--,--.--,0,0.000,0.000,0.000,0.000,0.000,0.000,0.000,0.000,0.000,0.000,0.000,0.000,true,true,true,true,true,true,false,false,true,true,false,false,0.09,0.00,0.03,0.02,--.--,--.--,0.15,0.17,9223372036854775808,0,--.--,--.--,--.--,--.--,--.--,0,0,0,0,37.4122949,-121.9985266,10SEG 88624 41081,0.7,1.1,273.0,3,10,--.--,--.--,,--.--,--.--,--.--,0,0,--.--,--.--,0,0.1,0.1,-30.2,0.0,-0.0,0.3,0.0,-0.0,-29.9,-0.0,-0.1,0.3,--.--,--.--,--.--,--.--,0.4,-0.0,253.5,-0.6,0.0,-0.0,288.15,--.--,--.--,0,0,0.0,0.0,0.0,0,0,0,--.--,--.--,--.--
2026-07-09 16:06:52.549,0.5,0.0,253,0.7,0.0,-0.0,0.0,1.0,0.000,-0.3,29.9,67.9,66.7,30.034,0.000,0.000,0.000,0.0,00:10:53,0.1,17.2,1,--.--,0,--.--,--.--,0000:32:26,73,0,0,1,1,15.30,-1.00,-192,--.--,50,--.--,--:--:--,1,-15.30,16:06:52,21:06:52,7/9/26,--.--,--.--,--.--,--.--,--.--,--.--,--.--,--.--,--.--,--.--,--.--,--.--,0,--.--,--.--,--.--,--.--,--.--,--.--,--.--,--.--,--.--,--.--,--.--,--.--,--.--,--.--,--.--,--.--,0,0.000,0.000,0.000,0.000,0.000,0.000,0.000,0.000,0.000,0.000,0.000,0.000,true,true,true,true,true,true,false,false,true,true,false,false,0.09,0.00,0.03,0.02,--.--,--.--,0.15,0.17,9223372036854775808,0,--.--,--.--,--.--,--.--,--.--,0,0,0,0,37.4122946,-121.9985265,10SEG 88624 41081,0.7,1.1,186.4,3,10,--.--,--.--,,--.--,--.--,--.--,0,0,--.--,--.--,0,0.0,0.1,-30.2,0.0,-0.0,0.3,0.0,-0.0,-29.9,-0.0,-0.1,0.3,--.--,--.--,--.--,--.--,0.7,-0.0,253.5,0.7,-0.0,0.0,288.15,--.--,--.--,0,0,0.0,0.0,0.0,0,0,0,--.--,--.--,--.--
2026-07-09 16:06:53.549,0.2,-0.0,253,-0.3,-0.0,0.0,0.0,-1.3,0.000,-0.3,29.9,67.9,66.7,30.031,0.000,0.000,0.000,0.0,00:10:54,0.1,4.1,1,--.--,0,--.--,--.--,0000:32:26,73,0,0,1,1,15.30,-1.00,-192,--.--,50,--.--,--:--:--,1,-15.30,16:06:53,21:06:53,7/9/26,--.--,--.--,--.--,--.--,--.--,--.--,--.--,--.--,--.--,--.--,--.--,--.--,0,--.--,--.--,--.--,--.--,--.--,--.--,--.--,--.--,--.--,--.--,--.--,--.--,--.--,--.--,--.--,--.--,0,0.000,0.000,0.000,0.000,0.000,0.000,0.000,0.000,0.000,0.000,0.000,0.000,true,true,true,true,true,true,false,false,true,true,false,false,0.10,0.00,0.03,0.01,--.--,--.--,0.15,0.17,9223372036854775808,0,--.--,--.--,--.--,--.--,--.--,0,0,0,0,37.4122948,-121.9985266,10SEG 88624 41081,0.7,1.1,173.5,3,10,--.--,--.--,,--.--,--.--,--.--,0,0,--.--,--.--,0,0.1,0.1,-30.2,0.0,-0.0,0.3,0.0,-0.0,-29.9,-0.0,-0.1,0.3,--.--,--.--,--.--,--.--,0.3,0.0,253.5,0.2,-0.0,-0.0,288.15,--.--,--.--,0,0,0.0,0.0,0.0,0,0,0,--.--,--.--,--.--
2026-07-09 16:06:54.549,0.7,0.0,253,-0.1,0.0,-0.0,0.0,0.5,0.000,-0.3,29.9,67.9,66.7,30.032,0.000,0.000,0.000,0.0,00:10:55,0.1,8.9,1,--.--,0,--.--,--.--,0000:32:26,73,0,0,1,1,15.30,-1.00,-192,--.--,50,--.--,--:--:--,1,-15.30,16:06:54,21:06:54,7/9/26,--.--,--.--,--.--,--.--,--.--,--.--,--.--,--.--,--.--,--.--,--.--,--.--,0,--.--,--.--,--.--,--.--,--.--,--.--,--.--,--.--,--.--,--.--,--.--,--.--,--.--,--.--,--.--,--.--,0,0.000,0.000,0.000,0.000,0.000,0.000,0.000,0.000,0.000,0.000,0.000,0.000,true,true,true,true,true,true,false,false,true,true,false,false,0.10,0.00,0.03,0.01,--.--,--.--,0.15,0.17,9223372036854775808,0,--.--,--.--,--.--,--.--,--.--,0,0,0,0,37.4122946,-121.9985263,10SEG 88624 41081,0.7,1.1,285.2,3,10,--.--,--.--,,--.--,--.--,--.--,0,0,--.--,--.--,0,0.0,0.1,-30.2,0.0,-0.0,0.3,0.0,-0.0,-29.9,0.0,-0.1,0.3,--.--,--.--,--.--,--.--,0.6,-0.0,253.5,-0.3,-0.0,0.0,288.15,--.--,--.--,0,0,0.0,0.0,0.0,0,0,0,--.--,--.--,--.--
2026-07-09 16:06:55.550,0.3,-0.0,253,-0.0,0.0,0.0,0.0,-0.6,0.000,-0.3,29.9,67.9,66.7,30.030,0.000,0.000,0.000,0.0,00:10:56,0.1,3.9,1,--.--,0,--.--,--.--,0000:32:26,73,0,0,1,1,15.30,-1.00,-193,--.--,50,--.--,--:--:--,1,-15.30,16:06:55,21:06:55,7/9/26,--.--,--.--,--.--,--.--,--.--,--.--,--.--,--.--,--.--,--.--,--.--,--.--,0,--.--,--.--,--.--,--.--,--.--,--.--,--.--,--.--,--.--,--.--,--.--,--.--,--.--,--.--,--.--,--.--,0,0.000,0.000,0.000,0.000,0.000,0.000,0.000,0.000,0.000,0.000,0.000,0.000,true,true,true,true,true,true,false,false,true,true,false,false,0.10,0.01,0.03,0.01,--.--,--.--,0.15,0.17,9223372036854775808,0,--.--,--.--,--.--,--.--,--.--,0,0,0,0,37.4122948,-121.9985265,10SEG 88624 41081,0.7,1.1,326.2,3,10,--.--,--.--,,--.--,--.--,--.--,0,0,--.--,--.--,0,0.0,0.1,-30.2,0.0,-0.0,0.3,0.0,-0.0,-29.9,-0.0,-0.1,0.3,--.--,--.--,--.--,--.--,0.3,-0.0,253.5,-0.1,0.1,-0.0,288.15,--.--,--.--,0,0,0.0,0.0,0.0,0,0,0,--.--,--.--,--.--
2026-07-09 16:06:56.550,-0.0,-0.0,253,0.2,0.0,0.0,0.0,1.3,0.000,-0.3,29.9,67.9,66.7,30.017,0.000,0.000,0.000,0.0,00:10:57,0.1,15.4,1,--.--,0,--.--,--.--,0000:32:26,73,0,0,1,1,15.30,-1.00,-193,--.--,50,--.--,--:--:--,1,-15.30,16:06:56,21:06:56,7/9/26,--.--,--.--,--.--,--.--,--.--,--.--,--.--,--.--,--.--,--.--,--.--,--.--,0,--.--,--.--,--.--,--.--,--.--,--.--,--.--,--.--,--.--,--.--,--.--,--.--,--.--,--.--,--.--,--.--,0,0.000,0.000,0.000,0.000,0.000,0.000,0.000,0.000,0.000,0.000,0.000,0.000,true,true,true,true,true,true,false,false,true,true,false,false,0.10,0.01,0.03,0.01,--.--,--.--,0.15,0.17,9223372036854775808,0,--.--,--.--,--.--,--.--,--.--,0,0,0,0,37.4122950,-121.9985272,10SEG 88624 41081,0.7,1.1,352.8,3,10,--.--,--.--,,--.--,--.--,--.--,0,0,--.--,--.--,0,0.1,0.1,-30.1,-0.0,-0.0,0.3,0.0,-0.0,-29.9,-0.0,-0.1,0.3,--.--,--.--,--.--,--.--,0.1,-0.0,253.5,0.5,0.1,-0.0,288.15,--.--,--.--,0,0,0.0,0.0,0.0,0,0,0,--.--,--.--,--.--
2026-07-09 16:06:57.550,0.6,0.0,253,0.2,0.1,-0.0,0.0,-1.6,0.000,-0.3,29.9,67.9,66.7,30.011,0.000,0.000,0.000,0.0,00:10:58,0.1,3.1,1,--.--,0,--.--,--.--,0000:32:26,73,0,0,1,1,15.30,-1.00,-193,--.--,50,--.--,--:--:--,1,-15.30,16:06:57,21:06:57,7/9/26,--.--,--.--,--.--,--.--,--.--,--.--,--.--,--.--,--.--,--.--,--.--,--.--,0,--.--,--.--,--.--,--.--,--.--,--.--,--.--,--.--,--.--,--.--,--.--,--.--,--.--,--.--,--.--,--.--,0,0.000,0.000,0.000,0.000,0.000,0.000,0.000,0.000,0.000,0.000,0.000,0.000,true,true,true,true,true,true,false,false,true,true,false,false,0.08,0.01,0.03,0.02,--.--,--.--,0.15,0.17,9223372036854775808,0,--.--,--.--,--.--,--.--,--.--,0,0,0,0,37.4122949,-121.9985267,10SEG 88624 41081,0.7,1.1,174.4,3,10,--.--,--.--,,--.--,--.--,--.--,0,0,--.--,--.--,0,0.1,0.0,-30.1,-0.0,0.0,0.3,0.0,-0.0,-29.9,-0.0,-0.0,0.3,--.--,--.--,--.--,--.--,0.6,-0.0,253.5,0.0,-0.1,0.0,288.15,--.--,--.--,0,0,0.0,0.0,0.0,0,0,0,--.--,--.--,--.--
2026-07-09 16:06:58.550,0.2,-0.0,253,0.1,-0.0,0.0,0.0,-1.7,0.000,-0.3,29.9,67.9,66.7,30.016,0.000,0.000,0.000,0.0,00:10:59,0.1,5.9,1,--.--,0,--.--,--.--,0000:32:26,73,0,0,1,1,15.30,-1.00,-193,--.--,50,--.--,--:--:--,1,-15.30,16:06:58,21:06:58,7/9/26,--.--,--.--,--.--,--.--,--.--,--.--,--.--,--.--,--.--,--.--,--.--,--.--,0,--.--,--.--,--.--,--.--,--.--,--.--,--.--,--.--,--.--,--.--,--.--,--.--,--.--,--.--,--.--,--.--,0,0.000,0.000,0.000,0.000,0.000,0.000,0.000,0.000,0.000,0.000,0.000,0.000,true,true,true,true,true,true,false,false,true,true,false,false,0.08,0.01,0.03,0.02,--.--,--.--,0.15,0.17,9223372036854775808,0,--.--,--.--,--.--,--.--,--.--,0,0,0,0,37.4122948,-121.9985266,10SEG 88624 41081,0.7,1.1,188.2,3,10,--.--,--.--,,--.--,--.--,--.--,0,0,--.--,--.--,0,0.1,0.1,-30.1,-0.0,0.0,0.3,0.0,-0.0,-29.9,-0.0,-0.1,0.3,--.--,--.--,--.--,--.--,0.3,0.0,253.5,0.6,0.1,-0.0,288.15,--.--,--.--,0,0,0.0,0.0,0.0,0,0,0,--.--,--.--,--.--
2026-07-09 16:06:59.550,0.6,0.0,253,-0.8,-0.0,0.0,0.0,-0.6,0.000,-0.3,29.9,67.9,66.7,30.018,0.000,0.000,0.000,0.0,00:11:00,0.1,13.1,1,--.--,0,--.--,--.--,0000:32:26,73,0,0,1,1,15.30,-1.00,-194,--.--,50,--.--,--:--:--,1,-15.30,16:06:59,21:06:59,7/9/26,--.--,--.--,--.--,--.--,--.--,--.--,--.--,--.--,--.--,--.--,--.--,--.--,0,--.--,--.--,--.--,--.--,--.--,--.--,--.--,--.--,--.--,--.--,--.--,--.--,--.--,--.--,--.--,--.--,0,0.000,0.000,0.000,0.000,0.000,0.000,0.000,0.000,0.000,0.000,0.000,0.000,true,true,true,true,true,true,false,false,true,true,false,false,0.09,0.01,0.03,0.01,--.--,--.--,0.15,0.17,9223372036854775808,0,--.--,--.--,--.--,--.--,--.--,0,0,0,0,37.4122951,-121.9985262,10SEG 88624 41081,0.7,1.1,35.6,3,10,--.--,--.--,,--.--,--.--,--.--,0,0,--.--,--.--,0,0.1,0.1,-30.1,0.0,0.0,0.3,0.0,-0.0,-29.9,-0.0,-0.1,0.3,--.--,--.--,--.--,--.--,0.4,0.0,253.5,-1.1,-0.1,0.0,288.15,--.--,--.--,0,0,0.0,0.0,0.0,0,0,0,--.--,--.--,--.--
2026-07-09 16:07:00.550,0.3,-0.0,253,0.9,0.0,0.0,0.0,1.5,0.000,-0.3,29.9,67.9,66.7,30.020,0.000,0.000,0.000,0.0,00:11:01,0.1,12.7,1,--.--,0,--.--,--.--,0000:32:26,73,0,0,1,1,15.30,-1.00,-194,--.--,50,--.--,--:--:--,1,-15.30,16:07:00,21:07:00,7/9/26,--.--,--.--,--.--,--.--,--.--,--.--,--.--,--.--,--.--,--.--,--.--,--.--,0,--.--,--.--,--.--,--.--,--.--,--.--,--.--,--.--,--.--,--.--,--.--,--.--,--.--,--.--,--.--,--.--,0,0.000,0.000,0.000,0.000,0.000,0.000,0.000,0.000,0.000,0.000,0.000,0.000,true,true,true,true,true,true,false,false,true,true,false,false,0.09,0.01,0.03,0.01,--.--,--.--,0.15,0.17,9223372036854775808,0,--.--,--.--,--.--,--.--,--.--,0,0,0,0,37.4122953,-121.9985262,10SEG 88624 41081,0.7,1.1,321.0,3,10,--.--,--.--,,--.--,--.--,--.--,0,0,--.--,--.--,0,0.1,0.1,-30.1,-0.0,-0.0,0.3,0.0,-0.0,-29.9,-0.0,-0.1,0.3,--.--,--.--,--.--,--.--,0.5,0.0,253.5,1.0,0.0,-0.0,288.15,--.--,--.--,0,0,0.0,0.0,0.0,0,0,0,--.--,--.--,--.--
2026-07-09 16:07:01.550,0.3,-0.0,253,0.4,-0.0,-0.0,0.0,-0.6,0.000,-0.3,29.9,67.9,66.7,30.031,0.000,0.000,0.000,0.0,00:11:02,0.1,6.0,1,--.--,0,--.--,--.--,0000:32:26,73,0,0,1,1,15.30,-1.00,-195,--.--,50,--.--,--:--:--,1,-15.30,16:07:01,21:07:01,7/9/26,--.--,--.--,--.--,--.--,--.--,--.--,--.--,--.--,--.--,--.--,--.--,--.--,0,--.--,--.--,--.--,--.--,--.--,--.--,--.--,--.--,--.--,--.--,--.--,--.--,--.--,--.--,--.--,--.--,0,0.000,0.000,0.000,0.000,0.000,0.000,0.000,0.000,0.000,0.000,0.000,0.000,true,true,true,true,true,true,false,false,true,true,false,false,0.10,0.00,0.03,0.02,--.--,--.--,0.15,0.17,9223372036854775808,0,--.--,--.--,--.--,--.--,--.--,0,0,0,0,37.4122947,-121.9985265,10SEG 88624 41081,0.7,1.1,199.8,3,10,--.--,--.--,,--.--,--.--,--.--,0,0,--.--,--.--,0,0.1,0.1,-30.2,-0.0,-0.0,0.3,0.0,-0.0,-29.9,-0.0,-0.1,0.3,--.--,--.--,--.--,--.--,0.4,0.0,253.6,0.7,0.1,-0.0,288.15,--.--,--.--,0,0,0.0,0.0,0.0,0,0,0,--.--,--.--,--.--
2026-07-09 16:07:02.550,1.0,0.0,253,-0.0,-0.0,-0.0,0.0,1.3,0.000,-0.3,29.9,67.9,66.7,30.024,0.000,0.000,0.000,0.0,00:11:03,0.1,4.4,1,--.--,0,--.--,--.--,0000:32:26,73,0,0,1,1,15.30,-1.00,-195,--.--,50,--.--,--:--:--,1,-15.30,16:07:02,21:07:02,7/9/26,--.--,--.--,--.--,--.--,--.--,--.--,--.--,--.--,--.--,--.--,--.--,--.--,0,--.--,--.--,--.--,--.--,--.--,--.--,--.--,--.--,--.--,--.--,--.--,--.--,--.--,--.--,--.--,--.--,0,0.000,0.000,0.000,0.000,0.000,0.000,0.000,0.000,0.000,0.000,0.000,0.000,true,true,true,true,true,true,false,false,true,true,false,false,0.10,0.00,0.03,0.02,--.--,--.--,0.15,0.17,9223372036854775808,0,--.--,--.--,--.--,--.--,--.--,0,0,0,0,37.4122945,-121.9985266,10SEG 88624 41081,0.7,1.1,248.1,3,10,--.--,--.--,,--.--,--.--,--.--,0,0,--.--,--.--,0,0.0,0.1,-30.1,0.0,-0.0,0.3,0.0,-0.0,-29.9,0.0,-0.1,0.3,--.--,--.--,--.--,--.--,0.9,0.0,253.5,-0.5,-0.1,0.0,288.15,--.--,--.--,0,0,0.0,0.0,0.0,0,0,0,--.--,--.--,--.--
2026-07-09 16:07:03.550,0.1,-0.0,253,0.2,0.0,0.0,0.0,-1.1,0.000,-0.3,29.9,67.9,66.7,30.009,0.000,0.000,0.000,0.0,00:11:04,0.1,1.6,1,--.--,0,--.--,--.--,0000:32:26,72,0,0,1,1,15.30,-1.00,-195,--.--,50,--.--,--:--:--,1,-15.30,16:07:03,21:07:03,7/9/26,--.--,--.--,--.--,--.--,--.--,--.--,--.--,--.--,--.--,--.--,--.--,--.--,0,--.--,--.--,--.--,--.--,--.--,--.--,--.--,--.--,--.--,--.--,--.--,--.--,--.--,--.--,--.--,--.--,0,0.000,0.000,0.000,0.000,0.000,0.000,0.000,0.000,0.000,0.000,0.000,0.000,true,true,true,true,true,true,false,false,true,true,false,false,0.09,0.01,0.03,0.02,--.--,--.--,0.15,0.17,9223372036854775808,0,--.--,--.--,--.--,--.--,--.--,0,0,0,0,37.4122948,-121.9985267,10SEG 88624 41081,0.7,1.1,306.6,3,10,--.--,--.--,,--.--,--.--,--.--,0,0,--.--,--.--,0,0.0,0.0,-30.1,0.0,-0.0,0.3,0.0,-0.0,-29.9,-0.0,-0.0,0.3,--.--,--.--,--.--,--.--,0.2,-0.0,253.5,0.9,0.1,-0.0,288.15,--.--,--.--,0,0,0.0,0.0,0.0,0,0,0,--.--,--.--,--.--
2026-07-09 16:07:04.550,0.5,0.0,253,-0.3,0.0,0.0,0.0,-0.3,0.000,-0.3,29.9,67.9,66.7,30.010,0.000,0.000,0.000,0.0,00:11:05,0.1,2.8,1,--.--,0,--.--,--.--,0000:32:26,73,0,0,1,1,15.30,-1.00,-195,--.--,50,--.--,--:--:--,1,-15.30,16:07:04,21:07:04,7/9/26,--.--,--.--,--.--,--.--,--.--,--.--,--.--,--.--,--.--,--.--,--.--,--.--,0,--.--,--.--,--.--,--.--,--.--,--.--,--.--,--.--,--.--,--.--,--.--,--.--,--.--,--.--,--.--,--.--,0,0.000,0.000,0.000,0.000,0.000,0.000,0.000,0.000,0.000,0.000,0.000,0.000,true,true,true,true,true,true,false,false,true,true,false,false,0.09,0.01,0.03,0.02,--.--,--.--,0.15,0.17,9223372036854775808,0,--.--,--.--,--.--,--.--,--.--,0,0,0,0,37.4122948,-121.9985267,10SEG 88624 41081,0.7,1.1,53.7,3,10,--.--,--.--,,--.--,--.--,--.--,0,0,--.--,--.--,0,0.1,0.1,-30.1,0.0,0.0,0.3,0.0,-0.0,-29.9,-0.0,-0.1,0.3,--.--,--.--,--.--,--.--,0.5,-0.0,253.5,-0.5,-0.2,0.0,288.15,--.--,--.--,0,0,0.0,0.0,0.0,0,0,0,--.--,--.--,--.--
2026-07-09 16:07:05.550,0.4,0.0,253,0.3,-0.0,0.0,0.0,-1.4,0.000,-0.3,29.9,67.9,66.7,30.009,0.000,0.000,0.000,0.0,00:11:06,0.1,6.0,1,--.--,0,--.--,--.--,0000:32:26,73,0,0,1,1,15.30,-1.00,-196,--.--,50,--.--,--:--:--,1,-15.30,16:07:05,21:07:05,7/9/26,--.--,--.--,--.--,--.--,--.--,--.--,--.--,--.--,--.--,--.--,--.--,--.--,0,--.--,--.--,--.--,--.--,--.--,--.--,--.--,--.--,--.--,--.--,--.--,--.--,--.--,--.--,--.--,--.--,0,0.000,0.000,0.000,0.000,0.000,0.000,0.000,0.000,0.000,0.000,0.000,0.000,true,true,true,true,true,true,false,false,true,true,false,false,0.09,0.00,0.03,0.01,--.--,--.--,0.15,0.17,9223372036854775808,0,--.--,--.--,--.--,--.--,--.--,0,0,0,0,37.4122953,-121.9985267,10SEG 88624 41081,0.7,1.1,94.9,3,10,--.--,--.--,,--.--,--.--,--.--,0,0,--.--,--.--,0,0.1,0.1,-30.1,0.0,0.0,0.3,0.0,-0.0,-29.9,-0.0,-0.1,0.3,--.--,--.--,--.--,--.--,0.5,0.0,253.5,0.2,-0.0,-0.0,288.15,--.--,--.--,0,0,0.0,0.0,0.0,0,0,0,--.--,--.--,--.--
2026-07-09 16:07:06.551,0.4,-0.1,253,0.6,0.0,-0.0,0.0,-1.2,0.000,-0.3,29.9,67.9,66.7,30.015,0.000,0.000,0.000,0.0,00:11:07,0.1,7.9,1,--.--,0,--.--,--.--,0000:32:26,73,0,0,1,1,15.30,-1.00,-196,--.--,50,--.--,--:--:--,1,-15.30,16:07:06,21:07:06,7/9/26,--.--,--.--,--.--,--.--,--.--,--.--,--.--,--.--,--.--,--.--,--.--,--.--,0,--.--,--.--,--.--,--.--,--.--,--.--,--.--,--.--,--.--,--.--,--.--,--.--,--.--,--.--,--.--,--.--,0,0.000,0.000,0.000,0.000,0.000,0.000,0.000,0.000,0.000,0.000,0.000,0.000,true,true,true,true,true,true,false,false,true,true,false,false,0.09,0.00,0.03,0.01,--.--,--.--,0.15,0.17,9223372036854775808,0,--.--,--.--,--.--,--.--,--.--,0,0,0,0,37.4122950,-121.9985267,10SEG 88624 41081,0.7,1.1,204.5,3,10,--.--,--.--,,--.--,--.--,--.--,0,0,--.--,--.--,0,0.1,0.1,-30.1,-0.0,-0.0,0.3,0.0,-0.0,-29.9,-0.0,-0.1,0.3,--.--,--.--,--.--,--.--,0.5,-0.0,253.6,0.9,0.2,-0.0,288.15,--.--,--.--,0,0,0.0,0.0,0.0,0,0,0,--.--,--.--,--.--
2026-07-09 16:07:07.551,0.8,-0.0,253,-0.7,0.0,0.0,0.0,-1.1,0.000,-0.3,29.9,67.9,66.7,30.010,0.000,0.000,0.000,0.0,00:11:08,0.1,4.1,1,--.--,0,--.--,--.--,0000:32:26,72,0,0,1,1,15.30,-1.00,-196,--.--,50,--.--,--:--:--,1,-15.30,16:07:07,21:07:07,7/9/26,--.--,--.--,--.--,--.--,--.--,--.--,--.--,--.--,--.--,--.--,--.--,--.--,0,--.--,--.--,--.--,--.--,--.--,--.--,--.--,--.--,--.--,--.--,--.--,--.--,--.--,--.--,--.--,--.--,0,0.000,0.000,0.000,0.000,0.000,0.000,0.000,0.000,0.000,0.000,0.000,0.000,true,true,true,true,true,true,false,false,true,true,false,false,0.09,0.00,0.03,0.01,--.--,--.--,0.15,0.17,9223372036854775808,0,--.--,--.--,--.--,--.--,--.--,0,0,0,0,37.4122950,-121.9985266,10SEG 88624 41081,0.7,1.1,294.0,3,10,--.--,--.--,,--.--,--.--,--.--,0,0,--.--,--.--,0,0.0,0.0,-30.1,0.0,-0.0,0.3,0.0,-0.0,-29.9,0.0,-0.0,0.3,--.--,--.--,--.--,--.--,0.6,0.0,253.5,-0.9,0.1,0.0,288.15,--.--,--.--,0,0,0.0,0.0,0.0,0,0,0,--.--,--.--,--.--
2026-07-09 16:07:08.551,0.1,-0.0,253,0.8,0.1,-0.0,0.0,0.9,0.000,-0.3,29.9,67.9,66.7,29.990,0.000,0.000,0.000,0.0,00:11:09,0.1,5.2,1,--.--,0,--.--,--.--,0000:32:26,72,0,0,1,1,15.30,-1.00,-196,--.--,50,--.--,--:--:--,1,-15.30,16:07:08,21:07:08,7/9/26,--.--,--.--,--.--,--.--,--.--,--.--,--.--,--.--,--.--,--.--,--.--,--.--,0,--.--,--.--,--.--,--.--,--.--,--.--,--.--,--.--,--.--,--.--,--.--,--.--,--.--,--.--,--.--,--.--,0,0.000,0.000,0.000,0.000,0.000,0.000,0.000,0.000,0.000,0.000,0.000,0.000,true,true,true,true,true,true,false,false,true,true,false,false,0.09,0.00,0.03,0.01,--.--,--.--,0.15,0.17,9223372036854775808,0,--.--,--.--,--.--,--.--,--.--,0,0,0,0,37.4122950,-121.9985271,10SEG 88624 41081,0.7,1.1,165.9,3,10,--.--,--.--,,--.--,--.--,--.--,0,0,--.--,--.--,0,0.1,0.0,-30.1,-0.0,0.0,0.3,0.0,-0.0,-29.9,-0.0,-0.0,0.3,--.--,--.--,--.--,--.--,0.4,0.0,253.5,1.4,0.2,-0.0,288.15,--.--,--.--,0,0,0.0,0.0,0.0,0,0,0,--.--,--.--,--.--
2026-07-09 16:07:09.551,0.7,0.0,253,-0.9,-0.0,0.0,0.0,0.9,0.000,-0.2,29.9,67.8,66.7,29.970,0.000,0.000,0.000,0.0,00:11:10,0.1,2.0,1,--.--,0,--.--,--.--,0000:32:26,73,0,0,1,1,15.30,-1.00,-197,--.--,50,--.--,--:--:--,1,-15.30,16:07:09,21:07:09,7/9/26,--.--,--.--,--.--,--.--,--.--,--.--,--.--,--.--,--.--,--.--,--.--,--.--,0,--.--,--.--,--.--,--.--,--.--,--.--,--.--,--.--,--.--,--.--,--.--,--.--,--.--,--.--,--.--,--.--,0,0.000,0.000,0.000,0.000,0.000,0.000,0.000,0.000,0.000,0.000,0.000,0.000,true,true,true,true,true,true,false,false,true,true,false,false,0.07,0.00,0.03,0.02,--.--,--.--,0.15,0.17,9223372036854775808,0,--.--,--.--,--.--,--.--,--.--,0,0,0,0,37.4122947,-121.9985271,10SEG 88624 41081,0.7,1.1,36.7,3,10,--.--,--.--,,--.--,--.--,--.--,0,0,--.--,--.--,0,0.1,0.0,-30.1,0.0,0.0,0.2,0.0,-0.0,-29.9,-0.0,-0.0,0.2,--.--,--.--,--.--,--.--,0.5,0.0,253.4,-1.3,-0.1,0.0,288.15,--.--,--.--,0,0,0.0,0.0,0.0,0,0,0,--.--,--.--,--.--
2026-07-09 16:07:10.551,0.0,-0.0,253,0.4,0.1,0.0,0.0,1.0,0.000,-0.2,29.8,67.8,66.7,29.967,0.000,0.000,0.000,0.0,00:11:11,0.1,2.5,1,--.--,0,--.--,--.--,0000:32:26,73,0,0,1,1,15.30,-1.00,-197,--.--,50,--.--,--:--:--,1,-15.30,16:07:10,21:07:10,7/9/26,--.--,--.--,--.--,--.--,--.--,--.--,--.--,--.--,--.--,--.--,--.--,--.--,0,--.--,--.--,--.--,--.--,--.--,--.--,--.--,--.--,--.--,--.--,--.--,--.--,--.--,--.--,--.--,--.--,0,0.000,0.000,0.000,0.000,0.000,0.000,0.000,0.000,0.000,0.000,0.000,0.000,true,true,true,true,true,true,false,false,true,true,false,false,0.07,0.00,0.03,0.02,--.--,--.--,0.15,0.17,9223372036854775808,0,--.--,--.--,--.--,--.--,--.--,0,0,0,0,37.4122951,-121.9985269,10SEG 88624 41081,0.7,1.1,37.4,3,10,--.--,--.--,,--.--,--.--,--.--,0,0,--.--,--.--,0,0.1,0.1,-30.1,-0.0,0.0,0.2,0.0,-0.0,-29.9,-0.0,-0.0,0.2,--.--,--.--,--.--,--.--,0.2,0.0,253.4,0.7,0.1,-0.0,288.15,--.--,--.--,0,0,0.0,0.0,0.0,0,0,0,--.--,--.--,--.--
2026-07-09 16:07:11.551,0.6,0.1,253,-0.4,-0.0,0.0,0.0,-0.7,0.000,-0.2,29.8,67.8,66.7,29.949,0.000,0.000,0.000,0.0,00:11:12,0.1,3.0,1,--.--,0,--.--,--.--,0000:32:26,73,0,0,1,1,15.30,-1.00,-197,--.--,50,--.--,--:--:--,1,-15.30,16:07:11,21:07:11,7/9/26,--.--,--.--,--.--,--.--,--.--,--.--,--.--,--.--,--.--,--.--,--.--,--.--,0,--.--,--.--,--.--,--.--,--.--,--.--,--.--,--.--,--.--,--.--,--.--,--.--,--.--,--.--,--.--,--.--,0,0.000,0.000,0.000,0.000,0.000,0.000,0.000,0.000,0.000,0.000,0.000,0.000,true,true,true,true,true,true,false,false,true,true,false,false,0.06,0.00,0.03,0.02,--.--,--.--,0.15,0.17,9223372036854775808,0,--.--,--.--,--.--,--.--,--.--,0,0,0,0,37.4122952,-121.9985266,10SEG 88624 41081,0.7,1.1,83.6,3,10,--.--,--.--,,--.--,--.--,--.--,0,0,--.--,--.--,0,0.1,0.1,-30.1,-0.0,0.0,0.2,0.0,-0.0,-29.9,-0.0,-0.1,0.2,--.--,--.--,--.--,--.--,0.5,0.0,253.5,-0.6,-0.3,0.0,288.15,--.--,--.--,0,0,0.0,0.0,0.0,0,0,0,--.--,--.--,--.--
2026-07-09 16:07:12.551,0.9,0.0,253,1.1,0.1,-0.0,0.0,1.4,0.000,-0.2,29.8,67.8,66.7,29.967,0.000,0.000,0.000,0.0,00:11:13,0.1,4.2,1,--.--,0,--.--,--.--,0000:32:26,73,0,0,1,1,15.30,-1.00,-197,--.--,50,--.--,--:--:--,1,-15.30,16:07:12,21:07:12,7/9/26,--.--,--.--,--.--,--.--,--.--,--.--,--.--,--.--,--.--,--.--,--.--,--.--,0,--.--,--.--,--.--,--.--,--.--,--.--,--.--,--.--,--.--,--.--,--.--,--.--,--.--,--.--,--.--,--.--,0,0.000,0.000,0.000,0.000,0.000,0.000,0.000,0.000,0.000,0.000,0.000,0.000,true,true,true,true,true,true,false,false,true,true,false,false,0.06,0.00,0.03,0.02,--.--,--.--,0.15,0.17,9223372036854775808,0,--.--,--.--,--.--,--.--,--.--,0,0,0,0,37.4122947,-121.9985266,10SEG 88624 41081,0.7,1.1,172.6,3,10,--.--,--.--,,--.--,--.--,--.--,0,0,--.--,--.--,0,0.1,0.1,-30.1,-0.0,-0.0,0.2,0.0,-0.0,-29.9,-0.0,-0.1,0.2,--.--,--.--,--.--,--.--,1.1,0.0,253.5,0.9,-0.0,0.1,288.15,--.--,--.--,0,0,0.0,0.0,0.0,0,0,0,--.--,--.--,--.--
2026-07-09 16:07:13.550,0.3,-0.0,253,-0.8,-0.1,0.1,0.0,-0.7,0.000,-0.2,29.8,67.8,66.7,29.959,0.000,0.000,0.000,0.0,00:11:14,0.1,2.9,1,--.--,0,--.--,--.--,0000:32:26,73,0,0,1,1,15.30,-1.00,-198,--.--,50,--.--,--:--:--,1,-15.30,16:07:13,21:07:13,7/9/26,--.--,--.--,--.--,--.--,--.--,--.--,--.--,--.--,--.--,--.--,--.--,--.--,0,--.--,--.--,--.--,--.--,--.--,--.--,--.--,--.--,--.--,--.--,--.--,--.--,--.--,--.--,--.--,--.--,0,0.000,0.000,0.000,0.000,0.000,0.000,0.000,0.000,0.000,0.000,0.000,0.000,true,true,true,true,true,true,false,false,true,true,false,false,0.07,0.01,0.03,0.01,--.--,--.--,0.15,0.17,9223372036854775808,0,--.--,--.--,--.--,--.--,--.--,0,0,0,0,37.4122945,-121.9985267,10SEG 88624 41081,0.7,1.1,254.6,3,10,--.--,--.--,,--.--,--.--,--.--,0,0,--.--,--.--,0,0.1,0.1,-30.1,0.0,-0.0,0.2,0.0,-0.0,-29.9,-0.0,-0.1,0.2,--.--,--.--,--.--,--.--,0.3,0.0,253.5,-0.2,0.0,-0.0,288.15,--.--,--.--,0,0,0.0,0.0,0.0,0,0,0,--.--,--.--,--.--
2026-07-09 16:07:14.551,0.7,0.0,253,0.1,0.0,-0.1,0.0,1.2,0.000,-0.2,29.8,67.8,66.7,29.965,0.000,0.000,0.000,0.0,00:11:15,0.1,3.8,1,--.--,0,--.--,--.--,0000:32:26,73,0,0,1,1,15.30,-1.00,-198,--.--,50,--.--,--:--:--,1,-15.30,16:07:14,21:07:14,7/9/26,--.--,--.--,--.--,--.--,--.--,--.--,--.--,--.--,--.--,--.--,--.--,--.--,0,--.--,--.--,--.--,--.--,--.--,--.--,--.--,--.--,--.--,--.--,--.--,--.--,--.--,--.--,--.--,--.--,0,0.000,0.000,0.000,0.000,0.000,0.000,0.000,0.000,0.000,0.000,0.000,0.000,true,true,true,true,true,true,false,false,true,true,false,false,0.07,0.01,0.03,0.01,--.--,--.--,0.15,0.17,9223372036854775808,0,--.--,--.--,--.--,--.--,--.--,0,0,0,0,37.4122946,-121.9985266,10SEG 88624 41081,0.7,1.1,218.5,3,10,--.--,--.--,,--.--,--.--,--.--,0,0,--.--,--.--,0,0.0,0.0,-30.1,0.0,-0.0,0.2,0.0,-0.0,-29.9,0.0,-0.0,0.2,--.--,--.--,--.--,--.--,0.7,0.0,253.5,0.1,-0.0,0.0,288.15,--.--,--.--,0,0,0.0,0.0,0.0,0,0,0,--.--,--.--,--.--
2026-07-09 16:07:15.551,0.3,0.0,253,-0.6,-0.0,0.0,0.0,-1.3,0.000,-0.2,29.8,67.8,66.7,29.964,0.000,0.000,0.000,0.0,00:11:16,0.1,3.6,1,--.--,0,--.--,--.--,0000:32:26,73,0,0,1,1,15.30,-1.00,-198,--.--,50,--.--,--:--:--,1,-15.30,16:07:15,21:07:15,7/9/26,--.--,--.--,--.--,--.--,--.--,--.--,--.--,--.--,--.--,--.--,--.--,--.--,0,--.--,--.--,--.--,--.--,--.--,--.--,--.--,--.--,--.--,--.--,--.--,--.--,--.--,--.--,--.--,--.--,0,0.000,0.000,0.000,0.000,0.000,0.000,0.000,0.000,0.000,0.000,0.000,0.000,true,true,true,true,true,true,false,false,true,true,false,false,0.08,0.01,0.03,0.01,--.--,--.--,0.15,0.17,9223372036854775808,0,--.--,--.--,--.--,--.--,--.--,0,0,0,0,37.4122945,-121.9985265,10SEG 88624 41081,0.7,1.1,234.3,3,10,--.--,--.--,,--.--,--.--,--.--,0,0,--.--,--.--,0,0.1,0.1,-30.1,0.0,0.0,0.2,0.0,-0.0,-29.9,-0.0,-0.1,0.2,--.--,--.--,--.--,--.--,0.3,0.0,253.5,-0.2,-0.0,-0.0,288.15,--.--,--.--,0,0,0.0,0.0,0.0,0,0,0,--.--,--.--,--.--
2026-07-09 16:07:16.551,0.9,0.0,253,0.1,0.0,-0.1,0.0,1.1,0.000,-0.2,29.8,67.8,66.7,29.967,0.000,0.000,0.000,0.0,00:11:17,0.1,7.0,1,--.--,0,--.--,--.--,0000:32:26,73,0,0,1,1,15.30,-1.00,-198,--.--,50,--.--,--:--:--,1,-15.30,16:07:16,21:07:16,7/9/26,--.--,--.--,--.--,--.--,--.--,--.--,--.--,--.--,--.--,--.--,--.--,--.--,0,--.--,--.--,--.--,--.--,--.--,--.--,--.--,--.--,--.--,--.--,--.--,--.--,--.--,--.--,--.--,--.--,0,0.000,0.000,0.000,0.000,0.000,0.000,0.000,0.000,0.000,0.000,0.000,0.000,true,true,true,true,true,true,false,false,true,true,false,false,0.08,0.01,0.03,0.01,--.--,--.--,0.15,0.17,9223372036854775808,0,--.--,--.--,--.--,--.--,--.--,0,0,0,0,37.4122945,-121.9985260,10SEG 88624 41081,0.7,1.1,104.4,3,10,--.--,--.--,,--.--,--.--,--.--,0,0,--.--,--.--,0,0.0,0.1,-30.1,0.0,0.0,0.2,0.0,-0.0,-29.9,0.0,-0.1,0.2,--.--,--.--,--.--,--.--,0.9,0.0,253.5,-0.2,-0.1,0.0,288.15,--.--,--.--,0,0,0.0,0.0,0.0,0,0,0,--.--,--.--,--.--
2026-07-09 16:07:17.551,0.7,-0.0,253,0.3,-0.1,0.1,0.0,-1.1,0.000,-0.2,29.8,67.8,66.7,29.973,0.000,0.000,0.000,0.0,00:11:18,0.1,5.2,1,--.--,0,--.--,--.--,0000:32:26,73,0,0,1,1,15.30,-1.00,-199,--.--,50,--.--,--:--:--,1,-15.30,16:07:17,21:07:17,7/9/26,--.--,--.--,--.--,--.--,--.--,--.--,--.--,--.--,--.--,--.--,--.--,--.--,0,--.--,--.--,--.--,--.--,--.--,--.--,--.--,--.--,--.--,--.--,--.--,--.--,--.--,--.--,--.--,--.--,0,0.000,0.000,0.000,0.000,0.000,0.000,0.000,0.000,0.000,0.000,0.000,0.000,true,true,true,true,true,true,false,false,true,true,false,false,0.08,0.01,0.03,0.01,--.--,--.--,0.15,0.17,9223372036854775808,0,--.--,--.--,--.--,--.--,--.--,0,0,0,0,37.4122943,-121.9985260,10SEG 88624 41081,0.7,1.1,268.6,3,10,--.--,--.--,,--.--,--.--,--.--,0,0,--.--,--.--,0,0.0,0.1,-30.1,0.0,-0.0,0.2,0.0,-0.0,-29.9,0.0,-0.1,0.2,--.--,--.--,--.--,--.--,0.7,0.0,253.5,0.4,0.1,-0.0,288.15,--.--,--.--,0,0,0.0,0.0,0.0,0,0,0,--.--,--.--,--.--
2026-07-09 16:07:18.551,0.7,-0.0,253,-0.4,0.1,0.0,0.0,1.6,0.000,-0.2,29.8,67.8,66.7,29.968,0.000,0.000,0.000,0.0,00:11:19,0.1,2.9,1,--.--,0,--.--,--.--,0000:32:26,73,0,0,1,1,15.30,-1.00,-199,--.--,50,--.--,--:--:--,1,-15.30,16:07:18,21:07:18,7/9/26,--.--,--.--,--.--,--.--,--.--,--.--,--.--,--.--,--.--,--.--,--.--,--.--,0,--.--,--.--,--.--,--.--,--.--,--.--,--.--,--.--,--.--,--.--,--.--,--.--,--.--,--.--,--.--,--.--,0,0.000,0.000,0.000,0.000,0.000,0.000,0.000,0.000,0.000,0.000,0.000,0.000,true,true,true,true,true,true,false,false,true,true,false,false,0.08,0.01,0.03,0.01,--.--,--.--,0.15,0.17,9223372036854775808,0,--.--,--.--,--.--,--.--,--.--,0,0,0,0,37.4122947,-121.9985267,10SEG 88624 41081,0.7,1.1,286.9,3,10,--.--,--.--,,--.--,--.--,--.--,0,0,--.--,--.--,0,0.0,0.1,-30.1,0.0,-0.0,0.2,0.0,-0.0,-29.9,0.0,-0.1,0.2,--.--,--.--,--.--,--.--,0.6,0.0,253.5,-0.6,0.0,0.0,288.15,--.--,--.--,0,0,0.0,0.0,0.0,0,0,0,--.--,--.--,--.--
2026-07-09 16:07:19.551,0.1,-0.0,253,0.2,0.0,0.0,0.0,0.7,0.000,-0.2,29.8,67.8,66.7,29.950,0.000,0.000,0.000,0.0,00:11:20,0.1,3.1,1,--.--,0,--.--,--.--,0000:32:26,73,0,0,1,1,15.30,-1.00,-200,--.--,50,--.--,--:--:--,1,-15.30,16:07:19,21:07:19,7/9/26,--.--,--.--,--.--,--.--,--.--,--.--,--.--,--.--,--.--,--.--,--.--,--.--,0,--.--,--.--,--.--,--.--,--.--,--.--,--.--,--.--,--.--,--.--,--.--,--.--,--.--,--.--,--.--,--.--,0,0.000,0.000,0.000,0.000,0.000,0.000,0.000,0.000,0.000,0.000,0.000,0.000,true,true,true,true,true,true,false,false,true,true,false,false,0.07,0.01,0.03,0.01,--.--,--.--,0.15,0.17,9223372036854775808,0,--.--,--.--,--.--,--.--,--.--,0,0,0,0,37.4122947,-121.9985277,10SEG 88624 41081,0.7,1.1,269.0,3,10,--.--,--.--,,--.--,--.--,--.--,0,0,--.--,--.--,0,0.1,0.0,-30.1,-0.0,-0.0,0.2,0.0,-0.0,-29.9,-0.0,-0.0,0.2,--.--,--.--,--.--,--.--,0.2,0.0,253.5,0.7,0.1,-0.0,288.15,--.--,--.--,0,0,0.0,0.0,0.0,0,0,0,--.--,--.--,--.--
2026-07-09 16:07:20.551,1.1,0.0,253,-0.3,0.0,-0.1,0.0,-1.2,0.000,-0.2,29.8,67.8,66.7,29.950,0.000,0.000,0.000,0.0,00:11:21,0.0,1.3,1,--.--,0,--.--,--.--,0000:32:26,73,0,0,1,1,15.30,-1.00,-200,--.--,50,--.--,--:--:--,1,-15.30,16:07:20,21:07:20,7/9/26,--.--,--.--,--.--,--.--,--.--,--.--,--.--,--.--,--.--,--.--,--.--,--.--,0,--.--,--.--,--.--,--.--,--.--,--.--,--.--,--.--,--.--,--.--,--.--,--.--,--.--,--.--,--.--,--.--,0,0.000,0.000,0.000,0.000,0.000,0.000,0.000,0.000,0.000,0.000,0.000,0.000,true,true,true,true,true,true,false,false,true,true,false,false,0.07,0.01,0.03,0.01,--.--,--.--,0.15,0.17,9223372036854775808,0,--.--,--.--,--.--,--.--,--.--,0,0,0,0,37.4122945,-121.9985274,10SEG 88624 41081,0.7,1.1,56.0,3,10,--.--,--.--,,--.--,--.--,--.--,0,0,--.--,--.--,0,0.0,0.0,-30.1,0.0,0.0,0.2,0.0,-0.0,-29.9,0.0,-0.0,0.2,--.--,--.--,--.--,--.--,0.9,0.0,253.4,-1.2,-0.1,0.0,288.15,--.--,--.--,0,0,0.0,0.0,0.0,0,0,0,--.--,--.--,--.--
2026-07-09 16:07:21.551,-0.1,-0.1,253,0.7,0.0,0.1,0.1,0.5,0.000,-0.2,29.8,67.8,66.7,29.962,0.000,0.000,0.000,0.0,00:11:22,0.1,1.0,1,--.--,0,--.--,--.--,0000:32:26,73,0,0,1,1,15.30,-1.00,-200,--.--,50,--.--,--:--:--,1,-15.30,16:07:21,21:07:21,7/9/26,--.--,--.--,--.--,--.--,--.--,--.--,--.--,--.--,--.--,--.--,--.--,--.--,0,--.--,--.--,--.--,--.--,--.--,--.--,--.--,--.--,--.--,--.--,--.--,--.--,--.--,--.--,--.--,--.--,0,0.000,0.000,0.000,0.000,0.000,0.000,0.000,0.000,0.000,0.000,0.000,0.000,true,true,true,true,true,true,false,false,true,true,false,false,0.07,0.00,0.03,0.02,--.--,--.--,0.15,0.17,9223372036854775808,0,--.--,--.--,--.--,--.--,--.--,0,0,0,0,37.4122946,-121.9985279,10SEG 88624 41081,0.7,1.1,61.6,3,10,--.--,--.--,,--.--,--.--,--.--,0,0,--.--,--.--,0,0.1,0.0,-30.1,0.0,0.0,0.2,0.0,-0.0,-29.9,-0.0,-0.0,0.2,--.--,--.--,--.--,--.--,0.2,-0.0,253.4,1.7,0.3,-0.0,288.15,--.--,--.--,0,0,0.0,0.0,0.0,0,0,0,--.--,--.--,--.--
2026-07-09 16:07:22.551,1.0,-0.0,253,-0.2,0.0,-0.1,0.0,-1.8,0.000,-0.2,29.8,67.8,66.7,29.975,0.000,0.000,0.000,0.0,00:11:23,0.1,1.6,1,--.--,0,--.--,--.--,0000:32:26,72,0,0,1,1,15.30,-1.00,-200,--.--,50,--.--,--:--:--,1,-15.30,16:07:22,21:07:22,7/9/26,--.--,--.--,--.--,--.--,--.--,--.--,--.--,--.--,--.--,--.--,--.--,--.--,0,--.--,--.--,--.--,--.--,--.--,--.--,--.--,--.--,--.--,--.--,--.--,--.--,--.--,--.--,--.--,--.--,0,0.000,0.000,0.000,0.000,0.000,0.000,0.000,0.000,0.000,0.000,0.000,0.000,true,true,true,true,true,true,false,false,true,true,false,false,0.07,0.00,0.03,0.02,--.--,--.--,0.15,0.17,9223372036854775808,0,--.--,--.--,--.--,--.--,--.--,0,0,0,0,37.4122949,-121.9985273,10SEG 88624 41081,0.7,1.1,129.5,3,10,--.--,--.--,,--.--,--.--,--.--,0,0,--.--,--.--,0,0.0,0.0,-30.1,0.0,0.0,0.2,0.0,-0.0,-29.9,0.0,-0.0,0.2,--.--,--.--,--.--,--.--,0.9,-0.0,253.4,-0.5,0.1,0.0,288.15,--.--,--.--,0,0,0.0,0.0,0.0,0,0,0,--.--,--.--,--.--
2026-07-09 16:07:23.551,0.3,-0.0,253,0.5,0.1,0.0,0.0,1.4,0.000,-0.2,29.8,67.8,66.7,29.954,0.000,0.000,0.000,0.0,00:11:24,0.1,1.7,1,--.--,0,--.--,--.--,0000:32:26,73,0,0,1,1,15.30,-1.00,-201,--.--,50,--.--,--:--:--,1,-15.30,16:07:23,21:07:23,7/9/26,--.--,--.--,--.--,--.--,--.--,--.--,--.--,--.--,--.--,--.--,--.--,--.--,0,--.--,--.--,--.--,--.--,--.--,--.--,--.--,--.--,--.--,--.--,--.--,--.--,--.--,--.--,--.--,--.--,0,0.000,0.000,0.000,0.000,0.000,0.000,0.000,0.000,0.000,0.000,0.000,0.000,true,true,true,true,true,true,false,false,true,true,false,false,0.07,0.00,0.02,0.02,--.--,--.--,0.15,0.17,9223372036854775808,0,--.--,--.--,--.--,--.--,--.--,0,0,0,0,37.4122946,-121.9985272,10SEG 88624 41081,0.7,1.1,87.2,3,10,--.--,--.--,,--.--,--.--,--.--,0,0,--.--,--.--,0,0.0,0.0,-30.1,0.0,0.0,0.2,0.0,-0.0,-29.9,-0.0,-0.0,0.2,--.--,--.--,--.--,--.--,0.5,-0.0,253.4,1.0,0.1,-0.0,288.15,--.--,--.--,0,0,0.0,0.0,0.0,0,0,0,--.--,--.--,--.--
2026-07-09 16:07:24.551,0.8,0.0,253,-1.0,-0.1,0.1,0.0,0.1,0.000,-0.2,29.8,67.8,66.7,29.943,0.000,0.000,0.000,0.0,00:11:25,0.1,2.6,1,--.--,0,--.--,--.--,0000:32:26,73,0,0,1,1,15.30,-1.00,-201,--.--,50,--.--,--:--:--,1,-15.30,16:07:24,21:07:24,7/9/26,--.--,--.--,--.--,--.--,--.--,--.--,--.--,--.--,--.--,--.--,--.--,--.--,0,--.--,--.--,--.--,--.--,--.--,--.--,--.--,--.--,--.--,--.--,--.--,--.--,--.--,--.--,--.--,--.--,0,0.000,0.000,0.000,0.000,0.000,0.000,0.000,0.000,0.000,0.000,0.000,0.000,true,true,true,true,true,true,false,false,true,true,false,false,0.07,0.00,0.02,0.02,--.--,--.--,0.15,0.17,9223372036854775808,0,--.--,--.--,--.--,--.--,--.--,0,0,0,0,37.4122939,-121.9985269,10SEG 88624 41081,0.7,1.1,79.3,3,10,--.--,--.--,,--.--,--.--,--.--,0,0,--.--,--.--,0,0.0,0.1,-30.1,0.0,0.0,0.2,0.0,-0.0,-29.9,0.0,-0.1,0.2,--.--,--.--,--.--,--.--,0.6,0.0,253.4,-1.2,-0.1,0.0,288.15,--.--,--.--,0,0,0.0,0.0,0.0,0,0,0,--.--,--.--,--.--
2026-07-09 16:07:25.551,0.8,-0.0,253,1.3,0.1,-0.0,0.0,-0.9,0.000,-0.2,29.8,67.8,66.7,29.939,0.000,0.000,0.000,0.0,00:11:26,0.1,5.0,1,--.--,0,--.--,--.--,0000:32:26,73,0,0,1,1,15.30,-1.00,-201,--.--,50,--.--,--:--:--,1,-15.30,16:07:25,21:07:25,7/9/26,--.--,--.--,--.--,--.--,--.--,--.--,--.--,--.--,--.--,--.--,--.--,--.--,0,--.--,--.--,--.--,--.--,--.--,--.--,--.--,--.--,--.--,--.--,--.--,--.--,--.--,--.--,--.--,--.--,0,0.000,0.000,0.000,0.000,0.000,0.000,0.000,0.000,0.000,0.000,0.000,0.000,true,true,true,true,true,true,false,false,true,true,false,false,0.06,0.01,0.03,0.01,--.--,--.--,0.15,0.17,9223372036854775808,0,--.--,--.--,--.--,--.--,--.--,0,0,0,0,37.4122941,-121.9985268,10SEG 88624 41081,0.7,1.1,194.2,3,10,--.--,--.--,,--.--,--.--,--.--,0,0,--.--,--.--,0,0.0,0.1,-30.1,0.0,-0.0,0.2,0.0,-0.0,-29.9,0.0,-0.1,0.2,--.--,--.--,--.--,--.--,1.0,-0.0,253.4,1.2,0.1,0.0,288.15,--.--,--.--,0,0,0.0,0.0,0.0,0,0,0,--.--,--.--,--.--
2026-07-09 16:07:26.552,0.3,-0.0,253,-1.3,-0.1,0.1,0.1,-0.4,0.000,-0.2,29.8,67.8,66.7,29.923,0.000,0.000,0.000,0.0,00:11:27,0.1,1.3,1,--.--,0,--.--,--.--,0000:32:26,72,0,0,1,1,15.30,-1.00,-201,--.--,50,--.--,--:--:--,1,-15.30,16:07:26,21:07:26,7/9/26,--.--,--.--,--.--,--.--,--.--,--.--,--.--,--.--,--.--,--.--,--.--,--.--,0,--.--,--.--,--.--,--.--,--.--,--.--,--.--,--.--,--.--,--.--,--.--,--.--,--.--,--.--,--.--,--.--,0,0.000,0.000,0.000,0.000,0.000,0.000,0.000,0.000,0.000,0.000,0.000,0.000,true,true,true,true,true,true,false,false,true,true,false,false,0.06,0.01,0.03,0.01,--.--,--.--,0.15,0.17,9223372036854775808,0,--.--,--.--,--.--,--.--,--.--,0,0,0,0,37.4122941,-121.9985269,10SEG 88624 41081,0.7,1.1,335.0,3,10,--.--,--.--,,--.--,--.--,--.--,0,0,--.--,--.--,0,0.0,0.0,-30.0,0.1,-0.0,0.2,0.0,-0.0,-29.9,0.0,-0.0,0.2,--.--,--.--,--.--,--.--,0.1,-0.0,253.3,-1.1,0.2,-0.0,288.15,--.--,--.--,0,0,0.0,0.0,0.0,0,0,0,--.--,--.--,--.--
2026-07-09 16:07:27.551,0.6,0.0,253,0.6,0.1,-0.1,0.0,-1.4,0.000,-0.2,29.8,67.8,66.7,29.918,0.000,0.000,0.000,0.0,00:11:28,0.1,2.7,1,--.--,0,--.--,--.--,0000:32:26,72,0,0,1,1,15.30,-1.00,-202,--.--,50,--.--,--:--:--,1,-15.30,16:07:27,21:07:27,7/9/26,--.--,--.--,--.--,--.--,--.--,--.--,--.--,--.--,--.--,--.--,--.--,--.--,0,--.--,--.--,--.--,--.--,--.--,--.--,--.--,--.--,--.--,--.--,--.--,--.--,--.--,--.--,--.--,--.--,0,0.000,0.000,0.000,0.000,0.000,0.000,0.000,0.000,0.000,0.000,0.000,0.000,true,true,true,true,true,true,false,false,true,true,false,false,0.05,0.01,0.03,0.01,--.--,--.--,0.15,0.17,9223372036854775808,0,--.--,--.--,--.--,--.--,--.--,0,0,0,0,37.4122942,-121.9985272,10SEG 88624 41081,0.7,1.1,95.8,3,10,--.--,--.--,,--.--,--.--,--.--,0,0,--.--,--.--,0,0.0,0.1,-30.0,0.0,0.0,0.2,0.0,-0.0,-29.9,0.0,-0.1,0.2,--.--,--.--,--.--,--.--,0.7,-0.0,253.4,0.4,-0.0,0.0,288.15,--.--,--.--,0,0,0.0,0.0,0.0,0,0,0,--.--,--.--,--.--
2026-07-09 16:07:28.552,0.5,0.0,253,-0.8,-0.1,0.1,0.1,0.7,0.000,-0.2,29.8,67.8,66.7,29.906,0.000,0.000,0.000,0.0,00:11:29,0.1,2.5,1,--.--,0,--.--,--.--,0000:32:26,73,0,0,1,1,15.30,-1.00,-202,--.--,50,--.--,--:--:--,1,-15.30,16:07:28,21:07:28,7/9/26,--.--,--.--,--.--,--.--,--.--,--.--,--.--,--.--,--.--,--.--,--.--,--.--,0,--.--,--.--,--.--,--.--,--.--,--.--,--.--,--.--,--.--,--.--,--.--,--.--,--.--,--.--,--.--,--.--,0,0.000,0.000,0.000,0.000,0.000,0.000,0.000,0.000,0.000,0.000,0.000,0.000,true,true,true,true,true,true,false,false,true,true,false,false,0.05,0.01,0.03,0.01,--.--,--.--,0.15,0.17,9223372036854775808,0,--.--,--.--,--.--,--.--,--.--,0,0,0,0,37.4122946,-121.9985265,10SEG 88624 41081,0.7,1.1,36.3,3,10,--.--,--.--,,--.--,--.--,--.--,0,0,--.--,--.--,0,0.0,0.1,-30.0,0.1,0.0,0.2,0.0,-0.0,-29.9,0.0,-0.1,0.2,--.--,--.--,--.--,--.--,0.4,0.0,253.3,-0.9,-0.1,-0.0,288.15,--.--,--.--,0,0,0.0,0.0,0.0,0,0,0,--.--,--.--,--.--
2026-07-09 16:07:29.552,0.5,-0.0,253,0.2,0.0,0.0,0.0,0.4,0.000,-0.2,29.8,67.8,66.7,29.896,0.000,0.000,0.000,0.0,00:11:30,0.1,5.3,1,--.--,0,--.--,--.--,0000:32:26,73,0,0,1,1,15.30,-1.00,-202,--.--,50,--.--,--:--:--,1,-15.30,16:07:29,21:07:29,7/9/26,--.--,--.--,--.--,--.--,--.--,--.--,--.--,--.--,--.--,--.--,--.--,--.--,0,--.--,--.--,--.--,--.--,--.--,--.--,--.--,--.--,--.--,--.--,--.--,--.--,--.--,--.--,--.--,--.--,0,0.000,0.000,0.000,0.000,0.000,0.000,0.000,0.000,0.000,0.000,0.000,0.000,true,true,true,true,true,true,false,false,true,true,false,false,0.04,0.01,0.02,0.01,--.--,--.--,0.15,0.17,9223372036854775808,0,--.--,--.--,--.--,--.--,--.--,0,0,0,0,37.4122947,-121.9985265,10SEG 88624 41081,0.7,1.1,103.2,3,10,--.--,--.--,,--.--,--.--,--.--,0,0,--.--,--.--,0,0.0,0.1,-30.0,0.0,-0.0,0.2,0.0,-0.0,-29.9,0.0,-0.1,0.2,--.--,--.--,--.--,--.--,0.5,0.0,253.4,0.2,0.1,-0.0,288.15,--.--,--.--,0,0,0.0,0.0,0.0,0,0,0,--.--,--.--,--.--
2026-07-09 16:07:30.552,0.8,0.0,253,0.1,0.0,-0.0,0.0,-0.6,0.000,-0.2,29.8,67.8,66.7,29.886,0.000,0.000,0.000,0.0,00:11:31,0.1,4.3,1,--.--,0,--.--,--.--,0000:32:26,72,0,0,1,1,15.30,-1.00,-202,--.--,50,--.--,--:--:--,1,-15.30,16:07:30,21:07:30,7/9/26,--.--,--.--,--.--,--.--,--.--,--.--,--.--,--.--,--.--,--.--,--.--,--.--,0,--.--,--.--,--.--,--.--,--.--,--.--,--.--,--.--,--.--,--.--,--.--,--.--,--.--,--.--,--.--,--.--,0,0.000,0.000,0.000,0.000,0.000,0.000,0.000,0.000,0.000,0.000,0.000,0.000,true,true,true,true,true,true,false,false,true,true,false,false,0.04,0.01,0.02,0.01,--.--,--.--,0.15,0.17,9223372036854775808,0,--.--,--.--,--.--,--.--,--.--,0,0,0,0,37.4122944,-121.9985264,10SEG 88624 41081,0.7,1.1,78.7,3,10,--.--,--.--,,--.--,--.--,--.--,0,0,--.--,--.--,0,0.0,0.1,-30.0,0.0,-0.0,0.2,0.0,-0.0,-29.9,0.0,-0.1,0.1,--.--,--.--,--.--,--.--,0.7,-0.0,253.3,-0.1,-0.0,0.0,288.15,--.--,--.--,0,0,0.0,0.0,0.0,0,0,0,--.--,--.--,--.--
2026-07-09 16:07:31.551,0.0,0.0,253,0.3,-0.0,0.0,0.0,-0.4,0.000,-0.1,29.7,67.7,66.7,29.867,0.000,0.000,0.000,0.0,00:11:32,0.1,3.6,1,--.--,0,--.--,--.--,0000:32:26,73,0,0,1,1,15.30,-1.00,-203,--.--,50,--.--,--:--:--,1,-15.30,16:07:31,21:07:31,7/9/26,--.--,--.--,--.--,--.--,--.--,--.--,--.--,--.--,--.--,--.--,--.--,--.--,0,--.--,--.--,--.--,--.--,--.--,--.--,--.--,--.--,--.--,--.--,--.--,--.--,--.--,--.--,--.--,--.--,0,0.000,0.000,0.000,0.000,0.000,0.000,0.000,0.000,0.000,0.000,0.000,0.000,true,true,true,true,true,true,false,false,true,true,false,false,0.04,0.01,0.02,0.01,--.--,--.--,0.15,0.17,9223372036854775808,0,--.--,--.--,--.--,--.--,--.--,0,0,0,0,37.4122950,-121.9985266,10SEG 88624 41081,0.7,1.1,29.4,3,10,--.--,--.--,,--.--,--.--,--.--,0,0,--.--,--.--,0,0.1,0.1,-30.0,0.0,-0.0,0.1,0.0,-0.0,-29.9,-0.0,-0.1,0.1,--.--,--.--,--.--,--.--,0.1,0.0,253.4,0.7,-0.1,-0.0,288.15,--.--,--.--,0,0,0.0,0.0,0.0,0,0,0,--.--,--.--,--.--
2026-07-09 16:07:32.551,0.6,0.0,253,0.2,0.1,-0.0,0.0,-1.6,0.000,-0.1,29.7,67.7,66.7,29.862,0.000,0.000,0.000,0.0,00:11:33,0.1,14.1,1,--.--,0,--.--,--.--,0000:32:26,73,0,0,1,1,15.30,-1.00,-203,--.--,50,--.--,--:--:--,1,-15.30,16:07:32,21:07:32,7/9/26,--.--,--.--,--.--,--.--,--.--,--.--,--.--,--.--,--.--,--.--,--.--,--.--,0,--.--,--.--,--.--,--.--,--.--,--.--,--.--,--.--,--.--,--.--,--.--,--.--,--.--,--.--,--.--,--.--,0,0.000,0.000,0.000,0.000,0.000,0.000,0.000,0.000,0.000,0.000,0.000,0.000,true,true,true,true,true,true,false,false,true,true,false,false,0.04,0.01,0.02,0.01,--.--,--.--,0.15,0.17,9223372036854775808,0,--.--,--.--,--.--,--.--,--.--,0,0,0,0,37.4122944,-121.9985267,10SEG 88624 41081,0.7,1.1,235.1,3,10,--.--,--.--,,--.--,--.--,--.--,0,0,--.--,--.--,0,0.0,0.1,-30.0,0.0,-0.0,0.1,0.0,-0.0,-29.9,-0.0,-0.1,0.1,--.--,--.--,--.--,--.--,0.6,0.0,253.4,0.1,-0.2,0.0,288.15,--.--,--.--,0,0,0.0,0.0,0.0,0,0,0,--.--,--.--,--.--
2026-07-09 16:07:33.551,0.5,0.0,253,-0.1,-0.0,-0.0,0.0,1.1,0.000,-0.1,29.7,67.7,66.7,29.859,0.000,0.000,0.000,0.0,00:11:34,0.1,5.3,1,--.--,0,--.--,--.--,0000:32:26,73,0,0,1,1,15.30,-1.00,-203,--.--,50,--.--,--:--:--,1,-15.30,16:07:33,21:07:33,7/9/26,--.--,--.--,--.--,--.--,--.--,--.--,--.--,--.--,--.--,--.--,--.--,--.--,0,--.--,--.--,--.--,--.--,--.--,--.--,--.--,--.--,--.--,--.--,--.--,--.--,--.--,--.--,--.--,--.--,0,0.000,0.000,0.000,0.000,0.000,0.000,0.000,0.000,0.000,0.000,0.000,0.000,true,true,true,true,true,true,false,false,true,true,false,false,0.04,0.01,0.02,0.01,--.--,--.--,0.15,0.17,9223372036854775808,0,--.--,--.--,--.--,--.--,--.--,0,0,0,0,37.4122944,-121.9985269,10SEG 88624 41081,0.7,1.1,280.9,3,10,--.--,--.--,,--.--,--.--,--.--,0,0,--.--,--.--,0,0.0,0.1,-30.0,0.0,-0.0,0.1,0.0,-0.0,-29.9,0.0,-0.1,0.1,--.--,--.--,--.--,--.--,0.5,0.0,253.4,-0.3,-0.1,0.0,288.15,--.--,--.--,0,0,0.0,0.0,0.0,0,0,0,--.--,--.--,--.--
2026-07-09 16:07:34.551,0.4,0.0,253,0.6,0.0,-0.0,0.0,-0.8,0.000,-0.1,29.7,67.7,66.7,29.852,0.000,0.000,0.000,0.0,00:11:35,0.1,4.3,1,--.--,0,--.--,--.--,0000:32:26,73,0,0,1,1,15.30,-1.00,-203,--.--,50,--.--,--:--:--,1,-15.30,16:07:34,21:07:34,7/9/26,--.--,--.--,--.--,--.--,--.--,--.--,--.--,--.--,--.--,--.--,--.--,--.--,0,--.--,--.--,--.--,--.--,--.--,--.--,--.--,--.--,--.--,--.--,--.--,--.--,--.--,--.--,--.--,--.--,0,0.000,0.000,0.000,0.000,0.000,0.000,0.000,0.000,0.000,0.000,0.000,0.000,true,true,true,true,true,true,false,false,true,true,false,false,0.04,0.01,0.02,0.01,--.--,--.--,0.15,0.17,9223372036854775808,0,--.--,--.--,--.--,--.--,--.--,0,0,0,0,37.4122945,-121.9985266,10SEG 88624 41081,0.7,1.1,71.6,3,10,--.--,--.--,,--.--,--.--,--.--,0,0,--.--,--.--,0,0.0,0.1,-30.0,0.0,0.0,0.1,0.0,-0.0,-29.9,0.0,-0.0,0.1,--.--,--.--,--.--,--.--,0.5,0.0,253.4,0.7,-0.1,0.0,288.15,--.--,--.--,0,0,0.0,0.0,0.0,0,0,0,--.--,--.--,--.--
2026-07-09 16:07:35.551,0.9,0.0,253,-0.7,-0.0,0.0,0.0,1.6,0.000,-0.1,29.7,67.7,66.7,29.863,0.000,0.000,0.000,0.0,00:11:36,0.1,2.9,1,--.--,0,--.--,--.--,0000:32:26,73,0,0,1,1,15.30,-1.00,-204,--.--,50,--.--,--:--:--,1,-15.30,16:07:35,21:07:35,7/9/26,--.--,--.--,--.--,--.--,--.--,--.--,--.--,--.--,--.--,--.--,--.--,--.--,0,--.--,--.--,--.--,--.--,--.--,--.--,--.--,--.--,--.--,--.--,--.--,--.--,--.--,--.--,--.--,--.--,0,0.000,0.000,0.000,0.000,0.000,0.000,0.000,0.000,0.000,0.000,0.000,0.000,true,true,true,true,true,true,false,false,true,true,false,false,0.05,0.01,0.02,0.01,--.--,--.--,0.15,0.17,9223372036854775808,0,--.--,--.--,--.--,--.--,--.--,0,0,0,0,37.4122941,-121.9985266,10SEG 88624 41081,0.7,1.1,78.0,3,10,--.--,--.--,,--.--,--.--,--.--,0,0,--.--,--.--,0,0.0,0.1,-30.0,0.0,0.0,0.1,0.0,-0.0,-29.9,0.0,-0.1,0.1,--.--,--.--,--.--,--.--,0.7,0.0,253.3,-1.0,-0.1,0.0,288.15,--.--,--.--,0,0,0.0,0.0,0.0,0,0,0,--.--,--.--,--.--
2026-07-09 16:07:36.551,0.0,-0.1,253,-0.3,-0.0,0.1,0.0,1.1,0.000,-0.1,29.7,67.7,66.7,29.879,0.000,0.000,0.000,0.0,00:11:37,0.1,2.1,1,--.--,0,--.--,--.--,0000:32:26,73,0,0,1,1,15.30,-1.00,-204,--.--,50,--.--,--:--:--,1,-15.30,16:07:36,21:07:36,7/9/26,--.--,--.--,--.--,--.--,--.--,--.--,--.--,--.--,--.--,--.--,--.--,--.--,0,--.--,--.--,--.--,--.--,--.--,--.--,--.--,--.--,--.--,--.--,--.--,--.--,--.--,--.--,--.--,--.--,0,0.000,0.000,0.000,0.000,0.000,0.000,0.000,0.000,0.000,0.000,0.000,0.000,true,true,true,true,true,true,false,false,true,true,false,false,0.05,0.01,0.02,0.01,--.--,--.--,0.15,0.17,9223372036854775808,0,--.--,--.--,--.--,--.--,--.--,0,0,0,0,37.4122943,-121.9985270,10SEG 88624 41081,0.7,1.1,335.9,3,10,--.--,--.--,,--.--,--.--,--.--,0,0,--.--,--.--,0,0.0,0.1,-30.0,0.0,-0.0,0.1,0.0,-0.0,-29.9,0.0,-0.0,0.2,--.--,--.--,--.--,--.--,0.0,-0.0,253.4,0.1,0.2,-0.0,288.15,--.--,--.--,0,0,0.0,0.0,0.0,0,0,0,--.--,--.--,--.--
2026-07-09 16:07:37.551,0.7,-0.0,253,-0.2,0.1,-0.1,0.0,0.3,0.000,-0.2,29.8,67.7,66.7,29.882,0.000,0.000,0.000,0.0,00:11:38,0.1,10.3,1,--.--,0,--.--,--.--,0000:32:26,73,0,0,1,1,15.30,-1.00,-205,--.--,50,--.--,--:--:--,1,-15.30,16:07:37,21:07:37,7/9/26,--.--,--.--,--.--,--.--,--.--,--.--,--.--,--.--,--.--,--.--,--.--,--.--,0,--.--,--.--,--.--,--.--,--.--,--.--,--.--,--.--,--.--,--.--,--.--,--.--,--.--,--.--,--.--,--.--,0,0.000,0.000,0.000,0.000,0.000,0.000,0.000,0.000,0.000,0.000,0.000,0.000,true,true,true,true,true,true,false,false,true,true,false,false,0.05,0.01,0.02,0.02,--.--,--.--,0.15,0.17,9223372036854775808,0,--.--,--.--,--.--,--.--,--.--,0,0,0,0,37.4122945,-121.9985272,10SEG 88624 41081,0.7,1.1,98.6,3,10,--.--,--.--,,--.--,--.--,--.--,0,0,--.--,--.--,0,0.0,0.0,-30.0,0.0,0.0,0.2,0.0,-0.0,-29.9,0.0,-0.0,0.1,--.--,--.--,--.--,--.--,0.5,-0.0,253.4,-0.6,0.1,0.0,288.15,--.--,--.--,0,0,0.0,0.0,0.0,0,0,0,--.--,--.--,--.--
2026-07-09 16:07:38.551,0.3,-0.0,253,0.3,0.0,-0.0,0.0,0.6,0.000,-0.1,29.8,67.7,66.7,29.883,0.000,0.000,0.000,0.0,00:11:39,0.1,1.9,1,--.--,0,--.--,--.--,0000:32:26,73,0,0,1,1,15.30,-1.00,-205,--.--,50,--.--,--:--:--,1,-15.30,16:07:38,21:07:38,7/9/26,--.--,--.--,--.--,--.--,--.--,--.--,--.--,--.--,--.--,--.--,--.--,--.--,0,--.--,--.--,--.--,--.--,--.--,--.--,--.--,--.--,--.--,--.--,--.--,--.--,--.--,--.--,--.--,--.--,0,0.000,0.000,0.000,0.000,0.000,0.000,0.000,0.000,0.000,0.000,0.000,0.000,true,true,true,true,true,true,false,false,true,true,false,false,0.05,0.01,0.02,0.02,--.--,--.--,0.15,0.17,9223372036854775808,0,--.--,--.--,--.--,--.--,--.--,0,0,0,0,37.4122948,-121.9985269,10SEG 88624 41081,0.7,1.1,86.4,3,10,--.--,--.--,,--.--,--.--,--.--,0,0,--.--,--.--,0,0.0,0.0,-30.0,0.0,0.0,0.2,0.0,-0.0,-29.9,0.0,-0.0,0.2,--.--,--.--,--.--,--.--,0.4,0.0,253.4,0.5,0.0,-0.0,288.15,--.--,--.--,0,0,0.0,0.0,0.0,0,0,0,--.--,--.--,--.--
2026-07-09 16:07:39.551,0.4,-0.0,253,0.5,0.0,-0.0,0.0,-0.9,0.000,-0.2,29.8,67.7,66.7,29.897,0.000,0.000,0.000,0.0,00:11:40,0.1,2.5,1,--.--,0,--.--,--.--,0000:32:26,73,0,0,1,1,15.30,-1.00,-205,--.--,50,--.--,--:--:--,1,-15.30,16:07:39,21:07:39,7/9/26,--.--,--.--,--.--,--.--,--.--,--.--,--.--,--.--,--.--,--.--,--.--,--.--,0,--.--,--.--,--.--,--.--,--.--,--.--,--.--,--.--,--.--,--.--,--.--,--.--,--.--,--.--,--.--,--.--,0,0.000,0.000,0.000,0.000,0.000,0.000,0.000,0.000,0.000,0.000,0.000,0.000,true,true,true,true,true,true,false,false,true,true,false,false,0.05,0.00,0.02,0.01,--.--,--.--,0.15,0.17,9223372036854775808,0,--.--,--.--,--.--,--.--,--.--,0,0,0,0,37.4122948,-121.9985269,10SEG 88624 41081,0.7,1.1,180.9,3,10,--.--,--.--,,--.--,--.--,--.--,0,0,--.--,--.--,0,0.0,0.1,-30.0,0.0,0.0,0.2,0.0,-0.0,-29.9,0.0,-0.1,0.2,--.--,--.--,--.--,--.--,0.6,-0.0,253.4,0.7,0.1,-0.0,288.15,--.--,--.--,0,0,0.0,0.0,0.0,0,0,0,--.--,--.--,--.--
2026-07-09 16:07:40.552,0.2,-0.0,253,-1.2,-0.0,0.1,0.0,0.7,0.000,-0.2,29.8,67.8,66.7,29.888,0.000,0.000,0.000,0.0,00:11:41,0.1,3.7,1,--.--,0,--.--,--.--,0000:32:26,73,0,0,1,1,15.30,-1.00,-205,--.--,50,--.--,--:--:--,1,-15.30,16:07:40,21:07:40,7/9/26,--.--,--.--,--.--,--.--,--.--,--.--,--.--,--.--,--.--,--.--,--.--,--.--,0,--.--,--.--,--.--,--.--,--.--,--.--,--.--,--.--,--.--,--.--,--.--,--.--,--.--,--.--,--.--,--.--,0,0.000,0.000,0.000,0.000,0.000,0.000,0.000,0.000,0.000,0.000,0.000,0.000,true,true,true,true,true,true,false,false,true,true,false,false,0.05,0.00,0.02,0.01,--.--,--.--,0.15,0.17,9223372036854775808,0,--.--,--.--,--.--,--.--,--.--,0,0,0,0,37.4122955,-121.9985268,10SEG 88624 41081,0.7,1.1,326.4,3,10,--.--,--.--,,--.--,--.--,--.--,0,0,--.--,--.--,0,0.1,0.1,-30.0,0.0,0.0,0.2,0.0,-0.0,-29.9,-0.0,-0.1,0.2,--.--,--.--,--.--,--.--,-0.1,-0.0,253.4,-1.4,0.1,-0.0,288.15,--.--,--.--,0,0,0.0,0.0,0.0,0,0,0,--.--,--.--,--.--
2026-07-09 16:07:41.551,0.3,-0.0,253,2.2,0.0,-0.1,0.0,1.6,0.000,-0.1,29.8,67.7,66.7,29.899,0.000,0.000,0.000,0.0,00:11:42,0.1,3.0,1,--.--,0,--.--,--.--,0000:32:26,72,0,0,1,1,15.30,-1.00,-206,--.--,50,--.--,--:--:--,1,-15.30,16:07:41,21:07:41,7/9/26,--.--,--.--,--.--,--.--,--.--,--.--,--.--,--.--,--.--,--.--,--.--,--.--,0,--.--,--.--,--.--,--.--,--.--,--.--,--.--,--.--,--.--,--.--,--.--,--.--,--.--,--.--,--.--,--.--,0,0.000,0.000,0.000,0.000,0.000,0.000,0.000,0.000,0.000,0.000,0.000,0.000,true,true,true,true,true,true,false,false,true,true,false,false,0.05,0.01,0.02,0.00,--.--,--.--,0.15,0.17,9223372036854775808,0,--.--,--.--,--.--,--.--,--.--,0,0,0,0,37.4122953,-121.9985265,10SEG 88624 41081,0.7,1.1,136.2,3,10,--.--,--.--,,--.--,--.--,--.--,0,0,--.--,--.--,0,0.1,0.1,-30.0,-0.0,0.0,0.2,0.0,-0.0,-29.9,-0.0,-0.1,0.2,--.--,--.--,--.--,--.--,0.7,0.0,253.5,2.4,0.2,0.0,288.15,--.--,--.--,0,0,0.0,0.0,0.0,0,0,0,--.--,--.--,--.--
2026-07-09 16:07:42.552,0.6,-0.0,253,-0.8,-0.0,0.0,0.0,1.6,0.000,-0.2,29.8,67.8,66.7,29.896,0.000,0.000,0.000,0.0,00:11:43,0.1,55.1,1,--.--,0,--.--,--.--,0000:32:26,73,0,0,1,1,15.30,-1.00,-206,--.--,50,--.--,--:--:--,1,-15.30,16:07:42,21:07:42,7/9/26,--.--,--.--,--.--,--.--,--.--,--.--,--.--,--.--,--.--,--.--,--.--,--.--,0,--.--,--.--,--.--,--.--,--.--,--.--,--.--,--.--,--.--,--.--,--.--,--.--,--.--,--.--,--.--,--.--,0,0.000,0.000,0.000,0.000,0.000,0.000,0.000,0.000,0.000,0.000,0.000,0.000,true,true,true,true,true,true,false,false,true,true,false,false,0.05,0.01,0.02,0.00,--.--,--.--,0.15,0.17,9223372036854775808,0,--.--,--.--,--.--,--.--,--.--,0,0,0,0,37.4122953,-121.9985263,10SEG 88624 41081,0.7,1.1,109.6,3,10,--.--,--.--,,--.--,--.--,--.--,0,0,--.--,--.--,0,0.1,0.1,-30.0,0.0,-0.0,0.2,0.0,-0.0,-29.9,-0.0,-0.1,0.2,--.--,--.--,--.--,--.--,0.5,-0.0,253.4,-0.8,0.0,0.0,288.15,--.--,--.--,0,0,0.0,0.0,0.0,0,0,0,--.--,--.--,--.--
2026-07-09 16:07:43.551,0.4,0.0,253,-0.4,-0.0,0.0,0.0,-1.2,0.000,-0.1,29.8,67.7,66.7,29.879,0.000,0.000,0.000,0.0,00:11:44,0.1,12.5,1,--.--,0,--.--,--.--,0000:32:26,73,0,0,1,1,15.30,-1.00,-206,--.--,50,--.--,--:--:--,1,-15.30,16:07:43,21:07:43,7/9/26,--.--,--.--,--.--,--.--,--.--,--.--,--.--,--.--,--.--,--.--,--.--,--.--,0,--.--,--.--,--.--,--.--,--.--,--.--,--.--,--.--,--.--,--.--,--.--,--.--,--.--,--.--,--.--,--.--,0,0.000,0.000,0.000,0.000,0.000,0.000,0.000,0.000,0.000,0.000,0.000,0.000,true,true,true,true,true,true,false,false,true,true,false,false,0.05,0.01,0.02,0.01,--.--,--.--,0.15,0.17,9223372036854775808,0,--.--,--.--,--.--,--.--,--.--,0,0,0,0,37.4122950,-121.9985260,10SEG 88624 41081,0.7,1.1,137.1,3,10,--.--,--.--,,--.--,--.--,--.--,0,0,--.--,--.--,0,0.1,0.1,-30.0,0.0,-0.0,0.1,0.0,-0.0,-29.9,-0.0,-0.1,0.1,--.--,--.--,--.--,--.--,0.3,0.0,253.4,-0.2,-0.0,-0.0,288.15,--.--,--.--,0,0,0.0,0.0,0.0,0,0,0,--.--,--.--,--.--
2026-07-09 16:07:44.551,0.7,-0.0,253,0.7,-0.0,-0.0,0.0,1.2,0.000,-0.1,29.8,67.7,66.7,29.885,0.000,0.000,0.000,0.0,00:11:45,0.2,13.6,1,--.--,0,--.--,--.--,0000:32:26,73,0,0,1,1,15.30,-1.00,-206,--.--,50,--.--,--:--:--,1,-15.30,16:07:44,21:07:44,7/9/26,--.--,--.--,--.--,--.--,--.--,--.--,--.--,--.--,--.--,--.--,--.--,--.--,0,--.--,--.--,--.--,--.--,--.--,--.--,--.--,--.--,--.--,--.--,--.--,--.--,--.--,--.--,--.--,--.--,0,0.000,0.000,0.000,0.000,0.000,0.000,0.000,0.000,0.000,0.000,0.000,0.000,true,true,true,true,true,true,false,false,true,true,false,false,0.05,0.01,0.02,0.01,--.--,--.--,0.15,0.17,9223372036854775808,0,--.--,--.--,--.--,--.--,--.--,0,0,0,0,37.4122949,-121.9985261,10SEG 88624 41081,0.7,1.1,98.2,3,10,--.--,--.--,,--.--,--.--,--.--,0,0,--.--,--.--,0,0.1,0.1,-30.0,-0.0,-0.0,0.1,0.0,-0.0,-29.9,-0.0,-0.1,0.2,--.--,--.--,--.--,--.--,0.8,-0.0,253.5,0.7,0.0,0.0,288.15,--.--,--.--,0,0,0.0,0.0,0.0,0,0,0,--.--,--.--,--.--
2026-07-09 16:07:45.551,0.2,-0.0,253,-0.4,-0.1,0.1,0.0,-1.7,0.000,-0.1,29.8,67.7,66.7,29.881,0.000,0.000,0.000,0.0,00:11:46,0.1,3.9,1,--.--,0,--.--,--.--,0000:32:26,73,0,0,1,1,15.30,-1.00,-207,--.--,50,--.--,--:--:--,1,-15.30,16:07:45,21:07:45,7/9/26,--.--,--.--,--.--,--.--,--.--,--.--,--.--,--.--,--.--,--.--,--.--,--.--,0,--.--,--.--,--.--,--.--,--.--,--.--,--.--,--.--,--.--,--.--,--.--,--.--,--.--,--.--,--.--,--.--,0,0.000,0.000,0.000,0.000,0.000,0.000,0.000,0.000,0.000,0.000,0.000,0.000,true,true,true,true,true,true,false,false,true,true,false,false,0.04,0.00,0.02,0.01,--.--,--.--,0.15,0.17,9223372036854775808,0,--.--,--.--,--.--,--.--,--.--,0,0,0,0,37.4122948,-121.9985265,10SEG 88624 41081,0.7,1.1,270.6,3,10,--.--,--.--,,--.--,--.--,--.--,0,0,--.--,--.--,0,0.1,0.1,-30.0,0.0,-0.0,0.1,0.0,-0.0,-29.9,-0.0,-0.1,0.1,--.--,--.--,--.--,--.--,0.2,0.0,253.5,0.1,0.1,-0.0,288.15,--.--,--.--,0,0,0.0,0.0,0.0,0,0,0,--.--,--.--,--.--
2026-07-09 16:07:46.551,0.6,0.0,253,0.1,0.0,-0.1,0.0,0.8,0.000,-0.1,29.7,67.7,66.7,29.866,0.000,0.000,0.000,0.0,00:11:47,0.1,3.0,1,--.--,0,--.--,--.--,0000:32:26,72,0,0,1,1,15.30,-1.00,-207,--.--,50,--.--,--:--:--,1,-15.30,16:07:46,21:07:46,7/9/26,--.--,--.--,--.--,--.--,--.--,--.--,--.--,--.--,--.--,--.--,--.--,--.--,0,--.--,--.--,--.--,--.--,--.--,--.--,--.--,--.--,--.--,--.--,--.--,--.--,--.--,--.--,--.--,--.--,0,0.000,0.000,0.000,0.000,0.000,0.000,0.000,0.000,0.000,0.000,0.000,0.000,true,true,true,true,true,true,false,false,true,true,false,false,0.04,0.00,0.02,0.01,--.--,--.--,0.15,0.17,9223372036854775808,0,--.--,--.--,--.--,--.--,--.--,0,0,0,0,37.4122946,-121.9985266,10SEG 88624 41081,0.7,1.1,215.9,3,10,--.--,--.--,,--.--,--.--,--.--,0,0,--.--,--.--,0,0.0,0.1,-30.0,-0.0,-0.0,0.1,0.0,-0.0,-29.9,-0.0,-0.1,0.1,--.--,--.--,--.--,--.--,0.6,0.0,253.5,0.0,-0.1,0.0,288.15,--.--,--.--,0,0,0.0,0.0,0.0,0,0,0,--.--,--.--,--.--
2026-07-09 16:07:47.552,0.4,0.0,253,-0.2,-0.0,-0.0,0.0,0.8,0.000,-0.1,29.7,67.7,66.7,29.867,0.000,0.000,0.000,0.0,00:11:48,0.1,5.0,1,--.--,0,--.--,--.--,0000:32:26,73,0,0,1,1,15.30,-1.00,-207,--.--,50,--.--,--:--:--,1,-15.30,16:07:47,21:07:47,7/9/26,--.--,--.--,--.--,--.--,--.--,--.--,--.--,--.--,--.--,--.--,--.--,--.--,0,--.--,--.--,--.--,--.--,--.--,--.--,--.--,--.--,--.--,--.--,--.--,--.--,--.--,--.--,--.--,--.--,0,0.000,0.000,0.000,0.000,0.000,0.000,0.000,0.000,0.000,0.000,0.000,0.000,true,true,true,true,true,true,false,false,true,true,false,false,0.05,0.00,0.02,0.01,--.--,--.--,0.15,0.17,9223372036854775808,0,--.--,--.--,--.--,--.--,--.--,0,0,0,0,37.4122946,-121.9985260,10SEG 88624 41081,0.7,1.1,35.1,3,10,--.--,--.--,,--.--,--.--,--.--,0,0,--.--,--.--,0,0.0,0.1,-30.0,0.0,-0.0,0.1,0.0,-0.0,-29.9,-0.0,-0.1,0.1,--.--,--.--,--.--,--.--,0.4,0.0,253.4,-0.0,-0.1,0.0,288.15,--.--,--.--,0,0,0.0,0.0,0.0,0,0,0,--.--,--.--,--.--
2026-07-09 16:07:48.551,0.6,0.1,253,0.4,-0.0,-0.0,0.0,0.2,0.000,-0.1,29.7,67.7,66.7,29.870,0.000,0.000,0.000,0.0,00:11:49,0.2,8.3,1,--.--,0,--.--,--.--,0000:32:26,73,0,0,1,1,15.30,-1.00,-207,--.--,50,--.--,--:--:--,1,-15.30,16:07:48,21:07:48,7/9/26,--.--,--.--,--.--,--.--,--.--,--.--,--.--,--.--,--.--,--.--,--.--,--.--,0,--.--,--.--,--.--,--.--,--.--,--.--,--.--,--.--,--.--,--.--,--.--,--.--,--.--,--.--,--.--,--.--,0,0.000,0.000,0.000,0.000,0.000,0.000,0.000,0.000,0.000,0.000,0.000,0.000,true,true,true,true,true,true,false,false,true,true,false,false,0.05,0.00,0.02,0.01,--.--,--.--,0.15,0.17,9223372036854775808,0,--.--,--.--,--.--,--.--,--.--,0,0,0,0,37.4122947,-121.9985259,10SEG 88624 41081,0.7,1.1,130.4,3,10,--.--,--.--,,--.--,--.--,--.--,0,0,--.--,--.--,0,0.0,0.1,-30.0,0.0,0.0,0.1,0.0,-0.0,-29.9,-0.0,-0.1,0.1,--.--,--.--,--.--,--.--,0.7,-0.0,253.4,0.4,-0.2,0.0,288.15,--.--,--.--,0,0,0.0,0.0,0.0,0,0,0,--.--,--.--,--.--
2026-07-09 16:07:49.552,0.2,0.0,253,-0.3,-0.1,0.1,0.0,1.2,0.000,-0.1,29.7,67.7,66.7,29.885,0.000,0.000,0.000,0.0,00:11:50,0.2,6.6,1,--.--,0,--.--,--.--,0000:32:26,74,0,0,1,1,15.30,-1.00,-208,--.--,50,--.--,--:--:--,1,-15.30,16:07:49,21:07:49,7/9/26,--.--,--.--,--.--,--.--,--.--,--.--,--.--,--.--,--.--,--.--,--.--,--.--,0,--.--,--.--,--.--,--.--,--.--,--.--,--.--,--.--,--.--,--.--,--.--,--.--,--.--,--.--,--.--,--.--,0,0.000,0.000,0.000,0.000,0.000,0.000,0.000,0.000,0.000,0.000,0.000,0.000,true,true,true,true,true,true,false,false,true,true,false,false,0.04,0.01,0.02,0.01,--.--,--.--,0.15,0.17,9223372036854775808,0,--.--,--.--,--.--,--.--,--.--,0,0,0,0,37.4122951,-121.9985255,10SEG 88625 41081,0.7,1.1,51.9,3,10,--.--,--.--,,--.--,--.--,--.--,0,0,--.--,--.--,0,0.1,0.2,-30.0,0.0,-0.0,0.1,0.0,-0.0,-29.9,-0.0,-0.1,0.2,--.--,--.--,--.--,--.--,0.2,0.0,253.5,0.2,-0.1,-0.0,288.15,--.--,--.--,0,0,0.0,0.0,0.0,0,0,0,--.--,--.--,--.--
2026-07-09 16:07:50.552,0.8,0.0,253,-0.3,0.1,0.0,0.0,-0.7,0.000,-0.2,29.8,67.8,66.7,29.897,0.000,0.000,0.000,0.0,00:11:51,0.2,5.4,1,--.--,0,--.--,--.--,0000:32:26,74,0,0,1,1,15.30,-1.00,-208,--.--,50,--.--,--:--:--,1,-15.30,16:07:50,21:07:50,7/9/26,--.--,--.--,--.--,--.--,--.--,--.--,--.--,--.--,--.--,--.--,--.--,--.--,0,--.--,--.--,--.--,--.--,--.--,--.--,--.--,--.--,--.--,--.--,--.--,--.--,--.--,--.--,--.--,--.--,0,0.000,0.000,0.000,0.000,0.000,0.000,0.000,0.000,0.000,0.000,0.000,0.000,true,true,true,true,true,true,false,false,true,true,false,false,0.04,0.01,0.02,0.01,--.--,--.--,0.15,0.17,9223372036854775808,0,--.--,--.--,--.--,--.--,--.--,0,0,0,0,37.4122951,-121.9985256,10SEG 88625 41081,0.7,1.1,226.5,3,10,--.--,--.--,,--.--,--.--,--.--,0,0,--.--,--.--,0,0.1,0.2,-30.0,-0.0,-0.0,0.2,0.0,-0.0,-29.9,-0.0,-0.1,0.2,--.--,--.--,--.--,--.--,0.6,0.0,253.5,-0.6,-0.1,0.0,288.15,--.--,--.--,0,0,0.0,0.0,0.0,0,0,0,--.--,--.--,--.--
2026-07-09 16:07:51.552,0.3,0.0,253,-0.0,-0.1,0.0,0.1,0.7,0.000,-0.2,29.8,67.7,66.7,29.891,0.000,0.000,0.000,0.0,00:11:52,0.1,2.5,1,--.--,0,--.--,--.--,0000:32:26,73,0,0,1,1,15.30,-1.00,-208,--.--,50,--.--,--:--:--,1,-15.30,16:07:51,21:07:51,7/9/26,--.--,--.--,--.--,--.--,--.--,--.--,--.--,--.--,--.--,--.--,--.--,--.--,0,--.--,--.--,--.--,--.--,--.--,--.--,--.--,--.--,--.--,--.--,--.--,--.--,--.--,--.--,--.--,--.--,0,0.000,0.000,0.000,0.000,0.000,0.000,0.000,0.000,0.000,0.000,0.000,0.000,true,true,true,true,true,true,false,false,true,true,false,false,0.05,0.00,0.02,0.01,--.--,--.--,0.15,0.17,9223372036854775808,0,--.--,--.--,--.--,--.--,--.--,0,0,0,0,37.4122950,-121.9985260,10SEG 88624 41081,0.7,1.1,247.0,3,10,--.--,--.--,,--.--,--.--,--.--,0,0,--.--,--.--,0,0.1,0.1,-30.0,-0.0,-0.1,0.2,0.0,-0.0,-29.9,-0.0,-0.1,0.2,--.--,--.--,--.--,--.--,0.4,0.0,253.6,0.3,-0.0,-0.0,288.15,--.--,--.--,0,0,0.0,0.0,0.0,0,0,0,--.--,--.--,--.--
2026-07-09 16:07:52.552,0.6,0.0,253,-0.7,-0.0,-0.0,0.0,0.1,0.000,-0.2,29.8,67.8,66.7,29.893,0.000,0.000,0.000,0.0,00:11:53,0.1,3.1,1,--.--,0,--.--,--.--,0000:32:26,73,0,0,1,1,15.30,-1.00,-208,--.--,50,--.--,--:--:--,1,-15.30,16:07:52,21:07:52,7/9/26,--.--,--.--,--.--,--.--,--.--,--.--,--.--,--.--,--.--,--.--,--.--,--.--,0,--.--,--.--,--.--,--.--,--.--,--.--,--.--,--.--,--.--,--.--,--.--,--.--,--.--,--.--,--.--,--.--,0,0.000,0.000,0.000,0.000,0.000,0.000,0.000,0.000,0.000,0.000,0.000,0.000,true,true,true,true,true,true,false,false,true,true,false,false,0.05,0.00,0.02,0.01,--.--,--.--,0.15,0.17,9223372036854775808,0,--.--,--.--,--.--,--.--,--.--,0,0,0,0,37.4122953,-121.9985267,10SEG 88624 41081,0.7,1.1,292.6,3,10,--.--,--.--,,--.--,--.--,--.--,0,0,--.--,--.--,0,0.1,0.1,-30.0,0.0,-0.0,0.2,0.0,-0.0,-29.9,-0.0,-0.1,0.2,--.--,--.--,--.--,--.--,0.4,-0.0,253.5,-1.0,-0.1,0.0,288.15,--.--,--.--,0,0,0.0,0.0,0.0,0,0,0,--.--,--.--,--.--
2026-07-09 16:07:53.552,0.0,-0.0,253,1.6,0.0,-0.1,0.0,-0.8,0.000,-0.2,29.8,67.8,66.7,29.906,0.000,0.000,0.000,0.0,00:11:54,0.1,6.3,1,--.--,0,--.--,--.--,0000:32:26,73,0,0,1,1,15.30,-1.00,-209,--.--,50,--.--,--:--:--,1,-15.30,16:07:53,21:07:53,7/9/26,--.--,--.--,--.--,--.--,--.--,--.--,--.--,--.--,--.--,--.--,--.--,--.--,0,--.--,--.--,--.--,--.--,--.--,--.--,--.--,--.--,--.--,--.--,--.--,--.--,--.--,--.--,--.--,--.--,0,0.000,0.000,0.000,0.000,0.000,0.000,0.000,0.000,0.000,0.000,0.000,0.000,true,true,true,true,true,true,false,false,true,true,false,false,0.06,0.01,0.02,0.01,--.--,--.--,0.15,0.17,9223372036854775808,0,--.--,--.--,--.--,--.--,--.--,0,0,0,0,37.4122949,-121.9985272,10SEG 88624 41081,0.7,1.1,212.0,3,10,--.--,--.--,,--.--,--.--,--.--,0,0,--.--,--.--,0,0.1,0.0,-30.0,-0.0,0.0,0.2,0.0,-0.0,-29.9,-0.0,-0.0,0.2,--.--,--.--,--.--,--.--,0.5,0.0,253.6,2.3,0.2,-0.0,288.15,--.--,--.--,0,0,0.0,0.0,0.0,0,0,0,--.--,--.--,--.--
2026-07-09 16:07:54.552,0.7,-0.0,253,-1.6,-0.0,0.0,0.0,-1.9,0.000,-0.2,29.8,67.8,66.7,29.928,0.000,0.000,0.000,0.0,00:11:55,0.1,2.8,1,--.--,0,--.--,--.--,0000:32:26,73,0,0,1,1,15.30,-1.00,-209,--.--,50,--.--,--:--:--,1,-15.30,16:07:54,21:07:54,7/9/26,--.--,--.--,--.--,--.--,--.--,--.--,--.--,--.--,--.--,--.--,--.--,--.--,0,--.--,--.--,--.--,--.--,--.--,--.--,--.--,--.--,--.--,--.--,--.--,--.--,--.--,--.--,--.--,--.--,0,0.000,0.000,0.000,0.000,0.000,0.000,0.000,0.000,0.000,0.000,0.000,0.000,true,true,true,true,true,true,false,false,true,true,false,false,0.06,0.01,0.02,0.01,--.--,--.--,0.15,0.17,9223372036854775808,0,--.--,--.--,--.--,--.--,--.--,0,0,0,0,37.4122949,-121.9985270,10SEG 88624 41081,0.7,1.1,42.4,3,10,--.--,--.--,,--.--,--.--,--.--,0,0,--.--,--.--,0,0.1,0.0,-30.1,0.0,0.0,0.2,0.0,-0.0,-29.9,-0.0,-0.0,0.2,--.--,--.--,--.--,--.--,0.3,0.0,253.4,-1.9,0.0,0.0,288.15,--.--,--.--,0,0,0.0,0.0,0.0,0,0,0,--.--,--.--,--.--
2026-07-09 16:07:55.552,0.4,-0.0,253,1.2,0.1,-0.1,0.0,-0.9,0.000,-0.2,29.8,67.8,66.7,29.931,0.000,0.000,0.000,0.0,00:11:56,0.1,2.9,1,--.--,0,--.--,--.--,0000:32:26,73,0,0,1,1,15.30,-1.00,-210,--.--,50,--.--,--:--:--,1,-15.30,16:07:55,21:07:55,7/9/26,--.--,--.--,--.--,--.--,--.--,--.--,--.--,--.--,--.--,--.--,--.--,--.--,0,--.--,--.--,--.--,--.--,--.--,--.--,--.--,--.--,--.--,--.--,--.--,--.--,--.--,--.--,--.--,--.--,0,0.000,0.000,0.000,0.000,0.000,0.000,0.000,0.000,0.000,0.000,0.000,0.000,true,true,true,true,true,true,false,false,true,true,false,false,0.06,0.00,0.02,0.01,--.--,--.--,0.15,0.17,9223372036854775808,0,--.--,--.--,--.--,--.--,--.--,0,0,0,0,37.4122952,-121.9985266,10SEG 88624 41081,0.7,1.1,100.9,3,10,--.--,--.--,,--.--,--.--,--.--,0,0,--.--,--.--,0,0.1,0.1,-30.1,-0.0,0.0,0.2,0.0,-0.0,-29.9,-0.0,-0.1,0.2,--.--,--.--,--.--,--.--,0.6,0.0,253.5,1.3,0.2,-0.0,288.15,--.--,--.--,0,0,0.0,0.0,0.0,0,0,0,--.--,--.--,--.--
2026-07-09 16:07:56.552,0.5,-0.0,253,-0.4,-0.0,0.0,0.0,0.9,0.000,-0.2,29.8,67.8,66.7,29.931,0.000,0.000,0.000,0.0,00:11:57,0.1,6.7,1,--.--,0,--.--,--.--,0000:32:26,73,0,0,1,1,15.30,-1.00,-210,--.--,50,--.--,--:--:--,1,-15.30,16:07:56,21:07:56,7/9/26,--.--,--.--,--.--,--.--,--.--,--.--,--.--,--.--,--.--,--.--,--.--,--.--,0,--.--,--.--,--.--,--.--,--.--,--.--,--.--,--.--,--.--,--.--,--.--,--.--,--.--,--.--,--.--,--.--,0,0.000,0.000,0.000,0.000,0.000,0.000,0.000,0.000,0.000,0.000,0.000,0.000,true,true,true,true,true,true,false,false,true,true,false,false,0.06,0.00,0.02,0.01,--.--,--.--,0.15,0.17,9223372036854775808,0,--.--,--.--,--.--,--.--,--.--,0,0,0,0,37.4122953,-121.9985261,10SEG 88624 41081,0.7,1.1,83.6,3,10,--.--,--.--,,--.--,--.--,--.--,0,0,--.--,--.--,0,0.1,0.1,-30.1,0.0,0.0,0.2,0.0,-0.0,-29.9,-0.0,-0.1,0.2,--.--,--.--,--.--,--.--,0.5,-0.0,253.4,-0.2,0.1,-0.0,288.15,--.--,--.--,0,0,0.0,0.0,0.0,0,0,0,--.--,--.--,--.--
2026-07-09 16:07:57.552,0.6,-0.0,253,-0.2,-0.0,0.0,0.0,2.2,0.000,-0.2,29.8,67.8,66.7,29.915,0.000,0.000,0.000,0.0,00:11:58,0.1,12.3,1,--.--,0,--.--,--.--,0000:32:26,73,0,0,1,1,15.30,-1.00,-210,--.--,50,--.--,--:--:--,1,-15.30,16:07:57,21:07:57,7/9/26,--.--,--.--,--.--,--.--,--.--,--.--,--.--,--.--,--.--,--.--,--.--,--.--,0,--.--,--.--,--.--,--.--,--.--,--.--,--.--,--.--,--.--,--.--,--.--,--.--,--.--,--.--,--.--,--.--,0,0.000,0.000,0.000,0.000,0.000,0.000,0.000,0.000,0.000,0.000,0.000,0.000,true,true,true,true,true,true,false,false,true,true,false,false,0.05,0.01,0.02,0.01,--.--,--.--,0.15,0.17,9223372036854775808,0,--.--,--.--,--.--,--.--,--.--,0,0,0,0,37.4122956,-121.9985266,10SEG 88624 41081,0.7,1.1,195.0,3,10,--.--,--.--,,--.--,--.--,--.--,0,0,--.--,--.--,0,0.1,0.1,-30.0,-0.0,-0.0,0.2,0.0,-0.0,-29.9,-0.0,-0.1,0.2,--.--,--.--,--.--,--.--,0.5,0.0,253.5,-0.3,0.0,0.0,288.15,--.--,--.--,0,0,0.0,0.0,0.0,0,0,0,--.--,--.--,--.--
2026-07-09 16:07:58.552,0.7,-0.0,253,0.1,-0.0,-0.0,0.0,-0.6,0.000,-0.2,29.8,67.8,66.7,29.903,0.000,0.000,0.000,0.0,00:11:59,0.1,5.9,1,--.--,0,--.--,--.--,0000:32:26,73,0,0,1,1,15.30,-1.00,-210,--.--,50,--.--,--:--:--,1,-15.30,16:07:58,21:07:58,7/9/26,--.--,--.--,--.--,--.--,--.--,--.--,--.--,--.--,--.--,--.--,--.--,--.--,0,--.--,--.--,--.--,--.--,--.--,--.--,--.--,--.--,--.--,--.--,--.--,--.--,--.--,--.--,--.--,--.--,0,0.000,0.000,0.000,0.000,0.000,0.000,0.000,0.000,0.000,0.000,0.000,0.000,true,true,true,true,true,true,false,false,true,true,false,false,0.05,0.01,0.02,0.01,--.--,--.--,0.15,0.17,9223372036854775808,0,--.--,--.--,--.--,--.--,--.--,0,0,0,0,37.4122950,-121.9985266,10SEG 88624 41081,0.7,1.1,192.5,3,10,--.--,--.--,,--.--,--.--,--.--,0,0,--.--,--.--,0,0.1,0.1,-30.0,-0.0,-0.0,0.2,0.0,-0.0,-29.9,-0.0,-0.1,0.2,--.--,--.--,--.--,--.--,0.7,0.0,253.5,0.1,0.0,0.0,288.15,--.--,--.--,0,0,0.0,0.0,0.0,0,0,0,--.--,--.--,--.--
2026-07-09 16:07:59.552,0.5,-0.0,253,-0.5,-0.0,0.0,0.0,1.3,0.000,-0.2,29.8,67.8,66.7,29.909,0.000,0.000,0.000,0.0,00:12:00,0.1,11.5,1,--.--,0,--.--,--.--,0000:32:26,72,0,0,1,1,15.30,-1.00,-211,--.--,50,--.--,--:--:--,1,-15.30,16:07:59,21:07:59,7/9/26,--.--,--.--,--.--,--.--,--.--,--.--,--.--,--.--,--.--,--.--,--.--,--.--,0,--.--,--.--,--.--,--.--,--.--,--.--,--.--,--.--,--.--,--.--,--.--,--.--,--.--,--.--,--.--,--.--,0,0.000,0.000,0.000,0.000,0.000,0.000,0.000,0.000,0.000,0.000,0.000,0.000,true,true,true,true,true,true,false,false,true,true,false,false,0.06,0.00,0.02,0.01,--.--,--.--,0.15,0.17,9223372036854775808,0,--.--,--.--,--.--,--.--,--.--,0,0,0,0,37.4122951,-121.9985265,10SEG 88624 41081,0.7,1.1,329.4,3,10,--.--,--.--,,--.--,--.--,--.--,0,0,--.--,--.--,0,0.1,0.1,-30.0,0.0,-0.0,0.2,0.0,-0.0,-29.9,-0.0,-0.1,0.2,--.--,--.--,--.--,--.--,0.4,0.0,253.4,-0.5,0.1,-0.0,288.15,--.--,--.--,0,0,0.0,0.0,0.0,0,0,0,--.--,--.--,--.--
2026-07-09 16:08:00.552,0.5,-0.0,253,0.2,0.1,-0.0,0.0,1.2,0.000,-0.2,29.8,67.8,66.7,29.907,0.000,0.000,0.000,0.0,00:12:01,0.1,7.1,1,--.--,0,--.--,--.--,0000:32:26,73,0,0,1,1,15.30,-1.00,-211,--.--,50,--.--,--:--:--,1,-15.30,16:08:00,21:08:00,7/9/26,--.--,--.--,--.--,--.--,--.--,--.--,--.--,--.--,--.--,--.--,--.--,--.--,0,--.--,--.--,--.--,--.--,--.--,--.--,--.--,--.--,--.--,--.--,--.--,--.--,--.--,--.--,--.--,--.--,0,0.000,0.000,0.000,0.000,0.000,0.000,0.000,0.000,0.000,0.000,0.000,0.000,true,true,true,true,true,true,false,false,true,true,false,false,0.06,0.00,0.02,0.01,--.--,--.--,0.15,0.17,9223372036854775808,0,--.--,--.--,--.--,--.--,--.--,0,0,0,0,37.4122956,-121.9985268,10SEG 88624 41081,0.7,1.1,163.2,3,10,--.--,--.--,,--.--,--.--,--.--,0,0,--.--,--.--,0,0.1,0.1,-30.0,-0.0,0.0,0.2,0.0,-0.0,-29.9,-0.0,-0.1,0.2,--.--,--.--,--.--,--.--,0.5,0.0,253.5,0.0,0.1,-0.0,288.15,--.--,--.--,0,0,0.0,0.0,0.0,0,0,0,--.--,--.--,--.--
2026-07-09 16:08:01.552,0.4,0.0,253,-0.1,-0.0,-0.0,0.0,-0.9,0.000,-0.2,29.8,67.8,66.7,29.879,0.000,0.000,0.000,0.0,00:12:02,0.1,7.1,1,--.--,0,--.--,--.--,0000:32:26,73,0,0,1,1,15.30,-1.00,-211,--.--,50,--.--,--:--:--,1,-15.30,16:08:01,21:08:01,7/9/26,--.--,--.--,--.--,--.--,--.--,--.--,--.--,--.--,--.--,--.--,--.--,--.--,0,--.--,--.--,--.--,--.--,--.--,--.--,--.--,--.--,--.--,--.--,--.--,--.--,--.--,--.--,--.--,--.--,0,0.000,0.000,0.000,0.000,0.000,0.000,0.000,0.000,0.000,0.000,0.000,0.000,true,true,true,true,true,true,false,false,true,true,false,false,0.04,0.01,0.02,0.00,--.--,--.--,0.15,0.17,9223372036854775808,0,--.--,--.--,--.--,--.--,--.--,0,0,0,0,37.4122955,-121.9985270,10SEG 88624 41081,0.7,1.1,55.7,3,10,--.--,--.--,,--.--,--.--,--.--,0,0,--.--,--.--,0,0.1,0.1,-30.0,-0.0,0.0,0.1,0.0,-0.0,-29.9,-0.0,-0.1,0.1,--.--,--.--,--.--,--.--,0.4,0.0,253.5,-0.2,-0.1,-0.0,288.15,--.--,--.--,0,0,0.0,0.0,0.0,0,0,0,--.--,--.--,--.--
2026-07-09 16:08:02.552,0.5,-0.0,253,0.9,0.0,-0.1,0.0,0.9,0.000,-0.1,29.7,67.7,66.7,29.877,0.000,0.000,0.000,0.0,00:12:03,0.1,3.8,1,--.--,0,--.--,--.--,0000:32:26,72,0,0,1,1,15.30,-1.00,-211,--.--,50,--.--,--:--:--,1,-15.30,16:08:02,21:08:02,7/9/26,--.--,--.--,--.--,--.--,--.--,--.--,--.--,--.--,--.--,--.--,--.--,--.--,0,--.--,--.--,--.--,--.--,--.--,--.--,--.--,--.--,--.--,--.--,--.--,--.--,--.--,--.--,--.--,--.--,0,0.000,0.000,0.000,0.000,0.000,0.000,0.000,0.000,0.000,0.000,0.000,0.000,true,true,true,true,true,true,false,false,true,true,false,false,0.04,0.01,0.02,0.00,--.--,--.--,0.15,0.17,9223372036854775808,0,--.--,--.--,--.--,--.--,--.--,0,0,0,0,37.4122953,-121.9985269,10SEG 88624 41081,0.7,1.1,130.6,3,10,--.--,--.--,,--.--,--.--,--.--,0,0,--.--,--.--,0,0.1,0.1,-30.0,-0.0,0.0,0.1,0.0,-0.0,-29.9,-0.0,-0.1,0.1,--.--,--.--,--.--,--.--,0.7,0.0,253.5,0.9,0.0,0.0,288.15,--.--,--.--,0,0,0.0,0.0,0.0,0,0,0,--.--,--.--,--.--
2026-07-09 16:08:03.552,0.4,-0.0,253,-0.7,-0.1,0.0,0.0,-0.5,0.000,-0.1,29.8,67.7,66.7,29.879,0.000,0.000,0.000,0.0,00:12:04,0.1,13.8,1,--.--,0,--.--,--.--,0000:32:26,73,0,0,1,1,15.30,-1.00,-212,--.--,50,--.--,--:--:--,1,-15.30,16:08:03,21:08:03,7/9/26,--.--,--.--,--.--,--.--,--.--,--.--,--.--,--.--,--.--,--.--,--.--,--.--,0,--.--,--.--,--.--,--.--,--.--,--.--,--.--,--.--,--.--,--.--,--.--,--.--,--.--,--.--,--.--,--.--,0,0.000,0.000,0.000,0.000,0.000,0.000,0.000,0.000,0.000,0.000,0.000,0.000,true,true,true,true,true,true,false,false,true,true,false,false,0.04,0.01,0.02,0.01,--.--,--.--,0.15,0.17,9223372036854775808,0,--.--,--.--,--.--,--.--,--.--,0,0,0,0,37.4122955,-121.9985265,10SEG 88624 41081,0.7,1.1,226.0,3,10,--.--,--.--,,--.--,--.--,--.--,0,0,--.--,--.--,0,0.1,0.1,-30.0,-0.0,0.0,0.1,0.0,-0.0,-29.9,-0.0,-0.1,0.1,--.--,--.--,--.--,--.--,0.3,-0.0,253.5,-0.5,0.0,-0.0,288.15,--.--,--.--,0,0,0.0,0.0,0.0,0,0,0,--.--,--.--,--.--
2026-07-09 16:08:04.552,0.4,-0.0,253,0.5,-0.0,-0.0,0.0,0.2,0.000,-0.1,29.7,67.7,66.7,29.874,0.000,0.000,0.000,0.0,00:12:05,0.1,6.6,1,--.--,0,--.--,--.--,0000:32:26,72,0,0,1,1,15.30,-1.00,-212,--.--,50,--.--,--:--:--,1,-15.30,16:08:04,21:08:04,7/9/26,--.--,--.--,--.--,--.--,--.--,--.--,--.--,--.--,--.--,--.--,--.--,--.--,0,--.--,--.--,--.--,--.--,--.--,--.--,--.--,--.--,--.--,--.--,--.--,--.--,--.--,--.--,--.--,--.--,0,0.000,0.000,0.000,0.000,0.000,0.000,0.000,0.000,0.000,0.000,0.000,0.000,true,true,true,true,true,true,false,false,true,true,false,false,0.04,0.01,0.02,0.01,--.--,--.--,0.15,0.17,9223372036854775808,0,--.--,--.--,--.--,--.--,--.--,0,0,0,0,37.4122954,-121.9985267,10SEG 88624 41081,0.7,1.1,168.5,3,10,--.--,--.--,,--.--,--.--,--.--,0,0,--.--,--.--,0,0.1,0.1,-30.0,-0.0,0.0,0.1,0.0,-0.0,-29.9,-0.0,-0.1,0.1,--.--,--.--,--.--,--.--,0.6,0.0,253.5,0.8,0.1,-0.0,288.15,--.--,--.--,0,0,0.0,0.0,0.0,0,0,0,--.--,--.--,--.--
2026-07-09 16:08:05.551,1.1,0.0,253,0.0,0.0,-0.0,0.0,-1.8,0.000,-0.1,29.7,67.7,66.7,29.870,0.000,0.000,0.000,0.0,00:12:06,0.1,7.0,1,--.--,0,--.--,--.--,0000:32:26,72,0,0,1,1,15.30,-1.00,-212,--.--,50,--.--,--:--:--,1,-15.30,16:08:05,21:08:05,7/9/26,--.--,--.--,--.--,--.--,--.--,--.--,--.--,--.--,--.--,--.--,--.--,--.--,0,--.--,--.--,--.--,--.--,--.--,--.--,--.--,--.--,--.--,--.--,--.--,--.--,--.--,--.--,--.--,--.--,0,0.000,0.000,0.000,0.000,0.000,0.000,0.000,0.000,0.000,0.000,0.000,0.000,true,true,true,true,true,true,false,false,true,true,false,false,0.04,0.00,0.02,0.01,--.--,--.--,0.15,0.17,9223372036854775808,0,--.--,--.--,--.--,--.--,--.--,0,0,0,0,37.4122950,-121.9985259,10SEG 88624 41081,0.7,1.1,82.0,3,10,--.--,--.--,,--.--,--.--,--.--,0,0,--.--,--.--,0,0.1,0.1,-30.0,0.0,0.0,0.1,0.0,-0.0,-29.9,-0.0,-0.1,0.1,--.--,--.--,--.--,--.--,1.0,-0.0,253.5,-0.5,-0.1,0.1,288.15,--.--,--.--,0,0,0.0,0.0,0.0,0,0,0,--.--,--.--,--.--
2026-07-09 16:08:06.552,0.2,-0.0,253,0.5,-0.0,0.1,0.0,-2.0,0.000,-0.1,29.7,67.7,66.7,29.866,0.000,0.000,0.000,0.0,00:12:07,0.2,6.2,1,--.--,0,--.--,--.--,0000:32:26,73,0,0,1,1,15.30,-1.00,-212,--.--,50,--.--,--:--:--,1,-15.30,16:08:06,21:08:06,7/9/26,--.--,--.--,--.--,--.--,--.--,--.--,--.--,--.--,--.--,--.--,--.--,--.--,0,--.--,--.--,--.--,--.--,--.--,--.--,--.--,--.--,--.--,--.--,--.--,--.--,--.--,--.--,--.--,--.--,0,0.000,0.000,0.000,0.000,0.000,0.000,0.000,0.000,0.000,0.000,0.000,0.000,true,true,true,true,true,true,false,false,true,true,false,false,0.04,0.00,0.02,0.01,--.--,--.--,0.15,0.17,9223372036854775808,0,--.--,--.--,--.--,--.--,--.--,0,0,0,0,37.4122947,-121.9985261,10SEG 88624 41081,0.7,1.1,300.6,3,10,--.--,--.--,,--.--,--.--,--.--,0,0,--.--,--.--,0,0.1,0.1,-30.0,0.0,-0.0,0.1,0.0,-0.0,-29.9,-0.0,-0.1,0.1,--.--,--.--,--.--,--.--,0.4,0.0,253.5,1.1,0.1,-0.0,288.15,--.--,--.--,0,0,0.0,0.0,0.0,0,0,0,--.--,--.--,--.--
2026-07-09 16:08:07.553,0.8,0.0,253,-0.8,-0.0,0.0,0.0,1.2,0.000,-0.1,29.7,67.7,66.7,29.870,0.000,0.000,0.000,0.0,00:12:08,0.2,8.8,1,--.--,0,--.--,--.--,0000:32:26,72,0,0,1,1,15.30,-1.00,-213,--.--,50,--.--,--:--:--,1,-15.30,16:08:07,21:08:07,7/9/26,--.--,--.--,--.--,--.--,--.--,--.--,--.--,--.--,--.--,--.--,--.--,--.--,0,--.--,--.--,--.--,--.--,--.--,--.--,--.--,--.--,--.--,--.--,--.--,--.--,--.--,--.--,--.--,--.--,0,0.000,0.000,0.000,0.000,0.000,0.000,0.000,0.000,0.000,0.000,0.000,0.000,true,true,true,true,true,true,false,false,true,true,false,false,0.05,0.01,0.02,0.01,--.--,--.--,0.15,0.17,9223372036854775808,0,--.--,--.--,--.--,--.--,--.--,0,0,0,0,37.4122946,-121.9985262,10SEG 88624 41081,0.7,1.1,158.0,3,10,--.--,--.--,,--.--,--.--,--.--,0,0,--.--,--.--,0,0.1,0.1,-30.0,0.0,-0.0,0.1,0.0,-0.0,-29.9,-0.0,-0.1,0.1,--.--,--.--,--.--,--.--,0.6,-0.0,253.6,-0.9,-0.0,0.0,288.15,--.--,--.--,0,0,0.0,0.0,0.0,0,0,0,--.--,--.--,--.--
2026-07-09 16:08:08.552,0.8,0.0,253,0.5,0.0,-0.0,0.0,1.3,0.000,-0.1,29.7,67.7,66.7,29.859,0.000,0.000,0.000,0.0,00:12:09,0.2,7.6,1,--.--,0,--.--,--.--,0000:32:26,73,0,0,1,1,15.30,-1.00,-213,--.--,50,--.--,--:--:--,1,-15.30,16:08:08,21:08:08,7/9/26,--.--,--.--,--.--,--.--,--.--,--.--,--.--,--.--,--.--,--.--,--.--,--.--,0,--.--,--.--,--.--,--.--,--.--,--.--,--.--,--.--,--.--,--.--,--.--,--.--,--.--,--.--,--.--,--.--,0,0.000,0.000,0.000,0.000,0.000,0.000,0.000,0.000,0.000,0.000,0.000,0.000,true,true,true,true,true,true,false,false,true,true,false,false,0.05,0.01,0.02,0.01,--.--,--.--,0.15,0.17,9223372036854775808,0,--.--,--.--,--.--,--.--,--.--,0,0,0,0,37.4122945,-121.9985261,10SEG 88624 41081,0.7,1.1,202.9,3,10,--.--,--.--,,--.--,--.--,--.--,0,0,--.--,--.--,0,0.0,0.1,-30.0,0.0,-0.0,0.1,0.0,-0.0,-29.9,-0.0,-0.1,0.1,--.--,--.--,--.--,--.--,0.8,0.0,253.6,0.4,-0.1,0.0,288.15,--.--,--.--,0,0,0.0,0.0,0.0,0,0,0,--.--,--.--,--.--
2026-07-09 16:08:09.552,0.7,0.0,253,0.4,-0.0,-0.0,0.0,-0.9,0.000,-0.1,29.7,67.7,66.7,29.853,0.000,0.000,0.000,0.0,00:12:10,0.1,4.5,1,--.--,0,--.--,--.--,0000:32:26,72,0,0,1,1,15.30,-1.00,-213,--.--,50,--.--,--:--:--,1,-15.30,16:08:09,21:08:09,7/9/26,--.--,--.--,--.--,--.--,--.--,--.--,--.--,--.--,--.--,--.--,--.--,--.--,0,--.--,--.--,--.--,--.--,--.--,--.--,--.--,--.--,--.--,--.--,--.--,--.--,--.--,--.--,--.--,--.--,0,0.000,0.000,0.000,0.000,0.000,0.000,0.000,0.000,0.000,0.000,0.000,0.000,true,true,true,true,true,true,false,false,true,true,false,false,0.04,0.01,0.02,0.01,--.--,--.--,0.15,0.17,9223372036854775808,0,--.--,--.--,--.--,--.--,--.--,0,0,0,0,37.4122942,-121.9985264,10SEG 88624 41081,0.7,1.1,331.0,3,10,--.--,--.--,,--.--,--.--,--.--,0,0,--.--,--.--,0,0.0,0.1,-30.0,0.0,-0.0,0.1,0.0,-0.0,-29.9,0.0,-0.1,0.1,--.--,--.--,--.--,--.--,0.8,0.0,253.5,0.3,-0.0,0.0,288.15,--.--,--.--,0,0,0.0,0.0,0.0,0,0,0,--.--,--.--,--.--
2026-07-09 16:08:10.551,0.4,0.0,253,0.3,0.0,-0.0,0.0,-0.5,0.000,-0.1,29.7,67.7,66.7,29.849,0.000,0.000,0.000,0.0,00:12:11,0.1,5.0,1,--.--,0,--.--,--.--,0000:32:26,73,0,0,1,1,15.30,-1.00,-213,--.--,50,--.--,--:--:--,1,-15.30,16:08:10,21:08:10,7/9/26,--.--,--.--,--.--,--.--,--.--,--.--,--.--,--.--,--.--,--.--,--.--,--.--,0,--.--,--.--,--.--,--.--,--.--,--.--,--.--,--.--,--.--,--.--,--.--,--.--,--.--,--.--,--.--,--.--,0,0.000,0.000,0.000,0.000,0.000,0.000,0.000,0.000,0.000,0.000,0.000,0.000,true,true,true,true,true,true,false,false,true,true,false,false,0.04,0.01,0.02,0.01,--.--,--.--,0.15,0.17,9223372036854775808,0,--.--,--.--,--.--,--.--,--.--,0,0,0,0,37.4122944,-121.9985263,10SEG 88624 41081,0.7,1.1,5.0,3,10,--.--,--.--,,--.--,--.--,--.--,0,0,--.--,--.--,0,0.1,0.1,-30.0,0.0,0.0,0.1,0.0,-0.0,-29.9,-0.0,-0.1,0.1,--.--,--.--,--.--,--.--,0.5,-0.0,253.6,0.4,-0.0,-0.0,288.15,--.--,--.--,0,0,0.0,0.0,0.0,0,0,0,--.--,--.--,--.--
2026-07-09 16:08:11.551,0.6,0.0,253,0.4,0.1,-0.0,0.0,-0.8,0.000,-0.1,29.7,67.7,66.7,29.844,0.000,0.000,0.000,0.0,00:12:12,0.1,8.8,1,--.--,0,--.--,--.--,0000:32:26,73,0,0,1,1,15.30,-1.00,-214,--.--,50,--.--,--:--:--,1,-15.30,16:08:11,21:08:11,7/9/26,--.--,--.--,--.--,--.--,--.--,--.--,--.--,--.--,--.--,--.--,--.--,--.--,0,--.--,--.--,--.--,--.--,--.--,--.--,--.--,--.--,--.--,--.--,--.--,--.--,--.--,--.--,--.--,--.--,0,0.000,0.000,0.000,0.000,0.000,0.000,0.000,0.000,0.000,0.000,0.000,0.000,true,true,true,true,true,true,false,false,true,true,false,false,0.03,0.01,0.02,0.01,--.--,--.--,0.15,0.17,9223372036854775808,0,--.--,--.--,--.--,--.--,--.--,0,0,0,0,37.4122948,-121.9985264,10SEG 88624 41081,0.7,1.1,31.4,3,10,--.--,--.--,,--.--,--.--,--.--,0,0,--.--,--.--,0,0.1,0.1,-30.0,0.0,0.0,0.1,0.0,-0.0,-29.9,-0.0,-0.1,0.1,--.--,--.--,--.--,--.--,0.7,-0.0,253.6,0.4,-0.1,0.0,288.15,--.--,--.--,0,0,0.0,0.0,0.0,0,0,0,--.--,--.--,--.--
2026-07-09 16:08:12.551,0.6,0.0,253,0.4,0.1,-0.0,0.0,-0.8,0.000,-0.1,29.7,67.7,66.7,29.844,0.000,0.000,0.000,0.0,00:12:13,0.1,8.8,1,--.--,0,--.--,--.--,0000:32:26,73,0,0,1,1,15.30,-1.00,-214,--.--,50,--.--,--:--:--,1,-15.30,16:08:12,21:08:12,7/9/26,--.--,--.--,--.--,--.--,--.--,--.--,--.--,--.--,--.--,--.--,--.--,--.--,0,--.--,--.--,--.--,--.--,--.--,--.--,--.--,--.--,--.--,--.--,--.--,--.--,--.--,--.--,--.--,--.--,0,0.000,0.000,0.000,0.000,0.000,0.000,0.000,0.000,0.000,0.000,0.000,0.000,true,true,true,true,true,true,false,false,true,true,false,false,0.03,0.01,0.02,0.01,--.--,--.--,0.15,0.17,9223372036854775808,0,--.--,--.--,--.--,--.--,--.--,0,0,0,0,37.4122948,-121.9985264,10SEG 88624 41081,0.7,1.1,31.4,3,10,--.--,--.--,,--.--,--.--,--.--,0,0,--.--,--.--,0,0.1,0.1,-30.0,0.0,0.0,0.1,0.0,-0.0,-29.9,-0.0,-0.1,0.1,--.--,--.--,--.--,--.--,0.7,-0.0,253.6,0.4,-0.1,0.0,288.15,--.--,--.--,0,0,0.0,0.0,0.0,0,0,0,--.--,--.--,--.--
2026-07-09 16:08:13.551,0.6,0.0,253,0.4,0.1,-0.0,0.0,-0.8,0.000,-0.1,29.7,67.7,66.7,29.844,0.000,0.000,0.000,0.0,00:12:14,0.1,8.8,1,--.--,0,--.--,--.--,0000:32:26,73,0,0,1,1,15.30,-1.00,-214,--.--,50,--.--,--:--:--,1,-15.30,16:08:13,21:08:13,7/9/26,--.--,--.--,--.--,--.--,--.--,--.--,--.--,--.--,--.--,--.--,--.--,--.--,0,--.--,--.--,--.--,--.--,--.--,--.--,--.--,--.--,--.--,--.--,--.--,--.--,--.--,--.--,--.--,--.--,0,0.000,0.000,0.000,0.000,0.000,0.000,0.000,0.000,0.000,0.000,0.000,0.000,true,true,true,true,true,true,false,false,true,true,false,false,0.03,0.01,0.02,0.01,--.--,--.--,0.15,0.17,9223372036854775808,0,--.--,--.--,--.--,--.--,--.--,0,0,0,0,37.4122948,-121.9985264,10SEG 88624 41081,0.7,1.1,31.4,3,10,--.--,--.--,,--.--,--.--,--.--,0,0,--.--,--.--,0,0.1,0.1,-30.0,0.0,0.0,0.1,0.0,-0.0,-29.9,-0.0,-0.1,0.1,--.--,--.--,--.--,--.--,0.7,-0.0,253.6,0.4,-0.1,0.0,288.15,--.--,--.--,0,0,0.0,0.0,0.0,0,0,0,--.--,--.--,--.--
2026-07-09 16:08:14.544,0.6,0.0,253,0.4,0.1,-0.0,0.0,-0.8,0.000,-0.1,29.7,67.7,66.7,29.844,0.000,0.000,0.000,0.0,00:12:15,0.1,8.8,1,--.--,0,--.--,--.--,0000:32:26,73,0,0,1,1,15.30,-1.00,-214,--.--,50,--.--,--:--:--,1,-15.30,16:08:14,21:08:14,7/9/26,--.--,--.--,--.--,--.--,--.--,--.--,--.--,--.--,--.--,--.--,--.--,--.--,0,--.--,--.--,--.--,--.--,--.--,--.--,--.--,--.--,--.--,--.--,--.--,--.--,--.--,--.--,--.--,--.--,0,0.000,0.000,0.000,0.000,0.000,0.000,0.000,0.000,0.000,0.000,0.000,0.000,true,true,true,true,true,true,false,false,true,true,false,false,0.03,0.01,0.02,0.01,--.--,--.--,0.15,0.17,9223372036854775808,0,--.--,--.--,--.--,--.--,--.--,0,0,0,0,37.4122948,-121.9985264,10SEG 88624 41081,0.7,1.1,31.4,3,10,--.--,--.--,,--.--,--.--,--.--,0,0,--.--,--.--,0,0.1,0.1,-30.0,0.0,0.0,0.1,0.0,-0.0,-29.9,-0.0,-0.1,0.1,--.--,--.--,--.--,--.--,0.7,-0.0,253.6,0.4,-0.1,0.0,288.15,--.--,--.--,0,0,0.0,0.0,0.0,0,0,0,--.--,--.--,--.--
2026-07-09 16:08:15.552,0.6,0.0,253,0.4,0.1,-0.0,0.0,-0.8,0.000,-0.1,29.7,67.7,66.7,29.844,0.000,0.000,0.000,0.0,00:12:16,0.1,8.8,1,--.--,0,--.--,--.--,0000:32:26,73,0,0,1,1,15.30,-1.00,-214,--.--,50,--.--,--:--:--,1,-15.30,16:08:15,21:08:15,7/9/26,--.--,--.--,--.--,--.--,--.--,--.--,--.--,--.--,--.--,--.--,--.--,--.--,0,--.--,--.--,--.--,--.--,--.--,--.--,--.--,--.--,--.--,--.--,--.--,--.--,--.--,--.--,--.--,--.--,0,0.000,0.000,0.000,0.000,0.000,0.000,0.000,0.000,0.000,0.000,0.000,0.000,true,true,true,true,true,true,false,false,true,true,false,false,0.03,0.01,0.02,0.01,--.--,--.--,0.15,0.17,9223372036854775808,0,--.--,--.--,--.--,--.--,--.--,0,0,0,0,37.4122948,-121.9985264,10SEG 88624 41081,0.7,1.1,31.4,3,10,--.--,--.--,,--.--,--.--,--.--,0,0,--.--,--.--,0,0.1,0.1,-30.0,0.0,0.0,0.1,0.0,-0.0,-29.9,-0.0,-0.1,0.1,--.--,--.--,--.--,--.--,0.7,-0.0,253.6,0.4,-0.1,0.0,288.15,--.--,--.--,0,0,0.0,0.0,0.0,0,0,0,--.--,--.--,--.--
2026-07-09 16:08:16.551,0.6,0.0,253,0.4,0.1,-0.0,0.0,-0.8,0.000,-0.1,29.7,67.7,66.7,29.844,0.000,0.000,0.000,0.0,00:12:17,0.1,8.8,1,--.--,0,--.--,--.--,0000:32:26,73,0,0,1,1,15.30,-1.00,-214,--.--,50,--.--,--:--:--,1,-15.30,16:08:16,21:08:16,7/9/26,--.--,--.--,--.--,--.--,--.--,--.--,--.--,--.--,--.--,--.--,--.--,--.--,0,--.--,--.--,--.--,--.--,--.--,--.--,--.--,--.--,--.--,--.--,--.--,--.--,--.--,--.--,--.--,--.--,0,0.000,0.000,0.000,0.000,0.000,0.000,0.000,0.000,0.000,0.000,0.000,0.000,true,true,true,true,true,true,false,false,true,true,false,false,0.03,0.01,0.02,0.01,--.--,--.--,0.15,0.17,9223372036854775808,0,--.--,--.--,--.--,--.--,--.--,0,0,0,0,37.4122948,-121.9985264,10SEG 88624 41081,0.7,1.1,31.4,3,10,--.--,--.--,,--.--,--.--,--.--,0,0,--.--,--.--,0,0.1,0.1,-30.0,0.0,0.0,0.1,0.0,-0.0,-29.9,-0.0,-0.1,0.1,--.--,--.--,--.--,--.--,0.7,-0.0,253.6,0.4,-0.1,0.0,288.15,--.--,--.--,0,0,0.0,0.0,0.0,0,0,0,--.--,--.--,--.--
2026-07-09 16:08:17.545,0.6,0.0,253,0.4,0.1,-0.0,0.0,-0.8,0.000,-0.1,29.7,67.7,66.7,29.844,0.000,0.000,0.000,0.0,00:12:18,0.1,8.8,1,--.--,0,--.--,--.--,0000:32:26,73,0,0,1,1,15.30,-1.00,-214,--.--,50,--.--,--:--:--,1,-15.30,16:08:17,21:08:17,7/9/26,--.--,--.--,--.--,--.--,--.--,--.--,--.--,--.--,--.--,--.--,--.--,--.--,0,--.--,--.--,--.--,--.--,--.--,--.--,--.--,--.--,--.--,--.--,--.--,--.--,--.--,--.--,--.--,--.--,0,0.000,0.000,0.000,0.000,0.000,0.000,0.000,0.000,0.000,0.000,0.000,0.000,true,true,true,true,true,true,false,false,true,true,false,false,0.03,0.01,0.02,0.01,--.--,--.--,0.15,0.17,9223372036854775808,0,--.--,--.--,--.--,--.--,--.--,0,0,0,0,37.4122948,-121.9985264,10SEG 88624 41081,0.7,1.1,31.4,3,10,--.--,--.--,,--.--,--.--,--.--,0,0,--.--,--.--,0,0.1,0.1,-30.0,0.0,0.0,0.1,0.0,-0.0,-29.9,-0.0,-0.1,0.1,--.--,--.--,--.--,--.--,0.7,-0.0,253.6,0.4,-0.1,0.0,288.15,--.--,--.--,0,0,0.0,0.0,0.0,0,0,0,--.--,--.--,--.--
2026-07-09 16:08:18.545,0.6,0.0,253,0.4,0.1,-0.0,0.0,-0.8,0.000,-0.1,29.7,67.7,66.7,29.844,0.000,0.000,0.000,0.0,00:12:19,0.1,8.8,1,--.--,0,--.--,--.--,0000:32:26,73,0,0,1,1,15.30,-1.00,-214,--.--,50,--.--,--:--:--,1,-15.30,16:08:18,21:08:18,7/9/26,--.--,--.--,--.--,--.--,--.--,--.--,--.--,--.--,--.--,--.--,--.--,--.--,0,--.--,--.--,--.--,--.--,--.--,--.--,--.--,--.--,--.--,--.--,--.--,--.--,--.--,--.--,--.--,--.--,0,0.000,0.000,0.000,0.000,0.000,0.000,0.000,0.000,0.000,0.000,0.000,0.000,true,true,true,true,true,true,false,false,true,true,false,false,0.03,0.01,0.02,0.01,--.--,--.--,0.15,0.17,9223372036854775808,0,--.--,--.--,--.--,--.--,--.--,0,0,0,0,37.4122948,-121.9985264,10SEG 88624 41081,0.7,1.1,31.4,3,10,--.--,--.--,,--.--,--.--,--.--,0,0,--.--,--.--,0,0.1,0.1,-30.0,0.0,0.0,0.1,0.0,-0.0,-29.9,-0.0,-0.1,0.1,--.--,--.--,--.--,--.--,0.7,-0.0,253.6,0.4,-0.1,0.0,288.15,--.--,--.--,0,0,0.0,0.0,0.0,0,0,0,--.--,--.--,--.--
2026-07-09 16:08:19.551,0.6,0.0,253,0.4,0.1,-0.0,0.0,-0.8,0.000,-0.1,29.7,67.7,66.7,29.844,0.000,0.000,0.000,0.0,00:12:20,0.1,8.8,1,--.--,0,--.--,--.--,0000:32:26,73,0,0,1,1,15.30,-1.00,-214,--.--,50,--.--,--:--:--,1,-15.30,16:08:19,21:08:19,7/9/26,--.--,--.--,--.--,--.--,--.--,--.--,--.--,--.--,--.--,--.--,--.--,--.--,0,--.--,--.--,--.--,--.--,--.--,--.--,--.--,--.--,--.--,--.--,--.--,--.--,--.--,--.--,--.--,--.--,0,0.000,0.000,0.000,0.000,0.000,0.000,0.000,0.000,0.000,0.000,0.000,0.000,true,true,true,true,true,true,false,false,true,true,false,false,0.03,0.01,0.02,0.01,--.--,--.--,0.15,0.17,9223372036854775808,0,--.--,--.--,--.--,--.--,--.--,0,0,0,0,37.4122948,-121.9985264,10SEG 88624 41081,0.7,1.1,31.4,3,10,--.--,--.--,,--.--,--.--,--.--,0,0,--.--,--.--,0,0.1,0.1,-30.0,0.0,0.0,0.1,0.0,-0.0,-29.9,-0.0,-0.1,0.1,--.--,--.--,--.--,--.--,0.7,-0.0,253.6,0.4,-0.1,0.0,288.15,--.--,--.--,0,0,0.0,0.0,0.0,0,0,0,--.--,--.--,--.--
2026-07-09 16:08:20.552,0.6,0.0,253,0.4,0.1,-0.0,0.0,-0.8,0.000,-0.1,29.7,67.7,66.7,29.844,0.000,0.000,0.000,0.0,00:12:21,0.1,8.8,1,--.--,0,--.--,--.--,0000:32:26,73,0,0,1,1,15.30,-1.00,-214,--.--,50,--.--,--:--:--,1,-15.30,16:08:20,21:08:20,7/9/26,--.--,--.--,--.--,--.--,--.--,--.--,--.--,--.--,--.--,--.--,--.--,--.--,0,--.--,--.--,--.--,--.--,--.--,--.--,--.--,--.--,--.--,--.--,--.--,--.--,--.--,--.--,--.--,--.--,0,0.000,0.000,0.000,0.000,0.000,0.000,0.000,0.000,0.000,0.000,0.000,0.000,true,true,true,true,true,true,false,false,true,true,false,false,0.03,0.01,0.02,0.01,--.--,--.--,0.15,0.17,9223372036854775808,0,--.--,--.--,--.--,--.--,--.--,0,0,0,0,37.4122948,-121.9985264,10SEG 88624 41081,0.7,1.1,31.4,3,10,--.--,--.--,,--.--,--.--,--.--,0,0,--.--,--.--,0,0.1,0.1,-30.0,0.0,0.0,0.1,0.0,-0.0,-29.9,-0.0,-0.1,0.1,--.--,--.--,--.--,--.--,0.7,-0.0,253.6,0.4,-0.1,0.0,288.15,--.--,--.--,0,0,0.0,0.0,0.0,0,0,0,--.--,--.--,--.--
2026-07-09 16:08:21.544,0.6,0.0,253,0.4,0.1,-0.0,0.0,-0.8,0.000,-0.1,29.7,67.7,66.7,29.844,0.000,0.000,0.000,0.0,00:12:22,0.1,8.8,1,--.--,0,--.--,--.--,0000:32:26,73,0,0,1,1,15.30,-1.00,-214,--.--,50,--.--,--:--:--,1,-15.30,16:08:21,21:08:21,7/9/26,--.--,--.--,--.--,--.--,--.--,--.--,--.--,--.--,--.--,--.--,--.--,--.--,0,--.--,--.--,--.--,--.--,--.--,--.--,--.--,--.--,--.--,--.--,--.--,--.--,--.--,--.--,--.--,--.--,0,0.000,0.000,0.000,0.000,0.000,0.000,0.000,0.000,0.000,0.000,0.000,0.000,true,true,true,true,true,true,false,false,true,true,false,false,0.03,0.01,0.02,0.01,--.--,--.--,0.15,0.17,9223372036854775808,0,--.--,--.--,--.--,--.--,--.--,0,0,0,0,37.4122948,-121.9985264,10SEG 88624 41081,0.7,1.1,31.4,3,10,--.--,--.--,,--.--,--.--,--.--,0,0,--.--,--.--,0,0.1,0.1,-30.0,0.0,0.0,0.1,0.0,-0.0,-29.9,-0.0,-0.1,0.1,--.--,--.--,--.--,--.--,0.7,-0.0,253.6,0.4,-0.1,0.0,288.15,--.--,--.--,0,0,0.0,0.0,0.0,0,0,0,--.--,--.--,--.--
2026-07-09 16:08:22.544,0.6,0.0,253,0.4,0.1,-0.0,0.0,-0.8,0.000,-0.1,29.7,67.7,66.7,29.844,0.000,0.000,0.000,0.0,00:12:23,0.1,8.8,1,--.--,0,--.--,--.--,0000:32:26,73,0,0,1,1,15.30,-1.00,-214,--.--,50,--.--,--:--:--,1,-15.30,16:08:22,21:08:22,7/9/26,--.--,--.--,--.--,--.--,--.--,--.--,--.--,--.--,--.--,--.--,--.--,--.--,0,--.--,--.--,--.--,--.--,--.--,--.--,--.--,--.--,--.--,--.--,--.--,--.--,--.--,--.--,--.--,--.--,0,0.000,0.000,0.000,0.000,0.000,0.000,0.000,0.000,0.000,0.000,0.000,0.000,true,true,true,true,true,true,false,false,true,true,false,false,0.03,0.01,0.02,0.01,--.--,--.--,0.15,0.17,9223372036854775808,0,--.--,--.--,--.--,--.--,--.--,0,0,0,0,37.4122948,-121.9985264,10SEG 88624 41081,0.7,1.1,31.4,3,10,--.--,--.--,,--.--,--.--,--.--,0,0,--.--,--.--,0,0.1,0.1,-30.0,0.0,0.0,0.1,0.0,-0.0,-29.9,-0.0,-0.1,0.1,--.--,--.--,--.--,--.--,0.7,-0.0,253.6,0.4,-0.1,0.0,288.15,--.--,--.--,0,0,0.0,0.0,0.0,0,0,0,--.--,--.--,--.--
