Timestamp,roll,pitch,heading,rollRate,pitchRate,yawRate,groundSpeed,airSpeed,airSpeedSetpoint,climbRate,altitudeRelative,altitudeAMSL,altitudeAboveTerr,altitudeTuning,altitudeTuningSetpoint,xTrackError,rangeFinderDist,flightDistance,flightTime,distanceToHome,timeToHome,missionItemIndex,headingToNextWP,distanceToNextWP,headingToHome,distanceToGCS,hobbs,throttlePct,imuTemp,battery0.id,battery0.batteryFunction,battery0.batteryType,battery0.voltage,battery0.current,battery0.mahConsumed,battery0.temperature,battery0.percentRemaining,battery0.timeRemaining,battery0.timeRemainingStr,battery0.chargeState,battery0.instantPower,clock.currentTime,clock.currentUTCTime,clock.currentDate,distanceSensor.rotationNone,distanceSensor.rotationYaw45,distanceSensor.rotationYaw90,distanceSensor.rotationYaw135,distanceSensor.rotationYaw180,distanceSensor.rotationYaw225,distanceSensor.rotationYaw270,distanceSensor.rotationYaw315,distanceSensor.rotationPitch90,distanceSensor.rotationPitch270,distanceSensor.minDistance,distanceSensor.maxDistance,efi.health,efi.ecuIndex,efi.rpm,efi.fuelConsumed,efi.fuelFlow,efi.engineLoad,efi.sparkTime,efi.throttlePos,efi.baroPress,efi.intakePress,efi.intakeTemp,efi.cylinderTemp,efi.ignTime,efi.exGasTemp,efi.injTime,efi.throttleOut,efi.ptComp,escStatus.index,escStatus.rpm1,escStatus.rpm2,escStatus.rpm3,escStatus.rpm4,escStatus.current1,escStatus.current2,escStatus.current3,escStatus.current4,escStatus.voltage1,escStatus.voltage2,escStatus.voltage3,escStatus.voltage4,estimatorStatus.goodAttitudeEsimate,estimatorStatus.goodHorizVelEstimate,estimatorStatus.goodVertVelEstimate,estimatorStatus.goodHorizPosRelEstimate,estimatorStatus.goodHorizPosAbsEstimate,estimatorStatus.goodVertPosAbsEstimate,estimatorStatus.goodVertPosAGLEstimate,estimatorStatus.goodConstPosModeEstimate,estimatorStatus.goodPredHorizPosRelEstimate,estimatorStatus.goodPredHorizPosAbsEstimate,estimatorStatus.gpsGlitch,estimatorStatus.accelError,estimatorStatus.velRatio,estimatorStatus.horizPosRatio,estimatorStatus.vertPosRatio,estimatorStatus.magRatio,estimatorStatus.haglRatio,estimatorStatus.tasRatio,estimatorStatus.horizPosAccuracy,estimatorStatus.vertPosAccuracy,generator.status,generator.genSpeed,generator.batteryCurrent,generator.loadCurrent,generator.powerGenerated,generator.busVoltage,generator.batCurrentSetpoint,generator.rectifierTemp,generator.genTemp,generator.runtime,generator.timeMaintenance,gps.lat,gps.lon,gps.mgrs,gps.hdop,gps.vdop,gps.courseOverGround,gps.lock,gps.count,gps2.lat,gps2.lon,gps2.mgrs,gps2.hdop,gps2.vdop,gps2.courseOverGround,gps2.lock,gps2.count,hygrometer.temperature,hygrometer.humidity,hygrometer.hygrometerid,localPosition.x,localPosition.y,localPosition.z,localPosition.vx,localPosition.vy,localPosition.vz,localPositionSetpoint.x,localPositionSetpoint.y,localPositionSetpoint.z,localPositionSetpoint.vx,localPositionSetpoint.vy,localPositionSetpoint.vz,rpm.rpm1,rpm.rpm2,rpm.rpm3,rpm.rpm4,setpoint.roll,setpoint.pitch,setpoint.yaw,setpoint.rollRate,setpoint.pitchRate,setpoint.yawRate,temperature.temperature1,temperature.temperature2,temperature.temperature3,terrain.blocksPending,terrain.blocksLoaded,vibration.xAxis,vibration.yAxis,vibration.zAxis,vibration.clipCount1,vibration.clipCount2,vibration.clipCount3,wind.direction,wind.speed,wind.verticalSpeed
2026-07-09 16:31:46.546,-0.0,1.5,107,-0.0,-0.0,0.0,0.0,-1.3,0.000,0.1,0.0,38.0,36.8,0.188,0.000,0.000,0.000,0.0,00:00:00,0.0,1.7,1,--.--,0,--.--,--.--,0000:32:26,0,0,0,1,1,16.20,-1.00,-61,--.--,100,--.--,--:--:--,1,-16.20,16:31:46,21:31:46,7/9/26,--.--,--.--,--.--,--.--,--.--,--.--,--.--,--.--,--.--,--.--,--.--,--.--,0,--.--,--.--,--.--,--.--,--.--,--.--,--.--,--.--,--.--,--.--,--.--,--.--,--.--,--.--,--.--,--.--,0,0.000,0.000,0.000,0.000,0.000,0.000,0.000,0.000,0.000,0.000,0.000,0.000,true,true,true,true,true,true,false,true,true,true,false,false,0.04,0.00,0.01,0.00,--.--,--.--,0.15,0.17,9223372036854775808,0,--.--,--.--,--.--,--.--,--.--,0,0,0,0,37.4122948,-121.9985272,10SEG 88624 41081,0.7,1.1,8.5,3,10,--.--,--.--,,--.--,--.--,--.--,0,0,--.--,--.--,0,-0.0,-0.0,-0.2,0.0,-0.0,-0.1,--.--,--.--,--.--,--.--,--.--,--.--,--.--,--.--,--.--,--.--,0.0,0.0,107.3,0.1,-6.1,-0.0,288.15,--.--,--.--,0,0,0.0,0.0,0.0,0,0,0,--.--,--.--,--.--
2026-07-09 16:31:47.546,-0.0,1.5,107,-0.0,-0.0,0.0,0.0,-1.5,0.000,0.1,0.0,38.0,36.8,0.193,0.000,0.000,0.000,0.0,00:00:01,0.0,0.4,1,--.--,0,--.--,--.--,0000:32:26,0,0,0,1,1,16.17,-1.00,-62,--.--,99,--.--,--:--:--,1,-16.17,16:31:47,21:31:47,7/9/26,--.--,--.--,--.--,--.--,--.--,--.--,--.--,--.--,--.--,--.--,--.--,--.--,0,--.--,--.--,--.--,--.--,--.--,--.--,--.--,--.--,--.--,--.--,--.--,--.--,--.--,--.--,--.--,--.--,0,0.000,0.000,0.000,0.000,0.000,0.000,0.000,0.000,0.000,0.000,0.000,0.000,true,true,true,true,true,true,false,true,true,true,false,false,0.03,0.00,0.01,0.00,--.--,--.--,0.15,0.17,9223372036854775808,0,--.--,--.--,--.--,--.--,--.--,0,0,0,0,37.4122949,-121.9985274,10SEG 88624 41081,0.7,1.1,235.2,3,10,--.--,--.--,,--.--,--.--,--.--,0,0,--.--,--.--,0,0.0,-0.0,-0.2,0.0,-0.0,-0.1,0.0,-0.0,-0.2,0.0,0.0,2.2,--.--,--.--,--.--,--.--,0.2,0.0,107.3,0.9,-6.1,0.0,288.15,--.--,--.--,0,0,0.0,0.0,0.0,0,0,0,--.--,--.--,--.--
2026-07-09 16:31:48.546,0.0,1.5,107,-0.0,-0.0,0.0,0.0,1.0,0.000,0.1,0.0,38.0,36.8,0.192,0.000,0.000,0.000,0.0,00:00:02,0.0,0.8,1,--.--,0,--.--,--.--,0000:32:26,21,0,0,1,1,16.17,-1.00,-62,--.--,99,--.--,--:--:--,1,-16.17,16:31:48,21:31:48,7/9/26,--.--,--.--,--.--,--.--,--.--,--.--,--.--,--.--,--.--,--.--,--.--,--.--,0,--.--,--.--,--.--,--.--,--.--,--.--,--.--,--.--,--.--,--.--,--.--,--.--,--.--,--.--,--.--,--.--,0,0.000,0.000,0.000,0.000,0.000,0.000,0.000,0.000,0.000,0.000,0.000,0.000,true,true,true,true,true,true,false,true,true,true,false,false,0.03,0.00,0.01,0.00,--.--,--.--,0.15,0.17,9223372036854775808,0,--.--,--.--,--.--,--.--,--.--,0,0,0,0,37.4122943,-121.9985274,10SEG 88624 41081,0.7,1.1,222.1,3,10,--.--,--.--,,--.--,--.--,--.--,0,0,--.--,--.--,0,-0.0,-0.0,-0.2,0.0,-0.0,-0.1,0.0,-0.0,-0.2,0.0,-0.0,0.4,--.--,--.--,--.--,--.--,-0.2,0.0,107.4,-1.1,-6.0,-0.0,288.15,--.--,--.--,0,0,0.0,0.0,0.0,0,0,0,--.--,--.--,--.--
2026-07-09 16:31:49.546,-0.0,1.5,107,0.0,-0.0,0.0,0.0,1.2,0.000,0.1,-0.0,38.0,36.8,0.184,0.000,0.000,0.000,0.0,00:00:03,0.0,6.6,1,--.--,0,--.--,--.--,0000:32:26,37,0,0,1,1,16.11,-1.00,-62,--.--,97,--.--,--:--:--,1,-16.11,16:31:49,21:31:49,7/9/26,--.--,--.--,--.--,--.--,--.--,--.--,--.--,--.--,--.--,--.--,--.--,--.--,0,--.--,--.--,--.--,--.--,--.--,--.--,--.--,--.--,--.--,--.--,--.--,--.--,--.--,--.--,--.--,--.--,0,0.000,0.000,0.000,0.000,0.000,0.000,0.000,0.000,0.000,0.000,0.000,0.000,true,true,true,true,true,true,false,false,true,true,false,false,0.03,0.00,0.01,0.01,--.--,--.--,0.15,0.17,9223372036854775808,0,--.--,--.--,--.--,--.--,--.--,0,0,0,0,37.4122948,-121.9985272,10SEG 88624 41081,0.7,1.1,124.1,3,10,--.--,--.--,,--.--,--.--,--.--,0,0,--.--,--.--,0,-0.0,-0.0,-0.2,0.0,0.0,-0.1,0.0,-0.0,-0.2,0.0,-0.0,-0.3,--.--,--.--,--.--,--.--,-0.3,0.4,107.4,-1.3,-4.3,-0.0,288.15,--.--,--.--,0,0,0.0,0.0,0.0,0,0,0,--.--,--.--,--.--
2026-07-09 16:31:50.546,0.0,1.5,107,0.0,0.0,0.0,0.0,1.8,0.000,0.1,-0.0,37.9,36.8,0.168,0.000,0.000,0.000,0.0,00:00:04,0.0,2.8,1,--.--,0,--.--,--.--,0000:32:26,55,0,0,1,1,16.11,-1.00,-62,--.--,97,--.--,--:--:--,1,-16.11,16:31:50,21:31:50,7/9/26,--.--,--.--,--.--,--.--,--.--,--.--,--.--,--.--,--.--,--.--,--.--,--.--,0,--.--,--.--,--.--,--.--,--.--,--.--,--.--,--.--,--.--,--.--,--.--,--.--,--.--,--.--,--.--,--.--,0,0.000,0.000,0.000,0.000,0.000,0.000,0.000,0.000,0.000,0.000,0.000,0.000,true,true,true,true,true,true,false,false,true,true,false,false,0.03,0.00,0.01,0.01,--.--,--.--,0.15,0.17,9223372036854775808,0,--.--,--.--,--.--,--.--,--.--,0,0,0,0,37.4122949,-121.9985273,10SEG 88624 41081,0.7,1.1,153.3,3,10,--.--,--.--,,--.--,--.--,--.--,0,0,--.--,--.--,0,-0.0,-0.0,-0.2,-0.0,0.0,-0.1,0.0,-0.0,-0.2,0.0,-0.0,-0.8,--.--,--.--,--.--,--.--,-0.8,1.0,107.4,-4.3,-1.9,-0.0,288.15,--.--,--.--,0,0,0.0,0.0,0.0,0,0,0,--.--,--.--,--.--
2026-07-09 16:31:51.546,0.0,1.5,107,-0.0,0.0,0.0,0.0,0.9,0.000,0.1,-0.0,37.9,36.8,0.164,0.000,0.000,0.000,0.0,00:00:05,0.1,1.8,1,--.--,0,--.--,--.--,0000:32:26,75,0,0,1,1,16.05,-1.00,-63,--.--,93,--.--,--:--:--,1,-16.05,16:31:51,21:31:51,7/9/26,--.--,--.--,--.--,--.--,--.--,--.--,--.--,--.--,--.--,--.--,--.--,--.--,0,--.--,--.--,--.--,--.--,--.--,--.--,--.--,--.--,--.--,--.--,--.--,--.--,--.--,--.--,--.--,--.--,0,0.000,0.000,0.000,0.000,0.000,0.000,0.000,0.000,0.000,0.000,0.000,0.000,true,true,true,true,true,true,false,false,true,true,false,false,0.03,0.00,0.01,0.00,--.--,--.--,0.15,0.17,9223372036854775808,0,--.--,--.--,--.--,--.--,--.--,0,0,0,0,37.4122948,-121.9985275,10SEG 88624 41081,0.7,1.1,155.3,3,10,--.--,--.--,,--.--,--.--,--.--,0,0,--.--,--.--,0,-0.0,-0.0,-0.2,-0.0,0.0,-0.1,0.0,-0.0,-0.2,0.0,-0.0,-1.3,--.--,--.--,--.--,--.--,-2.4,2.4,107.5,-12.2,3.7,-1.4,288.15,--.--,--.--,0,0,0.0,0.0,0.0,0,0,0,--.--,--.--,--.--
2026-07-09 16:31:52.546,-3.0,6.2,101,12.1,15.7,-5.8,0.3,0.5,0.000,0.4,0.1,38.1,36.8,0.283,0.000,0.000,0.000,0.0,00:00:06,0.2,0.5,1,--.--,0,--.--,--.--,0000:32:26,86,0,0,1,1,16.05,-1.00,-63,--.--,93,--.--,--:--:--,1,-16.05,16:31:52,21:31:52,7/9/26,--.--,--.--,--.--,--.--,--.--,--.--,--.--,--.--,--.--,--.--,--.--,--.--,0,--.--,--.--,--.--,--.--,--.--,--.--,--.--,--.--,--.--,--.--,--.--,--.--,--.--,--.--,--.--,--.--,0,0.000,0.000,0.000,0.000,0.000,0.000,0.000,0.000,0.000,0.000,0.000,0.000,true,true,true,true,true,true,false,false,true,true,false,false,0.03,0.00,0.01,0.00,--.--,--.--,0.15,0.17,9223372036854775808,0,--.--,--.--,--.--,--.--,--.--,0,0,0,0,37.4122948,-121.9985267,10SEG 88624 41081,0.7,1.1,47.5,3,10,--.--,--.--,,--.--,--.--,--.--,0,0,--.--,--.--,0,-0.0,0.1,-0.3,0.2,0.2,-0.4,0.0,-0.0,-0.3,0.0,-0.1,-1.5,--.--,--.--,--.--,--.--,2.7,11.2,101.6,28.0,19.9,1.6,288.15,--.--,--.--,0,0,0.0,0.0,0.0,0,0,0,--.--,--.--,--.--
2026-07-09 16:31:53.546,1.4,-1.2,103,-17.8,-6.5,5.4,0.4,1.1,0.000,0.8,0.7,38.6,36.8,0.849,0.000,0.000,0.000,0.0,00:00:07,0.1,0.4,1,--.--,0,--.--,--.--,0000:32:26,85,0,0,1,1,15.99,-1.00,-63,--.--,90,--.--,--:--:--,1,-15.99,16:31:53,21:31:53,7/9/26,--.--,--.--,--.--,--.--,--.--,--.--,--.--,--.--,--.--,--.--,--.--,--.--,0,--.--,--.--,--.--,--.--,--.--,--.--,--.--,--.--,--.--,--.--,--.--,--.--,--.--,--.--,--.--,--.--,0,0.000,0.000,0.000,0.000,0.000,0.000,0.000,0.000,0.000,0.000,0.000,0.000,true,true,true,true,true,true,false,false,true,true,false,false,0.07,0.01,0.01,0.40,--.--,--.--,0.15,0.17,9223372036854775808,0,--.--,--.--,--.--,--.--,--.--,0,0,0,0,37.4122959,-121.9985275,10SEG 88624 41081,0.7,1.1,217.1,3,10,--.--,--.--,,--.--,--.--,--.--,0,0,--.--,--.--,0,0.1,-0.1,-0.9,-0.2,-0.3,-0.8,0.0,-0.0,-0.9,-0.1,0.1,-1.5,--.--,--.--,--.--,--.--,-0.6,-0.0,103.3,-10.2,4.7,-0.1,288.15,--.--,--.--,0,0,0.0,0.0,0.0,0,0,0,--.--,--.--,--.--
2026-07-09 16:31:54.546,1.6,8.8,105,8.9,-2.7,2.6,0.1,-1.3,0.000,1.1,1.5,39.5,37.6,1.739,0.000,0.000,0.000,0.0,00:00:08,0.1,0.8,1,--.--,0,--.--,--.--,0000:32:26,85,0,0,1,1,15.99,-1.00,-63,--.--,90,--.--,--:--:--,1,-15.99,16:31:54,21:31:54,7/9/26,--.--,--.--,--.--,--.--,--.--,--.--,--.--,--.--,--.--,--.--,--.--,--.--,0,--.--,--.--,--.--,--.--,--.--,--.--,--.--,--.--,--.--,--.--,--.--,--.--,--.--,--.--,--.--,--.--,0,0.000,0.000,0.000,0.000,0.000,0.000,0.000,0.000,0.000,0.000,0.000,0.000,true,true,true,true,true,true,false,false,true,true,false,false,0.07,0.01,0.01,0.40,--.--,--.--,0.15,0.17,9223372036854775808,0,--.--,--.--,--.--,--.--,--.--,0,0,0,0,37.4122947,-121.9985265,10SEG 88624 41081,0.7,1.1,27.2,3,10,--.--,--.--,,--.--,--.--,--.--,0,0,--.--,--.--,0,-0.0,0.1,-1.8,0.1,0.0,-1.2,0.0,-0.0,-1.8,0.0,-0.1,-1.5,--.--,--.--,--.--,--.--,3.3,6.1,105.1,7.9,-10.8,2.4,288.15,--.--,--.--,0,0,0.0,0.0,0.0,0,0,0,--.--,--.--,--.--
2026-07-09 16:31:55.546,-1.6,0.4,107,-2.4,10.5,1.5,0.1,-1.8,0.000,1.3,2.7,40.6,38.5,2.844,0.000,0.000,0.000,0.0,00:00:09,0.1,0.8,1,--.--,0,--.--,--.--,0000:32:26,84,0,0,1,1,15.93,-1.00,-64,--.--,87,--.--,--:--:--,1,-15.93,16:31:55,21:31:55,7/9/26,--.--,--.--,--.--,--.--,--.--,--.--,--.--,--.--,--.--,--.--,--.--,--.--,0,--.--,--.--,--.--,--.--,--.--,--.--,--.--,--.--,--.--,--.--,--.--,--.--,--.--,--.--,--.--,--.--,0,0.000,0.000,0.000,0.000,0.000,0.000,0.000,0.000,0.000,0.000,0.000,0.000,true,true,true,true,true,true,false,false,true,true,false,false,0.04,0.01,0.01,0.15,--.--,--.--,0.15,0.17,9223372036854775808,0,--.--,--.--,--.--,--.--,--.--,0,0,0,0,37.4122943,-121.9985281,10SEG 88624 41081,0.7,1.1,159.6,3,10,--.--,--.--,,--.--,--.--,--.--,0,0,--.--,--.--,0,-0.0,-0.1,-2.9,-0.1,0.1,-1.3,0.0,-0.0,-3.0,0.0,0.1,-1.5,--.--,--.--,--.--,--.--,-1.1,3.8,107.7,2.8,13.4,-0.0,288.15,--.--,--.--,0,0,0.0,0.0,0.0,0,0,0,--.--,--.--,--.--
2026-07-09 16:31:56.545,2.6,4.0,108,-2.0,-13.2,1.6,0.1,0.7,0.000,1.4,3.9,41.8,39.6,4.069,0.000,0.000,0.000,0.0,00:00:10,0.1,0.4,1,--.--,0,--.--,--.--,0000:32:26,84,0,0,1,1,15.93,-1.00,-64,--.--,87,--.--,--:--:--,1,-15.93,16:31:56,21:31:56,7/9/26,--.--,--.--,--.--,--.--,--.--,--.--,--.--,--.--,--.--,--.--,--.--,--.--,0,--.--,--.--,--.--,--.--,--.--,--.--,--.--,--.--,--.--,--.--,--.--,--.--,--.--,--.--,--.--,--.--,0,0.000,0.000,0.000,0.000,0.000,0.000,0.000,0.000,0.000,0.000,0.000,0.000,true,true,true,true,true,true,false,false,true,true,false,false,0.04,0.01,0.01,0.15,--.--,--.--,0.15,0.17,9223372036854775808,0,--.--,--.--,--.--,--.--,--.--,0,0,0,0,37.4122952,-121.9985275,10SEG 88624 41081,0.7,1.1,294.5,3,10,--.--,--.--,,--.--,--.--,--.--,0,0,--.--,--.--,0,0.0,-0.0,-4.2,0.1,-0.1,-1.4,0.0,-0.0,-4.2,-0.0,-0.0,-1.5,--.--,--.--,--.--,--.--,1.9,1.3,108.6,-3.4,-10.9,1.1,288.15,--.--,--.--,0,0,0.0,0.0,0.0,0,0,0,--.--,--.--,--.--
2026-07-09 16:31:57.545,-0.4,4.8,109,3.9,9.5,0.5,0.1,1.1,0.000,1.4,5.2,43.1,40.8,5.346,0.000,0.000,0.000,0.0,00:00:11,0.0,0.2,1,--.--,0,--.--,--.--,0000:32:26,84,0,0,1,1,15.87,-1.00,-65,--.--,83,--.--,--:--:--,1,-15.87,16:31:57,21:31:57,7/9/26,--.--,--.--,--.--,--.--,--.--,--.--,--.--,--.--,--.--,--.--,--.--,--.--,0,--.--,--.--,--.--,--.--,--.--,--.--,--.--,--.--,--.--,--.--,--.--,--.--,--.--,--.--,--.--,--.--,0,0.000,0.000,0.000,0.000,0.000,0.000,0.000,0.000,0.000,0.000,0.000,0.000,true,true,true,true,true,true,false,false,true,true,false,false,0.05,0.01,0.02,0.13,--.--,--.--,0.15,0.17,9223372036854775808,0,--.--,--.--,--.--,--.--,--.--,0,0,0,0,37.4122945,-121.9985278,10SEG 88624 41081,0.7,1.1,78.3,3,10,--.--,--.--,,--.--,--.--,--.--,0,0,--.--,--.--,0,-0.0,-0.0,-5.4,-0.0,0.1,-1.5,0.0,-0.0,-5.5,0.0,0.0,-1.5,--.--,--.--,--.--,--.--,0.7,5.9,109.3,5.2,4.3,-0.0,288.15,--.--,--.--,0,0,0.0,0.0,0.0,0,0,0,--.--,--.--,--.--
2026-07-09 16:31:58.545,1.3,1.7,109,-4.1,-2.7,0.7,0.1,0.6,0.000,1.5,6.4,44.4,42.1,6.627,0.000,0.000,0.000,0.0,00:00:12,0.0,0.5,1,--.--,0,--.--,--.--,0000:32:26,84,0,0,1,1,15.87,-1.00,-65,--.--,83,--.--,--:--:--,1,-15.87,16:31:58,21:31:58,7/9/26,--.--,--.--,--.--,--.--,--.--,--.--,--.--,--.--,--.--,--.--,--.--,--.--,0,--.--,--.--,--.--,--.--,--.--,--.--,--.--,--.--,--.--,--.--,--.--,--.--,--.--,--.--,--.--,--.--,0,0.000,0.000,0.000,0.000,0.000,0.000,0.000,0.000,0.000,0.000,0.000,0.000,true,true,true,true,true,true,false,false,true,true,false,false,0.05,0.01,0.02,0.13,--.--,--.--,0.15,0.17,9223372036854775808,0,--.--,--.--,--.--,--.--,--.--,0,0,0,0,37.4122954,-121.9985274,10SEG 88624 41081,0.7,1.1,224.3,3,10,--.--,--.--,,--.--,--.--,--.--,0,0,--.--,--.--,0,0.0,-0.0,-6.7,-0.0,-0.1,-1.5,0.0,-0.0,-6.7,-0.0,0.0,-1.5,--.--,--.--,--.--,--.--,0.6,2.1,109.5,-3.8,1.6,-0.0,288.15,--.--,--.--,0,0,0.0,0.0,0.0,0,0,0,--.--,--.--,--.--
2026-07-09 16:31:59.545,1.0,5.1,109,2.2,-2.0,0.1,0.0,-1.0,0.000,1.5,7.7,45.7,43.4,7.924,0.000,0.000,0.000,0.0,00:00:13,0.1,4.1,1,--.--,0,--.--,--.--,0000:32:26,84,0,0,1,1,15.81,-1.00,-65,--.--,80,--.--,--:--:--,1,-15.81,16:31:59,21:31:59,7/9/26,--.--,--.--,--.--,--.--,--.--,--.--,--.--,--.--,--.--,--.--,--.--,--.--,0,--.--,--.--,--.--,--.--,--.--,--.--,--.--,--.--,--.--,--.--,--.--,--.--,--.--,--.--,--.--,--.--,0,0.000,0.000,0.000,0.000,0.000,0.000,0.000,0.000,0.000,0.000,0.000,0.000,true,true,true,true,true,true,false,false,true,true,false,false,0.06,0.00,0.02,0.03,--.--,--.--,0.15,0.17,9223372036854775808,0,--.--,--.--,--.--,--.--,--.--,0,0,0,0,37.4122950,-121.9985271,10SEG 88624 41081,0.7,1.1,96.7,3,10,--.--,--.--,,--.--,--.--,--.--,0,0,--.--,--.--,0,0.0,0.0,-8.0,0.0,-0.0,-1.5,0.0,-0.0,-8.0,-0.0,-0.0,-1.5,--.--,--.--,--.--,--.--,1.3,4.1,109.8,1.5,-4.1,0.3,288.15,--.--,--.--,0,0,0.0,0.0,0.0,0,0,0,--.--,--.--,--.--
2026-07-09 16:32:00.546,0.4,3.0,109,-1.0,3.5,-0.0,0.0,0.4,0.000,1.5,9.0,47.0,44.7,9.241,0.000,0.000,0.000,0.0,00:00:14,0.0,0.6,1,--.--,0,--.--,--.--,0000:32:26,84,0,0,1,1,15.81,-1.00,-65,--.--,80,--.--,--:--:--,1,-15.81,16:32:00,21:32:00,7/9/26,--.--,--.--,--.--,--.--,--.--,--.--,--.--,--.--,--.--,--.--,--.--,--.--,0,--.--,--.--,--.--,--.--,--.--,--.--,--.--,--.--,--.--,--.--,--.--,--.--,--.--,--.--,--.--,--.--,0,0.000,0.000,0.000,0.000,0.000,0.000,0.000,0.000,0.000,0.000,0.000,0.000,true,true,true,true,true,true,false,false,true,true,false,false,0.06,0.00,0.02,0.03,--.--,--.--,0.15,0.17,9223372036854775808,0,--.--,--.--,--.--,--.--,--.--,0,0,0,0,37.4122950,-121.9985277,10SEG 88624 41081,0.7,1.1,213.9,3,10,--.--,--.--,,--.--,--.--,--.--,0,0,--.--,--.--,0,0.0,-0.0,-9.3,-0.0,0.0,-1.5,0.0,-0.0,-9.4,0.0,-0.0,-1.5,--.--,--.--,--.--,--.--,0.3,3.8,109.7,-0.5,3.2,-0.0,288.15,--.--,--.--,0,0,0.0,0.0,0.0,0,0,0,--.--,--.--,--.--
2026-07-09 16:32:01.545,0.9,2.9,109,0.2,-3.8,-0.0,0.0,0.4,0.000,1.7,10.4,48.3,46.0,10.575,0.000,0.000,0.000,0.0,00:00:15,0.0,0.0,1,--.--,0,--.--,--.--,0000:32:26,91,0,0,1,1,15.75,-1.00,-66,--.--,77,--.--,--:--:--,1,-15.75,16:32:01,21:32:01,7/9/26,--.--,--.--,--.--,--.--,--.--,--.--,--.--,--.--,--.--,--.--,--.--,--.--,0,--.--,--.--,--.--,--.--,--.--,--.--,--.--,--.--,--.--,--.--,--.--,--.--,--.--,--.--,--.--,--.--,0,0.000,0.000,0.000,0.000,0.000,0.000,0.000,0.000,0.000,0.000,0.000,0.000,true,true,true,true,true,true,false,false,true,true,false,false,0.06,0.01,0.02,0.03,--.--,--.--,0.15,0.17,9223372036854775808,0,--.--,--.--,--.--,--.--,--.--,0,0,0,0,37.4122953,-121.9985281,10SEG 88624 41081,0.7,1.1,301.7,3,10,--.--,--.--,,--.--,--.--,--.--,0,0,--.--,--.--,0,0.0,-0.0,-10.7,0.0,-0.0,-1.9,0.0,-0.0,-10.8,-0.0,0.0,-1.8,--.--,--.--,--.--,--.--,0.8,2.4,109.7,-0.2,-2.1,0.0,288.15,--.--,--.--,0,0,0.0,0.0,0.0,0,0,0,--.--,--.--,--.--
2026-07-09 16:32:02.545,0.8,4.0,109,1.1,3.5,-0.0,0.1,1.1,0.000,3.0,12.9,50.9,47.3,13.095,0.000,0.000,0.000,0.0,00:00:16,0.0,0.3,1,--.--,0,--.--,--.--,0000:32:26,82,0,0,1,1,15.75,-1.00,-66,--.--,77,--.--,--:--:--,1,-15.75,16:32:02,21:32:02,7/9/26,--.--,--.--,--.--,--.--,--.--,--.--,--.--,--.--,--.--,--.--,--.--,--.--,0,--.--,--.--,--.--,--.--,--.--,--.--,--.--,--.--,--.--,--.--,--.--,--.--,--.--,--.--,--.--,--.--,0,0.000,0.000,0.000,0.000,0.000,0.000,0.000,0.000,0.000,0.000,0.000,0.000,true,true,true,true,true,true,false,false,true,true,false,false,0.06,0.01,0.02,0.03,--.--,--.--,0.15,0.17,9223372036854775808,0,--.--,--.--,--.--,--.--,--.--,0,0,0,0,37.4122955,-121.9985281,10SEG 88624 41081,0.7,1.1,62.7,3,10,--.--,--.--,,--.--,--.--,--.--,0,0,--.--,--.--,0,0.0,-0.0,-13.3,-0.0,0.1,-3.0,0.0,-0.0,-13.3,-0.0,0.0,-3.0,--.--,--.--,--.--,--.--,1.1,4.3,109.7,1.2,0.9,0.1,288.15,--.--,--.--,0,0,0.0,0.0,0.0,0,0,0,--.--,--.--,--.--
2026-07-09 16:32:03.545,0.5,2.7,109,-1.4,-0.2,0.0,0.0,0.9,0.000,2.9,15.6,53.6,49.9,15.824,0.000,0.000,0.000,0.0,00:00:17,0.0,0.8,1,--.--,0,--.--,--.--,0000:32:26,84,0,0,1,1,15.69,-1.00,-66,--.--,73,--.--,--:--:--,1,-15.69,16:32:03,21:32:03,7/9/26,--.--,--.--,--.--,--.--,--.--,--.--,--.--,--.--,--.--,--.--,--.--,--.--,0,--.--,--.--,--.--,--.--,--.--,--.--,--.--,--.--,--.--,--.--,--.--,--.--,--.--,--.--,--.--,--.--,0,0.000,0.000,0.000,0.000,0.000,0.000,0.000,0.000,0.000,0.000,0.000,0.000,true,true,true,true,true,true,false,false,true,true,false,false,0.08,0.01,0.02,0.04,--.--,--.--,0.15,0.17,9223372036854775808,0,--.--,--.--,--.--,--.--,--.--,0,0,0,0,37.4122956,-121.9985273,10SEG 88624 41081,0.7,1.1,189.6,3,10,--.--,--.--,,--.--,--.--,--.--,0,0,--.--,--.--,0,0.0,-0.0,-16.0,-0.0,-0.0,-2.9,-0.0,-0.0,-16.3,-0.0,0.0,-3.0,--.--,--.--,--.--,--.--,0.3,3.1,109.7,-0.9,1.4,-0.0,288.15,--.--,--.--,0,0,0.0,0.0,0.0,0,0,0,--.--,--.--,--.--
2026-07-09 16:32:04.545,0.9,3.9,109,0.4,-1.6,0.0,0.0,0.8,0.000,3.0,18.4,56.3,52.6,18.544,0.000,0.000,0.000,0.0,00:00:18,0.0,3.2,1,--.--,0,--.--,--.--,0000:32:26,84,0,0,1,1,15.69,-1.00,-66,--.--,73,--.--,--:--:--,1,-15.69,16:32:04,21:32:04,7/9/26,--.--,--.--,--.--,--.--,--.--,--.--,--.--,--.--,--.--,--.--,--.--,--.--,0,--.--,--.--,--.--,--.--,--.--,--.--,--.--,--.--,--.--,--.--,--.--,--.--,--.--,--.--,--.--,--.--,0,0.000,0.000,0.000,0.000,0.000,0.000,0.000,0.000,0.000,0.000,0.000,0.000,true,true,true,true,true,true,false,false,true,true,false,false,0.08,0.01,0.02,0.04,--.--,--.--,0.15,0.17,9223372036854775808,0,--.--,--.--,--.--,--.--,--.--,0,0,0,0,37.4122954,-121.9985269,10SEG 88624 41081,0.7,1.1,102.7,3,10,--.--,--.--,,--.--,--.--,--.--,0,0,--.--,--.--,0,0.0,-0.0,-18.8,-0.0,-0.0,-3.0,-0.0,-0.0,-19.3,-0.0,-0.0,-3.0,--.--,--.--,--.--,--.--,0.9,3.4,109.7,0.1,-1.9,0.0,288.15,--.--,--.--,0,0,0.0,0.0,0.0,0,0,0,--.--,--.--,--.--
2026-07-09 16:32:05.545,0.2,3.0,109,-1.6,1.4,-0.0,0.0,2.1,0.000,2.8,20.9,58.9,55.3,21.140,0.000,0.000,0.000,0.0,00:00:19,0.0,0.4,1,--.--,0,--.--,--.--,0000:32:26,81,0,0,1,1,15.63,-1.00,-67,--.--,70,--.--,--:--:--,1,-15.63,16:32:05,21:32:05,7/9/26,--.--,--.--,--.--,--.--,--.--,--.--,--.--,--.--,--.--,--.--,--.--,--.--,0,--.--,--.--,--.--,--.--,--.--,--.--,--.--,--.--,--.--,--.--,--.--,--.--,--.--,--.--,--.--,--.--,0,0.000,0.000,0.000,0.000,0.000,0.000,0.000,0.000,0.000,0.000,0.000,0.000,true,true,true,true,true,true,false,false,true,true,false,false,0.08,0.01,0.03,0.01,--.--,--.--,0.15,0.17,9223372036854775808,0,--.--,--.--,--.--,--.--,--.--,0,0,0,0,37.4122946,-121.9985274,10SEG 88624 41081,0.7,1.1,205.7,3,10,--.--,--.--,,--.--,--.--,--.--,0,0,--.--,--.--,0,0.0,-0.0,-21.3,-0.0,-0.0,-2.7,-0.0,-0.0,-21.9,-0.0,0.0,-2.8,--.--,--.--,--.--,--.--,0.0,3.4,109.6,-1.1,1.5,-0.0,288.15,--.--,--.--,0,0,0.0,0.0,0.0,0,0,0,--.--,--.--,--.--
2026-07-09 16:32:06.545,1.1,3.6,109,1.3,-1.5,0.0,0.0,-1.3,0.000,1.8,23.0,60.9,57.9,23.166,0.000,0.000,0.000,0.0,00:00:20,0.0,1.0,1,--.--,0,--.--,--.--,0000:32:26,80,0,0,1,1,15.63,-1.00,-67,--.--,70,--.--,--:--:--,1,-15.63,16:32:06,21:32:06,7/9/26,--.--,--.--,--.--,--.--,--.--,--.--,--.--,--.--,--.--,--.--,--.--,--.--,0,--.--,--.--,--.--,--.--,--.--,--.--,--.--,--.--,--.--,--.--,--.--,--.--,--.--,--.--,--.--,--.--,0,0.000,0.000,0.000,0.000,0.000,0.000,0.000,0.000,0.000,0.000,0.000,0.000,true,true,true,true,true,true,false,false,true,true,false,false,0.08,0.01,0.03,0.01,--.--,--.--,0.15,0.17,9223372036854775808,0,--.--,--.--,--.--,--.--,--.--,0,0,0,0,37.4122951,-121.9985270,10SEG 88624 41081,0.7,1.1,0.8,3,10,--.--,--.--,,--.--,--.--,--.--,0,0,--.--,--.--,0,0.0,-0.0,-23.3,0.0,-0.0,-1.8,-0.0,-0.0,-23.7,-0.0,-0.0,-1.8,--.--,--.--,--.--,--.--,1.2,3.3,109.6,0.5,-1.2,0.2,288.15,--.--,--.--,0,0,0.0,0.0,0.0,0,0,0,--.--,--.--,--.--
2026-07-09 16:32:07.545,0.3,3.3,109,-0.7,1.1,0.0,0.0,0.5,0.000,1.2,24.2,62.2,59.9,24.384,0.000,0.000,0.000,0.0,00:00:21,0.0,0.7,1,--.--,0,--.--,--.--,0000:32:26,82,0,0,1,1,15.57,-1.00,-67,--.--,67,--.--,--:--:--,1,-15.57,16:32:07,21:32:07,7/9/26,--.--,--.--,--.--,--.--,--.--,--.--,--.--,--.--,--.--,--.--,--.--,--.--,0,--.--,--.--,--.--,--.--,--.--,--.--,--.--,--.--,--.--,--.--,--.--,--.--,--.--,--.--,--.--,--.--,0,0.000,0.000,0.000,0.000,0.000,0.000,0.000,0.000,0.000,0.000,0.000,0.000,true,true,true,true,true,true,false,false,true,true,false,false,0.09,0.00,0.03,0.01,--.--,--.--,0.15,0.17,9223372036854775808,0,--.--,--.--,--.--,--.--,--.--,0,0,0,0,37.4122945,-121.9985275,10SEG 88624 41081,0.7,1.1,184.1,3,10,--.--,--.--,,--.--,--.--,--.--,0,0,--.--,--.--,0,-0.0,-0.0,-24.5,-0.0,0.0,-1.2,-0.0,-0.0,-24.8,0.0,-0.0,-1.2,--.--,--.--,--.--,--.--,0.2,3.6,109.7,-0.3,1.2,-0.0,288.15,--.--,--.--,0,0,0.0,0.0,0.0,0,0,0,--.--,--.--,--.--
2026-07-09 16:32:08.545,0.8,3.3,109,-0.0,-1.8,-0.0,0.0,-1.2,0.000,0.8,25.0,62.9,61.2,25.150,0.000,0.000,0.000,0.0,00:00:22,0.0,0.5,1,--.--,0,--.--,--.--,0000:32:26,82,0,0,1,1,15.57,-1.00,-67,--.--,67,--.--,--:--:--,1,-15.57,16:32:08,21:32:08,7/9/26,--.--,--.--,--.--,--.--,--.--,--.--,--.--,--.--,--.--,--.--,--.--,--.--,0,--.--,--.--,--.--,--.--,--.--,--.--,--.--,--.--,--.--,--.--,--.--,--.--,--.--,--.--,--.--,--.--,0,0.000,0.000,0.000,0.000,0.000,0.000,0.000,0.000,0.000,0.000,0.000,0.000,true,true,true,true,true,true,false,false,true,true,false,false,0.09,0.00,0.03,0.01,--.--,--.--,0.15,0.17,9223372036854775808,0,--.--,--.--,--.--,--.--,--.--,0,0,0,0,37.4122947,-121.9985273,10SEG 88624 41081,0.7,1.1,270.0,3,10,--.--,--.--,,--.--,--.--,--.--,0,0,--.--,--.--,0,-0.0,-0.0,-25.2,0.0,-0.0,-0.8,-0.0,-0.0,-25.4,0.0,-0.0,-0.8,--.--,--.--,--.--,--.--,0.7,2.9,109.7,-0.6,-1.5,0.0,288.15,--.--,--.--,0,0,0.0,0.0,0.0,0,0,0,--.--,--.--,--.--
2026-07-09 16:32:09.545,0.5,3.3,109,1.1,1.6,-0.0,0.0,1.4,0.000,0.6,25.4,63.4,61.9,25.603,0.000,0.000,0.000,0.0,00:00:23,0.0,0.4,1,--.--,0,--.--,--.--,0000:32:26,83,0,0,1,1,15.51,-1.00,-68,--.--,63,--.--,--:--:--,1,-15.51,16:32:09,21:32:09,7/9/26,--.--,--.--,--.--,--.--,--.--,--.--,--.--,--.--,--.--,--.--,--.--,--.--,0,--.--,--.--,--.--,--.--,--.--,--.--,--.--,--.--,--.--,--.--,--.--,--.--,--.--,--.--,--.--,--.--,0,0.000,0.000,0.000,0.000,0.000,0.000,0.000,0.000,0.000,0.000,0.000,0.000,true,true,true,true,true,true,false,false,true,true,false,false,0.07,0.00,0.03,0.03,--.--,--.--,0.15,0.17,9223372036854775808,0,--.--,--.--,--.--,--.--,--.--,0,0,0,0,37.4122944,-121.9985274,10SEG 88624 41081,0.7,1.1,83.5,3,10,--.--,--.--,,--.--,--.--,--.--,0,0,--.--,--.--,0,-0.0,-0.0,-25.6,0.0,0.0,-0.6,-0.0,-0.0,-25.9,0.0,0.0,-0.6,--.--,--.--,--.--,--.--,0.7,3.6,109.7,1.1,1.2,-0.0,288.15,--.--,--.--,0,0,0.0,0.0,0.0,0,0,0,--.--,--.--,--.--
2026-07-09 16:32:10.545,0.5,3.1,109,-1.2,-2.4,0.0,0.0,1.3,0.000,0.4,25.7,63.7,61.9,25.886,0.000,0.000,0.000,0.0,00:00:24,0.0,0.6,1,--.--,0,--.--,--.--,0000:32:26,83,0,0,1,1,15.51,-1.00,-68,--.--,63,--.--,--:--:--,1,-15.51,16:32:10,21:32:10,7/9/26,--.--,--.--,--.--,--.--,--.--,--.--,--.--,--.--,--.--,--.--,--.--,--.--,0,--.--,--.--,--.--,--.--,--.--,--.--,--.--,--.--,--.--,--.--,--.--,--.--,--.--,--.--,--.--,--.--,0,0.000,0.000,0.000,0.000,0.000,0.000,0.000,0.000,0.000,0.000,0.000,0.000,true,true,true,true,true,true,false,false,true,true,false,false,0.07,0.00,0.03,0.03,--.--,--.--,0.15,0.17,9223372036854775808,0,--.--,--.--,--.--,--.--,--.--,0,0,0,0,37.4122942,-121.9985276,10SEG 88624 41081,0.7,1.1,254.8,3,10,--.--,--.--,,--.--,--.--,--.--,0,0,--.--,--.--,0,-0.0,-0.0,-25.9,0.0,-0.0,-0.4,-0.0,-0.0,-26.1,0.0,0.0,-0.4,--.--,--.--,--.--,--.--,0.3,2.6,109.7,-0.9,-1.8,0.0,288.15,--.--,--.--,0,0,0.0,0.0,0.0,0,0,0,--.--,--.--,--.--
2026-07-09 16:32:11.545,0.7,3.7,109,0.9,1.3,-0.0,0.0,-1.5,0.000,0.3,25.9,63.8,62.7,26.042,0.000,0.000,0.000,0.0,00:00:25,0.0,0.8,1,--.--,0,--.--,--.--,0000:32:26,83,0,0,1,1,15.45,-1.00,-68,--.--,60,--.--,--:--:--,1,-15.45,16:32:11,21:32:11,7/9/26,--.--,--.--,--.--,--.--,--.--,--.--,--.--,--.--,--.--,--.--,--.--,--.--,0,--.--,--.--,--.--,--.--,--.--,--.--,--.--,--.--,--.--,--.--,--.--,--.--,--.--,--.--,--.--,--.--,0,0.000,0.000,0.000,0.000,0.000,0.000,0.000,0.000,0.000,0.000,0.000,0.000,true,true,true,true,true,true,false,false,true,true,false,false,0.07,0.01,0.03,0.03,--.--,--.--,0.15,0.17,9223372036854775808,0,--.--,--.--,--.--,--.--,--.--,0,0,0,0,37.4122947,-121.9985273,10SEG 88624 41081,0.7,1.1,48.0,3,10,--.--,--.--,,--.--,--.--,--.--,0,0,--.--,--.--,0,-0.0,-0.0,-26.0,0.0,0.0,-0.3,-0.0,-0.0,-26.3,0.0,-0.0,-0.3,--.--,--.--,--.--,--.--,0.8,3.7,109.7,0.7,-0.0,-0.0,288.15,--.--,--.--,0,0,0.0,0.0,0.0,0,0,0,--.--,--.--,--.--
2026-07-09 16:32:12.545,0.5,3.0,109,0.3,0.4,-0.0,0.0,0.0,0.000,0.3,26.0,63.9,62.7,26.145,0.000,0.000,0.000,0.0,00:00:26,0.0,1.4,1,--.--,0,--.--,--.--,0000:32:26,83,0,0,1,1,15.45,-1.00,-68,--.--,60,--.--,--:--:--,1,-15.45,16:32:12,21:32:12,7/9/26,--.--,--.--,--.--,--.--,--.--,--.--,--.--,--.--,--.--,--.--,--.--,--.--,0,--.--,--.--,--.--,--.--,--.--,--.--,--.--,--.--,--.--,--.--,--.--,--.--,--.--,--.--,--.--,--.--,0,0.000,0.000,0.000,0.000,0.000,0.000,0.000,0.000,0.000,0.000,0.000,0.000,true,true,true,true,true,true,false,false,true,true,false,false,0.07,0.01,0.03,0.03,--.--,--.--,0.15,0.17,9223372036854775808,0,--.--,--.--,--.--,--.--,--.--,0,0,0,0,37.4122944,-121.9985275,10SEG 88624 41081,0.7,1.1,219.1,3,10,--.--,--.--,,--.--,--.--,--.--,0,0,--.--,--.--,0,-0.0,-0.0,-26.1,0.0,-0.0,-0.3,-0.0,-0.0,-26.3,0.0,0.0,-0.3,--.--,--.--,--.--,--.--,0.6,3.2,109.7,0.5,0.6,-0.0,288.15,--.--,--.--,0,0,0.0,0.0,0.0,0,0,0,--.--,--.--,--.--
2026-07-09 16:32:13.545,0.3,3.3,109,0.7,-0.3,0.0,0.0,-1.3,0.000,0.3,26.0,64.0,62.7,26.194,0.000,0.000,0.000,0.0,00:00:27,0.0,1.3,1,--.--,0,--.--,--.--,0000:32:26,84,0,0,1,1,15.39,-1.00,-69,--.--,57,--.--,--:--:--,1,-15.39,16:32:13,21:32:13,7/9/26,--.--,--.--,--.--,--.--,--.--,--.--,--.--,--.--,--.--,--.--,--.--,--.--,0,--.--,--.--,--.--,--.--,--.--,--.--,--.--,--.--,--.--,--.--,--.--,--.--,--.--,--.--,--.--,--.--,0,0.000,0.000,0.000,0.000,0.000,0.000,0.000,0.000,0.000,0.000,0.000,0.000,true,true,true,true,true,true,false,false,true,true,false,false,0.08,0.00,0.03,0.01,--.--,--.--,0.15,0.17,9223372036854775808,0,--.--,--.--,--.--,--.--,--.--,0,0,0,0,37.4122945,-121.9985275,10SEG 88624 41081,0.7,1.1,172.3,3,10,--.--,--.--,,--.--,--.--,--.--,0,0,--.--,--.--,0,-0.0,-0.0,-26.2,0.0,-0.0,-0.3,-0.0,-0.0,-26.4,0.0,-0.0,-0.3,--.--,--.--,--.--,--.--,0.5,3.3,109.7,0.9,-0.4,0.0,288.15,--.--,--.--,0,0,0.0,0.0,0.0,0,0,0,--.--,--.--,--.--
2026-07-09 16:32:14.545,0.8,3.1,109,-0.5,0.2,-0.0,0.0,-0.6,0.000,0.2,26.0,64.0,62.7,26.222,0.000,0.000,0.000,0.0,00:00:28,0.0,0.9,1,--.--,0,--.--,--.--,0000:32:26,84,0,0,1,1,15.39,-1.00,-69,--.--,57,--.--,--:--:--,1,-15.39,16:32:14,21:32:14,7/9/26,--.--,--.--,--.--,--.--,--.--,--.--,--.--,--.--,--.--,--.--,--.--,--.--,0,--.--,--.--,--.--,--.--,--.--,--.--,--.--,--.--,--.--,--.--,--.--,--.--,--.--,--.--,--.--,--.--,0,0.000,0.000,0.000,0.000,0.000,0.000,0.000,0.000,0.000,0.000,0.000,0.000,true,true,true,true,true,true,false,false,true,true,false,false,0.08,0.00,0.03,0.01,--.--,--.--,0.15,0.17,9223372036854775808,0,--.--,--.--,--.--,--.--,--.--,0,0,0,0,37.4122944,-121.9985278,10SEG 88624 41081,0.7,1.1,222.6,3,10,--.--,--.--,,--.--,--.--,--.--,0,0,--.--,--.--,0,-0.0,-0.0,-26.2,0.0,0.0,-0.2,-0.0,-0.0,-26.4,0.0,0.0,-0.2,--.--,--.--,--.--,--.--,0.6,3.1,109.7,-0.9,0.2,-0.0,288.15,--.--,--.--,0,0,0.0,0.0,0.0,0,0,0,--.--,--.--,--.--
2026-07-09 16:32:15.544,0.7,3.1,109,0.6,-0.3,0.0,0.0,-1.4,0.000,0.2,26.0,64.0,62.7,26.230,0.000,0.000,0.000,0.0,00:00:29,0.0,0.7,1,--.--,0,--.--,--.--,0000:32:26,84,0,0,1,1,15.33,-1.00,-70,--.--,53,--.--,--:--:--,1,-15.33,16:32:15,21:32:15,7/9/26,--.--,--.--,--.--,--.--,--.--,--.--,--.--,--.--,--.--,--.--,--.--,--.--,0,--.--,--.--,--.--,--.--,--.--,--.--,--.--,--.--,--.--,--.--,--.--,--.--,--.--,--.--,--.--,--.--,0,0.000,0.000,0.000,0.000,0.000,0.000,0.000,0.000,0.000,0.000,0.000,0.000,true,true,true,true,true,true,false,false,true,true,false,false,0.08,0.00,0.03,0.01,--.--,--.--,0.15,0.17,9223372036854775808,0,--.--,--.--,--.--,--.--,--.--,0,0,0,0,37.4122944,-121.9985279,10SEG 88624 41081,0.7,1.1,247.3,3,10,--.--,--.--,,--.--,--.--,--.--,0,0,--.--,--.--,0,-0.0,-0.0,-26.2,0.0,0.0,-0.2,-0.0,-0.0,-26.5,0.0,0.0,-0.3,--.--,--.--,--.--,--.--,0.7,3.0,109.7,0.2,-0.4,0.0,288.15,--.--,--.--,0,0,0.0,0.0,0.0,0,0,0,--.--,--.--,--.--
2026-07-09 16:32:16.544,0.7,3.1,109,0.8,-0.1,-0.0,0.0,-1.8,0.000,0.2,26.1,64.0,62.7,26.246,0.000,0.000,0.000,0.0,00:00:30,0.0,0.7,1,--.--,0,--.--,--.--,0000:32:26,83,0,0,1,1,15.33,-1.00,-70,--.--,53,--.--,--:--:--,1,-15.33,16:32:16,21:32:16,7/9/26,--.--,--.--,--.--,--.--,--.--,--.--,--.--,--.--,--.--,--.--,--.--,--.--,0,--.--,--.--,--.--,--.--,--.--,--.--,--.--,--.--,--.--,--.--,--.--,--.--,--.--,--.--,--.--,--.--,0,0.000,0.000,0.000,0.000,0.000,0.000,0.000,0.000,0.000,0.000,0.000,0.000,true,true,true,true,true,true,false,false,true,true,false,false,0.08,0.00,0.03,0.01,--.--,--.--,0.15,0.17,9223372036854775808,0,--.--,--.--,--.--,--.--,--.--,0,0,0,0,37.4122950,-121.9985284,10SEG 88624 41081,0.7,1.1,325.4,3,10,--.--,--.--,,--.--,--.--,--.--,0,0,--.--,--.--,0,-0.0,-0.1,-26.2,0.0,0.0,-0.2,-0.0,-0.0,-26.5,0.0,0.0,-0.2,--.--,--.--,--.--,--.--,0.9,2.9,109.7,0.6,-0.7,0.0,288.15,--.--,--.--,0,0,0.0,0.0,0.0,0,0,0,--.--,--.--,--.--
2026-07-09 16:32:17.544,0.7,3.0,109,-0.2,2.1,0.0,0.1,1.2,0.000,0.2,26.1,64.0,62.7,26.257,0.000,0.000,0.000,0.0,00:00:31,0.0,0.4,1,--.--,0,--.--,--.--,0000:32:26,84,0,0,1,1,15.30,-1.00,-70,--.--,51,--.--,--:--:--,1,-15.30,16:32:17,21:32:17,7/9/26,--.--,--.--,--.--,--.--,--.--,--.--,--.--,--.--,--.--,--.--,--.--,--.--,0,--.--,--.--,--.--,--.--,--.--,--.--,--.--,--.--,--.--,--.--,--.--,--.--,--.--,--.--,--.--,--.--,0,0.000,0.000,0.000,0.000,0.000,0.000,0.000,0.000,0.000,0.000,0.000,0.000,true,true,true,true,true,true,false,false,true,true,false,false,0.07,0.00,0.03,0.02,--.--,--.--,0.15,0.17,9223372036854775808,0,--.--,--.--,--.--,--.--,--.--,0,0,0,0,37.4122951,-121.9985280,10SEG 88624 41081,0.7,1.1,50.0,3,10,--.--,--.--,,--.--,--.--,--.--,0,0,--.--,--.--,0,0.0,-0.1,-26.3,-0.0,0.0,-0.2,-0.0,-0.0,-26.5,-0.0,0.0,-0.2,--.--,--.--,--.--,--.--,0.7,3.5,109.7,-0.0,1.8,-0.0,288.15,--.--,--.--,0,0,0.0,0.0,0.0,0,0,0,--.--,--.--,--.--
2026-07-09 16:32:18.544,0.7,3.0,109,-0.8,-0.7,0.0,0.0,-1.5,0.000,0.2,26.1,64.0,62.7,26.266,0.000,0.000,0.000,0.0,00:00:32,0.0,1.3,1,--.--,0,--.--,--.--,0000:32:26,84,0,0,1,1,15.30,-1.00,-70,--.--,51,--.--,--:--:--,1,-15.30,16:32:18,21:32:18,7/9/26,--.--,--.--,--.--,--.--,--.--,--.--,--.--,--.--,--.--,--.--,--.--,--.--,0,--.--,--.--,--.--,--.--,--.--,--.--,--.--,--.--,--.--,--.--,--.--,--.--,--.--,--.--,--.--,--.--,0,0.000,0.000,0.000,0.000,0.000,0.000,0.000,0.000,0.000,0.000,0.000,0.000,true,true,true,true,true,true,false,false,true,true,false,false,0.07,0.00,0.03,0.02,--.--,--.--,0.15,0.17,9223372036854775808,0,--.--,--.--,--.--,--.--,--.--,0,0,0,0,37.4122951,-121.9985276,10SEG 88624 41081,0.7,1.1,123.1,3,10,--.--,--.--,,--.--,--.--,--.--,0,0,--.--,--.--,0,0.0,-0.0,-26.3,-0.0,0.0,-0.2,-0.0,-0.0,-26.5,-0.0,0.0,-0.2,--.--,--.--,--.--,--.--,0.6,3.0,109.7,-0.5,0.2,-0.0,288.15,--.--,--.--,0,0,0.0,0.0,0.0,0,0,0,--.--,--.--,--.--
2026-07-09 16:32:19.544,0.7,3.4,109,0.1,-0.7,-0.0,0.0,-1.2,0.000,0.2,26.1,64.0,62.7,26.267,0.000,0.000,0.000,0.0,00:00:33,0.0,2.3,1,--.--,0,--.--,--.--,0000:32:26,84,0,0,1,1,15.30,-1.00,-71,--.--,50,--.--,--:--:--,1,-15.30,16:32:19,21:32:19,7/9/26,--.--,--.--,--.--,--.--,--.--,--.--,--.--,--.--,--.--,--.--,--.--,--.--,0,--.--,--.--,--.--,--.--,--.--,--.--,--.--,--.--,--.--,--.--,--.--,--.--,--.--,--.--,--.--,--.--,0,0.000,0.000,0.000,0.000,0.000,0.000,0.000,0.000,0.000,0.000,0.000,0.000,true,true,true,true,true,true,false,false,true,true,false,false,0.08,0.00,0.03,0.01,--.--,--.--,0.15,0.17,9223372036854775808,0,--.--,--.--,--.--,--.--,--.--,0,0,0,0,37.4122949,-121.9985277,10SEG 88624 41081,0.7,1.1,193.4,3,10,--.--,--.--,,--.--,--.--,--.--,0,0,--.--,--.--,0,-0.0,-0.0,-26.3,0.0,-0.0,-0.2,-0.0,-0.0,-26.5,0.0,-0.0,-0.2,--.--,--.--,--.--,--.--,0.7,3.2,109.7,0.1,-0.9,0.0,288.15,--.--,--.--,0,0,0.0,0.0,0.0,0,0,0,--.--,--.--,--.--
2026-07-09 16:32:20.544,0.4,2.7,109,-0.1,0.5,-0.0,0.0,-1.2,0.000,0.2,26.1,64.0,62.7,26.267,0.000,0.000,0.000,0.0,00:00:34,0.0,1.7,1,--.--,0,--.--,--.--,0000:32:26,84,0,0,1,1,15.30,-1.00,-71,--.--,50,--.--,--:--:--,1,-15.30,16:32:20,21:32:20,7/9/26,--.--,--.--,--.--,--.--,--.--,--.--,--.--,--.--,--.--,--.--,--.--,--.--,0,--.--,--.--,--.--,--.--,--.--,--.--,--.--,--.--,--.--,--.--,--.--,--.--,--.--,--.--,--.--,--.--,0,0.000,0.000,0.000,0.000,0.000,0.000,0.000,0.000,0.000,0.000,0.000,0.000,true,true,true,true,true,true,false,false,true,true,false,false,0.08,0.00,0.03,0.01,--.--,--.--,0.15,0.17,9223372036854775808,0,--.--,--.--,--.--,--.--,--.--,0,0,0,0,37.4122948,-121.9985280,10SEG 88624 41081,0.7,1.1,179.7,3,10,--.--,--.--,,--.--,--.--,--.--,0,0,--.--,--.--,0,-0.0,-0.1,-26.3,0.0,0.0,-0.2,-0.0,-0.0,-26.5,0.0,0.0,-0.2,--.--,--.--,--.--,--.--,0.4,2.9,109.7,0.1,0.7,-0.0,288.15,--.--,--.--,0,0,0.0,0.0,0.0,0,0,0,--.--,--.--,--.--
2026-07-09 16:32:21.544,1.0,3.2,109,0.2,-0.6,0.0,0.0,0.8,0.000,0.2,26.1,64.0,62.7,26.273,0.000,0.000,0.000,0.0,00:00:35,0.0,0.0,1,--.--,0,--.--,--.--,0000:32:26,84,0,0,1,1,15.30,-1.00,-71,--.--,50,--.--,--:--:--,1,-15.30,16:32:21,21:32:21,7/9/26,--.--,--.--,--.--,--.--,--.--,--.--,--.--,--.--,--.--,--.--,--.--,--.--,0,--.--,--.--,--.--,--.--,--.--,--.--,--.--,--.--,--.--,--.--,--.--,--.--,--.--,--.--,--.--,--.--,0,0.000,0.000,0.000,0.000,0.000,0.000,0.000,0.000,0.000,0.000,0.000,0.000,true,true,true,true,true,true,false,false,true,true,false,false,0.07,0.01,0.02,0.01,--.--,--.--,0.15,0.17,9223372036854775808,0,--.--,--.--,--.--,--.--,--.--,0,0,0,0,37.4122943,-121.9985279,10SEG 88624 41081,0.7,1.1,33.8,3,10,--.--,--.--,,--.--,--.--,--.--,0,0,--.--,--.--,0,0.0,-0.0,-26.3,0.0,0.0,-0.2,-0.0,-0.0,-26.5,-0.0,0.0,-0.2,--.--,--.--,--.--,--.--,1.0,3.1,109.7,-0.2,-0.6,0.0,288.15,--.--,--.--,0,0,0.0,0.0,0.0,0,0,0,--.--,--.--,--.--
2026-07-09 16:32:22.544,0.3,3.1,109,-0.2,0.1,-0.0,0.0,0.6,0.000,0.2,26.1,64.1,62.7,26.288,0.000,0.000,0.000,0.0,00:00:36,0.0,1.7,1,--.--,0,--.--,--.--,0000:32:26,84,0,0,1,1,15.30,-1.00,-71,--.--,50,--.--,--:--:--,1,-15.30,16:32:22,21:32:22,7/9/26,--.--,--.--,--.--,--.--,--.--,--.--,--.--,--.--,--.--,--.--,--.--,--.--,0,--.--,--.--,--.--,--.--,--.--,--.--,--.--,--.--,--.--,--.--,--.--,--.--,--.--,--.--,--.--,--.--,0,0.000,0.000,0.000,0.000,0.000,0.000,0.000,0.000,0.000,0.000,0.000,0.000,true,true,true,true,true,true,false,false,true,true,false,false,0.07,0.01,0.02,0.01,--.--,--.--,0.15,0.17,9223372036854775808,0,--.--,--.--,--.--,--.--,--.--,0,0,0,0,37.4122949,-121.9985280,10SEG 88624 41081,0.7,1.1,172.2,3,10,--.--,--.--,,--.--,--.--,--.--,0,0,--.--,--.--,0,-0.0,-0.0,-26.3,-0.0,0.0,-0.2,-0.0,-0.0,-26.5,0.0,0.0,-0.2,--.--,--.--,--.--,--.--,0.3,3.1,109.7,0.2,-0.0,0.0,288.15,--.--,--.--,0,0,0.0,0.0,0.0,0,0,0,--.--,--.--,--.--
2026-07-09 16:32:23.544,0.9,3.0,109,-0.7,-0.7,-0.0,0.0,1.5,0.000,0.2,26.1,64.1,62.7,26.287,0.000,0.000,0.000,0.0,00:00:37,0.0,0.0,1,--.--,0,--.--,--.--,0000:32:26,84,0,0,1,1,15.30,-1.00,-72,--.--,50,--.--,--:--:--,1,-15.30,16:32:23,21:32:23,7/9/26,--.--,--.--,--.--,--.--,--.--,--.--,--.--,--.--,--.--,--.--,--.--,--.--,0,--.--,--.--,--.--,--.--,--.--,--.--,--.--,--.--,--.--,--.--,--.--,--.--,--.--,--.--,--.--,--.--,0,0.000,0.000,0.000,0.000,0.000,0.000,0.000,0.000,0.000,0.000,0.000,0.000,true,true,true,true,true,true,false,false,true,true,false,false,0.06,0.01,0.03,0.01,--.--,--.--,0.15,0.17,9223372036854775808,0,--.--,--.--,--.--,--.--,--.--,0,0,0,0,37.4122948,-121.9985282,10SEG 88624 41081,0.7,1.1,305.7,3,10,--.--,--.--,,--.--,--.--,--.--,0,0,--.--,--.--,0,-0.0,-0.0,-26.3,0.0,-0.0,-0.2,-0.0,-0.0,-26.5,0.0,0.0,-0.2,--.--,--.--,--.--,--.--,0.7,2.8,109.6,-1.0,-1.1,0.0,288.15,--.--,--.--,0,0,0.0,0.0,0.0,0,0,0,--.--,--.--,--.--
2026-07-09 16:32:24.544,0.6,3.0,109,1.3,1.9,-0.0,0.0,1.4,0.000,0.2,26.1,64.1,62.7,26.297,0.000,0.000,0.000,0.0,00:00:38,0.0,0.5,1,--.--,0,--.--,--.--,0000:32:26,84,0,0,1,1,15.30,-1.00,-72,--.--,50,--.--,--:--:--,1,-15.30,16:32:24,21:32:24,7/9/26,--.--,--.--,--.--,--.--,--.--,--.--,--.--,--.--,--.--,--.--,--.--,--.--,0,--.--,--.--,--.--,--.--,--.--,--.--,--.--,--.--,--.--,--.--,--.--,--.--,--.--,--.--,--.--,--.--,0,0.000,0.000,0.000,0.000,0.000,0.000,0.000,0.000,0.000,0.000,0.000,0.000,true,true,true,true,true,true,false,false,true,true,false,false,0.06,0.01,0.03,0.01,--.--,--.--,0.15,0.17,9223372036854775808,0,--.--,--.--,--.--,--.--,--.--,0,0,0,0,37.4122951,-121.9985281,10SEG 88624 41081,0.7,1.1,79.3,3,10,--.--,--.--,,--.--,--.--,--.--,0,0,--.--,--.--,0,-0.0,-0.1,-26.3,0.0,0.0,-0.2,-0.0,-0.0,-26.5,0.0,0.0,-0.2,--.--,--.--,--.--,--.--,0.9,3.4,109.7,1.3,1.6,-0.0,288.15,--.--,--.--,0,0,0.0,0.0,0.0,0,0,0,--.--,--.--,--.--
2026-07-09 16:32:25.544,0.4,2.9,109,-0.8,-1.4,0.0,0.0,-1.0,0.000,0.2,26.1,64.1,62.7,26.311,0.000,0.000,0.000,0.0,00:00:39,0.0,0.8,1,--.--,0,--.--,--.--,0000:32:26,84,0,0,1,1,15.30,-1.00,-72,--.--,50,--.--,--:--:--,1,-15.30,16:32:25,21:32:25,7/9/26,--.--,--.--,--.--,--.--,--.--,--.--,--.--,--.--,--.--,--.--,--.--,--.--,0,--.--,--.--,--.--,--.--,--.--,--.--,--.--,--.--,--.--,--.--,--.--,--.--,--.--,--.--,--.--,--.--,0,0.000,0.000,0.000,0.000,0.000,0.000,0.000,0.000,0.000,0.000,0.000,0.000,true,true,true,true,true,true,false,false,true,true,false,false,0.06,0.00,0.02,0.03,--.--,--.--,0.15,0.17,9223372036854775808,0,--.--,--.--,--.--,--.--,--.--,0,0,0,0,37.4122947,-121.9985275,10SEG 88624 41081,0.7,1.1,201.1,3,10,--.--,--.--,,--.--,--.--,--.--,0,0,--.--,--.--,0,-0.0,-0.0,-26.3,-0.0,-0.0,-0.2,-0.0,-0.0,-26.5,0.0,0.0,-0.2,--.--,--.--,--.--,--.--,0.3,2.8,109.6,-0.6,-0.7,0.0,288.15,--.--,--.--,0,0,0.0,0.0,0.0,0,0,0,--.--,--.--,--.--
2026-07-09 16:32:26.544,0.7,3.3,109,0.4,0.8,-0.0,0.0,-0.7,0.000,0.2,26.1,64.1,62.7,26.334,0.000,0.000,0.000,0.0,00:00:40,0.0,0.5,1,--.--,0,--.--,--.--,0000:32:26,83,0,0,1,1,15.30,-1.00,-72,--.--,50,--.--,--:--:--,1,-15.30,16:32:26,21:32:26,7/9/26,--.--,--.--,--.--,--.--,--.--,--.--,--.--,--.--,--.--,--.--,--.--,--.--,0,--.--,--.--,--.--,--.--,--.--,--.--,--.--,--.--,--.--,--.--,--.--,--.--,--.--,--.--,--.--,--.--,0,0.000,0.000,0.000,0.000,0.000,0.000,0.000,0.000,0.000,0.000,0.000,0.000,true,true,true,true,true,true,false,false,true,true,false,false,0.06,0.00,0.02,0.03,--.--,--.--,0.15,0.17,9223372036854775808,0,--.--,--.--,--.--,--.--,--.--,0,0,0,0,37.4122946,-121.9985279,10SEG 88624 41081,0.7,1.1,77.6,3,10,--.--,--.--,,--.--,--.--,--.--,0,0,--.--,--.--,0,-0.0,-0.0,-26.3,0.0,0.0,-0.2,-0.0,-0.0,-26.5,0.0,-0.0,-0.2,--.--,--.--,--.--,--.--,0.7,3.4,109.7,0.1,0.2,-0.0,288.15,--.--,--.--,0,0,0.0,0.0,0.0,0,0,0,--.--,--.--,--.--
2026-07-09 16:32:27.544,0.5,2.7,109,-0.6,-0.3,0.0,0.0,1.1,0.000,0.2,26.2,64.1,62.7,26.342,0.000,0.000,0.000,0.0,00:00:41,0.0,1.2,1,--.--,0,--.--,--.--,0000:32:26,83,0,0,1,1,15.30,-1.00,-73,--.--,50,--.--,--:--:--,1,-15.30,16:32:27,21:32:27,7/9/26,--.--,--.--,--.--,--.--,--.--,--.--,--.--,--.--,--.--,--.--,--.--,--.--,0,--.--,--.--,--.--,--.--,--.--,--.--,--.--,--.--,--.--,--.--,--.--,--.--,--.--,--.--,--.--,--.--,0,0.000,0.000,0.000,0.000,0.000,0.000,0.000,0.000,0.000,0.000,0.000,0.000,true,true,true,true,true,true,false,false,true,true,false,false,0.04,0.01,0.02,0.01,--.--,--.--,0.15,0.17,9223372036854775808,0,--.--,--.--,--.--,--.--,--.--,0,0,0,0,37.4122950,-121.9985279,10SEG 88624 41081,0.7,1.1,247.7,3,10,--.--,--.--,,--.--,--.--,--.--,0,0,--.--,--.--,0,-0.0,-0.0,-26.3,0.0,-0.0,-0.2,-0.0,-0.0,-26.5,0.0,0.0,-0.2,--.--,--.--,--.--,--.--,0.4,2.7,109.6,-0.6,-0.1,0.0,288.15,--.--,--.--,0,0,0.0,0.0,0.0,0,0,0,--.--,--.--,--.--
2026-07-09 16:32:28.544,1.1,2.9,109,0.2,0.8,0.0,0.0,1.4,0.000,0.1,26.2,64.1,62.7,26.344,0.000,0.000,0.000,0.0,00:00:42,0.0,0.0,1,--.--,0,--.--,--.--,0000:32:26,84,0,0,1,1,15.30,-1.00,-73,--.--,50,--.--,--:--:--,1,-15.30,16:32:28,21:32:28,7/9/26,--.--,--.--,--.--,--.--,--.--,--.--,--.--,--.--,--.--,--.--,--.--,--.--,0,--.--,--.--,--.--,--.--,--.--,--.--,--.--,--.--,--.--,--.--,--.--,--.--,--.--,--.--,--.--,--.--,0,0.000,0.000,0.000,0.000,0.000,0.000,0.000,0.000,0.000,0.000,0.000,0.000,true,true,true,true,true,true,false,false,true,true,false,false,0.04,0.01,0.02,0.01,--.--,--.--,0.15,0.17,9223372036854775808,0,--.--,--.--,--.--,--.--,--.--,0,0,0,0,37.4122945,-121.9985276,10SEG 88624 41081,0.7,1.1,71.2,3,10,--.--,--.--,,--.--,--.--,--.--,0,0,--.--,--.--,0,-0.0,-0.0,-26.3,0.0,0.0,-0.2,-0.0,-0.0,-26.5,0.0,0.0,-0.2,--.--,--.--,--.--,--.--,1.0,3.1,109.6,-0.6,0.8,-0.0,288.15,--.--,--.--,0,0,0.0,0.0,0.0,0,0,0,--.--,--.--,--.--
2026-07-09 16:32:29.544,0.4,3.4,109,0.6,-0.4,0.0,0.0,-0.3,0.000,0.2,26.1,64.1,62.7,26.337,0.000,0.000,0.000,0.0,00:00:43,0.0,3.1,1,--.--,0,--.--,--.--,0000:32:26,84,0,0,1,1,15.30,-1.00,-73,--.--,50,--.--,--:--:--,1,-15.30,16:32:29,21:32:29,7/9/26,--.--,--.--,--.--,--.--,--.--,--.--,--.--,--.--,--.--,--.--,--.--,--.--,0,--.--,--.--,--.--,--.--,--.--,--.--,--.--,--.--,--.--,--.--,--.--,--.--,--.--,--.--,--.--,--.--,0,0.000,0.000,0.000,0.000,0.000,0.000,0.000,0.000,0.000,0.000,0.000,0.000,true,true,true,true,true,true,false,false,true,true,false,false,0.04,0.00,0.02,0.02,--.--,--.--,0.15,0.17,9223372036854775808,0,--.--,--.--,--.--,--.--,--.--,0,0,0,0,37.4122946,-121.9985276,10SEG 88624 41081,0.7,1.1,110.8,3,10,--.--,--.--,,--.--,--.--,--.--,0,0,--.--,--.--,0,-0.0,-0.0,-26.3,0.0,-0.0,-0.2,-0.0,-0.0,-26.5,0.0,-0.0,-0.2,--.--,--.--,--.--,--.--,0.6,3.2,109.7,0.9,-0.5,0.0,288.15,--.--,--.--,0,0,0.0,0.0,0.0,0,0,0,--.--,--.--,--.--
2026-07-09 16:32:30.544,0.2,2.3,109,-0.4,-0.4,-0.0,0.0,-0.6,0.000,0.1,26.2,64.1,62.7,26.351,0.000,0.000,0.000,0.0,00:00:44,0.0,1.4,1,--.--,0,--.--,--.--,0000:32:26,84,0,0,1,1,15.30,-1.00,-73,--.--,50,--.--,--:--:--,1,-15.30,16:32:30,21:32:30,7/9/26,--.--,--.--,--.--,--.--,--.--,--.--,--.--,--.--,--.--,--.--,--.--,--.--,0,--.--,--.--,--.--,--.--,--.--,--.--,--.--,--.--,--.--,--.--,--.--,--.--,--.--,--.--,--.--,--.--,0,0.000,0.000,0.000,0.000,0.000,0.000,0.000,0.000,0.000,0.000,0.000,0.000,true,true,true,true,true,true,false,false,true,true,false,false,0.04,0.00,0.02,0.02,--.--,--.--,0.15,0.17,9223372036854775808,0,--.--,--.--,--.--,--.--,--.--,0,0,0,0,37.4122948,-121.9985280,10SEG 88624 41081,0.7,1.1,252.4,3,10,--.--,--.--,,--.--,--.--,--.--,0,0,--.--,--.--,0,-0.0,-0.1,-26.3,0.0,-0.0,-0.1,-0.0,-0.0,-26.5,0.0,0.0,-0.1,--.--,--.--,--.--,--.--,0.2,2.3,109.6,0.0,0.3,-0.0,288.15,--.--,--.--,0,0,0.0,0.0,0.0,0,0,0,--.--,--.--,--.--
2026-07-09 16:32:31.545,1.0,3.4,109,0.8,-0.3,0.0,0.0,-1.1,0.000,0.1,26.2,64.1,62.7,26.353,0.000,0.000,0.000,0.0,00:00:45,0.0,0.3,1,--.--,0,--.--,--.--,0000:32:26,84,0,0,1,1,15.30,-1.00,-74,--.--,50,--.--,--:--:--,1,-15.30,16:32:31,21:32:31,7/9/26,--.--,--.--,--.--,--.--,--.--,--.--,--.--,--.--,--.--,--.--,--.--,--.--,0,--.--,--.--,--.--,--.--,--.--,--.--,--.--,--.--,--.--,--.--,--.--,--.--,--.--,--.--,--.--,--.--,0,0.000,0.000,0.000,0.000,0.000,0.000,0.000,0.000,0.000,0.000,0.000,0.000,true,true,true,true,true,true,false,false,true,true,false,false,0.04,0.01,0.02,0.03,--.--,--.--,0.15,0.17,9223372036854775808,0,--.--,--.--,--.--,--.--,--.--,0,0,0,0,37.4122951,-121.9985278,10SEG 88624 41081,0.7,1.1,2.8,3,10,--.--,--.--,,--.--,--.--,--.--,0,0,--.--,--.--,0,-0.0,-0.0,-26.3,0.0,0.0,-0.1,-0.0,-0.0,-26.5,0.0,0.0,-0.1,--.--,--.--,--.--,--.--,1.1,3.1,109.6,0.4,-1.2,0.1,288.15,--.--,--.--,0,0,0.0,0.0,0.0,0,0,0,--.--,--.--,--.--
2026-07-09 16:32:32.544,0.6,2.5,109,-0.7,1.3,0.0,0.0,1.2,0.000,0.1,26.2,64.1,62.7,26.358,0.000,0.000,0.000,0.0,00:00:46,0.0,0.9,1,--.--,0,--.--,--.--,0000:32:26,84,0,0,1,1,15.30,-1.00,-74,--.--,50,--.--,--:--:--,1,-15.30,16:32:32,21:32:32,7/9/26,--.--,--.--,--.--,--.--,--.--,--.--,--.--,--.--,--.--,--.--,--.--,--.--,0,--.--,--.--,--.--,--.--,--.--,--.--,--.--,--.--,--.--,--.--,--.--,--.--,--.--,--.--,--.--,--.--,0,0.000,0.000,0.000,0.000,0.000,0.000,0.000,0.000,0.000,0.000,0.000,0.000,true,true,true,true,true,true,false,false,true,true,false,false,0.04,0.01,0.02,0.03,--.--,--.--,0.15,0.17,9223372036854775808,0,--.--,--.--,--.--,--.--,--.--,0,0,0,0,37.4122952,-121.9985280,10SEG 88624 41081,0.7,1.1,94.3,3,10,--.--,--.--,,--.--,--.--,--.--,0,0,--.--,--.--,0,0.0,-0.1,-26.3,-0.0,0.0,-0.1,-0.0,-0.0,-26.5,-0.0,0.0,-0.1,--.--,--.--,--.--,--.--,0.5,2.9,109.6,-0.4,1.6,-0.0,288.15,--.--,--.--,0,0,0.0,0.0,0.0,0,0,0,--.--,--.--,--.--
2026-07-09 16:32:33.545,1.0,3.1,109,0.5,-1.4,0.0,0.0,0.5,0.000,0.1,26.2,64.1,62.7,26.350,0.000,0.000,0.000,0.0,00:00:47,0.0,4.6,1,--.--,0,--.--,--.--,0000:32:26,84,0,0,1,1,15.30,-1.00,-75,--.--,50,--.--,--:--:--,1,-15.30,16:32:33,21:32:33,7/9/26,--.--,--.--,--.--,--.--,--.--,--.--,--.--,--.--,--.--,--.--,--.--,--.--,0,--.--,--.--,--.--,--.--,--.--,--.--,--.--,--.--,--.--,--.--,--.--,--.--,--.--,--.--,--.--,--.--,0,0.000,0.000,0.000,0.000,0.000,0.000,0.000,0.000,0.000,0.000,0.000,0.000,true,true,true,true,true,true,false,false,true,true,false,false,0.04,0.01,0.02,0.02,--.--,--.--,0.15,0.17,9223372036854775808,0,--.--,--.--,--.--,--.--,--.--,0,0,0,0,37.4122953,-121.9985278,10SEG 88624 41081,0.7,1.1,245.1,3,10,--.--,--.--,,--.--,--.--,--.--,0,0,--.--,--.--,0,0.0,-0.0,-26.3,-0.0,-0.0,-0.1,-0.0,-0.0,-26.5,-0.0,0.0,-0.1,--.--,--.--,--.--,--.--,1.0,2.8,109.6,0.1,-1.4,0.0,288.15,--.--,--.--,0,0,0.0,0.0,0.0,0,0,0,--.--,--.--,--.--
2026-07-09 16:32:34.545,-0.0,2.7,109,0.1,1.1,-0.0,0.0,0.8,0.000,0.1,26.2,64.1,62.7,26.366,0.000,0.000,0.000,0.0,00:00:48,0.0,0.7,1,--.--,0,--.--,--.--,0000:32:26,83,0,0,1,1,15.30,-1.00,-75,--.--,50,--.--,--:--:--,1,-15.30,16:32:34,21:32:34,7/9/26,--.--,--.--,--.--,--.--,--.--,--.--,--.--,--.--,--.--,--.--,--.--,--.--,0,--.--,--.--,--.--,--.--,--.--,--.--,--.--,--.--,--.--,--.--,--.--,--.--,--.--,--.--,--.--,--.--,0,0.000,0.000,0.000,0.000,0.000,0.000,0.000,0.000,0.000,0.000,0.000,0.000,true,true,true,true,true,true,false,false,true,true,false,false,0.04,0.01,0.02,0.02,--.--,--.--,0.15,0.17,9223372036854775808,0,--.--,--.--,--.--,--.--,--.--,0,0,0,0,37.4122951,-121.9985282,10SEG 88624 41081,0.7,1.1,99.4,3,10,--.--,--.--,,--.--,--.--,--.--,0,0,--.--,--.--,0,-0.0,-0.1,-26.4,-0.0,0.0,-0.1,-0.0,-0.0,-26.5,-0.0,0.0,-0.1,--.--,--.--,--.--,--.--,0.1,3.0,109.6,0.7,1.1,-0.0,288.15,--.--,--.--,0,0,0.0,0.0,0.0,0,0,0,--.--,--.--,--.--
2026-07-09 16:32:35.545,0.8,2.9,109,-0.1,-0.8,0.0,0.0,-0.8,0.000,0.1,26.2,64.1,62.7,26.377,0.000,0.000,0.000,0.0,00:00:49,0.0,0.8,1,--.--,0,--.--,--.--,0000:32:26,83,0,0,1,1,15.30,-1.00,-75,--.--,50,--.--,--:--:--,1,-15.30,16:32:35,21:32:35,7/9/26,--.--,--.--,--.--,--.--,--.--,--.--,--.--,--.--,--.--,--.--,--.--,--.--,0,--.--,--.--,--.--,--.--,--.--,--.--,--.--,--.--,--.--,--.--,--.--,--.--,--.--,--.--,--.--,--.--,0,0.000,0.000,0.000,0.000,0.000,0.000,0.000,0.000,0.000,0.000,0.000,0.000,true,true,true,true,true,true,false,false,true,true,false,false,0.03,0.00,0.02,0.02,--.--,--.--,0.15,0.17,9223372036854775808,0,--.--,--.--,--.--,--.--,--.--,0,0,0,0,37.4122953,-121.9985276,10SEG 88624 41081,0.7,1.1,53.6,3,10,--.--,--.--,,--.--,--.--,--.--,0,0,--.--,--.--,0,0.0,-0.1,-26.4,0.0,0.0,-0.1,-0.0,-0.0,-26.5,-0.0,0.0,-0.1,--.--,--.--,--.--,--.--,0.8,2.8,109.6,-0.2,-0.4,0.0,288.15,--.--,--.--,0,0,0.0,0.0,0.0,0,0,0,--.--,--.--,--.--
2026-07-09 16:32:36.545,0.5,3.3,109,-0.2,-0.1,0.0,0.0,-1.5,0.000,0.1,26.2,64.1,62.7,26.376,0.000,0.000,0.000,0.0,00:00:50,0.0,0.8,1,--.--,0,--.--,--.--,0000:32:26,84,0,0,1,1,15.30,-1.00,-75,--.--,50,--.--,--:--:--,1,-15.30,16:32:36,21:32:36,7/9/26,--.--,--.--,--.--,--.--,--.--,--.--,--.--,--.--,--.--,--.--,--.--,--.--,0,--.--,--.--,--.--,--.--,--.--,--.--,--.--,--.--,--.--,--.--,--.--,--.--,--.--,--.--,--.--,--.--,0,0.000,0.000,0.000,0.000,0.000,0.000,0.000,0.000,0.000,0.000,0.000,0.000,true,true,true,true,true,true,false,false,true,true,false,false,0.03,0.00,0.02,0.02,--.--,--.--,0.15,0.17,9223372036854775808,0,--.--,--.--,--.--,--.--,--.--,0,0,0,0,37.4122952,-121.9985275,10SEG 88624 41081,0.7,1.1,316.4,3,10,--.--,--.--,,--.--,--.--,--.--,0,0,--.--,--.--,0,0.0,-0.0,-26.4,-0.0,0.0,-0.1,-0.0,-0.0,-26.5,-0.0,0.0,-0.1,--.--,--.--,--.--,--.--,0.5,3.1,109.6,0.1,-0.8,0.0,288.15,--.--,--.--,0,0,0.0,0.0,0.0,0,0,0,--.--,--.--,--.--
2026-07-09 16:32:37.545,0.3,2.5,109,0.1,-0.2,-0.0,0.0,-0.2,0.000,0.1,26.2,64.2,62.7,26.379,0.000,0.000,0.000,0.0,00:00:51,0.0,3.4,1,--.--,0,--.--,--.--,0000:32:26,84,0,0,1,1,15.30,-1.00,-76,--.--,50,--.--,--:--:--,1,-15.30,16:32:37,21:32:37,7/9/26,--.--,--.--,--.--,--.--,--.--,--.--,--.--,--.--,--.--,--.--,--.--,--.--,0,--.--,--.--,--.--,--.--,--.--,--.--,--.--,--.--,--.--,--.--,--.--,--.--,--.--,--.--,--.--,--.--,0,0.000,0.000,0.000,0.000,0.000,0.000,0.000,0.000,0.000,0.000,0.000,0.000,true,true,true,true,true,true,false,false,true,true,false,false,0.03,0.00,0.02,0.01,--.--,--.--,0.15,0.17,9223372036854775808,0,--.--,--.--,--.--,--.--,--.--,0,0,0,0,37.4122948,-121.9985279,10SEG 88624 41081,0.7,1.1,244.0,3,10,--.--,--.--,,--.--,--.--,--.--,0,0,--.--,--.--,0,-0.0,-0.1,-26.4,-0.0,0.0,-0.1,-0.0,-0.0,-26.5,-0.0,0.0,-0.1,--.--,--.--,--.--,--.--,0.3,2.5,109.5,0.2,0.2,-0.0,288.15,--.--,--.--,0,0,0.0,0.0,0.0,0,0,0,--.--,--.--,--.--
2026-07-09 16:32:38.544,1.1,3.4,109,0.4,-0.6,0.0,0.0,-1.3,0.000,0.1,26.2,64.2,62.7,26.380,0.000,0.000,0.000,0.0,00:00:52,0.0,1.5,1,--.--,0,--.--,--.--,0000:32:26,84,0,0,1,1,15.30,-1.00,-76,--.--,50,--.--,--:--:--,1,-15.30,16:32:38,21:32:38,7/9/26,--.--,--.--,--.--,--.--,--.--,--.--,--.--,--.--,--.--,--.--,--.--,--.--,0,--.--,--.--,--.--,--.--,--.--,--.--,--.--,--.--,--.--,--.--,--.--,--.--,--.--,--.--,--.--,--.--,0,0.000,0.000,0.000,0.000,0.000,0.000,0.000,0.000,0.000,0.000,0.000,0.000,true,true,true,true,true,true,false,false,true,true,false,false,0.03,0.00,0.02,0.01,--.--,--.--,0.15,0.17,9223372036854775808,0,--.--,--.--,--.--,--.--,--.--,0,0,0,0,37.4122959,-121.9985276,10SEG 88624 41081,0.7,1.1,34.7,3,10,--.--,--.--,,--.--,--.--,--.--,0,0,--.--,--.--,0,0.0,-0.0,-26.4,-0.0,0.0,-0.1,-0.0,-0.0,-26.5,-0.0,0.0,-0.1,--.--,--.--,--.--,--.--,1.1,3.1,109.6,-0.0,-1.4,0.1,288.15,--.--,--.--,0,0,0.0,0.0,0.0,0,0,0,--.--,--.--,--.--
2026-07-09 16:32:39.544,0.4,2.9,109,-0.4,1.3,0.0,0.0,1.4,0.000,0.1,26.2,64.2,62.7,26.394,0.000,0.000,0.000,0.0,00:00:53,0.0,0.7,1,--.--,0,--.--,--.--,0000:32:26,83,0,0,1,1,15.30,-1.00,-76,--.--,50,--.--,--:--:--,1,-15.30,16:32:39,21:32:39,7/9/26,--.--,--.--,--.--,--.--,--.--,--.--,--.--,--.--,--.--,--.--,--.--,--.--,0,--.--,--.--,--.--,--.--,--.--,--.--,--.--,--.--,--.--,--.--,--.--,--.--,--.--,--.--,--.--,--.--,0,0.000,0.000,0.000,0.000,0.000,0.000,0.000,0.000,0.000,0.000,0.000,0.000,true,true,true,true,true,true,false,false,true,true,false,false,0.03,0.01,0.02,0.02,--.--,--.--,0.15,0.17,9223372036854775808,0,--.--,--.--,--.--,--.--,--.--,0,0,0,0,37.4122951,-121.9985276,10SEG 88624 41081,0.7,1.1,152.1,3,10,--.--,--.--,,--.--,--.--,--.--,0,0,--.--,--.--,0,0.0,-0.0,-26.4,-0.0,0.0,-0.1,-0.0,-0.0,-26.5,-0.0,0.0,-0.1,--.--,--.--,--.--,--.--,0.3,3.2,109.6,-0.3,1.3,-0.0,288.15,--.--,--.--,0,0,0.0,0.0,0.0,0,0,0,--.--,--.--,--.--
2026-07-09 16:32:40.545,0.5,3.1,109,0.3,-2.1,0.0,0.0,0.8,0.000,0.1,26.2,64.2,63.2,26.408,0.000,0.000,0.000,0.0,00:00:54,0.0,0.8,1,--.--,0,--.--,--.--,0000:32:26,84,0,0,1,1,15.30,-1.00,-76,--.--,50,--.--,--:--:--,1,-15.30,16:32:40,21:32:40,7/9/26,--.--,--.--,--.--,--.--,--.--,--.--,--.--,--.--,--.--,--.--,--.--,--.--,0,--.--,--.--,--.--,--.--,--.--,--.--,--.--,--.--,--.--,--.--,--.--,--.--,--.--,--.--,--.--,--.--,0,0.000,0.000,0.000,0.000,0.000,0.000,0.000,0.000,0.000,0.000,0.000,0.000,true,true,true,true,true,true,false,false,true,true,false,false,0.03,0.01,0.02,0.02,--.--,--.--,0.15,0.17,9223372036854775808,0,--.--,--.--,--.--,--.--,--.--,0,0,0,0,37.4122947,-121.9985275,10SEG 88624 41081,0.7,1.1,282.3,3,10,--.--,--.--,,--.--,--.--,--.--,0,0,--.--,--.--,0,0.0,-0.0,-26.4,0.0,-0.0,-0.1,-0.0,-0.0,-26.5,-0.0,0.0,-0.1,--.--,--.--,--.--,--.--,0.5,2.7,109.6,0.3,-1.8,0.0,288.15,--.--,--.--,0,0,0.0,0.0,0.0,0,0,0,--.--,--.--,--.--
2026-07-09 16:32:41.544,0.5,2.7,109,-0.4,1.6,0.0,0.0,1.0,0.000,0.1,26.2,64.2,63.2,26.423,0.000,0.000,0.000,0.0,00:00:55,0.0,0.6,1,--.--,0,--.--,--.--,0000:32:26,83,0,0,1,1,15.30,-1.00,-77,--.--,50,--.--,--:--:--,1,-15.30,16:32:41,21:32:41,7/9/26,--.--,--.--,--.--,--.--,--.--,--.--,--.--,--.--,--.--,--.--,--.--,--.--,0,--.--,--.--,--.--,--.--,--.--,--.--,--.--,--.--,--.--,--.--,--.--,--.--,--.--,--.--,--.--,--.--,0,0.000,0.000,0.000,0.000,0.000,0.000,0.000,0.000,0.000,0.000,0.000,0.000,true,true,true,true,true,true,false,false,true,true,false,false,0.02,0.00,0.01,0.02,--.--,--.--,0.15,0.17,9223372036854775808,0,--.--,--.--,--.--,--.--,--.--,0,0,0,0,37.4122949,-121.9985280,10SEG 88624 41081,0.7,1.1,136.1,3,10,--.--,--.--,,--.--,--.--,--.--,0,0,--.--,--.--,0,0.0,-0.1,-26.4,-0.0,0.0,-0.1,-0.0,-0.0,-26.5,-0.0,0.0,-0.1,--.--,--.--,--.--,--.--,0.5,3.2,109.5,-0.4,1.8,-0.0,288.15,--.--,--.--,0,0,0.0,0.0,0.0,0,0,0,--.--,--.--,--.--
2026-07-09 16:32:42.544,0.3,3.2,109,0.1,-2.5,-0.0,0.0,-0.6,0.000,0.1,26.2,64.2,63.2,26.433,0.000,0.000,0.000,0.0,00:00:56,0.0,0.8,1,--.--,0,--.--,--.--,0000:32:26,84,0,0,1,1,15.30,-1.00,-77,--.--,50,--.--,--:--:--,1,-15.30,16:32:42,21:32:42,7/9/26,--.--,--.--,--.--,--.--,--.--,--.--,--.--,--.--,--.--,--.--,--.--,--.--,0,--.--,--.--,--.--,--.--,--.--,--.--,--.--,--.--,--.--,--.--,--.--,--.--,--.--,--.--,--.--,--.--,0,0.000,0.000,0.000,0.000,0.000,0.000,0.000,0.000,0.000,0.000,0.000,0.000,true,true,true,true,true,true,false,false,true,true,false,false,0.02,0.00,0.01,0.02,--.--,--.--,0.15,0.17,9223372036854775808,0,--.--,--.--,--.--,--.--,--.--,0,0,0,0,37.4122946,-121.9985282,10SEG 88624 41081,0.7,1.1,283.6,3,10,--.--,--.--,,--.--,--.--,--.--,0,0,--.--,--.--,0,-0.0,-0.1,-26.4,0.0,-0.0,-0.1,-0.0,-0.0,-26.5,0.0,0.0,-0.1,--.--,--.--,--.--,--.--,0.4,2.6,109.5,0.3,-2.2,0.0,288.15,--.--,--.--,0,0,0.0,0.0,0.0,0,0,0,--.--,--.--,--.--
2026-07-09 16:32:43.544,0.8,3.0,109,0.2,2.4,-0.0,0.1,-1.3,0.000,0.1,26.2,64.2,63.2,26.426,0.000,0.000,0.000,0.0,00:00:57,0.0,0.4,1,--.--,0,--.--,--.--,0000:32:26,84,0,0,1,1,15.30,-1.00,-77,--.--,50,--.--,--:--:--,1,-15.30,16:32:43,21:32:43,7/9/26,--.--,--.--,--.--,--.--,--.--,--.--,--.--,--.--,--.--,--.--,--.--,--.--,0,--.--,--.--,--.--,--.--,--.--,--.--,--.--,--.--,--.--,--.--,--.--,--.--,--.--,--.--,--.--,--.--,0,0.000,0.000,0.000,0.000,0.000,0.000,0.000,0.000,0.000,0.000,0.000,0.000,true,true,true,true,true,true,false,false,true,true,false,false,0.01,0.01,0.01,0.03,--.--,--.--,0.15,0.17,9223372036854775808,0,--.--,--.--,--.--,--.--,--.--,0,0,0,0,37.4122949,-121.9985281,10SEG 88624 41081,0.7,1.1,74.6,3,10,--.--,--.--,,--.--,--.--,--.--,0,0,--.--,--.--,0,0.0,-0.1,-26.4,-0.0,0.1,-0.1,-0.0,-0.0,-26.5,-0.0,0.0,-0.1,--.--,--.--,--.--,--.--,0.8,3.4,109.5,0.0,1.6,-0.0,288.15,--.--,--.--,0,0,0.0,0.0,0.0,0,0,0,--.--,--.--,--.--
2026-07-09 16:32:44.545,0.5,2.9,109,-0.2,-0.6,-0.0,0.0,0.5,0.000,0.1,26.3,64.2,63.2,26.444,0.000,0.000,0.000,0.0,00:00:58,0.0,1.8,1,--.--,0,--.--,--.--,0000:32:26,83,0,0,1,1,15.30,-1.00,-77,--.--,50,--.--,--:--:--,1,-15.30,16:32:44,21:32:44,7/9/26,--.--,--.--,--.--,--.--,--.--,--.--,--.--,--.--,--.--,--.--,--.--,--.--,0,--.--,--.--,--.--,--.--,--.--,--.--,--.--,--.--,--.--,--.--,--.--,--.--,--.--,--.--,--.--,--.--,0,0.000,0.000,0.000,0.000,0.000,0.000,0.000,0.000,0.000,0.000,0.000,0.000,true,true,true,true,true,true,false,false,true,true,false,false,0.01,0.01,0.01,0.03,--.--,--.--,0.15,0.17,9223372036854775808,0,--.--,--.--,--.--,--.--,--.--,0,0,0,0,37.4122950,-121.9985278,10SEG 88624 41081,0.7,1.1,291.9,3,10,--.--,--.--,,--.--,--.--,--.--,0,0,--.--,--.--,0,0.0,-0.1,-26.4,-0.0,0.0,-0.1,-0.0,-0.0,-26.5,-0.0,0.0,-0.0,--.--,--.--,--.--,--.--,0.5,2.9,109.5,-0.1,0.1,0.0,288.15,--.--,--.--,0,0,0.0,0.0,0.0,0,0,0,--.--,--.--,--.--
2026-07-09 16:32:45.544,0.6,3.4,109,-0.9,-0.2,0.0,0.0,-1.3,0.000,0.0,26.3,64.2,63.2,26.454,0.000,0.000,0.000,0.0,00:00:59,0.0,0.7,1,--.--,0,--.--,--.--,0000:32:26,84,0,0,1,1,15.30,-1.00,-78,--.--,50,--.--,--:--:--,1,-15.30,16:32:45,21:32:45,7/9/26,--.--,--.--,--.--,--.--,--.--,--.--,--.--,--.--,--.--,--.--,--.--,--.--,0,--.--,--.--,--.--,--.--,--.--,--.--,--.--,--.--,--.--,--.--,--.--,--.--,--.--,--.--,--.--,--.--,0,0.000,0.000,0.000,0.000,0.000,0.000,0.000,0.000,0.000,0.000,0.000,0.000,true,true,true,true,true,true,false,false,true,true,false,false,0.01,0.00,0.01,0.01,--.--,--.--,0.15,0.17,9223372036854775808,0,--.--,--.--,--.--,--.--,--.--,0,0,0,0,37.4122948,-121.9985277,10SEG 88624 41081,0.7,1.1,121.6,3,10,--.--,--.--,,--.--,--.--,--.--,0,0,--.--,--.--,0,-0.0,-0.0,-26.4,-0.0,0.0,-0.0,-0.0,-0.0,-26.5,0.0,0.0,-0.0,--.--,--.--,--.--,--.--,0.4,3.3,109.5,-1.0,-0.5,0.0,288.15,--.--,--.--,0,0,0.0,0.0,0.0,0,0,0,--.--,--.--,--.--
2026-07-09 16:32:46.545,0.6,2.8,109,0.7,0.3,0.0,0.0,-0.2,0.000,0.0,26.3,64.2,63.2,26.465,0.000,0.000,0.000,0.0,00:01:00,0.0,0.0,1,--.--,0,--.--,--.--,0000:32:26,84,0,0,1,1,15.30,-1.00,-78,--.--,50,--.--,--:--:--,1,-15.30,16:32:46,21:32:46,7/9/26,--.--,--.--,--.--,--.--,--.--,--.--,--.--,--.--,--.--,--.--,--.--,--.--,0,--.--,--.--,--.--,--.--,--.--,--.--,--.--,--.--,--.--,--.--,--.--,--.--,--.--,--.--,--.--,--.--,0,0.000,0.000,0.000,0.000,0.000,0.000,0.000,0.000,0.000,0.000,0.000,0.000,true,true,true,true,true,true,false,false,true,true,false,false,0.01,0.00,0.01,0.01,--.--,--.--,0.15,0.17,9223372036854775808,0,--.--,--.--,--.--,--.--,--.--,0,0,0,0,37.4122949,-121.9985278,10SEG 88624 41081,0.7,1.1,58.7,3,10,--.--,--.--,,--.--,--.--,--.--,0,0,--.--,--.--,0,0.0,-0.0,-26.5,0.0,0.0,-0.0,-0.0,-0.0,-26.5,-0.0,0.0,-0.0,--.--,--.--,--.--,--.--,0.7,3.0,109.4,0.6,0.8,-0.0,288.15,--.--,--.--,0,0,0.0,0.0,0.0,0,0,0,--.--,--.--,--.--
2026-07-09 16:32:47.544,0.2,3.3,109,-0.9,-0.5,-0.0,0.0,-1.1,0.000,0.0,26.3,64.2,63.2,26.467,0.000,0.000,0.000,0.0,00:01:01,0.0,1.3,1,--.--,0,--.--,--.--,0000:32:26,84,0,0,1,1,15.30,-1.00,-78,--.--,50,--.--,--:--:--,1,-15.30,16:32:47,21:32:47,7/9/26,--.--,--.--,--.--,--.--,--.--,--.--,--.--,--.--,--.--,--.--,--.--,--.--,0,--.--,--.--,--.--,--.--,--.--,--.--,--.--,--.--,--.--,--.--,--.--,--.--,--.--,--.--,--.--,--.--,0,0.000,0.000,0.000,0.000,0.000,0.000,0.000,0.000,0.000,0.000,0.000,0.000,true,true,true,true,true,true,false,false,true,true,false,false,0.00,0.01,0.01,0.01,--.--,--.--,0.15,0.17,9223372036854775808,0,--.--,--.--,--.--,--.--,--.--,0,0,0,0,37.4122948,-121.9985278,10SEG 88624 41081,0.7,1.1,112.9,3,10,--.--,--.--,,--.--,--.--,--.--,0,0,--.--,--.--,0,-0.0,-0.0,-26.5,-0.0,-0.0,-0.0,-0.0,-0.0,-26.5,0.0,-0.0,-0.0,--.--,--.--,--.--,--.--,0.1,3.2,109.5,-0.4,-0.5,0.0,288.15,--.--,--.--,0,0,0.0,0.0,0.0,0,0,0,--.--,--.--,--.--
2026-07-09 16:32:48.544,0.8,2.7,109,-0.1,0.4,-0.0,0.0,-1.1,0.000,0.0,26.3,64.3,63.2,26.479,0.000,0.000,0.000,0.0,00:01:02,0.0,1.3,1,--.--,0,--.--,--.--,0000:32:26,84,0,0,1,1,15.30,-1.00,-78,--.--,50,--.--,--:--:--,1,-15.30,16:32:48,21:32:48,7/9/26,--.--,--.--,--.--,--.--,--.--,--.--,--.--,--.--,--.--,--.--,--.--,--.--,0,--.--,--.--,--.--,--.--,--.--,--.--,--.--,--.--,--.--,--.--,--.--,--.--,--.--,--.--,--.--,--.--,0,0.000,0.000,0.000,0.000,0.000,0.000,0.000,0.000,0.000,0.000,0.000,0.000,true,true,true,true,true,true,false,false,true,true,false,false,0.00,0.01,0.01,0.01,--.--,--.--,0.15,0.17,9223372036854775808,0,--.--,--.--,--.--,--.--,--.--,0,0,0,0,37.4122950,-121.9985276,10SEG 88624 41081,0.7,1.1,40.5,3,10,--.--,--.--,,--.--,--.--,--.--,0,0,--.--,--.--,0,0.0,-0.0,-26.5,0.0,0.0,-0.0,-0.0,-0.0,-26.5,-0.0,0.0,-0.0,--.--,--.--,--.--,--.--,0.7,3.0,109.4,-0.5,0.9,-0.0,288.15,--.--,--.--,0,0,0.0,0.0,0.0,0,0,0,--.--,--.--,--.--
2026-07-09 16:32:49.544,0.7,3.2,109,0.5,-0.9,0.0,0.0,-1.2,0.000,-0.0,26.3,64.3,63.2,26.498,0.000,0.000,0.000,0.0,00:01:03,0.0,2.4,1,--.--,0,--.--,--.--,0000:32:26,84,0,0,1,1,15.30,-1.00,-79,--.--,50,--.--,--:--:--,1,-15.30,16:32:49,21:32:49,7/9/26,--.--,--.--,--.--,--.--,--.--,--.--,--.--,--.--,--.--,--.--,--.--,--.--,0,--.--,--.--,--.--,--.--,--.--,--.--,--.--,--.--,--.--,--.--,--.--,--.--,--.--,--.--,--.--,--.--,0,0.000,0.000,0.000,0.000,0.000,0.000,0.000,0.000,0.000,0.000,0.000,0.000,true,true,true,true,true,true,false,false,true,true,false,false,0.01,0.00,0.01,0.01,--.--,--.--,0.15,0.17,9223372036854775808,0,--.--,--.--,--.--,--.--,--.--,0,0,0,0,37.4122953,-121.9985275,10SEG 88624 41081,0.7,1.1,110.7,3,10,--.--,--.--,,--.--,--.--,--.--,0,0,--.--,--.--,0,0.0,-0.0,-26.5,-0.0,-0.0,0.0,-0.0,-0.0,-26.5,-0.0,-0.0,0.0,--.--,--.--,--.--,--.--,0.7,3.1,109.5,0.3,-0.7,0.0,288.15,--.--,--.--,0,0,0.0,0.0,0.0,0,0,0,--.--,--.--,--.--
2026-07-09 16:32:50.544,0.6,3.4,109,0.4,0.4,0.0,0.0,1.7,0.000,-0.0,26.3,64.3,63.2,26.512,0.000,0.000,0.000,0.0,00:01:04,0.0,2.0,1,--.--,0,--.--,--.--,0000:32:26,84,0,0,1,1,15.30,-1.00,-79,--.--,50,--.--,--:--:--,1,-15.30,16:32:50,21:32:50,7/9/26,--.--,--.--,--.--,--.--,--.--,--.--,--.--,--.--,--.--,--.--,--.--,--.--,0,--.--,--.--,--.--,--.--,--.--,--.--,--.--,--.--,--.--,--.--,--.--,--.--,--.--,--.--,--.--,--.--,0,0.000,0.000,0.000,0.000,0.000,0.000,0.000,0.000,0.000,0.000,0.000,0.000,true,true,true,true,true,true,false,false,true,true,false,false,0.01,0.00,0.01,0.01,--.--,--.--,0.15,0.17,9223372036854775808,0,--.--,--.--,--.--,--.--,--.--,0,0,0,0,37.4122951,-121.9985270,10SEG 88624 41081,0.7,1.1,20.3,3,10,--.--,--.--,,--.--,--.--,--.--,0,0,--.--,--.--,0,0.0,-0.0,-26.5,-0.0,-0.0,0.0,-0.0,-0.0,-26.5,-0.0,-0.0,0.0,--.--,--.--,--.--,--.--,0.7,3.4,109.5,0.4,-0.1,0.0,288.15,--.--,--.--,0,0,0.0,0.0,0.0,0,0,0,--.--,--.--,--.--
2026-07-09 16:32:51.544,-0.0,3.3,109,-0.5,0.1,0.0,0.0,-0.6,0.000,-0.0,26.3,64.3,63.2,26.541,0.000,0.000,0.000,0.0,00:01:05,0.0,0.9,1,--.--,0,--.--,--.--,0000:32:26,84,0,0,1,1,15.30,-1.00,-80,--.--,50,--.--,--:--:--,1,-15.30,16:32:51,21:32:51,7/9/26,--.--,--.--,--.--,--.--,--.--,--.--,--.--,--.--,--.--,--.--,--.--,--.--,0,--.--,--.--,--.--,--.--,--.--,--.--,--.--,--.--,--.--,--.--,--.--,--.--,--.--,--.--,--.--,--.--,0,0.000,0.000,0.000,0.000,0.000,0.000,0.000,0.000,0.000,0.000,0.000,0.000,true,true,true,true,true,true,false,false,true,true,false,false,0.03,0.01,0.01,0.01,--.--,--.--,0.15,0.17,9223372036854775808,0,--.--,--.--,--.--,--.--,--.--,0,0,0,0,37.4122950,-121.9985274,10SEG 88624 41081,0.7,1.1,279.3,3,10,--.--,--.--,,--.--,--.--,--.--,0,0,--.--,--.--,0,-0.0,-0.0,-26.5,-0.0,-0.0,0.0,-0.0,-0.0,-26.5,-0.0,-0.0,0.0,--.--,--.--,--.--,--.--,-0.0,3.3,109.4,0.1,0.0,0.0,288.15,--.--,--.--,0,0,0.0,0.0,0.0,0,0,0,--.--,--.--,--.--
2026-07-09 16:32:52.544,0.9,3.0,109,0.9,-0.9,0.0,0.0,0.4,0.000,-0.1,26.4,64.3,63.2,26.562,0.000,0.000,0.000,0.0,00:01:06,0.0,1.9,1,--.--,0,--.--,--.--,0000:32:26,84,0,0,1,1,15.30,-1.00,-80,--.--,50,--.--,--:--:--,1,-15.30,16:32:52,21:32:52,7/9/26,--.--,--.--,--.--,--.--,--.--,--.--,--.--,--.--,--.--,--.--,--.--,--.--,0,--.--,--.--,--.--,--.--,--.--,--.--,--.--,--.--,--.--,--.--,--.--,--.--,--.--,--.--,--.--,--.--,0,0.000,0.000,0.000,0.000,0.000,0.000,0.000,0.000,0.000,0.000,0.000,0.000,true,true,true,true,true,true,false,false,true,true,false,false,0.03,0.01,0.01,0.01,--.--,--.--,0.15,0.17,9223372036854775808,0,--.--,--.--,--.--,--.--,--.--,0,0,0,0,37.4122956,-121.9985275,10SEG 88624 41081,0.7,1.1,258.7,3,10,--.--,--.--,,--.--,--.--,--.--,0,0,--.--,--.--,0,0.0,-0.0,-26.6,0.0,-0.0,0.1,-0.0,-0.0,-26.5,-0.0,-0.0,0.1,--.--,--.--,--.--,--.--,1.0,2.8,109.4,0.4,-0.7,0.0,288.15,--.--,--.--,0,0,0.0,0.0,0.0,0,0,0,--.--,--.--,--.--
2026-07-09 16:32:53.544,0.2,3.5,109,-0.0,1.0,0.0,0.0,-0.8,0.000,-0.1,26.4,64.4,63.2,26.583,0.000,0.000,0.000,0.0,00:01:07,0.0,0.9,1,--.--,0,--.--,--.--,0000:32:26,84,0,0,1,1,15.30,-1.00,-80,--.--,50,--.--,--:--:--,1,-15.30,16:32:53,21:32:53,7/9/26,--.--,--.--,--.--,--.--,--.--,--.--,--.--,--.--,--.--,--.--,--.--,--.--,0,--.--,--.--,--.--,--.--,--.--,--.--,--.--,--.--,--.--,--.--,--.--,--.--,--.--,--.--,--.--,--.--,0,0.000,0.000,0.000,0.000,0.000,0.000,0.000,0.000,0.000,0.000,0.000,0.000,true,true,true,true,true,true,false,false,true,true,false,false,0.04,0.00,0.01,0.02,--.--,--.--,0.15,0.17,9223372036854775808,0,--.--,--.--,--.--,--.--,--.--,0,0,0,0,37.4122951,-121.9985273,10SEG 88624 41081,0.7,1.1,152.4,3,10,--.--,--.--,,--.--,--.--,--.--,0,0,--.--,--.--,0,0.0,-0.0,-26.6,-0.0,0.0,0.1,-0.0,-0.0,-26.5,-0.0,-0.0,0.1,--.--,--.--,--.--,--.--,0.2,3.5,109.5,0.2,-0.1,-0.0,288.15,--.--,--.--,0,0,0.0,0.0,0.0,0,0,0,--.--,--.--,--.--
2026-07-09 16:32:54.544,0.4,2.5,109,0.1,0.5,-0.0,0.0,0.5,0.000,-0.1,26.4,64.4,63.2,26.601,0.000,0.000,0.000,0.0,00:01:08,0.0,5.2,1,--.--,0,--.--,--.--,0000:32:26,84,0,0,1,1,15.30,-1.00,-80,--.--,50,--.--,--:--:--,1,-15.30,16:32:54,21:32:54,7/9/26,--.--,--.--,--.--,--.--,--.--,--.--,--.--,--.--,--.--,--.--,--.--,--.--,0,--.--,--.--,--.--,--.--,--.--,--.--,--.--,--.--,--.--,--.--,--.--,--.--,--.--,--.--,--.--,--.--,0,0.000,0.000,0.000,0.000,0.000,0.000,0.000,0.000,0.000,0.000,0.000,0.000,true,true,true,true,true,true,false,false,true,true,false,false,0.04,0.00,0.01,0.02,--.--,--.--,0.15,0.17,9223372036854775808,0,--.--,--.--,--.--,--.--,--.--,0,0,0,0,37.4122946,-121.9985278,10SEG 88624 41081,0.7,1.1,326.7,3,10,--.--,--.--,,--.--,--.--,--.--,0,0,--.--,--.--,0,0.0,-0.0,-26.6,-0.0,0.0,0.1,-0.0,-0.0,-26.5,-0.0,0.0,0.1,--.--,--.--,--.--,--.--,0.4,2.9,109.4,0.1,1.4,-0.0,288.15,--.--,--.--,0,0,0.0,0.0,0.0,0,0,0,--.--,--.--,--.--
2026-07-09 16:32:55.544,0.6,3.6,109,0.2,-0.6,0.0,0.0,0.6,0.000,-0.1,26.4,64.4,63.2,26.612,0.000,0.000,0.000,0.0,00:01:09,0.0,3.3,1,--.--,0,--.--,--.--,0000:32:26,84,0,0,1,1,15.30,-1.00,-81,--.--,50,--.--,--:--:--,1,-15.30,16:32:55,21:32:55,7/9/26,--.--,--.--,--.--,--.--,--.--,--.--,--.--,--.--,--.--,--.--,--.--,--.--,0,--.--,--.--,--.--,--.--,--.--,--.--,--.--,--.--,--.--,--.--,--.--,--.--,--.--,--.--,--.--,--.--,0,0.000,0.000,0.000,0.000,0.000,0.000,0.000,0.000,0.000,0.000,0.000,0.000,true,true,true,true,true,true,false,false,true,true,false,false,0.05,0.00,0.01,0.02,--.--,--.--,0.15,0.17,9223372036854775808,0,--.--,--.--,--.--,--.--,--.--,0,0,0,0,37.4122946,-121.9985269,10SEG 88624 41081,0.7,1.1,227.7,3,10,--.--,--.--,,--.--,--.--,--.--,0,0,--.--,--.--,0,-0.0,-0.0,-26.6,0.0,-0.0,0.1,-0.0,-0.0,-26.5,-0.0,-0.0,0.1,--.--,--.--,--.--,--.--,0.6,3.3,109.5,0.1,-0.9,0.0,288.15,--.--,--.--,0,0,0.0,0.0,0.0,0,0,0,--.--,--.--,--.--
2026-07-09 16:32:56.544,0.3,3.1,109,0.5,1.1,0.0,0.0,1.1,0.000,-0.1,26.4,64.4,63.2,26.623,0.000,0.000,0.000,0.0,00:01:10,0.0,3.3,1,--.--,0,--.--,--.--,0000:32:26,84,0,0,1,1,15.30,-1.00,-81,--.--,50,--.--,--:--:--,1,-15.30,16:32:56,21:32:56,7/9/26,--.--,--.--,--.--,--.--,--.--,--.--,--.--,--.--,--.--,--.--,--.--,--.--,0,--.--,--.--,--.--,--.--,--.--,--.--,--.--,--.--,--.--,--.--,--.--,--.--,--.--,--.--,--.--,--.--,0,0.000,0.000,0.000,0.000,0.000,0.000,0.000,0.000,0.000,0.000,0.000,0.000,true,true,true,true,true,true,false,false,true,true,false,false,0.05,0.00,0.01,0.02,--.--,--.--,0.15,0.17,9223372036854775808,0,--.--,--.--,--.--,--.--,--.--,0,0,0,0,37.4122948,-121.9985272,10SEG 88624 41081,0.7,1.1,52.5,3,10,--.--,--.--,,--.--,--.--,--.--,0,0,--.--,--.--,0,-0.0,-0.0,-26.6,0.0,0.0,0.1,-0.0,-0.0,-26.5,0.0,-0.0,0.1,--.--,--.--,--.--,--.--,0.5,3.4,109.4,0.7,1.1,-0.0,288.15,--.--,--.--,0,0,0.0,0.0,0.0,0,0,0,--.--,--.--,--.--
2026-07-09 16:32:57.544,0.7,3.4,109,-0.8,-0.9,-0.0,0.0,1.5,0.000,-0.1,26.4,64.4,63.2,26.626,0.000,0.000,0.000,0.0,00:01:11,0.0,1.4,1,--.--,0,--.--,--.--,0000:32:26,84,0,0,1,1,15.30,-1.00,-81,--.--,50,--.--,--:--:--,1,-15.30,16:32:57,21:32:57,7/9/26,--.--,--.--,--.--,--.--,--.--,--.--,--.--,--.--,--.--,--.--,--.--,--.--,0,--.--,--.--,--.--,--.--,--.--,--.--,--.--,--.--,--.--,--.--,--.--,--.--,--.--,--.--,--.--,--.--,0,0.000,0.000,0.000,0.000,0.000,0.000,0.000,0.000,0.000,0.000,0.000,0.000,true,true,true,true,true,true,false,false,true,true,false,false,0.05,0.00,0.02,0.02,--.--,--.--,0.15,0.17,9223372036854775808,0,--.--,--.--,--.--,--.--,--.--,0,0,0,0,37.4122947,-121.9985274,10SEG 88624 41081,0.7,1.1,252.1,3,10,--.--,--.--,,--.--,--.--,--.--,0,0,--.--,--.--,0,-0.0,-0.0,-26.6,0.0,-0.0,0.1,-0.0,-0.0,-26.5,0.0,-0.0,0.1,--.--,--.--,--.--,--.--,0.5,3.1,109.4,-1.0,-1.1,0.0,288.15,--.--,--.--,0,0,0.0,0.0,0.0,0,0,0,--.--,--.--,--.--
2026-07-09 16:32:58.544,0.2,3.2,109,0.5,1.3,0.0,0.0,-1.6,0.000,-0.1,26.5,64.4,63.2,26.645,0.000,0.000,0.000,0.0,00:01:12,0.0,1.8,1,--.--,0,--.--,--.--,0000:32:26,83,0,0,1,1,15.30,-1.00,-81,--.--,50,--.--,--:--:--,1,-15.30,16:32:58,21:32:58,7/9/26,--.--,--.--,--.--,--.--,--.--,--.--,--.--,--.--,--.--,--.--,--.--,--.--,0,--.--,--.--,--.--,--.--,--.--,--.--,--.--,--.--,--.--,--.--,--.--,--.--,--.--,--.--,--.--,--.--,0,0.000,0.000,0.000,0.000,0.000,0.000,0.000,0.000,0.000,0.000,0.000,0.000,true,true,true,true,true,true,false,false,true,true,false,false,0.05,0.00,0.02,0.02,--.--,--.--,0.15,0.17,9223372036854775808,0,--.--,--.--,--.--,--.--,--.--,0,0,0,0,37.4122943,-121.9985275,10SEG 88624 41081,0.7,1.1,186.4,3,10,--.--,--.--,,--.--,--.--,--.--,0,0,--.--,--.--,0,-0.0,-0.0,-26.6,0.0,0.0,0.1,-0.0,-0.0,-26.5,0.0,-0.0,0.2,--.--,--.--,--.--,--.--,0.3,3.5,109.4,0.5,1.1,-0.0,288.15,--.--,--.--,0,0,0.0,0.0,0.0,0,0,0,--.--,--.--,--.--
2026-07-09 16:32:59.544,0.7,2.7,109,-0.0,-1.4,0.0,0.0,0.8,0.000,-0.2,26.5,64.4,63.2,26.650,0.000,0.000,0.000,0.0,00:01:13,0.0,0.5,1,--.--,0,--.--,--.--,0000:32:26,84,0,0,1,1,15.30,-1.00,-82,--.--,50,--.--,--:--:--,1,-15.30,16:32:59,21:32:59,7/9/26,--.--,--.--,--.--,--.--,--.--,--.--,--.--,--.--,--.--,--.--,--.--,--.--,0,--.--,--.--,--.--,--.--,--.--,--.--,--.--,--.--,--.--,--.--,--.--,--.--,--.--,--.--,--.--,--.--,0,0.000,0.000,0.000,0.000,0.000,0.000,0.000,0.000,0.000,0.000,0.000,0.000,true,true,true,true,true,true,false,false,true,true,false,false,0.05,0.01,0.02,0.02,--.--,--.--,0.15,0.17,9223372036854775808,0,--.--,--.--,--.--,--.--,--.--,0,0,0,0,37.4122942,-121.9985276,10SEG 88624 41081,0.7,1.1,343.6,3,10,--.--,--.--,,--.--,--.--,--.--,0,0,--.--,--.--,0,-0.0,-0.0,-26.6,0.0,-0.0,0.2,-0.0,-0.0,-26.5,0.0,0.0,0.2,--.--,--.--,--.--,--.--,0.6,2.7,109.4,-0.3,-0.3,0.0,288.15,--.--,--.--,0,0,0.0,0.0,0.0,0,0,0,--.--,--.--,--.--
2026-07-09 16:33:00.544,0.4,3.8,109,0.6,0.8,0.0,0.0,-0.9,0.000,-0.2,26.5,64.4,63.2,26.666,0.000,0.000,0.000,0.0,00:01:14,0.0,0.9,1,--.--,0,--.--,--.--,0000:32:26,83,0,0,1,1,15.30,-1.00,-82,--.--,50,--.--,--:--:--,1,-15.30,16:33:00,21:33:00,7/9/26,--.--,--.--,--.--,--.--,--.--,--.--,--.--,--.--,--.--,--.--,--.--,--.--,0,--.--,--.--,--.--,--.--,--.--,--.--,--.--,--.--,--.--,--.--,--.--,--.--,--.--,--.--,--.--,--.--,0,0.000,0.000,0.000,0.000,0.000,0.000,0.000,0.000,0.000,0.000,0.000,0.000,true,true,true,true,true,true,false,false,true,true,false,false,0.05,0.01,0.02,0.02,--.--,--.--,0.15,0.17,9223372036854775808,0,--.--,--.--,--.--,--.--,--.--,0,0,0,0,37.4122943,-121.9985276,10SEG 88624 41081,0.7,1.1,126.9,3,10,--.--,--.--,,--.--,--.--,--.--,0,0,--.--,--.--,0,-0.0,-0.0,-26.7,0.0,0.0,0.2,-0.0,-0.0,-26.5,0.0,-0.0,0.2,--.--,--.--,--.--,--.--,0.5,3.7,109.4,0.7,-0.0,0.0,288.15,--.--,--.--,0,0,0.0,0.0,0.0,0,0,0,--.--,--.--,--.--
2026-07-09 16:33:01.544,0.4,3.0,109,0.1,-0.1,-0.0,0.0,0.8,0.000,-0.2,26.5,64.4,63.2,26.651,0.000,0.000,0.000,0.0,00:01:15,0.0,1.0,1,--.--,0,--.--,--.--,0000:32:26,84,0,0,1,1,15.30,-1.00,-82,--.--,50,--.--,--:--:--,1,-15.30,16:33:01,21:33:01,7/9/26,--.--,--.--,--.--,--.--,--.--,--.--,--.--,--.--,--.--,--.--,--.--,--.--,0,--.--,--.--,--.--,--.--,--.--,--.--,--.--,--.--,--.--,--.--,--.--,--.--,--.--,--.--,--.--,--.--,0,0.000,0.000,0.000,0.000,0.000,0.000,0.000,0.000,0.000,0.000,0.000,0.000,true,true,true,true,true,true,false,false,true,true,false,false,0.05,0.01,0.02,0.02,--.--,--.--,0.15,0.17,9223372036854775808,0,--.--,--.--,--.--,--.--,--.--,0,0,0,0,37.4122943,-121.9985279,10SEG 88624 41081,0.7,1.1,323.8,3,10,--.--,--.--,,--.--,--.--,--.--,0,0,--.--,--.--,0,-0.0,-0.0,-26.6,0.0,-0.0,0.2,-0.0,-0.0,-26.5,0.0,0.0,0.2,--.--,--.--,--.--,--.--,0.5,3.1,109.4,0.3,0.3,-0.0,288.15,--.--,--.--,0,0,0.0,0.0,0.0,0,0,0,--.--,--.--,--.--
2026-07-09 16:33:02.544,0.8,2.9,109,0.7,-0.3,0.0,0.0,1.7,0.000,-0.2,26.5,64.4,63.2,26.654,0.000,0.000,0.000,0.0,00:01:16,0.0,0.6,1,--.--,0,--.--,--.--,0000:32:26,84,0,0,1,1,15.30,-1.00,-82,--.--,50,--.--,--:--:--,1,-15.30,16:33:02,21:33:02,7/9/26,--.--,--.--,--.--,--.--,--.--,--.--,--.--,--.--,--.--,--.--,--.--,--.--,0,--.--,--.--,--.--,--.--,--.--,--.--,--.--,--.--,--.--,--.--,--.--,--.--,--.--,--.--,--.--,--.--,0,0.000,0.000,0.000,0.000,0.000,0.000,0.000,0.000,0.000,0.000,0.000,0.000,true,true,true,true,true,true,false,false,true,true,false,false,0.05,0.01,0.02,0.02,--.--,--.--,0.15,0.17,9223372036854775808,0,--.--,--.--,--.--,--.--,--.--,0,0,0,0,37.4122951,-121.9985283,10SEG 88624 41081,0.7,1.1,30.6,3,10,--.--,--.--,,--.--,--.--,--.--,0,0,--.--,--.--,0,-0.0,-0.1,-26.6,0.0,0.0,0.2,-0.0,-0.0,-26.5,0.0,0.0,0.2,--.--,--.--,--.--,--.--,0.9,2.9,109.4,0.7,0.2,-0.0,288.15,--.--,--.--,0,0,0.0,0.0,0.0,0,0,0,--.--,--.--,--.--
2026-07-09 16:33:03.544,0.8,3.4,109,-0.4,0.1,-0.0,0.0,-0.1,0.000,-0.2,26.5,64.4,63.2,26.648,0.000,0.000,0.000,0.0,00:01:17,0.0,0.5,1,--.--,0,--.--,--.--,0000:32:26,83,0,0,1,1,15.30,-1.00,-83,--.--,50,--.--,--:--:--,1,-15.30,16:33:03,21:33:03,7/9/26,--.--,--.--,--.--,--.--,--.--,--.--,--.--,--.--,--.--,--.--,--.--,--.--,0,--.--,--.--,--.--,--.--,--.--,--.--,--.--,--.--,--.--,--.--,--.--,--.--,--.--,--.--,--.--,--.--,0,0.000,0.000,0.000,0.000,0.000,0.000,0.000,0.000,0.000,0.000,0.000,0.000,true,true,true,true,true,true,false,false,true,true,false,false,0.05,0.00,0.02,0.02,--.--,--.--,0.15,0.17,9223372036854775808,0,--.--,--.--,--.--,--.--,--.--,0,0,0,0,37.4122952,-121.9985280,10SEG 88624 41081,0.7,1.1,126.7,3,10,--.--,--.--,,--.--,--.--,--.--,0,0,--.--,--.--,0,0.0,-0.0,-26.6,-0.0,0.0,0.2,-0.0,-0.0,-26.5,-0.0,0.0,0.2,--.--,--.--,--.--,--.--,0.7,3.4,109.4,-0.4,0.1,-0.0,288.15,--.--,--.--,0,0,0.0,0.0,0.0,0,0,0,--.--,--.--,--.--
2026-07-09 16:33:04.544,0.6,3.4,109,0.3,-0.2,0.0,0.0,1.7,0.000,-0.1,26.4,64.4,63.2,26.632,0.000,0.000,0.000,0.0,00:01:18,0.0,2.1,1,--.--,0,--.--,--.--,0000:32:26,84,0,0,1,1,15.30,-1.00,-83,--.--,50,--.--,--:--:--,1,-15.30,16:33:04,21:33:04,7/9/26,--.--,--.--,--.--,--.--,--.--,--.--,--.--,--.--,--.--,--.--,--.--,--.--,0,--.--,--.--,--.--,--.--,--.--,--.--,--.--,--.--,--.--,--.--,--.--,--.--,--.--,--.--,--.--,--.--,0,0.000,0.000,0.000,0.000,0.000,0.000,0.000,0.000,0.000,0.000,0.000,0.000,true,true,true,true,true,true,false,false,true,true,false,false,0.05,0.00,0.02,0.02,--.--,--.--,0.15,0.17,9223372036854775808,0,--.--,--.--,--.--,--.--,--.--,0,0,0,0,37.4122951,-121.9985276,10SEG 88624 41081,0.7,1.1,79.3,3,10,--.--,--.--,,--.--,--.--,--.--,0,0,--.--,--.--,0,0.0,-0.0,-26.6,-0.0,0.0,0.1,-0.0,-0.0,-26.5,-0.0,0.0,0.1,--.--,--.--,--.--,--.--,0.7,3.3,109.4,0.5,-0.3,0.0,288.15,--.--,--.--,0,0,0.0,0.0,0.0,0,0,0,--.--,--.--,--.--
2026-07-09 16:33:05.544,0.4,3.3,109,-0.1,-0.1,0.0,0.0,-0.7,0.000,-0.1,26.4,64.4,63.2,26.628,0.000,0.000,0.000,0.0,00:01:19,0.0,1.7,1,--.--,0,--.--,--.--,0000:32:26,84,0,0,1,1,15.30,-1.00,-83,--.--,50,--.--,--:--:--,1,-15.30,16:33:05,21:33:05,7/9/26,--.--,--.--,--.--,--.--,--.--,--.--,--.--,--.--,--.--,--.--,--.--,--.--,0,--.--,--.--,--.--,--.--,--.--,--.--,--.--,--.--,--.--,--.--,--.--,--.--,--.--,--.--,--.--,--.--,0,0.000,0.000,0.000,0.000,0.000,0.000,0.000,0.000,0.000,0.000,0.000,0.000,true,true,true,true,true,true,false,false,true,true,false,false,0.04,0.01,0.02,0.01,--.--,--.--,0.15,0.17,9223372036854775808,0,--.--,--.--,--.--,--.--,--.--,0,0,0,0,37.4122945,-121.9985278,10SEG 88624 41081,0.7,1.1,229.2,3,10,--.--,--.--,,--.--,--.--,--.--,0,0,--.--,--.--,0,-0.0,-0.0,-26.6,-0.0,-0.0,0.1,-0.0,-0.0,-26.5,0.0,0.0,0.1,--.--,--.--,--.--,--.--,0.4,3.2,109.4,0.1,-0.2,0.0,288.15,--.--,--.--,0,0,0.0,0.0,0.0,0,0,0,--.--,--.--,--.--
2026-07-09 16:33:06.544,0.6,3.5,109,1.0,0.4,0.0,0.0,1.1,0.000,-0.1,26.4,64.4,63.2,26.622,0.000,0.000,0.000,0.0,00:01:20,0.0,0.6,1,--.--,0,--.--,--.--,0000:32:26,84,0,0,1,1,15.30,-1.00,-83,--.--,50,--.--,--:--:--,1,-15.30,16:33:06,21:33:06,7/9/26,--.--,--.--,--.--,--.--,--.--,--.--,--.--,--.--,--.--,--.--,--.--,--.--,0,--.--,--.--,--.--,--.--,--.--,--.--,--.--,--.--,--.--,--.--,--.--,--.--,--.--,--.--,--.--,--.--,0,0.000,0.000,0.000,0.000,0.000,0.000,0.000,0.000,0.000,0.000,0.000,0.000,true,true,true,true,true,true,false,false,true,true,false,false,0.04,0.01,0.02,0.01,--.--,--.--,0.15,0.17,9223372036854775808,0,--.--,--.--,--.--,--.--,--.--,0,0,0,0,37.4122949,-121.9985276,10SEG 88624 41081,0.7,1.1,57.8,3,10,--.--,--.--,,--.--,--.--,--.--,0,0,--.--,--.--,0,-0.0,-0.0,-26.6,0.0,0.0,0.1,-0.0,-0.0,-26.5,0.0,-0.0,0.1,--.--,--.--,--.--,--.--,0.8,3.5,109.4,0.9,0.0,-0.0,288.15,--.--,--.--,0,0,0.0,0.0,0.0,0,0,0,--.--,--.--,--.--
2026-07-09 16:33:07.544,0.7,2.9,109,-1.2,-0.5,-0.0,0.0,1.3,0.000,-0.1,26.4,64.4,63.2,26.605,0.000,0.000,0.000,0.0,00:01:21,0.0,0.0,1,--.--,0,--.--,--.--,0000:32:26,84,0,0,1,1,15.30,-1.00,-84,--.--,50,--.--,--:--:--,1,-15.30,16:33:07,21:33:07,7/9/26,--.--,--.--,--.--,--.--,--.--,--.--,--.--,--.--,--.--,--.--,--.--,--.--,0,--.--,--.--,--.--,--.--,--.--,--.--,--.--,--.--,--.--,--.--,--.--,--.--,--.--,--.--,--.--,--.--,0,0.000,0.000,0.000,0.000,0.000,0.000,0.000,0.000,0.000,0.000,0.000,0.000,true,true,true,true,true,true,false,false,true,true,false,false,0.03,0.00,0.01,0.01,--.--,--.--,0.15,0.17,9223372036854775808,0,--.--,--.--,--.--,--.--,--.--,0,0,0,0,37.4122948,-121.9985275,10SEG 88624 41081,0.7,1.1,140.1,3,10,--.--,--.--,,--.--,--.--,--.--,0,0,--.--,--.--,0,-0.0,-0.0,-26.6,-0.0,-0.0,0.1,-0.0,-0.0,-26.5,-0.0,0.0,0.1,--.--,--.--,--.--,--.--,0.5,2.9,109.3,-1.2,0.4,-0.0,288.15,--.--,--.--,0,0,0.0,0.0,0.0,0,0,0,--.--,--.--,--.--
2026-07-09 16:33:08.544,1.0,3.7,109,1.6,-0.1,0.0,0.0,-1.0,0.000,-0.1,26.4,64.4,63.2,26.594,0.000,0.000,0.000,0.0,00:01:22,0.0,1.2,1,--.--,0,--.--,--.--,0000:32:26,84,0,0,1,1,15.30,-1.00,-84,--.--,50,--.--,--:--:--,1,-15.30,16:33:08,21:33:08,7/9/26,--.--,--.--,--.--,--.--,--.--,--.--,--.--,--.--,--.--,--.--,--.--,--.--,0,--.--,--.--,--.--,--.--,--.--,--.--,--.--,--.--,--.--,--.--,--.--,--.--,--.--,--.--,--.--,--.--,0,0.000,0.000,0.000,0.000,0.000,0.000,0.000,0.000,0.000,0.000,0.000,0.000,true,true,true,true,true,true,false,false,true,true,false,false,0.03,0.00,0.01,0.01,--.--,--.--,0.15,0.17,9223372036854775808,0,--.--,--.--,--.--,--.--,--.--,0,0,0,0,37.4122946,-121.9985275,10SEG 88624 41081,0.7,1.1,77.6,3,10,--.--,--.--,,--.--,--.--,--.--,0,0,--.--,--.--,0,-0.0,-0.0,-26.6,0.0,0.0,0.1,-0.0,-0.0,-26.5,-0.0,-0.0,0.1,--.--,--.--,--.--,--.--,1.2,3.6,109.4,1.0,-0.4,0.2,288.15,--.--,--.--,0,0,0.0,0.0,0.0,0,0,0,--.--,--.--,--.--
2026-07-09 16:33:09.544,0.3,3.3,109,-1.2,0.1,0.0,0.0,-1.3,0.000,-0.1,26.4,64.4,63.2,26.600,0.000,0.000,0.000,0.0,00:01:23,0.0,1.1,1,--.--,0,--.--,--.--,0000:32:26,84,0,0,1,1,15.30,-1.00,-85,--.--,50,--.--,--:--:--,1,-15.30,16:33:09,21:33:09,7/9/26,--.--,--.--,--.--,--.--,--.--,--.--,--.--,--.--,--.--,--.--,--.--,--.--,0,--.--,--.--,--.--,--.--,--.--,--.--,--.--,--.--,--.--,--.--,--.--,--.--,--.--,--.--,--.--,--.--,0,0.000,0.000,0.000,0.000,0.000,0.000,0.000,0.000,0.000,0.000,0.000,0.000,true,true,true,true,true,true,false,false,true,true,false,false,0.03,0.01,0.01,0.02,--.--,--.--,0.15,0.17,9223372036854775808,0,--.--,--.--,--.--,--.--,--.--,0,0,0,0,37.4122943,-121.9985278,10SEG 88624 41081,0.7,1.1,208.1,3,10,--.--,--.--,,--.--,--.--,--.--,0,0,--.--,--.--,0,-0.0,-0.0,-26.6,-0.0,-0.0,0.1,-0.0,-0.0,-26.5,0.0,-0.0,0.1,--.--,--.--,--.--,--.--,0.1,3.3,109.4,-1.0,0.1,-0.0,288.15,--.--,--.--,0,0,0.0,0.0,0.0,0,0,0,--.--,--.--,--.--
2026-07-09 16:33:10.544,0.8,3.1,109,0.7,-0.2,-0.0,0.0,-0.6,0.000,-0.1,26.4,64.4,63.2,26.610,0.000,0.000,0.000,0.0,00:01:24,0.0,0.6,1,--.--,0,--.--,--.--,0000:32:26,83,0,0,1,1,15.30,-1.00,-85,--.--,50,--.--,--:--:--,1,-15.30,16:33:10,21:33:10,7/9/26,--.--,--.--,--.--,--.--,--.--,--.--,--.--,--.--,--.--,--.--,--.--,--.--,0,--.--,--.--,--.--,--.--,--.--,--.--,--.--,--.--,--.--,--.--,--.--,--.--,--.--,--.--,--.--,--.--,0,0.000,0.000,0.000,0.000,0.000,0.000,0.000,0.000,0.000,0.000,0.000,0.000,true,true,true,true,true,true,false,false,true,true,false,false,0.03,0.01,0.01,0.02,--.--,--.--,0.15,0.17,9223372036854775808,0,--.--,--.--,--.--,--.--,--.--,0,0,0,0,37.4122945,-121.9985278,10SEG 88624 41081,0.7,1.1,353.9,3,10,--.--,--.--,,--.--,--.--,--.--,0,0,--.--,--.--,0,-0.0,-0.0,-26.6,0.0,0.0,0.1,-0.0,-0.0,-26.5,0.0,0.0,0.1,--.--,--.--,--.--,--.--,0.8,3.1,109.4,0.4,-0.2,0.0,288.15,--.--,--.--,0,0,0.0,0.0,0.0,0,0,0,--.--,--.--,--.--
2026-07-09 16:33:11.544,1.0,3.2,109,0.4,1.1,0.0,0.0,1.4,0.000,-0.1,26.4,64.4,63.2,26.603,0.000,0.000,0.000,0.0,00:01:25,0.0,0.9,1,--.--,0,--.--,--.--,0000:32:26,84,0,0,1,1,15.30,-1.00,-85,--.--,50,--.--,--:--:--,1,-15.30,16:33:11,21:33:11,7/9/26,--.--,--.--,--.--,--.--,--.--,--.--,--.--,--.--,--.--,--.--,--.--,--.--,0,--.--,--.--,--.--,--.--,--.--,--.--,--.--,--.--,--.--,--.--,--.--,--.--,--.--,--.--,--.--,--.--,0,0.000,0.000,0.000,0.000,0.000,0.000,0.000,0.000,0.000,0.000,0.000,0.000,true,true,true,true,true,true,false,false,true,true,false,false,0.03,0.00,0.01,0.02,--.--,--.--,0.15,0.17,9223372036854775808,0,--.--,--.--,--.--,--.--,--.--,0,0,0,0,37.4122952,-121.9985273,10SEG 88624 41081,0.7,1.1,73.9,3,10,--.--,--.--,,--.--,--.--,--.--,0,0,--.--,--.--,0,-0.0,-0.0,-26.6,0.0,0.0,0.1,-0.0,-0.0,-26.5,0.0,-0.0,0.1,--.--,--.--,--.--,--.--,1.1,3.5,109.4,0.3,1.1,0.1,288.15,--.--,--.--,0,0,0.0,0.0,0.0,0,0,0,--.--,--.--,--.--
2026-07-09 16:33:12.544,0.7,3.7,109,-1.0,-0.8,0.0,0.0,-1.4,0.000,-0.1,26.4,64.4,63.2,26.599,0.000,0.000,0.000,0.0,00:01:26,0.1,1.5,1,--.--,0,--.--,--.--,0000:32:26,84,0,0,1,1,15.30,-1.00,-85,--.--,50,--.--,--:--:--,1,-15.30,16:33:12,21:33:12,7/9/26,--.--,--.--,--.--,--.--,--.--,--.--,--.--,--.--,--.--,--.--,--.--,--.--,0,--.--,--.--,--.--,--.--,--.--,--.--,--.--,--.--,--.--,--.--,--.--,--.--,--.--,--.--,--.--,--.--,0,0.000,0.000,0.000,0.000,0.000,0.000,0.000,0.000,0.000,0.000,0.000,0.000,true,true,true,true,true,true,false,false,true,true,false,false,0.03,0.00,0.01,0.02,--.--,--.--,0.15,0.17,9223372036854775808,0,--.--,--.--,--.--,--.--,--.--,0,0,0,0,37.4122944,-121.9985266,10SEG 88624 41081,0.7,1.1,184.9,3,10,--.--,--.--,,--.--,--.--,--.--,0,0,--.--,--.--,0,-0.0,0.0,-26.6,-0.0,-0.0,0.1,-0.0,-0.0,-26.5,0.0,-0.0,0.1,--.--,--.--,--.--,--.--,0.5,3.6,109.5,-0.9,-0.7,0.0,288.15,--.--,--.--,0,0,0.0,0.0,0.0,0,0,0,--.--,--.--,--.--
2026-07-09 16:33:13.544,0.8,3.0,109,1.3,-0.4,0.0,0.0,1.2,0.000,-0.1,26.4,64.4,63.2,26.591,0.000,0.000,0.000,0.0,00:01:27,0.0,0.7,1,--.--,0,--.--,--.--,0000:32:26,84,0,0,1,1,15.30,-1.00,-86,--.--,50,--.--,--:--:--,1,-15.30,16:33:13,21:33:13,7/9/26,--.--,--.--,--.--,--.--,--.--,--.--,--.--,--.--,--.--,--.--,--.--,--.--,0,--.--,--.--,--.--,--.--,--.--,--.--,--.--,--.--,--.--,--.--,--.--,--.--,--.--,--.--,--.--,--.--,0,0.000,0.000,0.000,0.000,0.000,0.000,0.000,0.000,0.000,0.000,0.000,0.000,true,true,true,true,true,true,false,false,true,true,false,false,0.02,0.01,0.01,0.01,--.--,--.--,0.15,0.17,9223372036854775808,0,--.--,--.--,--.--,--.--,--.--,0,0,0,0,37.4122947,-121.9985270,10SEG 88624 41081,0.7,1.1,322.9,3,10,--.--,--.--,,--.--,--.--,--.--,0,0,--.--,--.--,0,-0.0,-0.0,-26.6,0.0,-0.0,0.1,-0.0,-0.0,-26.5,0.0,-0.0,0.1,--.--,--.--,--.--,--.--,1.0,3.0,109.4,1.2,0.0,0.0,288.15,--.--,--.--,0,0,0.0,0.0,0.0,0,0,0,--.--,--.--,--.--
2026-07-09 16:33:14.544,0.7,3.5,109,-0.9,-0.9,0.0,0.0,1.4,0.000,-0.1,26.4,64.4,63.2,26.584,0.000,0.000,0.000,0.0,00:01:28,0.0,1.6,1,--.--,0,--.--,--.--,0000:32:26,83,0,0,1,1,15.30,-1.00,-86,--.--,50,--.--,--:--:--,1,-15.30,16:33:14,21:33:14,7/9/26,--.--,--.--,--.--,--.--,--.--,--.--,--.--,--.--,--.--,--.--,--.--,--.--,0,--.--,--.--,--.--,--.--,--.--,--.--,--.--,--.--,--.--,--.--,--.--,--.--,--.--,--.--,--.--,--.--,0,0.000,0.000,0.000,0.000,0.000,0.000,0.000,0.000,0.000,0.000,0.000,0.000,true,true,true,true,true,true,false,false,true,true,false,false,0.02,0.01,0.01,0.01,--.--,--.--,0.15,0.17,9223372036854775808,0,--.--,--.--,--.--,--.--,--.--,0,0,0,0,37.4122944,-121.9985274,10SEG 88624 41081,0.7,1.1,244.9,3,10,--.--,--.--,,--.--,--.--,--.--,0,0,--.--,--.--,0,-0.0,-0.0,-26.6,0.0,-0.0,0.1,-0.0,-0.0,-26.5,0.0,-0.0,0.1,--.--,--.--,--.--,--.--,0.6,3.1,109.5,-0.5,-1.4,0.0,288.15,--.--,--.--,0,0,0.0,0.0,0.0,0,0,0,--.--,--.--,--.--
2026-07-09 16:33:15.544,0.9,3.5,109,0.5,2.1,-0.0,0.0,1.4,0.000,-0.1,26.4,64.4,63.2,26.587,0.000,0.000,0.000,0.0,00:01:29,0.0,1.1,1,--.--,0,--.--,--.--,0000:32:26,84,0,0,1,1,15.30,-1.00,-86,--.--,50,--.--,--:--:--,1,-15.30,16:33:15,21:33:15,7/9/26,--.--,--.--,--.--,--.--,--.--,--.--,--.--,--.--,--.--,--.--,--.--,--.--,0,--.--,--.--,--.--,--.--,--.--,--.--,--.--,--.--,--.--,--.--,--.--,--.--,--.--,--.--,--.--,--.--,0,0.000,0.000,0.000,0.000,0.000,0.000,0.000,0.000,0.000,0.000,0.000,0.000,true,true,true,true,true,true,false,false,true,true,false,false,0.02,0.01,0.01,0.01,--.--,--.--,0.15,0.17,9223372036854775808,0,--.--,--.--,--.--,--.--,--.--,0,0,0,0,37.4122946,-121.9985272,10SEG 88624 41081,0.7,1.1,134.3,3,10,--.--,--.--,,--.--,--.--,--.--,0,0,--.--,--.--,0,-0.0,-0.0,-26.6,0.0,0.0,0.1,-0.0,-0.0,-26.5,0.0,-0.0,0.1,--.--,--.--,--.--,--.--,0.9,3.9,109.5,0.2,1.6,-0.0,288.15,--.--,--.--,0,0,0.0,0.0,0.0,0,0,0,--.--,--.--,--.--
2026-07-09 16:33:16.544,0.9,2.8,109,-0.4,-1.2,-0.0,0.0,-1.4,0.000,-0.1,26.4,64.4,63.2,26.589,0.000,0.000,0.000,0.0,00:01:30,0.0,0.6,1,--.--,0,--.--,--.--,0000:32:26,84,0,0,1,1,15.30,-1.00,-86,--.--,50,--.--,--:--:--,1,-15.30,16:33:16,21:33:16,7/9/26,--.--,--.--,--.--,--.--,--.--,--.--,--.--,--.--,--.--,--.--,--.--,--.--,0,--.--,--.--,--.--,--.--,--.--,--.--,--.--,--.--,--.--,--.--,--.--,--.--,--.--,--.--,--.--,--.--,0,0.000,0.000,0.000,0.000,0.000,0.000,0.000,0.000,0.000,0.000,0.000,0.000,true,true,true,true,true,true,false,false,true,true,false,false,0.02,0.01,0.01,0.01,--.--,--.--,0.15,0.17,9223372036854775808,0,--.--,--.--,--.--,--.--,--.--,0,0,0,0,37.4122946,-121.9985278,10SEG 88624 41081,0.7,1.1,256.1,3,10,--.--,--.--,,--.--,--.--,--.--,0,0,--.--,--.--,0,-0.0,-0.0,-26.6,0.0,-0.0,0.1,-0.0,-0.0,-26.5,0.0,0.0,0.1,--.--,--.--,--.--,--.--,0.7,2.8,109.5,-0.6,-0.2,0.0,288.15,--.--,--.--,0,0,0.0,0.0,0.0,0,0,0,--.--,--.--,--.--
2026-07-09 16:33:17.545,0.9,3.5,109,1.0,-0.2,0.0,0.0,-0.9,0.000,-0.1,26.4,64.4,63.2,26.579,0.000,0.000,0.000,0.0,00:01:31,0.0,0.7,1,--.--,0,--.--,--.--,0000:32:26,84,0,0,1,1,15.30,-1.00,-87,--.--,50,--.--,--:--:--,1,-15.30,16:33:17,21:33:17,7/9/26,--.--,--.--,--.--,--.--,--.--,--.--,--.--,--.--,--.--,--.--,--.--,--.--,0,--.--,--.--,--.--,--.--,--.--,--.--,--.--,--.--,--.--,--.--,--.--,--.--,--.--,--.--,--.--,--.--,0,0.000,0.000,0.000,0.000,0.000,0.000,0.000,0.000,0.000,0.000,0.000,0.000,true,true,true,true,true,true,false,false,true,true,false,false,0.02,0.00,0.01,0.01,--.--,--.--,0.15,0.17,9223372036854775808,0,--.--,--.--,--.--,--.--,--.--,0,0,0,0,37.4122948,-121.9985280,10SEG 88624 41081,0.7,1.1,326.3,3,10,--.--,--.--,,--.--,--.--,--.--,0,0,--.--,--.--,0,-0.0,-0.1,-26.6,0.0,0.0,0.1,-0.0,-0.0,-26.5,0.0,0.0,0.1,--.--,--.--,--.--,--.--,1.0,3.2,109.5,0.9,-1.0,0.0,288.15,--.--,--.--,0,0,0.0,0.0,0.0,0,0,0,--.--,--.--,--.--
2026-07-09 16:33:18.544,1.2,3.2,109,0.1,2.3,0.2,0.0,1.3,0.000,-0.1,26.4,64.4,63.2,26.582,0.000,0.000,0.000,0.0,00:01:32,0.0,0.3,1,--.--,0,--.--,--.--,0000:32:26,84,0,0,1,1,15.30,-1.00,-87,--.--,50,--.--,--:--:--,1,-15.30,16:33:18,21:33:18,7/9/26,--.--,--.--,--.--,--.--,--.--,--.--,--.--,--.--,--.--,--.--,--.--,--.--,0,--.--,--.--,--.--,--.--,--.--,--.--,--.--,--.--,--.--,--.--,--.--,--.--,--.--,--.--,--.--,--.--,0,0.000,0.000,0.000,0.000,0.000,0.000,0.000,0.000,0.000,0.000,0.000,0.000,true,true,true,true,true,true,false,false,true,true,false,false,0.02,0.00,0.01,0.01,--.--,--.--,0.15,0.17,9223372036854775808,0,--.--,--.--,--.--,--.--,--.--,0,0,0,0,37.4122952,-121.9985279,10SEG 88624 41081,0.7,1.1,101.6,3,10,--.--,--.--,,--.--,--.--,--.--,0,0,--.--,--.--,0,0.0,-0.0,-26.6,-0.0,0.0,0.1,-0.0,-0.0,-26.5,-0.0,0.0,0.1,--.--,--.--,--.--,--.--,1.2,3.7,109.6,-0.0,2.2,0.2,288.15,--.--,--.--,0,0,0.0,0.0,0.0,0,0,0,--.--,--.--,--.--
2026-07-09 16:33:19.544,0.7,3.5,109,-0.1,-2.1,0.1,0.0,1.5,0.000,-0.1,26.4,64.3,63.2,26.577,0.000,0.000,0.000,0.0,00:01:33,0.0,0.6,1,--.--,0,--.--,--.--,0000:32:26,84,0,0,1,1,15.30,-1.00,-87,--.--,50,--.--,--:--:--,1,-15.30,16:33:19,21:33:19,7/9/26,--.--,--.--,--.--,--.--,--.--,--.--,--.--,--.--,--.--,--.--,--.--,--.--,0,--.--,--.--,--.--,--.--,--.--,--.--,--.--,--.--,--.--,--.--,--.--,--.--,--.--,--.--,--.--,--.--,0,0.000,0.000,0.000,0.000,0.000,0.000,0.000,0.000,0.000,0.000,0.000,0.000,true,true,true,true,true,true,false,false,true,true,false,false,0.03,0.01,0.01,0.04,--.--,--.--,0.15,0.17,9223372036854775808,0,--.--,--.--,--.--,--.--,--.--,0,0,0,0,37.4122948,-121.9985275,10SEG 88624 41081,0.7,1.1,296.6,3,10,--.--,--.--,,--.--,--.--,--.--,0,0,--.--,--.--,0,-0.0,-0.0,-26.6,0.0,-0.0,0.1,-0.0,-0.0,-26.5,0.0,-0.0,0.1,--.--,--.--,--.--,--.--,0.7,3.1,109.7,0.3,-1.8,0.0,288.15,--.--,--.--,0,0,0.0,0.0,0.0,0,0,0,--.--,--.--,--.--
2026-07-09 16:33:20.544,1.1,3.2,109,-0.0,1.3,0.0,0.0,0.3,0.000,-0.1,26.4,64.4,63.2,26.591,0.000,0.000,0.000,0.0,00:01:34,0.0,0.6,1,--.--,0,--.--,--.--,0000:32:26,83,0,0,1,1,15.30,-1.00,-87,--.--,50,--.--,--:--:--,1,-15.30,16:33:20,21:33:20,7/9/26,--.--,--.--,--.--,--.--,--.--,--.--,--.--,--.--,--.--,--.--,--.--,--.--,0,--.--,--.--,--.--,--.--,--.--,--.--,--.--,--.--,--.--,--.--,--.--,--.--,--.--,--.--,--.--,--.--,0,0.000,0.000,0.000,0.000,0.000,0.000,0.000,0.000,0.000,0.000,0.000,0.000,true,true,true,true,true,true,false,false,true,true,false,false,0.03,0.01,0.01,0.04,--.--,--.--,0.15,0.17,9223372036854775808,0,--.--,--.--,--.--,--.--,--.--,0,0,0,0,37.4122954,-121.9985278,10SEG 88624 41081,0.7,1.1,79.9,3,10,--.--,--.--,,--.--,--.--,--.--,0,0,--.--,--.--,0,0.0,-0.0,-26.6,-0.0,0.0,0.1,-0.0,-0.0,-26.5,-0.0,0.0,0.1,--.--,--.--,--.--,--.--,1.1,3.4,109.8,-0.0,0.8,0.1,288.15,--.--,--.--,0,0,0.0,0.0,0.0,0,0,0,--.--,--.--,--.--
2026-07-09 16:33:21.544,1.2,3.2,109,-1.0,-0.9,0.2,0.0,-1.5,0.000,-0.1,26.4,64.4,63.2,26.589,0.000,0.000,0.000,0.0,00:01:35,0.0,1.4,1,--.--,0,--.--,--.--,0000:32:26,84,0,0,1,1,15.30,-1.00,-88,--.--,50,--.--,--:--:--,1,-15.30,16:33:21,21:33:21,7/9/26,--.--,--.--,--.--,--.--,--.--,--.--,--.--,--.--,--.--,--.--,--.--,--.--,0,--.--,--.--,--.--,--.--,--.--,--.--,--.--,--.--,--.--,--.--,--.--,--.--,--.--,--.--,--.--,--.--,0,0.000,0.000,0.000,0.000,0.000,0.000,0.000,0.000,0.000,0.000,0.000,0.000,true,true,true,true,true,true,false,false,true,true,false,false,0.03,0.01,0.01,0.03,--.--,--.--,0.15,0.17,9223372036854775808,0,--.--,--.--,--.--,--.--,--.--,0,0,0,0,37.4122952,-121.9985277,10SEG 88624 41081,0.7,1.1,188.7,3,10,--.--,--.--,,--.--,--.--,--.--,0,0,--.--,--.--,0,0.0,-0.0,-26.6,-0.0,-0.0,0.1,-0.0,-0.0,-26.5,-0.0,0.0,0.1,--.--,--.--,--.--,--.--,1.0,3.1,109.9,-1.1,-0.4,0.0,288.15,--.--,--.--,0,0,0.0,0.0,0.0,0,0,0,--.--,--.--,--.--
2026-07-09 16:33:22.545,1.1,3.8,110,1.0,0.9,0.0,0.0,1.3,0.000,-0.1,26.4,64.4,63.2,26.593,0.000,0.000,0.000,0.0,00:01:36,0.0,1.2,1,--.--,0,--.--,--.--,0000:32:26,84,0,0,1,1,15.30,-1.00,-88,--.--,50,--.--,--:--:--,1,-15.30,16:33:22,21:33:22,7/9/26,--.--,--.--,--.--,--.--,--.--,--.--,--.--,--.--,--.--,--.--,--.--,--.--,0,--.--,--.--,--.--,--.--,--.--,--.--,--.--,--.--,--.--,--.--,--.--,--.--,--.--,--.--,--.--,--.--,0,0.000,0.000,0.000,0.000,0.000,0.000,0.000,0.000,0.000,0.000,0.000,0.000,true,true,true,true,true,true,false,false,true,true,false,false,0.03,0.01,0.01,0.03,--.--,--.--,0.15,0.17,9223372036854775808,0,--.--,--.--,--.--,--.--,--.--,0,0,0,0,37.4122949,-121.9985271,10SEG 88624 41081,0.7,1.1,100.8,3,10,--.--,--.--,,--.--,--.--,--.--,0,0,--.--,--.--,0,0.0,-0.0,-26.6,-0.0,0.0,0.1,-0.0,-0.0,-26.5,-0.0,-0.0,0.1,--.--,--.--,--.--,--.--,1.2,3.8,110.0,0.7,0.3,0.2,288.15,--.--,--.--,0,0,0.0,0.0,0.0,0,0,0,--.--,--.--,--.--
2026-07-09 16:33:23.544,0.7,3.0,110,-0.5,0.0,0.0,0.0,2.0,0.000,-0.1,26.4,64.4,63.2,26.598,0.000,0.000,0.000,0.0,00:01:37,0.0,1.0,1,--.--,0,--.--,--.--,0000:32:26,84,0,0,1,1,15.30,-1.00,-88,--.--,50,--.--,--:--:--,1,-15.30,16:33:23,21:33:23,7/9/26,--.--,--.--,--.--,--.--,--.--,--.--,--.--,--.--,--.--,--.--,--.--,--.--,0,--.--,--.--,--.--,--.--,--.--,--.--,--.--,--.--,--.--,--.--,--.--,--.--,--.--,--.--,--.--,--.--,0,0.000,0.000,0.000,0.000,0.000,0.000,0.000,0.000,0.000,0.000,0.000,0.000,true,true,true,true,true,true,false,false,true,true,false,false,0.04,0.00,0.01,0.03,--.--,--.--,0.15,0.17,9223372036854775808,0,--.--,--.--,--.--,--.--,--.--,0,0,0,0,37.4122946,-121.9985274,10SEG 88624 41081,0.7,1.1,223.3,3,10,--.--,--.--,,--.--,--.--,--.--,0,0,--.--,--.--,0,-0.0,-0.0,-26.6,0.0,-0.0,0.1,-0.0,-0.0,-26.5,0.0,-0.0,0.1,--.--,--.--,--.--,--.--,0.6,3.2,110.1,-0.3,0.5,-0.0,288.15,--.--,--.--,0,0,0.0,0.0,0.0,0,0,0,--.--,--.--,--.--
2026-07-09 16:33:24.545,1.2,3.3,110,0.5,-0.5,0.1,0.0,-0.7,0.000,-0.1,26.4,64.4,63.2,26.599,0.000,0.000,0.000,0.0,00:01:38,0.0,0.7,1,--.--,0,--.--,--.--,0000:32:26,84,0,0,1,1,15.30,-1.00,-88,--.--,50,--.--,--:--:--,1,-15.30,16:33:24,21:33:24,7/9/26,--.--,--.--,--.--,--.--,--.--,--.--,--.--,--.--,--.--,--.--,--.--,--.--,0,--.--,--.--,--.--,--.--,--.--,--.--,--.--,--.--,--.--,--.--,--.--,--.--,--.--,--.--,--.--,--.--,0,0.000,0.000,0.000,0.000,0.000,0.000,0.000,0.000,0.000,0.000,0.000,0.000,true,true,true,true,true,true,false,false,true,true,false,false,0.04,0.00,0.01,0.03,--.--,--.--,0.15,0.17,9223372036854775808,0,--.--,--.--,--.--,--.--,--.--,0,0,0,0,37.4122945,-121.9985272,10SEG 88624 41081,0.7,1.1,86.7,3,10,--.--,--.--,,--.--,--.--,--.--,0,0,--.--,--.--,0,-0.0,-0.0,-26.6,0.0,-0.0,0.1,-0.0,-0.0,-26.5,0.0,-0.0,0.1,--.--,--.--,--.--,--.--,1.3,3.2,110.1,0.2,-0.4,0.3,288.15,--.--,--.--,0,0,0.0,0.0,0.0,0,0,0,--.--,--.--,--.--
2026-07-09 16:33:25.545,1.0,3.6,110,0.0,-0.4,0.1,0.0,-1.3,0.000,-0.1,26.4,64.4,63.2,26.609,0.000,0.000,0.000,0.0,00:01:39,0.0,1.6,1,--.--,0,--.--,--.--,0000:32:26,84,0,0,1,1,15.30,-1.00,-89,--.--,50,--.--,--:--:--,1,-15.30,16:33:25,21:33:25,7/9/26,--.--,--.--,--.--,--.--,--.--,--.--,--.--,--.--,--.--,--.--,--.--,--.--,0,--.--,--.--,--.--,--.--,--.--,--.--,--.--,--.--,--.--,--.--,--.--,--.--,--.--,--.--,--.--,--.--,0,0.000,0.000,0.000,0.000,0.000,0.000,0.000,0.000,0.000,0.000,0.000,0.000,true,true,true,true,true,true,false,false,true,true,false,false,0.03,0.00,0.01,0.02,--.--,--.--,0.15,0.17,9223372036854775808,0,--.--,--.--,--.--,--.--,--.--,0,0,0,0,37.4122946,-121.9985271,10SEG 88624 41081,0.7,1.1,126.0,3,10,--.--,--.--,,--.--,--.--,--.--,0,0,--.--,--.--,0,-0.0,-0.0,-26.6,0.0,-0.0,0.1,-0.0,-0.0,-26.5,0.0,-0.0,0.1,--.--,--.--,--.--,--.--,1.0,3.3,110.2,0.1,-1.1,0.0,288.15,--.--,--.--,0,0,0.0,0.0,0.0,0,0,0,--.--,--.--,--.--
2026-07-09 16:33:26.545,1.1,3.1,110,-0.6,1.1,0.1,0.0,0.9,0.000,-0.1,26.4,64.4,63.2,26.597,0.000,0.000,0.000,0.0,00:01:40,0.0,2.6,1,--.--,0,--.--,--.--,0000:32:26,84,0,0,1,1,15.30,-1.00,-89,--.--,50,--.--,--:--:--,1,-15.30,16:33:26,21:33:26,7/9/26,--.--,--.--,--.--,--.--,--.--,--.--,--.--,--.--,--.--,--.--,--.--,--.--,0,--.--,--.--,--.--,--.--,--.--,--.--,--.--,--.--,--.--,--.--,--.--,--.--,--.--,--.--,--.--,--.--,0,0.000,0.000,0.000,0.000,0.000,0.000,0.000,0.000,0.000,0.000,0.000,0.000,true,true,true,true,true,true,false,false,true,true,false,false,0.03,0.00,0.01,0.02,--.--,--.--,0.15,0.17,9223372036854775808,0,--.--,--.--,--.--,--.--,--.--,0,0,0,0,37.4122946,-121.9985273,10SEG 88624 41081,0.7,1.1,231.3,3,10,--.--,--.--,,--.--,--.--,--.--,0,0,--.--,--.--,0,-0.0,-0.0,-26.6,0.0,-0.0,0.1,-0.0,-0.0,-26.5,0.0,-0.0,0.1,--.--,--.--,--.--,--.--,1.0,3.3,110.3,-0.7,0.9,-0.0,288.15,--.--,--.--,0,0,0.0,0.0,0.0,0,0,0,--.--,--.--,--.--
2026-07-09 16:33:27.545,1.4,3.1,110,1.2,-0.0,0.2,0.0,0.1,0.000,-0.1,26.4,64.4,63.2,26.603,0.000,0.000,0.000,0.0,00:01:41,0.0,0.6,1,--.--,0,--.--,--.--,0000:32:26,83,0,0,1,1,15.30,-1.00,-90,--.--,50,--.--,--:--:--,1,-15.30,16:33:27,21:33:27,7/9/26,--.--,--.--,--.--,--.--,--.--,--.--,--.--,--.--,--.--,--.--,--.--,--.--,0,--.--,--.--,--.--,--.--,--.--,--.--,--.--,--.--,--.--,--.--,--.--,--.--,--.--,--.--,--.--,--.--,0,0.000,0.000,0.000,0.000,0.000,0.000,0.000,0.000,0.000,0.000,0.000,0.000,true,true,true,true,true,true,false,false,true,true,false,false,0.03,0.01,0.01,0.01,--.--,--.--,0.15,0.17,9223372036854775808,0,--.--,--.--,--.--,--.--,--.--,0,0,0,0,37.4122948,-121.9985272,10SEG 88624 41081,0.7,1.1,49.2,3,10,--.--,--.--,,--.--,--.--,--.--,0,0,--.--,--.--,0,-0.0,-0.0,-26.6,0.0,-0.0,0.1,-0.0,-0.0,-26.5,0.0,-0.0,0.1,--.--,--.--,--.--,--.--,1.6,3.2,110.4,0.8,0.2,0.6,288.15,--.--,--.--,0,0,0.0,0.0,0.0,0,0,0,--.--,--.--,--.--
2026-07-09 16:33:28.545,0.9,3.6,110,-0.9,0.4,0.3,0.0,1.8,0.000,-0.1,26.4,64.4,63.2,26.597,0.000,0.000,0.000,0.0,00:01:42,0.0,2.2,1,--.--,0,--.--,--.--,0000:32:26,84,0,0,1,1,15.30,-1.00,-90,--.--,50,--.--,--:--:--,1,-15.30,16:33:28,21:33:28,7/9/26,--.--,--.--,--.--,--.--,--.--,--.--,--.--,--.--,--.--,--.--,--.--,--.--,0,--.--,--.--,--.--,--.--,--.--,--.--,--.--,--.--,--.--,--.--,--.--,--.--,--.--,--.--,--.--,--.--,0,0.000,0.000,0.000,0.000,0.000,0.000,0.000,0.000,0.000,0.000,0.000,0.000,true,true,true,true,true,true,false,false,true,true,false,false,0.03,0.01,0.01,0.01,--.--,--.--,0.15,0.17,9223372036854775808,0,--.--,--.--,--.--,--.--,--.--,0,0,0,0,37.4122943,-121.9985268,10SEG 88624 41081,0.7,1.1,220.7,3,10,--.--,--.--,,--.--,--.--,--.--,0,0,--.--,--.--,0,-0.0,-0.0,-26.6,-0.0,-0.0,0.1,-0.0,-0.0,-26.5,0.0,-0.0,0.1,--.--,--.--,--.--,--.--,0.8,3.6,110.8,-0.4,0.2,-0.0,288.15,--.--,--.--,0,0,0.0,0.0,0.0,0,0,0,--.--,--.--,--.--
2026-07-09 16:33:29.545,1.3,3.0,110,0.5,-1.1,0.2,0.1,-0.8,0.000,-0.1,26.4,64.4,63.2,26.582,0.000,0.000,0.000,0.0,00:01:43,0.0,0.8,1,--.--,0,--.--,--.--,0000:32:26,83,0,0,1,1,15.30,-1.00,-90,--.--,50,--.--,--:--:--,1,-15.30,16:33:29,21:33:29,7/9/26,--.--,--.--,--.--,--.--,--.--,--.--,--.--,--.--,--.--,--.--,--.--,--.--,0,--.--,--.--,--.--,--.--,--.--,--.--,--.--,--.--,--.--,--.--,--.--,--.--,--.--,--.--,--.--,--.--,0,0.000,0.000,0.000,0.000,0.000,0.000,0.000,0.000,0.000,0.000,0.000,0.000,true,true,true,true,true,true,false,false,true,true,false,false,0.03,0.01,0.01,0.02,--.--,--.--,0.15,0.17,9223372036854775808,0,--.--,--.--,--.--,--.--,--.--,0,0,0,0,37.4122944,-121.9985270,10SEG 88624 41081,0.7,1.1,313.7,3,10,--.--,--.--,,--.--,--.--,--.--,0,0,--.--,--.--,0,-0.0,-0.0,-26.6,0.0,-0.0,0.1,-0.0,-0.0,-26.5,0.0,-0.0,0.1,--.--,--.--,--.--,--.--,1.3,2.8,110.9,0.1,-0.7,0.3,288.15,--.--,--.--,0,0,0.0,0.0,0.0,0,0,0,--.--,--.--,--.--
2026-07-09 16:33:30.545,1.4,3.4,111,-0.1,0.0,0.3,0.0,0.7,0.000,-0.1,26.4,64.3,63.2,26.570,0.000,0.000,0.000,0.0,00:01:44,0.0,2.3,1,--.--,0,--.--,--.--,0000:32:26,84,0,0,1,1,15.30,-1.00,-90,--.--,50,--.--,--:--:--,1,-15.30,16:33:30,21:33:30,7/9/26,--.--,--.--,--.--,--.--,--.--,--.--,--.--,--.--,--.--,--.--,--.--,--.--,0,--.--,--.--,--.--,--.--,--.--,--.--,--.--,--.--,--.--,--.--,--.--,--.--,--.--,--.--,--.--,--.--,0,0.000,0.000,0.000,0.000,0.000,0.000,0.000,0.000,0.000,0.000,0.000,0.000,true,true,true,true,true,true,false,false,true,true,false,false,0.03,0.01,0.01,0.02,--.--,--.--,0.15,0.17,9223372036854775808,0,--.--,--.--,--.--,--.--,--.--,0,0,0,0,37.4122948,-121.9985272,10SEG 88624 41081,0.7,1.1,220.8,3,10,--.--,--.--,,--.--,--.--,--.--,0,0,--.--,--.--,0,-0.0,-0.0,-26.6,0.0,-0.0,0.1,-0.0,-0.0,-26.5,0.0,-0.0,0.1,--.--,--.--,--.--,--.--,1.3,3.3,111.2,-0.4,-0.5,0.3,288.15,--.--,--.--,0,0,0.0,0.0,0.0,0,0,0,--.--,--.--,--.--
2026-07-09 16:33:31.544,1.5,3.0,111,0.2,0.4,0.4,0.0,-1.2,0.000,-0.1,26.4,64.3,63.2,26.554,0.000,0.000,0.000,0.0,00:01:45,0.0,1.7,1,--.--,0,--.--,--.--,0000:32:26,84,0,0,1,1,15.30,-1.00,-91,--.--,50,--.--,--:--:--,1,-15.30,16:33:31,21:33:31,7/9/26,--.--,--.--,--.--,--.--,--.--,--.--,--.--,--.--,--.--,--.--,--.--,--.--,0,--.--,--.--,--.--,--.--,--.--,--.--,--.--,--.--,--.--,--.--,--.--,--.--,--.--,--.--,--.--,--.--,0,0.000,0.000,0.000,0.000,0.000,0.000,0.000,0.000,0.000,0.000,0.000,0.000,true,true,true,true,true,true,false,false,true,true,false,false,0.01,0.01,0.01,0.02,--.--,--.--,0.15,0.17,9223372036854775808,0,--.--,--.--,--.--,--.--,--.--,0,0,0,0,37.4122945,-121.9985274,10SEG 88624 41081,0.7,1.1,85.4,3,10,--.--,--.--,,--.--,--.--,--.--,0,0,--.--,--.--,0,-0.0,-0.0,-26.5,0.0,-0.0,0.1,-0.0,-0.0,-26.5,0.0,-0.0,0.1,--.--,--.--,--.--,--.--,1.5,3.1,111.6,-0.1,0.6,0.5,288.15,--.--,--.--,0,0,0.0,0.0,0.0,0,0,0,--.--,--.--,--.--
2026-07-09 16:33:32.545,1.2,3.4,111,0.1,-0.8,0.3,0.0,0.5,0.000,-0.1,26.4,64.3,63.2,26.553,0.000,0.000,0.000,0.0,00:01:46,0.0,1.7,1,--.--,0,--.--,--.--,0000:32:26,84,0,0,1,1,15.30,-1.00,-91,--.--,50,--.--,--:--:--,1,-15.30,16:33:32,21:33:32,7/9/26,--.--,--.--,--.--,--.--,--.--,--.--,--.--,--.--,--.--,--.--,--.--,--.--,0,--.--,--.--,--.--,--.--,--.--,--.--,--.--,--.--,--.--,--.--,--.--,--.--,--.--,--.--,--.--,--.--,0,0.000,0.000,0.000,0.000,0.000,0.000,0.000,0.000,0.000,0.000,0.000,0.000,true,true,true,true,true,true,false,false,true,true,false,false,0.01,0.01,0.01,0.02,--.--,--.--,0.15,0.17,9223372036854775808,0,--.--,--.--,--.--,--.--,--.--,0,0,0,0,37.4122945,-121.9985272,10SEG 88624 41081,0.7,1.1,245.7,3,10,--.--,--.--,,--.--,--.--,--.--,0,0,--.--,--.--,0,-0.0,-0.0,-26.5,0.0,-0.0,0.1,-0.0,-0.0,-26.5,0.0,-0.0,0.1,--.--,--.--,--.--,--.--,1.2,3.2,112.0,0.1,-1.1,0.2,288.15,--.--,--.--,0,0,0.0,0.0,0.0,0,0,0,--.--,--.--,--.--
2026-07-09 16:33:33.544,-8.2,-0.1,110,5.4,1.8,-4.1,0.8,1.7,0.000,0.2,26.4,64.4,63.2,26.582,0.000,0.000,0.000,0.0,00:01:47,0.3,0.2,1,--.--,0,--.--,--.--,0000:32:26,93,0,0,1,1,15.30,-1.00,-91,--.--,50,--.--,--:--:--,1,-15.30,16:33:33,21:33:33,7/9/26,--.--,--.--,--.--,--.--,--.--,--.--,--.--,--.--,--.--,--.--,--.--,--.--,0,--.--,--.--,--.--,--.--,--.--,--.--,--.--,--.--,--.--,--.--,--.--,--.--,--.--,--.--,--.--,--.--,0,0.000,0.000,0.000,0.000,0.000,0.000,0.000,0.000,0.000,0.000,0.000,0.000,true,true,true,true,true,true,false,false,true,true,false,false,0.06,0.00,0.01,0.26,--.--,--.--,0.15,0.17,9223372036854775808,0,--.--,--.--,--.--,--.--,--.--,0,0,0,0,37.4122955,-121.9985265,10SEG 88624 41081,0.7,1.1,33.0,3,10,--.--,--.--,,--.--,--.--,--.--,0,0,--.--,--.--,0,0.2,0.2,-26.6,0.6,0.8,-0.2,0.1,0.4,-26.5,0.2,1.7,0.1,--.--,--.--,--.--,--.--,-6.3,0.0,110.9,9.9,1.3,-4.9,288.15,--.--,--.--,0,0,0.0,0.0,0.0,0,0,0,--.--,--.--,--.--
2026-07-09 16:33:34.545,4.3,0.1,103,5.8,-0.1,-0.4,3.0,2.4,0.000,0.2,26.7,64.7,63.2,26.937,0.000,0.000,0.000,2.1,00:01:48,2.5,0.7,1,--.--,0,240,--.--,0000:32:26,95,0,0,1,1,15.30,-1.00,-91,--.--,50,--.--,--:--:--,1,-15.30,16:33:34,21:33:34,7/9/26,--.--,--.--,--.--,--.--,--.--,--.--,--.--,--.--,--.--,--.--,--.--,--.--,0,--.--,--.--,--.--,--.--,--.--,--.--,--.--,--.--,--.--,--.--,--.--,--.--,--.--,--.--,--.--,--.--,0,0.000,0.000,0.000,0.000,0.000,0.000,0.000,0.000,0.000,0.000,0.000,0.000,true,true,true,true,true,true,false,false,true,true,false,false,0.06,0.00,0.01,0.26,--.--,--.--,0.15,0.17,9223372036854775808,0,--.--,--.--,--.--,--.--,--.--,0,0,0,0,37.4123059,-121.9985098,10SEG 88626 41083,0.7,1.1,66.2,3,10,--.--,--.--,,--.--,--.--,--.--,0,0,--.--,--.--,0,1.3,2.1,-26.9,0.7,3.1,-0.1,0.5,2.9,-26.5,-0.1,4.7,0.4,--.--,--.--,--.--,--.--,5.0,-0.0,103.5,4.0,-0.5,0.1,288.15,--.--,--.--,0,0,0.0,0.0,0.0,0,0,0,--.--,--.--,--.--
2026-07-09 16:33:35.545,6.0,0.1,99,-1.1,0.0,1.0,4.8,4.5,0.000,-0.3,26.6,64.6,63.6,26.827,0.000,0.000,0.000,6.1,00:01:49,6.5,1.3,1,--.--,0,253,--.--,0000:32:26,90,0,0,1,1,15.30,-1.00,-92,--.--,50,--.--,--:--:--,1,-15.30,16:33:35,21:33:35,7/9/26,--.--,--.--,--.--,--.--,--.--,--.--,--.--,--.--,--.--,--.--,--.--,--.--,0,--.--,--.--,--.--,--.--,--.--,--.--,--.--,--.--,--.--,--.--,--.--,--.--,--.--,--.--,--.--,--.--,0,0.000,0.000,0.000,0.000,0.000,0.000,0.000,0.000,0.000,0.000,0.000,0.000,true,true,true,true,true,true,false,false,true,true,false,false,0.08,0.01,0.01,0.30,--.--,--.--,0.15,0.17,9223372036854775808,0,--.--,--.--,--.--,--.--,--.--,0,0,0,0,37.4123120,-121.9984681,10SEG 88630 41083,0.7,1.1,86.9,3,10,--.--,--.--,,--.--,--.--,--.--,0,0,--.--,--.--,0,1.9,6.2,-26.8,-0.1,4.9,0.4,1.0,6.5,-26.5,0.1,5.2,0.3,--.--,--.--,--.--,--.--,5.2,-0.0,99.7,-4.4,-0.2,0.0,288.15,--.--,--.--,0,0,0.0,0.0,0.0,0,0,0,--.--,--.--,--.--
2026-07-09 16:33:36.544,-5.3,0.1,98,5.9,-0.1,-0.1,5.6,5.3,0.000,-0.3,26.2,64.2,63.6,26.423,0.000,0.000,0.000,10.1,00:01:50,11.7,2.0,1,--.--,0,260,--.--,0000:32:26,85,0,0,1,1,15.30,-1.00,-92,--.--,50,--.--,--:--:--,1,-15.30,16:33:36,21:33:36,7/9/26,--.--,--.--,--.--,--.--,--.--,--.--,--.--,--.--,--.--,--.--,--.--,--.--,0,--.--,--.--,--.--,--.--,--.--,--.--,--.--,--.--,--.--,--.--,--.--,--.--,--.--,--.--,--.--,--.--,0,0.000,0.000,0.000,0.000,0.000,0.000,0.000,0.000,0.000,0.000,0.000,0.000,true,true,true,true,true,true,false,false,true,true,false,false,0.08,0.01,0.01,0.30,--.--,--.--,0.15,0.17,9223372036854775808,0,--.--,--.--,--.--,--.--,--.--,0,0,0,0,37.4123127,-121.9984115,10SEG 88635 41083,0.7,1.1,87.7,3,10,--.--,--.--,,--.--,--.--,--.--,0,0,--.--,--.--,0,1.9,11.5,-26.4,0.3,5.7,0.3,1.8,11.3,-26.5,0.6,4.8,-0.1,--.--,--.--,--.--,--.--,-3.3,-0.0,98.9,10.1,-0.3,-0.0,288.15,--.--,--.--,0,0,0.0,0.0,0.0,0,0,0,--.--,--.--,--.--
2026-07-09 16:33:37.544,2.0,13.1,98,-5.6,-20.6,-0.8,4.9,5.1,0.000,-0.0,26.1,64.1,63.2,26.316,0.000,0.000,0.000,16.3,00:01:51,17.0,3.4,1,--.--,0,261,--.--,0000:32:26,84,0,0,1,1,15.30,-1.00,-92,--.--,50,--.--,--:--:--,1,-15.30,16:33:37,21:33:37,7/9/26,--.--,--.--,--.--,--.--,--.--,--.--,--.--,--.--,--.--,--.--,--.--,--.--,0,--.--,--.--,--.--,--.--,--.--,--.--,--.--,--.--,--.--,--.--,--.--,--.--,--.--,--.--,--.--,--.--,0,0.000,0.000,0.000,0.000,0.000,0.000,0.000,0.000,0.000,0.000,0.000,0.000,true,true,true,true,true,true,false,false,true,true,false,false,0.11,0.01,0.00,0.22,--.--,--.--,0.15,0.17,9223372036854775808,0,--.--,--.--,--.--,--.--,--.--,0,0,0,0,37.4123169,-121.9983492,10SEG 88640 41084,0.7,1.1,83.7,3,10,--.--,--.--,,--.--,--.--,--.--,0,0,--.--,--.--,0,2.6,16.8,-26.3,0.7,4.7,0.0,2.5,16.3,-26.5,0.7,4.5,-0.2,--.--,--.--,--.--,--.--,0.7,5.0,98.2,-7.1,-33.7,0.4,288.15,--.--,--.--,0,0,0.0,0.0,0.0,0,0,0,--.--,--.--,--.--
2026-07-09 16:33:38.544,-1.3,0.1,96,4.8,3.6,-0.2,4.7,4.7,0.000,0.1,26.1,64.1,63.1,26.335,0.000,0.000,0.000,20.4,00:01:52,21.3,4.5,1,--.--,0,261,--.--,0000:32:26,85,0,0,1,1,15.30,-1.00,-92,--.--,50,--.--,--:--:--,1,-15.30,16:33:38,21:33:38,7/9/26,--.--,--.--,--.--,--.--,--.--,--.--,--.--,--.--,--.--,--.--,--.--,--.--,0,--.--,--.--,--.--,--.--,--.--,--.--,--.--,--.--,--.--,--.--,--.--,--.--,--.--,--.--,--.--,--.--,0,0.000,0.000,0.000,0.000,0.000,0.000,0.000,0.000,0.000,0.000,0.000,0.000,true,true,true,true,true,true,false,false,true,true,false,false,0.11,0.01,0.00,0.22,--.--,--.--,0.15,0.17,9223372036854775808,0,--.--,--.--,--.--,--.--,--.--,0,0,0,0,37.4123220,-121.9982995,10SEG 88644 41084,0.7,1.1,81.2,3,10,--.--,--.--,,--.--,--.--,--.--,0,0,--.--,--.--,0,3.2,21.0,-26.3,0.9,4.7,-0.1,3.3,21.2,-26.5,0.8,5.1,-0.2,--.--,--.--,--.--,--.--,-0.4,-0.0,96.8,5.0,-0.2,0.0,288.15,--.--,--.--,0,0,0.0,0.0,0.0,0,0,0,--.--,--.--,--.--
2026-07-09 16:33:39.545,1.8,0.0,96,-2.5,0.1,-0.1,5.2,4.9,0.000,0.0,26.2,64.2,63.1,26.391,0.000,0.000,0.000,26.5,00:01:53,26.3,5.0,1,--.--,0,261,--.--,0000:32:26,84,0,0,1,1,15.30,-1.00,-93,--.--,50,--.--,--:--:--,1,-15.30,16:33:39,21:33:39,7/9/26,--.--,--.--,--.--,--.--,--.--,--.--,--.--,--.--,--.--,--.--,--.--,--.--,0,--.--,--.--,--.--,--.--,--.--,--.--,--.--,--.--,--.--,--.--,--.--,--.--,--.--,--.--,--.--,--.--,0,0.000,0.000,0.000,0.000,0.000,0.000,0.000,0.000,0.000,0.000,0.000,0.000,true,true,true,true,true,true,false,false,true,true,false,false,0.04,0.01,0.00,0.17,--.--,--.--,0.15,0.17,9223372036854775808,0,--.--,--.--,--.--,--.--,--.--,0,0,0,0,37.4123292,-121.9982451,10SEG 88649 41085,0.7,1.1,81.8,3,10,--.--,--.--,,--.--,--.--,--.--,0,0,--.--,--.--,0,4.0,26.0,-26.4,0.8,5.1,-0.0,4.0,26.1,-26.5,0.8,5.0,-0.1,--.--,--.--,--.--,--.--,1.1,-0.0,96.5,-3.4,-0.1,0.0,288.15,--.--,--.--,0,0,0.0,0.0,0.0,0,0,0,--.--,--.--,--.--
2026-07-09 16:33:40.545,0.7,8.0,96,1.5,15.6,-0.5,5.3,5.1,0.000,0.1,26.2,64.2,63.2,26.419,0.000,0.000,0.000,30.6,00:01:54,31.6,5.9,1,--.--,0,261,--.--,0000:32:26,84,0,0,1,1,15.30,-1.00,-93,--.--,50,--.--,--:--:--,1,-15.30,16:33:40,21:33:40,7/9/26,--.--,--.--,--.--,--.--,--.--,--.--,--.--,--.--,--.--,--.--,--.--,--.--,0,--.--,--.--,--.--,--.--,--.--,--.--,--.--,--.--,--.--,--.--,--.--,--.--,--.--,--.--,--.--,--.--,0,0.000,0.000,0.000,0.000,0.000,0.000,0.000,0.000,0.000,0.000,0.000,0.000,true,true,true,true,true,true,false,false,true,true,false,false,0.04,0.01,0.00,0.17,--.--,--.--,0.15,0.17,9223372036854775808,0,--.--,--.--,--.--,--.--,--.--,0,0,0,0,37.4123358,-121.9981850,10SEG 88655 41086,0.7,1.1,82.1,3,10,--.--,--.--,,--.--,--.--,--.--,0,0,--.--,--.--,0,4.7,31.3,-26.4,0.8,5.2,-0.1,4.8,31.0,-26.5,0.9,4.7,-0.1,--.--,--.--,--.--,--.--,0.9,8.9,96.2,0.8,4.7,-0.0,288.15,--.--,--.--,0,0,0.0,0.0,0.0,0,0,0,--.--,--.--,--.--
2026-07-09 16:33:41.545,0.7,-1.0,95,-1.0,0.7,-0.2,4.7,4.4,0.000,0.0,26.2,64.2,63.2,26.440,0.000,0.000,0.000,34.7,00:01:55,36.4,7.7,1,--.--,0,261,--.--,0000:32:26,84,0,0,1,1,15.30,-1.00,-93,--.--,50,--.--,--:--:--,1,-15.30,16:33:41,21:33:41,7/9/26,--.--,--.--,--.--,--.--,--.--,--.--,--.--,--.--,--.--,--.--,--.--,--.--,0,--.--,--.--,--.--,--.--,--.--,--.--,--.--,--.--,--.--,--.--,--.--,--.--,--.--,--.--,--.--,--.--,0,0.000,0.000,0.000,0.000,0.000,0.000,0.000,0.000,0.000,0.000,0.000,0.000,true,true,true,true,true,true,false,false,true,true,false,false,0.03,0.01,0.00,0.14,--.--,--.--,0.15,0.17,9223372036854775808,0,--.--,--.--,--.--,--.--,--.--,0,0,0,0,37.4123423,-121.9981309,10SEG 88659 41087,0.7,1.1,80.6,3,10,--.--,--.--,,--.--,--.--,--.--,0,0,--.--,--.--,0,5.5,35.9,-26.4,0.8,4.7,-0.0,5.6,36.0,-26.5,0.8,5.0,-0.1,--.--,--.--,--.--,--.--,0.5,-0.0,95.4,-1.3,3.9,-0.0,288.15,--.--,--.--,0,0,0.0,0.0,0.0,0,0,0,--.--,--.--,--.--
2026-07-09 16:33:42.544,1.6,0.2,95,1.7,2.1,-0.1,5.1,5.0,0.000,0.0,26.3,64.2,63.2,26.452,0.000,0.000,0.000,40.8,00:01:56,41.4,8.0,1,--.--,0,261,--.--,0000:32:26,84,0,0,1,1,15.30,-1.00,-93,--.--,50,--.--,--:--:--,1,-15.30,16:33:42,21:33:42,7/9/26,--.--,--.--,--.--,--.--,--.--,--.--,--.--,--.--,--.--,--.--,--.--,--.--,0,--.--,--.--,--.--,--.--,--.--,--.--,--.--,--.--,--.--,--.--,--.--,--.--,--.--,--.--,--.--,--.--,0,0.000,0.000,0.000,0.000,0.000,0.000,0.000,0.000,0.000,0.000,0.000,0.000,true,true,true,true,true,true,false,false,true,true,false,false,0.03,0.01,0.00,0.14,--.--,--.--,0.15,0.17,9223372036854775808,0,--.--,--.--,--.--,--.--,--.--,0,0,0,0,37.4123499,-121.9980759,10SEG 88664 41088,0.7,1.1,80.9,3,10,--.--,--.--,,--.--,--.--,--.--,0,0,--.--,--.--,0,6.3,40.9,-26.4,0.8,5.1,-0.0,6.3,40.9,-26.5,0.8,4.9,-0.1,--.--,--.--,--.--,--.--,1.7,1.2,95.3,0.4,4.1,-0.0,288.15,--.--,--.--,0,0,0.0,0.0,0.0,0,0,0,--.--,--.--,--.--
2026-07-09 16:33:43.545,0.9,4.8,95,-0.0,-12.5,-0.2,4.9,5.0,0.000,0.0,26.3,64.3,61.2,26.485,0.000,0.000,0.000,44.9,00:01:57,46.5,9.5,1,--.--,0,261,--.--,0000:32:26,83,0,0,1,1,15.30,-1.00,-94,--.--,50,--.--,--:--:--,1,-15.30,16:33:43,21:33:43,7/9/26,--.--,--.--,--.--,--.--,--.--,--.--,--.--,--.--,--.--,--.--,--.--,--.--,0,--.--,--.--,--.--,--.--,--.--,--.--,--.--,--.--,--.--,--.--,--.--,--.--,--.--,--.--,--.--,--.--,0,0.000,0.000,0.000,0.000,0.000,0.000,0.000,0.000,0.000,0.000,0.000,0.000,true,true,true,true,true,true,false,false,true,true,false,false,0.02,0.00,0.00,0.08,--.--,--.--,0.15,0.17,9223372036854775808,0,--.--,--.--,--.--,--.--,--.--,0,0,0,0,37.4123569,-121.9980173,10SEG 88669 41089,0.7,1.1,80.9,3,10,--.--,--.--,,--.--,--.--,--.--,0,0,--.--,--.--,0,7.1,45.9,-26.5,0.8,4.7,-0.0,7.1,45.8,-26.5,0.8,4.9,-0.0,--.--,--.--,--.--,--.--,0.9,1.1,95.2,-0.1,-15.7,0.1,288.15,--.--,--.--,0,0,0.0,0.0,0.0,0,0,0,--.--,--.--,--.--
2026-07-09 16:33:44.545,1.1,0.3,95,-0.6,3.6,-0.1,5.0,4.7,0.000,0.0,26.3,64.3,61.3,26.494,0.000,0.000,0.000,51.0,00:01:58,51.4,10.2,1,--.--,0,261,--.--,0000:32:26,84,0,0,1,1,15.30,-1.00,-94,--.--,50,--.--,--:--:--,1,-15.30,16:33:44,21:33:44,7/9/26,--.--,--.--,--.--,--.--,--.--,--.--,--.--,--.--,--.--,--.--,--.--,--.--,0,--.--,--.--,--.--,--.--,--.--,--.--,--.--,--.--,--.--,--.--,--.--,--.--,--.--,--.--,--.--,--.--,0,0.000,0.000,0.000,0.000,0.000,0.000,0.000,0.000,0.000,0.000,0.000,0.000,true,true,true,true,true,true,false,false,true,true,false,false,0.02,0.00,0.00,0.08,--.--,--.--,0.15,0.17,9223372036854775808,0,--.--,--.--,--.--,--.--,--.--,0,0,0,0,37.4123643,-121.9979633,10SEG 88674 41090,0.7,1.1,81.5,3,10,--.--,--.--,,--.--,--.--,--.--,0,0,--.--,--.--,0,7.8,50.8,-26.5,0.8,5.0,-0.0,7.9,50.8,-26.5,0.8,5.0,-0.0,--.--,--.--,--.--,--.--,0.9,1.0,95.1,-1.1,2.8,-0.0,288.15,--.--,--.--,0,0,0.0,0.0,0.0,0,0,0,--.--,--.--,--.--
2026-07-09 16:33:45.545,1.3,3.2,95,0.8,-6.3,-0.1,4.9,5.1,0.000,0.0,26.3,64.3,61.3,26.507,0.000,0.000,0.000,55.1,00:01:59,56.4,11.3,1,--.--,0,261,--.--,0000:32:26,83,0,0,1,1,15.30,-1.00,-95,--.--,50,--.--,--:--:--,1,-15.30,16:33:45,21:33:45,7/9/26,--.--,--.--,--.--,--.--,--.--,--.--,--.--,--.--,--.--,--.--,--.--,--.--,0,--.--,--.--,--.--,--.--,--.--,--.--,--.--,--.--,--.--,--.--,--.--,--.--,--.--,--.--,--.--,--.--,0,0.000,0.000,0.000,0.000,0.000,0.000,0.000,0.000,0.000,0.000,0.000,0.000,true,true,true,true,true,true,false,false,true,true,false,false,0.01,0.01,0.00,0.06,--.--,--.--,0.15,0.17,9223372036854775808,0,--.--,--.--,--.--,--.--,--.--,0,0,0,0,37.4123710,-121.9979074,10SEG 88679 41090,0.7,1.1,80.5,3,10,--.--,--.--,,--.--,--.--,--.--,0,0,--.--,--.--,0,8.6,55.7,-26.5,0.8,4.9,-0.0,8.6,55.7,-26.5,0.8,4.9,-0.0,--.--,--.--,--.--,--.--,1.3,1.2,95.0,0.1,-8.3,0.1,288.15,--.--,--.--,0,0,0.0,0.0,0.0,0,0,0,--.--,--.--,--.--
2026-07-09 16:33:46.545,2.5,2.4,94,15.6,8.5,-0.3,5.0,4.8,0.000,0.0,26.3,64.3,61.3,26.516,0.000,0.000,0.000,61.2,00:02:00,61.4,12.1,1,--.--,0,261,--.--,0000:32:26,84,0,0,1,1,15.30,-1.00,-95,--.--,50,--.--,--:--:--,1,-15.30,16:33:46,21:33:46,7/9/26,--.--,--.--,--.--,--.--,--.--,--.--,--.--,--.--,--.--,--.--,--.--,--.--,0,--.--,--.--,--.--,--.--,--.--,--.--,--.--,--.--,--.--,--.--,--.--,--.--,--.--,--.--,--.--,--.--,0,0.000,0.000,0.000,0.000,0.000,0.000,0.000,0.000,0.000,0.000,0.000,0.000,true,true,true,true,true,true,false,false,true,true,false,false,0.01,0.01,0.00,0.06,--.--,--.--,0.15,0.17,9223372036854775808,0,--.--,--.--,--.--,--.--,--.--,0,0,0,0,37.4123775,-121.9978528,10SEG 88684 41091,0.7,1.1,81.2,3,10,--.--,--.--,,--.--,--.--,--.--,0,0,--.--,--.--,0,9.4,60.6,-26.5,0.7,5.0,-0.0,9.4,60.5,-26.5,0.6,4.9,-0.0,--.--,--.--,--.--,--.--,7.4,3.2,94.5,25.8,3.2,-4.8,288.15,--.--,--.--,0,0,0.0,0.0,0.0,0,0,0,--.--,--.--,--.--
2026-07-09 16:33:47.545,-2.6,0.7,87,6.3,-2.4,-15.0,4.9,5.2,0.000,-0.0,26.3,64.3,61.3,26.529,0.000,0.000,0.000,65.5,00:02:01,66.2,13.5,1,--.--,0,261,--.--,0000:32:26,83,0,0,1,1,15.30,-1.00,-95,--.--,50,--.--,--:--:--,1,-15.30,16:33:47,21:33:47,7/9/26,--.--,--.--,--.--,--.--,--.--,--.--,--.--,--.--,--.--,--.--,--.--,--.--,0,--.--,--.--,--.--,--.--,--.--,--.--,--.--,--.--,--.--,--.--,--.--,--.--,--.--,--.--,--.--,--.--,0,0.000,0.000,0.000,0.000,0.000,0.000,0.000,0.000,0.000,0.000,0.000,0.000,true,true,true,true,true,true,false,false,true,true,false,false,0.01,0.01,0.00,0.10,--.--,--.--,0.15,0.17,9223372036854775808,0,--.--,--.--,--.--,--.--,--.--,0,0,0,0,37.4123826,-121.9977961,10SEG 88689 41092,0.7,1.1,84.7,3,10,--.--,--.--,,--.--,--.--,--.--,0,0,--.--,--.--,0,9.8,65.5,-26.5,0.5,4.9,0.0,9.9,65.4,-26.5,0.5,5.0,0.0,--.--,--.--,--.--,--.--,-0.7,0.0,85.0,10.1,-2.5,-9.4,288.15,--.--,--.--,0,0,0.0,0.0,0.0,0,0,0,--.--,--.--,--.--
2026-07-09 16:33:48.545,2.1,3.8,79,-6.1,0.1,1.9,5.0,5.0,0.000,-0.0,26.3,64.3,61.3,26.522,0.000,0.000,0.000,71.5,00:02:02,71.3,14.1,1,--.--,0,262,--.--,0000:32:26,83,0,0,1,1,15.30,-1.00,-95,--.--,50,--.--,--:--:--,1,-15.30,16:33:48,21:33:48,7/9/26,--.--,--.--,--.--,--.--,--.--,--.--,--.--,--.--,--.--,--.--,--.--,--.--,0,--.--,--.--,--.--,--.--,--.--,--.--,--.--,--.--,--.--,--.--,--.--,--.--,--.--,--.--,--.--,--.--,0,0.000,0.000,0.000,0.000,0.000,0.000,0.000,0.000,0.000,0.000,0.000,0.000,true,true,true,true,true,true,false,false,true,true,false,false,0.01,0.01,0.00,0.10,--.--,--.--,0.15,0.17,9223372036854775808,0,--.--,--.--,--.--,--.--,--.--,0,0,0,0,37.4123876,-121.9977403,10SEG 88694 41092,0.7,1.1,85.2,3,10,--.--,--.--,,--.--,--.--,--.--,0,0,--.--,--.--,0,10.4,70.5,-26.5,0.4,5.0,0.0,10.4,70.4,-26.5,0.5,4.9,0.0,--.--,--.--,--.--,--.--,1.0,2.7,84.4,-7.3,-4.2,7.5,288.15,--.--,--.--,0,0,0.0,0.0,0.0,0,0,0,--.--,--.--,--.--
2026-07-09 16:33:49.545,0.7,1.1,85,3.3,2.2,4.5,5.0,4.5,0.000,-0.0,26.3,64.3,61.3,26.517,0.000,0.000,0.000,75.7,00:02:03,76.2,15.2,1,--.--,0,262,--.--,0000:32:26,83,0,0,1,1,15.30,-1.00,-96,--.--,50,--.--,--:--:--,1,-15.30,16:33:49,21:33:49,7/9/26,--.--,--.--,--.--,--.--,--.--,--.--,--.--,--.--,--.--,--.--,--.--,--.--,0,--.--,--.--,--.--,--.--,--.--,--.--,--.--,--.--,--.--,--.--,--.--,--.--,--.--,--.--,--.--,--.--,0,0.000,0.000,0.000,0.000,0.000,0.000,0.000,0.000,0.000,0.000,0.000,0.000,true,true,true,true,true,true,false,false,true,true,false,false,0.01,0.00,0.00,0.10,--.--,--.--,0.15,0.17,9223372036854775808,0,--.--,--.--,--.--,--.--,--.--,0,0,0,0,37.4123914,-121.9976855,10SEG 88699 41093,0.7,1.1,84.2,3,10,--.--,--.--,,--.--,--.--,--.--,0,0,--.--,--.--,0,10.9,75.4,-26.5,0.5,5.0,0.0,10.9,75.4,-26.5,0.5,5.0,0.0,--.--,--.--,--.--,--.--,1.4,1.4,84.4,3.5,1.2,-0.9,288.15,--.--,--.--,0,0,0.0,0.0,0.0,0,0,0,--.--,--.--,--.--
2026-07-09 16:33:50.545,0.8,2.2,85,-1.7,-2.6,-1.9,5.0,5.0,0.000,-0.0,26.3,64.3,61.3,26.517,0.000,0.000,0.000,79.8,00:02:04,81.2,16.2,1,--.--,0,262,--.--,0000:32:26,83,0,0,1,1,15.30,-1.00,-96,--.--,50,--.--,--:--:--,1,-15.30,16:33:50,21:33:50,7/9/26,--.--,--.--,--.--,--.--,--.--,--.--,--.--,--.--,--.--,--.--,--.--,--.--,0,--.--,--.--,--.--,--.--,--.--,--.--,--.--,--.--,--.--,--.--,--.--,--.--,--.--,--.--,--.--,--.--,0,0.000,0.000,0.000,0.000,0.000,0.000,0.000,0.000,0.000,0.000,0.000,0.000,true,true,true,true,true,true,false,false,true,true,false,false,0.01,0.00,0.00,0.10,--.--,--.--,0.15,0.17,9223372036854775808,0,--.--,--.--,--.--,--.--,--.--,0,0,0,0,37.4123957,-121.9976274,10SEG 88704 41093,0.7,1.1,84.9,3,10,--.--,--.--,,--.--,--.--,--.--,0,0,--.--,--.--,0,11.3,80.4,-26.5,0.5,5.0,0.0,11.3,80.4,-26.5,0.5,5.0,0.0,--.--,--.--,--.--,--.--,0.5,1.2,84.4,-1.2,-4.6,-2.5,288.15,--.--,--.--,0,0,0.0,0.0,0.0,0,0,0,--.--,--.--,--.--
2026-07-09 16:33:51.545,1.3,2.4,83,1.6,3.3,-1.0,5.1,5.0,0.000,0.0,26.3,64.3,61.3,26.504,0.000,0.000,0.000,86.0,00:02:05,86.2,17.0,1,--.--,0,262,--.--,0000:32:26,84,0,0,1,1,15.30,-1.00,-96,--.--,50,--.--,--:--:--,1,-15.30,16:33:51,21:33:51,7/9/26,--.--,--.--,--.--,--.--,--.--,--.--,--.--,--.--,--.--,--.--,--.--,--.--,0,--.--,--.--,--.--,--.--,--.--,--.--,--.--,--.--,--.--,--.--,--.--,--.--,--.--,--.--,--.--,--.--,0,0.000,0.000,0.000,0.000,0.000,0.000,0.000,0.000,0.000,0.000,0.000,0.000,true,true,true,true,true,true,false,false,true,true,false,false,0.01,0.01,0.00,0.05,--.--,--.--,0.15,0.17,9223372036854775808,0,--.--,--.--,--.--,--.--,--.--,0,0,0,0,37.4124007,-121.9975717,10SEG 88709 41094,0.7,1.1,83.9,3,10,--.--,--.--,,--.--,--.--,--.--,0,0,--.--,--.--,0,11.8,85.3,-26.5,0.5,5.0,-0.0,11.8,85.3,-26.5,0.5,5.0,-0.0,--.--,--.--,--.--,--.--,1.5,2.5,84.4,1.1,0.6,0.6,288.15,--.--,--.--,0,0,0.0,0.0,0.0,0,0,0,--.--,--.--,--.--
2026-07-09 16:33:52.545,0.9,1.8,84,-0.8,-1.9,0.8,5.0,4.7,0.000,-0.0,26.3,64.3,61.3,26.504,0.000,0.000,0.000,90.1,00:02:06,91.2,18.3,1,--.--,0,262,--.--,0000:32:26,83,0,0,1,1,15.30,-1.00,-96,--.--,50,--.--,--:--:--,1,-15.30,16:33:52,21:33:52,7/9/26,--.--,--.--,--.--,--.--,--.--,--.--,--.--,--.--,--.--,--.--,--.--,--.--,0,--.--,--.--,--.--,--.--,--.--,--.--,--.--,--.--,--.--,--.--,--.--,--.--,--.--,--.--,--.--,--.--,0,0.000,0.000,0.000,0.000,0.000,0.000,0.000,0.000,0.000,0.000,0.000,0.000,true,true,true,true,true,true,false,false,true,true,false,false,0.01,0.01,0.00,0.05,--.--,--.--,0.15,0.17,9223372036854775808,0,--.--,--.--,--.--,--.--,--.--,0,0,0,0,37.4124049,-121.9975160,10SEG 88714 41094,0.7,1.1,84.7,3,10,--.--,--.--,,--.--,--.--,--.--,0,0,--.--,--.--,0,12.3,90.3,-26.5,0.5,4.9,0.0,12.3,90.3,-26.5,0.5,5.0,0.0,--.--,--.--,--.--,--.--,0.8,1.1,84.4,-0.5,-2.6,0.5,288.15,--.--,--.--,0,0,0.0,0.0,0.0,0,0,0,--.--,--.--,--.--
2026-07-09 16:33:53.544,0.8,2.1,84,0.3,1.0,0.1,5.0,5.2,0.000,-0.0,26.3,64.3,61.3,26.512,0.000,0.000,0.000,96.3,00:02:07,96.2,19.0,1,--.--,0,262,--.--,0000:32:26,84,0,0,1,1,15.30,-1.00,-97,--.--,50,--.--,--:--:--,1,-15.30,16:33:53,21:33:53,7/9/26,--.--,--.--,--.--,--.--,--.--,--.--,--.--,--.--,--.--,--.--,--.--,--.--,0,--.--,--.--,--.--,--.--,--.--,--.--,--.--,--.--,--.--,--.--,--.--,--.--,--.--,--.--,--.--,--.--,0,0.000,0.000,0.000,0.000,0.000,0.000,0.000,0.000,0.000,0.000,0.000,0.000,true,true,true,true,true,true,false,false,true,true,false,false,0.01,0.00,0.00,0.04,--.--,--.--,0.15,0.17,9223372036854775808,0,--.--,--.--,--.--,--.--,--.--,0,0,0,0,37.4124091,-121.9974589,10SEG 88719 41095,0.7,1.1,84.6,3,10,--.--,--.--,,--.--,--.--,--.--,0,0,--.--,--.--,0,12.8,95.3,-26.5,0.5,5.0,0.0,12.8,95.3,-26.5,0.5,5.0,0.0,--.--,--.--,--.--,--.--,0.9,1.8,84.4,0.5,-1.2,-0.4,288.15,--.--,--.--,0,0,0.0,0.0,0.0,0,0,0,--.--,--.--,--.--
2026-07-09 16:33:54.545,1.2,1.8,84,-0.3,-0.9,-0.3,5.0,5.2,0.000,-0.0,26.3,64.3,63.3,26.524,0.000,0.000,0.000,100.4,00:02:08,101.2,20.1,1,--.--,0,262,--.--,0000:32:26,84,0,0,1,1,15.30,-1.00,-97,--.--,50,--.--,--:--:--,1,-15.30,16:33:54,21:33:54,7/9/26,--.--,--.--,--.--,--.--,--.--,--.--,--.--,--.--,--.--,--.--,--.--,--.--,0,--.--,--.--,--.--,--.--,--.--,--.--,--.--,--.--,--.--,--.--,--.--,--.--,--.--,--.--,--.--,--.--,0,0.000,0.000,0.000,0.000,0.000,0.000,0.000,0.000,0.000,0.000,0.000,0.000,true,true,true,true,true,true,false,false,true,true,false,false,0.01,0.00,0.00,0.04,--.--,--.--,0.15,0.17,9223372036854775808,0,--.--,--.--,--.--,--.--,--.--,0,0,0,0,37.4124135,-121.9974029,10SEG 88724 41095,0.7,1.1,84.4,3,10,--.--,--.--,,--.--,--.--,--.--,0,0,--.--,--.--,0,13.3,100.2,-26.5,0.5,5.0,0.0,13.3,100.3,-26.5,0.5,5.0,0.0,--.--,--.--,--.--,--.--,1.1,1.3,84.4,-0.5,-2.2,-0.0,288.15,--.--,--.--,0,0,0.0,0.0,0.0,0,0,0,--.--,--.--,--.--
2026-07-09 16:33:55.545,1.3,2.4,84,0.7,0.3,0.1,5.0,5.0,0.000,-0.0,26.3,64.3,63.3,26.528,0.000,0.000,0.000,106.5,00:02:09,106.2,21.0,1,--.--,0,263,--.--,0000:32:26,83,0,0,1,1,15.30,-1.00,-97,--.--,50,--.--,--:--:--,1,-15.30,16:33:55,21:33:55,7/9/26,--.--,--.--,--.--,--.--,--.--,--.--,--.--,--.--,--.--,--.--,--.--,--.--,0,--.--,--.--,--.--,--.--,--.--,--.--,--.--,--.--,--.--,--.--,--.--,--.--,--.--,--.--,--.--,--.--,0,0.000,0.000,0.000,0.000,0.000,0.000,0.000,0.000,0.000,0.000,0.000,0.000,true,true,true,true,true,true,false,false,true,true,false,false,0.02,0.01,0.00,0.03,--.--,--.--,0.15,0.17,9223372036854775808,0,--.--,--.--,--.--,--.--,--.--,0,0,0,0,37.4124188,-121.9973471,10SEG 88729 41096,0.7,1.1,84.1,3,10,--.--,--.--,,--.--,--.--,--.--,0,0,--.--,--.--,0,13.8,105.2,-26.5,0.5,5.0,0.0,13.8,105.3,-26.5,0.5,5.0,0.0,--.--,--.--,--.--,--.--,1.4,1.9,84.4,0.4,2.5,0.1,288.15,--.--,--.--,0,0,0.0,0.0,0.0,0,0,0,--.--,--.--,--.--
2026-07-09 16:33:56.545,0.6,17.7,84,0.1,-11.5,-0.1,3.9,3.8,0.000,-0.0,26.4,64.4,63.4,26.588,0.000,0.000,0.000,110.6,00:02:10,110.8,28.1,1,--.--,0,263,--.--,0000:32:26,83,0,0,1,1,15.30,-1.00,-97,--.--,50,--.--,--:--:--,1,-15.30,16:33:56,21:33:56,7/9/26,--.--,--.--,--.--,--.--,--.--,--.--,--.--,--.--,--.--,--.--,--.--,--.--,0,--.--,--.--,--.--,--.--,--.--,--.--,--.--,--.--,--.--,--.--,--.--,--.--,--.--,--.--,--.--,--.--,0,0.000,0.000,0.000,0.000,0.000,0.000,0.000,0.000,0.000,0.000,0.000,0.000,true,true,true,true,true,true,false,false,true,true,false,false,0.02,0.01,0.00,0.03,--.--,--.--,0.15,0.17,9223372036854775808,0,--.--,--.--,--.--,--.--,--.--,0,0,0,0,37.4124223,-121.9972939,10SEG 88733 41097,0.7,1.1,84.9,3,10,--.--,--.--,,--.--,--.--,--.--,0,0,--.--,--.--,0,14.2,109.8,-26.6,0.4,3.7,0.1,14.2,109.8,-26.5,0.4,3.7,0.1,--.--,--.--,--.--,--.--,0.7,12.3,84.4,0.5,-22.4,-0.2,288.15,--.--,--.--,0,0,0.0,0.0,0.0,0,0,0,--.--,--.--,--.--
2026-07-09 16:33:57.545,0.5,5.9,83,-1.4,21.1,0.2,2.8,3.2,0.000,-0.1,26.4,64.3,63.4,26.558,0.000,0.000,0.000,112.7,00:02:11,113.7,41.1,1,--.--,0,263,--.--,0000:32:26,84,0,0,1,1,15.30,-1.00,-98,--.--,50,--.--,--:--:--,1,-15.30,16:33:57,21:33:57,7/9/26,--.--,--.--,--.--,--.--,--.--,--.--,--.--,--.--,--.--,--.--,--.--,--.--,0,--.--,--.--,--.--,--.--,--.--,--.--,--.--,--.--,--.--,--.--,--.--,--.--,--.--,--.--,--.--,--.--,0,0.000,0.000,0.000,0.000,0.000,0.000,0.000,0.000,0.000,0.000,0.000,0.000,true,true,true,true,true,true,false,false,true,true,false,false,0.04,0.01,0.01,0.33,--.--,--.--,0.15,0.17,9223372036854775808,0,--.--,--.--,--.--,--.--,--.--,0,0,0,0,37.4124243,-121.9972569,10SEG 88737 41097,0.7,1.1,85.4,3,10,--.--,--.--,,--.--,--.--,--.--,0,0,--.--,--.--,0,14.5,112.7,-26.6,0.3,2.7,0.1,14.6,112.8,-26.5,0.3,2.5,0.1,--.--,--.--,--.--,--.--,0.4,10.9,84.4,-1.1,21.5,0.6,288.15,--.--,--.--,0,0,0.0,0.0,0.0,0,0,0,--.--,--.--,--.--
2026-07-09 16:33:58.544,1.0,8.8,83,-3.0,-19.3,0.6,1.3,1.5,0.000,-0.1,26.4,64.4,63.3,26.586,0.000,0.000,0.000,114.7,00:02:12,115.7,88.8,1,--.--,0,263,--.--,0000:32:26,84,0,0,1,1,15.30,-1.00,-98,--.--,50,--.--,--:--:--,1,-15.30,16:33:58,21:33:58,7/9/26,--.--,--.--,--.--,--.--,--.--,--.--,--.--,--.--,--.--,--.--,--.--,--.--,0,--.--,--.--,--.--,--.--,--.--,--.--,--.--,--.--,--.--,--.--,--.--,--.--,--.--,--.--,--.--,--.--,0,0.000,0.000,0.000,0.000,0.000,0.000,0.000,0.000,0.000,0.000,0.000,0.000,true,true,true,true,true,true,false,false,true,true,false,false,0.04,0.01,0.01,0.33,--.--,--.--,0.15,0.17,9223372036854775808,0,--.--,--.--,--.--,--.--,--.--,0,0,0,0,37.4124265,-121.9972315,10SEG 88739 41097,0.7,1.1,86.2,3,10,--.--,--.--,,--.--,--.--,--.--,0,0,--.--,--.--,0,14.7,114.7,-26.6,0.1,1.2,0.1,14.7,114.7,-26.5,0.1,1.4,0.1,--.--,--.--,--.--,--.--,0.5,5.2,84.3,-3.0,-15.6,0.6,288.15,--.--,--.--,0,0,0.0,0.0,0.0,0,0,0,--.--,--.--,--.--
2026-07-09 16:33:59.544,-10.7,0.4,85,41.5,10.9,2.5,1.7,2.0,0.000,-0.2,26.4,64.4,63.3,26.621,0.000,0.000,0.000,116.7,00:02:13,117.0,66.8,1,--.--,0,263,--.--,0000:32:26,83,0,0,1,1,15.30,-1.00,-98,--.--,50,--.--,--:--:--,1,-15.30,16:33:59,21:33:59,7/9/26,--.--,--.--,--.--,--.--,--.--,--.--,--.--,--.--,--.--,--.--,--.--,--.--,0,--.--,--.--,--.--,--.--,--.--,--.--,--.--,--.--,--.--,--.--,--.--,--.--,--.--,--.--,--.--,--.--,0,0.000,0.000,0.000,0.000,0.000,0.000,0.000,0.000,0.000,0.000,0.000,0.000,true,true,true,true,true,true,false,false,true,true,false,false,0.08,0.00,0.01,--.--,--.--,--.--,0.15,0.17,9223372036854775808,0,--.--,--.--,--.--,--.--,--.--,0,0,0,0,37.4124289,-121.9972169,10SEG 88740 41097,0.7,1.1,51.6,3,10,--.--,--.--,,--.--,--.--,--.--,0,0,--.--,--.--,0,15.1,116.0,-26.6,1.4,1.3,0.2,--.--,--.--,-26.5,1.1,0.9,0.1,--.--,--.--,--.--,--.--,-1.9,6.4,84.8,48.1,24.2,2.5,288.15,--.--,--.--,0,0,0.0,0.0,0.0,0,0,0,--.--,--.--,--.--
2026-07-09 16:34:00.545,3.1,13.4,87,-11.0,-44.9,1.6,1.1,-1.4,0.000,-0.2,26.4,64.4,63.4,26.625,0.000,0.000,0.000,118.7,00:02:14,117.9,109.5,1,--.--,0,262,--.--,0000:32:26,83,0,0,1,1,15.30,-1.00,-98,--.--,50,--.--,--:--:--,1,-15.30,16:34:00,21:34:00,7/9/26,--.--,--.--,--.--,--.--,--.--,--.--,--.--,--.--,--.--,--.--,--.--,--.--,0,--.--,--.--,--.--,--.--,--.--,--.--,--.--,--.--,--.--,--.--,--.--,--.--,--.--,--.--,--.--,--.--,0,0.000,0.000,0.000,0.000,0.000,0.000,0.000,0.000,0.000,0.000,0.000,0.000,true,true,true,true,true,true,false,false,true,true,false,false,0.08,0.00,0.01,--.--,--.--,--.--,0.15,0.17,9223372036854775808,0,--.--,--.--,--.--,--.--,--.--,0,0,0,0,37.4124414,-121.9972062,10SEG 88741 41099,0.7,1.1,353.3,3,10,--.--,--.--,,--.--,--.--,--.--,0,0,--.--,--.--,0,16.5,116.7,-26.6,1.0,-0.4,0.2,--.--,--.--,-26.5,1.0,0.0,0.1,--.--,--.--,--.--,--.--,1.5,1.9,87.4,-9.3,-49.2,3.3,288.15,--.--,--.--,0,0,0.0,0.0,0.0,0,0,0,--.--,--.--,--.--
2026-07-09 16:34:01.545,0.5,0.5,89,1.0,2.1,3.1,1.0,1.7,0.000,-0.1,26.4,64.4,63.4,26.607,0.000,0.000,0.000,118.7,00:02:15,117.7,118.8,1,--.--,0,261,--.--,0000:32:26,84,0,0,1,1,15.30,-1.00,-99,--.--,50,--.--,--:--:--,1,-15.30,16:34:01,21:34:01,7/9/26,--.--,--.--,--.--,--.--,--.--,--.--,--.--,--.--,--.--,--.--,--.--,--.--,0,--.--,--.--,--.--,--.--,--.--,--.--,--.--,--.--,--.--,--.--,--.--,--.--,--.--,--.--,--.--,--.--,0,0.000,0.000,0.000,0.000,0.000,0.000,0.000,0.000,0.000,0.000,0.000,0.000,true,true,true,true,true,true,false,false,true,true,false,false,0.06,0.00,0.01,0.21,--.--,--.--,0.15,0.17,9223372036854775808,0,--.--,--.--,--.--,--.--,--.--,0,0,0,0,37.4124493,-121.9972088,10SEG 88741 41100,0.7,1.1,3.0,3,10,--.--,--.--,,--.--,--.--,--.--,0,0,--.--,--.--,0,17.4,116.4,-26.6,1.0,0.0,0.1,--.--,--.--,-26.5,1.0,0.4,0.1,--.--,--.--,--.--,--.--,0.7,0.0,89.1,1.0,-1.9,1.8,288.15,--.--,--.--,0,0,0.0,0.0,0.0,0,0,0,--.--,--.--,--.--
2026-07-09 16:34:02.544,1.4,3.3,91,0.3,22.8,1.0,1.2,0.8,0.000,-0.1,26.4,64.4,63.4,26.587,0.000,0.000,0.000,120.7,00:02:16,118.3,99.7,1,--.--,0,261,--.--,0000:32:26,84,0,0,1,1,15.30,-1.00,-99,--.--,50,--.--,--:--:--,1,-15.30,16:34:02,21:34:02,7/9/26,--.--,--.--,--.--,--.--,--.--,--.--,--.--,--.--,--.--,--.--,--.--,--.--,0,--.--,--.--,--.--,--.--,--.--,--.--,--.--,--.--,--.--,--.--,--.--,--.--,--.--,--.--,--.--,--.--,0,0.000,0.000,0.000,0.000,0.000,0.000,0.000,0.000,0.000,0.000,0.000,0.000,true,true,true,true,true,true,false,false,true,true,false,false,0.06,0.00,0.01,0.21,--.--,--.--,0.15,0.17,9223372036854775808,0,--.--,--.--,--.--,--.--,--.--,0,0,0,0,37.4124588,-121.9972052,10SEG 88741 41101,0.7,1.1,28.0,3,10,--.--,--.--,,--.--,--.--,--.--,0,0,--.--,--.--,0,18.4,116.9,-26.6,1.0,0.6,0.1,--.--,--.--,-26.5,1.0,-0.0,0.1,--.--,--.--,--.--,--.--,1.4,9.8,91.0,0.3,28.0,0.7,288.15,--.--,--.--,0,0,0.0,0.0,0.0,0,0,0,--.--,--.--,--.--
2026-07-09 16:34:03.545,1.5,2.2,92,0.0,-27.7,1.6,1.1,-1.5,0.000,-0.1,26.4,64.4,63.4,26.590,0.000,0.000,0.000,120.7,00:02:17,118.5,104.9,1,--.--,0,261,--.--,0000:32:26,84,0,0,1,1,15.30,-1.00,-100,--.--,50,--.--,--:--:--,1,-15.30,16:34:03,21:34:03,7/9/26,--.--,--.--,--.--,--.--,--.--,--.--,--.--,--.--,--.--,--.--,--.--,--.--,0,--.--,--.--,--.--,--.--,--.--,--.--,--.--,--.--,--.--,--.--,--.--,--.--,--.--,--.--,--.--,--.--,0,0.000,0.000,0.000,0.000,0.000,0.000,0.000,0.000,0.000,0.000,0.000,0.000,true,true,true,true,true,true,false,false,true,true,false,false,0.06,0.01,0.01,0.31,--.--,--.--,0.15,0.17,9223372036854775808,0,--.--,--.--,--.--,--.--,--.--,0,0,0,0,37.4124679,-121.9972035,10SEG 88741 41102,0.7,1.1,335.2,3,10,--.--,--.--,,--.--,--.--,--.--,0,0,--.--,--.--,0,19.5,116.9,-26.6,1.0,-0.5,0.1,--.--,--.--,-26.5,1.0,0.0,0.1,--.--,--.--,--.--,--.--,1.5,-0.0,93.0,-0.1,-11.1,3.0,288.15,--.--,--.--,0,0,0.0,0.0,0.0,0,0,0,--.--,--.--,--.--
2026-07-09 16:34:04.544,1.1,0.3,95,-0.2,-0.6,2.9,1.0,-0.4,0.000,-0.1,26.4,64.4,63.4,26.587,0.000,0.000,0.000,122.7,00:02:18,118.5,119.1,1,--.--,0,260,--.--,0000:32:26,84,0,0,1,1,15.30,-1.00,-100,--.--,50,--.--,--:--:--,1,-15.30,16:34:04,21:34:04,7/9/26,--.--,--.--,--.--,--.--,--.--,--.--,--.--,--.--,--.--,--.--,--.--,--.--,0,--.--,--.--,--.--,--.--,--.--,--.--,--.--,--.--,--.--,--.--,--.--,--.--,--.--,--.--,--.--,--.--,0,0.000,0.000,0.000,0.000,0.000,0.000,0.000,0.000,0.000,0.000,0.000,0.000,true,true,true,true,true,true,false,false,true,true,false,false,0.06,0.01,0.01,0.31,--.--,--.--,0.15,0.17,9223372036854775808,0,--.--,--.--,--.--,--.--,--.--,0,0,0,0,37.4124774,-121.9972058,10SEG 88741 41103,0.7,1.1,7.7,3,10,--.--,--.--,,--.--,--.--,--.--,0,0,--.--,--.--,0,20.5,116.7,-26.6,1.0,0.2,0.1,--.--,--.--,-26.5,1.0,0.3,0.1,--.--,--.--,--.--,--.--,1.2,0.0,94.9,0.3,-1.4,1.7,288.15,--.--,--.--,0,0,0.0,0.0,0.0,0,0,0,--.--,--.--,--.--
2026-07-09 16:34:05.545,1.7,7.2,97,0.1,20.4,1.1,1.1,-0.4,0.000,-0.1,26.4,64.3,63.4,26.570,0.000,0.000,0.000,122.7,00:02:19,119.2,107.6,1,--.--,0,260,--.--,0000:32:26,84,0,0,1,1,15.30,-1.00,-100,--.--,50,--.--,--:--:--,1,-15.30,16:34:05,21:34:05,7/9/26,--.--,--.--,--.--,--.--,--.--,--.--,--.--,--.--,--.--,--.--,--.--,--.--,0,--.--,--.--,--.--,--.--,--.--,--.--,--.--,--.--,--.--,--.--,--.--,--.--,--.--,--.--,--.--,--.--,0,0.000,0.000,0.000,0.000,0.000,0.000,0.000,0.000,0.000,0.000,0.000,0.000,true,true,true,true,true,true,false,false,true,true,false,false,0.04,0.01,0.01,0.16,--.--,--.--,0.15,0.17,9223372036854775808,0,--.--,--.--,--.--,--.--,--.--,0,0,0,0,37.4124867,-121.9972022,10SEG 88741 41104,0.7,1.1,23.4,3,10,--.--,--.--,,--.--,--.--,--.--,0,0,--.--,--.--,0,21.5,117.2,-26.6,1.0,0.5,0.1,--.--,--.--,-26.5,1.0,-0.0,0.1,--.--,--.--,--.--,--.--,1.7,10.3,96.9,0.1,13.8,1.0,288.15,--.--,--.--,0,0,0.0,0.0,0.0,0,0,0,--.--,--.--,--.--
2026-07-09 16:34:06.545,1.6,-0.9,98,-0.2,-4.0,2.1,1.0,-1.4,0.000,-0.1,26.4,64.3,63.4,26.576,0.000,0.000,0.000,124.8,00:02:20,119.3,114.3,1,--.--,0,259,--.--,0000:32:26,84,0,0,1,1,15.30,-1.00,-100,--.--,50,--.--,--:--:--,1,-15.30,16:34:06,21:34:06,7/9/26,--.--,--.--,--.--,--.--,--.--,--.--,--.--,--.--,--.--,--.--,--.--,--.--,0,--.--,--.--,--.--,--.--,--.--,--.--,--.--,--.--,--.--,--.--,--.--,--.--,--.--,--.--,--.--,--.--,0,0.000,0.000,0.000,0.000,0.000,0.000,0.000,0.000,0.000,0.000,0.000,0.000,true,true,true,true,true,true,false,false,true,true,false,false,0.04,0.01,0.01,0.16,--.--,--.--,0.15,0.17,9223372036854775808,0,--.--,--.--,--.--,--.--,--.--,0,0,0,0,37.4124960,-121.9972021,10SEG 88741 41105,0.7,1.1,347.4,3,10,--.--,--.--,,--.--,--.--,--.--,0,0,--.--,--.--,0,22.6,117.0,-26.6,1.0,-0.1,0.1,--.--,--.--,-26.5,1.0,0.3,0.1,--.--,--.--,--.--,--.--,1.6,-0.0,98.9,-0.3,3.4,3.0,288.15,--.--,--.--,0,0,0.0,0.0,0.0,0,0,0,--.--,--.--,--.--
2026-07-09 16:34:07.545,1.4,0.1,101,0.7,-0.5,2.3,1.0,1.0,0.000,-0.1,26.4,64.3,63.3,26.572,0.000,0.000,0.000,124.8,00:02:21,119.6,116.3,1,--.--,0,259,--.--,0000:32:26,84,0,0,1,1,15.30,-1.00,-101,--.--,50,--.--,--:--:--,1,-15.30,16:34:07,21:34:07,7/9/26,--.--,--.--,--.--,--.--,--.--,--.--,--.--,--.--,--.--,--.--,--.--,--.--,0,--.--,--.--,--.--,--.--,--.--,--.--,--.--,--.--,--.--,--.--,--.--,--.--,--.--,--.--,--.--,--.--,0,0.000,0.000,0.000,0.000,0.000,0.000,0.000,0.000,0.000,0.000,0.000,0.000,true,true,true,true,true,true,false,false,true,true,false,false,0.03,0.01,0.01,0.16,--.--,--.--,0.15,0.17,9223372036854775808,0,--.--,--.--,--.--,--.--,--.--,0,0,0,0,37.4125055,-121.9972010,10SEG 88741 41106,0.7,1.1,19.7,3,10,--.--,--.--,,--.--,--.--,--.--,0,0,--.--,--.--,0,23.6,117.2,-26.6,0.9,0.4,0.1,--.--,--.--,-26.5,1.0,0.3,0.1,--.--,--.--,--.--,--.--,1.6,0.0,100.9,1.0,-0.5,1.4,288.15,--.--,--.--,0,0,0.0,0.0,0.0,0,0,0,--.--,--.--,--.--
2026-07-09 16:34:08.545,1.9,8.4,103,0.3,-8.1,1.2,1.0,-0.8,0.000,-0.1,26.4,64.4,63.3,26.588,0.000,0.000,0.000,126.8,00:02:22,120.2,118.5,1,--.--,0,258,--.--,0000:32:26,83,0,0,1,1,15.30,-1.00,-101,--.--,50,--.--,--:--:--,1,-15.30,16:34:08,21:34:08,7/9/26,--.--,--.--,--.--,--.--,--.--,--.--,--.--,--.--,--.--,--.--,--.--,--.--,0,--.--,--.--,--.--,--.--,--.--,--.--,--.--,--.--,--.--,--.--,--.--,--.--,--.--,--.--,--.--,--.--,0,0.000,0.000,0.000,0.000,0.000,0.000,0.000,0.000,0.000,0.000,0.000,0.000,true,true,true,true,true,true,false,false,true,true,false,false,0.03,0.01,0.01,0.16,--.--,--.--,0.15,0.17,9223372036854775808,0,--.--,--.--,--.--,--.--,--.--,0,0,0,0,37.4125147,-121.9971956,10SEG 88742 41107,0.7,1.1,12.9,3,10,--.--,--.--,,--.--,--.--,--.--,0,0,--.--,--.--,0,24.6,117.7,-26.6,1.0,0.2,0.1,--.--,--.--,-26.5,1.0,0.1,0.1,--.--,--.--,--.--,--.--,2.0,4.8,102.9,0.2,-14.9,1.8,288.15,--.--,--.--,0,0,0.0,0.0,0.0,0,0,0,--.--,--.--,--.--
2026-07-09 16:34:09.544,1.8,-0.1,104,-0.5,2.8,2.5,1.0,2.3,0.000,-0.1,26.4,64.4,63.4,26.581,0.000,0.000,0.000,126.8,00:02:23,120.5,121.6,1,--.--,0,258,--.--,0000:32:26,84,0,0,1,1,15.30,-1.00,-101,--.--,50,--.--,--:--:--,1,-15.30,16:34:09,21:34:09,7/9/26,--.--,--.--,--.--,--.--,--.--,--.--,--.--,--.--,--.--,--.--,--.--,--.--,0,--.--,--.--,--.--,--.--,--.--,--.--,--.--,--.--,--.--,--.--,--.--,--.--,--.--,--.--,--.--,--.--,0,0.000,0.000,0.000,0.000,0.000,0.000,0.000,0.000,0.000,0.000,0.000,0.000,true,true,true,true,true,true,false,false,true,true,false,false,0.03,0.01,0.01,0.10,--.--,--.--,0.15,0.17,9223372036854775808,0,--.--,--.--,--.--,--.--,--.--,0,0,0,0,37.4125240,-121.9971951,10SEG 88742 41108,0.7,1.1,13.9,3,10,--.--,--.--,,--.--,--.--,--.--,0,0,--.--,--.--,0,25.7,117.7,-26.6,0.9,0.3,0.1,--.--,--.--,-26.5,0.9,0.4,0.1,--.--,--.--,--.--,--.--,1.7,-0.0,105.0,-0.5,0.7,2.4,288.15,--.--,--.--,0,0,0.0,0.0,0.0,0,0,0,--.--,--.--,--.--
2026-07-09 16:34:10.545,1.6,6.7,107,0.0,6.7,1.5,1.0,1.0,0.000,-0.1,26.4,64.3,63.4,26.577,0.000,0.000,0.000,128.8,00:02:24,121.2,119.7,1,--.--,0,257,--.--,0000:32:26,84,0,0,1,1,15.30,-1.00,-101,--.--,50,--.--,--:--:--,1,-15.30,16:34:10,21:34:10,7/9/26,--.--,--.--,--.--,--.--,--.--,--.--,--.--,--.--,--.--,--.--,--.--,--.--,0,--.--,--.--,--.--,--.--,--.--,--.--,--.--,--.--,--.--,--.--,--.--,--.--,--.--,--.--,--.--,--.--,0,0.000,0.000,0.000,0.000,0.000,0.000,0.000,0.000,0.000,0.000,0.000,0.000,true,true,true,true,true,true,false,false,true,true,false,false,0.03,0.01,0.01,0.10,--.--,--.--,0.15,0.17,9223372036854775808,0,--.--,--.--,--.--,--.--,--.--,0,0,0,0,37.4125325,-121.9971899,10SEG 88742 41109,0.7,1.1,26.7,3,10,--.--,--.--,,--.--,--.--,--.--,0,0,--.--,--.--,0,26.6,118.2,-26.6,0.9,0.4,0.1,--.--,--.--,-26.5,1.0,0.2,0.1,--.--,--.--,--.--,--.--,1.6,6.7,106.9,0.1,0.5,1.1,288.15,--.--,--.--,0,0,0.0,0.0,0.0,0,0,0,--.--,--.--,--.--
2026-07-09 16:34:11.545,1.7,-0.6,108,0.1,0.7,1.7,1.0,0.6,0.000,-0.1,26.4,64.3,63.3,26.576,0.000,0.000,0.000,128.8,00:02:25,121.6,120.9,1,--.--,0,257,--.--,0000:32:26,84,0,0,1,1,15.30,-1.00,-102,--.--,50,--.--,--:--:--,1,-15.30,16:34:11,21:34:11,7/9/26,--.--,--.--,--.--,--.--,--.--,--.--,--.--,--.--,--.--,--.--,--.--,--.--,0,--.--,--.--,--.--,--.--,--.--,--.--,--.--,--.--,--.--,--.--,--.--,--.--,--.--,--.--,--.--,--.--,0,0.000,0.000,0.000,0.000,0.000,0.000,0.000,0.000,0.000,0.000,0.000,0.000,true,true,true,true,true,true,false,false,true,true,false,false,0.03,0.00,0.01,0.07,--.--,--.--,0.15,0.17,9223372036854775808,0,--.--,--.--,--.--,--.--,--.--,0,0,0,0,37.4125415,-121.9971879,10SEG 88743 41110,0.7,1.1,11.7,3,10,--.--,--.--,,--.--,--.--,--.--,0,0,--.--,--.--,0,27.6,118.4,-26.6,1.0,0.3,0.1,--.--,--.--,-26.5,0.9,0.4,0.1,--.--,--.--,--.--,--.--,1.8,-0.0,108.8,0.2,2.5,2.2,288.15,--.--,--.--,0,0,0.0,0.0,0.0,0,0,0,--.--,--.--,--.--
2026-07-09 16:34:12.545,1.9,5.7,111,-0.5,3.9,1.8,1.0,-1.5,0.000,-0.1,26.4,64.3,63.3,26.568,0.000,0.000,0.000,130.8,00:02:26,122.3,121.8,1,--.--,0,256,--.--,0000:32:26,84,0,0,1,1,15.30,-1.00,-102,--.--,50,--.--,--:--:--,1,-15.30,16:34:12,21:34:12,7/9/26,--.--,--.--,--.--,--.--,--.--,--.--,--.--,--.--,--.--,--.--,--.--,--.--,0,--.--,--.--,--.--,--.--,--.--,--.--,--.--,--.--,--.--,--.--,--.--,--.--,--.--,--.--,--.--,--.--,0,0.000,0.000,0.000,0.000,0.000,0.000,0.000,0.000,0.000,0.000,0.000,0.000,true,true,true,true,true,true,false,false,true,true,false,false,0.03,0.00,0.01,0.07,--.--,--.--,0.15,0.17,9223372036854775808,0,--.--,--.--,--.--,--.--,--.--,0,0,0,0,37.4125502,-121.9971824,10SEG 88743 41111,0.7,1.1,25.3,3,10,--.--,--.--,,--.--,--.--,--.--,0,0,--.--,--.--,0,28.5,118.8,-26.6,0.9,0.4,0.1,--.--,--.--,-26.5,1.0,0.3,0.1,--.--,--.--,--.--,--.--,1.8,5.3,110.8,-0.3,-1.0,1.4,288.15,--.--,--.--,0,0,0.0,0.0,0.0,0,0,0,--.--,--.--,--.--
2026-07-09 16:34:13.544,1.9,-0.4,112,-0.2,0.8,1.9,1.0,0.2,0.000,-0.1,26.4,64.4,63.3,26.579,0.000,0.000,0.000,130.8,00:02:27,122.8,123.2,1,--.--,0,256,--.--,0000:32:26,84,0,0,1,1,15.30,-1.00,-102,--.--,50,--.--,--:--:--,1,-15.30,16:34:13,21:34:13,7/9/26,--.--,--.--,--.--,--.--,--.--,--.--,--.--,--.--,--.--,--.--,--.--,--.--,0,--.--,--.--,--.--,--.--,--.--,--.--,--.--,--.--,--.--,--.--,--.--,--.--,--.--,--.--,--.--,--.--,0,0.000,0.000,0.000,0.000,0.000,0.000,0.000,0.000,0.000,0.000,0.000,0.000,true,true,true,true,true,true,false,false,true,true,false,false,0.04,0.01,0.01,0.07,--.--,--.--,0.15,0.17,9223372036854775808,0,--.--,--.--,--.--,--.--,--.--,0,0,0,0,37.4125593,-121.9971792,10SEG 88743 41112,0.7,1.1,18.4,3,10,--.--,--.--,,--.--,--.--,--.--,0,0,--.--,--.--,0,29.5,119.1,-26.6,0.9,0.4,0.1,--.--,--.--,-26.5,0.9,0.4,0.1,--.--,--.--,--.--,--.--,1.8,0.4,112.8,-0.2,3.3,2.1,288.15,--.--,--.--,0,0,0.0,0.0,0.0,0,0,0,--.--,--.--,--.--
2026-07-09 16:34:14.545,2.0,4.9,115,0.6,-3.3,1.7,1.0,-1.4,0.000,-0.1,26.4,64.3,63.3,26.574,0.000,0.000,0.000,132.8,00:02:28,123.5,122.4,1,--.--,0,256,--.--,0000:32:26,83,0,0,1,1,15.30,-1.00,-102,--.--,50,--.--,--:--:--,1,-15.30,16:34:14,21:34:14,7/9/26,--.--,--.--,--.--,--.--,--.--,--.--,--.--,--.--,--.--,--.--,--.--,--.--,0,--.--,--.--,--.--,--.--,--.--,--.--,--.--,--.--,--.--,--.--,--.--,--.--,--.--,--.--,--.--,--.--,0,0.000,0.000,0.000,0.000,0.000,0.000,0.000,0.000,0.000,0.000,0.000,0.000,true,true,true,true,true,true,false,false,true,true,false,false,0.04,0.01,0.01,0.07,--.--,--.--,0.15,0.17,9223372036854775808,0,--.--,--.--,--.--,--.--,--.--,0,0,0,0,37.4125671,-121.9971735,10SEG 88744 41113,0.7,1.1,25.0,3,10,--.--,--.--,,--.--,--.--,--.--,0,0,--.--,--.--,0,30.5,119.6,-26.6,0.9,0.4,0.1,--.--,--.--,-26.5,0.9,0.4,0.1,--.--,--.--,--.--,--.--,2.2,3.4,114.8,0.7,-6.1,1.6,288.15,--.--,--.--,0,0,0.0,0.0,0.0,0,0,0,--.--,--.--,--.--
2026-07-09 16:34:15.544,1.9,0.5,116,-0.4,6.0,1.9,1.0,-1.2,0.000,-0.1,26.4,64.3,63.3,26.575,0.000,0.000,0.000,132.8,00:02:29,124.1,125.1,1,--.--,0,255,--.--,0000:32:26,84,0,0,1,1,15.30,-1.00,-103,--.--,50,--.--,--:--:--,1,-15.30,16:34:15,21:34:15,7/9/26,--.--,--.--,--.--,--.--,--.--,--.--,--.--,--.--,--.--,--.--,--.--,--.--,0,--.--,--.--,--.--,--.--,--.--,--.--,--.--,--.--,--.--,--.--,--.--,--.--,--.--,--.--,--.--,--.--,0,0.000,0.000,0.000,0.000,0.000,0.000,0.000,0.000,0.000,0.000,0.000,0.000,true,true,true,true,true,true,false,false,true,true,false,false,0.03,0.01,0.01,0.08,--.--,--.--,0.15,0.17,9223372036854775808,0,--.--,--.--,--.--,--.--,--.--,0,0,0,0,37.4125758,-121.9971697,10SEG 88744 41114,0.7,1.1,26.9,3,10,--.--,--.--,,--.--,--.--,--.--,0,0,--.--,--.--,0,31.4,120.0,-26.6,0.9,0.5,0.1,--.--,--.--,-26.5,0.9,0.5,0.1,--.--,--.--,--.--,--.--,1.9,2.2,116.8,-0.3,7.3,1.9,288.15,--.--,--.--,0,0,0.0,0.0,0.0,0,0,0,--.--,--.--,--.--
2026-07-09 16:34:16.556,2.1,3.3,118,0.2,-6.9,1.8,1.0,-1.5,0.000,-0.1,26.4,64.4,63.3,26.580,0.000,0.000,0.000,134.8,00:02:30,124.8,124.2,1,--.--,0,255,--.--,0000:32:26,83,0,0,1,1,15.30,-1.00,-103,--.--,50,--.--,--:--:--,1,-15.30,16:34:16,21:34:16,7/9/26,--.--,--.--,--.--,--.--,--.--,--.--,--.--,--.--,--.--,--.--,--.--,--.--,0,--.--,--.--,--.--,--.--,--.--,--.--,--.--,--.--,--.--,--.--,--.--,--.--,--.--,--.--,--.--,--.--,0,0.000,0.000,0.000,0.000,0.000,0.000,0.000,0.000,0.000,0.000,0.000,0.000,true,true,true,true,true,true,false,false,true,true,false,false,0.03,0.01,0.01,0.08,--.--,--.--,0.15,0.17,9223372036854775808,0,--.--,--.--,--.--,--.--,--.--,0,0,0,0,37.4125833,-121.9971637,10SEG 88745 41115,0.7,1.1,22.5,3,10,--.--,--.--,,--.--,--.--,--.--,0,0,--.--,--.--,0,32.3,120.5,-26.6,0.9,0.4,0.1,--.--,--.--,-26.5,0.9,0.5,0.1,--.--,--.--,--.--,--.--,2.1,1.6,118.7,0.1,-7.4,1.8,288.15,--.--,--.--,0,0,0.0,0.0,0.0,0,0,0,--.--,--.--,--.--
2026-07-09 16:34:17.544,1.8,2.0,120,0.2,7.1,1.8,1.0,-0.8,0.000,-0.1,26.4,64.3,63.4,26.571,0.000,0.000,0.000,134.8,00:02:31,125.5,125.6,1,--.--,0,255,--.--,0000:32:26,84,0,0,1,1,15.30,-1.00,-103,--.--,50,--.--,--:--:--,1,-15.30,16:34:17,21:34:17,7/9/26,--.--,--.--,--.--,--.--,--.--,--.--,--.--,--.--,--.--,--.--,--.--,--.--,0,--.--,--.--,--.--,--.--,--.--,--.--,--.--,--.--,--.--,--.--,--.--,--.--,--.--,--.--,--.--,--.--,0,0.000,0.000,0.000,0.000,0.000,0.000,0.000,0.000,0.000,0.000,0.000,0.000,true,true,true,true,true,true,false,false,true,true,false,false,0.03,0.00,0.01,0.08,--.--,--.--,0.15,0.17,9223372036854775808,0,--.--,--.--,--.--,--.--,--.--,0,0,0,0,37.4125912,-121.9971583,10SEG 88745 41115,0.7,1.1,34.1,3,10,--.--,--.--,,--.--,--.--,--.--,0,0,--.--,--.--,0,33.1,121.0,-26.6,0.8,0.6,0.1,--.--,--.--,-26.5,0.9,0.5,0.1,--.--,--.--,--.--,--.--,1.9,3.3,120.6,0.4,5.7,1.7,288.15,--.--,--.--,0,0,0.0,0.0,0.0,0,0,0,--.--,--.--,--.--
2026-07-09 16:34:18.556,2.1,1.6,122,-0.2,-5.9,1.8,1.0,-1.6,0.000,-0.1,26.4,64.3,63.4,26.571,0.000,0.000,0.000,136.8,00:02:32,126.2,125.7,1,--.--,0,254,--.--,0000:32:26,84,0,0,1,1,15.30,-1.00,-103,--.--,50,--.--,--:--:--,1,-15.30,16:34:18,21:34:18,7/9/26,--.--,--.--,--.--,--.--,--.--,--.--,--.--,--.--,--.--,--.--,--.--,--.--,0,--.--,--.--,--.--,--.--,--.--,--.--,--.--,--.--,--.--,--.--,--.--,--.--,--.--,--.--,--.--,--.--,0,0.000,0.000,0.000,0.000,0.000,0.000,0.000,0.000,0.000,0.000,0.000,0.000,true,true,true,true,true,true,false,false,true,true,false,false,0.03,0.00,0.01,0.08,--.--,--.--,0.15,0.17,9223372036854775808,0,--.--,--.--,--.--,--.--,--.--,0,0,0,0,37.4125993,-121.9971526,10SEG 88746 41116,0.7,1.1,25.9,3,10,--.--,--.--,,--.--,--.--,--.--,0,0,--.--,--.--,0,34.0,121.5,-26.6,0.9,0.5,0.1,--.--,--.--,-26.5,0.8,0.5,0.1,--.--,--.--,--.--,--.--,2.1,0.6,122.5,-0.3,-4.2,2.0,288.15,--.--,--.--,0,0,0.0,0.0,0.0,0,0,0,--.--,--.--,--.--
2026-07-09 16:34:19.555,2.1,3.3,124,0.2,5.1,1.9,1.0,1.3,0.000,-0.1,26.4,64.3,63.3,26.570,0.000,0.000,0.000,136.8,00:02:33,127.0,126.2,1,--.--,0,254,--.--,0000:32:26,84,0,0,1,1,15.30,-1.00,-104,--.--,50,--.--,--:--:--,1,-15.30,16:34:19,21:34:19,7/9/26,--.--,--.--,--.--,--.--,--.--,--.--,--.--,--.--,--.--,--.--,--.--,--.--,0,--.--,--.--,--.--,--.--,--.--,--.--,--.--,--.--,--.--,--.--,--.--,--.--,--.--,--.--,--.--,--.--,0,0.000,0.000,0.000,0.000,0.000,0.000,0.000,0.000,0.000,0.000,0.000,0.000,true,true,true,true,true,true,false,false,true,true,false,false,0.02,0.00,0.01,0.07,--.--,--.--,0.15,0.17,9223372036854775808,0,--.--,--.--,--.--,--.--,--.--,0,0,0,0,37.4126066,-121.9971460,10SEG 88746 41117,0.7,1.1,38.7,3,10,--.--,--.--,,--.--,--.--,--.--,0,0,--.--,--.--,0,34.8,122.1,-26.6,0.8,0.6,0.1,--.--,--.--,-26.5,0.8,0.5,0.1,--.--,--.--,--.--,--.--,2.2,3.8,124.4,0.3,2.5,1.7,288.15,--.--,--.--,0,0,0.0,0.0,0.0,0,0,0,--.--,--.--,--.--
2026-07-09 16:34:20.556,2.1,0.3,126,-0.2,-1.7,1.9,1.0,0.5,0.000,-0.1,26.4,64.3,63.3,26.572,0.000,0.000,0.000,138.8,00:02:34,127.8,128.1,1,--.--,0,254,--.--,0000:32:26,84,0,0,1,1,15.30,-1.00,-104,--.--,50,--.--,--:--:--,1,-15.30,16:34:20,21:34:20,7/9/26,--.--,--.--,--.--,--.--,--.--,--.--,--.--,--.--,--.--,--.--,--.--,--.--,0,--.--,--.--,--.--,--.--,--.--,--.--,--.--,--.--,--.--,--.--,--.--,--.--,--.--,--.--,--.--,--.--,0,0.000,0.000,0.000,0.000,0.000,0.000,0.000,0.000,0.000,0.000,0.000,0.000,true,true,true,true,true,true,false,false,true,true,false,false,0.02,0.00,0.01,0.07,--.--,--.--,0.15,0.17,9223372036854775808,0,--.--,--.--,--.--,--.--,--.--,0,0,0,0,37.4126147,-121.9971392,10SEG 88747 41118,0.7,1.1,34.0,3,10,--.--,--.--,,--.--,--.--,--.--,0,0,--.--,--.--,0,35.7,122.7,-26.6,0.8,0.6,0.1,--.--,--.--,-26.5,0.8,0.6,0.1,--.--,--.--,--.--,--.--,2.1,0.7,126.4,-0.2,1.4,2.1,288.15,--.--,--.--,0,0,0.0,0.0,0.0,0,0,0,--.--,--.--,--.--
2026-07-09 16:34:21.545,2.3,3.8,128,0.1,-2.0,1.9,1.0,1.7,0.000,-0.1,26.4,64.3,63.3,26.575,0.000,0.000,0.000,138.8,00:02:35,128.7,128.2,1,--.--,0,254,--.--,0000:32:26,83,0,0,1,1,15.30,-1.00,-105,--.--,50,--.--,--:--:--,1,-15.30,16:34:21,21:34:21,7/9/26,--.--,--.--,--.--,--.--,--.--,--.--,--.--,--.--,--.--,--.--,--.--,--.--,0,--.--,--.--,--.--,--.--,--.--,--.--,--.--,--.--,--.--,--.--,--.--,--.--,--.--,--.--,--.--,--.--,0,0.000,0.000,0.000,0.000,0.000,0.000,0.000,0.000,0.000,0.000,0.000,0.000,true,true,true,true,true,true,false,false,true,true,false,false,0.03,0.01,0.01,0.06,--.--,--.--,0.15,0.17,9223372036854775808,0,--.--,--.--,--.--,--.--,--.--,0,0,0,0,37.4126217,-121.9971324,10SEG 88747 41119,0.7,1.1,37.5,3,10,--.--,--.--,,--.--,--.--,--.--,0,0,--.--,--.--,0,36.5,123.3,-26.6,0.8,0.6,0.1,--.--,--.--,-26.5,0.8,0.6,0.1,--.--,--.--,--.--,--.--,2.3,2.7,128.3,0.0,-4.5,1.8,288.15,--.--,--.--,0,0,0.0,0.0,0.0,0,0,0,--.--,--.--,--.--
2026-07-09 16:34:22.555,2.2,0.2,130,0.1,4.4,2.0,1.0,1.3,0.000,-0.1,26.4,64.4,63.3,26.581,0.000,0.000,0.000,140.9,00:02:36,129.5,129.7,1,--.--,0,253,--.--,0000:32:26,84,0,0,1,1,15.30,-1.00,-105,--.--,50,--.--,--:--:--,1,-15.30,16:34:22,21:34:22,7/9/26,--.--,--.--,--.--,--.--,--.--,--.--,--.--,--.--,--.--,--.--,--.--,--.--,0,--.--,--.--,--.--,--.--,--.--,--.--,--.--,--.--,--.--,--.--,--.--,--.--,--.--,--.--,--.--,--.--,0,0.000,0.000,0.000,0.000,0.000,0.000,0.000,0.000,0.000,0.000,0.000,0.000,true,true,true,true,true,true,false,false,true,true,false,false,0.03,0.01,0.01,0.06,--.--,--.--,0.15,0.17,9223372036854775808,0,--.--,--.--,--.--,--.--,--.--,0,0,0,0,37.4126295,-121.9971254,10SEG 88748 41120,0.7,1.1,40.2,3,10,--.--,--.--,,--.--,--.--,--.--,0,0,--.--,--.--,0,37.3,123.9,-26.6,0.7,0.7,0.1,--.--,--.--,-26.5,0.7,0.7,0.1,--.--,--.--,--.--,--.--,2.3,1.5,130.3,0.2,5.5,2.0,288.15,--.--,--.--,0,0,0.0,0.0,0.0,0,0,0,--.--,--.--,--.--
2026-07-09 16:34:23.555,2.4,2.2,132,-0.3,-5.3,1.9,1.0,1.8,0.000,-0.1,26.4,64.3,63.4,26.574,0.000,0.000,0.000,140.9,00:02:37,130.4,130.4,1,--.--,0,253,--.--,0000:32:26,83,0,0,1,1,15.30,-1.00,-105,--.--,50,--.--,--:--:--,1,-15.30,16:34:23,21:34:23,7/9/26,--.--,--.--,--.--,--.--,--.--,--.--,--.--,--.--,--.--,--.--,--.--,--.--,0,--.--,--.--,--.--,--.--,--.--,--.--,--.--,--.--,--.--,--.--,--.--,--.--,--.--,--.--,--.--,--.--,0,0.000,0.000,0.000,0.000,0.000,0.000,0.000,0.000,0.000,0.000,0.000,0.000,true,true,true,true,true,true,false,false,true,true,false,false,0.02,0.00,0.01,0.06,--.--,--.--,0.15,0.17,9223372036854775808,0,--.--,--.--,--.--,--.--,--.--,0,0,0,0,37.4126360,-121.9971179,10SEG 88749 41120,0.7,1.1,40.5,3,10,--.--,--.--,,--.--,--.--,--.--,0,0,--.--,--.--,0,38.1,124.6,-26.6,0.8,0.6,0.1,--.--,--.--,-26.5,0.7,0.7,0.1,--.--,--.--,--.--,--.--,2.3,1.0,132.3,-0.4,-4.9,2.0,288.15,--.--,--.--,0,0,0.0,0.0,0.0,0,0,0,--.--,--.--,--.--
2026-07-09 16:34:24.556,2.3,2.2,134,0.4,4.9,1.9,1.0,-1.3,0.000,-0.1,26.4,64.3,63.4,26.556,0.000,0.000,0.000,142.9,00:02:38,131.3,131.0,1,--.--,0,253,--.--,0000:32:26,84,0,0,1,1,15.30,-1.00,-105,--.--,50,--.--,--:--:--,1,-15.30,16:34:24,21:34:24,7/9/26,--.--,--.--,--.--,--.--,--.--,--.--,--.--,--.--,--.--,--.--,--.--,--.--,0,--.--,--.--,--.--,--.--,--.--,--.--,--.--,--.--,--.--,--.--,--.--,--.--,--.--,--.--,--.--,--.--,0,0.000,0.000,0.000,0.000,0.000,0.000,0.000,0.000,0.000,0.000,0.000,0.000,true,true,true,true,true,true,false,false,true,true,false,false,0.02,0.00,0.01,0.06,--.--,--.--,0.15,0.17,9223372036854775808,0,--.--,--.--,--.--,--.--,--.--,0,0,0,0,37.4126426,-121.9971096,10SEG 88749 41121,0.7,1.1,49.0,3,10,--.--,--.--,,--.--,--.--,--.--,0,0,--.--,--.--,0,38.8,125.4,-26.5,0.7,0.7,0.1,--.--,--.--,-26.5,0.7,0.7,0.1,--.--,--.--,--.--,--.--,2.3,2.9,134.3,0.4,3.0,1.8,288.15,--.--,--.--,0,0,0.0,0.0,0.0,0,0,0,--.--,--.--,--.--
2026-07-09 16:34:25.555,2.2,0.5,136,-0.2,-3.5,1.9,1.0,-1.1,0.000,-0.1,26.4,64.3,63.3,26.561,0.000,0.000,0.000,142.9,00:02:39,132.1,132.5,1,--.--,0,253,--.--,0000:32:26,83,0,0,1,1,15.30,-1.00,-106,--.--,50,--.--,--:--:--,1,-15.30,16:34:25,21:34:25,7/9/26,--.--,--.--,--.--,--.--,--.--,--.--,--.--,--.--,--.--,--.--,--.--,--.--,0,--.--,--.--,--.--,--.--,--.--,--.--,--.--,--.--,--.--,--.--,--.--,--.--,--.--,--.--,--.--,--.--,0,0.000,0.000,0.000,0.000,0.000,0.000,0.000,0.000,0.000,0.000,0.000,0.000,true,true,true,true,true,true,false,false,true,true,false,false,0.01,0.00,0.01,0.06,--.--,--.--,0.15,0.17,9223372036854775808,0,--.--,--.--,--.--,--.--,--.--,0,0,0,0,37.4126492,-121.9971016,10SEG 88750 41122,0.7,1.1,40.4,3,10,--.--,--.--,,--.--,--.--,--.--,0,0,--.--,--.--,0,39.5,126.0,-26.6,0.7,0.7,0.1,--.--,--.--,-26.5,0.7,0.7,0.1,--.--,--.--,--.--,--.--,2.2,0.2,136.1,-0.0,-1.5,2.0,288.15,--.--,--.--,0,0,0.0,0.0,0.0,0,0,0,--.--,--.--,--.--
2026-07-09 16:34:26.556,2.5,2.4,138,0.1,2.3,1.9,1.0,1.7,0.000,-0.1,26.4,64.3,63.3,26.547,0.000,0.000,0.000,144.9,00:02:40,133.1,131.9,1,--.--,0,252,--.--,0000:32:26,84,0,0,1,1,15.30,-1.00,-106,--.--,50,--.--,--:--:--,1,-15.30,16:34:26,21:34:26,7/9/26,--.--,--.--,--.--,--.--,--.--,--.--,--.--,--.--,--.--,--.--,--.--,--.--,0,--.--,--.--,--.--,--.--,--.--,--.--,--.--,--.--,--.--,--.--,--.--,--.--,--.--,--.--,--.--,--.--,0,0.000,0.000,0.000,0.000,0.000,0.000,0.000,0.000,0.000,0.000,0.000,0.000,true,true,true,true,true,true,false,false,true,true,false,false,0.01,0.00,0.01,0.06,--.--,--.--,0.15,0.17,9223372036854775808,0,--.--,--.--,--.--,--.--,--.--,0,0,0,0,37.4126552,-121.9970930,10SEG 88751 41123,0.7,1.1,50.1,3,10,--.--,--.--,,--.--,--.--,--.--,0,0,--.--,--.--,0,40.2,126.8,-26.5,0.6,0.8,0.1,--.--,--.--,-26.5,0.7,0.7,0.1,--.--,--.--,--.--,--.--,2.5,2.5,138.1,0.0,0.3,1.8,288.15,--.--,--.--,0,0,0.0,0.0,0.0,0,0,0,--.--,--.--,--.--
2026-07-09 16:34:27.555,2.3,0.1,139,-0.4,-0.8,2.0,1.0,-0.7,0.000,-0.0,26.3,64.3,61.3,26.533,0.000,0.000,0.000,144.9,00:02:41,134.0,134.9,1,--.--,0,252,--.--,0000:32:26,84,0,0,1,1,15.30,-1.00,-106,--.--,50,--.--,--:--:--,1,-15.30,16:34:27,21:34:27,7/9/26,--.--,--.--,--.--,--.--,--.--,--.--,--.--,--.--,--.--,--.--,--.--,--.--,0,--.--,--.--,--.--,--.--,--.--,--.--,--.--,--.--,--.--,--.--,--.--,--.--,--.--,--.--,--.--,--.--,0,0.000,0.000,0.000,0.000,0.000,0.000,0.000,0.000,0.000,0.000,0.000,0.000,true,true,true,true,true,true,false,false,true,true,false,false,0.01,0.01,0.01,0.05,--.--,--.--,0.15,0.17,9223372036854775808,0,--.--,--.--,--.--,--.--,--.--,0,0,0,0,37.4126613,-121.9970848,10SEG 88752 41123,0.7,1.1,49.3,3,10,--.--,--.--,,--.--,--.--,--.--,0,0,--.--,--.--,0,40.9,127.5,-26.5,0.6,0.8,0.0,--.--,--.--,-26.5,0.6,0.8,0.0,--.--,--.--,--.--,--.--,2.3,0.4,140.0,-0.3,1.4,2.0,288.15,--.--,--.--,0,0,0.0,0.0,0.0,0,0,0,--.--,--.--,--.--
2026-07-09 16:34:28.555,2.6,2.5,141,-0.3,-1.5,1.9,1.0,1.2,0.000,-0.0,26.3,64.3,61.3,26.525,0.000,0.000,0.000,146.9,00:02:42,134.9,134.5,1,--.--,0,252,--.--,0000:32:26,83,0,0,1,1,15.30,-1.00,-106,--.--,50,--.--,--:--:--,1,-15.30,16:34:28,21:34:28,7/9/26,--.--,--.--,--.--,--.--,--.--,--.--,--.--,--.--,--.--,--.--,--.--,--.--,0,--.--,--.--,--.--,--.--,--.--,--.--,--.--,--.--,--.--,--.--,--.--,--.--,--.--,--.--,--.--,--.--,0,0.000,0.000,0.000,0.000,0.000,0.000,0.000,0.000,0.000,0.000,0.000,0.000,true,true,true,true,true,true,false,false,true,true,false,false,0.01,0.01,0.01,0.05,--.--,--.--,0.15,0.17,9223372036854775808,0,--.--,--.--,--.--,--.--,--.--,0,0,0,0,37.4126673,-121.9970759,10SEG 88752 41124,0.7,1.1,53.7,3,10,--.--,--.--,,--.--,--.--,--.--,0,0,--.--,--.--,0,41.5,128.3,-26.5,0.6,0.8,0.0,--.--,--.--,-26.5,0.6,0.8,0.0,--.--,--.--,--.--,--.--,2.5,1.8,141.9,-0.5,-2.9,1.9,288.15,--.--,--.--,0,0,0.0,0.0,0.0,0,0,0,--.--,--.--,--.--
2026-07-09 16:34:29.555,2.4,0.5,143,-0.2,2.4,2.0,1.0,-0.5,0.000,-0.0,26.3,64.3,61.3,26.520,0.000,0.000,0.000,146.9,00:02:43,135.9,136.7,1,--.--,0,252,--.--,0000:32:26,84,0,0,1,1,15.30,-1.00,-107,--.--,50,--.--,--:--:--,1,-15.30,16:34:29,21:34:29,7/9/26,--.--,--.--,--.--,--.--,--.--,--.--,--.--,--.--,--.--,--.--,--.--,--.--,0,--.--,--.--,--.--,--.--,--.--,--.--,--.--,--.--,--.--,--.--,--.--,--.--,--.--,--.--,--.--,--.--,0,0.000,0.000,0.000,0.000,0.000,0.000,0.000,0.000,0.000,0.000,0.000,0.000,true,true,true,true,true,true,false,false,true,true,false,false,0.01,0.01,0.01,0.05,--.--,--.--,0.15,0.17,9223372036854775808,0,--.--,--.--,--.--,--.--,--.--,0,0,0,0,37.4126726,-121.9970678,10SEG 88753 41125,0.7,1.1,54.5,3,10,--.--,--.--,,--.--,--.--,--.--,0,0,--.--,--.--,0,42.1,129.1,-26.5,0.6,0.8,0.0,--.--,--.--,-26.5,0.6,0.8,0.0,--.--,--.--,--.--,--.--,2.4,1.1,143.8,0.1,2.6,1.9,288.15,--.--,--.--,0,0,0.0,0.0,0.0,0,0,0,--.--,--.--,--.--
2026-07-09 16:34:30.555,2.4,1.2,145,-0.3,-1.4,1.9,1.0,-0.2,0.000,-0.0,26.3,64.3,61.3,26.514,0.000,0.000,0.000,148.9,00:02:44,136.8,137.2,1,--.--,0,252,--.--,0000:32:26,84,0,0,1,1,15.30,-1.00,-107,--.--,50,--.--,--:--:--,1,-15.30,16:34:30,21:34:30,7/9/26,--.--,--.--,--.--,--.--,--.--,--.--,--.--,--.--,--.--,--.--,--.--,--.--,0,--.--,--.--,--.--,--.--,--.--,--.--,--.--,--.--,--.--,--.--,--.--,--.--,--.--,--.--,--.--,--.--,0,0.000,0.000,0.000,0.000,0.000,0.000,0.000,0.000,0.000,0.000,0.000,0.000,true,true,true,true,true,true,false,false,true,true,false,false,0.01,0.01,0.01,0.05,--.--,--.--,0.15,0.17,9223372036854775808,0,--.--,--.--,--.--,--.--,--.--,0,0,0,0,37.4126776,-121.9970580,10SEG 88754 41125,0.7,1.1,56.4,3,10,--.--,--.--,,--.--,--.--,--.--,0,0,--.--,--.--,0,42.7,129.9,-26.5,0.6,0.8,0.0,--.--,--.--,-26.5,0.6,0.8,0.0,--.--,--.--,--.--,--.--,2.4,1.0,145.7,-0.2,-1.0,1.9,288.15,--.--,--.--,0,0,0.0,0.0,0.0,0,0,0,--.--,--.--,--.--
2026-07-09 16:34:31.555,2.4,1.0,147,0.2,0.5,1.9,1.0,1.0,0.000,-0.0,26.3,64.3,61.3,26.524,0.000,0.000,0.000,148.9,00:02:45,137.8,137.5,1,--.--,0,252,--.--,0000:32:26,83,0,0,1,1,15.30,-1.00,-107,--.--,50,--.--,--:--:--,1,-15.30,16:34:31,21:34:31,7/9/26,--.--,--.--,--.--,--.--,--.--,--.--,--.--,--.--,--.--,--.--,--.--,--.--,0,--.--,--.--,--.--,--.--,--.--,--.--,--.--,--.--,--.--,--.--,--.--,--.--,--.--,--.--,--.--,--.--,0,0.000,0.000,0.000,0.000,0.000,0.000,0.000,0.000,0.000,0.000,0.000,0.000,true,true,true,true,true,true,false,false,true,true,false,false,0.01,0.01,0.01,0.04,--.--,--.--,0.15,0.17,9223372036854775808,0,--.--,--.--,--.--,--.--,--.--,0,0,0,0,37.4126827,-121.9970486,10SEG 88755 41126,0.7,1.1,57.9,3,10,--.--,--.--,,--.--,--.--,--.--,0,0,--.--,--.--,0,43.2,130.8,-26.5,0.5,0.8,0.0,--.--,--.--,-26.5,0.5,0.8,0.0,--.--,--.--,--.--,--.--,2.5,1.0,147.6,0.3,0.1,1.9,288.15,--.--,--.--,0,0,0.0,0.0,0.0,0,0,0,--.--,--.--,--.--
2026-07-09 16:34:32.555,2.7,0.7,149,-0.3,0.9,2.0,1.0,0.3,0.000,-0.0,26.3,64.3,61.3,26.513,0.000,0.000,0.000,150.9,00:02:46,138.8,138.3,1,--.--,0,252,--.--,0000:32:26,84,0,0,1,1,15.30,-1.00,-107,--.--,50,--.--,--:--:--,1,-15.30,16:34:32,21:34:32,7/9/26,--.--,--.--,--.--,--.--,--.--,--.--,--.--,--.--,--.--,--.--,--.--,--.--,0,--.--,--.--,--.--,--.--,--.--,--.--,--.--,--.--,--.--,--.--,--.--,--.--,--.--,--.--,--.--,--.--,0,0.000,0.000,0.000,0.000,0.000,0.000,0.000,0.000,0.000,0.000,0.000,0.000,true,true,true,true,true,true,false,false,true,true,false,false,0.01,0.01,0.01,0.04,--.--,--.--,0.15,0.17,9223372036854775808,0,--.--,--.--,--.--,--.--,--.--,0,0,0,0,37.4126871,-121.9970389,10SEG 88756 41126,0.7,1.1,62.0,3,10,--.--,--.--,,--.--,--.--,--.--,0,0,--.--,--.--,0,43.7,131.6,-26.5,0.5,0.9,0.0,--.--,--.--,-26.5,0.5,0.9,0.0,--.--,--.--,--.--,--.--,2.6,1.1,149.6,-0.3,1.5,2.0,288.15,--.--,--.--,0,0,0.0,0.0,0.0,0,0,0,--.--,--.--,--.--
2026-07-09 16:34:33.555,2.5,0.9,151,0.4,-2.9,2.0,1.0,-2.1,0.000,-0.0,26.3,64.3,61.3,26.495,0.000,0.000,0.000,150.9,00:02:47,139.7,139.4,1,--.--,0,252,--.--,0000:32:26,84,0,0,1,1,15.30,-1.00,-108,--.--,50,--.--,--:--:--,1,-15.30,16:34:33,21:34:33,7/9/26,--.--,--.--,--.--,--.--,--.--,--.--,--.--,--.--,--.--,--.--,--.--,--.--,0,--.--,--.--,--.--,--.--,--.--,--.--,--.--,--.--,--.--,--.--,--.--,--.--,--.--,--.--,--.--,--.--,0,0.000,0.000,0.000,0.000,0.000,0.000,0.000,0.000,0.000,0.000,0.000,0.000,true,true,true,true,true,true,false,false,true,true,false,false,0.01,0.01,0.01,0.04,--.--,--.--,0.15,0.17,9223372036854775808,0,--.--,--.--,--.--,--.--,--.--,0,0,0,0,37.4126919,-121.9970288,10SEG 88757 41127,0.7,1.1,57.6,3,10,--.--,--.--,,--.--,--.--,--.--,0,0,--.--,--.--,0,44.2,132.5,-26.5,0.5,0.9,0.0,--.--,--.--,-26.5,0.5,0.9,0.0,--.--,--.--,--.--,--.--,2.6,0.2,151.4,0.4,-3.0,2.0,288.15,--.--,--.--,0,0,0.0,0.0,0.0,0,0,0,--.--,--.--,--.--
2026-07-09 16:34:34.555,2.5,0.6,153,-0.2,3.2,1.9,1.0,-1.7,0.000,0.0,26.3,64.3,61.3,26.481,0.000,0.000,0.000,152.9,00:02:48,140.7,141.2,1,--.--,0,251,--.--,0000:32:26,84,0,0,1,1,15.30,-1.00,-108,--.--,50,--.--,--:--:--,1,-15.30,16:34:34,21:34:34,7/9/26,--.--,--.--,--.--,--.--,--.--,--.--,--.--,--.--,--.--,--.--,--.--,--.--,0,--.--,--.--,--.--,--.--,--.--,--.--,--.--,--.--,--.--,--.--,--.--,--.--,--.--,--.--,--.--,--.--,0,0.000,0.000,0.000,0.000,0.000,0.000,0.000,0.000,0.000,0.000,0.000,0.000,true,true,true,true,true,true,false,false,true,true,false,false,0.01,0.01,0.01,0.04,--.--,--.--,0.15,0.17,9223372036854775808,0,--.--,--.--,--.--,--.--,--.--,0,0,0,0,37.4126961,-121.9970191,10SEG 88757 41127,0.7,1.1,65.4,3,10,--.--,--.--,,--.--,--.--,--.--,0,0,--.--,--.--,0,44.7,133.4,-26.5,0.4,0.9,-0.0,--.--,--.--,-26.5,0.4,0.9,-0.0,--.--,--.--,--.--,--.--,2.5,1.4,153.4,-0.1,3.1,1.8,288.15,--.--,--.--,0,0,0.0,0.0,0.0,0,0,0,--.--,--.--,--.--
2026-07-09 16:34:35.555,2.6,0.3,155,0.2,-3.0,1.9,1.0,-0.8,0.000,0.0,26.3,64.2,61.3,26.466,0.000,0.000,0.000,152.9,00:02:49,141.7,141.3,1,--.--,0,251,--.--,0000:32:26,84,0,0,1,1,15.30,-1.00,-108,--.--,50,--.--,--:--:--,1,-15.30,16:34:35,21:34:35,7/9/26,--.--,--.--,--.--,--.--,--.--,--.--,--.--,--.--,--.--,--.--,--.--,--.--,0,--.--,--.--,--.--,--.--,--.--,--.--,--.--,--.--,--.--,--.--,--.--,--.--,--.--,--.--,--.--,--.--,0,0.000,0.000,0.000,0.000,0.000,0.000,0.000,0.000,0.000,0.000,0.000,0.000,true,true,true,true,true,true,false,false,true,true,false,false,0.01,0.00,0.00,0.05,--.--,--.--,0.15,0.17,9223372036854775808,0,--.--,--.--,--.--,--.--,--.--,0,0,0,0,37.4126996,-121.9970092,10SEG 88758 41128,0.7,1.1,62.6,3,10,--.--,--.--,,--.--,--.--,--.--,0,0,--.--,--.--,0,45.1,134.3,-26.5,0.5,0.9,-0.0,--.--,--.--,-26.5,0.4,0.9,-0.0,--.--,--.--,--.--,--.--,2.6,-0.0,155.3,0.3,-1.3,2.0,288.15,--.--,--.--,0,0,0.0,0.0,0.0,0,0,0,--.--,--.--,--.--
2026-07-09 16:34:36.555,2.5,1.1,157,-0.2,2.7,1.9,1.0,0.4,0.000,0.0,26.3,64.2,61.3,26.466,0.000,0.000,0.000,155.0,00:02:50,142.7,143.2,1,--.--,0,251,--.--,0000:32:26,84,0,0,1,1,15.30,-1.00,-108,--.--,50,--.--,--:--:--,1,-15.30,16:34:36,21:34:36,7/9/26,--.--,--.--,--.--,--.--,--.--,--.--,--.--,--.--,--.--,--.--,--.--,--.--,0,--.--,--.--,--.--,--.--,--.--,--.--,--.--,--.--,--.--,--.--,--.--,--.--,--.--,--.--,--.--,--.--,0,0.000,0.000,0.000,0.000,0.000,0.000,0.000,0.000,0.000,0.000,0.000,0.000,true,true,true,true,true,true,false,false,true,true,false,false,0.01,0.00,0.00,0.05,--.--,--.--,0.15,0.17,9223372036854775808,0,--.--,--.--,--.--,--.--,--.--,0,0,0,0,37.4127032,-121.9969989,10SEG 88759 41128,0.7,1.1,69.4,3,10,--.--,--.--,,--.--,--.--,--.--,0,0,--.--,--.--,0,45.5,135.2,-26.5,0.4,0.9,-0.0,--.--,--.--,-26.5,0.4,0.9,-0.0,--.--,--.--,--.--,--.--,2.5,1.4,157.2,-0.1,1.5,1.9,288.15,--.--,--.--,0,0,0.0,0.0,0.0,0,0,0,--.--,--.--,--.--
2026-07-09 16:34:37.555,2.3,-0.0,158,-0.0,-1.2,1.9,1.0,-0.7,0.000,0.0,26.3,64.2,61.2,26.473,0.000,0.000,0.000,155.0,00:02:51,143.6,144.4,1,--.--,0,251,--.--,0000:32:26,84,0,0,1,1,15.30,-1.00,-109,--.--,50,--.--,--:--:--,1,-15.30,16:34:37,21:34:37,7/9/26,--.--,--.--,--.--,--.--,--.--,--.--,--.--,--.--,--.--,--.--,--.--,--.--,0,--.--,--.--,--.--,--.--,--.--,--.--,--.--,--.--,--.--,--.--,--.--,--.--,--.--,--.--,--.--,--.--,0,0.000,0.000,0.000,0.000,0.000,0.000,0.000,0.000,0.000,0.000,0.000,0.000,true,true,true,true,true,true,false,false,true,true,false,false,0.01,0.01,0.00,0.04,--.--,--.--,0.15,0.17,9223372036854775808,0,--.--,--.--,--.--,--.--,--.--,0,0,0,0,37.4127062,-121.9969885,10SEG 88760 41128,0.7,1.1,67.1,3,10,--.--,--.--,,--.--,--.--,--.--,0,0,--.--,--.--,0,45.9,136.1,-26.5,0.4,0.9,-0.0,--.--,--.--,-26.5,0.4,0.9,-0.0,--.--,--.--,--.--,--.--,2.3,-0.0,159.0,0.2,0.2,1.9,288.15,--.--,--.--,0,0,0.0,0.0,0.0,0,0,0,--.--,--.--,--.--
2026-07-09 16:34:38.555,2.8,1.0,160,0.0,0.5,1.9,1.0,-0.3,0.000,0.0,26.3,64.2,61.2,26.468,0.000,0.000,0.000,157.0,00:02:52,144.7,142.9,1,--.--,0,251,--.--,0000:32:26,84,0,0,1,1,15.30,-1.00,-109,--.--,50,--.--,--:--:--,1,-15.30,16:34:38,21:34:38,7/9/26,--.--,--.--,--.--,--.--,--.--,--.--,--.--,--.--,--.--,--.--,--.--,--.--,0,--.--,--.--,--.--,--.--,--.--,--.--,--.--,--.--,--.--,--.--,--.--,--.--,--.--,--.--,--.--,--.--,0,0.000,0.000,0.000,0.000,0.000,0.000,0.000,0.000,0.000,0.000,0.000,0.000,true,true,true,true,true,true,false,false,true,true,false,false,0.01,0.01,0.00,0.04,--.--,--.--,0.15,0.17,9223372036854775808,0,--.--,--.--,--.--,--.--,--.--,0,0,0,0,37.4127095,-121.9969778,10SEG 88761 41129,0.7,1.1,71.0,3,10,--.--,--.--,,--.--,--.--,--.--,0,0,--.--,--.--,0,46.2,137.0,-26.5,0.3,1.0,-0.0,--.--,--.--,-26.5,0.3,0.9,-0.0,--.--,--.--,--.--,--.--,2.8,0.9,160.9,-0.2,-0.4,2.0,288.15,--.--,--.--,0,0,0.0,0.0,0.0,0,0,0,--.--,--.--,--.--
2026-07-09 16:34:39.555,2.4,-0.1,162,-0.2,0.5,2.0,1.0,-1.5,0.000,0.0,26.3,64.2,61.2,26.465,0.000,0.000,0.000,157.0,00:02:53,145.7,146.8,1,--.--,0,251,--.--,0000:32:26,84,0,0,1,1,15.30,-1.00,-110,--.--,50,--.--,--:--:--,1,-15.30,16:34:39,21:34:39,7/9/26,--.--,--.--,--.--,--.--,--.--,--.--,--.--,--.--,--.--,--.--,--.--,--.--,0,--.--,--.--,--.--,--.--,--.--,--.--,--.--,--.--,--.--,--.--,--.--,--.--,--.--,--.--,--.--,--.--,0,0.000,0.000,0.000,0.000,0.000,0.000,0.000,0.000,0.000,0.000,0.000,0.000,true,true,true,true,true,true,false,false,true,true,false,false,0.01,0.00,0.01,0.04,--.--,--.--,0.15,0.17,9223372036854775808,0,--.--,--.--,--.--,--.--,--.--,0,0,0,0,37.4127126,-121.9969673,10SEG 88762 41129,0.7,1.1,72.5,3,10,--.--,--.--,,--.--,--.--,--.--,0,0,--.--,--.--,0,46.5,138.0,-26.5,0.3,0.9,-0.0,--.--,--.--,-26.5,0.3,1.0,-0.0,--.--,--.--,--.--,--.--,2.4,0.2,162.8,-0.1,1.1,2.0,288.15,--.--,--.--,0,0,0.0,0.0,0.0,0,0,0,--.--,--.--,--.--
2026-07-09 16:34:40.555,2.5,0.4,164,0.3,-2.2,1.9,1.0,-0.5,0.000,0.0,26.3,64.2,61.2,26.467,0.000,0.000,0.000,159.0,00:02:54,146.7,146.1,1,--.--,0,251,--.--,0000:32:26,84,0,0,1,1,15.30,-1.00,-110,--.--,50,--.--,--:--:--,1,-15.30,16:34:40,21:34:40,7/9/26,--.--,--.--,--.--,--.--,--.--,--.--,--.--,--.--,--.--,--.--,--.--,--.--,0,--.--,--.--,--.--,--.--,--.--,--.--,--.--,--.--,--.--,--.--,--.--,--.--,--.--,--.--,--.--,--.--,0,0.000,0.000,0.000,0.000,0.000,0.000,0.000,0.000,0.000,0.000,0.000,0.000,true,true,true,true,true,true,false,false,true,true,false,false,0.01,0.00,0.01,0.04,--.--,--.--,0.15,0.17,9223372036854775808,0,--.--,--.--,--.--,--.--,--.--,0,0,0,0,37.4127155,-121.9969560,10SEG 88763 41129,0.7,1.1,70.7,3,10,--.--,--.--,,--.--,--.--,--.--,0,0,--.--,--.--,0,46.8,138.9,-26.5,0.3,1.0,-0.0,--.--,--.--,-26.5,0.3,1.0,-0.0,--.--,--.--,--.--,--.--,2.6,-0.0,164.7,0.3,-1.5,1.9,288.15,--.--,--.--,0,0,0.0,0.0,0.0,0,0,0,--.--,--.--,--.--
2026-07-09 16:34:41.554,2.7,0.0,166,0.1,0.1,2.0,1.0,-0.3,0.000,0.0,26.3,64.2,61.2,26.458,0.000,0.000,0.000,159.0,00:02:55,147.7,147.0,1,--.--,0,251,--.--,0000:32:26,84,0,0,1,1,15.30,-1.00,-110,--.--,50,--.--,--:--:--,1,-15.30,16:34:41,21:34:41,7/9/26,--.--,--.--,--.--,--.--,--.--,--.--,--.--,--.--,--.--,--.--,--.--,--.--,0,--.--,--.--,--.--,--.--,--.--,--.--,--.--,--.--,--.--,--.--,--.--,--.--,--.--,--.--,--.--,--.--,0,0.000,0.000,0.000,0.000,0.000,0.000,0.000,0.000,0.000,0.000,0.000,0.000,true,true,true,true,true,true,false,false,true,true,false,false,0.02,0.01,0.01,0.04,--.--,--.--,0.15,0.17,9223372036854775808,0,--.--,--.--,--.--,--.--,--.--,0,0,0,0,37.4127179,-121.9969453,10SEG 88764 41130,0.7,1.1,75.4,3,10,--.--,--.--,,--.--,--.--,--.--,0,0,--.--,--.--,0,47.1,139.9,-26.4,0.2,1.0,-0.0,--.--,--.--,-26.5,0.2,1.0,-0.0,--.--,--.--,--.--,--.--,2.7,-0.0,166.7,0.0,-0.1,2.0,288.15,--.--,--.--,0,0,0.0,0.0,0.0,0,0,0,--.--,--.--,--.--
2026-07-09 16:34:42.554,2.6,0.0,168,-0.1,0.1,2.1,1.0,-1.2,0.000,0.0,26.3,64.2,61.2,26.464,0.000,0.000,0.000,161.0,00:02:56,148.7,148.3,1,--.--,0,251,--.--,0000:32:26,83,0,0,1,1,15.30,-1.00,-110,--.--,50,--.--,--:--:--,1,-15.30,16:34:42,21:34:42,7/9/26,--.--,--.--,--.--,--.--,--.--,--.--,--.--,--.--,--.--,--.--,--.--,--.--,0,--.--,--.--,--.--,--.--,--.--,--.--,--.--,--.--,--.--,--.--,--.--,--.--,--.--,--.--,--.--,--.--,0,0.000,0.000,0.000,0.000,0.000,0.000,0.000,0.000,0.000,0.000,0.000,0.000,true,true,true,true,true,true,false,false,true,true,false,false,0.02,0.01,0.01,0.04,--.--,--.--,0.15,0.17,9223372036854775808,0,--.--,--.--,--.--,--.--,--.--,0,0,0,0,37.4127198,-121.9969339,10SEG 88765 41130,0.7,1.1,78.4,3,10,--.--,--.--,,--.--,--.--,--.--,0,0,--.--,--.--,0,47.3,140.9,-26.5,0.2,1.0,-0.0,--.--,--.--,-26.5,0.2,1.0,-0.0,--.--,--.--,--.--,--.--,2.6,0.0,168.6,-0.1,0.0,1.7,288.15,--.--,--.--,0,0,0.0,0.0,0.0,0,0,0,--.--,--.--,--.--
2026-07-09 16:34:43.555,2.4,0.0,170,0.2,0.0,1.6,1.0,0.5,0.000,0.0,26.3,64.2,61.2,26.455,0.000,0.000,0.000,161.0,00:02:57,149.7,149.8,1,--.--,0,252,--.--,0000:32:26,84,0,0,1,1,15.30,-1.00,-111,--.--,50,--.--,--:--:--,1,-15.30,16:34:43,21:34:43,7/9/26,--.--,--.--,--.--,--.--,--.--,--.--,--.--,--.--,--.--,--.--,--.--,--.--,0,--.--,--.--,--.--,--.--,--.--,--.--,--.--,--.--,--.--,--.--,--.--,--.--,--.--,--.--,--.--,--.--,0,0.000,0.000,0.000,0.000,0.000,0.000,0.000,0.000,0.000,0.000,0.000,0.000,true,true,true,true,true,true,false,false,true,true,false,false,0.02,0.01,0.01,0.04,--.--,--.--,0.15,0.17,9223372036854775808,0,--.--,--.--,--.--,--.--,--.--,0,0,0,0,37.4127215,-121.9969225,10SEG 88766 41130,0.7,1.1,81.3,3,10,--.--,--.--,,--.--,--.--,--.--,0,0,--.--,--.--,0,47.5,141.9,-26.4,0.1,1.0,-0.0,--.--,--.--,-26.5,0.2,1.0,-0.0,--.--,--.--,--.--,--.--,2.5,0.0,170.5,0.4,-0.0,1.9,288.15,--.--,--.--,0,0,0.0,0.0,0.0,0,0,0,--.--,--.--,--.--
2026-07-09 16:34:44.554,2.5,0.0,170,0.5,0.0,1.6,1.0,-1.8,0.000,0.0,26.3,64.2,61.2,26.447,0.000,0.000,0.000,161.0,00:02:58,149.8,149.1,1,--.--,0,252,--.--,0000:32:26,84,0,0,1,1,15.30,-1.00,-111,--.--,50,--.--,--:--:--,1,-15.30,16:34:44,21:34:44,7/9/26,--.--,--.--,--.--,--.--,--.--,--.--,--.--,--.--,--.--,--.--,--.--,--.--,0,--.--,--.--,--.--,--.--,--.--,--.--,--.--,--.--,--.--,--.--,--.--,--.--,--.--,--.--,--.--,--.--,0,0.000,0.000,0.000,0.000,0.000,0.000,0.000,0.000,0.000,0.000,0.000,0.000,true,true,true,true,true,true,false,false,true,true,false,false,0.02,0.01,0.01,0.04,--.--,--.--,0.15,0.17,9223372036854775808,0,--.--,--.--,--.--,--.--,--.--,0,0,0,0,37.4127216,-121.9969207,10SEG 88766 41130,0.7,1.1,82.0,3,10,--.--,--.--,,--.--,--.--,--.--,0,0,--.--,--.--,0,47.5,142.0,-26.4,0.1,1.0,-0.0,--.--,--.--,-26.5,0.2,1.0,-0.0,--.--,--.--,--.--,--.--,2.6,-0.0,170.8,0.4,0.0,2.0,288.15,--.--,--.--,0,0,0.0,0.0,0.0,0,0,0,--.--,--.--,--.--
2026-07-09 16:34:45.544,2.5,0.0,170,0.5,0.0,1.6,1.0,-1.8,0.000,0.0,26.3,64.2,61.2,26.447,0.000,0.000,0.000,161.0,00:02:59,149.8,149.1,1,--.--,0,252,--.--,0000:32:26,84,0,0,1,1,15.30,-1.00,-111,--.--,50,--.--,--:--:--,1,-15.30,16:34:45,21:34:45,7/9/26,--.--,--.--,--.--,--.--,--.--,--.--,--.--,--.--,--.--,--.--,--.--,--.--,0,--.--,--.--,--.--,--.--,--.--,--.--,--.--,--.--,--.--,--.--,--.--,--.--,--.--,--.--,--.--,--.--,0,0.000,0.000,0.000,0.000,0.000,0.000,0.000,0.000,0.000,0.000,0.000,0.000,true,true,true,true,true,true,false,false,true,true,false,false,0.02,0.01,0.01,0.04,--.--,--.--,0.15,0.17,9223372036854775808,0,--.--,--.--,--.--,--.--,--.--,0,0,0,0,37.4127216,-121.9969207,10SEG 88766 41130,0.7,1.1,82.0,3,10,--.--,--.--,,--.--,--.--,--.--,0,0,--.--,--.--,0,47.5,142.0,-26.4,0.1,1.0,-0.0,--.--,--.--,-26.5,0.2,1.0,-0.0,--.--,--.--,--.--,--.--,2.6,-0.0,170.8,0.4,0.0,2.0,288.15,--.--,--.--,0,0,0.0,0.0,0.0,0,0,0,--.--,--.--,--.--
2026-07-09 16:34:46.545,2.5,0.0,170,0.5,0.0,1.6,1.0,-1.8,0.000,0.0,26.3,64.2,61.2,26.447,0.000,0.000,0.000,161.0,00:03:00,149.8,149.1,1,--.--,0,252,--.--,0000:32:26,84,0,0,1,1,15.30,-1.00,-111,--.--,50,--.--,--:--:--,1,-15.30,16:34:46,21:34:46,7/9/26,--.--,--.--,--.--,--.--,--.--,--.--,--.--,--.--,--.--,--.--,--.--,--.--,0,--.--,--.--,--.--,--.--,--.--,--.--,--.--,--.--,--.--,--.--,--.--,--.--,--.--,--.--,--.--,--.--,0,0.000,0.000,0.000,0.000,0.000,0.000,0.000,0.000,0.000,0.000,0.000,0.000,true,true,true,true,true,true,false,false,true,true,false,false,0.02,0.01,0.01,0.04,--.--,--.--,0.15,0.17,9223372036854775808,0,--.--,--.--,--.--,--.--,--.--,0,0,0,0,37.4127216,-121.9969207,10SEG 88766 41130,0.7,1.1,82.0,3,10,--.--,--.--,,--.--,--.--,--.--,0,0,--.--,--.--,0,47.5,142.0,-26.4,0.1,1.0,-0.0,--.--,--.--,-26.5,0.2,1.0,-0.0,--.--,--.--,--.--,--.--,2.6,-0.0,170.8,0.4,0.0,2.0,288.15,--.--,--.--,0,0,0.0,0.0,0.0,0,0,0,--.--,--.--,--.--
2026-07-09 16:34:47.545,2.5,0.0,170,0.5,0.0,1.6,1.0,-1.8,0.000,0.0,26.3,64.2,61.2,26.447,0.000,0.000,0.000,161.0,00:03:01,149.8,149.1,1,--.--,0,252,--.--,0000:32:26,84,0,0,1,1,15.30,-1.00,-111,--.--,50,--.--,--:--:--,1,-15.30,16:34:47,21:34:47,7/9/26,--.--,--.--,--.--,--.--,--.--,--.--,--.--,--.--,--.--,--.--,--.--,--.--,0,--.--,--.--,--.--,--.--,--.--,--.--,--.--,--.--,--.--,--.--,--.--,--.--,--.--,--.--,--.--,--.--,0,0.000,0.000,0.000,0.000,0.000,0.000,0.000,0.000,0.000,0.000,0.000,0.000,true,true,true,true,true,true,false,false,true,true,false,false,0.02,0.01,0.01,0.04,--.--,--.--,0.15,0.17,9223372036854775808,0,--.--,--.--,--.--,--.--,--.--,0,0,0,0,37.4127216,-121.9969207,10SEG 88766 41130,0.7,1.1,82.0,3,10,--.--,--.--,,--.--,--.--,--.--,0,0,--.--,--.--,0,47.5,142.0,-26.4,0.1,1.0,-0.0,--.--,--.--,-26.5,0.2,1.0,-0.0,--.--,--.--,--.--,--.--,2.6,-0.0,170.8,0.4,0.0,2.0,288.15,--.--,--.--,0,0,0.0,0.0,0.0,0,0,0,--.--,--.--,--.--
2026-07-09 16:34:48.554,2.5,0.0,170,0.5,0.0,1.6,1.0,-1.8,0.000,0.0,26.3,64.2,61.2,26.447,0.000,0.000,0.000,161.0,00:03:02,149.8,149.1,1,--.--,0,252,--.--,0000:32:26,84,0,0,1,1,15.30,-1.00,-111,--.--,50,--.--,--:--:--,1,-15.30,16:34:48,21:34:48,7/9/26,--.--,--.--,--.--,--.--,--.--,--.--,--.--,--.--,--.--,--.--,--.--,--.--,0,--.--,--.--,--.--,--.--,--.--,--.--,--.--,--.--,--.--,--.--,--.--,--.--,--.--,--.--,--.--,--.--,0,0.000,0.000,0.000,0.000,0.000,0.000,0.000,0.000,0.000,0.000,0.000,0.000,true,true,true,true,true,true,false,false,true,true,false,false,0.02,0.01,0.01,0.04,--.--,--.--,0.15,0.17,9223372036854775808,0,--.--,--.--,--.--,--.--,--.--,0,0,0,0,37.4127216,-121.9969207,10SEG 88766 41130,0.7,1.1,82.0,3,10,--.--,--.--,,--.--,--.--,--.--,0,0,--.--,--.--,0,47.5,142.0,-26.4,0.1,1.0,-0.0,--.--,--.--,-26.5,0.2,1.0,-0.0,--.--,--.--,--.--,--.--,2.6,-0.0,170.8,0.4,0.0,2.0,288.15,--.--,--.--,0,0,0.0,0.0,0.0,0,0,0,--.--,--.--,--.--
2026-07-09 16:34:49.554,2.5,0.0,170,0.5,0.0,1.6,1.0,-1.8,0.000,0.0,26.3,64.2,61.2,26.447,0.000,0.000,0.000,161.0,00:03:03,149.8,149.1,1,--.--,0,252,--.--,0000:32:26,84,0,0,1,1,15.30,-1.00,-111,--.--,50,--.--,--:--:--,1,-15.30,16:34:49,21:34:49,7/9/26,--.--,--.--,--.--,--.--,--.--,--.--,--.--,--.--,--.--,--.--,--.--,--.--,0,--.--,--.--,--.--,--.--,--.--,--.--,--.--,--.--,--.--,--.--,--.--,--.--,--.--,--.--,--.--,--.--,0,0.000,0.000,0.000,0.000,0.000,0.000,0.000,0.000,0.000,0.000,0.000,0.000,true,true,true,true,true,true,false,false,true,true,false,false,0.02,0.01,0.01,0.04,--.--,--.--,0.15,0.17,9223372036854775808,0,--.--,--.--,--.--,--.--,--.--,0,0,0,0,37.4127216,-121.9969207,10SEG 88766 41130,0.7,1.1,82.0,3,10,--.--,--.--,,--.--,--.--,--.--,0,0,--.--,--.--,0,47.5,142.0,-26.4,0.1,1.0,-0.0,--.--,--.--,-26.5,0.2,1.0,-0.0,--.--,--.--,--.--,--.--,2.6,-0.0,170.8,0.4,0.0,2.0,288.15,--.--,--.--,0,0,0.0,0.0,0.0,0,0,0,--.--,--.--,--.--
2026-07-09 16:34:50.545,2.5,0.0,170,0.5,0.0,1.6,1.0,-1.8,0.000,0.0,26.3,64.2,61.2,26.447,0.000,0.000,0.000,161.0,00:03:04,149.8,149.1,1,--.--,0,252,--.--,0000:32:26,84,0,0,1,1,15.30,-1.00,-111,--.--,50,--.--,--:--:--,1,-15.30,16:34:50,21:34:50,7/9/26,--.--,--.--,--.--,--.--,--.--,--.--,--.--,--.--,--.--,--.--,--.--,--.--,0,--.--,--.--,--.--,--.--,--.--,--.--,--.--,--.--,--.--,--.--,--.--,--.--,--.--,--.--,--.--,--.--,0,0.000,0.000,0.000,0.000,0.000,0.000,0.000,0.000,0.000,0.000,0.000,0.000,true,true,true,true,true,true,false,false,true,true,false,false,0.02,0.01,0.01,0.04,--.--,--.--,0.15,0.17,9223372036854775808,0,--.--,--.--,--.--,--.--,--.--,0,0,0,0,37.4127216,-121.9969207,10SEG 88766 41130,0.7,1.1,82.0,3,10,--.--,--.--,,--.--,--.--,--.--,0,0,--.--,--.--,0,47.5,142.0,-26.4,0.1,1.0,-0.0,--.--,--.--,-26.5,0.2,1.0,-0.0,--.--,--.--,--.--,--.--,2.6,-0.0,170.8,0.4,0.0,2.0,288.15,--.--,--.--,0,0,0.0,0.0,0.0,0,0,0,--.--,--.--,--.--
2026-07-09 16:34:51.545,2.5,0.0,170,0.5,0.0,1.6,1.0,-1.8,0.000,0.0,26.3,64.2,61.2,26.447,0.000,0.000,0.000,161.0,00:03:05,149.8,149.1,1,--.--,0,252,--.--,0000:32:26,84,0,0,1,1,15.30,-1.00,-111,--.--,50,--.--,--:--:--,1,-15.30,16:34:51,21:34:51,7/9/26,--.--,--.--,--.--,--.--,--.--,--.--,--.--,--.--,--.--,--.--,--.--,--.--,0,--.--,--.--,--.--,--.--,--.--,--.--,--.--,--.--,--.--,--.--,--.--,--.--,--.--,--.--,--.--,--.--,0,0.000,0.000,0.000,0.000,0.000,0.000,0.000,0.000,0.000,0.000,0.000,0.000,true,true,true,true,true,true,false,false,true,true,false,false,0.02,0.01,0.01,0.04,--.--,--.--,0.15,0.17,9223372036854775808,0,--.--,--.--,--.--,--.--,--.--,0,0,0,0,37.4127216,-121.9969207,10SEG 88766 41130,0.7,1.1,82.0,3,10,--.--,--.--,,--.--,--.--,--.--,0,0,--.--,--.--,0,47.5,142.0,-26.4,0.1,1.0,-0.0,--.--,--.--,-26.5,0.2,1.0,-0.0,--.--,--.--,--.--,--.--,2.6,-0.0,170.8,0.4,0.0,2.0,288.15,--.--,--.--,0,0,0.0,0.0,0.0,0,0,0,--.--,--.--,--.--
2026-07-09 16:34:52.544,2.5,0.0,170,0.5,0.0,1.6,1.0,-1.8,0.000,0.0,26.3,64.2,61.2,26.447,0.000,0.000,0.000,161.0,00:03:06,149.8,149.1,1,--.--,0,252,--.--,0000:32:26,84,0,0,1,1,15.30,-1.00,-111,--.--,50,--.--,--:--:--,1,-15.30,16:34:52,21:34:52,7/9/26,--.--,--.--,--.--,--.--,--.--,--.--,--.--,--.--,--.--,--.--,--.--,--.--,0,--.--,--.--,--.--,--.--,--.--,--.--,--.--,--.--,--.--,--.--,--.--,--.--,--.--,--.--,--.--,--.--,0,0.000,0.000,0.000,0.000,0.000,0.000,0.000,0.000,0.000,0.000,0.000,0.000,true,true,true,true,true,true,false,false,true,true,false,false,0.02,0.01,0.01,0.04,--.--,--.--,0.15,0.17,9223372036854775808,0,--.--,--.--,--.--,--.--,--.--,0,0,0,0,37.4127216,-121.9969207,10SEG 88766 41130,0.7,1.1,82.0,3,10,--.--,--.--,,--.--,--.--,--.--,0,0,--.--,--.--,0,47.5,142.0,-26.4,0.1,1.0,-0.0,--.--,--.--,-26.5,0.2,1.0,-0.0,--.--,--.--,--.--,--.--,2.6,-0.0,170.8,0.4,0.0,2.0,288.15,--.--,--.--,0,0,0.0,0.0,0.0,0,0,0,--.--,--.--,--.--
2026-07-09 16:34:53.544,2.5,0.0,170,0.5,0.0,1.6,1.0,-1.8,0.000,0.0,26.3,64.2,61.2,26.447,0.000,0.000,0.000,161.0,00:03:07,149.8,149.1,1,--.--,0,252,--.--,0000:32:26,84,0,0,1,1,15.30,-1.00,-111,--.--,50,--.--,--:--:--,1,-15.30,16:34:53,21:34:53,7/9/26,--.--,--.--,--.--,--.--,--.--,--.--,--.--,--.--,--.--,--.--,--.--,--.--,0,--.--,--.--,--.--,--.--,--.--,--.--,--.--,--.--,--.--,--.--,--.--,--.--,--.--,--.--,--.--,--.--,0,0.000,0.000,0.000,0.000,0.000,0.000,0.000,0.000,0.000,0.000,0.000,0.000,true,true,true,true,true,true,false,false,true,true,false,false,0.02,0.01,0.01,0.04,--.--,--.--,0.15,0.17,9223372036854775808,0,--.--,--.--,--.--,--.--,--.--,0,0,0,0,37.4127216,-121.9969207,10SEG 88766 41130,0.7,1.1,82.0,3,10,--.--,--.--,,--.--,--.--,--.--,0,0,--.--,--.--,0,47.5,142.0,-26.4,0.1,1.0,-0.0,--.--,--.--,-26.5,0.2,1.0,-0.0,--.--,--.--,--.--,--.--,2.6,-0.0,170.8,0.4,0.0,2.0,288.15,--.--,--.--,0,0,0.0,0.0,0.0,0,0,0,--.--,--.--,--.--
2026-07-09 16:34:54.544,2.5,0.0,170,0.5,0.0,1.6,1.0,-1.8,0.000,0.0,26.3,64.2,61.2,26.447,0.000,0.000,0.000,161.0,00:03:08,149.8,149.1,1,--.--,0,252,--.--,0000:32:26,84,0,0,1,1,15.30,-1.00,-111,--.--,50,--.--,--:--:--,1,-15.30,16:34:54,21:34:54,7/9/26,--.--,--.--,--.--,--.--,--.--,--.--,--.--,--.--,--.--,--.--,--.--,--.--,0,--.--,--.--,--.--,--.--,--.--,--.--,--.--,--.--,--.--,--.--,--.--,--.--,--.--,--.--,--.--,--.--,0,0.000,0.000,0.000,0.000,0.000,0.000,0.000,0.000,0.000,0.000,0.000,0.000,true,true,true,true,true,true,false,false,true,true,false,false,0.02,0.01,0.01,0.04,--.--,--.--,0.15,0.17,9223372036854775808,0,--.--,--.--,--.--,--.--,--.--,0,0,0,0,37.4127216,-121.9969207,10SEG 88766 41130,0.7,1.1,82.0,3,10,--.--,--.--,,--.--,--.--,--.--,0,0,--.--,--.--,0,47.5,142.0,-26.4,0.1,1.0,-0.0,--.--,--.--,-26.5,0.2,1.0,-0.0,--.--,--.--,--.--,--.--,2.6,-0.0,170.8,0.4,0.0,2.0,288.15,--.--,--.--,0,0,0.0,0.0,0.0,0,0,0,--.--,--.--,--.--
2026-07-09 16:34:55.545,2.5,0.0,170,0.5,0.0,1.6,1.0,-1.8,0.000,0.0,26.3,64.2,61.2,26.447,0.000,0.000,0.000,161.0,00:03:09,149.8,149.1,1,--.--,0,252,--.--,0000:32:26,84,0,0,1,1,15.30,-1.00,-111,--.--,50,--.--,--:--:--,1,-15.30,16:34:55,21:34:55,7/9/26,--.--,--.--,--.--,--.--,--.--,--.--,--.--,--.--,--.--,--.--,--.--,--.--,0,--.--,--.--,--.--,--.--,--.--,--.--,--.--,--.--,--.--,--.--,--.--,--.--,--.--,--.--,--.--,--.--,0,0.000,0.000,0.000,0.000,0.000,0.000,0.000,0.000,0.000,0.000,0.000,0.000,true,true,true,true,true,true,false,false,true,true,false,false,0.02,0.01,0.01,0.04,--.--,--.--,0.15,0.17,9223372036854775808,0,--.--,--.--,--.--,--.--,--.--,0,0,0,0,37.4127216,-121.9969207,10SEG 88766 41130,0.7,1.1,82.0,3,10,--.--,--.--,,--.--,--.--,--.--,0,0,--.--,--.--,0,47.5,142.0,-26.4,0.1,1.0,-0.0,--.--,--.--,-26.5,0.2,1.0,-0.0,--.--,--.--,--.--,--.--,2.6,-0.0,170.8,0.4,0.0,2.0,288.15,--.--,--.--,0,0,0.0,0.0,0.0,0,0,0,--.--,--.--,--.--
2026-07-09 16:34:56.545,2.5,0.0,170,0.5,0.0,1.6,1.0,-1.8,0.000,0.0,26.3,64.2,61.2,26.447,0.000,0.000,0.000,161.0,00:03:10,149.8,149.1,1,--.--,0,252,--.--,0000:32:26,84,0,0,1,1,15.30,-1.00,-111,--.--,50,--.--,--:--:--,1,-15.30,16:34:56,21:34:56,7/9/26,--.--,--.--,--.--,--.--,--.--,--.--,--.--,--.--,--.--,--.--,--.--,--.--,0,--.--,--.--,--.--,--.--,--.--,--.--,--.--,--.--,--.--,--.--,--.--,--.--,--.--,--.--,--.--,--.--,0,0.000,0.000,0.000,0.000,0.000,0.000,0.000,0.000,0.000,0.000,0.000,0.000,true,true,true,true,true,true,false,false,true,true,false,false,0.02,0.01,0.01,0.04,--.--,--.--,0.15,0.17,9223372036854775808,0,--.--,--.--,--.--,--.--,--.--,0,0,0,0,37.4127216,-121.9969207,10SEG 88766 41130,0.7,1.1,82.0,3,10,--.--,--.--,,--.--,--.--,--.--,0,0,--.--,--.--,0,47.5,142.0,-26.4,0.1,1.0,-0.0,--.--,--.--,-26.5,0.2,1.0,-0.0,--.--,--.--,--.--,--.--,2.6,-0.0,170.8,0.4,0.0,2.0,288.15,--.--,--.--,0,0,0.0,0.0,0.0,0,0,0,--.--,--.--,--.--
2026-07-09 16:34:57.545,2.5,0.0,170,0.5,0.0,1.6,1.0,-1.8,0.000,0.0,26.3,64.2,61.2,26.447,0.000,0.000,0.000,161.0,00:03:11,149.8,149.1,1,--.--,0,252,--.--,0000:32:26,84,0,0,1,1,15.30,-1.00,-111,--.--,50,--.--,--:--:--,1,-15.30,16:34:57,21:34:57,7/9/26,--.--,--.--,--.--,--.--,--.--,--.--,--.--,--.--,--.--,--.--,--.--,--.--,0,--.--,--.--,--.--,--.--,--.--,--.--,--.--,--.--,--.--,--.--,--.--,--.--,--.--,--.--,--.--,--.--,0,0.000,0.000,0.000,0.000,0.000,0.000,0.000,0.000,0.000,0.000,0.000,0.000,true,true,true,true,true,true,false,false,true,true,false,false,0.02,0.01,0.01,0.04,--.--,--.--,0.15,0.17,9223372036854775808,0,--.--,--.--,--.--,--.--,--.--,0,0,0,0,37.4127216,-121.9969207,10SEG 88766 41130,0.7,1.1,82.0,3,10,--.--,--.--,,--.--,--.--,--.--,0,0,--.--,--.--,0,47.5,142.0,-26.4,0.1,1.0,-0.0,--.--,--.--,-26.5,0.2,1.0,-0.0,--.--,--.--,--.--,--.--,2.6,-0.0,170.8,0.4,0.0,2.0,288.15,--.--,--.--,0,0,0.0,0.0,0.0,0,0,0,--.--,--.--,--.--
2026-07-09 16:34:58.545,2.5,0.0,170,0.5,0.0,1.6,1.0,-1.8,0.000,0.0,26.3,64.2,61.2,26.447,0.000,0.000,0.000,161.0,00:03:12,149.8,149.1,1,--.--,0,252,--.--,0000:32:26,84,0,0,1,1,15.30,-1.00,-111,--.--,50,--.--,--:--:--,1,-15.30,16:34:58,21:34:58,7/9/26,--.--,--.--,--.--,--.--,--.--,--.--,--.--,--.--,--.--,--.--,--.--,--.--,0,--.--,--.--,--.--,--.--,--.--,--.--,--.--,--.--,--.--,--.--,--.--,--.--,--.--,--.--,--.--,--.--,0,0.000,0.000,0.000,0.000,0.000,0.000,0.000,0.000,0.000,0.000,0.000,0.000,true,true,true,true,true,true,false,false,true,true,false,false,0.02,0.01,0.01,0.04,--.--,--.--,0.15,0.17,9223372036854775808,0,--.--,--.--,--.--,--.--,--.--,0,0,0,0,37.4127216,-121.9969207,10SEG 88766 41130,0.7,1.1,82.0,3,10,--.--,--.--,,--.--,--.--,--.--,0,0,--.--,--.--,0,47.5,142.0,-26.4,0.1,1.0,-0.0,--.--,--.--,-26.5,0.2,1.0,-0.0,--.--,--.--,--.--,--.--,2.6,-0.0,170.8,0.4,0.0,2.0,288.15,--.--,--.--,0,0,0.0,0.0,0.0,0,0,0,--.--,--.--,--.--
2026-07-09 16:34:59.544,2.5,0.0,170,0.5,0.0,1.6,1.0,-1.8,0.000,0.0,26.3,64.2,61.2,26.447,0.000,0.000,0.000,161.0,00:03:13,149.8,149.1,1,--.--,0,252,--.--,0000:32:26,84,0,0,1,1,15.30,-1.00,-111,--.--,50,--.--,--:--:--,1,-15.30,16:34:59,21:34:59,7/9/26,--.--,--.--,--.--,--.--,--.--,--.--,--.--,--.--,--.--,--.--,--.--,--.--,0,--.--,--.--,--.--,--.--,--.--,--.--,--.--,--.--,--.--,--.--,--.--,--.--,--.--,--.--,--.--,--.--,0,0.000,0.000,0.000,0.000,0.000,0.000,0.000,0.000,0.000,0.000,0.000,0.000,true,true,true,true,true,true,false,false,true,true,false,false,0.02,0.01,0.01,0.04,--.--,--.--,0.15,0.17,9223372036854775808,0,--.--,--.--,--.--,--.--,--.--,0,0,0,0,37.4127216,-121.9969207,10SEG 88766 41130,0.7,1.1,82.0,3,10,--.--,--.--,,--.--,--.--,--.--,0,0,--.--,--.--,0,47.5,142.0,-26.4,0.1,1.0,-0.0,--.--,--.--,-26.5,0.2,1.0,-0.0,--.--,--.--,--.--,--.--,2.6,-0.0,170.8,0.4,0.0,2.0,288.15,--.--,--.--,0,0,0.0,0.0,0.0,0,0,0,--.--,--.--,--.--
2026-07-09 16:35:00.544,2.5,0.0,170,0.5,0.0,1.6,1.0,-1.8,0.000,0.0,26.3,64.2,61.2,26.447,0.000,0.000,0.000,161.0,00:03:14,149.8,149.1,1,--.--,0,252,--.--,0000:32:26,84,0,0,1,1,15.30,-1.00,-111,--.--,50,--.--,--:--:--,1,-15.30,16:35:00,21:35:00,7/9/26,--.--,--.--,--.--,--.--,--.--,--.--,--.--,--.--,--.--,--.--,--.--,--.--,0,--.--,--.--,--.--,--.--,--.--,--.--,--.--,--.--,--.--,--.--,--.--,--.--,--.--,--.--,--.--,--.--,0,0.000,0.000,0.000,0.000,0.000,0.000,0.000,0.000,0.000,0.000,0.000,0.000,true,true,true,true,true,true,false,false,true,true,false,false,0.02,0.01,0.01,0.04,--.--,--.--,0.15,0.17,9223372036854775808,0,--.--,--.--,--.--,--.--,--.--,0,0,0,0,37.4127216,-121.9969207,10SEG 88766 41130,0.7,1.1,82.0,3,10,--.--,--.--,,--.--,--.--,--.--,0,0,--.--,--.--,0,47.5,142.0,-26.4,0.1,1.0,-0.0,--.--,--.--,-26.5,0.2,1.0,-0.0,--.--,--.--,--.--,--.--,2.6,-0.0,170.8,0.4,0.0,2.0,288.15,--.--,--.--,0,0,0.0,0.0,0.0,0,0,0,--.--,--.--,--.--
2026-07-09 16:35:01.545,2.5,0.0,170,0.5,0.0,1.6,1.0,-1.8,0.000,0.0,26.3,64.2,61.2,26.447,0.000,0.000,0.000,161.0,00:03:15,149.8,149.1,1,--.--,0,252,--.--,0000:32:26,84,0,0,1,1,15.30,-1.00,-111,--.--,50,--.--,--:--:--,1,-15.30,16:35:01,21:35:01,7/9/26,--.--,--.--,--.--,--.--,--.--,--.--,--.--,--.--,--.--,--.--,--.--,--.--,0,--.--,--.--,--.--,--.--,--.--,--.--,--.--,--.--,--.--,--.--,--.--,--.--,--.--,--.--,--.--,--.--,0,0.000,0.000,0.000,0.000,0.000,0.000,0.000,0.000,0.000,0.000,0.000,0.000,true,true,true,true,true,true,false,false,true,true,false,false,0.02,0.01,0.01,0.04,--.--,--.--,0.15,0.17,9223372036854775808,0,--.--,--.--,--.--,--.--,--.--,0,0,0,0,37.4127216,-121.9969207,10SEG 88766 41130,0.7,1.1,82.0,3,10,--.--,--.--,,--.--,--.--,--.--,0,0,--.--,--.--,0,47.5,142.0,-26.4,0.1,1.0,-0.0,--.--,--.--,-26.5,0.2,1.0,-0.0,--.--,--.--,--.--,--.--,2.6,-0.0,170.8,0.4,0.0,2.0,288.15,--.--,--.--,0,0,0.0,0.0,0.0,0,0,0,--.--,--.--,--.--
2026-07-09 16:35:02.544,2.5,0.0,170,0.5,0.0,1.6,1.0,-1.8,0.000,0.0,26.3,64.2,61.2,26.447,0.000,0.000,0.000,161.0,00:03:16,149.8,149.1,1,--.--,0,252,--.--,0000:32:26,84,0,0,1,1,15.30,-1.00,-111,--.--,50,--.--,--:--:--,1,-15.30,16:35:02,21:35:02,7/9/26,--.--,--.--,--.--,--.--,--.--,--.--,--.--,--.--,--.--,--.--,--.--,--.--,0,--.--,--.--,--.--,--.--,--.--,--.--,--.--,--.--,--.--,--.--,--.--,--.--,--.--,--.--,--.--,--.--,0,0.000,0.000,0.000,0.000,0.000,0.000,0.000,0.000,0.000,0.000,0.000,0.000,true,true,true,true,true,true,false,false,true,true,false,false,0.02,0.01,0.01,0.04,--.--,--.--,0.15,0.17,9223372036854775808,0,--.--,--.--,--.--,--.--,--.--,0,0,0,0,37.4127216,-121.9969207,10SEG 88766 41130,0.7,1.1,82.0,3,10,--.--,--.--,,--.--,--.--,--.--,0,0,--.--,--.--,0,47.5,142.0,-26.4,0.1,1.0,-0.0,--.--,--.--,-26.5,0.2,1.0,-0.0,--.--,--.--,--.--,--.--,2.6,-0.0,170.8,0.4,0.0,2.0,288.15,--.--,--.--,0,0,0.0,0.0,0.0,0,0,0,--.--,--.--,--.--
2026-07-09 16:35:03.545,2.5,0.0,170,0.5,0.0,1.6,1.0,-1.8,0.000,0.0,26.3,64.2,61.2,26.447,0.000,0.000,0.000,161.0,00:03:17,149.8,149.1,1,--.--,0,252,--.--,0000:32:26,84,0,0,1,1,15.30,-1.00,-111,--.--,50,--.--,--:--:--,1,-15.30,16:35:03,21:35:03,7/9/26,--.--,--.--,--.--,--.--,--.--,--.--,--.--,--.--,--.--,--.--,--.--,--.--,0,--.--,--.--,--.--,--.--,--.--,--.--,--.--,--.--,--.--,--.--,--.--,--.--,--.--,--.--,--.--,--.--,0,0.000,0.000,0.000,0.000,0.000,0.000,0.000,0.000,0.000,0.000,0.000,0.000,true,true,true,true,true,true,false,false,true,true,false,false,0.02,0.01,0.01,0.04,--.--,--.--,0.15,0.17,9223372036854775808,0,--.--,--.--,--.--,--.--,--.--,0,0,0,0,37.4127216,-121.9969207,10SEG 88766 41130,0.7,1.1,82.0,3,10,--.--,--.--,,--.--,--.--,--.--,0,0,--.--,--.--,0,47.5,142.0,-26.4,0.1,1.0,-0.0,--.--,--.--,-26.5,0.2,1.0,-0.0,--.--,--.--,--.--,--.--,2.6,-0.0,170.8,0.4,0.0,2.0,288.15,--.--,--.--,0,0,0.0,0.0,0.0,0,0,0,--.--,--.--,--.--
2026-07-09 16:35:04.544,2.5,0.0,170,0.5,0.0,1.6,1.0,-1.8,0.000,0.0,26.3,64.2,61.2,26.447,0.000,0.000,0.000,161.0,00:03:18,149.8,149.1,1,--.--,0,252,--.--,0000:32:26,84,0,0,1,1,15.30,-1.00,-111,--.--,50,--.--,--:--:--,1,-15.30,16:35:04,21:35:04,7/9/26,--.--,--.--,--.--,--.--,--.--,--.--,--.--,--.--,--.--,--.--,--.--,--.--,0,--.--,--.--,--.--,--.--,--.--,--.--,--.--,--.--,--.--,--.--,--.--,--.--,--.--,--.--,--.--,--.--,0,0.000,0.000,0.000,0.000,0.000,0.000,0.000,0.000,0.000,0.000,0.000,0.000,true,true,true,true,true,true,false,false,true,true,false,false,0.02,0.01,0.01,0.04,--.--,--.--,0.15,0.17,9223372036854775808,0,--.--,--.--,--.--,--.--,--.--,0,0,0,0,37.4127216,-121.9969207,10SEG 88766 41130,0.7,1.1,82.0,3,10,--.--,--.--,,--.--,--.--,--.--,0,0,--.--,--.--,0,47.5,142.0,-26.4,0.1,1.0,-0.0,--.--,--.--,-26.5,0.2,1.0,-0.0,--.--,--.--,--.--,--.--,2.6,-0.0,170.8,0.4,0.0,2.0,288.15,--.--,--.--,0,0,0.0,0.0,0.0,0,0,0,--.--,--.--,--.--
2026-07-09 16:35:05.544,2.5,0.0,170,0.5,0.0,1.6,1.0,-1.8,0.000,0.0,26.3,64.2,61.2,26.447,0.000,0.000,0.000,161.0,00:03:19,149.8,149.1,1,--.--,0,252,--.--,0000:32:26,84,0,0,1,1,15.30,-1.00,-111,--.--,50,--.--,--:--:--,1,-15.30,16:35:05,21:35:05,7/9/26,--.--,--.--,--.--,--.--,--.--,--.--,--.--,--.--,--.--,--.--,--.--,--.--,0,--.--,--.--,--.--,--.--,--.--,--.--,--.--,--.--,--.--,--.--,--.--,--.--,--.--,--.--,--.--,--.--,0,0.000,0.000,0.000,0.000,0.000,0.000,0.000,0.000,0.000,0.000,0.000,0.000,true,true,true,true,true,true,false,false,true,true,false,false,0.02,0.01,0.01,0.04,--.--,--.--,0.15,0.17,9223372036854775808,0,--.--,--.--,--.--,--.--,--.--,0,0,0,0,37.4127216,-121.9969207,10SEG 88766 41130,0.7,1.1,82.0,3,10,--.--,--.--,,--.--,--.--,--.--,0,0,--.--,--.--,0,47.5,142.0,-26.4,0.1,1.0,-0.0,--.--,--.--,-26.5,0.2,1.0,-0.0,--.--,--.--,--.--,--.--,2.6,-0.0,170.8,0.4,0.0,2.0,288.15,--.--,--.--,0,0,0.0,0.0,0.0,0,0,0,--.--,--.--,--.--
2026-07-09 16:35:06.545,2.5,0.0,170,0.5,0.0,1.6,1.0,-1.8,0.000,0.0,26.3,64.2,61.2,26.447,0.000,0.000,0.000,161.0,00:03:20,149.8,149.1,1,--.--,0,252,--.--,0000:32:26,84,0,0,1,1,15.30,-1.00,-111,--.--,50,--.--,--:--:--,1,-15.30,16:35:06,21:35:06,7/9/26,--.--,--.--,--.--,--.--,--.--,--.--,--.--,--.--,--.--,--.--,--.--,--.--,0,--.--,--.--,--.--,--.--,--.--,--.--,--.--,--.--,--.--,--.--,--.--,--.--,--.--,--.--,--.--,--.--,0,0.000,0.000,0.000,0.000,0.000,0.000,0.000,0.000,0.000,0.000,0.000,0.000,true,true,true,true,true,true,false,false,true,true,false,false,0.02,0.01,0.01,0.04,--.--,--.--,0.15,0.17,9223372036854775808,0,--.--,--.--,--.--,--.--,--.--,0,0,0,0,37.4127216,-121.9969207,10SEG 88766 41130,0.7,1.1,82.0,3,10,--.--,--.--,,--.--,--.--,--.--,0,0,--.--,--.--,0,47.5,142.0,-26.4,0.1,1.0,-0.0,--.--,--.--,-26.5,0.2,1.0,-0.0,--.--,--.--,--.--,--.--,2.6,-0.0,170.8,0.4,0.0,2.0,288.15,--.--,--.--,0,0,0.0,0.0,0.0,0,0,0,--.--,--.--,--.--
2026-07-09 16:35:07.544,2.5,0.0,170,0.5,0.0,1.6,1.0,-1.8,0.000,0.0,26.3,64.2,61.2,26.447,0.000,0.000,0.000,161.0,00:03:21,149.8,149.1,1,--.--,0,252,--.--,0000:32:26,84,0,0,1,1,15.30,-1.00,-111,--.--,50,--.--,--:--:--,1,-15.30,16:35:07,21:35:07,7/9/26,--.--,--.--,--.--,--.--,--.--,--.--,--.--,--.--,--.--,--.--,--.--,--.--,0,--.--,--.--,--.--,--.--,--.--,--.--,--.--,--.--,--.--,--.--,--.--,--.--,--.--,--.--,--.--,--.--,0,0.000,0.000,0.000,0.000,0.000,0.000,0.000,0.000,0.000,0.000,0.000,0.000,true,true,true,true,true,true,false,false,true,true,false,false,0.02,0.01,0.01,0.04,--.--,--.--,0.15,0.17,9223372036854775808,0,--.--,--.--,--.--,--.--,--.--,0,0,0,0,37.4127216,-121.9969207,10SEG 88766 41130,0.7,1.1,82.0,3,10,--.--,--.--,,--.--,--.--,--.--,0,0,--.--,--.--,0,47.5,142.0,-26.4,0.1,1.0,-0.0,--.--,--.--,-26.5,0.2,1.0,-0.0,--.--,--.--,--.--,--.--,2.6,-0.0,170.8,0.4,0.0,2.0,288.15,--.--,--.--,0,0,0.0,0.0,0.0,0,0,0,--.--,--.--,--.--
2026-07-09 16:35:08.545,2.5,0.0,170,0.5,0.0,1.6,1.0,-1.8,0.000,0.0,26.3,64.2,61.2,26.447,0.000,0.000,0.000,161.0,00:03:22,149.8,149.1,1,--.--,0,252,--.--,0000:32:26,84,0,0,1,1,15.30,-1.00,-111,--.--,50,--.--,--:--:--,1,-15.30,16:35:08,21:35:08,7/9/26,--.--,--.--,--.--,--.--,--.--,--.--,--.--,--.--,--.--,--.--,--.--,--.--,0,--.--,--.--,--.--,--.--,--.--,--.--,--.--,--.--,--.--,--.--,--.--,--.--,--.--,--.--,--.--,--.--,0,0.000,0.000,0.000,0.000,0.000,0.000,0.000,0.000,0.000,0.000,0.000,0.000,true,true,true,true,true,true,false,false,true,true,false,false,0.02,0.01,0.01,0.04,--.--,--.--,0.15,0.17,9223372036854775808,0,--.--,--.--,--.--,--.--,--.--,0,0,0,0,37.4127216,-121.9969207,10SEG 88766 41130,0.7,1.1,82.0,3,10,--.--,--.--,,--.--,--.--,--.--,0,0,--.--,--.--,0,47.5,142.0,-26.4,0.1,1.0,-0.0,--.--,--.--,-26.5,0.2,1.0,-0.0,--.--,--.--,--.--,--.--,2.6,-0.0,170.8,0.4,0.0,2.0,288.15,--.--,--.--,0,0,0.0,0.0,0.0,0,0,0,--.--,--.--,--.--
2026-07-09 16:35:09.545,2.5,0.0,170,0.5,0.0,1.6,1.0,-1.8,0.000,0.0,26.3,64.2,61.2,26.447,0.000,0.000,0.000,161.0,00:03:23,149.8,149.1,1,--.--,0,252,--.--,0000:32:26,84,0,0,1,1,15.30,-1.00,-111,--.--,50,--.--,--:--:--,1,-15.30,16:35:09,21:35:09,7/9/26,--.--,--.--,--.--,--.--,--.--,--.--,--.--,--.--,--.--,--.--,--.--,--.--,0,--.--,--.--,--.--,--.--,--.--,--.--,--.--,--.--,--.--,--.--,--.--,--.--,--.--,--.--,--.--,--.--,0,0.000,0.000,0.000,0.000,0.000,0.000,0.000,0.000,0.000,0.000,0.000,0.000,true,true,true,true,true,true,false,false,true,true,false,false,0.02,0.01,0.01,0.04,--.--,--.--,0.15,0.17,9223372036854775808,0,--.--,--.--,--.--,--.--,--.--,0,0,0,0,37.4127216,-121.9969207,10SEG 88766 41130,0.7,1.1,82.0,3,10,--.--,--.--,,--.--,--.--,--.--,0,0,--.--,--.--,0,47.5,142.0,-26.4,0.1,1.0,-0.0,--.--,--.--,-26.5,0.2,1.0,-0.0,--.--,--.--,--.--,--.--,2.6,-0.0,170.8,0.4,0.0,2.0,288.15,--.--,--.--,0,0,0.0,0.0,0.0,0,0,0,--.--,--.--,--.--
2026-07-09 16:35:10.545,2.5,0.0,170,0.5,0.0,1.6,1.0,-1.8,0.000,0.0,26.3,64.2,61.2,26.447,0.000,0.000,0.000,161.0,00:03:24,149.8,149.1,1,--.--,0,252,--.--,0000:32:26,84,0,0,1,1,15.30,-1.00,-111,--.--,50,--.--,--:--:--,1,-15.30,16:35:10,21:35:10,7/9/26,--.--,--.--,--.--,--.--,--.--,--.--,--.--,--.--,--.--,--.--,--.--,--.--,0,--.--,--.--,--.--,--.--,--.--,--.--,--.--,--.--,--.--,--.--,--.--,--.--,--.--,--.--,--.--,--.--,0,0.000,0.000,0.000,0.000,0.000,0.000,0.000,0.000,0.000,0.000,0.000,0.000,true,true,true,true,true,true,false,false,true,true,false,false,0.02,0.01,0.01,0.04,--.--,--.--,0.15,0.17,9223372036854775808,0,--.--,--.--,--.--,--.--,--.--,0,0,0,0,37.4127216,-121.9969207,10SEG 88766 41130,0.7,1.1,82.0,3,10,--.--,--.--,,--.--,--.--,--.--,0,0,--.--,--.--,0,47.5,142.0,-26.4,0.1,1.0,-0.0,--.--,--.--,-26.5,0.2,1.0,-0.0,--.--,--.--,--.--,--.--,2.6,-0.0,170.8,0.4,0.0,2.0,288.15,--.--,--.--,0,0,0.0,0.0,0.0,0,0,0,--.--,--.--,--.--
2026-07-09 16:35:11.544,2.5,0.0,170,0.5,0.0,1.6,1.0,-1.8,0.000,0.0,26.3,64.2,61.2,26.447,0.000,0.000,0.000,161.0,00:03:25,149.8,149.1,1,--.--,0,252,--.--,0000:32:26,84,0,0,1,1,15.30,-1.00,-111,--.--,50,--.--,--:--:--,1,-15.30,16:35:11,21:35:11,7/9/26,--.--,--.--,--.--,--.--,--.--,--.--,--.--,--.--,--.--,--.--,--.--,--.--,0,--.--,--.--,--.--,--.--,--.--,--.--,--.--,--.--,--.--,--.--,--.--,--.--,--.--,--.--,--.--,--.--,0,0.000,0.000,0.000,0.000,0.000,0.000,0.000,0.000,0.000,0.000,0.000,0.000,true,true,true,true,true,true,false,false,true,true,false,false,0.02,0.01,0.01,0.04,--.--,--.--,0.15,0.17,9223372036854775808,0,--.--,--.--,--.--,--.--,--.--,0,0,0,0,37.4127216,-121.9969207,10SEG 88766 41130,0.7,1.1,82.0,3,10,--.--,--.--,,--.--,--.--,--.--,0,0,--.--,--.--,0,47.5,142.0,-26.4,0.1,1.0,-0.0,--.--,--.--,-26.5,0.2,1.0,-0.0,--.--,--.--,--.--,--.--,2.6,-0.0,170.8,0.4,0.0,2.0,288.15,--.--,--.--,0,0,0.0,0.0,0.0,0,0,0,--.--,--.--,--.--
2026-07-09 16:35:12.545,2.5,0.0,170,0.5,0.0,1.6,1.0,-1.8,0.000,0.0,26.3,64.2,61.2,26.447,0.000,0.000,0.000,161.0,00:03:26,149.8,149.1,1,--.--,0,252,--.--,0000:32:26,84,0,0,1,1,15.30,-1.00,-111,--.--,50,--.--,--:--:--,1,-15.30,16:35:12,21:35:12,7/9/26,--.--,--.--,--.--,--.--,--.--,--.--,--.--,--.--,--.--,--.--,--.--,--.--,0,--.--,--.--,--.--,--.--,--.--,--.--,--.--,--.--,--.--,--.--,--.--,--.--,--.--,--.--,--.--,--.--,0,0.000,0.000,0.000,0.000,0.000,0.000,0.000,0.000,0.000,0.000,0.000,0.000,true,true,true,true,true,true,false,false,true,true,false,false,0.02,0.01,0.01,0.04,--.--,--.--,0.15,0.17,9223372036854775808,0,--.--,--.--,--.--,--.--,--.--,0,0,0,0,37.4127216,-121.9969207,10SEG 88766 41130,0.7,1.1,82.0,3,10,--.--,--.--,,--.--,--.--,--.--,0,0,--.--,--.--,0,47.5,142.0,-26.4,0.1,1.0,-0.0,--.--,--.--,-26.5,0.2,1.0,-0.0,--.--,--.--,--.--,--.--,2.6,-0.0,170.8,0.4,0.0,2.0,288.15,--.--,--.--,0,0,0.0,0.0,0.0,0,0,0,--.--,--.--,--.--
2026-07-09 16:35:13.553,2.5,0.0,170,0.5,0.0,1.6,1.0,-1.8,0.000,0.0,26.3,64.2,61.2,26.447,0.000,0.000,0.000,161.0,00:03:27,149.8,149.1,1,--.--,0,252,--.--,0000:32:26,84,0,0,1,1,15.30,-1.00,-111,--.--,50,--.--,--:--:--,1,-15.30,16:35:13,21:35:13,7/9/26,--.--,--.--,--.--,--.--,--.--,--.--,--.--,--.--,--.--,--.--,--.--,--.--,0,--.--,--.--,--.--,--.--,--.--,--.--,--.--,--.--,--.--,--.--,--.--,--.--,--.--,--.--,--.--,--.--,0,0.000,0.000,0.000,0.000,0.000,0.000,0.000,0.000,0.000,0.000,0.000,0.000,true,true,true,true,true,true,false,false,true,true,false,false,0.02,0.01,0.01,0.04,--.--,--.--,0.15,0.17,9223372036854775808,0,--.--,--.--,--.--,--.--,--.--,0,0,0,0,37.4127216,-121.9969207,10SEG 88766 41130,0.7,1.1,82.0,3,10,--.--,--.--,,--.--,--.--,--.--,0,0,--.--,--.--,0,47.5,142.0,-26.4,0.1,1.0,-0.0,--.--,--.--,-26.5,0.2,1.0,-0.0,--.--,--.--,--.--,--.--,2.6,-0.0,170.8,0.4,0.0,2.0,288.15,--.--,--.--,0,0,0.0,0.0,0.0,0,0,0,--.--,--.--,--.--
2026-07-09 16:35:14.553,2.5,0.0,170,0.5,0.0,1.6,1.0,-1.8,0.000,0.0,26.3,64.2,61.2,26.447,0.000,0.000,0.000,161.0,00:03:28,149.8,149.1,1,--.--,0,252,--.--,0000:32:26,84,0,0,1,1,15.30,-1.00,-111,--.--,50,--.--,--:--:--,1,-15.30,16:35:14,21:35:14,7/9/26,--.--,--.--,--.--,--.--,--.--,--.--,--.--,--.--,--.--,--.--,--.--,--.--,0,--.--,--.--,--.--,--.--,--.--,--.--,--.--,--.--,--.--,--.--,--.--,--.--,--.--,--.--,--.--,--.--,0,0.000,0.000,0.000,0.000,0.000,0.000,0.000,0.000,0.000,0.000,0.000,0.000,true,true,true,true,true,true,false,false,true,true,false,false,0.02,0.01,0.01,0.04,--.--,--.--,0.15,0.17,9223372036854775808,0,--.--,--.--,--.--,--.--,--.--,0,0,0,0,37.4127216,-121.9969207,10SEG 88766 41130,0.7,1.1,82.0,3,10,--.--,--.--,,--.--,--.--,--.--,0,0,--.--,--.--,0,47.5,142.0,-26.4,0.1,1.0,-0.0,--.--,--.--,-26.5,0.2,1.0,-0.0,--.--,--.--,--.--,--.--,2.6,-0.0,170.8,0.4,0.0,2.0,288.15,--.--,--.--,0,0,0.0,0.0,0.0,0,0,0,--.--,--.--,--.--
2026-07-09 16:35:15.544,2.5,0.0,170,0.5,0.0,1.6,1.0,-1.8,0.000,0.0,26.3,64.2,61.2,26.447,0.000,0.000,0.000,161.0,00:03:29,149.8,149.1,1,--.--,0,252,--.--,0000:32:26,84,0,0,1,1,15.30,-1.00,-111,--.--,50,--.--,--:--:--,1,-15.30,16:35:15,21:35:15,7/9/26,--.--,--.--,--.--,--.--,--.--,--.--,--.--,--.--,--.--,--.--,--.--,--.--,0,--.--,--.--,--.--,--.--,--.--,--.--,--.--,--.--,--.--,--.--,--.--,--.--,--.--,--.--,--.--,--.--,0,0.000,0.000,0.000,0.000,0.000,0.000,0.000,0.000,0.000,0.000,0.000,0.000,true,true,true,true,true,true,false,false,true,true,false,false,0.02,0.01,0.01,0.04,--.--,--.--,0.15,0.17,9223372036854775808,0,--.--,--.--,--.--,--.--,--.--,0,0,0,0,37.4127216,-121.9969207,10SEG 88766 41130,0.7,1.1,82.0,3,10,--.--,--.--,,--.--,--.--,--.--,0,0,--.--,--.--,0,47.5,142.0,-26.4,0.1,1.0,-0.0,--.--,--.--,-26.5,0.2,1.0,-0.0,--.--,--.--,--.--,--.--,2.6,-0.0,170.8,0.4,0.0,2.0,288.15,--.--,--.--,0,0,0.0,0.0,0.0,0,0,0,--.--,--.--,--.--
2026-07-09 16:35:16.544,2.5,0.0,170,0.5,0.0,1.6,1.0,-1.8,0.000,0.0,26.3,64.2,61.2,26.447,0.000,0.000,0.000,161.0,00:03:30,149.8,149.1,1,--.--,0,252,--.--,0000:32:26,84,0,0,1,1,15.30,-1.00,-111,--.--,50,--.--,--:--:--,1,-15.30,16:35:16,21:35:16,7/9/26,--.--,--.--,--.--,--.--,--.--,--.--,--.--,--.--,--.--,--.--,--.--,--.--,0,--.--,--.--,--.--,--.--,--.--,--.--,--.--,--.--,--.--,--.--,--.--,--.--,--.--,--.--,--.--,--.--,0,0.000,0.000,0.000,0.000,0.000,0.000,0.000,0.000,0.000,0.000,0.000,0.000,true,true,true,true,true,true,false,false,true,true,false,false,0.02,0.01,0.01,0.04,--.--,--.--,0.15,0.17,9223372036854775808,0,--.--,--.--,--.--,--.--,--.--,0,0,0,0,37.4127216,-121.9969207,10SEG 88766 41130,0.7,1.1,82.0,3,10,--.--,--.--,,--.--,--.--,--.--,0,0,--.--,--.--,0,47.5,142.0,-26.4,0.1,1.0,-0.0,--.--,--.--,-26.5,0.2,1.0,-0.0,--.--,--.--,--.--,--.--,2.6,-0.0,170.8,0.4,0.0,2.0,288.15,--.--,--.--,0,0,0.0,0.0,0.0,0,0,0,--.--,--.--,--.--
2026-07-09 16:35:17.544,2.5,0.0,170,0.5,0.0,1.6,1.0,-1.8,0.000,0.0,26.3,64.2,61.2,26.447,0.000,0.000,0.000,161.0,00:03:31,149.8,149.1,1,--.--,0,252,--.--,0000:32:26,84,0,0,1,1,15.30,-1.00,-111,--.--,50,--.--,--:--:--,1,-15.30,16:35:17,21:35:17,7/9/26,--.--,--.--,--.--,--.--,--.--,--.--,--.--,--.--,--.--,--.--,--.--,--.--,0,--.--,--.--,--.--,--.--,--.--,--.--,--.--,--.--,--.--,--.--,--.--,--.--,--.--,--.--,--.--,--.--,0,0.000,0.000,0.000,0.000,0.000,0.000,0.000,0.000,0.000,0.000,0.000,0.000,true,true,true,true,true,true,false,false,true,true,false,false,0.02,0.01,0.01,0.04,--.--,--.--,0.15,0.17,9223372036854775808,0,--.--,--.--,--.--,--.--,--.--,0,0,0,0,37.4127216,-121.9969207,10SEG 88766 41130,0.7,1.1,82.0,3,10,--.--,--.--,,--.--,--.--,--.--,0,0,--.--,--.--,0,47.5,142.0,-26.4,0.1,1.0,-0.0,--.--,--.--,-26.5,0.2,1.0,-0.0,--.--,--.--,--.--,--.--,2.6,-0.0,170.8,0.4,0.0,2.0,288.15,--.--,--.--,0,0,0.0,0.0,0.0,0,0,0,--.--,--.--,--.--
2026-07-09 16:35:18.544,2.5,0.0,170,0.5,0.0,1.6,1.0,-1.8,0.000,0.0,26.3,64.2,61.2,26.447,0.000,0.000,0.000,161.0,00:03:32,149.8,149.1,1,--.--,0,252,--.--,0000:32:26,84,0,0,1,1,15.30,-1.00,-111,--.--,50,--.--,--:--:--,1,-15.30,16:35:18,21:35:18,7/9/26,--.--,--.--,--.--,--.--,--.--,--.--,--.--,--.--,--.--,--.--,--.--,--.--,0,--.--,--.--,--.--,--.--,--.--,--.--,--.--,--.--,--.--,--.--,--.--,--.--,--.--,--.--,--.--,--.--,0,0.000,0.000,0.000,0.000,0.000,0.000,0.000,0.000,0.000,0.000,0.000,0.000,true,true,true,true,true,true,false,false,true,true,false,false,0.02,0.01,0.01,0.04,--.--,--.--,0.15,0.17,9223372036854775808,0,--.--,--.--,--.--,--.--,--.--,0,0,0,0,37.4127216,-121.9969207,10SEG 88766 41130,0.7,1.1,82.0,3,10,--.--,--.--,,--.--,--.--,--.--,0,0,--.--,--.--,0,47.5,142.0,-26.4,0.1,1.0,-0.0,--.--,--.--,-26.5,0.2,1.0,-0.0,--.--,--.--,--.--,--.--,2.6,-0.0,170.8,0.4,0.0,2.0,288.15,--.--,--.--,0,0,0.0,0.0,0.0,0,0,0,--.--,--.--,--.--
2026-07-09 16:35:19.545,2.5,0.0,170,0.5,0.0,1.6,1.0,-1.8,0.000,0.0,26.3,64.2,61.2,26.447,0.000,0.000,0.000,161.0,00:03:33,149.8,149.1,1,--.--,0,252,--.--,0000:32:26,84,0,0,1,1,15.30,-1.00,-111,--.--,50,--.--,--:--:--,1,-15.30,16:35:19,21:35:19,7/9/26,--.--,--.--,--.--,--.--,--.--,--.--,--.--,--.--,--.--,--.--,--.--,--.--,0,--.--,--.--,--.--,--.--,--.--,--.--,--.--,--.--,--.--,--.--,--.--,--.--,--.--,--.--,--.--,--.--,0,0.000,0.000,0.000,0.000,0.000,0.000,0.000,0.000,0.000,0.000,0.000,0.000,true,true,true,true,true,true,false,false,true,true,false,false,0.02,0.01,0.01,0.04,--.--,--.--,0.15,0.17,9223372036854775808,0,--.--,--.--,--.--,--.--,--.--,0,0,0,0,37.4127216,-121.9969207,10SEG 88766 41130,0.7,1.1,82.0,3,10,--.--,--.--,,--.--,--.--,--.--,0,0,--.--,--.--,0,47.5,142.0,-26.4,0.1,1.0,-0.0,--.--,--.--,-26.5,0.2,1.0,-0.0,--.--,--.--,--.--,--.--,2.6,-0.0,170.8,0.4,0.0,2.0,288.15,--.--,--.--,0,0,0.0,0.0,0.0,0,0,0,--.--,--.--,--.--
2026-07-09 16:35:20.544,2.5,0.0,170,0.5,0.0,1.6,1.0,-1.8,0.000,0.0,26.3,64.2,61.2,26.447,0.000,0.000,0.000,161.0,00:03:34,149.8,149.1,1,--.--,0,252,--.--,0000:32:26,84,0,0,1,1,15.30,-1.00,-111,--.--,50,--.--,--:--:--,1,-15.30,16:35:20,21:35:20,7/9/26,--.--,--.--,--.--,--.--,--.--,--.--,--.--,--.--,--.--,--.--,--.--,--.--,0,--.--,--.--,--.--,--.--,--.--,--.--,--.--,--.--,--.--,--.--,--.--,--.--,--.--,--.--,--.--,--.--,0,0.000,0.000,0.000,0.000,0.000,0.000,0.000,0.000,0.000,0.000,0.000,0.000,true,true,true,true,true,true,false,false,true,true,false,false,0.02,0.01,0.01,0.04,--.--,--.--,0.15,0.17,9223372036854775808,0,--.--,--.--,--.--,--.--,--.--,0,0,0,0,37.4127216,-121.9969207,10SEG 88766 41130,0.7,1.1,82.0,3,10,--.--,--.--,,--.--,--.--,--.--,0,0,--.--,--.--,0,47.5,142.0,-26.4,0.1,1.0,-0.0,--.--,--.--,-26.5,0.2,1.0,-0.0,--.--,--.--,--.--,--.--,2.6,-0.0,170.8,0.4,0.0,2.0,288.15,--.--,--.--,0,0,0.0,0.0,0.0,0,0,0,--.--,--.--,--.--
2026-07-09 16:35:21.544,2.5,0.0,170,0.5,0.0,1.6,1.0,-1.8,0.000,0.0,26.3,64.2,61.2,26.447,0.000,0.000,0.000,161.0,00:03:35,149.8,149.1,1,--.--,0,252,--.--,0000:32:26,84,0,0,1,1,15.30,-1.00,-111,--.--,50,--.--,--:--:--,1,-15.30,16:35:21,21:35:21,7/9/26,--.--,--.--,--.--,--.--,--.--,--.--,--.--,--.--,--.--,--.--,--.--,--.--,0,--.--,--.--,--.--,--.--,--.--,--.--,--.--,--.--,--.--,--.--,--.--,--.--,--.--,--.--,--.--,--.--,0,0.000,0.000,0.000,0.000,0.000,0.000,0.000,0.000,0.000,0.000,0.000,0.000,true,true,true,true,true,true,false,false,true,true,false,false,0.02,0.01,0.01,0.04,--.--,--.--,0.15,0.17,9223372036854775808,0,--.--,--.--,--.--,--.--,--.--,0,0,0,0,37.4127216,-121.9969207,10SEG 88766 41130,0.7,1.1,82.0,3,10,--.--,--.--,,--.--,--.--,--.--,0,0,--.--,--.--,0,47.5,142.0,-26.4,0.1,1.0,-0.0,--.--,--.--,-26.5,0.2,1.0,-0.0,--.--,--.--,--.--,--.--,2.6,-0.0,170.8,0.4,0.0,2.0,288.15,--.--,--.--,0,0,0.0,0.0,0.0,0,0,0,--.--,--.--,--.--
2026-07-09 16:35:22.544,2.5,0.0,170,0.5,0.0,1.6,1.0,-1.8,0.000,0.0,26.3,64.2,61.2,26.447,0.000,0.000,0.000,161.0,00:03:36,149.8,149.1,1,--.--,0,252,--.--,0000:32:26,84,0,0,1,1,15.30,-1.00,-111,--.--,50,--.--,--:--:--,1,-15.30,16:35:22,21:35:22,7/9/26,--.--,--.--,--.--,--.--,--.--,--.--,--.--,--.--,--.--,--.--,--.--,--.--,0,--.--,--.--,--.--,--.--,--.--,--.--,--.--,--.--,--.--,--.--,--.--,--.--,--.--,--.--,--.--,--.--,0,0.000,0.000,0.000,0.000,0.000,0.000,0.000,0.000,0.000,0.000,0.000,0.000,true,true,true,true,true,true,false,false,true,true,false,false,0.02,0.01,0.01,0.04,--.--,--.--,0.15,0.17,9223372036854775808,0,--.--,--.--,--.--,--.--,--.--,0,0,0,0,37.4127216,-121.9969207,10SEG 88766 41130,0.7,1.1,82.0,3,10,--.--,--.--,,--.--,--.--,--.--,0,0,--.--,--.--,0,47.5,142.0,-26.4,0.1,1.0,-0.0,--.--,--.--,-26.5,0.2,1.0,-0.0,--.--,--.--,--.--,--.--,2.6,-0.0,170.8,0.4,0.0,2.0,288.15,--.--,--.--,0,0,0.0,0.0,0.0,0,0,0,--.--,--.--,--.--
2026-07-09 16:35:23.544,2.5,0.0,170,0.5,0.0,1.6,1.0,-1.8,0.000,0.0,26.3,64.2,61.2,26.447,0.000,0.000,0.000,161.0,00:03:37,149.8,149.1,1,--.--,0,252,--.--,0000:32:26,84,0,0,1,1,15.30,-1.00,-111,--.--,50,--.--,--:--:--,1,-15.30,16:35:23,21:35:23,7/9/26,--.--,--.--,--.--,--.--,--.--,--.--,--.--,--.--,--.--,--.--,--.--,--.--,0,--.--,--.--,--.--,--.--,--.--,--.--,--.--,--.--,--.--,--.--,--.--,--.--,--.--,--.--,--.--,--.--,0,0.000,0.000,0.000,0.000,0.000,0.000,0.000,0.000,0.000,0.000,0.000,0.000,true,true,true,true,true,true,false,false,true,true,false,false,0.02,0.01,0.01,0.04,--.--,--.--,0.15,0.17,9223372036854775808,0,--.--,--.--,--.--,--.--,--.--,0,0,0,0,37.4127216,-121.9969207,10SEG 88766 41130,0.7,1.1,82.0,3,10,--.--,--.--,,--.--,--.--,--.--,0,0,--.--,--.--,0,47.5,142.0,-26.4,0.1,1.0,-0.0,--.--,--.--,-26.5,0.2,1.0,-0.0,--.--,--.--,--.--,--.--,2.6,-0.0,170.8,0.4,0.0,2.0,288.15,--.--,--.--,0,0,0.0,0.0,0.0,0,0,0,--.--,--.--,--.--
2026-07-09 16:35:24.545,2.5,0.0,170,0.5,0.0,1.6,1.0,-1.8,0.000,0.0,26.3,64.2,61.2,26.447,0.000,0.000,0.000,161.0,00:03:38,149.8,149.1,1,--.--,0,252,--.--,0000:32:26,84,0,0,1,1,15.30,-1.00,-111,--.--,50,--.--,--:--:--,1,-15.30,16:35:24,21:35:24,7/9/26,--.--,--.--,--.--,--.--,--.--,--.--,--.--,--.--,--.--,--.--,--.--,--.--,0,--.--,--.--,--.--,--.--,--.--,--.--,--.--,--.--,--.--,--.--,--.--,--.--,--.--,--.--,--.--,--.--,0,0.000,0.000,0.000,0.000,0.000,0.000,0.000,0.000,0.000,0.000,0.000,0.000,true,true,true,true,true,true,false,false,true,true,false,false,0.02,0.01,0.01,0.04,--.--,--.--,0.15,0.17,9223372036854775808,0,--.--,--.--,--.--,--.--,--.--,0,0,0,0,37.4127216,-121.9969207,10SEG 88766 41130,0.7,1.1,82.0,3,10,--.--,--.--,,--.--,--.--,--.--,0,0,--.--,--.--,0,47.5,142.0,-26.4,0.1,1.0,-0.0,--.--,--.--,-26.5,0.2,1.0,-0.0,--.--,--.--,--.--,--.--,2.6,-0.0,170.8,0.4,0.0,2.0,288.15,--.--,--.--,0,0,0.0,0.0,0.0,0,0,0,--.--,--.--,--.--
2026-07-09 16:35:25.545,2.5,0.0,170,0.5,0.0,1.6,1.0,-1.8,0.000,0.0,26.3,64.2,61.2,26.447,0.000,0.000,0.000,161.0,00:03:39,149.8,149.1,1,--.--,0,252,--.--,0000:32:26,84,0,0,1,1,15.30,-1.00,-111,--.--,50,--.--,--:--:--,1,-15.30,16:35:25,21:35:25,7/9/26,--.--,--.--,--.--,--.--,--.--,--.--,--.--,--.--,--.--,--.--,--.--,--.--,0,--.--,--.--,--.--,--.--,--.--,--.--,--.--,--.--,--.--,--.--,--.--,--.--,--.--,--.--,--.--,--.--,0,0.000,0.000,0.000,0.000,0.000,0.000,0.000,0.000,0.000,0.000,0.000,0.000,true,true,true,true,true,true,false,false,true,true,false,false,0.02,0.01,0.01,0.04,--.--,--.--,0.15,0.17,9223372036854775808,0,--.--,--.--,--.--,--.--,--.--,0,0,0,0,37.4127216,-121.9969207,10SEG 88766 41130,0.7,1.1,82.0,3,10,--.--,--.--,,--.--,--.--,--.--,0,0,--.--,--.--,0,47.5,142.0,-26.4,0.1,1.0,-0.0,--.--,--.--,-26.5,0.2,1.0,-0.0,--.--,--.--,--.--,--.--,2.6,-0.0,170.8,0.4,0.0,2.0,288.15,--.--,--.--,0,0,0.0,0.0,0.0,0,0,0,--.--,--.--,--.--
2026-07-09 16:35:26.545,2.5,0.0,170,0.5,0.0,1.6,1.0,-1.8,0.000,0.0,26.3,64.2,61.2,26.447,0.000,0.000,0.000,161.0,00:03:40,149.8,149.1,1,--.--,0,252,--.--,0000:32:26,84,0,0,1,1,15.30,-1.00,-111,--.--,50,--.--,--:--:--,1,-15.30,16:35:26,21:35:26,7/9/26,--.--,--.--,--.--,--.--,--.--,--.--,--.--,--.--,--.--,--.--,--.--,--.--,0,--.--,--.--,--.--,--.--,--.--,--.--,--.--,--.--,--.--,--.--,--.--,--.--,--.--,--.--,--.--,--.--,0,0.000,0.000,0.000,0.000,0.000,0.000,0.000,0.000,0.000,0.000,0.000,0.000,true,true,true,true,true,true,false,false,true,true,false,false,0.02,0.01,0.01,0.04,--.--,--.--,0.15,0.17,9223372036854775808,0,--.--,--.--,--.--,--.--,--.--,0,0,0,0,37.4127216,-121.9969207,10SEG 88766 41130,0.7,1.1,82.0,3,10,--.--,--.--,,--.--,--.--,--.--,0,0,--.--,--.--,0,47.5,142.0,-26.4,0.1,1.0,-0.0,--.--,--.--,-26.5,0.2,1.0,-0.0,--.--,--.--,--.--,--.--,2.6,-0.0,170.8,0.4,0.0,2.0,288.15,--.--,--.--,0,0,0.0,0.0,0.0,0,0,0,--.--,--.--,--.--
2026-07-09 16:35:27.544,2.5,0.0,170,0.5,0.0,1.6,1.0,-1.8,0.000,0.0,26.3,64.2,61.2,26.447,0.000,0.000,0.000,161.0,00:03:41,149.8,149.1,1,--.--,0,252,--.--,0000:32:26,84,0,0,1,1,15.30,-1.00,-111,--.--,50,--.--,--:--:--,1,-15.30,16:35:27,21:35:27,7/9/26,--.--,--.--,--.--,--.--,--.--,--.--,--.--,--.--,--.--,--.--,--.--,--.--,0,--.--,--.--,--.--,--.--,--.--,--.--,--.--,--.--,--.--,--.--,--.--,--.--,--.--,--.--,--.--,--.--,0,0.000,0.000,0.000,0.000,0.000,0.000,0.000,0.000,0.000,0.000,0.000,0.000,true,true,true,true,true,true,false,false,true,true,false,false,0.02,0.01,0.01,0.04,--.--,--.--,0.15,0.17,9223372036854775808,0,--.--,--.--,--.--,--.--,--.--,0,0,0,0,37.4127216,-121.9969207,10SEG 88766 41130,0.7,1.1,82.0,3,10,--.--,--.--,,--.--,--.--,--.--,0,0,--.--,--.--,0,47.5,142.0,-26.4,0.1,1.0,-0.0,--.--,--.--,-26.5,0.2,1.0,-0.0,--.--,--.--,--.--,--.--,2.6,-0.0,170.8,0.4,0.0,2.0,288.15,--.--,--.--,0,0,0.0,0.0,0.0,0,0,0,--.--,--.--,--.--
2026-07-09 16:35:28.544,2.5,0.0,170,0.5,0.0,1.6,1.0,-1.8,0.000,0.0,26.3,64.2,61.2,26.447,0.000,0.000,0.000,161.0,00:03:42,149.8,149.1,1,--.--,0,252,--.--,0000:32:26,84,0,0,1,1,15.30,-1.00,-111,--.--,50,--.--,--:--:--,1,-15.30,16:35:28,21:35:28,7/9/26,--.--,--.--,--.--,--.--,--.--,--.--,--.--,--.--,--.--,--.--,--.--,--.--,0,--.--,--.--,--.--,--.--,--.--,--.--,--.--,--.--,--.--,--.--,--.--,--.--,--.--,--.--,--.--,--.--,0,0.000,0.000,0.000,0.000,0.000,0.000,0.000,0.000,0.000,0.000,0.000,0.000,true,true,true,true,true,true,false,false,true,true,false,false,0.02,0.01,0.01,0.04,--.--,--.--,0.15,0.17,9223372036854775808,0,--.--,--.--,--.--,--.--,--.--,0,0,0,0,37.4127216,-121.9969207,10SEG 88766 41130,0.7,1.1,82.0,3,10,--.--,--.--,,--.--,--.--,--.--,0,0,--.--,--.--,0,47.5,142.0,-26.4,0.1,1.0,-0.0,--.--,--.--,-26.5,0.2,1.0,-0.0,--.--,--.--,--.--,--.--,2.6,-0.0,170.8,0.4,0.0,2.0,288.15,--.--,--.--,0,0,0.0,0.0,0.0,0,0,0,--.--,--.--,--.--
2026-07-09 16:35:29.544,2.5,0.0,170,0.5,0.0,1.6,1.0,-1.8,0.000,0.0,26.3,64.2,61.2,26.447,0.000,0.000,0.000,161.0,00:03:43,149.8,149.1,1,--.--,0,252,--.--,0000:32:26,84,0,0,1,1,15.30,-1.00,-111,--.--,50,--.--,--:--:--,1,-15.30,16:35:29,21:35:29,7/9/26,--.--,--.--,--.--,--.--,--.--,--.--,--.--,--.--,--.--,--.--,--.--,--.--,0,--.--,--.--,--.--,--.--,--.--,--.--,--.--,--.--,--.--,--.--,--.--,--.--,--.--,--.--,--.--,--.--,0,0.000,0.000,0.000,0.000,0.000,0.000,0.000,0.000,0.000,0.000,0.000,0.000,true,true,true,true,true,true,false,false,true,true,false,false,0.02,0.01,0.01,0.04,--.--,--.--,0.15,0.17,9223372036854775808,0,--.--,--.--,--.--,--.--,--.--,0,0,0,0,37.4127216,-121.9969207,10SEG 88766 41130,0.7,1.1,82.0,3,10,--.--,--.--,,--.--,--.--,--.--,0,0,--.--,--.--,0,47.5,142.0,-26.4,0.1,1.0,-0.0,--.--,--.--,-26.5,0.2,1.0,-0.0,--.--,--.--,--.--,--.--,2.6,-0.0,170.8,0.4,0.0,2.0,288.15,--.--,--.--,0,0,0.0,0.0,0.0,0,0,0,--.--,--.--,--.--
2026-07-09 16:35:30.545,2.5,0.0,170,0.5,0.0,1.6,1.0,-1.8,0.000,0.0,26.3,64.2,61.2,26.447,0.000,0.000,0.000,161.0,00:03:44,149.8,149.1,1,--.--,0,252,--.--,0000:32:26,84,0,0,1,1,15.30,-1.00,-111,--.--,50,--.--,--:--:--,1,-15.30,16:35:30,21:35:30,7/9/26,--.--,--.--,--.--,--.--,--.--,--.--,--.--,--.--,--.--,--.--,--.--,--.--,0,--.--,--.--,--.--,--.--,--.--,--.--,--.--,--.--,--.--,--.--,--.--,--.--,--.--,--.--,--.--,--.--,0,0.000,0.000,0.000,0.000,0.000,0.000,0.000,0.000,0.000,0.000,0.000,0.000,true,true,true,true,true,true,false,false,true,true,false,false,0.02,0.01,0.01,0.04,--.--,--.--,0.15,0.17,9223372036854775808,0,--.--,--.--,--.--,--.--,--.--,0,0,0,0,37.4127216,-121.9969207,10SEG 88766 41130,0.7,1.1,82.0,3,10,--.--,--.--,,--.--,--.--,--.--,0,0,--.--,--.--,0,47.5,142.0,-26.4,0.1,1.0,-0.0,--.--,--.--,-26.5,0.2,1.0,-0.0,--.--,--.--,--.--,--.--,2.6,-0.0,170.8,0.4,0.0,2.0,288.15,--.--,--.--,0,0,0.0,0.0,0.0,0,0,0,--.--,--.--,--.--
2026-07-09 16:35:31.544,2.5,0.0,170,0.5,0.0,1.6,1.0,-1.8,0.000,0.0,26.3,64.2,61.2,26.447,0.000,0.000,0.000,161.0,00:03:45,149.8,149.1,1,--.--,0,252,--.--,0000:32:26,84,0,0,1,1,15.30,-1.00,-111,--.--,50,--.--,--:--:--,1,-15.30,16:35:31,21:35:31,7/9/26,--.--,--.--,--.--,--.--,--.--,--.--,--.--,--.--,--.--,--.--,--.--,--.--,0,--.--,--.--,--.--,--.--,--.--,--.--,--.--,--.--,--.--,--.--,--.--,--.--,--.--,--.--,--.--,--.--,0,0.000,0.000,0.000,0.000,0.000,0.000,0.000,0.000,0.000,0.000,0.000,0.000,true,true,true,true,true,true,false,false,true,true,false,false,0.02,0.01,0.01,0.04,--.--,--.--,0.15,0.17,9223372036854775808,0,--.--,--.--,--.--,--.--,--.--,0,0,0,0,37.4127216,-121.9969207,10SEG 88766 41130,0.7,1.1,82.0,3,10,--.--,--.--,,--.--,--.--,--.--,0,0,--.--,--.--,0,47.5,142.0,-26.4,0.1,1.0,-0.0,--.--,--.--,-26.5,0.2,1.0,-0.0,--.--,--.--,--.--,--.--,2.6,-0.0,170.8,0.4,0.0,2.0,288.15,--.--,--.--,0,0,0.0,0.0,0.0,0,0,0,--.--,--.--,--.--
2026-07-09 16:35:32.545,2.5,0.0,170,0.5,0.0,1.6,1.0,-1.8,0.000,0.0,26.3,64.2,61.2,26.447,0.000,0.000,0.000,161.0,00:03:46,149.8,149.1,1,--.--,0,252,--.--,0000:32:26,84,0,0,1,1,15.30,-1.00,-111,--.--,50,--.--,--:--:--,1,-15.30,16:35:32,21:35:32,7/9/26,--.--,--.--,--.--,--.--,--.--,--.--,--.--,--.--,--.--,--.--,--.--,--.--,0,--.--,--.--,--.--,--.--,--.--,--.--,--.--,--.--,--.--,--.--,--.--,--.--,--.--,--.--,--.--,--.--,0,0.000,0.000,0.000,0.000,0.000,0.000,0.000,0.000,0.000,0.000,0.000,0.000,true,true,true,true,true,true,false,false,true,true,false,false,0.02,0.01,0.01,0.04,--.--,--.--,0.15,0.17,9223372036854775808,0,--.--,--.--,--.--,--.--,--.--,0,0,0,0,37.4127216,-121.9969207,10SEG 88766 41130,0.7,1.1,82.0,3,10,--.--,--.--,,--.--,--.--,--.--,0,0,--.--,--.--,0,47.5,142.0,-26.4,0.1,1.0,-0.0,--.--,--.--,-26.5,0.2,1.0,-0.0,--.--,--.--,--.--,--.--,2.6,-0.0,170.8,0.4,0.0,2.0,288.15,--.--,--.--,0,0,0.0,0.0,0.0,0,0,0,--.--,--.--,--.--
2026-07-09 16:35:33.544,2.5,0.0,170,0.5,0.0,1.6,1.0,-1.8,0.000,0.0,26.3,64.2,61.2,26.447,0.000,0.000,0.000,161.0,00:03:47,149.8,149.1,1,--.--,0,252,--.--,0000:32:26,84,0,0,1,1,15.30,-1.00,-111,--.--,50,--.--,--:--:--,1,-15.30,16:35:33,21:35:33,7/9/26,--.--,--.--,--.--,--.--,--.--,--.--,--.--,--.--,--.--,--.--,--.--,--.--,0,--.--,--.--,--.--,--.--,--.--,--.--,--.--,--.--,--.--,--.--,--.--,--.--,--.--,--.--,--.--,--.--,0,0.000,0.000,0.000,0.000,0.000,0.000,0.000,0.000,0.000,0.000,0.000,0.000,true,true,true,true,true,true,false,false,true,true,false,false,0.02,0.01,0.01,0.04,--.--,--.--,0.15,0.17,9223372036854775808,0,--.--,--.--,--.--,--.--,--.--,0,0,0,0,37.4127216,-121.9969207,10SEG 88766 41130,0.7,1.1,82.0,3,10,--.--,--.--,,--.--,--.--,--.--,0,0,--.--,--.--,0,47.5,142.0,-26.4,0.1,1.0,-0.0,--.--,--.--,-26.5,0.2,1.0,-0.0,--.--,--.--,--.--,--.--,2.6,-0.0,170.8,0.4,0.0,2.0,288.15,--.--,--.--,0,0,0.0,0.0,0.0,0,0,0,--.--,--.--,--.--
2026-07-09 16:35:34.544,2.5,0.0,170,0.5,0.0,1.6,1.0,-1.8,0.000,0.0,26.3,64.2,61.2,26.447,0.000,0.000,0.000,161.0,00:03:48,149.8,149.1,1,--.--,0,252,--.--,0000:32:26,84,0,0,1,1,15.30,-1.00,-111,--.--,50,--.--,--:--:--,1,-15.30,16:35:34,21:35:34,7/9/26,--.--,--.--,--.--,--.--,--.--,--.--,--.--,--.--,--.--,--.--,--.--,--.--,0,--.--,--.--,--.--,--.--,--.--,--.--,--.--,--.--,--.--,--.--,--.--,--.--,--.--,--.--,--.--,--.--,0,0.000,0.000,0.000,0.000,0.000,0.000,0.000,0.000,0.000,0.000,0.000,0.000,true,true,true,true,true,true,false,false,true,true,false,false,0.02,0.01,0.01,0.04,--.--,--.--,0.15,0.17,9223372036854775808,0,--.--,--.--,--.--,--.--,--.--,0,0,0,0,37.4127216,-121.9969207,10SEG 88766 41130,0.7,1.1,82.0,3,10,--.--,--.--,,--.--,--.--,--.--,0,0,--.--,--.--,0,47.5,142.0,-26.4,0.1,1.0,-0.0,--.--,--.--,-26.5,0.2,1.0,-0.0,--.--,--.--,--.--,--.--,2.6,-0.0,170.8,0.4,0.0,2.0,288.15,--.--,--.--,0,0,0.0,0.0,0.0,0,0,0,--.--,--.--,--.--
2026-07-09 16:35:35.544,2.5,0.0,170,0.5,0.0,1.6,1.0,-1.8,0.000,0.0,26.3,64.2,61.2,26.447,0.000,0.000,0.000,161.0,00:03:49,149.8,149.1,1,--.--,0,252,--.--,0000:32:26,84,0,0,1,1,15.30,-1.00,-111,--.--,50,--.--,--:--:--,1,-15.30,16:35:35,21:35:35,7/9/26,--.--,--.--,--.--,--.--,--.--,--.--,--.--,--.--,--.--,--.--,--.--,--.--,0,--.--,--.--,--.--,--.--,--.--,--.--,--.--,--.--,--.--,--.--,--.--,--.--,--.--,--.--,--.--,--.--,0,0.000,0.000,0.000,0.000,0.000,0.000,0.000,0.000,0.000,0.000,0.000,0.000,true,true,true,true,true,true,false,false,true,true,false,false,0.02,0.01,0.01,0.04,--.--,--.--,0.15,0.17,9223372036854775808,0,--.--,--.--,--.--,--.--,--.--,0,0,0,0,37.4127216,-121.9969207,10SEG 88766 41130,0.7,1.1,82.0,3,10,--.--,--.--,,--.--,--.--,--.--,0,0,--.--,--.--,0,47.5,142.0,-26.4,0.1,1.0,-0.0,--.--,--.--,-26.5,0.2,1.0,-0.0,--.--,--.--,--.--,--.--,2.6,-0.0,170.8,0.4,0.0,2.0,288.15,--.--,--.--,0,0,0.0,0.0,0.0,0,0,0,--.--,--.--,--.--
2026-07-09 16:35:36.544,2.5,0.0,170,0.5,0.0,1.6,1.0,-1.8,0.000,0.0,26.3,64.2,61.2,26.447,0.000,0.000,0.000,161.0,00:03:50,149.8,149.1,1,--.--,0,252,--.--,0000:32:26,84,0,0,1,1,15.30,-1.00,-111,--.--,50,--.--,--:--:--,1,-15.30,16:35:36,21:35:36,7/9/26,--.--,--.--,--.--,--.--,--.--,--.--,--.--,--.--,--.--,--.--,--.--,--.--,0,--.--,--.--,--.--,--.--,--.--,--.--,--.--,--.--,--.--,--.--,--.--,--.--,--.--,--.--,--.--,--.--,0,0.000,0.000,0.000,0.000,0.000,0.000,0.000,0.000,0.000,0.000,0.000,0.000,true,true,true,true,true,true,false,false,true,true,false,false,0.02,0.01,0.01,0.04,--.--,--.--,0.15,0.17,9223372036854775808,0,--.--,--.--,--.--,--.--,--.--,0,0,0,0,37.4127216,-121.9969207,10SEG 88766 41130,0.7,1.1,82.0,3,10,--.--,--.--,,--.--,--.--,--.--,0,0,--.--,--.--,0,47.5,142.0,-26.4,0.1,1.0,-0.0,--.--,--.--,-26.5,0.2,1.0,-0.0,--.--,--.--,--.--,--.--,2.6,-0.0,170.8,0.4,0.0,2.0,288.15,--.--,--.--,0,0,0.0,0.0,0.0,0,0,0,--.--,--.--,--.--
2026-07-09 16:35:37.545,2.5,0.0,170,0.5,0.0,1.6,1.0,-1.8,0.000,0.0,26.3,64.2,61.2,26.447,0.000,0.000,0.000,161.0,00:03:51,149.8,149.1,1,--.--,0,252,--.--,0000:32:26,84,0,0,1,1,15.30,-1.00,-111,--.--,50,--.--,--:--:--,1,-15.30,16:35:37,21:35:37,7/9/26,--.--,--.--,--.--,--.--,--.--,--.--,--.--,--.--,--.--,--.--,--.--,--.--,0,--.--,--.--,--.--,--.--,--.--,--.--,--.--,--.--,--.--,--.--,--.--,--.--,--.--,--.--,--.--,--.--,0,0.000,0.000,0.000,0.000,0.000,0.000,0.000,0.000,0.000,0.000,0.000,0.000,true,true,true,true,true,true,false,false,true,true,false,false,0.02,0.01,0.01,0.04,--.--,--.--,0.15,0.17,9223372036854775808,0,--.--,--.--,--.--,--.--,--.--,0,0,0,0,37.4127216,-121.9969207,10SEG 88766 41130,0.7,1.1,82.0,3,10,--.--,--.--,,--.--,--.--,--.--,0,0,--.--,--.--,0,47.5,142.0,-26.4,0.1,1.0,-0.0,--.--,--.--,-26.5,0.2,1.0,-0.0,--.--,--.--,--.--,--.--,2.6,-0.0,170.8,0.4,0.0,2.0,288.15,--.--,--.--,0,0,0.0,0.0,0.0,0,0,0,--.--,--.--,--.--
2026-07-09 16:35:38.544,2.5,0.0,170,0.5,0.0,1.6,1.0,-1.8,0.000,0.0,26.3,64.2,61.2,26.447,0.000,0.000,0.000,161.0,00:03:52,149.8,149.1,1,--.--,0,252,--.--,0000:32:26,84,0,0,1,1,15.30,-1.00,-111,--.--,50,--.--,--:--:--,1,-15.30,16:35:38,21:35:38,7/9/26,--.--,--.--,--.--,--.--,--.--,--.--,--.--,--.--,--.--,--.--,--.--,--.--,0,--.--,--.--,--.--,--.--,--.--,--.--,--.--,--.--,--.--,--.--,--.--,--.--,--.--,--.--,--.--,--.--,0,0.000,0.000,0.000,0.000,0.000,0.000,0.000,0.000,0.000,0.000,0.000,0.000,true,true,true,true,true,true,false,false,true,true,false,false,0.02,0.01,0.01,0.04,--.--,--.--,0.15,0.17,9223372036854775808,0,--.--,--.--,--.--,--.--,--.--,0,0,0,0,37.4127216,-121.9969207,10SEG 88766 41130,0.7,1.1,82.0,3,10,--.--,--.--,,--.--,--.--,--.--,0,0,--.--,--.--,0,47.5,142.0,-26.4,0.1,1.0,-0.0,--.--,--.--,-26.5,0.2,1.0,-0.0,--.--,--.--,--.--,--.--,2.6,-0.0,170.8,0.4,0.0,2.0,288.15,--.--,--.--,0,0,0.0,0.0,0.0,0,0,0,--.--,--.--,--.--
2026-07-09 16:35:39.544,2.5,0.0,170,0.5,0.0,1.6,1.0,-1.8,0.000,0.0,26.3,64.2,61.2,26.447,0.000,0.000,0.000,161.0,00:03:53,149.8,149.1,1,--.--,0,252,--.--,0000:32:26,84,0,0,1,1,15.30,-1.00,-111,--.--,50,--.--,--:--:--,1,-15.30,16:35:39,21:35:39,7/9/26,--.--,--.--,--.--,--.--,--.--,--.--,--.--,--.--,--.--,--.--,--.--,--.--,0,--.--,--.--,--.--,--.--,--.--,--.--,--.--,--.--,--.--,--.--,--.--,--.--,--.--,--.--,--.--,--.--,0,0.000,0.000,0.000,0.000,0.000,0.000,0.000,0.000,0.000,0.000,0.000,0.000,true,true,true,true,true,true,false,false,true,true,false,false,0.02,0.01,0.01,0.04,--.--,--.--,0.15,0.17,9223372036854775808,0,--.--,--.--,--.--,--.--,--.--,0,0,0,0,37.4127216,-121.9969207,10SEG 88766 41130,0.7,1.1,82.0,3,10,--.--,--.--,,--.--,--.--,--.--,0,0,--.--,--.--,0,47.5,142.0,-26.4,0.1,1.0,-0.0,--.--,--.--,-26.5,0.2,1.0,-0.0,--.--,--.--,--.--,--.--,2.6,-0.0,170.8,0.4,0.0,2.0,288.15,--.--,--.--,0,0,0.0,0.0,0.0,0,0,0,--.--,--.--,--.--
2026-07-09 16:35:40.545,2.5,0.0,170,0.5,0.0,1.6,1.0,-1.8,0.000,0.0,26.3,64.2,61.2,26.447,0.000,0.000,0.000,161.0,00:03:54,149.8,149.1,1,--.--,0,252,--.--,0000:32:26,84,0,0,1,1,15.30,-1.00,-111,--.--,50,--.--,--:--:--,1,-15.30,16:35:40,21:35:40,7/9/26,--.--,--.--,--.--,--.--,--.--,--.--,--.--,--.--,--.--,--.--,--.--,--.--,0,--.--,--.--,--.--,--.--,--.--,--.--,--.--,--.--,--.--,--.--,--.--,--.--,--.--,--.--,--.--,--.--,0,0.000,0.000,0.000,0.000,0.000,0.000,0.000,0.000,0.000,0.000,0.000,0.000,true,true,true,true,true,true,false,false,true,true,false,false,0.02,0.01,0.01,0.04,--.--,--.--,0.15,0.17,9223372036854775808,0,--.--,--.--,--.--,--.--,--.--,0,0,0,0,37.4127216,-121.9969207,10SEG 88766 41130,0.7,1.1,82.0,3,10,--.--,--.--,,--.--,--.--,--.--,0,0,--.--,--.--,0,47.5,142.0,-26.4,0.1,1.0,-0.0,--.--,--.--,-26.5,0.2,1.0,-0.0,--.--,--.--,--.--,--.--,2.6,-0.0,170.8,0.4,0.0,2.0,288.15,--.--,--.--,0,0,0.0,0.0,0.0,0,0,0,--.--,--.--,--.--
2026-07-09 16:35:41.545,2.5,0.0,170,0.5,0.0,1.6,1.0,-1.8,0.000,0.0,26.3,64.2,61.2,26.447,0.000,0.000,0.000,161.0,00:03:55,149.8,149.1,1,--.--,0,252,--.--,0000:32:26,84,0,0,1,1,15.30,-1.00,-111,--.--,50,--.--,--:--:--,1,-15.30,16:35:41,21:35:41,7/9/26,--.--,--.--,--.--,--.--,--.--,--.--,--.--,--.--,--.--,--.--,--.--,--.--,0,--.--,--.--,--.--,--.--,--.--,--.--,--.--,--.--,--.--,--.--,--.--,--.--,--.--,--.--,--.--,--.--,0,0.000,0.000,0.000,0.000,0.000,0.000,0.000,0.000,0.000,0.000,0.000,0.000,true,true,true,true,true,true,false,false,true,true,false,false,0.02,0.01,0.01,0.04,--.--,--.--,0.15,0.17,9223372036854775808,0,--.--,--.--,--.--,--.--,--.--,0,0,0,0,37.4127216,-121.9969207,10SEG 88766 41130,0.7,1.1,82.0,3,10,--.--,--.--,,--.--,--.--,--.--,0,0,--.--,--.--,0,47.5,142.0,-26.4,0.1,1.0,-0.0,--.--,--.--,-26.5,0.2,1.0,-0.0,--.--,--.--,--.--,--.--,2.6,-0.0,170.8,0.4,0.0,2.0,288.15,--.--,--.--,0,0,0.0,0.0,0.0,0,0,0,--.--,--.--,--.--
2026-07-09 16:35:42.545,2.5,0.0,170,0.5,0.0,1.6,1.0,-1.8,0.000,0.0,26.3,64.2,61.2,26.447,0.000,0.000,0.000,161.0,00:03:56,149.8,149.1,1,--.--,0,252,--.--,0000:32:26,84,0,0,1,1,15.30,-1.00,-111,--.--,50,--.--,--:--:--,1,-15.30,16:35:42,21:35:42,7/9/26,--.--,--.--,--.--,--.--,--.--,--.--,--.--,--.--,--.--,--.--,--.--,--.--,0,--.--,--.--,--.--,--.--,--.--,--.--,--.--,--.--,--.--,--.--,--.--,--.--,--.--,--.--,--.--,--.--,0,0.000,0.000,0.000,0.000,0.000,0.000,0.000,0.000,0.000,0.000,0.000,0.000,true,true,true,true,true,true,false,false,true,true,false,false,0.02,0.01,0.01,0.04,--.--,--.--,0.15,0.17,9223372036854775808,0,--.--,--.--,--.--,--.--,--.--,0,0,0,0,37.4127216,-121.9969207,10SEG 88766 41130,0.7,1.1,82.0,3,10,--.--,--.--,,--.--,--.--,--.--,0,0,--.--,--.--,0,47.5,142.0,-26.4,0.1,1.0,-0.0,--.--,--.--,-26.5,0.2,1.0,-0.0,--.--,--.--,--.--,--.--,2.6,-0.0,170.8,0.4,0.0,2.0,288.15,--.--,--.--,0,0,0.0,0.0,0.0,0,0,0,--.--,--.--,--.--
2026-07-09 16:35:43.544,2.5,0.0,170,0.5,0.0,1.6,1.0,-1.8,0.000,0.0,26.3,64.2,61.2,26.447,0.000,0.000,0.000,161.0,00:03:57,149.8,149.1,1,--.--,0,252,--.--,0000:32:26,84,0,0,1,1,15.30,-1.00,-111,--.--,50,--.--,--:--:--,1,-15.30,16:35:43,21:35:43,7/9/26,--.--,--.--,--.--,--.--,--.--,--.--,--.--,--.--,--.--,--.--,--.--,--.--,0,--.--,--.--,--.--,--.--,--.--,--.--,--.--,--.--,--.--,--.--,--.--,--.--,--.--,--.--,--.--,--.--,0,0.000,0.000,0.000,0.000,0.000,0.000,0.000,0.000,0.000,0.000,0.000,0.000,true,true,true,true,true,true,false,false,true,true,false,false,0.02,0.01,0.01,0.04,--.--,--.--,0.15,0.17,9223372036854775808,0,--.--,--.--,--.--,--.--,--.--,0,0,0,0,37.4127216,-121.9969207,10SEG 88766 41130,0.7,1.1,82.0,3,10,--.--,--.--,,--.--,--.--,--.--,0,0,--.--,--.--,0,47.5,142.0,-26.4,0.1,1.0,-0.0,--.--,--.--,-26.5,0.2,1.0,-0.0,--.--,--.--,--.--,--.--,2.6,-0.0,170.8,0.4,0.0,2.0,288.15,--.--,--.--,0,0,0.0,0.0,0.0,0,0,0,--.--,--.--,--.--
2026-07-09 16:35:44.545,2.5,0.0,170,0.5,0.0,1.6,1.0,-1.8,0.000,0.0,26.3,64.2,61.2,26.447,0.000,0.000,0.000,161.0,00:03:58,149.8,149.1,1,--.--,0,252,--.--,0000:32:26,84,0,0,1,1,15.30,-1.00,-111,--.--,50,--.--,--:--:--,1,-15.30,16:35:44,21:35:44,7/9/26,--.--,--.--,--.--,--.--,--.--,--.--,--.--,--.--,--.--,--.--,--.--,--.--,0,--.--,--.--,--.--,--.--,--.--,--.--,--.--,--.--,--.--,--.--,--.--,--.--,--.--,--.--,--.--,--.--,0,0.000,0.000,0.000,0.000,0.000,0.000,0.000,0.000,0.000,0.000,0.000,0.000,true,true,true,true,true,true,false,false,true,true,false,false,0.02,0.01,0.01,0.04,--.--,--.--,0.15,0.17,9223372036854775808,0,--.--,--.--,--.--,--.--,--.--,0,0,0,0,37.4127216,-121.9969207,10SEG 88766 41130,0.7,1.1,82.0,3,10,--.--,--.--,,--.--,--.--,--.--,0,0,--.--,--.--,0,47.5,142.0,-26.4,0.1,1.0,-0.0,--.--,--.--,-26.5,0.2,1.0,-0.0,--.--,--.--,--.--,--.--,2.6,-0.0,170.8,0.4,0.0,2.0,288.15,--.--,--.--,0,0,0.0,0.0,0.0,0,0,0,--.--,--.--,--.--
2026-07-09 16:35:45.545,2.6,0.0,171,0.2,0.1,1.7,1.0,-1.7,0.000,0.0,26.3,64.2,61.2,26.441,0.000,0.000,0.000,163.0,00:03:59,150.1,149.2,1,--.--,0,252,--.--,0000:32:26,84,0,0,1,1,15.30,-1.00,-111,--.--,50,--.--,--:--:--,1,-15.30,16:35:45,21:35:45,7/9/26,--.--,--.--,--.--,--.--,--.--,--.--,--.--,--.--,--.--,--.--,--.--,--.--,0,--.--,--.--,--.--,--.--,--.--,--.--,--.--,--.--,--.--,--.--,--.--,--.--,--.--,--.--,--.--,--.--,0,0.000,0.000,0.000,0.000,0.000,0.000,0.000,0.000,0.000,0.000,0.000,0.000,true,true,true,true,true,true,false,false,true,true,false,false,0.02,0.01,0.01,0.04,--.--,--.--,0.15,0.17,9223372036854775808,0,--.--,--.--,--.--,--.--,--.--,0,0,0,0,37.4127220,-121.9969185,10SEG 88766 41130,0.7,1.1,82.8,3,10,--.--,--.--,,--.--,--.--,--.--,0,0,--.--,--.--,0,47.5,142.4,-26.4,0.1,1.0,-0.0,--.--,--.--,-26.5,0.2,1.0,-0.1,--.--,--.--,--.--,--.--,2.6,-0.0,171.4,-0.1,0.0,2.1,288.15,--.--,--.--,0,0,0.0,0.0,0.0,0,0,0,--.--,--.--,--.--
2026-07-09 16:35:46.544,2.5,0.6,173,-0.4,0.7,2.1,1.0,1.4,0.000,0.1,26.2,64.2,61.2,26.417,0.000,0.000,0.000,163.0,00:04:00,151.1,151.7,1,--.--,0,252,--.--,0000:32:26,84,0,0,1,1,15.30,-1.00,-111,--.--,50,--.--,--:--:--,1,-15.30,16:35:46,21:35:46,7/9/26,--.--,--.--,--.--,--.--,--.--,--.--,--.--,--.--,--.--,--.--,--.--,--.--,0,--.--,--.--,--.--,--.--,--.--,--.--,--.--,--.--,--.--,--.--,--.--,--.--,--.--,--.--,--.--,--.--,0,0.000,0.000,0.000,0.000,0.000,0.000,0.000,0.000,0.000,0.000,0.000,0.000,true,true,true,true,true,true,false,false,true,true,false,false,0.02,0.01,0.01,0.04,--.--,--.--,0.15,0.17,9223372036854775808,0,--.--,--.--,--.--,--.--,--.--,0,0,0,0,37.4127231,-121.9969073,10SEG 88767 41130,0.7,1.1,84.4,3,10,--.--,--.--,,--.--,--.--,--.--,0,0,--.--,--.--,0,47.6,143.4,-26.4,0.1,1.0,-0.1,--.--,--.--,-26.5,0.1,1.0,-0.1,--.--,--.--,--.--,--.--,2.4,0.4,173.4,-0.3,-0.3,2.2,288.15,--.--,--.--,0,0,0.0,0.0,0.0,0,0,0,--.--,--.--,--.--
2026-07-09 16:35:47.544,2.3,-0.0,175,0.3,0.3,2.1,1.0,-1.7,0.000,0.1,26.2,64.2,61.2,26.420,0.000,0.000,0.000,165.0,00:04:01,152.1,152.1,1,--.--,0,252,--.--,0000:32:26,84,0,0,1,1,15.30,-1.00,-111,--.--,50,--.--,--:--:--,1,-15.30,16:35:47,21:35:47,7/9/26,--.--,--.--,--.--,--.--,--.--,--.--,--.--,--.--,--.--,--.--,--.--,--.--,0,--.--,--.--,--.--,--.--,--.--,--.--,--.--,--.--,--.--,--.--,--.--,--.--,--.--,--.--,--.--,--.--,0,0.000,0.000,0.000,0.000,0.000,0.000,0.000,0.000,0.000,0.000,0.000,0.000,true,true,true,true,true,true,false,false,true,true,false,false,0.02,0.01,0.01,0.03,--.--,--.--,0.15,0.17,9223372036854775808,0,--.--,--.--,--.--,--.--,--.--,0,0,0,0,37.4127241,-121.9968968,10SEG 88768 41130,0.7,1.1,82.5,3,10,--.--,--.--,,--.--,--.--,--.--,0,0,--.--,--.--,0,47.8,144.3,-26.4,0.1,1.0,-0.1,--.--,--.--,-26.5,0.1,1.0,-0.1,--.--,--.--,--.--,--.--,2.3,-0.0,175.2,0.4,0.1,1.9,288.15,--.--,--.--,0,0,0.0,0.0,0.0,0,0,0,--.--,--.--,--.--
2026-07-09 16:35:48.544,2.3,-0.0,177,-0.1,0.1,2.2,1.0,-1.3,0.000,0.1,26.2,64.2,61.2,26.425,0.000,0.000,0.000,165.0,00:04:02,153.0,152.6,1,--.--,0,252,--.--,0000:32:26,84,0,0,1,1,15.30,-1.00,-111,--.--,50,--.--,--:--:--,1,-15.30,16:35:48,21:35:48,7/9/26,--.--,--.--,--.--,--.--,--.--,--.--,--.--,--.--,--.--,--.--,--.--,--.--,0,--.--,--.--,--.--,--.--,--.--,--.--,--.--,--.--,--.--,--.--,--.--,--.--,--.--,--.--,--.--,--.--,0,0.000,0.000,0.000,0.000,0.000,0.000,0.000,0.000,0.000,0.000,0.000,0.000,true,true,true,true,true,true,false,false,true,true,false,false,0.02,0.01,0.01,0.03,--.--,--.--,0.15,0.17,9223372036854775808,0,--.--,--.--,--.--,--.--,--.--,0,0,0,0,37.4127249,-121.9968851,10SEG 88769 41131,0.7,1.1,84.8,3,10,--.--,--.--,,--.--,--.--,--.--,0,0,--.--,--.--,0,47.9,145.3,-26.4,0.1,1.0,-0.1,--.--,--.--,-26.5,-0.0,1.0,-0.1,--.--,--.--,--.--,--.--,2.4,0.0,177.1,0.1,0.1,1.5,288.15,--.--,--.--,0,0,0.0,0.0,0.0,0,0,0,--.--,--.--,--.--
2026-07-09 16:35:49.544,2.5,-0.0,179,-0.1,0.1,2.1,1.0,-0.2,0.000,0.1,26.2,64.2,61.2,26.430,0.000,0.000,0.000,167.0,00:04:03,154.0,152.3,1,--.--,0,252,--.--,0000:32:26,84,0,0,1,1,15.30,-1.00,-112,--.--,50,--.--,--:--:--,1,-15.30,16:35:49,21:35:49,7/9/26,--.--,--.--,--.--,--.--,--.--,--.--,--.--,--.--,--.--,--.--,--.--,--.--,0,--.--,--.--,--.--,--.--,--.--,--.--,--.--,--.--,--.--,--.--,--.--,--.--,--.--,--.--,--.--,--.--,0,0.000,0.000,0.000,0.000,0.000,0.000,0.000,0.000,0.000,0.000,0.000,0.000,true,true,true,true,true,true,false,false,true,true,false,false,0.02,0.00,0.01,0.03,--.--,--.--,0.15,0.17,9223372036854775808,0,--.--,--.--,--.--,--.--,--.--,0,0,0,0,37.4127258,-121.9968733,10SEG 88770 41131,0.7,1.1,86.7,3,10,--.--,--.--,,--.--,--.--,--.--,0,0,--.--,--.--,0,48.0,146.3,-26.4,0.1,1.0,-0.1,--.--,--.--,-26.5,-0.1,1.0,-0.1,--.--,--.--,--.--,--.--,2.5,0.0,179.0,-0.0,0.1,1.4,288.15,--.--,--.--,0,0,0.0,0.0,0.0,0,0,0,--.--,--.--,--.--
2026-07-09 16:35:50.544,2.6,0.0,181,0.2,0.1,2.0,1.0,0.6,0.000,0.1,26.2,64.2,61.2,26.434,0.000,0.000,0.000,167.0,00:04:04,155.0,152.5,1,--.--,0,252,--.--,0000:32:26,84,0,0,1,1,15.30,-1.00,-112,--.--,50,--.--,--:--:--,1,-15.30,16:35:50,21:35:50,7/9/26,--.--,--.--,--.--,--.--,--.--,--.--,--.--,--.--,--.--,--.--,--.--,--.--,0,--.--,--.--,--.--,--.--,--.--,--.--,--.--,--.--,--.--,--.--,--.--,--.--,--.--,--.--,--.--,--.--,0,0.000,0.000,0.000,0.000,0.000,0.000,0.000,0.000,0.000,0.000,0.000,0.000,true,true,true,true,true,true,false,false,true,true,false,false,0.02,0.00,0.01,0.03,--.--,--.--,0.15,0.17,9223372036854775808,0,--.--,--.--,--.--,--.--,--.--,0,0,0,0,37.4127258,-121.9968623,10SEG 88771 41131,0.7,1.1,92.0,3,10,--.--,--.--,,--.--,--.--,--.--,0,0,--.--,--.--,0,48.0,147.3,-26.4,-0.0,1.0,-0.1,--.--,--.--,-26.5,-0.1,1.0,-0.1,--.--,--.--,--.--,--.--,2.6,0.0,181.0,0.3,0.1,1.3,288.15,--.--,--.--,0,0,0.0,0.0,0.0,0,0,0,--.--,--.--,--.--
2026-07-09 16:35:51.545,2.3,-0.0,183,-0.5,0.0,1.7,1.0,-0.4,0.000,0.1,26.2,64.2,61.2,26.425,0.000,0.000,0.000,169.0,00:04:05,155.9,155.5,1,--.--,0,252,--.--,0000:32:26,84,0,0,1,1,15.30,-1.00,-112,--.--,50,--.--,--:--:--,1,-15.30,16:35:51,21:35:51,7/9/26,--.--,--.--,--.--,--.--,--.--,--.--,--.--,--.--,--.--,--.--,--.--,--.--,0,--.--,--.--,--.--,--.--,--.--,--.--,--.--,--.--,--.--,--.--,--.--,--.--,--.--,--.--,--.--,--.--,0,0.000,0.000,0.000,0.000,0.000,0.000,0.000,0.000,0.000,0.000,0.000,0.000,true,true,true,true,true,true,false,false,true,true,false,false,0.03,0.00,0.01,0.04,--.--,--.--,0.15,0.17,9223372036854775808,0,--.--,--.--,--.--,--.--,--.--,0,0,0,0,37.4127248,-121.9968503,10SEG 88772 41131,0.7,1.1,96.7,3,10,--.--,--.--,,--.--,--.--,--.--,0,0,--.--,--.--,0,47.8,148.3,-26.4,-0.1,1.0,-0.1,--.--,--.--,-26.5,-0.1,1.0,-0.1,--.--,--.--,--.--,--.--,2.2,0.0,182.9,-0.2,0.1,1.5,288.15,--.--,--.--,0,0,0.0,0.0,0.0,0,0,0,--.--,--.--,--.--
2026-07-09 16:35:52.544,2.5,-0.0,184,0.1,0.1,1.5,1.0,1.2,0.000,0.1,26.2,64.2,61.2,26.403,0.000,0.000,0.000,169.0,00:04:06,156.8,154.3,1,--.--,0,252,--.--,0000:32:26,83,0,0,1,1,15.30,-1.00,-112,--.--,50,--.--,--:--:--,1,-15.30,16:35:52,21:35:52,7/9/26,--.--,--.--,--.--,--.--,--.--,--.--,--.--,--.--,--.--,--.--,--.--,--.--,0,--.--,--.--,--.--,--.--,--.--,--.--,--.--,--.--,--.--,--.--,--.--,--.--,--.--,--.--,--.--,--.--,0,0.000,0.000,0.000,0.000,0.000,0.000,0.000,0.000,0.000,0.000,0.000,0.000,true,true,true,true,true,true,false,false,true,true,false,false,0.03,0.00,0.01,0.04,--.--,--.--,0.15,0.17,9223372036854775808,0,--.--,--.--,--.--,--.--,--.--,0,0,0,0,37.4127239,-121.9968396,10SEG 88773 41130,0.7,1.1,96.7,3,10,--.--,--.--,,--.--,--.--,--.--,0,0,--.--,--.--,0,47.7,149.3,-26.4,-0.1,1.0,-0.1,--.--,--.--,-26.5,-0.0,1.0,-0.1,--.--,--.--,--.--,--.--,2.4,-0.0,184.8,-0.2,0.1,2.2,288.15,--.--,--.--,0,0,0.0,0.0,0.0,0,0,0,--.--,--.--,--.--
2026-07-09 16:35:53.544,2.2,-0.0,186,0.2,0.1,1.9,1.0,0.5,0.000,0.1,26.2,64.2,61.2,26.388,0.000,0.000,0.000,171.1,00:04:07,157.7,157.1,1,--.--,0,252,--.--,0000:32:26,83,0,0,1,1,15.30,-1.00,-113,--.--,50,--.--,--:--:--,1,-15.30,16:35:53,21:35:53,7/9/26,--.--,--.--,--.--,--.--,--.--,--.--,--.--,--.--,--.--,--.--,--.--,--.--,0,--.--,--.--,--.--,--.--,--.--,--.--,--.--,--.--,--.--,--.--,--.--,--.--,--.--,--.--,--.--,--.--,0,0.000,0.000,0.000,0.000,0.000,0.000,0.000,0.000,0.000,0.000,0.000,0.000,true,true,true,true,true,true,false,false,true,true,false,false,0.03,0.00,0.01,0.03,--.--,--.--,0.15,0.17,9223372036854775808,0,--.--,--.--,--.--,--.--,--.--,0,0,0,0,37.4127231,-121.9968286,10SEG 88774 41130,0.7,1.1,96.6,3,10,--.--,--.--,,--.--,--.--,--.--,0,0,--.--,--.--,0,47.5,150.3,-26.4,-0.1,1.0,-0.1,--.--,--.--,-26.5,-0.0,1.0,-0.1,--.--,--.--,--.--,--.--,2.2,-0.0,186.7,0.3,0.1,2.6,288.15,--.--,--.--,0,0,0.0,0.0,0.0,0,0,0,--.--,--.--,--.--
2026-07-09 16:35:54.544,2.0,-0.0,188,-0.4,0.0,2.3,1.0,-1.1,0.000,0.1,26.2,64.1,61.1,26.369,0.000,0.000,0.000,171.1,00:04:08,158.6,158.8,1,--.--,0,253,--.--,0000:32:26,83,0,0,1,1,15.30,-1.00,-113,--.--,50,--.--,--:--:--,1,-15.30,16:35:54,21:35:54,7/9/26,--.--,--.--,--.--,--.--,--.--,--.--,--.--,--.--,--.--,--.--,--.--,--.--,0,--.--,--.--,--.--,--.--,--.--,--.--,--.--,--.--,--.--,--.--,--.--,--.--,--.--,--.--,--.--,--.--,0,0.000,0.000,0.000,0.000,0.000,0.000,0.000,0.000,0.000,0.000,0.000,0.000,true,true,true,true,true,true,false,false,true,true,false,false,0.03,0.00,0.01,0.03,--.--,--.--,0.15,0.17,9223372036854775808,0,--.--,--.--,--.--,--.--,--.--,0,0,0,0,37.4127219,-121.9968175,10SEG 88775 41130,0.7,1.1,95.8,3,10,--.--,--.--,,--.--,--.--,--.--,0,0,--.--,--.--,0,47.5,151.3,-26.4,-0.1,1.0,-0.1,--.--,--.--,-26.5,-0.1,1.0,-0.1,--.--,--.--,--.--,--.--,2.0,-0.0,188.6,-0.1,0.1,2.3,288.15,--.--,--.--,0,0,0.0,0.0,0.0,0,0,0,--.--,--.--,--.--
2026-07-09 16:35:55.544,2.2,-0.0,190,0.0,0.1,2.3,1.0,1.1,0.000,0.1,26.2,64.1,61.1,26.369,0.000,0.000,0.000,171.1,00:04:09,159.5,156.9,1,--.--,0,253,--.--,0000:32:26,83,0,0,1,1,15.30,-1.00,-113,--.--,50,--.--,--:--:--,1,-15.30,16:35:55,21:35:55,7/9/26,--.--,--.--,--.--,--.--,--.--,--.--,--.--,--.--,--.--,--.--,--.--,--.--,0,--.--,--.--,--.--,--.--,--.--,--.--,--.--,--.--,--.--,--.--,--.--,--.--,--.--,--.--,--.--,--.--,0,0.000,0.000,0.000,0.000,0.000,0.000,0.000,0.000,0.000,0.000,0.000,0.000,true,true,true,true,true,true,false,false,true,true,false,false,0.05,0.00,0.01,0.03,--.--,--.--,0.15,0.17,9223372036854775808,0,--.--,--.--,--.--,--.--,--.--,0,0,0,0,37.4127211,-121.9968064,10SEG 88776 41130,0.7,1.1,94.8,3,10,--.--,--.--,,--.--,--.--,--.--,0,0,--.--,--.--,0,47.4,152.3,-26.4,-0.1,1.0,-0.1,--.--,--.--,-26.5,-0.2,1.0,-0.1,--.--,--.--,--.--,--.--,2.2,0.0,190.4,-0.0,0.2,1.8,288.15,--.--,--.--,0,0,0.0,0.0,0.0,0,0,0,--.--,--.--,--.--
2026-07-09 16:35:56.544,2.1,-0.0,192,-0.3,0.0,2.2,1.0,-1.1,0.000,0.2,26.2,64.2,61.2,26.393,0.000,0.000,0.000,173.1,00:04:10,160.4,158.5,1,--.--,0,253,--.--,0000:32:26,84,0,0,1,1,15.30,-1.00,-113,--.--,50,--.--,--:--:--,1,-15.30,16:35:56,21:35:56,7/9/26,--.--,--.--,--.--,--.--,--.--,--.--,--.--,--.--,--.--,--.--,--.--,--.--,0,--.--,--.--,--.--,--.--,--.--,--.--,--.--,--.--,--.--,--.--,--.--,--.--,--.--,--.--,--.--,--.--,0,0.000,0.000,0.000,0.000,0.000,0.000,0.000,0.000,0.000,0.000,0.000,0.000,true,true,true,true,true,true,false,false,true,true,false,false,0.05,0.00,0.01,0.03,--.--,--.--,0.15,0.17,9223372036854775808,0,--.--,--.--,--.--,--.--,--.--,0,0,0,0,37.4127205,-121.9967950,10SEG 88777 41130,0.7,1.1,97.8,3,10,--.--,--.--,,--.--,--.--,--.--,0,0,--.--,--.--,0,47.3,153.2,-26.4,-0.2,1.0,-0.2,--.--,--.--,-26.5,-0.3,0.9,-0.1,--.--,--.--,--.--,--.--,2.1,0.0,192.3,-0.2,0.2,1.3,288.15,--.--,--.--,0,0,0.0,0.0,0.0,0,0,0,--.--,--.--,--.--
2026-07-09 16:35:57.544,2.4,-0.0,194,0.4,0.1,1.8,1.0,1.8,0.000,0.2,26.2,64.2,61.2,26.392,0.000,0.000,0.000,173.1,00:04:11,161.3,156.5,1,--.--,0,253,--.--,0000:32:26,84,0,0,1,1,15.30,-1.00,-114,--.--,50,--.--,--:--:--,1,-15.30,16:35:57,21:35:57,7/9/26,--.--,--.--,--.--,--.--,--.--,--.--,--.--,--.--,--.--,--.--,--.--,--.--,0,--.--,--.--,--.--,--.--,--.--,--.--,--.--,--.--,--.--,--.--,--.--,--.--,--.--,--.--,--.--,--.--,0,0.000,0.000,0.000,0.000,0.000,0.000,0.000,0.000,0.000,0.000,0.000,0.000,true,true,true,true,true,true,false,false,true,true,false,false,0.06,0.01,0.02,0.03,--.--,--.--,0.15,0.17,9223372036854775808,0,--.--,--.--,--.--,--.--,--.--,0,0,0,0,37.4127188,-121.9967841,10SEG 88778 41130,0.7,1.1,105.3,3,10,--.--,--.--,,--.--,--.--,--.--,0,0,--.--,--.--,0,47.0,154.2,-26.4,-0.3,1.0,-0.2,--.--,--.--,-26.5,-0.4,0.9,-0.1,--.--,--.--,--.--,--.--,2.4,0.0,194.2,0.2,0.2,1.2,288.15,--.--,--.--,0,0,0.0,0.0,0.0,0,0,0,--.--,--.--,--.--
2026-07-09 16:35:58.544,2.2,-0.0,196,-0.3,0.0,1.5,1.0,0.5,0.000,0.1,26.2,64.2,61.2,26.369,0.000,0.000,0.000,175.1,00:04:12,162.1,158.8,1,--.--,0,253,--.--,0000:32:26,82,0,0,1,1,15.30,-1.00,-114,--.--,50,--.--,--:--:--,1,-15.30,16:35:58,21:35:58,7/9/26,--.--,--.--,--.--,--.--,--.--,--.--,--.--,--.--,--.--,--.--,--.--,--.--,0,--.--,--.--,--.--,--.--,--.--,--.--,--.--,--.--,--.--,--.--,--.--,--.--,--.--,--.--,--.--,--.--,0,0.000,0.000,0.000,0.000,0.000,0.000,0.000,0.000,0.000,0.000,0.000,0.000,true,true,true,true,true,true,false,false,true,true,false,false,0.06,0.01,0.02,0.03,--.--,--.--,0.15,0.17,9223372036854775808,0,--.--,--.--,--.--,--.--,--.--,0,0,0,0,37.4127158,-121.9967729,10SEG 88779 41130,0.7,1.1,114.3,3,10,--.--,--.--,,--.--,--.--,--.--,0,0,--.--,--.--,0,46.7,155.2,-26.4,-0.4,0.9,-0.1,--.--,--.--,-26.5,-0.3,1.0,-0.1,--.--,--.--,--.--,--.--,2.2,0.0,196.2,-0.3,0.2,1.8,288.15,--.--,--.--,0,0,0.0,0.0,0.0,0,0,0,--.--,--.--,--.--
2026-07-09 16:35:59.544,2.0,-0.0,197,-0.4,-0.0,1.7,1.0,-0.3,0.000,0.1,26.2,64.1,61.2,26.331,0.000,0.000,0.000,175.1,00:04:13,162.9,162.2,1,--.--,0,253,--.--,0000:32:26,82,0,0,1,1,15.30,-1.00,-115,--.--,50,--.--,--:--:--,1,-15.30,16:35:59,21:35:59,7/9/26,--.--,--.--,--.--,--.--,--.--,--.--,--.--,--.--,--.--,--.--,--.--,--.--,0,--.--,--.--,--.--,--.--,--.--,--.--,--.--,--.--,--.--,--.--,--.--,--.--,--.--,--.--,--.--,--.--,0,0.000,0.000,0.000,0.000,0.000,0.000,0.000,0.000,0.000,0.000,0.000,0.000,true,true,true,true,true,true,false,false,true,true,false,false,0.06,0.01,0.02,0.03,--.--,--.--,0.15,0.17,9223372036854775808,0,--.--,--.--,--.--,--.--,--.--,0,0,0,0,37.4127125,-121.9967628,10SEG 88780 41129,0.7,1.1,109.8,3,10,--.--,--.--,,--.--,--.--,--.--,0,0,--.--,--.--,0,46.3,156.1,-26.3,-0.4,0.9,-0.2,--.--,--.--,-26.5,-0.3,1.0,-0.2,--.--,--.--,--.--,--.--,1.9,-0.0,198.1,-0.4,0.1,2.5,288.15,--.--,--.--,0,0,0.0,0.0,0.0,0,0,0,--.--,--.--,--.--
2026-07-09 16:36:00.544,1.9,-0.0,199,0.0,0.0,2.1,1.0,-1.6,0.000,0.2,26.1,64.1,64.1,26.310,0.000,0.000,0.000,177.1,00:04:14,163.7,162.1,1,--.--,0,254,--.--,0000:32:26,82,0,0,1,1,15.30,-1.00,-115,--.--,50,--.--,--:--:--,1,-15.30,16:36:00,21:36:00,7/9/26,--.--,--.--,--.--,--.--,--.--,--.--,--.--,--.--,--.--,--.--,--.--,--.--,0,--.--,--.--,--.--,--.--,--.--,--.--,--.--,--.--,--.--,--.--,--.--,--.--,--.--,--.--,--.--,--.--,0,0.000,0.000,0.000,0.000,0.000,0.000,0.000,0.000,0.000,0.000,0.000,0.000,true,true,true,true,true,true,false,false,true,true,false,false,0.06,0.01,0.02,0.03,--.--,--.--,0.15,0.17,9223372036854775808,0,--.--,--.--,--.--,--.--,--.--,0,0,0,0,37.4127096,-121.9967526,10SEG 88781 41129,0.7,1.1,108.2,3,10,--.--,--.--,,--.--,--.--,--.--,0,0,--.--,--.--,0,46.0,157.0,-26.3,-0.3,1.0,-0.2,--.--,--.--,-26.5,-0.3,1.0,-0.2,--.--,--.--,--.--,--.--,1.9,-0.0,199.9,-0.1,0.1,2.5,288.15,--.--,--.--,0,0,0.0,0.0,0.0,0,0,0,--.--,--.--,--.--
2026-07-09 16:36:01.544,1.9,-0.0,201,-0.3,-0.0,2.3,1.0,-1.2,0.000,0.2,26.1,64.1,64.1,26.330,0.000,0.000,0.000,177.1,00:04:15,164.5,162.8,1,--.--,0,254,--.--,0000:32:26,82,0,0,1,1,15.30,-1.00,-115,--.--,50,--.--,--:--:--,1,-15.30,16:36:01,21:36:01,7/9/26,--.--,--.--,--.--,--.--,--.--,--.--,--.--,--.--,--.--,--.--,--.--,--.--,0,--.--,--.--,--.--,--.--,--.--,--.--,--.--,--.--,--.--,--.--,--.--,--.--,--.--,--.--,--.--,--.--,0,0.000,0.000,0.000,0.000,0.000,0.000,0.000,0.000,0.000,0.000,0.000,0.000,true,true,true,true,true,true,false,false,true,true,false,false,0.06,0.00,0.02,0.04,--.--,--.--,0.15,0.17,9223372036854775808,0,--.--,--.--,--.--,--.--,--.--,0,0,0,0,37.4127062,-121.9967411,10SEG 88782 41129,0.7,1.1,105.8,3,10,--.--,--.--,,--.--,--.--,--.--,0,0,--.--,--.--,0,45.7,158.0,-26.3,-0.3,1.0,-0.2,--.--,--.--,-26.5,-0.4,0.9,-0.2,--.--,--.--,--.--,--.--,1.8,-0.0,201.9,-0.3,0.2,2.1,288.15,--.--,--.--,0,0,0.0,0.0,0.0,0,0,0,--.--,--.--,--.--
2026-07-09 16:36:02.544,1.8,-0.1,203,-0.1,0.1,2.1,1.0,-0.9,0.000,0.2,26.1,64.1,64.1,26.353,0.000,0.000,0.000,179.1,00:04:16,165.4,162.6,1,--.--,0,254,--.--,0000:32:26,82,0,0,1,1,15.30,-1.00,-115,--.--,50,--.--,--:--:--,1,-15.30,16:36:02,21:36:02,7/9/26,--.--,--.--,--.--,--.--,--.--,--.--,--.--,--.--,--.--,--.--,--.--,--.--,0,--.--,--.--,--.--,--.--,--.--,--.--,--.--,--.--,--.--,--.--,--.--,--.--,--.--,--.--,--.--,--.--,0,0.000,0.000,0.000,0.000,0.000,0.000,0.000,0.000,0.000,0.000,0.000,0.000,true,true,true,true,true,true,false,false,true,true,false,false,0.06,0.00,0.02,0.04,--.--,--.--,0.15,0.17,9223372036854775808,0,--.--,--.--,--.--,--.--,--.--,0,0,0,0,37.4127033,-121.9967303,10SEG 88783 41128,0.7,1.1,109.2,3,10,--.--,--.--,,--.--,--.--,--.--,0,0,--.--,--.--,0,45.4,159.0,-26.3,-0.4,0.9,-0.2,--.--,--.--,-26.5,-0.5,0.9,-0.1,--.--,--.--,--.--,--.--,1.8,0.0,203.8,-0.1,0.3,1.6,288.15,--.--,--.--,0,0,0.0,0.0,0.0,0,0,0,--.--,--.--,--.--
2026-07-09 16:36:03.544,2.0,-0.1,205,0.1,0.1,1.8,1.0,-0.7,0.000,0.2,26.2,64.1,64.1,26.370,0.000,0.000,0.000,179.1,00:04:17,166.1,162.3,1,--.--,0,254,--.--,0000:32:26,81,0,0,1,1,15.30,-1.00,-116,--.--,50,--.--,--:--:--,1,-15.30,16:36:03,21:36:03,7/9/26,--.--,--.--,--.--,--.--,--.--,--.--,--.--,--.--,--.--,--.--,--.--,--.--,0,--.--,--.--,--.--,--.--,--.--,--.--,--.--,--.--,--.--,--.--,--.--,--.--,--.--,--.--,--.--,--.--,0,0.000,0.000,0.000,0.000,0.000,0.000,0.000,0.000,0.000,0.000,0.000,0.000,true,true,true,true,true,true,false,false,true,true,false,false,0.06,0.01,0.02,0.04,--.--,--.--,0.15,0.17,9223372036854775808,0,--.--,--.--,--.--,--.--,--.--,0,0,0,0,37.4126996,-121.9967197,10SEG 88784 41128,0.7,1.1,116.6,3,10,--.--,--.--,,--.--,--.--,--.--,0,0,--.--,--.--,0,44.9,159.9,-26.4,-0.5,0.9,-0.2,--.--,--.--,-26.5,-0.5,0.9,-0.1,--.--,--.--,--.--,--.--,1.9,0.0,205.8,-0.0,0.4,1.7,288.15,--.--,--.--,0,0,0.0,0.0,0.0,0,0,0,--.--,--.--,--.--
2026-07-09 16:36:04.545,1.8,-0.1,207,-0.2,0.0,1.7,1.0,1.4,0.000,0.2,26.2,64.1,64.1,26.351,0.000,0.000,0.000,181.1,00:04:18,166.8,164.3,1,--.--,0,255,--.--,0000:32:26,80,0,0,1,1,15.30,-1.00,-116,--.--,50,--.--,--:--:--,1,-15.30,16:36:04,21:36:04,7/9/26,--.--,--.--,--.--,--.--,--.--,--.--,--.--,--.--,--.--,--.--,--.--,--.--,0,--.--,--.--,--.--,--.--,--.--,--.--,--.--,--.--,--.--,--.--,--.--,--.--,--.--,--.--,--.--,--.--,0,0.000,0.000,0.000,0.000,0.000,0.000,0.000,0.000,0.000,0.000,0.000,0.000,true,true,true,true,true,true,false,false,true,true,false,false,0.06,0.01,0.02,0.04,--.--,--.--,0.15,0.17,9223372036854775808,0,--.--,--.--,--.--,--.--,--.--,0,0,0,0,37.4126951,-121.9967093,10SEG 88785 41127,0.7,1.1,120.8,3,10,--.--,--.--,,--.--,--.--,--.--,0,0,--.--,--.--,0,44.4,160.8,-26.3,-0.6,0.9,-0.2,--.--,--.--,-26.5,-0.5,0.9,-0.1,--.--,--.--,--.--,--.--,1.8,-0.0,207.7,0.0,0.4,2.1,288.15,--.--,--.--,0,0,0.0,0.0,0.0,0,0,0,--.--,--.--,--.--
2026-07-09 16:36:05.544,1.7,-0.0,209,-0.1,0.0,1.9,1.0,-0.1,0.000,0.2,26.1,64.1,64.1,26.326,0.000,0.000,0.000,183.1,00:04:19,167.5,165.5,1,--.--,0,255,--.--,0000:32:26,79,0,0,1,1,15.30,-1.00,-116,--.--,50,--.--,--:--:--,1,-15.30,16:36:05,21:36:05,7/9/26,--.--,--.--,--.--,--.--,--.--,--.--,--.--,--.--,--.--,--.--,--.--,--.--,0,--.--,--.--,--.--,--.--,--.--,--.--,--.--,--.--,--.--,--.--,--.--,--.--,--.--,--.--,--.--,--.--,0,0.000,0.000,0.000,0.000,0.000,0.000,0.000,0.000,0.000,0.000,0.000,0.000,true,true,true,true,true,true,false,false,true,true,false,false,0.06,0.00,0.02,0.04,--.--,--.--,0.15,0.17,9223372036854775808,0,--.--,--.--,--.--,--.--,--.--,0,0,0,0,37.4126907,-121.9966996,10SEG 88786 41127,0.7,1.1,121.3,3,10,--.--,--.--,,--.--,--.--,--.--,0,0,--.--,--.--,0,43.8,161.6,-26.3,-0.5,0.9,-0.2,--.--,--.--,-26.5,-0.4,0.9,-0.2,--.--,--.--,--.--,--.--,1.7,-0.0,209.7,-0.2,0.2,2.5,288.15,--.--,--.--,0,0,0.0,0.0,0.0,0,0,0,--.--,--.--,--.--
2026-07-09 16:36:06.545,1.7,-0.0,211,-0.2,0.1,2.2,1.0,1.7,0.000,0.2,26.1,64.1,64.1,26.315,0.000,0.000,0.000,183.1,00:04:20,168.3,166.0,1,--.--,0,255,--.--,0000:32:26,80,0,0,1,1,15.30,-1.00,-116,--.--,50,--.--,--:--:--,1,-15.30,16:36:06,21:36:06,7/9/26,--.--,--.--,--.--,--.--,--.--,--.--,--.--,--.--,--.--,--.--,--.--,--.--,0,--.--,--.--,--.--,--.--,--.--,--.--,--.--,--.--,--.--,--.--,--.--,--.--,--.--,--.--,--.--,--.--,0,0.000,0.000,0.000,0.000,0.000,0.000,0.000,0.000,0.000,0.000,0.000,0.000,true,true,true,true,true,true,false,false,true,true,false,false,0.06,0.00,0.02,0.04,--.--,--.--,0.15,0.17,9223372036854775808,0,--.--,--.--,--.--,--.--,--.--,0,0,0,0,37.4126863,-121.9966894,10SEG 88787 41126,0.7,1.1,117.0,3,10,--.--,--.--,,--.--,--.--,--.--,0,0,--.--,--.--,0,43.4,162.5,-26.3,-0.5,0.9,-0.2,--.--,--.--,-26.5,-0.5,0.9,-0.2,--.--,--.--,--.--,--.--,1.6,-0.0,211.6,-0.4,0.2,2.3,288.15,--.--,--.--,0,0,0.0,0.0,0.0,0,0,0,--.--,--.--,--.--
2026-07-09 16:36:07.545,1.5,-0.1,213,-0.3,-0.0,2.2,1.0,0.6,0.000,0.2,26.1,64.1,64.1,26.337,0.000,0.000,0.000,185.1,00:04:21,169.0,166.9,1,--.--,0,255,--.--,0000:32:26,80,0,0,1,1,15.30,-1.00,-117,--.--,50,--.--,--:--:--,1,-15.30,16:36:07,21:36:07,7/9/26,--.--,--.--,--.--,--.--,--.--,--.--,--.--,--.--,--.--,--.--,--.--,--.--,0,--.--,--.--,--.--,--.--,--.--,--.--,--.--,--.--,--.--,--.--,--.--,--.--,--.--,--.--,--.--,--.--,0,0.000,0.000,0.000,0.000,0.000,0.000,0.000,0.000,0.000,0.000,0.000,0.000,true,true,true,true,true,true,false,false,true,true,false,false,0.06,0.00,0.02,0.04,--.--,--.--,0.15,0.17,9223372036854775808,0,--.--,--.--,--.--,--.--,--.--,0,0,0,0,37.4126820,-121.9966799,10SEG 88787 41126,0.7,1.1,119.4,3,10,--.--,--.--,,--.--,--.--,--.--,0,0,--.--,--.--,0,42.9,163.4,-26.3,-0.5,0.9,-0.2,--.--,--.--,-26.5,-0.6,0.8,-0.2,--.--,--.--,--.--,--.--,1.4,0.0,213.5,-0.4,0.3,1.7,288.15,--.--,--.--,0,0,0.0,0.0,0.0,0,0,0,--.--,--.--,--.--
2026-07-09 16:36:08.545,1.5,-0.1,215,0.3,0.0,1.7,1.0,0.6,0.000,0.2,26.2,64.1,64.1,26.366,0.000,0.000,0.000,185.1,00:04:22,169.7,165.6,1,--.--,0,256,--.--,0000:32:26,79,0,0,1,1,15.30,-1.00,-117,--.--,50,--.--,--:--:--,1,-15.30,16:36:08,21:36:08,7/9/26,--.--,--.--,--.--,--.--,--.--,--.--,--.--,--.--,--.--,--.--,--.--,--.--,0,--.--,--.--,--.--,--.--,--.--,--.--,--.--,--.--,--.--,--.--,--.--,--.--,--.--,--.--,--.--,--.--,0,0.000,0.000,0.000,0.000,0.000,0.000,0.000,0.000,0.000,0.000,0.000,0.000,true,true,true,true,true,true,false,false,true,true,false,false,0.06,0.00,0.02,0.04,--.--,--.--,0.15,0.17,9223372036854775808,0,--.--,--.--,--.--,--.--,--.--,0,0,0,0,37.4126770,-121.9966705,10SEG 88788 41125,0.7,1.1,125.9,3,10,--.--,--.--,,--.--,--.--,--.--,0,0,--.--,--.--,0,42.3,164.2,-26.4,-0.6,0.8,-0.2,--.--,--.--,-26.5,-0.6,0.8,-0.1,--.--,--.--,--.--,--.--,1.5,0.0,215.4,0.1,0.4,1.6,288.15,--.--,--.--,0,0,0.0,0.0,0.0,0,0,0,--.--,--.--,--.--
2026-07-09 16:36:09.545,1.4,-0.1,217,0.4,0.0,1.6,1.0,0.8,0.000,0.2,26.2,64.1,64.1,26.375,0.000,0.000,0.000,187.1,00:04:23,170.2,166.2,1,--.--,0,256,--.--,0000:32:26,78,0,0,1,1,15.30,-1.00,-117,--.--,50,--.--,--:--:--,1,-15.30,16:36:09,21:36:09,7/9/26,--.--,--.--,--.--,--.--,--.--,--.--,--.--,--.--,--.--,--.--,--.--,--.--,0,--.--,--.--,--.--,--.--,--.--,--.--,--.--,--.--,--.--,--.--,--.--,--.--,--.--,--.--,--.--,--.--,0,0.000,0.000,0.000,0.000,0.000,0.000,0.000,0.000,0.000,0.000,0.000,0.000,true,true,true,true,true,true,false,false,true,true,false,false,0.06,0.01,0.02,0.04,--.--,--.--,0.15,0.17,9223372036854775808,0,--.--,--.--,--.--,--.--,--.--,0,0,0,0,37.4126712,-121.9966615,10SEG 88789 41125,0.7,1.1,130.8,3,10,--.--,--.--,,--.--,--.--,--.--,0,0,--.--,--.--,0,41.7,165.0,-26.4,-0.7,0.8,-0.2,--.--,--.--,-26.5,-0.6,0.8,-0.1,--.--,--.--,--.--,--.--,1.5,-0.0,217.3,0.5,0.5,2.0,288.15,--.--,--.--,0,0,0.0,0.0,0.0,0,0,0,--.--,--.--,--.--
2026-07-09 16:36:10.545,-0.3,-1.1,217,0.4,-0.1,-1.3,1.2,1.7,0.000,-0.4,26.1,64.1,64.1,26.101,0.000,0.000,0.000,187.1,00:04:24,170.9,146.6,1,--.--,0,256,--.--,0000:32:26,70,0,0,1,1,15.30,-1.00,-117,--.--,50,--.--,--:--:--,1,-15.30,16:36:10,21:36:10,7/9/26,--.--,--.--,--.--,--.--,--.--,--.--,--.--,--.--,--.--,--.--,--.--,--.--,0,--.--,--.--,--.--,--.--,--.--,--.--,--.--,--.--,--.--,--.--,--.--,--.--,--.--,--.--,--.--,--.--,0,0.000,0.000,0.000,0.000,0.000,0.000,0.000,0.000,0.000,0.000,0.000,0.000,true,true,true,true,true,true,false,false,true,true,false,false,0.06,0.01,0.02,0.04,--.--,--.--,0.15,0.17,9223372036854775808,0,--.--,--.--,--.--,--.--,--.--,0,0,0,0,37.4126653,-121.9966528,10SEG 88790 41124,0.7,1.1,130.8,3,10,--.--,--.--,,--.--,--.--,--.--,0,0,--.--,--.--,0,41.0,165.8,-26.1,-0.8,0.9,0.5,--.--,--.--,-26.5,-0.6,0.8,-0.1,--.--,--.--,--.--,--.--,-0.2,-0.2,217.5,0.4,3.4,-0.4,288.15,--.--,--.--,0,0,0.0,0.0,0.0,0,0,0,--.--,--.--,--.--
2026-07-09 16:36:11.545,-0.2,-0.8,216,-0.0,0.4,-0.9,1.4,-0.5,0.000,-0.6,25.6,63.5,63.5,25.339,0.000,0.000,0.000,189.2,00:04:25,171.5,119.0,1,--.--,0,257,--.--,0000:32:26,70,0,0,1,1,15.30,-1.00,-118,--.--,50,--.--,--:--:--,1,-15.30,16:36:11,21:36:11,7/9/26,--.--,--.--,--.--,--.--,--.--,--.--,--.--,--.--,--.--,--.--,--.--,--.--,0,--.--,--.--,--.--,--.--,--.--,--.--,--.--,--.--,--.--,--.--,--.--,--.--,--.--,--.--,--.--,--.--,0,0.000,0.000,0.000,0.000,0.000,0.000,0.000,0.000,0.000,0.000,0.000,0.000,true,true,true,true,true,true,false,false,true,true,false,false,0.06,0.00,0.02,0.06,--.--,--.--,0.15,0.17,9223372036854775808,0,--.--,--.--,--.--,--.--,--.--,0,0,0,0,37.4126575,-121.9966421,10SEG 88791 41123,0.7,1.1,138.4,3,10,--.--,--.--,,--.--,--.--,--.--,0,0,--.--,--.--,0,40.0,166.7,-25.3,-1.1,1.0,0.6,--.--,--.--,-26.5,-0.6,0.8,-0.1,--.--,--.--,--.--,--.--,-0.2,-0.2,217.5,-0.2,2.2,1.6,288.15,--.--,--.--,0,0,0.0,0.0,0.0,0,0,0,--.--,--.--,--.--
2026-07-09 16:36:12.546,-0.2,-0.5,216,-0.1,0.2,0.7,1.7,1.9,0.000,-0.6,24.7,62.7,62.7,24.542,0.000,0.000,0.000,189.2,00:04:26,172.2,101.4,1,--.--,0,257,--.--,0000:32:26,70,0,0,1,1,15.30,-1.00,-118,--.--,50,--.--,--:--:--,1,-15.30,16:36:12,21:36:12,7/9/26,--.--,--.--,--.--,--.--,--.--,--.--,--.--,--.--,--.--,--.--,--.--,--.--,0,--.--,--.--,--.--,--.--,--.--,--.--,--.--,--.--,--.--,--.--,--.--,--.--,--.--,--.--,--.--,--.--,0,0.000,0.000,0.000,0.000,0.000,0.000,0.000,0.000,0.000,0.000,0.000,0.000,true,true,true,true,true,true,false,false,true,true,false,false,0.06,0.00,0.02,0.06,--.--,--.--,0.15,0.17,9223372036854775808,0,--.--,--.--,--.--,--.--,--.--,0,0,0,0,37.4126479,-121.9966316,10SEG 88792 41122,0.7,1.1,141.3,3,10,--.--,--.--,,--.--,--.--,--.--,0,0,--.--,--.--,0,38.8,167.7,-24.5,-1.4,1.0,0.6,--.--,--.--,-26.5,-0.6,0.8,-0.1,--.--,--.--,--.--,--.--,-0.2,-0.2,217.5,-0.2,0.9,1.3,288.15,--.--,--.--,0,0,0.0,0.0,0.0,0,0,0,--.--,--.--,--.--
2026-07-09 16:36:13.545,-0.2,-0.3,217,-0.0,0.1,0.3,1.9,0.2,0.000,-0.5,24.0,62.0,62.0,23.853,0.000,0.000,0.000,191.2,00:04:27,173.0,89.3,1,--.--,0,258,--.--,0000:32:26,70,0,0,1,1,15.30,-1.00,-118,--.--,50,--.--,--:--:--,1,-15.30,16:36:13,21:36:13,7/9/26,--.--,--.--,--.--,--.--,--.--,--.--,--.--,--.--,--.--,--.--,--.--,--.--,0,--.--,--.--,--.--,--.--,--.--,--.--,--.--,--.--,--.--,--.--,--.--,--.--,--.--,--.--,--.--,--.--,0,0.000,0.000,0.000,0.000,0.000,0.000,0.000,0.000,0.000,0.000,0.000,0.000,true,true,true,true,true,true,false,false,true,true,false,false,0.04,0.01,0.02,0.06,--.--,--.--,0.15,0.17,9223372036854775808,0,--.--,--.--,--.--,--.--,--.--,0,0,0,0,37.4126352,-121.9966193,10SEG 88793 41121,0.7,1.1,143.1,3,10,--.--,--.--,,--.--,--.--,--.--,0,0,--.--,--.--,0,37.4,168.8,-23.8,-1.6,1.2,0.5,--.--,--.--,-26.5,-0.6,0.8,-0.1,--.--,--.--,--.--,--.--,-0.2,-0.2,217.5,-0.0,0.2,-0.1,288.15,--.--,--.--,0,0,0.0,0.0,0.0,0,0,0,--.--,--.--,--.--
2026-07-09 16:36:14.546,-0.2,-0.2,217,-0.0,0.0,-0.4,2.2,-2.0,0.000,-0.4,23.4,61.3,61.3,23.275,0.000,0.000,0.000,193.2,00:04:28,173.8,80.6,1,--.--,0,258,--.--,0000:32:26,70,0,0,1,1,15.30,-1.00,-118,--.--,50,--.--,--:--:--,1,-15.30,16:36:14,21:36:14,7/9/26,--.--,--.--,--.--,--.--,--.--,--.--,--.--,--.--,--.--,--.--,--.--,--.--,0,--.--,--.--,--.--,--.--,--.--,--.--,--.--,--.--,--.--,--.--,--.--,--.--,--.--,--.--,--.--,--.--,0,0.000,0.000,0.000,0.000,0.000,0.000,0.000,0.000,0.000,0.000,0.000,0.000,true,true,true,true,true,true,false,false,true,true,false,false,0.04,0.01,0.02,0.06,--.--,--.--,0.15,0.17,9223372036854775808,0,--.--,--.--,--.--,--.--,--.--,0,0,0,0,37.4126210,-121.9966060,10SEG 88794 41119,0.7,1.1,142.3,3,10,--.--,--.--,,--.--,--.--,--.--,0,0,--.--,--.--,0,35.8,170.1,-23.2,-1.7,1.3,0.4,--.--,--.--,-26.5,-0.6,0.8,-0.1,--.--,--.--,--.--,--.--,-0.2,-0.2,217.5,-0.0,-0.2,-0.2,288.15,--.--,--.--,0,0,0.0,0.0,0.0,0,0,0,--.--,--.--,--.--
2026-07-09 16:36:15.546,-0.2,-0.2,217,-0.1,0.5,-0.2,2.3,1.2,0.000,-0.4,22.8,60.8,60.8,22.739,0.000,0.000,0.000,195.2,00:04:29,174.8,74.7,1,--.--,0,259,--.--,0000:32:26,69,0,0,1,1,15.30,-1.00,-119,--.--,50,--.--,--:--:--,1,-15.30,16:36:15,21:36:15,7/9/26,--.--,--.--,--.--,--.--,--.--,--.--,--.--,--.--,--.--,--.--,--.--,--.--,0,--.--,--.--,--.--,--.--,--.--,--.--,--.--,--.--,--.--,--.--,--.--,--.--,--.--,--.--,--.--,--.--,0,0.000,0.000,0.000,0.000,0.000,0.000,0.000,0.000,0.000,0.000,0.000,0.000,true,true,true,true,true,true,false,false,true,true,false,false,0.04,0.01,0.02,0.06,--.--,--.--,0.15,0.17,9223372036854775808,0,--.--,--.--,--.--,--.--,--.--,0,0,0,0,37.4126056,-121.9965909,10SEG 88795 41118,0.7,1.1,142.3,3,10,--.--,--.--,,--.--,--.--,--.--,0,0,--.--,--.--,0,34.0,171.4,-22.7,-1.8,1.5,0.2,--.--,--.--,-26.5,-0.6,0.8,-0.1,--.--,--.--,--.--,--.--,-0.2,-0.2,217.4,-0.1,-0.3,4.0,288.15,--.--,--.--,0,0,0.0,0.0,0.0,0,0,0,--.--,--.--,--.--
2026-07-09 16:36:16.546,-0.2,2.2,222,-0.7,-0.4,9.9,2.5,-2.1,0.000,2.9,22.8,60.8,60.8,24.188,0.000,0.000,0.000,199.3,00:04:30,176.2,70.5,1,--.--,0,259,--.--,0000:32:26,100,0,0,1,1,15.30,-1.00,-119,--.--,50,--.--,--:--:--,1,-15.30,16:36:16,21:36:16,7/9/26,--.--,--.--,--.--,--.--,--.--,--.--,--.--,--.--,--.--,--.--,--.--,--.--,0,--.--,--.--,--.--,--.--,--.--,--.--,--.--,--.--,--.--,--.--,--.--,--.--,--.--,--.--,--.--,--.--,0,0.000,0.000,0.000,0.000,0.000,0.000,0.000,0.000,0.000,0.000,0.000,0.000,true,true,true,true,true,true,false,false,true,true,false,false,0.04,0.01,0.02,0.06,--.--,--.--,0.15,0.17,9223372036854775808,0,--.--,--.--,--.--,--.--,--.--,0,0,0,0,37.4125905,-121.9965734,10SEG 88797 41116,0.7,1.1,131.6,3,10,--.--,--.--,,--.--,--.--,--.--,0,0,--.--,--.--,0,32.4,173.1,-24.4,-1.5,2.0,-3.0,--.--,--.--,-26.5,-0.6,0.8,-0.1,--.--,--.--,--.--,--.--,-0.2,-0.2,222.8,-0.7,-9.6,9.6,288.15,--.--,--.--,0,0,0.0,0.0,0.0,0,0,0,--.--,--.--,--.--
2026-07-09 16:36:17.546,-0.2,1.2,233,-0.1,-1.1,11.1,2.7,-0.2,0.000,3.8,25.7,63.6,63.6,27.647,0.000,0.000,0.000,201.3,00:04:31,178.0,66.2,1,--.--,0,260,--.--,0000:32:26,100,0,0,1,1,15.30,-1.00,-120,--.--,50,--.--,--:--:--,1,-15.30,16:36:17,21:36:17,7/9/26,--.--,--.--,--.--,--.--,--.--,--.--,--.--,--.--,--.--,--.--,--.--,--.--,0,--.--,--.--,--.--,--.--,--.--,--.--,--.--,--.--,--.--,--.--,--.--,--.--,--.--,--.--,--.--,--.--,0,0.000,0.000,0.000,0.000,0.000,0.000,0.000,0.000,0.000,0.000,0.000,0.000,true,true,true,true,true,true,false,false,true,true,false,false,0.03,0.01,0.01,0.10,--.--,--.--,0.15,0.17,9223372036854775808,0,--.--,--.--,--.--,--.--,--.--,0,0,0,0,37.4125766,-121.9965506,10SEG 88799 41114,0.7,1.1,126.6,3,10,--.--,--.--,,--.--,--.--,--.--,0,0,--.--,--.--,0,30.9,175.2,-27.9,-1.6,2.2,-3.8,--.--,--.--,-26.5,-0.6,0.8,-0.1,--.--,--.--,--.--,--.--,-0.2,-0.2,233.4,-0.3,-5.8,13.1,288.15,--.--,--.--,0,0,0.0,0.0,0.0,0,0,0,--.--,--.--,--.--
2026-07-09 16:36:18.546,-0.2,0.2,246,-0.1,-0.7,14.2,2.7,-1.9,0.000,3.6,29.2,67.2,67.2,31.136,0.000,0.000,0.000,203.3,00:04:32,179.7,66.5,1,--.--,0,261,--.--,0000:32:26,100,0,0,1,1,15.30,-1.00,-120,--.--,50,--.--,--:--:--,1,-15.30,16:36:18,21:36:18,7/9/26,--.--,--.--,--.--,--.--,--.--,--.--,--.--,--.--,--.--,--.--,--.--,--.--,0,--.--,--.--,--.--,--.--,--.--,--.--,--.--,--.--,--.--,--.--,--.--,--.--,--.--,--.--,--.--,--.--,0,0.000,0.000,0.000,0.000,0.000,0.000,0.000,0.000,0.000,0.000,0.000,0.000,true,true,true,true,true,true,false,false,true,true,false,false,0.03,0.01,0.01,0.10,--.--,--.--,0.15,0.17,9223372036854775808,0,--.--,--.--,--.--,--.--,--.--,0,0,0,0,37.4125620,-121.9965272,10SEG 88801 41113,0.7,1.1,131.5,3,10,--.--,--.--,,--.--,--.--,--.--,0,0,--.--,--.--,0,29.2,177.2,-31.3,-1.8,2.0,-3.6,--.--,--.--,-26.5,-0.6,0.8,-0.1,--.--,--.--,--.--,--.--,-0.2,-0.2,246.8,-0.2,-1.7,13.5,288.15,--.--,--.--,0,0,0.0,0.0,0.0,0,0,0,--.--,--.--,--.--
2026-07-09 16:36:19.546,-0.2,-0.3,261,0.1,-0.4,14.0,2.5,-0.9,0.000,3.6,32.7,70.6,70.6,34.557,0.000,0.000,0.000,207.3,00:04:33,181.2,71.5,1,--.--,0,261,--.--,0000:32:26,100,0,0,1,1,15.30,-1.00,-120,--.--,50,--.--,--:--:--,1,-15.30,16:36:19,21:36:19,7/9/26,--.--,--.--,--.--,--.--,--.--,--.--,--.--,--.--,--.--,--.--,--.--,--.--,0,--.--,--.--,--.--,--.--,--.--,--.--,--.--,--.--,--.--,--.--,--.--,--.--,--.--,--.--,--.--,--.--,0,0.000,0.000,0.000,0.000,0.000,0.000,0.000,0.000,0.000,0.000,0.000,0.000,true,true,true,true,true,true,false,false,true,true,false,false,0.06,0.01,0.02,0.05,--.--,--.--,0.15,0.17,9223372036854775808,0,--.--,--.--,--.--,--.--,--.--,0,0,0,0,37.4125455,-121.9965053,10SEG 88803 41111,0.7,1.1,136.9,3,10,--.--,--.--,,--.--,--.--,--.--,0,0,--.--,--.--,0,27.3,179.0,-34.8,-1.9,1.6,-3.7,--.--,--.--,-26.5,-0.6,0.8,-0.1,--.--,--.--,--.--,--.--,-0.2,-0.2,261.1,-0.1,0.1,13.5,288.15,--.--,--.--,0,0,0.0,0.0,0.0,0,0,0,--.--,--.--,--.--
2026-07-09 16:36:20.547,-0.2,-0.5,274,0.2,-0.2,13.7,2.2,-2.1,0.000,4.0,36.2,74.1,74.1,38.228,0.000,0.000,0.000,209.4,00:04:34,182.3,83.6,1,--.--,0,262,--.--,0000:32:26,100,0,0,1,1,15.30,-1.00,-120,--.--,50,--.--,--:--:--,1,-15.30,16:36:20,21:36:20,7/9/26,--.--,--.--,--.--,--.--,--.--,--.--,--.--,--.--,--.--,--.--,--.--,--.--,0,--.--,--.--,--.--,--.--,--.--,--.--,--.--,--.--,--.--,--.--,--.--,--.--,--.--,--.--,--.--,--.--,0,0.000,0.000,0.000,0.000,0.000,0.000,0.000,0.000,0.000,0.000,0.000,0.000,true,true,true,true,true,true,false,false,true,true,false,false,0.06,0.01,0.02,0.05,--.--,--.--,0.15,0.17,9223372036854775808,0,--.--,--.--,--.--,--.--,--.--,0,0,0,0,37.4125280,-121.9964877,10SEG 88805 41109,0.7,1.1,146.0,3,10,--.--,--.--,,--.--,--.--,--.--,0,0,--.--,--.--,0,25.4,180.5,-38.5,-1.9,1.1,-4.0,--.--,--.--,-26.5,-0.6,0.8,-0.1,--.--,--.--,--.--,--.--,-0.2,-0.2,274.8,-0.0,0.9,13.5,288.15,--.--,--.--,0,0,0.0,0.0,0.0,0,0,0,--.--,--.--,--.--
2026-07-09 16:36:21.547,-0.1,-1.2,290,0.3,-1.1,22.5,1.7,-1.7,0.000,4.9,40.1,78.0,78.0,42.498,0.000,0.000,0.000,211.4,00:04:35,182.8,108.5,1,--.--,0,263,--.--,0000:32:26,98,0,0,1,1,15.30,-1.00,-121,--.--,50,--.--,--:--:--,1,-15.30,16:36:21,21:36:21,7/9/26,--.--,--.--,--.--,--.--,--.--,--.--,--.--,--.--,--.--,--.--,--.--,--.--,0,--.--,--.--,--.--,--.--,--.--,--.--,--.--,--.--,--.--,--.--,--.--,--.--,--.--,--.--,--.--,--.--,0,0.000,0.000,0.000,0.000,0.000,0.000,0.000,0.000,0.000,0.000,0.000,0.000,true,true,true,true,true,true,false,false,true,true,false,false,0.03,0.01,0.02,0.02,--.--,--.--,0.15,0.17,9223372036854775808,0,--.--,--.--,--.--,--.--,--.--,0,0,0,0,37.4125101,-121.9964766,10SEG 88806 41107,0.7,1.1,161.1,3,10,--.--,--.--,,--.--,--.--,--.--,0,0,--.--,--.--,0,23.5,181.2,-42.8,-1.6,0.4,-5.0,--.--,--.--,-26.5,-0.6,0.8,-0.1,--.--,--.--,--.--,--.--,-0.2,-0.2,290.8,0.0,3.9,24.0,288.15,--.--,--.--,0,0,0.0,0.0,0.0,0,0,0,--.--,--.--,--.--
2026-07-09 16:36:22.547,-3.1,-1.0,307,-15.3,-1.7,-16.9,1.5,-0.5,0.000,6.5,45.1,83.0,83.0,48.553,0.000,0.000,0.000,211.4,00:04:36,183.0,123.0,1,--.--,0,263,--.--,0000:32:26,77,0,0,1,1,15.30,-1.00,-121,--.--,50,--.--,--:--:--,1,-15.30,16:36:22,21:36:22,7/9/26,--.--,--.--,--.--,--.--,--.--,--.--,--.--,--.--,--.--,--.--,--.--,--.--,0,--.--,--.--,--.--,--.--,--.--,--.--,--.--,--.--,--.--,--.--,--.--,--.--,--.--,--.--,--.--,--.--,0,0.000,0.000,0.000,0.000,0.000,0.000,0.000,0.000,0.000,0.000,0.000,0.000,true,true,true,true,true,true,false,false,true,true,false,false,0.03,0.01,0.02,0.02,--.--,--.--,0.15,0.17,9223372036854775808,0,--.--,--.--,--.--,--.--,--.--,0,0,0,0,37.4124955,-121.9964719,10SEG 88806 41105,0.7,1.1,163.9,3,10,--.--,--.--,,--.--,--.--,--.--,0,0,--.--,--.--,0,21.9,181.6,-49.0,-1.5,0.4,-6.4,--.--,--.--,-26.5,-0.6,0.8,-0.1,--.--,--.--,--.--,--.--,-7.8,-1.1,308.0,-24.6,4.7,-89.0,288.15,--.--,--.--,0,0,0.0,0.0,0.0,0,0,0,--.--,--.--,--.--
2026-07-09 16:36:23.547,4.7,4.8,267,-9.6,1.9,-26.6,2.6,-1.1,0.000,3.1,51.3,89.2,89.2,53.423,0.000,0.000,0.000,215.5,00:04:37,182.8,69.8,1,--.--,0,264,--.--,0000:32:26,70,0,0,1,1,15.30,-1.00,-121,--.--,50,--.--,--:--:--,1,-15.30,16:36:23,21:36:23,7/9/26,--.--,--.--,--.--,--.--,--.--,--.--,--.--,--.--,--.--,--.--,--.--,--.--,0,--.--,--.--,--.--,--.--,--.--,--.--,--.--,--.--,--.--,--.--,--.--,--.--,--.--,--.--,--.--,--.--,0,0.000,0.000,0.000,0.000,0.000,0.000,0.000,0.000,0.000,0.000,0.000,0.000,true,true,true,true,true,true,false,false,true,true,false,false,0.10,0.01,0.02,0.26,--.--,--.--,0.15,0.17,9223372036854775808,0,--.--,--.--,--.--,--.--,--.--,0,0,0,0,37.4124773,-121.9964684,10SEG 88806 41103,0.7,1.1,181.6,3,10,--.--,--.--,,--.--,--.--,--.--,0,0,--.--,--.--,0,19.5,181.7,-53.6,-2.6,-0.1,-2.9,--.--,--.--,-26.5,-0.6,0.8,-0.1,--.--,--.--,--.--,--.--,0.5,-0.0,267.9,-20.6,-19.2,0.5,288.15,--.--,--.--,0,0,0.0,0.0,0.0,0,0,0,--.--,--.--,--.--
2026-07-09 16:36:24.547,0.4,-1.4,254,0.8,2.6,-1.0,2.3,-0.9,0.000,1.1,54.2,92.2,92.2,54.805,0.000,0.000,0.000,217.5,00:04:38,182.9,77.9,1,--.--,0,265,--.--,0000:32:26,99,0,0,1,1,15.30,-1.00,-121,--.--,50,--.--,--:--:--,1,-15.30,16:36:24,21:36:24,7/9/26,--.--,--.--,--.--,--.--,--.--,--.--,--.--,--.--,--.--,--.--,--.--,--.--,0,--.--,--.--,--.--,--.--,--.--,--.--,--.--,--.--,--.--,--.--,--.--,--.--,--.--,--.--,--.--,--.--,0,0.000,0.000,0.000,0.000,0.000,0.000,0.000,0.000,0.000,0.000,0.000,0.000,true,true,true,true,true,true,false,false,true,true,false,false,0.10,0.01,0.02,0.26,--.--,--.--,0.15,0.17,9223372036854775808,0,--.--,--.--,--.--,--.--,--.--,0,0,0,0,37.4124553,-121.9964663,10SEG 88807 41101,0.7,1.1,172.2,3,10,--.--,--.--,,--.--,--.--,--.--,0,0,--.--,--.--,0,17.2,182.0,-54.9,-2.3,0.3,-1.3,--.--,--.--,-26.5,-0.6,0.8,-0.1,--.--,--.--,--.--,--.--,0.5,-0.2,254.8,1.0,4.8,17.3,288.15,--.--,--.--,0,0,0.0,0.0,0.0,0,0,0,--.--,--.--,--.--
2026-07-09 16:36:25.547,0.0,-1.3,263,0.0,-3.1,8.2,2.2,-0.8,0.000,0.4,55.4,93.3,93.3,55.927,0.000,0.000,0.000,219.5,00:04:39,183.2,84.1,1,--.--,0,265,--.--,0000:32:26,70,0,0,1,1,15.30,-1.00,-122,--.--,50,--.--,--:--:--,1,-15.30,16:36:25,21:36:25,7/9/26,--.--,--.--,--.--,--.--,--.--,--.--,--.--,--.--,--.--,--.--,--.--,--.--,0,--.--,--.--,--.--,--.--,--.--,--.--,--.--,--.--,--.--,--.--,--.--,--.--,--.--,--.--,--.--,--.--,0,0.000,0.000,0.000,0.000,0.000,0.000,0.000,0.000,0.000,0.000,0.000,0.000,true,true,true,true,true,true,false,false,true,true,false,false,0.05,0.01,0.02,0.13,--.--,--.--,0.15,0.17,9223372036854775808,0,--.--,--.--,--.--,--.--,--.--,0,0,0,0,37.4124355,-121.9964620,10SEG 88807 41099,0.7,1.1,166.5,3,10,--.--,--.--,,--.--,--.--,--.--,0,0,--.--,--.--,0,15.0,182.5,-55.9,-2.1,0.6,-0.3,--.--,--.--,-26.5,-0.6,0.8,-0.1,--.--,--.--,--.--,--.--,0.5,-0.2,263.8,2.4,4.3,-0.1,288.15,--.--,--.--,0,0,0.0,0.0,0.1,0,0,0,--.--,--.--,--.--
2026-07-09 16:36:26.547,0.3,-1.5,268,0.1,0.6,1.8,2.0,-0.3,0.000,-0.5,55.7,93.7,93.7,55.643,0.000,0.000,0.000,221.6,00:04:40,183.7,91.0,1,--.--,0,266,--.--,0000:32:26,70,0,0,1,1,15.30,-1.00,-122,--.--,50,--.--,--:--:--,1,-15.30,16:36:26,21:36:26,7/9/26,--.--,--.--,--.--,--.--,--.--,--.--,--.--,--.--,--.--,--.--,--.--,--.--,0,--.--,--.--,--.--,--.--,--.--,--.--,--.--,--.--,--.--,--.--,--.--,--.--,--.--,--.--,--.--,--.--,0,0.000,0.000,0.000,0.000,0.000,0.000,0.000,0.000,0.000,0.000,0.000,0.000,true,true,true,true,true,true,false,false,true,true,false,false,0.05,0.01,0.02,0.13,--.--,--.--,0.15,0.17,9223372036854775808,0,--.--,--.--,--.--,--.--,--.--,0,0,0,0,37.4124183,-121.9964553,10SEG 88808 41097,0.7,1.1,162.3,3,10,--.--,--.--,,--.--,--.--,--.--,0,0,--.--,--.--,0,13.1,183.1,-55.6,-1.9,0.6,0.5,--.--,--.--,-26.5,-0.6,0.8,-0.1,--.--,--.--,--.--,--.--,0.5,-0.2,266.7,0.9,5.0,-2.2,288.15,--.--,--.--,0,0,0.0,0.0,0.1,0,0,0,--.--,--.--,--.--
2026-07-09 16:36:27.547,0.4,-0.8,267,0.1,0.5,-1.6,1.8,-1.0,0.000,-0.6,55.1,93.1,93.1,54.994,0.000,0.000,0.000,223.6,00:04:41,184.1,101.5,1,--.--,0,266,--.--,0000:32:26,69,0,0,1,1,15.30,-1.00,-122,--.--,50,--.--,--:--:--,1,-15.30,16:36:27,21:36:27,7/9/26,--.--,--.--,--.--,--.--,--.--,--.--,--.--,--.--,--.--,--.--,--.--,--.--,0,--.--,--.--,--.--,--.--,--.--,--.--,--.--,--.--,--.--,--.--,--.--,--.--,--.--,--.--,--.--,--.--,0,0.000,0.000,0.000,0.000,0.000,0.000,0.000,0.000,0.000,0.000,0.000,0.000,true,true,true,true,true,true,false,false,true,true,false,false,0.03,0.01,0.02,0.05,--.--,--.--,0.15,0.17,9223372036854775808,0,--.--,--.--,--.--,--.--,--.--,0,0,0,0,37.4124015,-121.9964492,10SEG 88808 41095,0.7,1.1,163.2,3,10,--.--,--.--,,--.--,--.--,--.--,0,0,--.--,--.--,0,11.4,183.7,-54.9,-1.7,0.6,0.6,--.--,--.--,-26.5,-0.6,0.8,-0.1,--.--,--.--,--.--,--.--,0.5,0.0,266.7,0.4,3.4,-1.1,288.15,--.--,--.--,0,0,0.0,0.0,0.1,0,0,0,--.--,--.--,--.--
2026-07-09 16:36:28.548,0.5,-0.4,266,0.2,0.3,-0.3,1.6,-1.8,0.000,-0.5,54.5,92.5,92.5,54.440,0.000,0.000,0.000,225.6,00:04:42,184.5,113.5,1,--.--,0,267,--.--,0000:32:26,69,0,0,1,1,15.30,-1.00,-122,--.--,50,--.--,--:--:--,1,-15.30,16:36:28,21:36:28,7/9/26,--.--,--.--,--.--,--.--,--.--,--.--,--.--,--.--,--.--,--.--,--.--,--.--,0,--.--,--.--,--.--,--.--,--.--,--.--,--.--,--.--,--.--,--.--,--.--,--.--,--.--,--.--,--.--,--.--,0,0.000,0.000,0.000,0.000,0.000,0.000,0.000,0.000,0.000,0.000,0.000,0.000,true,true,true,true,true,true,false,false,true,true,false,false,0.03,0.01,0.02,0.05,--.--,--.--,0.15,0.17,9223372036854775808,0,--.--,--.--,--.--,--.--,--.--,0,0,0,0,37.4123873,-121.9964438,10SEG 88809 41093,0.7,1.1,161.7,3,10,--.--,--.--,,--.--,--.--,--.--,0,0,--.--,--.--,0,9.8,184.2,-54.4,-1.5,0.6,0.5,--.--,--.--,-26.5,-0.6,0.8,-0.1,--.--,--.--,--.--,--.--,0.5,-0.0,266.7,0.0,1.5,1.0,288.15,--.--,--.--,0,0,0.0,0.0,0.1,0,0,0,--.--,--.--,--.--
2026-07-09 16:36:29.548,0.5,0.6,267,-3.4,-21.6,7.0,1.6,-1.2,0.000,1.7,54.0,92.0,92.5,54.671,0.000,0.000,0.000,225.6,00:04:43,185.1,119.3,1,--.--,0,267,--.--,0000:32:26,100,0,0,1,1,15.30,-1.00,-123,--.--,50,--.--,--:--:--,1,-15.30,16:36:29,21:36:29,7/9/26,--.--,--.--,--.--,--.--,--.--,--.--,--.--,--.--,--.--,--.--,--.--,--.--,0,--.--,--.--,--.--,--.--,--.--,--.--,--.--,--.--,--.--,--.--,--.--,--.--,--.--,--.--,--.--,--.--,0,0.000,0.000,0.000,0.000,0.000,0.000,0.000,0.000,0.000,0.000,0.000,0.000,true,true,true,true,true,true,false,false,true,true,false,false,0.02,0.01,0.02,0.04,--.--,--.--,0.15,0.17,9223372036854775808,0,--.--,--.--,--.--,--.--,--.--,0,0,0,0,37.4123744,-121.9964372,10SEG 88809 41092,0.7,1.1,151.3,3,10,--.--,--.--,,--.--,--.--,--.--,0,0,--.--,--.--,0,8.4,184.8,-54.8,-1.3,0.9,-1.9,--.--,--.--,-26.5,-0.6,0.8,-0.1,--.--,--.--,--.--,--.--,-0.5,-14.5,268.0,-5.0,-59.9,15.2,288.15,--.--,--.--,0,0,0.0,0.0,0.1,0,0,0,--.--,--.--,--.--
2026-07-09 16:36:30.548,1.4,-1.0,280,-9.7,-5.7,15.8,1.4,1.0,0.000,3.1,55.6,93.5,93.5,57.113,0.000,0.000,0.000,227.6,00:04:44,185.7,135.1,1,--.--,0,268,--.--,0000:32:26,100,0,0,1,1,15.30,-1.00,-123,--.--,50,--.--,--:--:--,1,-15.30,16:36:30,21:36:30,7/9/26,--.--,--.--,--.--,--.--,--.--,--.--,--.--,--.--,--.--,--.--,--.--,--.--,0,--.--,--.--,--.--,--.--,--.--,--.--,--.--,--.--,--.--,--.--,--.--,--.--,--.--,--.--,--.--,--.--,0,0.000,0.000,0.000,0.000,0.000,0.000,0.000,0.000,0.000,0.000,0.000,0.000,true,true,true,true,true,true,false,false,true,true,false,false,0.02,0.01,0.02,0.04,--.--,--.--,0.15,0.17,9223372036854775808,0,--.--,--.--,--.--,--.--,--.--,0,0,0,0,37.4123636,-121.9964292,10SEG 88810 41091,0.7,1.1,148.0,3,10,--.--,--.--,,--.--,--.--,--.--,0,0,--.--,--.--,0,7.3,185.5,-57.3,-1.1,0.8,-3.1,--.--,--.--,-26.5,-0.6,0.8,-0.1,--.--,--.--,--.--,--.--,-28.9,-4.4,281.9,-120.0,-14.1,12.7,288.15,--.--,--.--,0,0,0.0,0.0,0.1,0,0,0,--.--,--.--,--.--
2026-07-09 16:36:31.548,8.7,-15.4,293,100.2,-8.6,10.9,0.8,-1.7,0.000,0.8,58.2,96.2,96.2,59.014,0.000,0.000,0.000,229.6,00:04:45,186.0,225.1,1,--.--,0,268,--.--,0000:32:26,92,0,0,1,1,15.30,-1.00,-123,--.--,50,--.--,--:--:--,1,-15.30,16:36:31,21:36:31,7/9/26,--.--,--.--,--.--,--.--,--.--,--.--,--.--,--.--,--.--,--.--,--.--,--.--,0,--.--,--.--,--.--,--.--,--.--,--.--,--.--,--.--,--.--,--.--,--.--,--.--,--.--,--.--,--.--,--.--,0,0.000,0.000,0.000,0.000,0.000,0.000,0.000,0.000,0.000,0.000,0.000,0.000,true,true,true,true,true,true,false,false,true,true,false,false,0.11,0.01,0.01,0.21,--.--,--.--,0.15,0.17,9223372036854775808,0,--.--,--.--,--.--,--.--,--.--,0,0,0,0,37.4123527,-121.9964236,10SEG 88810 41090,0.7,1.1,176.0,3,10,--.--,--.--,,--.--,--.--,--.--,0,0,--.--,--.--,0,6.2,185.8,-59.0,-0.7,-0.3,-0.7,--.--,--.--,-26.5,-0.6,0.8,-0.1,--.--,--.--,--.--,--.--,33.3,-11.4,290.4,120.0,16.6,46.7,288.15,--.--,--.--,0,0,0.0,0.0,0.1,0,0,0,--.--,--.--,--.--
2026-07-09 16:36:32.548,-35.3,-1.1,293,-50.4,65.2,-39.6,2.4,1.8,0.000,-0.7,59.1,97.0,97.0,59.166,0.000,0.000,0.000,229.6,00:04:46,185.5,75.9,1,--.--,0,268,--.--,0000:32:26,95,0,0,1,1,15.30,-1.00,-123,--.--,50,--.--,--:--:--,1,-15.30,16:36:32,21:36:32,7/9/26,--.--,--.--,--.--,--.--,--.--,--.--,--.--,--.--,--.--,--.--,--.--,--.--,0,--.--,--.--,--.--,--.--,--.--,--.--,--.--,--.--,--.--,--.--,--.--,--.--,--.--,--.--,--.--,--.--,0,0.000,0.000,0.000,0.000,0.000,0.000,0.000,0.000,0.000,0.000,0.000,0.000,true,true,true,true,true,true,false,false,true,true,false,false,0.11,0.01,0.01,0.21,--.--,--.--,0.15,0.17,9223372036854775808,0,--.--,--.--,--.--,--.--,--.--,0,0,0,0,37.4123605,-121.9964268,10SEG 88810 41091,0.7,1.1,344.2,3,10,--.--,--.--,,--.--,--.--,--.--,0,0,--.--,--.--,0,7.9,185.3,-59.1,2.0,-1.1,1.0,--.--,--.--,-26.5,-0.6,0.8,-0.1,--.--,--.--,--.--,--.--,-34.8,-4.1,295.0,2.8,15.5,-42.3,288.15,--.--,--.--,0,0,0.0,0.0,0.1,0,0,0,--.--,--.--,--.--
2026-07-09 16:36:33.549,2.4,-4.3,263,6.9,10.5,-5.6,2.5,1.4,0.000,-1.6,58.0,96.0,96.0,56.914,0.000,0.000,0.000,231.6,00:04:47,183.9,72.4,1,--.--,0,268,--.--,0000:32:26,100,0,0,1,1,15.30,-1.00,-124,--.--,50,--.--,--:--:--,1,-15.30,16:36:33,21:36:33,7/9/26,--.--,--.--,--.--,--.--,--.--,--.--,--.--,--.--,--.--,--.--,--.--,--.--,0,--.--,--.--,--.--,--.--,--.--,--.--,--.--,--.--,--.--,--.--,--.--,--.--,--.--,--.--,--.--,--.--,0,0.000,0.000,0.000,0.000,0.000,0.000,0.000,0.000,0.000,0.000,0.000,0.000,true,true,true,true,true,true,false,false,true,true,false,false,0.22,0.01,0.02,--.--,--.--,--.--,0.15,0.17,9223372036854775808,0,--.--,--.--,--.--,--.--,--.--,0,0,0,0,37.4123635,-121.9964405,10SEG 88809 41091,0.7,1.1,232.3,3,10,--.--,--.--,,--.--,--.--,--.--,0,0,--.--,--.--,0,7.3,183.7,-56.8,-1.4,-2.2,1.1,--.--,--.--,-26.5,-0.6,0.8,-0.1,--.--,--.--,--.--,--.--,0.8,-0.5,263.7,-7.2,15.3,8.5,288.15,--.--,--.--,0,0,0.0,0.0,0.1,0,0,0,--.--,--.--,--.--
2026-07-09 16:36:34.548,1.2,1.2,275,-1.5,1.9,24.4,2.1,1.7,0.000,2.3,56.7,94.6,94.6,57.766,0.000,0.000,0.000,233.6,00:04:48,181.8,87.8,1,--.--,0,268,--.--,0000:32:26,99,0,0,1,1,15.30,-1.00,-124,--.--,50,--.--,--:--:--,1,-15.30,16:36:34,21:36:34,7/9/26,--.--,--.--,--.--,--.--,--.--,--.--,--.--,--.--,--.--,--.--,--.--,--.--,0,--.--,--.--,--.--,--.--,--.--,--.--,--.--,--.--,--.--,--.--,--.--,--.--,--.--,--.--,--.--,--.--,0,0.000,0.000,0.000,0.000,0.000,0.000,0.000,0.000,0.000,0.000,0.000,0.000,true,true,true,true,true,true,false,false,true,true,false,false,0.22,0.01,0.02,--.--,--.--,--.--,0.15,0.17,9223372036854775808,0,--.--,--.--,--.--,--.--,--.--,0,0,0,0,37.4123528,-121.9964643,10SEG 88807 41090,0.7,1.1,245.9,3,10,--.--,--.--,,--.--,--.--,--.--,0,0,--.--,--.--,0,6.2,181.6,-58.0,-0.9,-1.8,-2.5,--.--,--.--,-26.5,-0.6,0.8,-0.1,--.--,--.--,--.--,--.--,0.8,-0.5,275.9,-2.5,-6.3,19.7,288.15,--.--,--.--,0,0,0.0,0.0,0.1,0,0,0,--.--,--.--,--.--
2026-07-09 16:36:35.549,0.7,-0.0,302,-0.9,-2.1,25.7,1.4,1.1,0.000,4.2,59.1,97.0,97.0,61.144,0.000,0.000,0.000,235.6,00:04:49,180.3,127.3,1,--.--,0,268,--.--,0000:32:26,100,0,0,1,1,15.30,-1.00,-125,--.--,50,--.--,--:--:--,1,-15.30,16:36:35,21:36:35,7/9/26,--.--,--.--,--.--,--.--,--.--,--.--,--.--,--.--,--.--,--.--,--.--,--.--,0,--.--,--.--,--.--,--.--,--.--,--.--,--.--,--.--,--.--,--.--,--.--,--.--,--.--,--.--,--.--,--.--,0,0.000,0.000,0.000,0.000,0.000,0.000,0.000,0.000,0.000,0.000,0.000,0.000,true,true,true,true,true,true,false,false,true,true,false,false,0.06,0.01,0.01,0.27,--.--,--.--,0.15,0.17,9223372036854775808,0,--.--,--.--,--.--,--.--,--.--,0,0,0,0,37.4123460,-121.9964823,10SEG 88805 41089,0.7,1.1,247.8,3,10,--.--,--.--,,--.--,--.--,--.--,0,0,--.--,--.--,0,5.6,180.2,-61.5,-0.4,-1.3,-4.4,--.--,--.--,-26.5,-0.6,0.8,-0.1,--.--,--.--,--.--,--.--,0.8,-0.5,302.1,0.6,-1.8,14.2,288.15,--.--,--.--,0,0,0.0,0.0,0.0,0,0,0,--.--,--.--,--.--
2026-07-09 16:36:36.549,0.5,-0.3,322,-0.4,-0.6,9.6,1.2,0.9,0.000,4.4,63.4,101.4,101.4,66.083,0.000,0.000,0.000,237.6,00:04:50,179.1,152.3,1,--.--,0,268,--.--,0000:32:26,77,0,0,1,1,15.30,-1.00,-125,--.--,50,--.--,--:--:--,1,-15.30,16:36:36,21:36:36,7/9/26,--.--,--.--,--.--,--.--,--.--,--.--,--.--,--.--,--.--,--.--,--.--,--.--,0,--.--,--.--,--.--,--.--,--.--,--.--,--.--,--.--,--.--,--.--,--.--,--.--,--.--,--.--,--.--,--.--,0,0.000,0.000,0.000,0.000,0.000,0.000,0.000,0.000,0.000,0.000,0.000,0.000,true,true,true,true,true,true,false,false,true,true,false,false,0.06,0.01,0.01,0.27,--.--,--.--,0.15,0.17,9223372036854775808,0,--.--,--.--,--.--,--.--,--.--,0,0,0,0,37.4123425,-121.9964968,10SEG 88804 41088,0.7,1.1,260.2,3,10,--.--,--.--,,--.--,--.--,--.--,0,0,--.--,--.--,0,5.3,178.9,-66.4,-0.1,-1.1,-4.5,--.--,--.--,-26.5,-0.6,0.8,-0.1,--.--,--.--,--.--,--.--,0.8,-0.5,322.0,1.0,-1.2,-55.0,288.15,--.--,--.--,0,0,0.0,0.0,0.0,0,0,0,--.--,--.--,--.--
2026-07-09 16:36:37.550,-35.5,-2.4,311,6.0,1.8,-0.7,3.0,-1.6,0.000,4.0,68.1,106.0,106.0,70.313,0.000,0.000,0.000,239.6,00:04:51,177.5,59.5,1,--.--,0,268,--.--,0000:32:26,100,0,0,1,1,15.30,-1.00,-125,--.--,50,--.--,--:--:--,1,-15.30,16:36:37,21:36:37,7/9/26,--.--,--.--,--.--,--.--,--.--,--.--,--.--,--.--,--.--,--.--,--.--,--.--,0,--.--,--.--,--.--,--.--,--.--,--.--,--.--,--.--,--.--,--.--,--.--,--.--,--.--,--.--,--.--,--.--,0,0.000,0.000,0.000,0.000,0.000,0.000,0.000,0.000,0.000,0.000,0.000,0.000,true,true,true,true,true,true,false,false,true,true,false,false,0.09,0.01,0.01,0.11,--.--,--.--,0.15,0.17,9223372036854775808,0,--.--,--.--,--.--,--.--,--.--,0,0,0,0,37.4123399,-121.9965120,10SEG 88803 41088,0.7,1.1,241.1,3,10,--.--,--.--,,--.--,--.--,--.--,0,0,--.--,--.--,0,4.7,177.4,-70.6,-2.0,-2.8,-3.9,--.--,--.--,-26.5,-0.6,0.8,-0.1,--.--,--.--,--.--,--.--,-35.0,-1.3,312.1,3.1,-5.3,12.6,288.15,--.--,--.--,0,0,0.0,0.0,0.0,0,0,0,--.--,--.--,--.--
2026-07-09 16:36:38.549,-35.3,2.4,316,-2.8,30.3,-2.8,9.2,-1.4,0.000,3.4,72.0,109.9,109.9,73.932,0.000,0.000,0.000,245.9,00:04:52,172.2,18.7,1,--.--,0,270,--.--,0000:32:26,78,0,0,1,1,15.30,-1.00,-125,--.--,50,--.--,--:--:--,1,-15.30,16:36:38,21:36:38,7/9/26,--.--,--.--,--.--,--.--,--.--,--.--,--.--,--.--,--.--,--.--,--.--,--.--,0,--.--,--.--,--.--,--.--,--.--,--.--,--.--,--.--,--.--,--.--,--.--,--.--,--.--,--.--,--.--,--.--,0,0.000,0.000,0.000,0.000,0.000,0.000,0.000,0.000,0.000,0.000,0.000,0.000,true,true,true,true,true,true,false,false,true,true,false,false,0.09,0.01,0.01,0.11,--.--,--.--,0.15,0.17,9223372036854775808,0,--.--,--.--,--.--,--.--,--.--,0,0,0,0,37.4123085,-121.9965574,10SEG 88799 41085,0.7,1.1,225.9,3,10,--.--,--.--,,--.--,--.--,--.--,0,0,--.--,--.--,0,-0.2,172.2,-74.2,-6.8,-6.7,-3.1,--.--,--.--,-26.5,-0.6,0.8,-0.1,--.--,--.--,--.--,--.--,-34.9,-2.2,317.0,5.5,32.0,-72.6,288.15,--.--,--.--,0,0,0.0,0.0,0.0,0,0,0,--.--,--.--,--.--
2026-07-09 16:36:39.550,-33.6,2.2,254,-4.5,50.7,-81.2,12.3,6.2,0.000,-1.7,74.9,112.9,112.9,75.082,0.000,0.000,0.000,256.8,00:04:53,165.0,13.5,1,--.--,0,273,--.--,0000:32:26,77,0,0,1,1,15.30,-1.00,-126,--.--,50,--.--,--:--:--,1,-15.30,16:36:39,21:36:39,7/9/26,--.--,--.--,--.--,--.--,--.--,--.--,--.--,--.--,--.--,--.--,--.--,--.--,0,--.--,--.--,--.--,--.--,--.--,--.--,--.--,--.--,--.--,--.--,--.--,--.--,--.--,--.--,--.--,--.--,0,0.000,0.000,0.000,0.000,0.000,0.000,0.000,0.000,0.000,0.000,0.000,0.000,true,true,true,true,true,true,false,false,true,true,false,false,0.12,0.02,0.01,--.--,--.--,--.--,0.15,0.17,9223372036854775808,0,--.--,--.--,--.--,--.--,--.--,0,0,0,0,37.4122402,-121.9966351,10SEG 88792 41077,0.7,1.1,221.5,3,10,--.--,--.--,,--.--,--.--,--.--,0,0,--.--,--.--,0,-8.9,164.7,-74.9,-9.6,-7.9,2.1,--.--,--.--,-26.5,-0.6,0.8,-0.1,--.--,--.--,--.--,--.--,-34.9,-2.2,254.9,-3.4,32.9,-77.5,288.15,--.--,--.--,0,0,0.0,0.0,0.0,0,0,0,--.--,--.--,--.--
2026-07-09 16:36:40.549,-35.6,-10.9,161,-24.4,59.6,-74.6,14.2,13.1,0.000,1.5,73.8,111.8,111.8,74.158,0.000,0.000,0.000,272.0,00:04:54,162.5,11.4,1,--.--,0,278,--.--,0000:32:26,77,0,0,1,1,15.30,-1.00,-126,--.--,50,--.--,--:--:--,1,-15.30,16:36:40,21:36:40,7/9/26,--.--,--.--,--.--,--.--,--.--,--.--,--.--,--.--,--.--,--.--,--.--,--.--,0,--.--,--.--,--.--,--.--,--.--,--.--,--.--,--.--,--.--,--.--,--.--,--.--,--.--,--.--,--.--,--.--,0,0.000,0.000,0.000,0.000,0.000,0.000,0.000,0.000,0.000,0.000,0.000,0.000,true,true,true,true,true,true,false,false,true,true,false,false,0.12,0.02,0.01,--.--,--.--,--.--,0.15,0.17,9223372036854775808,0,--.--,--.--,--.--,--.--,--.--,0,0,0,0,37.4121427,-121.9966990,10SEG 88786 41066,0.7,1.1,187.6,3,10,--.--,--.--,,--.--,--.--,--.--,0,0,--.--,--.--,0,-21.3,161.0,-74.3,-14.3,1.0,-1.9,--.--,--.--,-26.5,-0.6,0.8,-0.1,--.--,--.--,--.--,--.--,-35.0,0.2,161.8,-15.2,87.2,-61.1,288.15,--.--,--.--,0,0,0.0,0.0,0.0,0,0,0,--.--,--.--,--.--
2026-07-09 16:36:41.549,-34.2,-2.6,61,-2.5,40.4,-77.1,10.6,1.5,0.000,-0.4,74.9,112.9,112.9,75.257,0.000,0.000,0.000,282.9,00:04:55,167.9,15.7,1,--.--,0,281,--.--,0000:32:26,79,0,0,1,1,15.30,-1.00,-126,--.--,50,--.--,--:--:--,1,-15.30,16:36:41,21:36:41,7/9/26,--.--,--.--,--.--,--.--,--.--,--.--,--.--,--.--,--.--,--.--,--.--,--.--,0,--.--,--.--,--.--,--.--,--.--,--.--,--.--,--.--,--.--,--.--,--.--,--.--,--.--,--.--,--.--,--.--,0,0.000,0.000,0.000,0.000,0.000,0.000,0.000,0.000,0.000,0.000,0.000,0.000,true,true,true,true,true,true,false,false,true,true,false,false,0.22,0.02,0.02,--.--,--.--,--.--,0.15,0.17,9223372036854775808,0,--.--,--.--,--.--,--.--,--.--,0,0,0,0,37.4120228,-121.9966767,10SEG 88788 41053,0.7,1.1,163.2,3,10,--.--,--.--,,--.--,--.--,--.--,0,0,--.--,--.--,0,-33.3,164.5,-75.2,-9.6,3.5,0.6,--.--,--.--,-26.5,-0.6,0.8,-0.1,--.--,--.--,--.--,--.--,-34.7,-4.9,63.0,-6.0,39.0,-73.9,288.15,--.--,--.--,0,0,0.0,0.0,0.0,0,0,0,--.--,--.--,--.--
2026-07-09 16:36:42.550,-34.1,-5.3,329,-8.0,51.8,-75.8,7.2,-7.0,0.000,-1.8,74.5,112.4,111.9,73.783,0.000,0.000,0.000,291.3,00:04:56,170.4,23.8,1,--.--,0,284,--.--,0000:32:26,91,0,0,1,1,15.30,-1.00,-126,--.--,50,--.--,--:--:--,1,-15.30,16:36:42,21:36:42,7/9/26,--.--,--.--,--.--,--.--,--.--,--.--,--.--,--.--,--.--,--.--,--.--,--.--,0,--.--,--.--,--.--,--.--,--.--,--.--,--.--,--.--,--.--,--.--,--.--,--.--,--.--,--.--,--.--,--.--,0,0.000,0.000,0.000,0.000,0.000,0.000,0.000,0.000,0.000,0.000,0.000,0.000,true,true,true,true,true,true,false,false,true,true,false,false,0.22,0.02,0.02,--.--,--.--,--.--,0.15,0.17,9223372036854775808,0,--.--,--.--,--.--,--.--,--.--,0,0,0,0,37.4119454,-121.9966540,10SEG 88791 41044,0.7,1.1,181.2,3,10,--.--,--.--,,--.--,--.--,--.--,0,0,--.--,--.--,0,-41.0,165.4,-73.6,-7.2,-1.7,1.8,--.--,--.--,-26.5,-0.6,0.8,-0.1,--.--,--.--,--.--,--.--,-34.8,-4.4,330.9,-10.8,49.0,-71.2,288.15,--.--,--.--,0,0,0.0,0.0,0.0,0,0,0,--.--,--.--,--.--
2026-07-09 16:36:43.550,1.1,-7.3,250,44.6,17.5,-38.6,11.3,5.6,0.000,-3.2,72.7,110.7,111.4,71.634,0.000,0.000,0.000,301.8,00:04:57,169.4,15.0,1,--.--,0,287,--.--,0000:32:26,77,0,0,1,1,15.30,-1.00,-127,--.--,50,--.--,--:--:--,1,-15.30,16:36:43,21:36:43,7/9/26,--.--,--.--,--.--,--.--,--.--,--.--,--.--,--.--,--.--,--.--,--.--,--.--,0,--.--,--.--,--.--,--.--,--.--,--.--,--.--,--.--,--.--,--.--,--.--,--.--,--.--,--.--,--.--,--.--,0,0.000,0.000,0.000,0.000,0.000,0.000,0.000,0.000,0.000,0.000,0.000,0.000,true,true,true,true,true,true,false,false,true,true,false,false,0.13,0.02,0.02,--.--,--.--,--.--,0.15,0.17,9223372036854775808,0,--.--,--.--,--.--,--.--,--.--,0,0,0,0,37.4118699,-121.9966828,10SEG 88788 41036,0.7,1.1,201.6,3,10,--.--,--.--,,--.--,--.--,--.--,0,0,--.--,--.--,0,-50.4,161.6,-71.4,-10.5,-4.4,2.9,--.--,--.--,-26.5,-0.6,0.8,-0.1,--.--,--.--,--.--,--.--,-0.2,-1.6,250.7,-0.9,23.4,51.3,288.15,--.--,--.--,0,0,0.0,0.0,0.0,0,0,0,--.--,--.--,--.--
2026-07-09 16:36:44.550,0.5,-0.0,267,-6.9,5.9,49.2,10.8,7.0,0.000,0.1,70.5,108.4,109.7,70.575,0.000,0.000,0.000,312.5,00:04:58,168.2,15.6,1,--.--,0,291,--.--,0000:32:26,70,0,0,1,1,15.30,-1.00,-127,--.--,50,--.--,--:--:--,1,-15.30,16:36:44,21:36:44,7/9/26,--.--,--.--,--.--,--.--,--.--,--.--,--.--,--.--,--.--,--.--,--.--,--.--,0,--.--,--.--,--.--,--.--,--.--,--.--,--.--,--.--,--.--,--.--,--.--,--.--,--.--,--.--,--.--,--.--,0,0.000,0.000,0.000,0.000,0.000,0.000,0.000,0.000,0.000,0.000,0.000,0.000,true,true,true,true,true,true,false,false,true,true,false,false,0.13,0.02,0.02,--.--,--.--,--.--,0.15,0.17,9223372036854775808,0,--.--,--.--,--.--,--.--,--.--,0,0,0,0,37.4117796,-121.9967330,10SEG 88784 41026,0.7,1.1,205.5,3,10,--.--,--.--,,--.--,--.--,--.--,0,0,--.--,--.--,0,-60.2,157.0,-70.6,-9.6,-4.8,-0.1,--.--,--.--,-26.5,-0.6,0.8,-0.1,--.--,--.--,--.--,--.--,-0.2,-0.2,267.1,-3.7,-0.9,1.8,288.15,--.--,--.--,0,0,0.0,0.0,0.0,0,0,0,--.--,--.--,--.--
2026-07-09 16:36:45.550,-0.6,0.9,295,0.3,-0.9,12.1,10.0,1.1,0.000,-1.7,70.4,108.4,105.4,70.019,0.000,0.000,0.000,322.7,00:04:59,168.0,16.7,1,--.--,0,294,--.--,0000:32:26,70,0,0,1,1,15.30,-1.00,-127,--.--,50,--.--,--:--:--,1,-15.30,16:36:45,21:36:45,7/9/26,--.--,--.--,--.--,--.--,--.--,--.--,--.--,--.--,--.--,--.--,--.--,--.--,0,--.--,--.--,--.--,--.--,--.--,--.--,--.--,--.--,--.--,--.--,--.--,--.--,--.--,--.--,--.--,--.--,0,0.000,0.000,0.000,0.000,0.000,0.000,0.000,0.000,0.000,0.000,0.000,0.000,true,true,true,true,true,true,false,false,true,true,false,false,0.14,0.01,0.01,0.35,--.--,--.--,0.15,0.17,9223372036854775808,0,--.--,--.--,--.--,--.--,--.--,0,0,0,0,37.4116959,-121.9967804,10SEG 88780 41016,0.7,1.1,203.1,3,10,--.--,--.--,,--.--,--.--,--.--,0,0,--.--,--.--,0,-69.3,153.0,-69.9,-9.2,-4.0,1.9,--.--,--.--,-26.5,-0.6,0.8,-0.1,--.--,--.--,--.--,--.--,-0.2,-0.2,295.8,1.8,-4.5,-0.1,288.15,--.--,--.--,0,0,0.0,0.0,0.0,0,0,0,--.--,--.--,--.--
2026-07-09 16:36:46.550,-0.3,0.2,298,0.3,-0.5,-4.3,9.6,-1.4,0.000,-4.6,68.5,106.5,106.4,66.656,0.000,0.000,0.000,331.3,00:05:00,168.8,17.6,1,--.--,0,298,--.--,0000:32:26,70,0,0,1,1,15.30,-1.00,-127,--.--,50,--.--,--:--:--,1,-15.30,16:36:46,21:36:46,7/9/26,--.--,--.--,--.--,--.--,--.--,--.--,--.--,--.--,--.--,--.--,--.--,--.--,0,--.--,--.--,--.--,--.--,--.--,--.--,--.--,--.--,--.--,--.--,--.--,--.--,--.--,--.--,--.--,--.--,0,0.000,0.000,0.000,0.000,0.000,0.000,0.000,0.000,0.000,0.000,0.000,0.000,true,true,true,true,true,true,false,false,true,true,false,false,0.14,0.01,0.01,0.35,--.--,--.--,0.15,0.17,9223372036854775808,0,--.--,--.--,--.--,--.--,--.--,0,0,0,0,37.4116143,-121.9968219,10SEG 88776 41007,0.7,1.1,200.9,3,10,--.--,--.--,,--.--,--.--,--.--,0,0,--.--,--.--,0,-78.4,149.5,-66.3,-8.9,-3.4,4.8,--.--,--.--,-26.5,-0.6,0.8,-0.1,--.--,--.--,--.--,--.--,-0.2,-0.3,296.2,0.3,-1.6,-4.2,288.15,--.--,--.--,0,0,0.0,0.0,0.0,0,0,0,--.--,--.--,--.--
2026-07-09 16:36:47.550,-0.0,-0.2,293,0.3,-0.4,-3.3,9.1,-0.9,0.000,-7.3,63.7,101.7,104.5,60.422,0.000,0.000,0.000,341.7,00:05:01,170.5,18.7,1,--.--,0,301,--.--,0000:32:26,70,0,0,1,1,15.30,-1.00,-128,--.--,50,--.--,--:--:--,1,-15.30,16:36:47,21:36:47,7/9/26,--.--,--.--,--.--,--.--,--.--,--.--,--.--,--.--,--.--,--.--,--.--,--.--,0,--.--,--.--,--.--,--.--,--.--,--.--,--.--,--.--,--.--,--.--,--.--,--.--,--.--,--.--,--.--,--.--,0,0.000,0.000,0.000,0.000,0.000,0.000,0.000,0.000,0.000,0.000,0.000,0.000,true,true,true,true,true,true,false,false,true,true,false,false,0.10,0.01,0.03,0.18,--.--,--.--,0.15,0.17,9223372036854775808,0,--.--,--.--,--.--,--.--,--.--,0,0,0,0,37.4115330,-121.9968593,10SEG 88773 40998,0.7,1.1,198.7,3,10,--.--,--.--,,--.--,--.--,--.--,0,0,--.--,--.--,0,-87.2,146.5,-59.8,-8.7,-2.8,7.5,--.--,--.--,-26.5,-0.6,0.8,-0.1,--.--,--.--,--.--,--.--,-0.0,-0.2,296.2,0.1,-0.1,3.9,288.15,--.--,--.--,0,0,0.0,0.0,0.0,0,0,0,--.--,--.--,--.--
2026-07-09 16:36:48.551,0.3,-0.5,299,-0.1,0.6,20.3,8.6,-1.3,0.000,-6.5,56.2,94.2,82.2,52.898,0.000,0.000,0.000,350.2,00:05:02,173.0,20.0,1,--.--,0,304,--.--,0000:32:26,97,0,0,1,1,15.30,-1.00,-128,--.--,50,--.--,--:--:--,1,-15.30,16:36:48,21:36:48,7/9/26,--.--,--.--,--.--,--.--,--.--,--.--,--.--,--.--,--.--,--.--,--.--,--.--,0,--.--,--.--,--.--,--.--,--.--,--.--,--.--,--.--,--.--,--.--,--.--,--.--,--.--,--.--,--.--,--.--,0,0.000,0.000,0.000,0.000,0.000,0.000,0.000,0.000,0.000,0.000,0.000,0.000,true,true,true,true,true,true,false,false,true,true,false,false,0.10,0.01,0.03,0.18,--.--,--.--,0.15,0.17,9223372036854775808,0,--.--,--.--,--.--,--.--,--.--,0,0,0,0,37.4114559,-121.9968888,10SEG 88770 40990,0.7,1.1,195.3,3,10,--.--,--.--,,--.--,--.--,--.--,0,0,--.--,--.--,0,-95.7,144.0,-52.4,-8.3,-2.1,6.3,--.--,--.--,-26.5,-0.6,0.8,-0.1,--.--,--.--,--.--,--.--,-0.2,-0.2,299.4,-2.3,1.1,28.9,288.15,--.--,--.--,0,0,0.0,0.0,0.0,0,0,0,--.--,--.--,--.--
2026-07-09 16:36:49.551,-0.3,-0.4,327,-0.0,-0.3,31.9,8.1,-4.8,0.000,-3.7,49.8,87.8,75.8,47.865,0.000,0.000,0.000,358.4,00:05:03,176.0,21.8,1,--.--,0,306,--.--,0000:32:26,97,0,0,1,1,15.30,-1.00,-128,--.--,50,--.--,--:--:--,1,-15.30,16:36:49,21:36:49,7/9/26,--.--,--.--,--.--,--.--,--.--,--.--,--.--,--.--,--.--,--.--,--.--,--.--,0,--.--,--.--,--.--,--.--,--.--,--.--,--.--,--.--,--.--,--.--,--.--,--.--,--.--,--.--,--.--,--.--,0,0.000,0.000,0.000,0.000,0.000,0.000,0.000,0.000,0.000,0.000,0.000,0.000,true,true,true,true,true,true,false,false,true,true,false,false,0.07,0.01,0.03,0.13,--.--,--.--,0.15,0.17,9223372036854775808,0,--.--,--.--,--.--,--.--,--.--,0,0,0,0,37.4113829,-121.9969122,10SEG 88768 40982,0.7,1.1,193.4,3,10,--.--,--.--,,--.--,--.--,--.--,0,0,--.--,--.--,0,-103.8,142.1,-47.6,-7.8,-1.7,3.4,--.--,--.--,-26.5,-0.6,0.8,-0.1,--.--,--.--,--.--,--.--,-0.0,-0.2,327.7,1.9,0.6,28.9,288.15,--.--,--.--,0,0,0.0,0.0,0.0,0,0,0,--.--,--.--,--.--
2026-07-09 16:36:50.551,-0.6,-0.4,354,0.6,-0.3,18.5,7.5,-7.1,0.000,-0.6,46.3,84.2,72.2,45.842,0.000,0.000,0.000,366.8,00:05:04,179.4,23.8,1,--.--,0,308,--.--,0000:32:26,100,0,0,1,1,15.30,-1.00,-128,--.--,50,--.--,--:--:--,1,-15.30,16:36:50,21:36:50,7/9/26,--.--,--.--,--.--,--.--,--.--,--.--,--.--,--.--,--.--,--.--,--.--,--.--,0,--.--,--.--,--.--,--.--,--.--,--.--,--.--,--.--,--.--,--.--,--.--,--.--,--.--,--.--,--.--,--.--,0,0.000,0.000,0.000,0.000,0.000,0.000,0.000,0.000,0.000,0.000,0.000,0.000,true,true,true,true,true,true,false,false,true,true,false,false,0.07,0.01,0.03,0.13,--.--,--.--,0.15,0.17,9223372036854775808,0,--.--,--.--,--.--,--.--,--.--,0,0,0,0,37.4113109,-121.9969315,10SEG 88767 40974,0.7,1.1,191.2,3,10,--.--,--.--,,--.--,--.--,--.--,0,0,--.--,--.--,0,-111.4,140.5,-45.8,-7.4,-1.5,0.4,--.--,--.--,-26.5,-0.6,0.8,-0.1,--.--,--.--,--.--,--.--,-0.2,-0.2,355.0,1.6,0.7,12.8,288.15,--.--,--.--,0,0,0.0,0.0,0.0,0,0,0,--.--,--.--,--.--
2026-07-09 16:36:51.551,-0.3,-0.4,9,-0.3,-0.0,12.7,7.0,-7.3,0.000,2.7,45.8,83.7,77.7,46.896,0.000,0.000,0.000,373.0,00:05:05,182.9,26.2,1,--.--,0,310,--.--,0000:32:26,100,0,0,1,1,15.30,-1.00,-129,--.--,50,--.--,--:--:--,1,-15.30,16:36:51,21:36:51,7/9/26,--.--,--.--,--.--,--.--,--.--,--.--,--.--,--.--,--.--,--.--,--.--,--.--,0,--.--,--.--,--.--,--.--,--.--,--.--,--.--,--.--,--.--,--.--,--.--,--.--,--.--,--.--,--.--,--.--,0,0.000,0.000,0.000,0.000,0.000,0.000,0.000,0.000,0.000,0.000,0.000,0.000,true,true,true,true,true,true,false,false,true,true,false,false,0.04,0.01,0.01,0.15,--.--,--.--,0.15,0.17,9223372036854775808,0,--.--,--.--,--.--,--.--,--.--,0,0,0,0,37.4112467,-121.9969462,10SEG 88766 40966,0.7,1.1,189.4,3,10,--.--,--.--,,--.--,--.--,--.--,0,0,--.--,--.--,0,-118.5,139.3,-47.1,-6.8,-1.1,-2.9,--.--,--.--,-26.5,-0.6,0.8,-0.1,--.--,--.--,--.--,--.--,-0.2,-0.2,9.6,0.3,0.4,12.6,288.15,--.--,--.--,0,0,0.0,0.0,0.0,0,0,0,--.--,--.--,--.--
2026-07-09 16:36:52.551,-28.2,-10.4,25,-62.0,-46.1,19.3,6.2,-6.6,0.000,5.1,48.5,86.4,80.4,51.057,0.000,0.000,0.000,381.2,00:05:06,186.6,30.2,1,--.--,0,312,--.--,0000:32:26,96,0,0,1,1,15.30,-1.00,-129,--.--,50,--.--,--:--:--,1,-15.30,16:36:52,21:36:52,7/9/26,--.--,--.--,--.--,--.--,--.--,--.--,--.--,--.--,--.--,--.--,--.--,--.--,0,--.--,--.--,--.--,--.--,--.--,--.--,--.--,--.--,--.--,--.--,--.--,--.--,--.--,--.--,--.--,--.--,0,0.000,0.000,0.000,0.000,0.000,0.000,0.000,0.000,0.000,0.000,0.000,0.000,true,true,true,true,true,true,false,false,true,true,false,false,0.04,0.01,0.01,0.15,--.--,--.--,0.15,0.17,9223372036854775808,0,--.--,--.--,--.--,--.--,--.--,0,0,0,0,37.4111865,-121.9969568,10SEG 88765 40960,0.7,1.1,186.9,3,10,--.--,--.--,,--.--,--.--,--.--,0,0,--.--,--.--,0,-125.0,138.4,-51.4,-5.8,-1.4,-5.1,--.--,--.--,-26.5,-0.6,0.8,-0.1,--.--,--.--,--.--,--.--,-33.2,-11.9,29.2,-13.9,-27.0,31.8,288.15,--.--,--.--,0,0,0.0,0.0,0.0,0,0,0,--.--,--.--,--.--
2026-07-09 16:36:53.551,0.8,0.9,51,10.4,7.2,9.4,3.7,-4.0,0.000,4.4,53.3,91.2,85.2,55.535,0.000,0.000,0.000,385.3,00:05:07,186.3,50.3,1,--.--,0,313,--.--,0000:32:26,96,0,0,1,1,15.30,-1.00,-130,--.--,50,--.--,--:--:--,1,-15.30,16:36:53,21:36:53,7/9/26,--.--,--.--,--.--,--.--,--.--,--.--,--.--,--.--,--.--,--.--,--.--,--.--,0,--.--,--.--,--.--,--.--,--.--,--.--,--.--,--.--,--.--,--.--,--.--,--.--,--.--,--.--,--.--,--.--,0,0.000,0.000,0.000,0.000,0.000,0.000,0.000,0.000,0.000,0.000,0.000,0.000,true,true,true,true,true,true,false,false,true,true,false,false,0.20,0.01,0.02,--.--,--.--,--.--,0.15,0.17,9223372036854775808,0,--.--,--.--,--.--,--.--,--.--,0,0,0,0,37.4111505,-121.9969803,10SEG 88763 40956,0.7,1.1,240.5,3,10,--.--,--.--,,--.--,--.--,--.--,0,0,--.--,--.--,0,-127.7,135.6,-55.8,-1.3,-3.4,-4.4,--.--,--.--,-26.5,-0.6,0.8,-0.1,--.--,--.--,--.--,--.--,-0.2,-0.5,51.9,-5.1,-5.8,-12.4,288.15,--.--,--.--,0,0,0.0,0.0,0.0,0,0,0,--.--,--.--,--.--
2026-07-09 16:36:54.551,-0.5,-0.2,36,2.5,0.5,-39.5,3.0,-3.0,0.000,5.5,57.6,95.5,89.5,60.307,0.000,0.000,0.000,387.3,00:05:08,185.3,61.6,1,--.--,0,314,--.--,0000:32:26,98,0,0,1,1,15.30,-1.00,-130,--.--,50,--.--,--:--:--,1,-15.30,16:36:54,21:36:54,7/9/26,--.--,--.--,--.--,--.--,--.--,--.--,--.--,--.--,--.--,--.--,--.--,--.--,0,--.--,--.--,--.--,--.--,--.--,--.--,--.--,--.--,--.--,--.--,--.--,--.--,--.--,--.--,--.--,--.--,0,0.000,0.000,0.000,0.000,0.000,0.000,0.000,0.000,0.000,0.000,0.000,0.000,true,true,true,true,true,true,false,false,true,true,false,false,0.20,0.01,0.02,--.--,--.--,--.--,0.15,0.17,9223372036854775808,0,--.--,--.--,--.--,--.--,--.--,0,0,0,0,37.4111361,-121.9970124,10SEG 88760 40954,0.7,1.1,240.6,3,10,--.--,--.--,,--.--,--.--,--.--,0,0,--.--,--.--,0,-129.1,132.9,-60.7,-1.1,-2.7,-5.7,--.--,--.--,-26.5,-0.6,0.8,-0.1,--.--,--.--,--.--,--.--,-0.2,-0.5,36.2,1.3,-0.9,-22.0,288.15,--.--,--.--,0,0,0.0,0.0,0.0,0,0,0,--.--,--.--,--.--
2026-07-09 16:36:55.552,0.3,0.1,9,-1.1,-1.4,-12.3,2.5,-0.7,0.000,3.3,62.8,100.7,94.7,64.816,0.000,0.000,0.000,389.3,00:05:09,184.7,72.7,1,--.--,0,315,--.--,0000:32:26,70,0,0,1,1,15.30,-1.00,-130,--.--,50,--.--,--:--:--,1,-15.30,16:36:55,21:36:55,7/9/26,--.--,--.--,--.--,--.--,--.--,--.--,--.--,--.--,--.--,--.--,--.--,--.--,0,--.--,--.--,--.--,--.--,--.--,--.--,--.--,--.--,--.--,--.--,--.--,--.--,--.--,--.--,--.--,--.--,0,0.000,0.000,0.000,0.000,0.000,0.000,0.000,0.000,0.000,0.000,0.000,0.000,true,true,true,true,true,true,false,false,true,true,false,false,0.13,0.02,0.02,0.16,--.--,--.--,0.15,0.17,9223372036854775808,0,--.--,--.--,--.--,--.--,--.--,0,0,0,0,37.4111244,-121.9970396,10SEG 88757 40953,0.7,1.1,240.2,3,10,--.--,--.--,,--.--,--.--,--.--,0,0,--.--,--.--,0,-130.5,130.7,-65.0,-1.2,-2.2,-3.1,--.--,--.--,-26.5,-0.6,0.8,-0.1,--.--,--.--,--.--,--.--,-0.2,-0.5,9.5,-2.6,-2.5,0.2,288.15,--.--,--.--,0,0,0.0,0.0,0.0,0,0,0,--.--,--.--,--.--
2026-07-09 16:36:56.552,-0.1,-0.8,5,-0.4,-0.5,1.6,2.2,-1.4,0.000,0.2,65.7,103.7,97.7,66.206,0.000,0.000,0.000,391.3,00:05:10,184.1,84.3,1,--.--,0,316,--.--,0000:32:26,70,0,0,1,1,15.30,-1.00,-130,--.--,50,--.--,--:--:--,1,-15.30,16:36:56,21:36:56,7/9/26,--.--,--.--,--.--,--.--,--.--,--.--,--.--,--.--,--.--,--.--,--.--,--.--,0,--.--,--.--,--.--,--.--,--.--,--.--,--.--,--.--,--.--,--.--,--.--,--.--,--.--,--.--,--.--,--.--,0,0.000,0.000,0.000,0.000,0.000,0.000,0.000,0.000,0.000,0.000,0.000,0.000,true,true,true,true,true,true,false,false,true,true,false,false,0.13,0.02,0.02,0.16,--.--,--.--,0.15,0.17,9223372036854775808,0,--.--,--.--,--.--,--.--,--.--,0,0,0,0,37.4111131,-121.9970634,10SEG 88755 40952,0.7,1.1,239.0,3,10,--.--,--.--,,--.--,--.--,--.--,0,0,--.--,--.--,0,-131.7,128.7,-66.2,-1.1,-1.9,-0.0,--.--,--.--,-26.5,-0.6,0.8,-0.1,--.--,--.--,--.--,--.--,-0.3,-0.2,7.2,-0.5,2.2,3.1,288.15,--.--,--.--,0,0,0.0,0.0,0.0,0,0,0,--.--,--.--,--.--
2026-07-09 16:36:57.552,-0.4,-0.2,8,-0.1,-0.5,3.0,1.9,-1.1,0.000,-2.8,65.6,103.5,97.5,64.581,0.000,0.000,0.000,393.3,00:05:11,183.7,98.4,1,--.--,0,316,--.--,0000:32:26,70,0,0,1,1,15.30,-1.00,-131,--.--,50,--.--,--:--:--,1,-15.30,16:36:57,21:36:57,7/9/26,--.--,--.--,--.--,--.--,--.--,--.--,--.--,--.--,--.--,--.--,--.--,--.--,0,--.--,--.--,--.--,--.--,--.--,--.--,--.--,--.--,--.--,--.--,--.--,--.--,--.--,--.--,--.--,--.--,0,0.000,0.000,0.000,0.000,0.000,0.000,0.000,0.000,0.000,0.000,0.000,0.000,true,true,true,true,true,true,false,false,true,true,false,false,0.13,0.01,0.03,0.13,--.--,--.--,0.15,0.17,9223372036854775808,0,--.--,--.--,--.--,--.--,--.--,0,0,0,0,37.4111032,-121.9970844,10SEG 88753 40950,0.7,1.1,240.5,3,10,--.--,--.--,,--.--,--.--,--.--,0,0,--.--,--.--,0,-132.7,126.9,-64.4,-1.0,-1.6,3.0,--.--,--.--,-26.5,-0.6,0.8,-0.1,--.--,--.--,--.--,--.--,-0.2,-0.3,7.2,0.7,-0.1,-2.4,288.15,--.--,--.--,0,0,0.0,0.0,0.0,0,0,0,--.--,--.--,--.--
2026-07-09 16:36:58.552,-1.1,-1.6,9,-0.1,-2.4,-1.8,1.6,-1.3,0.000,-6.0,62.4,100.4,96.4,59.891,0.000,0.000,0.000,395.4,00:05:12,183.3,114.6,1,--.--,0,317,--.--,0000:32:26,69,0,0,1,1,15.30,-1.00,-131,--.--,50,--.--,--:--:--,1,-15.30,16:36:58,21:36:58,7/9/26,--.--,--.--,--.--,--.--,--.--,--.--,--.--,--.--,--.--,--.--,--.--,--.--,0,--.--,--.--,--.--,--.--,--.--,--.--,--.--,--.--,--.--,--.--,--.--,--.--,--.--,--.--,--.--,--.--,0,0.000,0.000,0.000,0.000,0.000,0.000,0.000,0.000,0.000,0.000,0.000,0.000,true,true,true,true,true,true,false,false,true,true,false,false,0.13,0.01,0.03,0.13,--.--,--.--,0.15,0.17,9223372036854775808,0,--.--,--.--,--.--,--.--,--.--,0,0,0,0,37.4110955,-121.9971031,10SEG 88752 40950,0.7,1.1,242.8,3,10,--.--,--.--,,--.--,--.--,--.--,0,0,--.--,--.--,0,-133.6,125.4,-59.4,-0.8,-1.4,6.2,--.--,--.--,-26.5,-0.6,0.8,-0.1,--.--,--.--,--.--,--.--,0.8,-0.5,7.2,9.5,4.3,-3.2,288.15,--.--,--.--,0,0,0.0,0.0,0.0,0,0,0,--.--,--.--,--.--
2026-07-09 16:36:59.552,0.5,-0.4,7,0.1,-0.6,-1.5,1.2,0.5,0.000,-9.1,56.1,94.1,90.1,52.066,0.000,0.000,0.000,397.4,00:05:13,182.8,149.1,1,--.--,0,317,--.--,0000:32:26,69,0,0,1,1,15.30,-1.00,-131,--.--,50,--.--,--:--:--,1,-15.30,16:36:59,21:36:59,7/9/26,--.--,--.--,--.--,--.--,--.--,--.--,--.--,--.--,--.--,--.--,--.--,--.--,0,--.--,--.--,--.--,--.--,--.--,--.--,--.--,--.--,--.--,--.--,--.--,--.--,--.--,--.--,--.--,--.--,0,0.000,0.000,0.000,0.000,0.000,0.000,0.000,0.000,0.000,0.000,0.000,0.000,true,true,true,true,true,true,false,false,true,true,false,false,0.10,0.00,0.04,0.11,--.--,--.--,0.15,0.17,9223372036854775808,0,--.--,--.--,--.--,--.--,--.--,0,0,0,0,37.4110901,-121.9971190,10SEG 88750 40949,0.7,1.1,247.9,3,10,--.--,--.--,,--.--,--.--,--.--,0,0,--.--,--.--,0,-134.2,124.1,-51.5,-0.5,-1.1,9.3,--.--,--.--,-26.5,-0.6,0.8,-0.1,--.--,--.--,--.--,--.--,0.5,-0.5,7.2,0.1,-0.4,-0.0,288.15,--.--,--.--,0,0,0.0,0.0,0.0,0,0,0,--.--,--.--,--.--
2026-07-09 16:37:00.552,0.5,-0.5,6,0.0,0.1,0.6,0.9,-2.0,0.000,-12.3,46.7,84.7,80.7,41.111,0.000,0.000,0.000,399.4,00:05:14,182.4,213.5,1,--.--,0,318,--.--,0000:32:26,69,0,0,1,1,15.30,-1.00,-131,--.--,50,--.--,--:--:--,1,-15.30,16:37:00,21:37:00,7/9/26,--.--,--.--,--.--,--.--,--.--,--.--,--.--,--.--,--.--,--.--,--.--,--.--,0,--.--,--.--,--.--,--.--,--.--,--.--,--.--,--.--,--.--,--.--,--.--,--.--,--.--,--.--,--.--,--.--,0,0.000,0.000,0.000,0.000,0.000,0.000,0.000,0.000,0.000,0.000,0.000,0.000,true,true,true,true,true,true,false,false,true,true,false,false,0.10,0.00,0.04,0.11,--.--,--.--,0.15,0.17,9223372036854775808,0,--.--,--.--,--.--,--.--,--.--,0,0,0,0,37.4110862,-121.9971316,10SEG 88749 40948,0.7,1.1,250.8,3,10,--.--,--.--,,--.--,--.--,--.--,0,0,--.--,--.--,0,-134.5,123.1,-40.3,-0.3,-0.8,12.5,--.--,--.--,-26.5,-0.6,0.8,-0.1,--.--,--.--,--.--,--.--,0.5,-0.5,7.2,0.1,-0.0,0.4,288.15,--.--,--.--,0,0,0.0,0.0,0.0,0,0,0,--.--,--.--,--.--
2026-07-09 16:37:01.552,0.5,-0.5,7,0.1,-0.0,0.4,0.5,0.9,0.000,-15.4,34.2,72.2,68.2,27.066,0.000,0.000,0.000,399.4,00:05:15,182.0,362.4,1,--.--,0,318,--.--,0000:32:26,69,0,0,1,1,15.30,-1.00,-132,--.--,50,--.--,--:--:--,1,-15.30,16:37:01,21:37:01,7/9/26,--.--,--.--,--.--,--.--,--.--,--.--,--.--,--.--,--.--,--.--,--.--,--.--,0,--.--,--.--,--.--,--.--,--.--,--.--,--.--,--.--,--.--,--.--,--.--,--.--,--.--,--.--,--.--,--.--,0,0.000,0.000,0.000,0.000,0.000,0.000,0.000,0.000,0.000,0.000,0.000,0.000,true,true,true,true,true,true,false,false,true,true,false,false,0.07,0.01,0.05,0.15,--.--,--.--,0.15,0.17,9223372036854775808,0,--.--,--.--,--.--,--.--,--.--,0,0,0,0,37.4110836,-121.9971401,10SEG 88749 40948,0.7,1.1,256.0,3,10,--.--,--.--,,--.--,--.--,--.--,0,0,--.--,--.--,0,-134.7,122.4,-25.8,-0.2,-0.4,15.7,--.--,--.--,-26.5,-0.6,0.8,-0.1,--.--,--.--,--.--,--.--,0.5,-0.5,7.2,0.3,0.0,-0.7,288.15,--.--,--.--,0,0,0.0,0.0,0.0,0,0,0,--.--,--.--,--.--
2026-07-09 16:37:02.552,0.5,-0.5,7,0.1,0.0,-0.4,0.2,-0.8,0.000,-18.5,18.6,56.6,52.6,9.932,0.000,0.000,0.000,399.4,00:05:16,181.8,1095.9,1,--.--,0,318,--.--,0000:32:26,69,0,0,1,1,15.30,-1.00,-132,--.--,50,--.--,--:--:--,1,-15.30,16:37:02,21:37:02,7/9/26,--.--,--.--,--.--,--.--,--.--,--.--,--.--,--.--,--.--,--.--,--.--,--.--,0,--.--,--.--,--.--,--.--,--.--,--.--,--.--,--.--,--.--,--.--,--.--,--.--,--.--,--.--,--.--,--.--,0,0.000,0.000,0.000,0.000,0.000,0.000,0.000,0.000,0.000,0.000,0.000,0.000,true,true,true,true,true,true,false,false,true,true,false,false,0.07,0.01,0.05,0.15,--.--,--.--,0.15,0.17,9223372036854775808,0,--.--,--.--,--.--,--.--,--.--,0,0,0,0,37.4110829,-121.9971450,10SEG 88748 40948,0.7,1.1,270.7,3,10,--.--,--.--,,--.--,--.--,--.--,0,0,--.--,--.--,0,-134.8,122.0,-8.4,0.0,-0.1,18.8,--.--,--.--,-26.5,-0.6,0.8,-0.1,--.--,--.--,--.--,--.--,0.5,-0.5,7.2,0.2,-0.0,-0.6,288.15,--.--,--.--,0,0,0.0,0.0,0.0,0,0,0,--.--,--.--,--.--
2026-07-09 16:37:03.553,-165.5,0.8,184,67.6,94.8,-1.8,1.6,2.7,0.000,-24.5,-0.1,37.9,33.9,-10.497,0.000,0.000,0.000,399.4,00:05:17,182.1,111.3,1,--.--,0,318,--.--,0000:32:26,69,0,0,1,1,15.30,-1.00,-132,--.--,50,--.--,--:--:--,1,-15.30,16:37:03,21:37:03,7/9/26,--.--,--.--,--.--,--.--,--.--,--.--,--.--,--.--,--.--,--.--,--.--,--.--,0,--.--,--.--,--.--,--.--,--.--,--.--,--.--,--.--,--.--,--.--,--.--,--.--,--.--,--.--,--.--,--.--,0,0.000,0.000,0.000,0.000,0.000,0.000,0.000,0.000,0.000,0.000,0.000,0.000,true,true,true,true,true,true,false,false,true,true,false,false,0.05,0.01,0.06,0.15,--.--,--.--,0.15,0.17,9223372036854775808,0,--.--,--.--,--.--,--.--,--.--,0,0,0,0,37.4110787,-121.9971485,10SEG 88748 40948,0.7,1.1,195.7,3,10,--.--,--.--,,--.--,--.--,--.--,0,0,--.--,--.--,0,-135.3,121.9,12.3,-1.8,-0.0,25.4,--.--,--.--,-26.5,-0.6,0.8,-0.1,--.--,--.--,--.--,--.--,0.4,-0.6,199.4,120.0,-42.4,1.6,288.15,--.--,--.--,0,0,0.0,0.0,0.0,0,0,0,--.--,--.--,--.--
2026-07-09 16:37:04.553,-175.5,-2.5,195,0.0,0.1,25.9,1.4,-0.6,0.000,-16.7,-7.4,30.6,26.6,-7.846,0.000,0.000,0.000,401.4,00:05:18,181.8,131.3,1,--.--,0,318,--.--,0000:32:26,69,0,0,1,1,15.30,-1.00,-132,--.--,50,--.--,--:--:--,1,-15.30,16:37:04,21:37:04,7/9/26,--.--,--.--,--.--,--.--,--.--,--.--,--.--,--.--,--.--,--.--,--.--,--.--,0,--.--,--.--,--.--,--.--,--.--,--.--,--.--,--.--,--.--,--.--,--.--,--.--,--.--,--.--,--.--,--.--,0,0.000,0.000,0.000,0.000,0.000,0.000,0.000,0.000,0.000,0.000,0.000,0.000,true,true,true,true,true,true,false,false,true,true,false,false,0.05,0.01,0.06,0.15,--.--,--.--,0.15,0.17,9223372036854775808,0,--.--,--.--,--.--,--.--,--.--,0,0,0,0,37.4110741,-121.9971551,10SEG 88747 40947,0.7,1.1,306.2,3,10,--.--,--.--,,--.--,--.--,--.--,0,0,--.--,--.--,0,-135.3,121.4,7.5,0.9,-0.2,15.6,--.--,--.--,-26.5,-0.6,0.8,-0.1,--.--,--.--,--.--,--.--,-0.1,-1.0,199.4,120.0,82.9,2.8,288.15,--.--,--.--,0,0,0.0,0.0,0.0,0,0,0,--.--,--.--,--.--
2026-07-09 16:37:05.553,-175.3,-2.2,190,-0.1,0.3,-1.6,0.4,-0.5,0.000,-4.0,-5.2,32.7,28.7,-0.577,0.000,0.000,0.000,401.4,00:05:19,181.7,490.0,1,--.--,0,318,--.--,0000:32:26,69,0,0,1,1,15.30,-1.00,-133,--.--,50,--.--,--:--:--,1,-15.30,16:37:05,21:37:05,7/9/26,--.--,--.--,--.--,--.--,--.--,--.--,--.--,--.--,--.--,--.--,--.--,--.--,0,--.--,--.--,--.--,--.--,--.--,--.--,--.--,--.--,--.--,--.--,--.--,--.--,--.--,--.--,--.--,--.--,0,0.000,0.000,0.000,0.000,0.000,0.000,0.000,0.000,0.000,0.000,0.000,0.000,true,true,true,true,true,true,false,false,true,true,true,true,2.00,0.05,0.18,--.--,--.--,--.--,0.16,1.78,9223372036854775808,0,--.--,--.--,--.--,--.--,--.--,0,0,0,0,37.4110763,-121.9971561,10SEG 88747 40947,0.7,1.1,123.7,3,10,--.--,--.--,,--.--,--.--,--.--,0,0,--.--,--.--,0,-135.5,121.0,0.1,-0.1,-0.3,3.0,--.--,--.--,-26.5,-0.6,0.8,-0.1,--.--,--.--,--.--,--.--,-0.0,-1.0,199.4,120.0,60.4,2.6,288.15,--.--,--.--,0,0,0.0,0.1,4.5,0,0,0,--.--,--.--,--.--
2026-07-09 16:37:06.553,-175.3,-2.4,192,-0.2,0.5,-1.5,0.2,-0.9,0.000,1.3,1.7,39.7,35.7,2.719,0.000,0.000,0.000,401.4,00:05:20,181.7,776.8,1,--.--,0,318,--.--,0000:32:26,69,0,0,1,1,15.30,-1.00,-133,--.--,50,--.--,--:--:--,1,-15.30,16:37:06,21:37:06,7/9/26,--.--,--.--,--.--,--.--,--.--,--.--,--.--,--.--,--.--,--.--,--.--,--.--,0,--.--,--.--,--.--,--.--,--.--,--.--,--.--,--.--,--.--,--.--,--.--,--.--,--.--,--.--,--.--,--.--,0,0.000,0.000,0.000,0.000,0.000,0.000,0.000,0.000,0.000,0.000,0.000,0.000,true,true,true,true,true,true,false,false,true,true,true,true,2.00,0.05,0.18,--.--,--.--,--.--,0.16,1.78,9223372036854775808,0,--.--,--.--,--.--,--.--,--.--,0,0,0,0,37.4110761,-121.9971561,10SEG 88747 40947,0.7,1.1,111.5,3,10,--.--,--.--,,--.--,--.--,--.--,0,0,--.--,--.--,0,-135.4,121.1,-2.7,0.2,-0.0,-1.3,--.--,--.--,-26.5,-0.6,0.8,-0.1,--.--,--.--,--.--,--.--,-0.1,-1.0,199.4,120.0,71.7,2.9,288.15,--.--,--.--,0,0,0.0,0.1,4.5,0,0,0,--.--,--.--,--.--
2026-07-09 16:37:07.553,-175.4,-2.6,193,0.0,-0.0,-1.5,0.2,-1.3,0.000,1.1,2.4,40.3,36.3,2.191,0.000,0.000,0.000,401.4,00:05:21,181.8,991.8,1,--.--,0,318,--.--,0000:32:26,70,0,0,1,1,15.30,-1.00,-133,--.--,50,--.--,--:--:--,1,-15.30,16:37:07,21:37:07,7/9/26,--.--,--.--,--.--,--.--,--.--,--.--,--.--,--.--,--.--,--.--,--.--,--.--,0,--.--,--.--,--.--,--.--,--.--,--.--,--.--,--.--,--.--,--.--,--.--,--.--,--.--,--.--,--.--,--.--,0,0.000,0.000,0.000,0.000,0.000,0.000,0.000,0.000,0.000,0.000,0.000,0.000,true,true,true,true,true,true,false,false,true,true,false,true,0.43,0.02,0.08,--.--,--.--,--.--,0.15,0.24,9223372036854775808,0,--.--,--.--,--.--,--.--,--.--,0,0,0,0,37.4110761,-121.9971558,10SEG 88747 40947,0.7,1.1,230.5,3,10,--.--,--.--,,--.--,--.--,--.--,0,0,--.--,--.--,0,-135.6,121.1,-2.1,-0.1,-0.1,-1.1,--.--,--.--,-26.5,-0.6,0.8,-0.1,--.--,--.--,--.--,--.--,-0.1,-1.0,199.4,120.0,81.2,3.1,288.15,--.--,--.--,0,0,0.0,0.1,4.5,0,0,0,--.--,--.--,--.--
2026-07-09 16:37:08.553,-175.4,-2.7,193,0.0,0.0,2.2,0.2,0.5,0.000,0.6,1.6,39.6,35.6,1.458,0.000,0.000,0.000,401.4,00:05:22,181.8,730.7,1,--.--,0,318,--.--,0000:32:26,70,0,0,1,1,15.30,-1.00,-133,--.--,50,--.--,--:--:--,1,-15.30,16:37:08,21:37:08,7/9/26,--.--,--.--,--.--,--.--,--.--,--.--,--.--,--.--,--.--,--.--,--.--,--.--,0,--.--,--.--,--.--,--.--,--.--,--.--,--.--,--.--,--.--,--.--,--.--,--.--,--.--,--.--,--.--,--.--,0,0.000,0.000,0.000,0.000,0.000,0.000,0.000,0.000,0.000,0.000,0.000,0.000,true,true,true,true,true,true,false,false,true,true,false,true,0.43,0.02,0.08,--.--,--.--,--.--,0.15,0.24,9223372036854775808,0,--.--,--.--,--.--,--.--,--.--,0,0,0,0,37.4110757,-121.9971555,10SEG 88747 40947,0.7,1.1,25.4,3,10,--.--,--.--,,--.--,--.--,--.--,0,0,--.--,--.--,0,-135.5,121.1,-1.4,-0.1,-0.2,-0.5,--.--,--.--,-26.5,-0.6,0.8,-0.1,--.--,--.--,--.--,--.--,-0.2,-0.9,199.4,120.0,89.1,3.3,288.15,--.--,--.--,0,0,0.0,0.1,4.5,0,0,0,--.--,--.--,--.--
2026-07-09 16:37:09.553,-175.5,-2.7,193,0.1,-0.1,-0.3,0.3,-0.3,0.000,0.3,0.9,38.9,34.9,0.857,0.000,0.000,0.000,401.4,00:05:23,181.7,661.8,1,--.--,0,318,--.--,0000:32:26,70,0,0,1,1,15.30,-1.00,-134,--.--,50,--.--,--:--:--,1,-15.30,16:37:09,21:37:09,7/9/26,--.--,--.--,--.--,--.--,--.--,--.--,--.--,--.--,--.--,--.--,--.--,--.--,0,--.--,--.--,--.--,--.--,--.--,--.--,--.--,--.--,--.--,--.--,--.--,--.--,--.--,--.--,--.--,--.--,0,0.000,0.000,0.000,0.000,0.000,0.000,0.000,0.000,0.000,0.000,0.000,0.000,true,true,true,true,true,true,false,false,true,true,false,false,0.06,0.01,0.06,--.--,--.--,--.--,0.15,0.19,9223372036854775808,0,--.--,--.--,--.--,--.--,--.--,0,0,0,0,37.4110759,-121.9971559,10SEG 88747 40947,0.7,1.1,51.0,3,10,--.--,--.--,,--.--,--.--,--.--,0,0,--.--,--.--,0,-135.5,121.1,-0.8,0.2,-0.1,-0.3,--.--,--.--,-26.5,-0.6,0.8,-0.1,--.--,--.--,--.--,--.--,-0.3,-0.7,199.4,120.0,99.8,3.7,288.15,--.--,--.--,0,0,0.0,0.1,4.5,0,0,0,--.--,--.--,--.--
2026-07-09 16:37:10.553,-175.7,-2.8,191,-0.2,0.5,-1.2,0.5,0.2,0.000,-0.2,0.5,38.5,34.9,0.495,0.000,0.000,0.000,401.4,00:05:24,181.8,351.1,1,--.--,0,318,--.--,0000:32:26,70,0,0,1,1,15.30,-1.00,-134,--.--,50,--.--,--:--:--,1,-15.30,16:37:10,21:37:10,7/9/26,--.--,--.--,--.--,--.--,--.--,--.--,--.--,--.--,--.--,--.--,--.--,--.--,0,--.--,--.--,--.--,--.--,--.--,--.--,--.--,--.--,--.--,--.--,--.--,--.--,--.--,--.--,--.--,--.--,0,0.000,0.000,0.000,0.000,0.000,0.000,0.000,0.000,0.000,0.000,0.000,0.000,true,true,true,true,true,true,false,false,true,true,false,false,0.06,0.01,0.06,--.--,--.--,--.--,0.15,0.19,9223372036854775808,0,--.--,--.--,--.--,--.--,--.--,0,0,0,0,37.4110762,-121.9971563,10SEG 88747 40947,0.7,1.1,47.0,3,10,--.--,--.--,,--.--,--.--,--.--,0,0,--.--,--.--,0,-135.6,121.0,-0.5,-0.5,-0.3,0.2,--.--,--.--,-26.5,-0.6,0.8,-0.1,--.--,--.--,--.--,--.--,-0.4,-0.6,199.4,120.0,107.9,4.1,288.15,--.--,--.--,0,0,0.0,0.1,4.5,0,0,0,--.--,--.--,--.--
2026-07-09 16:37:11.554,-175.8,-2.6,192,-0.1,0.3,1.1,0.2,0.5,0.000,-0.1,0.1,38.1,34.1,0.291,0.000,0.000,0.000,401.4,00:05:25,181.7,792.6,1,--.--,0,318,--.--,0000:32:26,70,0,0,1,1,15.30,-1.00,-135,--.--,50,--.--,--:--:--,1,-15.30,16:37:11,21:37:11,7/9/26,--.--,--.--,--.--,--.--,--.--,--.--,--.--,--.--,--.--,--.--,--.--,--.--,0,--.--,--.--,--.--,--.--,--.--,--.--,--.--,--.--,--.--,--.--,--.--,--.--,--.--,--.--,--.--,--.--,0,0.000,0.000,0.000,0.000,0.000,0.000,0.000,0.000,0.000,0.000,0.000,0.000,true,true,true,true,true,true,false,false,true,true,false,false,0.12,0.01,0.04,--.--,--.--,--.--,0.15,0.18,9223372036854775808,0,--.--,--.--,--.--,--.--,--.--,0,0,0,0,37.4110755,-121.9971560,10SEG 88747 40947,0.7,1.1,248.6,3,10,--.--,--.--,,--.--,--.--,--.--,0,0,--.--,--.--,0,-135.5,121.1,-0.3,0.1,-0.0,0.1,--.--,--.--,-26.5,-0.6,0.8,-0.1,--.--,--.--,--.--,--.--,-0.2,-0.9,199.4,120.0,88.3,3.1,288.15,--.--,--.--,0,0,0.0,0.1,4.5,0,0,0,--.--,--.--,--.--
2026-07-09 16:37:12.553,-175.8,-2.8,192,0.1,-0.2,-0.2,0.2,-0.5,0.000,-0.2,0.0,38.0,34.1,0.141,0.000,0.000,0.000,401.4,00:05:26,181.8,733.3,1,--.--,0,318,--.--,0000:32:26,70,0,0,1,1,15.30,-1.00,-135,--.--,50,--.--,--:--:--,1,-15.30,16:37:12,21:37:12,7/9/26,--.--,--.--,--.--,--.--,--.--,--.--,--.--,--.--,--.--,--.--,--.--,--.--,0,--.--,--.--,--.--,--.--,--.--,--.--,--.--,--.--,--.--,--.--,--.--,--.--,--.--,--.--,--.--,--.--,0,0.000,0.000,0.000,0.000,0.000,0.000,0.000,0.000,0.000,0.000,0.000,0.000,true,true,true,true,true,true,false,false,true,true,false,false,0.12,0.01,0.04,--.--,--.--,--.--,0.15,0.18,9223372036854775808,0,--.--,--.--,--.--,--.--,--.--,0,0,0,0,37.4110760,-121.9971563,10SEG 88747 40947,0.7,1.1,257.0,3,10,--.--,--.--,,--.--,--.--,--.--,0,0,--.--,--.--,0,-135.6,121.1,-0.1,-0.2,-0.1,0.2,--.--,--.--,-26.5,-0.6,0.8,-0.1,--.--,--.--,--.--,--.--,-0.4,-0.6,199.4,120.0,108.9,3.9,288.15,--.--,--.--,0,0,0.0,0.1,4.5,0,0,0,--.--,--.--,--.--
2026-07-09 16:37:13.553,-175.8,-3.0,190,0.1,-0.1,0.0,0.1,-1.6,0.000,0.0,-0.1,37.9,34.1,0.142,0.000,0.000,0.000,401.4,00:05:27,181.7,1894.9,1,--.--,0,318,--.--,0000:32:26,70,0,0,1,1,15.30,-1.00,-135,--.--,50,--.--,--:--:--,1,-15.30,16:37:13,21:37:13,7/9/26,--.--,--.--,--.--,--.--,--.--,--.--,--.--,--.--,--.--,--.--,--.--,--.--,0,--.--,--.--,--.--,--.--,--.--,--.--,--.--,--.--,--.--,--.--,--.--,--.--,--.--,--.--,--.--,--.--,0,0.000,0.000,0.000,0.000,0.000,0.000,0.000,0.000,0.000,0.000,0.000,0.000,true,true,true,true,true,true,false,false,true,true,false,false,0.08,0.01,0.03,--.--,--.--,--.--,0.15,0.17,9223372036854775808,0,--.--,--.--,--.--,--.--,--.--,0,0,0,0,37.4110763,-121.9971557,10SEG 88747 40947,0.7,1.1,348.9,3,10,--.--,--.--,,--.--,--.--,--.--,0,0,--.--,--.--,0,-135.4,121.1,-0.1,0.3,-0.0,-0.2,--.--,--.--,-26.5,-0.6,0.8,-0.1,--.--,--.--,--.--,--.--,-0.4,-0.6,199.4,120.0,116.0,4.5,288.15,--.--,--.--,0,0,0.0,0.1,4.5,0,0,0,--.--,--.--,--.--
2026-07-09 16:37:14.554,-175.9,-3.1,189,-0.2,0.5,2.6,0.3,-0.5,0.000,-0.1,-0.0,37.9,34.1,0.120,0.000,0.000,0.000,401.4,00:05:28,181.7,540.3,1,--.--,0,318,--.--,0000:32:26,70,0,0,1,1,15.30,-1.00,-135,--.--,50,--.--,--:--:--,1,-15.30,16:37:14,21:37:14,7/9/26,--.--,--.--,--.--,--.--,--.--,--.--,--.--,--.--,--.--,--.--,--.--,--.--,0,--.--,--.--,--.--,--.--,--.--,--.--,--.--,--.--,--.--,--.--,--.--,--.--,--.--,--.--,--.--,--.--,0,0.000,0.000,0.000,0.000,0.000,0.000,0.000,0.000,0.000,0.000,0.000,0.000,true,true,true,true,true,true,false,false,true,true,false,false,0.08,0.01,0.03,--.--,--.--,--.--,0.15,0.17,9223372036854775808,0,--.--,--.--,--.--,--.--,--.--,0,0,0,0,37.4110764,-121.9971556,10SEG 88747 40947,0.7,1.1,357.8,3,10,--.--,--.--,,--.--,--.--,--.--,0,0,--.--,--.--,0,-135.6,121.0,-0.1,-0.3,-0.2,0.1,--.--,--.--,-26.5,-0.6,0.8,-0.1,--.--,--.--,--.--,--.--,-0.4,-0.9,199.4,120.0,108.3,4.2,288.15,--.--,--.--,0,0,0.0,0.1,4.5,0,0,0,--.--,--.--,--.--
2026-07-09 16:37:15.554,-176.0,-3.0,189,0.1,-0.1,-0.4,0.3,-0.3,0.000,-0.2,-0.1,37.9,34.1,0.049,0.000,0.000,0.000,401.4,00:05:29,181.7,653.3,1,--.--,0,318,--.--,0000:32:26,70,0,0,1,1,15.30,-1.00,-136,--.--,50,--.--,--:--:--,1,-15.30,16:37:15,21:37:15,7/9/26,--.--,--.--,--.--,--.--,--.--,--.--,--.--,--.--,--.--,--.--,--.--,--.--,0,--.--,--.--,--.--,--.--,--.--,--.--,--.--,--.--,--.--,--.--,--.--,--.--,--.--,--.--,--.--,--.--,0,0.000,0.000,0.000,0.000,0.000,0.000,0.000,0.000,0.000,0.000,0.000,0.000,true,true,true,true,true,true,false,false,true,true,false,false,0.08,0.01,0.03,--.--,--.--,--.--,0.15,0.17,9223372036854775808,0,--.--,--.--,--.--,--.--,--.--,0,0,0,0,37.4110766,-121.9971559,10SEG 88747 40947,0.7,1.1,253.7,3,10,--.--,--.--,,--.--,--.--,--.--,0,0,--.--,--.--,0,-135.5,121.0,-0.0,-0.2,-0.2,0.2,--.--,--.--,-26.5,-0.6,0.8,-0.1,--.--,--.--,--.--,--.--,-0.5,-0.6,199.4,120.0,117.9,4.5,288.15,--.--,--.--,0,0,0.0,0.0,3.4,0,0,0,--.--,--.--,--.--
2026-07-09 16:37:16.554,-176.1,-2.9,188,-0.0,0.0,-1.4,0.5,-1.4,0.000,0.2,-0.2,37.8,34.1,0.090,0.000,0.000,0.000,401.4,00:05:30,181.6,391.8,1,--.--,0,318,--.--,0000:32:26,70,0,0,1,1,15.30,-1.00,-136,--.--,50,--.--,--:--:--,1,-15.30,16:37:16,21:37:16,7/9/26,--.--,--.--,--.--,--.--,--.--,--.--,--.--,--.--,--.--,--.--,--.--,--.--,0,--.--,--.--,--.--,--.--,--.--,--.--,--.--,--.--,--.--,--.--,--.--,--.--,--.--,--.--,--.--,--.--,0,0.000,0.000,0.000,0.000,0.000,0.000,0.000,0.000,0.000,0.000,0.000,0.000,true,true,true,true,true,true,false,false,true,true,false,false,0.08,0.01,0.03,--.--,--.--,--.--,0.15,0.17,9223372036854775808,0,--.--,--.--,--.--,--.--,--.--,0,0,0,0,37.4110766,-121.9971557,10SEG 88747 40947,0.7,1.1,295.4,3,10,--.--,--.--,,--.--,--.--,--.--,0,0,--.--,--.--,0,-135.3,121.1,-0.1,0.5,0.2,-0.2,--.--,--.--,-26.5,-0.6,0.8,-0.1,--.--,--.--,--.--,--.--,-0.4,-0.9,199.4,120.0,102.1,3.9,288.15,--.--,--.--,0,0,0.0,0.0,3.4,0,0,0,--.--,--.--,--.--
2026-07-09 16:37:17.554,-176.0,-3.4,187,0.0,-0.1,4.4,0.1,-2.0,0.000,0.1,-0.0,38.0,34.1,0.187,0.000,0.000,0.000,401.4,00:05:31,181.7,2158.7,1,--.--,0,318,--.--,0000:32:26,70,0,0,1,1,15.30,-1.00,-136,--.--,50,--.--,--:--:--,1,-15.30,16:37:17,21:37:17,7/9/26,--.--,--.--,--.--,--.--,--.--,--.--,--.--,--.--,--.--,--.--,--.--,--.--,0,--.--,--.--,--.--,--.--,--.--,--.--,--.--,--.--,--.--,--.--,--.--,--.--,--.--,--.--,--.--,--.--,0,0.000,0.000,0.000,0.000,0.000,0.000,0.000,0.000,0.000,0.000,0.000,0.000,true,true,true,true,true,true,false,false,true,true,false,false,0.17,0.01,0.02,--.--,--.--,--.--,0.15,0.17,9223372036854775808,0,--.--,--.--,--.--,--.--,--.--,0,0,0,0,37.4110766,-121.9971559,10SEG 88747 40947,0.7,1.1,359.3,3,10,--.--,--.--,,--.--,--.--,--.--,0,0,--.--,--.--,0,-135.4,121.1,-0.2,0.2,0.0,-0.1,--.--,--.--,-26.5,-0.6,0.8,-0.1,--.--,--.--,--.--,--.--,-0.6,-0.5,199.4,120.0,133.8,5.6,288.15,--.--,--.--,0,0,0.0,0.0,3.4,0,0,0,--.--,--.--,--.--
2026-07-09 16:37:18.554,-175.9,-3.6,186,0.0,-0.0,2.2,0.1,0.6,0.000,0.1,0.0,38.0,34.1,0.256,0.000,0.000,0.000,401.4,00:05:32,181.7,2398.8,1,--.--,0,318,--.--,0000:32:26,70,0,0,1,1,15.30,-1.00,-136,--.--,50,--.--,--:--:--,1,-15.30,16:37:18,21:37:18,7/9/26,--.--,--.--,--.--,--.--,--.--,--.--,--.--,--.--,--.--,--.--,--.--,--.--,0,--.--,--.--,--.--,--.--,--.--,--.--,--.--,--.--,--.--,--.--,--.--,--.--,--.--,--.--,--.--,--.--,0,0.000,0.000,0.000,0.000,0.000,0.000,0.000,0.000,0.000,0.000,0.000,0.000,true,true,true,true,true,true,false,false,true,true,false,false,0.17,0.01,0.02,--.--,--.--,--.--,0.15,0.17,9223372036854775808,0,--.--,--.--,--.--,--.--,--.--,0,0,0,0,37.4110769,-121.9971558,10SEG 88747 40947,0.7,1.1,152.6,3,10,--.--,--.--,,--.--,--.--,--.--,0,0,--.--,--.--,0,-135.4,121.1,-0.3,0.1,-0.1,-0.2,--.--,--.--,-26.5,-0.6,0.8,-0.1,--.--,--.--,--.--,--.--,0.4,-0.9,199.4,120.0,166.3,5.7,288.15,--.--,--.--,0,0,0.0,0.0,3.4,0,0,0,--.--,--.--,--.--
2026-07-09 16:37:19.555,-175.9,-3.5,184,0.1,-0.1,-1.3,0.2,1.2,0.000,0.1,0.1,38.1,34.1,0.302,0.000,0.000,0.000,401.4,00:05:33,181.7,766.1,1,--.--,0,318,--.--,0000:32:26,65,0,0,1,1,15.30,-1.00,-137,--.--,50,--.--,--:--:--,1,-15.30,16:37:19,21:37:19,7/9/26,--.--,--.--,--.--,--.--,--.--,--.--,--.--,--.--,--.--,--.--,--.--,--.--,0,--.--,--.--,--.--,--.--,--.--,--.--,--.--,--.--,--.--,--.--,--.--,--.--,--.--,--.--,--.--,--.--,0,0.000,0.000,0.000,0.000,0.000,0.000,0.000,0.000,0.000,0.000,0.000,0.000,true,true,true,true,true,true,false,false,true,true,false,false,0.05,0.01,0.02,--.--,--.--,--.--,0.15,0.17,9223372036854775808,0,--.--,--.--,--.--,--.--,--.--,0,0,0,0,37.4110773,-121.9971561,10SEG 88747 40947,0.7,1.1,233.9,3,10,--.--,--.--,,--.--,--.--,--.--,0,0,--.--,--.--,0,-135.5,121.1,-0.3,-0.3,0.1,-0.1,--.--,--.--,-26.5,-0.6,0.8,-0.1,--.--,--.--,--.--,--.--,-0.4,-1.1,199.4,120.0,120.5,5.0,288.15,--.--,--.--,0,0,0.0,0.0,3.4,0,0,0,--.--,--.--,--.--
2026-07-09 16:37:20.555,-175.9,-3.6,185,-0.0,0.2,1.2,0.1,-1.3,0.000,0.2,0.1,38.1,34.1,0.338,0.000,0.000,0.000,401.4,00:05:34,181.7,3318.4,1,--.--,0,318,--.--,0000:32:26,60,0,0,1,1,15.30,-1.00,-137,--.--,50,--.--,--:--:--,1,-15.30,16:37:20,21:37:20,7/9/26,--.--,--.--,--.--,--.--,--.--,--.--,--.--,--.--,--.--,--.--,--.--,--.--,0,--.--,--.--,--.--,--.--,--.--,--.--,--.--,--.--,--.--,--.--,--.--,--.--,--.--,--.--,--.--,--.--,0,0.000,0.000,0.000,0.000,0.000,0.000,0.000,0.000,0.000,0.000,0.000,0.000,true,true,true,true,true,true,false,false,true,true,false,false,0.05,0.01,0.02,--.--,--.--,--.--,0.15,0.17,9223372036854775808,0,--.--,--.--,--.--,--.--,--.--,0,0,0,0,37.4110771,-121.9971557,10SEG 88747 40947,0.7,1.1,39.5,3,10,--.--,--.--,,--.--,--.--,--.--,0,0,--.--,--.--,0,-135.5,121.1,-0.3,-0.0,0.1,-0.2,--.--,--.--,-26.5,-0.6,0.8,-0.1,--.--,--.--,--.--,--.--,-0.4,-1.1,199.4,120.0,123.2,5.0,288.15,--.--,--.--,0,0,0.0,0.0,3.4,0,0,0,--.--,--.--,--.--
2026-07-09 16:37:21.555,-175.8,-3.7,185,-0.1,0.3,-1.0,0.2,-0.3,0.000,0.1,0.2,38.1,34.1,0.339,0.000,0.000,0.000,401.4,00:05:35,181.8,768.9,1,--.--,0,318,--.--,0000:32:26,55,0,0,1,1,15.30,-1.00,-137,--.--,50,--.--,--:--:--,1,-15.30,16:37:21,21:37:21,7/9/26,--.--,--.--,--.--,--.--,--.--,--.--,--.--,--.--,--.--,--.--,--.--,--.--,0,--.--,--.--,--.--,--.--,--.--,--.--,--.--,--.--,--.--,--.--,--.--,--.--,--.--,--.--,--.--,--.--,0,0.000,0.000,0.000,0.000,0.000,0.000,0.000,0.000,0.000,0.000,0.000,0.000,true,true,true,true,true,true,false,false,true,true,false,false,0.08,0.00,0.02,--.--,--.--,--.--,0.15,0.17,9223372036854775808,0,--.--,--.--,--.--,--.--,--.--,0,0,0,0,37.4110773,-121.9971561,10SEG 88747 40947,0.7,1.1,206.0,3,10,--.--,--.--,,--.--,--.--,--.--,0,0,--.--,--.--,0,-135.5,121.1,-0.3,-0.3,-0.0,-0.1,--.--,--.--,-26.5,-0.6,0.8,-0.1,--.--,--.--,--.--,--.--,-0.4,-1.0,199.4,120.0,128.2,5.3,288.15,--.--,--.--,0,0,0.0,0.0,3.4,0,0,0,--.--,--.--,--.--
2026-07-09 16:37:22.555,-175.8,-3.4,185,-0.2,0.6,-1.5,0.2,-0.6,0.000,0.2,0.1,38.1,34.1,0.344,0.000,0.000,0.000,401.4,00:05:36,181.7,1209.7,1,--.--,0,318,--.--,0000:32:26,50,0,0,1,1,15.30,-1.00,-137,--.--,50,--.--,--:--:--,1,-15.30,16:37:22,21:37:22,7/9/26,--.--,--.--,--.--,--.--,--.--,--.--,--.--,--.--,--.--,--.--,--.--,--.--,0,--.--,--.--,--.--,--.--,--.--,--.--,--.--,--.--,--.--,--.--,--.--,--.--,--.--,--.--,--.--,--.--,0,0.000,0.000,0.000,0.000,0.000,0.000,0.000,0.000,0.000,0.000,0.000,0.000,true,true,true,true,true,true,false,false,true,true,false,false,0.08,0.00,0.02,--.--,--.--,--.--,0.15,0.17,9223372036854775808,0,--.--,--.--,--.--,--.--,--.--,0,0,0,0,37.4110770,-121.9971558,10SEG 88747 40947,0.7,1.1,21.9,3,10,--.--,--.--,,--.--,--.--,--.--,0,0,--.--,--.--,0,-135.4,121.1,-0.3,0.0,0.0,-0.2,--.--,--.--,-26.5,-0.6,0.8,-0.1,--.--,--.--,--.--,--.--,-0.3,-1.1,199.4,120.0,113.6,4.8,288.15,--.--,--.--,0,0,0.0,0.0,3.4,0,0,0,--.--,--.--,--.--
2026-07-09 16:37:23.555,-175.9,-3.6,185,-0.3,0.6,0.3,0.3,-1.2,0.000,0.1,0.2,38.1,34.1,0.347,0.000,0.000,0.000,401.4,00:05:37,181.8,697.4,1,--.--,0,318,--.--,0000:32:26,50,0,0,1,1,15.30,-1.00,-138,--.--,50,--.--,--:--:--,1,-15.30,16:37:23,21:37:23,7/9/26,--.--,--.--,--.--,--.--,--.--,--.--,--.--,--.--,--.--,--.--,--.--,--.--,0,--.--,--.--,--.--,--.--,--.--,--.--,--.--,--.--,--.--,--.--,--.--,--.--,--.--,--.--,--.--,--.--,0,0.000,0.000,0.000,0.000,0.000,0.000,0.000,0.000,0.000,0.000,0.000,0.000,true,true,true,true,true,true,false,false,true,true,false,false,0.05,0.01,0.02,--.--,--.--,--.--,0.15,0.17,9223372036854775808,0,--.--,--.--,--.--,--.--,--.--,0,0,0,0,37.4110769,-121.9971560,10SEG 88747 40947,0.7,1.1,158.3,3,10,--.--,--.--,,--.--,--.--,--.--,0,0,--.--,--.--,0,-135.5,121.1,-0.3,-0.3,-0.0,-0.1,--.--,--.--,-26.5,-0.6,0.8,-0.1,--.--,--.--,--.--,--.--,-0.3,-1.1,199.4,120.0,122.8,5.0,288.15,--.--,--.--,0,0,0.0,0.0,3.4,0,0,0,--.--,--.--,--.--
2026-07-09 16:37:24.555,-175.6,-3.6,185,0.1,-0.1,1.2,0.3,0.3,0.000,0.4,0.2,38.2,34.1,0.527,0.000,0.000,0.000,401.4,00:05:38,181.8,721.4,1,--.--,0,318,--.--,0000:32:26,50,0,0,1,1,15.30,-1.00,-138,--.--,50,--.--,--:--:--,1,-15.30,16:37:24,21:37:24,7/9/26,--.--,--.--,--.--,--.--,--.--,--.--,--.--,--.--,--.--,--.--,--.--,--.--,0,--.--,--.--,--.--,--.--,--.--,--.--,--.--,--.--,--.--,--.--,--.--,--.--,--.--,--.--,--.--,--.--,0,0.000,0.000,0.000,0.000,0.000,0.000,0.000,0.000,0.000,0.000,0.000,0.000,true,true,true,true,true,true,false,false,true,true,false,false,0.05,0.01,0.02,--.--,--.--,--.--,0.15,0.17,9223372036854775808,0,--.--,--.--,--.--,--.--,--.--,0,0,0,0,37.4110770,-121.9971558,10SEG 88747 40947,0.7,1.1,109.7,3,10,--.--,--.--,,--.--,--.--,--.--,0,0,--.--,--.--,0,-135.4,121.2,-0.5,0.1,0.2,-0.4,--.--,--.--,-26.5,-0.6,0.8,-0.1,--.--,--.--,--.--,--.--,-0.2,0.3,199.4,120.0,162.7,7.7,288.15,--.--,--.--,0,0,0.0,0.0,3.4,0,0,0,--.--,--.--,--.--
2026-07-09 16:37:25.555,-174.7,-2.5,170,0.1,-0.2,8.7,0.7,0.9,0.000,0.5,0.4,38.4,34.1,0.634,0.000,0.000,0.000,401.4,00:05:39,181.4,261.3,1,--.--,0,318,--.--,0000:32:26,100,0,0,1,1,15.30,-1.00,-138,--.--,50,--.--,--:--:--,1,-15.30,16:37:25,21:37:25,7/9/26,--.--,--.--,--.--,--.--,--.--,--.--,--.--,--.--,--.--,--.--,--.--,--.--,0,--.--,--.--,--.--,--.--,--.--,--.--,--.--,--.--,--.--,--.--,--.--,--.--,--.--,--.--,--.--,--.--,0,0.000,0.000,0.000,0.000,0.000,0.000,0.000,0.000,0.000,0.000,0.000,0.000,true,true,true,true,true,true,false,false,true,true,false,false,0.12,0.01,0.02,--.--,--.--,--.--,0.15,0.17,9223372036854775808,0,--.--,--.--,--.--,--.--,--.--,0,0,0,0,37.4110797,-121.9971560,10SEG 88747 40948,0.7,1.1,346.3,3,10,--.--,--.--,,--.--,--.--,--.--,0,0,--.--,--.--,0,-135.0,121.1,-0.6,0.4,0.2,-0.4,-134.4,121.3,-1.1,2.3,0.1,-1.1,--.--,--.--,--.--,--.--,-4.8,24.4,170.5,120.0,220.0,55.7,288.15,--.--,--.--,0,0,0.0,0.0,5.0,0,0,0,--.--,--.--,--.--
2026-07-09 16:37:26.555,-174.4,-2.6,169,-0.1,0.4,0.1,0.2,-1.1,0.000,0.4,0.5,38.4,34.1,0.674,0.000,0.000,0.000,401.4,00:05:40,181.5,1094.1,1,--.--,0,318,--.--,0000:32:26,100,0,0,1,1,15.30,-1.00,-138,--.--,50,--.--,--:--:--,1,-15.30,16:37:26,21:37:26,7/9/26,--.--,--.--,--.--,--.--,--.--,--.--,--.--,--.--,--.--,--.--,--.--,--.--,0,--.--,--.--,--.--,--.--,--.--,--.--,--.--,--.--,--.--,--.--,--.--,--.--,--.--,--.--,--.--,--.--,0,0.000,0.000,0.000,0.000,0.000,0.000,0.000,0.000,0.000,0.000,0.000,0.000,true,true,true,true,true,true,false,false,true,true,false,false,0.12,0.01,0.02,--.--,--.--,--.--,0.15,0.17,9223372036854775808,0,--.--,--.--,--.--,--.--,--.--,0,0,0,0,37.4110801,-121.9971566,10SEG 88747 40948,0.7,1.1,288.0,3,10,--.--,--.--,,--.--,--.--,--.--,0,0,--.--,--.--,0,-135.1,121.1,-0.7,0.1,-0.2,-0.4,-133.1,121.3,-1.4,3.1,0.2,-1.0,--.--,--.--,--.--,--.--,-5.8,16.5,169.3,120.0,220.0,40.6,288.15,--.--,--.--,0,0,0.0,0.0,5.0,0,0,0,--.--,--.--,--.--
2026-07-09 16:37:27.555,-174.6,-2.5,168,0.1,-0.2,0.7,0.6,-1.0,0.000,0.3,0.5,38.4,34.1,0.709,0.000,0.000,0.000,401.4,00:05:41,181.4,322.9,1,--.--,0,318,--.--,0000:32:26,100,0,0,1,1,15.30,-1.00,-139,--.--,50,--.--,--:--:--,1,-15.30,16:37:27,21:37:27,7/9/26,--.--,--.--,--.--,--.--,--.--,--.--,--.--,--.--,--.--,--.--,--.--,--.--,0,--.--,--.--,--.--,--.--,--.--,--.--,--.--,--.--,--.--,--.--,--.--,--.--,--.--,--.--,--.--,--.--,0,0.000,0.000,0.000,0.000,0.000,0.000,0.000,0.000,0.000,0.000,0.000,0.000,true,true,true,true,true,true,false,false,true,true,false,false,0.11,0.01,0.03,--.--,--.--,--.--,0.15,0.17,9223372036854775808,0,--.--,--.--,--.--,--.--,--.--,0,0,0,0,37.4110802,-121.9971567,10SEG 88747 40948,0.7,1.1,332.1,3,10,--.--,--.--,,--.--,--.--,--.--,0,0,--.--,--.--,0,-135.2,120.9,-0.7,-0.4,-0.3,-0.3,-132.6,121.3,-1.4,2.1,0.3,-0.7,--.--,--.--,--.--,--.--,-7.9,15.6,169.0,120.0,220.0,39.7,288.15,--.--,--.--,0,0,0.0,0.0,5.0,0,0,0,--.--,--.--,--.--
2026-07-09 16:37:28.555,-175.0,-2.2,169,-0.1,0.3,-1.0,0.6,0.9,0.000,0.1,0.5,38.5,34.1,0.652,0.000,0.000,0.000,401.4,00:05:42,181.5,311.5,1,--.--,0,318,--.--,0000:32:26,100,0,0,1,1,15.30,-1.00,-139,--.--,50,--.--,--:--:--,1,-15.30,16:37:28,21:37:28,7/9/26,--.--,--.--,--.--,--.--,--.--,--.--,--.--,--.--,--.--,--.--,--.--,--.--,0,--.--,--.--,--.--,--.--,--.--,--.--,--.--,--.--,--.--,--.--,--.--,--.--,--.--,--.--,--.--,--.--,0,0.000,0.000,0.000,0.000,0.000,0.000,0.000,0.000,0.000,0.000,0.000,0.000,true,true,true,true,true,true,false,false,true,true,false,false,0.11,0.01,0.03,--.--,--.--,--.--,0.15,0.17,9223372036854775808,0,--.--,--.--,--.--,--.--,--.--,0,0,0,0,37.4110803,-121.9971564,10SEG 88747 40948,0.7,1.1,306.1,3,10,--.--,--.--,,--.--,--.--,--.--,0,0,--.--,--.--,0,-135.3,120.9,-0.6,-0.5,-0.2,-0.1,-133.7,121.3,-1.1,-0.2,0.3,-0.1,--.--,--.--,--.--,--.--,-16.2,20.9,169.2,120.0,205.6,55.6,288.15,--.--,--.--,0,0,0.0,0.0,5.0,0,0,0,--.--,--.--,--.--
2026-07-09 16:37:29.555,-175.3,-1.7,169,0.2,-0.6,-0.9,0.5,-1.7,0.000,-0.1,0.4,38.4,34.1,0.528,0.000,0.000,0.000,401.4,00:05:43,181.5,334.0,1,--.--,0,318,--.--,0000:32:26,100,0,0,1,1,15.30,-1.00,-140,--.--,50,--.--,--:--:--,1,-15.30,16:37:29,21:37:29,7/9/26,--.--,--.--,--.--,--.--,--.--,--.--,--.--,--.--,--.--,--.--,--.--,--.--,0,--.--,--.--,--.--,--.--,--.--,--.--,--.--,--.--,--.--,--.--,--.--,--.--,--.--,--.--,--.--,--.--,0,0.000,0.000,0.000,0.000,0.000,0.000,0.000,0.000,0.000,0.000,0.000,0.000,true,true,true,true,true,true,false,false,true,true,false,false,0.22,0.02,0.03,--.--,--.--,--.--,0.15,0.17,9223372036854775808,0,--.--,--.--,--.--,--.--,--.--,0,0,0,0,37.4110799,-121.9971564,10SEG 88747 40948,0.7,1.1,162.8,3,10,--.--,--.--,,--.--,--.--,--.--,0,0,--.--,--.--,0,-135.3,120.9,-0.5,-0.5,-0.3,0.1,-134.6,121.3,-0.8,0.1,0.3,-0.1,--.--,--.--,--.--,--.--,-12.8,11.9,169.4,120.0,172.4,34.7,288.15,--.--,--.--,0,0,0.0,0.0,5.0,0,0,0,--.--,--.--,--.--
2026-07-09 16:37:30.555,-175.8,-1.7,170,0.0,-0.2,-1.3,0.3,-1.1,0.000,0.2,0.3,38.3,34.1,0.526,0.000,0.000,0.000,401.4,00:05:44,181.4,618.7,1,--.--,0,318,--.--,0000:32:26,100,0,0,1,1,15.30,-1.00,-140,--.--,50,--.--,--:--:--,1,-15.30,16:37:30,21:37:30,7/9/26,--.--,--.--,--.--,--.--,--.--,--.--,--.--,--.--,--.--,--.--,--.--,--.--,0,--.--,--.--,--.--,--.--,--.--,--.--,--.--,--.--,--.--,--.--,--.--,--.--,--.--,--.--,--.--,--.--,0,0.000,0.000,0.000,0.000,0.000,0.000,0.000,0.000,0.000,0.000,0.000,0.000,true,true,true,true,true,true,false,false,true,true,false,false,0.22,0.02,0.03,--.--,--.--,--.--,0.15,0.17,9223372036854775808,0,--.--,--.--,--.--,--.--,--.--,0,0,0,0,37.4110797,-121.9971565,10SEG 88747 40948,0.7,1.1,148.8,3,10,--.--,--.--,,--.--,--.--,--.--,0,0,--.--,--.--,0,-135.2,120.9,-0.5,-0.1,-0.2,-0.2,-134.9,121.3,-0.9,0.1,0.3,-1.1,--.--,--.--,--.--,--.--,-15.3,8.5,170.8,120.0,125.1,30.9,288.15,--.--,--.--,0,0,0.0,0.0,5.0,0,0,0,--.--,--.--,--.--
2026-07-09 16:37:31.555,-175.8,-1.7,170,0.0,-0.2,-1.3,0.3,-1.1,0.000,0.2,0.3,38.3,34.1,0.526,0.000,0.000,0.000,401.4,00:05:45,181.4,618.7,1,--.--,0,318,--.--,0000:32:26,100,0,0,1,1,15.30,-1.00,-140,--.--,50,--.--,--:--:--,1,-15.30,16:37:31,21:37:31,7/9/26,--.--,--.--,--.--,--.--,--.--,--.--,--.--,--.--,--.--,--.--,--.--,--.--,0,--.--,--.--,--.--,--.--,--.--,--.--,--.--,--.--,--.--,--.--,--.--,--.--,--.--,--.--,--.--,--.--,0,0.000,0.000,0.000,0.000,0.000,0.000,0.000,0.000,0.000,0.000,0.000,0.000,true,true,true,true,true,true,false,false,true,true,false,false,0.22,0.02,0.03,--.--,--.--,--.--,0.15,0.17,9223372036854775808,0,--.--,--.--,--.--,--.--,--.--,0,0,0,0,37.4110797,-121.9971565,10SEG 88747 40948,0.7,1.1,148.8,3,10,--.--,--.--,,--.--,--.--,--.--,0,0,--.--,--.--,0,-135.2,120.9,-0.5,-0.1,-0.2,-0.2,-134.9,121.3,-0.9,0.1,0.3,-1.1,--.--,--.--,--.--,--.--,-15.3,8.5,170.8,120.0,125.1,30.9,288.15,--.--,--.--,0,0,0.0,0.0,5.0,0,0,0,--.--,--.--,--.--
2026-07-09 16:37:32.544,-175.8,-1.7,170,0.0,-0.2,-1.3,0.3,-1.1,0.000,0.2,0.3,38.3,34.1,0.526,0.000,0.000,0.000,401.4,00:05:46,181.4,618.7,1,--.--,0,318,--.--,0000:32:26,100,0,0,1,1,15.30,-1.00,-140,--.--,50,--.--,--:--:--,1,-15.30,16:37:32,21:37:32,7/9/26,--.--,--.--,--.--,--.--,--.--,--.--,--.--,--.--,--.--,--.--,--.--,--.--,0,--.--,--.--,--.--,--.--,--.--,--.--,--.--,--.--,--.--,--.--,--.--,--.--,--.--,--.--,--.--,--.--,0,0.000,0.000,0.000,0.000,0.000,0.000,0.000,0.000,0.000,0.000,0.000,0.000,true,true,true,true,true,true,false,false,true,true,false,false,0.22,0.02,0.03,--.--,--.--,--.--,0.15,0.17,9223372036854775808,0,--.--,--.--,--.--,--.--,--.--,0,0,0,0,37.4110797,-121.9971565,10SEG 88747 40948,0.7,1.1,148.8,3,10,--.--,--.--,,--.--,--.--,--.--,0,0,--.--,--.--,0,-135.2,120.9,-0.5,-0.1,-0.2,-0.2,-134.9,121.3,-0.9,0.1,0.3,-1.1,--.--,--.--,--.--,--.--,-15.3,8.5,170.8,120.0,125.1,30.9,288.15,--.--,--.--,0,0,0.0,0.0,5.0,0,0,0,--.--,--.--,--.--
2026-07-09 16:37:33.545,-175.8,-1.7,170,0.0,-0.2,-1.3,0.3,-1.1,0.000,0.2,0.3,38.3,34.1,0.526,0.000,0.000,0.000,401.4,00:05:47,181.4,618.7,1,--.--,0,318,--.--,0000:32:26,100,0,0,1,1,15.30,-1.00,-140,--.--,50,--.--,--:--:--,1,-15.30,16:37:33,21:37:33,7/9/26,--.--,--.--,--.--,--.--,--.--,--.--,--.--,--.--,--.--,--.--,--.--,--.--,0,--.--,--.--,--.--,--.--,--.--,--.--,--.--,--.--,--.--,--.--,--.--,--.--,--.--,--.--,--.--,--.--,0,0.000,0.000,0.000,0.000,0.000,0.000,0.000,0.000,0.000,0.000,0.000,0.000,true,true,true,true,true,true,false,false,true,true,false,false,0.22,0.02,0.03,--.--,--.--,--.--,0.15,0.17,9223372036854775808,0,--.--,--.--,--.--,--.--,--.--,0,0,0,0,37.4110797,-121.9971565,10SEG 88747 40948,0.7,1.1,148.8,3,10,--.--,--.--,,--.--,--.--,--.--,0,0,--.--,--.--,0,-135.2,120.9,-0.5,-0.1,-0.2,-0.2,-134.9,121.3,-0.9,0.1,0.3,-1.1,--.--,--.--,--.--,--.--,-15.3,8.5,170.8,120.0,125.1,30.9,288.15,--.--,--.--,0,0,0.0,0.0,5.0,0,0,0,--.--,--.--,--.--
2026-07-09 16:37:34.544,-175.8,-1.7,170,0.0,-0.2,-1.3,0.3,-1.1,0.000,0.2,0.3,38.3,34.1,0.526,0.000,0.000,0.000,401.4,00:05:48,181.4,618.7,1,--.--,0,318,--.--,0000:32:26,100,0,0,1,1,15.30,-1.00,-140,--.--,50,--.--,--:--:--,1,-15.30,16:37:34,21:37:34,7/9/26,--.--,--.--,--.--,--.--,--.--,--.--,--.--,--.--,--.--,--.--,--.--,--.--,0,--.--,--.--,--.--,--.--,--.--,--.--,--.--,--.--,--.--,--.--,--.--,--.--,--.--,--.--,--.--,--.--,0,0.000,0.000,0.000,0.000,0.000,0.000,0.000,0.000,0.000,0.000,0.000,0.000,true,true,true,true,true,true,false,false,true,true,false,false,0.22,0.02,0.03,--.--,--.--,--.--,0.15,0.17,9223372036854775808,0,--.--,--.--,--.--,--.--,--.--,0,0,0,0,37.4110797,-121.9971565,10SEG 88747 40948,0.7,1.1,148.8,3,10,--.--,--.--,,--.--,--.--,--.--,0,0,--.--,--.--,0,-135.2,120.9,-0.5,-0.1,-0.2,-0.2,-134.9,121.3,-0.9,0.1,0.3,-1.1,--.--,--.--,--.--,--.--,-15.3,8.5,170.8,120.0,125.1,30.9,288.15,--.--,--.--,0,0,0.0,0.0,5.0,0,0,0,--.--,--.--,--.--
2026-07-09 16:37:35.545,-175.8,-1.7,170,0.0,-0.2,-1.3,0.3,-1.1,0.000,0.2,0.3,38.3,34.1,0.526,0.000,0.000,0.000,401.4,00:05:49,181.4,618.7,1,--.--,0,318,--.--,0000:32:26,100,0,0,1,1,15.30,-1.00,-140,--.--,50,--.--,--:--:--,1,-15.30,16:37:35,21:37:35,7/9/26,--.--,--.--,--.--,--.--,--.--,--.--,--.--,--.--,--.--,--.--,--.--,--.--,0,--.--,--.--,--.--,--.--,--.--,--.--,--.--,--.--,--.--,--.--,--.--,--.--,--.--,--.--,--.--,--.--,0,0.000,0.000,0.000,0.000,0.000,0.000,0.000,0.000,0.000,0.000,0.000,0.000,true,true,true,true,true,true,false,false,true,true,false,false,0.22,0.02,0.03,--.--,--.--,--.--,0.15,0.17,9223372036854775808,0,--.--,--.--,--.--,--.--,--.--,0,0,0,0,37.4110797,-121.9971565,10SEG 88747 40948,0.7,1.1,148.8,3,10,--.--,--.--,,--.--,--.--,--.--,0,0,--.--,--.--,0,-135.2,120.9,-0.5,-0.1,-0.2,-0.2,-134.9,121.3,-0.9,0.1,0.3,-1.1,--.--,--.--,--.--,--.--,-15.3,8.5,170.8,120.0,125.1,30.9,288.15,--.--,--.--,0,0,0.0,0.0,5.0,0,0,0,--.--,--.--,--.--
2026-07-09 16:37:36.544,-175.8,-1.7,170,0.0,-0.2,-1.3,0.3,-1.1,0.000,0.2,0.3,38.3,34.1,0.526,0.000,0.000,0.000,401.4,00:05:50,181.4,618.7,1,--.--,0,318,--.--,0000:32:26,100,0,0,1,1,15.30,-1.00,-140,--.--,50,--.--,--:--:--,1,-15.30,16:37:36,21:37:36,7/9/26,--.--,--.--,--.--,--.--,--.--,--.--,--.--,--.--,--.--,--.--,--.--,--.--,0,--.--,--.--,--.--,--.--,--.--,--.--,--.--,--.--,--.--,--.--,--.--,--.--,--.--,--.--,--.--,--.--,0,0.000,0.000,0.000,0.000,0.000,0.000,0.000,0.000,0.000,0.000,0.000,0.000,true,true,true,true,true,true,false,false,true,true,false,false,0.22,0.02,0.03,--.--,--.--,--.--,0.15,0.17,9223372036854775808,0,--.--,--.--,--.--,--.--,--.--,0,0,0,0,37.4110797,-121.9971565,10SEG 88747 40948,0.7,1.1,148.8,3,10,--.--,--.--,,--.--,--.--,--.--,0,0,--.--,--.--,0,-135.2,120.9,-0.5,-0.1,-0.2,-0.2,-134.9,121.3,-0.9,0.1,0.3,-1.1,--.--,--.--,--.--,--.--,-15.3,8.5,170.8,120.0,125.1,30.9,288.15,--.--,--.--,0,0,0.0,0.0,5.0,0,0,0,--.--,--.--,--.--
2026-07-09 16:37:37.544,-175.8,-1.7,170,0.0,-0.2,-1.3,0.3,-1.1,0.000,0.2,0.3,38.3,34.1,0.526,0.000,0.000,0.000,401.4,00:05:51,181.4,618.7,1,--.--,0,318,--.--,0000:32:26,100,0,0,1,1,15.30,-1.00,-140,--.--,50,--.--,--:--:--,1,-15.30,16:37:37,21:37:37,7/9/26,--.--,--.--,--.--,--.--,--.--,--.--,--.--,--.--,--.--,--.--,--.--,--.--,0,--.--,--.--,--.--,--.--,--.--,--.--,--.--,--.--,--.--,--.--,--.--,--.--,--.--,--.--,--.--,--.--,0,0.000,0.000,0.000,0.000,0.000,0.000,0.000,0.000,0.000,0.000,0.000,0.000,true,true,true,true,true,true,false,false,true,true,false,false,0.22,0.02,0.03,--.--,--.--,--.--,0.15,0.17,9223372036854775808,0,--.--,--.--,--.--,--.--,--.--,0,0,0,0,37.4110797,-121.9971565,10SEG 88747 40948,0.7,1.1,148.8,3,10,--.--,--.--,,--.--,--.--,--.--,0,0,--.--,--.--,0,-135.2,120.9,-0.5,-0.1,-0.2,-0.2,-134.9,121.3,-0.9,0.1,0.3,-1.1,--.--,--.--,--.--,--.--,-15.3,8.5,170.8,120.0,125.1,30.9,288.15,--.--,--.--,0,0,0.0,0.0,5.0,0,0,0,--.--,--.--,--.--
2026-07-09 16:37:38.544,-175.8,-1.7,170,0.0,-0.2,-1.3,0.3,-1.1,0.000,0.2,0.3,38.3,34.1,0.526,0.000,0.000,0.000,401.4,00:05:52,181.4,618.7,1,--.--,0,318,--.--,0000:32:26,100,0,0,1,1,15.30,-1.00,-140,--.--,50,--.--,--:--:--,1,-15.30,16:37:38,21:37:38,7/9/26,--.--,--.--,--.--,--.--,--.--,--.--,--.--,--.--,--.--,--.--,--.--,--.--,0,--.--,--.--,--.--,--.--,--.--,--.--,--.--,--.--,--.--,--.--,--.--,--.--,--.--,--.--,--.--,--.--,0,0.000,0.000,0.000,0.000,0.000,0.000,0.000,0.000,0.000,0.000,0.000,0.000,true,true,true,true,true,true,false,false,true,true,false,false,0.22,0.02,0.03,--.--,--.--,--.--,0.15,0.17,9223372036854775808,0,--.--,--.--,--.--,--.--,--.--,0,0,0,0,37.4110797,-121.9971565,10SEG 88747 40948,0.7,1.1,148.8,3,10,--.--,--.--,,--.--,--.--,--.--,0,0,--.--,--.--,0,-135.2,120.9,-0.5,-0.1,-0.2,-0.2,-134.9,121.3,-0.9,0.1,0.3,-1.1,--.--,--.--,--.--,--.--,-15.3,8.5,170.8,120.0,125.1,30.9,288.15,--.--,--.--,0,0,0.0,0.0,5.0,0,0,0,--.--,--.--,--.--
2026-07-09 16:37:39.545,-175.8,-1.7,170,0.0,-0.2,-1.3,0.3,-1.1,0.000,0.2,0.3,38.3,34.1,0.526,0.000,0.000,0.000,401.4,00:05:53,181.4,618.7,1,--.--,0,318,--.--,0000:32:26,100,0,0,1,1,15.30,-1.00,-140,--.--,50,--.--,--:--:--,1,-15.30,16:37:39,21:37:39,7/9/26,--.--,--.--,--.--,--.--,--.--,--.--,--.--,--.--,--.--,--.--,--.--,--.--,0,--.--,--.--,--.--,--.--,--.--,--.--,--.--,--.--,--.--,--.--,--.--,--.--,--.--,--.--,--.--,--.--,0,0.000,0.000,0.000,0.000,0.000,0.000,0.000,0.000,0.000,0.000,0.000,0.000,true,true,true,true,true,true,false,false,true,true,false,false,0.22,0.02,0.03,--.--,--.--,--.--,0.15,0.17,9223372036854775808,0,--.--,--.--,--.--,--.--,--.--,0,0,0,0,37.4110797,-121.9971565,10SEG 88747 40948,0.7,1.1,148.8,3,10,--.--,--.--,,--.--,--.--,--.--,0,0,--.--,--.--,0,-135.2,120.9,-0.5,-0.1,-0.2,-0.2,-134.9,121.3,-0.9,0.1,0.3,-1.1,--.--,--.--,--.--,--.--,-15.3,8.5,170.8,120.0,125.1,30.9,288.15,--.--,--.--,0,0,0.0,0.0,5.0,0,0,0,--.--,--.--,--.--
2026-07-09 16:37:40.545,-175.8,-1.7,170,0.0,-0.2,-1.3,0.3,-1.1,0.000,0.2,0.3,38.3,34.1,0.526,0.000,0.000,0.000,401.4,00:05:54,181.4,618.7,1,--.--,0,318,--.--,0000:32:26,100,0,0,1,1,15.30,-1.00,-140,--.--,50,--.--,--:--:--,1,-15.30,16:37:40,21:37:40,7/9/26,--.--,--.--,--.--,--.--,--.--,--.--,--.--,--.--,--.--,--.--,--.--,--.--,0,--.--,--.--,--.--,--.--,--.--,--.--,--.--,--.--,--.--,--.--,--.--,--.--,--.--,--.--,--.--,--.--,0,0.000,0.000,0.000,0.000,0.000,0.000,0.000,0.000,0.000,0.000,0.000,0.000,true,true,true,true,true,true,false,false,true,true,false,false,0.22,0.02,0.03,--.--,--.--,--.--,0.15,0.17,9223372036854775808,0,--.--,--.--,--.--,--.--,--.--,0,0,0,0,37.4110797,-121.9971565,10SEG 88747 40948,0.7,1.1,148.8,3,10,--.--,--.--,,--.--,--.--,--.--,0,0,--.--,--.--,0,-135.2,120.9,-0.5,-0.1,-0.2,-0.2,-134.9,121.3,-0.9,0.1,0.3,-1.1,--.--,--.--,--.--,--.--,-15.3,8.5,170.8,120.0,125.1,30.9,288.15,--.--,--.--,0,0,0.0,0.0,5.0,0,0,0,--.--,--.--,--.--
2026-07-09 16:37:41.544,-175.8,-1.7,170,0.0,-0.2,-1.3,0.3,-1.1,0.000,0.2,0.3,38.3,34.1,0.526,0.000,0.000,0.000,401.4,00:05:55,181.4,618.7,1,--.--,0,318,--.--,0000:32:26,100,0,0,1,1,15.30,-1.00,-140,--.--,50,--.--,--:--:--,1,-15.30,16:37:41,21:37:41,7/9/26,--.--,--.--,--.--,--.--,--.--,--.--,--.--,--.--,--.--,--.--,--.--,--.--,0,--.--,--.--,--.--,--.--,--.--,--.--,--.--,--.--,--.--,--.--,--.--,--.--,--.--,--.--,--.--,--.--,0,0.000,0.000,0.000,0.000,0.000,0.000,0.000,0.000,0.000,0.000,0.000,0.000,true,true,true,true,true,true,false,false,true,true,false,false,0.22,0.02,0.03,--.--,--.--,--.--,0.15,0.17,9223372036854775808,0,--.--,--.--,--.--,--.--,--.--,0,0,0,0,37.4110797,-121.9971565,10SEG 88747 40948,0.7,1.1,148.8,3,10,--.--,--.--,,--.--,--.--,--.--,0,0,--.--,--.--,0,-135.2,120.9,-0.5,-0.1,-0.2,-0.2,-134.9,121.3,-0.9,0.1,0.3,-1.1,--.--,--.--,--.--,--.--,-15.3,8.5,170.8,120.0,125.1,30.9,288.15,--.--,--.--,0,0,0.0,0.0,5.0,0,0,0,--.--,--.--,--.--
2026-07-09 16:37:42.545,-175.8,-1.7,170,0.0,-0.2,-1.3,0.3,-1.1,0.000,0.2,0.3,38.3,34.1,0.526,0.000,0.000,0.000,401.4,00:05:56,181.4,618.7,1,--.--,0,318,--.--,0000:32:26,100,0,0,1,1,15.30,-1.00,-140,--.--,50,--.--,--:--:--,1,-15.30,16:37:42,21:37:42,7/9/26,--.--,--.--,--.--,--.--,--.--,--.--,--.--,--.--,--.--,--.--,--.--,--.--,0,--.--,--.--,--.--,--.--,--.--,--.--,--.--,--.--,--.--,--.--,--.--,--.--,--.--,--.--,--.--,--.--,0,0.000,0.000,0.000,0.000,0.000,0.000,0.000,0.000,0.000,0.000,0.000,0.000,true,true,true,true,true,true,false,false,true,true,false,false,0.22,0.02,0.03,--.--,--.--,--.--,0.15,0.17,9223372036854775808,0,--.--,--.--,--.--,--.--,--.--,0,0,0,0,37.4110797,-121.9971565,10SEG 88747 40948,0.7,1.1,148.8,3,10,--.--,--.--,,--.--,--.--,--.--,0,0,--.--,--.--,0,-135.2,120.9,-0.5,-0.1,-0.2,-0.2,-134.9,121.3,-0.9,0.1,0.3,-1.1,--.--,--.--,--.--,--.--,-15.3,8.5,170.8,120.0,125.1,30.9,288.15,--.--,--.--,0,0,0.0,0.0,5.0,0,0,0,--.--,--.--,--.--
2026-07-09 16:37:43.544,-175.8,-1.7,170,0.0,-0.2,-1.3,0.3,-1.1,0.000,0.2,0.3,38.3,34.1,0.526,0.000,0.000,0.000,401.4,00:05:57,181.4,618.7,1,--.--,0,318,--.--,0000:32:26,100,0,0,1,1,15.30,-1.00,-140,--.--,50,--.--,--:--:--,1,-15.30,16:37:43,21:37:43,7/9/26,--.--,--.--,--.--,--.--,--.--,--.--,--.--,--.--,--.--,--.--,--.--,--.--,0,--.--,--.--,--.--,--.--,--.--,--.--,--.--,--.--,--.--,--.--,--.--,--.--,--.--,--.--,--.--,--.--,0,0.000,0.000,0.000,0.000,0.000,0.000,0.000,0.000,0.000,0.000,0.000,0.000,true,true,true,true,true,true,false,false,true,true,false,false,0.22,0.02,0.03,--.--,--.--,--.--,0.15,0.17,9223372036854775808,0,--.--,--.--,--.--,--.--,--.--,0,0,0,0,37.4110797,-121.9971565,10SEG 88747 40948,0.7,1.1,148.8,3,10,--.--,--.--,,--.--,--.--,--.--,0,0,--.--,--.--,0,-135.2,120.9,-0.5,-0.1,-0.2,-0.2,-134.9,121.3,-0.9,0.1,0.3,-1.1,--.--,--.--,--.--,--.--,-15.3,8.5,170.8,120.0,125.1,30.9,288.15,--.--,--.--,0,0,0.0,0.0,5.0,0,0,0,--.--,--.--,--.--
2026-07-09 16:37:44.545,-175.8,-1.7,170,0.0,-0.2,-1.3,0.3,-1.1,0.000,0.2,0.3,38.3,34.1,0.526,0.000,0.000,0.000,401.4,00:05:58,181.4,618.7,1,--.--,0,318,--.--,0000:32:26,100,0,0,1,1,15.30,-1.00,-140,--.--,50,--.--,--:--:--,1,-15.30,16:37:44,21:37:44,7/9/26,--.--,--.--,--.--,--.--,--.--,--.--,--.--,--.--,--.--,--.--,--.--,--.--,0,--.--,--.--,--.--,--.--,--.--,--.--,--.--,--.--,--.--,--.--,--.--,--.--,--.--,--.--,--.--,--.--,0,0.000,0.000,0.000,0.000,0.000,0.000,0.000,0.000,0.000,0.000,0.000,0.000,true,true,true,true,true,true,false,false,true,true,false,false,0.22,0.02,0.03,--.--,--.--,--.--,0.15,0.17,9223372036854775808,0,--.--,--.--,--.--,--.--,--.--,0,0,0,0,37.4110797,-121.9971565,10SEG 88747 40948,0.7,1.1,148.8,3,10,--.--,--.--,,--.--,--.--,--.--,0,0,--.--,--.--,0,-135.2,120.9,-0.5,-0.1,-0.2,-0.2,-134.9,121.3,-0.9,0.1,0.3,-1.1,--.--,--.--,--.--,--.--,-15.3,8.5,170.8,120.0,125.1,30.9,288.15,--.--,--.--,0,0,0.0,0.0,5.0,0,0,0,--.--,--.--,--.--
2026-07-09 16:37:45.544,-175.8,-1.7,170,0.0,-0.2,-1.3,0.3,-1.1,0.000,0.2,0.3,38.3,34.1,0.526,0.000,0.000,0.000,401.4,00:05:59,181.4,618.7,1,--.--,0,318,--.--,0000:32:26,100,0,0,1,1,15.30,-1.00,-140,--.--,50,--.--,--:--:--,1,-15.30,16:37:45,21:37:45,7/9/26,--.--,--.--,--.--,--.--,--.--,--.--,--.--,--.--,--.--,--.--,--.--,--.--,0,--.--,--.--,--.--,--.--,--.--,--.--,--.--,--.--,--.--,--.--,--.--,--.--,--.--,--.--,--.--,--.--,0,0.000,0.000,0.000,0.000,0.000,0.000,0.000,0.000,0.000,0.000,0.000,0.000,true,true,true,true,true,true,false,false,true,true,false,false,0.22,0.02,0.03,--.--,--.--,--.--,0.15,0.17,9223372036854775808,0,--.--,--.--,--.--,--.--,--.--,0,0,0,0,37.4110797,-121.9971565,10SEG 88747 40948,0.7,1.1,148.8,3,10,--.--,--.--,,--.--,--.--,--.--,0,0,--.--,--.--,0,-135.2,120.9,-0.5,-0.1,-0.2,-0.2,-134.9,121.3,-0.9,0.1,0.3,-1.1,--.--,--.--,--.--,--.--,-15.3,8.5,170.8,120.0,125.1,30.9,288.15,--.--,--.--,0,0,0.0,0.0,5.0,0,0,0,--.--,--.--,--.--
2026-07-09 16:37:46.544,-175.8,-1.7,170,0.0,-0.2,-1.3,0.3,-1.1,0.000,0.2,0.3,38.3,34.1,0.526,0.000,0.000,0.000,401.4,00:06:00,181.4,618.7,1,--.--,0,318,--.--,0000:32:26,100,0,0,1,1,15.30,-1.00,-140,--.--,50,--.--,--:--:--,1,-15.30,16:37:46,21:37:46,7/9/26,--.--,--.--,--.--,--.--,--.--,--.--,--.--,--.--,--.--,--.--,--.--,--.--,0,--.--,--.--,--.--,--.--,--.--,--.--,--.--,--.--,--.--,--.--,--.--,--.--,--.--,--.--,--.--,--.--,0,0.000,0.000,0.000,0.000,0.000,0.000,0.000,0.000,0.000,0.000,0.000,0.000,true,true,true,true,true,true,false,false,true,true,false,false,0.22,0.02,0.03,--.--,--.--,--.--,0.15,0.17,9223372036854775808,0,--.--,--.--,--.--,--.--,--.--,0,0,0,0,37.4110797,-121.9971565,10SEG 88747 40948,0.7,1.1,148.8,3,10,--.--,--.--,,--.--,--.--,--.--,0,0,--.--,--.--,0,-135.2,120.9,-0.5,-0.1,-0.2,-0.2,-134.9,121.3,-0.9,0.1,0.3,-1.1,--.--,--.--,--.--,--.--,-15.3,8.5,170.8,120.0,125.1,30.9,288.15,--.--,--.--,0,0,0.0,0.0,5.0,0,0,0,--.--,--.--,--.--
2026-07-09 16:37:47.544,-175.8,-1.7,170,0.0,-0.2,-1.3,0.3,-1.1,0.000,0.2,0.3,38.3,34.1,0.526,0.000,0.000,0.000,401.4,00:06:01,181.4,618.7,1,--.--,0,318,--.--,0000:32:26,100,0,0,1,1,15.30,-1.00,-140,--.--,50,--.--,--:--:--,1,-15.30,16:37:47,21:37:47,7/9/26,--.--,--.--,--.--,--.--,--.--,--.--,--.--,--.--,--.--,--.--,--.--,--.--,0,--.--,--.--,--.--,--.--,--.--,--.--,--.--,--.--,--.--,--.--,--.--,--.--,--.--,--.--,--.--,--.--,0,0.000,0.000,0.000,0.000,0.000,0.000,0.000,0.000,0.000,0.000,0.000,0.000,true,true,true,true,true,true,false,false,true,true,false,false,0.22,0.02,0.03,--.--,--.--,--.--,0.15,0.17,9223372036854775808,0,--.--,--.--,--.--,--.--,--.--,0,0,0,0,37.4110797,-121.9971565,10SEG 88747 40948,0.7,1.1,148.8,3,10,--.--,--.--,,--.--,--.--,--.--,0,0,--.--,--.--,0,-135.2,120.9,-0.5,-0.1,-0.2,-0.2,-134.9,121.3,-0.9,0.1,0.3,-1.1,--.--,--.--,--.--,--.--,-15.3,8.5,170.8,120.0,125.1,30.9,288.15,--.--,--.--,0,0,0.0,0.0,5.0,0,0,0,--.--,--.--,--.--
2026-07-09 16:37:48.545,-175.8,-1.7,170,0.0,-0.2,-1.3,0.3,-1.1,0.000,0.2,0.3,38.3,34.1,0.526,0.000,0.000,0.000,401.4,00:06:02,181.4,618.7,1,--.--,0,318,--.--,0000:32:26,100,0,0,1,1,15.30,-1.00,-140,--.--,50,--.--,--:--:--,1,-15.30,16:37:48,21:37:48,7/9/26,--.--,--.--,--.--,--.--,--.--,--.--,--.--,--.--,--.--,--.--,--.--,--.--,0,--.--,--.--,--.--,--.--,--.--,--.--,--.--,--.--,--.--,--.--,--.--,--.--,--.--,--.--,--.--,--.--,0,0.000,0.000,0.000,0.000,0.000,0.000,0.000,0.000,0.000,0.000,0.000,0.000,true,true,true,true,true,true,false,false,true,true,false,false,0.22,0.02,0.03,--.--,--.--,--.--,0.15,0.17,9223372036854775808,0,--.--,--.--,--.--,--.--,--.--,0,0,0,0,37.4110797,-121.9971565,10SEG 88747 40948,0.7,1.1,148.8,3,10,--.--,--.--,,--.--,--.--,--.--,0,0,--.--,--.--,0,-135.2,120.9,-0.5,-0.1,-0.2,-0.2,-134.9,121.3,-0.9,0.1,0.3,-1.1,--.--,--.--,--.--,--.--,-15.3,8.5,170.8,120.0,125.1,30.9,288.15,--.--,--.--,0,0,0.0,0.0,5.0,0,0,0,--.--,--.--,--.--
2026-07-09 16:37:49.545,-175.8,-1.7,170,0.0,-0.2,-1.3,0.3,-1.1,0.000,0.2,0.3,38.3,34.1,0.526,0.000,0.000,0.000,401.4,00:06:03,181.4,618.7,1,--.--,0,318,--.--,0000:32:26,100,0,0,1,1,15.30,-1.00,-140,--.--,50,--.--,--:--:--,1,-15.30,16:37:49,21:37:49,7/9/26,--.--,--.--,--.--,--.--,--.--,--.--,--.--,--.--,--.--,--.--,--.--,--.--,0,--.--,--.--,--.--,--.--,--.--,--.--,--.--,--.--,--.--,--.--,--.--,--.--,--.--,--.--,--.--,--.--,0,0.000,0.000,0.000,0.000,0.000,0.000,0.000,0.000,0.000,0.000,0.000,0.000,true,true,true,true,true,true,false,false,true,true,false,false,0.22,0.02,0.03,--.--,--.--,--.--,0.15,0.17,9223372036854775808,0,--.--,--.--,--.--,--.--,--.--,0,0,0,0,37.4110797,-121.9971565,10SEG 88747 40948,0.7,1.1,148.8,3,10,--.--,--.--,,--.--,--.--,--.--,0,0,--.--,--.--,0,-135.2,120.9,-0.5,-0.1,-0.2,-0.2,-134.9,121.3,-0.9,0.1,0.3,-1.1,--.--,--.--,--.--,--.--,-15.3,8.5,170.8,120.0,125.1,30.9,288.15,--.--,--.--,0,0,0.0,0.0,5.0,0,0,0,--.--,--.--,--.--
2026-07-09 16:37:50.544,-175.8,-1.7,170,0.0,-0.2,-1.3,0.3,-1.1,0.000,0.2,0.3,38.3,34.1,0.526,0.000,0.000,0.000,401.4,00:06:04,181.4,618.7,1,--.--,0,318,--.--,0000:32:26,100,0,0,1,1,15.30,-1.00,-140,--.--,50,--.--,--:--:--,1,-15.30,16:37:50,21:37:50,7/9/26,--.--,--.--,--.--,--.--,--.--,--.--,--.--,--.--,--.--,--.--,--.--,--.--,0,--.--,--.--,--.--,--.--,--.--,--.--,--.--,--.--,--.--,--.--,--.--,--.--,--.--,--.--,--.--,--.--,0,0.000,0.000,0.000,0.000,0.000,0.000,0.000,0.000,0.000,0.000,0.000,0.000,true,true,true,true,true,true,false,false,true,true,false,false,0.22,0.02,0.03,--.--,--.--,--.--,0.15,0.17,9223372036854775808,0,--.--,--.--,--.--,--.--,--.--,0,0,0,0,37.4110797,-121.9971565,10SEG 88747 40948,0.7,1.1,148.8,3,10,--.--,--.--,,--.--,--.--,--.--,0,0,--.--,--.--,0,-135.2,120.9,-0.5,-0.1,-0.2,-0.2,-134.9,121.3,-0.9,0.1,0.3,-1.1,--.--,--.--,--.--,--.--,-15.3,8.5,170.8,120.0,125.1,30.9,288.15,--.--,--.--,0,0,0.0,0.0,5.0,0,0,0,--.--,--.--,--.--
2026-07-09 16:37:51.545,-175.8,-1.7,170,0.0,-0.2,-1.3,0.3,-1.1,0.000,0.2,0.3,38.3,34.1,0.526,0.000,0.000,0.000,401.4,00:06:05,181.4,618.7,1,--.--,0,318,--.--,0000:32:26,100,0,0,1,1,15.30,-1.00,-140,--.--,50,--.--,--:--:--,1,-15.30,16:37:51,21:37:51,7/9/26,--.--,--.--,--.--,--.--,--.--,--.--,--.--,--.--,--.--,--.--,--.--,--.--,0,--.--,--.--,--.--,--.--,--.--,--.--,--.--,--.--,--.--,--.--,--.--,--.--,--.--,--.--,--.--,--.--,0,0.000,0.000,0.000,0.000,0.000,0.000,0.000,0.000,0.000,0.000,0.000,0.000,true,true,true,true,true,true,false,false,true,true,false,false,0.22,0.02,0.03,--.--,--.--,--.--,0.15,0.17,9223372036854775808,0,--.--,--.--,--.--,--.--,--.--,0,0,0,0,37.4110797,-121.9971565,10SEG 88747 40948,0.7,1.1,148.8,3,10,--.--,--.--,,--.--,--.--,--.--,0,0,--.--,--.--,0,-135.2,120.9,-0.5,-0.1,-0.2,-0.2,-134.9,121.3,-0.9,0.1,0.3,-1.1,--.--,--.--,--.--,--.--,-15.3,8.5,170.8,120.0,125.1,30.9,288.15,--.--,--.--,0,0,0.0,0.0,5.0,0,0,0,--.--,--.--,--.--
