Timestamp,roll,pitch,heading,rollRate,pitchRate,yawRate,groundSpeed,airSpeed,airSpeedSetpoint,climbRate,altitudeRelative,altitudeAMSL,altitudeAboveTerr,altitudeTuning,altitudeTuningSetpoint,xTrackError,rangeFinderDist,flightDistance,flightTime,distanceToHome,timeToHome,missionItemIndex,headingToNextWP,distanceToNextWP,headingToHome,distanceToGCS,hobbs,throttlePct,imuTemp,battery0.id,battery0.batteryFunction,battery0.batteryType,battery0.voltage,battery0.current,battery0.mahConsumed,battery0.temperature,battery0.percentRemaining,battery0.timeRemaining,battery0.timeRemainingStr,battery0.chargeState,battery0.instantPower,clock.currentTime,clock.currentUTCTime,clock.currentDate,distanceSensor.rotationNone,distanceSensor.rotationYaw45,distanceSensor.rotationYaw90,distanceSensor.rotationYaw135,distanceSensor.rotationYaw180,distanceSensor.rotationYaw225,distanceSensor.rotationYaw270,distanceSensor.rotationYaw315,distanceSensor.rotationPitch90,distanceSensor.rotationPitch270,distanceSensor.minDistance,distanceSensor.maxDistance,efi.health,efi.ecuIndex,efi.rpm,efi.fuelConsumed,efi.fuelFlow,efi.engineLoad,efi.sparkTime,efi.throttlePos,efi.baroPress,efi.intakePress,efi.intakeTemp,efi.cylinderTemp,efi.ignTime,efi.exGasTemp,efi.injTime,efi.throttleOut,efi.ptComp,escStatus.index,escStatus.rpm1,escStatus.rpm2,escStatus.rpm3,escStatus.rpm4,escStatus.current1,escStatus.current2,escStatus.current3,escStatus.current4,escStatus.voltage1,escStatus.voltage2,escStatus.voltage3,escStatus.voltage4,estimatorStatus.goodAttitudeEsimate,estimatorStatus.goodHorizVelEstimate,estimatorStatus.goodVertVelEstimate,estimatorStatus.goodHorizPosRelEstimate,estimatorStatus.goodHorizPosAbsEstimate,estimatorStatus.goodVertPosAbsEstimate,estimatorStatus.goodVertPosAGLEstimate,estimatorStatus.goodConstPosModeEstimate,estimatorStatus.goodPredHorizPosRelEstimate,estimatorStatus.goodPredHorizPosAbsEstimate,estimatorStatus.gpsGlitch,estimatorStatus.accelError,estimatorStatus.velRatio,estimatorStatus.horizPosRatio,estimatorStatus.vertPosRatio,estimatorStatus.magRatio,estimatorStatus.haglRatio,estimatorStatus.tasRatio,estimatorStatus.horizPosAccuracy,estimatorStatus.vertPosAccuracy,generator.status,generator.genSpeed,generator.batteryCurrent,generator.loadCurrent,generator.powerGenerated,generator.busVoltage,generator.batCurrentSetpoint,generator.rectifierTemp,generator.genTemp,generator.runtime,generator.timeMaintenance,gps.lat,gps.lon,gps.mgrs,gps.hdop,gps.vdop,gps.courseOverGround,gps.lock,gps.count,gps2.lat,gps2.lon,gps2.mgrs,gps2.hdop,gps2.vdop,gps2.courseOverGround,gps2.lock,gps2.count,hygrometer.temperature,hygrometer.humidity,hygrometer.hygrometerid,localPosition.x,localPosition.y,localPosition.z,localPosition.vx,localPosition.vy,localPosition.vz,localPositionSetpoint.x,localPositionSetpoint.y,localPositionSetpoint.z,localPositionSetpoint.vx,localPositionSetpoint.vy,localPositionSetpoint.vz,rpm.rpm1,rpm.rpm2,rpm.rpm3,rpm.rpm4,setpoint.roll,setpoint.pitch,setpoint.yaw,setpoint.rollRate,setpoint.pitchRate,setpoint.yawRate,temperature.temperature1,temperature.temperature2,temperature.temperature3,terrain.blocksPending,terrain.blocksLoaded,vibration.xAxis,vibration.yAxis,vibration.zAxis,vibration.clipCount1,vibration.clipCount2,vibration.clipCount3,wind.direction,wind.speed,wind.verticalSpeed
2026-07-09 15:44:06.551,0.2,0.3,116,-0.0,-0.0,0.0,0.0,1.5,0.000,-0.0,-0.0,37.8,36.8,0.031,0.000,0.000,0.000,0.0,00:00:00,0.0,0.5,1,--.--,0,--.--,--.--,0000:32:26,0,0,0,1,1,16.20,-1.00,-10,--.--,100,--.--,--:--:--,1,-16.20,15:44:06,20:44:06,7/9/26,--.--,--.--,--.--,--.--,--.--,--.--,--.--,--.--,--.--,--.--,--.--,--.--,0,--.--,--.--,--.--,--.--,--.--,--.--,--.--,--.--,--.--,--.--,--.--,--.--,--.--,--.--,--.--,--.--,0,0.000,0.000,0.000,0.000,0.000,0.000,0.000,0.000,0.000,0.000,0.000,0.000,true,true,true,true,true,true,false,true,true,true,false,false,0.01,0.01,0.00,0.00,--.--,--.--,0.15,0.17,9223372036854775808,0,--.--,--.--,--.--,--.--,--.--,0,0,0,0,37.4122948,-121.9985274,10SEG 88624 41081,0.7,1.1,92.3,3,10,--.--,--.--,,--.--,--.--,--.--,0,0,--.--,--.--,0,0.0,-0.0,-0.1,0.0,-0.0,0.0,0.0,-0.0,-0.0,-0.0,-0.0,2.3,--.--,--.--,--.--,--.--,0.2,0.0,116.4,-0.0,-1.0,0.0,288.15,--.--,--.--,0,0,0.0,0.0,0.0,0,0,0,--.--,--.--,--.--
2026-07-09 15:44:07.551,0.2,0.2,116,0.0,-0.0,-0.0,0.0,0.6,0.000,-0.0,-0.0,37.8,36.8,0.024,0.000,0.000,0.000,0.0,00:00:01,0.0,0.0,1,--.--,0,--.--,--.--,0000:32:26,20,0,0,1,1,16.14,-1.00,-11,--.--,98,--.--,--:--:--,1,-16.14,15:44:07,20:44:07,7/9/26,--.--,--.--,--.--,--.--,--.--,--.--,--.--,--.--,--.--,--.--,--.--,--.--,0,--.--,--.--,--.--,--.--,--.--,--.--,--.--,--.--,--.--,--.--,--.--,--.--,--.--,--.--,--.--,--.--,0,0.000,0.000,0.000,0.000,0.000,0.000,0.000,0.000,0.000,0.000,0.000,0.000,true,true,true,true,true,true,false,false,true,true,false,false,0.01,0.00,0.00,0.00,--.--,--.--,0.15,0.17,9223372036854775808,0,--.--,--.--,--.--,--.--,--.--,0,0,0,0,37.4122948,-121.9985274,10SEG 88624 41081,0.7,1.1,302.0,3,10,--.--,--.--,,--.--,--.--,--.--,0,0,--.--,--.--,0,0.0,-0.0,-0.1,0.0,-0.0,0.0,0.0,-0.0,-0.0,-0.0,-0.0,0.4,--.--,--.--,--.--,--.--,0.5,0.0,116.4,1.6,-0.9,0.0,288.15,--.--,--.--,0,0,0.0,0.0,0.0,0,0,0,--.--,--.--,--.--
2026-07-09 15:44:08.551,0.2,0.2,116,-0.0,-0.0,-0.0,0.0,1.5,0.000,-0.0,-0.0,37.8,36.8,0.018,0.000,0.000,0.000,0.0,00:00:02,0.0,0.5,1,--.--,0,--.--,--.--,0000:32:26,39,0,0,1,1,16.14,-1.00,-11,--.--,98,--.--,--:--:--,1,-16.14,15:44:08,20:44:08,7/9/26,--.--,--.--,--.--,--.--,--.--,--.--,--.--,--.--,--.--,--.--,--.--,--.--,0,--.--,--.--,--.--,--.--,--.--,--.--,--.--,--.--,--.--,--.--,--.--,--.--,--.--,--.--,--.--,--.--,0,0.000,0.000,0.000,0.000,0.000,0.000,0.000,0.000,0.000,0.000,0.000,0.000,true,true,true,true,true,true,false,false,true,true,false,false,0.01,0.00,0.00,0.00,--.--,--.--,0.15,0.17,9223372036854775808,0,--.--,--.--,--.--,--.--,--.--,0,0,0,0,37.4122946,-121.9985279,10SEG 88624 41081,0.7,1.1,35.1,3,10,--.--,--.--,,--.--,--.--,--.--,0,0,--.--,--.--,0,0.0,-0.0,-0.0,0.0,0.0,0.0,0.0,-0.0,-0.0,-0.0,-0.0,-0.3,--.--,--.--,--.--,--.--,0.9,0.0,116.4,3.6,-0.9,0.0,288.15,--.--,--.--,0,0,0.0,0.0,0.0,0,0,0,--.--,--.--,--.--
2026-07-09 15:44:09.551,0.2,0.2,116,-0.0,0.0,-0.0,0.0,1.4,0.000,-0.0,-0.0,37.8,36.8,0.012,0.000,0.000,0.000,0.0,00:00:03,0.0,0.6,1,--.--,0,--.--,--.--,0000:32:26,55,0,0,1,1,16.08,-1.00,-11,--.--,95,--.--,--:--:--,1,-16.08,15:44:09,20:44:09,7/9/26,--.--,--.--,--.--,--.--,--.--,--.--,--.--,--.--,--.--,--.--,--.--,--.--,0,--.--,--.--,--.--,--.--,--.--,--.--,--.--,--.--,--.--,--.--,--.--,--.--,--.--,--.--,--.--,--.--,0,0.000,0.000,0.000,0.000,0.000,0.000,0.000,0.000,0.000,0.000,0.000,0.000,true,true,true,true,true,true,false,false,true,true,false,false,0.02,0.01,0.00,0.00,--.--,--.--,0.15,0.17,9223372036854775808,0,--.--,--.--,--.--,--.--,--.--,0,0,0,0,37.4122946,-121.9985276,10SEG 88624 41081,0.7,1.1,320.7,3,10,--.--,--.--,,--.--,--.--,--.--,0,0,--.--,--.--,0,0.0,-0.0,-0.0,0.0,0.0,0.0,0.0,-0.0,-0.1,-0.0,-0.0,-0.8,--.--,--.--,--.--,--.--,1.8,0.0,116.5,7.9,-0.9,0.8,288.15,--.--,--.--,0,0,0.0,0.0,0.0,0,0,0,--.--,--.--,--.--
2026-07-09 15:44:10.551,0.2,0.2,116,0.0,-1.2,0.1,0.0,1.2,0.000,-0.0,-0.0,37.8,36.8,0.013,0.000,0.000,0.000,0.0,00:00:04,0.0,0.6,1,--.--,0,--.--,--.--,0000:32:26,78,0,0,1,1,16.08,-1.00,-11,--.--,95,--.--,--:--:--,1,-16.08,15:44:10,20:44:10,7/9/26,--.--,--.--,--.--,--.--,--.--,--.--,--.--,--.--,--.--,--.--,--.--,--.--,0,--.--,--.--,--.--,--.--,--.--,--.--,--.--,--.--,--.--,--.--,--.--,--.--,--.--,--.--,--.--,--.--,0,0.000,0.000,0.000,0.000,0.000,0.000,0.000,0.000,0.000,0.000,0.000,0.000,true,true,true,true,true,true,false,false,true,true,false,false,0.02,0.01,0.00,0.00,--.--,--.--,0.15,0.17,9223372036854775808,0,--.--,--.--,--.--,--.--,--.--,0,0,0,0,37.4122946,-121.9985272,10SEG 88624 41081,0.7,1.1,154.9,3,10,--.--,--.--,,--.--,--.--,--.--,0,0,--.--,--.--,0,0.0,-0.0,-0.0,0.0,0.0,0.0,0.0,-0.0,-0.1,-0.0,-0.0,-1.3,--.--,--.--,--.--,--.--,2.8,0.0,116.6,12.9,-0.8,1.8,288.15,--.--,--.--,0,0,0.0,0.0,0.0,0,0,0,--.--,--.--,--.--
2026-07-09 15:44:11.552,2.2,6.6,122,-16.4,11.5,3.7,0.3,-1.3,0.000,0.4,0.2,38.0,36.8,0.204,0.000,0.000,0.000,0.0,00:00:05,0.2,0.5,1,--.--,0,--.--,--.--,0000:32:26,86,0,0,1,1,16.02,-1.00,-12,--.--,92,--.--,--:--:--,1,-16.02,15:44:11,20:44:11,7/9/26,--.--,--.--,--.--,--.--,--.--,--.--,--.--,--.--,--.--,--.--,--.--,--.--,0,--.--,--.--,--.--,--.--,--.--,--.--,--.--,--.--,--.--,--.--,--.--,--.--,--.--,--.--,--.--,--.--,0,0.000,0.000,0.000,0.000,0.000,0.000,0.000,0.000,0.000,0.000,0.000,0.000,true,true,true,true,true,true,false,false,true,true,false,false,0.02,0.00,0.00,0.15,--.--,--.--,0.15,0.17,9223372036854775808,0,--.--,--.--,--.--,--.--,--.--,0,0,0,0,37.4122945,-121.9985259,10SEG 88624 41081,0.7,1.1,143.7,3,10,--.--,--.--,,--.--,--.--,--.--,0,0,--.--,--.--,0,-0.1,0.1,-0.3,-0.3,-0.0,-0.5,0.0,-0.0,-0.3,0.1,-0.1,-1.5,--.--,--.--,--.--,--.--,-2.4,8.9,122.3,-23.8,9.6,-1.4,288.15,--.--,--.--,0,0,0.0,0.0,0.0,0,0,0,--.--,--.--,--.--
2026-07-09 15:44:12.551,0.3,-1.1,120,3.4,-1.3,-2.5,0.3,-0.7,0.000,0.8,0.9,38.6,36.8,0.884,0.000,0.000,0.000,0.0,00:00:06,0.1,0.4,1,--.--,0,--.--,--.--,0000:32:26,85,0,0,1,1,16.02,-1.00,-12,--.--,92,--.--,--:--:--,1,-16.02,15:44:12,20:44:12,7/9/26,--.--,--.--,--.--,--.--,--.--,--.--,--.--,--.--,--.--,--.--,--.--,--.--,0,--.--,--.--,--.--,--.--,--.--,--.--,--.--,--.--,--.--,--.--,--.--,--.--,--.--,--.--,--.--,--.--,0,0.000,0.000,0.000,0.000,0.000,0.000,0.000,0.000,0.000,0.000,0.000,0.000,true,true,true,true,true,true,false,false,true,true,false,false,0.02,0.00,0.00,0.15,--.--,--.--,0.15,0.17,9223372036854775808,0,--.--,--.--,--.--,--.--,--.--,0,0,0,0,37.4122932,-121.9985282,10SEG 88624 41081,0.7,1.1,288.8,3,10,--.--,--.--,,--.--,--.--,--.--,0,0,--.--,--.--,0,-0.1,-0.1,-1.0,0.2,-0.1,-0.9,0.0,-0.0,-1.1,0.1,0.1,-1.5,--.--,--.--,--.--,--.--,-0.4,-0.0,121.0,-3.4,4.2,0.0,288.15,--.--,--.--,0,0,0.0,0.0,0.0,0,0,0,--.--,--.--,--.--
2026-07-09 15:44:13.551,2.1,3.2,117,1.3,5.2,-1.3,0.2,-1.5,0.000,1.1,1.9,39.7,37.6,1.918,0.000,0.000,0.000,0.0,00:00:07,0.1,0.4,1,--.--,0,--.--,--.--,0000:32:26,85,0,0,1,1,15.96,-1.00,-12,--.--,88,--.--,--:--:--,1,-15.96,15:44:13,20:44:13,7/9/26,--.--,--.--,--.--,--.--,--.--,--.--,--.--,--.--,--.--,--.--,--.--,--.--,0,--.--,--.--,--.--,--.--,--.--,--.--,--.--,--.--,--.--,--.--,--.--,--.--,--.--,--.--,--.--,--.--,0,0.000,0.000,0.000,0.000,0.000,0.000,0.000,0.000,0.000,0.000,0.000,0.000,true,true,true,true,true,true,false,false,true,true,false,false,0.02,0.00,0.01,0.08,--.--,--.--,0.15,0.17,9223372036854775808,0,--.--,--.--,--.--,--.--,--.--,0,0,0,0,37.4122946,-121.9985283,10SEG 88624 41081,0.7,1.1,46.2,3,10,--.--,--.--,,--.--,--.--,--.--,0,0,--.--,--.--,0,-0.0,-0.0,-2.1,0.0,0.1,-1.2,0.0,-0.0,-2.1,0.0,0.0,-1.5,--.--,--.--,--.--,--.--,1.6,3.8,117.3,-2.2,2.6,0.6,288.15,--.--,--.--,0,0,0.0,0.0,0.0,0,0,0,--.--,--.--,--.--
2026-07-09 15:44:14.551,1.0,1.1,115,-1.2,-0.3,-0.5,0.0,0.5,0.000,1.3,3.1,40.9,38.7,3.168,0.000,0.000,0.000,0.0,00:00:08,0.0,1.9,1,--.--,0,--.--,--.--,0000:32:26,84,0,0,1,1,15.96,-1.00,-12,--.--,88,--.--,--:--:--,1,-15.96,15:44:14,20:44:14,7/9/26,--.--,--.--,--.--,--.--,--.--,--.--,--.--,--.--,--.--,--.--,--.--,--.--,0,--.--,--.--,--.--,--.--,--.--,--.--,--.--,--.--,--.--,--.--,--.--,--.--,--.--,--.--,--.--,--.--,0,0.000,0.000,0.000,0.000,0.000,0.000,0.000,0.000,0.000,0.000,0.000,0.000,true,true,true,true,true,true,false,false,true,true,false,false,0.02,0.00,0.01,0.08,--.--,--.--,0.15,0.17,9223372036854775808,0,--.--,--.--,--.--,--.--,--.--,0,0,0,0,37.4122951,-121.9985278,10SEG 88624 41081,0.7,1.1,306.4,3,10,--.--,--.--,,--.--,--.--,--.--,0,0,--.--,--.--,0,0.0,-0.1,-3.4,-0.0,0.0,-1.3,0.0,-0.0,-3.4,-0.0,0.0,-1.5,--.--,--.--,--.--,--.--,0.7,1.7,116.0,-1.9,2.3,-0.0,288.15,--.--,--.--,0,0,0.0,0.0,0.0,0,0,0,--.--,--.--,--.--
2026-07-09 15:44:15.551,2.1,3.3,115,-0.5,-2.6,0.2,0.0,-1.3,0.000,1.4,4.5,42.3,39.9,4.525,0.000,0.000,0.000,0.0,00:00:09,0.0,2.0,1,--.--,0,--.--,--.--,0000:32:26,84,0,0,1,1,15.90,-1.00,-13,--.--,85,--.--,--:--:--,1,-15.90,15:44:15,20:44:15,7/9/26,--.--,--.--,--.--,--.--,--.--,--.--,--.--,--.--,--.--,--.--,--.--,--.--,0,--.--,--.--,--.--,--.--,--.--,--.--,--.--,--.--,--.--,--.--,--.--,--.--,--.--,--.--,--.--,--.--,0,0.000,0.000,0.000,0.000,0.000,0.000,0.000,0.000,0.000,0.000,0.000,0.000,true,true,true,true,true,true,false,false,true,true,false,false,0.01,0.01,0.00,0.04,--.--,--.--,0.15,0.17,9223372036854775808,0,--.--,--.--,--.--,--.--,--.--,0,0,0,0,37.4122951,-121.9985277,10SEG 88624 41081,0.7,1.1,43.2,3,10,--.--,--.--,,--.--,--.--,--.--,0,0,--.--,--.--,0,0.0,-0.0,-4.8,-0.0,-0.0,-1.4,0.0,-0.0,-4.8,-0.0,-0.0,-1.5,--.--,--.--,--.--,--.--,1.7,2.5,115.6,-2.1,-3.6,0.7,288.15,--.--,--.--,0,0,0.0,0.0,0.0,0,0,0,--.--,--.--,--.--
2026-07-09 15:44:16.551,0.5,2.5,115,0.4,3.2,0.0,0.0,-0.7,0.000,1.4,5.9,43.7,41.3,5.955,0.000,0.000,0.000,0.0,00:00:10,0.0,0.4,1,--.--,0,--.--,--.--,0000:32:26,84,0,0,1,1,15.90,-1.00,-13,--.--,85,--.--,--:--:--,1,-15.90,15:44:16,20:44:16,7/9/26,--.--,--.--,--.--,--.--,--.--,--.--,--.--,--.--,--.--,--.--,--.--,--.--,0,--.--,--.--,--.--,--.--,--.--,--.--,--.--,--.--,--.--,--.--,--.--,--.--,--.--,--.--,--.--,--.--,0,0.000,0.000,0.000,0.000,0.000,0.000,0.000,0.000,0.000,0.000,0.000,0.000,true,true,true,true,true,true,false,false,true,true,false,false,0.01,0.01,0.00,0.04,--.--,--.--,0.15,0.17,9223372036854775808,0,--.--,--.--,--.--,--.--,--.--,0,0,0,0,37.4122947,-121.9985279,10SEG 88624 41081,0.7,1.1,173.4,3,10,--.--,--.--,,--.--,--.--,--.--,0,0,--.--,--.--,0,0.0,-0.0,-6.2,-0.0,0.0,-1.5,0.0,-0.0,-6.2,-0.0,0.0,-1.5,--.--,--.--,--.--,--.--,0.6,3.0,115.6,0.6,2.0,-0.0,288.15,--.--,--.--,0,0,0.0,0.0,0.0,0,0,0,--.--,--.--,--.--
2026-07-09 15:44:17.551,1.3,1.4,115,-1.0,-1.8,0.1,0.0,0.9,0.000,1.5,7.4,45.2,42.7,7.427,0.000,0.000,0.000,0.0,00:00:11,0.1,2.1,1,--.--,0,--.--,--.--,0000:32:26,84,0,0,1,1,15.84,-1.00,-13,--.--,82,--.--,--:--:--,1,-15.84,15:44:17,20:44:17,7/9/26,--.--,--.--,--.--,--.--,--.--,--.--,--.--,--.--,--.--,--.--,--.--,--.--,0,--.--,--.--,--.--,--.--,--.--,--.--,--.--,--.--,--.--,--.--,--.--,--.--,--.--,--.--,--.--,--.--,0,0.000,0.000,0.000,0.000,0.000,0.000,0.000,0.000,0.000,0.000,0.000,0.000,true,true,true,true,true,true,false,false,true,true,false,false,0.02,0.00,0.00,0.03,--.--,--.--,0.15,0.17,9223372036854775808,0,--.--,--.--,--.--,--.--,--.--,0,0,0,0,37.4122942,-121.9985283,10SEG 88624 41081,0.7,1.1,295.1,3,10,--.--,--.--,,--.--,--.--,--.--,0,0,--.--,--.--,0,0.0,-0.1,-7.7,-0.0,-0.0,-1.5,0.0,-0.0,-7.7,-0.0,0.0,-1.5,--.--,--.--,--.--,--.--,1.1,1.3,115.6,-1.3,-0.2,0.1,288.15,--.--,--.--,0,0,0.0,0.0,0.0,0,0,0,--.--,--.--,--.--
2026-07-09 15:44:18.551,1.6,3.3,115,1.1,-1.0,0.2,0.0,0.8,0.000,1.5,8.9,46.7,44.2,8.916,0.000,0.000,0.000,0.0,00:00:12,0.0,0.4,1,--.--,0,--.--,--.--,0000:32:26,84,0,0,1,1,15.84,-1.00,-13,--.--,82,--.--,--:--:--,1,-15.84,15:44:18,20:44:18,7/9/26,--.--,--.--,--.--,--.--,--.--,--.--,--.--,--.--,--.--,--.--,--.--,--.--,0,--.--,--.--,--.--,--.--,--.--,--.--,--.--,--.--,--.--,--.--,--.--,--.--,--.--,--.--,--.--,--.--,0,0.000,0.000,0.000,0.000,0.000,0.000,0.000,0.000,0.000,0.000,0.000,0.000,true,true,true,true,true,true,false,false,true,true,false,false,0.02,0.00,0.00,0.03,--.--,--.--,0.15,0.17,9223372036854775808,0,--.--,--.--,--.--,--.--,--.--,0,0,0,0,37.4122948,-121.9985280,10SEG 88624 41081,0.7,1.1,354.4,3,10,--.--,--.--,,--.--,--.--,--.--,0,0,--.--,--.--,0,0.0,-0.0,-9.2,0.0,0.0,-1.5,0.0,-0.0,-9.2,-0.0,0.0,-1.5,--.--,--.--,--.--,--.--,1.6,2.6,115.6,0.3,-2.9,0.6,288.15,--.--,--.--,0,0,0.0,0.0,0.0,0,0,0,--.--,--.--,--.--
2026-07-09 15:44:19.551,1.1,1.5,115,-0.3,2.9,0.3,0.1,1.0,0.000,1.6,10.4,48.2,45.7,10.420,0.000,0.000,0.000,0.0,00:00:13,0.0,0.8,1,--.--,0,--.--,--.--,0000:32:26,90,0,0,1,1,15.78,-1.00,-14,--.--,78,--.--,--:--:--,1,-15.78,15:44:19,20:44:19,7/9/26,--.--,--.--,--.--,--.--,--.--,--.--,--.--,--.--,--.--,--.--,--.--,--.--,0,--.--,--.--,--.--,--.--,--.--,--.--,--.--,--.--,--.--,--.--,--.--,--.--,--.--,--.--,--.--,--.--,0,0.000,0.000,0.000,0.000,0.000,0.000,0.000,0.000,0.000,0.000,0.000,0.000,true,true,true,true,true,true,false,false,true,true,false,false,0.01,0.00,0.00,0.03,--.--,--.--,0.15,0.17,9223372036854775808,0,--.--,--.--,--.--,--.--,--.--,0,0,0,0,37.4122952,-121.9985275,10SEG 88624 41081,0.7,1.1,118.0,3,10,--.--,--.--,,--.--,--.--,--.--,0,0,--.--,--.--,0,0.0,-0.1,-10.6,-0.0,0.0,-1.7,0.0,-0.0,-10.5,-0.0,0.0,-1.7,--.--,--.--,--.--,--.--,1.1,2.7,115.9,-0.2,4.4,0.1,288.15,--.--,--.--,0,0,0.0,0.0,0.0,0,0,0,--.--,--.--,--.--
2026-07-09 15:44:20.551,1.8,3.1,116,1.0,-2.3,0.5,0.0,-0.8,0.000,2.9,10.4,48.2,47.2,12.241,0.000,0.000,0.000,0.0,00:00:14,0.0,1.7,1,--.--,0,--.--,--.--,0000:32:26,83,0,0,1,1,15.78,-1.00,-14,--.--,78,--.--,--:--:--,1,-15.78,15:44:20,20:44:20,7/9/26,--.--,--.--,--.--,--.--,--.--,--.--,--.--,--.--,--.--,--.--,--.--,--.--,0,--.--,--.--,--.--,--.--,--.--,--.--,--.--,--.--,--.--,--.--,--.--,--.--,--.--,--.--,--.--,--.--,0,0.000,0.000,0.000,0.000,0.000,0.000,0.000,0.000,0.000,0.000,0.000,0.000,true,true,true,true,true,true,false,false,true,true,false,false,0.01,0.00,0.00,0.03,--.--,--.--,0.15,0.17,9223372036854775808,0,--.--,--.--,--.--,--.--,--.--,0,0,0,0,37.4122952,-121.9985274,10SEG 88624 41081,0.7,1.1,215.2,3,10,--.--,--.--,,--.--,--.--,--.--,0,0,--.--,--.--,0,0.0,-0.0,-12.9,-0.0,-0.0,-2.9,-0.0,-0.0,-12.7,-0.0,-0.0,-2.9,--.--,--.--,--.--,--.--,1.8,2.3,116.0,-0.2,-3.3,0.8,288.15,--.--,--.--,0,0,0.0,0.0,0.0,0,0,0,--.--,--.--,--.--
2026-07-09 15:44:21.551,0.5,2.3,116,0.9,2.4,0.2,0.0,-0.4,0.000,2.2,12.9,50.7,49.7,14.826,0.000,0.000,0.000,0.0,00:00:15,0.0,0.6,1,--.--,0,--.--,--.--,0000:32:26,81,0,0,1,1,15.78,-1.00,-14,--.--,78,--.--,--:--:--,1,-15.78,15:44:21,20:44:21,7/9/26,--.--,--.--,--.--,--.--,--.--,--.--,--.--,--.--,--.--,--.--,--.--,--.--,0,--.--,--.--,--.--,--.--,--.--,--.--,--.--,--.--,--.--,--.--,--.--,--.--,--.--,--.--,--.--,--.--,0,0.000,0.000,0.000,0.000,0.000,0.000,0.000,0.000,0.000,0.000,0.000,0.000,true,true,true,true,true,true,false,false,true,true,false,false,0.01,0.00,0.00,0.03,--.--,--.--,0.15,0.17,9223372036854775808,0,--.--,--.--,--.--,--.--,--.--,0,0,0,0,37.4122947,-121.9985277,10SEG 88624 41081,0.7,1.1,88.1,3,10,--.--,--.--,,--.--,--.--,--.--,0,0,--.--,--.--,0,0.0,-0.0,-15.2,-0.0,0.0,-2.1,-0.0,-0.0,-15.2,-0.0,-0.0,-2.3,--.--,--.--,--.--,--.--,0.9,2.8,116.2,1.9,2.1,-0.0,288.15,--.--,--.--,0,0,0.0,0.0,0.0,0,0,0,--.--,--.--,--.--
2026-07-09 15:44:22.551,1.5,1.9,116,-0.7,-3.2,0.5,0.0,-0.9,0.000,1.6,15.3,53.1,52.1,16.629,0.000,0.000,0.000,0.0,00:00:16,0.0,0.2,1,--.--,0,--.--,--.--,0000:32:26,81,0,0,1,1,15.72,-1.00,-15,--.--,75,--.--,--:--:--,1,-15.72,15:44:22,20:44:22,7/9/26,--.--,--.--,--.--,--.--,--.--,--.--,--.--,--.--,--.--,--.--,--.--,--.--,0,--.--,--.--,--.--,--.--,--.--,--.--,--.--,--.--,--.--,--.--,--.--,--.--,--.--,--.--,--.--,--.--,0,0.000,0.000,0.000,0.000,0.000,0.000,0.000,0.000,0.000,0.000,0.000,0.000,true,true,true,true,true,true,false,false,true,true,false,false,0.04,0.00,0.01,0.04,--.--,--.--,0.15,0.17,9223372036854775808,0,--.--,--.--,--.--,--.--,--.--,0,0,0,0,37.4122948,-121.9985275,10SEG 88624 41081,0.7,1.1,287.6,3,10,--.--,--.--,,--.--,--.--,--.--,0,0,--.--,--.--,0,0.0,-0.0,-16.9,-0.0,-0.0,-1.5,-0.0,-0.0,-17.0,-0.0,0.0,-1.5,--.--,--.--,--.--,--.--,1.4,1.4,116.5,-0.6,-1.9,0.4,288.15,--.--,--.--,0,0,0.0,0.0,0.0,0,0,0,--.--,--.--,--.--
2026-07-09 15:44:23.551,0.9,3.3,116,0.5,1.6,0.1,0.1,1.9,0.000,1.0,17.0,54.7,53.7,17.859,0.000,0.000,0.000,0.0,00:00:17,0.0,0.4,1,--.--,0,--.--,--.--,0000:32:26,81,0,0,1,1,15.72,-1.00,-15,--.--,75,--.--,--:--:--,1,-15.72,15:44:23,20:44:23,7/9/26,--.--,--.--,--.--,--.--,--.--,--.--,--.--,--.--,--.--,--.--,--.--,--.--,0,--.--,--.--,--.--,--.--,--.--,--.--,--.--,--.--,--.--,--.--,--.--,--.--,--.--,--.--,--.--,--.--,0,0.000,0.000,0.000,0.000,0.000,0.000,0.000,0.000,0.000,0.000,0.000,0.000,true,true,true,true,true,true,false,false,true,true,false,false,0.04,0.00,0.01,0.04,--.--,--.--,0.15,0.17,9223372036854775808,0,--.--,--.--,--.--,--.--,--.--,0,0,0,0,37.4122948,-121.9985277,10SEG 88624 41081,0.7,1.1,110.1,3,10,--.--,--.--,,--.--,--.--,--.--,0,0,--.--,--.--,0,0.0,-0.0,-18.0,-0.0,0.0,-1.0,-0.0,-0.0,-18.1,-0.0,-0.0,-1.0,--.--,--.--,--.--,--.--,1.1,3.2,116.8,1.0,-0.5,0.1,288.15,--.--,--.--,0,0,0.0,0.0,0.0,0,0,0,--.--,--.--,--.--
2026-07-09 15:44:24.552,1.5,1.6,116,-1.2,0.4,0.5,0.0,1.1,0.000,0.6,18.1,55.8,54.8,18.658,0.000,0.000,0.000,0.0,00:00:18,0.0,0.9,1,--.--,0,--.--,--.--,0000:32:26,82,0,0,1,1,15.66,-1.00,-15,--.--,72,--.--,--:--:--,1,-15.66,15:44:24,20:44:24,7/9/26,--.--,--.--,--.--,--.--,--.--,--.--,--.--,--.--,--.--,--.--,--.--,--.--,0,--.--,--.--,--.--,--.--,--.--,--.--,--.--,--.--,--.--,--.--,--.--,--.--,--.--,--.--,--.--,--.--,0,0.000,0.000,0.000,0.000,0.000,0.000,0.000,0.000,0.000,0.000,0.000,0.000,true,true,true,true,true,true,false,false,true,true,false,false,0.02,0.00,0.00,0.03,--.--,--.--,0.15,0.17,9223372036854775808,0,--.--,--.--,--.--,--.--,--.--,0,0,0,0,37.4122951,-121.9985276,10SEG 88624 41081,0.7,1.1,232.0,3,10,--.--,--.--,,--.--,--.--,--.--,0,0,--.--,--.--,0,0.0,-0.0,-18.8,-0.0,-0.0,-0.6,-0.0,-0.0,-18.8,-0.0,0.0,-0.6,--.--,--.--,--.--,--.--,1.2,2.1,117.0,-1.1,1.8,0.2,288.15,--.--,--.--,0,0,0.0,0.0,0.0,0,0,0,--.--,--.--,--.--
2026-07-09 15:44:25.551,1.3,2.9,117,-0.1,-1.5,0.3,0.0,1.2,0.000,0.4,18.8,56.6,55.6,19.163,0.000,0.000,0.000,0.0,00:00:19,0.0,0.5,1,--.--,0,--.--,--.--,0000:32:26,82,0,0,1,1,15.66,-1.00,-15,--.--,72,--.--,--:--:--,1,-15.66,15:44:25,20:44:25,7/9/26,--.--,--.--,--.--,--.--,--.--,--.--,--.--,--.--,--.--,--.--,--.--,--.--,0,--.--,--.--,--.--,--.--,--.--,--.--,--.--,--.--,--.--,--.--,--.--,--.--,--.--,--.--,--.--,--.--,0,0.000,0.000,0.000,0.000,0.000,0.000,0.000,0.000,0.000,0.000,0.000,0.000,true,true,true,true,true,true,false,false,true,true,false,false,0.02,0.00,0.00,0.03,--.--,--.--,0.15,0.17,9223372036854775808,0,--.--,--.--,--.--,--.--,--.--,0,0,0,0,37.4122949,-121.9985275,10SEG 88624 41081,0.7,1.1,146.4,3,10,--.--,--.--,,--.--,--.--,--.--,0,0,--.--,--.--,0,0.0,-0.0,-19.3,-0.0,-0.0,-0.3,-0.0,-0.0,-19.2,-0.0,-0.0,-0.3,--.--,--.--,--.--,--.--,1.2,2.5,117.3,-0.4,-1.7,0.3,288.15,--.--,--.--,0,0,0.0,0.0,0.0,0,0,0,--.--,--.--,--.--
2026-07-09 15:44:26.551,1.2,2.2,117,1.0,0.1,0.1,0.0,1.7,0.000,0.2,19.2,57.0,55.6,19.467,0.000,0.000,0.000,0.0,00:00:20,0.0,4.7,1,--.--,0,--.--,--.--,0000:32:26,83,0,0,1,1,15.60,-1.00,-16,--.--,68,--.--,--:--:--,1,-15.60,15:44:26,20:44:26,7/9/26,--.--,--.--,--.--,--.--,--.--,--.--,--.--,--.--,--.--,--.--,--.--,--.--,0,--.--,--.--,--.--,--.--,--.--,--.--,--.--,--.--,--.--,--.--,--.--,--.--,--.--,--.--,--.--,--.--,0,0.000,0.000,0.000,0.000,0.000,0.000,0.000,0.000,0.000,0.000,0.000,0.000,true,true,true,true,true,true,false,false,true,true,false,false,0.01,0.01,0.00,0.01,--.--,--.--,0.15,0.17,9223372036854775808,0,--.--,--.--,--.--,--.--,--.--,0,0,0,0,37.4122950,-121.9985281,10SEG 88624 41081,0.7,1.1,321.9,3,10,--.--,--.--,,--.--,--.--,--.--,0,0,--.--,--.--,0,0.0,-0.0,-19.5,-0.0,0.0,-0.2,-0.0,-0.0,-19.5,-0.0,0.0,-0.2,--.--,--.--,--.--,--.--,1.4,2.2,117.5,1.0,0.1,0.4,288.15,--.--,--.--,0,0,0.0,0.0,0.0,0,0,0,--.--,--.--,--.--
2026-07-09 15:44:27.551,1.2,2.4,117,-2.2,0.8,0.4,0.0,1.5,0.000,0.1,19.5,57.3,56.3,19.639,0.000,0.000,0.000,0.0,00:00:21,0.0,0.6,1,--.--,0,--.--,--.--,0000:32:26,83,0,0,1,1,15.60,-1.00,-16,--.--,68,--.--,--:--:--,1,-15.60,15:44:27,20:44:27,7/9/26,--.--,--.--,--.--,--.--,--.--,--.--,--.--,--.--,--.--,--.--,--.--,--.--,0,--.--,--.--,--.--,--.--,--.--,--.--,--.--,--.--,--.--,--.--,--.--,--.--,--.--,--.--,--.--,--.--,0,0.000,0.000,0.000,0.000,0.000,0.000,0.000,0.000,0.000,0.000,0.000,0.000,true,true,true,true,true,true,false,false,true,true,false,false,0.01,0.01,0.00,0.01,--.--,--.--,0.15,0.17,9223372036854775808,0,--.--,--.--,--.--,--.--,--.--,0,0,0,0,37.4122945,-121.9985275,10SEG 88624 41081,0.7,1.1,172.4,3,10,--.--,--.--,,--.--,--.--,--.--,0,0,--.--,--.--,0,0.0,-0.0,-19.7,-0.0,0.0,-0.1,-0.0,-0.0,-19.6,-0.0,0.0,-0.1,--.--,--.--,--.--,--.--,0.8,2.6,117.9,-2.2,0.8,-0.0,288.15,--.--,--.--,0,0,0.0,0.0,0.0,0,0,0,--.--,--.--,--.--
2026-07-09 15:44:28.551,1.3,2.4,118,1.8,-1.7,0.2,0.0,-1.0,0.000,0.0,19.6,57.4,56.3,19.742,0.000,0.000,0.000,0.0,00:00:22,0.0,1.3,1,--.--,0,--.--,--.--,0000:32:26,83,0,0,1,1,15.54,-1.00,-16,--.--,65,--.--,--:--:--,1,-15.54,15:44:28,20:44:28,7/9/26,--.--,--.--,--.--,--.--,--.--,--.--,--.--,--.--,--.--,--.--,--.--,--.--,0,--.--,--.--,--.--,--.--,--.--,--.--,--.--,--.--,--.--,--.--,--.--,--.--,--.--,--.--,--.--,--.--,0,0.000,0.000,0.000,0.000,0.000,0.000,0.000,0.000,0.000,0.000,0.000,0.000,true,true,true,true,true,true,false,false,true,true,false,false,0.02,0.00,0.00,0.02,--.--,--.--,0.15,0.17,9223372036854775808,0,--.--,--.--,--.--,--.--,--.--,0,0,0,0,37.4122945,-121.9985275,10SEG 88624 41081,0.7,1.1,303.0,3,10,--.--,--.--,,--.--,--.--,--.--,0,0,--.--,--.--,0,-0.0,-0.0,-19.8,0.0,-0.0,-0.0,-0.0,-0.0,-19.7,0.0,0.0,-0.0,--.--,--.--,--.--,--.--,1.6,2.0,118.1,1.1,-1.6,0.6,288.15,--.--,--.--,0,0,0.0,0.0,0.0,0,0,0,--.--,--.--,--.--
2026-07-09 15:44:29.551,1.2,2.6,118,0.1,1.8,0.3,0.0,-0.5,0.000,0.0,19.7,57.5,56.3,19.795,0.000,0.000,0.000,0.0,00:00:23,0.0,1.7,1,--.--,0,--.--,--.--,0000:32:26,83,0,0,1,1,15.54,-1.00,-16,--.--,65,--.--,--:--:--,1,-15.54,15:44:29,20:44:29,7/9/26,--.--,--.--,--.--,--.--,--.--,--.--,--.--,--.--,--.--,--.--,--.--,--.--,0,--.--,--.--,--.--,--.--,--.--,--.--,--.--,--.--,--.--,--.--,--.--,--.--,--.--,--.--,--.--,--.--,0,0.000,0.000,0.000,0.000,0.000,0.000,0.000,0.000,0.000,0.000,0.000,0.000,true,true,true,true,true,true,false,false,true,true,false,false,0.02,0.00,0.00,0.02,--.--,--.--,0.15,0.17,9223372036854775808,0,--.--,--.--,--.--,--.--,--.--,0,0,0,0,37.4122947,-121.9985275,10SEG 88624 41081,0.7,1.1,86.3,3,10,--.--,--.--,,--.--,--.--,--.--,0,0,--.--,--.--,0,-0.0,-0.0,-19.8,-0.0,0.0,-0.0,-0.0,-0.0,-19.8,0.0,-0.0,-0.0,--.--,--.--,--.--,--.--,1.3,2.9,118.4,0.5,1.1,0.3,288.15,--.--,--.--,0,0,0.0,0.0,0.0,0,0,0,--.--,--.--,--.--
2026-07-09 15:44:30.551,1.3,2.2,118,-1.7,-1.6,0.5,0.0,0.9,0.000,-0.0,19.8,57.6,56.3,19.841,0.000,0.000,0.000,0.0,00:00:24,0.0,0.8,1,--.--,0,--.--,--.--,0000:32:26,83,0,0,1,1,15.48,-1.00,-17,--.--,62,--.--,--:--:--,1,-15.48,15:44:30,20:44:30,7/9/26,--.--,--.--,--.--,--.--,--.--,--.--,--.--,--.--,--.--,--.--,--.--,--.--,0,--.--,--.--,--.--,--.--,--.--,--.--,--.--,--.--,--.--,--.--,--.--,--.--,--.--,--.--,--.--,--.--,0,0.000,0.000,0.000,0.000,0.000,0.000,0.000,0.000,0.000,0.000,0.000,0.000,true,true,true,true,true,true,false,false,true,true,false,false,0.02,0.00,0.01,0.02,--.--,--.--,0.15,0.17,9223372036854775808,0,--.--,--.--,--.--,--.--,--.--,0,0,0,0,37.4122946,-121.9985277,10SEG 88624 41081,0.7,1.1,224.0,3,10,--.--,--.--,,--.--,--.--,--.--,0,0,--.--,--.--,0,-0.0,-0.0,-19.9,-0.0,-0.0,0.0,-0.0,-0.0,-19.8,0.0,-0.0,0.0,--.--,--.--,--.--,--.--,1.0,2.0,118.8,-1.6,-0.9,0.0,288.15,--.--,--.--,0,0,0.0,0.0,0.0,0,0,0,--.--,--.--,--.--
2026-07-09 15:44:31.551,1.2,2.5,119,1.3,0.5,0.1,0.0,0.5,0.000,-0.0,19.8,57.6,56.3,19.852,0.000,0.000,0.000,0.0,00:00:25,0.0,2.2,1,--.--,0,--.--,--.--,0000:32:26,84,0,0,1,1,15.48,-1.00,-17,--.--,62,--.--,--:--:--,1,-15.48,15:44:31,20:44:31,7/9/26,--.--,--.--,--.--,--.--,--.--,--.--,--.--,--.--,--.--,--.--,--.--,--.--,0,--.--,--.--,--.--,--.--,--.--,--.--,--.--,--.--,--.--,--.--,--.--,--.--,--.--,--.--,--.--,--.--,0,0.000,0.000,0.000,0.000,0.000,0.000,0.000,0.000,0.000,0.000,0.000,0.000,true,true,true,true,true,true,false,false,true,true,false,false,0.02,0.00,0.01,0.02,--.--,--.--,0.15,0.17,9223372036854775808,0,--.--,--.--,--.--,--.--,--.--,0,0,0,0,37.4122945,-121.9985278,10SEG 88624 41081,0.7,1.1,17.9,3,10,--.--,--.--,,--.--,--.--,--.--,0,0,--.--,--.--,0,-0.0,-0.0,-19.9,0.0,0.0,0.0,-0.0,-0.0,-19.8,0.0,0.0,0.0,--.--,--.--,--.--,--.--,1.4,2.5,119.1,1.0,-0.0,0.3,288.15,--.--,--.--,0,0,0.0,0.0,0.0,0,0,0,--.--,--.--,--.--
2026-07-09 15:44:32.553,1.4,2.3,119,-0.1,0.3,0.4,0.0,-1.4,0.000,-0.0,19.8,57.6,56.3,19.871,0.000,0.000,0.000,0.0,00:00:26,0.0,1.2,1,--.--,0,--.--,--.--,0000:32:26,83,0,0,1,1,15.42,-1.00,-17,--.--,58,--.--,--:--:--,1,-15.42,15:44:32,20:44:32,7/9/26,--.--,--.--,--.--,--.--,--.--,--.--,--.--,--.--,--.--,--.--,--.--,--.--,0,--.--,--.--,--.--,--.--,--.--,--.--,--.--,--.--,--.--,--.--,--.--,--.--,--.--,--.--,--.--,--.--,0,0.000,0.000,0.000,0.000,0.000,0.000,0.000,0.000,0.000,0.000,0.000,0.000,true,true,true,true,true,true,false,false,true,true,false,false,0.01,0.00,0.00,0.03,--.--,--.--,0.15,0.17,9223372036854775808,0,--.--,--.--,--.--,--.--,--.--,0,0,0,0,37.4122948,-121.9985275,10SEG 88624 41081,0.7,1.1,18.3,3,10,--.--,--.--,,--.--,--.--,--.--,0,0,--.--,--.--,0,0.0,-0.0,-19.9,-0.0,0.0,0.0,-0.0,-0.0,-19.9,-0.0,-0.0,0.0,--.--,--.--,--.--,--.--,1.4,2.4,119.3,0.2,0.4,0.4,288.15,--.--,--.--,0,0,0.0,0.0,0.0,0,0,0,--.--,--.--,--.--
2026-07-09 15:44:33.551,1.4,2.1,119,-0.4,-0.7,0.5,0.0,-1.4,0.000,-0.0,19.9,57.6,56.3,19.894,0.000,0.000,0.000,0.0,00:00:27,0.0,0.4,1,--.--,0,--.--,--.--,0000:32:26,83,0,0,1,1,15.42,-1.00,-17,--.--,58,--.--,--:--:--,1,-15.42,15:44:33,20:44:33,7/9/26,--.--,--.--,--.--,--.--,--.--,--.--,--.--,--.--,--.--,--.--,--.--,--.--,0,--.--,--.--,--.--,--.--,--.--,--.--,--.--,--.--,--.--,--.--,--.--,--.--,--.--,--.--,--.--,--.--,0,0.000,0.000,0.000,0.000,0.000,0.000,0.000,0.000,0.000,0.000,0.000,0.000,true,true,true,true,true,true,false,false,true,true,false,false,0.01,0.00,0.00,0.03,--.--,--.--,0.15,0.17,9223372036854775808,0,--.--,--.--,--.--,--.--,--.--,0,0,0,0,37.4122945,-121.9985277,10SEG 88624 41081,0.7,1.1,25.8,3,10,--.--,--.--,,--.--,--.--,--.--,0,0,--.--,--.--,0,0.0,-0.0,-19.9,-0.0,-0.0,0.0,-0.0,-0.0,-19.9,-0.0,0.0,0.0,--.--,--.--,--.--,--.--,1.4,2.1,119.8,-0.3,-0.1,0.4,288.15,--.--,--.--,0,0,0.0,0.0,0.0,0,0,0,--.--,--.--,--.--
2026-07-09 15:44:34.551,1.3,2.8,120,0.1,-0.2,0.3,0.0,-0.8,0.000,-0.1,19.9,57.6,56.3,19.907,0.000,0.000,0.000,0.0,00:00:28,0.0,0.9,1,--.--,0,--.--,--.--,0000:32:26,83,0,0,1,1,15.36,-1.00,-18,--.--,55,--.--,--:--:--,1,-15.36,15:44:34,20:44:34,7/9/26,--.--,--.--,--.--,--.--,--.--,--.--,--.--,--.--,--.--,--.--,--.--,--.--,0,--.--,--.--,--.--,--.--,--.--,--.--,--.--,--.--,--.--,--.--,--.--,--.--,--.--,--.--,--.--,--.--,0,0.000,0.000,0.000,0.000,0.000,0.000,0.000,0.000,0.000,0.000,0.000,0.000,true,true,true,true,true,true,false,false,true,true,false,false,0.02,0.01,0.01,0.02,--.--,--.--,0.15,0.17,9223372036854775808,0,--.--,--.--,--.--,--.--,--.--,0,0,0,0,37.4122945,-121.9985280,10SEG 88624 41081,0.7,1.1,199.4,3,10,--.--,--.--,,--.--,--.--,--.--,0,0,--.--,--.--,0,0.0,-0.0,-19.9,-0.0,-0.0,0.1,-0.0,-0.0,-19.9,-0.0,-0.0,0.1,--.--,--.--,--.--,--.--,1.3,2.6,120.3,-0.2,-0.9,0.3,288.15,--.--,--.--,0,0,0.0,0.0,0.0,0,0,0,--.--,--.--,--.--
2026-07-09 15:44:35.551,1.0,2.2,120,0.1,1.0,0.1,0.0,-0.8,0.000,-0.1,19.9,57.7,56.3,19.906,0.000,0.000,0.000,0.0,00:00:29,0.0,5.7,1,--.--,0,--.--,--.--,0000:32:26,84,0,0,1,1,15.36,-1.00,-18,--.--,55,--.--,--:--:--,1,-15.36,15:44:35,20:44:35,7/9/26,--.--,--.--,--.--,--.--,--.--,--.--,--.--,--.--,--.--,--.--,--.--,--.--,0,--.--,--.--,--.--,--.--,--.--,--.--,--.--,--.--,--.--,--.--,--.--,--.--,--.--,--.--,--.--,--.--,0,0.000,0.000,0.000,0.000,0.000,0.000,0.000,0.000,0.000,0.000,0.000,0.000,true,true,true,true,true,true,false,false,true,true,false,false,0.02,0.01,0.01,0.02,--.--,--.--,0.15,0.17,9223372036854775808,0,--.--,--.--,--.--,--.--,--.--,0,0,0,0,37.4122947,-121.9985276,10SEG 88624 41081,0.7,1.1,289.6,3,10,--.--,--.--,,--.--,--.--,--.--,0,0,--.--,--.--,0,-0.0,-0.0,-19.9,-0.0,0.0,0.1,-0.0,-0.0,-19.9,0.0,0.0,0.1,--.--,--.--,--.--,--.--,1.0,2.5,120.5,0.3,1.1,0.0,288.15,--.--,--.--,0,0,0.0,0.0,0.0,0,0,0,--.--,--.--,--.--
2026-07-09 15:44:36.551,1.8,2.2,120,0.3,-1.2,0.5,0.0,-1.7,0.000,-0.1,19.9,57.7,56.3,19.901,0.000,0.000,0.000,0.0,00:00:30,0.0,2.1,1,--.--,0,--.--,--.--,0000:32:26,84,0,0,1,1,15.30,-1.00,-18,--.--,52,--.--,--:--:--,1,-15.30,15:44:36,20:44:36,7/9/26,--.--,--.--,--.--,--.--,--.--,--.--,--.--,--.--,--.--,--.--,--.--,--.--,0,--.--,--.--,--.--,--.--,--.--,--.--,--.--,--.--,--.--,--.--,--.--,--.--,--.--,--.--,--.--,--.--,0,0.000,0.000,0.000,0.000,0.000,0.000,0.000,0.000,0.000,0.000,0.000,0.000,true,true,true,true,true,true,false,false,true,true,false,false,0.02,0.00,0.01,0.03,--.--,--.--,0.15,0.17,9223372036854775808,0,--.--,--.--,--.--,--.--,--.--,0,0,0,0,37.4122949,-121.9985275,10SEG 88624 41081,0.7,1.1,310.9,3,10,--.--,--.--,,--.--,--.--,--.--,0,0,--.--,--.--,0,0.0,-0.0,-19.9,-0.0,-0.0,0.0,-0.0,-0.0,-19.9,-0.0,0.0,0.0,--.--,--.--,--.--,--.--,1.8,2.0,120.7,-0.3,-0.7,0.8,288.15,--.--,--.--,0,0,0.0,0.0,0.0,0,0,0,--.--,--.--,--.--
2026-07-09 15:44:37.551,1.0,3.1,121,0.6,1.0,0.3,0.0,-1.0,0.000,-0.0,19.9,57.7,56.3,19.899,0.000,0.000,0.000,0.0,00:00:31,0.0,0.9,1,--.--,0,--.--,--.--,0000:32:26,84,0,0,1,1,15.30,-1.00,-18,--.--,52,--.--,--:--:--,1,-15.30,15:44:37,20:44:37,7/9/26,--.--,--.--,--.--,--.--,--.--,--.--,--.--,--.--,--.--,--.--,--.--,--.--,0,--.--,--.--,--.--,--.--,--.--,--.--,--.--,--.--,--.--,--.--,--.--,--.--,--.--,--.--,--.--,--.--,0,0.000,0.000,0.000,0.000,0.000,0.000,0.000,0.000,0.000,0.000,0.000,0.000,true,true,true,true,true,true,false,false,true,true,false,false,0.02,0.00,0.01,0.03,--.--,--.--,0.15,0.17,9223372036854775808,0,--.--,--.--,--.--,--.--,--.--,0,0,0,0,37.4122947,-121.9985273,10SEG 88624 41081,0.7,1.1,166.5,3,10,--.--,--.--,,--.--,--.--,--.--,0,0,--.--,--.--,0,-0.0,-0.0,-19.9,-0.0,0.0,0.0,-0.0,-0.0,-19.9,0.0,-0.0,0.0,--.--,--.--,--.--,--.--,1.2,3.1,121.3,0.9,-0.1,0.2,288.15,--.--,--.--,0,0,0.0,0.0,0.0,0,0,0,--.--,--.--,--.--
2026-07-09 15:44:38.551,1.3,1.9,121,-1.2,0.3,0.3,0.0,-1.3,0.000,-0.1,19.9,57.7,56.3,19.912,0.000,0.000,0.000,0.0,00:00:32,0.0,1.4,1,--.--,0,--.--,--.--,0000:32:26,83,0,0,1,1,15.30,-1.00,-19,--.--,50,--.--,--:--:--,1,-15.30,15:44:38,20:44:38,7/9/26,--.--,--.--,--.--,--.--,--.--,--.--,--.--,--.--,--.--,--.--,--.--,--.--,0,--.--,--.--,--.--,--.--,--.--,--.--,--.--,--.--,--.--,--.--,--.--,--.--,--.--,--.--,--.--,--.--,0,0.000,0.000,0.000,0.000,0.000,0.000,0.000,0.000,0.000,0.000,0.000,0.000,true,true,true,true,true,true,false,false,true,true,false,false,0.02,0.00,0.01,0.02,--.--,--.--,0.15,0.17,9223372036854775808,0,--.--,--.--,--.--,--.--,--.--,0,0,0,0,37.4122942,-121.9985275,10SEG 88624 41081,0.7,1.1,198.9,3,10,--.--,--.--,,--.--,--.--,--.--,0,0,--.--,--.--,0,-0.0,-0.0,-19.9,-0.0,-0.0,0.1,-0.0,-0.0,-19.9,0.0,0.0,0.1,--.--,--.--,--.--,--.--,1.0,2.3,121.4,-1.3,1.6,0.0,288.15,--.--,--.--,0,0,0.0,0.0,0.0,0,0,0,--.--,--.--,--.--
2026-07-09 15:44:39.551,1.4,2.8,121,0.6,-2.5,0.2,0.0,-1.1,0.000,-0.1,19.9,57.7,56.3,19.913,0.000,0.000,0.000,0.0,00:00:33,0.1,1.5,1,--.--,0,--.--,--.--,0000:32:26,84,0,0,1,1,15.30,-1.00,-19,--.--,50,--.--,--:--:--,1,-15.30,15:44:39,20:44:39,7/9/26,--.--,--.--,--.--,--.--,--.--,--.--,--.--,--.--,--.--,--.--,--.--,--.--,0,--.--,--.--,--.--,--.--,--.--,--.--,--.--,--.--,--.--,--.--,--.--,--.--,--.--,--.--,--.--,--.--,0,0.000,0.000,0.000,0.000,0.000,0.000,0.000,0.000,0.000,0.000,0.000,0.000,true,true,true,true,true,true,false,false,true,true,false,false,0.02,0.00,0.01,0.02,--.--,--.--,0.15,0.17,9223372036854775808,0,--.--,--.--,--.--,--.--,--.--,0,0,0,0,37.4122942,-121.9985277,10SEG 88624 41081,0.7,1.1,315.5,3,10,--.--,--.--,,--.--,--.--,--.--,0,0,--.--,--.--,0,-0.0,-0.0,-19.9,0.0,-0.0,0.1,-0.0,-0.0,-19.9,0.0,-0.0,0.1,--.--,--.--,--.--,--.--,1.5,2.1,121.7,0.2,-2.9,0.5,288.15,--.--,--.--,0,0,0.0,0.0,0.0,0,0,0,--.--,--.--,--.--
2026-07-09 15:44:40.551,1.1,2.4,121,0.4,2.8,0.2,0.0,-1.3,0.000,-0.1,19.9,57.7,56.3,19.921,0.000,0.000,0.000,0.0,00:00:34,0.1,1.8,1,--.--,0,--.--,--.--,0000:32:26,84,0,0,1,1,15.30,-1.00,-20,--.--,50,--.--,--:--:--,1,-15.30,15:44:40,20:44:40,7/9/26,--.--,--.--,--.--,--.--,--.--,--.--,--.--,--.--,--.--,--.--,--.--,--.--,0,--.--,--.--,--.--,--.--,--.--,--.--,--.--,--.--,--.--,--.--,--.--,--.--,--.--,--.--,--.--,--.--,0,0.000,0.000,0.000,0.000,0.000,0.000,0.000,0.000,0.000,0.000,0.000,0.000,true,true,true,true,true,true,false,false,true,true,false,false,0.02,0.00,0.01,0.02,--.--,--.--,0.15,0.17,9223372036854775808,0,--.--,--.--,--.--,--.--,--.--,0,0,0,0,37.4122945,-121.9985281,10SEG 88624 41081,0.7,1.1,116.3,3,10,--.--,--.--,,--.--,--.--,--.--,0,0,--.--,--.--,0,-0.0,-0.1,-20.0,0.0,0.0,0.1,-0.0,-0.0,-19.9,0.0,0.0,0.1,--.--,--.--,--.--,--.--,1.2,2.9,122.0,0.8,1.9,0.2,288.15,--.--,--.--,0,0,0.0,0.0,0.0,0,0,0,--.--,--.--,--.--
2026-07-09 15:44:41.551,1.1,2.3,122,-1.2,-1.7,0.3,0.0,1.4,0.000,-0.1,19.9,57.7,56.3,19.927,0.000,0.000,0.000,0.0,00:00:35,0.1,2.4,1,--.--,0,--.--,--.--,0000:32:26,83,0,0,1,1,15.30,-1.00,-20,--.--,50,--.--,--:--:--,1,-15.30,15:44:41,20:44:41,7/9/26,--.--,--.--,--.--,--.--,--.--,--.--,--.--,--.--,--.--,--.--,--.--,--.--,0,--.--,--.--,--.--,--.--,--.--,--.--,--.--,--.--,--.--,--.--,--.--,--.--,--.--,--.--,--.--,--.--,0,0.000,0.000,0.000,0.000,0.000,0.000,0.000,0.000,0.000,0.000,0.000,0.000,true,true,true,true,true,true,false,false,true,true,false,false,0.02,0.00,0.01,0.02,--.--,--.--,0.15,0.17,9223372036854775808,0,--.--,--.--,--.--,--.--,--.--,0,0,0,0,37.4122943,-121.9985277,10SEG 88624 41081,0.7,1.1,258.6,3,10,--.--,--.--,,--.--,--.--,--.--,0,0,--.--,--.--,0,-0.0,-0.1,-20.0,0.0,-0.0,0.1,-0.0,-0.0,-19.9,0.0,0.0,0.1,--.--,--.--,--.--,--.--,1.0,2.0,122.2,-0.9,-1.0,0.0,288.15,--.--,--.--,0,0,0.0,0.0,0.0,0,0,0,--.--,--.--,--.--
2026-07-09 15:44:42.551,1.4,2.7,122,1.2,0.5,0.2,0.1,0.9,0.000,-0.1,19.9,57.7,56.3,19.920,0.000,0.000,0.000,0.0,00:00:36,0.1,1.5,1,--.--,0,--.--,--.--,0000:32:26,83,0,0,1,1,15.30,-1.00,-20,--.--,50,--.--,--:--:--,1,-15.30,15:44:42,20:44:42,7/9/26,--.--,--.--,--.--,--.--,--.--,--.--,--.--,--.--,--.--,--.--,--.--,--.--,0,--.--,--.--,--.--,--.--,--.--,--.--,--.--,--.--,--.--,--.--,--.--,--.--,--.--,--.--,--.--,--.--,0,0.000,0.000,0.000,0.000,0.000,0.000,0.000,0.000,0.000,0.000,0.000,0.000,true,true,true,true,true,true,false,false,true,true,false,false,0.02,0.00,0.01,0.01,--.--,--.--,0.15,0.17,9223372036854775808,0,--.--,--.--,--.--,--.--,--.--,0,0,0,0,37.4122944,-121.9985282,10SEG 88624 41081,0.7,1.1,16.9,3,10,--.--,--.--,,--.--,--.--,--.--,0,0,--.--,--.--,0,-0.0,-0.1,-20.0,0.0,0.0,0.1,-0.0,-0.0,-19.9,0.0,0.0,0.1,--.--,--.--,--.--,--.--,1.7,2.7,122.5,1.2,-0.3,0.7,288.15,--.--,--.--,0,0,0.0,0.0,0.0,0,0,0,--.--,--.--,--.--
2026-07-09 15:44:43.551,1.4,2.1,122,-1.0,0.9,0.6,0.0,1.0,0.000,-0.1,19.9,57.7,56.3,19.927,0.000,0.000,0.000,0.0,00:00:37,0.1,3.3,1,--.--,0,--.--,--.--,0000:32:26,83,0,0,1,1,15.30,-1.00,-20,--.--,50,--.--,--:--:--,1,-15.30,15:44:43,20:44:43,7/9/26,--.--,--.--,--.--,--.--,--.--,--.--,--.--,--.--,--.--,--.--,--.--,--.--,0,--.--,--.--,--.--,--.--,--.--,--.--,--.--,--.--,--.--,--.--,--.--,--.--,--.--,--.--,--.--,--.--,0,0.000,0.000,0.000,0.000,0.000,0.000,0.000,0.000,0.000,0.000,0.000,0.000,true,true,true,true,true,true,false,false,true,true,false,false,0.02,0.00,0.01,0.01,--.--,--.--,0.15,0.17,9223372036854775808,0,--.--,--.--,--.--,--.--,--.--,0,0,0,0,37.4122941,-121.9985284,10SEG 88624 41081,0.7,1.1,221.3,3,10,--.--,--.--,,--.--,--.--,--.--,0,0,--.--,--.--,0,-0.0,-0.1,-20.0,-0.0,0.0,0.1,-0.0,-0.0,-19.9,0.0,0.0,0.1,--.--,--.--,--.--,--.--,1.2,2.5,122.9,-0.9,1.5,0.2,288.15,--.--,--.--,0,0,0.0,0.0,0.0,0,0,0,--.--,--.--,--.--
2026-07-09 15:44:44.551,1.4,2.8,123,1.0,-1.1,0.3,0.0,-0.6,0.000,-0.1,19.9,57.7,56.3,19.918,0.000,0.000,0.000,0.0,00:00:38,0.1,1.9,1,--.--,0,--.--,--.--,0000:32:26,84,0,0,1,1,15.30,-1.00,-21,--.--,50,--.--,--:--:--,1,-15.30,15:44:44,20:44:44,7/9/26,--.--,--.--,--.--,--.--,--.--,--.--,--.--,--.--,--.--,--.--,--.--,--.--,0,--.--,--.--,--.--,--.--,--.--,--.--,--.--,--.--,--.--,--.--,--.--,--.--,--.--,--.--,--.--,--.--,0,0.000,0.000,0.000,0.000,0.000,0.000,0.000,0.000,0.000,0.000,0.000,0.000,true,true,true,true,true,true,false,false,true,true,false,false,0.02,0.01,0.01,0.03,--.--,--.--,0.15,0.17,9223372036854775808,0,--.--,--.--,--.--,--.--,--.--,0,0,0,0,37.4122943,-121.9985280,10SEG 88624 41081,0.7,1.1,77.4,3,10,--.--,--.--,,--.--,--.--,--.--,0,0,--.--,--.--,0,-0.0,-0.1,-19.9,0.0,0.0,0.1,-0.0,-0.0,-19.9,0.0,0.0,0.1,--.--,--.--,--.--,--.--,1.6,2.5,123.4,0.8,-1.2,0.5,288.15,--.--,--.--,0,0,0.0,0.0,0.0,0,0,0,--.--,--.--,--.--
2026-07-09 15:44:45.551,-7.0,-0.0,123,-3.0,1.7,-0.9,0.6,-0.4,0.000,0.3,19.9,57.7,56.3,19.973,0.000,0.000,0.000,0.0,00:00:39,0.2,0.2,1,--.--,0,--.--,--.--,0000:32:26,95,0,0,1,1,15.30,-1.00,-21,--.--,50,--.--,--:--:--,1,-15.30,15:44:45,20:44:45,7/9/26,--.--,--.--,--.--,--.--,--.--,--.--,--.--,--.--,--.--,--.--,--.--,--.--,0,--.--,--.--,--.--,--.--,--.--,--.--,--.--,--.--,--.--,--.--,--.--,--.--,--.--,--.--,--.--,--.--,0,0.000,0.000,0.000,0.000,0.000,0.000,0.000,0.000,0.000,0.000,0.000,0.000,true,true,true,true,true,true,false,false,true,true,false,false,0.02,0.01,0.01,0.03,--.--,--.--,0.15,0.17,9223372036854775808,0,--.--,--.--,--.--,--.--,--.--,0,0,0,0,37.4122947,-121.9985267,10SEG 88624 41081,0.7,1.1,78.9,3,10,--.--,--.--,,--.--,--.--,--.--,0,0,--.--,--.--,0,-0.1,0.2,-20.1,-0.0,1.0,-0.4,-0.2,0.5,-19.9,-0.7,2.0,0.2,--.--,--.--,--.--,--.--,-5.2,0.0,123.5,9.1,0.6,-4.6,288.15,--.--,--.--,0,0,0.0,0.0,0.0,0,0,0,--.--,--.--,--.--
2026-07-09 15:44:46.551,10.8,-0.0,111,12.4,-0.1,1.2,2.9,2.6,0.000,0.1,20.0,57.8,56.8,20.305,0.000,0.000,0.000,2.0,00:00:40,2.5,0.7,1,--.--,0,266,--.--,0000:32:26,95,0,0,1,1,15.30,-1.00,-21,--.--,50,--.--,--:--:--,1,-15.30,15:44:46,20:44:46,7/9/26,--.--,--.--,--.--,--.--,--.--,--.--,--.--,--.--,--.--,--.--,--.--,--.--,0,--.--,--.--,--.--,--.--,--.--,--.--,--.--,--.--,--.--,--.--,--.--,--.--,--.--,--.--,--.--,--.--,0,0.000,0.000,0.000,0.000,0.000,0.000,0.000,0.000,0.000,0.000,0.000,0.000,true,true,true,true,true,true,false,false,true,true,false,false,0.08,0.00,0.00,0.29,--.--,--.--,0.15,0.17,9223372036854775808,0,--.--,--.--,--.--,--.--,--.--,0,0,0,0,37.4122976,-121.9985060,10SEG 88626 41082,0.7,1.1,88.6,3,10,--.--,--.--,,--.--,--.--,--.--,0,0,--.--,--.--,0,0.2,2.5,-20.3,-0.5,3.1,-0.0,-0.9,3.0,-19.9,-1.9,4.6,0.5,--.--,--.--,--.--,--.--,12.7,-0.0,111.2,8.7,0.3,0.0,288.15,--.--,--.--,0,0,0.0,0.0,0.0,0,0,0,--.--,--.--,--.--
2026-07-09 15:44:47.551,4.2,-0.0,109,-22.7,0.3,1.8,4.9,4.7,0.000,-0.4,20.3,58.1,57.1,20.194,0.000,0.000,0.000,6.1,00:00:41,6.7,1.2,1,--.--,0,280,--.--,0000:32:26,90,0,0,1,1,15.30,-1.00,-21,--.--,50,--.--,--:--:--,1,-15.30,15:44:47,20:44:47,7/9/26,--.--,--.--,--.--,--.--,--.--,--.--,--.--,--.--,--.--,--.--,--.--,--.--,0,--.--,--.--,--.--,--.--,--.--,--.--,--.--,--.--,--.--,--.--,--.--,--.--,--.--,--.--,--.--,--.--,0,0.000,0.000,0.000,0.000,0.000,0.000,0.000,0.000,0.000,0.000,0.000,0.000,true,true,true,true,true,true,false,false,true,true,false,false,0.08,0.00,0.00,0.29,--.--,--.--,0.15,0.17,9223372036854775808,0,--.--,--.--,--.--,--.--,--.--,0,0,0,0,37.4122889,-121.9984650,10SEG 88630 41081,0.7,1.1,113.2,3,10,--.--,--.--,,--.--,--.--,--.--,0,0,--.--,--.--,0,-1.1,6.5,-20.2,-2.2,4.6,0.4,-1.8,6.7,-19.9,-1.9,5.0,0.3,--.--,--.--,--.--,--.--,0.4,-0.0,109.2,-18.6,0.0,0.0,288.15,--.--,--.--,0,0,0.0,0.0,0.0,0,0,0,--.--,--.--,--.--
2026-07-09 15:44:48.551,-1.3,0.1,108,10.2,-0.3,-0.7,5.6,5.4,0.000,-0.4,20.1,57.8,56.8,19.807,0.000,0.000,0.000,10.2,00:00:42,12.0,2.0,1,--.--,0,284,--.--,0000:32:26,85,0,0,1,1,15.30,-1.00,-22,--.--,50,--.--,--:--:--,1,-15.30,15:44:48,20:44:48,7/9/26,--.--,--.--,--.--,--.--,--.--,--.--,--.--,--.--,--.--,--.--,--.--,--.--,0,--.--,--.--,--.--,--.--,--.--,--.--,--.--,--.--,--.--,--.--,--.--,--.--,--.--,--.--,--.--,--.--,0,0.000,0.000,0.000,0.000,0.000,0.000,0.000,0.000,0.000,0.000,0.000,0.000,true,true,true,true,true,true,false,false,true,true,false,false,0.05,0.01,0.00,0.39,--.--,--.--,0.15,0.17,9223372036854775808,0,--.--,--.--,--.--,--.--,--.--,0,0,0,0,37.4122721,-121.9984105,10SEG 88635 41079,0.7,1.1,107.8,3,10,--.--,--.--,,--.--,--.--,--.--,0,0,--.--,--.--,0,-3.0,11.6,-19.8,-1.7,5.4,0.3,-3.1,11.3,-19.9,-1.4,4.6,-0.1,--.--,--.--,--.--,--.--,0.9,0.0,108.7,10.6,-0.2,0.0,288.15,--.--,--.--,0,0,0.0,0.0,0.0,0,0,0,--.--,--.--,--.--
2026-07-09 15:44:49.551,1.4,12.1,107,-4.8,-7.9,-1.9,5.2,5.1,0.000,-0.0,19.7,57.5,56.5,19.680,0.000,0.000,0.000,16.5,00:00:43,17.4,3.2,1,--.--,0,285,--.--,0000:32:26,84,0,0,1,1,15.30,-1.00,-22,--.--,50,--.--,--:--:--,1,-15.30,15:44:49,20:44:49,7/9/26,--.--,--.--,--.--,--.--,--.--,--.--,--.--,--.--,--.--,--.--,--.--,--.--,0,--.--,--.--,--.--,--.--,--.--,--.--,--.--,--.--,--.--,--.--,--.--,--.--,--.--,--.--,--.--,--.--,0,0.000,0.000,0.000,0.000,0.000,0.000,0.000,0.000,0.000,0.000,0.000,0.000,true,true,true,true,true,true,false,false,true,true,false,false,0.05,0.01,0.00,0.39,--.--,--.--,0.15,0.17,9223372036854775808,0,--.--,--.--,--.--,--.--,--.--,0,0,0,0,37.4122576,-121.9983508,10SEG 88640 41077,0.7,1.1,107.5,3,10,--.--,--.--,,--.--,--.--,--.--,0,0,--.--,--.--,0,-4.5,16.7,-19.7,-1.4,4.6,0.0,-4.4,16.1,-19.9,-1.3,4.3,-0.2,--.--,--.--,--.--,--.--,0.5,5.4,107.4,-3.6,-20.9,0.2,288.15,--.--,--.--,0,0,0.0,0.0,0.0,0,0,0,--.--,--.--,--.--
2026-07-09 15:44:50.551,0.8,-0.2,105,2.1,4.1,-0.6,4.5,4.6,0.000,0.1,19.7,57.4,56.4,19.691,0.000,0.000,0.000,20.5,00:00:44,21.7,4.6,1,--.--,0,285,--.--,0000:32:26,85,0,0,1,1,15.30,-1.00,-22,--.--,50,--.--,--:--:--,1,-15.30,15:44:50,20:44:50,7/9/26,--.--,--.--,--.--,--.--,--.--,--.--,--.--,--.--,--.--,--.--,--.--,--.--,0,--.--,--.--,--.--,--.--,--.--,--.--,--.--,--.--,--.--,--.--,--.--,--.--,--.--,--.--,--.--,--.--,0,0.000,0.000,0.000,0.000,0.000,0.000,0.000,0.000,0.000,0.000,0.000,0.000,true,true,true,true,true,true,false,false,true,true,false,false,0.10,0.01,0.00,--.--,--.--,--.--,0.15,0.17,9223372036854775808,0,--.--,--.--,--.--,--.--,--.--,0,0,0,0,37.4122455,-121.9983020,10SEG 88644 41076,0.7,1.1,106.1,3,10,--.--,--.--,,--.--,--.--,--.--,0,0,--.--,--.--,0,-5.7,20.9,-19.7,-1.2,4.5,-0.1,-5.7,20.9,-19.9,-1.3,4.9,-0.2,--.--,--.--,--.--,--.--,1.2,-0.0,105.7,2.0,0.5,0.0,288.15,--.--,--.--,0,0,0.0,0.0,0.0,0,0,0,--.--,--.--,--.--
2026-07-09 15:44:51.551,1.8,0.0,105,-1.6,0.1,0.1,5.0,4.7,0.000,0.1,19.7,57.5,56.5,19.765,0.000,0.000,0.000,26.6,00:00:45,26.6,5.1,1,--.--,0,285,--.--,0000:32:26,84,0,0,1,1,15.30,-1.00,-22,--.--,50,--.--,--:--:--,1,-15.30,15:44:51,20:44:51,7/9/26,--.--,--.--,--.--,--.--,--.--,--.--,--.--,--.--,--.--,--.--,--.--,--.--,0,--.--,--.--,--.--,--.--,--.--,--.--,--.--,--.--,--.--,--.--,--.--,--.--,--.--,--.--,--.--,--.--,0,0.000,0.000,0.000,0.000,0.000,0.000,0.000,0.000,0.000,0.000,0.000,0.000,true,true,true,true,true,true,false,false,true,true,false,false,0.10,0.01,0.00,--.--,--.--,--.--,0.15,0.17,9223372036854775808,0,--.--,--.--,--.--,--.--,--.--,0,0,0,0,37.4122341,-121.9982501,10SEG 88649 41075,0.7,1.1,105.7,3,10,--.--,--.--,,--.--,--.--,--.--,0,0,--.--,--.--,0,-7.0,25.6,-19.8,-1.3,4.9,-0.0,-7.0,25.7,-19.9,-1.3,4.9,-0.1,--.--,--.--,--.--,--.--,1.4,0.0,105.5,-1.6,-0.1,0.0,288.15,--.--,--.--,0,0,0.0,0.0,0.0,0,0,0,--.--,--.--,--.--
2026-07-09 15:44:52.551,1.7,0.9,105,0.2,9.5,-0.7,5.3,5.0,0.000,0.0,19.7,57.5,56.5,19.762,0.000,0.000,0.000,30.9,00:00:46,31.9,5.8,1,--.--,0,285,--.--,0000:32:26,84,0,0,1,1,15.30,-1.00,-23,--.--,50,--.--,--:--:--,1,-15.30,15:44:52,20:44:52,7/9/26,--.--,--.--,--.--,--.--,--.--,--.--,--.--,--.--,--.--,--.--,--.--,--.--,0,--.--,--.--,--.--,--.--,--.--,--.--,--.--,--.--,--.--,--.--,--.--,--.--,--.--,--.--,--.--,--.--,0,0.000,0.000,0.000,0.000,0.000,0.000,0.000,0.000,0.000,0.000,0.000,0.000,true,true,true,true,true,true,false,false,true,true,false,false,0.03,0.01,0.00,0.16,--.--,--.--,0.15,0.17,9223372036854775808,0,--.--,--.--,--.--,--.--,--.--,0,0,0,0,37.4122213,-121.9981912,10SEG 88654 41073,0.7,1.1,105.2,3,10,--.--,--.--,,--.--,--.--,--.--,0,0,--.--,--.--,0,-8.4,30.7,-19.8,-1.4,5.2,-0.0,-8.3,30.5,-19.9,-1.2,4.6,-0.1,--.--,--.--,--.--,--.--,1.7,5.7,105.3,-0.2,18.9,-0.2,288.15,--.--,--.--,0,0,0.0,0.0,0.0,0,0,0,--.--,--.--,--.--
2026-07-09 15:44:53.551,1.1,3.2,104,0.0,-21.7,-0.5,4.7,4.7,0.000,0.0,19.7,57.5,56.5,19.778,0.000,0.000,0.000,37.0,00:00:47,37.0,7.8,1,--.--,0,285,--.--,0000:32:26,83,0,0,1,1,15.30,-1.00,-23,--.--,50,--.--,--:--:--,1,-15.30,15:44:53,20:44:53,7/9/26,--.--,--.--,--.--,--.--,--.--,--.--,--.--,--.--,--.--,--.--,--.--,--.--,0,--.--,--.--,--.--,--.--,--.--,--.--,--.--,--.--,--.--,--.--,--.--,--.--,--.--,--.--,--.--,--.--,0,0.000,0.000,0.000,0.000,0.000,0.000,0.000,0.000,0.000,0.000,0.000,0.000,true,true,true,true,true,true,false,false,true,true,false,false,0.03,0.01,0.00,0.16,--.--,--.--,0.15,0.17,9223372036854775808,0,--.--,--.--,--.--,--.--,--.--,0,0,0,0,37.4122088,-121.9981360,10SEG 88659 41072,0.7,1.1,105.5,3,10,--.--,--.--,,--.--,--.--,--.--,0,0,--.--,--.--,0,-9.8,35.6,-19.8,-1.1,4.4,-0.0,-9.6,35.3,-19.9,-1.2,4.6,-0.1,--.--,--.--,--.--,--.--,1.2,0.0,104.4,0.1,-11.9,0.1,288.15,--.--,--.--,0,0,0.0,0.0,0.0,0,0,0,--.--,--.--,--.--
2026-07-09 15:44:54.551,1.8,0.2,103,0.2,-0.0,-0.0,4.8,4.9,0.000,0.1,19.8,57.5,56.5,19.781,0.000,0.000,0.000,41.1,00:00:48,41.7,8.5,1,--.--,0,285,--.--,0000:32:26,84,0,0,1,1,15.30,-1.00,-23,--.--,50,--.--,--:--:--,1,-15.30,15:44:54,20:44:54,7/9/26,--.--,--.--,--.--,--.--,--.--,--.--,--.--,--.--,--.--,--.--,--.--,--.--,0,--.--,--.--,--.--,--.--,--.--,--.--,--.--,--.--,--.--,--.--,--.--,--.--,--.--,--.--,--.--,--.--,0,0.000,0.000,0.000,0.000,0.000,0.000,0.000,0.000,0.000,0.000,0.000,0.000,true,true,true,true,true,true,false,false,true,true,false,false,0.02,0.00,0.00,0.21,--.--,--.--,0.15,0.17,9223372036854775808,0,--.--,--.--,--.--,--.--,--.--,0,0,0,0,37.4121981,-121.9980851,10SEG 88664 41071,0.7,1.1,104.6,3,10,--.--,--.--,,--.--,--.--,--.--,0,0,--.--,--.--,0,-11.0,40.2,-19.8,-1.2,4.7,-0.1,-10.9,40.2,-19.9,-1.3,4.8,-0.1,--.--,--.--,--.--,--.--,1.8,-0.0,103.9,0.1,-0.9,0.0,288.15,--.--,--.--,0,0,0.0,0.0,0.0,0,0,0,--.--,--.--,--.--
2026-07-09 15:44:55.551,1.8,0.0,103,-0.4,0.1,-0.1,5.1,5.2,0.000,0.0,19.8,57.5,54.5,19.797,0.000,0.000,0.000,45.2,00:00:49,46.7,9.0,1,--.--,0,285,--.--,0000:32:26,83,0,0,1,1,15.30,-1.00,-23,--.--,50,--.--,--:--:--,1,-15.30,15:44:55,20:44:55,7/9/26,--.--,--.--,--.--,--.--,--.--,--.--,--.--,--.--,--.--,--.--,--.--,--.--,0,--.--,--.--,--.--,--.--,--.--,--.--,--.--,--.--,--.--,--.--,--.--,--.--,--.--,--.--,--.--,--.--,0,0.000,0.000,0.000,0.000,0.000,0.000,0.000,0.000,0.000,0.000,0.000,0.000,true,true,true,true,true,true,false,false,true,true,false,false,0.02,0.00,0.00,0.21,--.--,--.--,0.15,0.17,9223372036854775808,0,--.--,--.--,--.--,--.--,--.--,0,0,0,0,37.4121869,-121.9980290,10SEG 88669 41070,0.7,1.1,104.9,3,10,--.--,--.--,,--.--,--.--,--.--,0,0,--.--,--.--,0,-12.3,45.0,-19.8,-1.3,5.0,-0.0,-12.2,45.0,-19.9,-1.3,4.8,-0.1,--.--,--.--,--.--,--.--,1.7,-0.0,103.9,-0.4,-0.1,0.0,288.15,--.--,--.--,0,0,0.0,0.0,0.0,0,0,0,--.--,--.--,--.--
2026-07-09 15:44:56.551,2.0,5.5,103,0.3,-1.3,-0.3,5.1,5.3,0.000,0.1,19.8,57.6,54.6,19.796,0.000,0.000,0.000,51.3,00:00:50,51.9,10.1,1,--.--,0,285,--.--,0000:32:26,84,0,0,1,1,15.30,-1.00,-24,--.--,50,--.--,--:--:--,1,-15.30,15:44:56,20:44:56,7/9/26,--.--,--.--,--.--,--.--,--.--,--.--,--.--,--.--,--.--,--.--,--.--,--.--,0,--.--,--.--,--.--,--.--,--.--,--.--,--.--,--.--,--.--,--.--,--.--,--.--,--.--,--.--,--.--,--.--,0,0.000,0.000,0.000,0.000,0.000,0.000,0.000,0.000,0.000,0.000,0.000,0.000,true,true,true,true,true,true,false,false,true,true,false,false,0.02,0.01,0.00,0.12,--.--,--.--,0.15,0.17,9223372036854775808,0,--.--,--.--,--.--,--.--,--.--,0,0,0,0,37.4121748,-121.9979729,10SEG 88674 41068,0.7,1.1,105.1,3,10,--.--,--.--,,--.--,--.--,--.--,0,0,--.--,--.--,0,-13.6,50.0,-19.8,-1.3,4.8,-0.1,-13.5,49.8,-19.9,-1.3,4.7,-0.1,--.--,--.--,--.--,--.--,2.0,4.4,103.8,-0.2,-4.4,0.1,288.15,--.--,--.--,0,0,0.0,0.0,0.0,0,0,0,--.--,--.--,--.--
2026-07-09 15:44:57.551,1.4,-0.2,103,0.6,1.9,-0.2,4.9,4.6,0.000,0.1,19.8,57.5,54.5,19.784,0.000,0.000,0.000,55.4,00:00:51,56.7,11.5,1,--.--,0,285,--.--,0000:32:26,84,0,0,1,1,15.30,-1.00,-24,--.--,50,--.--,--:--:--,1,-15.30,15:44:57,20:44:57,7/9/26,--.--,--.--,--.--,--.--,--.--,--.--,--.--,--.--,--.--,--.--,--.--,--.--,0,--.--,--.--,--.--,--.--,--.--,--.--,--.--,--.--,--.--,--.--,--.--,--.--,--.--,--.--,--.--,--.--,0,0.000,0.000,0.000,0.000,0.000,0.000,0.000,0.000,0.000,0.000,0.000,0.000,true,true,true,true,true,true,false,false,true,true,false,false,0.02,0.01,0.00,0.12,--.--,--.--,0.15,0.17,9223372036854775808,0,--.--,--.--,--.--,--.--,--.--,0,0,0,0,37.4121636,-121.9979207,10SEG 88678 41067,0.7,1.1,105.3,3,10,--.--,--.--,,--.--,--.--,--.--,0,0,--.--,--.--,0,-14.9,54.7,-19.8,-1.3,4.8,-0.1,-14.9,54.6,-19.9,-1.3,4.8,-0.1,--.--,--.--,--.--,--.--,1.6,-0.0,103.3,1.0,0.9,-0.0,288.15,--.--,--.--,0,0,0.0,0.0,0.0,0,0,0,--.--,--.--,--.--
2026-07-09 15:44:58.551,2.2,2.6,103,-1.0,4.0,-0.1,5.1,5.0,0.000,0.1,19.8,57.5,54.5,19.780,0.000,0.000,0.000,61.5,00:00:52,61.8,12.0,1,--.--,0,285,--.--,0000:32:26,84,0,0,1,1,15.30,-1.00,-25,--.--,50,--.--,--:--:--,1,-15.30,15:44:58,20:44:58,7/9/26,--.--,--.--,--.--,--.--,--.--,--.--,--.--,--.--,--.--,--.--,--.--,--.--,0,--.--,--.--,--.--,--.--,--.--,--.--,--.--,--.--,--.--,--.--,--.--,--.--,--.--,--.--,--.--,--.--,0,0.000,0.000,0.000,0.000,0.000,0.000,0.000,0.000,0.000,0.000,0.000,0.000,true,true,true,true,true,true,false,false,true,true,false,false,0.03,0.00,0.01,0.09,--.--,--.--,0.15,0.17,9223372036854775808,0,--.--,--.--,--.--,--.--,--.--,0,0,0,0,37.4121521,-121.9978664,10SEG 88683 41066,0.7,1.1,105.3,3,10,--.--,--.--,,--.--,--.--,--.--,0,0,--.--,--.--,0,-16.2,59.6,-19.8,-1.3,4.9,-0.1,-16.2,59.5,-19.9,-1.3,4.7,-0.1,--.--,--.--,--.--,--.--,1.8,3.6,103.3,-1.6,3.9,-0.1,288.15,--.--,--.--,0,0,0.0,0.0,0.0,0,0,0,--.--,--.--,--.--
2026-07-09 15:44:59.551,1.4,-0.1,103,0.8,-1.4,-0.0,4.9,4.7,0.000,0.1,19.8,57.5,54.5,19.795,0.000,0.000,0.000,65.5,00:00:53,66.7,13.4,1,--.--,0,285,--.--,0000:32:26,83,0,0,1,1,15.30,-1.00,-25,--.--,50,--.--,--:--:--,1,-15.30,15:44:59,20:44:59,7/9/26,--.--,--.--,--.--,--.--,--.--,--.--,--.--,--.--,--.--,--.--,--.--,--.--,0,--.--,--.--,--.--,--.--,--.--,--.--,--.--,--.--,--.--,--.--,--.--,--.--,--.--,--.--,--.--,--.--,0,0.000,0.000,0.000,0.000,0.000,0.000,0.000,0.000,0.000,0.000,0.000,0.000,true,true,true,true,true,true,false,false,true,true,false,false,0.03,0.00,0.01,0.09,--.--,--.--,0.15,0.17,9223372036854775808,0,--.--,--.--,--.--,--.--,--.--,0,0,0,0,37.4121396,-121.9978116,10SEG 88688 41065,0.7,1.1,105.4,3,10,--.--,--.--,,--.--,--.--,--.--,0,0,--.--,--.--,0,-17.5,64.3,-19.8,-1.3,4.8,-0.1,-17.5,64.3,-19.9,-1.3,4.8,-0.1,--.--,--.--,--.--,--.--,1.5,0.3,103.1,0.6,1.5,-0.0,288.15,--.--,--.--,0,0,0.0,0.0,0.0,0,0,0,--.--,--.--,--.--
2026-07-09 15:45:00.551,1.9,2.3,103,-0.8,2.5,-0.1,5.1,4.8,0.000,0.1,19.8,57.6,54.6,19.801,0.000,0.000,0.000,71.6,00:00:54,71.7,14.0,1,--.--,0,285,--.--,0000:32:26,84,0,0,1,1,15.30,-1.00,-25,--.--,50,--.--,--:--:--,1,-15.30,15:45:00,20:45:00,7/9/26,--.--,--.--,--.--,--.--,--.--,--.--,--.--,--.--,--.--,--.--,--.--,--.--,0,--.--,--.--,--.--,--.--,--.--,--.--,--.--,--.--,--.--,--.--,--.--,--.--,--.--,--.--,--.--,--.--,0,0.000,0.000,0.000,0.000,0.000,0.000,0.000,0.000,0.000,0.000,0.000,0.000,true,true,true,true,true,true,false,false,true,true,false,false,0.03,0.01,0.01,0.07,--.--,--.--,0.15,0.17,9223372036854775808,0,--.--,--.--,--.--,--.--,--.--,0,0,0,0,37.4121279,-121.9977567,10SEG 88693 41063,0.7,1.1,105.0,3,10,--.--,--.--,,--.--,--.--,--.--,0,0,--.--,--.--,0,-18.8,69.2,-19.8,-1.3,4.9,-0.1,-18.8,69.1,-19.9,-1.3,4.8,-0.1,--.--,--.--,--.--,--.--,1.7,3.0,103.2,-0.9,3.0,-0.0,288.15,--.--,--.--,0,0,0.0,0.0,0.0,0,0,0,--.--,--.--,--.--
2026-07-09 15:45:01.551,2.0,0.3,103,0.0,0.2,-0.0,5.0,4.5,0.000,0.1,19.8,57.6,53.6,19.796,0.000,0.000,0.000,75.8,00:00:55,76.7,15.3,1,--.--,0,285,--.--,0000:32:26,84,0,0,1,1,15.30,-1.00,-25,--.--,50,--.--,--:--:--,1,-15.30,15:45:01,20:45:01,7/9/26,--.--,--.--,--.--,--.--,--.--,--.--,--.--,--.--,--.--,--.--,--.--,--.--,0,--.--,--.--,--.--,--.--,--.--,--.--,--.--,--.--,--.--,--.--,--.--,--.--,--.--,--.--,--.--,--.--,0,0.000,0.000,0.000,0.000,0.000,0.000,0.000,0.000,0.000,0.000,0.000,0.000,true,true,true,true,true,true,false,false,true,true,false,false,0.03,0.01,0.01,0.07,--.--,--.--,0.15,0.17,9223372036854775808,0,--.--,--.--,--.--,--.--,--.--,0,0,0,0,37.4121167,-121.9977026,10SEG 88698 41062,0.7,1.1,104.9,3,10,--.--,--.--,,--.--,--.--,--.--,0,0,--.--,--.--,0,-20.1,74.0,-19.8,-1.3,4.8,-0.1,-20.1,73.9,-19.9,-1.3,4.8,-0.1,--.--,--.--,--.--,--.--,2.0,1.6,103.1,-0.3,5.0,-0.1,288.15,--.--,--.--,0,0,0.0,0.0,0.0,0,0,0,--.--,--.--,--.--
2026-07-09 15:45:02.551,1.6,1.9,103,0.3,-1.8,0.0,5.0,5.1,0.000,0.1,19.8,57.5,53.5,19.792,0.000,0.000,0.000,81.8,00:00:56,81.7,16.2,1,--.--,0,285,--.--,0000:32:26,83,0,0,1,1,15.30,-1.00,-26,--.--,50,--.--,--:--:--,1,-15.30,15:45:02,20:45:02,7/9/26,--.--,--.--,--.--,--.--,--.--,--.--,--.--,--.--,--.--,--.--,--.--,--.--,0,--.--,--.--,--.--,--.--,--.--,--.--,--.--,--.--,--.--,--.--,--.--,--.--,--.--,--.--,--.--,--.--,0,0.000,0.000,0.000,0.000,0.000,0.000,0.000,0.000,0.000,0.000,0.000,0.000,true,true,true,true,true,true,false,false,true,true,false,false,0.02,0.00,0.01,0.05,--.--,--.--,0.15,0.17,9223372036854775808,0,--.--,--.--,--.--,--.--,--.--,0,0,0,0,37.4121045,-121.9976468,10SEG 88703 41061,0.7,1.1,105.5,3,10,--.--,--.--,,--.--,--.--,--.--,0,0,--.--,--.--,0,-21.4,78.8,-19.8,-1.3,4.8,-0.1,-21.4,78.8,-19.9,-1.3,4.8,-0.1,--.--,--.--,--.--,--.--,1.7,2.1,103.1,0.4,0.6,-0.0,288.15,--.--,--.--,0,0,0.0,0.0,0.0,0,0,0,--.--,--.--,--.--
2026-07-09 15:45:03.551,1.9,0.9,103,0.1,1.3,-0.0,5.0,4.8,0.000,0.1,19.8,57.5,53.5,19.788,0.000,0.000,0.000,86.0,00:00:57,86.7,17.2,1,--.--,0,285,--.--,0000:32:26,84,0,0,1,1,15.30,-1.00,-26,--.--,50,--.--,--:--:--,1,-15.30,15:45:03,20:45:03,7/9/26,--.--,--.--,--.--,--.--,--.--,--.--,--.--,--.--,--.--,--.--,--.--,--.--,0,--.--,--.--,--.--,--.--,--.--,--.--,--.--,--.--,--.--,--.--,--.--,--.--,--.--,--.--,--.--,--.--,0,0.000,0.000,0.000,0.000,0.000,0.000,0.000,0.000,0.000,0.000,0.000,0.000,true,true,true,true,true,true,false,false,true,true,false,false,0.02,0.00,0.01,0.05,--.--,--.--,0.15,0.17,9223372036854775808,0,--.--,--.--,--.--,--.--,--.--,0,0,0,0,37.4120928,-121.9975927,10SEG 88707 41060,0.7,1.1,105.0,3,10,--.--,--.--,,--.--,--.--,--.--,0,0,--.--,--.--,0,-22.7,83.6,-19.8,-1.3,4.8,-0.1,-22.7,83.6,-19.9,-1.3,4.8,-0.1,--.--,--.--,--.--,--.--,1.9,2.0,103.0,0.0,4.1,-0.1,288.15,--.--,--.--,0,0,0.0,0.0,0.0,0,0,0,--.--,--.--,--.--
2026-07-09 15:45:04.551,1.7,1.4,103,-0.2,-1.0,0.0,5.0,5.2,0.000,0.1,19.8,57.5,53.5,19.789,0.000,0.000,0.000,90.0,00:00:58,91.7,18.2,1,--.--,0,285,--.--,0000:32:26,83,0,0,1,1,15.30,-1.00,-26,--.--,50,--.--,--:--:--,1,-15.30,15:45:04,20:45:04,7/9/26,--.--,--.--,--.--,--.--,--.--,--.--,--.--,--.--,--.--,--.--,--.--,--.--,0,--.--,--.--,--.--,--.--,--.--,--.--,--.--,--.--,--.--,--.--,--.--,--.--,--.--,--.--,--.--,--.--,0,0.000,0.000,0.000,0.000,0.000,0.000,0.000,0.000,0.000,0.000,0.000,0.000,true,true,true,true,true,true,false,false,true,true,false,false,0.03,0.00,0.01,0.04,--.--,--.--,0.15,0.17,9223372036854775808,0,--.--,--.--,--.--,--.--,--.--,0,0,0,0,37.4120811,-121.9975382,10SEG 88712 41058,0.7,1.1,105.4,3,10,--.--,--.--,,--.--,--.--,--.--,0,0,--.--,--.--,0,-24.0,88.5,-19.8,-1.3,4.8,-0.1,-24.0,88.4,-19.9,-1.3,4.8,-0.1,--.--,--.--,--.--,--.--,1.7,1.9,103.0,-0.2,1.9,-0.0,288.15,--.--,--.--,0,0,0.0,0.0,0.0,0,0,0,--.--,--.--,--.--
2026-07-09 15:45:05.551,2.0,1.2,103,-0.1,-0.0,-0.0,5.0,4.8,0.000,0.1,19.8,57.5,53.5,19.801,0.000,0.000,0.000,96.2,00:00:59,96.7,19.2,1,--.--,0,285,--.--,0000:32:26,83,0,0,1,1,15.30,-1.00,-26,--.--,50,--.--,--:--:--,1,-15.30,15:45:05,20:45:05,7/9/26,--.--,--.--,--.--,--.--,--.--,--.--,--.--,--.--,--.--,--.--,--.--,--.--,0,--.--,--.--,--.--,--.--,--.--,--.--,--.--,--.--,--.--,--.--,--.--,--.--,--.--,--.--,--.--,--.--,0,0.000,0.000,0.000,0.000,0.000,0.000,0.000,0.000,0.000,0.000,0.000,0.000,true,true,true,true,true,true,false,false,true,true,false,false,0.03,0.00,0.01,0.04,--.--,--.--,0.15,0.17,9223372036854775808,0,--.--,--.--,--.--,--.--,--.--,0,0,0,0,37.4120691,-121.9974827,10SEG 88717 41057,0.7,1.1,105.2,3,10,--.--,--.--,,--.--,--.--,--.--,0,0,--.--,--.--,0,-25.3,93.3,-19.8,-1.3,4.8,-0.1,-25.3,93.2,-19.9,-1.3,4.8,-0.1,--.--,--.--,--.--,--.--,1.9,1.8,103.0,-0.5,2.6,-0.0,288.15,--.--,--.--,0,0,0.0,0.0,0.0,0,0,0,--.--,--.--,--.--
2026-07-09 15:45:06.551,1.8,1.2,102,-0.1,0.1,-0.0,5.0,4.8,0.000,0.1,19.8,57.6,53.6,19.797,0.000,0.000,0.000,100.3,00:01:00,101.7,20.2,1,--.--,0,285,--.--,0000:32:26,83,0,0,1,1,15.30,-1.00,-27,--.--,50,--.--,--:--:--,1,-15.30,15:45:06,20:45:06,7/9/26,--.--,--.--,--.--,--.--,--.--,--.--,--.--,--.--,--.--,--.--,--.--,--.--,0,--.--,--.--,--.--,--.--,--.--,--.--,--.--,--.--,--.--,--.--,--.--,--.--,--.--,--.--,--.--,--.--,0,0.000,0.000,0.000,0.000,0.000,0.000,0.000,0.000,0.000,0.000,0.000,0.000,true,true,true,true,true,true,false,false,true,true,false,false,0.02,0.00,0.01,0.02,--.--,--.--,0.15,0.17,9223372036854775808,0,--.--,--.--,--.--,--.--,--.--,0,0,0,0,37.4120573,-121.9974287,10SEG 88722 41056,0.7,1.1,104.9,3,10,--.--,--.--,,--.--,--.--,--.--,0,0,--.--,--.--,0,-26.7,98.1,-19.8,-1.3,4.8,-0.1,-26.7,98.1,-19.9,-1.3,4.8,-0.1,--.--,--.--,--.--,--.--,1.8,1.9,103.0,-0.4,2.7,-0.0,288.15,--.--,--.--,0,0,0.0,0.0,0.0,0,0,0,--.--,--.--,--.--
2026-07-09 15:45:07.551,1.8,1.4,102,0.0,-0.6,-0.0,5.0,5.1,0.000,0.1,19.8,57.6,57.6,19.807,0.000,0.000,0.000,106.5,00:01:01,106.7,21.2,1,--.--,0,285,--.--,0000:32:26,83,0,0,1,1,15.30,-1.00,-27,--.--,50,--.--,--:--:--,1,-15.30,15:45:07,20:45:07,7/9/26,--.--,--.--,--.--,--.--,--.--,--.--,--.--,--.--,--.--,--.--,--.--,--.--,0,--.--,--.--,--.--,--.--,--.--,--.--,--.--,--.--,--.--,--.--,--.--,--.--,--.--,--.--,--.--,--.--,0,0.000,0.000,0.000,0.000,0.000,0.000,0.000,0.000,0.000,0.000,0.000,0.000,true,true,true,true,true,true,false,false,true,true,false,false,0.02,0.00,0.01,0.02,--.--,--.--,0.15,0.17,9223372036854775808,0,--.--,--.--,--.--,--.--,--.--,0,0,0,0,37.4120459,-121.9973749,10SEG 88727 41055,0.7,1.1,105.3,3,10,--.--,--.--,,--.--,--.--,--.--,0,0,--.--,--.--,0,-28.0,102.9,-19.8,-1.3,4.8,-0.1,-28.0,102.9,-19.9,-1.3,4.8,-0.1,--.--,--.--,--.--,--.--,1.8,1.7,103.0,-0.0,1.3,-0.0,288.15,--.--,--.--,0,0,0.0,0.0,0.0,0,0,0,--.--,--.--,--.--
2026-07-09 15:45:08.551,2.2,0.9,102,-0.6,2.5,-0.0,5.0,4.8,0.000,0.1,19.8,57.6,57.6,19.805,0.000,0.000,0.000,110.7,00:01:02,111.7,22.0,1,--.--,0,285,--.--,0000:32:26,84,0,0,1,1,15.30,-1.00,-27,--.--,50,--.--,--:--:--,1,-15.30,15:45:08,20:45:08,7/9/26,--.--,--.--,--.--,--.--,--.--,--.--,--.--,--.--,--.--,--.--,--.--,--.--,0,--.--,--.--,--.--,--.--,--.--,--.--,--.--,--.--,--.--,--.--,--.--,--.--,--.--,--.--,--.--,--.--,0,0.000,0.000,0.000,0.000,0.000,0.000,0.000,0.000,0.000,0.000,0.000,0.000,true,true,true,true,true,true,false,false,true,true,false,false,0.02,0.00,0.01,0.02,--.--,--.--,0.15,0.17,9223372036854775808,0,--.--,--.--,--.--,--.--,--.--,0,0,0,0,37.4120342,-121.9973210,10SEG 88731 41053,0.7,1.1,105.1,3,10,--.--,--.--,,--.--,--.--,--.--,0,0,--.--,--.--,0,-29.3,107.7,-19.8,-1.3,4.9,-0.1,-29.3,107.7,-19.9,-1.3,4.8,-0.1,--.--,--.--,--.--,--.--,2.0,2.2,103.0,-1.2,5.0,-0.1,288.15,--.--,--.--,0,0,0.0,0.0,0.0,0,0,0,--.--,--.--,--.--
2026-07-09 15:45:09.551,1.2,1.2,102,-0.0,-2.9,0.0,5.0,5.2,0.000,0.1,19.8,57.6,57.6,19.812,0.000,0.000,0.000,116.8,00:01:03,116.7,23.2,1,--.--,0,285,--.--,0000:32:26,83,0,0,1,1,15.30,-1.00,-27,--.--,50,--.--,--:--:--,1,-15.30,15:45:09,20:45:09,7/9/26,--.--,--.--,--.--,--.--,--.--,--.--,--.--,--.--,--.--,--.--,--.--,--.--,0,--.--,--.--,--.--,--.--,--.--,--.--,--.--,--.--,--.--,--.--,--.--,--.--,--.--,--.--,--.--,--.--,0,0.000,0.000,0.000,0.000,0.000,0.000,0.000,0.000,0.000,0.000,0.000,0.000,true,true,true,true,true,true,false,false,true,true,false,false,0.02,0.00,0.01,0.02,--.--,--.--,0.15,0.17,9223372036854775808,0,--.--,--.--,--.--,--.--,--.--,0,0,0,0,37.4120218,-121.9972650,10SEG 88736 41052,0.7,1.1,105.3,3,10,--.--,--.--,,--.--,--.--,--.--,0,0,--.--,--.--,0,-30.6,112.5,-19.8,-1.3,4.8,-0.1,-30.6,112.5,-19.9,-1.3,4.8,-0.1,--.--,--.--,--.--,--.--,1.3,1.3,103.0,0.4,0.4,-0.0,288.15,--.--,--.--,0,0,0.0,0.0,0.0,0,0,0,--.--,--.--,--.--
2026-07-09 15:45:10.551,2.5,1.2,102,-0.4,1.7,-0.0,5.1,4.6,0.000,0.1,19.8,57.6,57.6,19.810,0.000,0.000,0.000,121.0,00:01:04,121.7,23.9,1,--.--,0,285,--.--,0000:32:26,84,0,0,1,1,15.30,-1.00,-28,--.--,50,--.--,--:--:--,1,-15.30,15:45:10,20:45:10,7/9/26,--.--,--.--,--.--,--.--,--.--,--.--,--.--,--.--,--.--,--.--,--.--,--.--,0,--.--,--.--,--.--,--.--,--.--,--.--,--.--,--.--,--.--,--.--,--.--,--.--,--.--,--.--,--.--,--.--,0,0.000,0.000,0.000,0.000,0.000,0.000,0.000,0.000,0.000,0.000,0.000,0.000,true,true,true,true,true,true,false,false,true,true,false,false,0.02,0.00,0.01,0.04,--.--,--.--,0.15,0.17,9223372036854775808,0,--.--,--.--,--.--,--.--,--.--,0,0,0,0,37.4120107,-121.9972112,10SEG 88741 41051,0.7,1.1,104.5,3,10,--.--,--.--,,--.--,--.--,--.--,0,0,--.--,--.--,0,-31.9,117.4,-19.8,-1.3,4.9,-0.1,-31.9,117.4,-19.9,-1.3,4.8,-0.1,--.--,--.--,--.--,--.--,2.3,2.0,103.0,-1.1,3.3,-0.1,288.15,--.--,--.--,0,0,0.0,0.0,0.0,0,0,0,--.--,--.--,--.--
2026-07-09 15:45:11.551,1.3,0.9,102,-0.1,0.1,-0.0,5.0,5.1,0.000,0.1,19.8,57.6,57.6,19.796,0.000,0.000,0.000,125.0,00:01:05,126.7,25.0,1,--.--,0,285,--.--,0000:32:26,84,0,0,1,1,15.30,-1.00,-28,--.--,50,--.--,--:--:--,1,-15.30,15:45:11,20:45:11,7/9/26,--.--,--.--,--.--,--.--,--.--,--.--,--.--,--.--,--.--,--.--,--.--,--.--,0,--.--,--.--,--.--,--.--,--.--,--.--,--.--,--.--,--.--,--.--,--.--,--.--,--.--,--.--,--.--,--.--,0,0.000,0.000,0.000,0.000,0.000,0.000,0.000,0.000,0.000,0.000,0.000,0.000,true,true,true,true,true,true,false,false,true,true,false,false,0.02,0.00,0.01,0.04,--.--,--.--,0.15,0.17,9223372036854775808,0,--.--,--.--,--.--,--.--,--.--,0,0,0,0,37.4119985,-121.9971566,10SEG 88746 41050,0.7,1.1,105.0,3,10,--.--,--.--,,--.--,--.--,--.--,0,0,--.--,--.--,0,-33.2,122.2,-19.8,-1.3,4.9,-0.1,-33.2,122.2,-19.9,-1.3,4.8,-0.1,--.--,--.--,--.--,--.--,1.4,1.8,103.0,0.4,3.4,-0.0,288.15,--.--,--.--,0,0,0.0,0.0,0.0,0,0,0,--.--,--.--,--.--
2026-07-09 15:45:12.551,2.1,1.5,102,-0.1,-1.3,0.0,5.0,5.2,0.000,0.1,19.8,57.5,57.5,19.782,0.000,0.000,0.000,131.1,00:01:06,131.7,26.1,1,--.--,0,285,--.--,0000:32:26,83,0,0,1,1,15.30,-1.00,-28,--.--,50,--.--,--:--:--,1,-15.30,15:45:12,20:45:12,7/9/26,--.--,--.--,--.--,--.--,--.--,--.--,--.--,--.--,--.--,--.--,--.--,--.--,0,--.--,--.--,--.--,--.--,--.--,--.--,--.--,--.--,--.--,--.--,--.--,--.--,--.--,--.--,--.--,--.--,0,0.000,0.000,0.000,0.000,0.000,0.000,0.000,0.000,0.000,0.000,0.000,0.000,true,true,true,true,true,true,false,false,true,true,false,false,0.03,0.01,0.01,0.03,--.--,--.--,0.15,0.17,9223372036854775808,0,--.--,--.--,--.--,--.--,--.--,0,0,0,0,37.4119869,-121.9971005,10SEG 88751 41048,0.7,1.1,105.0,3,10,--.--,--.--,,--.--,--.--,--.--,0,0,--.--,--.--,0,-34.5,127.0,-19.8,-1.3,4.8,-0.1,-34.5,127.0,-19.9,-1.3,4.8,-0.1,--.--,--.--,--.--,--.--,2.0,1.8,103.0,-0.4,1.1,-0.0,288.15,--.--,--.--,0,0,0.0,0.0,0.0,0,0,0,--.--,--.--,--.--
2026-07-09 15:45:13.552,1.6,1.2,102,-0.6,1.0,-0.0,5.0,5.1,0.000,0.1,19.8,57.5,57.5,19.786,0.000,0.000,0.000,135.3,00:01:07,136.7,27.0,1,--.--,0,285,--.--,0000:32:26,84,0,0,1,1,15.30,-1.00,-28,--.--,50,--.--,--:--:--,1,-15.30,15:45:13,20:45:13,7/9/26,--.--,--.--,--.--,--.--,--.--,--.--,--.--,--.--,--.--,--.--,--.--,--.--,0,--.--,--.--,--.--,--.--,--.--,--.--,--.--,--.--,--.--,--.--,--.--,--.--,--.--,--.--,--.--,--.--,0,0.000,0.000,0.000,0.000,0.000,0.000,0.000,0.000,0.000,0.000,0.000,0.000,true,true,true,true,true,true,false,false,true,true,false,false,0.03,0.01,0.01,0.03,--.--,--.--,0.15,0.17,9223372036854775808,0,--.--,--.--,--.--,--.--,--.--,0,0,0,0,37.4119750,-121.9970468,10SEG 88756 41047,0.7,1.1,105.6,3,10,--.--,--.--,,--.--,--.--,--.--,0,0,--.--,--.--,0,-35.8,131.8,-19.8,-1.3,4.9,-0.1,-35.8,131.8,-19.9,-1.3,4.8,-0.1,--.--,--.--,--.--,--.--,1.5,2.0,102.9,-0.7,3.1,-0.0,288.15,--.--,--.--,0,0,0.0,0.0,0.0,0,0,0,--.--,--.--,--.--
2026-07-09 15:45:14.551,1.5,1.1,102,0.8,0.2,0.0,5.0,5.0,0.000,0.1,19.8,57.5,57.5,19.792,0.000,0.000,0.000,141.5,00:01:08,141.7,28.0,1,--.--,0,285,--.--,0000:32:26,83,0,0,1,1,15.30,-1.00,-29,--.--,50,--.--,--:--:--,1,-15.30,15:45:14,20:45:14,7/9/26,--.--,--.--,--.--,--.--,--.--,--.--,--.--,--.--,--.--,--.--,--.--,--.--,0,--.--,--.--,--.--,--.--,--.--,--.--,--.--,--.--,--.--,--.--,--.--,--.--,--.--,--.--,--.--,--.--,0,0.000,0.000,0.000,0.000,0.000,0.000,0.000,0.000,0.000,0.000,0.000,0.000,true,true,true,true,true,true,false,false,true,true,false,false,0.04,0.00,0.01,0.02,--.--,--.--,0.15,0.17,9223372036854775808,0,--.--,--.--,--.--,--.--,--.--,0,0,0,0,37.4119632,-121.9969928,10SEG 88761 41046,0.7,1.1,104.9,3,10,--.--,--.--,,--.--,--.--,--.--,0,0,--.--,--.--,0,-37.1,136.7,-19.8,-1.3,4.9,-0.1,-37.1,136.7,-19.9,-1.3,4.8,-0.1,--.--,--.--,--.--,--.--,1.7,1.9,102.9,0.7,3.1,-0.0,288.15,--.--,--.--,0,0,0.0,0.0,0.0,0,0,0,--.--,--.--,--.--
2026-07-09 15:45:15.552,1.9,1.2,102,-0.5,-0.7,0.0,5.0,5.0,0.000,0.1,19.8,57.5,57.5,19.793,0.000,0.000,0.000,145.5,00:01:09,146.7,29.1,1,--.--,0,285,--.--,0000:32:26,83,0,0,1,1,15.30,-1.00,-29,--.--,50,--.--,--:--:--,1,-15.30,15:45:15,20:45:15,7/9/26,--.--,--.--,--.--,--.--,--.--,--.--,--.--,--.--,--.--,--.--,--.--,--.--,0,--.--,--.--,--.--,--.--,--.--,--.--,--.--,--.--,--.--,--.--,--.--,--.--,--.--,--.--,--.--,--.--,0,0.000,0.000,0.000,0.000,0.000,0.000,0.000,0.000,0.000,0.000,0.000,0.000,true,true,true,true,true,true,false,false,true,true,false,false,0.04,0.00,0.01,0.02,--.--,--.--,0.15,0.17,9223372036854775808,0,--.--,--.--,--.--,--.--,--.--,0,0,0,0,37.4119510,-121.9969368,10SEG 88766 41045,0.7,1.1,105.3,3,10,--.--,--.--,,--.--,--.--,--.--,0,0,--.--,--.--,0,-38.5,141.5,-19.8,-1.3,4.8,-0.1,-38.4,141.5,-19.9,-1.3,4.8,-0.1,--.--,--.--,--.--,--.--,1.7,1.7,102.9,-0.7,2.1,-0.0,288.15,--.--,--.--,0,0,0.0,0.0,0.0,0,0,0,--.--,--.--,--.--
2026-07-09 15:45:16.551,1.8,1.4,102,0.9,0.1,-0.0,5.0,4.9,0.000,0.1,19.8,57.5,57.5,19.794,0.000,0.000,0.000,151.6,00:01:10,151.7,30.0,1,--.--,0,285,--.--,0000:32:26,84,0,0,1,1,15.30,-1.00,-30,--.--,50,--.--,--:--:--,1,-15.30,15:45:16,20:45:16,7/9/26,--.--,--.--,--.--,--.--,--.--,--.--,--.--,--.--,--.--,--.--,--.--,--.--,0,--.--,--.--,--.--,--.--,--.--,--.--,--.--,--.--,--.--,--.--,--.--,--.--,--.--,--.--,--.--,--.--,0,0.000,0.000,0.000,0.000,0.000,0.000,0.000,0.000,0.000,0.000,0.000,0.000,true,true,true,true,true,true,false,false,true,true,false,false,0.03,0.01,0.01,0.01,--.--,--.--,0.15,0.17,9223372036854775808,0,--.--,--.--,--.--,--.--,--.--,0,0,0,0,37.4119389,-121.9968828,10SEG 88770 41043,0.7,1.1,105.1,3,10,--.--,--.--,,--.--,--.--,--.--,0,0,--.--,--.--,0,-39.8,146.3,-19.8,-1.3,4.8,-0.1,-39.8,146.3,-19.9,-1.3,4.8,-0.1,--.--,--.--,--.--,--.--,1.9,1.9,102.9,0.5,2.2,-0.0,288.15,--.--,--.--,0,0,0.0,0.0,0.0,0,0,0,--.--,--.--,--.--
2026-07-09 15:45:17.551,1.7,0.9,102,-0.0,0.7,-0.0,5.0,4.8,0.000,0.1,19.8,57.5,57.5,19.793,0.000,0.000,0.000,155.8,00:01:11,156.7,31.0,1,--.--,0,285,--.--,0000:32:26,83,0,0,1,1,15.30,-1.00,-30,--.--,50,--.--,--:--:--,1,-15.30,15:45:17,20:45:17,7/9/26,--.--,--.--,--.--,--.--,--.--,--.--,--.--,--.--,--.--,--.--,--.--,--.--,0,--.--,--.--,--.--,--.--,--.--,--.--,--.--,--.--,--.--,--.--,--.--,--.--,--.--,--.--,--.--,--.--,0,0.000,0.000,0.000,0.000,0.000,0.000,0.000,0.000,0.000,0.000,0.000,0.000,true,true,true,true,true,true,false,false,true,true,false,false,0.03,0.01,0.01,0.01,--.--,--.--,0.15,0.17,9223372036854775808,0,--.--,--.--,--.--,--.--,--.--,0,0,0,0,37.4119281,-121.9968287,10SEG 88775 41042,0.7,1.1,105.2,3,10,--.--,--.--,,--.--,--.--,--.--,0,0,--.--,--.--,0,-41.1,151.1,-19.8,-1.3,4.9,-0.1,-41.1,151.1,-19.9,-1.3,4.8,-0.1,--.--,--.--,--.--,--.--,1.7,1.8,102.9,0.0,3.7,-0.0,288.15,--.--,--.--,0,0,0.0,0.0,0.0,0,0,0,--.--,--.--,--.--
2026-07-09 15:45:18.551,1.7,1.2,102,-0.3,-0.5,0.0,5.0,5.2,0.000,0.1,19.8,57.5,57.5,19.785,0.000,0.000,0.000,161.9,00:01:12,161.7,32.1,1,--.--,0,285,--.--,0000:32:26,83,0,0,1,1,15.30,-1.00,-30,--.--,50,--.--,--:--:--,1,-15.30,15:45:18,20:45:18,7/9/26,--.--,--.--,--.--,--.--,--.--,--.--,--.--,--.--,--.--,--.--,--.--,--.--,0,--.--,--.--,--.--,--.--,--.--,--.--,--.--,--.--,--.--,--.--,--.--,--.--,--.--,--.--,--.--,--.--,0,0.000,0.000,0.000,0.000,0.000,0.000,0.000,0.000,0.000,0.000,0.000,0.000,true,true,true,true,true,true,false,false,true,true,false,false,0.04,0.00,0.01,0.03,--.--,--.--,0.15,0.17,9223372036854775808,0,--.--,--.--,--.--,--.--,--.--,0,0,0,0,37.4119163,-121.9967746,10SEG 88780 41041,0.7,1.1,105.3,3,10,--.--,--.--,,--.--,--.--,--.--,0,0,--.--,--.--,0,-42.4,156.0,-19.8,-1.3,4.8,-0.1,-42.4,156.0,-19.9,-1.3,4.8,-0.1,--.--,--.--,--.--,--.--,1.6,1.9,102.9,-0.4,2.4,-0.0,288.15,--.--,--.--,0,0,0.0,0.0,0.0,0,0,0,--.--,--.--,--.--
2026-07-09 15:45:19.551,1.4,1.3,102,-0.1,1.0,0.0,5.0,4.9,0.000,0.1,19.8,57.5,56.5,19.795,0.000,0.000,0.000,166.0,00:01:13,166.7,33.0,1,--.--,0,285,--.--,0000:32:26,84,0,0,1,1,15.30,-1.00,-30,--.--,50,--.--,--:--:--,1,-15.30,15:45:19,20:45:19,7/9/26,--.--,--.--,--.--,--.--,--.--,--.--,--.--,--.--,--.--,--.--,--.--,--.--,0,--.--,--.--,--.--,--.--,--.--,--.--,--.--,--.--,--.--,--.--,--.--,--.--,--.--,--.--,--.--,--.--,0,0.000,0.000,0.000,0.000,0.000,0.000,0.000,0.000,0.000,0.000,0.000,0.000,true,true,true,true,true,true,false,false,true,true,false,false,0.04,0.00,0.01,0.03,--.--,--.--,0.15,0.17,9223372036854775808,0,--.--,--.--,--.--,--.--,--.--,0,0,0,0,37.4119038,-121.9967184,10SEG 88785 41040,0.7,1.1,105.2,3,10,--.--,--.--,,--.--,--.--,--.--,0,0,--.--,--.--,0,-43.7,160.8,-19.8,-1.3,4.9,-0.1,-43.7,160.8,-19.9,-1.3,4.8,-0.1,--.--,--.--,--.--,--.--,1.4,2.2,102.9,-0.0,3.6,-0.0,288.15,--.--,--.--,0,0,0.0,0.0,0.0,0,0,0,--.--,--.--,--.--
2026-07-09 15:45:20.551,1.7,1.3,102,0.2,-0.7,0.0,5.0,4.9,0.000,0.1,19.8,57.5,56.5,19.786,0.000,0.000,0.000,170.0,00:01:14,171.7,34.2,1,--.--,0,285,--.--,0000:32:26,84,0,0,1,1,15.30,-1.00,-31,--.--,50,--.--,--:--:--,1,-15.30,15:45:20,20:45:20,7/9/26,--.--,--.--,--.--,--.--,--.--,--.--,--.--,--.--,--.--,--.--,--.--,--.--,0,--.--,--.--,--.--,--.--,--.--,--.--,--.--,--.--,--.--,--.--,--.--,--.--,--.--,--.--,--.--,--.--,0,0.000,0.000,0.000,0.000,0.000,0.000,0.000,0.000,0.000,0.000,0.000,0.000,true,true,true,true,true,true,false,false,true,true,false,false,0.03,0.00,0.01,0.02,--.--,--.--,0.15,0.17,9223372036854775808,0,--.--,--.--,--.--,--.--,--.--,0,0,0,0,37.4118924,-121.9966641,10SEG 88790 41038,0.7,1.1,105.1,3,10,--.--,--.--,,--.--,--.--,--.--,0,0,--.--,--.--,0,-45.0,165.6,-19.8,-1.3,4.8,-0.1,-45.0,165.6,-19.9,-1.3,4.8,-0.1,--.--,--.--,--.--,--.--,1.7,1.8,102.9,0.2,1.9,-0.0,288.15,--.--,--.--,0,0,0.0,0.0,0.0,0,0,0,--.--,--.--,--.--
2026-07-09 15:45:21.551,1.6,1.2,102,-0.3,1.7,-0.0,5.0,5.1,0.000,0.1,19.8,57.5,56.5,19.778,0.000,0.000,0.000,176.2,00:01:15,176.7,35.0,1,--.--,0,285,--.--,0000:32:26,84,0,0,1,1,15.30,-1.00,-31,--.--,50,--.--,--:--:--,1,-15.30,15:45:21,20:45:21,7/9/26,--.--,--.--,--.--,--.--,--.--,--.--,--.--,--.--,--.--,--.--,--.--,--.--,0,--.--,--.--,--.--,--.--,--.--,--.--,--.--,--.--,--.--,--.--,--.--,--.--,--.--,--.--,--.--,--.--,0,0.000,0.000,0.000,0.000,0.000,0.000,0.000,0.000,0.000,0.000,0.000,0.000,true,true,true,true,true,true,false,false,true,true,false,false,0.03,0.00,0.01,0.02,--.--,--.--,0.15,0.17,9223372036854775808,0,--.--,--.--,--.--,--.--,--.--,0,0,0,0,37.4118805,-121.9966104,10SEG 88794 41037,0.7,1.1,104.8,3,10,--.--,--.--,,--.--,--.--,--.--,0,0,--.--,--.--,0,-46.3,170.5,-19.8,-1.3,4.9,-0.1,-46.3,170.4,-19.9,-1.3,4.8,-0.1,--.--,--.--,--.--,--.--,1.6,2.2,102.9,-0.2,4.3,-0.0,288.15,--.--,--.--,0,0,0.0,0.0,0.0,0,0,0,--.--,--.--,--.--
2026-07-09 15:45:22.551,1.9,1.3,102,-0.3,-1.0,0.0,5.0,5.1,0.000,0.1,19.8,57.5,56.5,19.794,0.000,0.000,0.000,180.2,00:01:16,181.7,36.3,1,--.--,0,285,--.--,0000:32:26,84,0,0,1,1,15.30,-1.00,-31,--.--,50,--.--,--:--:--,1,-15.30,15:45:22,20:45:22,7/9/26,--.--,--.--,--.--,--.--,--.--,--.--,--.--,--.--,--.--,--.--,--.--,--.--,0,--.--,--.--,--.--,--.--,--.--,--.--,--.--,--.--,--.--,--.--,--.--,--.--,--.--,--.--,--.--,--.--,0,0.000,0.000,0.000,0.000,0.000,0.000,0.000,0.000,0.000,0.000,0.000,0.000,true,true,true,true,true,true,false,false,true,true,false,false,0.03,0.01,0.01,0.03,--.--,--.--,0.15,0.17,9223372036854775808,0,--.--,--.--,--.--,--.--,--.--,0,0,0,0,37.4118687,-121.9965547,10SEG 88799 41036,0.7,1.1,105.3,3,10,--.--,--.--,,--.--,--.--,--.--,0,0,--.--,--.--,0,-47.6,175.3,-19.8,-1.3,4.8,-0.1,-47.6,175.2,-19.9,-1.3,4.7,-0.1,--.--,--.--,--.--,--.--,1.0,3.8,102.8,-4.7,10.0,-0.9,288.15,--.--,--.--,0,0,0.0,0.0,0.0,0,0,0,--.--,--.--,--.--
2026-07-09 15:45:23.551,-16.9,28.6,93,5.4,2.7,-10.9,3.4,3.4,0.000,0.3,19.8,57.5,56.5,19.894,0.000,0.000,0.000,184.3,00:01:17,185.8,54.4,1,--.--,0,285,--.--,0000:32:26,86,0,0,1,1,15.30,-1.00,-31,--.--,50,--.--,--:--:--,1,-15.30,15:45:23,20:45:23,7/9/26,--.--,--.--,--.--,--.--,--.--,--.--,--.--,--.--,--.--,--.--,--.--,--.--,0,--.--,--.--,--.--,--.--,--.--,--.--,--.--,--.--,--.--,--.--,--.--,--.--,--.--,--.--,--.--,--.--,0,0.000,0.000,0.000,0.000,0.000,0.000,0.000,0.000,0.000,0.000,0.000,0.000,true,true,true,true,true,true,false,false,true,true,false,false,0.03,0.01,0.01,0.03,--.--,--.--,0.15,0.17,9223372036854775808,0,--.--,--.--,--.--,--.--,--.--,0,0,0,0,37.4118603,-121.9965053,10SEG 88804 41035,0.7,1.1,87.6,3,10,--.--,--.--,,--.--,--.--,--.--,0,0,--.--,--.--,0,-48.3,179.4,-19.9,0.7,2.7,-0.2,-48.2,179.3,-19.9,0.7,2.7,0.0,--.--,--.--,--.--,--.--,-17.6,22.1,91.5,13.7,-17.4,-22.5,288.15,--.--,--.--,0,0,0.0,0.0,0.0,0,0,0,--.--,--.--,--.--
2026-07-09 15:45:24.551,-14.4,3.6,70,-11.1,20.3,-46.8,3.1,-1.3,0.000,0.1,19.9,57.7,56.7,19.823,0.000,0.000,0.000,188.4,00:01:18,186.0,60.5,1,--.--,0,284,--.--,0000:32:26,85,0,0,1,1,15.30,-1.00,-32,--.--,50,--.--,--:--:--,1,-15.30,15:45:24,20:45:24,7/9/26,--.--,--.--,--.--,--.--,--.--,--.--,--.--,--.--,--.--,--.--,--.--,--.--,0,--.--,--.--,--.--,--.--,--.--,--.--,--.--,--.--,--.--,--.--,--.--,--.--,--.--,--.--,--.--,--.--,0,0.000,0.000,0.000,0.000,0.000,0.000,0.000,0.000,0.000,0.000,0.000,0.000,true,true,true,true,true,true,false,false,true,true,false,false,0.14,0.01,0.01,--.--,--.--,--.--,0.15,0.17,9223372036854775808,0,--.--,--.--,--.--,--.--,--.--,0,0,0,0,37.4118748,-121.9964882,10SEG 88805 41037,0.7,1.1,10.3,3,10,--.--,--.--,,--.--,--.--,--.--,0,0,--.--,--.--,0,-46.0,180.2,-19.9,3.4,0.2,-0.1,-46.2,180.6,-19.9,3.3,0.2,-0.1,--.--,--.--,--.--,--.--,-18.5,6.4,61.2,-12.7,30.4,-51.1,288.15,--.--,--.--,0,0,0.0,0.0,0.0,0,0,0,--.--,--.--,--.--
2026-07-09 15:45:25.551,-0.2,0.3,12,49.9,-3.8,-54.1,5.0,3.5,0.000,-0.0,19.8,57.6,56.6,19.855,0.000,0.000,0.000,192.4,00:01:19,184.1,37.2,1,--.--,0,283,--.--,0000:32:26,84,0,0,1,1,15.30,-1.00,-32,--.--,50,--.--,--:--:--,1,-15.30,15:45:25,20:45:25,7/9/26,--.--,--.--,--.--,--.--,--.--,--.--,--.--,--.--,--.--,--.--,--.--,--.--,0,--.--,--.--,--.--,--.--,--.--,--.--,--.--,--.--,--.--,--.--,--.--,--.--,--.--,--.--,--.--,--.--,0,0.000,0.000,0.000,0.000,0.000,0.000,0.000,0.000,0.000,0.000,0.000,0.000,true,true,true,true,true,true,false,false,true,true,false,false,0.14,0.01,0.01,--.--,--.--,--.--,0.15,0.17,9223372036854775808,0,--.--,--.--,--.--,--.--,--.--,0,0,0,0,37.4119096,-121.9964932,10SEG 88805 41040,0.7,1.1,341.7,3,10,--.--,--.--,,--.--,--.--,--.--,0,0,--.--,--.--,0,-41.8,179.3,-19.9,4.6,-1.8,0.0,-41.8,179.4,-19.9,4.8,-1.5,-0.0,--.--,--.--,--.--,--.--,6.0,-0.5,17.1,29.1,-1.3,-30.0,288.15,--.--,--.--,0,0,0.0,0.0,0.0,0,0,0,--.--,--.--,--.--
2026-07-09 15:45:26.551,-7.5,-0.1,336,1.5,3.2,-17.0,4.6,4.2,0.000,0.1,19.8,57.6,56.6,19.897,0.000,0.000,0.000,196.5,00:01:20,182.2,39.4,1,--.--,0,282,--.--,0000:32:26,87,0,0,1,1,15.30,-1.00,-32,--.--,50,--.--,--:--:--,1,-15.30,15:45:26,20:45:26,7/9/26,--.--,--.--,--.--,--.--,--.--,--.--,--.--,--.--,--.--,--.--,--.--,--.--,0,--.--,--.--,--.--,--.--,--.--,--.--,--.--,--.--,--.--,--.--,--.--,--.--,--.--,--.--,--.--,--.--,0,0.000,0.000,0.000,0.000,0.000,0.000,0.000,0.000,0.000,0.000,0.000,0.000,true,true,true,true,true,true,false,false,true,true,false,false,0.10,0.01,0.01,0.89,--.--,--.--,0.15,0.17,9223372036854775808,0,--.--,--.--,--.--,--.--,--.--,0,0,0,0,37.4119476,-121.9965049,10SEG 88804 41045,0.7,1.1,347.9,3,10,--.--,--.--,,--.--,--.--,--.--,0,0,--.--,--.--,0,-37.5,178.3,-19.9,4.5,-1.3,-0.2,-37.2,177.9,-19.9,5.0,-1.9,0.0,--.--,--.--,--.--,--.--,-6.6,1.5,349.5,3.7,2.3,3.2,288.15,--.--,--.--,0,0,0.0,0.0,0.0,0,0,0,--.--,--.--,--.--
2026-07-09 15:45:27.551,-3.3,0.0,335,-3.2,-0.6,8.9,5.0,4.9,0.000,0.1,19.9,57.7,56.7,20.014,0.000,0.000,0.000,200.6,00:01:21,179.9,36.3,1,--.--,0,281,--.--,0000:32:26,86,0,0,1,1,15.30,-1.00,-32,--.--,50,--.--,--:--:--,1,-15.30,15:45:27,20:45:27,7/9/26,--.--,--.--,--.--,--.--,--.--,--.--,--.--,--.--,--.--,--.--,--.--,--.--,0,--.--,--.--,--.--,--.--,--.--,--.--,--.--,--.--,--.--,--.--,--.--,--.--,--.--,--.--,--.--,--.--,0,0.000,0.000,0.000,0.000,0.000,0.000,0.000,0.000,0.000,0.000,0.000,0.000,true,true,true,true,true,true,false,false,true,true,false,false,0.10,0.01,0.01,0.89,--.--,--.--,0.15,0.17,9223372036854775808,0,--.--,--.--,--.--,--.--,--.--,0,0,0,0,37.4119872,-121.9965201,10SEG 88802 41049,0.7,1.1,340.4,3,10,--.--,--.--,,--.--,--.--,--.--,0,0,--.--,--.--,0,-33.1,176.8,-20.0,4.7,-1.8,-0.1,-32.9,176.5,-19.9,4.9,-1.8,0.1,--.--,--.--,--.--,--.--,-4.3,0.5,341.6,-4.6,-0.1,10.3,288.15,--.--,--.--,0,0,0.0,0.0,0.0,0,0,0,--.--,--.--,--.--
2026-07-09 15:45:28.551,-1.8,0.1,344,8.0,-0.8,5.7,5.3,5.2,0.000,-0.1,20.0,57.8,56.8,19.912,0.000,0.000,0.000,206.8,00:01:22,177.3,33.4,1,--.--,0,279,--.--,0000:32:26,85,0,0,1,1,15.30,-1.00,-33,--.--,50,--.--,--:--:--,1,-15.30,15:45:28,20:45:28,7/9/26,--.--,--.--,--.--,--.--,--.--,--.--,--.--,--.--,--.--,--.--,--.--,--.--,0,--.--,--.--,--.--,--.--,--.--,--.--,--.--,--.--,--.--,--.--,--.--,--.--,--.--,--.--,--.--,--.--,0,0.000,0.000,0.000,0.000,0.000,0.000,0.000,0.000,0.000,0.000,0.000,0.000,true,true,true,true,true,true,false,false,true,true,false,false,0.05,0.01,0.01,0.27,--.--,--.--,0.15,0.17,9223372036854775808,0,--.--,--.--,--.--,--.--,--.--,0,0,0,0,37.4120318,-121.9965409,10SEG 88800 41054,0.7,1.1,338.5,3,10,--.--,--.--,,--.--,--.--,--.--,0,0,--.--,--.--,0,-28.2,175.0,-19.9,4.9,-2.0,0.1,-28.3,175.0,-19.9,4.7,-1.6,-0.0,--.--,--.--,--.--,--.--,0.0,0.0,341.6,8.8,-0.2,-5.3,288.15,--.--,--.--,0,0,0.0,0.0,0.0,0,0,0,--.--,--.--,--.--
2026-07-09 15:45:29.551,-1.8,-0.1,345,-6.0,0.4,-2.8,5.3,5.3,0.000,-0.0,19.8,57.6,57.6,19.757,0.000,0.000,0.000,210.9,00:01:23,174.8,33.2,1,--.--,0,278,--.--,0000:32:26,83,0,0,1,1,15.30,-1.00,-33,--.--,50,--.--,--:--:--,1,-15.30,15:45:29,20:45:29,7/9/26,--.--,--.--,--.--,--.--,--.--,--.--,--.--,--.--,--.--,--.--,--.--,--.--,0,--.--,--.--,--.--,--.--,--.--,--.--,--.--,--.--,--.--,--.--,--.--,--.--,--.--,--.--,--.--,--.--,0,0.000,0.000,0.000,0.000,0.000,0.000,0.000,0.000,0.000,0.000,0.000,0.000,true,true,true,true,true,true,false,false,true,true,false,false,0.05,0.01,0.01,0.27,--.--,--.--,0.15,0.17,9223372036854775808,0,--.--,--.--,--.--,--.--,--.--,0,0,0,0,37.4120767,-121.9965611,10SEG 88799 41059,0.7,1.1,342.3,3,10,--.--,--.--,,--.--,--.--,--.--,0,0,--.--,--.--,0,-23.2,173.3,-19.8,5.0,-1.6,0.0,-23.6,173.4,-19.9,4.4,-1.5,-0.1,--.--,--.--,--.--,--.--,-2.7,-0.2,341.7,-4.2,0.1,-5.6,288.15,--.--,--.--,0,0,0.0,0.0,0.0,0,0,0,--.--,--.--,--.--
2026-07-09 15:45:30.551,-1.9,3.7,342,2.8,-7.8,-1.4,4.9,5.2,0.000,0.1,19.7,57.5,57.5,19.704,0.000,0.000,0.000,217.1,00:01:24,172.7,35.6,1,--.--,0,276,--.--,0000:32:26,83,0,0,1,1,15.30,-1.00,-33,--.--,50,--.--,--:--:--,1,-15.30,15:45:30,20:45:30,7/9/26,--.--,--.--,--.--,--.--,--.--,--.--,--.--,--.--,--.--,--.--,--.--,--.--,0,--.--,--.--,--.--,--.--,--.--,--.--,--.--,--.--,--.--,--.--,--.--,--.--,--.--,--.--,--.--,--.--,0,0.000,0.000,0.000,0.000,0.000,0.000,0.000,0.000,0.000,0.000,0.000,0.000,true,true,true,true,true,true,false,false,true,true,false,false,0.02,0.01,0.01,0.08,--.--,--.--,0.15,0.17,9223372036854775808,0,--.--,--.--,--.--,--.--,--.--,0,0,0,0,37.4121203,-121.9965791,10SEG 88797 41064,0.7,1.1,341.1,3,10,--.--,--.--,,--.--,--.--,--.--,0,0,--.--,--.--,0,-18.3,171.7,-19.7,4.5,-1.5,-0.1,-18.8,171.8,-19.9,4.4,-1.5,-0.2,--.--,--.--,--.--,--.--,-1.6,0.9,341.7,1.7,-10.8,-1.9,288.15,--.--,--.--,0,0,0.0,0.0,0.0,0,0,0,--.--,--.--,--.--
2026-07-09 15:45:31.552,-2.7,0.1,342,-0.9,0.9,-0.9,4.5,4.6,0.000,0.1,19.7,57.5,57.5,19.715,0.000,0.000,0.000,221.3,00:01:25,170.8,37.9,1,--.--,0,275,--.--,0000:32:26,84,0,0,1,1,15.30,-1.00,-33,--.--,50,--.--,--:--:--,1,-15.30,15:45:31,20:45:31,7/9/26,--.--,--.--,--.--,--.--,--.--,--.--,--.--,--.--,--.--,--.--,--.--,--.--,0,--.--,--.--,--.--,--.--,--.--,--.--,--.--,--.--,--.--,--.--,--.--,--.--,--.--,--.--,--.--,--.--,0,0.000,0.000,0.000,0.000,0.000,0.000,0.000,0.000,0.000,0.000,0.000,0.000,true,true,true,true,true,true,false,false,true,true,false,false,0.02,0.01,0.01,0.08,--.--,--.--,0.15,0.17,9223372036854775808,0,--.--,--.--,--.--,--.--,--.--,0,0,0,0,37.4121597,-121.9965957,10SEG 88795 41068,0.7,1.1,341.8,3,10,--.--,--.--,,--.--,--.--,--.--,0,0,--.--,--.--,0,-14.0,170.3,-19.8,4.3,-1.4,-0.2,-14.1,170.3,-19.9,4.7,-1.6,-0.2,--.--,--.--,--.--,--.--,-2.8,-0.0,341.7,-0.3,-0.5,-0.7,288.15,--.--,--.--,0,0,0.0,0.0,0.0,0,0,0,--.--,--.--,--.--
2026-07-09 15:45:32.552,-2.1,-0.0,340,-0.2,0.2,-1.0,4.7,4.4,0.000,0.2,19.7,57.5,57.5,19.808,0.000,0.000,0.000,225.3,00:01:26,169.0,35.8,1,--.--,0,273,--.--,0000:32:26,86,0,0,1,1,15.30,-1.00,-34,--.--,50,--.--,--:--:--,1,-15.30,15:45:32,20:45:32,7/9/26,--.--,--.--,--.--,--.--,--.--,--.--,--.--,--.--,--.--,--.--,--.--,--.--,0,--.--,--.--,--.--,--.--,--.--,--.--,--.--,--.--,--.--,--.--,--.--,--.--,--.--,--.--,--.--,--.--,0,0.000,0.000,0.000,0.000,0.000,0.000,0.000,0.000,0.000,0.000,0.000,0.000,true,true,true,true,true,true,false,false,true,true,false,false,0.03,0.00,0.01,0.08,--.--,--.--,0.15,0.17,9223372036854775808,0,--.--,--.--,--.--,--.--,--.--,0,0,0,0,37.4122006,-121.9966129,10SEG 88794 41073,0.7,1.1,341.3,3,10,--.--,--.--,,--.--,--.--,--.--,0,0,--.--,--.--,0,-9.5,168.8,-19.9,4.6,-1.5,-0.2,-9.4,168.7,-19.9,4.8,-1.6,-0.1,--.--,--.--,--.--,--.--,-2.4,0.0,341.7,-1.2,0.1,1.4,288.15,--.--,--.--,0,0,0.0,0.0,0.0,0,0,0,--.--,--.--,--.--
2026-07-09 15:45:33.551,-3.0,-0.0,340,-0.5,0.1,1.0,5.1,5.0,0.000,0.1,19.8,57.6,57.5,19.838,0.000,0.000,0.000,231.4,00:01:27,167.3,32.9,1,--.--,0,272,--.--,0000:32:26,85,0,0,1,1,15.30,-1.00,-34,--.--,50,--.--,--:--:--,1,-15.30,15:45:33,20:45:33,7/9/26,--.--,--.--,--.--,--.--,--.--,--.--,--.--,--.--,--.--,--.--,--.--,--.--,0,--.--,--.--,--.--,--.--,--.--,--.--,--.--,--.--,--.--,--.--,--.--,--.--,--.--,--.--,--.--,--.--,0,0.000,0.000,0.000,0.000,0.000,0.000,0.000,0.000,0.000,0.000,0.000,0.000,true,true,true,true,true,true,false,false,true,true,false,false,0.03,0.00,0.01,0.08,--.--,--.--,0.15,0.17,9223372036854775808,0,--.--,--.--,--.--,--.--,--.--,0,0,0,0,37.4122428,-121.9966301,10SEG 88792 41077,0.7,1.1,341.8,3,10,--.--,--.--,,--.--,--.--,--.--,0,0,--.--,--.--,0,-4.7,167.2,-19.9,4.9,-1.6,-0.1,-4.7,167.2,-19.9,4.7,-1.6,-0.0,--.--,--.--,--.--,--.--,-3.0,0.0,341.7,-0.2,0.0,1.5,288.15,--.--,--.--,0,0,0.0,0.0,0.0,0,0,0,--.--,--.--,--.--
2026-07-09 15:45:34.551,-1.6,-0.0,342,0.7,-0.1,1.2,5.2,5.2,0.000,0.0,19.8,57.6,57.6,19.775,0.000,0.000,0.000,235.5,00:01:28,165.5,32.1,1,--.--,0,270,--.--,0000:32:26,83,0,0,1,1,15.30,-1.00,-35,--.--,50,--.--,--:--:--,1,-15.30,15:45:34,20:45:34,7/9/26,--.--,--.--,--.--,--.--,--.--,--.--,--.--,--.--,--.--,--.--,--.--,--.--,0,--.--,--.--,--.--,--.--,--.--,--.--,--.--,--.--,--.--,--.--,--.--,--.--,--.--,--.--,--.--,--.--,0,0.000,0.000,0.000,0.000,0.000,0.000,0.000,0.000,0.000,0.000,0.000,0.000,true,true,true,true,true,true,false,false,true,true,false,false,0.03,0.01,0.01,0.04,--.--,--.--,0.15,0.17,9223372036854775808,0,--.--,--.--,--.--,--.--,--.--,0,0,0,0,37.4122867,-121.9966487,10SEG 88791 41082,0.7,1.1,341.1,3,10,--.--,--.--,,--.--,--.--,--.--,0,0,--.--,--.--,0,0.2,165.5,-19.8,4.9,-1.7,-0.0,0.0,165.6,-19.9,4.6,-1.5,-0.1,--.--,--.--,--.--,--.--,-1.6,-0.0,341.7,0.1,0.1,-0.6,288.15,--.--,--.--,0,0,0.0,0.0,0.0,0,0,0,--.--,--.--,--.--
2026-07-09 15:45:35.551,-2.4,0.0,342,-0.4,-0.0,-0.0,5.0,5.0,0.000,0.1,19.7,57.5,57.5,19.736,0.000,0.000,0.000,241.6,00:01:29,164.0,32.7,1,--.--,0,268,--.--,0000:32:26,83,0,0,1,1,15.30,-1.00,-35,--.--,50,--.--,--:--:--,1,-15.30,15:45:35,20:45:35,7/9/26,--.--,--.--,--.--,--.--,--.--,--.--,--.--,--.--,--.--,--.--,--.--,--.--,0,--.--,--.--,--.--,--.--,--.--,--.--,--.--,--.--,--.--,--.--,--.--,--.--,--.--,--.--,--.--,--.--,0,0.000,0.000,0.000,0.000,0.000,0.000,0.000,0.000,0.000,0.000,0.000,0.000,true,true,true,true,true,true,false,false,true,true,false,false,0.03,0.01,0.01,0.04,--.--,--.--,0.15,0.17,9223372036854775808,0,--.--,--.--,--.--,--.--,--.--,0,0,0,0,37.4123309,-121.9966672,10SEG 88789 41087,0.7,1.1,341.9,3,10,--.--,--.--,,--.--,--.--,--.--,0,0,--.--,--.--,0,5.0,163.9,-19.8,4.7,-1.6,-0.1,4.8,164.0,-19.9,4.5,-1.5,-0.1,--.--,--.--,--.--,--.--,-2.4,-0.0,341.7,0.1,-0.1,-1.7,288.15,--.--,--.--,0,0,0.0,0.0,0.0,0,0,0,--.--,--.--,--.--
2026-07-09 15:45:36.551,-2.0,0.0,342,0.3,-0.0,-0.9,4.8,5.1,0.000,0.1,19.7,57.5,57.5,19.741,0.000,0.000,0.000,245.8,00:01:30,162.7,33.6,1,--.--,0,267,--.--,0000:32:26,83,0,0,1,1,15.30,-1.00,-35,--.--,50,--.--,--:--:--,1,-15.30,15:45:36,20:45:36,7/9/26,--.--,--.--,--.--,--.--,--.--,--.--,--.--,--.--,--.--,--.--,--.--,--.--,0,--.--,--.--,--.--,--.--,--.--,--.--,--.--,--.--,--.--,--.--,--.--,--.--,--.--,--.--,--.--,--.--,0,0.000,0.000,0.000,0.000,0.000,0.000,0.000,0.000,0.000,0.000,0.000,0.000,true,true,true,true,true,true,false,false,true,true,false,false,0.02,0.01,0.01,0.03,--.--,--.--,0.15,0.17,9223372036854775808,0,--.--,--.--,--.--,--.--,--.--,0,0,0,0,37.4123726,-121.9966846,10SEG 88787 41092,0.7,1.1,341.7,3,10,--.--,--.--,,--.--,--.--,--.--,0,0,--.--,--.--,0,9.7,162.4,-19.8,4.6,-1.5,-0.1,9.5,162.4,-19.9,4.6,-1.5,-0.1,--.--,--.--,--.--,--.--,-2.0,-0.0,341.7,-0.2,-0.0,-0.8,288.15,--.--,--.--,0,0,0.0,0.0,0.0,0,0,0,--.--,--.--,--.--
2026-07-09 15:45:37.551,-2.5,0.0,341,-0.2,0.0,-0.8,4.8,5.2,0.000,0.1,19.7,57.5,57.5,19.791,0.000,0.000,0.000,251.9,00:01:31,161.6,33.6,1,--.--,0,265,--.--,0000:32:26,85,0,0,1,1,15.30,-1.00,-35,--.--,50,--.--,--:--:--,1,-15.30,15:45:37,20:45:37,7/9/26,--.--,--.--,--.--,--.--,--.--,--.--,--.--,--.--,--.--,--.--,--.--,--.--,0,--.--,--.--,--.--,--.--,--.--,--.--,--.--,--.--,--.--,--.--,--.--,--.--,--.--,--.--,--.--,--.--,0,0.000,0.000,0.000,0.000,0.000,0.000,0.000,0.000,0.000,0.000,0.000,0.000,true,true,true,true,true,true,false,false,true,true,false,false,0.02,0.01,0.01,0.03,--.--,--.--,0.15,0.17,9223372036854775808,0,--.--,--.--,--.--,--.--,--.--,0,0,0,0,37.4124132,-121.9967008,10SEG 88786 41096,0.7,1.1,341.6,3,10,--.--,--.--,,--.--,--.--,--.--,0,0,--.--,--.--,0,14.2,160.9,-19.8,4.6,-1.5,-0.1,14.3,160.9,-19.9,4.8,-1.6,-0.1,--.--,--.--,--.--,--.--,-2.6,0.0,341.6,-0.2,-0.0,0.6,288.15,--.--,--.--,0,0,0.0,0.0,0.0,0,0,0,--.--,--.--,--.--
2026-07-09 15:45:38.551,-2.4,-0.0,340,-0.1,-0.0,0.1,5.0,4.7,0.000,0.1,19.8,57.6,57.6,19.849,0.000,0.000,0.000,256.0,00:01:32,160.5,32.3,1,--.--,0,263,--.--,0000:32:26,85,0,0,1,1,15.30,-1.00,-36,--.--,50,--.--,--:--:--,1,-15.30,15:45:38,20:45:38,7/9/26,--.--,--.--,--.--,--.--,--.--,--.--,--.--,--.--,--.--,--.--,--.--,--.--,0,--.--,--.--,--.--,--.--,--.--,--.--,--.--,--.--,--.--,--.--,--.--,--.--,--.--,--.--,--.--,--.--,0,0.000,0.000,0.000,0.000,0.000,0.000,0.000,0.000,0.000,0.000,0.000,0.000,true,true,true,true,true,true,false,false,true,true,false,false,0.02,0.01,0.01,0.02,--.--,--.--,0.15,0.17,9223372036854775808,0,--.--,--.--,--.--,--.--,--.--,0,0,0,0,37.4124562,-121.9967184,10SEG 88784 41101,0.7,1.1,342.1,3,10,--.--,--.--,,--.--,--.--,--.--,0,0,--.--,--.--,0,18.9,159.4,-19.9,4.7,-1.6,-0.1,18.9,159.3,-19.9,4.8,-1.6,-0.0,--.--,--.--,--.--,--.--,-2.5,0.0,341.6,-0.6,0.0,1.1,288.15,--.--,--.--,0,0,0.0,0.0,0.0,0,0,0,--.--,--.--,--.--
2026-07-09 15:45:39.551,-2.2,0.0,341,1.3,-0.1,0.6,5.1,4.9,0.000,0.0,19.8,57.6,57.6,19.847,0.000,0.000,0.000,260.1,00:01:33,159.6,31.4,1,--.--,0,261,--.--,0000:32:26,84,0,0,1,1,15.30,-1.00,-36,--.--,50,--.--,--:--:--,1,-15.30,15:45:39,20:45:39,7/9/26,--.--,--.--,--.--,--.--,--.--,--.--,--.--,--.--,--.--,--.--,--.--,--.--,0,--.--,--.--,--.--,--.--,--.--,--.--,--.--,--.--,--.--,--.--,--.--,--.--,--.--,--.--,--.--,--.--,0,0.000,0.000,0.000,0.000,0.000,0.000,0.000,0.000,0.000,0.000,0.000,0.000,true,true,true,true,true,true,false,false,true,true,false,false,0.02,0.01,0.01,0.02,--.--,--.--,0.15,0.17,9223372036854775808,0,--.--,--.--,--.--,--.--,--.--,0,0,0,0,37.4124985,-121.9967363,10SEG 88783 41106,0.7,1.1,341.4,3,10,--.--,--.--,,--.--,--.--,--.--,0,0,--.--,--.--,0,23.7,157.8,-19.9,4.8,-1.7,-0.0,23.7,157.8,-19.9,4.7,-1.6,-0.0,--.--,--.--,--.--,--.--,-2.0,0.0,341.6,1.0,-0.0,0.3,288.15,--.--,--.--,0,0,0.0,0.0,0.0,0,0,0,--.--,--.--,--.--
2026-07-09 15:45:40.551,-2.4,0.0,341,-0.6,0.0,0.3,5.1,4.7,0.000,-0.0,19.8,57.6,57.6,19.826,0.000,0.000,0.000,266.2,00:01:34,158.8,31.1,1,--.--,0,260,--.--,0000:32:26,84,0,0,1,1,15.30,-1.00,-36,--.--,50,--.--,--:--:--,1,-15.30,15:45:40,20:45:40,7/9/26,--.--,--.--,--.--,--.--,--.--,--.--,--.--,--.--,--.--,--.--,--.--,--.--,0,--.--,--.--,--.--,--.--,--.--,--.--,--.--,--.--,--.--,--.--,--.--,--.--,--.--,--.--,--.--,--.--,0,0.000,0.000,0.000,0.000,0.000,0.000,0.000,0.000,0.000,0.000,0.000,0.000,true,true,true,true,true,true,false,false,true,true,false,false,0.02,0.01,0.01,0.03,--.--,--.--,0.15,0.17,9223372036854775808,0,--.--,--.--,--.--,--.--,--.--,0,0,0,0,37.4125415,-121.9967540,10SEG 88781 41110,0.7,1.1,341.6,3,10,--.--,--.--,,--.--,--.--,--.--,0,0,--.--,--.--,0,28.5,156.2,-19.8,4.8,-1.6,0.0,28.4,156.2,-19.9,4.7,-1.6,-0.0,--.--,--.--,--.--,--.--,-2.4,-0.0,341.6,-0.2,-0.0,-0.5,288.15,--.--,--.--,0,0,0.0,0.0,0.0,0,0,0,--.--,--.--,--.--
2026-07-09 15:45:41.551,-2.1,0.0,342,0.7,-0.0,-0.1,5.0,4.9,0.000,0.0,19.8,57.6,57.6,19.800,0.000,0.000,0.000,270.3,00:01:35,158.2,31.5,1,--.--,0,258,--.--,0000:32:26,83,0,0,1,1,15.30,-1.00,-36,--.--,50,--.--,--:--:--,1,-15.30,15:45:41,20:45:41,7/9/26,--.--,--.--,--.--,--.--,--.--,--.--,--.--,--.--,--.--,--.--,--.--,--.--,0,--.--,--.--,--.--,--.--,--.--,--.--,--.--,--.--,--.--,--.--,--.--,--.--,--.--,--.--,--.--,--.--,0,0.000,0.000,0.000,0.000,0.000,0.000,0.000,0.000,0.000,0.000,0.000,0.000,true,true,true,true,true,true,false,false,true,true,false,false,0.02,0.01,0.01,0.03,--.--,--.--,0.15,0.17,9223372036854775808,0,--.--,--.--,--.--,--.--,--.--,0,0,0,0,37.4125839,-121.9967721,10SEG 88779 41115,0.7,1.1,341.0,3,10,--.--,--.--,,--.--,--.--,--.--,0,0,--.--,--.--,0,33.3,154.6,-19.8,4.7,-1.6,-0.0,33.2,154.6,-19.9,4.6,-1.6,-0.1,--.--,--.--,--.--,--.--,-2.0,-0.0,341.6,0.7,-0.1,-0.6,288.15,--.--,--.--,0,0,0.0,0.0,0.0,0,0,0,--.--,--.--,--.--
2026-07-09 15:45:42.551,-1.9,0.0,341,-0.5,-0.0,-0.3,4.9,4.8,0.000,0.0,19.8,57.6,54.6,19.798,0.000,0.000,0.000,276.5,00:01:36,157.7,31.9,1,--.--,0,256,--.--,0000:32:26,84,0,0,1,1,15.30,-1.00,-37,--.--,50,--.--,--:--:--,1,-15.30,15:45:42,20:45:42,7/9/26,--.--,--.--,--.--,--.--,--.--,--.--,--.--,--.--,--.--,--.--,--.--,--.--,0,--.--,--.--,--.--,--.--,--.--,--.--,--.--,--.--,--.--,--.--,--.--,--.--,--.--,--.--,--.--,--.--,0,0.000,0.000,0.000,0.000,0.000,0.000,0.000,0.000,0.000,0.000,0.000,0.000,true,true,true,true,true,true,false,false,true,true,false,false,0.02,0.01,0.01,0.02,--.--,--.--,0.15,0.17,9223372036854775808,0,--.--,--.--,--.--,--.--,--.--,0,0,0,0,37.4126275,-121.9967909,10SEG 88778 41120,0.7,1.1,341.1,3,10,--.--,--.--,,--.--,--.--,--.--,0,0,--.--,--.--,0,38.0,153.0,-19.8,4.7,-1.6,-0.0,37.9,153.0,-19.9,4.7,-1.6,-0.0,--.--,--.--,--.--,--.--,-2.0,-0.0,341.7,-0.4,-0.0,-0.3,288.15,--.--,--.--,0,0,0.0,0.0,0.0,0,0,0,--.--,--.--,--.--
2026-07-09 15:45:43.551,-2.1,-0.0,341,-0.4,0.0,-0.3,4.9,5.2,0.000,0.0,19.8,57.6,54.6,19.815,0.000,0.000,0.000,280.7,00:01:37,157.4,31.9,1,--.--,0,254,--.--,0000:32:26,84,0,0,1,1,15.30,-1.00,-37,--.--,50,--.--,--:--:--,1,-15.30,15:45:43,20:45:43,7/9/26,--.--,--.--,--.--,--.--,--.--,--.--,--.--,--.--,--.--,--.--,--.--,--.--,0,--.--,--.--,--.--,--.--,--.--,--.--,--.--,--.--,--.--,--.--,--.--,--.--,--.--,--.--,--.--,--.--,0,0.000,0.000,0.000,0.000,0.000,0.000,0.000,0.000,0.000,0.000,0.000,0.000,true,true,true,true,true,true,false,false,true,true,false,false,0.02,0.01,0.01,0.02,--.--,--.--,0.15,0.17,9223372036854775808,0,--.--,--.--,--.--,--.--,--.--,0,0,0,0,37.4126690,-121.9968086,10SEG 88776 41124,0.7,1.1,341.0,3,10,--.--,--.--,,--.--,--.--,--.--,0,0,--.--,--.--,0,42.7,151.5,-19.8,4.7,-1.6,-0.0,42.7,151.5,-19.9,4.7,-1.6,-0.0,--.--,--.--,--.--,--.--,-2.1,0.0,341.7,-0.1,0.0,0.2,288.15,--.--,--.--,0,0,0.0,0.0,0.0,0,0,0,--.--,--.--,--.--
2026-07-09 15:45:44.551,-2.0,-0.0,341,-0.5,0.0,0.1,5.0,4.6,0.000,0.0,19.8,57.6,54.6,19.826,0.000,0.000,0.000,286.9,00:01:38,157.2,31.5,1,--.--,0,252,--.--,0000:32:26,84,0,0,1,1,15.30,-1.00,-37,--.--,50,--.--,--:--:--,1,-15.30,15:45:44,20:45:44,7/9/26,--.--,--.--,--.--,--.--,--.--,--.--,--.--,--.--,--.--,--.--,--.--,--.--,0,--.--,--.--,--.--,--.--,--.--,--.--,--.--,--.--,--.--,--.--,--.--,--.--,--.--,--.--,--.--,--.--,0,0.000,0.000,0.000,0.000,0.000,0.000,0.000,0.000,0.000,0.000,0.000,0.000,true,true,true,true,true,true,false,false,true,true,false,false,0.01,0.01,0.01,0.02,--.--,--.--,0.15,0.17,9223372036854775808,0,--.--,--.--,--.--,--.--,--.--,0,0,0,0,37.4127105,-121.9968256,10SEG 88774 41129,0.7,1.1,341.5,3,10,--.--,--.--,,--.--,--.--,--.--,0,0,--.--,--.--,0,47.4,149.9,-19.9,4.8,-1.6,-0.0,47.4,149.9,-19.9,4.7,-1.6,-0.0,--.--,--.--,--.--,--.--,-2.1,0.0,341.7,-0.7,0.0,0.4,288.15,--.--,--.--,0,0,0.0,0.0,0.0,0,0,0,--.--,--.--,--.--
2026-07-09 15:45:45.551,0.2,3.3,341,-6.4,35.0,2.1,5.0,4.7,0.000,0.4,19.8,57.6,54.6,19.884,0.000,0.000,0.000,291.1,00:01:39,157.3,31.7,1,--.--,0,251,--.--,0000:32:26,89,0,0,1,1,15.30,-1.00,-37,--.--,50,--.--,--:--:--,1,-15.30,15:45:45,20:45:45,7/9/26,--.--,--.--,--.--,--.--,--.--,--.--,--.--,--.--,--.--,--.--,--.--,--.--,0,--.--,--.--,--.--,--.--,--.--,--.--,--.--,--.--,--.--,--.--,--.--,--.--,--.--,--.--,--.--,--.--,0,0.000,0.000,0.000,0.000,0.000,0.000,0.000,0.000,0.000,0.000,0.000,0.000,true,true,true,true,true,true,false,false,true,true,false,false,0.01,0.01,0.01,0.02,--.--,--.--,0.15,0.17,9223372036854775808,0,--.--,--.--,--.--,--.--,--.--,0,0,0,0,37.4127549,-121.9968441,10SEG 88773 41134,0.7,1.1,342.6,3,10,--.--,--.--,,--.--,--.--,--.--,0,0,--.--,--.--,0,52.2,148.4,-20.0,4.7,-1.4,-0.7,51.9,148.4,-20.0,3.8,-1.1,-0.6,--.--,--.--,--.--,--.--,-2.0,18.1,342.0,-10.5,57.9,0.3,288.15,--.--,--.--,0,0,0.0,0.0,0.0,0,0,0,--.--,--.--,--.--
2026-07-09 15:45:46.552,-1.6,16.1,343,2.5,-59.7,0.2,0.9,2.2,0.000,1.5,20.0,57.8,54.8,21.108,0.000,0.000,0.000,293.1,00:01:40,157.4,169.3,1,--.--,0,250,--.--,0000:32:26,91,0,0,1,1,15.30,-1.00,-38,--.--,50,--.--,--:--:--,1,-15.30,15:45:46,20:45:46,7/9/26,--.--,--.--,--.--,--.--,--.--,--.--,--.--,--.--,--.--,--.--,--.--,--.--,0,--.--,--.--,--.--,--.--,--.--,--.--,--.--,--.--,--.--,--.--,--.--,--.--,--.--,--.--,--.--,--.--,0,0.000,0.000,0.000,0.000,0.000,0.000,0.000,0.000,0.000,0.000,0.000,0.000,true,true,true,true,true,true,false,false,true,true,false,false,0.04,0.01,0.00,0.06,--.--,--.--,0.15,0.17,9223372036854775808,0,--.--,--.--,--.--,--.--,--.--,0,0,0,0,37.4127832,-121.9968553,10SEG 88772 41137,0.7,1.1,337.9,3,10,--.--,--.--,,--.--,--.--,--.--,0,0,--.--,--.--,0,54.6,147.6,-21.4,0.2,-0.2,-1.7,54.5,147.6,-21.3,1.0,-0.4,-1.8,--.--,--.--,--.--,--.--,-1.4,2.9,343.8,0.8,-50.7,-1.0,288.15,--.--,--.--,0,0,0.0,0.0,0.0,0,0,0,--.--,--.--,--.--
2026-07-09 15:45:47.551,-1.7,22.7,343,6.6,37.8,0.7,0.7,1.4,0.000,3.0,21.5,59.3,56.3,23.512,0.000,0.000,0.000,293.1,00:01:41,157.2,236.0,1,--.--,0,250,--.--,0000:32:26,83,0,0,1,1,15.30,-1.00,-38,--.--,50,--.--,--:--:--,1,-15.30,15:45:47,20:45:47,7/9/26,--.--,--.--,--.--,--.--,--.--,--.--,--.--,--.--,--.--,--.--,--.--,--.--,0,--.--,--.--,--.--,--.--,--.--,--.--,--.--,--.--,--.--,--.--,--.--,--.--,--.--,--.--,--.--,--.--,0,0.000,0.000,0.000,0.000,0.000,0.000,0.000,0.000,0.000,0.000,0.000,0.000,true,true,true,true,true,true,false,false,true,true,false,false,0.04,0.01,0.00,0.06,--.--,--.--,0.15,0.17,9223372036854775808,0,--.--,--.--,--.--,--.--,--.--,0,0,0,0,37.4127846,-121.9968563,10SEG 88772 41137,0.7,1.1,180.6,3,10,--.--,--.--,,--.--,--.--,--.--,0,0,--.--,--.--,0,54.2,147.6,-24.0,-1.1,0.2,-2.9,54.1,147.6,-23.8,-1.9,0.4,-2.8,--.--,--.--,--.--,--.--,0.1,23.5,343.9,8.4,2.1,0.0,288.15,--.--,--.--,0,0,0.0,0.0,0.0,0,0,0,--.--,--.--,--.--
2026-07-09 15:45:48.551,-3.6,-2.7,343,4.8,4.6,-2.5,3.1,-3.1,0.000,2.3,24.2,62.0,59.0,26.036,0.000,0.000,0.000,293.1,00:01:42,157.2,51.3,1,--.--,0,251,--.--,0000:32:26,87,0,0,1,1,15.30,-1.00,-38,--.--,50,--.--,--:--:--,1,-15.30,15:45:48,20:45:48,7/9/26,--.--,--.--,--.--,--.--,--.--,--.--,--.--,--.--,--.--,--.--,--.--,--.--,0,--.--,--.--,--.--,--.--,--.--,--.--,--.--,--.--,--.--,--.--,--.--,--.--,--.--,--.--,--.--,--.--,0,0.000,0.000,0.000,0.000,0.000,0.000,0.000,0.000,0.000,0.000,0.000,0.000,true,true,true,true,true,true,false,false,true,true,false,false,0.04,0.01,0.01,--.--,--.--,--.--,0.15,0.17,9223372036854775808,0,--.--,--.--,--.--,--.--,--.--,0,0,0,0,37.4127664,-121.9968491,10SEG 88772 41135,0.7,1.1,161.0,3,10,--.--,--.--,,--.--,--.--,--.--,0,0,--.--,--.--,0,51.8,148.4,-26.4,-2.7,0.9,-2.2,52.0,148.3,-26.4,-1.7,0.5,-2.2,--.--,--.--,--.--,--.--,-1.7,0.0,343.0,9.5,10.6,-0.6,288.15,--.--,--.--,0,0,0.0,0.0,0.0,0,0,0,--.--,--.--,--.--
2026-07-09 15:45:49.551,-2.9,0.1,338,1.3,-0.7,-5.8,1.5,-1.4,0.000,1.4,26.6,64.3,61.3,27.827,0.000,0.000,0.000,295.2,00:01:43,157.2,106.8,1,--.--,0,251,--.--,0000:32:26,89,0,0,1,1,15.30,-1.00,-38,--.--,50,--.--,--:--:--,1,-15.30,15:45:49,20:45:49,7/9/26,--.--,--.--,--.--,--.--,--.--,--.--,--.--,--.--,--.--,--.--,--.--,--.--,0,--.--,--.--,--.--,--.--,--.--,--.--,--.--,--.--,--.--,--.--,--.--,--.--,--.--,--.--,--.--,--.--,0,0.000,0.000,0.000,0.000,0.000,0.000,0.000,0.000,0.000,0.000,0.000,0.000,true,true,true,true,true,true,false,false,true,true,false,false,0.04,0.01,0.01,--.--,--.--,--.--,0.15,0.17,9223372036854775808,0,--.--,--.--,--.--,--.--,--.--,0,0,0,0,37.4127504,-121.9968420,10SEG 88773 41133,0.7,1.1,159.5,3,10,--.--,--.--,,--.--,--.--,--.--,0,0,--.--,--.--,0,50.3,149.0,-28.0,-1.1,0.5,-1.2,50.8,148.7,-27.9,-0.4,0.1,-0.9,--.--,--.--,--.--,--.--,-2.0,-0.0,338.2,4.3,-0.1,-1.0,288.15,--.--,--.--,0,0,0.0,0.0,0.0,0,0,0,--.--,--.--,--.--
2026-07-09 15:45:50.551,-2.8,0.0,333,-3.4,0.1,-3.4,0.2,0.3,0.000,0.6,28.1,65.9,62.9,28.731,0.000,0.000,0.000,295.2,00:01:44,157.3,755.0,1,--.--,0,252,--.--,0000:32:26,87,0,0,1,1,15.30,-1.00,-39,--.--,50,--.--,--:--:--,1,-15.30,15:45:50,20:45:50,7/9/26,--.--,--.--,--.--,--.--,--.--,--.--,--.--,--.--,--.--,--.--,--.--,--.--,0,--.--,--.--,--.--,--.--,--.--,--.--,--.--,--.--,--.--,--.--,--.--,--.--,--.--,--.--,--.--,--.--,0,0.000,0.000,0.000,0.000,0.000,0.000,0.000,0.000,0.000,0.000,0.000,0.000,true,true,true,true,true,true,false,false,true,true,false,false,0.12,0.02,0.00,0.26,--.--,--.--,0.15,0.17,9223372036854775808,0,--.--,--.--,--.--,--.--,--.--,0,0,0,0,37.4127445,-121.9968393,10SEG 88773 41133,0.7,1.1,152.9,3,10,--.--,--.--,,--.--,--.--,--.--,0,0,--.--,--.--,0,49.9,149.1,-28.8,-0.1,0.1,-0.5,50.1,149.0,-28.7,-0.3,0.0,-0.6,--.--,--.--,--.--,--.--,-3.0,-0.0,333.4,-0.8,-0.0,-2.2,288.15,--.--,--.--,0,0,0.0,0.0,0.0,0,0,0,--.--,--.--,--.--
2026-07-09 15:45:51.551,-1.6,-0.0,331,0.9,-0.0,0.3,0.2,-0.3,0.000,0.3,28.8,66.6,63.6,29.103,0.000,0.000,0.000,295.2,00:01:45,157.2,862.9,1,--.--,0,251,--.--,0000:32:26,83,0,0,1,1,15.30,-1.00,-39,--.--,50,--.--,--:--:--,1,-15.30,15:45:51,20:45:51,7/9/26,--.--,--.--,--.--,--.--,--.--,--.--,--.--,--.--,--.--,--.--,--.--,--.--,0,--.--,--.--,--.--,--.--,--.--,--.--,--.--,--.--,--.--,--.--,--.--,--.--,--.--,--.--,--.--,--.--,0,0.000,0.000,0.000,0.000,0.000,0.000,0.000,0.000,0.000,0.000,0.000,0.000,true,true,true,true,true,true,false,false,true,true,false,false,0.12,0.02,0.00,0.26,--.--,--.--,0.15,0.17,9223372036854775808,0,--.--,--.--,--.--,--.--,--.--,0,0,0,0,37.4127438,-121.9968395,10SEG 88773 41133,0.7,1.1,274.5,3,10,--.--,--.--,,--.--,--.--,--.--,0,0,--.--,--.--,0,49.9,149.0,-29.2,0.1,-0.2,-0.2,49.7,149.1,-29.3,-0.6,0.2,-0.5,--.--,--.--,--.--,--.--,-1.2,-0.0,331.4,2.2,0.0,-0.4,288.15,--.--,--.--,0,0,0.0,0.0,0.0,0,0,0,--.--,--.--,--.--
2026-07-09 15:45:52.551,-1.6,5.6,333,-1.2,1.9,2.9,0.1,1.7,0.000,0.3,29.1,66.9,63.6,29.362,0.000,0.000,0.000,295.2,00:01:46,157.1,1315.4,1,--.--,0,252,--.--,0000:32:26,83,0,0,1,1,15.30,-1.00,-40,--.--,50,--.--,--:--:--,1,-15.30,15:45:52,20:45:52,7/9/26,--.--,--.--,--.--,--.--,--.--,--.--,--.--,--.--,--.--,--.--,--.--,--.--,0,--.--,--.--,--.--,--.--,--.--,--.--,--.--,--.--,--.--,--.--,--.--,--.--,--.--,--.--,--.--,--.--,0,0.000,0.000,0.000,0.000,0.000,0.000,0.000,0.000,0.000,0.000,0.000,0.000,true,true,true,true,true,true,false,false,true,true,false,false,0.02,0.01,0.00,0.04,--.--,--.--,0.15,0.17,9223372036854775808,0,--.--,--.--,--.--,--.--,--.--,0,0,0,0,37.4127430,-121.9968404,10SEG 88773 41133,0.7,1.1,166.0,3,10,--.--,--.--,,--.--,--.--,--.--,0,0,--.--,--.--,0,49.9,149.0,-29.4,-0.2,0.1,-0.2,49.5,149.2,-29.6,-0.5,0.3,-0.4,--.--,--.--,--.--,--.--,-1.7,3.5,333.6,-0.4,-8.2,-0.8,288.15,--.--,--.--,0,0,0.0,0.0,0.0,0,0,0,--.--,--.--,--.--
2026-07-09 15:45:53.551,-1.9,-0.2,335,-0.7,2.2,0.3,0.6,-0.6,0.000,0.2,29.4,67.2,64.2,29.583,0.000,0.000,0.000,297.2,00:01:47,157.2,260.9,1,--.--,0,252,--.--,0000:32:26,85,0,0,1,1,15.30,-1.00,-40,--.--,50,--.--,--:--:--,1,-15.30,15:45:53,20:45:53,7/9/26,--.--,--.--,--.--,--.--,--.--,--.--,--.--,--.--,--.--,--.--,--.--,--.--,0,--.--,--.--,--.--,--.--,--.--,--.--,--.--,--.--,--.--,--.--,--.--,--.--,--.--,--.--,--.--,--.--,0,0.000,0.000,0.000,0.000,0.000,0.000,0.000,0.000,0.000,0.000,0.000,0.000,true,true,true,true,true,true,false,false,true,true,false,false,0.02,0.01,0.00,0.04,--.--,--.--,0.15,0.17,9223372036854775808,0,--.--,--.--,--.--,--.--,--.--,0,0,0,0,37.4127387,-121.9968378,10SEG 88773 41132,0.7,1.1,152.2,3,10,--.--,--.--,,--.--,--.--,--.--,0,0,--.--,--.--,0,49.3,149.3,-29.6,-0.5,0.3,-0.2,49.3,149.3,-29.7,-0.1,0.0,-0.3,--.--,--.--,--.--,--.--,-2.1,0.0,335.6,-0.8,0.7,-1.1,288.15,--.--,--.--,0,0,0.0,0.0,0.0,0,0,0,--.--,--.--,--.--
2026-07-09 15:45:54.552,-2.1,0.0,334,1.2,0.1,-2.8,0.3,0.7,0.000,0.2,29.6,67.4,64.2,29.819,0.000,0.000,0.000,297.2,00:01:48,157.3,557.4,1,--.--,0,252,--.--,0000:32:26,87,0,0,1,1,15.30,-1.00,-40,--.--,50,--.--,--:--:--,1,-15.30,15:45:54,20:45:54,7/9/26,--.--,--.--,--.--,--.--,--.--,--.--,--.--,--.--,--.--,--.--,--.--,--.--,0,--.--,--.--,--.--,--.--,--.--,--.--,--.--,--.--,--.--,--.--,--.--,--.--,--.--,--.--,--.--,--.--,0,0.000,0.000,0.000,0.000,0.000,0.000,0.000,0.000,0.000,0.000,0.000,0.000,true,true,true,true,true,true,false,false,true,true,false,false,0.03,0.01,0.00,0.12,--.--,--.--,0.15,0.17,9223372036854775808,0,--.--,--.--,--.--,--.--,--.--,0,0,0,0,37.4127345,-121.9968352,10SEG 88774 41132,0.7,1.1,158.5,3,10,--.--,--.--,,--.--,--.--,--.--,0,0,--.--,--.--,0,48.9,149.5,-29.9,-0.2,0.1,-0.2,49.2,149.3,-29.9,0.2,-0.1,-0.1,--.--,--.--,--.--,--.--,-1.9,0.0,334.1,1.0,-0.0,-0.9,288.15,--.--,--.--,0,0,0.0,0.0,0.0,0,0,0,--.--,--.--,--.--
2026-07-09 15:45:55.551,-2.4,0.0,331,-0.4,0.1,-2.5,0.2,-1.5,0.000,0.1,29.8,67.6,64.2,29.932,0.000,0.000,0.000,297.2,00:01:49,157.3,708.5,1,--.--,0,252,--.--,0000:32:26,86,0,0,1,1,15.30,-1.00,-40,--.--,50,--.--,--:--:--,1,-15.30,15:45:55,20:45:55,7/9/26,--.--,--.--,--.--,--.--,--.--,--.--,--.--,--.--,--.--,--.--,--.--,--.--,0,--.--,--.--,--.--,--.--,--.--,--.--,--.--,--.--,--.--,--.--,--.--,--.--,--.--,--.--,--.--,--.--,0,0.000,0.000,0.000,0.000,0.000,0.000,0.000,0.000,0.000,0.000,0.000,0.000,true,true,true,true,true,true,false,false,true,true,false,false,0.03,0.01,0.00,0.12,--.--,--.--,0.15,0.17,9223372036854775808,0,--.--,--.--,--.--,--.--,--.--,0,0,0,0,37.4127338,-121.9968347,10SEG 88774 41132,0.7,1.1,337.8,3,10,--.--,--.--,,--.--,--.--,--.--,0,0,--.--,--.--,0,48.9,149.4,-30.0,0.2,-0.1,-0.0,49.1,149.3,-29.9,0.1,-0.1,-0.0,--.--,--.--,--.--,--.--,-2.4,0.0,331.3,0.1,-0.0,-1.4,288.15,--.--,--.--,0,0,0.0,0.0,0.0,0,0,0,--.--,--.--,--.--
2026-07-09 15:45:56.551,-2.1,0.0,329,0.3,-0.0,-0.5,0.4,-1.3,0.000,-0.0,29.9,67.7,64.7,29.897,0.000,0.000,0.000,297.2,00:01:50,157.2,441.2,1,--.--,0,252,--.--,0000:32:26,84,0,0,1,1,15.30,-1.00,-41,--.--,50,--.--,--:--:--,1,-15.30,15:45:56,20:45:56,7/9/26,--.--,--.--,--.--,--.--,--.--,--.--,--.--,--.--,--.--,--.--,--.--,--.--,0,--.--,--.--,--.--,--.--,--.--,--.--,--.--,--.--,--.--,--.--,--.--,--.--,--.--,--.--,--.--,--.--,0,0.000,0.000,0.000,0.000,0.000,0.000,0.000,0.000,0.000,0.000,0.000,0.000,true,true,true,true,true,true,false,false,true,true,false,false,0.01,0.01,0.01,0.02,--.--,--.--,0.15,0.17,9223372036854775808,0,--.--,--.--,--.--,--.--,--.--,0,0,0,0,37.4127362,-121.9968367,10SEG 88773 41132,0.7,1.1,327.7,3,10,--.--,--.--,,--.--,--.--,--.--,0,0,--.--,--.--,0,49.2,149.3,-29.9,0.3,-0.2,0.0,49.1,149.3,-30.0,-0.1,0.0,-0.1,--.--,--.--,--.--,--.--,-1.9,0.0,329.7,0.8,-0.0,-1.0,288.15,--.--,--.--,0,0,0.0,0.0,0.0,0,0,0,--.--,--.--,--.--
2026-07-09 15:45:57.551,-1.3,2.5,330,-1.0,9.6,1.9,0.2,2.0,0.000,0.0,29.9,67.6,64.7,29.876,0.000,0.000,0.000,297.2,00:01:51,157.1,701.8,1,--.--,0,252,--.--,0000:32:26,84,0,0,1,1,15.30,-1.00,-41,--.--,50,--.--,--:--:--,1,-15.30,15:45:57,20:45:57,7/9/26,--.--,--.--,--.--,--.--,--.--,--.--,--.--,--.--,--.--,--.--,--.--,--.--,0,--.--,--.--,--.--,--.--,--.--,--.--,--.--,--.--,--.--,--.--,--.--,--.--,--.--,--.--,--.--,--.--,0,0.000,0.000,0.000,0.000,0.000,0.000,0.000,0.000,0.000,0.000,0.000,0.000,true,true,true,true,true,true,false,false,true,true,false,false,0.01,0.01,0.01,0.02,--.--,--.--,0.15,0.17,9223372036854775808,0,--.--,--.--,--.--,--.--,--.--,0,0,0,0,37.4127380,-121.9968377,10SEG 88773 41132,0.7,1.1,341.7,3,10,--.--,--.--,,--.--,--.--,--.--,0,0,--.--,--.--,0,49.4,149.2,-29.9,0.1,-0.1,-0.1,49.1,149.3,-30.0,-0.2,0.1,-0.1,--.--,--.--,--.--,--.--,-1.6,4.2,330.5,-1.4,6.6,-0.5,288.15,--.--,--.--,0,0,0.0,0.0,0.0,0,0,0,--.--,--.--,--.--
2026-07-09 15:45:58.551,-2.0,-0.5,331,0.7,-0.1,0.3,0.3,1.3,0.000,0.1,29.9,67.6,64.7,29.896,0.000,0.000,0.000,297.2,00:01:52,157.2,473.1,1,--.--,0,252,--.--,0000:32:26,84,0,0,1,1,15.30,-1.00,-41,--.--,50,--.--,--:--:--,1,-15.30,15:45:58,20:45:58,7/9/26,--.--,--.--,--.--,--.--,--.--,--.--,--.--,--.--,--.--,--.--,--.--,--.--,0,--.--,--.--,--.--,--.--,--.--,--.--,--.--,--.--,--.--,--.--,--.--,--.--,--.--,--.--,--.--,--.--,0,0.000,0.000,0.000,0.000,0.000,0.000,0.000,0.000,0.000,0.000,0.000,0.000,true,true,true,true,true,true,false,false,true,true,false,false,0.02,0.01,0.01,0.06,--.--,--.--,0.15,0.17,9223372036854775808,0,--.--,--.--,--.--,--.--,--.--,0,0,0,0,37.4127371,-121.9968372,10SEG 88773 41132,0.7,1.1,149.8,3,10,--.--,--.--,,--.--,--.--,--.--,0,0,--.--,--.--,0,49.2,149.3,-29.9,-0.3,0.2,-0.1,49.1,149.3,-30.0,-0.1,0.0,-0.1,--.--,--.--,--.--,--.--,-1.9,0.0,332.0,0.5,2.0,-0.9,288.15,--.--,--.--,0,0,0.0,0.0,0.0,0,0,0,--.--,--.--,--.--
2026-07-09 15:45:59.551,-2.1,0.0,331,-0.4,-0.1,-2.0,0.3,0.7,0.000,0.1,29.9,67.7,64.7,29.943,0.000,0.000,0.000,297.2,00:01:53,157.3,617.7,1,--.--,0,252,--.--,0000:32:26,86,0,0,1,1,15.30,-1.00,-41,--.--,50,--.--,--:--:--,1,-15.30,15:45:59,20:45:59,7/9/26,--.--,--.--,--.--,--.--,--.--,--.--,--.--,--.--,--.--,--.--,--.--,--.--,0,--.--,--.--,--.--,--.--,--.--,--.--,--.--,--.--,--.--,--.--,--.--,--.--,--.--,--.--,--.--,--.--,0,0.000,0.000,0.000,0.000,0.000,0.000,0.000,0.000,0.000,0.000,0.000,0.000,true,true,true,true,true,true,false,false,true,true,false,false,0.02,0.01,0.01,0.06,--.--,--.--,0.15,0.17,9223372036854775808,0,--.--,--.--,--.--,--.--,--.--,0,0,0,0,37.4127347,-121.9968355,10SEG 88774 41132,0.7,1.1,146.4,3,10,--.--,--.--,,--.--,--.--,--.--,0,0,--.--,--.--,0,48.9,149.5,-30.0,-0.2,0.1,-0.1,49.1,149.3,-30.0,0.1,-0.1,-0.1,--.--,--.--,--.--,--.--,-2.2,-0.0,331.1,-0.5,-0.0,-1.2,288.15,--.--,--.--,0,0,0.0,0.0,0.0,0,0,0,--.--,--.--,--.--
2026-07-09 15:46:00.551,-1.8,0.0,328,0.2,0.1,-2.6,0.0,-1.4,0.000,0.1,29.9,67.7,64.7,30.016,0.000,0.000,0.000,297.2,00:01:54,157.3,3443.2,1,--.--,0,252,--.--,0000:32:26,86,0,0,1,1,15.30,-1.00,-42,--.--,50,--.--,--:--:--,1,-15.30,15:46:00,20:46:00,7/9/26,--.--,--.--,--.--,--.--,--.--,--.--,--.--,--.--,--.--,--.--,--.--,--.--,0,--.--,--.--,--.--,--.--,--.--,--.--,--.--,--.--,--.--,--.--,--.--,--.--,--.--,--.--,--.--,--.--,0,0.000,0.000,0.000,0.000,0.000,0.000,0.000,0.000,0.000,0.000,0.000,0.000,true,true,true,true,true,true,false,false,true,true,false,false,0.02,0.01,0.00,0.04,--.--,--.--,0.15,0.17,9223372036854775808,0,--.--,--.--,--.--,--.--,--.--,0,0,0,0,37.4127337,-121.9968344,10SEG 88774 41132,0.7,1.1,336.2,3,10,--.--,--.--,,--.--,--.--,--.--,0,0,--.--,--.--,0,48.9,149.5,-30.0,0.1,-0.0,-0.1,49.1,149.3,-30.0,0.2,-0.1,0.0,--.--,--.--,--.--,--.--,-1.9,0.0,328.5,-0.5,-0.0,-0.9,288.15,--.--,--.--,0,0,0.0,0.0,0.0,0,0,0,--.--,--.--,--.--
2026-07-09 15:46:01.551,-2.4,0.0,326,0.2,0.1,-1.7,0.3,0.6,0.000,0.0,30.0,67.8,64.7,29.989,0.000,0.000,0.000,297.2,00:01:55,157.2,610.4,1,--.--,0,252,--.--,0000:32:26,85,0,0,1,1,15.30,-1.00,-42,--.--,50,--.--,--:--:--,1,-15.30,15:46:01,20:46:01,7/9/26,--.--,--.--,--.--,--.--,--.--,--.--,--.--,--.--,--.--,--.--,--.--,--.--,0,--.--,--.--,--.--,--.--,--.--,--.--,--.--,--.--,--.--,--.--,--.--,--.--,--.--,--.--,--.--,--.--,0,0.000,0.000,0.000,0.000,0.000,0.000,0.000,0.000,0.000,0.000,0.000,0.000,true,true,true,true,true,true,false,false,true,true,false,false,0.02,0.01,0.00,0.04,--.--,--.--,0.15,0.17,9223372036854775808,0,--.--,--.--,--.--,--.--,--.--,0,0,0,0,37.4127355,-121.9968356,10SEG 88774 41132,0.7,1.1,325.1,3,10,--.--,--.--,,--.--,--.--,--.--,0,0,--.--,--.--,0,49.0,149.4,-30.0,0.2,-0.1,-0.0,49.1,149.3,-30.0,0.0,-0.0,-0.0,--.--,--.--,--.--,--.--,-2.3,0.0,326.4,0.7,0.0,-1.3,288.15,--.--,--.--,0,0,0.0,0.0,0.0,0,0,0,--.--,--.--,--.--
2026-07-09 15:46:02.557,-1.5,0.0,325,0.3,-0.0,0.4,0.2,-1.0,0.000,0.0,30.0,67.7,64.7,29.941,0.000,0.000,0.000,297.2,00:01:56,157.2,717.5,1,--.--,0,252,--.--,0000:32:26,84,0,0,1,1,15.30,-1.00,-42,--.--,50,--.--,--:--:--,1,-15.30,15:46:02,20:46:02,7/9/26,--.--,--.--,--.--,--.--,--.--,--.--,--.--,--.--,--.--,--.--,--.--,--.--,0,--.--,--.--,--.--,--.--,--.--,--.--,--.--,--.--,--.--,--.--,--.--,--.--,--.--,--.--,--.--,--.--,0,0.000,0.000,0.000,0.000,0.000,0.000,0.000,0.000,0.000,0.000,0.000,0.000,true,true,true,true,true,true,false,false,true,true,false,false,0.02,0.00,0.01,0.02,--.--,--.--,0.15,0.17,9223372036854775808,0,--.--,--.--,--.--,--.--,--.--,0,0,0,0,37.4127368,-121.9968372,10SEG 88773 41132,0.7,1.1,316.8,3,10,--.--,--.--,,--.--,--.--,--.--,0,0,--.--,--.--,0,49.2,149.2,-30.0,0.2,-0.1,-0.0,49.1,149.3,-30.0,-0.1,0.1,-0.1,--.--,--.--,--.--,--.--,-1.4,0.0,325.7,0.1,0.0,-0.4,288.15,--.--,--.--,0,0,0.0,0.0,0.0,0,0,0,--.--,--.--,--.--
2026-07-09 15:46:03.551,-1.9,2.6,326,0.4,2.7,1.0,0.0,-1.1,0.000,0.1,29.9,67.7,64.7,29.927,0.000,0.000,0.000,297.2,00:01:57,157.1,3518.1,1,--.--,0,252,--.--,0000:32:26,84,0,0,1,1,15.30,-1.00,-42,--.--,50,--.--,--:--:--,1,-15.30,15:46:03,20:46:03,7/9/26,--.--,--.--,--.--,--.--,--.--,--.--,--.--,--.--,--.--,--.--,--.--,--.--,0,--.--,--.--,--.--,--.--,--.--,--.--,--.--,--.--,--.--,--.--,--.--,--.--,--.--,--.--,--.--,--.--,0,0.000,0.000,0.000,0.000,0.000,0.000,0.000,0.000,0.000,0.000,0.000,0.000,true,true,true,true,true,true,false,false,true,true,false,false,0.02,0.00,0.01,0.02,--.--,--.--,0.15,0.17,9223372036854775808,0,--.--,--.--,--.--,--.--,--.--,0,0,0,0,37.4127380,-121.9968383,10SEG 88773 41132,0.7,1.1,349.2,3,10,--.--,--.--,,--.--,--.--,--.--,0,0,--.--,--.--,0,49.3,149.2,-30.0,-0.0,0.0,-0.1,49.1,149.3,-30.1,-0.2,0.1,-0.1,--.--,--.--,--.--,--.--,-1.7,2.1,326.6,0.8,-2.1,-0.8,288.15,--.--,--.--,0,0,0.0,0.0,0.0,0,0,0,--.--,--.--,--.--
2026-07-09 15:46:04.551,-1.8,-0.1,327,-0.3,1.2,-0.1,0.3,2.0,0.000,0.1,29.9,67.7,64.7,29.939,0.000,0.000,0.000,297.2,00:01:58,157.2,591.1,1,--.--,0,252,--.--,0000:32:26,84,0,0,1,1,15.30,-1.00,-43,--.--,50,--.--,--:--:--,1,-15.30,15:46:04,20:46:04,7/9/26,--.--,--.--,--.--,--.--,--.--,--.--,--.--,--.--,--.--,--.--,--.--,--.--,0,--.--,--.--,--.--,--.--,--.--,--.--,--.--,--.--,--.--,--.--,--.--,--.--,--.--,--.--,--.--,--.--,0,0.000,0.000,0.000,0.000,0.000,0.000,0.000,0.000,0.000,0.000,0.000,0.000,true,true,true,true,true,true,false,false,true,true,false,false,0.02,0.00,0.01,0.06,--.--,--.--,0.15,0.17,9223372036854775808,0,--.--,--.--,--.--,--.--,--.--,0,0,0,0,37.4127371,-121.9968373,10SEG 88773 41132,0.7,1.1,149.8,3,10,--.--,--.--,,--.--,--.--,--.--,0,0,--.--,--.--,0,49.1,149.3,-30.0,-0.2,0.2,-0.1,49.1,149.3,-30.1,-0.0,0.0,-0.1,--.--,--.--,--.--,--.--,-1.9,0.0,327.4,-0.5,0.5,-0.8,288.15,--.--,--.--,0,0,0.0,0.0,0.0,0,0,0,--.--,--.--,--.--
2026-07-09 15:46:05.551,-2.4,0.0,326,-0.0,0.1,-2.2,0.2,2.0,0.000,0.1,29.9,67.7,64.7,29.982,0.000,0.000,0.000,297.2,00:01:59,157.3,650.3,1,--.--,0,252,--.--,0000:32:26,85,0,0,1,1,15.30,-1.00,-43,--.--,50,--.--,--:--:--,1,-15.30,15:46:05,20:46:05,7/9/26,--.--,--.--,--.--,--.--,--.--,--.--,--.--,--.--,--.--,--.--,--.--,--.--,0,--.--,--.--,--.--,--.--,--.--,--.--,--.--,--.--,--.--,--.--,--.--,--.--,--.--,--.--,--.--,--.--,0,0.000,0.000,0.000,0.000,0.000,0.000,0.000,0.000,0.000,0.000,0.000,0.000,true,true,true,true,true,true,false,false,true,true,false,false,0.02,0.00,0.01,0.06,--.--,--.--,0.15,0.17,9223372036854775808,0,--.--,--.--,--.--,--.--,--.--,0,0,0,0,37.4127357,-121.9968356,10SEG 88774 41132,0.7,1.1,134.1,3,10,--.--,--.--,,--.--,--.--,--.--,0,0,--.--,--.--,0,49.0,149.5,-30.0,-0.2,0.1,-0.1,49.1,149.3,-30.1,0.1,-0.1,-0.0,--.--,--.--,--.--,--.--,-2.4,0.0,326.2,0.0,0.1,-1.3,288.15,--.--,--.--,0,0,0.0,0.0,0.0,0,0,0,--.--,--.--,--.--
2026-07-09 15:46:06.551,-1.7,-0.0,323,-0.0,0.1,-2.6,0.0,0.7,0.000,0.1,30.0,67.8,64.7,30.044,0.000,0.000,0.000,297.2,00:02:00,157.3,7847.6,1,--.--,0,252,--.--,0000:32:26,86,0,0,1,1,15.30,-1.00,-43,--.--,50,--.--,--:--:--,1,-15.30,15:46:06,20:46:06,7/9/26,--.--,--.--,--.--,--.--,--.--,--.--,--.--,--.--,--.--,--.--,--.--,--.--,0,--.--,--.--,--.--,--.--,--.--,--.--,--.--,--.--,--.--,--.--,--.--,--.--,--.--,--.--,--.--,--.--,0,0.000,0.000,0.000,0.000,0.000,0.000,0.000,0.000,0.000,0.000,0.000,0.000,true,true,true,true,true,true,false,false,true,true,false,false,0.01,0.01,0.00,0.02,--.--,--.--,0.15,0.17,9223372036854775808,0,--.--,--.--,--.--,--.--,--.--,0,0,0,0,37.4127339,-121.9968349,10SEG 88774 41132,0.7,1.1,286.2,3,10,--.--,--.--,,--.--,--.--,--.--,0,0,--.--,--.--,0,48.9,149.5,-30.1,0.0,-0.0,-0.1,49.1,149.3,-30.1,0.2,-0.1,0.0,--.--,--.--,--.--,--.--,-1.8,-0.0,323.5,-0.7,0.1,-0.8,288.15,--.--,--.--,0,0,0.0,0.0,0.0,0,0,0,--.--,--.--,--.--
2026-07-09 15:46:07.551,-2.2,-0.0,321,-0.1,0.1,-1.7,0.2,-1.3,0.000,-0.0,30.0,67.8,64.7,30.051,0.000,0.000,0.000,297.2,00:02:01,157.3,770.2,1,--.--,0,252,--.--,0000:32:26,85,0,0,1,1,15.30,-1.00,-43,--.--,50,--.--,--:--:--,1,-15.30,15:46:07,20:46:07,7/9/26,--.--,--.--,--.--,--.--,--.--,--.--,--.--,--.--,--.--,--.--,--.--,--.--,0,--.--,--.--,--.--,--.--,--.--,--.--,--.--,--.--,--.--,--.--,--.--,--.--,--.--,--.--,--.--,--.--,0,0.000,0.000,0.000,0.000,0.000,0.000,0.000,0.000,0.000,0.000,0.000,0.000,true,true,true,true,true,true,false,false,true,true,false,false,0.01,0.01,0.00,0.02,--.--,--.--,0.15,0.17,9223372036854775808,0,--.--,--.--,--.--,--.--,--.--,0,0,0,0,37.4127352,-121.9968356,10SEG 88774 41132,0.7,1.1,326.7,3,10,--.--,--.--,,--.--,--.--,--.--,0,0,--.--,--.--,0,49.0,149.4,-30.1,0.2,-0.1,0.0,49.1,149.3,-30.1,0.0,-0.0,0.0,--.--,--.--,--.--,--.--,-2.2,-0.0,321.4,0.3,0.1,-1.2,288.15,--.--,--.--,0,0,0.0,0.0,0.0,0,0,0,--.--,--.--,--.--
2026-07-09 15:46:08.551,-1.8,-0.0,320,0.3,0.0,-0.2,0.2,-1.3,0.000,-0.0,30.0,67.8,64.7,30.005,0.000,0.000,0.000,297.2,00:02:02,157.2,837.8,1,--.--,0,252,--.--,0000:32:26,84,0,0,1,1,15.30,-1.00,-44,--.--,50,--.--,--:--:--,1,-15.30,15:46:08,20:46:08,7/9/26,--.--,--.--,--.--,--.--,--.--,--.--,--.--,--.--,--.--,--.--,--.--,--.--,0,--.--,--.--,--.--,--.--,--.--,--.--,--.--,--.--,--.--,--.--,--.--,--.--,--.--,--.--,--.--,--.--,0,0.000,0.000,0.000,0.000,0.000,0.000,0.000,0.000,0.000,0.000,0.000,0.000,true,true,true,true,true,true,false,false,true,true,false,false,0.01,0.00,0.00,0.01,--.--,--.--,0.15,0.17,9223372036854775808,0,--.--,--.--,--.--,--.--,--.--,0,0,0,0,37.4127364,-121.9968369,10SEG 88773 41132,0.7,1.1,325.9,3,10,--.--,--.--,,--.--,--.--,--.--,0,0,--.--,--.--,0,49.2,149.3,-30.0,0.1,-0.1,0.0,49.1,149.3,-30.1,-0.1,0.1,-0.0,--.--,--.--,--.--,--.--,-1.7,0.0,320.4,0.3,0.1,-0.7,288.15,--.--,--.--,0,0,0.0,0.0,0.0,0,0,0,--.--,--.--,--.--
2026-07-09 15:46:09.551,-1.7,0.0,320,0.5,-0.1,0.8,0.0,0.6,0.000,-0.0,30.0,67.7,64.7,29.983,0.000,0.000,0.000,297.2,00:02:03,157.1,3650.8,1,--.--,0,252,--.--,0000:32:26,83,0,0,1,1,15.30,-1.00,-44,--.--,50,--.--,--:--:--,1,-15.30,15:46:09,20:46:09,7/9/26,--.--,--.--,--.--,--.--,--.--,--.--,--.--,--.--,--.--,--.--,--.--,--.--,0,--.--,--.--,--.--,--.--,--.--,--.--,--.--,--.--,--.--,--.--,--.--,--.--,--.--,--.--,--.--,--.--,0,0.000,0.000,0.000,0.000,0.000,0.000,0.000,0.000,0.000,0.000,0.000,0.000,true,true,true,true,true,true,false,false,true,true,false,false,0.01,0.00,0.00,0.01,--.--,--.--,0.15,0.17,9223372036854775808,0,--.--,--.--,--.--,--.--,--.--,0,0,0,0,37.4127374,-121.9968379,10SEG 88773 41132,0.7,1.1,314.9,3,10,--.--,--.--,,--.--,--.--,--.--,0,0,--.--,--.--,0,49.2,149.2,-30.0,0.0,-0.0,0.0,49.1,149.3,-30.1,-0.1,0.1,-0.0,--.--,--.--,--.--,--.--,-1.6,0.0,320.8,0.6,-0.0,-0.6,288.15,--.--,--.--,0,0,0.0,0.0,0.0,0,0,0,--.--,--.--,--.--
2026-07-09 15:46:10.551,-1.7,0.0,321,-0.8,0.1,0.7,0.1,0.4,0.000,0.0,30.0,67.7,64.7,29.994,0.000,0.000,0.000,297.2,00:02:04,157.1,1591.8,1,--.--,0,252,--.--,0000:32:26,83,0,0,1,1,15.30,-1.00,-45,--.--,50,--.--,--:--:--,1,-15.30,15:46:10,20:46:10,7/9/26,--.--,--.--,--.--,--.--,--.--,--.--,--.--,--.--,--.--,--.--,--.--,--.--,0,--.--,--.--,--.--,--.--,--.--,--.--,--.--,--.--,--.--,--.--,--.--,--.--,--.--,--.--,--.--,--.--,0,0.000,0.000,0.000,0.000,0.000,0.000,0.000,0.000,0.000,0.000,0.000,0.000,true,true,true,true,true,true,false,false,true,true,false,false,0.01,0.00,0.00,0.02,--.--,--.--,0.15,0.17,9223372036854775808,0,--.--,--.--,--.--,--.--,--.--,0,0,0,0,37.4127374,-121.9968379,10SEG 88773 41132,0.7,1.1,142.3,3,10,--.--,--.--,,--.--,--.--,--.--,0,0,--.--,--.--,0,49.2,149.2,-30.0,-0.1,0.1,-0.0,49.1,149.3,-30.1,-0.1,0.1,-0.0,--.--,--.--,--.--,--.--,-1.8,-0.0,321.7,-0.4,-0.0,-0.8,288.15,--.--,--.--,0,0,0.0,0.0,0.0,0,0,0,--.--,--.--,--.--
2026-07-09 15:46:11.552,-0.0,-0.0,317,14.7,1.1,-7.9,0.5,0.6,0.000,0.6,30.0,67.7,64.7,30.195,0.000,0.000,0.000,297.2,00:02:05,157.0,320.4,1,--.--,0,252,--.--,0000:32:26,95,0,0,1,1,15.30,-1.00,-45,--.--,50,--.--,--:--:--,1,-15.30,15:46:11,20:46:11,7/9/26,--.--,--.--,--.--,--.--,--.--,--.--,--.--,--.--,--.--,--.--,--.--,--.--,0,--.--,--.--,--.--,--.--,--.--,--.--,--.--,--.--,--.--,--.--,--.--,--.--,--.--,--.--,--.--,--.--,0,0.000,0.000,0.000,0.000,0.000,0.000,0.000,0.000,0.000,0.000,0.000,0.000,true,true,true,true,true,true,false,false,true,true,false,false,0.01,0.00,0.00,0.02,--.--,--.--,0.15,0.17,9223372036854775808,0,--.--,--.--,--.--,--.--,--.--,0,0,0,0,37.4127374,-121.9968384,10SEG 88773 41132,0.7,1.1,307.4,3,10,--.--,--.--,,--.--,--.--,--.--,0,0,--.--,--.--,0,49.3,149.1,-30.3,0.5,-0.6,-0.5,49.7,148.8,-30.0,2.1,-1.9,0.3,--.--,--.--,--.--,--.--,1.5,-0.0,318.9,7.3,0.1,2.2,288.15,--.--,--.--,0,0,0.0,0.0,0.0,0,0,0,--.--,--.--,--.--
2026-07-09 15:46:12.551,-1.1,-0.3,314,-5.6,0.6,2.2,2.4,1.5,0.000,0.0,30.3,68.1,64.7,30.465,0.000,0.000,0.000,297.2,00:02:06,156.5,65.5,1,--.--,0,251,--.--,0000:32:26,93,0,0,1,1,15.30,-1.00,-45,--.--,50,--.--,--:--:--,1,-15.30,15:46:12,20:46:12,7/9/26,--.--,--.--,--.--,--.--,--.--,--.--,--.--,--.--,--.--,--.--,--.--,--.--,0,--.--,--.--,--.--,--.--,--.--,--.--,--.--,--.--,--.--,--.--,--.--,--.--,--.--,--.--,--.--,--.--,0,0.000,0.000,0.000,0.000,0.000,0.000,0.000,0.000,0.000,0.000,0.000,0.000,true,true,true,true,true,true,false,false,true,true,false,false,0.04,0.00,0.00,0.06,--.--,--.--,0.15,0.17,9223372036854775808,0,--.--,--.--,--.--,--.--,--.--,0,0,0,0,37.4127474,-121.9968479,10SEG 88772 41133,0.7,1.1,326.7,3,10,--.--,--.--,,--.--,--.--,--.--,0,0,--.--,--.--,0,50.8,148.1,-30.5,2.2,-1.5,-0.0,51.9,146.9,-30.0,4.6,-4.1,0.5,--.--,--.--,--.--,--.--,-2.4,0.2,318.8,-6.1,1.4,6.6,288.15,--.--,--.--,0,0,0.0,0.0,0.0,0,0,0,--.--,--.--,--.--
2026-07-09 15:46:13.551,-5.5,0.2,317,3.3,-0.4,2.7,4.0,4.0,0.000,-0.1,30.4,68.2,65.2,30.393,0.000,0.000,0.000,301.3,00:02:07,155.4,38.6,1,--.--,0,250,--.--,0000:32:26,95,0,0,1,1,15.30,-1.00,-45,--.--,50,--.--,--:--:--,1,-15.30,15:46:13,20:46:13,7/9/26,--.--,--.--,--.--,--.--,--.--,--.--,--.--,--.--,--.--,--.--,--.--,--.--,0,--.--,--.--,--.--,--.--,--.--,--.--,--.--,--.--,--.--,--.--,--.--,--.--,--.--,--.--,--.--,--.--,0,0.000,0.000,0.000,0.000,0.000,0.000,0.000,0.000,0.000,0.000,0.000,0.000,true,true,true,true,true,true,false,false,true,true,false,false,0.04,0.00,0.00,0.06,--.--,--.--,0.15,0.17,9223372036854775808,0,--.--,--.--,--.--,--.--,--.--,0,0,0,0,37.4127702,-121.9968687,10SEG 88771 41136,0.7,1.1,319.0,3,10,--.--,--.--,,--.--,--.--,--.--,0,0,--.--,--.--,0,53.6,145.9,-30.4,3.2,-2.8,0.1,54.4,144.7,-30.0,4.5,-4.2,0.4,--.--,--.--,--.--,--.--,-4.6,0.1,318.7,4.6,-0.9,1.2,288.15,--.--,--.--,0,0,0.0,0.0,0.0,0,0,0,--.--,--.--,--.--
2026-07-09 15:46:14.551,-0.4,-0.6,318,1.8,-0.6,0.2,5.3,4.8,0.000,-0.3,30.3,68.1,65.1,30.189,0.000,0.000,0.000,305.4,00:02:08,153.5,29.2,1,--.--,0,248,--.--,0000:32:26,84,0,0,1,1,15.30,-1.00,-46,--.--,50,--.--,--:--:--,1,-15.30,15:46:14,20:46:14,7/9/26,--.--,--.--,--.--,--.--,--.--,--.--,--.--,--.--,--.--,--.--,--.--,--.--,0,--.--,--.--,--.--,--.--,--.--,--.--,--.--,--.--,--.--,--.--,--.--,--.--,--.--,--.--,--.--,--.--,0,0.000,0.000,0.000,0.000,0.000,0.000,0.000,0.000,0.000,0.000,0.000,0.000,true,true,true,true,true,true,false,false,true,true,false,false,0.03,0.00,0.00,0.13,--.--,--.--,0.15,0.17,9223372036854775808,0,--.--,--.--,--.--,--.--,--.--,0,0,0,0,37.4127997,-121.9969032,10SEG 88768 41139,0.7,1.1,316.9,3,10,--.--,--.--,,--.--,--.--,--.--,0,0,--.--,--.--,0,57.1,142.5,-30.2,3.9,-3.7,0.3,57.4,142.1,-30.0,4.1,-3.6,0.2,--.--,--.--,--.--,--.--,-0.3,-0.0,318.8,0.3,2.4,-0.0,288.15,--.--,--.--,0,0,0.0,0.0,0.0,0,0,0,--.--,--.--,--.--
2026-07-09 15:46:15.551,-2.7,0.1,319,-0.6,0.5,1.2,5.5,5.4,0.000,-0.3,30.1,67.9,64.9,29.925,0.000,0.000,0.000,311.6,00:02:09,151.8,27.5,1,--.--,0,246,--.--,0000:32:26,79,0,0,1,1,15.30,-1.00,-46,--.--,50,--.--,--:--:--,1,-15.30,15:46:15,20:46:15,7/9/26,--.--,--.--,--.--,--.--,--.--,--.--,--.--,--.--,--.--,--.--,--.--,--.--,0,--.--,--.--,--.--,--.--,--.--,--.--,--.--,--.--,--.--,--.--,--.--,--.--,--.--,--.--,--.--,--.--,0,0.000,0.000,0.000,0.000,0.000,0.000,0.000,0.000,0.000,0.000,0.000,0.000,true,true,true,true,true,true,false,false,true,true,false,false,0.03,0.00,0.00,0.13,--.--,--.--,0.15,0.17,9223372036854775808,0,--.--,--.--,--.--,--.--,--.--,0,0,0,0,37.4128358,-121.9969441,10SEG 88764 41143,0.7,1.1,318.9,3,10,--.--,--.--,,--.--,--.--,--.--,0,0,--.--,--.--,0,61.1,139.0,-29.9,4.1,-3.7,0.3,61.0,138.9,-30.0,3.7,-3.3,-0.1,--.--,--.--,--.--,--.--,-2.3,-0.0,318.8,1.8,-0.4,-1.6,288.15,--.--,--.--,0,0,0.0,0.0,0.0,0,0,0,--.--,--.--,--.--
2026-07-09 15:46:16.551,-1.0,0.0,320,-0.3,-0.1,0.0,5.2,5.3,0.000,-0.1,29.8,67.6,63.6,29.770,0.000,0.000,0.000,317.8,00:02:10,150.3,29.0,1,--.--,0,244,--.--,0000:32:26,79,0,0,1,1,15.30,-1.00,-46,--.--,50,--.--,--:--:--,1,-15.30,15:46:16,20:46:16,7/9/26,--.--,--.--,--.--,--.--,--.--,--.--,--.--,--.--,--.--,--.--,--.--,--.--,0,--.--,--.--,--.--,--.--,--.--,--.--,--.--,--.--,--.--,--.--,--.--,--.--,--.--,--.--,--.--,--.--,0,0.000,0.000,0.000,0.000,0.000,0.000,0.000,0.000,0.000,0.000,0.000,0.000,true,true,true,true,true,true,false,false,true,true,false,false,0.05,0.01,0.00,0.02,--.--,--.--,0.15,0.17,9223372036854775808,0,--.--,--.--,--.--,--.--,--.--,0,0,0,0,37.4128709,-121.9969835,10SEG 88760 41147,0.7,1.1,318.4,3,10,--.--,--.--,,--.--,--.--,--.--,0,0,--.--,--.--,0,65.0,135.5,-29.8,3.8,-3.4,0.1,64.8,135.7,-30.0,3.6,-3.2,-0.2,--.--,--.--,--.--,--.--,-1.1,-0.0,318.9,-0.6,-0.2,-2.6,288.15,--.--,--.--,0,0,0.0,0.0,0.0,0,0,0,--.--,--.--,--.--
2026-07-09 15:46:17.551,-2.0,0.2,319,0.5,-0.1,-1.3,4.8,4.7,0.000,0.0,29.7,67.5,63.5,29.744,0.000,0.000,0.000,321.9,00:02:11,149.1,30.9,1,--.--,0,243,--.--,0000:32:26,81,0,0,1,1,15.30,-1.00,-46,--.--,50,--.--,--:--:--,1,-15.30,15:46:17,20:46:17,7/9/26,--.--,--.--,--.--,--.--,--.--,--.--,--.--,--.--,--.--,--.--,--.--,--.--,0,--.--,--.--,--.--,--.--,--.--,--.--,--.--,--.--,--.--,--.--,--.--,--.--,--.--,--.--,--.--,--.--,0,0.000,0.000,0.000,0.000,0.000,0.000,0.000,0.000,0.000,0.000,0.000,0.000,true,true,true,true,true,true,false,false,true,true,false,false,0.05,0.01,0.00,0.02,--.--,--.--,0.15,0.17,9223372036854775808,0,--.--,--.--,--.--,--.--,--.--,0,0,0,0,37.4129039,-121.9970196,10SEG 88757 41150,0.7,1.1,318.7,3,10,--.--,--.--,,--.--,--.--,--.--,0,0,--.--,--.--,0,68.6,132.3,-29.8,3.6,-3.2,-0.1,68.6,132.4,-30.0,3.7,-3.3,-0.2,--.--,--.--,--.--,--.--,-1.9,-0.0,318.9,0.7,-0.8,-1.6,288.15,--.--,--.--,0,0,0.0,0.0,0.0,0,0,0,--.--,--.--,--.--
2026-07-09 15:46:18.551,-2.1,0.0,318,-0.8,0.0,-1.1,4.8,4.9,0.000,0.1,29.7,67.5,63.5,29.824,0.000,0.000,0.000,326.1,00:02:12,148.0,30.9,1,--.--,0,241,--.--,0000:32:26,83,0,0,1,1,15.30,-1.00,-47,--.--,50,--.--,--:--:--,1,-15.30,15:46:18,20:46:18,7/9/26,--.--,--.--,--.--,--.--,--.--,--.--,--.--,--.--,--.--,--.--,--.--,--.--,0,--.--,--.--,--.--,--.--,--.--,--.--,--.--,--.--,--.--,--.--,--.--,--.--,--.--,--.--,--.--,--.--,0,0.000,0.000,0.000,0.000,0.000,0.000,0.000,0.000,0.000,0.000,0.000,0.000,true,true,true,true,true,true,false,false,true,true,false,false,0.02,0.01,0.00,0.02,--.--,--.--,0.15,0.17,9223372036854775808,0,--.--,--.--,--.--,--.--,--.--,0,0,0,0,37.4129377,-121.9970566,10SEG 88754 41154,0.7,1.1,319.2,3,10,--.--,--.--,,--.--,--.--,--.--,0,0,--.--,--.--,0,72.3,129.2,-29.9,3.6,-3.2,-0.1,72.3,129.1,-30.0,3.8,-3.4,-0.1,--.--,--.--,--.--,--.--,-2.3,0.0,318.8,-1.2,-0.2,0.7,288.15,--.--,--.--,0,0,0.0,0.0,0.0,0,0,0,--.--,--.--,--.--
2026-07-09 15:46:19.551,-2.6,-0.0,318,0.6,-0.1,0.5,5.0,4.8,0.000,0.0,29.8,67.6,63.6,29.906,0.000,0.000,0.000,332.3,00:02:13,147.1,29.4,1,--.--,0,239,--.--,0000:32:26,82,0,0,1,1,15.30,-1.00,-47,--.--,50,--.--,--:--:--,1,-15.30,15:46:19,20:46:19,7/9/26,--.--,--.--,--.--,--.--,--.--,--.--,--.--,--.--,--.--,--.--,--.--,--.--,0,--.--,--.--,--.--,--.--,--.--,--.--,--.--,--.--,--.--,--.--,--.--,--.--,--.--,--.--,--.--,--.--,0,0.000,0.000,0.000,0.000,0.000,0.000,0.000,0.000,0.000,0.000,0.000,0.000,true,true,true,true,true,true,false,false,true,true,false,false,0.02,0.01,0.00,0.02,--.--,--.--,0.15,0.17,9223372036854775808,0,--.--,--.--,--.--,--.--,--.--,0,0,0,0,37.4129712,-121.9970928,10SEG 88751 41158,0.7,1.1,318.3,3,10,--.--,--.--,,--.--,--.--,--.--,0,0,--.--,--.--,0,76.0,125.9,-29.9,3.8,-3.3,-0.0,76.0,125.9,-29.9,3.7,-3.3,0.0,--.--,--.--,--.--,--.--,-2.4,0.0,318.8,1.0,0.1,1.1,288.15,--.--,--.--,0,0,0.0,0.0,0.0,0,0,0,--.--,--.--,--.--
2026-07-09 15:46:20.551,-1.6,-0.1,318,-0.6,0.1,0.9,5.1,5.1,0.000,-0.0,29.9,67.7,62.7,29.871,0.000,0.000,0.000,336.4,00:02:14,146.3,28.6,1,--.--,0,237,--.--,0000:32:26,80,0,0,1,1,15.30,-1.00,-47,--.--,50,--.--,--:--:--,1,-15.30,15:46:20,20:46:20,7/9/26,--.--,--.--,--.--,--.--,--.--,--.--,--.--,--.--,--.--,--.--,--.--,--.--,0,--.--,--.--,--.--,--.--,--.--,--.--,--.--,--.--,--.--,--.--,--.--,--.--,--.--,--.--,--.--,--.--,0,0.000,0.000,0.000,0.000,0.000,0.000,0.000,0.000,0.000,0.000,0.000,0.000,true,true,true,true,true,true,false,false,true,true,false,false,0.02,0.01,0.00,0.03,--.--,--.--,0.15,0.17,9223372036854775808,0,--.--,--.--,--.--,--.--,--.--,0,0,0,0,37.4130051,-121.9971312,10SEG 88747 41161,0.7,1.1,318.6,3,10,--.--,--.--,,--.--,--.--,--.--,0,0,--.--,--.--,0,79.9,122.5,-29.9,3.8,-3.4,0.0,79.8,122.6,-29.9,3.7,-3.2,-0.0,--.--,--.--,--.--,--.--,-1.8,-0.0,318.9,-0.7,0.6,-0.1,288.15,--.--,--.--,0,0,0.0,0.0,0.0,0,0,0,--.--,--.--,--.--
2026-07-09 15:46:21.551,-1.5,-0.0,319,0.6,-0.1,0.1,5.0,5.0,0.000,-0.0,29.8,67.6,62.6,29.815,0.000,0.000,0.000,342.5,00:02:15,145.6,29.1,1,--.--,0,235,--.--,0000:32:26,80,0,0,1,1,15.30,-1.00,-47,--.--,50,--.--,--:--:--,1,-15.30,15:46:21,20:46:21,7/9/26,--.--,--.--,--.--,--.--,--.--,--.--,--.--,--.--,--.--,--.--,--.--,--.--,0,--.--,--.--,--.--,--.--,--.--,--.--,--.--,--.--,--.--,--.--,--.--,--.--,--.--,--.--,--.--,--.--,0,0.000,0.000,0.000,0.000,0.000,0.000,0.000,0.000,0.000,0.000,0.000,0.000,true,true,true,true,true,true,false,false,true,true,false,false,0.02,0.01,0.00,0.03,--.--,--.--,0.15,0.17,9223372036854775808,0,--.--,--.--,--.--,--.--,--.--,0,0,0,0,37.4130404,-121.9971706,10SEG 88744 41165,0.7,1.1,318.7,3,10,--.--,--.--,,--.--,--.--,--.--,0,0,--.--,--.--,0,83.7,119.2,-29.8,3.8,-3.3,0.0,83.6,119.3,-29.9,3.7,-3.2,-0.1,--.--,--.--,--.--,--.--,-1.5,-0.0,318.9,0.2,0.1,-0.9,288.15,--.--,--.--,0,0,0.0,0.0,0.0,0,0,0,--.--,--.--,--.--
2026-07-09 15:46:22.551,-2.3,0.1,319,1.0,0.1,-0.5,4.9,4.8,0.000,0.0,29.8,67.6,62.6,29.784,0.000,0.000,0.000,346.5,00:02:16,145.2,29.8,1,--.--,0,233,--.--,0000:32:26,81,0,0,1,1,15.30,-1.00,-48,--.--,50,--.--,--:--:--,1,-15.30,15:46:22,20:46:22,7/9/26,--.--,--.--,--.--,--.--,--.--,--.--,--.--,--.--,--.--,--.--,--.--,--.--,0,--.--,--.--,--.--,--.--,--.--,--.--,--.--,--.--,--.--,--.--,--.--,--.--,--.--,--.--,--.--,--.--,0,0.000,0.000,0.000,0.000,0.000,0.000,0.000,0.000,0.000,0.000,0.000,0.000,true,true,true,true,true,true,false,false,true,true,false,false,0.01,0.01,0.00,0.01,--.--,--.--,0.15,0.17,9223372036854775808,0,--.--,--.--,--.--,--.--,--.--,0,0,0,0,37.4130738,-121.9972074,10SEG 88740 41169,0.7,1.1,318.4,3,10,--.--,--.--,,--.--,--.--,--.--,0,0,--.--,--.--,0,87.4,115.9,-29.8,3.7,-3.2,-0.0,87.3,116.0,-29.9,3.7,-3.2,-0.1,--.--,--.--,--.--,--.--,-1.9,-0.0,318.9,1.7,-0.3,-0.6,288.15,--.--,--.--,0,0,0.0,0.0,0.0,0,0,0,--.--,--.--,--.--
2026-07-09 15:46:23.551,-2.5,-0.0,318,-0.6,0.2,0.6,4.8,5.0,0.000,-0.0,29.8,67.5,63.5,29.783,0.000,0.000,0.000,350.6,00:02:17,144.9,30.4,1,--.--,0,231,--.--,0000:32:26,77,0,0,1,1,15.30,-1.00,-48,--.--,50,--.--,--:--:--,1,-15.30,15:46:23,20:46:23,7/9/26,--.--,--.--,--.--,--.--,--.--,--.--,--.--,--.--,--.--,--.--,--.--,--.--,0,--.--,--.--,--.--,--.--,--.--,--.--,--.--,--.--,--.--,--.--,--.--,--.--,--.--,--.--,--.--,--.--,0,0.000,0.000,0.000,0.000,0.000,0.000,0.000,0.000,0.000,0.000,0.000,0.000,true,true,true,true,true,true,false,false,true,true,false,false,0.01,0.01,0.00,0.01,--.--,--.--,0.15,0.17,9223372036854775808,0,--.--,--.--,--.--,--.--,--.--,0,0,0,0,37.4131061,-121.9972431,10SEG 88737 41172,0.7,1.1,318.5,3,10,--.--,--.--,,--.--,--.--,--.--,0,0,--.--,--.--,0,91.1,112.7,-29.8,3.5,-3.1,0.0,91.0,112.8,-29.9,3.2,-2.8,-0.1,--.--,--.--,--.--,--.--,-2.1,-0.0,318.9,2.1,0.1,-0.0,288.15,--.--,--.--,0,0,0.0,0.0,0.0,0,0,0,--.--,--.--,--.--
2026-07-09 15:46:24.551,-0.4,20.9,320,-3.4,5.7,1.2,3.5,3.4,0.000,0.1,29.7,67.5,63.5,29.785,0.000,0.000,0.000,354.7,00:02:18,144.8,41.1,1,--.--,0,229,--.--,0000:32:26,79,0,0,1,1,15.30,-1.00,-48,--.--,50,--.--,--:--:--,1,-15.30,15:46:24,20:46:24,7/9/26,--.--,--.--,--.--,--.--,--.--,--.--,--.--,--.--,--.--,--.--,--.--,--.--,0,--.--,--.--,--.--,--.--,--.--,--.--,--.--,--.--,--.--,--.--,--.--,--.--,--.--,--.--,--.--,--.--,0,0.000,0.000,0.000,0.000,0.000,0.000,0.000,0.000,0.000,0.000,0.000,0.000,true,true,true,true,true,true,false,false,true,true,false,false,0.02,0.01,0.00,0.01,--.--,--.--,0.15,0.17,9223372036854775808,0,--.--,--.--,--.--,--.--,--.--,0,0,0,0,37.4131359,-121.9972759,10SEG 88734 41176,0.7,1.1,319.4,3,10,--.--,--.--,,--.--,--.--,--.--,0,0,--.--,--.--,0,94.2,110.0,-29.8,2.3,-1.9,0.0,93.7,110.4,-29.9,1.9,-1.6,-0.0,--.--,--.--,--.--,--.--,-1.7,17.3,319.0,-3.7,-14.1,-2.5,288.15,--.--,--.--,0,0,0.0,0.0,0.0,0,0,0,--.--,--.--,--.--
2026-07-09 15:46:25.551,-2.3,-1.0,320,1.1,6.5,-2.7,1.3,1.4,0.000,0.0,29.7,67.5,63.5,29.658,0.000,0.000,0.000,356.7,00:02:19,144.8,112.4,1,--.--,0,229,--.--,0000:32:26,84,0,0,1,1,15.30,-1.00,-48,--.--,50,--.--,--:--:--,1,-15.30,15:46:25,20:46:25,7/9/26,--.--,--.--,--.--,--.--,--.--,--.--,--.--,--.--,--.--,--.--,--.--,--.--,0,--.--,--.--,--.--,--.--,--.--,--.--,--.--,--.--,--.--,--.--,--.--,--.--,--.--,--.--,--.--,--.--,0,0.000,0.000,0.000,0.000,0.000,0.000,0.000,0.000,0.000,0.000,0.000,0.000,true,true,true,true,true,true,false,false,true,true,false,false,0.02,0.01,0.00,0.01,--.--,--.--,0.15,0.17,9223372036854775808,0,--.--,--.--,--.--,--.--,--.--,0,0,0,0,37.4131509,-121.9972918,10SEG 88733 41177,0.7,1.1,319.7,3,10,--.--,--.--,,--.--,--.--,--.--,0,0,--.--,--.--,0,95.4,108.9,-29.7,1.0,-0.9,-0.0,95.5,108.9,-29.9,1.4,-1.2,-0.2,--.--,--.--,--.--,--.--,-2.3,-0.1,318.9,0.1,3.7,-2.1,288.15,--.--,--.--,0,0,0.0,0.0,0.0,0,0,0,--.--,--.--,--.--
2026-07-09 15:46:26.552,-4.9,0.1,317,-32.1,0.4,-0.5,1.3,1.3,0.000,0.2,29.6,67.4,63.4,29.692,0.000,0.000,0.000,358.7,00:02:20,144.8,112.8,1,--.--,0,228,--.--,0000:32:26,90,0,0,1,1,15.30,-1.00,-49,--.--,50,--.--,--:--:--,1,-15.30,15:46:26,20:46:26,7/9/26,--.--,--.--,--.--,--.--,--.--,--.--,--.--,--.--,--.--,--.--,--.--,--.--,0,--.--,--.--,--.--,--.--,--.--,--.--,--.--,--.--,--.--,--.--,--.--,--.--,--.--,--.--,--.--,--.--,0,0.000,0.000,0.000,0.000,0.000,0.000,0.000,0.000,0.000,0.000,0.000,0.000,true,true,true,true,true,true,false,false,true,true,false,false,0.04,0.00,0.01,0.49,--.--,--.--,0.15,0.17,9223372036854775808,0,--.--,--.--,--.--,--.--,--.--,0,0,0,0,37.4131608,-121.9973027,10SEG 88732 41178,0.7,1.1,319.3,3,10,--.--,--.--,,--.--,--.--,--.--,0,0,--.--,--.--,0,96.5,108.0,-29.7,1.0,-0.9,-0.2,--.--,--.--,-29.9,0.8,-1.7,-0.1,--.--,--.--,--.--,--.--,-14.7,0.3,318.8,-48.0,-0.6,3.5,288.15,--.--,--.--,0,0,0.0,0.0,0.0,0,0,0,--.--,--.--,--.--
2026-07-09 15:46:27.552,1.1,2.7,319,25.2,22.0,4.8,2.0,0.9,0.000,-0.1,29.7,67.5,63.5,29.701,0.000,0.000,0.000,360.7,00:02:21,143.8,71.0,1,--.--,0,228,--.--,0000:32:26,85,0,0,1,1,15.30,-1.00,-49,--.--,50,--.--,--:--:--,1,-15.30,15:46:27,20:46:27,7/9/26,--.--,--.--,--.--,--.--,--.--,--.--,--.--,--.--,--.--,--.--,--.--,--.--,0,--.--,--.--,--.--,--.--,--.--,--.--,--.--,--.--,--.--,--.--,--.--,--.--,--.--,--.--,--.--,--.--,0,0.000,0.000,0.000,0.000,0.000,0.000,0.000,0.000,0.000,0.000,0.000,0.000,true,true,true,true,true,true,false,false,true,true,false,false,0.04,0.00,0.01,0.49,--.--,--.--,0.15,0.17,9223372036854775808,0,--.--,--.--,--.--,--.--,--.--,0,0,0,0,37.4131667,-121.9973192,10SEG 88730 41179,0.7,1.1,270.3,3,10,--.--,--.--,,--.--,--.--,--.--,0,0,--.--,--.--,0,97.0,106.3,-29.7,-0.1,-2.0,-0.0,--.--,--.--,-29.9,-0.5,-0.9,-0.1,--.--,--.--,--.--,--.--,3.5,10.8,320.5,10.5,32.0,2.6,288.15,--.--,--.--,0,0,0.0,0.0,0.0,0,0,0,--.--,--.--,--.--
2026-07-09 15:46:28.552,-2.4,1.1,324,-5.8,-27.1,1.3,1.1,1.4,0.000,0.0,29.7,67.4,63.4,29.692,0.000,0.000,0.000,360.7,00:02:22,142.7,125.5,1,--.--,0,228,--.--,0000:32:26,85,0,0,1,1,15.30,-1.00,-50,--.--,50,--.--,--:--:--,1,-15.30,15:46:28,20:46:28,7/9/26,--.--,--.--,--.--,--.--,--.--,--.--,--.--,--.--,--.--,--.--,--.--,--.--,0,--.--,--.--,--.--,--.--,--.--,--.--,--.--,--.--,--.--,--.--,--.--,--.--,--.--,--.--,--.--,--.--,0,0.000,0.000,0.000,0.000,0.000,0.000,0.000,0.000,0.000,0.000,0.000,0.000,true,true,true,true,true,true,false,false,true,true,false,false,0.05,0.01,0.01,0.42,--.--,--.--,0.15,0.17,9223372036854775808,0,--.--,--.--,--.--,--.--,--.--,0,0,0,0,37.4131637,-121.9973338,10SEG 88729 41179,0.7,1.1,200.3,3,10,--.--,--.--,,--.--,--.--,--.--,0,0,--.--,--.--,0,96.4,105.3,-29.7,-1.1,-0.3,-0.1,--.--,--.--,-29.9,-0.6,-0.8,-0.1,--.--,--.--,--.--,--.--,-3.2,-0.1,322.8,-3.6,-3.6,-1.0,288.15,--.--,--.--,0,0,0.0,0.0,0.0,0,0,0,--.--,--.--,--.--
2026-07-09 15:46:29.551,-2.4,0.3,323,1.6,-0.8,-2.0,1.0,-1.1,0.000,0.2,29.7,67.4,63.4,29.827,0.000,0.000,0.000,362.7,00:02:23,141.8,137.9,1,--.--,0,228,--.--,0000:32:26,89,0,0,1,1,15.30,-1.00,-50,--.--,50,--.--,--:--:--,1,-15.30,15:46:29,20:46:29,7/9/26,--.--,--.--,--.--,--.--,--.--,--.--,--.--,--.--,--.--,--.--,--.--,--.--,0,--.--,--.--,--.--,--.--,--.--,--.--,--.--,--.--,--.--,--.--,--.--,--.--,--.--,--.--,--.--,--.--,0,0.000,0.000,0.000,0.000,0.000,0.000,0.000,0.000,0.000,0.000,0.000,0.000,true,true,true,true,true,true,false,false,true,true,false,false,0.05,0.01,0.01,0.42,--.--,--.--,0.15,0.17,9223372036854775808,0,--.--,--.--,--.--,--.--,--.--,0,0,0,0,37.4131549,-121.9973390,10SEG 88729 41178,0.7,1.1,221.8,3,10,--.--,--.--,,--.--,--.--,--.--,0,0,--.--,--.--,0,95.5,104.8,-29.9,-0.7,-0.7,-0.2,--.--,--.--,-29.9,-0.2,-1.1,0.0,--.--,--.--,--.--,--.--,-2.4,0.0,324.5,-0.3,-1.2,3.7,288.15,--.--,--.--,0,0,0.0,0.0,0.0,0,0,0,--.--,--.--,--.--
2026-07-09 15:46:30.551,-3.3,0.1,323,-0.9,-0.2,3.3,1.0,1.1,0.000,-0.0,29.9,67.6,63.6,29.916,0.000,0.000,0.000,362.7,00:02:24,140.9,136.9,1,--.--,0,228,--.--,0000:32:26,87,0,0,1,1,15.30,-1.00,-50,--.--,50,--.--,--:--:--,1,-15.30,15:46:30,20:46:30,7/9/26,--.--,--.--,--.--,--.--,--.--,--.--,--.--,--.--,--.--,--.--,--.--,--.--,0,--.--,--.--,--.--,--.--,--.--,--.--,--.--,--.--,--.--,--.--,--.--,--.--,--.--,--.--,--.--,--.--,0,0.000,0.000,0.000,0.000,0.000,0.000,0.000,0.000,0.000,0.000,0.000,0.000,true,true,true,true,true,true,false,false,true,true,false,false,0.05,0.01,0.00,0.19,--.--,--.--,0.15,0.17,9223372036854775808,0,--.--,--.--,--.--,--.--,--.--,0,0,0,0,37.4131505,-121.9973484,10SEG 88728 41177,0.7,1.1,254.9,3,10,--.--,--.--,,--.--,--.--,--.--,0,0,--.--,--.--,0,95.1,103.9,-29.9,-0.2,-1.1,0.0,--.--,--.--,-29.9,-0.3,-1.0,0.1,--.--,--.--,--.--,--.--,-3.4,0.1,326.3,-0.4,-0.3,5.7,288.15,--.--,--.--,0,0,0.0,0.0,0.0,0,0,0,--.--,--.--,--.--
2026-07-09 15:46:31.551,-2.1,0.0,328,2.0,-0.3,5.2,1.2,-0.8,0.000,-0.1,29.9,67.6,63.6,29.788,0.000,0.000,0.000,364.7,00:02:25,139.8,116.2,1,--.--,0,227,--.--,0000:32:26,84,0,0,1,1,15.30,-1.00,-50,--.--,50,--.--,--:--:--,1,-15.30,15:46:31,20:46:31,7/9/26,--.--,--.--,--.--,--.--,--.--,--.--,--.--,--.--,--.--,--.--,--.--,--.--,0,--.--,--.--,--.--,--.--,--.--,--.--,--.--,--.--,--.--,--.--,--.--,--.--,--.--,--.--,--.--,--.--,0,0.000,0.000,0.000,0.000,0.000,0.000,0.000,0.000,0.000,0.000,0.000,0.000,true,true,true,true,true,true,false,false,true,true,false,false,0.05,0.01,0.00,0.19,--.--,--.--,0.15,0.17,9223372036854775808,0,--.--,--.--,--.--,--.--,--.--,0,0,0,0,37.4131479,-121.9973617,10SEG 88727 41177,0.7,1.1,255.0,3,10,--.--,--.--,,--.--,--.--,--.--,0,0,--.--,--.--,0,94.9,102.7,-29.8,-0.2,-1.2,0.1,--.--,--.--,-29.9,-0.7,-0.8,-0.1,--.--,--.--,--.--,--.--,-1.6,-0.0,328.4,2.3,-0.1,1.5,288.15,--.--,--.--,0,0,0.0,0.0,0.0,0,0,0,--.--,--.--,--.--
2026-07-09 15:46:32.551,-1.5,4.1,332,-1.3,5.3,2.4,1.1,-1.4,0.000,0.0,29.7,67.5,63.5,29.709,0.000,0.000,0.000,364.7,00:02:26,138.8,132.2,1,--.--,0,227,--.--,0000:32:26,84,0,0,1,1,15.30,-1.00,-51,--.--,50,--.--,--:--:--,1,-15.30,15:46:32,20:46:32,7/9/26,--.--,--.--,--.--,--.--,--.--,--.--,--.--,--.--,--.--,--.--,--.--,--.--,0,--.--,--.--,--.--,--.--,--.--,--.--,--.--,--.--,--.--,--.--,--.--,--.--,--.--,--.--,--.--,--.--,0,0.000,0.000,0.000,0.000,0.000,0.000,0.000,0.000,0.000,0.000,0.000,0.000,true,true,true,true,true,true,false,false,true,true,false,false,0.03,0.01,0.00,0.04,--.--,--.--,0.15,0.17,9223372036854775808,0,--.--,--.--,--.--,--.--,--.--,0,0,0,0,37.4131446,-121.9973734,10SEG 88725 41177,0.7,1.1,243.1,3,10,--.--,--.--,,--.--,--.--,--.--,0,0,--.--,--.--,0,94.5,101.7,-29.7,-0.5,-0.9,-0.0,--.--,--.--,-29.9,-0.8,-0.7,-0.1,--.--,--.--,--.--,--.--,-1.8,3.4,330.6,-0.8,-2.7,-1.5,288.15,--.--,--.--,0,0,0.0,0.0,0.0,0,0,0,--.--,--.--,--.--
2026-07-09 15:46:33.551,-2.5,-0.3,333,-0.2,2.0,-0.9,1.1,-0.6,0.000,0.1,29.7,67.5,63.5,29.736,0.000,0.000,0.000,366.8,00:02:27,137.7,130.3,1,--.--,0,227,--.--,0000:32:26,85,0,0,1,1,15.30,-1.00,-51,--.--,50,--.--,--:--:--,1,-15.30,15:46:33,20:46:33,7/9/26,--.--,--.--,--.--,--.--,--.--,--.--,--.--,--.--,--.--,--.--,--.--,--.--,0,--.--,--.--,--.--,--.--,--.--,--.--,--.--,--.--,--.--,--.--,--.--,--.--,--.--,--.--,--.--,--.--,0,0.000,0.000,0.000,0.000,0.000,0.000,0.000,0.000,0.000,0.000,0.000,0.000,true,true,true,true,true,true,false,false,true,true,false,false,0.03,0.01,0.00,0.04,--.--,--.--,0.15,0.17,9223372036854775808,0,--.--,--.--,--.--,--.--,--.--,0,0,0,0,37.4131383,-121.9973817,10SEG 88725 41176,0.7,1.1,221.9,3,10,--.--,--.--,,--.--,--.--,--.--,0,0,--.--,--.--,0,93.7,101.0,-29.8,-0.8,-0.7,-0.1,--.--,--.--,-29.9,-0.4,-0.9,-0.1,--.--,--.--,--.--,--.--,-2.6,-0.0,332.5,-0.2,0.9,0.4,288.15,--.--,--.--,0,0,0.0,0.0,0.0,0,0,0,--.--,--.--,--.--
2026-07-09 15:46:34.552,-2.5,0.0,332,-0.5,0.0,0.5,1.0,-0.5,0.000,0.1,29.7,67.5,63.5,29.833,0.000,0.000,0.000,366.8,00:02:28,136.7,139.2,1,--.--,0,227,--.--,0000:32:26,87,0,0,1,1,15.30,-1.00,-51,--.--,50,--.--,--:--:--,1,-15.30,15:46:34,20:46:34,7/9/26,--.--,--.--,--.--,--.--,--.--,--.--,--.--,--.--,--.--,--.--,--.--,--.--,0,--.--,--.--,--.--,--.--,--.--,--.--,--.--,--.--,--.--,--.--,--.--,--.--,--.--,--.--,--.--,--.--,0,0.000,0.000,0.000,0.000,0.000,0.000,0.000,0.000,0.000,0.000,0.000,0.000,true,true,true,true,true,true,false,false,true,true,false,false,0.02,0.01,0.00,0.06,--.--,--.--,0.15,0.17,9223372036854775808,0,--.--,--.--,--.--,--.--,--.--,0,0,0,0,37.4131323,-121.9973904,10SEG 88724 41175,0.7,1.1,234.5,3,10,--.--,--.--,,--.--,--.--,--.--,0,0,--.--,--.--,0,93.0,100.2,-29.9,-0.5,-0.8,-0.1,--.--,--.--,-29.9,-0.1,-1.0,0.0,--.--,--.--,--.--,--.--,-2.7,0.1,334.3,-1.4,-0.1,4.5,288.15,--.--,--.--,0,0,0.0,0.0,0.0,0,0,0,--.--,--.--,--.--
2026-07-09 15:46:35.552,-3.3,0.0,334,0.1,-0.2,3.4,1.0,-1.6,0.000,-0.0,29.8,67.6,63.5,29.886,0.000,0.000,0.000,368.8,00:02:29,135.9,132.1,1,--.--,0,227,--.--,0000:32:26,86,0,0,1,1,15.30,-1.00,-51,--.--,50,--.--,--:--:--,1,-15.30,15:46:35,20:46:35,7/9/26,--.--,--.--,--.--,--.--,--.--,--.--,--.--,--.--,--.--,--.--,--.--,--.--,0,--.--,--.--,--.--,--.--,--.--,--.--,--.--,--.--,--.--,--.--,--.--,--.--,--.--,--.--,--.--,--.--,0,0.000,0.000,0.000,0.000,0.000,0.000,0.000,0.000,0.000,0.000,0.000,0.000,true,true,true,true,true,true,false,false,true,true,false,false,0.02,0.01,0.00,0.06,--.--,--.--,0.15,0.17,9223372036854775808,0,--.--,--.--,--.--,--.--,--.--,0,0,0,0,37.4131288,-121.9974000,10SEG 88723 41175,0.7,1.1,256.4,3,10,--.--,--.--,,--.--,--.--,--.--,0,0,--.--,--.--,0,92.7,99.3,-29.9,-0.1,-1.0,0.0,--.--,--.--,-29.9,-0.2,-1.0,0.1,--.--,--.--,--.--,--.--,-3.2,0.1,336.1,0.5,-0.3,4.0,288.15,--.--,--.--,0,0,0.0,0.0,0.0,0,0,0,--.--,--.--,--.--
2026-07-09 15:46:36.551,-2.2,0.0,338,1.2,-0.2,3.8,1.1,1.2,0.000,-0.1,29.8,67.6,63.6,29.809,0.000,0.000,0.000,368.8,00:02:30,135.0,119.0,1,--.--,0,227,--.--,0000:32:26,84,0,0,1,1,15.30,-1.00,-52,--.--,50,--.--,--:--:--,1,-15.30,15:46:36,20:46:36,7/9/26,--.--,--.--,--.--,--.--,--.--,--.--,--.--,--.--,--.--,--.--,--.--,--.--,0,--.--,--.--,--.--,--.--,--.--,--.--,--.--,--.--,--.--,--.--,--.--,--.--,--.--,--.--,--.--,--.--,0,0.000,0.000,0.000,0.000,0.000,0.000,0.000,0.000,0.000,0.000,0.000,0.000,true,true,true,true,true,true,false,false,true,true,false,false,0.01,0.00,0.00,0.04,--.--,--.--,0.15,0.17,9223372036854775808,0,--.--,--.--,--.--,--.--,--.--,0,0,0,0,37.4131273,-121.9974116,10SEG 88722 41175,0.7,1.1,261.6,3,10,--.--,--.--,,--.--,--.--,--.--,0,0,--.--,--.--,0,92.6,98.2,-29.8,-0.1,-1.1,0.1,--.--,--.--,-29.9,-0.5,-0.9,-0.0,--.--,--.--,--.--,--.--,-1.9,-0.0,338.1,1.3,-0.1,1.2,288.15,--.--,--.--,0,0,0.0,0.0,0.0,0,0,0,--.--,--.--,--.--
2026-07-09 15:46:37.551,-2.1,2.4,341,-0.3,9.4,2.5,1.0,-0.5,0.000,-0.0,29.8,67.5,63.6,29.769,0.000,0.000,0.000,370.8,00:02:31,134.1,129.0,1,--.--,0,226,--.--,0000:32:26,84,0,0,1,1,15.30,-1.00,-52,--.--,50,--.--,--:--:--,1,-15.30,15:46:37,20:46:37,7/9/26,--.--,--.--,--.--,--.--,--.--,--.--,--.--,--.--,--.--,--.--,--.--,--.--,0,--.--,--.--,--.--,--.--,--.--,--.--,--.--,--.--,--.--,--.--,--.--,--.--,--.--,--.--,--.--,--.--,0,0.000,0.000,0.000,0.000,0.000,0.000,0.000,0.000,0.000,0.000,0.000,0.000,true,true,true,true,true,true,false,false,true,true,false,false,0.01,0.00,0.00,0.04,--.--,--.--,0.15,0.17,9223372036854775808,0,--.--,--.--,--.--,--.--,--.--,0,0,0,0,37.4131262,-121.9974227,10SEG 88721 41175,0.7,1.1,257.1,3,10,--.--,--.--,,--.--,--.--,--.--,0,0,--.--,--.--,0,92.4,97.2,-29.8,-0.2,-1.0,0.0,--.--,--.--,-29.9,-0.6,-0.8,-0.1,--.--,--.--,--.--,--.--,-2.1,4.0,340.1,0.2,6.6,-0.6,288.15,--.--,--.--,0,0,0.0,0.0,0.0,0,0,0,--.--,--.--,--.--
2026-07-09 15:46:38.551,-2.5,-0.5,343,-0.7,0.1,0.2,1.1,-1.1,0.000,0.0,29.7,67.5,66.5,29.779,0.000,0.000,0.000,370.8,00:02:32,133.2,126.6,1,--.--,0,226,--.--,0000:32:26,84,0,0,1,1,15.30,-1.00,-52,--.--,50,--.--,--:--:--,1,-15.30,15:46:38,20:46:38,7/9/26,--.--,--.--,--.--,--.--,--.--,--.--,--.--,--.--,--.--,--.--,--.--,--.--,0,--.--,--.--,--.--,--.--,--.--,--.--,--.--,--.--,--.--,--.--,--.--,--.--,--.--,--.--,--.--,--.--,0,0.000,0.000,0.000,0.000,0.000,0.000,0.000,0.000,0.000,0.000,0.000,0.000,true,true,true,true,true,true,false,false,true,true,false,false,0.02,0.01,0.00,0.03,--.--,--.--,0.15,0.17,9223372036854775808,0,--.--,--.--,--.--,--.--,--.--,0,0,0,0,37.4131222,-121.9974330,10SEG 88720 41174,0.7,1.1,231.9,3,10,--.--,--.--,,--.--,--.--,--.--,0,0,--.--,--.--,0,91.9,96.4,-29.8,-0.6,-0.8,-0.0,--.--,--.--,-29.9,-0.4,-0.9,-0.0,--.--,--.--,--.--,--.--,-2.6,-0.1,341.9,-0.5,2.0,-0.0,288.15,--.--,--.--,0,0,0.0,0.0,0.0,0,0,0,--.--,--.--,--.--
2026-07-09 15:46:39.551,-2.5,0.0,342,-0.1,-0.2,0.1,1.0,1.3,0.000,0.1,29.8,67.5,66.5,29.822,0.000,0.000,0.000,372.8,00:02:33,132.2,130.8,1,--.--,0,226,--.--,0000:32:26,86,0,0,1,1,15.30,-1.00,-52,--.--,50,--.--,--:--:--,1,-15.30,15:46:39,20:46:39,7/9/26,--.--,--.--,--.--,--.--,--.--,--.--,--.--,--.--,--.--,--.--,--.--,--.--,0,--.--,--.--,--.--,--.--,--.--,--.--,--.--,--.--,--.--,--.--,--.--,--.--,--.--,--.--,--.--,--.--,0,0.000,0.000,0.000,0.000,0.000,0.000,0.000,0.000,0.000,0.000,0.000,0.000,true,true,true,true,true,true,false,false,true,true,false,false,0.02,0.01,0.00,0.03,--.--,--.--,0.15,0.17,9223372036854775808,0,--.--,--.--,--.--,--.--,--.--,0,0,0,0,37.4131167,-121.9974427,10SEG 88719 41173,0.7,1.1,241.5,3,10,--.--,--.--,,--.--,--.--,--.--,0,0,--.--,--.--,0,91.3,95.6,-29.9,-0.5,-0.9,-0.1,--.--,--.--,-29.9,-0.1,-1.0,0.0,--.--,--.--,--.--,--.--,-2.6,0.0,343.7,-0.6,-0.1,3.5,288.15,--.--,--.--,0,0,0.0,0.0,0.0,0,0,0,--.--,--.--,--.--
2026-07-09 15:46:40.551,-2.8,0.0,344,-0.8,-0.1,2.7,1.0,-1.3,0.000,0.0,29.8,67.6,66.6,29.887,0.000,0.000,0.000,372.8,00:02:34,131.3,131.6,1,--.--,0,226,--.--,0000:32:26,86,0,0,1,1,15.30,-1.00,-53,--.--,50,--.--,--:--:--,1,-15.30,15:46:40,20:46:40,7/9/26,--.--,--.--,--.--,--.--,--.--,--.--,--.--,--.--,--.--,--.--,--.--,--.--,0,--.--,--.--,--.--,--.--,--.--,--.--,--.--,--.--,--.--,--.--,--.--,--.--,--.--,--.--,--.--,--.--,0,0.000,0.000,0.000,0.000,0.000,0.000,0.000,0.000,0.000,0.000,0.000,0.000,true,true,true,true,true,true,false,false,true,true,false,false,0.01,0.00,0.00,0.05,--.--,--.--,0.15,0.17,9223372036854775808,0,--.--,--.--,--.--,--.--,--.--,0,0,0,0,37.4131140,-121.9974529,10SEG 88718 41173,0.7,1.1,264.0,3,10,--.--,--.--,,--.--,--.--,--.--,0,0,--.--,--.--,0,91.1,94.6,-29.9,-0.1,-1.0,0.0,--.--,--.--,-29.9,-0.0,-1.0,0.1,--.--,--.--,--.--,--.--,-3.0,0.1,345.6,-0.9,-0.2,4.4,288.15,--.--,--.--,0,0,0.0,0.0,0.0,0,0,0,--.--,--.--,--.--
2026-07-09 15:46:41.552,-2.4,0.0,347,1.0,-0.3,4.0,1.1,-1.6,0.000,-0.1,29.9,67.6,66.6,29.843,0.000,0.000,0.000,374.8,00:02:35,130.6,118.3,1,--.--,0,226,--.--,0000:32:26,84,0,0,1,1,15.30,-1.00,-53,--.--,50,--.--,--:--:--,1,-15.30,15:46:41,20:46:41,7/9/26,--.--,--.--,--.--,--.--,--.--,--.--,--.--,--.--,--.--,--.--,--.--,--.--,0,--.--,--.--,--.--,--.--,--.--,--.--,--.--,--.--,--.--,--.--,--.--,--.--,--.--,--.--,--.--,--.--,0,0.000,0.000,0.000,0.000,0.000,0.000,0.000,0.000,0.000,0.000,0.000,0.000,true,true,true,true,true,true,false,false,true,true,false,false,0.01,0.00,0.00,0.05,--.--,--.--,0.15,0.17,9223372036854775808,0,--.--,--.--,--.--,--.--,--.--,0,0,0,0,37.4131137,-121.9974649,10SEG 88717 41173,0.7,1.1,272.1,3,10,--.--,--.--,,--.--,--.--,--.--,0,0,--.--,--.--,0,91.1,93.6,-29.9,0.1,-1.1,0.1,--.--,--.--,-29.9,-0.3,-1.0,0.0,--.--,--.--,--.--,--.--,-2.2,0.0,347.5,1.1,-0.1,1.9,288.15,--.--,--.--,0,0,0.0,0.0,0.0,0,0,0,--.--,--.--,--.--
2026-07-09 15:46:42.552,-1.9,3.0,350,0.0,10.9,2.9,1.1,-1.2,0.000,-0.0,29.8,67.6,66.6,29.787,0.000,0.000,0.000,374.8,00:02:36,129.9,122.7,1,--.--,0,225,--.--,0000:32:26,84,0,0,1,1,15.30,-1.00,-53,--.--,50,--.--,--:--:--,1,-15.30,15:46:42,20:46:42,7/9/26,--.--,--.--,--.--,--.--,--.--,--.--,--.--,--.--,--.--,--.--,--.--,--.--,0,--.--,--.--,--.--,--.--,--.--,--.--,--.--,--.--,--.--,--.--,--.--,--.--,--.--,--.--,--.--,--.--,0,0.000,0.000,0.000,0.000,0.000,0.000,0.000,0.000,0.000,0.000,0.000,0.000,true,true,true,true,true,true,false,false,true,true,false,false,0.02,0.00,0.00,0.06,--.--,--.--,0.15,0.17,9223372036854775808,0,--.--,--.--,--.--,--.--,--.--,0,0,0,0,37.4131141,-121.9974766,10SEG 88716 41173,0.7,1.1,268.8,3,10,--.--,--.--,,--.--,--.--,--.--,0,0,--.--,--.--,0,91.1,92.5,-29.8,-0.0,-1.0,0.0,--.--,--.--,-29.9,-0.5,-0.9,-0.0,--.--,--.--,--.--,--.--,-1.9,4.8,349.4,0.4,7.1,-0.3,288.15,--.--,--.--,0,0,0.0,0.0,0.0,0,0,0,--.--,--.--,--.--
2026-07-09 15:46:43.551,-2.2,-0.6,352,-0.8,0.3,0.2,1.1,0.6,0.000,0.0,29.8,67.5,66.6,29.778,0.000,0.000,0.000,376.8,00:02:37,128.9,121.9,1,--.--,0,225,--.--,0000:32:26,84,0,0,1,1,15.30,-1.00,-53,--.--,50,--.--,--:--:--,1,-15.30,15:46:43,20:46:43,7/9/26,--.--,--.--,--.--,--.--,--.--,--.--,--.--,--.--,--.--,--.--,--.--,--.--,0,--.--,--.--,--.--,--.--,--.--,--.--,--.--,--.--,--.--,--.--,--.--,--.--,--.--,--.--,--.--,--.--,0,0.000,0.000,0.000,0.000,0.000,0.000,0.000,0.000,0.000,0.000,0.000,0.000,true,true,true,true,true,true,false,false,true,true,false,false,0.02,0.00,0.00,0.06,--.--,--.--,0.15,0.17,9223372036854775808,0,--.--,--.--,--.--,--.--,--.--,0,0,0,0,37.4131111,-121.9974877,10SEG 88715 41173,0.7,1.1,243.5,3,10,--.--,--.--,,--.--,--.--,--.--,0,0,--.--,--.--,0,90.7,91.6,-29.8,-0.5,-0.9,-0.0,--.--,--.--,-29.9,-0.2,-1.0,-0.0,--.--,--.--,--.--,--.--,-2.3,-0.0,351.4,-0.6,2.4,0.1,288.15,--.--,--.--,0,0,0.0,0.0,0.0,0,0,0,--.--,--.--,--.--
2026-07-09 15:46:44.551,-2.4,0.0,352,0.1,-0.2,0.4,1.0,-1.6,0.000,0.1,29.8,67.5,66.5,29.820,0.000,0.000,0.000,376.8,00:02:38,128.0,128.0,1,--.--,0,225,--.--,0000:32:26,86,0,0,1,1,15.30,-1.00,-54,--.--,50,--.--,--:--:--,1,-15.30,15:46:44,20:46:44,7/9/26,--.--,--.--,--.--,--.--,--.--,--.--,--.--,--.--,--.--,--.--,--.--,--.--,0,--.--,--.--,--.--,--.--,--.--,--.--,--.--,--.--,--.--,--.--,--.--,--.--,--.--,--.--,--.--,--.--,0,0.000,0.000,0.000,0.000,0.000,0.000,0.000,0.000,0.000,0.000,0.000,0.000,true,true,true,true,true,true,false,false,true,true,false,false,0.02,0.01,0.00,0.06,--.--,--.--,0.15,0.17,9223372036854775808,0,--.--,--.--,--.--,--.--,--.--,0,0,0,0,37.4131074,-121.9974988,10SEG 88714 41172,0.7,1.1,253.2,3,10,--.--,--.--,,--.--,--.--,--.--,0,0,--.--,--.--,0,90.3,90.6,-29.9,-0.2,-1.0,-0.1,--.--,--.--,-29.9,0.1,-1.0,-0.0,--.--,--.--,--.--,--.--,-2.5,0.0,353.3,-0.6,-0.1,3.5,288.15,--.--,--.--,0,0,0.0,0.0,0.0,0,0,0,--.--,--.--,--.--
2026-07-09 15:46:45.551,-2.7,0.0,353,-0.3,-0.2,2.9,1.0,-1.2,0.000,0.0,29.8,67.6,66.5,29.861,0.000,0.000,0.000,378.8,00:02:39,127.2,126.8,1,--.--,0,225,--.--,0000:32:26,85,0,0,1,1,15.30,-1.00,-54,--.--,50,--.--,--:--:--,1,-15.30,15:46:45,20:46:45,7/9/26,--.--,--.--,--.--,--.--,--.--,--.--,--.--,--.--,--.--,--.--,--.--,--.--,0,--.--,--.--,--.--,--.--,--.--,--.--,--.--,--.--,--.--,--.--,--.--,--.--,--.--,--.--,--.--,--.--,0,0.000,0.000,0.000,0.000,0.000,0.000,0.000,0.000,0.000,0.000,0.000,0.000,true,true,true,true,true,true,false,false,true,true,false,false,0.02,0.01,0.00,0.06,--.--,--.--,0.15,0.17,9223372036854775808,0,--.--,--.--,--.--,--.--,--.--,0,0,0,0,37.4131065,-121.9975092,10SEG 88714 41172,0.7,1.1,271.1,3,10,--.--,--.--,,--.--,--.--,--.--,0,0,--.--,--.--,0,90.3,89.7,-29.9,0.1,-1.0,-0.0,--.--,--.--,-29.9,0.1,-1.0,0.0,--.--,--.--,--.--,--.--,-2.8,0.1,355.1,-0.2,-0.2,4.0,288.15,--.--,--.--,0,0,0.0,0.0,0.0,0,0,0,--.--,--.--,--.--
2026-07-09 15:46:46.551,-2.2,0.0,357,1.1,-0.2,3.7,1.1,-1.5,0.000,-0.1,29.8,67.6,66.6,29.833,0.000,0.000,0.000,378.8,00:02:40,126.6,116.2,1,--.--,0,224,--.--,0000:32:26,84,0,0,1,1,15.30,-1.00,-55,--.--,50,--.--,--:--:--,1,-15.30,15:46:46,20:46:46,7/9/26,--.--,--.--,--.--,--.--,--.--,--.--,--.--,--.--,--.--,--.--,--.--,--.--,0,--.--,--.--,--.--,--.--,--.--,--.--,--.--,--.--,--.--,--.--,--.--,--.--,--.--,--.--,--.--,--.--,0,0.000,0.000,0.000,0.000,0.000,0.000,0.000,0.000,0.000,0.000,0.000,0.000,true,true,true,true,true,true,false,false,true,true,false,false,0.01,0.01,0.00,0.06,--.--,--.--,0.15,0.17,9223372036854775808,0,--.--,--.--,--.--,--.--,--.--,0,0,0,0,37.4131082,-121.9975212,10SEG 88712 41172,0.7,1.1,278.5,3,10,--.--,--.--,,--.--,--.--,--.--,0,0,--.--,--.--,0,90.5,88.6,-29.9,0.2,-1.1,0.1,--.--,--.--,-29.9,-0.1,-1.0,-0.0,--.--,--.--,--.--,--.--,-1.9,-0.0,357.1,1.5,-0.1,1.7,288.15,--.--,--.--,0,0,0.0,0.0,0.0,0,0,0,--.--,--.--,--.--
2026-07-09 15:46:47.551,-1.7,5.6,0,-0.2,7.7,2.6,1.0,0.2,0.000,0.0,29.8,67.6,66.6,29.790,0.000,0.000,0.000,380.8,00:02:41,126.0,120.9,1,--.--,0,224,--.--,0000:32:26,84,0,0,1,1,15.30,-1.00,-55,--.--,50,--.--,--:--:--,1,-15.30,15:46:47,20:46:47,7/9/26,--.--,--.--,--.--,--.--,--.--,--.--,--.--,--.--,--.--,--.--,--.--,--.--,0,--.--,--.--,--.--,--.--,--.--,--.--,--.--,--.--,--.--,--.--,--.--,--.--,--.--,--.--,--.--,--.--,0,0.000,0.000,0.000,0.000,0.000,0.000,0.000,0.000,0.000,0.000,0.000,0.000,true,true,true,true,true,true,false,false,true,true,false,false,0.01,0.01,0.00,0.06,--.--,--.--,0.15,0.17,9223372036854775808,0,--.--,--.--,--.--,--.--,--.--,0,0,0,0,37.4131097,-121.9975331,10SEG 88711 41173,0.7,1.1,275.0,3,10,--.--,--.--,,--.--,--.--,--.--,0,0,--.--,--.--,0,90.7,87.6,-29.8,0.0,-1.0,-0.0,--.--,--.--,-29.9,-0.3,-1.0,-0.0,--.--,--.--,--.--,--.--,-1.7,5.3,359.1,-0.0,-1.4,-0.1,288.15,--.--,--.--,0,0,0.0,0.0,0.0,0,0,0,--.--,--.--,--.--
2026-07-09 15:46:48.552,-2.2,-0.5,1,-0.6,2.5,0.0,1.1,1.2,0.000,0.0,29.8,67.5,66.5,29.787,0.000,0.000,0.000,380.8,00:02:42,125.1,118.5,1,--.--,0,224,--.--,0000:32:26,84,0,0,1,1,15.30,-1.00,-55,--.--,50,--.--,--:--:--,1,-15.30,15:46:48,20:46:48,7/9/26,--.--,--.--,--.--,--.--,--.--,--.--,--.--,--.--,--.--,--.--,--.--,--.--,0,--.--,--.--,--.--,--.--,--.--,--.--,--.--,--.--,--.--,--.--,--.--,--.--,--.--,--.--,--.--,--.--,0,0.000,0.000,0.000,0.000,0.000,0.000,0.000,0.000,0.000,0.000,0.000,0.000,true,true,true,true,true,true,false,false,true,true,false,false,0.03,0.01,0.00,0.07,--.--,--.--,0.15,0.17,9223372036854775808,0,--.--,--.--,--.--,--.--,--.--,0,0,0,0,37.4131072,-121.9975448,10SEG 88710 41172,0.7,1.1,252.7,3,10,--.--,--.--,,--.--,--.--,--.--,0,0,--.--,--.--,0,90.3,86.6,-29.8,-0.3,-1.0,-0.0,--.--,--.--,-29.9,0.1,-1.0,-0.0,--.--,--.--,--.--,--.--,-2.3,-0.0,1.0,-0.5,1.8,0.6,288.15,--.--,--.--,0,0,0.0,0.0,0.0,0,0,0,--.--,--.--,--.--
2026-07-09 15:46:49.551,-2.5,0.0,1,-0.3,-0.1,0.8,1.0,0.8,0.000,0.1,29.8,67.5,66.5,29.842,0.000,0.000,0.000,382.9,00:02:43,124.3,126.9,1,--.--,0,224,--.--,0000:32:26,85,0,0,1,1,15.30,-1.00,-55,--.--,50,--.--,--:--:--,1,-15.30,15:46:49,20:46:49,7/9/26,--.--,--.--,--.--,--.--,--.--,--.--,--.--,--.--,--.--,--.--,--.--,--.--,0,--.--,--.--,--.--,--.--,--.--,--.--,--.--,--.--,--.--,--.--,--.--,--.--,--.--,--.--,--.--,--.--,0,0.000,0.000,0.000,0.000,0.000,0.000,0.000,0.000,0.000,0.000,0.000,0.000,true,true,true,true,true,true,false,false,true,true,false,false,0.03,0.01,0.00,0.07,--.--,--.--,0.15,0.17,9223372036854775808,0,--.--,--.--,--.--,--.--,--.--,0,0,0,0,37.4131057,-121.9975554,10SEG 88709 41172,0.7,1.1,267.7,3,10,--.--,--.--,,--.--,--.--,--.--,0,0,--.--,--.--,0,90.2,85.6,-29.9,0.0,-1.0,-0.1,--.--,--.--,-29.9,0.3,-1.0,0.0,--.--,--.--,--.--,--.--,-2.6,0.1,2.9,-0.6,-0.1,3.8,288.15,--.--,--.--,0,0,0.0,0.0,0.0,0,0,0,--.--,--.--,--.--
2026-07-09 15:46:50.551,-2.4,0.0,3,0.9,-0.2,3.5,1.0,1.5,0.000,-0.0,29.8,67.6,66.6,29.862,0.000,0.000,0.000,382.9,00:02:44,123.8,118.2,1,--.--,0,223,--.--,0000:32:26,84,0,0,1,1,15.30,-1.00,-56,--.--,50,--.--,--:--:--,1,-15.30,15:46:50,20:46:50,7/9/26,--.--,--.--,--.--,--.--,--.--,--.--,--.--,--.--,--.--,--.--,--.--,--.--,0,--.--,--.--,--.--,--.--,--.--,--.--,--.--,--.--,--.--,--.--,--.--,--.--,--.--,--.--,--.--,--.--,0,0.000,0.000,0.000,0.000,0.000,0.000,0.000,0.000,0.000,0.000,0.000,0.000,true,true,true,true,true,true,false,false,true,true,false,false,0.01,0.00,0.00,0.06,--.--,--.--,0.15,0.17,9223372036854775808,0,--.--,--.--,--.--,--.--,--.--,0,0,0,0,37.4131072,-121.9975672,10SEG 88708 41172,0.7,1.1,284.2,3,10,--.--,--.--,,--.--,--.--,--.--,0,0,--.--,--.--,0,90.4,84.6,-29.9,0.3,-1.0,0.0,--.--,--.--,-29.9,0.2,-1.0,0.0,--.--,--.--,--.--,--.--,-2.2,0.0,4.8,1.1,-0.2,3.6,288.15,--.--,--.--,0,0,0.0,0.0,0.0,0,0,0,--.--,--.--,--.--
2026-07-09 15:46:51.552,-1.7,0.6,7,0.8,6.5,4.0,1.1,0.7,0.000,-0.0,29.8,67.6,66.6,29.811,0.000,0.000,0.000,384.9,00:02:45,123.4,112.8,1,--.--,0,223,--.--,0000:32:26,84,0,0,1,1,15.30,-1.00,-56,--.--,50,--.--,--:--:--,1,-15.30,15:46:51,20:46:51,7/9/26,--.--,--.--,--.--,--.--,--.--,--.--,--.--,--.--,--.--,--.--,--.--,--.--,0,--.--,--.--,--.--,--.--,--.--,--.--,--.--,--.--,--.--,--.--,--.--,--.--,--.--,--.--,--.--,--.--,0,0.000,0.000,0.000,0.000,0.000,0.000,0.000,0.000,0.000,0.000,0.000,0.000,true,true,true,true,true,true,false,false,true,true,false,false,0.01,0.00,0.00,0.06,--.--,--.--,0.15,0.17,9223372036854775808,0,--.--,--.--,--.--,--.--,--.--,0,0,0,0,37.4131099,-121.9975787,10SEG 88707 41173,0.7,1.1,290.9,3,10,--.--,--.--,,--.--,--.--,--.--,0,0,--.--,--.--,0,90.8,83.6,-29.8,0.4,-1.0,0.0,--.--,--.--,-29.9,-0.1,-1.0,-0.0,--.--,--.--,--.--,--.--,-1.5,3.7,6.8,1.0,12.3,0.9,288.15,--.--,--.--,0,0,0.0,0.0,0.0,0,0,0,--.--,--.--,--.--
2026-07-09 15:46:52.551,-1.8,1.3,10,-0.9,-15.0,1.0,1.1,-0.6,0.000,-0.0,29.8,67.6,66.6,29.809,0.000,0.000,0.000,386.9,00:02:46,122.7,116.7,1,--.--,0,222,--.--,0000:32:26,84,0,0,1,1,15.30,-1.00,-56,--.--,50,--.--,--:--:--,1,-15.30,15:46:52,20:46:52,7/9/26,--.--,--.--,--.--,--.--,--.--,--.--,--.--,--.--,--.--,--.--,--.--,--.--,0,--.--,--.--,--.--,--.--,--.--,--.--,--.--,--.--,--.--,--.--,--.--,--.--,--.--,--.--,--.--,--.--,0,0.000,0.000,0.000,0.000,0.000,0.000,0.000,0.000,0.000,0.000,0.000,0.000,true,true,true,true,true,true,false,false,true,true,false,false,0.01,0.00,0.00,0.07,--.--,--.--,0.15,0.17,9223372036854775808,0,--.--,--.--,--.--,--.--,--.--,0,0,0,0,37.4131118,-121.9975902,10SEG 88706 41173,0.7,1.1,260.7,3,10,--.--,--.--,,--.--,--.--,--.--,0,0,--.--,--.--,0,90.8,82.5,-29.8,-0.2,-1.0,0.0,--.--,--.--,-29.9,0.0,-1.0,-0.0,--.--,--.--,--.--,--.--,-1.9,-0.0,8.8,-0.8,-4.8,-0.5,288.15,--.--,--.--,0,0,0.0,0.0,0.0,0,0,0,--.--,--.--,--.--
2026-07-09 15:46:53.551,-2.3,0.1,10,0.4,-0.3,-0.0,1.0,-1.6,0.000,0.0,29.8,67.6,66.6,29.814,0.000,0.000,0.000,386.9,00:02:47,122.0,121.3,1,--.--,0,222,--.--,0000:32:26,85,0,0,1,1,15.30,-1.00,-56,--.--,50,--.--,--:--:--,1,-15.30,15:46:53,20:46:53,7/9/26,--.--,--.--,--.--,--.--,--.--,--.--,--.--,--.--,--.--,--.--,--.--,--.--,0,--.--,--.--,--.--,--.--,--.--,--.--,--.--,--.--,--.--,--.--,--.--,--.--,--.--,--.--,--.--,--.--,0,0.000,0.000,0.000,0.000,0.000,0.000,0.000,0.000,0.000,0.000,0.000,0.000,true,true,true,true,true,true,false,false,true,true,false,false,0.01,0.00,0.00,0.07,--.--,--.--,0.15,0.17,9223372036854775808,0,--.--,--.--,--.--,--.--,--.--,0,0,0,0,37.4131105,-121.9976018,10SEG 88705 41173,0.7,1.1,269.9,3,10,--.--,--.--,,--.--,--.--,--.--,0,0,--.--,--.--,0,90.7,81.5,-29.9,0.0,-1.0,-0.0,--.--,--.--,-29.9,0.3,-1.0,-0.0,--.--,--.--,--.--,--.--,-2.2,0.0,10.7,0.1,-0.7,2.4,288.15,--.--,--.--,0,0,0.0,0.0,0.0,0,0,0,--.--,--.--,--.--
2026-07-09 15:46:54.551,-2.3,0.0,11,-0.1,-0.1,2.4,1.0,-1.1,0.000,0.0,29.8,67.6,66.6,29.850,0.000,0.000,0.000,388.9,00:02:48,121.5,121.7,1,--.--,0,222,--.--,0000:32:26,85,0,0,1,1,15.30,-1.00,-57,--.--,50,--.--,--:--:--,1,-15.30,15:46:54,20:46:54,7/9/26,--.--,--.--,--.--,--.--,--.--,--.--,--.--,--.--,--.--,--.--,--.--,--.--,0,--.--,--.--,--.--,--.--,--.--,--.--,--.--,--.--,--.--,--.--,--.--,--.--,--.--,--.--,--.--,--.--,0,0.000,0.000,0.000,0.000,0.000,0.000,0.000,0.000,0.000,0.000,0.000,0.000,true,true,true,true,true,true,false,false,true,true,false,false,0.01,0.01,0.00,0.06,--.--,--.--,0.15,0.17,9223372036854775808,0,--.--,--.--,--.--,--.--,--.--,0,0,0,0,37.4131124,-121.9976137,10SEG 88704 41173,0.7,1.1,284.9,3,10,--.--,--.--,,--.--,--.--,--.--,0,0,--.--,--.--,0,90.9,80.5,-29.9,0.3,-1.0,-0.0,--.--,--.--,-29.9,0.4,-0.9,0.0,--.--,--.--,--.--,--.--,-2.3,0.0,12.6,0.1,-0.2,3.8,288.15,--.--,--.--,0,0,0.0,0.0,0.0,0,0,0,--.--,--.--,--.--
2026-07-09 15:46:55.551,-1.8,0.0,14,0.3,-0.1,3.8,1.1,-1.4,0.000,-0.0,29.8,67.6,66.6,29.824,0.000,0.000,0.000,388.9,00:02:49,121.2,112.8,1,--.--,0,221,--.--,0000:32:26,84,0,0,1,1,15.30,-1.00,-57,--.--,50,--.--,--:--:--,1,-15.30,15:46:55,20:46:55,7/9/26,--.--,--.--,--.--,--.--,--.--,--.--,--.--,--.--,--.--,--.--,--.--,--.--,0,--.--,--.--,--.--,--.--,--.--,--.--,--.--,--.--,--.--,--.--,--.--,--.--,--.--,--.--,--.--,--.--,0,0.000,0.000,0.000,0.000,0.000,0.000,0.000,0.000,0.000,0.000,0.000,0.000,true,true,true,true,true,true,false,false,true,true,false,false,0.01,0.01,0.00,0.06,--.--,--.--,0.15,0.17,9223372036854775808,0,--.--,--.--,--.--,--.--,--.--,0,0,0,0,37.4131157,-121.9976247,10SEG 88703 41173,0.7,1.1,297.6,3,10,--.--,--.--,,--.--,--.--,--.--,0,0,--.--,--.--,0,91.4,79.5,-29.8,0.5,-0.9,0.0,--.--,--.--,-29.9,0.2,-1.0,-0.0,--.--,--.--,--.--,--.--,-1.7,0.0,14.6,0.6,-0.1,2.0,288.15,--.--,--.--,0,0,0.0,0.0,0.0,0,0,0,--.--,--.--,--.--
2026-07-09 15:46:56.552,-1.5,6.6,17,-0.3,-6.4,2.1,1.0,1.1,0.000,-0.0,29.8,67.6,66.6,29.816,0.000,0.000,0.000,390.9,00:02:50,120.9,118.8,1,--.--,0,221,--.--,0000:32:26,83,0,0,1,1,15.30,-1.00,-57,--.--,50,--.--,--:--:--,1,-15.30,15:46:56,20:46:56,7/9/26,--.--,--.--,--.--,--.--,--.--,--.--,--.--,--.--,--.--,--.--,--.--,--.--,0,--.--,--.--,--.--,--.--,--.--,--.--,--.--,--.--,--.--,--.--,--.--,--.--,--.--,--.--,--.--,--.--,0,0.000,0.000,0.000,0.000,0.000,0.000,0.000,0.000,0.000,0.000,0.000,0.000,true,true,true,true,true,true,false,false,true,true,false,false,0.01,0.01,0.00,0.07,--.--,--.--,0.15,0.17,9223372036854775808,0,--.--,--.--,--.--,--.--,--.--,0,0,0,0,37.4131197,-121.9976352,10SEG 88702 41174,0.7,1.1,283.0,3,10,--.--,--.--,,--.--,--.--,--.--,0,0,--.--,--.--,0,91.8,78.6,-29.8,0.2,-1.0,0.0,--.--,--.--,-29.9,0.1,-1.0,-0.0,--.--,--.--,--.--,--.--,-1.6,2.7,16.6,-0.1,-15.0,-0.1,288.15,--.--,--.--,0,0,0.0,0.0,0.0,0,0,0,--.--,--.--,--.--
2026-07-09 15:46:57.551,-1.9,-0.0,18,-0.7,2.1,0.1,1.0,-0.3,0.000,0.0,29.8,67.6,66.6,29.818,0.000,0.000,0.000,390.9,00:02:51,120.2,118.3,1,--.--,0,220,--.--,0000:32:26,84,0,0,1,1,15.30,-1.00,-57,--.--,50,--.--,--:--:--,1,-15.30,15:46:57,20:46:57,7/9/26,--.--,--.--,--.--,--.--,--.--,--.--,--.--,--.--,--.--,--.--,--.--,--.--,0,--.--,--.--,--.--,--.--,--.--,--.--,--.--,--.--,--.--,--.--,--.--,--.--,--.--,--.--,--.--,--.--,0,0.000,0.000,0.000,0.000,0.000,0.000,0.000,0.000,0.000,0.000,0.000,0.000,true,true,true,true,true,true,false,false,true,true,false,false,0.01,0.01,0.00,0.07,--.--,--.--,0.15,0.17,9223372036854775808,0,--.--,--.--,--.--,--.--,--.--,0,0,0,0,37.4131205,-121.9976469,10SEG 88701 41174,0.7,1.1,276.6,3,10,--.--,--.--,,--.--,--.--,--.--,0,0,--.--,--.--,0,91.8,77.5,-29.9,0.1,-1.0,-0.0,--.--,--.--,-29.9,0.4,-0.9,-0.0,--.--,--.--,--.--,--.--,-2.1,-0.0,18.6,-0.8,-0.0,1.3,288.15,--.--,--.--,0,0,0.0,0.0,0.0,0,0,0,--.--,--.--,--.--
2026-07-09 15:46:58.552,-2.1,0.0,19,0.1,-0.1,1.8,1.0,-0.7,0.000,-0.0,29.8,67.6,66.6,29.854,0.000,0.000,0.000,392.9,00:02:52,119.8,120.5,1,--.--,0,220,--.--,0000:32:26,84,0,0,1,1,15.30,-1.00,-58,--.--,50,--.--,--:--:--,1,-15.30,15:46:58,20:46:58,7/9/26,--.--,--.--,--.--,--.--,--.--,--.--,--.--,--.--,--.--,--.--,--.--,--.--,0,--.--,--.--,--.--,--.--,--.--,--.--,--.--,--.--,--.--,--.--,--.--,--.--,--.--,--.--,--.--,--.--,0,0.000,0.000,0.000,0.000,0.000,0.000,0.000,0.000,0.000,0.000,0.000,0.000,true,true,true,true,true,true,false,false,true,true,false,false,0.01,0.00,0.00,0.04,--.--,--.--,0.15,0.17,9223372036854775808,0,--.--,--.--,--.--,--.--,--.--,0,0,0,0,37.4131222,-121.9976580,10SEG 88700 41174,0.7,1.1,292.0,3,10,--.--,--.--,,--.--,--.--,--.--,0,0,--.--,--.--,0,92.1,76.6,-29.9,0.4,-0.9,0.0,--.--,--.--,-29.9,0.5,-0.9,0.0,--.--,--.--,--.--,--.--,-2.1,0.0,20.4,-0.2,-0.1,3.3,288.15,--.--,--.--,0,0,0.0,0.0,0.0,0,0,0,--.--,--.--,--.--
2026-07-09 15:46:59.552,-1.7,0.0,22,0.9,-0.2,3.5,1.1,1.2,0.000,-0.1,29.8,67.6,66.6,29.856,0.000,0.000,0.000,392.9,00:02:53,119.7,112.2,1,--.--,0,219,--.--,0000:32:26,84,0,0,1,1,15.30,-1.00,-58,--.--,50,--.--,--:--:--,1,-15.30,15:46:59,20:46:59,7/9/26,--.--,--.--,--.--,--.--,--.--,--.--,--.--,--.--,--.--,--.--,--.--,--.--,0,--.--,--.--,--.--,--.--,--.--,--.--,--.--,--.--,--.--,--.--,--.--,--.--,--.--,--.--,--.--,--.--,0,0.000,0.000,0.000,0.000,0.000,0.000,0.000,0.000,0.000,0.000,0.000,0.000,true,true,true,true,true,true,false,false,true,true,false,false,0.01,0.00,0.00,0.04,--.--,--.--,0.15,0.17,9223372036854775808,0,--.--,--.--,--.--,--.--,--.--,0,0,0,0,37.4131263,-121.9976679,10SEG 88699 41174,0.7,1.1,304.0,3,10,--.--,--.--,,--.--,--.--,--.--,0,0,--.--,--.--,0,92.7,75.7,-29.9,0.7,-0.9,0.1,--.--,--.--,-29.9,0.4,-0.9,0.0,--.--,--.--,--.--,--.--,-1.4,0.1,22.3,1.0,0.3,2.1,288.15,--.--,--.--,0,0,0.0,0.0,0.0,0,0,0,--.--,--.--,--.--
2026-07-09 15:47:00.551,-1.3,5.7,25,-0.8,-10.6,2.0,1.0,0.9,0.000,-0.0,29.8,67.6,66.6,29.852,0.000,0.000,0.000,394.9,00:02:54,119.5,118.0,1,--.--,0,219,--.--,0000:32:26,83,0,0,1,1,15.30,-1.00,-58,--.--,50,--.--,--:--:--,1,-15.30,15:47:00,20:47:00,7/9/26,--.--,--.--,--.--,--.--,--.--,--.--,--.--,--.--,--.--,--.--,--.--,--.--,0,--.--,--.--,--.--,--.--,--.--,--.--,--.--,--.--,--.--,--.--,--.--,--.--,--.--,--.--,--.--,--.--,0,0.000,0.000,0.000,0.000,0.000,0.000,0.000,0.000,0.000,0.000,0.000,0.000,true,true,true,true,true,true,false,false,true,true,false,false,0.02,0.00,0.00,0.08,--.--,--.--,0.15,0.17,9223372036854775808,0,--.--,--.--,--.--,--.--,--.--,0,0,0,0,37.4131317,-121.9976778,10SEG 88699 41175,0.7,1.1,287.5,3,10,--.--,--.--,,--.--,--.--,--.--,0,0,--.--,--.--,0,93.2,74.8,-29.9,0.3,-1.0,0.0,--.--,--.--,-29.9,0.3,-1.0,0.0,--.--,--.--,--.--,--.--,-1.4,1.6,24.3,-0.4,-16.1,0.3,288.15,--.--,--.--,0,0,0.0,0.0,0.0,0,0,0,--.--,--.--,--.--
2026-07-09 15:47:01.551,-1.7,0.1,26,-0.1,1.4,0.5,1.0,-1.4,0.000,-0.0,29.8,67.6,66.6,29.855,0.000,0.000,0.000,394.9,00:02:55,119.0,118.7,1,--.--,0,218,--.--,0000:32:26,84,0,0,1,1,15.30,-1.00,-58,--.--,50,--.--,--:--:--,1,-15.30,15:47:01,20:47:01,7/9/26,--.--,--.--,--.--,--.--,--.--,--.--,--.--,--.--,--.--,--.--,--.--,--.--,0,--.--,--.--,--.--,--.--,--.--,--.--,--.--,--.--,--.--,--.--,--.--,--.--,--.--,--.--,--.--,--.--,0,0.000,0.000,0.000,0.000,0.000,0.000,0.000,0.000,0.000,0.000,0.000,0.000,true,true,true,true,true,true,false,false,true,true,false,false,0.02,0.00,0.00,0.08,--.--,--.--,0.15,0.17,9223372036854775808,0,--.--,--.--,--.--,--.--,--.--,0,0,0,0,37.4131337,-121.9976897,10SEG 88698 41175,0.7,1.1,287.0,3,10,--.--,--.--,,--.--,--.--,--.--,0,0,--.--,--.--,0,93.3,73.8,-29.9,0.3,-0.9,0.0,--.--,--.--,-29.9,0.6,-0.8,0.0,--.--,--.--,--.--,--.--,-1.7,-0.0,26.3,-0.1,-0.4,1.5,288.15,--.--,--.--,0,0,0.0,0.0,0.0,0,0,0,--.--,--.--,--.--
2026-07-09 15:47:02.551,-1.8,0.0,27,-0.0,-0.1,2.0,1.0,-1.1,0.000,-0.0,29.8,67.6,66.6,29.889,0.000,0.000,0.000,397.0,00:02:56,118.8,118.6,1,--.--,0,218,--.--,0000:32:26,84,0,0,1,1,15.30,-1.00,-59,--.--,50,--.--,--:--:--,1,-15.30,15:47:02,20:47:02,7/9/26,--.--,--.--,--.--,--.--,--.--,--.--,--.--,--.--,--.--,--.--,--.--,--.--,0,--.--,--.--,--.--,--.--,--.--,--.--,--.--,--.--,--.--,--.--,--.--,--.--,--.--,--.--,--.--,--.--,0,0.000,0.000,0.000,0.000,0.000,0.000,0.000,0.000,0.000,0.000,0.000,0.000,true,true,true,true,true,true,false,false,true,true,false,false,0.02,0.01,0.01,0.07,--.--,--.--,0.15,0.17,9223372036854775808,0,--.--,--.--,--.--,--.--,--.--,0,0,0,0,37.4131374,-121.9976999,10SEG 88697 41176,0.7,1.1,303.3,3,10,--.--,--.--,,--.--,--.--,--.--,0,0,--.--,--.--,0,93.8,72.9,-29.9,0.6,-0.8,0.1,--.--,--.--,-29.9,0.6,-0.8,0.1,--.--,--.--,--.--,--.--,-1.8,0.0,28.2,0.1,-0.2,3.0,288.15,--.--,--.--,0,0,0.0,0.0,0.0,0,0,0,--.--,--.--,--.--
2026-07-09 15:47:03.551,-1.3,3.1,30,0.8,14.7,3.4,1.1,1.0,0.000,-0.1,29.9,67.6,66.6,29.876,0.000,0.000,0.000,397.0,00:02:57,118.9,110.3,1,--.--,0,217,--.--,0000:32:26,84,0,0,1,1,15.30,-1.00,-59,--.--,50,--.--,--:--:--,1,-15.30,15:47:03,20:47:03,7/9/26,--.--,--.--,--.--,--.--,--.--,--.--,--.--,--.--,--.--,--.--,--.--,--.--,0,--.--,--.--,--.--,--.--,--.--,--.--,--.--,--.--,--.--,--.--,--.--,--.--,--.--,--.--,--.--,--.--,0,0.000,0.000,0.000,0.000,0.000,0.000,0.000,0.000,0.000,0.000,0.000,0.000,true,true,true,true,true,true,false,false,true,true,false,false,0.02,0.01,0.01,0.07,--.--,--.--,0.15,0.17,9223372036854775808,0,--.--,--.--,--.--,--.--,--.--,0,0,0,0,37.4131430,-121.9977084,10SEG 88696 41176,0.7,1.1,315.1,3,10,--.--,--.--,,--.--,--.--,--.--,0,0,--.--,--.--,0,94.5,72.1,-29.9,0.8,-0.7,0.1,--.--,--.--,-29.9,0.4,-0.9,0.0,--.--,--.--,--.--,--.--,-1.1,6.6,30.1,0.9,13.3,1.8,288.15,--.--,--.--,0,0,0.0,0.0,0.0,0,0,0,--.--,--.--,--.--
2026-07-09 15:47:04.552,-1.2,-0.3,32,-0.6,-7.7,1.5,1.1,0.8,0.000,-0.1,29.9,67.6,66.6,29.877,0.000,0.000,0.000,399.0,00:02:58,118.7,112.8,1,--.--,0,217,--.--,0000:32:26,84,0,0,1,1,15.30,-1.00,-60,--.--,50,--.--,--:--:--,1,-15.30,15:47:04,20:47:04,7/9/26,--.--,--.--,--.--,--.--,--.--,--.--,--.--,--.--,--.--,--.--,--.--,--.--,0,--.--,--.--,--.--,--.--,--.--,--.--,--.--,--.--,--.--,--.--,--.--,--.--,--.--,--.--,--.--,--.--,0,0.000,0.000,0.000,0.000,0.000,0.000,0.000,0.000,0.000,0.000,0.000,0.000,true,true,true,true,true,true,false,false,true,true,false,false,0.02,0.00,0.01,0.08,--.--,--.--,0.15,0.17,9223372036854775808,0,--.--,--.--,--.--,--.--,--.--,0,0,0,0,37.4131480,-121.9977185,10SEG 88695 41177,0.7,1.1,285.2,3,10,--.--,--.--,,--.--,--.--,--.--,0,0,--.--,--.--,0,95.0,71.2,-29.9,0.3,-1.0,0.1,--.--,--.--,-29.9,0.5,-0.9,0.0,--.--,--.--,--.--,--.--,-1.4,-0.0,32.1,-0.6,1.2,0.6,288.15,--.--,--.--,0,0,0.0,0.0,0.0,0,0,0,--.--,--.--,--.--
2026-07-09 15:47:05.551,-1.6,0.1,33,0.6,-0.5,1.1,1.0,1.3,0.000,-0.0,29.9,67.6,66.6,29.874,0.000,0.000,0.000,399.0,00:02:59,118.5,118.9,1,--.--,0,216,--.--,0000:32:26,84,0,0,1,1,15.30,-1.00,-60,--.--,50,--.--,--:--:--,1,-15.30,15:47:05,20:47:05,7/9/26,--.--,--.--,--.--,--.--,--.--,--.--,--.--,--.--,--.--,--.--,--.--,--.--,0,--.--,--.--,--.--,--.--,--.--,--.--,--.--,--.--,--.--,--.--,--.--,--.--,--.--,--.--,--.--,--.--,0,0.000,0.000,0.000,0.000,0.000,0.000,0.000,0.000,0.000,0.000,0.000,0.000,true,true,true,true,true,true,false,false,true,true,false,false,0.02,0.00,0.01,0.08,--.--,--.--,0.15,0.17,9223372036854775808,0,--.--,--.--,--.--,--.--,--.--,0,0,0,0,37.4131518,-121.9977288,10SEG 88694 41177,0.7,1.1,305.4,3,10,--.--,--.--,,--.--,--.--,--.--,0,0,--.--,--.--,0,95.4,70.3,-29.9,0.6,-0.8,0.0,--.--,--.--,-29.9,0.6,-0.8,0.0,--.--,--.--,--.--,--.--,-1.5,0.0,33.9,0.4,-0.5,2.1,288.15,--.--,--.--,0,0,0.0,0.0,0.0,0,0,0,--.--,--.--,--.--
2026-07-09 15:47:06.551,-1.2,4.3,35,0.3,12.1,2.8,1.0,-0.7,0.000,-0.0,29.8,67.6,66.6,29.857,0.000,0.000,0.000,401.0,00:03:00,118.7,114.0,1,--.--,0,216,--.--,0000:32:26,84,0,0,1,1,15.30,-1.00,-60,--.--,50,--.--,--:--:--,1,-15.30,15:47:06,20:47:06,7/9/26,--.--,--.--,--.--,--.--,--.--,--.--,--.--,--.--,--.--,--.--,--.--,--.--,0,--.--,--.--,--.--,--.--,--.--,--.--,--.--,--.--,--.--,--.--,--.--,--.--,--.--,--.--,--.--,--.--,0,0.000,0.000,0.000,0.000,0.000,0.000,0.000,0.000,0.000,0.000,0.000,0.000,true,true,true,true,true,true,false,false,true,true,false,false,0.02,0.00,0.01,0.09,--.--,--.--,0.15,0.17,9223372036854775808,0,--.--,--.--,--.--,--.--,--.--,0,0,0,0,37.4131581,-121.9977372,10SEG 88693 41178,0.7,1.1,317.2,3,10,--.--,--.--,,--.--,--.--,--.--,0,0,--.--,--.--,0,96.2,69.6,-29.9,0.7,-0.7,0.0,--.--,--.--,-29.9,0.5,-0.9,0.0,--.--,--.--,--.--,--.--,-1.1,6.1,35.9,0.2,6.8,2.2,288.15,--.--,--.--,0,0,0.0,0.0,0.0,0,0,0,--.--,--.--,--.--
2026-07-09 15:47:07.551,-1.2,-0.6,38,-0.4,-2.0,1.9,1.0,0.7,0.000,-0.0,29.8,67.6,66.6,29.845,0.000,0.000,0.000,401.0,00:03:01,118.6,115.3,1,--.--,0,215,--.--,0000:32:26,84,0,0,1,1,15.30,-1.00,-60,--.--,50,--.--,--:--:--,1,-15.30,15:47:07,20:47:07,7/9/26,--.--,--.--,--.--,--.--,--.--,--.--,--.--,--.--,--.--,--.--,--.--,--.--,0,--.--,--.--,--.--,--.--,--.--,--.--,--.--,--.--,--.--,--.--,--.--,--.--,--.--,--.--,--.--,--.--,0,0.000,0.000,0.000,0.000,0.000,0.000,0.000,0.000,0.000,0.000,0.000,0.000,true,true,true,true,true,true,false,false,true,true,false,false,0.02,0.00,0.01,0.09,--.--,--.--,0.15,0.17,9223372036854775808,0,--.--,--.--,--.--,--.--,--.--,0,0,0,0,37.4131633,-121.9977471,10SEG 88692 41178,0.7,1.1,296.1,3,10,--.--,--.--,,--.--,--.--,--.--,0,0,--.--,--.--,0,96.7,68.7,-29.9,0.5,-0.9,0.0,--.--,--.--,-29.9,0.6,-0.8,0.0,--.--,--.--,--.--,--.--,-1.3,-0.0,37.8,-0.3,2.4,1.1,288.15,--.--,--.--,0,0,0.0,0.0,0.0,0,0,0,--.--,--.--,--.--
2026-07-09 15:47:08.552,-1.2,0.1,39,0.4,0.9,1.6,1.0,1.2,0.000,-0.0,29.8,67.6,66.6,29.845,0.000,0.000,0.000,403.0,00:03:02,118.7,117.8,1,--.--,0,215,--.--,0000:32:26,84,0,0,1,1,15.30,-1.00,-61,--.--,50,--.--,--:--:--,1,-15.30,15:47:08,20:47:08,7/9/26,--.--,--.--,--.--,--.--,--.--,--.--,--.--,--.--,--.--,--.--,--.--,--.--,0,--.--,--.--,--.--,--.--,--.--,--.--,--.--,--.--,--.--,--.--,--.--,--.--,--.--,--.--,--.--,--.--,0,0.000,0.000,0.000,0.000,0.000,0.000,0.000,0.000,0.000,0.000,0.000,0.000,true,true,true,true,true,true,false,false,true,true,false,false,0.01,0.00,0.01,0.07,--.--,--.--,0.15,0.17,9223372036854775808,0,--.--,--.--,--.--,--.--,--.--,0,0,0,0,37.4131684,-121.9977564,10SEG 88692 41179,0.7,1.1,315.3,3,10,--.--,--.--,,--.--,--.--,--.--,0,0,--.--,--.--,0,97.3,67.9,-29.9,0.7,-0.7,0.0,--.--,--.--,-29.9,0.6,-0.8,0.0,--.--,--.--,--.--,--.--,-1.2,1.3,39.7,0.4,4.8,2.0,288.15,--.--,--.--,0,0,0.0,0.0,0.0,0,0,0,--.--,--.--,--.--
2026-07-09 15:47:09.551,-1.1,4.0,41,-0.1,-9.6,2.1,1.0,-0.7,0.000,-0.0,29.8,67.6,66.6,29.843,0.000,0.000,0.000,403.0,00:03:03,118.9,118.4,1,--.--,0,214,--.--,0000:32:26,83,0,0,1,1,15.30,-1.00,-61,--.--,50,--.--,--:--:--,1,-15.30,15:47:09,20:47:09,7/9/26,--.--,--.--,--.--,--.--,--.--,--.--,--.--,--.--,--.--,--.--,--.--,--.--,0,--.--,--.--,--.--,--.--,--.--,--.--,--.--,--.--,--.--,--.--,--.--,--.--,--.--,--.--,--.--,--.--,0,0.000,0.000,0.000,0.000,0.000,0.000,0.000,0.000,0.000,0.000,0.000,0.000,true,true,true,true,true,true,false,false,true,true,false,false,0.01,0.00,0.01,0.07,--.--,--.--,0.15,0.17,9223372036854775808,0,--.--,--.--,--.--,--.--,--.--,0,0,0,0,37.4131749,-121.9977640,10SEG 88691 41180,0.7,1.1,307.0,3,10,--.--,--.--,,--.--,--.--,--.--,0,0,--.--,--.--,0,98.0,67.2,-29.9,0.6,-0.8,0.0,--.--,--.--,-29.9,0.6,-0.8,0.0,--.--,--.--,--.--,--.--,-1.0,1.2,41.7,0.2,-11.1,1.8,288.15,--.--,--.--,0,0,0.0,0.0,0.0,0,0,0,--.--,--.--,--.--
2026-07-09 15:47:10.551,-0.5,0.2,43,5.5,1.9,1.7,1.0,1.8,0.000,-0.0,29.8,67.6,66.6,29.830,0.000,0.000,0.000,405.0,00:03:04,118.9,119.4,1,--.--,0,214,--.--,0000:32:26,70,0,0,1,1,15.30,-1.00,-61,--.--,50,--.--,--:--:--,1,-15.30,15:47:10,20:47:10,7/9/26,--.--,--.--,--.--,--.--,--.--,--.--,--.--,--.--,--.--,--.--,--.--,--.--,0,--.--,--.--,--.--,--.--,--.--,--.--,--.--,--.--,--.--,--.--,--.--,--.--,--.--,--.--,--.--,--.--,0,0.000,0.000,0.000,0.000,0.000,0.000,0.000,0.000,0.000,0.000,0.000,0.000,true,true,true,true,true,true,false,false,true,true,false,false,0.02,0.00,0.00,0.08,--.--,--.--,0.15,0.17,9223372036854775808,0,--.--,--.--,--.--,--.--,--.--,0,0,0,0,37.4131806,-121.9977732,10SEG 88690 41180,0.7,1.1,316.7,3,10,--.--,--.--,,--.--,--.--,--.--,0,0,--.--,--.--,0,98.7,66.4,-29.8,0.7,-0.7,0.5,--.--,--.--,-29.9,0.7,-0.7,0.0,--.--,--.--,--.--,--.--,0.5,0.0,43.5,4.7,-0.8,-0.6,288.15,--.--,--.--,0,0,0.0,0.0,0.0,0,0,0,--.--,--.--,--.--
2026-07-09 15:47:11.551,0.4,0.1,43,-1.0,0.1,-3.0,0.9,-1.4,0.000,-3.0,29.7,67.5,66.6,28.198,0.000,0.000,0.000,405.0,00:03:05,119.3,140.2,1,--.--,0,214,--.--,0000:32:26,70,0,0,1,1,15.30,-1.00,-61,--.--,50,--.--,--:--:--,1,-15.30,15:47:11,20:47:11,7/9/26,--.--,--.--,--.--,--.--,--.--,--.--,--.--,--.--,--.--,--.--,--.--,--.--,0,--.--,--.--,--.--,--.--,--.--,--.--,--.--,--.--,--.--,--.--,--.--,--.--,--.--,--.--,--.--,--.--,0,0.000,0.000,0.000,0.000,0.000,0.000,0.000,0.000,0.000,0.000,0.000,0.000,true,true,true,true,true,true,false,false,true,true,false,false,0.02,0.00,0.00,0.08,--.--,--.--,0.15,0.17,9223372036854775808,0,--.--,--.--,--.--,--.--,--.--,0,0,0,0,37.4131872,-121.9977796,10SEG 88689 41181,0.7,1.1,332.5,3,10,--.--,--.--,,--.--,--.--,--.--,0,0,--.--,--.--,0,99.4,65.9,-27.7,0.8,-0.4,3.8,--.--,--.--,-29.9,0.7,-0.7,0.0,--.--,--.--,--.--,--.--,0.5,-0.0,44.0,0.7,-1.0,-70.8,288.15,--.--,--.--,0,0,0.0,0.0,0.0,0,0,0,--.--,--.--,--.--
2026-07-09 15:47:12.551,0.5,-0.3,25,-0.3,-1.8,-17.3,0.9,1.3,0.000,-7.6,27.2,65.0,64.0,22.279,0.000,0.000,0.000,405.0,00:03:06,119.9,133.9,1,--.--,0,213,--.--,0000:32:26,70,0,0,1,1,15.30,-1.00,-62,--.--,50,--.--,--:--:--,1,-15.30,15:47:12,20:47:12,7/9/26,--.--,--.--,--.--,--.--,--.--,--.--,--.--,--.--,--.--,--.--,--.--,--.--,0,--.--,--.--,--.--,--.--,--.--,--.--,--.--,--.--,--.--,--.--,--.--,--.--,--.--,--.--,--.--,--.--,0,0.000,0.000,0.000,0.000,0.000,0.000,0.000,0.000,0.000,0.000,0.000,0.000,true,true,true,true,true,true,false,false,true,true,false,false,0.11,0.00,0.01,0.11,--.--,--.--,0.15,0.17,9223372036854775808,0,--.--,--.--,--.--,--.--,--.--,0,0,0,0,37.4131944,-121.9977833,10SEG 88689 41182,0.7,1.1,347.6,3,10,--.--,--.--,,--.--,--.--,--.--,0,0,--.--,--.--,0,100.2,65.7,-21.1,0.9,-0.1,7.6,--.--,--.--,-29.9,0.7,-0.7,0.0,--.--,--.--,--.--,--.--,-0.2,-0.5,24.9,-3.9,-0.7,3.9,288.15,--.--,--.--,0,0,0.0,0.0,0.0,0,0,0,--.--,--.--,--.--
2026-07-09 15:47:13.552,-0.2,-0.0,18,-0.2,0.0,-2.1,1.1,1.5,0.000,-7.9,20.3,58.1,57.1,15.004,0.000,0.000,0.000,407.0,00:03:07,120.8,112.2,1,--.--,0,213,--.--,0000:32:26,70,0,0,1,1,15.30,-1.00,-62,--.--,50,--.--,--:--:--,1,-15.30,15:47:13,20:47:13,7/9/26,--.--,--.--,--.--,--.--,--.--,--.--,--.--,--.--,--.--,--.--,--.--,--.--,0,--.--,--.--,--.--,--.--,--.--,--.--,--.--,--.--,--.--,--.--,--.--,--.--,--.--,--.--,--.--,--.--,0,0.000,0.000,0.000,0.000,0.000,0.000,0.000,0.000,0.000,0.000,0.000,0.000,true,true,true,true,true,true,false,false,true,true,false,false,0.11,0.00,0.01,0.11,--.--,--.--,0.15,0.17,9223372036854775808,0,--.--,--.--,--.--,--.--,--.--,0,0,0,0,37.4132033,-121.9977829,10SEG 88689 41183,0.7,1.1,11.1,3,10,--.--,--.--,,--.--,--.--,--.--,0,0,--.--,--.--,0,101.2,65.8,-13.8,1.1,0.3,8.3,--.--,--.--,-29.9,0.7,-0.7,0.0,--.--,--.--,--.--,--.--,-0.2,-0.5,18.3,-0.1,-2.0,0.0,288.15,--.--,--.--,0,0,0.0,0.0,0.0,0,0,0,--.--,--.--,--.--
2026-07-09 15:47:14.551,-0.5,-0.9,16,-7.8,-14.2,-0.8,1.3,1.8,0.000,-10.8,12.9,50.7,49.7,5.609,0.000,0.000,0.000,409.1,00:03:08,121.9,96.4,1,--.--,0,213,--.--,0000:32:26,80,0,0,1,1,15.30,-1.00,-62,--.--,50,--.--,--:--:--,1,-15.30,15:47:14,20:47:14,7/9/26,--.--,--.--,--.--,--.--,--.--,--.--,--.--,--.--,--.--,--.--,--.--,--.--,0,--.--,--.--,--.--,--.--,--.--,--.--,--.--,--.--,--.--,--.--,--.--,--.--,--.--,--.--,--.--,--.--,0,0.000,0.000,0.000,0.000,0.000,0.000,0.000,0.000,0.000,0.000,0.000,0.000,true,true,true,true,true,true,false,false,true,true,false,false,0.03,0.01,0.02,0.12,--.--,--.--,0.15,0.17,9223372036854775808,0,--.--,--.--,--.--,--.--,--.--,0,0,0,0,37.4132139,-121.9977791,10SEG 88689 41184,0.7,1.1,20.4,3,10,--.--,--.--,,--.--,--.--,--.--,0,0,--.--,--.--,0,102.4,66.2,-4.0,1.2,0.5,10.6,--.--,--.--,-29.9,0.7,-0.7,0.0,--.--,--.--,--.--,--.--,-5.7,-17.2,17.8,-24.9,-64.7,3.6,288.15,--.--,--.--,0,0,0.0,0.0,0.0,0,0,0,--.--,--.--,--.--
2026-07-09 15:47:15.551,-3.4,14.7,18,1.2,-137.5,-1.1,2.2,-1.6,0.000,-10.1,2.9,40.7,39.7,-4.478,0.000,0.000,0.000,411.1,00:03:09,123.6,57.3,1,--.--,0,212,--.--,0000:32:26,68,0,0,1,1,15.30,-1.00,-62,--.--,50,--.--,--:--:--,1,-15.30,15:47:15,20:47:15,7/9/26,--.--,--.--,--.--,--.--,--.--,--.--,--.--,--.--,--.--,--.--,--.--,--.--,0,--.--,--.--,--.--,--.--,--.--,--.--,--.--,--.--,--.--,--.--,--.--,--.--,--.--,--.--,--.--,--.--,0,0.000,0.000,0.000,0.000,0.000,0.000,0.000,0.000,0.000,0.000,0.000,0.000,true,true,true,true,true,true,false,false,true,true,false,false,0.03,0.01,0.02,0.12,--.--,--.--,0.15,0.17,9223372036854775808,0,--.--,--.--,--.--,--.--,--.--,0,0,0,0,37.4132169,-121.9977768,10SEG 88690 41184,0.7,1.1,197.1,3,10,--.--,--.--,,--.--,--.--,--.--,0,0,--.--,--.--,0,104.4,66.2,5.9,1.7,-0.9,10.8,--.--,--.--,-29.9,0.7,-0.7,0.0,--.--,--.--,--.--,--.--,-2.7,-3.6,18.5,4.5,-67.8,-8.1,288.15,--.--,--.--,0,0,0.0,0.0,0.0,0,0,0,--.--,--.--,--.--
2026-07-09 15:47:16.552,2.1,-5.8,26,-2.6,-12.7,-11.2,0.3,2.1,0.000,-2.8,-7.0,30.8,29.8,-3.235,0.000,0.000,0.000,411.1,00:03:10,122.7,392.9,1,--.--,0,213,--.--,0000:32:26,93,0,0,1,1,15.30,-1.00,-63,--.--,50,--.--,--:--:--,1,-15.30,15:47:16,20:47:16,7/9/26,--.--,--.--,--.--,--.--,--.--,--.--,--.--,--.--,--.--,--.--,--.--,--.--,0,--.--,--.--,--.--,--.--,--.--,--.--,--.--,--.--,--.--,--.--,--.--,--.--,--.--,--.--,--.--,--.--,0,0.000,0.000,0.000,0.000,0.000,0.000,0.000,0.000,0.000,0.000,0.000,0.000,true,true,true,true,true,true,false,false,true,true,true,true,2.00,0.23,0.23,--.--,--.--,--.--,0.16,0.17,9223372036854775808,0,--.--,--.--,--.--,--.--,--.--,0,0,0,0,37.4132094,-121.9977798,10SEG 88689 41183,0.7,1.1,81.9,3,10,--.--,--.--,,--.--,--.--,--.--,0,0,--.--,--.--,0,103.5,66.0,1.8,0.1,-0.0,1.7,--.--,--.--,-29.9,0.7,-0.7,0.0,--.--,--.--,--.--,--.--,-1.4,-2.2,26.9,-16.5,15.1,9.2,288.15,--.--,--.--,0,0,0.0,0.0,0.0,0,0,0,--.--,--.--,--.--
2026-07-09 15:47:17.551,1.0,-2.8,22,-23.8,-14.8,-6.6,0.3,1.2,0.000,0.5,-1.2,36.6,35.6,0.857,0.000,0.000,0.000,411.1,00:03:11,122.0,430.8,1,--.--,0,213,--.--,0000:32:26,100,0,0,1,1,15.30,-1.00,-63,--.--,50,--.--,--:--:--,1,-15.30,15:47:17,20:47:17,7/9/26,--.--,--.--,--.--,--.--,--.--,--.--,--.--,--.--,--.--,--.--,--.--,--.--,0,--.--,--.--,--.--,--.--,--.--,--.--,--.--,--.--,--.--,--.--,--.--,--.--,--.--,--.--,--.--,--.--,0,0.000,0.000,0.000,0.000,0.000,0.000,0.000,0.000,0.000,0.000,0.000,0.000,true,true,true,true,true,true,false,false,true,true,true,true,2.00,0.23,0.23,--.--,--.--,--.--,0.16,0.17,9223372036854775808,0,--.--,--.--,--.--,--.--,--.--,0,0,0,0,37.4132098,-121.9977793,10SEG 88689 41183,0.7,1.1,39.1,3,10,--.--,--.--,,--.--,--.--,--.--,0,0,--.--,--.--,0,102.5,66.2,-1.0,-0.2,0.1,-0.9,--.--,--.--,-29.9,0.7,-0.7,0.0,--.--,--.--,--.--,--.--,-0.8,-1.1,22.3,-8.2,7.4,0.0,288.15,--.--,--.--,0,0,0.0,0.0,0.0,0,0,0,--.--,--.--,--.--
2026-07-09 15:47:18.552,-7.1,-13.8,19,-70.2,-76.0,-0.7,1.3,1.0,0.000,3.5,1.1,38.9,37.9,2.599,0.000,0.000,0.000,411.1,00:03:12,122.8,90.9,1,--.--,0,213,--.--,0000:32:26,100,0,0,1,1,15.30,-1.00,-63,--.--,50,--.--,--:--:--,1,-15.30,15:47:18,20:47:18,7/9/26,--.--,--.--,--.--,--.--,--.--,--.--,--.--,--.--,--.--,--.--,--.--,--.--,0,--.--,--.--,--.--,--.--,--.--,--.--,--.--,--.--,--.--,--.--,--.--,--.--,--.--,--.--,--.--,--.--,0,0.000,0.000,0.000,0.000,0.000,0.000,0.000,0.000,0.000,0.000,0.000,0.000,true,true,true,true,true,true,false,false,true,true,false,true,0.46,0.25,0.11,0.25,--.--,--.--,0.16,0.27,9223372036854775808,0,--.--,--.--,--.--,--.--,--.--,0,0,0,0,37.4132166,-121.9977758,10SEG 88690 41184,0.7,1.1,16.4,3,10,--.--,--.--,,--.--,--.--,--.--,0,0,--.--,--.--,0,103.2,66.6,-3.0,1.5,0.5,-3.3,--.--,--.--,-29.9,0.7,-0.7,0.0,--.--,--.--,--.--,--.--,-32.1,-14.7,23.8,-115.1,-9.0,8.2,288.15,--.--,--.--,0,0,0.0,0.0,0.4,0,0,0,--.--,--.--,--.--
2026-07-09 15:47:19.551,0.3,2.0,18,-6.3,-6.1,0.6,4.0,3.9,0.000,2.3,3.2,41.0,40.0,4.201,0.000,0.000,0.000,413.1,00:03:13,125.5,31.0,1,--.--,0,212,--.--,0000:32:26,100,0,0,1,1,15.30,-1.00,-63,--.--,50,--.--,--:--:--,1,-15.30,15:47:19,20:47:19,7/9/26,--.--,--.--,--.--,--.--,--.--,--.--,--.--,--.--,--.--,--.--,--.--,--.--,0,--.--,--.--,--.--,--.--,--.--,--.--,--.--,--.--,--.--,--.--,--.--,--.--,--.--,--.--,--.--,--.--,0,0.000,0.000,0.000,0.000,0.000,0.000,0.000,0.000,0.000,0.000,0.000,0.000,true,true,true,true,true,true,false,false,true,true,false,true,0.46,0.25,0.11,0.25,--.--,--.--,0.16,0.27,9223372036854775808,0,--.--,--.--,--.--,--.--,--.--,0,0,0,0,37.4132429,-121.9977770,10SEG 88690 41187,0.7,1.1,352.2,3,10,--.--,--.--,,--.--,--.--,--.--,0,0,--.--,--.--,0,106.6,66.1,-4.5,3.9,-0.6,-2.8,--.--,--.--,-29.9,0.7,-0.7,0.0,--.--,--.--,--.--,--.--,0.0,0.0,18.6,-1.0,-7.8,-10.5,288.15,--.--,--.--,0,0,0.0,0.0,0.4,0,0,0,--.--,--.--,--.--
2026-07-09 15:47:20.551,-32.4,-7.7,6,-59.2,3.8,-24.8,4.1,3.6,0.000,4.3,4.7,42.5,41.5,7.465,0.000,0.000,0.000,417.2,00:03:14,128.6,31.2,1,--.--,0,211,--.--,0000:32:26,99,0,0,1,1,15.30,-1.00,-64,--.--,50,--.--,--:--:--,1,-15.30,15:47:20,20:47:20,7/9/26,--.--,--.--,--.--,--.--,--.--,--.--,--.--,--.--,--.--,--.--,--.--,--.--,0,--.--,--.--,--.--,--.--,--.--,--.--,--.--,--.--,--.--,--.--,--.--,--.--,--.--,--.--,--.--,--.--,0,0.000,0.000,0.000,0.000,0.000,0.000,0.000,0.000,0.000,0.000,0.000,0.000,true,true,true,true,true,true,false,false,true,true,false,false,0.08,0.10,0.09,0.57,--.--,--.--,0.15,0.20,9223372036854775808,0,--.--,--.--,--.--,--.--,--.--,0,0,0,0,37.4132784,-121.9977814,10SEG 88689 41191,0.7,1.1,352.0,3,10,--.--,--.--,,--.--,--.--,--.--,0,0,--.--,--.--,0,110.5,65.8,-8.1,4.4,-1.2,-4.2,--.--,--.--,-29.9,0.7,-0.7,0.0,--.--,--.--,--.--,--.--,-34.6,-5.5,7.7,-11.2,15.5,-14.2,288.15,--.--,--.--,0,0,0.0,0.0,0.4,0,0,0,--.--,--.--,--.--
2026-07-09 15:47:21.552,-34.5,-5.6,340,-2.6,15.8,-17.6,8.1,6.0,0.000,3.9,8.4,46.2,45.2,11.024,0.000,0.000,0.000,423.6,00:03:15,130.6,16.0,1,--.--,0,208,--.--,0000:32:26,99,0,0,1,1,15.30,-1.00,-64,--.--,50,--.--,--:--:--,1,-15.30,15:47:21,20:47:21,7/9/26,--.--,--.--,--.--,--.--,--.--,--.--,--.--,--.--,--.--,--.--,--.--,--.--,0,--.--,--.--,--.--,--.--,--.--,--.--,--.--,--.--,--.--,--.--,--.--,--.--,--.--,--.--,--.--,--.--,0,0.000,0.000,0.000,0.000,0.000,0.000,0.000,0.000,0.000,0.000,0.000,0.000,true,true,true,true,true,true,false,false,true,true,false,false,0.08,0.10,0.09,0.57,--.--,--.--,0.15,0.20,9223372036854775808,0,--.--,--.--,--.--,--.--,--.--,0,0,0,0,37.4133245,-121.9978211,10SEG 88686 41196,0.7,1.1,306.7,3,10,--.--,--.--,,--.--,--.--,--.--,0,0,--.--,--.--,0,115.5,61.0,-11.6,4.3,-7.7,-3.9,--.--,--.--,-29.9,0.7,-0.7,0.0,--.--,--.--,--.--,--.--,-34.9,-2.8,340.9,-3.6,18.2,-13.1,288.15,--.--,--.--,0,0,0.0,0.0,0.4,0,0,0,--.--,--.--,--.--
2026-07-09 15:47:22.552,-34.3,-3.0,325,-2.7,7.6,0.4,11.7,7.6,0.000,3.4,11.9,49.7,48.7,14.780,0.000,0.000,0.000,434.1,00:03:16,128.7,11.1,1,--.--,0,203,--.--,0000:32:26,70,0,0,1,1,15.30,-1.00,-65,--.--,50,--.--,--:--:--,1,-15.30,15:47:22,20:47:22,7/9/26,--.--,--.--,--.--,--.--,--.--,--.--,--.--,--.--,--.--,--.--,--.--,--.--,0,--.--,--.--,--.--,--.--,--.--,--.--,--.--,--.--,--.--,--.--,--.--,--.--,--.--,--.--,--.--,--.--,0,0.000,0.000,0.000,0.000,0.000,0.000,0.000,0.000,0.000,0.000,0.000,0.000,true,true,true,true,true,true,false,false,true,true,false,false,0.13,0.03,0.06,1.08,--.--,--.--,0.15,0.18,9223372036854775808,0,--.--,--.--,--.--,--.--,--.--,0,0,0,0,37.4133559,-121.9979237,10SEG 88677 41200,0.7,1.1,280.0,3,10,--.--,--.--,,--.--,--.--,--.--,0,0,--.--,--.--,0,118.4,50.7,-15.2,1.1,-11.8,-2.6,--.--,--.--,-29.9,0.7,-0.7,0.0,--.--,--.--,--.--,--.--,-35.0,-1.5,325.6,-3.4,3.3,2.1,288.15,--.--,--.--,0,0,0.0,0.0,0.4,0,0,0,--.--,--.--,--.--
2026-07-09 15:47:23.551,3.3,-1.6,325,17.8,-3.4,1.7,13.2,7.5,0.000,-0.8,15.4,53.2,52.2,15.671,0.000,0.000,0.000,446.7,00:03:17,124.7,9.5,1,--.--,0,198,--.--,0000:32:26,70,0,0,1,1,15.30,-1.00,-65,--.--,50,--.--,--:--:--,1,-15.30,15:47:23,20:47:23,7/9/26,--.--,--.--,--.--,--.--,--.--,--.--,--.--,--.--,--.--,--.--,--.--,--.--,0,--.--,--.--,--.--,--.--,--.--,--.--,--.--,--.--,--.--,--.--,--.--,--.--,--.--,--.--,--.--,--.--,0,0.000,0.000,0.000,0.000,0.000,0.000,0.000,0.000,0.000,0.000,0.000,0.000,true,true,true,true,true,true,false,false,true,true,false,false,0.13,0.03,0.06,1.08,--.--,--.--,0.15,0.18,9223372036854775808,0,--.--,--.--,--.--,--.--,--.--,0,0,0,0,37.4133636,-121.9980579,10SEG 88665 41200,0.7,1.1,270.9,3,10,--.--,--.--,,--.--,--.--,--.--,0,0,--.--,--.--,0,118.8,38.3,-15.5,-0.1,-13.1,1.1,--.--,--.--,-29.9,0.7,-0.7,0.0,--.--,--.--,--.--,--.--,0.8,-0.2,325.0,-12.9,5.4,-0.4,288.15,--.--,--.--,0,0,0.0,0.0,0.4,0,0,0,--.--,--.--,--.--
2026-07-09 15:47:24.551,-1.2,-6.2,329,3.5,-0.4,9.0,12.6,7.5,0.000,-5.8,15.4,53.1,51.1,13.072,0.000,0.000,0.000,459.7,00:03:18,122.2,9.7,1,--.--,0,192,--.--,0000:32:26,14,0,0,1,1,15.30,-1.00,-65,--.--,50,--.--,--:--:--,1,-15.30,15:47:24,20:47:24,7/9/26,--.--,--.--,--.--,--.--,--.--,--.--,--.--,--.--,--.--,--.--,--.--,--.--,0,--.--,--.--,--.--,--.--,--.--,--.--,--.--,--.--,--.--,--.--,--.--,--.--,--.--,--.--,--.--,--.--,0,0.000,0.000,0.000,0.000,0.000,0.000,0.000,0.000,0.000,0.000,0.000,0.000,true,true,true,true,true,true,false,false,true,true,false,false,0.17,0.01,0.06,1.04,--.--,--.--,0.15,0.18,9223372036854775808,0,--.--,--.--,--.--,--.--,--.--,0,0,0,0,37.4133689,-121.9982017,10SEG 88652 41201,0.7,1.1,273.7,3,10,--.--,--.--,,--.--,--.--,--.--,0,0,--.--,--.--,0,119.5,26.0,-12.0,0.7,-12.6,7.1,--.--,--.--,-29.9,0.7,-0.7,0.0,--.--,--.--,--.--,--.--,0.8,-0.2,329.7,12.6,23.2,26.6,288.15,--.--,--.--,0,0,0.0,0.0,0.4,0,0,0,--.--,--.--,--.--
2026-07-09 15:47:25.552,1.5,1.4,343,-1.3,-4.1,17.4,11.4,3.9,0.000,-6.8,11.2,49.0,47.0,5.165,0.000,0.000,0.000,470.5,00:03:19,121.1,10.6,1,--.--,0,187,--.--,0000:32:26,99,0,0,1,1,15.30,-1.00,-65,--.--,50,--.--,--:--:--,1,-15.30,15:47:25,20:47:25,7/9/26,--.--,--.--,--.--,--.--,--.--,--.--,--.--,--.--,--.--,--.--,--.--,--.--,0,--.--,--.--,--.--,--.--,--.--,--.--,--.--,--.--,--.--,--.--,--.--,--.--,--.--,--.--,--.--,--.--,0,0.000,0.000,0.000,0.000,0.000,0.000,0.000,0.000,0.000,0.000,0.000,0.000,true,true,true,true,true,true,false,false,true,true,false,false,0.17,0.01,0.06,1.04,--.--,--.--,0.15,0.18,9223372036854775808,0,--.--,--.--,--.--,--.--,--.--,0,0,0,0,37.4133762,-121.9983363,10SEG 88640 41201,0.7,1.1,272.7,3,10,--.--,--.--,,--.--,--.--,--.--,0,0,--.--,--.--,0,120.3,14.2,-4.2,0.5,-11.2,6.3,--.--,--.--,-29.9,0.7,-0.7,0.0,--.--,--.--,--.--,--.--,0.8,-0.2,343.6,-3.7,-6.0,17.5,288.15,--.--,--.--,0,0,0.0,0.0,0.4,0,0,0,--.--,--.--,--.--
2026-07-09 15:47:26.552,13.7,-46.5,338,-33.1,107.3,-35.6,12.4,1.9,0.000,4.6,3.6,41.4,37.4,2.712,0.000,0.000,0.000,481.2,00:03:20,124.4,9.9,1,--.--,0,186,--.--,0000:32:26,73,0,0,1,1,15.30,-1.00,-66,--.--,50,--.--,--:--:--,1,-15.30,15:47:26,20:47:26,7/9/26,--.--,--.--,--.--,--.--,--.--,--.--,--.--,--.--,--.--,--.--,--.--,--.--,0,--.--,--.--,--.--,--.--,--.--,--.--,--.--,--.--,--.--,--.--,--.--,--.--,--.--,--.--,--.--,--.--,0,0.000,0.000,0.000,0.000,0.000,0.000,0.000,0.000,0.000,0.000,0.000,0.000,true,true,true,true,true,true,false,false,true,true,false,false,0.15,0.03,0.07,0.16,--.--,--.--,0.15,0.17,9223372036854775808,0,--.--,--.--,--.--,--.--,--.--,0,0,0,0,37.4133827,-121.9984229,10SEG 88632 41202,0.7,1.1,358.4,3,10,--.--,--.--,,--.--,--.--,--.--,0,0,--.--,--.--,0,123.8,12.2,-3.4,8.5,9.6,-3.8,--.--,--.--,-29.9,0.7,-0.7,0.0,--.--,--.--,--.--,--.--,0.8,-0.2,338.4,-23.2,183.3,18.3,288.15,--.--,--.--,0,0,0.0,0.0,0.4,0,0,0,--.--,--.--,--.--
2026-07-09 15:47:27.551,12.1,3.5,308,-6.5,2.5,6.1,10.0,-1.1,0.000,8.2,3.7,41.5,39.5,8.048,0.000,0.000,0.000,489.8,00:03:21,129.2,12.9,1,--.--,0,190,--.--,0000:32:26,69,0,0,1,1,15.30,-1.00,-66,--.--,50,--.--,--:--:--,1,-15.30,15:47:27,20:47:27,7/9/26,--.--,--.--,--.--,--.--,--.--,--.--,--.--,--.--,--.--,--.--,--.--,--.--,0,--.--,--.--,--.--,--.--,--.--,--.--,--.--,--.--,--.--,--.--,--.--,--.--,--.--,--.--,--.--,--.--,0,0.000,0.000,0.000,0.000,0.000,0.000,0.000,0.000,0.000,0.000,0.000,0.000,true,true,true,true,true,true,false,false,true,true,false,false,0.15,0.03,0.07,0.16,--.--,--.--,0.15,0.17,9223372036854775808,0,--.--,--.--,--.--,--.--,--.--,0,0,0,0,37.4134001,-121.9984198,10SEG 88633 41204,0.7,1.1,52.9,3,10,--.--,--.--,,--.--,--.--,--.--,0,0,--.--,--.--,0,127.4,21.3,-9.0,1.5,9.9,-8.3,--.--,--.--,-29.9,0.7,-0.7,0.0,--.--,--.--,--.--,--.--,0.8,-0.3,308.4,-56.2,-14.8,0.6,288.15,--.--,--.--,0,0,0.0,0.0,0.4,0,0,0,--.--,--.--,--.--
2026-07-09 15:47:28.551,8.7,2.0,316,-3.0,-1.0,7.2,11.0,1.0,0.000,7.2,9.6,47.3,45.3,12.789,0.000,0.000,0.000,502.6,00:03:22,132.4,12.0,1,--.--,0,194,--.--,0000:32:26,69,0,0,1,1,15.30,-1.00,-66,--.--,50,--.--,--:--:--,1,-15.30,15:47:28,20:47:28,7/9/26,--.--,--.--,--.--,--.--,--.--,--.--,--.--,--.--,--.--,--.--,--.--,--.--,0,--.--,--.--,--.--,--.--,--.--,--.--,--.--,--.--,--.--,--.--,--.--,--.--,--.--,--.--,--.--,--.--,0,0.000,0.000,0.000,0.000,0.000,0.000,0.000,0.000,0.000,0.000,0.000,0.000,true,true,true,true,true,true,false,false,true,true,true,false,2.00,1.66,0.34,--.--,--.--,--.--,0.42,0.20,9223372036854775808,0,--.--,--.--,--.--,--.--,--.--,0,0,0,0,37.4134027,-121.9984122,10SEG 88633 41204,0.7,1.1,64.1,3,10,--.--,--.--,,--.--,--.--,--.--,0,0,--.--,--.--,0,128.2,33.0,-13.6,1.2,11.0,-7.1,--.--,--.--,-29.9,0.7,-0.7,0.0,--.--,--.--,--.--,--.--,0.8,-0.2,311.2,-39.0,-9.6,-8.6,288.15,--.--,--.--,0,0,0.0,0.0,6.3,0,0,0,--.--,--.--,--.--
2026-07-09 15:47:29.551,6.9,1.4,319,-0.9,0.1,0.2,11.3,0.8,0.000,6.8,14.1,51.8,49.8,18.363,0.000,0.000,0.000,515.5,00:03:23,136.5,12.0,1,--.--,0,199,--.--,0000:32:26,69,0,0,1,1,15.30,-1.00,-66,--.--,50,--.--,--:--:--,1,-15.30,15:47:29,20:47:29,7/9/26,--.--,--.--,--.--,--.--,--.--,--.--,--.--,--.--,--.--,--.--,--.--,--.--,0,--.--,--.--,--.--,--.--,--.--,--.--,--.--,--.--,--.--,--.--,--.--,--.--,--.--,--.--,--.--,--.--,0,0.000,0.000,0.000,0.000,0.000,0.000,0.000,0.000,0.000,0.000,0.000,0.000,true,true,true,true,true,true,false,false,true,true,true,false,2.00,1.66,0.34,--.--,--.--,--.--,0.42,0.20,9223372036854775808,0,--.--,--.--,--.--,--.--,--.--,0,0,0,0,37.4134058,-121.9984073,10SEG 88634 41205,0.7,1.1,50.4,3,10,--.--,--.--,,--.--,--.--,--.--,0,0,--.--,--.--,0,128.8,45.1,-19.2,0.9,11.3,-6.8,--.--,--.--,-29.9,0.7,-0.7,0.0,--.--,--.--,--.--,--.--,0.8,-0.1,311.2,-30.2,-7.2,-12.3,288.15,--.--,--.--,0,0,0.0,0.0,6.3,0,0,0,--.--,--.--,--.--
2026-07-09 15:47:30.551,7.6,2.2,319,0.2,0.0,-0.0,12.3,1.5,0.000,6.3,19.6,57.4,56.4,22.827,0.000,0.000,0.000,528.4,00:03:24,141.4,11.4,1,--.--,0,205,--.--,0000:32:26,69,0,0,1,1,15.30,-1.00,-67,--.--,50,--.--,--:--:--,1,-15.30,15:47:30,20:47:30,7/9/26,--.--,--.--,--.--,--.--,--.--,--.--,--.--,--.--,--.--,--.--,--.--,--.--,0,--.--,--.--,--.--,--.--,--.--,--.--,--.--,--.--,--.--,--.--,--.--,--.--,--.--,--.--,--.--,--.--,0,0.000,0.000,0.000,0.000,0.000,0.000,0.000,0.000,0.000,0.000,0.000,0.000,true,true,true,true,true,true,false,false,true,true,true,false,2.00,2.00,1.18,0.37,--.--,--.--,1.10,0.31,9223372036854775808,0,--.--,--.--,--.--,--.--,--.--,0,0,0,0,37.4134057,-121.9984070,10SEG 88634 41205,0.7,1.1,299.0,3,10,--.--,--.--,,--.--,--.--,--.--,0,0,--.--,--.--,0,128.4,59.1,-23.5,0.6,12.5,-6.2,--.--,--.--,-29.9,0.7,-0.7,0.0,--.--,--.--,--.--,--.--,0.8,-0.1,311.2,-33.6,-10.4,-13.0,288.15,--.--,--.--,0,0,0.0,0.0,6.3,0,0,0,--.--,--.--,--.--
2026-07-09 15:47:31.552,7.8,2.3,319,0.2,0.1,-0.0,13.1,-1.4,0.000,6.1,23.9,61.7,60.7,28.342,0.000,0.000,0.000,541.1,00:03:25,147.5,11.2,1,--.--,0,209,--.--,0000:32:26,69,0,0,1,1,15.30,-1.00,-67,--.--,50,--.--,--:--:--,1,-15.30,15:47:31,20:47:31,7/9/26,--.--,--.--,--.--,--.--,--.--,--.--,--.--,--.--,--.--,--.--,--.--,--.--,0,--.--,--.--,--.--,--.--,--.--,--.--,--.--,--.--,--.--,--.--,--.--,--.--,--.--,--.--,--.--,--.--,0,0.000,0.000,0.000,0.000,0.000,0.000,0.000,0.000,0.000,0.000,0.000,0.000,true,true,true,true,true,true,false,false,true,true,true,false,2.00,2.00,1.18,0.37,--.--,--.--,1.10,0.31,9223372036854775808,0,--.--,--.--,--.--,--.--,--.--,0,0,0,0,37.4134057,-121.9984073,10SEG 88634 41205,0.7,1.1,81.0,3,10,--.--,--.--,,--.--,--.--,--.--,0,0,--.--,--.--,0,128.6,72.3,-29.3,0.5,13.2,-6.1,--.--,--.--,-29.9,0.7,-0.7,0.0,--.--,--.--,--.--,--.--,0.8,-0.1,311.2,-34.3,-11.1,-13.0,288.15,--.--,--.--,0,0,0.0,0.0,6.3,0,0,0,--.--,--.--,--.--
2026-07-09 15:47:32.552,7.9,2.5,319,0.2,0.0,-0.0,13.7,-1.3,0.000,6.0,29.9,67.6,67.6,34.552,0.000,0.000,0.000,556.0,00:03:26,154.7,11.2,1,--.--,0,214,--.--,0000:32:26,69,0,0,1,1,15.30,-1.00,-67,--.--,50,--.--,--:--:--,1,-15.30,15:47:32,20:47:32,7/9/26,--.--,--.--,--.--,--.--,--.--,--.--,--.--,--.--,--.--,--.--,--.--,--.--,0,--.--,--.--,--.--,--.--,--.--,--.--,--.--,--.--,--.--,--.--,--.--,--.--,--.--,--.--,--.--,--.--,0,0.000,0.000,0.000,0.000,0.000,0.000,0.000,0.000,0.000,0.000,0.000,0.000,true,true,true,true,true,true,false,false,true,true,true,false,2.00,2.00,1.63,0.29,--.--,--.--,1.99,0.47,9223372036854775808,0,--.--,--.--,--.--,--.--,--.--,0,0,0,0,37.4134052,-121.9984074,10SEG 88634 41205,0.7,1.1,258.4,3,10,--.--,--.--,,--.--,--.--,--.--,0,0,--.--,--.--,0,128.8,85.6,-35.5,0.5,13.7,-6.0,--.--,--.--,-29.9,0.7,-0.7,0.0,--.--,--.--,--.--,--.--,0.8,-0.1,311.2,-34.9,-11.7,-12.9,288.15,--.--,--.--,0,0,0.0,0.0,6.3,0,0,0,--.--,--.--,--.--
2026-07-09 15:47:33.551,8.0,2.6,319,0.2,0.1,-0.0,0.3,-0.2,0.000,-0.1,36.1,73.8,73.8,1.452,0.000,0.000,0.000,564.9,00:03:27,158.8,609.8,1,--.--,0,216,--.--,0000:32:26,70,0,0,1,1,15.30,-1.00,-67,--.--,50,--.--,--:--:--,1,-15.30,15:47:33,20:47:33,7/9/26,--.--,--.--,--.--,--.--,--.--,--.--,--.--,--.--,--.--,--.--,--.--,--.--,0,--.--,--.--,--.--,--.--,--.--,--.--,--.--,--.--,--.--,--.--,--.--,--.--,--.--,--.--,--.--,--.--,0,0.000,0.000,0.000,0.000,0.000,0.000,0.000,0.000,0.000,0.000,0.000,0.000,true,true,true,true,true,true,false,false,true,true,true,false,2.00,2.00,1.63,0.29,--.--,--.--,1.99,0.47,9223372036854775808,0,--.--,--.--,--.--,--.--,--.--,0,0,0,0,37.4134057,-121.9984071,10SEG 88634 41205,0.7,1.1,106.1,3,10,--.--,--.--,,--.--,--.--,--.--,0,0,--.--,--.--,0,128.7,93.1,-1.2,-0.0,0.3,0.1,--.--,--.--,-29.9,0.7,-0.7,0.0,--.--,--.--,--.--,--.--,0.8,-0.2,319.5,-36.1,-10.7,6.2,288.15,--.--,--.--,0,0,0.0,0.0,6.3,0,0,0,--.--,--.--,--.--
2026-07-09 15:47:34.551,7.8,2.5,319,0.3,-0.8,-0.0,0.6,0.4,0.000,-0.1,1.0,38.8,38.8,0.848,0.000,0.000,0.000,648.7,00:03:28,123.9,218.3,1,--.--,0,185,--.--,0000:32:26,59,0,0,1,1,15.30,-1.00,-68,--.--,50,--.--,--:--:--,1,-15.30,15:47:34,20:47:34,7/9/26,--.--,--.--,--.--,--.--,--.--,--.--,--.--,--.--,--.--,--.--,--.--,--.--,0,--.--,--.--,--.--,--.--,--.--,--.--,--.--,--.--,--.--,--.--,--.--,--.--,--.--,--.--,--.--,--.--,0,0.000,0.000,0.000,0.000,0.000,0.000,0.000,0.000,0.000,0.000,0.000,0.000,true,true,true,true,true,true,false,false,true,true,true,false,0.03,2.00,0.93,0.28,--.--,--.--,2.84,0.49,9223372036854775808,0,--.--,--.--,--.--,--.--,--.--,0,0,0,0,37.4134054,-121.9984068,10SEG 88634 41205,0.7,1.1,175.4,3,10,--.--,--.--,,--.--,--.--,--.--,0,0,--.--,--.--,0,123.4,10.8,-0.9,-0.0,0.6,0.1,--.--,--.--,-29.9,0.7,-0.7,0.0,--.--,--.--,--.--,--.--,-7.9,-34.2,321.8,-68.2,-145.4,1.0,288.15,--.--,--.--,0,0,0.0,0.0,6.3,0,0,0,--.--,--.--,--.--
2026-07-09 15:47:35.552,6.9,1.9,319,0.1,0.0,-0.0,0.6,0.6,0.000,-0.1,0.8,38.6,34.6,0.887,0.000,0.000,0.000,648.7,00:03:29,123.9,211.2,1,--.--,0,185,--.--,0000:32:26,79,0,0,1,1,15.30,-1.00,-68,--.--,50,--.--,--:--:--,1,-15.30,15:47:35,20:47:35,7/9/26,--.--,--.--,--.--,--.--,--.--,--.--,--.--,--.--,--.--,--.--,--.--,--.--,0,--.--,--.--,--.--,--.--,--.--,--.--,--.--,--.--,--.--,--.--,--.--,--.--,--.--,--.--,--.--,--.--,0,0.000,0.000,0.000,0.000,0.000,0.000,0.000,0.000,0.000,0.000,0.000,0.000,true,true,true,true,true,true,false,false,true,true,true,false,0.03,2.00,0.93,0.28,--.--,--.--,2.84,0.49,9223372036854775808,0,--.--,--.--,--.--,--.--,--.--,0,0,0,0,37.4134057,-121.9984071,10SEG 88634 41205,0.7,1.1,81.7,3,10,--.--,--.--,,--.--,--.--,--.--,0,0,--.--,--.--,0,123.5,10.9,-0.9,-0.0,0.6,0.1,--.--,--.--,-29.9,0.7,-0.7,0.0,--.--,--.--,--.--,--.--,-9.8,-33.8,322.0,-72.0,-144.8,-26.1,288.15,--.--,--.--,0,0,0.0,0.0,6.3,0,0,0,--.--,--.--,--.--
2026-07-09 15:47:36.551,6.0,0.9,318,0.1,-8.4,-0.0,0.4,0.5,0.000,-0.1,0.9,38.7,34.6,0.910,0.000,0.000,0.000,648.7,00:03:30,123.9,305.0,1,--.--,0,185,--.--,0000:32:26,87,0,0,1,1,15.30,-1.00,-68,--.--,50,--.--,--:--:--,1,-15.30,15:47:36,20:47:36,7/9/26,--.--,--.--,--.--,--.--,--.--,--.--,--.--,--.--,--.--,--.--,--.--,--.--,0,--.--,--.--,--.--,--.--,--.--,--.--,--.--,--.--,--.--,--.--,--.--,--.--,--.--,--.--,--.--,--.--,0,0.000,0.000,0.000,0.000,0.000,0.000,0.000,0.000,0.000,0.000,0.000,0.000,true,true,true,true,true,true,false,false,true,true,false,false,0.20,0.04,0.00,0.27,--.--,--.--,0.19,0.22,9223372036854775808,0,--.--,--.--,--.--,--.--,--.--,0,0,0,0,37.4134055,-121.9984071,10SEG 88634 41205,0.7,1.1,268.1,3,10,--.--,--.--,,--.--,--.--,--.--,0,0,--.--,--.--,0,123.5,10.8,-0.9,-0.0,0.4,0.1,--.--,--.--,-29.9,0.7,-0.7,0.0,--.--,--.--,--.--,--.--,14.5,-31.4,314.6,38.2,-136.3,-81.5,288.15,--.--,--.--,0,0,0.0,0.0,6.3,0,0,0,--.--,--.--,--.--
2026-07-09 15:47:37.551,3.8,-9.5,310,-17.0,0.2,-31.9,0.4,1.8,0.000,0.0,0.9,38.7,34.6,0.969,0.000,0.000,0.000,648.7,00:03:31,124.1,332.9,1,--.--,0,185,--.--,0000:32:26,100,0,0,1,1,15.30,-1.00,-68,--.--,50,--.--,--:--:--,1,-15.30,15:47:37,20:47:37,7/9/26,--.--,--.--,--.--,--.--,--.--,--.--,--.--,--.--,--.--,--.--,--.--,--.--,0,--.--,--.--,--.--,--.--,--.--,--.--,--.--,--.--,--.--,--.--,--.--,--.--,--.--,--.--,--.--,--.--,0,0.000,0.000,0.000,0.000,0.000,0.000,0.000,0.000,0.000,0.000,0.000,0.000,true,true,true,true,true,true,false,false,true,true,false,false,0.20,0.04,0.00,0.27,--.--,--.--,0.19,0.22,9223372036854775808,0,--.--,--.--,--.--,--.--,--.--,0,0,0,0,37.4134065,-121.9984073,10SEG 88634 41205,0.7,1.1,329.9,3,10,--.--,--.--,,--.--,--.--,--.--,0,0,--.--,--.--,0,123.7,10.7,-1.0,0.6,-0.2,-0.1,--.--,--.--,-29.9,0.7,-0.7,0.0,--.--,--.--,--.--,--.--,0.8,-0.8,309.9,-12.8,35.2,9.8,288.15,--.--,--.--,0,0,0.0,0.0,6.3,0,0,0,--.--,--.--,--.--
2026-07-09 15:47:38.551,4.2,-27.0,279,-2.1,60.4,-3.8,0.5,-1.4,0.000,-0.8,1.0,38.8,34.6,0.859,0.000,0.000,0.000,648.7,00:03:32,124.6,233.3,1,--.--,0,185,--.--,0000:32:26,68,0,0,1,1,15.30,-1.00,-69,--.--,50,--.--,--:--:--,1,-15.30,15:47:38,20:47:38,7/9/26,--.--,--.--,--.--,--.--,--.--,--.--,--.--,--.--,--.--,--.--,--.--,--.--,0,--.--,--.--,--.--,--.--,--.--,--.--,--.--,--.--,--.--,--.--,--.--,--.--,--.--,--.--,--.--,--.--,0,0.000,0.000,0.000,0.000,0.000,0.000,0.000,0.000,0.000,0.000,0.000,0.000,true,true,true,true,true,true,false,false,true,true,false,false,0.14,0.03,0.01,--.--,--.--,--.--,0.16,0.19,9223372036854775808,0,--.--,--.--,--.--,--.--,--.--,0,0,0,0,37.4134111,-121.9984130,10SEG 88633 41205,0.7,1.1,135.1,3,10,--.--,--.--,,--.--,--.--,--.--,0,0,--.--,--.--,0,124.2,9.9,-0.8,0.2,-0.2,1.0,--.--,--.--,-29.9,0.7,-0.7,0.0,--.--,--.--,--.--,--.--,0.0,-1.4,279.4,-20.0,99.5,-1.9,288.15,--.--,--.--,0,0,0.0,0.0,0.1,0,0,0,--.--,--.--,--.--
2026-07-09 15:47:39.551,-5.8,-8.5,279,-29.9,-7.0,-2.5,0.2,0.7,0.000,-0.0,0.7,38.5,34.6,0.578,0.000,0.000,0.000,648.7,00:03:33,124.5,666.6,1,--.--,0,185,--.--,0000:32:26,100,0,0,1,1,15.30,-1.00,-69,--.--,50,--.--,--:--:--,1,-15.30,15:47:39,20:47:39,7/9/26,--.--,--.--,--.--,--.--,--.--,--.--,--.--,--.--,--.--,--.--,--.--,--.--,0,--.--,--.--,--.--,--.--,--.--,--.--,--.--,--.--,--.--,--.--,--.--,--.--,--.--,--.--,--.--,--.--,0,0.000,0.000,0.000,0.000,0.000,0.000,0.000,0.000,0.000,0.000,0.000,0.000,true,true,true,true,true,true,false,false,true,true,false,false,0.14,0.03,0.01,--.--,--.--,--.--,0.16,0.19,9223372036854775808,0,--.--,--.--,--.--,--.--,--.--,0,0,0,0,37.4134112,-121.9984133,10SEG 88633 41205,0.7,1.1,262.5,3,10,--.--,--.--,,--.--,--.--,--.--,0,0,--.--,--.--,0,124.1,10.0,-0.7,-0.0,-0.3,-0.1,--.--,--.--,-29.9,0.7,-0.7,0.0,--.--,--.--,--.--,--.--,-0.3,-1.9,279.0,28.8,26.5,2.2,288.15,--.--,--.--,0,0,0.0,0.0,0.1,0,0,0,--.--,--.--,--.--
2026-07-09 15:47:40.551,-5.9,-2.2,285,4.7,0.3,12.0,1.6,-1.0,0.000,1.2,0.7,38.5,34.6,1.585,0.000,0.000,0.000,648.7,00:03:34,123.7,75.6,1,--.--,0,184,--.--,0000:32:26,100,0,0,1,1,15.30,-1.00,-70,--.--,50,--.--,--:--:--,1,-15.30,15:47:40,20:47:40,7/9/26,--.--,--.--,--.--,--.--,--.--,--.--,--.--,--.--,--.--,--.--,--.--,--.--,0,--.--,--.--,--.--,--.--,--.--,--.--,--.--,--.--,--.--,--.--,--.--,--.--,--.--,--.--,--.--,--.--,0,0.000,0.000,0.000,0.000,0.000,0.000,0.000,0.000,0.000,0.000,0.000,0.000,true,true,true,true,true,true,false,false,true,true,false,false,0.24,0.02,0.04,0.49,--.--,--.--,0.15,0.18,9223372036854775808,0,--.--,--.--,--.--,--.--,--.--,0,0,0,0,37.4134065,-121.9984230,10SEG 88632 41205,0.7,1.1,231.4,3,10,--.--,--.--,,--.--,--.--,--.--,0,0,--.--,--.--,0,123.4,9.0,-1.9,-1.2,-1.3,-1.5,--.--,--.--,-29.9,0.7,-0.7,0.0,--.--,--.--,--.--,--.--,-0.2,-0.5,285.7,28.3,6.3,4.8,288.15,--.--,--.--,0,0,0.0,0.0,0.1,0,0,0,--.--,--.--,--.--
2026-07-09 15:47:41.551,-36.4,-11.8,303,-33.1,-28.7,14.0,2.8,-0.7,0.000,2.1,2.1,39.8,35.8,4.038,0.000,0.000,0.000,652.8,00:03:35,122.0,44.0,1,--.--,0,183,--.--,0000:32:26,100,0,0,1,1,15.30,-1.00,-70,--.--,50,--.--,--:--:--,1,-15.30,15:47:41,20:47:41,7/9/26,--.--,--.--,--.--,--.--,--.--,--.--,--.--,--.--,--.--,--.--,--.--,--.--,0,--.--,--.--,--.--,--.--,--.--,--.--,--.--,--.--,--.--,--.--,--.--,--.--,--.--,--.--,--.--,--.--,0,0.000,0.000,0.000,0.000,0.000,0.000,0.000,0.000,0.000,0.000,0.000,0.000,true,true,true,true,true,true,false,false,true,true,false,false,0.24,0.02,0.04,0.49,--.--,--.--,0.15,0.18,9223372036854775808,0,--.--,--.--,--.--,--.--,--.--,0,0,0,0,37.4133943,-121.9984413,10SEG 88631 41203,0.7,1.1,231.3,3,10,--.--,--.--,,--.--,--.--,--.--,0,0,--.--,--.--,0,121.9,7.2,-4.4,-2.4,-2.6,-1.9,--.--,--.--,-29.9,0.7,-0.7,0.0,--.--,--.--,--.--,--.--,-33.5,-10.9,306.5,20.5,-6.4,8.9,288.15,--.--,--.--,0,0,0.0,0.0,0.1,0,0,0,--.--,--.--,--.--
2026-07-09 15:47:42.552,-0.3,-0.5,313,-4.0,-4.6,9.4,5.7,-1.2,0.000,2.3,4.6,42.3,38.3,6.014,0.000,0.000,0.000,656.9,00:03:36,118.3,20.9,1,--.--,0,181,--.--,0000:32:26,100,0,0,1,1,15.30,-1.00,-70,--.--,50,--.--,--:--:--,1,-15.30,15:47:42,20:47:42,7/9/26,--.--,--.--,--.--,--.--,--.--,--.--,--.--,--.--,--.--,--.--,--.--,--.--,0,--.--,--.--,--.--,--.--,--.--,--.--,--.--,--.--,--.--,--.--,--.--,--.--,--.--,--.--,--.--,--.--,0,0.000,0.000,0.000,0.000,0.000,0.000,0.000,0.000,0.000,0.000,0.000,0.000,true,true,true,true,true,true,false,false,true,true,false,false,0.14,0.02,0.07,--.--,--.--,--.--,0.15,0.17,9223372036854775808,0,--.--,--.--,--.--,--.--,--.--,0,0,0,0,37.4133662,-121.9984835,10SEG 88627 41200,0.7,1.1,230.3,3,10,--.--,--.--,,--.--,--.--,--.--,0,0,--.--,--.--,0,118.3,2.9,-6.5,-3.7,-4.2,-2.8,--.--,--.--,-29.9,0.7,-0.7,0.0,--.--,--.--,--.--,--.--,0.8,-0.5,313.0,5.6,0.1,4.9,288.15,--.--,--.--,0,0,0.0,0.0,0.1,0,0,0,--.--,--.--,--.--
2026-07-09 15:47:43.551,0.6,-1.8,321,7.7,4.9,7.0,5.0,-0.7,0.000,5.7,6.8,44.5,40.5,10.489,0.000,0.000,0.000,663.0,00:03:37,115.2,23.2,1,--.--,0,179,--.--,0000:32:26,100,0,0,1,1,15.30,-1.00,-70,--.--,50,--.--,--:--:--,1,-15.30,15:47:43,20:47:43,7/9/26,--.--,--.--,--.--,--.--,--.--,--.--,--.--,--.--,--.--,--.--,--.--,--.--,0,--.--,--.--,--.--,--.--,--.--,--.--,--.--,--.--,--.--,--.--,--.--,--.--,--.--,--.--,--.--,--.--,0,0.000,0.000,0.000,0.000,0.000,0.000,0.000,0.000,0.000,0.000,0.000,0.000,true,true,true,true,true,true,false,false,true,true,false,false,0.14,0.02,0.07,--.--,--.--,--.--,0.15,0.17,9223372036854775808,0,--.--,--.--,--.--,--.--,--.--,0,0,0,0,37.4133375,-121.9985280,10SEG 88623 41197,0.7,1.1,233.0,3,10,--.--,--.--,,--.--,--.--,--.--,0,0,--.--,--.--,0,115.2,-1.0,-11.5,-2.9,-3.9,-6.2,--.--,--.--,-29.9,0.7,-0.7,0.0,--.--,--.--,--.--,--.--,3.0,-0.8,321.0,12.1,4.1,10.7,288.15,--.--,--.--,0,0,0.0,0.0,0.1,0,0,0,--.--,--.--,--.--
2026-07-09 15:47:44.551,1.0,-1.4,358,-6.8,-3.0,68.7,4.0,-1.2,0.000,6.3,12.1,49.9,46.9,17.221,0.000,0.000,0.000,667.1,00:03:38,112.7,28.2,1,--.--,0,178,--.--,0000:32:26,94,0,0,1,1,15.30,-1.00,-71,--.--,50,--.--,--:--:--,1,-15.30,15:47:44,20:47:44,7/9/26,--.--,--.--,--.--,--.--,--.--,--.--,--.--,--.--,--.--,--.--,--.--,--.--,0,--.--,--.--,--.--,--.--,--.--,--.--,--.--,--.--,--.--,--.--,--.--,--.--,--.--,--.--,--.--,--.--,0,0.000,0.000,0.000,0.000,0.000,0.000,0.000,0.000,0.000,0.000,0.000,0.000,true,true,true,true,true,true,false,false,true,true,false,false,0.16,0.01,0.08,0.28,--.--,--.--,0.15,0.17,9223372036854775808,0,--.--,--.--,--.--,--.--,--.--,0,0,0,0,37.4133128,-121.9985691,10SEG 88619 41194,0.7,1.1,232.2,3,10,--.--,--.--,,--.--,--.--,--.--,0,0,--.--,--.--,0,112.7,-4.4,-18.3,-2.4,-3.0,-6.7,--.--,--.--,-29.9,0.7,-0.7,0.0,--.--,--.--,--.--,--.--,0.8,-0.8,358.8,0.4,3.1,41.8,288.15,--.--,--.--,0,0,0.0,0.0,0.1,0,0,0,--.--,--.--,--.--
2026-07-09 15:47:45.551,0.6,-1.8,51,25.9,-18.6,34.8,3.2,-3.9,0.000,8.6,18.9,56.7,53.7,24.980,0.000,0.000,0.000,669.2,00:03:39,110.7,34.3,1,--.--,0,176,--.--,0000:32:26,99,0,0,1,1,15.30,-1.00,-71,--.--,50,--.--,--:--:--,1,-15.30,15:47:45,20:47:45,7/9/26,--.--,--.--,--.--,--.--,--.--,--.--,--.--,--.--,--.--,--.--,--.--,--.--,0,--.--,--.--,--.--,--.--,--.--,--.--,--.--,--.--,--.--,--.--,--.--,--.--,--.--,--.--,--.--,--.--,0,0.000,0.000,0.000,0.000,0.000,0.000,0.000,0.000,0.000,0.000,0.000,0.000,true,true,true,true,true,true,false,false,true,true,false,false,0.16,0.01,0.08,0.28,--.--,--.--,0.15,0.17,9223372036854775808,0,--.--,--.--,--.--,--.--,--.--,0,0,0,0,37.4132925,-121.9986012,10SEG 88617 41192,0.7,1.1,230.9,3,10,--.--,--.--,,--.--,--.--,--.--,0,0,--.--,--.--,0,110.6,-7.1,-26.4,-1.9,-2.5,-8.9,--.--,--.--,-29.9,0.7,-0.7,0.0,--.--,--.--,--.--,--.--,32.5,-13.7,47.2,120.0,-49.3,19.5,288.15,--.--,--.--,0,0,0.0,0.0,0.1,0,0,0,--.--,--.--,--.--
2026-07-09 15:47:46.551,34.6,-0.6,83,-0.5,17.3,12.7,5.5,-1.3,0.000,8.7,27.2,65.0,62.0,33.901,0.000,0.000,0.000,673.3,00:03:40,106.9,19.7,1,--.--,0,176,--.--,0000:32:26,99,0,0,1,1,15.30,-1.00,-71,--.--,50,--.--,--:--:--,1,-15.30,15:47:46,20:47:46,7/9/26,--.--,--.--,--.--,--.--,--.--,--.--,--.--,--.--,--.--,--.--,--.--,--.--,0,--.--,--.--,--.--,--.--,--.--,--.--,--.--,--.--,--.--,--.--,--.--,--.--,--.--,--.--,--.--,--.--,0,0.000,0.000,0.000,0.000,0.000,0.000,0.000,0.000,0.000,0.000,0.000,0.000,true,true,true,true,true,true,false,false,true,true,false,false,0.09,0.00,0.07,0.09,--.--,--.--,0.15,0.17,9223372036854775808,0,--.--,--.--,--.--,--.--,--.--,0,0,0,0,37.4132657,-121.9986158,10SEG 88615 41189,0.7,1.1,174.8,3,10,--.--,--.--,,--.--,--.--,--.--,0,0,--.--,--.--,0,106.7,-7.7,-35.3,-6.6,0.9,-8.8,--.--,--.--,-29.9,0.7,-0.7,0.0,--.--,--.--,--.--,--.--,35.0,-1.2,83.2,2.2,7.7,16.0,288.15,--.--,--.--,0,0,0.0,0.0,0.1,0,0,0,--.--,--.--,--.--
2026-07-09 15:47:47.552,2.6,-37.8,78,5.3,5.5,2.3,11.1,-4.5,0.000,8.5,36.1,73.9,70.9,42.945,0.000,0.000,0.000,684.0,00:03:41,96.9,8.9,1,--.--,0,177,--.--,0000:32:26,90,0,0,1,1,15.30,-1.00,-71,--.--,50,--.--,--:--:--,1,-15.30,15:47:47,20:47:47,7/9/26,--.--,--.--,--.--,--.--,--.--,--.--,--.--,--.--,--.--,--.--,--.--,--.--,0,--.--,--.--,--.--,--.--,--.--,--.--,--.--,--.--,--.--,--.--,--.--,--.--,--.--,--.--,--.--,--.--,0,0.000,0.000,0.000,0.000,0.000,0.000,0.000,0.000,0.000,0.000,0.000,0.000,true,true,true,true,true,true,false,false,true,true,false,false,0.09,0.00,0.07,0.09,--.--,--.--,0.15,0.17,9223372036854775808,0,--.--,--.--,--.--,--.--,--.--,0,0,0,0,37.4131859,-121.9985978,10SEG 88617 41180,0.7,1.1,160.6,3,10,--.--,--.--,,--.--,--.--,--.--,0,0,--.--,--.--,0,96.9,-5.5,-44.2,-10.4,4.2,-8.0,--.--,--.--,-29.9,0.7,-0.7,0.0,--.--,--.--,--.--,--.--,8.2,-34.2,76.1,20.5,13.5,-3.8,288.15,--.--,--.--,0,0,0.0,0.0,0.1,0,0,0,--.--,--.--,--.--
2026-07-09 15:47:48.551,9.2,-33.6,74,-8.0,-6.0,-6.4,12.5,2.0,0.000,4.6,44.9,82.7,79.7,49.344,0.000,0.000,0.000,697.0,00:03:42,87.3,7.1,1,--.--,0,181,--.--,0000:32:26,96,0,0,1,1,15.30,-1.00,-72,--.--,50,--.--,--:--:--,1,-15.30,15:47:48,20:47:48,7/9/26,--.--,--.--,--.--,--.--,--.--,--.--,--.--,--.--,--.--,--.--,--.--,--.--,0,--.--,--.--,--.--,--.--,--.--,--.--,--.--,--.--,--.--,--.--,--.--,--.--,--.--,--.--,--.--,--.--,0,0.000,0.000,0.000,0.000,0.000,0.000,0.000,0.000,0.000,0.000,0.000,0.000,true,true,true,true,true,true,false,false,true,true,false,false,0.15,0.02,0.05,--.--,--.--,--.--,0.15,0.17,9223372036854775808,0,--.--,--.--,--.--,--.--,--.--,0,0,0,0,37.4131007,-121.9985354,10SEG 88623 41171,0.7,1.1,140.4,3,10,--.--,--.--,,--.--,--.--,--.--,0,0,--.--,--.--,0,87.4,1.1,-50.1,-9.6,9.0,-4.6,--.--,--.--,-29.9,0.7,-0.7,0.0,--.--,--.--,--.--,--.--,10.8,-33.5,71.2,-4.1,-2.3,-9.4,288.15,--.--,--.--,0,0,0.0,0.0,0.0,0,0,0,--.--,--.--,--.--
2026-07-09 15:47:49.552,1.9,-14.8,64,-43.6,93.7,-15.9,17.4,5.5,0.000,4.8,50.4,88.2,86.2,54.224,0.000,0.000,0.000,712.3,00:03:43,79.7,4.6,1,--.--,0,190,--.--,0000:32:26,97,0,0,1,1,15.30,-1.00,-72,--.--,50,--.--,--:--:--,1,-15.30,15:47:49,20:47:49,7/9/26,--.--,--.--,--.--,--.--,--.--,--.--,--.--,--.--,--.--,--.--,--.--,--.--,0,--.--,--.--,--.--,--.--,--.--,--.--,--.--,--.--,--.--,--.--,--.--,--.--,--.--,--.--,--.--,--.--,0,0.000,0.000,0.000,0.000,0.000,0.000,0.000,0.000,0.000,0.000,0.000,0.000,true,true,true,true,true,true,false,false,true,true,false,false,0.15,0.02,0.05,--.--,--.--,--.--,0.15,0.17,9223372036854775808,0,--.--,--.--,--.--,--.--,--.--,0,0,0,0,37.4130190,-121.9984085,10SEG 88634 41162,0.7,1.1,120.7,3,10,--.--,--.--,,--.--,--.--,--.--,0,0,--.--,--.--,0,78.5,14.0,-55.0,-8.5,15.7,-4.9,--.--,--.--,-29.9,0.7,-0.7,0.0,--.--,--.--,--.--,--.--,-0.2,-0.5,64.9,-21.4,52.7,-50.0,288.15,--.--,--.--,0,0,0.0,0.0,0.0,0,0,0,--.--,--.--,--.--
2026-07-09 15:47:50.551,0.1,-3.1,29,-2.7,-4.1,-25.0,16.9,2.2,0.000,6.2,55.5,93.2,92.2,59.911,0.000,0.000,0.000,729.7,00:03:44,76.3,4.5,1,--.--,0,202,--.--,0000:32:26,100,0,0,1,1,15.30,-1.00,-72,--.--,50,--.--,--:--:--,1,-15.30,15:47:50,20:47:50,7/9/26,--.--,--.--,--.--,--.--,--.--,--.--,--.--,--.--,--.--,--.--,--.--,--.--,0,--.--,--.--,--.--,--.--,--.--,--.--,--.--,--.--,--.--,--.--,--.--,--.--,--.--,--.--,--.--,--.--,0,0.000,0.000,0.000,0.000,0.000,0.000,0.000,0.000,0.000,0.000,0.000,0.000,true,true,true,true,true,true,false,false,true,true,false,false,0.08,0.02,0.03,--.--,--.--,--.--,0.15,0.17,9223372036854775808,0,--.--,--.--,--.--,--.--,--.--,0,0,0,0,37.4129440,-121.9982363,10SEG 88649 41154,0.7,1.1,117.9,3,10,--.--,--.--,,--.--,--.--,--.--,0,0,--.--,--.--,0,70.6,29.0,-61.0,-7.6,15.0,-6.5,--.--,--.--,-29.9,0.7,-0.7,0.0,--.--,--.--,--.--,--.--,-1.4,-2.2,29.6,-7.0,3.9,0.2,288.15,--.--,--.--,0,0,0.0,0.0,0.0,0,0,0,--.--,--.--,--.--
2026-07-09 15:47:51.551,0.0,-6.4,25,-0.3,-0.7,9.6,16.2,1.3,0.000,8.2,61.6,99.3,96.3,67.301,0.000,0.000,0.000,745.4,00:03:45,77.1,4.7,1,--.--,0,214,--.--,0000:32:26,100,0,0,1,1,15.30,-1.00,-72,--.--,50,--.--,--:--:--,1,-15.30,15:47:51,20:47:51,7/9/26,--.--,--.--,--.--,--.--,--.--,--.--,--.--,--.--,--.--,--.--,--.--,--.--,0,--.--,--.--,--.--,--.--,--.--,--.--,--.--,--.--,--.--,--.--,--.--,--.--,--.--,--.--,--.--,--.--,0,0.000,0.000,0.000,0.000,0.000,0.000,0.000,0.000,0.000,0.000,0.000,0.000,true,true,true,true,true,true,false,false,true,true,false,false,0.08,0.02,0.03,--.--,--.--,--.--,0.15,0.17,9223372036854775808,0,--.--,--.--,--.--,--.--,--.--,0,0,0,0,37.4128802,-121.9980726,10SEG 88664 41147,0.7,1.1,113.6,3,10,--.--,--.--,,--.--,--.--,--.--,0,0,--.--,--.--,0,63.7,43.5,-68.6,-6.3,14.8,-8.6,--.--,--.--,-29.9,0.7,-0.7,0.0,--.--,--.--,--.--,--.--,-0.2,-5.7,25.2,-0.6,2.7,7.2,288.15,--.--,--.--,0,0,0.0,0.0,0.0,0,0,0,--.--,--.--,--.--
2026-07-09 15:47:52.551,-2.5,-5.6,25,-7.0,2.4,-27.6,15.8,1.9,0.000,10.4,69.4,107.2,104.2,77.032,0.000,0.000,0.000,760.9,00:03:46,82.6,5.2,1,--.--,0,225,--.--,0000:32:26,91,0,0,1,1,15.30,-1.00,-73,--.--,50,--.--,--:--:--,1,-15.30,15:47:52,20:47:52,7/9/26,--.--,--.--,--.--,--.--,--.--,--.--,--.--,--.--,--.--,--.--,--.--,--.--,0,--.--,--.--,--.--,--.--,--.--,--.--,--.--,--.--,--.--,--.--,--.--,--.--,--.--,--.--,--.--,--.--,0,0.000,0.000,0.000,0.000,0.000,0.000,0.000,0.000,0.000,0.000,0.000,0.000,true,true,true,true,true,true,false,false,true,true,false,false,0.09,0.01,0.03,0.37,--.--,--.--,0.15,0.17,9223372036854775808,0,--.--,--.--,--.--,--.--,--.--,0,0,0,0,37.4128299,-121.9979057,10SEG 88679 41141,0.7,1.1,108.0,3,10,--.--,--.--,,--.--,--.--,--.--,0,0,--.--,--.--,0,58.4,58.4,-78.7,-4.7,15.0,-10.3,--.--,--.--,-29.9,0.7,-0.7,0.0,--.--,--.--,--.--,--.--,-1.9,-5.5,25.6,-4.7,4.0,-81.7,288.15,--.--,--.--,0,0,0.0,0.0,0.0,0,0,0,--.--,--.--,--.--
2026-07-09 15:47:53.551,1.8,5.5,341,1.1,-2.0,-45.1,15.5,-6.6,0.000,4.3,79.6,117.4,114.4,85.291,0.000,0.000,0.000,776.1,00:03:47,91.2,5.8,1,--.--,0,234,--.--,0000:32:26,8,0,0,1,1,15.30,-1.00,-73,--.--,50,--.--,--:--:--,1,-15.30,15:47:53,20:47:53,7/9/26,--.--,--.--,--.--,--.--,--.--,--.--,--.--,--.--,--.--,--.--,--.--,--.--,0,--.--,--.--,--.--,--.--,--.--,--.--,--.--,--.--,--.--,--.--,--.--,--.--,--.--,--.--,--.--,--.--,0,0.000,0.000,0.000,0.000,0.000,0.000,0.000,0.000,0.000,0.000,0.000,0.000,true,true,true,true,true,true,false,false,true,true,false,false,0.09,0.01,0.03,0.37,--.--,--.--,0.15,0.17,9223372036854775808,0,--.--,--.--,--.--,--.--,--.--,0,0,0,0,37.4127896,-121.9977376,10SEG 88694 41137,0.7,1.1,106.3,3,10,--.--,--.--,,--.--,--.--,--.--,0,0,--.--,--.--,0,54.0,73.3,-85.8,-4.4,14.9,-2.8,--.--,--.--,-29.9,0.7,-0.7,0.0,--.--,--.--,--.--,--.--,-0.5,-2.2,341.8,-11.1,-30.7,-2.1,288.15,--.--,--.--,0,0,0.0,0.0,0.0,0,0,0,--.--,--.--,--.--
2026-07-09 15:47:54.552,-0.1,-10.3,297,-4.2,-17.3,-42.7,15.6,-13.8,0.000,-5.6,85.9,123.7,120.7,83.995,0.000,0.000,0.000,791.5,00:03:48,101.4,6.4,1,--.--,0,241,--.--,0000:32:26,8,0,0,1,1,15.30,-1.00,-73,--.--,50,--.--,--:--:--,1,-15.30,15:47:54,20:47:54,7/9/26,--.--,--.--,--.--,--.--,--.--,--.--,--.--,--.--,--.--,--.--,--.--,--.--,0,--.--,--.--,--.--,--.--,--.--,--.--,--.--,--.--,--.--,--.--,--.--,--.--,--.--,--.--,--.--,--.--,0,0.000,0.000,0.000,0.000,0.000,0.000,0.000,0.000,0.000,0.000,0.000,0.000,true,true,true,true,true,true,false,false,true,true,false,false,0.28,0.01,0.01,0.14,--.--,--.--,0.15,0.17,9223372036854775808,0,--.--,--.--,--.--,--.--,--.--,0,0,0,0,37.4127491,-121.9975650,10SEG 88709 41133,0.7,1.1,106.4,3,10,--.--,--.--,,--.--,--.--,--.--,0,0,--.--,--.--,0,49.6,88.3,-83.0,-4.4,15.0,7.1,--.--,--.--,-29.9,0.7,-0.7,0.0,--.--,--.--,--.--,--.--,-0.5,-4.9,297.6,-3.7,22.2,-8.9,288.15,--.--,--.--,0,0,0.0,0.0,0.0,0,0,0,--.--,--.--,--.--
2026-07-09 15:47:55.551,7.3,-21.4,256,3.5,-80.2,-27.5,15.3,-11.1,0.000,-14.4,82.1,119.9,118.9,72.971,0.000,0.000,0.000,806.6,00:03:49,112.6,7.2,1,--.--,0,246,--.--,0000:32:26,70,0,0,1,1,15.30,-1.00,-73,--.--,50,--.--,--:--:--,1,-15.30,15:47:55,20:47:55,7/9/26,--.--,--.--,--.--,--.--,--.--,--.--,--.--,--.--,--.--,--.--,--.--,--.--,0,--.--,--.--,--.--,--.--,--.--,--.--,--.--,--.--,--.--,--.--,--.--,--.--,--.--,--.--,--.--,--.--,0,0.000,0.000,0.000,0.000,0.000,0.000,0.000,0.000,0.000,0.000,0.000,0.000,true,true,true,true,true,true,false,false,true,true,false,false,0.28,0.01,0.01,0.14,--.--,--.--,0.15,0.17,9223372036854775808,0,--.--,--.--,--.--,--.--,--.--,0,0,0,0,37.4127102,-121.9973992,10SEG 88724 41128,0.7,1.1,106.4,3,10,--.--,--.--,,--.--,--.--,--.--,0,0,--.--,--.--,0,45.3,103.0,-70.8,-4.1,14.2,14.2,--.--,--.--,-29.9,0.7,-0.7,0.0,--.--,--.--,--.--,--.--,7.4,-34.3,254.3,-5.5,-49.5,-0.6,288.15,--.--,--.--,0,0,0.0,0.0,0.0,0,0,0,--.--,--.--,--.--
2026-07-09 15:47:56.551,6.6,-31.6,240,-5.3,-3.1,-2.0,9.5,1.4,0.000,-11.5,69.3,107.1,106.1,60.010,0.000,0.000,0.000,819.0,00:03:50,120.8,12.6,1,--.--,0,250,--.--,0000:32:26,100,0,0,1,1,15.30,-1.00,-74,--.--,50,--.--,--:--:--,1,-15.30,15:47:56,20:47:56,7/9/26,--.--,--.--,--.--,--.--,--.--,--.--,--.--,--.--,--.--,--.--,--.--,--.--,0,--.--,--.--,--.--,--.--,--.--,--.--,--.--,--.--,--.--,--.--,--.--,--.--,--.--,--.--,--.--,--.--,0,0.000,0.000,0.000,0.000,0.000,0.000,0.000,0.000,0.000,0.000,0.000,0.000,true,true,true,true,true,true,false,false,true,true,false,false,0.12,0.02,0.06,0.46,--.--,--.--,0.15,0.17,9223372036854775808,0,--.--,--.--,--.--,--.--,--.--,0,0,0,0,37.4126750,-121.9972673,10SEG 88735 41125,0.7,1.1,115.7,3,10,--.--,--.--,,--.--,--.--,--.--,0,0,--.--,--.--,0,41.2,113.5,-58.4,-4.4,7.5,11.1,--.--,--.--,-29.9,0.7,-0.7,0.0,--.--,--.--,--.--,--.--,4.7,-34.7,239.4,-11.3,-12.5,2.1,288.15,--.--,--.--,0,0,0.0,0.0,0.0,0,0,0,--.--,--.--,--.--
2026-07-09 15:47:57.551,1.5,-15.7,243,-5.6,84.5,5.2,7.4,6.8,0.000,-8.0,57.3,95.1,94.1,50.665,0.000,0.000,0.000,825.3,00:03:51,120.9,16.5,1,--.--,0,253,--.--,0000:32:26,100,0,0,1,1,15.30,-1.00,-74,--.--,50,--.--,--:--:--,1,-15.30,15:47:57,20:47:57,7/9/26,--.--,--.--,--.--,--.--,--.--,--.--,--.--,--.--,--.--,--.--,--.--,--.--,0,--.--,--.--,--.--,--.--,--.--,--.--,--.--,--.--,--.--,--.--,--.--,--.--,--.--,--.--,--.--,--.--,0,0.000,0.000,0.000,0.000,0.000,0.000,0.000,0.000,0.000,0.000,0.000,0.000,true,true,true,true,true,true,false,false,true,true,false,false,0.12,0.02,0.06,0.46,--.--,--.--,0.15,0.17,9223372036854775808,0,--.--,--.--,--.--,--.--,--.--,0,0,0,0,37.4126249,-121.9972179,10SEG 88740 41119,0.7,1.1,182.2,3,10,--.--,--.--,,--.--,--.--,--.--,0,0,--.--,--.--,0,35.2,115.7,-49.7,-7.8,-1.8,6.4,--.--,--.--,-29.9,0.7,-0.7,0.0,--.--,--.--,--.--,--.--,0.5,-0.2,243.7,-3.4,59.1,3.7,288.15,--.--,--.--,0,0,0.0,0.0,0.0,0,0,0,--.--,--.--,--.--
2026-07-09 15:47:58.551,0.5,4.5,250,-0.4,1.6,5.6,7.6,3.8,0.000,2.2,49.1,86.9,94.1,49.503,0.000,0.000,0.000,833.6,00:03:52,117.0,15.5,1,--.--,0,256,--.--,0000:32:26,100,0,0,1,1,15.30,-1.00,-75,--.--,50,--.--,--:--:--,1,-15.30,15:47:58,20:47:58,7/9/26,--.--,--.--,--.--,--.--,--.--,--.--,--.--,--.--,--.--,--.--,--.--,--.--,0,--.--,--.--,--.--,--.--,--.--,--.--,--.--,--.--,--.--,--.--,--.--,--.--,--.--,--.--,--.--,--.--,0,0.000,0.000,0.000,0.000,0.000,0.000,0.000,0.000,0.000,0.000,0.000,0.000,true,true,true,true,true,true,false,false,true,true,false,false,0.35,0.06,0.03,1.35,--.--,--.--,0.15,0.17,9223372036854775808,0,--.--,--.--,--.--,--.--,--.--,0,0,0,0,37.4125588,-121.9972359,10SEG 88738 41112,0.7,1.1,190.9,3,10,--.--,--.--,,--.--,--.--,--.--,0,0,--.--,--.--,0,27.8,113.6,-50.1,-7.1,-1.6,-2.9,--.--,--.--,-29.9,0.7,-0.7,0.0,--.--,--.--,--.--,--.--,0.5,-0.2,250.5,-0.1,-18.9,4.3,288.15,--.--,--.--,0,0,0.0,0.0,0.1,0,0,0,--.--,--.--,--.--
2026-07-09 15:47:59.551,-2.0,-35.4,256,3.7,-1.9,5.1,7.6,2.3,0.000,1.3,50.4,88.2,85.9,52.720,0.000,0.000,0.000,839.8,00:03:53,114.2,15.1,1,--.--,0,259,--.--,0000:32:26,100,0,0,1,1,15.30,-1.00,-75,--.--,50,--.--,--:--:--,1,-15.30,15:47:59,20:47:59,7/9/26,--.--,--.--,--.--,--.--,--.--,--.--,--.--,--.--,--.--,--.--,--.--,--.--,0,--.--,--.--,--.--,--.--,--.--,--.--,--.--,--.--,--.--,--.--,--.--,--.--,--.--,--.--,--.--,--.--,0,0.000,0.000,0.000,0.000,0.000,0.000,0.000,0.000,0.000,0.000,0.000,0.000,true,true,true,true,true,true,false,false,true,true,false,false,0.35,0.06,0.03,1.35,--.--,--.--,0.15,0.17,9223372036854775808,0,--.--,--.--,--.--,--.--,--.--,0,0,0,0,37.4124973,-121.9972495,10SEG 88737 41105,0.7,1.1,200.9,3,10,--.--,--.--,,--.--,--.--,--.--,0,0,--.--,--.--,0,20.9,112.3,-52.9,-7.4,-3.7,-0.6,--.--,--.--,-29.9,0.7,-0.7,0.0,--.--,--.--,--.--,--.--,-2.0,-34.9,256.8,4.3,1.7,4.3,288.15,--.--,--.--,0,0,0.0,0.0,0.1,0,0,0,--.--,--.--,--.--
2026-07-09 15:48:00.552,-1.6,-32.6,261,2.7,-6.1,3.4,10.1,9.1,0.000,-5.6,52.8,90.6,89.6,50.001,0.000,0.000,0.000,850.2,00:03:54,107.2,10.8,1,--.--,0,263,--.--,0000:32:26,100,0,0,1,1,15.30,-1.00,-75,--.--,50,--.--,--:--:--,1,-15.30,15:48:00,20:48:00,7/9/26,--.--,--.--,--.--,--.--,--.--,--.--,--.--,--.--,--.--,--.--,--.--,--.--,0,--.--,--.--,--.--,--.--,--.--,--.--,--.--,--.--,--.--,--.--,--.--,--.--,--.--,--.--,--.--,--.--,0,0.000,0.000,0.000,0.000,0.000,0.000,0.000,0.000,0.000,0.000,0.000,0.000,true,true,true,true,true,true,false,false,true,true,false,false,0.16,0.03,0.06,0.84,--.--,--.--,0.15,0.17,9223372036854775808,0,--.--,--.--,--.--,--.--,--.--,0,0,0,0,37.4124275,-121.9973071,10SEG 88732 41097,0.7,1.1,219.1,3,10,--.--,--.--,,--.--,--.--,--.--,0,0,--.--,--.--,0,13.2,106.4,-49.1,-7.8,-6.8,6.4,--.--,--.--,-29.9,0.7,-0.7,0.0,--.--,--.--,--.--,--.--,-1.9,-35.0,261.7,2.5,-9.3,4.3,288.15,--.--,--.--,0,0,0.0,0.0,0.1,0,0,0,--.--,--.--,--.--
2026-07-09 15:48:01.551,-2.8,-38.3,263,-2.6,-16.5,1.2,11.1,13.5,0.000,-12.1,48.3,86.1,85.1,41.077,0.000,0.000,0.000,860.8,00:03:55,99.0,9.0,1,--.--,0,267,--.--,0000:32:26,11,0,0,1,1,15.30,-1.00,-75,--.--,50,--.--,--:--:--,1,-15.30,15:48:01,20:48:01,7/9/26,--.--,--.--,--.--,--.--,--.--,--.--,--.--,--.--,--.--,--.--,--.--,--.--,0,--.--,--.--,--.--,--.--,--.--,--.--,--.--,--.--,--.--,--.--,--.--,--.--,--.--,--.--,--.--,--.--,0,0.000,0.000,0.000,0.000,0.000,0.000,0.000,0.000,0.000,0.000,0.000,0.000,true,true,true,true,true,true,false,false,true,true,false,false,0.16,0.03,0.06,0.84,--.--,--.--,0.15,0.17,9223372036854775808,0,--.--,--.--,--.--,--.--,--.--,0,0,0,0,37.4123587,-121.9973875,10SEG 88725 41089,0.7,1.1,225.2,3,10,--.--,--.--,,--.--,--.--,--.--,0,0,--.--,--.--,0,5.4,98.9,-39.1,-7.8,-8.2,13.1,--.--,--.--,-29.9,0.7,-0.7,0.0,--.--,--.--,--.--,--.--,-2.3,-34.9,264.5,-8.7,14.9,-16.3,288.15,--.--,--.--,0,0,0.0,0.0,0.1,0,0,0,--.--,--.--,--.--
2026-07-09 15:48:02.551,-9.8,-42.9,270,-0.6,0.5,10.2,12.8,19.3,0.000,-18.6,37.7,75.5,74.5,25.112,0.000,0.000,0.000,873.5,00:03:56,89.8,7.1,1,--.--,0,272,--.--,0000:32:26,16,0,0,1,1,15.30,-1.00,-76,--.--,50,--.--,--:--:--,1,-15.30,15:48:02,20:48:02,7/9/26,--.--,--.--,--.--,--.--,--.--,--.--,--.--,--.--,--.--,--.--,--.--,--.--,0,--.--,--.--,--.--,--.--,--.--,--.--,--.--,--.--,--.--,--.--,--.--,--.--,--.--,--.--,--.--,--.--,0,0.000,0.000,0.000,0.000,0.000,0.000,0.000,0.000,0.000,0.000,0.000,0.000,true,true,true,true,true,true,false,false,true,true,false,false,0.18,0.01,0.01,1.26,--.--,--.--,0.15,0.17,9223372036854775808,0,--.--,--.--,--.--,--.--,--.--,0,0,0,0,37.4122887,-121.9974839,10SEG 88717 41082,0.7,1.1,230.3,3,10,--.--,--.--,,--.--,--.--,--.--,0,0,--.--,--.--,0,-2.6,89.9,-22.2,-8.3,-10.4,19.2,--.--,--.--,-29.9,0.7,-0.7,0.0,--.--,--.--,--.--,--.--,-4.3,-34.8,272.2,3.5,37.1,-26.6,288.15,--.--,--.--,0,0,0.0,0.0,0.1,0,0,0,--.--,--.--,--.--
2026-07-09 15:48:03.551,21.6,-37.2,250,425.0,-42.9,-1610.4,17.1,21.9,0.000,-21.6,20.3,58.1,54.1,4.611,0.000,0.000,0.000,888.3,00:03:57,77.8,4.7,1,--.--,0,279,--.--,0000:32:26,16,0,0,1,1,15.30,-1.00,-76,--.--,50,--.--,--:--:--,1,-15.30,15:48:03,20:48:03,7/9/26,--.--,--.--,--.--,--.--,--.--,--.--,--.--,--.--,--.--,--.--,--.--,--.--,0,--.--,--.--,--.--,--.--,--.--,--.--,--.--,--.--,--.--,--.--,--.--,--.--,--.--,--.--,--.--,--.--,0,0.000,0.000,0.000,0.000,0.000,0.000,0.000,0.000,0.000,0.000,0.000,0.000,true,true,true,true,true,true,false,false,true,true,false,false,0.18,0.01,0.01,1.26,--.--,--.--,0.15,0.17,9223372036854775808,0,--.--,--.--,--.--,--.--,--.--,0,0,0,0,37.4122088,-121.9976227,10SEG 88705 41073,0.7,1.1,238.1,3,10,--.--,--.--,,--.--,--.--,--.--,0,0,--.--,--.--,0,-11.4,77.0,-1.4,-7.2,-13.3,20.3,--.--,--.--,-29.9,0.7,-0.7,0.0,--.--,--.--,--.--,--.--,4.6,-34.7,241.2,-120.0,-27.6,-20.7,288.15,--.--,--.--,0,0,0.0,0.0,0.1,0,0,0,--.--,--.--,--.--
2026-07-09 15:48:04.552,3.3,-2.6,313,-5.1,19.2,-0.0,8.6,-0.7,0.000,-14.8,-0.6,37.1,33.1,-11.798,0.000,0.000,0.000,899.0,00:03:58,70.7,8.3,1,--.--,0,283,--.--,0000:32:26,70,0,0,1,1,15.30,-1.00,-76,--.--,50,--.--,--:--:--,1,-15.30,15:48:04,20:48:04,7/9/26,--.--,--.--,--.--,--.--,--.--,--.--,--.--,--.--,--.--,--.--,--.--,--.--,0,--.--,--.--,--.--,--.--,--.--,--.--,--.--,--.--,--.--,--.--,--.--,--.--,--.--,--.--,--.--,--.--,0,0.000,0.000,0.000,0.000,0.000,0.000,0.000,0.000,0.000,0.000,0.000,0.000,true,true,true,true,true,true,false,false,true,true,true,false,0.80,0.02,0.03,1.56,--.--,--.--,0.15,0.18,9223372036854775808,0,--.--,--.--,--.--,--.--,--.--,0,0,0,0,37.4121886,-121.9976615,10SEG 88701 41070,0.7,1.1,147.7,3,10,--.--,--.--,,--.--,--.--,--.--,0,0,--.--,--.--,0,-16.4,68.8,13.8,-4.2,-7.7,14.5,--.--,--.--,-29.9,0.7,-0.7,0.0,--.--,--.--,--.--,--.--,0.0,-0.8,313.6,-16.4,6.6,-0.1,288.15,--.--,--.--,0,0,0.0,0.0,0.1,0,0,0,--.--,--.--,--.--
2026-07-09 15:48:05.551,-0.1,1.5,316,1.3,-7.8,10.4,8.2,0.9,0.000,-12.3,-15.1,22.7,19.7,-24.984,0.000,0.000,0.000,905.3,00:03:59,65.1,8.1,1,--.--,0,288,--.--,0000:32:26,92,0,0,1,1,15.30,-1.00,-76,--.--,50,--.--,--:--:--,1,-15.30,15:48:05,20:48:05,7/9/26,--.--,--.--,--.--,--.--,--.--,--.--,--.--,--.--,--.--,--.--,--.--,--.--,0,--.--,--.--,--.--,--.--,--.--,--.--,--.--,--.--,--.--,--.--,--.--,--.--,--.--,--.--,--.--,--.--,0,0.000,0.000,0.000,0.000,0.000,0.000,0.000,0.000,0.000,0.000,0.000,0.000,true,true,true,true,true,true,false,false,true,true,true,false,0.80,0.02,0.03,1.56,--.--,--.--,0.15,0.18,9223372036854775808,0,--.--,--.--,--.--,--.--,--.--,0,0,0,0,37.4121859,-121.9976588,10SEG 88701 41070,0.7,1.1,143.7,3,10,--.--,--.--,,--.--,--.--,--.--,0,0,--.--,--.--,0,-20.5,61.8,26.8,-4.4,-6.8,12.5,--.--,--.--,-29.9,0.7,-0.7,0.0,--.--,--.--,--.--,--.--,0.5,-2.4,317.0,2.9,-15.7,10.2,288.15,--.--,--.--,0,0,0.0,0.0,0.1,0,0,0,--.--,--.--,--.--
2026-07-09 15:48:06.551,-0.1,-1.4,321,1.2,-3.6,-3.7,7.9,-1.1,0.000,-16.4,-28.1,9.7,6.7,-39.115,0.000,0.000,0.000,913.6,00:04:00,60.6,7.7,1,--.--,0,294,--.--,0000:32:26,62,0,0,1,1,15.30,-1.00,-77,--.--,50,--.--,--:--:--,1,-15.30,15:48:06,20:48:06,7/9/26,--.--,--.--,--.--,--.--,--.--,--.--,--.--,--.--,--.--,--.--,--.--,--.--,0,--.--,--.--,--.--,--.--,--.--,--.--,--.--,--.--,--.--,--.--,--.--,--.--,--.--,--.--,--.--,--.--,0,0.000,0.000,0.000,0.000,0.000,0.000,0.000,0.000,0.000,0.000,0.000,0.000,true,true,true,true,true,true,false,false,true,true,true,false,2.00,2.00,2.00,0.32,--.--,--.--,0.41,0.24,9223372036854775808,0,--.--,--.--,--.--,--.--,--.--,0,0,0,0,37.4121781,-121.9976517,10SEG 88702 41069,0.7,1.1,144.1,3,10,--.--,--.--,,--.--,--.--,--.--,0,0,--.--,--.--,0,-25.0,55.2,41.6,-4.4,-6.6,16.5,--.--,--.--,-29.9,0.7,-0.7,0.0,--.--,--.--,--.--,--.--,0.2,-6.8,321.4,2.1,-21.8,21.6,288.15,--.--,--.--,0,0,0.0,0.0,0.1,0,0,0,--.--,--.--,--.--
2026-07-09 15:48:07.551,3.1,-10.9,325,-0.0,4.7,-0.0,7.9,0.9,0.000,-12.6,-43.2,-5.5,-8.5,-54.951,0.000,0.000,0.000,921.9,00:04:01,56.5,7.2,1,--.--,0,301,--.--,0000:32:26,91,0,0,1,1,15.30,-1.00,-77,--.--,50,--.--,--:--:--,1,-15.30,15:48:07,20:48:07,7/9/26,--.--,--.--,--.--,--.--,--.--,--.--,--.--,--.--,--.--,--.--,--.--,--.--,0,--.--,--.--,--.--,--.--,--.--,--.--,--.--,--.--,--.--,--.--,--.--,--.--,--.--,--.--,--.--,--.--,0,0.000,0.000,0.000,0.000,0.000,0.000,0.000,0.000,0.000,0.000,0.000,0.000,true,true,true,true,true,true,false,false,true,true,true,false,2.00,2.00,2.00,0.32,--.--,--.--,0.41,0.24,9223372036854775808,0,--.--,--.--,--.--,--.--,--.--,0,0,0,0,37.4121734,-121.9976471,10SEG 88702 41069,0.7,1.1,169.0,3,10,--.--,--.--,,--.--,--.--,--.--,0,0,--.--,--.--,0,-29.0,48.5,56.8,-4.6,-6.4,12.4,--.--,--.--,-29.9,0.7,-0.7,0.0,--.--,--.--,--.--,--.--,11.6,-33.2,321.8,36.4,-89.7,5.3,288.15,--.--,--.--,0,0,0.0,0.0,0.1,0,0,0,--.--,--.--,--.--
2026-07-09 15:48:08.551,3.3,-28.6,329,14.9,23.8,28.8,7.5,0.9,0.000,-12.5,-58.1,-20.3,-24.3,-67.354,0.000,0.000,0.000,930.2,00:04:02,53.7,7.2,1,--.--,0,308,--.--,0000:32:26,72,0,0,1,1,15.30,-1.00,-77,--.--,50,--.--,--:--:--,1,-15.30,15:48:08,20:48:08,7/9/26,--.--,--.--,--.--,--.--,--.--,--.--,--.--,--.--,--.--,--.--,--.--,--.--,0,--.--,--.--,--.--,--.--,--.--,--.--,--.--,--.--,--.--,--.--,--.--,--.--,--.--,--.--,--.--,--.--,0,0.000,0.000,0.000,0.000,0.000,0.000,0.000,0.000,0.000,0.000,0.000,0.000,true,true,true,true,true,true,false,false,true,true,true,false,2.00,2.00,2.00,0.56,--.--,--.--,1.00,0.37,9223372036854775808,0,--.--,--.--,--.--,--.--,--.--,0,0,0,0,37.4121738,-121.9976478,10SEG 88702 41069,0.7,1.1,316.2,3,10,--.--,--.--,,--.--,--.--,--.--,0,0,--.--,--.--,0,-33.2,42.1,69.2,-3.8,-6.5,12.6,--.--,--.--,-29.9,0.7,-0.7,0.0,--.--,--.--,--.--,--.--,23.9,-26.4,323.8,91.7,1.2,-4.1,288.15,--.--,--.--,0,0,0.0,0.0,5.3,0,0,0,--.--,--.--,--.--
2026-07-09 15:48:09.551,-1.1,-3.4,45,12.2,1.7,36.3,6.8,1.3,0.000,-12.8,-70.5,-32.7,-36.7,-2.184,0.000,0.000,0.000,936.5,00:04:03,51.2,7.5,1,--.--,0,316,--.--,0000:32:26,100,0,0,1,1,15.30,-1.00,-77,--.--,50,--.--,--:--:--,1,-15.30,15:48:09,20:48:09,7/9/26,--.--,--.--,--.--,--.--,--.--,--.--,--.--,--.--,--.--,--.--,--.--,--.--,0,--.--,--.--,--.--,--.--,--.--,--.--,--.--,--.--,--.--,--.--,--.--,--.--,--.--,--.--,--.--,--.--,0,0.000,0.000,0.000,0.000,0.000,0.000,0.000,0.000,0.000,0.000,0.000,0.000,true,true,true,true,true,true,false,false,true,true,true,false,2.00,2.00,2.00,0.56,--.--,--.--,1.00,0.37,9223372036854775808,0,--.--,--.--,--.--,--.--,--.--,0,0,0,0,37.4121785,-121.9976511,10SEG 88702 41069,0.7,1.1,9.9,3,10,--.--,--.--,,--.--,--.--,--.--,0,0,--.--,--.--,0,-36.7,35.8,3.7,-3.3,-6.0,12.7,--.--,--.--,-29.9,0.7,-0.7,0.0,--.--,--.--,--.--,--.--,0.2,-5.5,46.1,6.9,-8.6,10.2,288.15,--.--,--.--,0,0,0.0,0.0,5.3,0,0,0,--.--,--.--,--.--
2026-07-09 15:48:10.551,-2.2,-2.0,75,0.4,-0.6,31.3,6.2,-1.1,0.000,-12.9,-4.6,33.2,29.2,-9.499,0.000,0.000,0.000,942.8,00:04:04,50.7,8.2,1,--.--,0,323,--.--,0000:32:26,100,0,0,1,1,15.30,-1.00,-78,--.--,50,--.--,--:--:--,1,-15.30,15:48:10,20:48:10,7/9/26,--.--,--.--,--.--,--.--,--.--,--.--,--.--,--.--,--.--,--.--,--.--,--.--,0,--.--,--.--,--.--,--.--,--.--,--.--,--.--,--.--,--.--,--.--,--.--,--.--,--.--,--.--,--.--,--.--,0,0.000,0.000,0.000,0.000,0.000,0.000,0.000,0.000,0.000,0.000,0.000,0.000,true,false,true,false,false,true,false,false,true,true,true,false,2.00,2.00,0.09,0.65,--.--,--.--,47.60,0.59,9223372036854775808,0,--.--,--.--,--.--,--.--,--.--,0,0,0,0,37.4121811,-121.9976472,10SEG 88702 41069,0.7,1.1,59.7,3,10,--.--,--.--,,--.--,--.--,--.--,0,0,--.--,--.--,0,-40.6,30.2,10.4,-3.0,-5.6,12.8,--.--,--.--,-29.9,0.7,-0.7,0.0,--.--,--.--,--.--,--.--,-0.8,-1.9,76.1,7.1,0.5,-0.2,288.15,--.--,--.--,0,0,0.0,0.0,5.3,0,0,0,--.--,--.--,--.--
2026-07-09 15:48:11.551,-3.0,-0.3,85,0.0,10.4,-0.0,0.2,1.7,0.000,0.1,-10.2,27.6,23.6,-4.211,0.000,0.000,0.000,1000.4,00:04:05,78.9,389.1,1,--.--,0,279,--.--,0000:32:26,98,0,0,1,1,15.30,-1.00,-78,--.--,50,--.--,--:--:--,1,-15.30,15:48:11,20:48:11,7/9/26,--.--,--.--,--.--,--.--,--.--,--.--,--.--,--.--,--.--,--.--,--.--,--.--,0,--.--,--.--,--.--,--.--,--.--,--.--,--.--,--.--,--.--,--.--,--.--,--.--,--.--,--.--,--.--,--.--,0,0.000,0.000,0.000,0.000,0.000,0.000,0.000,0.000,0.000,0.000,0.000,0.000,true,false,true,false,false,true,false,false,true,true,true,false,2.00,2.00,0.09,0.65,--.--,--.--,47.60,0.59,9223372036854775808,0,--.--,--.--,--.--,--.--,--.--,0,0,0,0,37.4121819,-121.9976463,10SEG 88702 41070,0.7,1.1,53.9,3,10,--.--,--.--,,--.--,--.--,--.--,0,0,--.--,--.--,0,-12.5,77.9,3.6,0.2,0.0,-0.1,--.--,--.--,-29.9,0.7,-0.7,0.0,--.--,--.--,--.--,--.--,-19.8,29.5,80.3,-74.8,119.2,-10.6,288.15,--.--,--.--,0,0,0.0,0.0,5.3,0,0,0,--.--,--.--,--.--
2026-07-09 15:48:12.552,-2.6,-0.9,86,-0.6,-1.2,-2.7,0.4,0.9,0.000,-0.0,-3.4,34.4,30.4,-1.997,0.000,0.000,0.000,1000.4,00:04:06,78.9,223.2,1,--.--,0,279,--.--,0000:32:26,99,0,0,1,1,15.30,-1.00,-78,--.--,50,--.--,--:--:--,1,-15.30,15:48:12,20:48:12,7/9/26,--.--,--.--,--.--,--.--,--.--,--.--,--.--,--.--,--.--,--.--,--.--,--.--,0,--.--,--.--,--.--,--.--,--.--,--.--,--.--,--.--,--.--,--.--,--.--,--.--,--.--,--.--,--.--,--.--,0,0.000,0.000,0.000,0.000,0.000,0.000,0.000,0.000,0.000,0.000,0.000,0.000,true,true,true,true,true,true,false,false,true,true,false,false,0.05,0.00,0.56,0.19,--.--,--.--,0.39,0.23,9223372036854775808,0,--.--,--.--,--.--,--.--,--.--,0,0,0,0,37.4121820,-121.9976465,10SEG 88702 41070,0.7,1.1,81.6,3,10,--.--,--.--,,--.--,--.--,--.--,0,0,--.--,--.--,0,-12.4,77.9,1.8,0.3,0.2,-0.0,--.--,--.--,-29.9,0.7,-0.7,0.0,--.--,--.--,--.--,--.--,-2.5,-3.0,86.2,0.2,-7.7,-12.5,288.15,--.--,--.--,0,0,0.0,0.0,5.3,0,0,0,--.--,--.--,--.--
2026-07-09 15:48:13.552,-1.9,-0.4,86,-0.1,0.1,0.0,0.3,1.0,0.000,0.0,-1.8,36.0,32.0,-1.158,0.000,0.000,0.000,1000.4,00:04:07,78.9,259.7,1,--.--,0,279,--.--,0000:32:26,100,0,0,1,1,15.30,-1.00,-78,--.--,50,--.--,--:--:--,1,-15.30,15:48:13,20:48:13,7/9/26,--.--,--.--,--.--,--.--,--.--,--.--,--.--,--.--,--.--,--.--,--.--,--.--,0,--.--,--.--,--.--,--.--,--.--,--.--,--.--,--.--,--.--,--.--,--.--,--.--,--.--,--.--,--.--,--.--,0,0.000,0.000,0.000,0.000,0.000,0.000,0.000,0.000,0.000,0.000,0.000,0.000,true,true,true,true,true,true,false,false,true,true,false,false,0.05,0.00,0.56,0.19,--.--,--.--,0.39,0.23,9223372036854775808,0,--.--,--.--,--.--,--.--,--.--,0,0,0,0,37.4121820,-121.9976459,10SEG 88703 41070,0.7,1.1,196.3,3,10,--.--,--.--,,--.--,--.--,--.--,0,0,--.--,--.--,0,-12.4,77.9,1.0,0.3,0.1,-0.0,--.--,--.--,-29.9,0.7,-0.7,0.0,--.--,--.--,--.--,--.--,-1.4,-2.2,86.0,2.8,-7.0,0.3,288.15,--.--,--.--,0,0,0.0,0.0,5.3,0,0,0,--.--,--.--,--.--
2026-07-09 15:48:14.551,-1.6,-19.4,77,-8.5,41.1,-34.3,0.7,1.6,0.000,0.2,-1.0,36.7,32.7,-0.539,0.000,0.000,0.000,1000.4,00:04:08,79.2,117.8,1,--.--,0,279,--.--,0000:32:26,100,0,0,1,1,15.30,-1.00,-79,--.--,50,--.--,--:--:--,1,-15.30,15:48:14,20:48:14,7/9/26,--.--,--.--,--.--,--.--,--.--,--.--,--.--,--.--,--.--,--.--,--.--,--.--,0,--.--,--.--,--.--,--.--,--.--,--.--,--.--,--.--,--.--,--.--,--.--,--.--,--.--,--.--,--.--,--.--,0,0.000,0.000,0.000,0.000,0.000,0.000,0.000,0.000,0.000,0.000,0.000,0.000,true,true,true,true,true,true,false,false,true,true,false,false,0.12,0.03,0.25,0.12,--.--,--.--,0.17,0.19,9223372036854775808,0,--.--,--.--,--.--,--.--,--.--,0,0,0,0,37.4121819,-121.9976445,10SEG 88703 41070,0.7,1.1,92.4,3,10,--.--,--.--,,--.--,--.--,--.--,0,0,--.--,--.--,0,-12.4,78.2,0.5,0.3,1.2,-0.0,--.--,--.--,-29.9,0.7,-0.7,0.0,--.--,--.--,--.--,--.--,-0.0,-1.4,77.3,-7.8,71.7,-43.4,288.15,--.--,--.--,0,0,0.0,0.0,5.3,0,0,0,--.--,--.--,--.--
2026-07-09 15:48:15.552,0.2,-1.7,54,3.4,-1.8,-9.9,0.4,-1.2,0.000,0.9,-0.5,37.3,33.3,-0.064,0.000,0.000,0.000,1000.4,00:04:09,79.5,185.1,1,--.--,0,279,--.--,0000:32:26,100,0,0,1,1,15.30,-1.00,-79,--.--,50,--.--,--:--:--,1,-15.30,15:48:15,20:48:15,7/9/26,--.--,--.--,--.--,--.--,--.--,--.--,--.--,--.--,--.--,--.--,--.--,--.--,0,--.--,--.--,--.--,--.--,--.--,--.--,--.--,--.--,--.--,--.--,--.--,--.--,--.--,--.--,--.--,--.--,0,0.000,0.000,0.000,0.000,0.000,0.000,0.000,0.000,0.000,0.000,0.000,0.000,true,true,true,true,true,true,false,false,true,true,false,false,0.12,0.03,0.25,0.12,--.--,--.--,0.17,0.19,9223372036854775808,0,--.--,--.--,--.--,--.--,--.--,0,0,0,0,37.4121823,-121.9976371,10SEG 88703 41070,0.7,1.1,73.0,3,10,--.--,--.--,,--.--,--.--,--.--,0,0,--.--,--.--,0,-12.5,78.5,-0.1,-0.0,-0.3,-1.2,--.--,--.--,-29.9,0.7,-0.7,0.0,--.--,--.--,--.--,--.--,0.8,-1.1,54.6,2.9,2.5,5.1,288.15,--.--,--.--,0,0,0.0,0.0,5.3,0,0,0,--.--,--.--,--.--
2026-07-09 15:48:16.551,-1.1,0.0,22,7.1,11.4,-57.7,1.3,0.9,0.000,0.4,0.1,37.9,33.9,0.634,0.000,0.000,0.000,1000.4,00:04:10,79.8,60.1,1,--.--,0,278,--.--,0000:32:26,84,0,0,1,1,15.30,-1.00,-80,--.--,50,--.--,--:--:--,1,-15.30,15:48:16,20:48:16,7/9/26,--.--,--.--,--.--,--.--,--.--,--.--,--.--,--.--,--.--,--.--,--.--,--.--,0,--.--,--.--,--.--,--.--,--.--,--.--,--.--,--.--,--.--,--.--,--.--,--.--,--.--,--.--,--.--,--.--,0,0.000,0.000,0.000,0.000,0.000,0.000,0.000,0.000,0.000,0.000,0.000,0.000,true,true,true,true,true,true,false,false,true,true,false,false,0.16,0.02,0.11,0.43,--.--,--.--,0.15,0.18,9223372036854775808,0,--.--,--.--,--.--,--.--,--.--,0,0,0,0,37.4121870,-121.9976332,10SEG 88704 41070,0.7,1.1,20.1,3,10,--.--,--.--,,--.--,--.--,--.--,0,0,--.--,--.--,0,-11.7,79.0,-0.7,1.4,0.3,-0.5,--.--,--.--,-29.9,0.7,-0.7,0.0,--.--,--.--,--.--,--.--,-0.5,-1.4,22.3,2.8,-5.6,-13.3,288.15,--.--,--.--,0,0,0.0,0.0,5.3,0,0,0,--.--,--.--,--.--
2026-07-09 15:48:17.551,18.3,-4.7,353,63.1,-14.2,52.1,1.8,1.1,0.000,2.5,0.7,38.4,34.4,1.909,0.000,0.000,0.000,1002.4,00:04:11,80.4,45.6,1,--.--,0,277,--.--,0000:32:26,99,0,0,1,1,15.30,-1.00,-80,--.--,50,--.--,--:--:--,1,-15.30,15:48:17,20:48:17,7/9/26,--.--,--.--,--.--,--.--,--.--,--.--,--.--,--.--,--.--,--.--,--.--,--.--,0,--.--,--.--,--.--,--.--,--.--,--.--,--.--,--.--,--.--,--.--,--.--,--.--,--.--,--.--,--.--,--.--,0,0.000,0.000,0.000,0.000,0.000,0.000,0.000,0.000,0.000,0.000,0.000,0.000,true,true,true,true,true,true,false,false,true,true,false,false,0.16,0.02,0.11,0.43,--.--,--.--,0.15,0.18,9223372036854775808,0,--.--,--.--,--.--,--.--,--.--,0,0,0,0,37.4121992,-121.9976277,10SEG 88704 41072,0.7,1.1,0.9,3,10,--.--,--.--,,--.--,--.--,--.--,0,0,--.--,--.--,0,-10.2,79.7,-2.2,1.6,1.2,-1.7,--.--,--.--,-29.9,0.7,-0.7,0.0,--.--,--.--,--.--,--.--,-0.2,-1.4,354.1,-96.4,6.9,-22.4,288.15,--.--,--.--,0,0,0.0,0.0,5.3,0,0,0,--.--,--.--,--.--
2026-07-09 15:48:18.551,-10.8,4.3,68,2.8,43.9,55.2,2.7,2.4,0.000,-1.8,2.3,40.1,36.1,1.541,0.000,0.000,0.000,1004.5,00:04:12,81.1,29.6,1,--.--,0,276,--.--,0000:32:26,99,0,0,1,1,15.30,-1.00,-80,--.--,50,--.--,--:--:--,1,-15.30,15:48:18,20:48:18,7/9/26,--.--,--.--,--.--,--.--,--.--,--.--,--.--,--.--,--.--,--.--,--.--,--.--,0,--.--,--.--,--.--,--.--,--.--,--.--,--.--,--.--,--.--,--.--,--.--,--.--,--.--,--.--,--.--,--.--,0,0.000,0.000,0.000,0.000,0.000,0.000,0.000,0.000,0.000,0.000,0.000,0.000,true,true,true,true,true,true,false,false,true,true,false,false,0.22,0.01,0.03,0.31,--.--,--.--,0.15,0.18,9223372036854775808,0,--.--,--.--,--.--,--.--,--.--,0,0,0,0,37.4122110,-121.9976205,10SEG 88705 41073,0.7,1.1,35.5,3,10,--.--,--.--,,--.--,--.--,--.--,0,0,--.--,--.--,0,-8.7,80.6,-1.2,2.2,1.7,2.1,--.--,--.--,-29.9,0.7,-0.7,0.0,--.--,--.--,--.--,--.--,1.3,-1.1,68.2,62.0,-19.1,-23.0,288.15,--.--,--.--,0,0,0.0,0.0,0.1,0,0,0,--.--,--.--,--.--
2026-07-09 15:48:19.551,-2.5,-3.2,70,-1.3,51.5,-34.1,2.0,-1.8,0.000,0.0,0.9,38.7,34.7,0.349,0.000,0.000,0.000,1006.5,00:04:13,82.1,41.4,1,--.--,0,276,--.--,0000:32:26,99,0,0,1,1,15.30,-1.00,-80,--.--,50,--.--,--:--:--,1,-15.30,15:48:19,20:48:19,7/9/26,--.--,--.--,--.--,--.--,--.--,--.--,--.--,--.--,--.--,--.--,--.--,--.--,0,--.--,--.--,--.--,--.--,--.--,--.--,--.--,--.--,--.--,--.--,--.--,--.--,--.--,--.--,--.--,--.--,0,0.000,0.000,0.000,0.000,0.000,0.000,0.000,0.000,0.000,0.000,0.000,0.000,true,true,true,true,true,true,false,false,true,true,false,false,0.22,0.01,0.03,0.31,--.--,--.--,0.15,0.18,9223372036854775808,0,--.--,--.--,--.--,--.--,--.--,0,0,0,0,37.4122204,-121.9976105,10SEG 88706 41074,0.7,1.1,68.9,3,10,--.--,--.--,,--.--,--.--,--.--,0,0,--.--,--.--,0,-7.9,81.7,-0.3,0.6,2.1,-0.2,--.--,--.--,-29.9,0.7,-0.7,0.0,--.--,--.--,--.--,--.--,3.3,-3.0,70.0,27.5,0.5,-23.1,288.15,--.--,--.--,0,0,0.0,0.0,0.1,0,0,0,--.--,--.--,--.--
2026-07-09 15:48:20.552,-2.5,-8.4,103,6.7,13.6,46.8,0.4,-0.8,0.000,0.7,0.3,38.1,34.1,0.588,0.000,0.000,0.000,1006.5,00:04:14,82.7,206.5,1,--.--,0,275,--.--,0000:32:26,98,0,0,1,1,15.30,-1.00,-81,--.--,50,--.--,--:--:--,1,-15.30,15:48:20,20:48:20,7/9/26,--.--,--.--,--.--,--.--,--.--,--.--,--.--,--.--,--.--,--.--,--.--,--.--,0,--.--,--.--,--.--,--.--,--.--,--.--,--.--,--.--,--.--,--.--,--.--,--.--,--.--,--.--,--.--,--.--,0,0.000,0.000,0.000,0.000,0.000,0.000,0.000,0.000,0.000,0.000,0.000,0.000,true,true,true,true,true,true,false,false,true,true,false,false,0.29,0.05,0.02,0.87,--.--,--.--,0.15,0.17,9223372036854775808,0,--.--,--.--,--.--,--.--,--.--,0,0,0,0,37.4122243,-121.9975974,10SEG 88707 41074,0.7,1.1,84.8,3,10,--.--,--.--,,--.--,--.--,--.--,0,0,--.--,--.--,0,-7.7,82.3,-0.6,-0.3,0.5,-0.6,--.--,--.--,-29.9,0.7,-0.7,0.0,--.--,--.--,--.--,--.--,0.5,-1.4,103.5,10.5,29.1,-32.2,288.15,--.--,--.--,0,0,0.0,0.0,0.1,0,0,0,--.--,--.--,--.--
2026-07-09 15:48:21.552,-2.9,0.0,119,-0.1,0.1,0.1,0.7,1.6,0.000,0.6,0.6,38.4,34.1,0.705,0.000,0.000,0.000,1006.5,00:04:15,82.9,126.5,1,--.--,0,275,--.--,0000:32:26,80,0,0,1,1,15.30,-1.00,-81,--.--,50,--.--,--:--:--,1,-15.30,15:48:21,20:48:21,7/9/26,--.--,--.--,--.--,--.--,--.--,--.--,--.--,--.--,--.--,--.--,--.--,--.--,0,--.--,--.--,--.--,--.--,--.--,--.--,--.--,--.--,--.--,--.--,--.--,--.--,--.--,--.--,--.--,--.--,0,0.000,0.000,0.000,0.000,0.000,0.000,0.000,0.000,0.000,0.000,0.000,0.000,true,true,true,true,true,true,false,false,true,true,false,false,0.29,0.05,0.02,0.87,--.--,--.--,0.15,0.17,9223372036854775808,0,--.--,--.--,--.--,--.--,--.--,0,0,0,0,37.4122245,-121.9975910,10SEG 88707 41074,0.7,1.1,294.3,3,10,--.--,--.--,,--.--,--.--,--.--,0,0,--.--,--.--,0,-7.8,82.5,-0.7,-0.1,-0.6,-0.5,--.--,--.--,-29.9,0.7,-0.7,0.0,--.--,--.--,--.--,--.--,0.5,-1.9,119.2,17.2,-3.1,-89.9,288.15,--.--,--.--,0,0,0.0,0.0,0.1,0,0,0,--.--,--.--,--.--
2026-07-09 15:48:22.551,-3.0,-1.9,122,1.4,2.4,12.8,0.3,-0.7,0.000,0.4,0.7,38.5,34.1,0.727,0.000,0.000,0.000,1006.5,00:04:16,82.9,258.6,1,--.--,0,275,--.--,0000:32:26,100,0,0,1,1,15.30,-1.00,-81,--.--,50,--.--,--:--:--,1,-15.30,15:48:22,20:48:22,7/9/26,--.--,--.--,--.--,--.--,--.--,--.--,--.--,--.--,--.--,--.--,--.--,--.--,0,--.--,--.--,--.--,--.--,--.--,--.--,--.--,--.--,--.--,--.--,--.--,--.--,--.--,--.--,--.--,--.--,0,0.000,0.000,0.000,0.000,0.000,0.000,0.000,0.000,0.000,0.000,0.000,0.000,true,true,true,true,true,true,false,false,true,true,false,false,0.19,0.02,0.05,0.33,--.--,--.--,0.15,0.17,9223372036854775808,0,--.--,--.--,--.--,--.--,--.--,0,0,0,0,37.4122246,-121.9975905,10SEG 88707 41074,0.7,1.1,107.0,3,10,--.--,--.--,,--.--,--.--,--.--,0,0,--.--,--.--,0,-7.8,82.5,-0.7,-0.1,-0.2,-0.3,--.--,--.--,-29.9,0.7,-0.7,0.0,--.--,--.--,--.--,--.--,0.5,-0.2,122.4,17.5,6.6,-1.9,288.15,--.--,--.--,0,0,0.0,0.0,0.1,0,0,0,--.--,--.--,--.--
2026-07-09 15:48:23.551,-2.6,3.3,128,-1.9,-6.9,0.1,0.3,1.5,0.000,0.1,0.7,38.5,34.1,0.601,0.000,0.000,0.000,1006.5,00:04:17,83.1,311.5,1,--.--,0,275,--.--,0000:32:26,97,0,0,1,1,15.30,-1.00,-81,--.--,50,--.--,--:--:--,1,-15.30,15:48:23,20:48:23,7/9/26,--.--,--.--,--.--,--.--,--.--,--.--,--.--,--.--,--.--,--.--,--.--,--.--,0,--.--,--.--,--.--,--.--,--.--,--.--,--.--,--.--,--.--,--.--,--.--,--.--,--.--,--.--,--.--,--.--,0,0.000,0.000,0.000,0.000,0.000,0.000,0.000,0.000,0.000,0.000,0.000,0.000,true,true,true,true,true,true,false,false,true,true,false,false,0.19,0.02,0.05,0.33,--.--,--.--,0.15,0.17,9223372036854775808,0,--.--,--.--,--.--,--.--,--.--,0,0,0,0,37.4122243,-121.9975892,10SEG 88707 41074,0.7,1.1,282.3,3,10,--.--,--.--,,--.--,--.--,--.--,0,0,--.--,--.--,0,-7.8,82.7,-0.6,0.0,-0.2,-0.1,--.--,--.--,-29.9,0.7,-0.7,0.0,--.--,--.--,--.--,--.--,0.5,-0.5,128.3,16.8,-14.2,-18.0,288.15,--.--,--.--,0,0,0.0,0.0,0.1,0,0,0,--.--,--.--,--.--
2026-07-09 15:48:24.551,-2.8,-12.6,130,-1.6,-45.0,-5.2,0.1,-1.8,0.000,0.1,0.5,38.3,34.1,0.493,0.000,0.000,0.000,1006.5,00:04:18,83.2,1362.4,1,--.--,0,275,--.--,0000:32:26,100,0,0,1,1,15.30,-1.00,-82,--.--,50,--.--,--:--:--,1,-15.30,15:48:24,20:48:24,7/9/26,--.--,--.--,--.--,--.--,--.--,--.--,--.--,--.--,--.--,--.--,--.--,--.--,0,--.--,--.--,--.--,--.--,--.--,--.--,--.--,--.--,--.--,--.--,--.--,--.--,--.--,--.--,--.--,--.--,0,0.000,0.000,0.000,0.000,0.000,0.000,0.000,0.000,0.000,0.000,0.000,0.000,true,true,true,true,true,true,false,false,true,true,false,false,0.13,0.02,0.06,0.17,--.--,--.--,0.15,0.17,9223372036854775808,0,--.--,--.--,--.--,--.--,--.--,0,0,0,0,37.4122246,-121.9975886,10SEG 88708 41074,0.7,1.1,116.1,3,10,--.--,--.--,,--.--,--.--,--.--,0,0,--.--,--.--,0,-7.8,82.8,-0.5,-0.0,0.0,-0.1,--.--,--.--,-29.9,0.7,-0.7,0.0,--.--,--.--,--.--,--.--,-28.8,-17.7,135.4,-120.0,-25.0,11.9,288.15,--.--,--.--,0,0,0.0,0.0,0.1,0,0,0,--.--,--.--,--.--
2026-07-09 15:48:25.551,-9.5,-33.1,72,-20.7,10.4,-72.6,3.7,2.5,0.000,-0.4,0.5,38.3,34.1,0.531,0.000,0.000,0.000,1008.5,00:04:19,85.5,23.1,1,--.--,0,275,--.--,0000:32:26,100,0,0,1,1,15.30,-1.00,-82,--.--,50,--.--,--:--:--,1,-15.30,15:48:25,20:48:25,7/9/26,--.--,--.--,--.--,--.--,--.--,--.--,--.--,--.--,--.--,--.--,--.--,--.--,0,--.--,--.--,--.--,--.--,--.--,--.--,--.--,--.--,--.--,--.--,--.--,--.--,--.--,--.--,--.--,--.--,0,0.000,0.000,0.000,0.000,0.000,0.000,0.000,0.000,0.000,0.000,0.000,0.000,true,true,true,true,true,true,false,false,true,true,false,false,0.13,0.02,0.06,0.17,--.--,--.--,0.15,0.17,9223372036854775808,0,--.--,--.--,--.--,--.--,--.--,0,0,0,0,37.4122212,-121.9975724,10SEG 88709 41074,0.7,1.1,87.8,3,10,--.--,--.--,,--.--,--.--,--.--,0,0,--.--,--.--,0,-8.1,85.0,-0.5,0.5,4.4,0.6,--.--,--.--,-29.9,0.7,-0.7,0.0,--.--,--.--,--.--,--.--,-25.7,-24.7,78.1,-68.1,23.5,12.2,288.15,--.--,--.--,0,0,0.0,0.0,0.1,0,0,0,--.--,--.--,--.--
2026-07-09 15:48:26.551,-3.9,-23.9,16,11.4,-66.6,10.8,3.5,2.2,0.000,0.2,0.4,38.2,34.2,0.270,0.000,0.000,0.000,1012.6,00:04:20,89.5,25.2,1,--.--,0,275,--.--,0000:32:26,100,0,0,1,1,15.30,-1.00,-82,--.--,50,--.--,--:--:--,1,-15.30,15:48:26,20:48:26,7/9/26,--.--,--.--,--.--,--.--,--.--,--.--,--.--,--.--,--.--,--.--,--.--,--.--,0,--.--,--.--,--.--,--.--,--.--,--.--,--.--,--.--,--.--,--.--,--.--,--.--,--.--,--.--,--.--,--.--,0,0.000,0.000,0.000,0.000,0.000,0.000,0.000,0.000,0.000,0.000,0.000,0.000,true,true,true,true,true,true,false,false,true,true,false,false,0.22,0.03,0.04,--.--,--.--,--.--,0.15,0.17,9223372036854775808,0,--.--,--.--,--.--,--.--,--.--,0,0,0,0,37.4122288,-121.9975270,10SEG 88713 41075,0.7,1.1,68.7,3,10,--.--,--.--,,--.--,--.--,--.--,0,0,--.--,--.--,0,-7.0,89.2,-0.3,1.6,3.3,-0.4,--.--,--.--,-29.9,0.7,-0.7,0.0,--.--,--.--,--.--,--.--,-7.0,-31.0,18.4,-10.9,-26.7,1.6,288.15,--.--,--.--,0,0,0.0,0.0,0.1,0,0,0,--.--,--.--,--.--
2026-07-09 15:48:27.551,3.4,-27.3,11,7.0,89.5,-15.7,8.7,6.2,0.000,-0.0,0.3,38.1,34.1,0.397,0.000,0.000,0.000,1020.8,00:04:21,93.3,10.7,1,--.--,0,271,--.--,0000:32:26,100,0,0,1,1,15.30,-1.00,-82,--.--,50,--.--,--:--:--,1,-15.30,15:48:27,20:48:27,7/9/26,--.--,--.--,--.--,--.--,--.--,--.--,--.--,--.--,--.--,--.--,--.--,--.--,0,--.--,--.--,--.--,--.--,--.--,--.--,--.--,--.--,--.--,--.--,--.--,--.--,--.--,--.--,--.--,--.--,0,0.000,0.000,0.000,0.000,0.000,0.000,0.000,0.000,0.000,0.000,0.000,0.000,true,true,true,true,true,true,false,false,true,true,false,false,0.22,0.03,0.04,--.--,--.--,--.--,0.15,0.17,9223372036854775808,0,--.--,--.--,--.--,--.--,--.--,0,0,0,0,37.4122671,-121.9974825,10SEG 88717 41079,0.7,1.1,31.8,3,10,--.--,--.--,,--.--,--.--,--.--,0,0,--.--,--.--,0,-1.6,93.2,-0.4,8.2,4.8,0.3,--.--,--.--,-29.9,0.7,-0.7,0.0,--.--,--.--,--.--,--.--,1.1,-0.5,11.5,-16.0,102.6,-11.6,288.15,--.--,--.--,0,0,0.0,0.0,0.1,0,0,0,--.--,--.--,--.--
2026-07-09 15:48:28.551,0.7,-7.0,271,0.4,-0.3,-62.5,10.3,-3.6,0.000,-0.1,0.3,38.1,35.1,0.334,0.000,0.000,0.000,1029.2,00:04:22,99.0,9.5,1,--.--,0,266,--.--,0000:32:26,100,0,0,1,1,15.30,-1.00,-83,--.--,50,--.--,--:--:--,1,-15.30,15:48:28,20:48:28,7/9/26,--.--,--.--,--.--,--.--,--.--,--.--,--.--,--.--,--.--,--.--,--.--,--.--,0,--.--,--.--,--.--,--.--,--.--,--.--,--.--,--.--,--.--,--.--,--.--,--.--,--.--,--.--,--.--,--.--,0,0.000,0.000,0.000,0.000,0.000,0.000,0.000,0.000,0.000,0.000,0.000,0.000,true,true,true,true,true,true,false,false,true,true,false,false,0.22,0.03,0.02,--.--,--.--,--.--,0.15,0.17,9223372036854775808,0,--.--,--.--,--.--,--.--,--.--,0,0,0,0,37.4123359,-121.9974254,10SEG 88722 41087,0.7,1.1,35.5,3,10,--.--,--.--,,--.--,--.--,--.--,0,0,--.--,--.--,0,6.7,98.7,-0.4,8.3,5.7,0.2,--.--,--.--,-29.9,0.7,-0.7,0.0,--.--,--.--,--.--,--.--,0.0,-2.7,271.2,-5.1,17.0,-10.8,288.15,--.--,--.--,0,0,0.0,0.0,0.1,0,0,0,--.--,--.--,--.--
2026-07-09 15:48:29.551,0.0,-6.6,240,-0.5,-32.3,-8.6,9.2,-7.8,0.000,1.2,0.4,38.2,37.2,0.992,0.000,0.000,0.000,1039.5,00:04:23,104.6,11.3,1,--.--,0,262,--.--,0000:32:26,100,0,0,1,1,15.30,-1.00,-83,--.--,50,--.--,--:--:--,1,-15.30,15:48:29,20:48:29,7/9/26,--.--,--.--,--.--,--.--,--.--,--.--,--.--,--.--,--.--,--.--,--.--,--.--,0,--.--,--.--,--.--,--.--,--.--,--.--,--.--,--.--,--.--,--.--,--.--,--.--,--.--,--.--,--.--,--.--,0,0.000,0.000,0.000,0.000,0.000,0.000,0.000,0.000,0.000,0.000,0.000,0.000,true,true,true,true,true,true,false,false,true,true,false,false,0.22,0.03,0.02,--.--,--.--,--.--,0.15,0.17,9223372036854775808,0,--.--,--.--,--.--,--.--,--.--,0,0,0,0,37.4124040,-121.9973690,10SEG 88727 41094,0.7,1.1,33.0,3,10,--.--,--.--,,--.--,--.--,--.--,0,0,--.--,--.--,0,14.1,103.6,-1.3,7.5,4.9,-1.5,--.--,--.--,-29.9,0.7,-0.7,0.0,--.--,--.--,--.--,--.--,-0.2,-14.5,240.6,-1.1,-30.6,2.3,288.15,--.--,--.--,0,0,0.0,0.0,0.1,0,0,0,--.--,--.--,--.--
2026-07-09 15:48:30.551,0.7,1.8,242,-0.4,26.1,6.3,6.4,-5.3,0.000,2.3,1.4,39.2,38.2,3.248,0.000,0.000,0.000,1045.8,00:04:24,108.7,16.9,1,--.--,0,259,--.--,0000:32:26,100,0,0,1,1,15.30,-1.00,-83,--.--,50,--.--,--:--:--,1,-15.30,15:48:30,20:48:30,7/9/26,--.--,--.--,--.--,--.--,--.--,--.--,--.--,--.--,--.--,--.--,--.--,--.--,0,--.--,--.--,--.--,--.--,--.--,--.--,--.--,--.--,--.--,--.--,--.--,--.--,--.--,--.--,--.--,--.--,0,0.000,0.000,0.000,0.000,0.000,0.000,0.000,0.000,0.000,0.000,0.000,0.000,true,true,true,true,true,true,false,false,true,true,false,false,0.19,0.02,0.02,0.30,--.--,--.--,0.15,0.17,9223372036854775808,0,--.--,--.--,--.--,--.--,--.--,0,0,0,0,37.4124671,-121.9973263,10SEG 88730 41102,0.7,1.1,20.6,3,10,--.--,--.--,,--.--,--.--,--.--,0,0,--.--,--.--,0,20.5,106.7,-3.7,5.9,2.2,-2.6,--.--,--.--,-29.9,0.7,-0.7,0.0,--.--,--.--,--.--,--.--,1.1,-0.5,242.7,1.6,-10.2,3.0,288.15,--.--,--.--,0,0,0.0,0.0,0.1,0,0,0,--.--,--.--,--.--
2026-07-09 15:48:31.551,0.8,-0.7,250,-0.5,1.8,7.8,6.4,-4.8,0.000,5.1,3.9,41.7,40.7,7.287,0.000,0.000,0.000,1051.9,00:04:25,112.3,17.4,1,--.--,0,256,--.--,0000:32:26,100,0,0,1,1,15.30,-1.00,-83,--.--,50,--.--,--:--:--,1,-15.30,15:48:31,20:48:31,7/9/26,--.--,--.--,--.--,--.--,--.--,--.--,--.--,--.--,--.--,--.--,--.--,--.--,0,--.--,--.--,--.--,--.--,--.--,--.--,--.--,--.--,--.--,--.--,--.--,--.--,--.--,--.--,--.--,--.--,0,0.000,0.000,0.000,0.000,0.000,0.000,0.000,0.000,0.000,0.000,0.000,0.000,true,true,true,true,true,true,false,false,true,true,false,false,0.19,0.02,0.02,0.30,--.--,--.--,0.15,0.17,9223372036854775808,0,--.--,--.--,--.--,--.--,--.--,0,0,0,0,37.4125218,-121.9972985,10SEG 88733 41108,0.7,1.1,21.8,3,10,--.--,--.--,,--.--,--.--,--.--,0,0,--.--,--.--,0,26.6,109.1,-8.2,6.0,2.4,-5.5,--.--,--.--,-29.9,0.7,-0.7,0.0,--.--,--.--,--.--,--.--,1.1,-0.5,250.4,1.3,0.8,2.1,288.15,--.--,--.--,0,0,0.0,0.0,0.1,0,0,0,--.--,--.--,--.--
2026-07-09 15:48:32.552,-0.2,0.0,254,-2.3,0.7,-7.4,6.8,-4.4,0.000,8.0,8.7,46.5,45.5,14.357,0.000,0.000,0.000,1060.3,00:04:26,116.6,17.0,1,--.--,0,254,--.--,0000:32:26,98,0,0,1,1,15.30,-1.00,-84,--.--,50,--.--,--:--:--,1,-15.30,15:48:32,20:48:32,7/9/26,--.--,--.--,--.--,--.--,--.--,--.--,--.--,--.--,--.--,--.--,--.--,--.--,0,--.--,--.--,--.--,--.--,--.--,--.--,--.--,--.--,--.--,--.--,--.--,--.--,--.--,--.--,--.--,--.--,0,0.000,0.000,0.000,0.000,0.000,0.000,0.000,0.000,0.000,0.000,0.000,0.000,true,true,true,true,true,true,false,false,true,true,false,false,0.19,0.01,0.06,0.23,--.--,--.--,0.15,0.17,9223372036854775808,0,--.--,--.--,--.--,--.--,--.--,0,0,0,0,37.4125780,-121.9972688,10SEG 88735 41114,0.7,1.1,25.1,3,10,--.--,--.--,,--.--,--.--,--.--,0,0,--.--,--.--,0,32.9,111.9,-15.7,6.1,3.1,-8.1,--.--,--.--,-29.9,0.7,-0.7,0.0,--.--,--.--,--.--,--.--,0.2,-0.5,254.1,2.4,-2.1,-58.5,288.15,--.--,--.--,0,0,0.0,0.0,0.1,0,0,0,--.--,--.--,--.--
2026-07-09 15:48:33.552,1.2,-0.3,202,3.2,-4.8,-86.0,7.2,-7.2,0.000,7.3,16.4,54.2,53.2,22.404,0.000,0.000,0.000,1066.4,00:04:27,121.9,16.8,1,--.--,0,251,--.--,0000:32:26,81,0,0,1,1,15.30,-1.00,-84,--.--,50,--.--,--:--:--,1,-15.30,15:48:33,20:48:33,7/9/26,--.--,--.--,--.--,--.--,--.--,--.--,--.--,--.--,--.--,--.--,--.--,--.--,0,--.--,--.--,--.--,--.--,--.--,--.--,--.--,--.--,--.--,--.--,--.--,--.--,--.--,--.--,--.--,--.--,0,0.000,0.000,0.000,0.000,0.000,0.000,0.000,0.000,0.000,0.000,0.000,0.000,true,true,true,true,true,true,false,false,true,true,false,false,0.19,0.01,0.06,0.23,--.--,--.--,0.15,0.17,9223372036854775808,0,--.--,--.--,--.--,--.--,--.--,0,0,0,0,37.4126369,-121.9972298,10SEG 88739 41120,0.7,1.1,29.1,3,10,--.--,--.--,,--.--,--.--,--.--,0,0,--.--,--.--,0,39.3,115.4,-23.6,6.2,3.7,-7.2,--.--,--.--,-29.9,0.7,-0.7,0.0,--.--,--.--,--.--,--.--,1.1,-0.2,202.2,-1.1,-1.6,-89.4,288.15,--.--,--.--,0,0,0.0,0.0,0.1,0,0,0,--.--,--.--,--.--
2026-07-09 15:48:34.551,1.8,-0.5,104,6.6,-2.8,-102.4,7.1,-1.4,0.000,6.8,24.2,62.0,61.0,29.633,0.000,0.000,0.000,1074.6,00:04:28,127.5,17.8,1,--.--,0,249,--.--,0000:32:26,82,0,0,1,1,15.30,-1.00,-85,--.--,50,--.--,--:--:--,1,-15.30,15:48:34,20:48:34,7/9/26,--.--,--.--,--.--,--.--,--.--,--.--,--.--,--.--,--.--,--.--,--.--,--.--,0,--.--,--.--,--.--,--.--,--.--,--.--,--.--,--.--,--.--,--.--,--.--,--.--,--.--,--.--,--.--,--.--,0,0.000,0.000,0.000,0.000,0.000,0.000,0.000,0.000,0.000,0.000,0.000,0.000,true,true,true,true,true,true,false,false,true,true,false,false,0.09,0.02,0.06,0.05,--.--,--.--,0.15,0.17,9223372036854775808,0,--.--,--.--,--.--,--.--,--.--,0,0,0,0,37.4126928,-121.9971896,10SEG 88742 41127,0.7,1.1,31.0,3,10,--.--,--.--,,--.--,--.--,--.--,0,0,--.--,--.--,0,45.6,119.0,-30.7,6.0,3.8,-6.8,--.--,--.--,-29.9,0.7,-0.7,0.0,--.--,--.--,--.--,--.--,21.4,-1.8,104.1,96.4,-8.0,-89.4,288.15,--.--,--.--,0,0,0.0,0.0,0.1,0,0,0,--.--,--.--,--.--
2026-07-09 15:48:35.552,33.3,-6.3,4,-15.4,-65.3,-39.2,6.8,5.3,0.000,5.1,31.3,69.1,61.0,36.169,0.000,0.000,0.000,1080.8,00:04:29,133.5,19.6,1,--.--,0,248,--.--,0000:32:26,70,0,0,1,1,15.30,-1.00,-85,--.--,50,--.--,--:--:--,1,-15.30,15:48:35,20:48:35,7/9/26,--.--,--.--,--.--,--.--,--.--,--.--,--.--,--.--,--.--,--.--,--.--,--.--,0,--.--,--.--,--.--,--.--,--.--,--.--,--.--,--.--,--.--,--.--,--.--,--.--,--.--,--.--,--.--,--.--,0,0.000,0.000,0.000,0.000,0.000,0.000,0.000,0.000,0.000,0.000,0.000,0.000,true,true,true,true,true,true,false,false,true,true,false,false,0.09,0.02,0.06,0.05,--.--,--.--,0.15,0.17,9223372036854775808,0,--.--,--.--,--.--,--.--,--.--,0,0,0,0,37.4127372,-121.9971410,10SEG 88747 41132,0.7,1.1,58.5,3,10,--.--,--.--,,--.--,--.--,--.--,0,0,--.--,--.--,0,50.0,123.7,-36.9,3.5,6.4,-4.5,--.--,--.--,-29.9,0.7,-0.7,0.0,--.--,--.--,--.--,--.--,30.6,-17.8,359.5,-17.2,-47.9,3.3,288.15,--.--,--.--,0,0,0.0,0.0,0.1,0,0,0,--.--,--.--,--.--
2026-07-09 15:48:36.552,9.3,-31.4,340,-18.9,48.9,9.8,10.8,1.1,0.000,2.7,37.3,75.1,68.1,39.603,0.000,0.000,0.000,1091.5,00:04:30,143.1,13.1,1,--.--,0,247,--.--,0000:32:26,100,0,0,1,1,15.30,-1.00,-85,--.--,50,--.--,--:--:--,1,-15.30,15:48:36,20:48:36,7/9/26,--.--,--.--,--.--,--.--,--.--,--.--,--.--,--.--,--.--,--.--,--.--,--.--,0,--.--,--.--,--.--,--.--,--.--,--.--,--.--,--.--,--.--,--.--,--.--,--.--,--.--,--.--,--.--,--.--,0,0.000,0.000,0.000,0.000,0.000,0.000,0.000,0.000,0.000,0.000,0.000,0.000,true,true,true,true,true,true,false,false,true,true,false,false,0.16,0.01,0.04,--.--,--.--,--.--,0.15,0.17,9223372036854775808,0,--.--,--.--,--.--,--.--,--.--,0,0,0,0,37.4127817,-121.9970543,10SEG 88754 41137,0.7,1.1,47.1,3,10,--.--,--.--,,--.--,--.--,--.--,0,0,--.--,--.--,0,55.4,131.8,-40.0,7.9,8.2,-2.5,--.--,--.--,-29.9,0.7,-0.7,0.0,--.--,--.--,--.--,--.--,0.0,-0.8,340.4,-36.8,120.6,3.9,288.15,--.--,--.--,0,0,0.0,0.0,0.1,0,0,0,--.--,--.--,--.--
2026-07-09 15:48:37.551,-0.2,0.1,358,-0.8,-5.6,19.2,11.8,7.9,0.000,3.0,40.2,78.0,75.0,42.221,0.000,0.000,0.000,1102.3,00:04:31,154.0,12.9,1,--.--,0,245,--.--,0000:32:26,100,0,0,1,1,15.30,-1.00,-85,--.--,50,--.--,--:--:--,1,-15.30,15:48:37,20:48:37,7/9/26,--.--,--.--,--.--,--.--,--.--,--.--,--.--,--.--,--.--,--.--,--.--,--.--,0,--.--,--.--,--.--,--.--,--.--,--.--,--.--,--.--,--.--,--.--,--.--,--.--,--.--,--.--,--.--,--.--,0,0.000,0.000,0.000,0.000,0.000,0.000,0.000,0.000,0.000,0.000,0.000,0.000,true,true,true,true,true,true,false,false,true,true,false,false,0.16,0.01,0.04,--.--,--.--,--.--,0.15,0.17,9223372036854775808,0,--.--,--.--,--.--,--.--,--.--,0,0,0,0,37.4128585,-121.9969649,10SEG 88762 41145,0.7,1.1,42.7,3,10,--.--,--.--,,--.--,--.--,--.--,0,0,--.--,--.--,0,64.5,139.7,-42.7,8.7,8.0,-3.1,--.--,--.--,-29.9,0.7,-0.7,0.0,--.--,--.--,--.--,--.--,0.0,-0.2,358.5,1.0,-1.1,9.2,288.15,--.--,--.--,0,0,0.0,0.0,0.1,0,0,0,--.--,--.--,--.--
2026-07-09 15:48:38.551,-16.6,-35.1,23,14.7,-0.7,14.4,12.9,8.4,0.000,3.1,43.0,80.8,76.8,45.668,0.000,0.000,0.000,1115.0,00:04:32,165.2,12.6,1,--.--,0,243,--.--,0000:32:26,100,0,0,1,1,15.30,-1.00,-86,--.--,50,--.--,--:--:--,1,-15.30,15:48:38,20:48:38,7/9/26,--.--,--.--,--.--,--.--,--.--,--.--,--.--,--.--,--.--,--.--,--.--,--.--,0,--.--,--.--,--.--,--.--,--.--,--.--,--.--,--.--,--.--,--.--,--.--,--.--,--.--,--.--,--.--,--.--,0,0.000,0.000,0.000,0.000,0.000,0.000,0.000,0.000,0.000,0.000,0.000,0.000,true,true,true,true,true,true,false,false,true,true,false,false,0.09,0.03,0.03,0.63,--.--,--.--,0.15,0.17,9223372036854775808,0,--.--,--.--,--.--,--.--,--.--,0,0,0,0,37.4129397,-121.9968760,10SEG 88770 41154,0.7,1.1,35.6,3,10,--.--,--.--,,--.--,--.--,--.--,0,0,--.--,--.--,0,74.1,147.6,-46.2,11.5,7.4,-3.0,--.--,--.--,-29.9,0.7,-0.7,0.0,--.--,--.--,--.--,--.--,-16.4,-31.3,28.1,14.5,9.6,10.1,288.15,--.--,--.--,0,0,0.0,0.0,0.0,0,0,0,--.--,--.--,--.--
2026-07-09 15:48:39.552,-13.9,-31.4,38,26.7,-4.6,9.6,18.8,13.2,0.000,3.9,46.4,84.2,80.2,49.169,0.000,0.000,0.000,1132.4,00:04:33,179.2,9.4,1,--.--,0,240,--.--,0000:32:26,100,0,0,1,1,15.30,-1.00,-86,--.--,50,--.--,--:--:--,1,-15.30,15:48:39,20:48:39,7/9/26,--.--,--.--,--.--,--.--,--.--,--.--,--.--,--.--,--.--,--.--,--.--,--.--,0,--.--,--.--,--.--,--.--,--.--,--.--,--.--,--.--,--.--,--.--,--.--,--.--,--.--,--.--,--.--,--.--,0,0.000,0.000,0.000,0.000,0.000,0.000,0.000,0.000,0.000,0.000,0.000,0.000,true,true,true,true,true,true,false,false,true,true,false,false,0.09,0.03,0.03,0.63,--.--,--.--,0.15,0.17,9223372036854775808,0,--.--,--.--,--.--,--.--,--.--,0,0,0,0,37.4130639,-121.9967910,10SEG 88777 41168,0.7,1.1,24.7,3,10,--.--,--.--,,--.--,--.--,--.--,0,0,--.--,--.--,0,89.5,155.1,-49.8,18.1,7.8,-4.0,--.--,--.--,-29.9,0.7,-0.7,0.0,--.--,--.--,--.--,--.--,9.7,-33.8,35.6,108.1,-10.5,-3.8,288.15,--.--,--.--,0,0,0.0,0.0,0.0,0,0,0,--.--,--.--,--.--
2026-07-09 15:48:40.551,3.5,-6.2,47,-79.1,54.9,-6.7,22.1,19.2,0.000,2.3,50.2,88.0,84.0,52.665,0.000,0.000,0.000,1154.7,00:04:34,197.9,8.8,1,--.--,0,237,--.--,0000:32:26,100,0,0,1,1,15.30,-1.00,-86,--.--,50,--.--,--:--:--,1,-15.30,15:48:40,20:48:40,7/9/26,--.--,--.--,--.--,--.--,--.--,--.--,--.--,--.--,--.--,--.--,--.--,--.--,0,--.--,--.--,--.--,--.--,--.--,--.--,--.--,--.--,--.--,--.--,--.--,--.--,--.--,--.--,--.--,--.--,0,0.000,0.000,0.000,0.000,0.000,0.000,0.000,0.000,0.000,0.000,0.000,0.000,true,true,true,true,true,true,false,false,true,true,false,false,0.16,0.04,0.04,--.--,--.--,--.--,0.15,0.17,9223372036854775808,0,--.--,--.--,--.--,--.--,--.--,0,0,0,0,37.4132326,-121.9966818,10SEG 88787 41187,0.7,1.1,32.7,3,10,--.--,--.--,,--.--,--.--,--.--,0,0,--.--,--.--,0,108.3,165.4,-53.1,18.7,12.1,-2.2,--.--,--.--,-29.9,0.7,-0.7,0.0,--.--,--.--,--.--,--.--,-34.9,-2.1,48.0,-120.0,11.7,3.0,288.15,--.--,--.--,0,0,0.0,0.0,0.0,0,0,0,--.--,--.--,--.--
2026-07-09 15:48:41.551,-33.7,-10.0,42,1.8,-7.5,-3.2,22.7,21.9,0.000,-2.7,53.2,91.0,87.0,53.045,0.000,0.000,0.000,1176.9,00:04:35,218.3,9.5,1,--.--,0,234,--.--,0000:32:26,100,0,0,1,1,15.30,-1.00,-86,--.--,50,--.--,--:--:--,1,-15.30,15:48:41,20:48:41,7/9/26,--.--,--.--,--.--,--.--,--.--,--.--,--.--,--.--,--.--,--.--,--.--,--.--,0,--.--,--.--,--.--,--.--,--.--,--.--,--.--,--.--,--.--,--.--,--.--,--.--,--.--,--.--,--.--,--.--,0,0.000,0.000,0.000,0.000,0.000,0.000,0.000,0.000,0.000,0.000,0.000,0.000,true,true,true,true,true,true,false,false,true,true,false,false,0.16,0.04,0.04,--.--,--.--,--.--,0.15,0.17,9223372036854775808,0,--.--,--.--,--.--,--.--,--.--,0,0,0,0,37.4133987,-121.9965506,10SEG 88798 41206,0.7,1.1,30.4,3,10,--.--,--.--,,--.--,--.--,--.--,0,0,--.--,--.--,0,127.1,177.2,-52.6,19.8,11.3,3.6,--.--,--.--,-29.9,0.7,-0.7,0.0,--.--,--.--,--.--,--.--,-33.8,-9.7,45.2,2.1,-5.5,4.5,288.15,--.--,--.--,0,0,0.0,0.0,0.0,0,0,0,--.--,--.--,--.--
2026-07-09 15:48:42.551,-31.9,-16.2,49,2.8,-11.5,-1.1,24.0,23.0,0.000,-8.4,52.1,89.9,86.9,47.468,0.000,0.000,0.000,1200.4,00:04:36,239.2,9.8,1,--.--,0,232,--.--,0000:32:26,67,0,0,1,1,15.30,-1.00,-87,--.--,50,--.--,--:--:--,1,-15.30,15:48:42,20:48:42,7/9/26,--.--,--.--,--.--,--.--,--.--,--.--,--.--,--.--,--.--,--.--,--.--,--.--,0,--.--,--.--,--.--,--.--,--.--,--.--,--.--,--.--,--.--,--.--,--.--,--.--,--.--,--.--,--.--,--.--,0,0.000,0.000,0.000,0.000,0.000,0.000,0.000,0.000,0.000,0.000,0.000,0.000,true,true,true,true,true,true,false,false,true,true,false,false,0.13,0.02,0.02,--.--,--.--,--.--,0.15,0.17,9223372036854775808,0,--.--,--.--,--.--,--.--,--.--,0,0,0,0,37.4135812,-121.9964310,10SEG 88808 41226,0.7,1.1,25.5,3,10,--.--,--.--,,--.--,--.--,--.--,0,0,--.--,--.--,0,148.2,187.6,-46.2,22.2,10.0,8.8,--.--,--.--,-29.9,0.7,-0.7,0.0,--.--,--.--,--.--,--.--,-30.5,-18.1,54.2,12.6,-11.9,-1.6,288.15,--.--,--.--,0,0,0.0,0.0,0.0,0,0,0,--.--,--.--,--.--
2026-07-09 15:48:43.551,1.1,33.3,49,-10.5,60.8,1.5,26.2,21.4,0.000,-6.0,45.2,83.0,82.0,39.386,0.000,0.000,0.000,1224.5,00:04:37,262.0,9.9,1,--.--,0,229,--.--,0000:32:26,100,0,0,1,1,15.30,-1.00,-87,--.--,50,--.--,--:--:--,1,-15.30,15:48:43,20:48:43,7/9/26,--.--,--.--,--.--,--.--,--.--,--.--,--.--,--.--,--.--,--.--,--.--,--.--,0,--.--,--.--,--.--,--.--,--.--,--.--,--.--,--.--,--.--,--.--,--.--,--.--,--.--,--.--,--.--,--.--,0,0.000,0.000,0.000,0.000,0.000,0.000,0.000,0.000,0.000,0.000,0.000,0.000,true,true,true,true,true,true,false,false,true,true,false,false,0.13,0.02,0.02,--.--,--.--,--.--,0.15,0.17,9223372036854775808,0,--.--,--.--,--.--,--.--,--.--,0,0,0,0,37.4137957,-121.9963154,10SEG 88818 41250,0.7,1.1,22.8,3,10,--.--,--.--,,--.--,--.--,--.--,0,0,--.--,--.--,0,172.0,197.4,-38.6,23.2,9.2,5.6,--.--,--.--,-29.9,0.7,-0.7,0.0,--.--,--.--,--.--,--.--,-1.3,35.0,48.6,-9.1,4.8,-2.7,288.15,--.--,--.--,0,0,0.0,0.0,0.0,0,0,0,--.--,--.--,--.--
2026-07-09 15:48:44.551,-3.1,35.0,47,1.0,1.1,-2.4,17.8,9.9,0.000,-4.6,38.1,75.9,76.9,34.756,0.000,0.000,0.000,1244.5,00:04:38,278.6,15.6,1,--.--,0,227,--.--,0000:32:26,100,0,0,1,1,15.30,-1.00,-87,--.--,50,--.--,--:--:--,1,-15.30,15:48:44,20:48:44,7/9/26,--.--,--.--,--.--,--.--,--.--,--.--,--.--,--.--,--.--,--.--,--.--,--.--,0,--.--,--.--,--.--,--.--,--.--,--.--,--.--,--.--,--.--,--.--,--.--,--.--,--.--,--.--,--.--,--.--,0,0.000,0.000,0.000,0.000,0.000,0.000,0.000,0.000,0.000,0.000,0.000,0.000,true,true,true,true,true,true,false,false,true,true,false,false,0.27,0.02,0.02,--.--,--.--,--.--,0.15,0.17,9223372036854775808,0,--.--,--.--,--.--,--.--,--.--,0,0,0,0,37.4139768,-121.9962398,10SEG 88825 41270,0.7,1.1,12.1,3,10,--.--,--.--,,--.--,--.--,--.--,0,0,--.--,--.--,0,191.0,202.8,-34.2,16.6,2.5,4.4,--.--,--.--,-29.9,0.7,-0.7,0.0,--.--,--.--,--.--,--.--,-3.8,34.8,45.9,1.1,-0.2,-3.7,288.15,--.--,--.--,0,0,0.0,0.0,0.0,0,0,0,--.--,--.--,--.--
2026-07-09 15:48:45.552,-4.0,34.9,42,8.6,2.5,-9.4,12.2,5.4,0.000,-3.6,33.7,71.5,72.5,31.166,0.000,0.000,0.000,1259.3,00:04:39,288.0,23.5,1,--.--,0,225,--.--,0000:32:26,88,0,0,1,1,15.30,-1.00,-87,--.--,50,--.--,--:--:--,1,-15.30,15:48:45,20:48:45,7/9/26,--.--,--.--,--.--,--.--,--.--,--.--,--.--,--.--,--.--,--.--,--.--,--.--,0,--.--,--.--,--.--,--.--,--.--,--.--,--.--,--.--,--.--,--.--,--.--,--.--,--.--,--.--,--.--,--.--,0,0.000,0.000,0.000,0.000,0.000,0.000,0.000,0.000,0.000,0.000,0.000,0.000,true,true,true,true,true,true,false,false,true,true,false,false,0.27,0.02,0.02,--.--,--.--,--.--,0.15,0.17,9223372036854775808,0,--.--,--.--,--.--,--.--,--.--,0,0,0,0,37.4141109,-121.9962278,10SEG 88826 41285,0.7,1.1,354.0,3,10,--.--,--.--,,--.--,--.--,--.--,0,0,--.--,--.--,0,204.7,202.6,-30.7,11.5,-2.5,3.9,--.--,--.--,-29.9,0.7,-0.7,0.0,--.--,--.--,--.--,--.--,-7.1,34.4,40.0,30.3,2.4,-59.9,288.15,--.--,--.--,0,0,0.0,0.0,0.0,0,0,0,--.--,--.--,--.--
2026-07-09 15:48:46.551,-4.5,34.0,9,24.8,4.3,-43.7,11.2,2.7,0.000,-10.7,30.3,68.1,69.1,24.757,0.000,0.000,0.000,1269.9,00:04:40,294.7,26.2,1,--.--,0,223,--.--,0000:32:26,30,0,0,1,1,15.30,-1.00,-88,--.--,50,--.--,--:--:--,1,-15.30,15:48:46,20:48:46,7/9/26,--.--,--.--,--.--,--.--,--.--,--.--,--.--,--.--,--.--,--.--,--.--,--.--,0,--.--,--.--,--.--,--.--,--.--,--.--,--.--,--.--,--.--,--.--,--.--,--.--,--.--,--.--,--.--,--.--,0,0.000,0.000,0.000,0.000,0.000,0.000,0.000,0.000,0.000,0.000,0.000,0.000,true,true,true,true,true,true,false,false,true,true,false,false,0.16,0.01,0.05,--.--,--.--,--.--,0.15,0.17,9223372036854775808,0,--.--,--.--,--.--,--.--,--.--,0,0,0,0,37.4142196,-121.9962514,10SEG 88824 41297,0.7,1.1,349.0,3,10,--.--,--.--,,--.--,--.--,--.--,0,0,--.--,--.--,0,216.1,200.3,-23.0,10.8,-2.7,12.0,--.--,--.--,-29.9,0.7,-0.7,0.0,--.--,--.--,--.--,--.--,-9.8,33.8,6.0,31.4,6.2,-78.1,288.15,--.--,--.--,0,0,0.0,0.0,0.0,0,0,0,--.--,--.--,--.--
2026-07-09 15:48:47.551,-12.2,28.7,306,21.9,14.4,-42.3,5.6,-0.5,0.000,-12.2,21.8,59.6,60.6,11.780,0.000,0.000,0.000,1278.1,00:04:41,299.6,53.1,1,--.--,0,221,--.--,0000:32:26,100,0,0,1,1,15.30,-1.00,-88,--.--,50,--.--,--:--:--,1,-15.30,15:48:47,20:48:47,7/9/26,--.--,--.--,--.--,--.--,--.--,--.--,--.--,--.--,--.--,--.--,--.--,--.--,0,--.--,--.--,--.--,--.--,--.--,--.--,--.--,--.--,--.--,--.--,--.--,--.--,--.--,--.--,--.--,--.--,0,0.000,0.000,0.000,0.000,0.000,0.000,0.000,0.000,0.000,0.000,0.000,0.000,true,true,true,true,true,true,false,false,true,true,false,false,0.16,0.01,0.05,--.--,--.--,--.--,0.15,0.17,9223372036854775808,0,--.--,--.--,--.--,--.--,--.--,0,0,0,0,37.4143031,-121.9962743,10SEG 88821 41306,0.7,1.1,347.7,3,10,--.--,--.--,,--.--,--.--,--.--,0,0,--.--,--.--,0,224.4,198.5,-10.1,4.2,-0.9,11.6,--.--,--.--,-29.9,0.7,-0.7,0.0,--.--,--.--,--.--,--.--,-11.0,33.4,302.9,15.1,20.8,-4.2,288.15,--.--,--.--,0,0,0.0,0.0,0.0,0,0,0,--.--,--.--,--.--
2026-07-09 15:48:48.551,-11.1,35.8,273,13.6,1.6,-17.0,4.8,-8.4,0.000,-9.4,9.0,46.8,47.8,2.063,0.000,0.000,0.000,1282.1,00:04:42,302.7,62.6,1,--.--,0,222,--.--,0000:32:26,100,0,0,1,1,15.30,-1.00,-88,--.--,50,--.--,--:--:--,1,-15.30,15:48:48,20:48:48,7/9/26,--.--,--.--,--.--,--.--,--.--,--.--,--.--,--.--,--.--,--.--,--.--,--.--,0,--.--,--.--,--.--,--.--,--.--,--.--,--.--,--.--,--.--,--.--,--.--,--.--,--.--,--.--,--.--,--.--,0,0.000,0.000,0.000,0.000,0.000,0.000,0.000,0.000,0.000,0.000,0.000,0.000,true,true,true,true,true,true,false,false,true,true,false,false,0.28,0.02,0.03,--.--,--.--,--.--,0.15,0.17,9223372036854775808,0,--.--,--.--,--.--,--.--,--.--,0,0,0,0,37.4143255,-121.9962568,10SEG 88823 41309,0.7,1.1,86.0,3,10,--.--,--.--,,--.--,--.--,--.--,0,0,--.--,--.--,0,225.7,201.6,-0.8,-0.7,6.0,9.2,--.--,--.--,-29.9,0.7,-0.7,0.0,--.--,--.--,--.--,--.--,-11.3,33.4,270.5,9.7,-7.3,-7.1,288.15,--.--,--.--,0,0,0.0,0.0,0.0,0,0,0,--.--,--.--,--.--
2026-07-09 15:48:49.551,1.7,-2.0,302,0.7,-20.7,45.5,7.3,-2.1,0.000,-5.1,-0.1,37.7,38.7,-4.328,0.000,0.000,0.000,1288.2,00:04:43,307.4,42.0,1,--.--,0,223,--.--,0000:32:26,100,0,0,1,1,15.30,-1.00,-88,--.--,50,--.--,--:--:--,1,-15.30,15:48:49,20:48:49,7/9/26,--.--,--.--,--.--,--.--,--.--,--.--,--.--,--.--,--.--,--.--,--.--,--.--,0,--.--,--.--,--.--,--.--,--.--,--.--,--.--,--.--,--.--,--.--,--.--,--.--,--.--,--.--,--.--,--.--,0,0.000,0.000,0.000,0.000,0.000,0.000,0.000,0.000,0.000,0.000,0.000,0.000,true,true,true,true,true,true,false,false,true,true,false,false,0.28,0.02,0.03,--.--,--.--,--.--,0.15,0.17,9223372036854775808,0,--.--,--.--,--.--,--.--,--.--,0,0,0,0,37.4143223,-121.9962140,10SEG 88827 41308,0.7,1.1,108.4,3,10,--.--,--.--,,--.--,--.--,--.--,0,0,--.--,--.--,0,225.9,208.3,5.0,0.5,6.4,4.6,--.--,--.--,-29.9,0.7,-0.7,0.0,--.--,--.--,--.--,--.--,0.8,0.0,302.4,-4.4,8.6,-0.4,288.15,--.--,--.--,0,0,0.0,0.0,0.0,0,0,0,--.--,--.--,--.--
2026-07-09 15:48:50.551,-0.4,-6.5,313,3.6,26.2,-13.4,5.2,-0.8,0.000,-4.1,-5.4,32.4,33.4,-7.528,0.000,0.000,0.000,1292.3,00:04:44,309.7,59.0,1,--.--,0,223,--.--,0000:32:26,100,0,0,1,1,15.30,-1.00,-89,--.--,50,--.--,--:--:--,1,-15.30,15:48:50,20:48:50,7/9/26,--.--,--.--,--.--,--.--,--.--,--.--,--.--,--.--,--.--,--.--,--.--,--.--,0,--.--,--.--,--.--,--.--,--.--,--.--,--.--,--.--,--.--,--.--,--.--,--.--,--.--,--.--,--.--,--.--,0,0.000,0.000,0.000,0.000,0.000,0.000,0.000,0.000,0.000,0.000,0.000,0.000,true,true,true,true,true,true,false,false,true,true,true,false,2.00,0.37,0.25,--.--,--.--,--.--,0.17,0.18,9223372036854775808,0,--.--,--.--,--.--,--.--,--.--,0,0,0,0,37.4143182,-121.9961999,10SEG 88828 41308,0.7,1.1,95.9,3,10,--.--,--.--,,--.--,--.--,--.--,0,0,--.--,--.--,0,226.3,211.5,7.8,1.1,4.7,3.7,--.--,--.--,-29.9,0.7,-0.7,0.0,--.--,--.--,--.--,--.--,-0.5,-0.5,313.7,-1.0,23.2,-0.6,288.15,--.--,--.--,0,0,0.0,0.0,0.0,0,0,0,--.--,--.--,--.--
2026-07-09 15:48:51.552,0.1,-0.5,296,5.8,1.3,-12.9,2.9,-1.6,0.000,-0.5,-7.9,29.9,30.9,-7.109,0.000,0.000,0.000,1292.3,00:04:45,309.1,106.8,1,--.--,0,223,--.--,0000:32:26,100,0,0,1,1,15.30,-1.00,-89,--.--,50,--.--,--:--:--,1,-15.30,15:48:51,20:48:51,7/9/26,--.--,--.--,--.--,--.--,--.--,--.--,--.--,--.--,--.--,--.--,--.--,--.--,0,--.--,--.--,--.--,--.--,--.--,--.--,--.--,--.--,--.--,--.--,--.--,--.--,--.--,--.--,--.--,--.--,0,0.000,0.000,0.000,0.000,0.000,0.000,0.000,0.000,0.000,0.000,0.000,0.000,true,true,true,true,true,true,false,false,true,true,true,false,2.00,0.37,0.25,--.--,--.--,--.--,0.17,0.18,9223372036854775808,0,--.--,--.--,--.--,--.--,--.--,0,0,0,0,37.4143200,-121.9961891,10SEG 88829 41308,0.7,1.1,78.5,3,10,--.--,--.--,,--.--,--.--,--.--,0,0,--.--,--.--,0,226.5,210.4,6.6,0.9,2.4,0.1,--.--,--.--,-29.9,0.7,-0.7,0.0,--.--,--.--,--.--,--.--,0.5,-0.8,296.0,2.0,-1.0,5.6,288.15,--.--,--.--,0,0,0.0,0.0,0.0,0,0,0,--.--,--.--,--.--
2026-07-09 15:48:52.551,0.6,-0.5,287,0.2,-0.3,-3.2,1.2,-1.4,0.000,2.0,-6.3,31.4,32.4,-2.853,0.000,0.000,0.000,1292.3,00:04:46,308.0,262.8,1,--.--,0,223,--.--,0000:32:26,100,0,0,1,1,15.30,-1.00,-90,--.--,50,--.--,--:--:--,1,-15.30,15:48:52,20:48:52,7/9/26,--.--,--.--,--.--,--.--,--.--,--.--,--.--,--.--,--.--,--.--,--.--,--.--,0,--.--,--.--,--.--,--.--,--.--,--.--,--.--,--.--,--.--,--.--,--.--,--.--,--.--,--.--,--.--,--.--,0,0.000,0.000,0.000,0.000,0.000,0.000,0.000,0.000,0.000,0.000,0.000,0.000,true,true,true,true,true,true,false,false,true,true,true,false,1.38,0.77,0.79,0.29,--.--,--.--,0.23,0.20,9223372036854775808,0,--.--,--.--,--.--,--.--,--.--,0,0,0,0,37.4143253,-121.9961700,10SEG 88831 41309,0.7,1.1,65.5,3,10,--.--,--.--,,--.--,--.--,--.--,0,0,--.--,--.--,0,226.5,208.7,1.9,0.9,0.6,-2.4,--.--,--.--,-29.9,0.7,-0.7,0.0,--.--,--.--,--.--,--.--,0.5,-0.5,287.8,-0.2,-0.0,5.5,288.15,--.--,--.--,0,0,0.0,0.0,0.0,0,0,0,--.--,--.--,--.--
2026-07-09 15:48:53.551,0.6,-0.4,287,-1.2,-0.3,0.0,1.9,-1.8,0.000,5.6,-1.3,36.4,37.4,5.389,0.000,0.000,0.000,1292.3,00:04:47,310.5,164.3,1,--.--,0,223,--.--,0000:32:26,100,0,0,1,1,15.30,-1.00,-90,--.--,50,--.--,--:--:--,1,-15.30,15:48:53,20:48:53,7/9/26,--.--,--.--,--.--,--.--,--.--,--.--,--.--,--.--,--.--,--.--,--.--,--.--,0,--.--,--.--,--.--,--.--,--.--,--.--,--.--,--.--,--.--,--.--,--.--,--.--,--.--,--.--,--.--,--.--,0,0.000,0.000,0.000,0.000,0.000,0.000,0.000,0.000,0.000,0.000,0.000,0.000,true,true,true,true,true,true,false,false,true,true,true,false,1.38,0.77,0.79,0.29,--.--,--.--,0.23,0.20,9223372036854775808,0,--.--,--.--,--.--,--.--,--.--,0,0,0,0,37.4143379,-121.9961415,10SEG 88833 41310,0.7,1.1,59.3,3,10,--.--,--.--,,--.--,--.--,--.--,0,0,--.--,--.--,0,227.7,211.1,-7.0,1.4,1.6,-6.3,--.--,--.--,-29.9,0.7,-0.7,0.0,--.--,--.--,--.--,--.--,0.5,-0.5,287.7,-0.4,-0.5,3.3,288.15,--.--,--.--,0,0,0.0,0.0,0.0,0,0,0,--.--,--.--,--.--
2026-07-09 15:48:54.551,0.7,0.6,288,-0.9,-0.6,1.1,3.7,-3.5,0.000,9.3,7.9,45.7,45.7,16.430,0.000,0.000,0.000,1298.4,00:04:48,314.7,85.0,1,--.--,0,223,--.--,0000:32:26,100,0,0,1,1,15.30,-1.00,-90,--.--,50,--.--,--:--:--,1,-15.30,15:48:54,20:48:54,7/9/26,--.--,--.--,--.--,--.--,--.--,--.--,--.--,--.--,--.--,--.--,--.--,--.--,0,--.--,--.--,--.--,--.--,--.--,--.--,--.--,--.--,--.--,--.--,--.--,--.--,--.--,--.--,--.--,--.--,0,0.000,0.000,0.000,0.000,0.000,0.000,0.000,0.000,0.000,0.000,0.000,0.000,true,true,true,true,true,true,false,false,true,true,false,false,0.77,0.21,0.73,0.25,--.--,--.--,0.18,0.20,9223372036854775808,0,--.--,--.--,--.--,--.--,--.--,0,0,0,0,37.4143554,-121.9961008,10SEG 88837 41312,0.7,1.1,64.2,3,10,--.--,--.--,,--.--,--.--,--.--,0,0,--.--,--.--,0,229.6,215.1,-18.3,1.7,3.6,-9.7,--.--,--.--,-29.9,0.7,-0.7,0.0,--.--,--.--,--.--,--.--,0.5,-0.5,288.5,-0.7,-4.3,3.3,288.15,--.--,--.--,0,0,0.0,0.0,0.0,0,0,0,--.--,--.--,--.--
2026-07-09 15:48:55.552,0.6,0.6,289,-0.6,-1.0,2.0,5.6,-4.4,0.000,11.2,19.4,57.2,58.2,28.774,0.000,0.000,0.000,1302.6,00:04:49,320.0,57.2,1,--.--,0,224,--.--,0000:32:26,100,0,0,1,1,15.30,-1.00,-90,--.--,50,--.--,--:--:--,1,-15.30,15:48:55,20:48:55,7/9/26,--.--,--.--,--.--,--.--,--.--,--.--,--.--,--.--,--.--,--.--,--.--,--.--,0,--.--,--.--,--.--,--.--,--.--,--.--,--.--,--.--,--.--,--.--,--.--,--.--,--.--,--.--,--.--,--.--,0,0.000,0.000,0.000,0.000,0.000,0.000,0.000,0.000,0.000,0.000,0.000,0.000,true,true,true,true,true,true,false,false,true,true,false,false,0.77,0.21,0.73,0.25,--.--,--.--,0.18,0.20,9223372036854775808,0,--.--,--.--,--.--,--.--,--.--,0,0,0,0,37.4143751,-121.9960434,10SEG 88842 41314,0.7,1.1,68.9,3,10,--.--,--.--,,--.--,--.--,--.--,0,0,--.--,--.--,0,231.8,220.6,-30.7,1.9,5.5,-11.4,--.--,--.--,-29.9,0.7,-0.7,0.0,--.--,--.--,--.--,--.--,0.2,-0.5,289.9,-2.0,-4.4,3.3,288.15,--.--,--.--,0,0,0.0,0.0,0.0,0,0,0,--.--,--.--,--.--
2026-07-09 15:48:56.551,0.5,0.0,290,-2.3,-0.7,-0.3,6.9,-5.3,0.000,11.6,31.9,69.7,70.7,41.370,0.000,0.000,0.000,1310.8,00:04:50,326.3,47.1,1,--.--,0,224,--.--,0000:32:26,100,0,0,1,1,15.30,-1.00,-91,--.--,50,--.--,--:--:--,1,-15.30,15:48:56,20:48:56,7/9/26,--.--,--.--,--.--,--.--,--.--,--.--,--.--,--.--,--.--,--.--,--.--,--.--,0,--.--,--.--,--.--,--.--,--.--,--.--,--.--,--.--,--.--,--.--,--.--,--.--,--.--,--.--,--.--,--.--,0,0.000,0.000,0.000,0.000,0.000,0.000,0.000,0.000,0.000,0.000,0.000,0.000,true,true,true,true,true,true,false,false,true,true,false,false,0.34,0.05,0.46,0.16,--.--,--.--,0.16,0.18,9223372036854775808,0,--.--,--.--,--.--,--.--,--.--,0,0,0,0,37.4143962,-121.9959695,10SEG 88848 41317,0.7,1.1,70.8,3,10,--.--,--.--,,--.--,--.--,--.--,0,0,--.--,--.--,0,234.1,227.3,-43.3,2.0,6.8,-11.6,--.--,--.--,-29.9,0.7,-0.7,0.0,--.--,--.--,--.--,--.--,-0.8,-0.5,291.0,-6.2,-2.2,-12.7,288.15,--.--,--.--,0,0,0.0,0.0,0.0,0,0,0,--.--,--.--,--.--
2026-07-09 15:48:57.551,-15.1,-3.7,279,-56.9,-2.3,-19.5,7.2,-6.9,0.000,9.8,44.4,82.2,83.2,53.022,0.000,0.000,0.000,1317.1,00:04:51,332.8,45.8,1,--.--,0,225,--.--,0000:32:26,99,0,0,1,1,15.30,-1.00,-91,--.--,50,--.--,--:--:--,1,-15.30,15:48:57,20:48:57,7/9/26,--.--,--.--,--.--,--.--,--.--,--.--,--.--,--.--,--.--,--.--,--.--,--.--,0,--.--,--.--,--.--,--.--,--.--,--.--,--.--,--.--,--.--,--.--,--.--,--.--,--.--,--.--,--.--,--.--,0,0.000,0.000,0.000,0.000,0.000,0.000,0.000,0.000,0.000,0.000,0.000,0.000,true,true,true,true,true,true,false,false,true,true,false,false,0.34,0.05,0.46,0.16,--.--,--.--,0.16,0.18,9223372036854775808,0,--.--,--.--,--.--,--.--,--.--,0,0,0,0,37.4144171,-121.9958916,10SEG 88855 41319,0.7,1.1,74.1,3,10,--.--,--.--,,--.--,--.--,--.--,0,0,--.--,--.--,0,236.3,234.4,-54.5,1.5,7.0,-9.4,--.--,--.--,-29.9,0.7,-0.7,0.0,--.--,--.--,--.--,--.--,-28.2,-6.8,281.4,-64.0,-8.5,-19.6,288.15,--.--,--.--,0,0,0.0,0.0,0.0,0,0,0,--.--,--.--,--.--
2026-07-09 15:48:58.551,-9.7,-3.8,259,12.9,2.5,-17.0,6.4,-6.6,0.000,8.2,55.4,93.2,94.2,62.317,0.000,0.000,0.000,1323.3,00:04:52,336.9,52.2,1,--.--,0,226,--.--,0000:32:26,100,0,0,1,1,15.30,-1.00,-91,--.--,50,--.--,--:--:--,1,-15.30,15:48:58,20:48:58,7/9/26,--.--,--.--,--.--,--.--,--.--,--.--,--.--,--.--,--.--,--.--,--.--,--.--,0,--.--,--.--,--.--,--.--,--.--,--.--,--.--,--.--,--.--,--.--,--.--,--.--,--.--,--.--,--.--,--.--,0,0.000,0.000,0.000,0.000,0.000,0.000,0.000,0.000,0.000,0.000,0.000,0.000,true,true,true,true,true,true,false,false,true,true,false,false,0.11,0.02,0.25,0.43,--.--,--.--,0.15,0.18,9223372036854775808,0,--.--,--.--,--.--,--.--,--.--,0,0,0,0,37.4144201,-121.9958205,10SEG 88861 41320,0.7,1.1,103.1,3,10,--.--,--.--,,--.--,--.--,--.--,0,0,--.--,--.--,0,235.8,240.6,-63.6,-2.1,6.2,-8.1,--.--,--.--,-29.9,0.7,-0.7,0.0,--.--,--.--,--.--,--.--,-0.8,-1.4,259.6,42.8,11.7,-12.3,288.15,--.--,--.--,0,0,0.0,0.0,0.1,0,0,0,--.--,--.--,--.--
2026-07-09 15:48:59.551,-4.7,-4.4,244,0.1,-0.4,-13.7,6.5,-5.3,0.000,9.8,64.4,102.1,103.1,71.400,0.000,0.000,0.000,1329.5,00:04:53,339.9,52.2,1,--.--,0,226,--.--,0000:32:26,100,0,0,1,1,15.30,-1.00,-91,--.--,50,--.--,--:--:--,1,-15.30,15:48:59,20:48:59,7/9/26,--.--,--.--,--.--,--.--,--.--,--.--,--.--,--.--,--.--,--.--,--.--,--.--,0,--.--,--.--,--.--,--.--,--.--,--.--,--.--,--.--,--.--,--.--,--.--,--.--,--.--,--.--,--.--,--.--,0,0.000,0.000,0.000,0.000,0.000,0.000,0.000,0.000,0.000,0.000,0.000,0.000,true,true,true,true,true,true,false,false,true,true,false,false,0.11,0.02,0.25,0.43,--.--,--.--,0.15,0.18,9223372036854775808,0,--.--,--.--,--.--,--.--,--.--,0,0,0,0,37.4144058,-121.9957551,10SEG 88867 41318,0.7,1.1,104.7,3,10,--.--,--.--,,--.--,--.--,--.--,0,0,--.--,--.--,0,234.1,246.4,-73.0,-2.0,6.2,-10.0,--.--,--.--,-29.9,0.7,-0.7,0.0,--.--,--.--,--.--,--.--,-1.7,-2.4,244.9,14.6,8.6,-8.5,288.15,--.--,--.--,0,0,0.0,0.0,0.1,0,0,0,--.--,--.--,--.--
2026-07-09 15:49:00.551,0.0,-1.3,236,-1.0,-0.4,-1.9,6.8,-5.0,0.000,11.1,73.9,111.7,112.7,82.131,0.000,0.000,0.000,1335.8,00:04:54,343.5,50.5,1,--.--,0,227,--.--,0000:32:26,100,0,0,1,1,15.30,-1.00,-92,--.--,50,--.--,--:--:--,1,-15.30,15:49:00,20:49:00,7/9/26,--.--,--.--,--.--,--.--,--.--,--.--,--.--,--.--,--.--,--.--,--.--,--.--,0,--.--,--.--,--.--,--.--,--.--,--.--,--.--,--.--,--.--,--.--,--.--,--.--,--.--,--.--,--.--,--.--,0,0.000,0.000,0.000,0.000,0.000,0.000,0.000,0.000,0.000,0.000,0.000,0.000,true,true,true,true,true,true,false,false,true,true,false,false,0.20,0.03,0.14,0.43,--.--,--.--,0.15,0.17,9223372036854775808,0,--.--,--.--,--.--,--.--,--.--,0,0,0,0,37.4143922,-121.9956841,10SEG 88874 41317,0.7,1.1,101.1,3,10,--.--,--.--,,--.--,--.--,--.--,0,0,--.--,--.--,0,232.8,252.6,-83.9,-1.4,6.7,-11.3,--.--,--.--,-29.9,0.7,-0.7,0.0,--.--,--.--,--.--,--.--,-0.2,-1.6,236.9,-1.2,-1.2,0.0,288.15,--.--,--.--,0,0,0.0,0.0,0.1,0,0,0,--.--,--.--,--.--
2026-07-09 15:49:01.552,1.2,-1.5,237,0.1,-1.5,0.8,7.0,-5.5,0.000,11.7,84.9,122.7,123.7,93.675,0.000,0.000,0.000,1344.3,00:04:55,347.9,49.8,1,--.--,0,228,--.--,0000:32:26,100,0,0,1,1,15.30,-1.00,-92,--.--,50,--.--,--:--:--,1,-15.30,15:49:01,20:49:01,7/9/26,--.--,--.--,--.--,--.--,--.--,--.--,--.--,--.--,--.--,--.--,--.--,--.--,0,--.--,--.--,--.--,--.--,--.--,--.--,--.--,--.--,--.--,--.--,--.--,--.--,--.--,--.--,--.--,--.--,0,0.000,0.000,0.000,0.000,0.000,0.000,0.000,0.000,0.000,0.000,0.000,0.000,true,true,true,true,true,true,false,false,true,true,false,false,0.20,0.03,0.14,0.43,--.--,--.--,0.15,0.17,9223372036854775808,0,--.--,--.--,--.--,--.--,--.--,0,0,0,0,37.4143830,-121.9956103,10SEG 88880 41316,0.7,1.1,96.4,3,10,--.--,--.--,,--.--,--.--,--.--,0,0,--.--,--.--,0,232.0,259.3,-95.5,-0.6,7.0,-11.8,--.--,--.--,-29.9,0.7,-0.7,0.0,--.--,--.--,--.--,--.--,1.4,-2.4,236.6,0.5,-3.8,-0.7,288.15,--.--,--.--,0,0,0.0,0.0,0.1,0,0,0,--.--,--.--,--.--
2026-07-09 15:49:02.552,1.3,-2.1,237,0.0,0.6,-0.2,7.2,-6.3,0.000,12.1,96.6,134.4,135.4,105.623,0.000,0.000,0.000,1350.5,00:04:56,353.0,48.7,1,--.--,0,229,--.--,0000:32:26,100,0,0,1,1,15.30,-1.00,-92,--.--,50,--.--,--:--:--,1,-15.30,15:49:02,20:49:02,7/9/26,--.--,--.--,--.--,--.--,--.--,--.--,--.--,--.--,--.--,--.--,--.--,--.--,0,--.--,--.--,--.--,--.--,--.--,--.--,--.--,--.--,--.--,--.--,--.--,--.--,--.--,--.--,--.--,--.--,0,0.000,0.000,0.000,0.000,0.000,0.000,0.000,0.000,0.000,0.000,0.000,0.000,true,true,true,true,true,true,false,false,true,true,false,false,0.08,0.03,0.07,0.16,--.--,--.--,0.15,0.17,9223372036854775808,0,--.--,--.--,--.--,--.--,--.--,0,0,0,0,37.4143792,-121.9955334,10SEG 88887 41315,0.7,1.1,91.2,3,10,--.--,--.--,,--.--,--.--,--.--,0,0,--.--,--.--,0,231.8,266.2,-107.5,0.1,7.3,-12.1,--.--,--.--,-29.9,0.7,-0.7,0.0,--.--,--.--,--.--,--.--,1.1,-2.2,236.6,-0.9,-0.3,-1.0,288.15,--.--,--.--,0,0,0.0,0.0,0.1,0,0,0,--.--,--.--,--.--
2026-07-09 15:49:03.552,1.1,-0.3,236,-0.6,6.4,-0.2,7.5,-6.4,0.000,12.0,108.6,146.4,147.4,117.640,0.000,0.000,0.000,1356.8,00:04:57,358.7,47.8,1,--.--,0,230,--.--,0000:32:26,70,0,0,1,1,15.30,-1.00,-92,--.--,50,--.--,--:--:--,1,-15.30,15:49:03,20:49:03,7/9/26,--.--,--.--,--.--,--.--,--.--,--.--,--.--,--.--,--.--,--.--,--.--,--.--,0,--.--,--.--,--.--,--.--,--.--,--.--,--.--,--.--,--.--,--.--,--.--,--.--,--.--,--.--,--.--,--.--,0,0.000,0.000,0.000,0.000,0.000,0.000,0.000,0.000,0.000,0.000,0.000,0.000,true,true,true,true,true,true,false,false,true,true,false,false,0.08,0.03,0.07,0.16,--.--,--.--,0.15,0.17,9223372036854775808,0,--.--,--.--,--.--,--.--,--.--,0,0,0,0,37.4143801,-121.9954505,10SEG 88894 41316,0.7,1.1,87.3,3,10,--.--,--.--,,--.--,--.--,--.--,0,0,--.--,--.--,0,232.1,273.4,-119.4,0.6,7.5,-11.1,--.--,--.--,-29.9,0.7,-0.7,0.0,--.--,--.--,--.--,--.--,1.1,-0.5,236.9,-0.2,-1.0,-0.0,288.15,--.--,--.--,0,0,0.0,0.0,0.1,0,0,0,--.--,--.--,--.--
2026-07-09 15:49:04.552,1.1,-2.3,237,-0.0,-0.2,0.3,7.8,-6.9,0.000,6.9,120.4,158.2,159.2,126.635,0.000,0.000,0.000,1365.2,00:04:58,364.9,46.5,1,--.--,0,230,--.--,0000:32:26,70,0,0,1,1,15.30,-1.00,-93,--.--,50,--.--,--:--:--,1,-15.30,15:49:04,20:49:04,7/9/26,--.--,--.--,--.--,--.--,--.--,--.--,--.--,--.--,--.--,--.--,--.--,--.--,0,--.--,--.--,--.--,--.--,--.--,--.--,--.--,--.--,--.--,--.--,--.--,--.--,--.--,--.--,--.--,--.--,0,0.000,0.000,0.000,0.000,0.000,0.000,0.000,0.000,0.000,0.000,0.000,0.000,true,true,true,true,true,true,false,false,true,true,false,false,0.13,0.02,0.02,0.12,--.--,--.--,0.15,0.17,9223372036854775808,0,--.--,--.--,--.--,--.--,--.--,0,0,0,0,37.4143858,-121.9953660,10SEG 88902 41316,0.7,1.1,84.4,3,10,--.--,--.--,,--.--,--.--,--.--,0,0,--.--,--.--,0,232.8,281.0,-127.6,0.9,7.8,-6.3,--.--,--.--,-29.9,0.7,-0.7,0.0,--.--,--.--,--.--,--.--,1.1,-0.5,236.9,0.1,6.9,-0.2,288.15,--.--,--.--,0,0,0.0,0.0,0.1,0,0,0,--.--,--.--,--.--
2026-07-09 15:49:05.551,1.0,-1.7,237,-0.2,0.8,-0.0,7.7,-6.7,0.000,3.4,128.1,165.9,166.9,131.414,0.000,0.000,0.000,1373.7,00:04:59,371.3,48.2,1,--.--,0,231,--.--,0000:32:26,70,0,0,1,1,15.30,-1.00,-93,--.--,50,--.--,--:--:--,1,-15.30,15:49:05,20:49:05,7/9/26,--.--,--.--,--.--,--.--,--.--,--.--,--.--,--.--,--.--,--.--,--.--,--.--,0,--.--,--.--,--.--,--.--,--.--,--.--,--.--,--.--,--.--,--.--,--.--,--.--,--.--,--.--,--.--,--.--,0,0.000,0.000,0.000,0.000,0.000,0.000,0.000,0.000,0.000,0.000,0.000,0.000,true,true,true,true,true,true,false,false,true,true,false,false,0.13,0.02,0.02,0.12,--.--,--.--,0.15,0.17,9223372036854775808,0,--.--,--.--,--.--,--.--,--.--,0,0,0,0,37.4143934,-121.9952818,10SEG 88909 41317,0.7,1.1,83.6,3,10,--.--,--.--,,--.--,--.--,--.--,0,0,--.--,--.--,0,233.6,288.5,-131.9,1.0,7.6,-2.9,--.--,--.--,-29.9,0.7,-0.7,0.0,--.--,--.--,--.--,--.--,1.1,-0.5,236.9,0.3,4.7,-0.6,288.15,--.--,--.--,0,0,0.0,0.0,0.1,0,0,0,--.--,--.--,--.--
2026-07-09 15:49:06.551,1.1,-1.3,237,-0.1,-1.5,-0.3,7.4,-6.6,0.000,0.2,132.1,169.9,170.9,132.978,0.000,0.000,0.000,1379.8,00:05:00,377.5,51.1,1,--.--,0,232,--.--,0000:32:26,70,0,0,1,1,15.30,-1.00,-93,--.--,50,--.--,--:--:--,1,-15.30,15:49:06,20:49:06,7/9/26,--.--,--.--,--.--,--.--,--.--,--.--,--.--,--.--,--.--,--.--,--.--,--.--,0,--.--,--.--,--.--,--.--,--.--,--.--,--.--,--.--,--.--,--.--,--.--,--.--,--.--,--.--,--.--,--.--,0,0.000,0.000,0.000,0.000,0.000,0.000,0.000,0.000,0.000,0.000,0.000,0.000,true,true,true,true,true,true,false,false,true,true,false,false,0.11,0.02,0.02,0.14,--.--,--.--,0.15,0.17,9223372036854775808,0,--.--,--.--,--.--,--.--,--.--,0,0,0,0,37.4144012,-121.9951973,10SEG 88917 41318,0.7,1.1,82.8,3,10,--.--,--.--,,--.--,--.--,--.--,0,0,--.--,--.--,0,234.5,295.7,-133.0,1.0,7.2,0.2,--.--,--.--,-29.9,0.7,-0.7,0.0,--.--,--.--,--.--,--.--,1.1,-0.5,236.9,0.0,3.2,-0.4,288.15,--.--,--.--,0,0,0.0,0.0,0.1,0,0,0,--.--,--.--,--.--
2026-07-09 15:49:07.551,-2.4,-19.9,237,-22.5,-99.1,-0.7,7.0,-5.9,0.000,-2.4,132.9,170.7,171.7,131.721,0.000,0.000,0.000,1386.0,00:05:01,383.4,54.3,1,--.--,0,232,--.--,0000:32:26,70,0,0,1,1,15.30,-1.00,-93,--.--,50,--.--,--:--:--,1,-15.30,15:49:07,20:49:07,7/9/26,--.--,--.--,--.--,--.--,--.--,--.--,--.--,--.--,--.--,--.--,--.--,--.--,0,--.--,--.--,--.--,--.--,--.--,--.--,--.--,--.--,--.--,--.--,--.--,--.--,--.--,--.--,--.--,--.--,0,0.000,0.000,0.000,0.000,0.000,0.000,0.000,0.000,0.000,0.000,0.000,0.000,true,true,true,true,true,true,false,false,true,true,false,false,0.11,0.02,0.02,0.14,--.--,--.--,0.15,0.17,9223372036854775808,0,--.--,--.--,--.--,--.--,--.--,0,0,0,0,37.4144089,-121.9951197,10SEG 88923 41319,0.7,1.1,82.3,3,10,--.--,--.--,,--.--,--.--,--.--,0,0,--.--,--.--,0,235.4,302.6,-131.3,0.8,6.7,2.8,--.--,--.--,-29.9,0.7,-0.7,0.0,--.--,--.--,--.--,--.--,-6.1,-34.5,238.9,-13.5,-55.4,0.8,288.15,--.--,--.--,0,0,0.0,0.0,0.1,0,0,0,--.--,--.--,--.--
2026-07-09 15:49:08.552,1.4,5.3,237,-2.8,18.9,-0.3,4.1,-2.1,0.000,-4.6,131.0,168.8,169.8,127.895,0.000,0.000,0.000,1392.2,00:05:02,386.5,94.2,1,--.--,0,233,--.--,0000:32:26,70,0,0,1,1,15.30,-1.00,-94,--.--,50,--.--,--:--:--,1,-15.30,15:49:08,20:49:08,7/9/26,--.--,--.--,--.--,--.--,--.--,--.--,--.--,--.--,--.--,--.--,--.--,--.--,0,--.--,--.--,--.--,--.--,--.--,--.--,--.--,--.--,--.--,--.--,--.--,--.--,--.--,--.--,--.--,--.--,0,0.000,0.000,0.000,0.000,0.000,0.000,0.000,0.000,0.000,0.000,0.000,0.000,true,true,true,true,true,true,false,false,true,true,false,false,0.11,0.02,0.03,0.26,--.--,--.--,0.15,0.17,9223372036854775808,0,--.--,--.--,--.--,--.--,--.--,0,0,0,0,37.4144066,-121.9950621,10SEG 88929 41319,0.7,1.1,108.0,3,10,--.--,--.--,,--.--,--.--,--.--,0,0,--.--,--.--,0,234.6,307.1,-127.2,-1.3,3.9,5.0,--.--,--.--,-29.9,0.7,-0.7,0.0,--.--,--.--,--.--,--.--,0.5,-0.2,237.0,-4.0,-22.7,-0.8,288.15,--.--,--.--,0,0,0.0,0.0,0.0,0,0,0,--.--,--.--,--.--
2026-07-09 15:49:09.552,0.6,-1.1,237,-0.1,1.6,-0.5,4.7,-3.4,0.000,-6.8,126.6,164.4,165.4,122.085,0.000,0.000,0.000,1396.3,00:05:03,389.5,83.0,1,--.--,0,233,--.--,0000:32:26,70,0,0,1,1,15.30,-1.00,-94,--.--,50,--.--,--:--:--,1,-15.30,15:49:09,20:49:09,7/9/26,--.--,--.--,--.--,--.--,--.--,--.--,--.--,--.--,--.--,--.--,--.--,--.--,0,--.--,--.--,--.--,--.--,--.--,--.--,--.--,--.--,--.--,--.--,--.--,--.--,--.--,--.--,--.--,--.--,0,0.000,0.000,0.000,0.000,0.000,0.000,0.000,0.000,0.000,0.000,0.000,0.000,true,true,true,true,true,true,false,false,true,true,false,false,0.11,0.02,0.03,0.26,--.--,--.--,0.15,0.17,9223372036854775808,0,--.--,--.--,--.--,--.--,--.--,0,0,0,0,37.4143990,-121.9950135,10SEG 88933 41318,0.7,1.1,96.8,3,10,--.--,--.--,,--.--,--.--,--.--,0,0,--.--,--.--,0,233.9,311.4,-121.1,-0.5,4.8,7.0,--.--,--.--,-29.9,0.7,-0.7,0.0,--.--,--.--,--.--,--.--,0.5,-0.8,236.9,-0.2,1.1,-0.7,288.15,--.--,--.--,0,0,0.0,0.0,0.0,0,0,0,--.--,--.--,--.--
2026-07-09 15:49:10.551,0.6,-1.1,237,1.1,0.4,2.3,5.5,-4.2,0.000,-7.4,120.3,158.1,159.1,114.574,0.000,0.000,0.000,1400.4,00:05:04,393.5,71.9,1,--.--,0,234,--.--,0000:32:26,99,0,0,1,1,15.30,-1.00,-95,--.--,50,--.--,--:--:--,1,-15.30,15:49:10,20:49:10,7/9/26,--.--,--.--,--.--,--.--,--.--,--.--,--.--,--.--,--.--,--.--,--.--,--.--,0,--.--,--.--,--.--,--.--,--.--,--.--,--.--,--.--,--.--,--.--,--.--,--.--,--.--,--.--,--.--,--.--,0,0.000,0.000,0.000,0.000,0.000,0.000,0.000,0.000,0.000,0.000,0.000,0.000,true,true,true,true,true,true,false,false,true,true,false,false,0.07,0.03,0.02,0.41,--.--,--.--,0.15,0.17,9223372036854775808,0,--.--,--.--,--.--,--.--,--.--,0,0,0,0,37.4143963,-121.9949576,10SEG 88938 41318,0.7,1.1,90.5,3,10,--.--,--.--,,--.--,--.--,--.--,0,0,--.--,--.--,0,233.8,316.5,-113.5,0.2,5.6,6.8,--.--,--.--,-29.9,0.7,-0.7,0.0,--.--,--.--,--.--,--.--,0.5,-0.5,237.4,-0.2,2.4,16.1,288.15,--.--,--.--,0,0,0.0,0.0,0.0,0,0,0,--.--,--.--,--.--
2026-07-09 15:49:11.551,0.4,-0.5,249,-0.4,0.4,15.9,5.9,-4.9,0.000,-3.7,112.9,150.7,151.7,109.321,0.000,0.000,0.000,1406.5,00:05:05,398.2,67.7,1,--.--,0,234,--.--,0000:32:26,100,0,0,1,1,15.30,-1.00,-95,--.--,50,--.--,--:--:--,1,-15.30,15:49:11,20:49:11,7/9/26,--.--,--.--,--.--,--.--,--.--,--.--,--.--,--.--,--.--,--.--,--.--,--.--,0,--.--,--.--,--.--,--.--,--.--,--.--,--.--,--.--,--.--,--.--,--.--,--.--,--.--,--.--,--.--,--.--,0,0.000,0.000,0.000,0.000,0.000,0.000,0.000,0.000,0.000,0.000,0.000,0.000,true,true,true,true,true,true,false,false,true,true,false,false,0.07,0.03,0.02,0.41,--.--,--.--,0.15,0.17,9223372036854775808,0,--.--,--.--,--.--,--.--,--.--,0,0,0,0,37.4143974,-121.9948961,10SEG 88943 41318,0.7,1.1,87.2,3,10,--.--,--.--,,--.--,--.--,--.--,0,0,--.--,--.--,0,234.0,322.1,-108.9,0.5,5.9,3.1,--.--,--.--,-29.9,0.7,-0.7,0.0,--.--,--.--,--.--,--.--,0.5,-0.5,249.6,0.6,-0.1,8.4,288.15,--.--,--.--,0,0,0.0,0.0,0.0,0,0,0,--.--,--.--,--.--
2026-07-09 15:49:12.552,0.4,-0.7,262,-0.1,2.5,8.4,5.6,-5.5,0.000,-1.0,108.6,146.4,147.4,107.712,0.000,0.000,0.000,1412.7,00:05:06,402.8,71.4,1,--.--,0,234,--.--,0000:32:26,70,0,0,1,1,15.30,-1.00,-95,--.--,50,--.--,--:--:--,1,-15.30,15:49:12,20:49:12,7/9/26,--.--,--.--,--.--,--.--,--.--,--.--,--.--,--.--,--.--,--.--,--.--,--.--,0,--.--,--.--,--.--,--.--,--.--,--.--,--.--,--.--,--.--,--.--,--.--,--.--,--.--,--.--,--.--,--.--,0,0.000,0.000,0.000,0.000,0.000,0.000,0.000,0.000,0.000,0.000,0.000,0.000,true,true,true,true,true,true,false,false,true,true,false,false,0.16,0.02,0.02,0.09,--.--,--.--,0.15,0.17,9223372036854775808,0,--.--,--.--,--.--,--.--,--.--,0,0,0,0,37.4144005,-121.9948335,10SEG 88949 41318,0.7,1.1,86.2,3,10,--.--,--.--,,--.--,--.--,--.--,0,0,--.--,--.--,0,234.3,327.6,-107.6,0.5,5.5,1.6,--.--,--.--,-29.9,0.7,-0.7,0.0,--.--,--.--,--.--,--.--,0.8,-1.1,262.1,1.9,-1.5,-5.8,288.15,--.--,--.--,0,0,0.0,0.0,0.0,0,0,0,--.--,--.--,--.--
2026-07-09 15:49:13.552,0.4,-4.0,268,-0.3,0.6,1.0,5.9,-5.3,0.000,-8.8,107.3,145.1,146.1,102.668,0.000,0.000,0.000,1416.8,00:05:07,407.6,68.5,1,--.--,0,235,--.--,0000:32:26,39,0,0,1,1,15.30,-1.00,-95,--.--,50,--.--,--:--:--,1,-15.30,15:49:13,20:49:13,7/9/26,--.--,--.--,--.--,--.--,--.--,--.--,--.--,--.--,--.--,--.--,--.--,--.--,0,--.--,--.--,--.--,--.--,--.--,--.--,--.--,--.--,--.--,--.--,--.--,--.--,--.--,--.--,--.--,--.--,0,0.000,0.000,0.000,0.000,0.000,0.000,0.000,0.000,0.000,0.000,0.000,0.000,true,true,true,true,true,true,false,false,true,true,false,false,0.16,0.02,0.02,0.09,--.--,--.--,0.15,0.17,9223372036854775808,0,--.--,--.--,--.--,--.--,--.--,0,0,0,0,37.4144040,-121.9947691,10SEG 88954 41319,0.7,1.1,86.5,3,10,--.--,--.--,,--.--,--.--,--.--,0,0,--.--,--.--,0,234.7,333.2,-101.3,0.5,6.0,8.6,--.--,--.--,-29.9,0.7,-0.7,0.0,--.--,--.--,--.--,--.--,0.5,-0.5,268.5,1.1,13.9,5.3,288.15,--.--,--.--,0,0,0.0,0.0,0.0,0,0,0,--.--,--.--,--.--
2026-07-09 15:49:14.551,0.6,0.4,271,0.5,3.0,7.0,6.4,-6.3,0.000,-4.8,100.4,138.2,139.2,95.695,0.000,0.000,0.000,1423.1,00:05:08,412.9,64.2,1,--.--,0,235,--.--,0000:32:26,100,0,0,1,1,15.30,-1.00,-96,--.--,50,--.--,--:--:--,1,-15.30,15:49:14,20:49:14,7/9/26,--.--,--.--,--.--,--.--,--.--,--.--,--.--,--.--,--.--,--.--,--.--,--.--,0,--.--,--.--,--.--,--.--,--.--,--.--,--.--,--.--,--.--,--.--,--.--,--.--,--.--,--.--,--.--,--.--,0,0.000,0.000,0.000,0.000,0.000,0.000,0.000,0.000,0.000,0.000,0.000,0.000,true,true,true,true,true,true,false,false,true,true,false,false,0.20,0.01,0.01,0.08,--.--,--.--,0.15,0.17,9223372036854775808,0,--.--,--.--,--.--,--.--,--.--,0,0,0,0,37.4144081,-121.9947018,10SEG 88960 41319,0.7,1.1,84.7,3,10,--.--,--.--,,--.--,--.--,--.--,0,0,--.--,--.--,0,235.2,339.3,-95.1,0.7,6.5,4.2,--.--,--.--,-29.9,0.7,-0.7,0.0,--.--,--.--,--.--,--.--,0.8,0.8,271.7,0.7,1.7,11.1,288.15,--.--,--.--,0,0,0.0,0.0,0.0,0,0,0,--.--,--.--,--.--
2026-07-09 15:49:15.551,-0.5,0.6,281,-7.0,-42.7,9.7,8.4,-8.1,0.000,-3.0,94.7,132.5,133.5,92.302,0.000,0.000,0.000,1431.3,00:05:09,419.4,49.7,1,--.--,0,236,--.--,0000:32:26,100,0,0,1,1,15.30,-1.00,-96,--.--,50,--.--,--:--:--,1,-15.30,15:49:15,20:49:15,7/9/26,--.--,--.--,--.--,--.--,--.--,--.--,--.--,--.--,--.--,--.--,--.--,--.--,0,--.--,--.--,--.--,--.--,--.--,--.--,--.--,--.--,--.--,--.--,--.--,--.--,--.--,--.--,--.--,--.--,0,0.000,0.000,0.000,0.000,0.000,0.000,0.000,0.000,0.000,0.000,0.000,0.000,true,true,true,true,true,true,false,false,true,true,false,false,0.20,0.01,0.01,0.08,--.--,--.--,0.15,0.17,9223372036854775808,0,--.--,--.--,--.--,--.--,--.--,0,0,0,0,37.4144149,-121.9946244,10SEG 88967 41320,0.7,1.1,83.4,3,10,--.--,--.--,,--.--,--.--,--.--,0,0,--.--,--.--,0,236.1,346.6,-91.9,1.1,8.5,2.7,--.--,--.--,-29.9,0.7,-0.7,0.0,--.--,--.--,--.--,--.--,-1.1,-1.1,281.7,-2.5,-5.5,11.0,288.15,--.--,--.--,0,0,0.0,0.0,0.0,0,0,0,--.--,--.--,--.--
2026-07-09 15:49:16.551,-19.5,-10.1,295,110.3,27.1,9.0,7.0,-5.8,0.000,-1.9,91.6,129.4,130.4,90.370,0.000,0.000,0.000,1439.7,00:05:10,425.8,61.1,1,--.--,0,236,--.--,0000:32:26,99,0,0,1,1,15.30,-1.00,-96,--.--,50,--.--,--:--:--,1,-15.30,15:49:16,20:49:16,7/9/26,--.--,--.--,--.--,--.--,--.--,--.--,--.--,--.--,--.--,--.--,--.--,--.--,0,--.--,--.--,--.--,--.--,--.--,--.--,--.--,--.--,--.--,--.--,--.--,--.--,--.--,--.--,--.--,--.--,0,0.000,0.000,0.000,0.000,0.000,0.000,0.000,0.000,0.000,0.000,0.000,0.000,true,true,true,true,true,true,false,false,true,true,false,false,0.07,0.01,0.02,0.76,--.--,--.--,0.15,0.17,9223372036854775808,0,--.--,--.--,--.--,--.--,--.--,0,0,0,0,37.4144210,-121.9945351,10SEG 88975 41321,0.7,1.1,94.8,3,10,--.--,--.--,,--.--,--.--,--.--,0,0,--.--,--.--,0,236.4,354.2,-90.1,-0.9,6.4,2.1,--.--,--.--,-29.9,0.7,-0.7,0.0,--.--,--.--,--.--,--.--,-0.0,-0.8,295.7,92.2,36.3,2.7,288.15,--.--,--.--,0,0,0.0,0.0,0.0,0,0,0,--.--,--.--,--.--
2026-07-09 15:49:17.552,-1.3,-1.6,291,-1.1,0.7,-35.3,5.9,-5.8,0.000,-0.9,89.8,127.6,128.6,88.909,0.000,0.000,0.000,1443.8,00:05:11,429.9,72.6,1,--.--,0,237,--.--,0000:32:26,93,0,0,1,1,15.30,-1.00,-96,--.--,50,--.--,--:--:--,1,-15.30,15:49:17,20:49:17,7/9/26,--.--,--.--,--.--,--.--,--.--,--.--,--.--,--.--,--.--,--.--,--.--,--.--,0,--.--,--.--,--.--,--.--,--.--,--.--,--.--,--.--,--.--,--.--,--.--,--.--,--.--,--.--,--.--,--.--,0,0.000,0.000,0.000,0.000,0.000,0.000,0.000,0.000,0.000,0.000,0.000,0.000,true,true,true,true,true,true,false,false,true,true,false,false,0.07,0.01,0.02,0.76,--.--,--.--,0.15,0.17,9223372036854775808,0,--.--,--.--,--.--,--.--,--.--,0,0,0,0,37.4144140,-121.9944692,10SEG 88981 41320,0.7,1.1,96.6,3,10,--.--,--.--,,--.--,--.--,--.--,0,0,--.--,--.--,0,235.4,359.7,-88.8,-0.9,5.8,0.9,--.--,--.--,-29.9,0.7,-0.7,0.0,--.--,--.--,--.--,--.--,-0.0,-1.6,291.3,4.7,1.5,-67.7,288.15,--.--,--.--,0,0,0.0,0.0,0.0,0,0,0,--.--,--.--,--.--
2026-07-09 15:49:18.552,1.7,-1.9,244,-1.5,-0.1,-21.3,5.6,-5.0,0.000,0.1,88.7,126.4,128.6,88.400,0.000,0.000,0.000,1450.0,00:05:12,434.4,77.5,1,--.--,0,237,--.--,0000:32:26,100,0,0,1,1,15.30,-1.00,-97,--.--,50,--.--,--:--:--,1,-15.30,15:49:18,20:49:18,7/9/26,--.--,--.--,--.--,--.--,--.--,--.--,--.--,--.--,--.--,--.--,--.--,--.--,0,--.--,--.--,--.--,--.--,--.--,--.--,--.--,--.--,--.--,--.--,--.--,--.--,--.--,--.--,--.--,--.--,0,0.000,0.000,0.000,0.000,0.000,0.000,0.000,0.000,0.000,0.000,0.000,0.000,true,true,true,true,true,true,false,false,true,true,false,false,0.09,0.02,0.01,0.47,--.--,--.--,0.15,0.17,9223372036854775808,0,--.--,--.--,--.--,--.--,--.--,0,0,0,0,37.4144077,-121.9944051,10SEG 88987 41320,0.7,1.1,95.4,3,10,--.--,--.--,,--.--,--.--,--.--,0,0,--.--,--.--,0,234.8,365.4,-88.5,-0.6,5.5,-0.3,--.--,--.--,-29.9,0.7,-0.7,0.0,--.--,--.--,--.--,--.--,0.0,-1.9,244.3,-8.2,0.5,13.6,288.15,--.--,--.--,0,0,0.0,0.0,0.0,0,0,0,--.--,--.--,--.--
2026-07-09 15:49:19.551,0.0,-1.0,244,-0.6,0.5,10.5,5.3,-4.7,0.000,2.2,88.4,126.2,127.4,89.448,0.000,0.000,0.000,1456.1,00:05:13,438.7,82.3,1,--.--,0,238,--.--,0000:32:26,100,0,0,1,1,15.30,-1.00,-97,--.--,50,--.--,--:--:--,1,-15.30,15:49:19,20:49:19,7/9/26,--.--,--.--,--.--,--.--,--.--,--.--,--.--,--.--,--.--,--.--,--.--,--.--,0,--.--,--.--,--.--,--.--,--.--,--.--,--.--,--.--,--.--,--.--,--.--,--.--,--.--,--.--,--.--,--.--,0,0.000,0.000,0.000,0.000,0.000,0.000,0.000,0.000,0.000,0.000,0.000,0.000,true,true,true,true,true,true,false,false,true,true,false,false,0.09,0.02,0.01,0.47,--.--,--.--,0.15,0.17,9223372036854775808,0,--.--,--.--,--.--,--.--,--.--,0,0,0,0,37.4144035,-121.9943422,10SEG 88992 41319,0.7,1.1,94.4,3,10,--.--,--.--,,--.--,--.--,--.--,0,0,--.--,--.--,0,234.4,370.7,-89.8,-0.5,5.3,-2.5,--.--,--.--,-29.9,0.7,-0.7,0.0,--.--,--.--,--.--,--.--,0.0,-1.9,244.9,0.1,-3.4,9.0,288.15,--.--,--.--,0,0,0.0,0.0,0.0,0,0,0,--.--,--.--,--.--
2026-07-09 15:49:20.551,-0.1,1.1,257,1.2,24.0,13.0,3.7,-3.9,0.000,2.9,90.1,127.8,128.8,92.185,0.000,0.000,0.000,1460.2,00:05:14,442.0,118.0,1,--.--,0,238,--.--,0000:32:26,100,0,0,1,1,15.30,-1.00,-97,--.--,50,--.--,--:--:--,1,-15.30,15:49:20,20:49:20,7/9/26,--.--,--.--,--.--,--.--,--.--,--.--,--.--,--.--,--.--,--.--,--.--,--.--,0,--.--,--.--,--.--,--.--,--.--,--.--,--.--,--.--,--.--,--.--,--.--,--.--,--.--,--.--,--.--,--.--,0,0.000,0.000,0.000,0.000,0.000,0.000,0.000,0.000,0.000,0.000,0.000,0.000,true,true,true,true,true,true,false,false,true,true,false,false,0.04,0.01,0.01,0.08,--.--,--.--,0.15,0.17,9223372036854775808,0,--.--,--.--,--.--,--.--,--.--,0,0,0,0,37.4143982,-121.9942896,10SEG 88997 41319,0.7,1.1,103.1,3,10,--.--,--.--,,--.--,--.--,--.--,0,0,--.--,--.--,0,233.8,375.1,-92.7,-1.0,3.5,-3.1,--.--,--.--,-29.9,0.7,-0.7,0.0,--.--,--.--,--.--,--.--,0.0,-0.5,257.7,0.3,-7.2,8.7,288.15,--.--,--.--,0,0,0.0,0.0,0.0,0,0,0,--.--,--.--,--.--
2026-07-09 15:49:21.552,-0.1,-1.8,266,0.4,0.1,3.5,3.8,-3.5,0.000,0.5,92.9,130.7,131.7,93.979,0.000,0.000,0.000,1464.2,00:05:15,444.7,115.7,1,--.--,0,238,--.--,0000:32:26,70,0,0,1,1,15.30,-1.00,-97,--.--,50,--.--,--:--:--,1,-15.30,15:49:21,20:49:21,7/9/26,--.--,--.--,--.--,--.--,--.--,--.--,--.--,--.--,--.--,--.--,--.--,--.--,0,--.--,--.--,--.--,--.--,--.--,--.--,--.--,--.--,--.--,--.--,--.--,--.--,--.--,--.--,--.--,--.--,0,0.000,0.000,0.000,0.000,0.000,0.000,0.000,0.000,0.000,0.000,0.000,0.000,true,true,true,true,true,true,false,false,true,true,false,false,0.04,0.01,0.01,0.08,--.--,--.--,0.15,0.17,9223372036854775808,0,--.--,--.--,--.--,--.--,--.--,0,0,0,0,37.4143910,-121.9942484,10SEG 89001 41318,0.7,1.1,102.3,3,10,--.--,--.--,,--.--,--.--,--.--,0,0,--.--,--.--,0,232.9,378.8,-94.0,-0.8,3.7,-0.2,--.--,--.--,-29.9,0.7,-0.7,0.0,--.--,--.--,--.--,--.--,-0.0,-0.5,266.2,0.3,5.3,-0.0,288.15,--.--,--.--,0,0,0.0,0.0,0.0,0,0,0,--.--,--.--,--.--
2026-07-09 15:49:22.552,0.0,-1.7,267,-0.1,1.6,-0.8,3.6,-3.2,0.000,-1.2,93.9,131.7,132.7,93.281,0.000,0.000,0.000,1468.3,00:05:16,447.4,124.8,1,--.--,0,239,--.--,0000:32:26,70,0,0,1,1,15.30,-1.00,-98,--.--,50,--.--,--:--:--,1,-15.30,15:49:22,20:49:22,7/9/26,--.--,--.--,--.--,--.--,--.--,--.--,--.--,--.--,--.--,--.--,--.--,--.--,0,--.--,--.--,--.--,--.--,--.--,--.--,--.--,--.--,--.--,--.--,--.--,--.--,--.--,--.--,--.--,--.--,0,0.000,0.000,0.000,0.000,0.000,0.000,0.000,0.000,0.000,0.000,0.000,0.000,true,true,true,true,true,true,false,false,true,true,false,false,0.13,0.01,0.01,0.15,--.--,--.--,0.15,0.17,9223372036854775808,0,--.--,--.--,--.--,--.--,--.--,0,0,0,0,37.4143845,-121.9942064,10SEG 89004 41317,0.7,1.1,100.9,3,10,--.--,--.--,,--.--,--.--,--.--,0,0,--.--,--.--,0,232.2,382.4,-93.1,-0.7,3.4,1.5,--.--,--.--,-29.9,0.7,-0.7,0.0,--.--,--.--,--.--,--.--,0.0,-0.5,266.7,-0.1,4.5,-1.0,288.15,--.--,--.--,0,0,0.0,0.0,0.0,0,0,0,--.--,--.--,--.--
2026-07-09 15:49:23.551,0.1,-0.6,266,-0.0,1.3,-1.1,3.0,-2.9,0.000,-3.0,92.9,130.6,131.6,91.035,0.000,0.000,0.000,1470.4,00:05:17,449.8,147.6,1,--.--,0,239,--.--,0000:32:26,70,0,0,1,1,15.30,-1.00,-98,--.--,50,--.--,--:--:--,1,-15.30,15:49:23,20:49:23,7/9/26,--.--,--.--,--.--,--.--,--.--,--.--,--.--,--.--,--.--,--.--,--.--,--.--,0,--.--,--.--,--.--,--.--,--.--,--.--,--.--,--.--,--.--,--.--,--.--,--.--,--.--,--.--,--.--,--.--,0,0.000,0.000,0.000,0.000,0.000,0.000,0.000,0.000,0.000,0.000,0.000,0.000,true,true,true,true,true,true,false,false,true,true,false,false,0.13,0.01,0.01,0.15,--.--,--.--,0.15,0.17,9223372036854775808,0,--.--,--.--,--.--,--.--,--.--,0,0,0,0,37.4143780,-121.9941688,10SEG 89008 41316,0.7,1.1,102.7,3,10,--.--,--.--,,--.--,--.--,--.--,0,0,--.--,--.--,0,231.5,385.6,-90.6,-0.6,2.9,3.3,--.--,--.--,-29.9,0.7,-0.7,0.0,--.--,--.--,--.--,--.--,-0.0,-0.5,266.7,-0.3,0.1,0.9,288.15,--.--,--.--,0,0,0.0,0.0,0.0,0,0,0,--.--,--.--,--.--
2026-07-09 15:49:24.551,0.1,0.1,266,0.3,-3.8,1.5,3.3,-3.4,0.000,-5.1,90.2,127.9,128.9,86.708,0.000,0.000,0.000,1474.4,00:05:18,452.1,136.1,1,--.--,0,239,--.--,0000:32:26,100,0,0,1,1,15.30,-1.00,-98,--.--,50,--.--,--:--:--,1,-15.30,15:49:24,20:49:24,7/9/26,--.--,--.--,--.--,--.--,--.--,--.--,--.--,--.--,--.--,--.--,--.--,--.--,0,--.--,--.--,--.--,--.--,--.--,--.--,--.--,--.--,--.--,--.--,--.--,--.--,--.--,--.--,--.--,--.--,0,0.000,0.000,0.000,0.000,0.000,0.000,0.000,0.000,0.000,0.000,0.000,0.000,true,true,true,true,true,true,false,false,true,true,false,false,0.07,0.00,0.03,0.05,--.--,--.--,0.15,0.17,9223372036854775808,0,--.--,--.--,--.--,--.--,--.--,0,0,0,0,37.4143728,-121.9941347,10SEG 89011 41316,0.7,1.1,99.9,3,10,--.--,--.--,,--.--,--.--,--.--,0,0,--.--,--.--,0,231.0,388.7,-86.0,-0.5,3.4,4.5,--.--,--.--,-29.9,0.7,-0.7,0.0,--.--,--.--,--.--,--.--,-0.0,-0.5,266.0,-0.3,-2.3,8.4,288.15,--.--,--.--,0,0,0.0,0.0,0.0,0,0,0,--.--,--.--,--.--
2026-07-09 15:49:25.552,-0.2,0.0,270,0.2,-0.7,3.2,3.8,-3.8,0.000,-4.7,85.5,123.3,124.3,82.547,0.000,0.000,0.000,1476.5,00:05:19,455.0,120.4,1,--.--,0,240,--.--,0000:32:26,70,0,0,1,1,15.30,-1.00,-98,--.--,50,--.--,--:--:--,1,-15.30,15:49:25,20:49:25,7/9/26,--.--,--.--,--.--,--.--,--.--,--.--,--.--,--.--,--.--,--.--,--.--,--.--,0,--.--,--.--,--.--,--.--,--.--,--.--,--.--,--.--,--.--,--.--,--.--,--.--,--.--,--.--,--.--,--.--,0,0.000,0.000,0.000,0.000,0.000,0.000,0.000,0.000,0.000,0.000,0.000,0.000,true,true,true,true,true,true,false,false,true,true,false,false,0.07,0.00,0.03,0.05,--.--,--.--,0.15,0.17,9223372036854775808,0,--.--,--.--,--.--,--.--,--.--,0,0,0,0,37.4143686,-121.9940956,10SEG 89014 41316,0.7,1.1,96.6,3,10,--.--,--.--,,--.--,--.--,--.--,0,0,--.--,--.--,0,230.5,392.3,-81.8,-0.4,3.8,5.1,--.--,--.--,-29.9,0.7,-0.7,0.0,--.--,--.--,--.--,--.--,0.0,-0.5,270.8,0.8,-2.3,-0.0,288.15,--.--,--.--,0,0,0.0,0.0,0.0,0,0,0,--.--,--.--,--.--
2026-07-09 15:49:26.552,-0.0,-0.8,272,0.0,-0.3,-0.2,4.5,-4.2,0.000,-6.7,81.2,119.0,120.0,76.624,0.000,0.000,0.000,1482.6,00:05:20,458.5,102.7,1,--.--,0,240,--.--,0000:32:26,70,0,0,1,1,15.30,-1.00,-99,--.--,50,--.--,--:--:--,1,-15.30,15:49:26,20:49:26,7/9/26,--.--,--.--,--.--,--.--,--.--,--.--,--.--,--.--,--.--,--.--,--.--,--.--,0,--.--,--.--,--.--,--.--,--.--,--.--,--.--,--.--,--.--,--.--,--.--,--.--,--.--,--.--,--.--,--.--,0,0.000,0.000,0.000,0.000,0.000,0.000,0.000,0.000,0.000,0.000,0.000,0.000,true,true,true,true,true,true,false,false,true,true,false,false,0.04,0.00,0.02,0.05,--.--,--.--,0.15,0.17,9223372036854775808,0,--.--,--.--,--.--,--.--,--.--,0,0,0,0,37.4143646,-121.9940492,10SEG 89018 41315,0.7,1.1,95.2,3,10,--.--,--.--,,--.--,--.--,--.--,0,0,--.--,--.--,0,230.1,396.5,-75.6,-0.3,4.6,7.0,--.--,--.--,-29.9,0.7,-0.7,0.0,--.--,--.--,--.--,--.--,0.0,-0.5,271.7,0.0,1.2,-0.4,288.15,--.--,--.--,0,0,0.0,0.0,0.0,0,0,0,--.--,--.--,--.--
2026-07-09 15:49:27.552,0.3,-0.7,274,-0.3,1.3,11.3,5.1,-4.8,0.000,-5.6,74.9,112.6,113.6,69.817,0.000,0.000,0.000,1486.7,00:05:21,462.5,89.8,1,--.--,0,240,--.--,0000:32:26,99,0,0,1,1,15.30,-1.00,-99,--.--,50,--.--,--:--:--,1,-15.30,15:49:27,20:49:27,7/9/26,--.--,--.--,--.--,--.--,--.--,--.--,--.--,--.--,--.--,--.--,--.--,--.--,0,--.--,--.--,--.--,--.--,--.--,--.--,--.--,--.--,--.--,--.--,--.--,--.--,--.--,--.--,--.--,--.--,0,0.000,0.000,0.000,0.000,0.000,0.000,0.000,0.000,0.000,0.000,0.000,0.000,true,true,true,true,true,true,false,false,true,true,false,false,0.04,0.00,0.02,0.05,--.--,--.--,0.15,0.17,9223372036854775808,0,--.--,--.--,--.--,--.--,--.--,0,0,0,0,37.4143617,-121.9939961,10SEG 89023 41315,0.7,1.1,93.5,3,10,--.--,--.--,,--.--,--.--,--.--,0,0,--.--,--.--,0,229.8,401.3,-69.1,-0.3,5.2,5.1,--.--,--.--,-29.9,0.7,-0.7,0.0,--.--,--.--,--.--,--.--,0.0,-0.5,274.8,-1.3,0.7,17.0,288.15,--.--,--.--,0,0,0.0,0.0,0.0,0,0,0,--.--,--.--,--.--
2026-07-09 15:49:28.552,-3.0,-2.3,287,-48.0,-39.8,5.3,5.4,-5.0,0.000,-4.4,68.6,106.3,107.3,65.619,0.000,0.000,0.000,1490.8,00:05:22,466.9,86.2,1,--.--,0,241,--.--,0000:32:26,78,0,0,1,1,15.30,-1.00,-100,--.--,50,--.--,--:--:--,1,-15.30,15:49:28,20:49:28,7/9/26,--.--,--.--,--.--,--.--,--.--,--.--,--.--,--.--,--.--,--.--,--.--,--.--,0,--.--,--.--,--.--,--.--,--.--,--.--,--.--,--.--,--.--,--.--,--.--,--.--,--.--,--.--,--.--,--.--,0,0.000,0.000,0.000,0.000,0.000,0.000,0.000,0.000,0.000,0.000,0.000,0.000,true,true,true,true,true,true,false,false,true,true,false,false,0.12,0.00,0.02,0.04,--.--,--.--,0.15,0.17,9223372036854775808,0,--.--,--.--,--.--,--.--,--.--,0,0,0,0,37.4143597,-121.9939383,10SEG 89028 41315,0.7,1.1,92.6,3,10,--.--,--.--,,--.--,--.--,--.--,0,0,--.--,--.--,0,229.5,406.6,-65.0,-0.2,5.4,4.5,--.--,--.--,-29.9,0.7,-0.7,0.0,--.--,--.--,--.--,--.--,-18.1,-21.0,290.7,-68.9,-74.1,1.0,288.15,--.--,--.--,0,0,0.0,0.0,0.0,0,0,0,--.--,--.--,--.--
2026-07-09 15:49:29.552,0.9,0.2,290,-1.0,-3.8,1.2,4.6,-4.5,0.000,-2.8,64.5,102.3,103.3,61.439,0.000,0.000,0.000,1497.0,00:05:23,470.8,101.5,1,--.--,0,241,--.--,0000:32:26,100,0,0,1,1,15.30,-1.00,-100,--.--,50,--.--,--:--:--,1,-15.30,15:49:29,20:49:29,7/9/26,--.--,--.--,--.--,--.--,--.--,--.--,--.--,--.--,--.--,--.--,--.--,--.--,0,--.--,--.--,--.--,--.--,--.--,--.--,--.--,--.--,--.--,--.--,--.--,--.--,--.--,--.--,--.--,--.--,0,0.000,0.000,0.000,0.000,0.000,0.000,0.000,0.000,0.000,0.000,0.000,0.000,true,true,true,true,true,true,false,false,true,true,false,false,0.12,0.00,0.02,0.04,--.--,--.--,0.15,0.17,9223372036854775808,0,--.--,--.--,--.--,--.--,--.--,0,0,0,0,37.4143557,-121.9938826,10SEG 89033 41314,0.7,1.1,94.3,3,10,--.--,--.--,,--.--,--.--,--.--,0,0,--.--,--.--,0,229.1,411.2,-61.1,-0.3,4.7,2.3,--.--,--.--,-29.9,0.7,-0.7,0.0,--.--,--.--,--.--,--.--,0.8,-0.8,290.4,-0.3,-3.9,0.5,288.15,--.--,--.--,0,0,0.0,0.0,0.0,0,0,0,--.--,--.--,--.--
2026-07-09 15:49:30.552,0.7,-0.9,286,1.5,0.2,-9.3,4.7,-4.6,0.000,0.4,60.9,98.6,100.6,60.491,0.000,0.000,0.000,1501.1,00:05:24,474.8,100.2,1,--.--,0,241,--.--,0000:32:26,100,0,0,1,1,15.30,-1.00,-100,--.--,50,--.--,--:--:--,1,-15.30,15:49:30,20:49:30,7/9/26,--.--,--.--,--.--,--.--,--.--,--.--,--.--,--.--,--.--,--.--,--.--,--.--,0,--.--,--.--,--.--,--.--,--.--,--.--,--.--,--.--,--.--,--.--,--.--,--.--,--.--,--.--,--.--,--.--,0,0.000,0.000,0.000,0.000,0.000,0.000,0.000,0.000,0.000,0.000,0.000,0.000,true,true,true,true,true,true,false,false,true,true,false,false,0.09,0.00,0.01,0.19,--.--,--.--,0.15,0.17,9223372036854775808,0,--.--,--.--,--.--,--.--,--.--,0,0,0,0,37.4143537,-121.9938296,10SEG 89038 41314,0.7,1.1,91.4,3,10,--.--,--.--,,--.--,--.--,--.--,0,0,--.--,--.--,0,229.0,415.9,-60.6,-0.0,4.7,-0.9,--.--,--.--,-29.9,0.7,-0.7,0.0,--.--,--.--,--.--,--.--,0.8,-1.1,286.5,0.5,-0.8,1.3,288.15,--.--,--.--,0,0,0.0,0.0,0.0,0,0,0,--.--,--.--,--.--
2026-07-09 15:49:31.551,0.7,-1.3,283,0.0,-0.6,1.3,4.6,-4.5,0.000,3.3,60.7,98.5,100.5,62.569,0.000,0.000,0.000,1505.2,00:05:25,479.0,103.0,1,--.--,0,241,--.--,0000:32:26,100,0,0,1,1,15.30,-1.00,-100,--.--,50,--.--,--:--:--,1,-15.30,15:49:31,20:49:31,7/9/26,--.--,--.--,--.--,--.--,--.--,--.--,--.--,--.--,--.--,--.--,--.--,--.--,0,--.--,--.--,--.--,--.--,--.--,--.--,--.--,--.--,--.--,--.--,--.--,--.--,--.--,--.--,--.--,--.--,0,0.000,0.000,0.000,0.000,0.000,0.000,0.000,0.000,0.000,0.000,0.000,0.000,true,true,true,true,true,true,false,false,true,true,false,false,0.09,0.00,0.01,0.19,--.--,--.--,0.15,0.17,9223372036854775808,0,--.--,--.--,--.--,--.--,--.--,0,0,0,0,37.4143545,-121.9937771,10SEG 89042 41314,0.7,1.1,86.3,3,10,--.--,--.--,,--.--,--.--,--.--,0,0,--.--,--.--,0,229.2,420.6,-63.2,0.4,4.6,-3.8,--.--,--.--,-29.9,0.7,-0.7,0.0,--.--,--.--,--.--,--.--,0.8,-1.6,283.5,0.7,-1.3,2.6,288.15,--.--,--.--,0,0,0.0,0.0,0.0,0,0,0,--.--,--.--,--.--
2026-07-09 15:49:32.551,0.6,-1.4,285,-1.1,-11.8,2.8,4.6,-4.2,0.000,6.5,63.5,101.3,103.3,67.573,0.000,0.000,0.000,1509.3,00:05:26,483.2,105.2,1,--.--,0,242,--.--,0000:32:26,100,0,0,1,1,15.30,-1.00,-101,--.--,50,--.--,--:--:--,1,-15.30,15:49:32,20:49:32,7/9/26,--.--,--.--,--.--,--.--,--.--,--.--,--.--,--.--,--.--,--.--,--.--,--.--,0,--.--,--.--,--.--,--.--,--.--,--.--,--.--,--.--,--.--,--.--,--.--,--.--,--.--,--.--,--.--,--.--,0,0.000,0.000,0.000,0.000,0.000,0.000,0.000,0.000,0.000,0.000,0.000,0.000,true,true,true,true,true,true,false,false,true,true,false,false,0.04,0.01,0.02,0.05,--.--,--.--,0.15,0.17,9223372036854775808,0,--.--,--.--,--.--,--.--,--.--,0,0,0,0,37.4143588,-121.9937266,10SEG 89047 41315,0.7,1.1,83.2,3,10,--.--,--.--,,--.--,--.--,--.--,0,0,--.--,--.--,0,229.7,425.1,-68.6,0.6,4.6,-6.9,--.--,--.--,-29.9,0.7,-0.7,0.0,--.--,--.--,--.--,--.--,-0.6,-24.3,286.0,-5.2,-90.5,2.8,288.15,--.--,--.--,0,0,0.0,0.0,0.0,0,0,0,--.--,--.--,--.--
2026-07-09 15:49:33.552,1.1,-3.8,290,8.7,69.5,3.7,1.9,-3.4,0.000,6.4,69.3,107.0,108.0,74.412,0.000,0.000,0.000,1513.4,00:05:27,486.2,251.3,1,--.--,0,242,--.--,0000:32:26,100,0,0,1,1,15.30,-1.00,-101,--.--,50,--.--,--:--:--,1,-15.30,15:49:33,20:49:33,7/9/26,--.--,--.--,--.--,--.--,--.--,--.--,--.--,--.--,--.--,--.--,--.--,--.--,0,--.--,--.--,--.--,--.--,--.--,--.--,--.--,--.--,--.--,--.--,--.--,--.--,--.--,--.--,--.--,--.--,0,0.000,0.000,0.000,0.000,0.000,0.000,0.000,0.000,0.000,0.000,0.000,0.000,true,true,true,true,true,true,false,false,true,true,false,false,0.04,0.01,0.02,0.05,--.--,--.--,0.15,0.17,9223372036854775808,0,--.--,--.--,--.--,--.--,--.--,0,0,0,0,37.4143662,-121.9936866,10SEG 89050 41316,0.7,1.1,51.3,3,10,--.--,--.--,,--.--,--.--,--.--,0,0,--.--,--.--,0,230.6,427.9,-75.4,1.3,1.3,-6.6,--.--,--.--,-29.9,0.7,-0.7,0.0,--.--,--.--,--.--,--.--,1.1,-0.5,290.1,-0.2,11.2,2.5,288.15,--.--,--.--,0,0,0.0,0.0,0.0,0,0,0,--.--,--.--,--.--
2026-07-09 15:49:34.552,0.5,-1.0,286,0.3,1.3,-20.4,2.2,-1.6,0.000,8.0,76.0,113.7,114.7,81.576,0.000,0.000,0.000,1515.4,00:05:28,488.1,220.6,1,--.--,0,242,--.--,0000:32:26,99,0,0,1,1,15.30,-1.00,-101,--.--,50,--.--,--:--:--,1,-15.30,15:49:34,20:49:34,7/9/26,--.--,--.--,--.--,--.--,--.--,--.--,--.--,--.--,--.--,--.--,--.--,--.--,0,--.--,--.--,--.--,--.--,--.--,--.--,--.--,--.--,--.--,--.--,--.--,--.--,--.--,--.--,--.--,--.--,0,0.000,0.000,0.000,0.000,0.000,0.000,0.000,0.000,0.000,0.000,0.000,0.000,true,true,true,true,true,true,false,false,true,true,false,false,0.13,0.01,0.01,0.90,--.--,--.--,0.15,0.17,9223372036854775808,0,--.--,--.--,--.--,--.--,--.--,0,0,0,0,37.4143791,-121.9936693,10SEG 89052 41317,0.7,1.1,49.3,3,10,--.--,--.--,,--.--,--.--,--.--,0,0,--.--,--.--,0,232.1,429.4,-82.8,1.6,1.7,-8.3,--.--,--.--,-29.9,0.7,-0.7,0.0,--.--,--.--,--.--,--.--,1.1,-1.1,286.4,2.3,-0.7,-26.0,288.15,--.--,--.--,0,0,0.0,0.0,0.0,0,0,0,--.--,--.--,--.--
2026-07-09 15:49:35.552,-4.2,-20.6,272,26.6,31.3,-3.8,1.9,-4.5,0.000,8.9,83.6,121.4,122.4,90.377,0.000,0.000,0.000,1517.4,00:05:29,490.5,261.7,1,--.--,0,242,--.--,0000:32:26,100,0,0,1,1,15.30,-1.00,-101,--.--,50,--.--,--:--:--,1,-15.30,15:49:35,20:49:35,7/9/26,--.--,--.--,--.--,--.--,--.--,--.--,--.--,--.--,--.--,--.--,--.--,--.--,0,--.--,--.--,--.--,--.--,--.--,--.--,--.--,--.--,--.--,--.--,--.--,--.--,--.--,--.--,--.--,--.--,0,0.000,0.000,0.000,0.000,0.000,0.000,0.000,0.000,0.000,0.000,0.000,0.000,true,true,true,true,true,true,false,false,true,true,false,false,0.13,0.01,0.01,0.90,--.--,--.--,0.15,0.17,9223372036854775808,0,--.--,--.--,--.--,--.--,--.--,0,0,0,0,37.4143922,-121.9936475,10SEG 89054 41319,0.7,1.1,53.0,3,10,--.--,--.--,,--.--,--.--,--.--,0,0,--.--,--.--,0,233.5,431.3,-91.7,1.0,1.1,-8.8,--.--,--.--,-29.9,0.7,-0.7,0.0,--.--,--.--,--.--,--.--,1.6,-2.5,272.2,28.0,71.0,3.0,288.15,--.--,--.--,0,0,0.0,0.0,0.0,0,0,0,--.--,--.--,--.--
2026-07-09 15:49:36.551,3.0,-10.7,272,0.0,1.2,3.2,1.5,-2.4,0.000,10.1,92.5,130.3,131.3,99.556,0.000,0.000,0.000,1519.4,00:05:30,491.7,317.1,1,--.--,0,241,--.--,0000:32:26,100,0,0,1,1,15.30,-1.00,-102,--.--,50,--.--,--:--:--,1,-15.30,15:49:36,20:49:36,7/9/26,--.--,--.--,--.--,--.--,--.--,--.--,--.--,--.--,--.--,--.--,--.--,--.--,0,--.--,--.--,--.--,--.--,--.--,--.--,--.--,--.--,--.--,--.--,--.--,--.--,--.--,--.--,--.--,--.--,0,0.000,0.000,0.000,0.000,0.000,0.000,0.000,0.000,0.000,0.000,0.000,0.000,true,true,true,true,true,true,false,false,true,true,false,false,0.07,0.00,0.00,0.63,--.--,--.--,0.15,0.17,9223372036854775808,0,--.--,--.--,--.--,--.--,--.--,0,0,0,0,37.4144031,-121.9936370,10SEG 89055 41320,0.7,1.1,28.3,3,10,--.--,--.--,,--.--,--.--,--.--,0,0,--.--,--.--,0,234.7,432.0,-101.1,1.5,0.6,-10.4,--.--,--.--,-29.9,0.7,-0.7,0.0,--.--,--.--,--.--,--.--,3.1,-10.3,272.4,0.4,1.5,2.1,288.15,--.--,--.--,0,0,0.0,0.0,0.0,0,0,0,--.--,--.--,--.--
2026-07-09 15:49:37.551,2.9,-9.6,275,0.1,0.0,2.1,2.1,-2.5,0.000,11.6,102.1,139.9,140.9,110.476,0.000,0.000,0.000,1521.4,00:05:31,493.1,229.6,1,--.--,0,241,--.--,0000:32:26,100,0,0,1,1,15.30,-1.00,-102,--.--,50,--.--,--:--:--,1,-15.30,15:49:37,20:49:37,7/9/26,--.--,--.--,--.--,--.--,--.--,--.--,--.--,--.--,--.--,--.--,--.--,--.--,0,--.--,--.--,--.--,--.--,--.--,--.--,--.--,--.--,--.--,--.--,--.--,--.--,--.--,--.--,--.--,--.--,0,0.000,0.000,0.000,0.000,0.000,0.000,0.000,0.000,0.000,0.000,0.000,0.000,true,true,true,true,true,true,false,false,true,true,false,false,0.07,0.00,0.00,0.63,--.--,--.--,0.15,0.17,9223372036854775808,0,--.--,--.--,--.--,--.--,--.--,0,0,0,0,37.4144186,-121.9936310,10SEG 89055 41322,0.7,1.1,13.7,3,10,--.--,--.--,,--.--,--.--,--.--,0,0,--.--,--.--,0,236.6,432.5,-112.3,2.2,0.5,-11.7,--.--,--.--,-29.9,0.7,-0.7,0.0,--.--,--.--,--.--,--.--,3.1,-10.3,275.3,0.6,-2.9,-0.4,288.15,--.--,--.--,0,0,0.0,0.0,0.0,0,0,0,--.--,--.--,--.--
2026-07-09 15:49:38.551,2.6,-9.8,274,-0.8,-0.6,-4.8,2.7,-2.1,0.000,12.1,113.3,151.1,152.1,122.355,0.000,0.000,0.000,1523.5,00:05:32,494.8,180.4,1,--.--,0,241,--.--,0000:32:26,100,0,0,1,1,15.30,-1.00,-102,--.--,50,--.--,--:--:--,1,-15.30,15:49:38,20:49:38,7/9/26,--.--,--.--,--.--,--.--,--.--,--.--,--.--,--.--,--.--,--.--,--.--,--.--,0,--.--,--.--,--.--,--.--,--.--,--.--,--.--,--.--,--.--,--.--,--.--,--.--,--.--,--.--,--.--,--.--,0,0.000,0.000,0.000,0.000,0.000,0.000,0.000,0.000,0.000,0.000,0.000,0.000,true,true,true,true,true,true,false,false,true,true,false,false,0.02,0.01,0.00,0.39,--.--,--.--,0.15,0.17,9223372036854775808,0,--.--,--.--,--.--,--.--,--.--,0,0,0,0,37.4144392,-121.9936246,10SEG 89056 41324,0.7,1.1,14.6,3,10,--.--,--.--,,--.--,--.--,--.--,0,0,--.--,--.--,0,239.1,433.2,-124.2,2.7,0.8,-12.0,--.--,--.--,-29.9,0.7,-0.7,0.0,--.--,--.--,--.--,--.--,3.0,-10.3,274.5,-0.1,-2.7,-11.8,288.15,--.--,--.--,0,0,0.0,0.0,0.0,0,0,0,--.--,--.--,--.--
2026-07-09 15:49:39.551,5.2,-16.2,262,4.3,-15.6,-11.1,3.2,-3.4,0.000,9.7,125.3,163.1,164.1,133.715,0.000,0.000,0.000,1527.5,00:05:33,497.1,156.2,1,--.--,0,241,--.--,0000:32:26,70,0,0,1,1,15.30,-1.00,-102,--.--,50,--.--,--:--:--,1,-15.30,15:49:39,20:49:39,7/9/26,--.--,--.--,--.--,--.--,--.--,--.--,--.--,--.--,--.--,--.--,--.--,--.--,0,--.--,--.--,--.--,--.--,--.--,--.--,--.--,--.--,--.--,--.--,--.--,--.--,--.--,--.--,--.--,--.--,0,0.000,0.000,0.000,0.000,0.000,0.000,0.000,0.000,0.000,0.000,0.000,0.000,true,true,true,true,true,true,false,false,true,true,false,false,0.02,0.01,0.00,0.39,--.--,--.--,0.15,0.17,9223372036854775808,0,--.--,--.--,--.--,--.--,--.--,0,0,0,0,37.4144648,-121.9936143,10SEG 89057 41327,0.7,1.1,22.2,3,10,--.--,--.--,,--.--,--.--,--.--,0,0,--.--,--.--,0,242.0,434.2,-135.1,3.0,1.2,-8.9,--.--,--.--,-29.9,0.7,-0.7,0.0,--.--,--.--,--.--,--.--,5.8,-17.4,261.2,1.6,-4.5,-1.1,288.15,--.--,--.--,0,0,0.0,0.0,0.0,0,0,0,--.--,--.--,--.--
2026-07-09 15:49:40.552,10.8,-14.3,255,-15.3,20.7,-3.5,3.4,-2.5,0.000,5.2,135.8,173.6,174.6,140.657,0.000,0.000,0.000,1529.6,00:05:34,499.3,146.1,1,--.--,0,241,--.--,0000:32:26,70,0,0,1,1,15.30,-1.00,-103,--.--,50,--.--,--:--:--,1,-15.30,15:49:40,20:49:40,7/9/26,--.--,--.--,--.--,--.--,--.--,--.--,--.--,--.--,--.--,--.--,--.--,--.--,0,--.--,--.--,--.--,--.--,--.--,--.--,--.--,--.--,--.--,--.--,--.--,--.--,--.--,--.--,--.--,--.--,0,0.000,0.000,0.000,0.000,0.000,0.000,0.000,0.000,0.000,0.000,0.000,0.000,true,true,true,true,true,true,false,false,true,true,false,false,0.16,0.00,0.01,0.45,--.--,--.--,0.15,0.17,9223372036854775808,0,--.--,--.--,--.--,--.--,--.--,0,0,0,0,37.4144923,-121.9936044,10SEG 89057 41330,0.7,1.1,5.3,3,10,--.--,--.--,,--.--,--.--,--.--,0,0,--.--,--.--,0,245.1,434.9,-141.4,3.5,0.1,-4.5,--.--,--.--,-29.9,0.7,-0.7,0.0,--.--,--.--,--.--,--.--,1.3,-0.8,256.8,-45.5,53.2,-0.7,288.15,--.--,--.--,0,0,0.0,0.0,0.0,0,0,0,--.--,--.--,--.--
2026-07-09 15:49:41.551,0.9,-3.4,255,0.2,-11.7,2.2,3.4,-2.1,0.000,0.7,141.7,179.5,180.5,142.899,0.000,0.000,0.000,1533.6,00:05:35,500.6,145.2,1,--.--,0,240,--.--,0000:32:26,76,0,0,1,1,15.30,-1.00,-103,--.--,50,--.--,--:--:--,1,-15.30,15:49:41,20:49:41,7/9/26,--.--,--.--,--.--,--.--,--.--,--.--,--.--,--.--,--.--,--.--,--.--,--.--,0,--.--,--.--,--.--,--.--,--.--,--.--,--.--,--.--,--.--,--.--,--.--,--.--,--.--,--.--,--.--,--.--,0,0.000,0.000,0.000,0.000,0.000,0.000,0.000,0.000,0.000,0.000,0.000,0.000,true,true,true,true,true,true,false,false,true,true,false,false,0.16,0.00,0.01,0.45,--.--,--.--,0.15,0.17,9223372036854775808,0,--.--,--.--,--.--,--.--,--.--,0,0,0,0,37.4145232,-121.9936061,10SEG 89057 41333,0.7,1.1,357.1,3,10,--.--,--.--,,--.--,--.--,--.--,0,0,--.--,--.--,0,248.6,434.5,-143.0,3.4,-0.2,-0.9,--.--,--.--,-29.9,0.7,-0.7,0.0,--.--,--.--,--.--,--.--,1.9,-9.0,255.6,5.1,-21.9,-0.0,288.15,--.--,--.--,0,0,0.0,0.0,0.0,0,0,0,--.--,--.--,--.--
2026-07-09 15:49:42.551,5.5,-19.4,257,1.6,-0.2,1.0,3.6,-0.5,0.000,-2.4,143.0,180.8,181.8,142.332,0.000,0.000,0.000,1537.7,00:05:36,501.7,139.3,1,--.--,0,240,--.--,0000:32:26,70,0,0,1,1,15.30,-1.00,-103,--.--,50,--.--,--:--:--,1,-15.30,15:49:42,20:49:42,7/9/26,--.--,--.--,--.--,--.--,--.--,--.--,--.--,--.--,--.--,--.--,--.--,--.--,0,--.--,--.--,--.--,--.--,--.--,--.--,--.--,--.--,--.--,--.--,--.--,--.--,--.--,--.--,--.--,--.--,0,0.000,0.000,0.000,0.000,0.000,0.000,0.000,0.000,0.000,0.000,0.000,0.000,true,true,true,true,true,true,false,false,true,true,false,false,0.06,0.01,0.04,0.27,--.--,--.--,0.15,0.17,9223372036854775808,0,--.--,--.--,--.--,--.--,--.--,0,0,0,0,37.4145551,-121.9936122,10SEG 89057 41337,0.7,1.1,340.6,3,10,--.--,--.--,,--.--,--.--,--.--,0,0,--.--,--.--,0,252.0,433.8,-141.9,3.4,-1.5,2.8,--.--,--.--,-29.9,0.7,-0.7,0.0,--.--,--.--,--.--,--.--,6.4,-18.4,255.5,1.6,3.4,-2.8,288.15,--.--,--.--,0,0,0.0,0.0,0.0,0,0,0,--.--,--.--,--.--
2026-07-09 15:49:43.552,8.1,-23.7,256,3.5,-10.2,-1.5,5.1,3.3,0.000,-4.3,141.6,179.4,180.4,138.776,0.000,0.000,0.000,1541.9,00:05:37,501.1,97.5,1,--.--,0,239,--.--,0000:32:26,70,0,0,1,1,15.30,-1.00,-103,--.--,50,--.--,--:--:--,1,-15.30,15:49:43,20:49:43,7/9/26,--.--,--.--,--.--,--.--,--.--,--.--,--.--,--.--,--.--,--.--,--.--,--.--,0,--.--,--.--,--.--,--.--,--.--,--.--,--.--,--.--,--.--,--.--,--.--,--.--,--.--,--.--,--.--,--.--,0,0.000,0.000,0.000,0.000,0.000,0.000,0.000,0.000,0.000,0.000,0.000,0.000,true,true,true,true,true,true,false,false,true,true,false,false,0.06,0.01,0.04,0.27,--.--,--.--,0.15,0.17,9223372036854775808,0,--.--,--.--,--.--,--.--,--.--,0,0,0,0,37.4145868,-121.9936390,10SEG 89054 41340,0.7,1.1,315.8,3,10,--.--,--.--,,--.--,--.--,--.--,0,0,--.--,--.--,0,255.7,431.0,-138.1,3.7,-4.1,4.7,--.--,--.--,-29.9,0.7,-0.7,0.0,--.--,--.--,--.--,--.--,9.0,-25.4,254.5,1.1,-7.2,-1.8,288.15,--.--,--.--,0,0,0.0,0.0,0.0,0,0,0,--.--,--.--,--.--
2026-07-09 15:49:44.552,9.7,-29.0,253,0.8,-3.7,-0.5,7.7,7.1,0.000,-7.1,137.6,175.4,176.4,133.107,0.000,0.000,0.000,1548.0,00:05:38,498.3,65.1,1,--.--,0,239,--.--,0000:32:26,70,0,0,1,1,15.30,-1.00,-104,--.--,50,--.--,--:--:--,1,-15.30,15:49:44,20:49:44,7/9/26,--.--,--.--,--.--,--.--,--.--,--.--,--.--,--.--,--.--,--.--,--.--,--.--,0,--.--,--.--,--.--,--.--,--.--,--.--,--.--,--.--,--.--,--.--,--.--,--.--,--.--,--.--,--.--,--.--,0,0.000,0.000,0.000,0.000,0.000,0.000,0.000,0.000,0.000,0.000,0.000,0.000,true,true,true,true,true,true,false,false,true,true,false,false,0.07,0.01,0.02,0.77,--.--,--.--,0.15,0.17,9223372036854775808,0,--.--,--.--,--.--,--.--,--.--,0,0,0,0,37.4146214,-121.9936945,10SEG 89049 41344,0.7,1.1,302.1,3,10,--.--,--.--,,--.--,--.--,--.--,0,0,--.--,--.--,0,259.6,425.3,-132.0,4.0,-7.0,7.6,--.--,--.--,-29.9,0.7,-0.7,0.0,--.--,--.--,--.--,--.--,10.2,-30.5,253.7,1.9,-6.0,0.1,288.15,--.--,--.--,0,0,0.0,0.0,0.0,0,0,0,--.--,--.--,--.--
2026-07-09 15:49:45.552,13.1,-27.6,255,1.4,0.5,2.7,11.6,11.1,0.000,-8.2,131.2,169.0,170.0,125.226,0.000,0.000,0.000,1558.6,00:05:39,492.7,42.5,1,--.--,0,238,--.--,0000:32:26,100,0,0,1,1,15.30,-1.00,-104,--.--,50,--.--,--:--:--,1,-15.30,15:49:45,20:49:45,7/9/26,--.--,--.--,--.--,--.--,--.--,--.--,--.--,--.--,--.--,--.--,--.--,--.--,0,--.--,--.--,--.--,--.--,--.--,--.--,--.--,--.--,--.--,--.--,--.--,--.--,--.--,--.--,--.--,--.--,0,0.000,0.000,0.000,0.000,0.000,0.000,0.000,0.000,0.000,0.000,0.000,0.000,true,true,true,true,true,true,false,false,true,true,false,false,0.07,0.01,0.02,0.77,--.--,--.--,0.15,0.17,9223372036854775808,0,--.--,--.--,--.--,--.--,--.--,0,0,0,0,37.4146592,-121.9937877,10SEG 89041 41348,0.7,1.1,293.6,3,10,--.--,--.--,,--.--,--.--,--.--,0,0,--.--,--.--,0,264.0,416.1,-124.0,4.7,-11.3,8.4,--.--,--.--,-29.9,0.7,-0.7,0.0,--.--,--.--,--.--,--.--,14.4,-29.6,251.5,0.9,-9.5,2.9,288.15,--.--,--.--,0,0,0.0,0.0,0.0,0,0,0,--.--,--.--,--.--
2026-07-09 15:49:46.552,0.6,-3.4,262,-0.4,15.7,6.6,14.9,12.6,0.000,-1.7,123.2,160.9,161.9,119.077,0.000,0.000,0.000,1573.8,00:05:40,484.7,32.6,1,--.--,0,236,--.--,0000:32:26,100,0,0,1,1,15.30,-1.00,-105,--.--,50,--.--,--:--:--,1,-15.30,15:49:46,20:49:46,7/9/26,--.--,--.--,--.--,--.--,--.--,--.--,--.--,--.--,--.--,--.--,--.--,--.--,0,--.--,--.--,--.--,--.--,--.--,--.--,--.--,--.--,--.--,--.--,--.--,--.--,--.--,--.--,--.--,--.--,0,0.000,0.000,0.000,0.000,0.000,0.000,0.000,0.000,0.000,0.000,0.000,0.000,true,true,true,true,true,true,false,false,true,true,false,false,0.09,0.02,0.01,1.02,--.--,--.--,0.15,0.17,9223372036854775808,0,--.--,--.--,--.--,--.--,--.--,0,0,0,0,37.4147048,-121.9939287,10SEG 89028 41353,0.7,1.1,290.6,3,10,--.--,--.--,,--.--,--.--,--.--,0,0,--.--,--.--,0,269.1,403.2,-119.1,5.3,-13.8,0.3,--.--,--.--,-29.9,0.7,-0.7,0.0,--.--,--.--,--.--,--.--,0.8,-0.5,263.0,1.3,11.0,6.4,288.15,--.--,--.--,0,0,0.0,0.0,0.0,0,0,0,--.--,--.--,--.--
2026-07-09 15:49:47.551,0.4,2.9,268,0.7,-0.3,1.8,13.3,12.3,0.000,3.6,119.2,156.9,157.9,121.571,0.000,0.000,0.000,1586.7,00:05:41,477.1,36.0,1,--.--,0,235,--.--,0000:32:26,100,0,0,1,1,15.30,-1.00,-105,--.--,50,--.--,--:--:--,1,-15.30,15:49:47,20:49:47,7/9/26,--.--,--.--,--.--,--.--,--.--,--.--,--.--,--.--,--.--,--.--,--.--,--.--,0,--.--,--.--,--.--,--.--,--.--,--.--,--.--,--.--,--.--,--.--,--.--,--.--,--.--,--.--,--.--,--.--,0,0.000,0.000,0.000,0.000,0.000,0.000,0.000,0.000,0.000,0.000,0.000,0.000,true,true,true,true,true,true,false,false,true,true,false,false,0.09,0.02,0.01,1.02,--.--,--.--,0.15,0.17,9223372036854775808,0,--.--,--.--,--.--,--.--,--.--,0,0,0,0,37.4147484,-121.9940734,10SEG 89016 41358,0.7,1.1,291.4,3,10,--.--,--.--,,--.--,--.--,--.--,0,0,--.--,--.--,0,274.0,390.6,-122.2,5.0,-12.0,-3.7,--.--,--.--,-29.9,0.7,-0.7,0.0,--.--,--.--,--.--,--.--,0.8,-0.5,268.6,1.9,-13.8,-0.1,288.15,--.--,--.--,0,0,0.0,0.0,0.0,0,0,0,--.--,--.--,--.--
2026-07-09 15:49:48.552,-0.6,0.7,262,-2.4,-2.4,-24.5,11.8,10.6,0.000,3.1,122.5,160.3,161.3,125.249,0.000,0.000,0.000,1597.4,00:05:42,470.8,40.1,1,--.--,0,234,--.--,0000:32:26,94,0,0,1,1,15.30,-1.00,-105,--.--,50,--.--,--:--:--,1,-15.30,15:49:48,20:49:48,7/9/26,--.--,--.--,--.--,--.--,--.--,--.--,--.--,--.--,--.--,--.--,--.--,--.--,0,--.--,--.--,--.--,--.--,--.--,--.--,--.--,--.--,--.--,--.--,--.--,--.--,--.--,--.--,--.--,--.--,0,0.000,0.000,0.000,0.000,0.000,0.000,0.000,0.000,0.000,0.000,0.000,0.000,true,true,true,true,true,true,false,false,true,true,false,false,0.17,0.02,0.05,0.17,--.--,--.--,0.15,0.17,9223372036854775808,0,--.--,--.--,--.--,--.--,--.--,0,0,0,0,37.4147905,-121.9942024,10SEG 89004 41362,0.7,1.1,293.2,3,10,--.--,--.--,,--.--,--.--,--.--,0,0,--.--,--.--,0,278.6,379.5,-125.7,4.7,-10.6,-2.8,--.--,--.--,-29.9,0.7,-0.7,0.0,--.--,--.--,--.--,--.--,0.0,-0.5,262.6,3.8,-4.0,-60.4,288.15,--.--,--.--,0,0,0.0,0.0,0.0,0,0,0,--.--,--.--,--.--
2026-07-09 15:49:49.552,0.8,-1.2,228,-1.8,-0.3,-21.8,10.9,5.6,0.000,2.4,125.9,163.7,164.7,127.745,0.000,0.000,0.000,1610.5,00:05:43,465.2,42.7,1,--.--,0,233,--.--,0000:32:26,100,0,0,1,1,15.30,-1.00,-105,--.--,50,--.--,--:--:--,1,-15.30,15:49:49,20:49:49,7/9/26,--.--,--.--,--.--,--.--,--.--,--.--,--.--,--.--,--.--,--.--,--.--,--.--,0,--.--,--.--,--.--,--.--,--.--,--.--,--.--,--.--,--.--,--.--,--.--,--.--,--.--,--.--,--.--,--.--,0,0.000,0.000,0.000,0.000,0.000,0.000,0.000,0.000,0.000,0.000,0.000,0.000,true,true,true,true,true,true,false,false,true,true,false,false,0.17,0.02,0.05,0.17,--.--,--.--,0.15,0.17,9223372036854775808,0,--.--,--.--,--.--,--.--,--.--,0,0,0,0,37.4148327,-121.9943237,10SEG 88993 41367,0.7,1.1,293.6,3,10,--.--,--.--,,--.--,--.--,--.--,0,0,--.--,--.--,0,283.1,369.2,-128.1,4.4,-9.9,-2.1,--.--,--.--,-29.9,0.7,-0.7,0.0,--.--,--.--,--.--,--.--,0.0,-0.5,228.4,-3.9,2.8,-1.4,288.15,--.--,--.--,0,0,0.0,0.0,0.0,0,0,0,--.--,--.--,--.--
2026-07-09 15:49:50.551,0.0,-2.8,218,-0.5,0.3,-2.8,10.4,3.2,0.000,-0.4,128.2,166.0,167.0,128.538,0.000,0.000,0.000,1621.2,00:05:44,460.1,44.2,1,--.--,0,231,--.--,0000:32:26,70,0,0,1,1,15.30,-1.00,-106,--.--,50,--.--,--:--:--,1,-15.30,15:49:50,20:49:50,7/9/26,--.--,--.--,--.--,--.--,--.--,--.--,--.--,--.--,--.--,--.--,--.--,--.--,0,--.--,--.--,--.--,--.--,--.--,--.--,--.--,--.--,--.--,--.--,--.--,--.--,--.--,--.--,--.--,--.--,0,0.000,0.000,0.000,0.000,0.000,0.000,0.000,0.000,0.000,0.000,0.000,0.000,true,true,true,true,true,true,false,false,true,true,false,false,0.07,0.01,0.02,0.07,--.--,--.--,0.15,0.17,9223372036854775808,0,--.--,--.--,--.--,--.--,--.--,0,0,0,0,37.4148717,-121.9944355,10SEG 88983 41371,0.7,1.1,293.3,3,10,--.--,--.--,,--.--,--.--,--.--,0,0,--.--,--.--,0,287.4,359.3,-128.4,4.1,-9.5,1.0,--.--,--.--,-29.9,0.7,-0.7,0.0,--.--,--.--,--.--,--.--,-0.0,0.0,218.3,-0.0,6.9,0.4,288.15,--.--,--.--,0,0,0.0,0.0,0.0,0,0,0,--.--,--.--,--.--
2026-07-09 15:49:51.552,-0.8,0.1,227,-2.8,3.1,15.7,9.9,3.9,0.000,1.6,128.3,166.0,167.0,128.506,0.000,0.000,0.000,1631.5,00:05:45,455.1,46.2,1,--.--,0,230,--.--,0000:32:26,105,0,0,1,1,15.30,-1.00,-106,--.--,50,--.--,--:--:--,1,-15.30,15:49:51,20:49:51,7/9/26,--.--,--.--,--.--,--.--,--.--,--.--,--.--,--.--,--.--,--.--,--.--,--.--,0,--.--,--.--,--.--,--.--,--.--,--.--,--.--,--.--,--.--,--.--,--.--,--.--,--.--,--.--,--.--,--.--,0,0.000,0.000,0.000,0.000,0.000,0.000,0.000,0.000,0.000,0.000,0.000,0.000,true,true,true,true,true,true,false,false,true,true,false,false,0.07,0.01,0.02,0.07,--.--,--.--,0.15,0.17,9223372036854775808,0,--.--,--.--,--.--,--.--,--.--,0,0,0,0,37.4149068,-121.9945432,10SEG 88974 41375,0.7,1.1,290.2,3,10,--.--,--.--,,--.--,--.--,--.--,0,0,--.--,--.--,0,291.2,349.8,-128.8,3.3,-9.2,-2.0,--.--,--.--,-29.9,0.7,-0.7,0.0,--.--,--.--,--.--,--.--,-1.8,-0.0,227.3,-2.3,-0.3,-6.1,288.15,--.--,--.--,0,0,0.0,0.0,0.0,0,0,0,--.--,--.--,--.--
2026-07-09 15:49:52.551,-0.7,1.3,235,1.0,0.5,2.7,10.0,6.9,0.000,3.3,129.0,166.8,167.8,131.301,0.000,0.000,0.000,1639.9,00:05:46,449.2,45.0,1,--.--,0,229,--.--,0000:32:26,120,0,0,1,1,15.30,-1.00,-106,--.--,50,--.--,--:--:--,1,-15.30,15:49:52,20:49:52,7/9/26,--.--,--.--,--.--,--.--,--.--,--.--,--.--,--.--,--.--,--.--,--.--,--.--,0,--.--,--.--,--.--,--.--,--.--,--.--,--.--,--.--,--.--,--.--,--.--,--.--,--.--,--.--,--.--,--.--,0,0.000,0.000,0.000,0.000,0.000,0.000,0.000,0.000,0.000,0.000,0.000,0.000,true,true,true,true,true,true,false,false,true,true,false,false,0.11,0.02,0.01,0.08,--.--,--.--,0.15,0.17,9223372036854775808,0,--.--,--.--,--.--,--.--,--.--,0,0,0,0,37.4149320,-121.9946546,10SEG 88964 41377,0.7,1.1,280.0,3,10,--.--,--.--,,--.--,--.--,--.--,0,0,--.--,--.--,0,293.6,340.1,-131.8,1.4,-10.2,-3.4,--.--,--.--,-29.9,0.7,-0.7,0.0,--.--,--.--,--.--,--.--,-0.7,-0.0,235.1,0.0,-3.4,-5.2,288.15,--.--,--.--,0,0,0.0,0.0,0.0,0,0,0,--.--,--.--,--.--
2026-07-09 15:49:53.552,4.2,-11.0,241,8.8,-47.8,15.7,14.1,11.9,0.000,0.2,132.1,169.9,170.9,133.915,0.000,0.000,0.000,1652.9,00:05:47,439.5,31.3,1,--.--,0,228,--.--,0000:32:26,100,0,0,1,1,15.30,-1.00,-106,--.--,50,--.--,--:--:--,1,-15.30,15:49:53,20:49:53,7/9/26,--.--,--.--,--.--,--.--,--.--,--.--,--.--,--.--,--.--,--.--,--.--,--.--,0,--.--,--.--,--.--,--.--,--.--,--.--,--.--,--.--,--.--,--.--,--.--,--.--,--.--,--.--,--.--,--.--,0,0.000,0.000,0.000,0.000,0.000,0.000,0.000,0.000,0.000,0.000,0.000,0.000,true,true,true,true,true,true,false,false,true,true,false,false,0.11,0.02,0.01,0.08,--.--,--.--,0.15,0.17,9223372036854775808,0,--.--,--.--,--.--,--.--,--.--,0,0,0,0,37.4149349,-121.9947854,10SEG 88952 41378,0.7,1.1,264.2,3,10,--.--,--.--,,--.--,--.--,--.--,0,0,--.--,--.--,0,293.2,327.5,-133.8,-2.3,-15.0,1.7,--.--,--.--,-29.9,0.7,-0.7,0.0,--.--,--.--,--.--,--.--,1.7,-20.3,237.3,-3.9,-92.1,-14.0,288.15,--.--,--.--,0,0,0.0,0.0,0.0,0,0,0,326.7,6.4,0.0
2026-07-09 15:49:54.552,-10.4,-44.1,270,11.6,-36.3,25.4,18.5,24.0,0.000,-18.1,133.4,171.2,172.2,124.716,0.000,0.000,0.000,1670.4,00:05:48,424.4,23.0,1,--.--,0,227,--.--,0000:32:26,94,0,0,1,1,15.30,-1.00,-107,--.--,50,--.--,--:--:--,1,-15.30,15:49:54,20:49:54,7/9/26,--.--,--.--,--.--,--.--,--.--,--.--,--.--,--.--,--.--,--.--,--.--,--.--,0,--.--,--.--,--.--,--.--,--.--,--.--,--.--,--.--,--.--,--.--,--.--,--.--,--.--,--.--,--.--,--.--,0,0.000,0.000,0.000,0.000,0.000,0.000,0.000,0.000,0.000,0.000,0.000,0.000,true,true,true,true,true,true,false,false,true,true,false,false,0.27,0.03,0.00,0.10,--.--,0.02,0.15,0.17,9223372036854775808,0,--.--,--.--,--.--,--.--,--.--,0,0,0,0,37.4149101,-121.9949686,10SEG 88936 41375,0.7,1.1,259.5,3,10,--.--,--.--,,--.--,--.--,--.--,0,0,--.--,--.--,0,289.9,310.2,-121.6,-3.5,-17.8,21.0,--.--,--.--,-29.9,0.7,-0.7,0.0,--.--,--.--,--.--,--.--,1.7,-20.3,237.3,22.4,-100.0,-10.1,288.15,--.--,--.--,0,0,0.0,0.0,0.0,0,0,0,326.7,6.4,0.0
2026-07-09 15:49:55.551,-158.2,-41.9,201,309.4,-158.6,-57.3,11.9,33.3,0.000,-33.7,119.3,157.1,158.1,96.334,0.000,0.000,0.000,1685.1,00:05:49,412.5,34.9,1,--.--,0,226,--.--,0000:32:26,11,0,0,1,1,15.30,-1.00,-107,--.--,50,--.--,--:--:--,1,-15.30,15:49:55,20:49:55,7/9/26,--.--,--.--,--.--,--.--,--.--,--.--,--.--,--.--,--.--,--.--,--.--,--.--,0,--.--,--.--,--.--,--.--,--.--,--.--,--.--,--.--,--.--,--.--,--.--,--.--,--.--,--.--,--.--,--.--,0,0.000,0.000,0.000,0.000,0.000,0.000,0.000,0.000,0.000,0.000,0.000,0.000,true,true,true,true,true,true,false,false,true,true,false,false,0.27,0.03,0.00,0.10,--.--,0.02,0.15,0.17,9223372036854775808,0,--.--,--.--,--.--,--.--,--.--,0,0,0,0,37.4148756,-121.9951180,10SEG 88923 41371,0.7,1.1,221.1,3,10,--.--,--.--,,--.--,--.--,--.--,0,0,--.--,--.--,0,284.8,298.6,-91.2,-12.1,-8.9,32.6,--.--,--.--,-29.9,0.7,-0.7,0.0,--.--,--.--,--.--,--.--,1.7,-20.3,237.3,48.8,-100.0,-86.7,288.15,--.--,--.--,0,0,0.0,0.0,0.0,0,0,0,327.2,4.5,0.0
2026-07-09 15:49:56.551,-80.4,-46.5,274,522.5,-224.1,-136.3,17.2,32.5,0.000,-33.6,88.1,125.9,126.9,62.360,0.000,0.000,0.000,1697.8,00:05:50,398.3,23.3,1,--.--,0,226,--.--,0000:32:26,11,0,0,1,1,15.30,-1.00,-107,--.--,50,--.--,--:--:--,1,-15.30,15:49:56,20:49:56,7/9/26,--.--,--.--,--.--,--.--,--.--,--.--,--.--,--.--,--.--,--.--,--.--,--.--,0,--.--,--.--,--.--,--.--,--.--,--.--,--.--,--.--,--.--,--.--,--.--,--.--,--.--,--.--,--.--,--.--,0,0.000,0.000,0.000,0.000,0.000,0.000,0.000,0.000,0.000,0.000,0.000,0.000,true,true,true,true,true,true,false,false,true,true,false,false,0.58,0.07,0.11,--.--,--.--,0.27,0.15,0.17,9223372036854775808,0,--.--,--.--,--.--,--.--,--.--,0,0,0,0,37.4147927,-121.9952295,10SEG 88913 41361,0.7,1.1,220.7,3,10,--.--,--.--,,--.--,--.--,--.--,0,0,--.--,--.--,0,274.9,288.4,-57.3,-8.2,-13.0,33.8,--.--,--.--,-29.9,0.7,-0.7,0.0,--.--,--.--,--.--,--.--,1.7,-20.3,237.3,48.0,-100.0,-86.7,288.15,--.--,--.--,0,0,0.0,0.0,0.0,0,0,0,327.2,4.5,0.0
2026-07-09 15:49:57.551,-126.1,-35.7,307,609.9,-227.8,-147.6,17.5,37.4,0.000,-41.2,53.9,91.7,92.7,24.557,0.000,0.000,0.000,1710.6,00:05:51,387.6,22.3,1,--.--,0,226,--.--,0000:32:26,87,0,0,1,1,15.30,-1.00,-107,--.--,50,--.--,--:--:--,1,-15.30,15:49:57,20:49:57,7/9/26,--.--,--.--,--.--,--.--,--.--,--.--,--.--,--.--,--.--,--.--,--.--,--.--,0,--.--,--.--,--.--,--.--,--.--,--.--,--.--,--.--,--.--,--.--,--.--,--.--,--.--,--.--,--.--,--.--,0,0.000,0.000,0.000,0.000,0.000,0.000,0.000,0.000,0.000,0.000,0.000,0.000,true,true,true,true,true,true,false,false,true,true,false,false,0.58,0.07,0.11,--.--,--.--,0.27,0.15,0.17,9223372036854775808,0,--.--,--.--,--.--,--.--,--.--,0,0,0,0,37.4147233,-121.9953006,10SEG 88907 41354,0.7,1.1,174.5,3,10,--.--,--.--,,--.--,--.--,--.--,0,0,--.--,--.--,0,267.0,281.2,-18.6,-11.0,-14.1,38.0,--.--,--.--,-29.9,0.7,-0.7,0.0,--.--,--.--,--.--,--.--,1.7,-20.3,237.3,48.0,-100.0,41.7,288.15,--.--,--.--,0,0,0.0,0.0,0.0,0,0,0,210.9,1.7,0.0
2026-07-09 15:49:58.552,-52.4,-54.7,287,-275.8,-277.5,-755.2,34.7,2.9,0.000,97.3,15.0,52.8,53.8,5.803,0.000,0.000,0.000,1734.5,00:05:52,382.4,11.0,1,--.--,0,229,--.--,0000:32:26,100,0,0,1,1,15.30,-1.00,-108,--.--,50,--.--,--:--:--,1,-15.30,15:49:58,20:49:58,7/9/26,--.--,--.--,--.--,--.--,--.--,--.--,--.--,--.--,--.--,--.--,--.--,--.--,0,--.--,--.--,--.--,--.--,--.--,--.--,--.--,--.--,--.--,--.--,--.--,--.--,--.--,--.--,--.--,--.--,0,0.000,0.000,0.000,0.000,0.000,0.000,0.000,0.000,0.000,0.000,0.000,0.000,true,true,true,true,true,true,false,false,true,true,true,false,2.00,0.24,0.10,--.--,--.--,1.78,0.26,0.24,9223372036854775808,0,--.--,--.--,--.--,--.--,--.--,0,0,0,0,37.4146454,-121.9953535,10SEG 88902 41345,0.7,1.1,255.0,3,10,--.--,--.--,,--.--,--.--,--.--,0,0,--.--,--.--,0,251.9,287.7,-23.6,-29.4,21.4,-93.4,--.--,--.--,-29.9,0.7,-0.7,0.0,--.--,--.--,--.--,--.--,1.7,-20.3,237.3,48.8,-100.0,41.7,288.15,--.--,--.--,0,0,0.0,0.0,0.2,0,0,0,210.9,1.7,0.0
2026-07-09 15:49:59.552,-171.2,19.7,64,153.6,-142.0,-763.1,8.1,1.1,0.000,-2.1,33.9,71.6,72.6,98.956,0.000,0.000,0.000,1807.4,00:05:53,376.0,46.4,1,--.--,0,226,--.--,0000:32:26,100,0,0,1,1,15.30,-1.00,-108,--.--,50,--.--,--:--:--,1,-15.30,15:49:59,20:49:59,7/9/26,--.--,--.--,--.--,--.--,--.--,--.--,--.--,--.--,--.--,--.--,--.--,--.--,0,--.--,--.--,--.--,--.--,--.--,--.--,--.--,--.--,--.--,--.--,--.--,--.--,--.--,--.--,--.--,--.--,0,0.000,0.000,0.000,0.000,0.000,0.000,0.000,0.000,0.000,0.000,0.000,0.000,true,true,true,true,true,true,false,false,true,true,true,false,2.00,0.24,0.10,--.--,--.--,1.78,0.26,0.24,9223372036854775808,0,--.--,--.--,--.--,--.--,--.--,0,0,0,0,37.4146523,-121.9954589,10SEG 88893 41346,0.7,1.1,271.7,3,10,--.--,--.--,,--.--,--.--,--.--,0,0,--.--,--.--,0,259.2,272.5,-93.9,1.2,-8.3,3.8,--.--,--.--,-29.9,0.7,-0.7,0.0,--.--,--.--,--.--,--.--,1.7,-20.3,237.3,48.8,-100.0,41.7,288.15,--.--,--.--,0,0,0.0,0.0,0.2,0,0,0,186.3,3.0,0.0
2026-07-09 15:50:00.552,167.0,-63.2,44,23.7,-43.3,-812.7,7.1,-11.8,0.000,-12.9,90.8,128.5,130.5,78.259,0.000,0.000,0.000,1818.3,00:05:54,370.1,52.5,1,--.--,0,225,--.--,0000:32:26,100,0,0,1,1,15.30,-1.00,-108,--.--,50,--.--,--:--:--,1,-15.30,15:50:00,20:50:00,7/9/26,--.--,--.--,--.--,--.--,--.--,--.--,--.--,--.--,--.--,--.--,--.--,--.--,0,--.--,--.--,--.--,--.--,--.--,--.--,--.--,--.--,--.--,--.--,--.--,--.--,--.--,--.--,--.--,--.--,0,0.000,0.000,0.000,0.000,0.000,0.000,0.000,0.000,0.000,0.000,0.000,0.000,true,true,true,true,true,true,false,false,true,true,false,false,0.41,0.01,2.00,--.--,--.--,1.75,0.44,0.72,9223372036854775808,0,--.--,--.--,--.--,--.--,--.--,0,0,0,0,37.4146621,-121.9955548,10SEG 88885 41347,0.7,1.1,294.4,3,10,--.--,--.--,,--.--,--.--,--.--,0,0,--.--,--.--,0,263.0,260.4,-76.3,0.9,-7.5,14.1,--.--,--.--,-29.9,0.7,-0.7,0.0,--.--,--.--,--.--,--.--,1.7,-20.3,237.3,48.0,-100.0,41.7,288.15,--.--,--.--,0,0,0.0,0.0,0.2,0,0,0,186.3,3.0,0.0
2026-07-09 15:50:01.552,16.0,66.3,257,-101.2,-196.2,-924.7,11.5,20.4,0.000,-20.1,74.8,112.6,114.6,62.270,0.000,0.000,0.000,1829.7,00:05:55,370.5,32.2,1,--.--,0,223,--.--,0000:32:26,50,0,0,1,1,15.30,-1.00,-108,--.--,50,--.--,--:--:--,1,-15.30,15:50:01,20:50:01,7/9/26,--.--,--.--,--.--,--.--,--.--,--.--,--.--,--.--,--.--,--.--,--.--,--.--,0,--.--,--.--,--.--,--.--,--.--,--.--,--.--,--.--,--.--,--.--,--.--,--.--,--.--,--.--,--.--,--.--,0,0.000,0.000,0.000,0.000,0.000,0.000,0.000,0.000,0.000,0.000,0.000,0.000,true,true,true,true,true,true,false,false,true,true,false,false,0.41,0.01,2.00,--.--,--.--,1.75,0.44,0.72,9223372036854775808,0,--.--,--.--,--.--,--.--,--.--,0,0,0,0,37.4147102,-121.9956343,10SEG 88878 41352,0.7,1.1,326.9,3,10,--.--,--.--,,--.--,--.--,--.--,0,0,--.--,--.--,0,270.1,253.6,-58.8,8.8,-6.4,22.4,--.--,--.--,-29.9,0.7,-0.7,0.0,--.--,--.--,--.--,--.--,1.7,-20.3,237.3,1.5,-1.5,-2.3,288.15,--.--,--.--,0,0,0.0,0.0,0.2,0,0,0,182.7,4.8,0.0
2026-07-09 15:50:02.551,-45.1,4.0,164,381.3,122.2,-1428.9,8.8,4.9,0.000,-31.5,56.3,94.1,96.1,35.326,0.000,0.000,0.000,1842.1,00:05:56,378.0,42.5,1,--.--,0,222,--.--,0000:32:26,23,0,0,1,1,15.30,-1.00,-109,--.--,50,--.--,--:--:--,1,-15.30,15:50:02,20:50:02,7/9/26,--.--,--.--,--.--,--.--,--.--,--.--,--.--,--.--,--.--,--.--,--.--,--.--,0,--.--,--.--,--.--,--.--,--.--,--.--,--.--,--.--,--.--,--.--,--.--,--.--,--.--,--.--,--.--,--.--,0,0.000,0.000,0.000,0.000,0.000,0.000,0.000,0.000,0.000,0.000,0.000,0.000,true,true,true,true,true,true,false,false,true,true,false,false,0.34,0.01,2.00,--.--,--.--,2.00,0.39,0.75,9223372036854775808,0,--.--,--.--,--.--,--.--,--.--,0,0,0,0,37.4148162,-121.9956651,10SEG 88875 41364,0.7,1.1,355.6,3,10,--.--,--.--,,--.--,--.--,--.--,0,0,--.--,--.--,0,281.0,252.8,-30.9,8.8,-1.3,32.7,--.--,--.--,-29.9,0.7,-0.7,0.0,--.--,--.--,--.--,--.--,1.7,-20.3,237.3,-0.7,0.0,-3.9,288.15,--.--,--.--,0,0,0.0,0.0,0.2,0,0,0,182.7,4.8,0.0
2026-07-09 15:50:03.552,-83.2,-79.4,165,502.7,-763.1,-1755.7,14.1,25.4,0.000,-33.2,27.9,65.7,67.7,5.195,0.000,0.000,0.000,1860.8,00:05:57,393.4,27.6,1,--.--,0,221,--.--,0000:32:26,51,0,0,1,1,15.30,-1.00,-109,--.--,50,--.--,--:--:--,1,-15.30,15:50:03,20:50:03,7/9/26,--.--,--.--,--.--,--.--,--.--,--.--,--.--,--.--,--.--,--.--,--.--,--.--,0,--.--,--.--,--.--,--.--,--.--,--.--,--.--,--.--,--.--,--.--,--.--,--.--,--.--,--.--,--.--,--.--,0,0.000,0.000,0.000,0.000,0.000,0.000,0.000,0.000,0.000,0.000,0.000,0.000,true,true,true,true,true,true,false,false,true,true,false,false,0.34,0.01,2.00,--.--,--.--,2.00,0.39,0.75,9223372036854775808,0,--.--,--.--,--.--,--.--,--.--,0,0,0,0,37.4149503,-121.9956332,10SEG 88877 41379,0.7,1.1,22.9,3,10,--.--,--.--,,--.--,--.--,--.--,0,0,--.--,--.--,0,298.6,255.9,79.7,13.6,2.1,31.7,--.--,--.--,-29.9,0.7,-0.7,0.0,--.--,--.--,--.--,--.--,1.7,-20.3,237.3,-0.7,0.0,-3.1,288.15,--.--,--.--,0,0,0.0,0.0,0.2,0,0,0,188.6,4.3,0.0
2026-07-09 15:50:04.551,134.8,18.9,335,-530.8,808.3,-1893.7,20.7,0.0,0.000,-32.4,-82.6,-44.8,67.7,-106.137,0.000,0.000,0.000,1886.9,00:05:58,414.1,19.6,1,--.--,0,220,--.--,0000:32:26,51,0,0,1,1,15.30,-1.00,-110,--.--,50,--.--,--:--:--,1,-15.30,15:50:04,20:50:04,7/9/26,--.--,--.--,--.--,--.--,--.--,--.--,--.--,--.--,--.--,--.--,--.--,--.--,0,--.--,--.--,--.--,--.--,--.--,--.--,--.--,--.--,--.--,--.--,--.--,--.--,--.--,--.--,--.--,--.--,0,0.000,0.000,0.000,0.000,0.000,0.000,0.000,0.000,0.000,0.000,0.000,0.000,true,true,true,true,true,true,false,false,true,true,true,false,1.73,0.08,0.00,--.--,--.--,2.00,0.28,0.80,9223372036854775808,0,--.--,--.--,--.--,--.--,--.--,0,0,0,0,37.4150942,-121.9955193,10SEG 88887 41395,0.7,1.1,39.8,3,10,--.--,--.--,,--.--,--.--,--.--,0,0,--.--,--.--,0,316.2,267.0,110.9,16.1,13.5,32.4,--.--,--.--,-29.9,0.7,-0.7,0.0,--.--,--.--,--.--,--.--,1.7,-20.3,237.3,-0.7,0.0,-2.3,288.15,--.--,--.--,0,0,0.0,0.0,0.2,0,0,0,188.6,4.3,0.0
2026-07-09 15:50:05.552,-129.7,14.7,119,-124.6,-1535.0,-2103.9,16.8,0.0,0.000,-31.1,-114.0,-76.2,-75.2,-137.611,0.000,0.000,0.000,1906.3,00:05:59,432.6,25.6,1,--.--,0,221,--.--,0000:32:26,51,0,0,1,1,15.30,-1.00,-110,--.--,50,--.--,--:--:--,1,-15.30,15:50:05,20:50:05,7/9/26,--.--,--.--,--.--,--.--,--.--,--.--,--.--,--.--,--.--,--.--,--.--,--.--,0,--.--,--.--,--.--,--.--,--.--,--.--,--.--,--.--,--.--,--.--,--.--,--.--,--.--,--.--,--.--,--.--,0,0.000,0.000,0.000,0.000,0.000,0.000,0.000,0.000,0.000,0.000,0.000,0.000,true,true,true,true,true,true,false,false,true,true,true,false,1.73,0.08,0.00,--.--,--.--,2.00,0.28,0.80,9223372036854775808,0,--.--,--.--,--.--,--.--,--.--,0,0,0,0,37.4152242,-121.9953423,10SEG 88903 41409,0.7,1.1,50.9,3,10,--.--,--.--,,--.--,--.--,--.--,0,0,--.--,--.--,0,328.3,281.5,142.4,11.6,10.1,30.6,--.--,--.--,-29.9,0.7,-0.7,0.0,--.--,--.--,--.--,--.--,1.7,-20.3,237.3,-0.7,0.0,-2.3,288.15,--.--,--.--,0,0,0.0,0.0,0.2,0,0,0,180.7,3.6,0.0
2026-07-09 15:50:06.552,150.3,-8.7,288,1418.3,753.5,-1982.0,22.5,0.0,0.000,-30.3,-145.4,-107.7,-106.7,-168.742,0.000,0.000,0.000,1933.2,00:06:00,457.7,20.2,1,--.--,0,222,--.--,0000:32:26,51,0,0,1,1,15.30,-1.00,-110,--.--,50,--.--,--:--:--,1,-15.30,15:50:06,20:50:06,7/9/26,--.--,--.--,--.--,--.--,--.--,--.--,--.--,--.--,--.--,--.--,--.--,--.--,0,--.--,--.--,--.--,--.--,--.--,--.--,--.--,--.--,--.--,--.--,--.--,--.--,--.--,--.--,--.--,--.--,0,0.000,0.000,0.000,0.000,0.000,0.000,0.000,0.000,0.000,0.000,0.000,0.000,true,true,true,true,true,true,false,false,true,true,true,false,2.00,0.44,0.02,--.--,--.--,--.--,0.32,0.28,9223372036854775808,0,--.--,--.--,--.--,--.--,--.--,0,0,0,0,37.4153323,-121.9951175,10SEG 88923 41421,0.7,1.1,61.5,3,10,--.--,--.--,,--.--,--.--,--.--,0,0,--.--,--.--,0,340.0,306.2,173.4,8.8,21.2,30.6,--.--,--.--,-29.9,0.7,-0.7,0.0,--.--,--.--,--.--,--.--,1.7,-20.3,237.3,-0.7,0.0,-2.3,288.15,--.--,--.--,0,0,0.0,0.0,0.2,0,0,0,180.7,3.6,0.0
2026-07-09 15:50:07.552,-173.8,2.1,137,-911.9,126.1,-1957.1,24.4,0.0,0.000,-31.3,-176.4,-138.6,-137.6,-199.864,0.000,0.000,0.000,1956.0,00:06:01,478.2,19.5,1,--.--,0,223,--.--,0000:32:26,70,0,0,1,1,15.30,-1.00,-110,--.--,50,--.--,--:--:--,1,-15.30,15:50:07,20:50:07,7/9/26,--.--,--.--,--.--,--.--,--.--,--.--,--.--,--.--,--.--,--.--,--.--,--.--,0,--.--,--.--,--.--,--.--,--.--,--.--,--.--,--.--,--.--,--.--,--.--,--.--,--.--,--.--,--.--,--.--,0,0.000,0.000,0.000,0.000,0.000,0.000,0.000,0.000,0.000,0.000,0.000,0.000,true,true,true,true,true,true,false,false,true,true,true,false,2.00,0.44,0.02,--.--,--.--,--.--,0.32,0.28,9223372036854775808,0,--.--,--.--,--.--,--.--,--.--,0,0,0,0,37.4154106,-121.9948847,10SEG 88943 41430,0.7,1.1,72.9,3,10,--.--,--.--,,--.--,--.--,--.--,0,0,--.--,--.--,0,348.3,327.4,204.8,7.4,22.3,32.1,--.--,--.--,-29.9,0.7,-0.7,0.0,--.--,--.--,--.--,--.--,0.1,0.2,272.4,120.0,-220.0,19.0,288.15,--.--,--.--,0,0,0.0,0.0,0.2,0,0,0,165.6,5.1,0.0
2026-07-09 15:50:08.552,153.3,4.9,282,205.3,-3.5,-1794.3,21.3,0.0,0.000,-35.3,-208.0,-170.2,-169.2,-233.934,0.000,0.000,0.000,1976.0,00:06:02,496.3,23.2,1,--.--,0,224,--.--,0000:32:26,70,0,0,1,1,15.30,-1.00,-111,--.--,50,--.--,--:--:--,1,-15.30,15:50:08,20:50:08,7/9/26,--.--,--.--,--.--,--.--,--.--,--.--,--.--,--.--,--.--,--.--,--.--,--.--,0,--.--,--.--,--.--,--.--,--.--,--.--,--.--,--.--,--.--,--.--,--.--,--.--,--.--,--.--,--.--,--.--,0,0.000,0.000,0.000,0.000,0.000,0.000,0.000,0.000,0.000,0.000,0.000,0.000,true,true,true,true,true,true,false,false,true,true,false,false,0.27,0.03,0.00,--.--,--.--,--.--,0.19,0.21,9223372036854775808,0,--.--,--.--,--.--,--.--,--.--,0,0,0,0,37.4154669,-121.9946519,10SEG 88964 41437,0.7,1.1,74.0,3,10,--.--,--.--,,--.--,--.--,--.--,0,0,--.--,--.--,0,354.0,347.7,239.3,4.2,20.8,35.6,--.--,--.--,-29.9,0.7,-0.7,0.0,--.--,--.--,--.--,--.--,-0.2,-0.0,274.4,-120.0,25.9,-0.9,288.15,--.--,--.--,0,0,0.0,0.9,2.5,0,0,0,165.6,5.1,0.0
2026-07-09 15:50:09.552,-148.6,-21.2,146,87.2,-21.6,-1527.6,19.0,0.0,0.000,-37.4,-242.9,-205.1,-204.1,-270.783,0.000,0.000,0.000,1997.0,00:06:03,512.5,26.9,1,--.--,0,226,--.--,0000:32:26,70,0,0,1,1,15.30,-1.00,-111,--.--,50,--.--,--:--:--,1,-15.30,15:50:09,20:50:09,7/9/26,--.--,--.--,--.--,--.--,--.--,--.--,--.--,--.--,--.--,--.--,--.--,--.--,0,--.--,--.--,--.--,--.--,--.--,--.--,--.--,--.--,--.--,--.--,--.--,--.--,--.--,--.--,--.--,--.--,0,0.000,0.000,0.000,0.000,0.000,0.000,0.000,0.000,0.000,0.000,0.000,0.000,true,true,true,true,true,true,false,false,true,true,false,false,0.27,0.03,0.00,--.--,--.--,--.--,0.19,0.21,9223372036854775808,0,--.--,--.--,--.--,--.--,--.--,0,0,0,0,37.4155077,-121.9944232,10SEG 88984 41442,0.7,1.1,78.7,3,10,--.--,--.--,,--.--,--.--,--.--,0,0,--.--,--.--,0,358.0,366.6,276.5,3.2,18.6,37.8,--.--,--.--,-29.9,0.7,-0.7,0.0,--.--,--.--,--.--,--.--,0.2,-0.0,275.2,120.0,220.0,-83.2,288.15,--.--,--.--,0,0,0.0,0.9,2.5,0,0,0,166.6,5.1,0.0
2026-07-09 15:50:10.552,-153.9,26.8,142,76.9,29.3,-1311.9,16.0,0.0,0.000,-38.9,-280.2,-242.4,-241.4,-309.200,0.000,0.000,0.000,2012.1,00:06:04,526.7,32.9,1,--.--,0,227,--.--,0000:32:26,70,0,0,1,1,15.30,-1.00,-111,--.--,50,--.--,--:--:--,1,-15.30,15:50:10,20:50:10,7/9/26,--.--,--.--,--.--,--.--,--.--,--.--,--.--,--.--,--.--,--.--,--.--,--.--,0,--.--,--.--,--.--,--.--,--.--,--.--,--.--,--.--,--.--,--.--,--.--,--.--,--.--,--.--,--.--,--.--,0,0.000,0.000,0.000,0.000,0.000,0.000,0.000,0.000,0.000,0.000,0.000,0.000,true,true,true,true,true,true,false,false,true,true,false,false,0.17,0.02,0.02,--.--,--.--,--.--,0.16,0.19,9223372036854775808,0,--.--,--.--,--.--,--.--,--.--,0,0,0,0,37.4155346,-121.9942265,10SEG 89001 41445,0.7,1.1,81.8,3,10,--.--,--.--,,--.--,--.--,--.--,0,0,--.--,--.--,0,360.9,383.4,315.2,2.8,16.2,40.1,--.--,--.--,-29.9,0.7,-0.7,0.0,--.--,--.--,--.--,--.--,0.0,0.2,341.6,99.9,-220.0,47.2,288.15,--.--,--.--,0,0,0.0,0.9,2.5,0,0,0,166.6,5.1,0.0
2026-07-09 15:50:11.552,-18.4,-24.0,318,105.7,-7.2,-1086.3,16.8,0.0,0.000,-42.7,-319.0,-281.3,-281.3,-349.551,0.000,0.000,0.000,2029.6,00:06:05,540.0,32.0,1,--.--,0,228,--.--,0000:32:26,70,0,0,1,1,15.30,-1.00,-111,--.--,50,--.--,--:--:--,1,-15.30,15:50:11,20:50:11,7/9/26,--.--,--.--,--.--,--.--,--.--,--.--,--.--,--.--,--.--,--.--,--.--,--.--,0,--.--,--.--,--.--,--.--,--.--,--.--,--.--,--.--,--.--,--.--,--.--,--.--,--.--,--.--,--.--,--.--,0,0.000,0.000,0.000,0.000,0.000,0.000,0.000,0.000,0.000,0.000,0.000,0.000,true,true,true,true,true,true,false,false,true,true,false,false,0.17,0.02,0.02,--.--,--.--,--.--,0.16,0.19,9223372036854775808,0,--.--,--.--,--.--,--.--,--.--,0,0,0,0,37.4155564,-121.9940566,10SEG 89016 41447,0.7,1.1,79.9,3,10,--.--,--.--,,--.--,--.--,--.--,0,0,--.--,--.--,0,364.0,398.7,355.9,3.5,16.3,44.1,--.--,--.--,-29.9,0.7,-0.7,0.0,--.--,--.--,--.--,--.--,-0.0,0.2,46.6,120.0,50.2,120.0,288.15,--.--,--.--,0,0,0.0,0.9,2.5,0,0,0,166.0,5.0,0.0
2026-07-09 15:50:12.552,-41.7,1.4,29,87.0,-103.3,-1041.1,12.0,0.0,0.000,-46.3,-360.1,-322.3,-322.3,-391.231,0.000,0.000,0.000,2040.2,00:06:06,549.8,45.5,1,--.--,0,228,--.--,0000:32:26,70,0,0,1,1,15.30,-1.00,-112,--.--,50,--.--,--:--:--,1,-15.30,15:50:12,20:50:12,7/9/26,--.--,--.--,--.--,--.--,--.--,--.--,--.--,--.--,--.--,--.--,--.--,--.--,0,--.--,--.--,--.--,--.--,--.--,--.--,--.--,--.--,--.--,--.--,--.--,--.--,--.--,--.--,--.--,--.--,0,0.000,0.000,0.000,0.000,0.000,0.000,0.000,0.000,0.000,0.000,0.000,0.000,true,true,true,true,true,true,false,false,true,true,false,false,0.23,0.01,0.01,--.--,--.--,--.--,0.15,0.18,9223372036854775808,0,--.--,--.--,--.--,--.--,--.--,0,0,0,0,37.4155820,-121.9939070,10SEG 89029 41450,0.7,1.1,73.5,3,10,--.--,--.--,,--.--,--.--,--.--,0,0,--.--,--.--,0,365.5,410.6,397.8,2.2,11.8,45.4,--.--,--.--,-29.9,0.7,-0.7,0.0,--.--,--.--,--.--,--.--,-0.2,0.1,71.1,120.0,-40.3,48.0,288.15,--.--,--.--,0,0,0.0,0.9,2.5,0,0,0,166.0,5.0,0.0
2026-07-09 15:50:13.551,141.3,46.0,331,169.9,-41.5,-1588.9,12.7,0.0,0.000,-52.1,-402.0,-364.2,-364.2,-438.007,0.000,0.000,0.000,2053.1,00:06:07,562.7,44.1,1,--.--,0,229,--.--,0000:32:26,70,0,0,1,1,15.30,-1.00,-112,--.--,50,--.--,--:--:--,1,-15.30,15:50:13,20:50:13,7/9/26,--.--,--.--,--.--,--.--,--.--,--.--,--.--,--.--,--.--,--.--,--.--,--.--,0,--.--,--.--,--.--,--.--,--.--,--.--,--.--,--.--,--.--,--.--,--.--,--.--,--.--,--.--,--.--,--.--,0,0.000,0.000,0.000,0.000,0.000,0.000,0.000,0.000,0.000,0.000,0.000,0.000,true,true,true,true,true,true,false,false,true,true,false,false,0.23,0.01,0.01,--.--,--.--,--.--,0.15,0.18,9223372036854775808,0,--.--,--.--,--.--,--.--,--.--,0,0,0,0,37.4156372,-121.9937717,10SEG 89041 41457,0.7,1.1,56.1,3,10,--.--,--.--,,--.--,--.--,--.--,0,0,--.--,--.--,0,372.0,422.0,445.6,5.1,10.2,52.0,--.--,--.--,-29.9,0.7,-0.7,0.0,--.--,--.--,--.--,--.--,0.1,-0.2,122.1,-120.0,-220.0,-93.5,288.15,--.--,--.--,0,0,0.0,0.9,2.5,0,0,0,165.6,5.0,0.0
2026-07-09 15:50:14.552,-177.9,39.7,233,85.2,-81.1,-2251.2,21.7,0.0,0.000,-51.4,-450.4,-412.6,-412.6,-488.417,0.000,0.000,0.000,2075.2,00:06:08,584.2,26.7,1,--.--,0,229,--.--,0000:32:26,70,0,0,1,1,15.30,-1.00,-112,--.--,50,--.--,--:--:--,1,-15.30,15:50:14,20:50:14,7/9/26,--.--,--.--,--.--,--.--,--.--,--.--,--.--,--.--,--.--,--.--,--.--,--.--,0,--.--,--.--,--.--,--.--,--.--,--.--,--.--,--.--,--.--,--.--,--.--,--.--,--.--,--.--,--.--,--.--,0,0.000,0.000,0.000,0.000,0.000,0.000,0.000,0.000,0.000,0.000,0.000,0.000,true,true,true,true,true,true,false,false,true,true,false,false,0.56,0.07,0.02,--.--,--.--,--.--,0.15,0.18,9223372036854775808,0,--.--,--.--,--.--,--.--,--.--,0,0,0,0,37.4157435,-121.9936029,10SEG 89056 41469,0.7,1.1,51.6,3,10,--.--,--.--,,--.--,--.--,--.--,0,0,--.--,--.--,0,386.9,437.4,496.0,16.5,18.6,51.3,--.--,--.--,-29.9,0.7,-0.7,0.0,--.--,--.--,--.--,--.--,0.1,0.2,184.4,-120.0,-220.0,63.0,288.15,--.--,--.--,0,0,0.0,0.9,2.5,0,0,0,165.6,5.0,0.0
2026-07-09 15:50:15.552,164.7,10.4,226,99.1,0.9,-2792.7,32.3,0.0,0.000,-48.3,-500.8,-463.1,-463.1,-538.360,0.000,0.000,0.000,2107.1,00:06:09,614.6,18.9,1,--.--,0,229,--.--,0000:32:26,70,0,0,1,1,15.30,-1.00,-112,--.--,50,--.--,--:--:--,1,-15.30,15:50:15,20:50:15,7/9/26,--.--,--.--,--.--,--.--,--.--,--.--,--.--,--.--,--.--,--.--,--.--,--.--,0,--.--,--.--,--.--,--.--,--.--,--.--,--.--,--.--,--.--,--.--,--.--,--.--,--.--,--.--,--.--,--.--,0,0.000,0.000,0.000,0.000,0.000,0.000,0.000,0.000,0.000,0.000,0.000,0.000,true,true,true,true,true,true,false,false,true,true,false,false,0.56,0.07,0.02,--.--,--.--,--.--,0.15,0.18,9223372036854775808,0,--.--,--.--,--.--,--.--,--.--,0,0,0,0,37.4158955,-121.9933519,10SEG 89078 41486,0.7,1.1,55.7,3,10,--.--,--.--,,--.--,--.--,--.--,0,0,--.--,--.--,0,404.3,462.6,545.8,17.4,27.1,48.0,--.--,--.--,-29.9,0.7,-0.7,0.0,--.--,--.--,--.--,--.--,-0.2,0.1,226.3,-120.0,-21.6,11.5,288.15,--.--,--.--,0,0,0.0,0.9,2.5,0,0,0,165.4,5.0,0.0
2026-07-09 15:50:16.551,173.7,13.1,295,80.2,-35.7,-3079.0,34.8,0.0,0.000,-44.3,-550.5,-512.7,-512.7,-585.431,0.000,0.000,0.000,2138.2,00:06:10,646.3,18.5,1,--.--,0,229,--.--,0000:32:26,70,0,0,1,1,15.30,-1.00,-113,--.--,50,--.--,--:--:--,1,-15.30,15:50:16,20:50:16,7/9/26,--.--,--.--,--.--,--.--,--.--,--.--,--.--,--.--,--.--,--.--,--.--,--.--,0,--.--,--.--,--.--,--.--,--.--,--.--,--.--,--.--,--.--,--.--,--.--,--.--,--.--,--.--,--.--,--.--,0,0.000,0.000,0.000,0.000,0.000,0.000,0.000,0.000,0.000,0.000,0.000,0.000,true,true,true,true,true,true,false,false,true,true,false,false,0.26,0.09,0.02,--.--,--.--,--.--,0.15,0.18,9223372036854775808,0,--.--,--.--,--.--,--.--,--.--,0,0,0,0,37.4160399,-121.9930438,10SEG 89105 41502,0.7,1.1,63.5,3,10,--.--,--.--,,--.--,--.--,--.--,0,0,--.--,--.--,0,419.8,491.1,592.2,14.2,30.4,44.1,--.--,--.--,-29.9,0.7,-0.7,0.0,--.--,--.--,--.--,--.--,-0.2,0.2,258.5,-120.0,-193.0,12.4,288.15,--.--,--.--,0,0,0.0,0.9,2.5,0,0,0,165.4,5.0,0.0
2026-07-09 15:50:17.552,152.4,-5.3,258,77.6,-53.7,-3329.2,35.8,0.0,0.000,-40.4,-596.5,-558.7,-558.7,-628.406,0.000,0.000,0.000,2173.9,00:06:11,678.6,18.8,1,--.--,0,230,--.--,0000:32:26,70,0,0,1,1,15.30,-1.00,-113,--.--,50,--.--,--:--:--,1,-15.30,15:50:17,20:50:17,7/9/26,--.--,--.--,--.--,--.--,--.--,--.--,--.--,--.--,--.--,--.--,--.--,--.--,0,--.--,--.--,--.--,--.--,--.--,--.--,--.--,--.--,--.--,--.--,--.--,--.--,--.--,--.--,--.--,--.--,0,0.000,0.000,0.000,0.000,0.000,0.000,0.000,0.000,0.000,0.000,0.000,0.000,true,true,true,true,true,true,false,false,true,true,false,false,0.26,0.09,0.02,--.--,--.--,--.--,0.15,0.18,9223372036854775808,0,--.--,--.--,--.--,--.--,--.--,0,0,0,0,37.4161568,-121.9926896,10SEG 89136 41515,0.7,1.1,72.7,3,10,--.--,--.--,,--.--,--.--,--.--,0,0,--.--,--.--,0,431.7,523.2,634.6,9.0,34.1,40.7,--.--,--.--,-29.9,0.7,-0.7,0.0,--.--,--.--,--.--,--.--,0.1,0.2,73.5,-120.0,220.0,48.2,288.15,--.--,--.--,0,0,0.0,0.9,2.5,0,0,0,165.5,5.0,0.0
2026-07-09 15:50:18.552,11.4,-37.6,51,75.1,-50.0,-3764.3,36.3,0.0,0.000,-41.8,-638.5,-600.7,-600.7,-668.204,0.000,0.000,0.000,2210.6,00:06:12,711.2,19.5,1,--.--,0,232,--.--,0000:32:26,70,0,0,1,1,15.30,-1.00,-113,--.--,50,--.--,--:--:--,1,-15.30,15:50:18,20:50:18,7/9/26,--.--,--.--,--.--,--.--,--.--,--.--,--.--,--.--,--.--,--.--,--.--,--.--,0,--.--,--.--,--.--,--.--,--.--,--.--,--.--,--.--,--.--,--.--,--.--,--.--,--.--,--.--,--.--,--.--,0,0.000,0.000,0.000,0.000,0.000,0.000,0.000,0.000,0.000,0.000,0.000,0.000,true,true,true,true,true,true,false,false,true,true,false,false,0.18,0.05,0.06,--.--,--.--,--.--,0.15,0.17,9223372036854775808,0,--.--,--.--,--.--,--.--,--.--,0,0,0,0,37.4162399,-121.9922940,10SEG 89171 41525,0.7,1.1,77.5,3,10,--.--,--.--,,--.--,--.--,--.--,0,0,--.--,--.--,0,439.1,559.1,674.2,2.7,37.0,43.3,--.--,--.--,-29.9,0.7,-0.7,0.0,--.--,--.--,--.--,--.--,-0.2,0.1,119.3,83.6,138.3,53.4,288.15,--.--,--.--,0,0,0.0,0.1,6.1,0,0,0,165.5,5.0,0.0
2026-07-09 15:50:19.551,179.5,39.6,320,63.0,-75.5,-4388.0,45.0,0.0,0.000,-36.3,-678.1,-640.3,-640.3,-703.770,0.000,0.000,0.000,2251.0,00:06:13,748.2,16.5,1,--.--,0,233,--.--,0000:32:26,70,0,0,1,1,15.30,-1.00,-113,--.--,50,--.--,--:--:--,1,-15.30,15:50:19,20:50:19,7/9/26,--.--,--.--,--.--,--.--,--.--,--.--,--.--,--.--,--.--,--.--,--.--,--.--,0,--.--,--.--,--.--,--.--,--.--,--.--,--.--,--.--,--.--,--.--,--.--,--.--,--.--,--.--,--.--,--.--,0,0.000,0.000,0.000,0.000,0.000,0.000,0.000,0.000,0.000,0.000,0.000,0.000,true,true,true,true,true,true,false,false,true,true,false,false,0.18,0.05,0.06,--.--,--.--,--.--,0.15,0.17,9223372036854775808,0,--.--,--.--,--.--,--.--,--.--,0,0,0,0,37.4162870,-121.9918351,10SEG 89212 41530,0.7,1.1,86.2,3,10,--.--,--.--,,--.--,--.--,--.--,0,0,--.--,--.--,0,445.8,600.5,707.7,1.0,44.5,33.0,--.--,--.--,-29.9,0.7,-0.7,0.0,--.--,--.--,--.--,--.--,-0.2,-0.0,187.0,-120.0,-220.0,7.7,288.15,--.--,--.--,0,0,0.0,0.1,6.1,0,0,0,165.5,5.0,0.0
2026-07-09 15:50:20.551,160.0,17.0,19,8.6,-177.3,-5292.1,42.1,0.0,0.000,-18.2,-710.0,-672.2,-672.2,-725.208,0.000,0.000,0.000,2293.8,00:06:14,778.8,18.4,1,--.--,0,236,--.--,0000:32:26,70,0,0,1,1,15.30,-1.00,-114,--.--,50,--.--,--:--:--,1,-15.30,15:50:20,20:50:20,7/9/26,--.--,--.--,--.--,--.--,--.--,--.--,--.--,--.--,--.--,--.--,--.--,--.--,0,--.--,--.--,--.--,--.--,--.--,--.--,--.--,--.--,--.--,--.--,--.--,--.--,--.--,--.--,--.--,--.--,0,0.000,0.000,0.000,0.000,0.000,0.000,0.000,0.000,0.000,0.000,0.000,0.000,true,true,true,true,true,true,false,false,true,true,false,false,0.33,0.06,0.07,--.--,--.--,--.--,0.15,0.18,9223372036854775808,0,--.--,--.--,--.--,--.--,--.--,0,0,0,0,37.4162659,-121.9913580,10SEG 89254 41529,0.7,1.1,98.3,3,10,--.--,--.--,,--.--,--.--,--.--,0,0,--.--,--.--,0,440.3,642.1,727.7,-8.1,40.5,15.9,--.--,--.--,-29.9,0.7,-0.7,0.0,--.--,--.--,--.--,--.--,0.2,-0.1,217.1,-120.0,-173.3,-44.0,288.15,--.--,--.--,0,0,0.0,0.1,6.1,0,0,0,165.5,5.0,0.0
2026-07-09 15:50:21.552,-139.4,25.4,152,-3.3,-156.4,-6380.5,34.9,0.0,0.000,1.5,-729.2,-691.4,-691.4,-734.908,0.000,0.000,0.000,2333.1,00:06:15,802.2,22.9,1,--.--,0,238,--.--,0000:32:26,70,0,0,1,1,15.30,-1.00,-114,--.--,50,--.--,--:--:--,1,-15.30,15:50:21,20:50:21,7/9/26,--.--,--.--,--.--,--.--,--.--,--.--,--.--,--.--,--.--,--.--,--.--,--.--,0,--.--,--.--,--.--,--.--,--.--,--.--,--.--,--.--,--.--,--.--,--.--,--.--,--.--,--.--,--.--,--.--,0,0.000,0.000,0.000,0.000,0.000,0.000,0.000,0.000,0.000,0.000,0.000,0.000,true,true,true,true,true,true,false,false,true,true,false,false,0.33,0.06,0.07,--.--,--.--,--.--,0.15,0.18,9223372036854775808,0,--.--,--.--,--.--,--.--,--.--,0,0,0,0,37.4161586,-121.9909284,10SEG 89292 41517,0.7,1.1,114.3,3,10,--.--,--.--,,--.--,--.--,--.--,0,0,--.--,--.--,0,428.1,678.3,734.7,-14.1,28.5,-4.6,--.--,--.--,-29.9,0.7,-0.7,0.0,--.--,--.--,--.--,--.--,-0.2,0.1,195.9,120.0,199.5,35.2,288.15,--.--,--.--,0,0,0.0,0.1,6.1,0,0,0,165.5,5.0,0.0
2026-07-09 15:50:22.552,-119.8,19.4,192,22.5,-39.8,-6476.3,17.4,0.0,0.000,4.1,-734.5,-696.8,-696.8,-732.080,0.000,0.000,0.000,2353.2,00:06:16,808.8,46.5,1,--.--,0,239,--.--,0000:32:26,70,0,0,1,1,15.30,-1.00,-115,--.--,50,--.--,--:--:--,1,-15.30,15:50:22,20:50:22,7/9/26,--.--,--.--,--.--,--.--,--.--,--.--,--.--,--.--,--.--,--.--,--.--,--.--,0,--.--,--.--,--.--,--.--,--.--,--.--,--.--,--.--,--.--,--.--,--.--,--.--,--.--,--.--,--.--,--.--,0,0.000,0.000,0.000,0.000,0.000,0.000,0.000,0.000,0.000,0.000,0.000,0.000,true,true,true,true,true,true,false,false,true,true,false,false,0.94,0.36,0.14,--.--,--.--,--.--,0.17,0.18,9223372036854775808,0,--.--,--.--,--.--,--.--,--.--,0,0,0,0,37.4160333,-121.9906881,10SEG 89314 41503,0.7,1.1,131.1,3,10,--.--,--.--,,--.--,--.--,--.--,0,0,--.--,--.--,0,414.5,694.5,731.8,-10.2,12.3,-4.5,--.--,--.--,-29.9,0.7,-0.7,0.0,--.--,--.--,--.--,--.--,0.1,0.2,59.5,-106.0,-220.0,112.1,288.15,--.--,--.--,0,0,0.0,0.1,6.1,0,0,0,165.5,5.0,0.0
