OSD.flyTime [s],OSD.latitude,OSD.longitude,OSD.altitude [m],OSD.xSpeed [m/s],MPH to m/s,OSD.ySpeed [m/s],OSD.zSpeed [m/s],OSD.pitch,OSD.roll,OSD.yaw,OSD.hSpeed [m/s],RC.aileron,RC.elevator,RC.throttle,RC.rudder,OSD.vpsHeight [m],ft to m,HOME.heightLimit [ft],HOME.distance [ft],BATTERY.chargeLevel,BATTERY.voltage [V],BATTERY.current [A],WEATHER.windDirection,WEATHER.windSpeed [m/s],WEATHER.windStrength
0,35.18360308,-97.44557378,1128,0,0.44704,0,0,-1.2,1.7,132.5,0,1024,1024,1024,1024,0.984252,3.28084,322.834656,0.984252,97,8.218,0.902,NW,0.089408,Calm
0.1,35.18360309,-97.44557379,1128,0,,0,0,-1.2,1.7,132.5,0,1024,1024,1024,1024,0.984252,,322.834656,0.984252,97,8.218,0.902,NW,0.089408,Calm
0.2,35.18360308,-97.44557379,1128,0,,0,0,-1.2,1.7,132.5,0,1024,1024,1024,1024,0.984252,,322.834656,0.984252,97,8.218,0.902,NW,0.089408,Calm
0.3,35.18360306,-97.44557381,1128,0,,0,0,-1.2,1.7,132.5,0,1024,1024,1024,1024,0.984252,,322.834656,0.984252,97,8.218,0.902,NW,0.089408,Calm
0.4,35.18360308,-97.44557382,1128,0,,0,0,-1.2,1.7,132.3,0,1024,1024,1024,1024,0.984252,,322.834656,0.984252,97,8.219,0.894,NW,0.089408,Calm
0.5,35.18360307,-97.44557384,1128,0,,0,0,-1.2,1.7,132.2,0,1024,1024,1024,1024,0.984252,,322.834656,0.984252,97,8.219,0.894,NW,0.089408,Calm
0.6,35.18360311,-97.44557379,1128,0,,0,0,-1.2,1.7,132.2,0,1024,1024,1024,1024,0.984252,,322.834656,0.984252,97,8.219,0.894,NW,0.089408,Calm
0.7,35.18360318,-97.44557368,1128,0,,0,0,-1.2,1.7,132.2,0,1024,1024,1024,1024,0.984252,,322.834656,0.984252,97,8.219,0.894,NW,0.089408,Calm
0.8,35.18360321,-97.44557365,1128,0,,0,0,-1.2,1.7,132.2,0,1024,1024,1024,1024,0.984252,,322.834656,0.984252,97,8.219,0.894,W,0.089408,Calm
0.9,35.18360311,-97.44557376,1128,0,,0,0,-1.2,1.7,132.2,0,1024,1024,1024,1024,0.984252,,322.834656,0.984252,97,8.219,0.894,W,0.089408,Calm
1,35.18360311,-97.44557373,1128,0,,0,0,-1.2,1.7,132.2,0,1024,1024,1024,1024,0.984252,,322.834656,0.984252,97,8.219,0.894,W,0.089408,Calm
1.1,35.18360309,-97.44557378,1128,0,,0,0,-1.2,1.7,132.2,0,1024,1024,1024,1024,0.984252,,322.834656,0.984252,97,8.219,0.894,W,0.089408,Calm
1.2,35.18360309,-97.44557378,1128,0,,0,0,-1.2,1.7,132.2,0,1024,1024,1024,1024,0.984252,,322.834656,0.984252,97,8.219,0.894,NW,0.089408,Calm
1.3,35.18360308,-97.4455738,1128,0,,0,0,-1.2,1.7,132.2,0,1024,1024,1024,1024,0.984252,,322.834656,0.984252,97,8.219,0.894,NW,0.089408,Calm
1.4,35.18360308,-97.4455738,1128,0,,0,0,-1.2,1.7,132.2,0,1024,1024,1024,1024,0.984252,,322.834656,0.984252,97,8.07,0.894,NW,0.089408,Calm
1.5,35.18360308,-97.44557379,1128,0,,0,0,-1.2,1.7,132.2,0,1024,1024,1024,1024,0.984252,,322.834656,0.984252,97,8.07,0.894,NW,0.089408,Calm
1.6,35.18360308,-97.44557379,1128,0,,0,0,-1.2,1.7,132.2,0,1024,1024,1024,1024,0.984252,,322.834656,0.984252,97,8.07,0.894,NW,0.089408,Calm
1.7,35.18360308,-97.4455738,1128,0,,0,0,-1.2,1.7,132.2,0,1024,1024,1024,1024,0.984252,,322.834656,0.984252,97,8.07,0.894,NW,0.089408,Calm
1.8,35.18360308,-97.4455738,1128,0,,0,0,-1.2,1.7,132.2,0,1024,1024,1024,1024,0.984252,,322.834656,0.984252,97,8.07,0.894,NW,0.089408,Calm
1.9,35.18360309,-97.44557379,1128,0,,0,0,-1.3,1.7,132.2,0,1024,1024,1024,1024,0.984252,,322.834656,0.984252,97,8.07,0.894,NW,0.089408,Calm
2,35.18360308,-97.44557379,1128,0,,0,0,-1.3,1.6,131.9,0,1024,1024,1024,1024,0.984252,,322.834656,0.984252,97,8.07,0.894,NW,0.089408,Calm
2.1,35.18360305,-97.44557378,1128,0,,0,0,-1.2,-0.2,131.1,0,1024,1024,1024,1024,0.984252,,322.834656,0.984252,97,8.07,0.894,NW,0.089408,Calm
2.2,35.183603,-97.44557375,1128,0,,0,-0.200000332,-2.2,-2.4,131,0,1024,1024,1024,1024,0.984252,,322.834656,0.984252,97,8.07,0.894,NW,0.089408,Calm
2.3,35.18360294,-97.44557361,1128,0,,0.100000166,-0.400000663,-0.1,-1.6,132.2,0.100000166,1024,1024,1024,1024,0.984252,,322.834656,0.984252,97,8.07,0.894,NW,0.089408,Calm
2.4,35.1836029,-97.4455734,1128,0,,0.200000332,-0.500000829,2,0.9,132.6,0.200000332,1024,1024,1024,1024,0.984252,,322.834656,1.64042,97,8.07,2.73,NW,0.089408,Calm
2.5,35.18360286,-97.44557315,1128,0,,0.200000332,-0.500000829,2.6,2.4,132.2,0.200000332,1024,1024,1024,1024,1.968504,,322.834656,1.64042,97,8.07,2.73,NW,0.089408,Calm
2.6,35.18360281,-97.44557298,1129,0,,0.100000166,-0.500000829,2.3,1.5,132,0.100000166,1024,1024,1024,1024,1.968504,,322.834656,1.64042,97,8.07,2.73,NW,0.089408,Calm
2.7,35.18360274,-97.44557275,1129,0,,0.100000166,-0.500000829,2.4,0.4,132.2,0.100000166,1024,1024,1024,1024,2.952756,,322.834656,1.64042,97,8.07,2.73,NW,0.0983488,Calm
2.8,35.18360268,-97.44557254,1129,0,,0.100000166,-0.500000829,3.1,1.4,132,0.100000166,1024,1024,1024,1024,2.952756,,322.834656,1.64042,97,8.07,2.73,W,0.0983488,Calm
2.9,35.18360263,-97.44557239,1129,0,,0.100000166,-0.500000829,3.6,2.1,132.1,0.100000166,1024,1024,1024,1024,4.265092,,322.834656,1.64042,97,8.07,2.73,W,0.0983488,Calm
3,35.18360256,-97.44557223,1129,0,,0.100000166,-0.500000829,3.4,1.5,132.2,0.100000166,1024,1024,1024,1024,4.265092,,322.834656,1.64042,97,8.07,2.73,NW,0.1966976,Calm
3.1,35.1836025,-97.44557204,1129,0,,0.100000166,-0.500000829,3.5,1,132.1,0.100000166,1024,1024,1024,1024,5.249344,,322.834656,1.64042,97,8.07,2.73,NW,0.1966976,Calm
3.2,35.18360244,-97.44557191,1129,0,,0.100000166,-0.500000829,3.8,1.4,132,0.100000166,1024,1024,1024,1024,5.249344,,322.834656,1.64042,97,8.07,2.73,NW,0.2995168,Calm
3.3,35.18360242,-97.44557185,1129,0,,0,-0.500000829,4.1,1,132.1,0,1024,1024,1024,1024,6.233596,,322.834656,1.968504,97,8.07,2.73,NW,0.2995168,Calm
3.4,35.18360237,-97.44557176,1130,0,,0,-0.500000829,3.9,1.3,132.1,0,1024,1024,1024,1024,6.233596,,322.834656,1.968504,97,7.964,5.359,NW,0.2995168,Calm
3.5,35.18360217,-97.44557169,1130,0,,0,-0.500000829,4,0.8,132.2,0,1024,1024,1024,1024,7.217848,,322.834656,1.968504,97,7.964,5.359,NW,0.3978656,Calm
3.6,35.18360212,-97.44557163,1130,0,,0,-0.500000829,3.8,0.5,132.2,0,1024,1024,1024,1024,7.217848,,322.834656,2.296588,97,7.964,5.359,NW,0.3978656,Calm
3.7,35.18360218,-97.44557161,1130,0,,0,-0.400000663,4.3,0.3,132.3,0,1024,1024,1024,1024,8.530184,,322.834656,2.296588,97,7.964,5.359,NW,0.4962144,Calm
3.8,35.18360215,-97.44557155,1130,0,,0,-0.400000663,4.3,0.7,132.3,0,1024,1024,1024,1024,8.530184,,322.834656,2.296588,97,7.964,5.359,NW,0.5990336,Calm
3.9,35.18360224,-97.44557147,1130,0,,0,-0.500000829,4.2,1.3,132.3,0,1024,1024,1024,1024,9.514436,,322.834656,2.296588,97,7.964,5.359,NW,0.5990336,Calm
4,35.18360224,-97.44557144,1131,0,,0,-0.500000829,3.9,1.6,132.3,0,1024,1024,1024,1024,9.514436,,322.834656,2.296588,97,7.964,5.359,NW,0.6973824,Calm
4.1,35.18360217,-97.4455714,1131,0,,0,-0.500000829,3.8,1.1,132.3,0,1024,1024,1024,1024,10.498688,,322.834656,2.296588,97,7.964,5.359,NW,0.6973824,Calm
4.2,35.1836022,-97.44557145,1131,0,,0,-0.500000829,3.7,0.3,132.2,0,1024,1024,1024,1024,10.498688,,322.834656,2.296588,97,7.964,5.359,NW,0.7957312,Calm
4.3,35.18360223,-97.44557146,1131,0,,0,-0.400000663,3.6,1.3,132.1,0,1024,1024,1024,1024,11.811024,,322.834656,2.296588,97,7.964,5.359,NW,0.7957312,Calm
4.4,35.18360228,-97.44557148,1131,0,,0,-0.400000663,2.8,2,132,0,1024,1024,1024,1024,11.811024,,322.834656,2.296588,97,7.964,5.359,NW,0.8985504,Calm
4.5,35.18360238,-97.44557147,1131,0,,0,-0.200000332,4,1.4,132,0,1024,1024,1024,1024,12.795276,,322.834656,2.296588,97,7.964,5.359,NW,0.8985504,Calm
4.6,35.18360241,-97.44557152,1131,0,,0,0,1.6,2.9,132.2,0,1024,1024,1024,1024,12.795276,,322.834656,2.296588,97,7.964,5.359,NW,0.9968992,Calm
4.7,35.18360239,-97.4455716,1131,0,,0,0,1,-0.4,132.8,0,1024,1024,1024,1024,11.811024,,322.834656,1.968504,97,7.964,5.359,NW,0.9968992,Calm
4.8,35.18360233,-97.44557167,1132,0,,0,0,3.7,-3.1,132.3,0,1024,1024,1024,1024,12.795276,,322.834656,1.968504,97,7.952,5.359,NW,0.9968992,Calm
4.9,35.18360233,-97.44557166,1132,0,,0,0,5,-1,132.1,0,1024,1024,1024,1024,11.811024,,322.834656,1.968504,97,7.952,5.359,NW,1.0997184,Calm
5,35.18360234,-97.44557159,1131,0,,0,0,3.4,2.4,132.2,0,1024,1024,1024,1024,11.811024,,322.834656,1.968504,97,7.952,5.359,NW,1.0997184,Calm
5.1,35.18360237,-97.44557157,1131,0,,0,0,3.3,3.1,132.3,0,1024,1024,1024,1024,11.811024,,322.834656,1.968504,97,7.952,5.359,NW,1.1980672,Calm
5.2,35.18360233,-97.44557154,1131,0,,0,0,3.7,1.6,132.4,0,1024,1024,1024,1024,11.811024,,322.834656,2.296588,97,7.952,5.359,NW,1.1980672,Calm
5.3,35.18360231,-97.44557153,1131,0,,0,0,4.7,0.6,132.3,0,1024,1024,1024,1024,12.795276,,322.834656,2.296588,97,7.952,5.359,NW,1.296416,Calm
5.4,35.18360228,-97.44557152,1131,0,,0,0,5.5,0.2,132.2,0,1024,1024,1024,1024,11.811024,,322.834656,2.296588,97,7.952,5.008,NW,1.296416,Calm
5.5,35.18360224,-97.44557148,1131,0,,0,0,5.1,0.9,132.2,0,1024,1024,1024,1024,11.811024,,322.834656,2.296588,97,7.952,5.008,NW,1.3992352,Calm
5.6,35.18360223,-97.44557144,1131,0,,0,0,4.6,1.7,132.1,0,1024,1024,1024,1024,11.811024,,322.834656,2.296588,97,7.952,5.008,NW,1.3992352,Calm
5.7,35.18360222,-97.44557133,1132,0,,0,0,5.5,2.6,132.2,0,1024,1024,1024,1024,11.811024,,322.834656,2.296588,97,7.952,5.008,NW,1.497584,Calm
5.8,35.18360221,-97.4455713,1131,0,,0,0,5.8,1.6,132.4,0,1024,1024,1024,1024,11.811024,,322.834656,2.296588,97,7.952,5.008,NW,1.497584,Calm
5.9,35.18360218,-97.44557128,1131,0,,0,0,5.4,1.1,132.4,0,1024,1024,1024,1024,11.811024,,322.834656,2.624672,97,7.952,5.008,NW,1.5959328,Calm
6,35.18360219,-97.44557126,1131,0,,0,0,5.2,2.1,132.4,0,1024,1024,1024,1024,11.811024,,322.834656,2.624672,97,7.952,5.008,NW,1.5959328,Calm
6.1,35.18360225,-97.44557134,1131,0,,0,0,4.4,1.8,132.3,0,1024,1024,1024,1024,11.811024,,322.834656,2.296588,97,7.952,5.008,NW,1.698752,Calm
6.2,35.18360226,-97.44557137,1131,0,,0,0,4.7,0.8,132.2,0,1024,1024,1024,1024,11.811024,,322.834656,2.296588,97,7.952,5.008,NW,1.7971008,Calm
6.3,35.18360227,-97.44557138,1131,0,,0,0,4.5,1.2,132.2,0,1024,1024,1024,1024,11.811024,,322.834656,2.296588,97,7.952,5.008,NW,1.7971008,Calm
6.4,35.1836023,-97.44557138,1131,0,,0,0,4.6,2.1,132.2,0,1024,1024,1024,1024,11.811024,,322.834656,2.296588,97,7.933,5.008,NW,1.89992,Calm
6.5,35.18360233,-97.44557137,1131,0,,0,0,5.2,3.3,132.3,0,1024,1024,1024,1024,11.811024,,322.834656,2.296588,97,7.933,5.008,NW,1.89992,Calm
6.6,35.18360233,-97.44557137,1131,0,,0,0,5.2,2.4,132.3,0,1024,1024,1024,1024,11.811024,,322.834656,2.296588,97,7.933,5.008,NW,1.9982688,Calm
6.7,35.18360232,-97.4455714,1131,0,,0,0,5.4,1.7,132.3,0,1024,1024,1024,1024,11.811024,,322.834656,2.296588,97,7.933,5.008,NW,1.9982688,Calm
6.8,35.18360232,-97.44557143,1131,0,,0,0,5.6,0.9,132.2,0,1024,1024,1024,1024,11.811024,,322.834656,2.296588,97,7.933,5.008,NW,2.0966176,Calm
6.9,35.18360235,-97.44557147,1131,0,,0,0,5.2,1.4,132.3,0,1024,1024,1024,1024,11.811024,,322.834656,2.296588,97,7.933,5.008,NW,2.0966176,Calm
7,35.18360237,-97.44557149,1131,0,,0,0,4.7,1.8,132.3,0,1024,1024,1024,1024,11.811024,,322.834656,2.296588,97,7.933,5.008,NW,2.1994368,Calm
7.1,35.1836024,-97.44557151,1131,0,,0,0,4.3,2.7,132.3,0,1024,1024,1024,1024,11.811024,,322.834656,2.296588,97,7.933,5.008,NW,2.1994368,Calm
7.2,35.18360241,-97.44557154,1131,0,,0,0,4.7,2.5,132.4,0,1024,1024,1024,1024,11.811024,,322.834656,2.296588,97,7.933,5.008,NW,2.2977856,Calm
7.3,35.1836024,-97.44557157,1131,0,,0,0,5,1.2,132.2,0,1024,1024,1024,1024,11.811024,,322.834656,1.968504,97,7.933,5.008,NW,2.3961344,Calm
7.4,35.18360241,-97.44557162,1131,0,,0,0,4.4,1.8,132.3,0,1024,1024,1024,1024,11.811024,,322.834656,1.968504,97,7.933,5.183,NW,2.3961344,Calm
7.5,35.18360244,-97.44557167,1131,0,,0,0,3.7,1.7,132.4,0,1024,1024,1024,1024,11.811024,,322.834656,1.968504,97,7.933,5.183,NW,2.3961344,Calm
7.6,35.18360245,-97.44557171,1131,0,,0,0,4.7,0.9,132.3,0,1024,1024,1024,1024,11.811024,,322.834656,1.968504,97,7.933,5.183,NW,2.4989536,Calm
7.7,35.18360248,-97.44557173,1131,0,,0,0,4.1,1.6,132.3,0,1024,1024,1024,1024,11.811024,,322.834656,1.968504,97,7.933,5.183,NW,2.4989536,Calm
7.8,35.18360251,-97.44557174,1131,0,,0,0,4.2,2,132.4,0,1024,1024,1024,1024,11.811024,,322.834656,1.968504,97,7.919,5.183,NW,2.5973024,Calm
7.9,35.18360251,-97.44557176,1131,0,,0,0,5,2.8,132.3,0,1024,1024,1024,1024,11.811024,,322.834656,1.968504,97,7.919,5.183,W,2.5973024,Calm
8,35.18360252,-97.44557179,1131,0,,0,0,4.8,2.9,132.4,0,1024,1024,1024,1024,11.811024,,322.834656,1.968504,97,7.919,5.183,NW,2.6956512,Calm
8.1,35.18360252,-97.44557184,1131,0,,0,0,4.3,1.6,132.3,0,1024,1024,1024,1024,11.811024,,322.834656,1.968504,97,7.919,5.183,NW,2.6956512,Calm
8.2,35.18360251,-97.4455719,1131,0,,0,0,4.1,1.1,132.2,0,1024,1024,1024,1024,11.811024,,322.834656,1.64042,97,7.919,5.183,NW,2.6956512,Calm
8.3,35.18360249,-97.44557195,1131,0,,0,0,4.3,0.5,132.1,0,1024,1024,1024,1024,11.811024,,322.834656,1.64042,97,7.919,5.183,NW,2.7984704,Calm
8.4,35.18360245,-97.44557199,1131,0,,0,0,5,-0.1,132,0,1024,1024,1024,1024,11.811024,,322.834656,1.64042,97,7.919,5.173,NW,2.7984704,Calm
8.5,35.18360242,-97.44557199,1131,0,,0,0,5.6,1.3,132.1,0,1024,1024,1024,1024,11.811024,,322.834656,1.64042,97,7.919,5.173,NW,2.7984704,Calm
8.6,35.18360242,-97.44557199,1131,0,,0,0,5.2,1.5,132.4,0,1024,1024,1024,1024,11.811024,,322.834656,1.64042,97,7.919,5.173,NW,2.8968192,Calm
8.7,35.18360243,-97.44557197,1131,0,,0,0,5.1,1.7,132.4,0,1024,1024,1024,1024,11.811024,,322.834656,1.64042,97,7.919,5.173,NW,2.8968192,Calm
8.8,35.18360245,-97.44557197,1131,0,,0,0,5.1,1.7,132.3,0,1024,1024,1024,1024,11.811024,,322.834656,1.64042,97,7.919,5.173,NW,2.8968192,Calm
8.9,35.18360247,-97.44557197,1131,0,,0,0,5.1,2.3,132.3,0,1024,1024,1024,1024,11.811024,,322.834656,1.64042,97,7.919,5.173,NW,2.9996384,Calm
9,35.18360248,-97.44557197,1131,0,,0,0,5.3,2.7,132.3,0,1024,1024,1024,1024,11.811024,,322.834656,1.64042,97,7.919,5.173,NW,2.9996384,Calm
9.1,35.18360247,-97.44557198,1131,0,,0,0,5.2,2,132.4,0,1024,1024,1024,1024,11.811024,,322.834656,1.64042,97,7.919,5.173,NW,2.9996384,Calm
9.2,35.18360247,-97.44557199,1131,0,,0,0,5.4,1.7,132.3,0,1024,1024,1024,1024,11.811024,,322.834656,1.64042,97,7.919,5.173,NW,3.0979872,Calm
9.3,35.18360246,-97.44557202,1131,0,,0,0,4.9,1.2,132.4,0,1024,1024,1053,1024,11.811024,,322.834656,1.64042,97,7.919,5.173,NW,3.0979872,Calm
9.4,35.18360246,-97.44557206,1131,0,,0,0,4.7,0.8,132.5,0,1024,1024,1143,1024,11.811024,,322.834656,1.64042,97,7.913,5.173,NW,3.0979872,Calm
9.5,35.18360249,-97.44557207,1131,0,,0,0,4.6,1.7,132.4,0,1024,1024,1161,1024,11.811024,,322.834656,1.64042,97,7.913,5.173,NW,3.0979872,Calm
9.6,35.18360251,-97.44557209,1131,0,,0,0,4.6,2.5,132.2,0,1024,1024,1161,1024,11.811024,,322.834656,1.64042,97,7.913,5.173,NW,3.196336,Calm
9.7,35.18360253,-97.44557212,1131,0,,0,0,4.7,2.3,132.2,0,1024,1024,1160,1024,12.795276,,322.834656,1.64042,97,7.913,5.173,NW,3.196336,Calm
9.8,35.18360252,-97.44557216,1132,0,,0,0,4.3,1.2,132.2,0,1024,1024,1169,1024,12.795276,,322.834656,1.64042,97,7.913,5.173,NW,3.196336,Calm
9.9,35.1836025,-97.44557224,1132,0,,0,0,4.1,0.3,132.3,0,1024,1024,1172,1024,12.795276,,322.834656,1.312336,97,7.913,5.173,NW,3.196336,Calm
10,35.18360248,-97.4455723,1132,0,,0,0,4.6,-0.1,132.3,0,1024,1024,1178,1024,12.795276,,322.834656,1.312336,97,7.913,5.173,NW,3.2991552,Calm
10.1,35.18360247,-97.44557234,1132,0,,0,0,5,0.5,132.3,0,1024,1024,1202,1024,12.795276,,322.834656,1.312336,97,7.913,5.173,NW,3.2991552,Calm
10.2,35.18360249,-97.44557231,1132,0,,0,-0.100000166,5,1.2,132.4,0,1024,1024,1226,1024,12.795276,,322.834656,1.312336,97,7.913,5.173,NW,3.2991552,Calm
10.3,35.18360251,-97.44557232,1132,0,,0,-0.100000166,4.5,1.7,132.3,0,1024,1024,1227,1024,12.795276,,322.834656,1.312336,97,7.913,5.173,NW,3.2991552,Calm
10.4,35.18360249,-97.44557229,1132,0,,0,-0.100000166,4.5,2,132.3,0,1024,1024,1229,1024,12.795276,,322.834656,1.312336,97,7.913,5.246,NW,3.2991552,Calm
10.5,35.18360249,-97.44557231,1132,0,,0,-0.100000166,5.2,1.5,132.4,0,1024,1024,1228,1024,12.795276,,322.834656,1.312336,97,7.913,5.246,NW,3.2991552,Calm
10.6,35.18360248,-97.44557233,1132,0,,0,-0.100000166,5.3,1.3,132.2,0,1024,1024,1224,1024,12.795276,,322.834656,1.312336,97,7.913,5.246,NW,3.397504,Calm
10.7,35.1836025,-97.44557243,1132,0,,0,-0.100000166,4.3,0.6,132.3,0,965,1024,1224,1024,13.779528,,322.834656,1.312336,97,7.913,5.246,NW,3.397504,Calm
10.8,35.18360251,-97.44557249,1132,0,,0,-0.100000166,4.1,0.2,132.2,0,890,1024,1223,1024,13.779528,,322.834656,1.312336,97,7.913,5.246,NW,3.397504,Calm
10.9,35.18360256,-97.4455726,1132,0,,0,-0.100000166,4.6,0.7,132.3,0,806,1024,1223,1024,13.779528,,322.834656,0.984252,97,7.913,5.246,NW,3.397504,Calm
11,35.18360259,-97.44557264,1132,0,,0,-0.100000166,3.9,0.9,132.2,0,732,1024,1223,1024,13.779528,,322.834656,0.984252,97,7.913,5.246,NW,3.397504,Calm
11.1,35.18360261,-97.44557266,1132,0,,0,-0.200000332,4.3,0.3,132.2,0,703,1024,1221,1024,13.779528,,322.834656,0.984252,97,7.913,5.246,NW,3.397504,Calm
11.2,35.18360263,-97.44557269,1132,0,,0,-0.100000166,4.8,-0.9,132.2,0,661,1024,1220,1024,13.779528,,322.834656,0.984252,97,7.913,5.246,NW,3.397504,Calm
11.3,35.18360264,-97.44557268,1132,0,,0,-0.100000166,4.7,-2.8,132.2,0,615,1024,1204,1024,14.76378,,322.834656,0.984252,97,7.913,5.246,NW,3.397504,Calm
11.4,35.1836027,-97.44557264,1132,0.100000166,,0,-0.100000166,4.3,-4.5,132.1,0.100000166,558,1024,1200,1024,14.76378,,322.834656,0.984252,97,7.907,5.297,NW,3.397504,Calm
11.5,35.18360284,-97.4455725,1132,0.100000166,,0.100000166,-0.100000166,4.4,-4.1,132,0.141421551,544,1024,1156,1024,14.76378,,322.834656,0.984252,97,7.907,5.297,NW,3.397504,Calm
11.6,35.18360302,-97.44557234,1132,0.200000332,,0.100000166,-0.100000166,4.2,-5.3,131.9,0.223606726,546,1024,1111,1024,14.76378,,322.834656,1.312336,97,7.907,5.297,NW,3.397504,Calm
11.7,35.18360329,-97.44557203,1132,0.300000497,,0.200000332,-0.100000166,4.5,-6.6,131.9,0.360555642,522,1024,1109,1024,14.76378,,322.834656,1.64042,97,7.907,5.297,NW,3.397504,Calm
11.8,35.18360361,-97.4455717,1132,0.300000497,,0.300000497,0,4.5,-7.1,132,0.424264653,518,1024,1069,1024,14.76378,,322.834656,1.968504,97,7.907,5.297,NW,3.397504,Calm
11.9,35.18360396,-97.4455713,1133,0.400000663,,0.300000497,0,4.1,-8.7,132,0.500000829,648,1024,1030,1024,14.76378,,322.834656,2.624672,97,7.907,5.297,NW,3.397504,Calm
12,35.18360448,-97.44557074,1133,0.500000829,,0.400000663,0,3.8,-9.7,132,0.640313274,648,1024,1030,1024,14.76378,,322.834656,3.28084,97,7.907,5.297,NW,3.397504,Calm
12.1,35.18360513,-97.44557003,1133,0.600000995,,0.600000995,0,4.4,-8.4,131.9,0.848529306,1024,1024,1024,1024,14.76378,,322.834656,4.265092,97,7.907,5.297,NW,3.397504,Calm
12.2,35.18360574,-97.44556935,1133,0.70000116,,0.600000995,0,4.6,-3.7,132.3,0.921955626,1024,1024,1024,1024,14.76378,,322.834656,5.249344,97,7.907,5.297,NW,3.397504,Calm
12.3,35.1836063,-97.44556865,1133,0.70000116,,0.600000995,0,4.2,-0.4,132.4,0.921955626,1024,1024,1024,1024,14.76378,,322.834656,6.233596,97,7.907,5.297,NW,3.397504,Calm
12.4,35.18360688,-97.4455679,1133,0.600000995,,0.600000995,0,5.3,-0.7,132.2,0.848529306,1024,1024,1024,1024,14.76378,,322.834656,7.217848,97,7.907,5.297,NW,3.397504,Calm
12.5,35.18360759,-97.44556705,1133,0.600000995,,0.600000995,0,5.6,3.4,132.3,0.848529306,1231,1024,1024,1024,14.76378,,322.834656,8.530184,97,7.907,5.297,NW,3.2991552,Calm
12.6,35.18360806,-97.44556653,1133,0.600000995,,0.500000829,0,4.3,7.6,132.6,0.781025819,1548,1024,1024,1024,14.76378,,322.834656,9.186352,97,7.907,5.297,NW,3.2991552,Calm
12.7,35.18360853,-97.44556602,1133,0.400000663,,0.400000663,0,3.6,5.6,132.7,0.565686204,1492,1024,1024,1024,14.76378,,322.834656,9.84252,97,7.907,5.297,NW,3.2991552,Calm
12.8,35.18360895,-97.44556553,1133,0.400000663,,0.300000497,0,4.4,9.2,132.7,0.500000829,1024,1024,1024,1024,14.76378,,322.834656,10.498688,97,7.904,5.297,NW,3.2991552,Calm
12.9,35.18360918,-97.44556523,1133,0.200000332,,0.200000332,0,4.1,9.4,132.8,0.282843102,1024,1024,1024,1024,14.76378,,322.834656,10.826772,97,7.904,5.297,NW,3.2991552,Calm
13,35.18360927,-97.44556511,1133,0,,0.100000166,0,4.2,2.4,132.5,0.100000166,1002,1024,1024,1024,14.76378,,322.834656,11.154856,97,7.904,5.297,NW,3.2991552,Calm
13.1,35.18360933,-97.44556497,1133,0,,0.100000166,0,5.9,-0.4,132.3,0.100000166,695,1024,1024,1024,14.76378,,322.834656,11.154856,97,7.904,5.297,NW,3.2991552,Calm
13.2,35.18360937,-97.44556483,1133,0,,0.100000166,0,6.6,-0.8,132.4,0.100000166,619,1024,1024,1024,14.76378,,322.834656,11.48294,97,7.904,5.297,NW,3.196336,Calm
13.3,35.18360933,-97.44556477,1133,0,,0.100000166,0,5.9,-2.7,132.2,0.100000166,412,1024,1024,1024,14.76378,,322.834656,11.48294,97,7.904,5.297,NW,3.196336,Calm
13.4,35.18360936,-97.44556463,1133,0,,0.100000166,0,6,-6.2,131.9,0.100000166,402,1024,1024,1024,14.76378,,322.834656,11.48294,97,7.904,5.272,NW,3.2991552,Calm
13.5,35.18360947,-97.44556438,1133,0.100000166,,0.200000332,0,6.6,-10.2,131.6,0.223606726,1024,1024,1024,1024,14.76378,,322.834656,11.811024,97,7.904,5.272,NW,3.2991552,Calm
13.6,35.1836097,-97.44556402,1133,0.200000332,,0.300000497,0,5.9,-14,131.6,0.360555642,1024,1024,1024,1024,14.76378,,322.834656,12.139108,97,7.904,5.272,NW,3.196336,Calm
13.7,35.18361009,-97.44556349,1133,0.400000663,,0.400000663,0,6,-5.4,131.9,0.565686204,1024,1024,1024,1024,14.76378,,322.834656,13.12336,97,7.904,5.272,NW,3.2991552,Calm
13.8,35.18361051,-97.44556296,1133,0.400000663,,0.500000829,0,5.2,0.6,132.4,0.640313274,1024,936,1024,1024,14.76378,,322.834656,13.779528,97,7.904,5.272,NW,3.2991552,Calm
13.9,35.18361083,-97.44556247,1133,0.400000663,,0.400000663,0,5.1,1.6,132.4,0.565686204,1024,809,1024,1024,14.76378,,322.834656,14.435696,97,7.904,5.272,NW,3.2991552,Calm
14,35.18361123,-97.44556183,1133,0.300000497,,0.400000663,0,6.1,2.5,132.2,0.500000829,1024,809,1024,1024,14.76378,,322.834656,15.091864,97,7.904,5.272,NW,3.2991552,Calm
14.1,35.18361154,-97.4455613,1133,0.200000332,,0.400000663,0,8,1.2,132.5,0.447213899,1024,812,1024,1024,14.76378,,322.834656,15.748032,97,7.904,5.272,NW,3.2991552,Calm
14.2,35.18361179,-97.44556088,1133,0.200000332,,0.300000497,0,9,-0.1,132.2,0.360555642,1024,812,1024,1024,14.76378,,322.834656,16.4042,97,7.904,5.272,NW,3.2991552,Calm
14.3,35.18361196,-97.44556056,1133,0.200000332,,0.300000497,0,9,0.6,132.1,0.360555642,833,808,1024,1024,14.76378,,322.834656,16.732284,97,7.904,5.272,NW,3.2991552,Calm
14.4,35.18361218,-97.44556022,1133,0.200000332,,0.300000497,0,8.5,0,132.3,0.360555642,805,595,1024,1024,14.76378,,322.834656,17.060368,97,7.911,5.272,NW,3.2991552,Calm
14.5,35.18361246,-97.44555979,1133,0.200000332,,0.300000497,0,9.1,-1.2,132.1,0.360555642,958,449,1024,1024,14.76378,,322.834656,17.716536,97,7.911,5.272,NW,3.397504,Calm
14.6,35.1836127,-97.4455595,1133,0.300000497,,0.200000332,0,13.5,-0.3,132.1,0.360555642,1006,669,1024,1024,14.76378,,322.834656,18.04462,97,7.911,5.272,NW,3.397504,Calm
14.7,35.18361298,-97.44555931,1133,0.400000663,,0.200000332,0,18.9,-0.3,132.3,0.447213899,997,785,1024,1024,13.779528,,322.834656,18.372704,97,7.911,5.272,NW,3.397504,Calm
14.8,35.18361345,-97.44555919,1132,0.500000829,,0,0,16.3,1,132.3,0.500000829,1024,1024,1024,1024,13.779528,,322.834656,18.700788,97,7.911,5.272,NW,3.397504,Calm
14.9,35.18361401,-97.44555927,1132,0.600000995,,0,0,8.9,1.2,132.4,0.600000995,1024,1024,1024,1024,13.779528,,322.834656,19.028872,97,7.911,5.272,NW,3.4958528,Calm
15,35.18361458,-97.4455594,1133,0.600000995,,-0.100000166,0,5.2,0.1,132.3,0.608277046,1024,1024,1024,1024,14.76378,,322.834656,19.68504,97,7.911,5.272,NW,3.4958528,Calm
15.1,35.18361523,-97.44555955,1133,0.600000995,,0,0,4.9,1,132.3,0.600000995,1024,1062,1024,1024,14.76378,,322.834656,20.013124,97,7.911,5.272,NW,3.4958528,Calm
15.2,35.18361582,-97.44555965,1133,0.600000995,,0,0,3.2,2.7,132.3,0.600000995,1024,1024,1024,1024,14.76378,,322.834656,20.341208,97,7.911,5.272,NW,3.4958528,Calm
15.3,35.18361632,-97.4455597,1133,0.500000829,,0,0,2.1,3.9,132.2,0.500000829,1024,1024,1024,1024,14.76378,,322.834656,20.997376,97,7.911,5.272,NW,3.598672,Calm
15.4,35.18361669,-97.44555978,1133,0.400000663,,0,0,3.8,2.7,132.3,0.400000663,1024,1024,1024,1024,14.76378,,322.834656,21.32546,97,7.911,5.184,NW,3.598672,Calm
15.5,35.18361703,-97.44555981,1133,0.300000497,,0,0,3.3,2.8,132.2,0.300000497,1024,1024,1024,1024,14.76378,,322.834656,21.32546,97,7.911,5.184,NW,3.598672,Calm
15.6,35.18361731,-97.44555987,1133,0.200000332,,0,0,2.7,2.1,132.3,0.200000332,1024,1024,1024,1024,14.76378,,322.834656,21.653544,97,7.911,5.184,NW,3.598672,Calm
15.7,35.18361749,-97.44555986,1133,0.100000166,,0,0,2.7,2.2,132.3,0.100000166,1024,1024,1024,1024,14.76378,,322.834656,21.981628,97,7.911,5.184,NW,3.598672,Calm
15.8,35.18361761,-97.44555987,1133,0.100000166,,0,0,3.6,2,132.3,0.100000166,1024,1024,1024,1024,14.76378,,322.834656,21.981628,97,7.901,5.184,NW,3.6970208,Calm
15.9,35.18361758,-97.44555988,1133,0,,0,0,4.5,1.8,132.2,0,1024,1024,1024,1024,14.76378,,322.834656,21.981628,97,7.901,5.184,NW,3.6970208,Calm
16,35.18361757,-97.44555988,1133,0,,0,0,5,1.3,132.2,0,1024,1024,1024,1024,14.76378,,322.834656,21.981628,97,7.901,5.184,NW,3.6970208,Calm
16.1,35.18361748,-97.44555987,1133,0,,0,0,5.9,0.1,132.3,0,1024,1024,1024,1024,14.76378,,322.834656,21.981628,97,7.901,5.184,NW,3.6970208,Calm
16.2,35.18361739,-97.44555986,1133,0,,0,0,6.2,-0.5,132.1,0,1024,1024,1024,1024,14.76378,,322.834656,21.653544,97,7.901,5.184,NW,3.6970208,Calm
16.3,35.18361731,-97.44555982,1132,0,,0,0,6.6,-0.7,132.1,0,1024,1024,1024,1024,14.76378,,322.834656,21.653544,97,7.901,5.184,NW,3.6970208,Calm
16.4,35.18361722,-97.4455598,1132,0,,0,0,6.5,-0.6,132.1,0,1024,1024,1024,1024,13.779528,,322.834656,21.653544,96,7.901,5.08,NW,3.79984,Calm
16.5,35.18361715,-97.4455598,1132,0,,0,0,6.1,-1.4,132.2,0,1024,1024,1024,1024,13.779528,,322.834656,21.653544,96,7.901,5.08,NW,3.79984,Calm
16.6,35.18361709,-97.4455598,1132,0,,0,0,5.6,-2,132.3,0,988,1024,1024,1024,13.779528,,322.834656,21.653544,96,7.901,5.08,NW,3.79984,Calm
16.7,35.18361705,-97.4455598,1133,0,,0,0,6.1,-1.6,132.2,0,765,1024,1024,936,14.76378,,322.834656,21.32546,96,7.901,5.08,NW,3.79984,Calm
16.8,35.183617,-97.44555976,1133,0,,0,0,6.4,-1.1,132.1,0,770,1024,1024,1024,14.76378,,322.834656,21.32546,96,7.901,5.08,NW,3.79984,Calm
16.9,35.18361698,-97.44555969,1133,0,,0,0,6.1,-0.5,131.9,0,770,1024,1024,1024,14.76378,,322.834656,21.653544,96,7.901,5.08,NW,3.79984,Calm
17,35.18361698,-97.44555963,1133,0,,0,0,5.7,-1.7,132.1,0,1024,1057,1024,1024,14.76378,,322.834656,21.653544,96,7.901,5.08,NW,3.79984,Calm
17.1,35.18361702,-97.44555957,1133,0,,0.100000166,0,5.2,-1.2,132.1,0.100000166,1024,1057,1024,1024,14.76378,,322.834656,21.653544,96,7.901,5.08,NW,3.8981888,Calm
17.2,35.18361705,-97.44555946,1133,0,,0.100000166,0,6.1,0,132.2,0.100000166,1007,1024,1024,1024,14.76378,,322.834656,21.653544,96,7.901,5.08,NW,3.8981888,Calm
17.3,35.18361708,-97.44555931,1133,0,,0.100000166,0,7.3,0.5,132.2,0.100000166,1024,1024,1024,1024,14.76378,,322.834656,21.981628,96,7.901,5.08,NW,3.8981888,Calm
17.4,35.18361706,-97.4455592,1133,0,,0.100000166,0,6.7,0,132.1,0.100000166,1024,1024,1024,1024,14.76378,,322.834656,21.981628,96,7.898,5.08,NW,3.8981888,Calm
17.5,35.18361706,-97.44555909,1133,0,,0.100000166,0,6.8,-0.2,132.1,0.100000166,1024,1024,1024,1024,14.76378,,322.834656,21.981628,96,7.898,5.08,NW,3.8981888,Calm
17.6,35.18361707,-97.44555898,1133,0,,0.100000166,0,7,0.6,132.1,0.100000166,1024,1024,1024,1024,14.76378,,322.834656,21.981628,96,7.898,5.08,NW,3.8981888,Calm
17.7,35.18361708,-97.44555886,1133,0,,0.100000166,0,6.7,0.9,132.1,0.100000166,1024,1024,1024,1024,13.779528,,322.834656,21.981628,96,7.898,5.08,NW,3.8981888,Calm
17.8,35.18361706,-97.44555875,1133,0,,0.100000166,0,7,1,132.2,0.100000166,1024,1024,1024,1024,14.76378,,322.834656,22.309712,96,7.898,5.08,NW,3.8981888,Calm
17.9,35.18361702,-97.44555865,1133,0,,0,0,7,1.2,132.1,0,1024,1024,1024,1024,14.76378,,322.834656,22.309712,96,7.898,5.08,NW,3.8981888,Calm
18,35.18361696,-97.44555855,1133,0,,0,0,7.3,0.5,132.2,0,1024,1024,1024,1024,14.76378,,322.834656,22.309712,96,7.898,5.08,NW,3.8981888,Calm
18.1,35.18361687,-97.44555845,1133,0,,0,0,7.8,-0.2,132.1,0,1024,1024,1024,1024,13.779528,,322.834656,22.309712,96,7.898,5.08,NW,3.8981888,Calm
18.2,35.18361682,-97.44555838,1133,0,,0,0,7.9,-0.1,132.1,0,767,1012,1024,1024,13.779528,,322.834656,22.309712,96,7.898,5.08,NW,3.9965376,Calm
18.3,35.18361676,-97.44555835,1132,0,,0,0,7.7,0.4,132,0,537,1024,1024,1024,13.779528,,322.834656,22.309712,96,7.898,5.08,NW,3.9965376,Calm
18.4,35.1836167,-97.4455583,1132,0,,0,0,6.9,0,131.9,0,576,1024,1024,1024,13.779528,,322.834656,21.981628,96,7.898,5.05,NW,3.9965376,Calm
18.5,35.18361658,-97.44555824,1133,0,,0,0,8.1,-4.8,131.6,0,576,1024,1024,1024,13.779528,,322.834656,21.981628,96,7.898,5.05,NW,3.9965376,Calm
18.6,35.18361651,-97.44555815,1133,0,,0.100000166,0,8.7,-8.9,131.3,0.100000166,762,1024,1024,1024,13.779528,,322.834656,21.981628,96,7.898,5.05,NW,3.9965376,Calm
18.7,35.18361655,-97.44555797,1133,0,,0.200000332,0,8.2,-8.7,131.5,0.200000332,898,1024,1024,1024,13.779528,,322.834656,22.309712,96,7.898,5.05,NW,3.9965376,Calm
18.8,35.18361669,-97.44555767,1133,0.200000332,,0.300000497,0,7.6,-6.2,131.6,0.360555642,1003,1024,1024,1024,13.779528,,322.834656,22.637796,96,7.898,5.05,NW,3.9965376,Calm
18.9,35.18361694,-97.44555725,1133,0.200000332,,0.300000497,0,7.8,-2.3,131.9,0.360555642,1003,1024,1024,1024,13.779528,,322.834656,22.96588,96,7.898,5.05,NW,4.0993568,Calm
19,35.1836172,-97.44555683,1133,0.300000497,,0.400000663,0,8.5,0.7,132.2,0.500000829,1024,1024,1024,1024,13.779528,,322.834656,23.622048,96,7.898,5.05,NW,4.0993568,Calm
19.1,35.18361746,-97.44555637,1133,0.300000497,,0.300000497,0,7.8,1,132.3,0.424264653,947,1024,1024,1024,13.779528,,322.834656,23.950132,96,7.898,5.05,NW,4.0993568,Calm
19.2,35.18361774,-97.44555598,1133,0.300000497,,0.300000497,0,7.2,1.1,132.2,0.424264653,795,1024,1024,1024,13.779528,,322.834656,24.6063,96,7.898,5.05,NW,4.0993568,Calm
19.3,35.18361797,-97.44555567,1133,0.200000332,,0.300000497,0,7.5,0.2,132.1,0.360555642,872,1024,1006,940,13.779528,,322.834656,24.934384,96,7.898,5.05,NW,4.0993568,Calm
19.4,35.18361822,-97.44555535,1133,0.200000332,,0.200000332,0,7.3,-0.2,132,0.282843102,1024,1024,984,941,13.779528,,322.834656,25.590552,96,7.879,5.211,NW,4.1977056,Calm
19.5,35.18361848,-97.44555508,1133,0.300000497,,0.200000332,0,7.3,-0.2,132,0.360555642,1024,1024,976,949,13.779528,,322.834656,25.918636,96,7.879,5.211,NW,4.1977056,Calm
19.6,35.18361879,-97.44555481,1133,0.300000497,,0.200000332,0,5.9,-0.4,131.9,0.360555642,1024,1024,970,1012,13.779528,,322.834656,26.24672,96,7.879,5.211,NW,4.1977056,Calm
19.7,35.18361907,-97.44555453,1133,0.300000497,,0.200000332,0,6,0.8,131.8,0.360555642,1024,1024,1024,1024,13.779528,,322.834656,26.574804,96,7.879,5.211,NW,4.1977056,Calm
19.8,35.18361932,-97.44555427,1133,0.300000497,,0.200000332,0,6.3,3.3,132.2,0.360555642,1024,1024,1189,1024,13.779528,,322.834656,27.230972,96,7.879,5.211,NW,4.1977056,Calm
19.9,35.18361954,-97.44555394,1133,0.200000332,,0.200000332,0,6.2,3.5,132.1,0.282843102,1013,1024,1306,1024,13.779528,,322.834656,27.559056,96,7.879,5.211,NW,4.1977056,Calm
20,35.18361973,-97.44555375,1133,0.200000332,,0.100000166,0,5.9,3.3,131.9,0.223606726,903,1024,1279,1024,13.779528,,322.834656,27.88714,96,7.879,5.211,NW,4.1977056,Calm
20.1,35.18361984,-97.44555366,1133,0.100000166,,0.100000166,-0.200000332,5.3,3,131.8,0.141421551,878,1024,1275,1024,14.76378,,322.834656,27.88714,96,7.879,5.211,NW,4.1977056,Calm
20.2,35.18361997,-97.44555346,1133,0.100000166,,0.100000166,-0.300000497,6.8,2.3,132,0.141421551,1024,1024,1242,1024,14.76378,,322.834656,28.215224,96,7.879,5.211,NW,4.1977056,Calm
20.3,35.18362007,-97.44555335,1133,0.100000166,,0.100000166,-0.200000332,7.5,1.5,131.9,0.141421551,1024,1024,1217,1024,14.76378,,322.834656,28.543308,96,7.879,5.211,NW,4.1977056,Calm
20.4,35.18362018,-97.44555328,1133,0.100000166,,0,-0.200000332,6.9,2.1,131.9,0.100000166,1143,1022,1211,1024,16.076116,,322.834656,28.543308,96,7.916,5.211,NW,4.1977056,Calm
20.5,35.18362027,-97.44555325,1133,0,,0,-0.100000166,5.7,1.9,132,0,1329,860,1195,1024,16.076116,,322.834656,28.543308,96,7.916,5.211,NW,4.1977056,Calm
20.6,35.18362032,-97.44555325,1133,0,,0,-0.100000166,5.3,0.1,132,0,1405,815,1183,1024,16.076116,,322.834656,28.543308,96,7.916,5.211,NW,4.1977056,Calm
20.7,35.18362035,-97.4455533,1133,0,,0,-0.100000166,6.2,1.4,132,0,1516,741,1171,1024,16.076116,,322.834656,28.543308,96,7.916,5.211,NW,4.1977056,Calm
20.8,35.18362036,-97.44555334,1133,0,,0,-0.100000166,6.9,3.7,132.1,0,1609,592,1139,1024,16.076116,,322.834656,28.543308,96,7.916,5.211,NW,4.1977056,Calm
20.9,35.18362031,-97.44555344,1133,0,,-0.100000166,-0.100000166,8,6.1,132.4,0.100000166,1609,394,1030,1024,16.076116,,322.834656,28.543308,96,7.916,5.211,NW,4.1977056,Calm
21,35.18362023,-97.44555361,1133,-0.100000166,,-0.200000332,0,10.7,10.2,132.8,0.223606726,1024,1017,1024,1024,16.076116,,322.834656,28.215224,96,7.916,5.211,NW,4.1977056,Calm
21.1,35.18362006,-97.44555395,1133,-0.100000166,,-0.300000497,0,14.3,10.9,133.5,0.316228049,465,963,1023,1024,16.076116,,322.834656,27.88714,96,7.916,5.211,NW,4.1977056,Calm
21.2,35.18361977,-97.44555461,1133,-0.200000332,,-0.500000829,0,11.9,4.4,132.5,0.538517348,393,1024,981,1024,16.076116,,322.834656,27.230972,96,7.916,5.211,NW,4.1977056,Calm
21.3,35.18361958,-97.44555532,1133,-0.200000332,,-0.600000995,0,5.9,-4.5,131.4,0.632456546,1220,1024,964,1024,16.076116,,322.834656,26.574804,96,7.916,5.211,NW,4.1977056,Calm
21.4,35.1836194,-97.44555605,1133,-0.100000166,,-0.500000829,0,4.9,-12.2,130.9,0.509902765,1684,768,842,1024,16.076116,,322.834656,25.918636,96,7.916,5.203,NW,4.1977056,Calm
21.5,35.18361944,-97.44555657,1133,0,,-0.300000497,0,5.4,-9.8,131.3,0.300000497,1684,491,762,1024,16.076116,,322.834656,25.590552,96,7.916,5.203,NW,4.0993568,Calm
21.6,35.18361951,-97.44555691,1133,0.100000166,,-0.200000332,0,6.1,2.7,132.4,0.223606726,1684,593,716,1023,16.076116,,322.834656,25.590552,96,7.916,5.203,NW,4.0993568,Calm
21.7,35.18361962,-97.44555708,1133,0,,-0.300000497,0,8.1,10.5,133,0.300000497,1140,950,778,1024,16.076116,,322.834656,25.590552,96,7.916,5.203,NW,4.0993568,Calm
21.8,35.18361959,-97.44555752,1133,0,,-0.400000663,0,10.1,8.7,132.7,0.400000663,459,1024,719,1024,16.076116,,322.834656,25.262468,96,7.916,5.203,NW,4.0993568,Calm
21.9,35.18361948,-97.44555805,1133,-0.100000166,,-0.600000995,0,9.1,5.1,132.2,0.608277046,1343,1024,622,1024,16.076116,,322.834656,24.934384,96,7.916,5.203,NW,4.0993568,Calm
22,35.18361932,-97.44555884,1133,-0.100000166,,-0.600000995,0,6.8,-2.1,131.7,0.608277046,1684,530,572,1024,16.076116,,322.834656,24.278216,96,7.916,5.203,NW,4.0993568,Calm
22.1,35.18361918,-97.44555973,1133,-0.100000166,,-0.600000995,0.100000166,5.3,-4.5,131.5,0.608277046,1684,364,571,1024,16.076116,,322.834656,23.622048,96,7.916,5.203,NW,4.0993568,Calm
22.2,35.18361918,-97.44556031,1133,0,,-0.500000829,0.100000166,6.2,2.6,132,0.500000829,1684,380,573,1024,16.076116,,322.834656,23.293964,96,7.916,5.203,NW,4.0993568,Calm
22.3,35.18361908,-97.44556092,1133,-0.100000166,,-0.600000995,0,8.6,6.6,132.6,0.608277046,1255,991,621,1024,16.076116,,322.834656,22.96588,96,7.916,5.203,NW,3.9965376,Calm
22.4,35.18361888,-97.44556163,1133,-0.100000166,,-0.600000995,0.200000332,13.9,5.9,132.8,0.608277046,1024,1132,945,1024,16.076116,,322.834656,22.309712,96,7.901,5.083,NW,3.9965376,Calm
22.5,35.1836187,-97.44556259,1133,-0.100000166,,-0.800001326,0.200000332,11,4.8,132.3,0.806226805,1024,1416,1278,1024,16.076116,,322.834656,21.653544,96,7.901,5.083,NW,3.9965376,Calm
22.6,35.18361854,-97.44556352,1133,-0.100000166,,-0.900001492,0.200000332,5.6,0.7,131.9,0.90553987,1418,1618,1348,1024,14.76378,,322.834656,20.997376,96,7.901,5.083,NW,3.8981888,Calm
22.7,35.18361836,-97.44556453,1133,-0.100000166,,-0.900001492,0,3.2,-1.6,131.7,0.90553987,1477,1684,1124,1024,16.076116,,322.834656,20.341208,96,7.901,5.083,NW,3.9965376,Calm
22.8,35.18361817,-97.44556552,1133,-0.100000166,,-0.70000116,-0.100000166,-1,0.1,131.5,0.707107755,1499,1684,1047,1024,16.076116,,322.834656,19.68504,96,7.901,5.083,NW,3.9965376,Calm
22.9,35.183618,-97.44556634,1133,-0.200000332,,-0.600000995,-0.200000332,-4.5,2.3,131.8,0.632456546,1499,1684,1047,1024,16.076116,,322.834656,19.028872,96,7.901,5.083,NW,3.9965376,Calm
23,35.18361769,-97.44556699,1133,-0.300000497,,-0.500000829,0,-5.2,3.4,131.9,0.58309573,1585,1365,1066,1024,16.076116,,322.834656,18.700788,96,7.901,5.083,NW,3.9965376,Calm
23.1,35.18361731,-97.44556751,1133,-0.500000829,,-0.400000663,0,-8.6,3.9,131.6,0.640313274,1047,752,1190,1024,16.076116,,322.834656,18.04462,96,7.901,5.083,NW,3.9965376,Calm
23.2,35.18361674,-97.44556789,1133,-0.70000116,,-0.300000497,0,-5,7.3,131.6,0.761578238,815,592,1306,1024,16.076116,,322.834656,17.388452,96,7.901,5.083,NW,3.9965376,Calm
23.3,35.18361592,-97.44556817,1133,-0.900001492,,-0.200000332,0,5.5,4.4,132.4,0.921955626,1024,894,1168,1024,16.076116,,322.834656,16.076116,96,7.901,5.083,NW,3.9965376,Calm
23.4,35.18361498,-97.4455686,1133,-0.900001492,,-0.300000497,-0.100000166,11.6,-1.6,132,0.948684595,1025,1024,1024,1024,16.076116,,322.834656,15.091864,96,7.901,5.083,NW,3.8981888,Calm
23.5,35.18361426,-97.44556904,1133,-0.70000116,,-0.400000663,-0.200000332,10.2,-2.2,131.5,0.806226805,1024,1081,1024,1024,17.060368,,322.834656,14.107612,96,7.901,5.083,NW,3.79984,Calm
23.6,35.18361367,-97.44556952,1133,-0.600000995,,-0.400000663,0,5.8,-0.2,131.8,0.721111283,1140,1024,1024,1024,17.060368,,322.834656,13.12336,96,7.901,5.083,NW,3.79984,Calm
23.7,35.1836131,-97.44557005,1133,-0.600000995,,-0.400000663,0,2.9,0.7,131.9,0.721111283,1140,1024,1024,1024,17.060368,,322.834656,12.467192,96,7.901,5.083,NW,3.79984,Calm
23.8,35.1836126,-97.44557046,1133,-0.600000995,,-0.300000497,0,2.4,1,131.8,0.670821071,1024,1024,1024,1024,17.060368,,322.834656,11.811024,96,7.879,5.083,NW,3.79984,Calm
23.9,35.18361204,-97.44557083,1133,-0.600000995,,-0.300000497,0,3.7,0.8,131.7,0.670821071,1024,1024,1024,1024,17.060368,,322.834656,11.154856,96,7.879,5.083,NW,3.79984,Calm
24,35.18361148,-97.44557117,1133,-0.600000995,,-0.300000497,0,4.8,1,131.6,0.670821071,1226,961,1024,1024,17.060368,,322.834656,10.170604,96,7.879,5.455,NW,3.8981888,Calm
24.1,35.18361081,-97.44557154,1133,-0.600000995,,-0.300000497,0,5.3,-0.9,131.6,0.670821071,1684,957,1024,1024,17.060368,,322.834656,9.514436,96,7.879,5.455,NW,3.8981888,Calm
24.2,35.18361026,-97.44557188,1133,-0.600000995,,-0.300000497,0,5,-1.3,131.6,0.670821071,1684,805,1024,1024,17.060368,,322.834656,8.858268,96,7.879,5.455,NW,3.8981888,Calm
24.3,35.18360975,-97.44557224,1133,-0.500000829,,-0.300000497,0,5,4.4,131.9,0.58309573,1684,793,1024,1024,17.060368,,322.834656,7.874016,96,7.879,5.455,NW,3.8981888,Calm
24.4,35.18360916,-97.44557266,1133,-0.600000995,,-0.300000497,0,5.3,13,132.5,0.670821071,1684,813,1024,1024,17.060368,,322.834656,7.217848,96,7.879,5.455,NW,3.8981888,Calm
24.5,35.18360858,-97.44557323,1133,-0.800001326,,-0.500000829,0,5.6,14.6,132.7,0.943399241,896,1024,1024,1024,17.060368,,322.834656,6.56168,96,7.879,5.455,NW,3.8981888,Calm
24.6,35.18360775,-97.44557399,1133,-0.900001492,,-0.70000116,0,5.7,13.1,132.5,1.140177308,460,1024,1024,1024,16.076116,,322.834656,5.577428,96,7.879,5.455,NW,3.79984,Calm
24.7,35.18360678,-97.4455749,1133,-1.100001823,,-0.900001492,0,5.3,6,132.2,1.421269355,460,1024,1024,1024,16.076116,,322.834656,4.593176,96,7.879,5.455,NW,3.79984,Calm
24.8,35.18360568,-97.44557603,1133,-1.100001823,,-0.900001492,0,4.3,-5.1,131.6,1.421269355,364,1046,1024,1024,17.060368,,322.834656,3.608924,96,7.879,5.455,NW,3.79984,Calm
24.9,35.1836047,-97.44557726,1133,-1.000001658,,-0.800001326,0,3.4,-13.7,131.2,1.280626547,364,1055,1024,1024,17.060368,,322.834656,3.937008,96,7.879,5.455,NW,3.79984,Calm
25,35.18360392,-97.44557805,1133,-0.800001326,,-0.600000995,0,3.6,-15.4,131.3,1.000001658,364,1039,1024,1024,17.060368,,322.834656,4.265092,96,7.879,5.455,NW,3.79984,Calm
25.1,35.18360341,-97.44557861,1133,-0.500000829,,-0.400000663,0,4.3,-14.4,131.4,0.640313274,364,1039,1024,1024,17.060368,,322.834656,4.593176,96,7.879,5.455,NW,3.79984,Calm
25.2,35.18360295,-97.44557901,1133,-0.300000497,,-0.200000332,0,4.6,-14.7,131.3,0.360555642,364,1032,878,1024,16.076116,,322.834656,4.92126,96,7.879,5.455,NW,3.79984,Calm
25.3,35.18360287,-97.4455791,1133,-0.100000166,,-0.100000166,0,4.2,-16.5,131.3,0.141421551,364,1025,364,1024,16.076116,,322.834656,4.92126,96,7.879,5.455,NW,3.79984,Calm
25.4,35.18360287,-97.44557906,1133,0,,0,0,4.2,-18.3,131.2,0,364,1025,372,1024,17.060368,,322.834656,4.92126,96,7.879,5.455,NW,3.79984,Calm
25.5,35.183603,-97.44557886,1133,0.200000332,,0.200000332,0.100000166,3.8,-17.7,131.3,0.282843102,364,1025,786,1024,16.076116,,322.834656,4.92126,96,7.879,5.455,NW,3.79984,Calm
25.6,35.18360332,-97.44557841,1133,0.400000663,,0.400000663,0.100000166,5,-17.5,131,0.565686204,364,1024,945,1024,16.076116,,322.834656,4.265092,96,7.879,5.455,NW,3.79984,Calm
25.7,35.18360396,-97.4455776,1133,0.600000995,,0.600000995,0.200000332,5.3,-18.1,131,0.848529306,364,1024,1035,1024,16.076116,,322.834656,3.608924,96,7.868,5.455,NW,3.79984,Calm
25.8,35.18360479,-97.44557666,1133,0.800001326,,0.800001326,0.100000166,3.9,-17.8,131.1,1.131372408,364,1024,1330,1024,16.076116,,322.834656,3.28084,96,7.868,5.455,NW,3.79984,Calm
25.9,35.1836057,-97.44557561,1133,1.100001823,,1.000001658,0,4.1,-16.7,131.2,1.486609168,364,1024,1311,1024,16.076116,,322.834656,3.608924,96,7.868,5.455,NW,3.79984,Calm
26,35.1836068,-97.44557437,1133,1.300002155,,1.200001989,-0.200000332,3.9,-15.6,131.3,1.769183152,364,1024,1240,1024,16.076116,,322.834656,4.265092,96,7.868,5.202,NW,3.79984,Calm
26.1,35.18360833,-97.44557265,1133,1.500002486,,1.400002321,-0.300000497,4.7,-15.3,131,2.051831792,364,1024,1075,1024,16.076116,,322.834656,6.233596,96,7.868,5.202,NW,3.6970208,Calm
26.2,35.1836096,-97.44557106,1133,1.600002652,,1.500002486,-0.200000332,5.7,-15.9,130.7,2.193174664,364,1024,1183,1024,17.060368,,322.834656,8.2021,96,7.868,5.202,NW,3.6970208,Calm
26.3,35.18361115,-97.44556937,1133,1.800002984,,1.600002652,-0.100000166,4.7,-16.9,130.6,2.408322499,364,1024,1201,1024,17.060368,,322.834656,10.498688,96,7.868,5.202,NW,3.6970208,Calm
26.4,35.18361291,-97.44556746,1133,2.000003315,,1.700002818,0,3.8,-16.8,130.6,2.624885215,364,1024,1205,1024,17.060368,,322.834656,13.12336,96,7.868,5.202,NW,3.6970208,Calm
26.5,35.18361487,-97.44556528,1133,2.100003481,,1.900003149,-0.100000166,3.6,-16.3,130.8,2.831964872,364,1024,1095,1024,17.060368,,322.834656,16.4042,96,7.868,5.202,NW,3.6970208,Calm
26.6,35.18361669,-97.44556328,1133,2.300003812,,2.000003315,-0.100000166,4.4,-16.6,130.7,3.04795493,977,1029,1024,1024,17.060368,,322.834656,19.028872,96,7.868,5.202,NW,3.6970208,Calm
26.7,35.18361857,-97.44556096,1133,2.400003978,,2.200003647,0,4.1,-15.7,131,3.255769074,1180,984,1024,1024,17.060368,,322.834656,22.309712,96,7.868,5.202,NW,3.6970208,Calm
26.8,35.18362082,-97.44555843,1133,2.500004144,,2.300003812,0,4.5,-7.4,131.4,3.397062772,1684,988,1024,1024,17.060368,,322.834656,25.918636,96,7.843,5.202,NW,3.6970208,Calm
26.9,35.18362329,-97.4455554,1134,2.500004144,,2.300003812,0,4.3,3.7,132.2,3.397062772,1684,917,1024,1024,17.060368,,322.834656,30.183728,96,7.843,5.202,NW,3.6970208,Calm
27,35.1836254,-97.44555295,1134,2.400003978,,2.200003647,0,4.6,14.3,132.6,3.255769074,1382,1024,1024,1024,17.060368,,322.834656,33.464568,96,7.843,5.202,NW,3.6970208,Calm
27.1,35.18362721,-97.44555051,1134,2.100003481,,2.000003315,0,4.2,19.6,132.5,2.900004807,1024,1024,1024,1024,17.060368,,322.834656,36.745408,96,7.843,5.202,NW,3.6970208,Calm
27.2,35.18362887,-97.4455485,1134,1.800002984,,1.800002984,0,4.5,16.5,132.2,2.545588366,1024,1024,1023,1024,16.076116,,322.834656,39.37008,96,7.843,5.202,NW,3.6970208,Calm
27.3,35.18363021,-97.44554664,1134,1.500002486,,1.500002486,0,6.5,5.5,132.2,2.121323713,1024,1024,730,1024,16.076116,,322.834656,41.994752,96,7.843,5.202,NW,3.6970208,Calm
27.4,35.18363139,-97.4455451,1134,1.400002321,,1.500002486,0,7.8,0.8,132.2,2.051831792,1024,1024,713,1024,16.076116,,322.834656,43.963256,96,7.843,5.202,NW,3.6970208,Calm
27.5,35.18363271,-97.44554346,1133,1.400002321,,1.400002321,0,7.1,8.8,132.9,1.979902162,1024,1024,1024,1024,16.076116,,322.834656,46.259844,96,7.843,5.202,NW,3.6970208,Calm
27.6,35.18363399,-97.44554187,1133,1.300002155,,1.300002155,0.200000332,5.9,16.8,133.4,1.838480611,1024,1024,1024,1024,16.076116,,322.834656,48.228348,96,7.843,5.202,NW,3.6970208,Calm
27.7,35.18363493,-97.4455407,1133,1.000001658,,1.000001658,0.200000332,4.8,18,132.8,1.41421551,1102,1024,1024,1024,14.76378,,322.834656,49.868768,96,7.843,5.202,NW,3.6970208,Calm
27.8,35.18363557,-97.44553986,1133,0.70000116,,0.70000116,0,5.4,13.9,132.9,0.989950857,1485,1024,1026,1024,14.76378,,322.834656,50.85302,96,7.843,5.202,NW,3.6970208,Calm
27.9,35.18363594,-97.44553924,1133,0.500000829,,0.600000995,0,7.6,10.4,133.2,0.781025819,1520,1024,1157,1024,14.76378,,322.834656,51.837272,96,7.843,5.202,NW,3.598672,Calm
28,35.18363637,-97.44553861,1133,0.400000663,,0.400000663,0,7.4,9.5,133.1,0.565686204,1512,1024,1166,1024,14.76378,,322.834656,52.49344,96,7.843,5.343,NW,3.598672,Calm
28.1,35.1836365,-97.44553836,1133,0.300000497,,0.300000497,0,6,11.7,133.1,0.424264653,1552,1024,1173,1024,14.76378,,322.834656,52.821524,96,7.843,5.343,NW,3.598672,Calm
28.2,35.1836367,-97.44553817,1133,0.100000166,,0.100000166,0,5.2,11.8,132.9,0.141421551,1605,1024,1195,1024,14.76378,,322.834656,53.149608,96,7.843,5.343,NW,3.598672,Calm
28.3,35.18363668,-97.44553816,1133,0,,0,0,5.4,12.3,132.8,0,1600,1024,1216,1024,14.76378,,322.834656,53.149608,96,7.843,5.343,NW,3.598672,Calm
28.4,35.18363652,-97.44553828,1133,-0.100000166,,0,-0.100000166,5.2,14.8,132.9,0.100000166,1596,1024,1256,1024,14.76378,,322.834656,52.821524,96,7.843,5.343,NW,3.598672,Calm
28.5,35.18363637,-97.44553844,1133,-0.300000497,,-0.200000332,-0.100000166,5.3,15.6,133,0.360555642,1473,1024,1210,1024,14.76378,,322.834656,52.49344,96,7.843,5.343,NW,3.598672,Calm
28.6,35.18363597,-97.44553884,1133,-0.500000829,,-0.400000663,-0.100000166,5.3,15.4,133,0.640313274,1418,1024,1166,1024,14.76378,,322.834656,52.165356,96,7.843,5.343,NW,3.598672,Calm
28.7,35.18363549,-97.44553927,1134,-0.600000995,,-0.500000829,-0.200000332,5.7,12.5,133,0.781025819,1360,1024,1173,1024,16.076116,,322.834656,51.181104,96,7.843,5.343,NW,3.598672,Calm
28.8,35.18363473,-97.44554006,1134,-0.70000116,,-0.600000995,-0.100000166,6.1,8.9,132.9,0.921955626,1024,1024,1101,1024,16.076116,,322.834656,50.196852,96,7.862,5.343,NW,3.598672,Calm
28.9,35.18363404,-97.44554088,1134,-0.800001326,,-0.70000116,-0.100000166,5.5,8.1,132.5,1.063015969,1024,1024,1024,1024,16.076116,,322.834656,48.884516,96,7.862,5.343,NW,3.598672,Calm
29,35.1836333,-97.44554165,1134,-0.800001326,,-0.70000116,0,5.1,5.4,132.4,1.063015969,1024,1024,1024,1024,16.076116,,322.834656,47.900264,96,7.862,5.651,NW,3.598672,Calm
29.1,35.18363247,-97.4455425,1134,-0.900001492,,-0.70000116,0,5.7,1.7,132.4,1.140177308,1024,1024,1024,1024,17.060368,,322.834656,46.587928,96,7.862,5.651,NW,3.598672,Calm
29.2,35.18363169,-97.44554328,1134,-0.800001326,,-0.70000116,0,6.1,-0.1,132.4,1.063015969,1024,1024,1024,1024,17.060368,,322.834656,45.275592,96,7.862,5.651,NW,3.598672,Calm
29.3,35.18363093,-97.44554412,1134,-0.800001326,,-0.70000116,0,5.6,-5.4,132,1.063015969,1024,1024,1024,1024,17.060368,,322.834656,43.963256,96,7.862,5.651,NW,3.598672,Calm
29.4,35.18363019,-97.44554486,1134,-0.70000116,,-0.500000829,0,5.1,-9.1,131.8,0.860233708,1024,1024,1024,1024,17.060368,,322.834656,42.979004,96,7.862,5.651,NW,3.598672,Calm
29.5,35.18362966,-97.44554537,1134,-0.500000829,,-0.400000663,0,5.4,-8.4,131.8,0.640313274,1024,1024,1024,1024,17.060368,,322.834656,41.994752,96,7.862,5.651,NW,3.598672,Calm
29.6,35.18362922,-97.44554572,1134,-0.400000663,,-0.200000332,0,6,-6.5,132.1,0.447213899,1024,1024,1024,1024,17.060368,,322.834656,41.666668,96,7.862,5.651,NW,3.598672,Calm
29.7,35.18362886,-97.44554596,1134,-0.300000497,,-0.100000166,0,7.6,-4.7,132.2,0.316228049,1024,1024,1024,1024,17.060368,,322.834656,41.0105,96,7.862,5.651,NW,3.598672,Calm
29.8,35.18362859,-97.44554613,1134,-0.200000332,,-0.100000166,0,6.5,-4.6,132.1,0.223606726,1024,1024,1136,1024,17.060368,,322.834656,40.682416,96,7.862,5.651,NW,3.598672,Calm
29.9,35.18362841,-97.44554622,1134,-0.200000332,,0,0,6,-3.5,132,0.200000332,1024,1024,1216,1024,17.060368,,322.834656,40.354332,96,7.862,5.651,NW,3.6970208,Calm
30,35.18362821,-97.44554631,1134,-0.100000166,,0,0,6.9,-2.9,132.3,0.100000166,1024,1024,1111,1024,17.060368,,322.834656,40.354332,96,7.868,5.651,NW,3.6970208,Calm
30.1,35.18362806,-97.44554637,1134,-0.100000166,,0,-0.100000166,6.4,-2.2,132.4,0.100000166,1024,1024,1068,1024,17.060368,,322.834656,40.026248,96,7.868,5.651,NW,3.6970208,Calm
30.2,35.18362795,-97.44554638,1134,-0.100000166,,0,0,7.1,-2,132.3,0.100000166,1024,1024,1024,1024,17.060368,,322.834656,40.026248,96,7.868,5.651,NW,3.6970208,Calm
30.3,35.18362787,-97.44554636,1134,0,,0,0,6.8,-1.5,132.3,0,1024,1024,1024,1024,17.060368,,322.834656,40.026248,96,7.868,5.651,NW,3.79984,Calm
30.4,35.1836278,-97.44554634,1134,0,,0,0,6.5,-1.3,132.3,0,1024,1024,1024,1024,17.060368,,322.834656,39.698164,96,7.868,5.651,NW,3.79984,Calm
30.5,35.18362779,-97.44554626,1134,0,,0,0,6.8,-1,132.4,0,1024,1024,1024,1024,17.060368,,322.834656,40.026248,96,7.868,5.651,NW,3.79984,Calm
30.6,35.18362779,-97.44554617,1134,0,,0,0,7.1,-0.4,132.4,0,1024,1024,1024,1024,17.060368,,322.834656,40.026248,96,7.868,5.651,NW,3.79984,Calm
30.7,35.18362779,-97.44554608,1134,0,,0,0,7.4,0.3,132.5,0,1024,1024,1024,1024,17.060368,,322.834656,40.026248,96,7.868,5.651,NW,3.79984,Calm
30.8,35.1836278,-97.44554599,1134,0,,0,0,7.3,1.2,132.5,0,1024,1024,1024,1024,17.060368,,322.834656,40.026248,96,7.868,5.651,NW,3.79984,Calm
30.9,35.18362781,-97.44554588,1134,0,,0,0,6.8,1.8,132.6,0,1024,1024,1024,1024,17.060368,,322.834656,40.026248,96,7.868,5.651,NW,3.8981888,Calm
31,35.18362785,-97.44554579,1134,0,,0,0,6.6,2.6,132.7,0,1024,1024,1024,1024,17.060368,,322.834656,40.354332,96,7.868,5.103,NW,3.8981888,Calm
31.1,35.18362787,-97.44554571,1134,0,,0,0,7,2.8,132.6,0,1024,1024,1024,1024,18.04462,,322.834656,40.354332,96,7.868,5.103,NW,3.8981888,Calm
31.2,35.18362786,-97.4455457,1134,0,,0,0,5.7,0.8,132.5,0,1024,1024,1024,1024,17.060368,,322.834656,40.354332,96,7.868,5.103,NW,3.8981888,Calm
31.3,35.1836278,-97.44554574,1134,0,,0,0,6.2,-0.3,132.4,0,1024,1024,1024,1024,17.060368,,322.834656,40.354332,96,7.868,5.103,NW,3.8981888,Calm
31.4,35.18362776,-97.44554573,1134,0,,0,0,7,-0.3,132.4,0,1024,1024,1024,1024,17.060368,,322.834656,40.354332,96,7.868,5.103,NW,3.8981888,Calm
31.5,35.18362774,-97.44554576,1134,0,,0,0,7.2,-0.2,132.5,0,1024,1024,1024,1024,17.060368,,322.834656,40.026248,96,7.868,5.103,NW,3.8981888,Calm
31.6,35.18362773,-97.44554576,1134,0,,0,0,6.7,0.2,132.5,0,1024,1024,1024,1024,17.060368,,322.834656,40.026248,96,7.868,5.103,NW,3.9965376,Calm
31.7,35.18362772,-97.44554578,1134,0,,0,0,6.5,0,132.5,0,1024,1024,1024,1024,17.060368,,322.834656,40.026248,96,7.878,5.103,NW,3.9965376,Calm
31.8,35.18362771,-97.44554579,1134,0,,0,0,7.1,0.4,132.3,0,1024,1024,1024,1024,17.060368,,322.834656,40.026248,96,7.878,5.103,NW,3.9965376,Calm
31.9,35.1836277,-97.44554579,1134,0,,0,0,6.9,-0.4,132.4,0,1024,1024,1024,1024,17.060368,,322.834656,40.026248,96,7.878,5.103,NW,3.9965376,Calm
32,35.1836277,-97.44554581,1134,0,,0,0,6.1,-1.3,132.4,0,1024,1024,1024,1024,17.060368,,322.834656,40.026248,96,7.878,5.099,NW,3.9965376,Calm
32.1,35.18362771,-97.44554579,1134,0,,0,0,6.8,1.4,132.2,0,1024,1024,1024,1024,17.060368,,322.834656,40.026248,96,7.878,5.099,NW,3.9965376,Calm
32.2,35.18362774,-97.44554574,1134,0,,0,0,7.2,1.8,132.4,0,1024,1024,1024,1024,17.060368,,322.834656,40.026248,96,7.878,5.099,NW,3.9965376,Calm
32.3,35.18362777,-97.44554568,1134,0,,0,0,6.4,1.9,132.5,0,1024,1024,1024,1024,17.060368,,322.834656,40.354332,96,7.878,5.099,NW,3.9965376,Calm
32.4,35.18362784,-97.44554568,1134,0,,0,0,6,2.7,132.5,0,1024,1024,1024,1024,17.060368,,322.834656,40.354332,96,7.878,5.099,NW,3.9965376,Calm
32.5,35.18362788,-97.4455457,1134,0,,0,0,5.3,2.2,132.3,0,1024,1024,1024,1024,18.04462,,322.834656,40.354332,96,7.878,5.099,NW,3.9965376,Calm
32.6,35.18362792,-97.44554575,1134,0,,0,0,5,1.7,132.3,0,1024,1024,1024,1024,18.04462,,322.834656,40.354332,96,7.878,5.099,NW,3.9965376,Calm
32.7,35.18362796,-97.44554581,1134,0,,0,0,4.4,0.5,132.3,0,1024,1024,1024,1024,18.04462,,322.834656,40.354332,96,7.878,5.099,NW,4.0993568,Calm
32.8,35.183628,-97.4455459,1134,0,,0,0,4.9,0.6,132.3,0,1024,1024,1024,1024,18.04462,,322.834656,40.354332,96,7.878,5.099,NW,4.0993568,Calm
32.9,35.18362803,-97.44554595,1134,0,,0,0,4.1,1.8,132.4,0,1024,1024,1024,1024,18.04462,,322.834656,40.354332,96,7.878,5.099,NW,4.0993568,Calm
33,35.18362806,-97.44554602,1134,0,,0,0,3.1,0.9,132.6,0,1024,1024,1024,1024,18.04462,,322.834656,40.354332,96,7.878,5.099,NW,4.0993568,Calm
33.1,35.18362806,-97.44554606,1134,0,,0,0,3.9,-0.2,132.5,0,1024,1024,1024,1024,18.04462,,322.834656,40.354332,96,7.878,5.099,NW,4.0993568,Calm
33.2,35.18362805,-97.44554611,1134,0,,0,0,3.7,-0.6,132.4,0,1024,1024,1024,1024,18.04462,,322.834656,40.354332,96,7.878,5.099,NW,3.9965376,Calm
33.3,35.18362807,-97.4455461,1134,0,,0,0,4.5,0.5,132.4,0,1024,1024,1024,1024,18.04462,,322.834656,40.354332,96,7.878,5.099,NW,3.9965376,Calm
33.4,35.1836281,-97.44554608,1134,0,,0,0,4.6,1.8,132.5,0,1024,1024,1024,1024,18.04462,,322.834656,40.354332,96,7.878,5.099,NW,3.9965376,Calm
33.5,35.18362814,-97.44554605,1134,0,,0,0,4.6,2.1,132.7,0,1024,1024,1024,1024,18.04462,,322.834656,40.354332,96,7.878,5.099,NW,3.9965376,Calm
33.6,35.18362813,-97.44554605,1134,0,,0,0,4.5,1,132.6,0,1024,1024,1024,1024,18.04462,,322.834656,40.354332,96,7.878,5.099,NW,3.9965376,Calm
33.7,35.18362809,-97.44554604,1134,0,,0,0,4.9,0.8,132.4,0,1024,1024,1024,1024,18.04462,,322.834656,40.354332,96,7.878,5.099,NW,3.9965376,Calm
33.8,35.18362806,-97.44554606,1134,0,,0,0,5.3,0.6,132.3,0,1024,1024,1024,1024,18.04462,,322.834656,40.354332,96,7.877,5.099,NW,3.9965376,Calm
33.9,35.18362801,-97.4455461,1134,0,,0,0,4.6,-0.1,132.4,0,1024,1024,1024,400,18.04462,,322.834656,40.026248,96,7.877,5.099,NW,3.9965376,Calm
34,35.18362798,-97.44554613,1134,0,,0,0,4.5,-0.3,130.7,0,1024,1024,1024,364,18.04462,,322.834656,40.026248,95,7.877,5.155,NW,3.8981888,Calm
34.1,35.18362793,-97.44554617,1134,0,,0,0,4.6,-0.8,123.3,0,1024,1024,1024,364,17.060368,,322.834656,40.026248,95,7.877,5.155,NW,3.8981888,Calm
34.2,35.18362789,-97.44554618,1134,0,,0,0,5.1,-1,115.8,0,1024,1024,1024,364,17.060368,,322.834656,40.026248,95,7.877,5.155,NW,3.8981888,Calm
34.3,35.18362778,-97.44554622,1134,0,,0,0,4.9,-0.5,108.3,0,1024,1024,1024,364,17.060368,,322.834656,40.026248,95,7.877,5.155,NW,3.8981888,Calm
34.4,35.18362771,-97.44554627,1134,0,,0,0,4.4,-1.1,100.9,0,1024,1024,1024,364,18.04462,,322.834656,39.698164,95,7.877,5.155,NW,3.8981888,Calm
34.5,35.18362764,-97.44554636,1134,0,,0,0,3.8,-2.1,93.5,0,1024,1024,1024,364,18.04462,,322.834656,39.698164,95,7.877,5.155,NW,3.79984,Calm
34.6,35.18362755,-97.44554644,1134,0,,0,0,2.6,-2.2,86.1,0,1024,1024,1024,1024,18.04462,,322.834656,39.698164,95,7.877,5.155,NW,3.79984,Calm
34.7,35.1836275,-97.44554652,1134,0,,0,0,1.3,-2.6,80.5,0,1024,1024,1024,1024,18.04462,,322.834656,39.37008,95,7.866,5.155,NW,3.79984,Calm
34.8,35.18362741,-97.44554655,1134,0,,0,0,1,-2.4,82.2,0,1024,1024,1024,1024,18.04462,,322.834656,39.37008,95,7.866,5.155,NW,3.79984,Calm
34.9,35.18362732,-97.44554657,1134,0,,0,0,1.8,-3,83,0,1024,1024,1024,1024,18.04462,,322.834656,39.37008,95,7.866,5.155,NW,3.6970208,Calm
35,35.1836272,-97.44554657,1134,0,,0,0,1.8,-4.7,82.7,0,1024,1024,1024,750,18.04462,,322.834656,39.041996,95,7.866,5.155,NW,3.6970208,Calm
35.1,35.18362722,-97.4455465,1134,0,,0,0,3,-4.8,82.3,0,1024,1024,1024,417,18.04462,,322.834656,39.37008,95,7.866,5.155,NW,3.6970208,Calm
35.2,35.18362718,-97.44554647,1134,0,,0,0,2.7,-3.5,81.1,0,1024,1024,1024,364,18.04462,,322.834656,39.041996,95,7.866,5.155,NW,3.6970208,Calm
35.3,35.1836272,-97.44554639,1134,0,,0,0,0.7,-3.9,74.6,0,1024,1024,1024,364,18.04462,,322.834656,39.37008,95,7.866,5.155,NW,3.598672,Calm
35.4,35.18362716,-97.44554633,1134,0,,0,0,2,-5,66.9,0,1024,1024,1024,364,18.04462,,322.834656,39.37008,95,7.866,5.155,NW,3.598672,Calm
35.5,35.18362713,-97.44554624,1134,0,,0,0,2.9,-5.5,59.3,0,1024,1024,1024,364,18.04462,,322.834656,39.37008,95,7.866,5.155,NW,3.598672,Calm
35.6,35.18362701,-97.44554607,1134,0,,0,0,1.3,-4.5,52,0,1024,1024,1024,364,18.04462,,322.834656,39.37008,95,7.866,5.155,NW,3.4958528,Calm
35.7,35.18362693,-97.445546,1134,0,,0,0,0.3,-5.1,44.7,0,1024,1024,1024,364,18.04462,,322.834656,39.37008,95,7.866,5.155,NW,3.4958528,Calm
35.8,35.18362684,-97.44554593,1134,-0.100000166,,0,0,-0.6,-6.1,37.3,0.100000166,1024,1024,1024,364,17.060368,,322.834656,39.37008,95,7.866,5.155,NW,3.4958528,Calm
35.9,35.18362662,-97.44554576,1134,-0.100000166,,0,0,-2.1,-6.2,29.9,0.100000166,1024,1024,1024,364,17.060368,,322.834656,39.041996,95,7.866,5.155,NW,3.4958528,Calm
36,35.18362647,-97.44554571,1134,0,,0,0,-3.5,-6,22.5,0,1024,1024,1038,364,17.060368,,322.834656,39.041996,95,7.866,5.233,NW,3.397504,Calm
36.1,35.18362638,-97.44554564,1134,0,,0,0,-4.1,-4.8,15,0,1024,1024,1333,364,17.060368,,322.834656,39.041996,95,7.866,5.233,NW,3.397504,Calm
36.2,35.18362632,-97.44554559,1134,0,,0,0,-4.2,-4.5,7.5,0,1024,1024,1425,364,17.060368,,322.834656,39.041996,95,7.866,5.233,NW,3.397504,Calm
36.3,35.18362628,-97.44554556,1134,0,,0,-0.200000332,-3.6,-3.6,0.1,0,1024,1024,1439,364,17.060368,,322.834656,39.041996,95,7.866,5.233,NW,3.2991552,Calm
36.4,35.18362625,-97.44554551,1134,0,,0,-0.600000995,-4,-3.3,-7.2,0,1024,1024,1437,364,18.04462,,322.834656,39.041996,95,7.866,5.233,NW,3.2991552,Calm
36.5,35.18362632,-97.44554545,1134,0,,0,-0.800001326,-5,-3.3,-14.7,0,1024,1024,1114,512,19.356956,,322.834656,39.041996,95,7.866,5.233,NW,3.2991552,Calm
36.6,35.18362636,-97.44554554,1135,0,,0,-0.900001492,-5.7,-2.9,-22,0,1024,1024,1024,758,20.341208,,322.834656,39.041996,95,7.866,5.233,NW,3.2991552,Calm
36.7,35.18362639,-97.44554554,1135,0,,0,-0.600000995,-6.2,-3,-25.6,0,1024,1024,1024,1024,21.32546,,322.834656,39.041996,95,7.866,5.233,NW,3.196336,Calm
36.8,35.18362646,-97.44554573,1135,0,,0,-0.200000332,-4.4,-1.9,-24.5,0,1024,1024,1024,1024,21.32546,,322.834656,39.041996,95,7.871,5.233,NW,3.196336,Calm
36.9,35.18362648,-97.44554579,1135,0,,0,-0.100000166,-3.3,0,-24,0,1024,1024,1024,1024,21.32546,,322.834656,39.041996,95,7.871,5.233,NW,3.196336,Calm
37,35.1836265,-97.44554588,1135,0,,0,0,-3.9,0.2,-24.3,0,1024,1024,1024,1024,21.32546,,322.834656,39.041996,95,7.871,5.283,NW,3.196336,Calm
37.1,35.18362653,-97.4455459,1135,0,,0,0,-4.7,-0.6,-24.4,0,1024,1024,1024,1024,21.32546,,322.834656,39.041996,95,7.871,5.283,NW,3.196336,Calm
37.2,35.18362653,-97.44554591,1135,0,,0,0,-4.6,-1.1,-24.3,0,1024,1024,1024,1024,21.32546,,322.834656,39.041996,95,7.871,5.283,NW,3.0979872,Calm
37.3,35.18362656,-97.44554593,1135,0,,0,0,-4.6,-1.1,-24.2,0,1024,1024,1024,1024,21.32546,,322.834656,39.041996,95,7.871,5.283,NW,3.0979872,Calm
37.4,35.18362661,-97.4455459,1135,0,,0,0,-4.5,-1.5,-24.3,0,1024,1024,1024,1024,21.32546,,322.834656,39.041996,95,7.871,5.283,NW,3.0979872,Calm
37.5,35.18362665,-97.44554591,1135,0,,0,0,-4.9,-1.6,-24.2,0,1024,1024,1024,1024,21.32546,,322.834656,39.041996,95,7.871,5.283,NW,3.0979872,Calm
37.6,35.18362671,-97.44554591,1135,0,,0,0,-4.8,-1.9,-24.2,0,1024,1024,1024,1024,21.32546,,322.834656,39.041996,95,7.871,5.283,NW,3.0979872,Calm
37.7,35.18362675,-97.44554589,1135,0,,0,0,-4.5,-1.7,-24.2,0,1024,1024,1024,1024,21.32546,,322.834656,39.37008,95,7.871,5.283,NW,2.9996384,Calm
37.8,35.18362681,-97.44554588,1135,0,,0,0,-4.3,-2,-24.2,0,1024,1024,1024,1024,21.32546,,322.834656,39.37008,95,7.871,5.283,NW,2.9996384,Calm
37.9,35.1836269,-97.4455458,1135,0,,0,0,-4.1,-2.3,-24.2,0,1024,1024,1024,1024,21.32546,,322.834656,39.37008,95,7.871,5.283,NW,2.9996384,Calm
38,35.18362694,-97.44554579,1135,0,,0,0,-4.2,-2.5,-24.2,0,1024,1024,1024,1024,21.32546,,322.834656,39.37008,95,7.885,5.283,NW,2.9996384,Calm
38.1,35.18362699,-97.44554577,1135,0,,0,0,-4.8,-1.7,-24.1,0,1024,1024,1159,1024,21.32546,,322.834656,39.37008,95,7.885,5.283,NW,2.9996384,Calm
38.2,35.18362704,-97.44554575,1135,0,,0,0,-4.3,-2.3,-24.1,0,1024,1024,1321,1024,21.32546,,322.834656,39.698164,95,7.885,5.283,NW,2.9996384,Calm
38.3,35.1836271,-97.44554574,1135,0,,0,0,-3.6,-2.3,-24.3,0,1024,1024,1352,1024,21.32546,,322.834656,39.698164,95,7.885,5.283,NW,2.9996384,Calm
38.4,35.18362717,-97.44554574,1135,0,,0,-0.100000166,-3.4,-1.1,-24.3,0,1024,1024,1414,1024,21.32546,,322.834656,39.698164,95,7.885,5.283,NW,2.9996384,Calm
38.5,35.18362728,-97.44554576,1135,0,,0,-0.400000663,-3.2,-1.6,-24.3,0,1173,1024,1414,1027,22.309712,,322.834656,39.698164,95,7.885,5.283,NW,2.8968192,Calm
38.6,35.18362738,-97.44554571,1135,0,,0,-0.500000829,-3.2,-3.1,-24.4,0,1374,1024,1257,1036,22.309712,,322.834656,40.026248,95,7.885,5.283,NW,2.8968192,Calm
38.7,35.18362747,-97.44554571,1136,0,,0,-0.70000116,-2.6,-3.5,-24.3,0,1490,1005,1145,1024,23.622048,,322.834656,40.026248,95,7.885,5.283,NW,2.8968192,Calm
38.8,35.18362746,-97.44554577,1136,0,,0,-0.70000116,-3.6,-0.9,-24.1,0,1462,915,1024,1024,24.6063,,322.834656,40.026248,95,7.885,5.283,NW,2.8968192,Calm
38.9,35.1836275,-97.4455458,1136,0,,0,-0.300000497,-4.2,2.7,-24.1,0,1024,1024,1024,1024,24.6063,,322.834656,40.026248,95,7.885,5.283,NW,2.8968192,Calm
39,35.18362757,-97.44554578,1136,0,,0,-0.100000166,-2.2,6,-24.1,0,1024,1024,1024,1024,24.6063,,322.834656,40.026248,95,7.885,4.903,NW,2.8968192,Calm
39.1,35.18362761,-97.44554557,1136,0.100000166,,0.100000166,-0.100000166,-1.6,2.9,-24.3,0.141421551,1024,1024,1024,1024,24.6063,,322.834656,40.026248,95,7.885,4.903,NW,2.8968192,Calm
39.2,35.1836277,-97.44554536,1136,0.100000166,,0.200000332,0,-3.1,-0.6,-24.4,0.223606726,886,1003,1024,1024,25.590552,,322.834656,40.354332,95,7.885,4.903,NW,2.8968192,Calm
39.3,35.18362787,-97.44554497,1136,0.100000166,,0.200000332,0,-3.4,-1.7,-24.2,0.223606726,759,669,1024,1024,24.6063,,322.834656,40.682416,95,7.885,4.903,NW,2.8968192,Calm
39.4,35.18362799,-97.44554466,1136,0.100000166,,0.200000332,0,-3,-2.6,-24.1,0.223606726,783,555,1024,1024,25.590552,,322.834656,41.0105,95,7.885,4.903,NW,2.7984704,Calm
39.5,35.1836281,-97.44554435,1136,0.100000166,,0.200000332,0,-0.3,-3.7,-24.3,0.223606726,792,555,1024,1024,24.6063,,322.834656,41.338584,95,7.885,4.903,NW,2.7984704,Calm
39.6,35.18362821,-97.44554397,1136,0,,0.200000332,0,3.7,-4.6,-24.4,0.200000332,815,590,1024,1024,25.590552,,322.834656,41.666668,95,7.885,4.903,NW,2.7984704,Calm
39.7,35.18362818,-97.44554366,1136,-0.100000166,,0.200000332,0,5.2,-4.4,-24.5,0.223606726,933,726,1024,1024,25.590552,,322.834656,41.994752,95,7.885,4.903,NW,2.7984704,Calm
39.8,35.18362803,-97.44554333,1136,-0.200000332,,0.300000497,0,3.7,-3.9,-24.4,0.360555642,937,912,1111,1018,25.590552,,322.834656,41.994752,95,7.869,4.903,NW,2.7984704,Calm
39.9,35.18362773,-97.44554288,1136,-0.300000497,,0.300000497,0,-0.1,-3.3,-24.2,0.424264653,1024,1024,1226,967,25.590552,,322.834656,41.994752,95,7.869,4.903,NW,2.7984704,Calm
40,35.18362731,-97.44554249,1136,-0.300000497,,0.300000497,0,-3.1,-3,-24.1,0.424264653,1024,1024,1189,967,25.590552,,322.834656,41.994752,95,7.869,5.018,NW,2.7984704,Calm
40.1,35.18362694,-97.44554204,1136,-0.300000497,,0.300000497,-0.100000166,-3.9,-3.3,-24.2,0.424264653,1024,1024,1208,919,25.590552,,322.834656,41.994752,95,7.869,5.018,NW,2.7984704,Calm
40.2,35.18362664,-97.44554172,1136,-0.300000497,,0.300000497,-0.100000166,-4.9,-3.4,-24.2,0.424264653,1024,1024,1237,841,25.590552,,322.834656,41.994752,95,7.869,5.018,NW,2.7984704,Calm
40.3,35.18362634,-97.44554137,1136,-0.300000497,,0.300000497,-0.100000166,-6.7,-3.6,-24.4,0.424264653,1024,1024,1044,819,25.590552,,322.834656,41.994752,95,7.869,5.018,NW,2.7984704,Calm
40.4,35.18362607,-97.44554113,1137,-0.200000332,,0.200000332,-0.100000166,-7,-3.4,-25,0.282843102,1024,1024,1024,761,25.590552,,322.834656,41.994752,95,7.869,5.018,NW,2.7984704,Calm
40.5,35.18362585,-97.44554084,1137,-0.200000332,,0.200000332,-0.100000166,-6.6,-3.9,-25.6,0.282843102,1024,1024,1024,761,25.590552,,322.834656,41.994752,95,7.869,5.018,NW,2.7984704,Calm
40.6,35.18362569,-97.4455406,1137,-0.100000166,,0.100000166,0,-5.8,-3.7,-26.6,0.141421551,1023,1024,935,736,25.590552,,322.834656,41.994752,95,7.869,5.018,NW,2.7984704,Calm
40.7,35.18362553,-97.44554038,1137,-0.100000166,,0.100000166,0,-5.3,-3.5,-27.7,0.141421551,938,1024,903,694,25.590552,,322.834656,42.322836,95,7.869,5.018,NW,2.7984704,Calm
40.8,35.18362542,-97.4455402,1137,-0.100000166,,0.100000166,0,-4.9,-3.1,-28.8,0.141421551,814,1024,903,694,25.590552,,322.834656,42.322836,95,7.869,5.018,NW,2.7984704,Calm
40.9,35.18362532,-97.4455401,1137,-0.100000166,,0,0,-4,-1.6,-30.1,0.100000166,721,1024,899,695,25.590552,,322.834656,42.322836,95,7.869,5.018,NW,2.7984704,Calm
41,35.18362522,-97.44553999,1137,-0.100000166,,0,0,-4.9,-1.8,-31.7,0.100000166,675,1024,891,695,25.590552,,322.834656,42.322836,95,7.869,5.018,NW,2.7984704,Calm
41.1,35.18362514,-97.44553986,1137,0,,0,0,-5,-4.2,-33.4,0,759,1024,895,694,25.590552,,322.834656,42.322836,95,7.869,5.018,NW,2.7984704,Calm
41.2,35.18362504,-97.44553977,1137,-0.100000166,,0,0,-4.1,-5.7,-34.8,0.100000166,1024,1206,899,695,25.590552,,322.834656,42.322836,95,7.869,5.018,NW,2.7984704,Calm
41.3,35.18362493,-97.44553975,1137,-0.100000166,,0,0,-4.2,-6.8,-36.1,0.100000166,1024,1274,910,696,25.590552,,322.834656,42.322836,95,7.869,5.018,NW,2.7984704,Calm
41.4,35.18362477,-97.44553985,1137,-0.100000166,,0,0,-4.6,-3.4,-37.5,0.100000166,1024,1274,910,696,25.590552,,322.834656,41.994752,95,7.869,5.018,NW,2.7984704,Calm
41.5,35.18362459,-97.44553997,1137,-0.100000166,,-0.100000166,0,-5.3,-0.6,-39,0.141421551,1024,1291,895,697,25.590552,,322.834656,41.666668,95,7.869,5.018,NW,2.7984704,Calm
41.6,35.18362441,-97.44554016,1137,-0.100000166,,-0.100000166,0,-7.3,-0.2,-40.6,0.141421551,1024,1354,852,697,25.590552,,322.834656,41.666668,95,7.869,5.018,NW,2.7984704,Calm
41.7,35.1836243,-97.4455403,1137,-0.100000166,,-0.100000166,0,-6.4,-1,-42.2,0.141421551,1024,1386,855,717,25.590552,,322.834656,41.338584,95,7.869,5.018,NW,2.7984704,Calm
41.8,35.18362423,-97.44554046,1137,0,,-0.100000166,0,-6.6,-1,-43.3,0.100000166,1024,1320,922,721,25.590552,,322.834656,41.0105,95,7.883,5.018,NW,2.7984704,Calm
41.9,35.18362422,-97.44554071,1137,0,,-0.200000332,0,-7.9,-1.1,-44.5,0.200000332,1024,1236,1000,692,25.590552,,322.834656,41.0105,95,7.883,5.018,NW,2.7984704,Calm
42,35.18362428,-97.44554105,1137,0,,-0.200000332,0,-6.7,-0.9,-45.9,0.200000332,1024,1158,1024,628,25.590552,,322.834656,40.682416,95,7.883,5.093,NW,2.7984704,Calm
42.1,35.18362433,-97.44554138,1137,0,,-0.200000332,0,-4.3,-1.1,-47.8,0.200000332,1024,1161,1037,528,25.590552,,322.834656,40.354332,95,7.883,5.093,NW,2.7984704,Calm
42.2,35.18362438,-97.44554166,1137,0,,-0.200000332,0,-3.3,-0.8,-50.8,0.200000332,1024,1161,1061,518,25.590552,,322.834656,40.354332,95,7.883,5.093,NW,2.7984704,Calm
42.3,35.18362447,-97.44554198,1137,0,,-0.200000332,0,-4,-1,-55,0.200000332,1024,1161,1054,485,25.590552,,322.834656,40.026248,95,7.883,5.093,NW,2.7984704,Calm
42.4,35.18362449,-97.44554225,1137,0,,-0.200000332,0,-4.1,-1.7,-59.4,0.200000332,1024,1161,1143,449,25.590552,,322.834656,40.026248,95,7.883,5.093,NW,2.7984704,Calm
42.5,35.1836245,-97.44554255,1137,0,,-0.200000332,0,-4.2,-1.3,-64.3,0.200000332,1024,1160,1185,430,25.590552,,322.834656,39.698164,95,7.883,5.093,NW,2.7984704,Calm
42.6,35.18362448,-97.44554286,1137,0,,-0.200000332,0,-4.4,-1.2,-70.3,0.200000332,1024,1158,1202,400,25.590552,,322.834656,39.37008,95,7.883,5.093,NW,2.7984704,Calm
42.7,35.18362443,-97.44554313,1137,0,,-0.300000497,0,-3.9,-1.3,-76.8,0.300000497,1024,1160,1241,415,25.590552,,322.834656,39.37008,95,7.88,5.093,NW,2.6956512,Calm
42.8,35.18362427,-97.44554359,1137,-0.100000166,,-0.300000497,-0.100000166,-4,-1.2,-83.5,0.316228049,1024,1159,1301,470,26.902888,,322.834656,38.713912,95,7.88,5.093,NW,2.6956512,Calm
42.9,35.18362413,-97.4455439,1137,-0.100000166,,-0.300000497,-0.100000166,-4,-0.1,-89.3,0.316228049,1024,1159,1337,489,26.902888,,322.834656,38.385828,95,7.88,5.093,NW,2.6956512,Calm
43,35.18362394,-97.44554423,1137,-0.200000332,,-0.300000497,-0.200000332,-3.2,0.7,-93.8,0.360555642,1024,1156,1362,555,26.902888,,322.834656,38.057744,95,7.88,5.093,NW,2.6956512,Calm
43.1,35.18362368,-97.44554461,1137,-0.200000332,,-0.300000497,-0.300000497,-2.8,1.9,-98.2,0.360555642,1023,1140,1372,576,26.902888,,322.834656,37.72966,95,7.88,5.093,NW,2.6956512,Calm
43.2,35.18362342,-97.44554498,1137,-0.200000332,,-0.300000497,-0.400000663,-2.5,2.9,-101.5,0.360555642,984,1141,1357,624,27.88714,,322.834656,37.073492,95,7.88,5.093,NW,2.6956512,Calm
43.3,35.18362325,-97.44554534,1137,-0.200000332,,-0.300000497,-0.500000829,-2.7,3.7,-104.6,0.360555642,939,1140,1298,712,27.88714,,322.834656,36.745408,95,7.88,5.093,NW,2.6956512,Calm
43.4,35.18362304,-97.44554569,1137,-0.200000332,,-0.300000497,-0.500000829,-2.9,1.9,-106.7,0.360555642,1024,1146,1241,732,28.871392,,322.834656,36.417324,95,7.88,5.093,NW,2.6956512,Calm
43.5,35.18362272,-97.44554607,1138,-0.200000332,,-0.300000497,-0.500000829,-1.4,0.7,-107.7,0.360555642,1416,1223,1194,812,28.871392,,322.834656,35.761156,95,7.88,5.093,NW,2.6956512,Calm
43.6,35.1836225,-97.44554644,1138,-0.200000332,,-0.200000332,-0.400000663,0.1,1.2,-108.6,0.282843102,1538,1024,1149,861,29.855644,,322.834656,35.433072,95,7.88,5.093,NW,2.6956512,Calm
43.7,35.18362223,-97.44554672,1138,-0.200000332,,-0.200000332,-0.200000332,-1,3.3,-109.1,0.282843102,1574,1024,1134,889,31.16798,,322.834656,34.776904,95,7.88,5.093,NW,2.6956512,Calm
43.8,35.18362201,-97.44554693,1138,-0.200000332,,-0.200000332,-0.100000166,-1.1,7.7,-109,0.282843102,1502,1024,1129,915,31.16798,,322.834656,34.44882,95,7.88,5.093,NW,2.7984704,Calm
43.9,35.18362183,-97.44554711,1138,-0.100000166,,-0.200000332,-0.100000166,-0.5,12.5,-109.1,0.223606726,1503,1024,1155,898,29.855644,,322.834656,34.44882,95,7.88,5.093,NW,2.7984704,Calm
44,35.1836218,-97.44554743,1138,0,,-0.200000332,-0.100000166,-1.3,14.4,-109.6,0.200000332,1503,1024,1155,898,29.855644,,322.834656,34.120736,95,7.88,5.076,NW,2.6956512,Calm
44.1,35.18362197,-97.44554778,1138,0.200000332,,-0.300000497,0,-2.1,11.8,-110.1,0.360555642,1404,1055,1135,945,29.855644,,322.834656,33.792652,95,7.88,5.076,NW,2.6956512,Calm
44.2,35.18362228,-97.44554815,1138,0.400000663,,-0.300000497,0,-2.1,10.5,-110.3,0.500000829,1141,1300,1114,967,29.855644,,322.834656,33.792652,95,7.88,5.076,NW,2.6956512,Calm
44.3,35.18362275,-97.4455486,1138,0.500000829,,-0.400000663,0,-2.3,6.6,-110.2,0.640313274,1184,1468,1114,967,29.855644,,322.834656,33.792652,95,7.88,5.076,NW,2.6956512,Calm
44.4,35.18362338,-97.44554913,1138,0.500000829,,-0.400000663,0,-4.4,2.8,-110.2,0.640313274,1117,1544,1114,967,29.855644,,322.834656,34.120736,95,7.88,5.076,NW,2.6956512,Calm
44.5,35.18362375,-97.44554951,1138,0.500000829,,-0.400000663,0,-7.9,3,-110.2,0.640313274,1079,1557,1114,967,29.855644,,322.834656,34.120736,95,7.88,5.076,NW,2.6956512,Calm
44.6,35.18362421,-97.44555007,1138,0.400000663,,-0.500000829,0,-11.4,3.4,-110.3,0.640313274,1083,1601,1111,967,29.855644,,322.834656,34.120736,95,7.88,5.076,NW,2.6956512,Calm
44.7,35.18362457,-97.44555061,1138,0.300000497,,-0.600000995,0,-12.5,3,-110.4,0.670821071,1082,1684,1111,967,29.855644,,322.834656,34.120736,95,7.88,5.076,NW,2.6956512,Calm
44.8,35.18362489,-97.44555162,1138,0.300000497,,-0.800001326,0,-12.7,2.9,-110.4,0.854401624,1073,1684,1111,968,29.855644,,322.834656,33.792652,95,7.869,5.076,NW,2.6956512,Calm
44.9,35.18362511,-97.44555252,1138,0.200000332,,-0.900001492,0,-12.9,3.1,-110.4,0.921955626,1061,1684,1112,969,29.855644,,322.834656,33.464568,95,7.869,5.076,NW,2.6956512,Calm
45,35.1836253,-97.44555377,1138,0.100000166,,-1.100001823,0,-12.8,3.1,-110.5,1.104537491,1078,1684,1125,974,29.855644,,322.834656,32.8084,95,7.869,5.106,NW,2.6956512,Calm
45.1,35.18362542,-97.44555504,1138,0.100000166,,-1.200001989,0,-12.2,2.6,-110.5,1.204161249,1122,1667,1158,970,29.855644,,322.834656,32.152232,95,7.869,5.106,NW,2.6956512,Calm
45.2,35.18362548,-97.44555648,1138,0,,-1.300002155,0,-11.3,2.9,-110.5,1.300002155,1215,1667,1085,927,29.855644,,322.834656,31.496064,95,7.869,5.106,NW,2.6956512,Calm
45.3,35.1836255,-97.44555809,1138,0,,-1.400002321,0,-11.4,2.7,-110.6,1.400002321,1292,1647,963,842,29.855644,,322.834656,30.839896,95,7.869,5.106,NW,2.6956512,Calm
45.4,35.18362547,-97.4455598,1138,0,,-1.600002652,0,-11.7,3,-110.8,1.600002652,1284,1619,878,883,29.855644,,322.834656,29.855644,95,7.869,5.106,NW,2.6956512,Calm
45.5,35.18362538,-97.44556164,1138,-0.100000166,,-1.700002818,0,-11.5,3.4,-111.3,1.702941212,1283,1588,790,890,31.16798,,322.834656,29.199476,95,7.869,5.106,NW,2.6956512,Calm
45.6,35.18362521,-97.4455638,1138,-0.100000166,,-1.800002984,0,-11.9,3.8,-111.5,1.802778208,1024,1449,773,941,31.16798,,322.834656,28.215224,95,7.869,5.106,NW,2.6956512,Calm
45.7,35.18362506,-97.44556578,1138,-0.100000166,,-1.900003149,0,-13.3,4.3,-111.7,1.902632639,867,1354,739,941,31.16798,,322.834656,27.230972,95,7.869,5.106,NW,2.6956512,Calm
45.8,35.18362488,-97.44556778,1138,-0.200000332,,-2.000003315,0,-12.2,3.3,-111.7,2.009978119,867,1354,739,941,31.16798,,322.834656,26.574804,95,7.869,5.106,NW,2.6956512,Calm
45.9,35.18362469,-97.4455704,1138,-0.200000332,,-2.100003481,0,-8.7,2.1,-111.6,2.109505763,744,1327,612,957,29.855644,,322.834656,25.918636,95,7.869,5.106,NW,2.6956512,Calm
46,35.18362446,-97.44557259,1138,-0.300000497,,-2.200003647,0.100000166,-6.4,2,-111.4,2.220363636,604,1300,606,1000,31.16798,,322.834656,25.590552,95,7.872,5.106,NW,2.6956512,Calm
46.1,35.18362421,-97.4455754,1138,-0.300000497,,-2.100003481,0.400000663,-5.1,1.1,-111.5,2.121323713,510,1273,627,1024,31.16798,,322.834656,25.262468,95,7.872,5.106,NW,2.6956512,Calm
46.2,35.18362391,-97.44557769,1138,-0.300000497,,-2.100003481,0.500000829,-4,0.4,-111.5,2.121323713,459,1246,910,1024,29.855644,,322.834656,25.262468,95,7.872,5.106,NW,2.6956512,Calm
46.3,35.18362359,-97.44557986,1138,-0.400000663,,-2.100003481,0.600000995,-2.9,-3.8,-111.3,2.137759138,494,1148,1024,1024,29.855644,,322.834656,25.262468,95,7.872,5.106,NW,2.6956512,Calm
46.4,35.18362323,-97.44558206,1138,-0.500000829,,-2.000003315,0.500000829,-0.7,-10.2,-111.7,2.061555806,494,1148,1024,1024,29.855644,,322.834656,25.262468,95,7.872,5.106,NW,2.5973024,Calm
46.5,35.18362256,-97.44558443,1138,-0.70000116,,-1.800002984,0.200000332,1,-12.8,-111.7,1.931323666,817,1172,1024,1024,28.871392,,322.834656,25.590552,95,7.872,5.106,NW,2.5973024,Calm
46.6,35.18362178,-97.44558613,1138,-1.000001658,,-1.600002652,0,-2.6,-6,-111.1,1.886798929,1024,1102,1024,1024,28.871392,,322.834656,25.262468,95,7.872,5.106,NW,2.5973024,Calm
46.7,35.18362073,-97.44558766,1138,-1.100001823,,-1.500002486,0,-4.4,3.5,-111,1.860110194,1024,1037,1024,1024,28.871392,,322.834656,24.934384,95,7.872,5.106,NW,2.5973024,Calm
46.8,35.1836195,-97.44558966,1138,-1.000001658,,-1.500002486,0,-2.4,5.4,-111.4,1.802778208,1024,1040,1024,1024,28.871392,,322.834656,24.934384,95,7.872,5.106,NW,2.4989536,Calm
46.9,35.18361864,-97.44559132,1138,-0.900001492,,-1.500002486,0,-0.9,3.2,-111.6,1.749288084,978,1040,1024,1024,28.871392,,322.834656,25.262468,95,7.872,5.106,NW,2.4989536,Calm
47,35.18361786,-97.44559286,1138,-0.900001492,,-1.500002486,0,-0.7,2.1,-111.6,1.749288084,904,1041,1024,1024,29.855644,,322.834656,25.590552,95,7.872,4.456,NW,2.4989536,Calm
47.1,35.18361706,-97.44559456,1138,-0.900001492,,-1.400002321,0,-0.3,2.2,-111.5,1.66433439,670,1024,1024,1024,29.855644,,322.834656,26.24672,95,7.872,4.456,NW,2.4989536,Calm
47.2,35.18361622,-97.44559626,1138,-0.800001326,,-1.400002321,0,0.1,1.3,-111.5,1.612454057,483,1024,1024,1024,29.855644,,322.834656,26.902888,95,7.872,4.456,NW,2.4989536,Calm
47.3,35.18361556,-97.44559757,1138,-0.800001326,,-1.300002155,0,0.1,-2.8,-111.6,1.526435962,391,1024,1024,1024,29.855644,,322.834656,27.559056,95,7.872,4.456,NW,2.4989536,Calm
47.4,35.18361471,-97.44559907,1138,-0.800001326,,-1.200001989,0,-0.3,-9.6,-111.8,1.442222566,364,1024,1024,1024,29.855644,,322.834656,28.215224,95,7.872,4.456,NW,2.3961344,Calm
47.5,35.18361401,-97.44560007,1138,-1.000001658,,-1.000001658,0,-0.5,-15.1,-111.7,1.41421551,394,1024,1024,1024,29.855644,,322.834656,28.871392,95,7.872,4.456,NW,2.3961344,Calm
47.6,35.18361277,-97.44560128,1138,-1.300002155,,-0.900001492,0,-0.3,-16.6,-111.6,1.58114114,949,1024,1024,1024,28.871392,,322.834656,29.199476,95,7.872,4.456,NW,2.3961344,Calm
47.7,35.18361143,-97.44560214,1138,-1.500002486,,-0.70000116,0,-0.9,-9.2,-111.3,1.65529703,1055,1024,1024,1024,28.871392,,322.834656,29.199476,95,7.872,4.456,NW,2.3961344,Calm
47.8,35.18361015,-97.44560277,1138,-1.600002652,,-0.600000995,0,-1.8,1.3,-111,1.708803247,1024,1024,1024,1024,28.871392,,322.834656,29.52756,95,7.885,4.456,NW,2.3961344,Calm
47.9,35.18360865,-97.44560336,1138,-1.600002652,,-0.600000995,0,-1.7,3.8,-111.4,1.708803247,1024,1024,869,1024,28.871392,,322.834656,29.52756,95,7.885,4.456,W,2.3961344,Calm
48,35.18360686,-97.44560424,1138,-1.500002486,,-0.600000995,0,-1.1,2.7,-111.7,1.615552044,1024,1024,769,1088,29.855644,,322.834656,29.855644,95,7.885,4.916,W,2.3961344,Calm
48.1,35.18360552,-97.44560489,1138,-1.500002486,,-0.500000829,0,0.3,4.4,-111.6,1.58114114,1024,1024,751,1051,29.855644,,322.834656,30.511812,95,7.885,4.916,W,2.2977856,Calm
48.2,35.18360438,-97.44560543,1138,-1.400002321,,-0.500000829,0.100000166,6.3,10,-110.6,1.486609168,1024,1024,706,1032,29.855644,,322.834656,30.839896,95,7.885,4.916,NW,2.2977856,Calm
48.3,35.18360325,-97.44560592,1137,-1.200001989,,-0.400000663,0.200000332,9.1,11.6,-110.3,1.264913091,1024,1024,948,1024,28.871392,,322.834656,31.16798,95,7.885,4.916,NW,2.2977856,Calm
48.4,35.18360236,-97.44560628,1137,-0.900001492,,-0.300000497,0.300000497,8,10.9,-110.6,0.948684595,1024,1024,1024,1024,28.871392,,322.834656,31.496064,95,7.885,4.916,NW,2.2977856,Calm
48.5,35.18360151,-97.44560659,1137,-0.70000116,,-0.100000166,0.100000166,6.4,9.7,-110.9,0.707107755,1024,1024,1024,1024,27.88714,,322.834656,32.152232,95,7.885,4.916,NW,2.2977856,Calm
48.6,35.18360109,-97.44560664,1137,-0.500000829,,0,0,3.3,8.7,-111.2,0.500000829,1024,1024,893,1024,27.88714,,322.834656,32.152232,95,7.885,4.916,NW,2.2977856,Calm
48.7,35.1836007,-97.44560666,1137,-0.400000663,,0,0,1,7.5,-111.4,0.400000663,1024,1024,718,1078,28.871392,,322.834656,32.152232,95,7.885,4.916,NW,2.2977856,Calm
48.8,35.18360047,-97.44560661,1137,-0.200000332,,0,0,0.8,6.5,-111.4,0.200000332,1024,1024,736,1027,28.871392,,322.834656,32.152232,95,7.885,4.916,NW,2.2977856,Calm
48.9,35.1836003,-97.44560656,1137,-0.200000332,,0,0.100000166,0.6,5.4,-111.4,0.200000332,1024,1024,691,1027,28.871392,,322.834656,32.152232,95,7.885,4.916,NW,2.2977856,Calm
49,35.18360018,-97.4456065,1137,-0.100000166,,0,0.200000332,0.7,4.9,-111.4,0.100000166,1024,1024,675,1027,28.871392,,322.834656,32.152232,95,7.902,4.916,NW,2.2977856,Calm
49.1,35.18360009,-97.44560646,1137,-0.100000166,,0,0.300000497,0,4.4,-111.4,0.100000166,1024,1024,554,1046,28.871392,,322.834656,32.152232,95,7.902,4.916,NW,2.2977856,Calm
49.2,35.18360005,-97.44560632,1137,0,,0.100000166,0.400000663,-0.9,4.1,-111.4,0.100000166,1024,1024,479,1047,27.88714,,322.834656,31.824148,95,7.902,4.916,NW,2.2977856,Calm
49.3,35.18359993,-97.44560626,1137,0,,0.100000166,0.600000995,-1.6,4.3,-111.4,0.100000166,1024,1024,919,1024,27.88714,,322.834656,31.824148,95,7.902,4.916,NW,2.2977856,Calm
49.4,35.1835999,-97.44560612,1136,0,,0.100000166,0.900001492,-1.1,4.4,-111.3,0.100000166,1024,1024,1024,1024,26.902888,,322.834656,31.824148,95,7.902,4.916,NW,2.2977856,Calm
49.5,35.18359986,-97.44560593,1136,0,,0.100000166,0.900001492,0.3,3.1,-111.2,0.100000166,1024,1024,1024,1024,25.590552,,322.834656,31.496064,95,7.902,4.916,NW,2.2977856,Calm
49.6,35.18359984,-97.44560574,1136,0,,0.100000166,0.500000829,-2.5,2.3,-111.5,0.100000166,1024,1024,1024,1024,25.590552,,322.834656,31.496064,95,7.902,4.85,NW,2.2977856,Calm
49.7,35.18359984,-97.44560556,1136,0,,0.100000166,0.200000332,-4.8,3.9,-111.6,0.100000166,1024,1024,1098,1024,25.590552,,322.834656,31.16798,95,7.902,4.85,NW,2.2977856,Calm
49.8,35.18359994,-97.44560539,1136,0,,0,0.100000166,-4.8,4,-111.6,0,1024,1024,1217,1024,25.590552,,322.834656,30.839896,95,7.902,4.85,NW,2.2977856,Calm
49.9,35.18359996,-97.44560534,1136,0,,0,0,-3.4,3.1,-111.6,0,1024,1024,1042,1024,24.6063,,322.834656,30.839896,95,7.902,4.85,NW,2.2977856,Calm
50,35.18359995,-97.44560533,1136,0,,0,0,-1.8,2.8,-111.6,0,1024,1024,1024,1024,25.590552,,322.834656,30.839896,95,7.902,4.85,NW,2.3961344,Calm
50.1,35.18359999,-97.44560531,1136,0,,0,0,-2.2,2.8,-111.5,0,1024,1024,1024,1024,25.590552,,322.834656,30.839896,95,7.902,4.85,NW,2.3961344,Calm
50.2,35.18360002,-97.4456053,1136,0,,0,0,-2.5,2.1,-111.4,0,1252,1024,1024,1024,25.590552,,322.834656,30.839896,95,7.902,4.85,NW,2.3961344,Calm
50.3,35.18360006,-97.4456053,1136,0,,0,0,-1.8,1.9,-111.4,0,1597,922,1024,1024,25.590552,,322.834656,30.839896,95,7.902,4.85,NW,2.3961344,Calm
50.4,35.18360006,-97.44560527,1136,0,,0,0,-1.8,3.5,-111.6,0,1684,861,1024,1024,25.590552,,322.834656,30.839896,95,7.902,4.85,NW,2.3961344,Calm
50.5,35.18360009,-97.44560524,1136,0,,0,0,-2.6,9.6,-111.7,0,1684,783,1024,1024,25.590552,,322.834656,30.839896,95,7.902,4.85,NW,2.3961344,Calm
50.6,35.18360016,-97.44560523,1136,0.100000166,,0,0,-2,17.1,-111.5,0.100000166,1684,783,1024,1024,24.6063,,322.834656,30.839896,95,7.879,4.85,NW,2.4989536,Calm
50.7,35.18360043,-97.44560531,1136,0.400000663,,-0.100000166,0,-0.6,20.2,-111.5,0.412310804,1684,794,1024,1024,24.6063,,322.834656,30.839896,95,7.879,4.85,NW,2.4989536,Calm
50.8,35.18360104,-97.44560554,1136,0.600000995,,-0.100000166,0,-1,20.2,-111.9,0.608277046,1684,870,1024,1024,24.6063,,322.834656,31.16798,95,7.879,4.85,NW,2.4989536,Calm
50.9,35.18360173,-97.44560574,1136,0.900001492,,-0.200000332,0,-1.2,19.9,-111.8,0.921955626,1595,1024,1024,1024,23.622048,,322.834656,31.16798,95,7.879,4.85,NW,2.4989536,Calm
51,35.18360278,-97.44560606,1136,1.200001989,,-0.300000497,0,-2,19.3,-111.9,1.236933305,1177,1024,1024,1024,23.622048,,322.834656,31.496064,95,7.879,4.85,NW,2.4989536,Calm
51.1,35.18360408,-97.44560652,1136,1.400002321,,-0.400000663,0,-2.7,17.8,-112.1,1.456024032,792,1024,1024,1024,23.622048,,322.834656,31.824148,95,7.879,4.85,NW,2.4989536,Calm
51.2,35.18360559,-97.44560705,1136,1.600002652,,-0.400000663,0,-3.2,9.4,-112.2,1.649244555,515,900,1024,1024,23.622048,,322.834656,32.480316,95,7.879,4.85,NW,2.4989536,Calm
51.3,35.18360707,-97.44560758,1136,1.700002818,,-0.500000829,0,-3.5,2.2,-111.8,1.772007104,454,896,1024,1024,24.6063,,322.834656,33.136484,95,7.879,4.85,NW,2.5973024,Calm
51.4,35.18360858,-97.44560813,1136,1.600002652,,-0.400000663,0,-2.3,-4.4,-111.6,1.649244555,666,1024,1024,1024,24.6063,,322.834656,34.120736,95,7.879,4.85,NW,2.5973024,Calm
51.5,35.18361,-97.44560854,1136,1.400002321,,-0.400000663,0,-1.2,-10.3,-111.5,1.456024032,1024,1024,1024,1024,24.6063,,322.834656,34.776904,95,7.879,4.85,NW,2.5973024,Calm
51.6,35.18361117,-97.44560884,1136,1.100001823,,-0.200000332,0,-2,-10.5,-111.4,1.118035417,1024,1024,1024,1024,24.6063,,322.834656,35.433072,94,7.879,5.126,NW,2.5973024,Calm
51.7,35.18361206,-97.44560908,1136,0.900001492,,-0.100000166,0,-3.1,-2.8,-111.1,0.90553987,1024,1024,1024,1024,24.6063,,322.834656,36.08924,94,7.879,5.126,NW,2.5973024,Calm
51.8,35.18361279,-97.44560926,1136,0.800001326,,-0.100000166,0,-3.9,2.5,-111.3,0.806226805,1024,1024,1024,1063,24.6063,,322.834656,36.417324,94,7.879,5.126,NW,2.5973024,Calm
51.9,35.18361347,-97.44560943,1136,0.800001326,,-0.100000166,0,-3.7,2.3,-111.6,0.806226805,1024,1024,1024,1236,24.6063,,322.834656,36.745408,94,7.879,5.126,NW,2.5973024,Calm
52,35.18361423,-97.44560963,1136,0.800001326,,-0.100000166,0,-3.5,-3.7,-111.7,0.806226805,1024,1024,1024,1236,24.6063,,322.834656,37.401576,94,7.879,5.126,NW,2.5973024,Calm
52.1,35.18361484,-97.44560979,1136,0.600000995,,-0.100000166,0,-3.2,-6.6,-111.1,0.608277046,1024,1024,1024,1306,25.590552,,322.834656,37.72966,94,7.879,5.126,NW,2.6956512,Calm
52.2,35.1836153,-97.44560989,1136,0.400000663,,0,0,-2.9,-5.7,-109.7,0.400000663,1024,1024,1024,1368,25.590552,,322.834656,38.057744,94,7.879,5.126,NW,2.6956512,Calm
52.3,35.18361562,-97.44560999,1136,0.300000497,,0,0,-2.3,-3.7,-108.6,0.300000497,1024,1024,1024,1407,24.6063,,322.834656,38.385828,94,7.879,5.126,NW,2.6956512,Calm
52.4,35.18361585,-97.44561003,1136,0.200000332,,0,0,-2.2,-2.3,-107.2,0.200000332,1024,1024,1024,1448,24.6063,,322.834656,38.385828,94,7.879,5.126,NW,2.6956512,Calm
52.5,35.18361594,-97.44561003,1136,0.100000166,,0,0,-2.2,-1.6,-105.1,0.100000166,1024,1024,1024,1448,25.590552,,322.834656,38.385828,94,7.879,5.126,NW,2.6956512,Calm
52.6,35.18361598,-97.44561003,1136,0,,0,0,-1.8,-0.6,-102.3,0,1024,1024,1024,1503,25.590552,,322.834656,38.385828,94,7.866,5.126,NW,2.6956512,Calm
52.7,35.18361599,-97.44561,1136,0,,0,0,-1.6,0.2,-98.9,0,1024,1024,1024,1600,24.6063,,322.834656,38.385828,94,7.866,5.126,NW,2.6956512,Calm
52.8,35.18361596,-97.44560999,1136,0,,0,0,-1.8,0.7,-94.4,0,1024,1024,1024,1645,24.6063,,322.834656,38.385828,94,7.866,5.126,NW,2.6956512,Calm
52.9,35.18361591,-97.44560997,1136,0,,0,0,-1.7,0.6,-87.8,0,1024,1024,1024,1661,24.6063,,322.834656,38.385828,94,7.866,5.126,NW,2.6956512,Calm
53,35.18361585,-97.44560996,1136,0,,0,0,-2,1.5,-80.4,0,1024,1024,949,1684,24.6063,,322.834656,38.385828,94,7.866,5.126,NW,2.6956512,Calm
53.1,35.18361579,-97.44560993,1136,0,,0,0,-1.9,1.1,-73,0,1024,1024,953,1684,24.6063,,322.834656,38.385828,94,7.866,5.126,NW,2.7984704,Calm
53.2,35.18361574,-97.44560994,1136,0,,0,0,-2.4,0.6,-65.7,0,1024,1024,960,1684,25.590552,,322.834656,38.385828,94,7.866,5.126,NW,2.7984704,Calm
53.3,35.18361568,-97.44560993,1136,0,,0,0,-2.8,0.2,-58.3,0,1024,1024,976,1684,24.6063,,322.834656,38.385828,94,7.866,5.126,NW,2.7984704,Calm
53.4,35.18361563,-97.44560995,1136,0,,0,0,-2.8,0.6,-50.8,0,1024,1024,1009,1638,25.590552,,322.834656,38.385828,94,7.866,5.126,NW,2.6956512,Calm
53.5,35.18361559,-97.44560997,1136,0,,0,0,-2.7,1.1,-43.4,0,1024,1024,959,1185,25.590552,,322.834656,38.385828,94,7.866,5.126,NW,2.6956512,Calm
53.6,35.18361556,-97.44561003,1136,0,,0,0,-2.6,1.2,-39.3,0,1024,1024,1024,1024,25.590552,,322.834656,38.385828,94,7.866,5.147,NW,2.6956512,Calm
53.7,35.18361556,-97.44561004,1136,0,,0,0,-2.3,0.2,-41.6,0,1024,1024,1024,1024,24.6063,,322.834656,38.385828,94,7.866,5.147,NW,2.6956512,Calm
53.8,35.18361558,-97.44561004,1136,0,,0,0,-1.7,-0.4,-42.1,0,1024,1024,1161,1024,25.590552,,322.834656,38.385828,94,7.866,5.147,NW,2.6956512,Calm
53.9,35.18361567,-97.44561007,1136,0,,0,0,-1.3,0.2,-41.6,0,1048,1024,1280,1024,25.590552,,322.834656,38.385828,94,7.866,5.147,NW,2.5973024,Calm
54,35.18361571,-97.44561005,1136,0,,0,0,-1.7,0.3,-41.5,0,1202,1023,1323,1024,25.590552,,322.834656,38.385828,94,7.866,5.147,NW,2.5973024,Calm
54.1,35.18361575,-97.44561004,1136,0,,0,-0.100000166,-1.9,0.3,-41.6,0,1251,984,1323,1024,25.590552,,322.834656,38.385828,94,7.866,5.147,NW,2.5973024,Calm
54.2,35.18361578,-97.44561004,1136,0,,0,-0.300000497,-1.7,0.9,-41.6,0,1284,968,1345,1024,25.590552,,322.834656,38.385828,94,7.866,5.147,NW,2.4989536,Calm
54.3,35.18361579,-97.44561,1136,0,,0,-0.400000663,-1.8,1.4,-41.7,0,1024,1024,1345,1024,25.590552,,322.834656,38.385828,94,7.866,5.147,NW,2.4989536,Calm
54.4,35.18361583,-97.44560995,1136,0,,0,-0.400000663,-1.6,1,-41.7,0,1024,1024,1346,1024,26.902888,,322.834656,38.385828,94,7.866,5.147,NW,2.4989536,Calm
54.5,35.18361572,-97.44560975,1136,0,,0,-0.500000829,-2.5,0.4,-41.6,0,1024,1024,1369,1024,26.902888,,322.834656,38.057744,94,7.866,5.147,NW,2.4989536,Calm
54.6,35.18361585,-97.4456098,1137,0,,0,-0.500000829,-3.1,0,-41.5,0,1024,1024,1263,1024,27.88714,,322.834656,38.385828,94,7.865,5.215,NW,2.3961344,Calm
54.7,35.18361587,-97.44560971,1137,0,,0,-0.500000829,-2.8,0,-41.5,0,1024,1024,1024,1024,28.871392,,322.834656,38.057744,94,7.865,5.215,NW,2.3961344,Calm
54.8,35.18361586,-97.44560951,1137,0,,0,-0.500000829,-3.2,-0.6,-41.5,0,1024,1024,1024,1024,28.871392,,322.834656,38.057744,94,7.865,5.215,NW,2.3961344,Calm
54.9,35.18361587,-97.44560943,1137,0,,0,-0.200000332,-3.3,-1.2,-41.5,0,1024,1024,993,1024,28.871392,,322.834656,38.057744,94,7.865,5.215,NW,2.3961344,Calm
55,35.18361587,-97.44560935,1137,0,,0,0,-2.2,-0.5,-41.5,0,1024,1024,790,1024,29.855644,,322.834656,37.72966,94,7.865,5.215,NW,2.2977856,Calm
55.1,35.18361587,-97.44560929,1137,0,,0,0,-2,-0.4,-41.6,0,1024,1024,962,1024,28.871392,,322.834656,37.72966,94,7.865,5.215,NW,2.2977856,Calm
55.2,35.18361584,-97.44560921,1137,0,,0,0,-3.2,-1,-41.6,0,1024,1024,1024,1024,28.871392,,322.834656,37.72966,94,7.865,5.215,NW,2.2977856,Calm
55.3,35.18361581,-97.44560914,1137,0,,0,0.100000166,-3.6,-0.6,-41.5,0,1024,1024,1024,1024,28.871392,,322.834656,37.72966,94,7.865,5.215,NW,2.2977856,Calm
55.4,35.18361579,-97.44560908,1137,0,,0,0,-3,-0.2,-41.6,0,1024,1024,1024,1024,28.871392,,322.834656,37.72966,94,7.865,5.215,NW,2.1994368,Calm
55.5,35.18361576,-97.44560899,1137,0,,0,0,-3.5,-1,-41.6,0,1024,1024,1024,1024,28.871392,,322.834656,37.401576,94,7.865,5.215,NW,2.1994368,Calm
55.6,35.18361573,-97.44560893,1137,0,,0,0,-3.8,-1.5,-41.6,0,1024,1024,1024,1066,28.871392,,322.834656,37.401576,94,7.9,5.215,NW,2.1994368,Calm
55.7,35.18361571,-97.4456089,1137,0,,0,0,-3,-0.9,-41.5,0,1024,1024,1024,1241,28.871392,,322.834656,37.401576,94,7.9,5.215,NW,2.1994368,Calm
55.8,35.18361571,-97.44560887,1137,0,,0,0,-2.8,-0.2,-41.5,0,1024,1024,1024,1412,28.871392,,322.834656,37.401576,94,7.9,5.215,NW,2.1994368,Calm
55.9,35.18361568,-97.44560885,1137,0,,0,0,-3.1,-0.2,-41,0,1024,1024,1024,1418,28.871392,,322.834656,37.401576,94,7.9,5.215,NW,2.0966176,Calm
56,35.18361564,-97.44560887,1137,0,,0,0,-3.2,-0.3,-38.8,0,1024,1024,1024,1459,28.871392,,322.834656,37.401576,94,7.9,5.215,NW,2.0966176,Calm
56.1,35.1836156,-97.44560886,1137,0,,0,0,-3.2,-0.5,-36.1,0,1024,1024,1024,1489,28.871392,,322.834656,37.401576,94,7.9,5.215,NW,2.0966176,Calm
56.2,35.18361556,-97.44560886,1137,0,,0,0,-3.6,0,-33.3,0,1024,1024,1024,1489,28.871392,,322.834656,37.401576,94,7.9,5.215,NW,2.0966176,Calm
56.3,35.18361546,-97.44560888,1137,0,,0,0,-4,0.2,-29.8,0,1024,1024,1024,1489,28.871392,,322.834656,37.401576,94,7.9,5.215,NW,2.0966176,Calm
56.4,35.18361538,-97.44560886,1137,0,,0,0,-4.9,0,-26.4,0,1024,1024,1019,1360,28.871392,,322.834656,37.073492,94,7.9,5.215,NW,2.0966176,Calm
56.5,35.18361536,-97.44560884,1137,0,,0,0,-4.7,-0.9,-23.5,0,1024,1024,1024,1024,28.871392,,322.834656,37.073492,94,7.9,5.215,NW,2.0966176,Calm
56.6,35.18361536,-97.44560883,1137,0,,0,0,-4.1,-1.5,-24.2,0,1024,1024,970,1024,28.871392,,322.834656,37.073492,94,7.9,4.97,NW,2.0966176,Calm
56.7,35.18361536,-97.44560883,1137,0,,0,0,-4,-0.9,-24.7,0,1024,1024,1024,1570,28.871392,,322.834656,37.073492,94,7.9,4.97,NW,1.9982688,Calm
56.8,35.18361539,-97.44560883,1137,0,,0,0,-3.7,-0.3,-23,0,1024,1024,1024,1670,28.871392,,322.834656,37.073492,94,7.9,4.97,NW,1.9982688,Calm
56.9,35.1836154,-97.44560885,1137,0,,0,0,-3,-0.8,-16.3,0,1024,1024,1024,1684,28.871392,,322.834656,37.073492,94,7.9,4.97,NW,1.9982688,Calm
57,35.18361542,-97.44560886,1137,0,,0,0,-3.1,-0.5,-8.5,0,1024,1024,1024,1684,28.871392,,322.834656,37.401576,94,7.9,4.97,NW,1.9982688,Calm
57.1,35.1836154,-97.44560881,1137,0,,0,0,-3.4,-1.3,-0.8,0,1024,1024,1024,1684,28.871392,,322.834656,37.073492,94,7.9,4.97,NW,1.9982688,Calm
57.2,35.18361541,-97.44560875,1137,0,,0,0,-2.8,-2.9,6.6,0,1024,1024,1024,1684,28.871392,,322.834656,37.073492,94,7.9,4.97,NW,1.9982688,Calm
57.3,35.18361542,-97.44560868,1137,0,,0,0,-2.3,-2.8,14.2,0,1024,1024,1024,1684,28.871392,,322.834656,37.073492,94,7.9,4.97,NW,1.9982688,Calm
57.4,35.18361547,-97.44560857,1137,0,,0.100000166,0,-3.7,-3.1,21.9,0.100000166,1024,1024,1024,1024,28.871392,,322.834656,37.073492,94,7.9,4.97,NW,1.9982688,Calm
57.5,35.1836155,-97.44560841,1137,0,,0.100000166,0,-2.8,-4.4,25.7,0.100000166,1024,1024,1056,1024,28.871392,,322.834656,36.745408,94,7.9,4.97,NW,1.9982688,Calm
57.6,35.18361559,-97.44560818,1137,0,,0.200000332,0,0.2,-6.8,22.7,0.200000332,1024,1024,1226,1024,28.871392,,322.834656,36.745408,94,7.855,5.186,NW,1.9982688,Calm
57.7,35.18361565,-97.44560801,1137,0,,0.100000166,0,4.6,-7.8,21.8,0.100000166,1024,1024,1285,1024,28.871392,,322.834656,36.417324,94,7.855,5.186,NW,1.9982688,Calm
57.8,35.18361562,-97.44560783,1137,0,,0,0,2.2,-6.1,22.7,0,1024,1024,1296,1024,28.871392,,322.834656,36.417324,94,7.855,5.186,NW,2.0966176,Calm
57.9,35.18361556,-97.4456078,1137,0,,0,-0.200000332,-1.8,-4.3,23.2,0,1024,1024,1319,1024,28.871392,,322.834656,36.417324,94,7.855,5.186,NW,2.0966176,Calm
58,35.18361546,-97.44560785,1137,0,,0,-0.300000497,-2.2,-4.1,23.1,0,1024,1024,1226,1024,29.855644,,322.834656,36.417324,94,7.855,5.186,NW,2.0966176,Calm
58.1,35.18361543,-97.44560778,1138,0,,0,-0.300000497,-0.8,-5.2,22.7,0,1024,1006,1166,1024,29.855644,,322.834656,36.417324,94,7.855,5.186,NW,2.0966176,Calm
58.2,35.1836154,-97.44560772,1138,0,,0,-0.400000663,0.4,-7.3,22.5,0,988,748,1145,1024,29.855644,,322.834656,36.08924,94,7.855,5.186,NW,2.0966176,Calm
58.3,35.1836154,-97.44560767,1138,0,,0,-0.200000332,-1.1,-6.3,22.9,0,993,808,1024,1024,31.16798,,322.834656,36.08924,94,7.855,5.186,NW,2.0966176,Calm
58.4,35.18361535,-97.44560768,1138,0,,0,-0.100000166,-1.2,-4.6,22.8,0,1024,1024,1024,1024,31.16798,,322.834656,36.08924,94,7.855,5.186,NW,2.0966176,Calm
58.5,35.18361523,-97.44560772,1138,0,,0,0,0.4,-4.6,22.9,0,1024,1024,1024,1024,31.16798,,322.834656,36.08924,94,7.855,5.186,NW,2.0966176,Calm
58.6,35.18361515,-97.44560774,1138,0,,0,0,-0.3,-4.7,22.8,0,1024,1024,1024,1024,31.16798,,322.834656,36.08924,94,7.845,5.186,NW,2.0966176,Calm
58.7,35.18361507,-97.44560775,1138,0,,0,0,-1.6,-4.8,22.9,0,1024,1045,1024,1024,31.16798,,322.834656,36.08924,94,7.845,5.186,NW,2.0966176,Calm
58.8,35.183615,-97.44560781,1138,0,,0,0,-1.1,-4.6,22.8,0,1053,1254,1024,1024,29.855644,,322.834656,36.08924,94,7.845,5.186,NW,2.0966176,Calm
58.9,35.18361494,-97.44560783,1138,0,,0,0,-1.1,-3.6,22.9,0,1033,1301,1024,1024,31.16798,,322.834656,36.08924,94,7.845,5.186,NW,2.0966176,Calm
59,35.18361487,-97.44560785,1138,0,,0,0,-1.6,-3.6,22.8,0,1034,1364,1024,1024,31.16798,,322.834656,36.08924,94,7.845,5.186,NW,2.0966176,Calm
59.1,35.18361484,-97.44560785,1138,0,,0,0,-3,-4.4,22.8,0,1097,1472,1024,1024,31.16798,,322.834656,36.08924,94,7.845,5.186,NW,2.0966176,Calm
59.2,35.18361478,-97.44560786,1138,0,,0,0,-4.4,-4.6,22.9,0,1157,1550,1024,1024,31.16798,,322.834656,36.08924,94,7.845,5.186,NW,2.0966176,Calm
59.3,35.18361479,-97.44560781,1138,0,,0,0,-5.3,-5.1,23.1,0,1170,1627,1024,1024,31.16798,,322.834656,36.08924,94,7.845,5.186,NW,2.0966176,Calm
59.4,35.18361488,-97.44560775,1138,0.100000166,,0,0,-8.6,-4.9,23.1,0.100000166,1239,1663,1024,1024,31.16798,,322.834656,36.08924,94,7.845,5.186,NW,2.1994368,Calm
59.5,35.18361502,-97.44560768,1138,0.200000332,,0.100000166,0,-12.8,-3.9,23.3,0.223606726,1246,1663,1024,1024,31.16798,,322.834656,36.08924,94,7.845,5.186,NW,2.1994368,Calm
59.6,35.18361544,-97.44560754,1138,0.400000663,,0.100000166,0,-15.7,-3.2,23.3,0.412310804,1246,1664,1024,1024,29.855644,,322.834656,36.08924,94,7.845,5.133,NW,2.1994368,Calm
59.7,35.1836159,-97.4456073,1138,0.70000116,,0.300000497,0,-16.6,-2.6,23.2,0.761578238,1246,1664,919,1024,29.855644,,322.834656,36.08924,94,7.845,5.133,NW,2.1994368,Calm
59.8,35.18361664,-97.4456069,1138,0.900001492,,0.400000663,0,-16.8,-2.2,23.1,0.984887235,1246,1663,890,1024,29.855644,,322.834656,36.08924,94,7.845,5.133,NW,2.1994368,Calm
59.9,35.18361776,-97.44560626,1138,1.100001823,,0.500000829,0,-16.2,-2.9,23.1,1.208306204,1246,1663,890,1024,29.855644,,322.834656,36.08924,94,7.845,5.133,NW,2.1994368,Calm
60,35.18361897,-97.44560554,1138,1.300002155,,0.600000995,0,-16.1,-3.1,23.1,1.431784182,1217,1648,1000,1024,28.871392,,322.834656,36.417324,94,7.845,5.133,NW,2.1994368,Calm
60.1,35.18362039,-97.4456047,1138,1.500002486,,0.70000116,0,-16.2,-2.6,23.1,1.65529703,1093,1562,1024,1024,29.855644,,322.834656,36.417324,94,7.845,5.133,NW,2.1994368,Calm
60.2,35.18362169,-97.44560394,1138,1.700002818,,0.800001326,0,-14.8,-2.3,23,1.878832229,1083,1562,1024,1024,28.871392,,322.834656,36.745408,94,7.845,5.133,NW,2.1994368,Calm
60.3,35.18362349,-97.4456029,1138,1.900003149,,0.900001492,0,-11.8,-3.2,23.1,2.102383075,1024,1588,1024,1024,28.871392,,322.834656,37.401576,94,7.845,5.133,NW,2.1994368,Calm
60.4,35.18362529,-97.44560185,1138,2.000003315,,0.900001492,0,-10.9,-4,23.1,2.193174664,932,1601,1024,1024,28.871392,,322.834656,38.057744,94,7.845,5.133,NW,2.1994368,Calm
60.5,35.18362721,-97.44560077,1138,2.100003481,,0.900001492,0,-11.8,-3.5,23.2,2.284735608,773,1601,1024,1024,28.871392,,322.834656,39.041996,94,7.845,5.133,NW,2.1994368,Calm
60.6,35.18362931,-97.44559965,1138,2.300003812,,1.000001658,0,-12.6,-3.1,23.1,2.507990961,648,1599,1024,1024,29.855644,,322.834656,40.354332,94,7.862,5.161,NW,2.1994368,Calm
60.7,35.18363159,-97.4455984,1138,2.400003978,,1.000001658,0,-12.8,-5.1,23.1,2.60000431,484,1577,1024,1024,29.855644,,322.834656,41.666668,94,7.862,5.161,NW,2.1994368,Calm
60.8,35.18363389,-97.4455972,1138,2.60000431,,1.000001658,0,-13.7,-6.1,23.2,2.785681927,364,1493,1024,1024,29.855644,,322.834656,43.307088,94,7.862,5.161,NW,2.1994368,Calm
60.9,35.18363615,-97.4455961,1138,2.700004476,,1.000001658,0,-14.9,-8.3,23.6,2.879240693,364,1423,1024,1024,29.855644,,322.834656,45.275592,94,7.862,5.161,NW,2.1994368,Calm
61,35.1836387,-97.44559499,1138,2.900004807,,1.000001658,0,-13,-13.4,23.9,3.067577304,364,1380,1024,1024,28.871392,,322.834656,47.244096,94,7.862,5.161,NW,2.1994368,Calm
61.1,35.18364133,-97.44559399,1138,3.100005139,,0.800001326,0,-9,-16.2,24,3.201567262,873,1333,1024,1024,28.871392,,322.834656,49.868768,94,7.862,5.161,NW,2.1994368,Calm
61.2,35.18364434,-97.44559316,1138,3.200005304,,0.600000995,0,-5.1,-17.3,23.6,3.255769074,1330,1044,1024,1024,28.871392,,322.834656,52.821524,94,7.862,5.161,NW,2.1994368,Calm
61.3,35.18364723,-97.4455926,1138,3.30000547,,0.400000663,0,-2.1,-10.1,23.2,3.324159488,1684,948,1024,1024,28.871392,,322.834656,55.77428,94,7.862,5.161,NW,2.1994368,Calm
61.4,35.18365026,-97.44559223,1138,3.30000547,,0.300000497,0,1.4,0.6,23,3.313613368,1684,841,1024,1024,28.871392,,322.834656,59.05512,94,7.862,5.161,NW,2.1994368,Calm
61.5,35.18365309,-97.44559198,1138,3.100005139,,0.300000497,0,2.3,12.7,23.4,3.114487446,1684,851,1024,1024,29.855644,,322.834656,62.33596,94,7.862,5.161,NW,2.1994368,Calm
61.6,35.18365594,-97.44559134,1138,2.900004807,,0.600000995,0,3.2,19.1,23.6,2.961423186,1684,851,1024,1024,29.855644,,322.834656,65.6168,94,7.862,5.161,NW,2.1994368,Calm
61.7,35.1836583,-97.44559052,1138,2.60000431,,0.900001492,0,6.1,19.7,24,2.751367583,1684,895,1024,1024,28.871392,,322.834656,67.913388,94,7.862,5.161,NW,2.1994368,Calm
61.8,35.18366035,-97.44558909,1138,2.200003647,,1.200001989,0,4.4,17.4,23.6,2.505996715,1684,979,1024,1024,28.871392,,322.834656,70.209976,94,7.875,5.161,NW,2.1994368,Calm
61.9,35.183662,-97.44558781,1138,2.000003315,,1.400002321,0,1.3,15.2,22.8,2.441314945,1490,1024,1024,1024,27.88714,,322.834656,71.850396,94,7.875,5.161,NW,2.1994368,Calm
62,35.1836639,-97.4455859,1138,1.800002984,,1.600002652,0,0.6,14.8,22.7,2.408322499,552,412,966,1024,26.902888,,322.834656,73.8189,94,7.875,5.161,NW,2.0966176,Calm
62.1,35.18366519,-97.44558383,1138,1.600002652,,1.800002984,0,-0.1,7.2,22.7,2.408322499,625,364,1024,1024,25.590552,,322.834656,74.803152,94,7.875,5.161,NW,2.0966176,Calm
62.2,35.18366635,-97.44558199,1138,1.400002321,,1.900003149,0,2.6,-5,21.9,2.360088224,516,364,1024,1024,24.6063,,322.834656,76.115488,94,7.875,5.161,NW,2.0966176,Calm
62.3,35.18366744,-97.44557987,1138,1.300002155,,1.800002984,0,6.2,-7.7,22.1,2.220363636,624,661,1024,1024,24.6063,,322.834656,77.09974,94,7.875,5.161,NW,2.0966176,Calm
62.4,35.18366866,-97.44557777,1138,1.200001989,,1.600002652,0,8.3,-7.4,22.4,2.000003315,817,714,1024,1024,24.6063,,322.834656,78.412076,94,7.875,5.161,NW,2.0966176,Calm
62.5,35.18366949,-97.44557618,1138,1.000001658,,1.400002321,0,8,-8.7,22.2,1.720467862,990,925,1024,1024,24.6063,,322.834656,79.396328,94,7.875,5.161,NW,2.0966176,Calm
62.6,35.18367021,-97.44557482,1138,0.900001492,,1.300002155,0,2.9,-7.6,22.7,1.58114114,1024,933,1024,1024,24.6063,,322.834656,80.38058,94,7.875,4.713,NW,2.0966176,Calm
62.7,35.18367107,-97.44557347,1138,0.800001326,,1.100001823,0,0,-5.5,23.1,1.360149152,871,364,547,1024,25.590552,,322.834656,81.364832,94,7.875,4.713,NW,2.0966176,Calm
62.8,35.18367178,-97.44557239,1138,0.70000116,,1.100001823,0,-1,-3.7,23.1,1.303842228,856,364,522,1024,25.590552,,322.834656,82.021,94,7.875,4.713,W,2.0966176,Calm
62.9,35.18367237,-97.44557128,1138,0.70000116,,1.000001658,0.100000166,2.9,-3.8,22.8,1.220657472,958,364,522,1024,25.590552,,322.834656,83.005252,94,7.875,4.713,NW,2.0966176,Calm
63,35.18367297,-97.44557013,1138,0.600000995,,1.000001658,0.500000829,12.2,-5.9,22.3,1.166191907,958,508,838,1024,26.902888,,322.834656,83.66142,94,7.875,4.713,NW,2.0966176,Calm
63.1,35.1836735,-97.44556907,1138,0.400000663,,0.900001492,0.800001326,18.1,-6,21.7,0.984887235,903,1192,1279,1024,26.902888,,322.834656,84.317588,94,7.875,4.713,NW,2.0966176,Calm
63.2,35.18367375,-97.44556825,1137,0.200000332,,0.70000116,0.900001492,18.6,-3.5,22.2,0.728011793,1048,1361,1024,1024,25.590552,,322.834656,84.645672,94,7.875,4.713,NW,2.0966176,Calm
63.3,35.18367377,-97.44556758,1137,-0.100000166,,0.500000829,0.600000995,6.1,-2.1,22,0.509902765,1024,1564,1103,1024,24.6063,,322.834656,84.645672,94,7.875,4.713,NW,2.0966176,Calm
63.4,35.18367349,-97.44556706,1137,-0.300000497,,0.500000829,0.200000332,-6.7,-2.5,22.8,0.58309573,1058,1549,1461,1023,24.6063,,322.834656,84.317588,94,7.875,4.713,NW,2.0966176,Calm
63.5,35.18367315,-97.44556662,1137,-0.200000332,,0.500000829,0.100000166,-12.9,-5.2,23.6,0.538517348,1024,1498,1597,1024,25.590552,,322.834656,83.989504,94,7.875,4.713,NW,2.0966176,Calm
63.6,35.18367306,-97.44556613,1137,0,,0.500000829,0,-13.4,-6.2,23.5,0.500000829,1024,1631,1583,1024,24.6063,,322.834656,83.989504,94,7.878,4.713,NW,2.0966176,Calm
63.7,35.18367318,-97.44556559,1137,0.200000332,,0.500000829,-0.300000497,-9.7,-4.2,23.3,0.538517348,1024,1684,1581,1024,24.6063,,322.834656,84.317588,94,7.878,4.713,NW,2.0966176,Calm
63.8,35.18367349,-97.445565,1137,0.400000663,,0.600000995,-0.800001326,-8.7,-3.2,23.3,0.721111283,1024,1548,1551,1024,25.590552,,322.834656,84.645672,94,7.878,4.713,NW,2.0966176,Calm
63.9,35.1836741,-97.44556417,1138,0.600000995,,0.600000995,-1.200001989,-14.3,-3.3,23.5,0.848529306,1024,694,965,1100,27.88714,,322.834656,85.30184,94,7.878,4.713,NW,2.0966176,Calm
64,35.18367481,-97.44556342,1138,0.800001326,,0.70000116,-1.400002321,-17.4,-3.7,23.6,1.063015969,1035,364,392,1129,28.871392,,322.834656,86.286092,94,7.878,4.713,NW,2.0966176,Calm
64.1,35.18367572,-97.4455625,1138,1.000001658,,0.800001326,-1.400002321,-9.4,-4.2,23.2,1.280626547,1158,364,364,1269,29.855644,,322.834656,87.598428,94,7.878,4.713,NW,2.0966176,Calm
64.2,35.18367662,-97.44556162,1139,1.000001658,,0.800001326,-1.100001823,4.6,-4.7,22.9,1.280626547,1424,364,651,1405,32.152232,,322.834656,88.58268,94,7.878,4.713,NW,2.0966176,Calm
64.3,35.18367752,-97.44556074,1139,0.900001492,,0.800001326,-0.800001326,16.2,-3.7,23.6,1.204161249,1651,364,1042,1226,33.136484,,322.834656,89.895016,94,7.878,4.713,NW,2.0966176,Calm
64.4,35.18367809,-97.4455598,1139,0.600000995,,0.70000116,-0.400000663,19.3,-2.2,25.3,0.921955626,1684,364,1190,1040,33.136484,,322.834656,90.879268,94,7.878,4.713,NW,2.0966176,Calm
64.5,35.18367855,-97.44555909,1139,0.300000497,,0.500000829,-0.200000332,19.9,2.4,27.2,0.58309573,1684,364,1190,1040,33.136484,,322.834656,91.535436,94,7.878,4.713,NW,2.0966176,Calm
64.6,35.18367865,-97.44555862,1140,0,,0.500000829,-0.200000332,18.7,9.3,28,0.500000829,1578,919,1318,1207,32.152232,,322.834656,91.535436,94,7.878,6.15,NW,2.0966176,Calm
64.7,35.18367841,-97.44555805,1140,-0.400000663,,0.500000829,-0.100000166,13.4,11.7,27.6,0.640313274,1024,1024,1291,1226,32.152232,,322.834656,91.535436,94,7.878,6.15,NW,2.0966176,Calm
64.8,35.18367756,-97.4455573,1140,-0.800001326,,0.70000116,-0.200000332,6.2,11.9,26.6,1.063015969,1024,1024,1024,1249,32.152232,,322.834656,90.551184,94,7.878,6.15,NW,2.0966176,Calm
64.9,35.18367672,-97.44555643,1140,-1.000001658,,0.900001492,-0.400000663,-2.4,3,26.5,1.345364198,1036,931,914,1140,32.152232,,322.834656,89.566932,94,7.878,6.15,NW,2.1994368,Calm
65,35.18367566,-97.44555527,1140,-1.000001658,,1.000001658,-0.300000497,-4.5,-7,27.5,1.41421551,1684,792,665,1024,33.136484,,322.834656,88.58268,94,7.878,6.15,NW,2.1994368,Calm
65.1,35.18367447,-97.44555433,1140,-1.000001658,,0.900001492,0,-2.5,-9.1,27.9,1.345364198,1249,600,466,1024,33.136484,,322.834656,87.598428,94,7.878,6.15,NW,2.1994368,Calm
65.2,35.18367353,-97.44555347,1140,-0.900001492,,0.800001326,0,-1.7,-3.8,28,1.204161249,1462,472,364,1024,33.136484,,322.834656,86.614176,94,7.878,6.15,NW,2.1994368,Calm
65.3,35.18367263,-97.4455526,1140,-0.900001492,,0.800001326,0.200000332,0,2.1,28.2,1.204161249,1405,364,364,1024,34.120736,,322.834656,85.629924,94,7.878,6.15,NW,2.1994368,Calm
65.4,35.18367167,-97.44555163,1140,-1.000001658,,0.900001492,0.600000995,5.5,0,27.7,1.345364198,1405,364,364,1024,33.136484,,322.834656,84.973756,94,7.878,6.15,NW,2.1994368,Calm
65.5,35.18367078,-97.44555072,1139,-1.100001823,,0.800001326,1.000001658,13.4,0.7,27.7,1.360149152,1426,364,506,1024,33.136484,,322.834656,83.989504,94,7.878,6.15,NW,2.1994368,Calm
65.6,35.18366958,-97.44554962,1139,-1.300002155,,0.800001326,1.200001989,15.6,0.6,27.7,1.526435962,1491,364,889,1024,31.16798,,322.834656,83.005252,94,7.886,4.977,NW,2.1994368,Calm
65.7,35.18366823,-97.44554882,1139,-1.600002652,,0.70000116,1.100001823,12.7,4.1,27.2,1.746427475,1506,364,961,1024,29.855644,,322.834656,81.692916,94,7.886,4.977,NW,2.1994368,Calm
65.8,35.18366671,-97.44554805,1138,-2.000003315,,0.800001326,0.70000116,11.2,3.5,27.6,2.154069393,1643,364,1024,1024,28.871392,,322.834656,80.052496,94,7.886,4.977,NW,2.0966176,Calm
65.9,35.18366484,-97.44554726,1138,-2.300003812,,0.800001326,0.300000497,10.9,-1.2,27.6,2.43516278,1684,407,1277,1024,27.88714,,322.834656,78.083992,94,7.886,4.977,NW,2.0966176,Calm
66,35.18366232,-97.44554631,1138,-2.500004144,,0.70000116,0.100000166,9.7,-1.9,27.8,2.596155295,1484,548,1182,1124,28.871392,,322.834656,75.787404,94,7.886,4.977,NW,2.0966176,Calm
66.1,35.18365973,-97.44554557,1138,-2.60000431,,0.600000995,0,8.2,1.9,28.2,2.668337056,1107,748,1024,1024,28.871392,,322.834656,73.162732,94,7.886,4.977,NW,2.0966176,Calm
66.2,35.18365737,-97.44554486,1138,-2.800004641,,0.600000995,-0.100000166,3.9,-0.3,27.9,2.863568812,791,887,1024,1024,28.871392,,322.834656,70.866144,94,7.886,4.977,NW,2.0966176,Calm
66.3,35.18365497,-97.44554413,1138,-2.800004641,,0.70000116,0,-0.4,-6,27.6,2.886178307,435,919,1024,1024,28.871392,,322.834656,68.569556,94,7.886,4.977,NW,2.0966176,Calm
66.4,35.18365267,-97.44554345,1138,-2.700004476,,0.600000995,0,-2.7,-9.5,27.7,2.765867773,364,918,1024,1024,28.871392,,322.834656,66.272968,94,7.886,4.977,NW,2.0966176,Calm
66.5,35.18364984,-97.44554279,1138,-2.60000431,,0.500000829,0,-3.1,-16.5,27.9,2.647644468,364,918,1024,1024,27.88714,,322.834656,63.648296,94,7.886,4.977,NW,2.1994368,Calm
66.6,35.18364782,-97.44554237,1138,-2.400003978,,0.300000497,0,-1.8,-20.6,27.7,2.418681309,364,899,1024,1024,27.88714,,322.834656,61.679792,94,7.843,4.977,NW,2.1994368,Calm
66.7,35.18364598,-97.44554227,1138,-2.100003481,,0,0,-1.5,-19.9,28.1,2.100003481,364,864,1024,1024,27.88714,,322.834656,59.711288,94,7.843,4.977,NW,2.1994368,Calm
66.8,35.18364399,-97.44554252,1138,-1.900003149,,-0.200000332,0,-2,-19.2,28.3,1.910500096,364,807,1024,1024,27.88714,,322.834656,57.742784,94,7.843,4.977,NW,2.1994368,Calm
66.9,35.18364239,-97.44554291,1138,-1.700002818,,-0.400000663,0,-2.4,-19.2,28.4,1.746427475,835,883,1024,1024,27.88714,,322.834656,55.77428,94,7.843,4.977,NW,2.1994368,Calm
67,35.18364089,-97.44554355,1138,-1.500002486,,-0.600000995,0,-1.8,-19.3,28.3,1.615552044,1024,1024,1190,1024,27.88714,,322.834656,53.805776,94,7.843,4.977,NW,2.2977856,Calm
67.1,35.18363988,-97.44554447,1138,-1.400002321,,-0.800001326,0,-1.1,-17,28.2,1.612454057,1024,1024,1032,1024,27.88714,,322.834656,52.49344,94,7.843,4.977,NW,2.2977856,Calm
67.2,35.18363872,-97.4455456,1138,-1.200001989,,-1.000001658,0,-2.5,-8.8,28.5,1.562052085,1024,1024,1024,364,28.871392,,322.834656,50.524936,94,7.843,4.977,NW,2.2977856,Calm
67.3,35.18363778,-97.44554675,1138,-1.100001823,,-1.000001658,0,-2.5,-4,28.1,1.486609168,1024,1024,1024,364,28.871392,,322.834656,49.2126,94,7.843,4.977,NW,2.2977856,Calm
67.4,35.1836368,-97.4455479,1138,-1.100001823,,-0.900001492,0,-6.1,-1.2,22.2,1.421269355,1024,1024,1024,364,28.871392,,322.834656,47.57218,94,7.843,4.977,NW,2.2977856,Calm
67.5,35.18363587,-97.4455488,1138,-1.000001658,,-0.800001326,0,-9.7,2.7,14.8,1.280626547,1024,1024,913,364,29.855644,,322.834656,46.259844,94,7.843,4.977,NW,2.2977856,Calm
67.6,35.18363486,-97.44554944,1138,-0.900001492,,-0.600000995,0,-9.9,4.6,7.3,1.081666925,1024,1024,923,364,28.871392,,322.834656,44.619424,94,7.843,5.526,NW,2.3961344,Calm
67.7,35.18363409,-97.44555002,1138,-0.800001326,,-0.400000663,0,-8.7,5.7,-0.2,0.894428244,1024,1024,932,364,28.871392,,322.834656,43.635172,94,7.843,5.526,NW,2.3961344,Calm
67.8,35.1836335,-97.44555036,1138,-0.70000116,,-0.300000497,0,-7.8,5.4,-7.8,0.761578238,1024,1024,937,364,28.871392,,322.834656,42.979004,94,7.843,5.526,NW,2.3961344,Calm
67.9,35.18363291,-97.4455504,1138,-0.600000995,,-0.100000166,0,-8,5.2,-15.2,0.608277046,1024,1024,937,364,28.871392,,322.834656,42.322836,94,7.843,5.526,NW,2.3961344,Calm
68,35.18363241,-97.4455505,1138,-0.500000829,,0,0,-7.5,4.6,-22.7,0.500000829,1024,1024,938,364,28.871392,,322.834656,41.666668,94,7.843,5.526,NW,2.3961344,Calm
68.1,35.18363203,-97.44555046,1138,-0.400000663,,0,0,-6.7,3.5,-30.3,0.400000663,1024,1024,938,364,28.871392,,322.834656,41.338584,94,7.843,5.526,NW,2.3961344,Calm
68.2,35.18363175,-97.44555039,1138,-0.300000497,,0,0,-6.4,2.4,-38.1,0.300000497,870,1346,1615,364,28.871392,,322.834656,41.0105,94,7.843,5.526,NW,2.4989536,Calm
68.3,35.18363164,-97.44555041,1138,-0.200000332,,0,0,-5.5,1.7,-45.6,0.200000332,870,1346,1615,364,29.855644,,322.834656,41.0105,94,7.843,5.526,NW,2.4989536,Calm
68.4,35.1836314,-97.44555046,1138,-0.200000332,,0,-0.200000332,-5.1,1.3,-53.1,0.200000332,983,1428,1641,364,29.855644,,322.834656,40.682416,94,7.843,5.526,NW,2.4989536,Calm
68.5,35.18363126,-97.44555044,1138,-0.200000332,,0,-0.600000995,-7.8,2.6,-60.9,0.200000332,1005,1433,1642,364,31.16798,,322.834656,40.682416,94,7.843,5.526,NW,2.4989536,Calm
68.6,35.18363114,-97.44555049,1139,-0.100000166,,-0.100000166,-0.900001492,-10,3.2,-68.8,0.141421551,1024,1024,1024,911,31.16798,,322.834656,40.354332,94,7.867,5.919,NW,2.4989536,Calm
68.7,35.18363105,-97.44555078,1139,0,,-0.200000332,-1.200001989,-8.9,3.1,-72.9,0.200000332,1024,814,863,930,33.136484,,322.834656,40.354332,94,7.867,5.919,NW,2.2977856,Calm
68.8,35.18363102,-97.44555124,1139,-0.100000166,,-0.300000497,-0.900001492,-6.7,2.6,-70.3,0.316228049,904,364,364,996,34.120736,,322.834656,40.026248,94,7.867,5.919,NW,2.2977856,Calm
68.9,35.18363095,-97.44555162,1140,-0.100000166,,-0.300000497,-0.500000829,1.4,4.6,-69.3,0.316228049,954,364,364,852,34.120736,,322.834656,39.698164,94,7.867,5.919,NW,2.2977856,Calm
69,35.18363085,-97.44555197,1140,-0.100000166,,-0.200000332,-0.200000332,12.7,4.8,-69.3,0.223606726,1024,364,364,835,35.433072,,322.834656,39.37008,94,7.867,5.919,NW,2.3961344,Calm
69.1,35.18363061,-97.44555225,1140,-0.100000166,,0,0.100000166,19.3,3.6,-69.8,0.100000166,1024,364,364,859,34.120736,,322.834656,39.041996,94,7.867,5.919,NW,2.3961344,Calm
69.2,35.18363044,-97.445552,1140,-0.200000332,,0.100000166,0.400000663,20.1,3,-70.2,0.223606726,1024,364,364,864,34.120736,,322.834656,39.041996,94,7.867,5.919,NW,2.3961344,Calm
69.3,35.18363014,-97.44555168,1139,-0.300000497,,0.400000663,0.800001326,17.5,0.8,-70.6,0.500000829,1024,364,364,865,32.152232,,322.834656,38.713912,94,7.867,5.919,NW,2.3961344,Calm
69.4,35.18362971,-97.4455511,1139,-0.500000829,,0.600000995,0.900001492,22.3,2.7,-71,0.781025819,994,854,1109,861,31.16798,,322.834656,38.713912,94,7.867,5.919,NW,2.4989536,Calm
69.5,35.18362906,-97.44554989,1139,-0.600000995,,1.000001658,0.900001492,16.8,4.8,-70.3,1.166191907,1024,1024,1413,812,29.855644,,322.834656,38.713912,94,7.867,5.919,NW,2.4989536,Calm
69.6,35.18362828,-97.44554827,1139,-0.70000116,,1.300002155,0.70000116,4.2,5.7,-71.6,1.476484606,1024,1024,1236,1024,28.871392,,322.834656,39.041996,94,7.867,5.919,NW,2.4989536,Calm
69.7,35.18362769,-97.4455469,1138,-0.70000116,,1.500002486,0.300000497,-4.7,6.6,-73.5,1.65529703,793,1024,1024,1024,28.871392,,322.834656,39.37008,94,7.867,5.919,NW,2.4989536,Calm
69.8,35.18362709,-97.44554519,1138,-0.600000995,,1.400002321,0,-6.5,7,-73.3,1.523156923,526,1024,1024,1024,29.855644,,322.834656,40.026248,94,7.842,5.919,NW,2.5973024,Calm
69.9,35.18362645,-97.44554346,1138,-0.500000829,,1.300002155,0.100000166,-4.9,4.8,-72.8,1.39284074,406,1024,1353,840,29.855644,,322.834656,40.682416,94,7.842,5.919,NW,2.5973024,Calm
70,35.18362602,-97.4455419,1138,-0.500000829,,1.300002155,0,-4.1,-1.4,-72.8,1.39284074,406,914,1514,970,29.855644,,322.834656,41.338584,94,7.842,5.919,NW,2.5973024,Calm
70.1,35.18362554,-97.44554059,1138,-0.600000995,,1.200001989,-0.100000166,-3.6,-8.4,-73.3,1.34164259,478,959,1549,973,29.855644,,322.834656,41.994752,94,7.842,5.919,NW,2.6956512,Calm
70.2,35.18362486,-97.44553923,1138,-0.900001492,,1.100001823,-0.400000663,-3.3,-11.9,-73.3,1.421269355,447,980,1614,925,31.16798,,322.834656,42.65092,94,7.842,5.919,NW,2.6956512,Calm
70.3,35.18362383,-97.44553787,1139,-1.200001989,,1.000001658,-0.800001326,-4.2,-9.3,-72.8,1.562052085,396,980,1599,929,31.16798,,322.834656,42.979004,94,7.842,5.919,NW,2.6956512,Calm
70.4,35.18362254,-97.44553688,1139,-1.400002321,,0.900001492,-1.200001989,-4.3,-6,-72.9,1.66433439,780,928,1024,1024,33.136484,,322.834656,42.979004,94,7.842,5.919,NW,2.7984704,Calm
70.5,35.18362099,-97.44553583,1139,-1.600002652,,0.800001326,-1.500002486,-4.7,-6.5,-73.2,1.788856935,1024,947,1024,1024,34.120736,,322.834656,42.65092,94,7.842,5.919,NW,2.7984704,Calm
70.6,35.18361963,-97.44553506,1140,-1.700002818,,0.70000116,-1.300002155,-5.4,-2.9,-73.2,1.838480611,1024,968,560,1024,36.417324,,322.834656,42.65092,93,7.842,5.98,NW,2.7984704,Calm
70.7,35.18361811,-97.44553439,1140,-1.700002818,,0.70000116,-0.900001492,-5.1,3.1,-73.3,1.838480611,1064,613,364,1016,37.401576,,322.834656,42.322836,93,7.842,5.98,NW,2.8968192,Calm
70.8,35.18361647,-97.44553355,1141,-1.600002652,,0.600000995,-0.600000995,-4.7,5,-73.6,1.708803247,1024,471,364,981,37.401576,,322.834656,42.322836,93,7.842,5.98,NW,2.8968192,Calm
70.9,35.18361512,-97.44553286,1141,-1.600002652,,0.600000995,-0.200000332,-1.4,4.9,-73.5,1.708803247,1024,859,364,1010,38.713912,,322.834656,42.322836,93,7.842,5.98,NW,2.8968192,Calm
71,35.18361381,-97.44553217,1141,-1.600002652,,0.70000116,0,4.9,4.7,-73.2,1.746427475,1024,1024,543,1024,38.713912,,322.834656,42.65092,93,7.842,5.98,NW,2.9996384,Calm
71.1,35.18361232,-97.44553114,1141,-1.600002652,,0.800001326,0.400000663,4.2,4.6,-73.2,1.788856935,1024,1024,1024,1024,37.401576,,322.834656,42.979004,93,7.842,5.98,NW,2.9996384,Calm
71.2,35.18361082,-97.44553006,1140,-1.600002652,,0.900001492,0.600000995,-0.7,4.1,-73.3,1.835758584,1024,1024,1024,1024,36.417324,,322.834656,43.635172,93,7.842,5.98,NW,2.9996384,Calm
71.3,35.18360948,-97.44552906,1140,-1.500002486,,0.900001492,0.500000829,-3.2,3.6,-73.6,1.749288084,1024,1024,1024,1024,36.417324,,322.834656,44.29134,93,7.842,5.98,NW,2.9996384,Calm
71.4,35.18360811,-97.44552801,1140,-1.500002486,,0.900001492,0.100000166,-9.2,7.8,-74.4,1.749288084,1024,1024,887,1024,36.417324,,322.834656,44.947508,93,7.842,5.98,NW,2.9996384,Calm
71.5,35.18360699,-97.44552705,1140,-1.300002155,,0.800001326,0.100000166,-13.4,12.5,-74.9,1.526435962,1024,1024,867,1024,35.433072,,322.834656,45.93176,93,7.842,5.98,NW,3.0979872,Calm
71.6,35.18360582,-97.44552629,1140,-1.000001658,,0.600000995,0,-14.4,13.8,-75.3,1.166191907,826,1327,1024,1024,35.433072,,322.834656,46.259844,93,7.919,5.98,NW,3.0979872,Calm
71.7,35.18360509,-97.44552569,1140,-0.800001326,,0.500000829,0,-13.1,12.3,-75.2,0.943399241,1024,1663,1024,1024,34.120736,,322.834656,46.916012,93,7.919,5.98,NW,3.0979872,Calm
71.8,35.18360455,-97.44552524,1140,-0.600000995,,0.300000497,0,-10.6,8.9,-74.7,0.670821071,1024,1684,1024,1024,34.120736,,322.834656,47.244096,93,7.919,5.98,NW,3.196336,Calm
71.9,35.18360416,-97.44552496,1140,-0.400000663,,0.200000332,0,-12,5.8,-74.4,0.447213899,1024,1684,1024,1024,34.120736,,322.834656,47.57218,93,7.919,5.98,NW,3.196336,Calm
72,35.18360377,-97.44552474,1140,-0.400000663,,0.100000166,0,-16,4.6,-74.4,0.412310804,1024,1684,1024,1024,34.120736,,322.834656,47.900264,93,7.919,5.98,NW,3.196336,Calm
72.1,35.18360344,-97.44552472,1140,-0.300000497,,0,0,-16.9,4.9,-74.4,0.300000497,1020,1684,1024,1024,34.120736,,322.834656,47.900264,93,7.919,5.98,NW,3.196336,Calm
72.2,35.18360321,-97.44552493,1140,-0.200000332,,-0.200000332,0,-15,5.1,-74.3,0.282843102,1024,1684,1024,1024,34.120736,,322.834656,47.57218,93,7.919,5.98,NW,3.2991552,Calm
72.3,35.18360306,-97.44552539,1140,-0.100000166,,-0.400000663,0,-13.8,5.6,-74.2,0.412310804,1023,1684,1024,1024,34.120736,,322.834656,47.244096,93,7.919,5.98,NW,3.2991552,Calm
72.4,35.18360296,-97.44552596,1140,0,,-0.500000829,0,-14.5,5.1,-74.1,0.500000829,1023,1684,1024,1024,34.120736,,322.834656,46.587928,93,7.919,5.98,NW,3.2991552,Calm
72.5,35.18360293,-97.44552685,1140,0,,-0.70000116,0,-15.9,4.9,-74,0.70000116,1024,1684,629,1024,34.120736,,322.834656,45.603676,93,7.919,5.98,NW,3.2991552,Calm
72.6,35.18360299,-97.44552771,1140,0,,-0.900001492,0,-17,3.9,-74.1,0.900001492,1024,1684,629,1024,34.120736,,322.834656,44.947508,93,7.919,4.84,NW,3.2991552,Calm
72.7,35.18360313,-97.44552897,1140,0.100000166,,-1.000001658,0,-18.4,3.6,-74.1,1.004988836,1024,1684,656,1024,34.120736,,322.834656,43.635172,93,7.919,4.84,NW,3.2991552,Calm
72.8,35.18360331,-97.44553035,1140,0.200000332,,-1.200001989,0.100000166,-19.6,3.2,-74,1.216554092,1024,1684,575,1024,34.120736,,322.834656,42.322836,93,7.919,4.84,NW,3.397504,Calm
72.9,35.18360353,-97.44553185,1140,0.200000332,,-1.400002321,0.200000332,-19.6,3,-73.9,1.41421551,1024,1684,968,1024,33.136484,,322.834656,40.682416,93,7.919,4.84,NW,3.397504,Calm
73,35.18360379,-97.44553345,1140,0.300000497,,-1.600002652,0.300000497,-19.2,2.5,-73.9,1.627884537,1024,1684,1270,1024,33.136484,,322.834656,39.37008,93,7.919,4.84,NW,3.397504,Calm
73.1,35.18360415,-97.44553562,1140,0.400000663,,-1.900003149,0.100000166,-18,2.2,-73.8,1.941651631,1024,1684,1471,1024,33.136484,,322.834656,37.073492,93,7.919,4.84,NW,3.397504,Calm
73.2,35.18360456,-97.44553805,1140,0.400000663,,-2.200003647,0,-18.8,2.9,-74,2.236071281,1024,1613,1333,1024,33.136484,,322.834656,34.776904,93,7.919,4.84,NW,3.397504,Calm
73.3,35.18360504,-97.44554054,1140,0.500000829,,-2.400003978,-0.300000497,-19,3.1,-74.2,2.451533832,1024,1024,466,1024,33.136484,,322.834656,32.480316,93,7.919,4.84,NW,3.397504,Calm
73.4,35.18360563,-97.44554347,1140,0.600000995,,-2.700004476,-0.400000663,-17.6,2.8,-74,2.765867773,1024,1024,364,1024,34.120736,,322.834656,29.52756,93,7.919,4.84,NW,3.397504,Calm
73.5,35.18360627,-97.44554652,1140,0.600000995,,-2.700004476,-0.100000166,-8.3,3,-73.6,2.765867773,1024,1024,364,1024,34.120736,,322.834656,26.902888,93,7.919,4.84,NW,3.397504,Calm
73.6,35.183607,-97.4455498,1140,0.600000995,,-2.700004476,0.100000166,-1.9,3.9,-73.3,2.765867773,1024,1024,364,1024,34.120736,,322.834656,23.622048,93,7.897,5.458,NW,3.4958528,Calm
73.7,35.18360762,-97.4455528,1140,0.600000995,,-2.60000431,0.500000829,3.6,4,-73.2,2.668337056,1024,1024,364,1024,34.120736,,322.834656,20.997376,93,7.897,5.458,NW,3.4958528,Calm
73.8,35.18360815,-97.44555561,1140,0.600000995,,-2.500004144,0.800001326,14.9,3.9,-73.2,2.570995884,1024,1024,364,1024,34.120736,,322.834656,18.700788,93,7.897,5.458,NW,3.397504,Calm
73.9,35.18360868,-97.4455581,1139,0.600000995,,-2.200003647,1.100001823,17.8,3,-73.3,2.280354616,1024,1024,364,1024,33.136484,,322.834656,16.732284,93,7.897,5.458,NW,3.397504,Calm
74,35.18360922,-97.44556025,1139,0.500000829,,-2.000003315,1.300002155,20.1,2.4,-73,2.061555806,1024,1024,364,1024,32.152232,,322.834656,15.091864,93,7.897,5.458,NW,3.397504,Calm
74.1,35.18360967,-97.44556227,1138,0.400000663,,-1.600002652,1.400002321,21.7,1,-72.8,1.649244555,1024,1024,389,1024,29.855644,,322.834656,13.779528,93,7.897,5.458,NW,3.2991552,Calm
74.2,35.18360999,-97.4455635,1138,0.200000332,,-1.100001823,1.400002321,20.3,0.3,-72.9,1.118035417,1024,1024,364,1024,28.871392,,322.834656,12.795276,93,7.897,5.458,NW,3.2991552,Calm
74.3,35.18361016,-97.44556443,1138,0.100000166,,-0.800001326,1.400002321,15.9,1.7,-73.2,0.806226805,1024,1024,364,1024,26.902888,,322.834656,12.467192,93,7.897,5.458,NW,3.2991552,Calm
74.4,35.18361013,-97.44556509,1137,0,,-0.500000829,1.300002155,10.4,4.7,-73.4,0.500000829,1024,1299,364,1024,25.590552,,322.834656,11.811024,93,7.897,5.458,NW,3.196336,Calm
74.5,35.18361014,-97.44556539,1137,0,,-0.200000332,1.200001989,5.8,5.7,-73,0.200000332,1110,1660,364,1024,25.590552,,322.834656,11.811024,93,7.897,5.458,NW,3.196336,Calm
74.6,35.18361013,-97.44556556,1136,0,,-0.100000166,1.100001823,2.2,5.3,-73.1,0.100000166,1024,1684,364,1024,24.6063,,322.834656,11.48294,93,7.885,5.458,NW,3.196336,Calm
74.7,35.18360999,-97.44556571,1136,0,,0,1.100001823,-3.4,4.5,-73.7,0,1024,1684,364,1024,24.6063,,322.834656,11.154856,93,7.885,5.458,NW,3.196336,Calm
74.8,35.18360996,-97.44556576,1136,0,,0,1.000001658,-7.2,3.9,-73.8,0,1024,1684,715,1024,23.622048,,322.834656,11.154856,93,7.885,5.458,NW,3.196336,Calm
74.9,35.18361001,-97.44556588,1135,0,,-0.100000166,0.900001492,-8.2,3,-73.7,0.100000166,1024,1684,1024,1024,22.309712,,322.834656,11.154856,93,7.885,5.458,NW,3.196336,Calm
75,35.18360995,-97.44556614,1135,0.100000166,,-0.200000332,0.600000995,-7.7,2.5,-73.8,0.223606726,1024,1684,1024,1020,21.32546,,322.834656,11.154856,93,7.885,5.458,NW,3.196336,Calm
75.1,35.18361003,-97.44556649,1135,0.100000166,,-0.300000497,0.200000332,-8,2.9,-73.8,0.316228049,1024,1684,1469,1024,21.32546,,322.834656,10.826772,93,7.885,5.458,NW,3.196336,Calm
75.2,35.18361013,-97.44556697,1135,0.100000166,,-0.400000663,0.100000166,-8.9,3.1,-73.8,0.412310804,1024,1684,1572,1021,21.32546,,322.834656,10.498688,93,7.885,5.232,NW,3.196336,Calm
75.3,35.18361028,-97.44556751,1135,0.100000166,,-0.500000829,-0.100000166,-10.2,3.2,-74,0.509902765,1024,1684,1604,1018,21.32546,,322.834656,10.498688,93,7.885,5.232,NW,3.196336,Calm
75.4,35.18361044,-97.44556822,1135,0.200000332,,-0.70000116,-0.500000829,-12.2,3,-74.1,0.728011793,1024,1684,1547,1024,22.309712,,322.834656,10.170604,93,7.885,5.232,NW,3.196336,Calm
75.5,35.18361067,-97.44556917,1135,0.200000332,,-0.900001492,-0.800001326,-13.8,3.1,-74,0.921955626,1024,1590,1080,1024,22.309712,,322.834656,10.170604,93,7.885,5.232,NW,3.196336,Calm
75.6,35.18361094,-97.44557045,1135,0.300000497,,-1.100001823,-1.100001823,-15.5,3.8,-73.9,1.140177308,1024,1024,364,1024,24.6063,,322.834656,9.84252,93,7.885,5.232,NW,3.196336,Calm
75.7,35.18361121,-97.44557157,1136,0.300000497,,-1.200001989,-0.900001492,-14.8,5.1,-73.8,1.236933305,780,612,364,1024,24.6063,,322.834656,9.84252,93,7.885,5.232,NW,3.196336,Calm
75.8,35.18361157,-97.44557301,1136,0.400000663,,-1.300002155,-0.500000829,-5.7,4.1,-73.4,1.360149152,364,847,364,1024,25.590552,,322.834656,10.170604,93,7.885,5.232,NW,3.2991552,Calm
75.9,35.18361202,-97.44557467,1136,0.400000663,,-1.300002155,-0.200000332,0.7,0.8,-73.3,1.360149152,364,1009,364,1024,25.590552,,322.834656,10.498688,93,7.885,5.232,NW,3.2991552,Calm
76,35.18361245,-97.44557594,1136,0.300000497,,-1.200001989,0,1.1,-7.7,-73.6,1.236933305,387,1024,364,1028,26.902888,,322.834656,11.48294,93,7.885,5.232,NW,3.2991552,Calm
76.1,35.18361265,-97.44557734,1136,0.100000166,,-1.200001989,0.200000332,0.5,-15.5,-73.9,1.204161249,1684,880,681,999,25.590552,,322.834656,11.811024,93,7.885,5.232,NW,3.2991552,Calm
76.2,35.18361259,-97.4455786,1136,-0.100000166,,-1.200001989,0.300000497,0.7,-15.2,-74,1.204161249,1684,526,1024,1024,25.590552,,322.834656,12.139108,93,7.901,5.232,NW,3.2991552,Calm
76.3,35.18361222,-97.44557969,1136,-0.400000663,,-1.100001823,0.600000995,0,-2.5,-73.2,1.170471868,1684,533,1024,1024,24.6063,,322.834656,12.139108,93,7.901,5.232,NW,3.196336,Calm
76.4,35.18361185,-97.44558085,1136,-0.400000663,,-1.000001658,0.400000663,2,10,-72.7,1.077034696,1684,399,1024,1024,24.6063,,322.834656,12.467192,93,7.901,5.232,NW,3.196336,Calm
76.5,35.18361147,-97.4455821,1136,-0.200000332,,-0.800001326,0.100000166,2.8,16.7,-72.8,0.824622054,1684,364,921,1070,23.622048,,322.834656,12.795276,93,7.901,5.232,NW,3.196336,Calm
76.6,35.18361135,-97.4455828,1136,0,,-0.600000995,0,2.9,17.2,-73.3,0.600000995,1684,364,520,1055,23.622048,,322.834656,13.12336,93,7.901,5.232,NW,3.196336,Calm
76.7,35.18361141,-97.4455833,1136,0.100000166,,-0.400000663,0,6.1,15.3,-73,0.412310804,1684,364,364,1024,23.622048,,322.834656,13.451444,93,7.901,5.232,NW,3.196336,Calm
76.8,35.18361184,-97.44558353,1136,0.300000497,,-0.100000166,0,7.1,13.5,-73,0.316228049,1684,364,364,1053,23.622048,,322.834656,14.107612,93,7.901,5.232,NW,3.196336,Calm
76.9,35.18361221,-97.44558359,1136,0.400000663,,0,0.200000332,0.3,7.9,-74,0.400000663,1684,364,364,1150,23.622048,,322.834656,14.435696,93,7.901,5.232,NW,3.196336,Calm
77,35.18361258,-97.44558356,1135,0.400000663,,0,0.500000829,-0.6,6.6,-73.6,0.400000663,1684,720,673,1161,23.622048,,322.834656,14.76378,93,7.901,5.232,NW,3.196336,Calm
77.1,35.183613,-97.44558327,1135,0.400000663,,0.100000166,0.600000995,2.6,6.2,-72.8,0.412310804,1684,606,885,1024,22.309712,,322.834656,15.091864,93,7.901,5.232,NW,3.196336,Calm
77.2,35.18361342,-97.44558305,1135,0.400000663,,0.200000332,0.400000663,3.5,7.8,-72.5,0.447213899,1684,364,1024,1024,22.309712,,322.834656,15.091864,93,7.901,4.906,NW,3.196336,Calm
77.3,35.18361381,-97.44558266,1135,0.500000829,,0.400000663,0.200000332,1.3,13.1,-72.7,0.640313274,1684,364,1024,1024,22.309712,,322.834656,15.419948,93,7.901,4.906,NW,3.196336,Calm
77.4,35.18361437,-97.44558211,1135,0.600000995,,0.500000829,0.100000166,3.5,16.6,-72.3,0.781025819,1684,364,1024,1024,22.309712,,322.834656,15.748032,93,7.901,4.906,NW,3.196336,Calm
77.5,35.18361505,-97.44558141,1135,0.800001326,,0.70000116,0,7.2,17,-72,1.063015969,1630,915,1024,1024,21.32546,,322.834656,16.076116,93,7.901,4.906,NW,3.196336,Calm
77.6,35.18361597,-97.44558039,1135,1.000001658,,0.900001492,0,8.1,16,-72.1,1.345364198,1204,915,1024,1024,21.32546,,322.834656,16.732284,93,7.901,4.906,NW,3.196336,Calm
77.7,35.18361679,-97.44557934,1135,1.100001823,,1.200001989,0,2.6,16.2,-72.9,1.627884537,1494,985,982,934,21.32546,,322.834656,17.060368,93,7.83,4.906,NW,3.196336,Calm
77.8,35.18361787,-97.44557792,1135,1.200001989,,1.300002155,0,-3.3,11.8,-73.3,1.769183152,1684,1002,971,406,21.32546,,322.834656,18.04462,93,7.83,4.906,NW,3.196336,Calm
77.9,35.18361917,-97.44557621,1135,1.300002155,,1.300002155,0,-5,7.4,-73.8,1.838480611,1586,1014,897,364,21.32546,,322.834656,19.356956,93,7.83,4.906,NW,3.196336,Calm
78,35.18362038,-97.44557485,1135,1.300002155,,1.200001989,0,-4.9,12.8,-78.6,1.769183152,1024,1024,852,364,21.32546,,322.834656,20.669292,93,7.83,4.906,NW,3.196336,Calm
78.1,35.18362175,-97.44557335,1135,1.500002486,,1.200001989,0,-7.8,18,-87.2,1.920940268,1024,1024,852,364,21.32546,,322.834656,22.309712,93,7.83,4.906,NW,3.196336,Calm
78.2,35.18362316,-97.44557208,1135,1.700002818,,1.100001823,0,-12.2,17.9,-96.6,2.024848904,1024,1024,803,364,21.32546,,322.834656,23.950132,93,7.83,5.546,NW,3.196336,Calm
78.3,35.18362468,-97.44557108,1135,1.800002984,,0.900001492,0,-15.6,14.3,-105.3,2.012464108,850,1024,1028,364,20.341208,,322.834656,25.918636,93,7.83,5.546,NW,3.196336,Calm
78.4,35.1836264,-97.44557024,1135,1.900003149,,0.600000995,0,-15.9,11,-111.9,1.99248902,850,1024,1028,364,20.341208,,322.834656,27.88714,93,7.83,5.546,NW,3.196336,Calm
78.5,35.18362828,-97.44556983,1135,1.800002984,,0.300000497,0.100000166,-15.4,7.1,-118.8,1.824831585,614,1024,1431,364,19.356956,,322.834656,30.183728,93,7.83,5.546,NW,3.2991552,Calm
78.6,35.18362981,-97.44556974,1135,1.600002652,,0,0,-13.8,5.9,-126.2,1.600002652,513,1024,1456,364,20.341208,,322.834656,32.152232,93,7.83,5.546,NW,3.2991552,Calm
78.7,35.18363118,-97.4455699,1135,1.400002321,,-0.100000166,-0.300000497,-11.3,5,-133.5,1.403568806,468,1024,1326,364,20.341208,,322.834656,33.792652,93,7.83,5.546,NW,3.2991552,Calm
78.8,35.1836322,-97.44557049,1135,1.100001823,,-0.300000497,-0.600000995,-8.7,3,-140.3,1.140177308,370,1024,1336,364,21.32546,,322.834656,34.776904,93,7.83,5.546,NW,3.2991552,Calm
78.9,35.18363306,-97.44557089,1135,1.000001658,,-0.300000497,-0.500000829,-7,0.7,-147.3,1.044031968,364,1024,1393,364,22.309712,,322.834656,35.761156,93,7.83,5.546,NW,3.2991552,Calm
79,35.1836339,-97.44557138,1135,0.800001326,,-0.300000497,-0.400000663,-8.7,-6.4,-154.4,0.854401624,614,1011,1024,364,23.622048,,322.834656,36.745408,93,7.83,5.546,NW,3.2991552,Calm
79.1,35.18363428,-97.44557173,1136,0.400000663,,-0.200000332,-0.600000995,-8.9,-9.3,-161.9,0.447213899,1024,1024,657,364,23.622048,,322.834656,37.401576,93,7.83,5.546,NW,3.2991552,Calm
79.2,35.1836345,-97.44557187,1136,0.200000332,,0,-0.400000663,-5.1,-3,-169.6,0.200000332,1024,1024,364,444,23.622048,,322.834656,37.72966,93,7.814,5.546,NW,3.2991552,Calm
79.3,35.1836346,-97.4455719,1136,0.100000166,,0,0,2.3,7.2,-176.5,0.100000166,1174,1024,364,435,24.6063,,322.834656,37.72966,93,7.814,5.546,NW,3.2991552,Calm
79.4,35.18363469,-97.44557193,1136,0.100000166,,0,0.300000497,4.7,9.7,178.6,0.100000166,1024,1024,364,438,24.6063,,322.834656,37.72966,93,7.814,5.546,NW,3.2991552,Calm
79.5,35.1836347,-97.44557201,1136,0.100000166,,0,0.600000995,2.2,8.7,172.5,0.100000166,1024,1024,364,479,23.622048,,322.834656,37.72966,93,7.814,5.546,NW,3.2991552,Calm
79.6,35.18363488,-97.4455722,1135,0,,-0.100000166,0.800001326,1.7,7.4,166.8,0.100000166,1024,1024,402,438,22.309712,,322.834656,38.057744,93,7.814,5.546,NW,3.2991552,Calm
79.7,35.18363491,-97.44557238,1135,0,,-0.100000166,0.900001492,2.8,5.6,162.3,0.100000166,1004,1024,1351,518,21.32546,,322.834656,38.057744,93,7.814,5.546,NW,3.2991552,Calm
79.8,35.18363477,-97.44557267,1135,0,,-0.100000166,0.800001326,1.1,4,156.7,0.100000166,1024,1033,1524,598,21.32546,,322.834656,37.72966,93,7.814,5.546,NW,3.2991552,Calm
79.9,35.1836347,-97.44557289,1135,-0.100000166,,-0.100000166,0.500000829,0.7,3.7,152.7,0.141421551,1024,1024,1549,687,20.341208,,322.834656,37.72966,93,7.814,5.546,NW,3.2991552,Calm
80,35.18363452,-97.44557308,1134,-0.200000332,,-0.100000166,0.100000166,5.3,3.7,150.9,0.223606726,1024,1024,1550,689,20.341208,,322.834656,37.401576,93,7.814,5.546,NW,3.2991552,Calm
80.1,35.18363424,-97.4455731,1134,-0.200000332,,-0.100000166,-0.100000166,7.2,2.6,149.9,0.223606726,1024,1024,1596,636,20.341208,,322.834656,37.073492,93,7.814,5.546,NW,3.397504,Calm
80.2,35.18363407,-97.44557323,1135,-0.100000166,,-0.100000166,-0.500000829,5,1.2,148.3,0.141421551,364,1017,1583,617,21.32546,,322.834656,37.073492,93,7.814,4.7,NW,3.397504,Calm
80.3,35.18363388,-97.44557342,1135,-0.100000166,,-0.100000166,-0.900001492,3.5,0.8,145.9,0.141421551,364,1024,1535,712,22.309712,,322.834656,36.745408,93,7.814,4.7,NW,3.397504,Calm
80.4,35.18363366,-97.44557353,1135,-0.200000332,,0,-1.300002155,4.3,-4.4,142.9,0.200000332,364,1024,1541,718,23.622048,,322.834656,36.417324,93,7.814,4.7,NW,3.4958528,Calm
80.5,35.18363349,-97.44557355,1136,-0.100000166,,0,-1.500002486,7.1,-14.4,140.8,0.100000166,364,1024,1538,737,24.6063,,322.834656,36.417324,93,7.814,4.7,NW,3.4958528,Calm
80.6,35.18363354,-97.44557335,1136,0,,0.200000332,-1.500002486,7.8,-19.1,139.3,0.200000332,364,1024,1252,909,25.590552,,322.834656,36.417324,93,7.814,4.7,NW,3.598672,Calm
80.7,35.18363372,-97.44557281,1137,0.300000497,,0.500000829,-1.600002652,5.8,-18.2,138.9,0.58309573,364,1024,1252,909,26.902888,,322.834656,36.745408,93,7.814,4.7,NW,3.598672,Calm
80.8,35.18363421,-97.44557179,1137,0.400000663,,0.800001326,-1.500002486,5.8,-17.2,138.8,0.894428244,364,954,803,1005,27.88714,,322.834656,37.073492,93,7.814,4.7,NW,3.598672,Calm
80.9,35.18363469,-97.44557076,1138,0.500000829,,0.900001492,-1.200001989,7.4,-17.7,138.6,1.029564413,375,875,1024,1024,28.871392,,322.834656,37.72966,93,7.814,4.7,NW,3.598672,Calm
81,35.1836353,-97.44556955,1138,0.70000116,,1.100001823,-0.800001326,7.2,-18.6,138.5,1.303842228,844,1024,1024,1024,29.855644,,322.834656,38.713912,93,7.814,4.7,NW,3.598672,Calm
81.1,35.18363608,-97.44556819,1138,0.800001326,,1.200001989,-0.500000829,6.8,-15.7,138.8,1.442222566,1017,1024,1024,1024,29.855644,,322.834656,39.698164,93,7.814,4.7,NW,3.598672,Calm
81.2,35.18363685,-97.44556687,1139,0.900001492,,1.300002155,-0.200000332,5.9,-6.5,139.7,1.58114114,878,1024,1024,1024,29.855644,,322.834656,41.0105,93,7.786,4.7,NW,3.6970208,Calm
81.3,35.18363768,-97.44556539,1139,0.900001492,,1.300002155,-0.100000166,4.8,-1.6,140.1,1.58114114,889,1024,1024,1024,31.16798,,322.834656,41.994752,93,7.786,4.7,NW,3.6970208,Calm
81.4,35.18363851,-97.44556385,1139,0.800001326,,1.300002155,0,5.8,-0.6,139.9,1.526435962,987,1024,1024,780,28.871392,,322.834656,43.307088,93,7.786,4.7,NW,3.6970208,Calm
81.5,35.18363917,-97.44556249,1139,0.800001326,,1.300002155,0,6.8,-1.4,139.5,1.526435962,1024,1024,1024,364,28.871392,,322.834656,44.619424,93,7.786,4.7,NW,3.79984,Calm
81.6,35.18363989,-97.44556108,1139,0.800001326,,1.200001989,0,6.3,-1.3,134.3,1.442222566,1024,1024,1024,364,26.902888,,322.834656,45.603676,93,7.786,4.7,NW,3.79984,Calm
81.7,35.18364055,-97.44555979,1139,0.70000116,,1.200001989,0,10.9,-4.6,126.1,1.389246538,1024,1024,1024,364,26.902888,,322.834656,46.916012,93,7.786,4.7,NW,3.79984,Calm
81.8,35.18364107,-97.44555881,1139,0.800001326,,1.100001823,0,15.7,0,118,1.360149152,1024,1024,1024,364,25.590552,,322.834656,47.57218,93,7.786,4.7,NW,3.79984,Calm
81.9,35.18364188,-97.44555765,1139,0.800001326,,0.800001326,0,15.3,8,111,1.131372408,1024,1024,1024,364,24.6063,,322.834656,48.884516,93,7.786,4.7,NW,3.8981888,Calm
82,35.18364245,-97.44555707,1139,0.600000995,,0.500000829,0,11.6,9.3,103.4,0.781025819,1024,1024,1024,364,24.6063,,322.834656,49.868768,93,7.786,4.7,NW,3.8981888,Calm
82.1,35.18364286,-97.44555664,1139,0.300000497,,0.300000497,0,9.8,5.2,95.5,0.424264653,1024,1024,1024,364,24.6063,,322.834656,50.524936,93,7.786,4.7,NW,3.8981888,Calm
82.2,35.18364306,-97.44555657,1139,0.200000332,,0.200000332,0,9.3,1.7,87.7,0.282843102,1024,1024,1024,364,24.6063,,322.834656,50.524936,93,7.786,5.962,NW,3.8981888,Calm
82.3,35.18364317,-97.44555643,1139,0,,0.100000166,0,7.6,0.1,80,0.100000166,1024,1024,1024,364,24.6063,,322.834656,50.85302,93,7.786,5.962,NW,3.8981888,Calm
82.4,35.18364314,-97.44555646,1139,0,,0,0,5.9,-1.4,72.5,0,1024,1024,1024,364,24.6063,,322.834656,50.85302,93,7.786,5.962,NW,3.8981888,Calm
82.5,35.18364298,-97.44555655,1139,-0.100000166,,0,0,3.5,-2.4,65.1,0.100000166,1024,1024,1024,1024,25.590552,,322.834656,50.524936,93,7.786,5.962,NW,3.8981888,Calm
82.6,35.1836428,-97.44555665,1139,-0.200000332,,0,0,1.8,-3.4,60,0.200000332,1024,1024,1024,1024,25.590552,,322.834656,50.196852,93,7.786,5.962,NW,3.9965376,Calm
82.7,35.18364256,-97.44555687,1139,-0.200000332,,-0.100000166,0,0.9,-3.5,62.8,0.223606726,1024,1024,1024,1024,25.590552,,322.834656,49.868768,93,7.846,5.962,NW,3.9965376,Calm
82.8,35.18364235,-97.44555711,1139,-0.300000497,,-0.100000166,0,-2,-4,63.5,0.316228049,1024,1024,1024,1024,25.590552,,322.834656,49.540684,93,7.846,5.962,NW,3.9965376,Calm
82.9,35.18364205,-97.44555728,1139,-0.300000497,,0,0,-4.5,-5.8,63.2,0.300000497,1024,1024,1024,1024,24.6063,,322.834656,49.2126,93,7.846,5.962,NW,3.9965376,Calm
83,35.18364174,-97.44555737,1139,-0.200000332,,0,0,-3.7,-7.3,63,0.200000332,1024,1024,1164,1024,24.6063,,322.834656,48.884516,93,7.846,5.962,NW,3.9965376,Calm
83.1,35.18364157,-97.44555737,1139,-0.200000332,,0,0,-3,-7.6,63.1,0.200000332,1024,1024,1241,1024,24.6063,,322.834656,48.556432,93,7.846,5.962,NW,3.9965376,Calm
83.2,35.18364136,-97.44555737,1139,-0.100000166,,0,0,-3.5,-7.6,63.1,0.100000166,1024,1024,1339,1009,24.6063,,322.834656,48.556432,93,7.846,5.245,NW,3.9965376,Calm
83.3,35.1836413,-97.44555722,1139,-0.100000166,,0,0,-2.6,-7.7,63,0.100000166,1024,1024,1348,1009,24.6063,,322.834656,48.556432,93,7.846,5.245,NW,3.9965376,Calm
83.4,35.18364123,-97.44555706,1139,0,,0,-0.200000332,-1.2,-7.6,62.9,0,1024,1024,1348,1009,24.6063,,322.834656,48.556432,93,7.846,5.245,NW,3.9965376,Calm
83.5,35.18364118,-97.44555699,1139,0,,0,-0.400000663,-1.5,-6.5,63,0,1024,1024,1301,1017,25.590552,,322.834656,48.228348,93,7.846,5.245,N,3.8981888,Calm
83.6,35.18364119,-97.44555685,1139,0,,0,-0.500000829,-1.6,-7.7,63.1,0,1024,1024,1341,1019,26.902888,,322.834656,48.556432,93,7.846,5.245,NW,3.8981888,Calm
83.7,35.18364117,-97.44555676,1139,0,,0.100000166,-0.400000663,-0.1,-7.6,62.8,0.100000166,1024,1024,1304,1024,26.902888,,322.834656,48.556432,93,7.846,5.245,NW,3.8981888,Calm
83.8,35.18364117,-97.44555665,1139,0,,0,-0.400000663,0.5,-6.6,62.9,0,1024,1024,1024,1024,27.88714,,322.834656,48.556432,93,7.846,5.245,NW,3.8981888,Calm
83.9,35.18364111,-97.44555658,1139,0,,0,-0.400000663,0,-6.4,62.9,0,1024,1024,1014,1024,27.88714,,322.834656,48.556432,93,7.846,5.245,N,3.79984,Calm
84,35.18364113,-97.44555657,1139,0,,0,-0.100000166,-0.5,-6.6,62.9,0,1024,1024,1024,1024,27.88714,,322.834656,48.556432,93,7.846,5.245,N,3.79984,Calm
84.1,35.18364112,-97.44555651,1140,0,,0,0,-0.5,-5.4,62.9,0,1024,1024,1024,1024,27.88714,,322.834656,48.556432,93,7.846,5.245,N,3.79984,Calm
84.2,35.1836411,-97.44555643,1140,0,,0,0,-0.8,-5.4,62.9,0,1024,1024,1024,1024,27.88714,,322.834656,48.556432,93,7.806,5.245,N,3.79984,Calm
84.3,35.18364105,-97.44555632,1140,0,,0,0,-0.4,-7.8,62.9,0,1024,1024,1024,1024,27.88714,,322.834656,48.556432,93,7.806,5.245,NW,3.6970208,Calm
84.4,35.183641,-97.44555623,1140,0,,0,0,-0.6,-8.5,62.9,0,1024,1024,1024,1024,27.88714,,322.834656,48.556432,93,7.806,5.245,NW,3.6970208,Calm
84.5,35.183641,-97.44555616,1140,0,,0,0,-0.2,-7.6,63.1,0,1024,1024,1024,1024,28.871392,,322.834656,48.556432,93,7.806,5.245,NW,3.6970208,Calm
84.6,35.18364102,-97.4455561,1140,0,,0,0,0.2,-7.1,62.9,0,1024,1024,1024,1024,28.871392,,322.834656,48.556432,93,7.806,5.245,NW,3.598672,Calm
84.7,35.18364104,-97.44555606,1140,0,,0,0,0.2,-7.3,62.9,0,1024,1024,1024,1024,28.871392,,322.834656,48.556432,93,7.806,5.245,NW,3.598672,Calm
84.8,35.18364109,-97.44555604,1140,0,,0,0,-0.1,-7.3,63,0,1024,1024,1024,1024,28.871392,,322.834656,48.556432,93,7.806,5.245,NW,3.598672,Calm
84.9,35.18364113,-97.44555602,1139,0,,0,0,-0.1,-6.5,63.1,0,1024,1024,1024,1024,27.88714,,322.834656,48.556432,93,7.806,5.245,NW,3.4958528,Calm
85,35.18364117,-97.44555597,1139,0,,0,0,0.6,-6.3,62.9,0,1024,1024,1024,1024,27.88714,,322.834656,48.556432,93,7.806,5.245,NW,3.4958528,Calm
85.1,35.18364119,-97.44555595,1139,0,,0,0,0,-6.2,62.8,0,1024,1024,1260,1036,27.88714,,322.834656,48.884516,93,7.806,5.245,NW,3.4958528,Calm
85.2,35.18364122,-97.44555596,1139,0,,0,0,0,-6.8,62.8,0,1024,1024,1658,1106,27.88714,,322.834656,48.884516,93,7.806,5.171,NW,3.397504,Calm
85.3,35.18364126,-97.44555596,1139,0,,0,0,-0.1,-6.2,62.8,0,1024,1024,1684,1025,27.88714,,322.834656,48.884516,93,7.806,5.171,NW,3.397504,Calm
85.4,35.18364134,-97.44555603,1140,0,,0,-0.300000497,-0.7,-4.8,63,0,1024,1024,1683,1024,28.871392,,322.834656,48.884516,93,7.806,5.171,NW,3.397504,Calm
85.5,35.1836414,-97.44555607,1140,0,,0,-0.70000116,-0.7,-4.5,63,0,1024,1024,1670,1024,28.871392,,322.834656,48.884516,93,7.806,5.171,NW,3.397504,Calm
85.6,35.18364137,-97.44555607,1140,0,,0,-1.100001823,-0.6,-5.5,62.8,0,1024,1024,1024,1024,29.855644,,322.834656,48.884516,93,7.806,5.171,NW,3.2991552,Calm
85.7,35.18364141,-97.44555611,1140,0,,0,-1.400002321,-0.9,-6.2,63.1,0,1024,1024,507,1097,32.152232,,322.834656,48.884516,93,7.806,5.171,N,3.2991552,Calm
85.8,35.18364156,-97.44555619,1141,0,,0,-1.200001989,-1.1,-7.2,63.2,0,1056,1024,364,1004,33.136484,,322.834656,49.2126,93,7.793,5.171,N,3.2991552,Calm
85.9,35.18364161,-97.44555624,1141,0,,0,-0.800001326,-0.9,-7.1,63.1,0,1456,1021,364,993,34.120736,,322.834656,49.2126,93,7.793,5.171,N,3.196336,Calm
86,35.18364165,-97.44555634,1142,0,,0,-0.400000663,-0.7,-5.1,63.1,0,1684,854,364,1017,34.120736,,322.834656,49.2126,93,7.793,5.171,N,3.196336,Calm
86.1,35.18364173,-97.4455564,1142,0,,0,-0.100000166,-0.7,-1.8,63,0,1684,854,364,1017,35.433072,,322.834656,49.2126,93,7.793,5.171,N,3.196336,Calm
86.2,35.18364177,-97.44555644,1142,0,,0,0.200000332,-0.6,5.8,63,0,1684,799,803,1024,34.120736,,322.834656,49.2126,93,7.793,5.933,N,3.196336,Calm
86.3,35.18364171,-97.4455564,1141,-0.100000166,,0,0.500000829,-0.2,14.3,63.1,0.100000166,1684,804,1024,1024,34.120736,,322.834656,49.2126,93,7.793,5.933,N,3.0979872,Calm
86.4,35.18364138,-97.44555616,1141,-0.300000497,,0.100000166,0.800001326,1,18.9,63.2,0.316228049,1684,752,1157,1024,33.136484,,322.834656,48.884516,93,7.793,5.933,N,2.7984704,Calm
86.5,35.18364077,-97.44555588,1141,-0.800001326,,0.300000497,0.600000995,0.9,18.4,62.9,0.854401624,1684,720,1205,1024,32.152232,,322.834656,48.228348,93,7.793,5.933,N,2.4989536,Calm
86.6,35.18363979,-97.4455554,1141,-1.300002155,,0.500000829,0.200000332,-1.4,8.4,61.8,1.39284074,1684,689,1051,1024,31.16798,,322.834656,47.244096,93,7.793,5.933,N,2.1994368,Calm
86.7,35.1836382,-97.44555455,1141,-1.500002486,,0.600000995,0,0.7,3.4,62.4,1.615552044,1684,738,1024,1024,32.152232,,322.834656,45.93176,93,7.793,5.933,N,1.89992,Calm
86.8,35.18363661,-97.44555371,1141,-1.600002652,,0.600000995,0,2.7,6.3,63.3,1.708803247,1024,1024,741,1024,32.152232,,322.834656,44.619424,93,7.793,5.933,N,1.5959328,Calm
86.9,35.18363507,-97.44555297,1141,-1.800002984,,0.600000995,0,1.8,8.8,63.3,1.897369637,1024,1024,594,1024,33.136484,,322.834656,43.307088,93,7.793,5.933,N,1.296416,Calm
87,35.1836333,-97.4455522,1141,-2.000003315,,0.70000116,0,-0.3,0.7,62.8,2.11896513,1211,1305,560,1024,33.136484,,322.834656,41.666668,93,7.793,5.933,N,1.0997184,Calm
87.1,35.18363152,-97.44555141,1141,-2.000003315,,0.70000116,0.100000166,-1.8,-7.1,62.6,2.11896513,1080,1684,652,1024,34.120736,,322.834656,40.354332,93,7.793,5.933,N,0.8985504,Calm
87.2,35.18362961,-97.4455507,1141,-1.900003149,,0.70000116,0.400000663,-2.4,-8.6,63,2.024848904,1080,1684,652,1024,34.120736,,322.834656,38.713912,93,7.846,5.933,N,0.7957312,Calm
87.3,35.18362802,-97.44555001,1140,-1.900003149,,0.70000116,0.70000116,-7.7,-7.8,63.5,2.024848904,1055,1684,1024,1024,34.120736,,322.834656,37.72966,93,7.846,5.933,N,0.8985504,Calm
87.4,35.18362637,-97.4455491,1140,-1.700002818,,0.800001326,0.600000995,-15.9,-5.9,63.7,1.878832229,1154,1684,1024,1024,33.136484,,322.834656,36.745408,93,7.846,5.933,N,0.9968992,Calm
87.5,35.18362506,-97.44554814,1140,-1.500002486,,1.100001823,0.200000332,-17.4,-6,63.7,1.860110194,1222,1684,436,1024,33.136484,,322.834656,36.08924,93,7.846,5.933,N,1.0997184,Calm
87.6,35.18362379,-97.44554655,1140,-1.200001989,,1.300002155,0.100000166,-16.3,-7,63.7,1.769183152,1222,1684,400,1024,33.136484,,322.834656,36.417324,93,7.846,5.933,N,1.1980672,Calm
87.7,35.18362273,-97.44554495,1140,-1.100001823,,1.500002486,0.300000497,-17.3,-7.1,64,1.860110194,1221,1684,378,1024,33.136484,,322.834656,36.745408,93,7.846,5.933,N,1.296416,Calm
87.8,35.1836219,-97.44554346,1140,-1.000001658,,1.600002652,0.70000116,-18.2,-6,64,1.886798929,1024,1391,379,1024,32.152232,,322.834656,37.073492,93,7.846,5.933,N,1.3992352,Calm
87.9,35.18362098,-97.44554132,1139,-0.900001492,,1.700002818,1.000001658,-17.8,-5.1,63.8,1.923541594,1024,1024,753,1024,31.16798,,322.834656,38.057744,93,7.846,5.933,N,1.497584,Calm
88,35.18362032,-97.44553928,1139,-0.800001326,,1.900003149,1.200001989,-12,-6.2,63.5,2.061555806,1024,1024,661,1024,29.855644,,322.834656,39.37008,93,7.846,5.933,N,1.5959328,Calm
88.1,35.18361963,-97.44553689,1138,-0.600000995,,2.000003315,1.100001823,-2.5,-6.6,62.6,2.088064384,1024,1024,629,822,28.871392,,322.834656,41.0105,93,7.846,5.933,N,1.698752,Calm
88.2,35.18361909,-97.44553475,1138,-0.500000829,,2.000003315,0.70000116,-0.3,-6.4,62.6,2.061555806,411,1024,1024,1024,28.871392,,322.834656,42.65092,92,7.846,5.123,N,1.698752,Calm
88.3,35.18361861,-97.44553262,1138,-0.500000829,,1.900003149,0.70000116,2.4,-8.8,62.2,1.964691179,364,1071,1024,1024,27.88714,,322.834656,44.29134,92,7.846,5.123,N,1.7971008,Calm
88.4,35.18361813,-97.44553035,1138,-0.400000663,,1.800002984,0.500000829,2.1,-10.3,62.1,1.8439117,364,1086,1024,1024,27.88714,,322.834656,45.93176,92,7.846,5.123,N,1.7971008,Calm
88.5,35.18361776,-97.44552856,1138,-0.300000497,,1.600002652,0.200000332,-1,-15.9,62.6,1.627884537,364,1034,1047,1024,27.88714,,322.834656,47.57218,92,7.846,5.123,N,1.89992,Calm
88.6,35.18361759,-97.44552709,1138,-0.100000166,,1.500002486,0,-2.5,-19.4,63,1.50333204,364,1024,1024,1024,27.88714,,322.834656,48.556432,92,7.846,5.123,N,1.9982688,Calm
88.7,35.18361759,-97.44552558,1138,0,,1.400002321,0,-0.8,-20.4,62.8,1.400002321,364,1024,1075,1024,26.902888,,322.834656,50.196852,92,7.846,5.123,N,2.0966176,Calm
88.8,35.18361791,-97.44552403,1138,0.300000497,,1.200001989,0,0.6,-20.3,62.5,1.236933305,364,1024,1348,959,26.902888,,322.834656,51.509188,92,7.846,5.123,N,2.0966176,Calm
88.9,35.18361839,-97.44552293,1138,0.500000829,,1.000001658,0,0.9,-20,62.5,1.118035417,364,1021,1391,725,26.902888,,322.834656,52.821524,92,7.846,5.123,N,2.1994368,Calm
89,35.18361906,-97.44552194,1138,0.800001326,,0.800001326,-0.100000166,1,-19.4,61.9,1.131372408,364,992,1182,370,26.902888,,322.834656,54.13386,92,7.846,5.123,N,2.1994368,Calm
89.1,35.18361981,-97.44552123,1138,1.000001658,,0.600000995,-0.400000663,0.9,-19.1,59.7,1.166191907,364,975,1025,364,27.88714,,322.834656,55.118112,92,7.846,5.123,N,2.2977856,Calm
89.2,35.18362102,-97.44552056,1138,1.100001823,,0.400000663,-0.300000497,-0.9,-19.4,52.8,1.170471868,364,969,1034,364,27.88714,,322.834656,56.102364,92,7.852,5.926,N,2.3961344,Calm
89.3,35.18362209,-97.44552014,1138,1.200001989,,0.300000497,0,2.2,-21.3,43.5,1.236933305,364,970,1109,364,27.88714,,322.834656,57.086616,92,7.852,5.926,N,2.3961344,Calm
89.4,35.18362329,-97.44551977,1138,1.300002155,,0.100000166,0,5.3,-20.4,34.5,1.303842228,364,973,1251,364,27.88714,,322.834656,58.070868,92,7.852,5.926,N,2.3961344,Calm
89.5,35.18362433,-97.44551986,1138,1.300002155,,-0.100000166,0,4.7,-20,27.3,1.303842228,364,1013,1428,364,27.88714,,322.834656,58.398952,92,7.852,5.926,N,2.4989536,Calm
89.6,35.1836256,-97.44552032,1138,1.300002155,,-0.400000663,0,3.8,-20.1,20,1.360149152,364,1024,1655,364,27.88714,,322.834656,58.727036,92,7.852,5.926,N,2.4989536,Calm
89.7,35.18362655,-97.44552092,1138,1.200001989,,-0.800001326,-0.200000332,4.6,-19.7,12.3,1.442222566,364,1024,1672,364,27.88714,,322.834656,58.727036,92,7.852,5.926,N,2.5973024,Calm
89.8,35.18362754,-97.44552214,1138,1.000001658,,-1.200001989,-0.600000995,4.2,-19.5,5.1,1.562052085,364,989,1674,364,28.871392,,322.834656,58.398952,92,7.852,5.926,N,2.5973024,Calm
89.9,35.18362848,-97.44552387,1139,0.800001326,,-1.600002652,-1.000001658,3.1,-20.2,-2.2,1.788856935,1199,757,1621,364,29.855644,,322.834656,57.4147,92,7.852,5.926,N,2.5973024,Calm
90,35.18362904,-97.44552611,1139,0.600000995,,-2.000003315,-1.300002155,3.1,-20.2,-9.8,2.088064384,1380,364,1024,634,31.16798,,322.834656,55.77428,92,7.852,5.926,N,2.6956512,Calm
90.1,35.18362941,-97.44552842,1139,0.300000497,,-2.300003812,-1.700002818,4.5,-19.6,-17.3,2.319486263,1380,364,1024,634,32.152232,,322.834656,54.461944,92,7.852,5.926,N,2.6956512,Calm
90.2,35.18362954,-97.44553131,1140,0,,-2.500004144,-1.700002818,10.4,-16.7,-22,2.500004144,1542,435,364,959,34.120736,,322.834656,52.165356,92,7.852,5.926,N,2.6956512,Calm
90.3,35.18362931,-97.44553414,1140,-0.300000497,,-2.60000431,-1.500002486,16.1,-7.7,-17.6,2.617254689,1670,729,364,891,35.433072,,322.834656,49.868768,92,7.852,5.926,N,2.6956512,Calm
90.4,35.18362896,-97.4455376,1141,-0.500000829,,-2.500004144,-1.100001823,16.9,0.8,-16,2.549513824,1684,922,364,947,37.401576,,322.834656,46.916012,92,7.852,5.926,N,2.7984704,Calm
90.5,35.1836283,-97.4455402,1141,-0.70000116,,-2.400003978,-0.70000116,13.7,6.7,-16.4,2.500004144,1684,1024,364,937,38.713912,,322.834656,44.619424,92,7.852,5.926,N,2.7984704,Calm
90.6,35.18362751,-97.44554267,1141,-0.900001492,,-2.200003647,-0.400000663,7.4,14.5,-16.6,2.376976501,1684,1024,364,937,38.713912,,322.834656,41.994752,92,7.852,5.926,N,2.7984704,Calm
90.7,35.18362662,-97.44554492,1141,-0.900001492,,-1.900003149,0,2.1,19.2,-17,2.102383075,1271,1157,364,817,38.713912,,322.834656,39.698164,92,7.867,5.926,N,2.7984704,Calm
90.8,35.18362588,-97.4455468,1141,-0.900001492,,-1.600002652,0.300000497,0.4,20.3,-17.8,1.835758584,876,1024,364,868,38.713912,,322.834656,37.72966,92,7.867,5.926,N,2.7984704,Calm
90.9,35.1836251,-97.44554843,1141,-0.800001326,,-1.400002321,0.70000116,-0.4,19,-18.5,1.612454057,364,1024,364,947,37.401576,,322.834656,36.08924,92,7.867,5.926,N,2.8968192,Calm
91,35.18362444,-97.44554971,1141,-0.800001326,,-1.100001823,1.000001658,-1.4,14.2,-19.3,1.360149152,364,1024,518,953,35.433072,,322.834656,34.776904,92,7.867,5.926,N,2.8968192,Calm
91.1,35.1836238,-97.44555088,1140,-0.800001326,,-1.000001658,1.300002155,-1,6.9,-19,1.280626547,364,1024,518,953,34.120736,,322.834656,33.464568,92,7.867,5.926,N,2.8968192,Calm
91.2,35.18362302,-97.44555181,1140,-0.70000116,,-0.800001326,1.400002321,-1.6,-6,-19.2,1.063015969,364,1024,1024,1024,33.136484,,322.834656,32.152232,92,7.867,5.18,N,2.8968192,Calm
91.3,35.18362237,-97.44555273,1139,-0.800001326,,-0.900001492,1.300002155,-2,-16.2,-20,1.204161249,364,1024,1024,1024,33.136484,,322.834656,30.839896,92,7.867,5.18,N,2.8968192,Calm
91.4,35.18362138,-97.4455542,1139,-1.000001658,,-1.200001989,0.900001492,-4.9,-15,-18.9,1.562052085,364,1024,1024,1024,31.16798,,322.834656,28.871392,92,7.867,5.18,N,2.8968192,Calm
91.5,35.18362051,-97.44555568,1139,-1.000001658,,-1.500002486,0.500000829,-7.1,-12.5,-17.8,1.802778208,364,1024,1024,1024,31.16798,,322.834656,27.230972,92,7.867,5.18,N,2.8968192,Calm
91.6,35.18361937,-97.44555776,1139,-1.000001658,,-1.700002818,0.200000332,-6.4,-12.2,-18.4,1.972311422,364,1024,1024,1024,31.16798,,322.834656,24.934384,92,7.867,5.18,N,2.8968192,Calm
91.7,35.18361845,-97.44555974,1139,-1.100001823,,-1.900003149,0.100000166,-5.8,-12.8,-18.6,2.195453227,976,882,1114,1024,31.16798,,322.834656,22.96588,92,7.867,5.18,N,2.8968192,Calm
91.8,35.18361734,-97.44556208,1139,-1.100001823,,-2.100003481,0,-5.3,-11.7,-18.5,2.37065759,1684,737,1042,1024,31.16798,,322.834656,20.341208,92,7.867,5.18,N,2.9996384,Calm
91.9,35.18361648,-97.44556412,1139,-1.100001823,,-2.200003647,0,-4.6,-1.4,-18.6,2.459678454,1684,520,1024,597,31.16798,,322.834656,18.372704,92,7.867,5.18,N,2.9996384,Calm
92,35.18361539,-97.44556697,1139,-1.100001823,,-2.200003647,0,-2.7,11.5,-19.4,2.459678454,1684,451,1024,383,32.152232,,322.834656,16.076116,92,7.867,5.18,NW,2.9996384,Calm
92.1,35.18361443,-97.44556917,1139,-1.000001658,,-1.900003149,0,4,18.3,-22.7,2.147094228,1684,486,1024,482,32.152232,,322.834656,14.107612,92,7.867,5.18,NW,2.9996384,Calm
92.2,35.18361343,-97.44557114,1139,-1.000001658,,-1.500002486,0,13.1,17.4,-27.7,1.802778208,1684,488,1024,1024,32.152232,,322.834656,12.467192,92,7.859,5.18,NW,2.9996384,Calm
92.3,35.18361275,-97.44557215,1139,-1.100001823,,-1.000001658,0,18.4,15.9,-30.5,1.486609168,1684,491,1024,1024,32.152232,,322.834656,11.48294,92,7.859,5.18,NW,2.9996384,Calm
92.4,35.18361156,-97.44557286,1139,-1.300002155,,-0.600000995,0,15.4,16.8,-28.6,1.431784182,1684,497,1024,1024,31.16798,,322.834656,10.170604,92,7.859,5.18,NW,2.8968192,Calm
92.5,35.18361037,-97.44557314,1139,-1.400002321,,-0.100000166,0,6.8,14.7,-29.6,1.403568806,1684,603,1024,1024,29.855644,,322.834656,8.530184,92,7.859,5.18,NW,2.8968192,Calm
92.6,35.18360919,-97.44557311,1139,-1.400002321,,0.100000166,0,-1.9,17.2,-31.8,1.403568806,1684,618,928,1647,29.855644,,322.834656,7.217848,92,7.859,5.18,NW,2.8968192,Calm
92.7,35.18360781,-97.44557256,1139,-1.200001989,,0.400000663,0,-3.5,19.2,-31.9,1.264913091,1684,639,1024,1684,31.16798,,322.834656,5.577428,92,7.859,5.18,NW,2.8968192,Calm
92.8,35.18360678,-97.44557181,1139,-1.000001658,,0.600000995,0,-1.3,17.7,-24.4,1.166191907,1684,721,1066,1684,31.16798,,322.834656,4.593176,92,7.859,5.18,NW,2.8968192,Calm
92.9,35.18360595,-97.44557092,1139,-0.900001492,,0.900001492,0,2,14.5,-15.5,1.272793959,1529,833,1248,1684,31.16798,,322.834656,4.265092,92,7.859,5.18,NW,2.8968192,Calm
93,35.18360504,-97.44556951,1139,-1.000001658,,1.200001989,0,2.7,10.7,-7.7,1.562052085,1024,1024,1316,1684,31.16798,,322.834656,4.593176,92,7.859,5.18,NW,2.8968192,Calm
93.1,35.18360401,-97.44556788,1139,-1.100001823,,1.400002321,0,2.4,5.1,-0.3,1.780452136,1024,1024,1302,1684,32.152232,,322.834656,5.577428,92,7.859,5.18,NW,2.8968192,Calm
93.2,35.18360298,-97.44556625,1139,-1.200001989,,1.500002486,-0.200000332,2.1,-6.1,6.7,1.920940268,1024,1024,1226,1684,33.136484,,322.834656,7.217848,92,7.859,5.267,NW,2.8968192,Calm
93.3,35.18360188,-97.44556467,1139,-1.300002155,,1.300002155,-0.300000497,1.4,-12.3,14.1,1.838480611,1024,1024,1148,1684,33.136484,,322.834656,8.858268,92,7.859,5.267,NW,2.8968192,Calm
93.4,35.18360067,-97.44556325,1139,-1.300002155,,1.100001823,-0.300000497,-0.2,-14.7,22.2,1.702941212,1024,1024,1024,1163,34.120736,,322.834656,10.498688,92,7.859,5.267,NW,2.8968192,Calm
93.5,35.18359936,-97.44556222,1139,-1.300002155,,0.900001492,-0.100000166,-3.4,-17.9,30.9,1.58114114,1024,1024,1024,1163,34.120736,,322.834656,11.811024,92,7.859,5.267,NW,2.8968192,Calm
93.6,35.18359825,-97.44556134,1139,-1.100001823,,0.800001326,0,-4.7,-18.5,35.4,1.360149152,1024,1024,1024,1024,33.136484,,322.834656,13.12336,92,7.859,5.267,NW,2.9996384,Calm
93.7,35.18359742,-97.44556069,1139,-0.900001492,,0.600000995,0,-6.3,-16.8,32.7,1.081666925,1024,1024,1338,1024,33.136484,,322.834656,14.435696,92,7.859,5.267,NW,2.9996384,Calm
93.8,35.1835966,-97.44556007,1139,-0.800001326,,0.400000663,0,-5.9,-15.3,31.9,0.894428244,1024,1024,1433,1024,33.136484,,322.834656,15.419948,92,7.863,5.267,NW,2.9996384,Calm
93.9,35.18359612,-97.44555966,1139,-0.600000995,,0.300000497,-0.200000332,-5.4,-12.1,32.3,0.670821071,1024,1024,1248,1024,33.136484,,322.834656,16.076116,92,7.863,5.267,NW,2.9996384,Calm
94,35.18359566,-97.4455594,1139,-0.500000829,,0.200000332,-0.500000829,-5.7,-9.8,32.3,0.538517348,1024,1024,1113,1024,33.136484,,322.834656,16.4042,92,7.863,5.267,NW,2.9996384,Calm
94.1,35.18359527,-97.44555915,1139,-0.400000663,,0.100000166,-0.300000497,-6.4,-9.8,32.2,0.412310804,1024,1039,1024,1024,34.120736,,322.834656,16.732284,92,7.863,5.267,NW,2.9996384,Calm
94.2,35.18359485,-97.44555888,1140,-0.400000663,,0.100000166,0,-5,-10.3,31.8,0.412310804,1024,1406,1024,1024,34.120736,,322.834656,17.388452,92,7.863,5.787,NW,2.9996384,Calm
94.3,35.18359454,-97.44555866,1140,-0.300000497,,0.100000166,0,-3.8,-8.3,31.7,0.316228049,1024,1684,1024,1024,34.120736,,322.834656,17.716536,92,7.863,5.787,NW,2.9996384,Calm
94.4,35.18359426,-97.44555856,1140,-0.300000497,,0.100000166,0,-8.3,-5.8,32.1,0.316228049,1024,1684,1024,1024,34.120736,,322.834656,18.04462,92,7.863,5.787,NW,3.0979872,Calm
94.5,35.18359403,-97.44555835,1140,-0.200000332,,0.100000166,0,-16.9,-6.1,32.4,0.223606726,1024,1684,1024,1024,34.120736,,322.834656,18.372704,92,7.863,5.787,NW,3.0979872,Calm
94.6,35.18359398,-97.44555826,1140,0,,0.300000497,0,-18.6,-6.9,32.7,0.300000497,1024,1684,1024,1024,33.136484,,322.834656,18.372704,92,7.863,5.787,NW,3.0979872,Calm
94.7,35.18359406,-97.44555786,1140,0.200000332,,0.400000663,0,-18,-6.6,32.7,0.447213899,1024,1684,1024,1024,33.136484,,322.834656,18.700788,92,7.863,5.787,NW,3.0979872,Calm
94.8,35.1835945,-97.44555719,1140,0.400000663,,0.500000829,0,-18.5,-6.9,32.6,0.640313274,1024,1684,1024,1024,32.152232,,322.834656,19.028872,92,7.863,5.787,NW,3.0979872,Calm
94.9,35.18359496,-97.4455566,1140,0.600000995,,0.600000995,0,-18.1,-7.5,32.6,0.848529306,969,1684,1024,1024,32.152232,,322.834656,19.356956,92,7.863,5.787,NW,3.0979872,Calm
95,35.18359575,-97.44555578,1140,0.800001326,,0.70000116,0,-18.2,-6.7,32.5,1.063015969,732,1684,1024,1024,32.152232,,322.834656,19.356956,92,7.863,5.787,NW,3.0979872,Calm
95.1,35.18359662,-97.44555495,1140,1.000001658,,0.800001326,0,-18.8,-6.1,32.5,1.280626547,393,1684,1024,1024,32.152232,,322.834656,19.68504,92,7.863,5.787,NW,3.0979872,Calm
95.2,35.18359786,-97.44555387,1140,1.300002155,,0.900001492,0,-19.1,-6,32.5,1.58114114,364,1621,1024,1024,32.152232,,322.834656,20.341208,92,7.874,5.787,NW,3.0979872,Calm
95.3,35.18359912,-97.44555277,1140,1.500002486,,1.000001658,0,-17.6,-9.7,32.8,1.802778208,364,1608,1024,1024,32.152232,,322.834656,20.997376,92,7.874,5.787,NW,3.196336,Calm
95.4,35.1836008,-97.44555138,1140,1.700002818,,1.100001823,0,-13.9,-14.3,33,2.024848904,364,1608,1024,1024,32.152232,,322.834656,21.981628,92,7.874,5.787,NW,3.196336,Calm
95.5,35.18360229,-97.44555037,1140,1.900003149,,1.000001658,0,-11.7,-17,33.2,2.147094228,364,1619,1024,1024,33.136484,,322.834656,22.637796,92,7.874,5.787,NW,3.196336,Calm
95.6,35.1836043,-97.4455492,1140,2.100003481,,0.900001492,0,-11.7,-17,33.3,2.284735608,364,1684,1024,1024,32.152232,,322.834656,23.950132,92,7.874,5.787,NW,3.196336,Calm
95.7,35.18360621,-97.4455483,1140,2.200003647,,0.800001326,0,-11.6,-16.1,33.1,2.340943736,734,1684,1024,1024,32.152232,,322.834656,24.934384,92,7.874,5.787,NW,3.196336,Calm
95.8,35.18360815,-97.44554753,1140,2.400003978,,0.70000116,0,-11.9,-15.6,33.2,2.500004144,1024,1684,1024,1024,32.152232,,322.834656,26.24672,92,7.874,5.787,NW,3.196336,Calm
95.9,35.1836106,-97.44554682,1140,2.60000431,,0.600000995,0,-14.7,-14,33.7,2.668337056,1189,1684,1024,1024,32.152232,,322.834656,27.559056,92,7.874,5.787,NW,3.196336,Calm
96,35.18361303,-97.44554611,1140,2.700004476,,0.600000995,0,-17.2,-11.1,33.6,2.765867773,1210,1684,743,1024,32.152232,,322.834656,29.52756,92,7.874,5.787,NW,3.196336,Calm
96.1,35.1836155,-97.44554535,1140,2.900004807,,0.70000116,0,-18,-8.7,32.9,2.983291488,1058,1684,458,991,32.152232,,322.834656,31.496064,92,7.874,5.787,NW,3.196336,Calm
96.2,35.18361827,-97.44554441,1140,3.100005139,,0.800001326,0,-18.1,-8,32.9,3.201567262,1055,1684,500,1024,32.152232,,322.834656,33.792652,92,7.874,5.245,NW,3.196336,Calm
96.3,35.18362115,-97.44554338,1140,3.200005304,,0.900001492,0.200000332,-19.5,-8.3,33.1,3.324159488,1055,1684,500,1024,32.152232,,322.834656,36.745408,92,7.874,5.245,NW,3.196336,Calm
96.4,35.18362455,-97.44554211,1139,3.30000547,,1.000001658,0.500000829,-18.9,-8.1,32.9,3.448193419,1037,1684,1116,1024,31.16798,,322.834656,40.026248,92,7.874,5.245,NW,3.196336,Calm
96.5,35.18362747,-97.44554094,1139,3.400005636,,1.100001823,0.600000995,-17.4,-7,32.8,3.573519294,1024,1684,1520,880,31.16798,,322.834656,43.307088,92,7.874,5.245,NW,3.196336,Calm
96.6,35.18363062,-97.44553962,1139,3.600005967,,1.200001989,0.300000497,-16.7,-6.2,32.4,3.794739274,770,1684,1660,614,29.855644,,322.834656,46.916012,92,7.874,5.245,NW,3.196336,Calm
96.7,35.1836339,-97.4455382,1139,3.800006299,,1.300002155,0,-17.3,-7.7,31.4,4.016223453,516,1684,1498,364,29.855644,,322.834656,50.524936,92,7.786,5.245,NW,3.196336,Calm
96.8,35.18363765,-97.44553643,1139,4.00000663,,1.400002321,-0.200000332,-16.4,-10.8,26.9,4.237930706,364,1621,1302,364,29.855644,,322.834656,55.118112,92,7.786,5.245,NW,3.2991552,Calm
96.9,35.18364119,-97.44553491,1139,4.200006962,,1.400002321,-0.500000829,-11.9,-15,17.7,4.427195819,364,1648,1495,364,31.16798,,322.834656,59.383204,92,7.786,5.245,NW,3.2991552,Calm
97,35.183645,-97.44553346,1139,4.200006962,,1.200001989,-0.500000829,-10.4,-17.8,10.2,4.368072991,364,1684,1671,364,31.16798,,322.834656,63.648296,92,7.786,5.245,NW,3.2991552,Calm
97.1,35.18364857,-97.44553222,1140,4.200006962,,0.900001492,-0.600000995,-8.4,-17.6,2.3,4.295352994,364,1684,1592,364,32.152232,,322.834656,67.913388,92,7.786,5.245,NW,3.2991552,Calm
97.2,35.18365258,-97.44553143,1140,4.200006962,,0.500000829,-1.000001658,-8.5,-16.4,-4.8,4.229664043,364,1674,1445,364,32.152232,,322.834656,72.17848,92,7.786,6.738,NW,3.2991552,Calm
97.3,35.18365595,-97.44553122,1140,4.100006796,,0.100000166,-1.300002155,-11.9,-15.1,-11.6,4.101225874,364,1456,1024,364,34.120736,,322.834656,75.787404,92,7.786,6.738,NW,3.2991552,Calm
97.4,35.18365965,-97.44553125,1141,4.100006796,,-0.100000166,-1.200001989,-16.4,-14.5,-18.3,4.101225874,364,1227,785,518,35.433072,,322.834656,79.396328,92,7.786,6.738,NW,3.2991552,Calm
97.5,35.18366334,-97.44553169,1141,4.00000663,,-0.200000332,-0.800001326,-15.8,-14.9,-25.6,4.005003196,364,1024,1024,1024,35.433072,,322.834656,83.005252,92,7.786,6.738,NW,3.2991552,Calm
97.6,35.18366716,-97.44553234,1141,3.900006465,,-0.500000829,-0.500000829,-12.2,-16.1,-26.4,3.931926909,364,989,1024,1024,36.417324,,322.834656,86.614176,92,7.786,6.738,NW,3.2991552,Calm
97.7,35.18367062,-97.44553318,1141,3.800006299,,-0.70000116,-0.300000497,-9.3,-17.7,-24.9,3.86394196,364,880,1024,1024,36.417324,,322.834656,89.895016,92,7.786,6.738,NW,3.2991552,Calm
97.8,35.18367385,-97.44553427,1141,3.600005967,,-1.000001658,-0.200000332,-9,-17.6,-25.2,3.736314275,540,978,1024,1024,36.417324,,322.834656,92.847772,92,7.786,6.738,NW,3.2991552,Calm
97.9,35.18367638,-97.44553534,1142,3.400005636,,-1.200001989,0,-8.1,-18.1,-25.7,3.605556863,1024,1024,1024,1024,36.417324,,322.834656,95.472444,92,7.786,6.738,NW,3.2991552,Calm
98,35.1836798,-97.44553719,1142,3.200005304,,-1.500002486,0,-7.5,-17.9,-25.9,3.534125236,1005,1024,1024,1024,36.417324,,322.834656,98.4252,92,7.786,6.738,NW,3.2991552,Calm
98.1,35.18368244,-97.44553902,1142,3.000004973,,-1.800002984,0,-9.7,-17.5,-25.3,3.498576615,1024,1024,1024,1024,36.417324,,322.834656,100.721788,92,7.786,6.738,NW,3.2991552,Calm
98.2,35.18368521,-97.44554132,1142,2.900004807,,-2.000003315,0,-8.2,-18.6,-26,3.522788748,1058,963,1024,1024,36.417324,,322.834656,103.34646,92,7.786,6.738,NW,3.2991552,Calm
98.3,35.18368754,-97.44554373,1142,2.60000431,,-2.300003812,-0.100000166,-7.7,-18.3,-25.9,3.471316563,1024,966,629,1024,36.417324,,322.834656,105.314964,92,7.786,6.738,NW,3.2991552,Calm
98.4,35.18369019,-97.44554694,1142,2.500004144,,-2.500004144,0,-9.8,-17.9,-24.7,3.53553967,1024,1024,364,1024,36.417324,,322.834656,107.283468,92,7.786,6.738,NW,3.2991552,Calm
98.5,35.18369223,-97.4455498,1141,2.300003812,,-2.700004476,0.100000166,-7.2,-18.6,-25.3,3.54683503,1024,1024,364,1024,35.433072,,322.834656,109.251972,92,7.786,6.738,NW,3.2991552,Calm
98.6,35.18369394,-97.44555245,1141,2.200003647,,-2.800004641,0.400000663,-7.8,-18,-25.3,3.560904273,1024,1023,364,1024,35.433072,,322.834656,110.564308,92,7.786,6.738,NW,3.2991552,Calm
98.7,35.18369588,-97.44555552,1141,2.000003315,,-2.800004641,0.800001326,0.6,-12.1,-27.3,3.440935724,1024,1024,364,1033,34.120736,,322.834656,112.532812,92,7.878,6.738,NW,3.2991552,Calm
98.8,35.18369808,-97.44555898,1141,1.800002984,,-2.800004641,0.900001492,11,-1,-25.9,3.328668781,1024,1024,364,1030,34.120736,,322.834656,114.501316,92,7.878,6.738,NW,3.2991552,Calm
98.9,35.18369956,-97.44556186,1140,1.600002652,,-2.60000431,1.100001823,12.5,9.6,-24.4,3.05287237,1024,1024,1024,1024,33.136484,,322.834656,115.813652,92,7.878,6.738,NW,3.2991552,Calm
99,35.18370102,-97.44556455,1140,1.500002486,,-2.300003812,1.300002155,13.9,12.4,-25.1,2.745910566,1024,1024,1024,1024,32.152232,,322.834656,117.454072,92,7.878,6.738,NW,3.2991552,Calm
99.1,35.18370239,-97.44556661,1140,1.300002155,,-1.900003149,1.300002155,18.8,13.9,-24.8,2.302176427,1024,1024,1024,1024,31.16798,,322.834656,119.094492,92,7.878,6.738,NW,3.2991552,Calm
99.2,35.1837035,-97.44556838,1139,1.000001658,,-1.300002155,0.900001492,21.1,13.4,-24.1,1.640124492,1024,1024,1024,1024,29.855644,,322.834656,120.078744,92,7.878,4.652,NW,3.2991552,Calm
99.3,35.1837042,-97.44556948,1139,0.600000995,,-0.800001326,0.500000829,16.7,10.9,-25.3,1.000001658,1024,1184,1024,1024,28.871392,,322.834656,121.062996,92,7.878,4.652,NW,3.2991552,Calm
99.4,35.18370437,-97.44556991,1139,0.300000497,,-0.400000663,0.300000497,9.3,6.7,-26.7,0.500000829,1024,1382,1024,1024,28.871392,,322.834656,121.062996,92,7.878,4.652,NW,3.2991552,Calm
99.5,35.18370466,-97.44557024,1139,0.200000332,,-0.200000332,0.100000166,0.9,0.9,-27.3,0.282843102,1024,1349,1024,1024,28.871392,,322.834656,121.39108,92,7.878,4.652,NW,3.2991552,Calm
99.6,35.18370463,-97.44557024,1139,0.100000166,,-0.100000166,0.100000166,-6.9,-3,-27.2,0.141421551,1024,1024,1024,1024,29.855644,,322.834656,121.39108,92,7.878,4.652,NW,3.2991552,Calm
99.7,35.18370474,-97.44557038,1139,0.100000166,,-0.200000332,0,-8.7,-2.1,-26.5,0.223606726,1024,1024,1063,1024,29.855644,,322.834656,121.719164,92,7.878,4.652,NW,3.2991552,Calm
99.8,35.18370493,-97.44557062,1139,0.200000332,,-0.200000332,0,-5.8,-0.4,-26.8,0.282843102,977,1024,1149,1024,29.855644,,322.834656,121.719164,92,7.878,4.652,NW,3.2991552,Calm
99.9,35.18370499,-97.44557091,1139,0.200000332,,-0.200000332,0,-3.2,-0.7,-27,0.282843102,612,1024,1024,1024,31.16798,,322.834656,122.047248,92,7.878,4.652,NW,3.2991552,Calm
100,35.18370523,-97.44557116,1139,0.100000166,,-0.100000166,0,-2.8,-1.7,-27,0.141421551,454,1024,1024,1024,31.16798,,322.834656,122.047248,92,7.878,4.652,NW,3.2991552,Calm
100.1,35.18370535,-97.44557136,1139,0.100000166,,-0.100000166,0,-4.6,-6.6,-26.9,0.141421551,364,1024,1024,1024,31.16798,,322.834656,122.375332,92,7.878,4.652,NW,3.2991552,Calm
100.2,35.18370542,-97.44557155,1139,0.100000166,,-0.200000332,0,-4.6,-13,-26.8,0.223606726,364,1024,1024,1024,31.16798,,322.834656,122.375332,92,7.87,4.652,NW,3.196336,Calm
100.3,35.18370542,-97.44557187,1139,0,,-0.400000663,0,-3.8,-17.8,-26.3,0.400000663,364,1024,1024,1024,31.16798,,322.834656,122.375332,92,7.87,4.652,NW,3.2991552,Calm
100.4,35.18370522,-97.44557262,1139,-0.100000166,,-0.600000995,0,-5.5,-19.6,-25.8,0.608277046,364,1024,1024,1024,29.855644,,322.834656,122.047248,92,7.87,4.652,NW,3.2991552,Calm
100.5,35.18370499,-97.44557344,1139,-0.200000332,,-0.800001326,0,-5.3,-19.7,-25.7,0.824622054,364,1024,1024,1024,29.855644,,322.834656,121.719164,92,7.87,4.652,NW,3.196336,Calm
100.6,35.18370462,-97.44557468,1139,-0.400000663,,-1.000001658,0,-5.1,-19.7,-25.6,1.077034696,1024,1024,1024,1024,28.871392,,322.834656,121.39108,92,7.87,4.652,NW,3.196336,Calm
100.7,35.18370416,-97.44557608,1139,-0.500000829,,-1.300002155,0,-4.9,-17.2,-25.8,1.39284074,1024,1024,1024,1024,28.871392,,322.834656,121.062996,92,7.87,4.652,NW,3.196336,Calm
100.8,35.1837036,-97.44557777,1139,-0.600000995,,-1.500002486,0,-4.5,-6.7,-26.2,1.615552044,1024,1024,996,790,28.871392,,322.834656,120.406828,92,7.87,5.06,NW,3.196336,Calm
100.9,35.18370304,-97.44557946,1139,-0.600000995,,-1.500002486,0,-5.3,-0.7,-26.3,1.615552044,1024,1024,1004,698,28.871392,,322.834656,119.75066,92,7.87,5.06,NW,3.196336,Calm
101,35.18370256,-97.44558097,1139,-0.500000829,,-1.400002321,0,-3.6,2.2,-28.1,1.486609168,1024,1024,1024,693,29.855644,,322.834656,119.094492,92,7.87,5.06,NW,3.196336,Calm
101.1,35.18370209,-97.44558267,1139,-0.500000829,,-1.300002155,0,-0.8,8.4,-29.8,1.39284074,1024,1024,1024,599,31.16798,,322.834656,118.766408,92,7.87,5.06,NW,3.196336,Calm
101.2,35.18370183,-97.44558375,1139,-0.400000663,,-1.000001658,0,0.1,11.3,-31.8,1.077034696,1024,1024,1024,548,31.16798,,322.834656,118.438324,92,7.87,5.06,NW,3.196336,Calm
101.3,35.18370147,-97.44558474,1139,-0.300000497,,-0.800001326,0,0.8,10.6,-35.5,0.854401624,1024,1024,1024,505,29.855644,,322.834656,118.11024,92,7.87,5.06,NW,3.196336,Calm
101.4,35.18370122,-97.44558534,1139,-0.300000497,,-0.500000829,0,0.6,8.9,-39.9,0.58309573,1024,1024,1024,442,31.16798,,322.834656,117.782156,92,7.87,5.06,NW,3.0979872,Calm
101.5,35.18370096,-97.44558585,1139,-0.200000332,,-0.300000497,0,0.1,7.3,-44.4,0.360555642,1024,1024,1024,443,29.855644,,322.834656,117.782156,92,7.87,5.06,NW,3.0979872,Calm
101.6,35.18370074,-97.44558613,1139,-0.200000332,,-0.200000332,0,0,6,-50.5,0.282843102,1024,1024,1024,435,31.16798,,322.834656,117.454072,92,7.87,5.06,NW,3.0979872,Calm
101.7,35.18370058,-97.44558625,1139,-0.100000166,,0,0,-0.7,3.1,-56.4,0.100000166,1024,1024,1024,395,31.16798,,322.834656,117.125988,92,7.877,5.06,NW,3.0979872,Calm
101.8,35.1837004,-97.44558623,1139,-0.100000166,,0,0,-2.3,2.5,-62.3,0.100000166,1024,1024,1024,382,31.16798,,322.834656,117.125988,92,7.877,5.06,NW,3.0979872,Calm
101.9,35.18370024,-97.44558617,1139,-0.100000166,,0,0,-3.7,3.1,-69.4,0.100000166,1024,1024,1024,364,31.16798,,322.834656,116.797904,92,7.877,5.06,NW,3.0979872,Calm
102,35.18370008,-97.44558608,1139,-0.100000166,,0,0,-4.3,3.2,-76.8,0.100000166,1024,1024,1024,364,31.16798,,322.834656,116.46982,92,7.877,5.06,NW,3.0979872,Calm
102.1,35.18369994,-97.44558595,1139,-0.100000166,,0,0,-4.2,3.5,-84.3,0.100000166,1024,1024,1024,364,31.16798,,322.834656,116.46982,92,7.877,5.06,NW,3.0979872,Calm
102.2,35.18369983,-97.44558583,1139,-0.100000166,,0,0,-4.2,4.9,-91.7,0.100000166,1024,1024,1079,364,31.16798,,322.834656,116.46982,92,7.877,5.06,NW,3.0979872,Calm
102.3,35.1836997,-97.44558573,1139,-0.100000166,,0,0,-4.3,5.6,-99.1,0.100000166,1024,1024,1348,405,31.16798,,322.834656,116.141736,92,7.877,5.06,NW,3.196336,Calm
102.4,35.18369955,-97.44558566,1139,-0.100000166,,0,0,-4.2,4.5,-106.6,0.100000166,1024,1024,1393,506,31.16798,,322.834656,115.813652,92,7.877,5.06,NW,3.196336,Calm
102.5,35.18369941,-97.4455856,1139,-0.100000166,,0,-0.100000166,-3.9,2.7,-113.1,0.100000166,1024,1024,1432,526,31.16798,,322.834656,115.813652,92,7.877,5.06,NW,3.196336,Calm
102.6,35.18369919,-97.44558558,1139,-0.200000332,,0,-0.500000829,-1.8,6.5,-117,0.200000332,1024,1024,1427,570,31.16798,,322.834656,115.485568,92,7.877,5.06,NW,3.196336,Calm
102.7,35.18369894,-97.44558552,1139,-0.200000332,,0,-0.600000995,0.5,11.5,-119.8,0.200000332,1024,1024,1153,872,32.152232,,322.834656,115.157484,92,7.877,5.06,NW,3.196336,Calm
102.8,35.1836987,-97.44558551,1139,-0.100000166,,0,-0.800001326,1.3,10.5,-122.4,0.100000166,1024,1024,1024,1024,33.136484,,322.834656,114.8294,92,7.877,4.873,NW,3.196336,Calm
102.9,35.18369863,-97.44558548,1139,0,,0,-0.600000995,-2.1,8.4,-122.6,0,1024,1024,1024,1024,34.120736,,322.834656,114.8294,92,7.877,4.873,NW,3.196336,Calm
103,35.18369857,-97.44558552,1140,0,,0,-0.300000497,-0.9,9.6,-121.5,0,1024,1194,1024,1024,34.120736,,322.834656,114.8294,92,7.877,4.873,NW,3.2991552,Calm
103.1,35.18369848,-97.44558553,1140,0,,0,0,1.1,8.5,-120.9,0,1043,1434,1024,1024,34.120736,,322.834656,114.8294,92,7.877,4.873,NW,3.2991552,Calm
103.2,35.18369844,-97.4455855,1140,0,,0,-0.100000166,0.6,7.2,-121.5,0,1056,1499,1024,1024,34.120736,,322.834656,114.501316,92,7.877,4.873,NW,3.2991552,Calm
103.3,35.18369846,-97.44558541,1140,0,,0,0,-4.1,6.6,-121.8,0,1055,1538,1024,917,34.120736,,322.834656,114.501316,92,7.877,4.873,NW,3.397504,Calm
103.4,35.1836984,-97.44558528,1140,0,,0,0,-9.1,7.3,-122.1,0,1056,1611,1024,871,34.120736,,322.834656,114.501316,92,7.877,4.873,NW,3.397504,Calm
103.5,35.1836983,-97.44558531,1140,-0.100000166,,0,0,-11.4,8.2,-122.5,0.100000166,1088,1684,1154,790,33.136484,,322.834656,114.501316,92,7.877,4.873,NW,3.397504,Calm
103.6,35.18369806,-97.44558559,1140,-0.200000332,,-0.200000332,0,-12.9,9.2,-122.9,0.282843102,1107,1684,1185,600,33.136484,,322.834656,114.173232,92,7.877,4.873,NW,3.4958528,Calm
103.7,35.18369784,-97.44558591,1140,-0.300000497,,-0.400000663,0,-16.1,7.9,-124,0.500000829,1104,1680,980,648,33.136484,,322.834656,113.845148,92,7.861,4.873,NW,3.4958528,Calm
103.8,35.18369748,-97.4455865,1140,-0.400000663,,-0.600000995,0,-18.1,7.2,-126.6,0.721111283,1111,1657,866,574,33.136484,,322.834656,113.517064,91,7.861,5.327,NW,3.598672,Calm
103.9,35.18369682,-97.44558756,1140,-0.600000995,,-0.900001492,0,-18,7.5,-129.2,1.081666925,1097,1601,998,572,32.152232,,322.834656,112.860896,91,7.861,5.327,NW,3.598672,Calm
104,35.18369605,-97.44558877,1140,-0.800001326,,-1.100001823,0,-17.1,7.8,-131.7,1.360149152,1097,1601,998,572,32.152232,,322.834656,112.204728,91,7.861,5.327,NW,3.598672,Calm
104.1,35.18369509,-97.44559023,1140,-1.000001658,,-1.300002155,0,-15.1,6,-136.1,1.640124492,1093,1599,1024,807,32.152232,,322.834656,111.220476,91,7.861,5.327,NW,3.6970208,Calm
104.2,35.18369412,-97.44559174,1140,-1.300002155,,-1.400002321,0,-12.3,4.2,-137.3,1.910500096,1055,1571,1024,825,32.152232,,322.834656,110.236224,91,7.861,5.327,NW,3.6970208,Calm
104.3,35.18369286,-97.4455933,1140,-1.500002486,,-1.400002321,0,-10.3,6.8,-137,2.051831792,1024,1449,1024,842,32.152232,,322.834656,108.923888,91,7.861,5.327,NW,3.6970208,Calm
104.4,35.18369116,-97.44559521,1140,-1.600002652,,-1.500002486,0,-7.4,5.6,-136.8,2.193174664,1024,1111,1024,586,32.152232,,322.834656,107.283468,91,7.861,5.327,NW,3.6970208,Calm
104.5,35.18368968,-97.44559685,1140,-1.700002818,,-1.500002486,0,-3.3,6.8,-138.2,2.267160231,1024,1024,1024,546,31.16798,,322.834656,105.971132,91,7.861,5.327,NW,3.79984,Calm
104.6,35.18368825,-97.44559839,1140,-1.700002818,,-1.500002486,0,1.1,6.9,-142.6,2.267160231,1024,1024,1024,637,29.855644,,322.834656,104.658796,91,7.861,5.327,NW,3.79984,Calm
104.7,35.18368677,-97.44559994,1140,-1.700002818,,-1.400002321,0,1.6,4,-145.5,2.202275057,1024,1024,988,493,29.855644,,322.834656,103.34646,91,7.856,5.327,NW,3.79984,Calm
104.8,35.18368491,-97.44560176,1140,-1.800002984,,-1.300002155,0,8.2,3.6,-147.7,2.220363636,1024,1024,1014,500,29.855644,,322.834656,101.70604,91,7.856,5.327,NW,3.79984,Calm
104.9,35.18368345,-97.445603,1140,-1.700002818,,-1.100001823,0,17.5,2.1,-152.4,2.024848904,1024,1024,1011,493,29.855644,,322.834656,100.393704,91,7.856,5.327,NW,3.8981888,Calm
105,35.18368207,-97.44560409,1140,-1.500002486,,-0.900001492,0,19.1,0.3,-157.4,1.749288084,1024,1024,1006,466,28.871392,,322.834656,99.081368,91,7.856,5.327,NW,3.8981888,Calm
105.1,35.18368078,-97.44560504,1140,-1.200001989,,-0.600000995,0,16.6,-0.1,-161.9,1.34164259,1024,1024,1014,488,29.855644,,322.834656,97.769032,91,7.856,5.327,NW,3.9965376,Calm
105.2,35.18367966,-97.4456057,1140,-1.100001823,,-0.400000663,0,14,-0.1,-166.3,1.170471868,1024,1024,1023,488,29.855644,,322.834656,96.78478,91,7.856,5.327,NW,3.9965376,Calm
105.3,35.18367863,-97.445606,1140,-1.000001658,,-0.300000497,0,14,0.4,-171.4,1.044031968,1024,1024,1024,604,29.855644,,322.834656,95.800528,91,7.856,5.327,NW,3.9965376,Calm
105.4,35.18367786,-97.44560628,1140,-0.900001492,,-0.200000332,0,15.3,-0.6,-175.5,0.921955626,1024,1024,1024,643,29.855644,,322.834656,94.816276,91,7.856,5.327,NW,4.0993568,Calm
105.5,35.18367728,-97.44560644,1140,-0.70000116,,-0.100000166,0,14.1,-2.5,-177,0.707107755,1024,1281,1024,691,31.16798,,322.834656,94.160108,91,7.856,5.327,NW,4.0993568,Calm
105.6,35.18367668,-97.44560641,1140,-0.500000829,,0,0,10.5,0.5,-179,0.500000829,1110,1565,1024,806,31.16798,,322.834656,93.50394,91,7.856,5.327,NW,4.1977056,Calm
105.7,35.18367627,-97.44560638,1140,-0.500000829,,0,0,8.3,3.5,179.8,0.500000829,1085,1589,1024,1024,31.16798,,322.834656,93.175856,91,7.856,5.327,NW,4.1977056,Calm
105.8,35.18367582,-97.44560628,1140,-0.500000829,,0,0,4.1,4.3,179.5,0.500000829,1086,1640,1024,1024,31.16798,,322.834656,92.519688,91,7.856,5.509,NW,4.1977056,Calm
105.9,35.18367537,-97.44560625,1140,-0.500000829,,0,0,0.4,3.2,179.7,0.500000829,1086,1671,1024,1024,29.855644,,322.834656,92.191604,91,7.856,5.509,NW,4.1977056,Calm
106,35.1836748,-97.44560623,1140,-0.600000995,,0,0,-0.3,2.3,179.9,0.600000995,1087,1684,1024,1024,29.855644,,322.834656,91.535436,91,7.856,5.509,NW,4.1977056,Calm
106.1,35.18367415,-97.44560615,1140,-0.800001326,,0,0,-0.3,2.3,179.7,0.800001326,1088,1684,1024,1024,31.16798,,322.834656,90.551184,91,7.856,5.509,NW,4.1977056,Calm
106.2,35.18367329,-97.44560608,1140,-0.900001492,,0,0,-2.1,2,179.6,0.900001492,1078,1684,1024,1024,31.16798,,322.834656,89.566932,91,7.856,5.509,NW,4.2960544,Calm
106.3,35.18367241,-97.445606,1140,-1.000001658,,0.100000166,0,-4.4,2.2,179.8,1.004988836,1073,1684,1024,1024,31.16798,,322.834656,88.58268,91,7.856,5.509,NW,4.2960544,Calm
106.4,35.18367113,-97.44560576,1140,-1.200001989,,0.100000166,0,-5.4,2.6,179.9,1.204161249,1064,1684,1024,1024,31.16798,,322.834656,87.270344,91,7.856,5.509,NW,4.3988736,Calm
106.5,35.18366992,-97.44560556,1140,-1.400002321,,0.200000332,0,-6.8,4.3,179.5,1.41421551,1065,1684,1024,1024,31.16798,,322.834656,85.629924,91,7.856,5.509,NW,4.3988736,Calm
106.6,35.18366844,-97.44560527,1140,-1.600002652,,0.200000332,0,-9.8,4.5,179.3,1.612454057,1141,1684,1024,1024,31.16798,,322.834656,83.989504,91,7.856,5.509,NW,4.3988736,Calm
106.7,35.18366705,-97.44560505,1140,-1.900003149,,0.200000332,0,-10.8,6.1,179.4,1.910500096,1145,1684,1024,1024,31.16798,,322.834656,82.349084,91,7.856,5.509,NW,4.4972224,Calm
106.8,35.18366491,-97.44560471,1140,-2.100003481,,0.200000332,0,-8.6,5.7,179.4,2.109505763,1141,1684,1024,1024,32.152232,,322.834656,79.724412,91,7.874,5.124,NW,4.4972224,Calm
106.9,35.18366296,-97.4456045,1140,-2.300003812,,0.200000332,0,-8.6,3.9,179.4,2.308683094,1122,1684,1024,1024,32.152232,,322.834656,77.755908,91,7.874,5.124,NW,4.5955712,Calm
107,35.18366075,-97.44560427,1140,-2.500004144,,0.200000332,0,-10.4,5.8,179.2,2.507990961,1122,1684,1024,1024,33.136484,,322.834656,75.131236,91,7.874,5.124,NW,4.5955712,Calm
107.1,35.1836585,-97.445604,1140,-2.700004476,,0.200000332,0,-11.7,7,178.9,2.707401646,1024,1024,1024,802,33.136484,,322.834656,72.506564,91,7.874,5.124,NW,4.5955712,Calm
107.2,35.18365589,-97.44560375,1140,-2.900004807,,0.200000332,0,-8.7,7.5,178.7,2.906892799,1024,1024,1024,802,34.120736,,322.834656,69.553808,91,7.874,5.124,NW,4.6983904,Calm
107.3,35.18365329,-97.44560352,1140,-3.000004973,,0.200000332,0,2.3,7.7,179.2,3.006664081,1024,1024,1024,804,34.120736,,322.834656,66.601052,91,7.874,5.124,NW,4.6983904,Calm
107.4,35.1836501,-97.44560342,1140,-3.000004973,,0.100000166,0,7.7,6.1,178.9,3.001671091,1024,970,1024,941,34.120736,,322.834656,63.320212,91,7.874,5.124,NW,4.6983904,Calm
107.5,35.18364784,-97.44560324,1140,-2.900004807,,0.100000166,0,11.5,4.8,178.6,2.901728146,1024,1024,1024,877,35.433072,,322.834656,60.69554,91,7.874,5.124,NW,4.6983904,Calm
107.6,35.18364512,-97.44560314,1140,-2.700004476,,0.100000166,0,15,4.8,178.8,2.701855668,1024,1024,1024,648,34.120736,,322.834656,57.742784,91,7.874,5.124,NW,4.7967392,Calm
107.7,35.18364275,-97.445603,1140,-2.500004144,,0.100000166,0,13.2,5.3,178.2,2.502003307,1024,1024,1024,570,34.120736,,322.834656,55.446196,91,7.874,5.124,NW,4.7967392,Calm
107.8,35.18364076,-97.44560292,1140,-2.300003812,,0.100000166,0,10.8,3.8,175.1,2.302176427,1024,932,1011,655,35.433072,,322.834656,53.149608,91,7.874,5.124,NW,4.7967392,Calm
107.9,35.18363906,-97.44560292,1140,-2.200003647,,0,0,15.7,1.2,170.3,2.200003647,1495,727,831,949,35.433072,,322.834656,51.509188,91,7.874,5.124,NW,4.8995584,Calm
108,35.18363684,-97.44560287,1140,-2.000003315,,0,0,17.9,-0.4,169.6,2.000003315,1624,571,1024,1048,35.433072,,322.834656,49.2126,91,7.874,5.124,NW,4.8995584,Calm
108.1,35.18363528,-97.4456028,1140,-1.800002984,,0.100000166,0,17.4,3.1,171.6,1.802778208,1684,410,885,1085,35.433072,,322.834656,47.900264,91,7.874,5.124,NW,4.8995584,Calm
108.2,35.18363374,-97.44560268,1140,-1.500002486,,0.100000166,0,17.5,9,172.9,1.50333204,1684,364,573,1024,34.120736,,322.834656,46.259844,91,7.874,5.124,NW,4.9979072,Calm
108.3,35.18363233,-97.44560261,1140,-1.300002155,,0,0,16.4,11.7,172.9,1.300002155,1684,506,382,995,34.120736,,322.834656,44.947508,91,7.874,5.124,NW,4.9979072,Calm
108.4,35.18363119,-97.44560281,1140,-1.200001989,,-0.100000166,0.100000166,16.5,12,172.7,1.204161249,1472,661,919,1024,34.120736,,322.834656,43.963256,91,7.874,5.124,NW,4.9979072,Calm
108.5,35.18363022,-97.44560308,1140,-1.100001823,,-0.200000332,0.300000497,16.7,11,172.6,1.118035417,1024,942,1024,1024,33.136484,,322.834656,43.307088,91,7.874,5.124,NW,4.9979072,Calm
108.6,35.18362944,-97.44560347,1140,-0.900001492,,-0.400000663,0.100000166,14.8,9,172.2,0.984887235,913,1024,1024,1024,33.136484,,322.834656,42.65092,91,7.874,5.124,NW,5.096256,Calm
108.7,35.18362871,-97.44560406,1140,-0.70000116,,-0.500000829,0,11.9,6.7,171.6,0.860233708,1024,1024,1024,1024,33.136484,,322.834656,42.65092,91,7.874,5.124,NW,5.096256,Calm
108.8,35.18362816,-97.4456047,1140,-0.70000116,,-0.500000829,0,10.2,4.4,171.3,0.860233708,1024,1024,1024,1024,34.120736,,322.834656,42.65092,91,7.862,5.392,NW,5.096256,Calm
108.9,35.18362762,-97.4456053,1140,-0.600000995,,-0.500000829,0,9.8,4.3,171.2,0.781025819,1024,1024,1024,1024,34.120736,,322.834656,42.322836,91,7.862,5.392,NW,5.096256,Calm
109,35.18362704,-97.44560592,1140,-0.600000995,,-0.500000829,0,10,3,171.2,0.781025819,1024,1024,1024,1024,34.120736,,322.834656,42.322836,91,7.862,5.392,NW,5.1990752,Calm
109.1,35.18362662,-97.44560655,1140,-0.500000829,,-0.500000829,0,11.3,-1.4,170.7,0.707107755,1024,1024,1024,984,35.433072,,322.834656,42.65092,91,7.862,5.392,NW,5.1990752,Calm
109.2,35.18362614,-97.44560717,1140,-0.400000663,,-0.400000663,0,11.6,-3.8,170.5,0.565686204,1024,1024,1024,634,35.433072,,322.834656,42.65092,91,7.862,5.392,NW,5.1990752,Calm
109.3,35.18362577,-97.44560757,1140,-0.300000497,,-0.300000497,0,11.4,-3.7,170.3,0.424264653,1024,1024,1024,579,35.433072,,322.834656,42.65092,91,7.862,5.392,NW,5.1990752,Calm
109.4,35.18362543,-97.44560787,1140,-0.200000332,,-0.200000332,0,10.9,-2.4,167.8,0.282843102,1024,1024,1024,606,34.120736,,322.834656,42.65092,91,7.862,5.392,NW,5.1990752,Calm
109.5,35.18362521,-97.44560805,1140,-0.200000332,,-0.100000166,0,9.8,-1.7,164.5,0.223606726,1024,1024,1024,1024,34.120736,,322.834656,42.65092,91,7.862,5.392,NW,5.297424,Calm
109.6,35.18362505,-97.4456081,1140,-0.100000166,,0,0,9.4,-0.4,162.2,0.100000166,1024,1024,1024,791,35.433072,,322.834656,42.65092,91,7.862,5.392,NW,5.297424,Calm
109.7,35.18362491,-97.44560815,1140,-0.100000166,,0,0,9.1,-0.4,162.9,0.100000166,1024,1024,1024,499,35.433072,,322.834656,42.322836,91,7.862,5.392,NW,5.297424,Calm
109.8,35.18362483,-97.44560815,1140,0,,0,0,9.4,0,162.3,0,1024,1024,1024,551,35.433072,,322.834656,42.322836,91,7.861,5.392,NW,5.297424,Calm
109.9,35.18362479,-97.44560808,1140,0,,0,0,9,1.9,157.6,0,1024,1024,1024,482,35.433072,,322.834656,42.322836,91,7.861,5.392,NW,5.297424,Calm
110,35.18362476,-97.44560801,1140,0,,0,0,7.9,1.5,154,0,1024,1024,1033,750,35.433072,,322.834656,42.322836,91,7.861,5.392,NW,5.3957728,Calm
110.1,35.18362472,-97.4456079,1140,0,,0,0,8.8,2,149.8,0,1024,1024,1109,743,35.433072,,322.834656,41.994752,91,7.861,5.392,NW,5.3957728,Calm
110.2,35.18362469,-97.44560779,1140,0,,0,0,9.2,1.4,148.2,0,1024,1024,1111,875,35.433072,,322.834656,41.994752,91,7.861,5.392,NW,5.3957728,Calm
110.3,35.18362469,-97.44560772,1140,0,,0,0,8.4,2.5,147.9,0,1024,1024,1024,936,35.433072,,322.834656,41.994752,91,7.861,5.392,NW,5.3957728,Calm
110.4,35.18362469,-97.44560767,1140,0,,0,0,8.3,2.7,147.7,0,1024,926,1008,1024,35.433072,,322.834656,41.994752,91,7.861,5.392,NW,5.3957728,Calm
110.5,35.18362471,-97.44560766,1140,0,,0,0,9.1,0.7,147.6,0,1024,674,996,1024,35.433072,,322.834656,41.994752,91,7.861,5.392,NW,5.3957728,Calm
110.6,35.18362477,-97.44560764,1140,0,,0,0,6.7,1.3,147.6,0,1024,732,972,1024,35.433072,,322.834656,41.994752,91,7.861,5.392,NW,5.3957728,Calm
110.7,35.18362484,-97.44560763,1140,0,,0,0,8.2,2.9,147.8,0,1024,806,974,1024,35.433072,,322.834656,41.994752,91,7.861,5.392,NW,5.3957728,Calm
110.8,35.18362488,-97.44560761,1140,0,,0,0,10.7,2.1,147.7,0,1024,813,925,1024,35.433072,,322.834656,41.994752,91,7.861,5.212,NW,5.3957728,Calm
110.9,35.18362496,-97.44560766,1140,0.100000166,,0,0,10.8,1,147.6,0.100000166,1024,788,903,1024,35.433072,,322.834656,41.994752,91,7.861,5.212,NW,5.3957728,Calm
111,35.1836251,-97.44560773,1140,0.100000166,,0,0,9.1,1.2,147.6,0.100000166,1024,788,903,1024,35.433072,,322.834656,42.322836,91,7.861,5.212,NW,5.3957728,Calm
111.1,35.18362523,-97.44560782,1140,0.100000166,,0,0,8.9,1.4,147.6,0.100000166,1024,880,554,1024,35.433072,,322.834656,42.322836,91,7.861,5.212,NW,5.3957728,Calm
111.2,35.18362537,-97.44560792,1140,0.100000166,,0,0,8.7,1.2,147.7,0.100000166,1024,880,554,1024,35.433072,,322.834656,42.65092,91,7.861,5.212,NW,5.3957728,Calm
111.3,35.18362554,-97.44560803,1139,0.100000166,,0,0.100000166,10.2,1.6,147.7,0.100000166,1024,1024,524,1024,35.433072,,322.834656,42.979004,91,7.861,5.212,NW,5.297424,Calm
111.4,35.18362569,-97.44560811,1139,0.100000166,,0,0.400000663,10.3,1.4,147.7,0.100000166,1024,1024,525,1024,34.120736,,322.834656,42.979004,91,7.861,5.212,NW,5.297424,Calm
111.5,35.18362584,-97.44560821,1139,0.200000332,,0,0.800001326,8.2,1,147.8,0.200000332,1024,1024,500,1024,34.120736,,322.834656,43.307088,91,7.861,5.212,NW,5.297424,Calm
111.6,35.18362613,-97.44560828,1139,0.200000332,,0,0.900001492,5.3,1.8,147.7,0.200000332,1024,1024,478,1024,33.136484,,322.834656,43.635172,91,7.861,5.212,NW,5.297424,Calm
111.7,35.18362631,-97.44560837,1139,0.200000332,,0,1.000001658,3.9,1.4,147.9,0.200000332,1024,1024,472,1024,32.152232,,322.834656,43.635172,91,7.854,5.212,NW,5.1990752,Calm
111.8,35.18362647,-97.44560841,1138,0.100000166,,0,1.100001823,4.7,1.8,147.7,0.100000166,1024,1024,473,1024,31.16798,,322.834656,43.963256,91,7.854,4.601,NW,5.1990752,Calm
111.9,35.18362663,-97.44560842,1138,0.100000166,,0,1.200001989,4,2.1,147.9,0.100000166,1024,1024,477,1024,29.855644,,322.834656,43.963256,91,7.854,4.601,NW,5.1990752,Calm
112,35.18362677,-97.44560841,1137,0.100000166,,0,1.300002155,4.6,2.2,147.7,0.100000166,1024,1024,486,1024,28.871392,,322.834656,43.963256,91,7.854,4.601,NW,5.1990752,Calm
112.1,35.18362689,-97.4456084,1137,0.100000166,,0,1.200001989,2.7,1.4,147.6,0.100000166,1024,1024,887,1024,27.88714,,322.834656,44.29134,91,7.854,4.601,NW,5.096256,Calm
112.2,35.18362698,-97.44560835,1137,0,,0,1.200001989,2.7,4.8,147.1,0,1024,1024,1024,1024,26.902888,,322.834656,44.29134,91,7.854,4.601,NW,5.096256,Calm
112.3,35.18362696,-97.44560836,1136,0,,0,0.900001492,1.7,4.1,147,0,1024,1024,1024,1024,24.6063,,322.834656,44.29134,91,7.854,4.601,NW,5.096256,Calm
112.4,35.18362678,-97.44560844,1136,-0.100000166,,0,0.600000995,6.9,-1.4,147.2,0.100000166,1024,1024,1024,1024,24.6063,,322.834656,43.963256,91,7.854,4.601,NW,5.096256,Calm
112.5,35.18362672,-97.44560844,1136,0,,0,0.300000497,11.2,-1.6,147.2,0,1024,1024,1024,1024,24.6063,,322.834656,43.963256,91,7.854,4.601,NW,4.9979072,Calm
112.6,35.18362674,-97.44560848,1136,0.100000166,,0,0.100000166,8.9,1.8,147.5,0.100000166,1024,1024,1024,1024,23.622048,,322.834656,43.963256,91,7.854,4.601,NW,4.9979072,Calm
112.7,35.18362684,-97.44560855,1136,0.100000166,,0,0,5.8,2.5,147.6,0.100000166,1024,1024,1024,1024,24.6063,,322.834656,44.29134,91,7.804,4.601,NW,4.9979072,Calm
112.8,35.18362703,-97.44560852,1136,0.100000166,,0,0,3.4,2,147.3,0.100000166,1024,1024,1024,1024,24.6063,,322.834656,44.29134,91,7.804,4.601,NW,4.9979072,Calm
112.9,35.18362711,-97.44560854,1136,0,,0,0,2.1,1.1,147.4,0,1024,1024,1024,1024,24.6063,,322.834656,44.29134,91,7.804,4.601,NW,4.8995584,Calm
113,35.18362717,-97.44560847,1136,0,,0.100000166,0,3.8,2.5,147.6,0.100000166,1024,1024,1024,1024,24.6063,,322.834656,44.29134,91,7.804,4.601,NW,4.8995584,Calm
113.1,35.18362717,-97.44560824,1136,0,,0.100000166,0,5.2,3.8,148,0.100000166,1024,1024,1024,1024,24.6063,,322.834656,44.29134,91,7.804,4.601,NW,4.8995584,Calm
113.2,35.18362716,-97.44560804,1136,0,,0.100000166,0,4.8,3.8,147.6,0.100000166,1024,1024,1024,1024,24.6063,,322.834656,43.963256,91,7.804,4.601,NW,4.8995584,Calm
113.3,35.18362718,-97.4456079,1136,0,,0.100000166,0,4.3,5.7,147.5,0.100000166,1024,1024,1024,1024,24.6063,,322.834656,43.963256,91,7.804,4.601,NW,4.8995584,Calm
113.4,35.18362718,-97.44560779,1136,0,,0,0,5.2,6.2,147.7,0,1024,1024,1024,1024,24.6063,,322.834656,43.963256,91,7.804,4.601,NW,4.7967392,Calm
113.5,35.18362714,-97.44560773,1136,0,,0,0,5.6,4.4,147.7,0,1024,1024,1024,1024,24.6063,,322.834656,43.963256,91,7.804,4.601,NW,4.7967392,Calm
113.6,35.18362709,-97.44560772,1136,0,,0,0,4.7,2.5,147.4,0,1024,1024,1024,1024,24.6063,,322.834656,43.963256,91,7.804,4.601,NW,4.7967392,Calm
113.7,35.18362706,-97.44560769,1136,0,,0,0,4.5,2.6,147.4,0,1024,1024,1024,1024,24.6063,,322.834656,43.635172,91,7.804,4.601,NW,4.7967392,Calm
113.8,35.18362703,-97.4456077,1136,0,,0,0,5.2,2.5,147.6,0,1024,1024,1024,1024,24.6063,,322.834656,43.635172,91,7.804,5.94,NW,4.7967392,Calm
113.9,35.18362701,-97.44560768,1136,0,,0,0,4.9,3.4,147.5,0,1024,1024,1024,1024,24.6063,,322.834656,43.635172,91,7.804,5.94,NW,4.7967392,Calm
114,35.18362698,-97.44560768,1136,0,,0,0,4.2,2.7,147.5,0,1024,1024,1024,1024,24.6063,,322.834656,43.635172,91,7.804,5.94,NW,4.7967392,Calm
114.1,35.18362696,-97.44560769,1136,0,,0,0,4.7,2.7,147.5,0,1024,1024,1024,1024,24.6063,,322.834656,43.635172,91,7.804,5.94,NW,4.7967392,Calm
114.2,35.18362695,-97.4456077,1136,0,,0,0,5.1,2.4,147.7,0,1024,1024,1024,1024,24.6063,,322.834656,43.635172,91,7.804,5.94,NW,4.7967392,Calm
114.3,35.18362695,-97.4456077,1136,0,,0,0,4,2.9,147.6,0,1024,1024,1024,1024,24.6063,,322.834656,43.635172,91,7.804,5.94,NW,4.7967392,Calm
114.4,35.18362699,-97.44560769,1136,0,,0,0,3.5,3.4,147.6,0,1024,1024,1024,1024,24.6063,,322.834656,43.635172,91,7.804,5.94,NW,4.7967392,Calm
114.5,35.183627,-97.44560769,1136,0,,0,0,3.6,4,147.6,0,1024,1024,1024,1024,24.6063,,322.834656,43.635172,91,7.804,5.94,NW,4.7967392,Calm
114.6,35.18362696,-97.44560769,1136,0,,0,0,4,3.5,147.5,0,1024,1024,1024,1024,24.6063,,322.834656,43.635172,91,7.804,5.94,NW,4.6983904,Calm
114.7,35.18362693,-97.4456077,1136,0,,0,0,4.4,2.6,147.5,0,1024,1024,1024,1024,24.6063,,322.834656,43.635172,91,7.866,5.94,NW,4.6983904,Calm
114.8,35.18362692,-97.44560768,1136,0,,0,0,5.1,3.1,147.6,0,1024,1024,1024,1024,24.6063,,322.834656,43.635172,91,7.866,5.211,NW,4.6983904,Calm
114.9,35.18362691,-97.44560767,1136,0,,0,0,5.1,4,147.6,0,1024,1024,1024,1024,24.6063,,322.834656,43.635172,91,7.866,5.211,NW,4.6983904,Calm
115,35.18362692,-97.44560768,1136,0,,0,0,3.5,3.8,147.5,0,1024,1024,1024,1024,24.6063,,322.834656,43.635172,91,7.866,5.211,NW,4.6983904,Calm
115.1,35.18362689,-97.44560768,1136,0,,0,0,3.7,3.2,147.5,0,1024,1024,1024,1024,24.6063,,322.834656,43.635172,91,7.866,5.211,NW,4.6983904,Calm
115.2,35.18362685,-97.44560768,1136,0,,0,0,5.3,3.1,147.6,0,1024,1024,1024,1024,24.6063,,322.834656,43.635172,91,7.866,5.211,NW,4.6983904,Calm
115.3,35.1836268,-97.44560767,1136,0,,0,0,5.8,3,147.6,0,1024,1024,1024,1024,24.6063,,322.834656,43.635172,91,7.866,5.211,NW,4.6983904,Calm
115.4,35.18362675,-97.44560765,1136,0,,0,0,6.4,2.3,147.7,0,1024,1024,1024,1024,23.622048,,322.834656,43.635172,91,7.866,5.211,NW,4.6983904,Calm
115.5,35.18362671,-97.44560756,1136,0,,0,0,6.2,3.7,147.6,0,1024,1024,1024,1024,24.6063,,322.834656,43.307088,91,7.866,5.211,NW,4.5955712,Calm
115.6,35.18362668,-97.44560753,1136,0,,0,0,5.8,5,147.7,0,1024,1024,1024,1024,24.6063,,322.834656,43.307088,91,7.866,5.211,NW,4.5955712,Calm
115.7,35.18362666,-97.4456075,1136,0,,0,0,5.8,4,147.7,0,1024,1024,1024,1024,24.6063,,322.834656,43.307088,91,7.866,5.211,NW,4.5955712,Calm
115.8,35.18362665,-97.44560749,1136,0,,0,0,5.1,3.8,147.3,0,1024,1024,1024,1024,24.6063,,322.834656,43.307088,91,7.866,5.211,NW,4.5955712,Calm
115.9,35.18362662,-97.44560748,1136,0,,0,0,5.2,5,147.6,0,1024,1024,1024,1024,23.622048,,322.834656,43.307088,91,7.866,5.211,NW,4.5955712,Calm
116,35.18362654,-97.44560751,1136,0,,0,0,6.6,2.2,147.6,0,1024,1024,1024,1024,24.6063,,322.834656,43.307088,91,7.866,5.211,NW,4.5955712,Calm
116.1,35.1836265,-97.44560756,1136,0,,0,0,5.5,1.6,147.5,0,1024,1024,1024,1024,24.6063,,322.834656,43.307088,91,7.866,5.211,NW,4.5955712,Calm
116.2,35.18362651,-97.44560762,1136,0,,0,0,4.7,3,147.3,0,1024,1024,1024,1024,24.6063,,322.834656,43.307088,91,7.866,5.211,NW,4.5955712,Calm
116.3,35.18362649,-97.44560765,1136,0,,0,0,5.4,4.5,147.4,0,1024,1024,1024,1024,24.6063,,322.834656,43.307088,91,7.866,5.211,NW,4.5955712,Calm
116.4,35.18362645,-97.44560768,1136,0,,0,0,6,2.5,147.6,0,1024,1024,1024,1024,24.6063,,322.834656,43.307088,91,7.866,5.211,NW,4.5955712,Calm
116.5,35.18362642,-97.44560775,1136,0,,0,0,5.7,0.8,147.4,0,1024,1024,1024,1024,24.6063,,322.834656,43.307088,91,7.866,5.211,NW,4.5955712,Calm
116.6,35.18362641,-97.44560782,1136,0,,0,0,5.2,1.4,147.5,0,1024,1024,1024,1024,23.622048,,322.834656,43.307088,91,7.866,5.211,NW,4.5955712,Calm
116.7,35.18362637,-97.44560787,1136,0,,0,0,5.2,1.3,147.5,0,1024,1024,1024,1024,24.6063,,322.834656,43.307088,91,7.863,5.211,NW,4.5955712,Calm
116.8,35.18362634,-97.44560788,1136,0,,0,0,6.1,1,147.2,0,1024,1024,1024,1024,24.6063,,322.834656,43.307088,91,7.863,5.157,NW,4.5955712,Calm
116.9,35.18362631,-97.44560792,1136,0,,0,0,6.7,1.2,147.3,0,1024,1024,1024,1024,24.6063,,322.834656,43.307088,91,7.863,5.157,NW,4.5955712,Calm
117,35.18362631,-97.44560795,1136,0,,0,0,6.2,-0.1,147.5,0,1024,1024,1024,1024,24.6063,,322.834656,43.307088,91,7.863,5.157,NW,4.5955712,Calm
117.1,35.18362634,-97.44560792,1136,0,,0,0,4.7,1.9,147.4,0,1024,1024,1024,1024,24.6063,,322.834656,43.307088,91,7.863,5.157,NW,4.5955712,Calm
117.2,35.18362639,-97.44560789,1136,0,,0,0,4.3,4.1,147.4,0,1024,1024,1024,1024,24.6063,,322.834656,43.307088,91,7.863,5.157,NW,4.5955712,Calm
117.3,35.1836264,-97.44560792,1136,0,,0,0,4.4,3.1,147.6,0,1024,1024,1024,1024,24.6063,,322.834656,43.307088,91,7.863,5.157,NW,4.4972224,Calm
117.4,35.18362637,-97.44560803,1136,0,,0,0,4.7,0.6,147.5,0,1024,1024,1024,1024,24.6063,,322.834656,43.635172,91,7.863,5.157,NW,4.4972224,Calm
117.5,35.18362636,-97.4456081,1136,0,,0,0,4.7,-0.5,147.3,0,1024,1024,1024,1024,24.6063,,322.834656,43.635172,91,7.863,5.157,NW,4.4972224,Calm
117.6,35.18362636,-97.44560818,1136,0,,0,0,4.7,-0.7,147.3,0,1024,1024,1024,1024,24.6063,,322.834656,43.635172,91,7.863,5.157,NW,4.4972224,Calm
117.7,35.18362634,-97.44560822,1136,0,,0,0,5.7,-0.4,147.4,0,1024,1024,1024,1024,24.6063,,322.834656,43.635172,91,7.865,5.157,NW,4.3988736,Calm
117.8,35.18362635,-97.44560826,1136,0,,0,0,5.5,0.1,147.3,0,1024,1024,1024,1024,24.6063,,322.834656,43.635172,91,7.865,5.157,NW,4.3988736,Calm
117.9,35.18362639,-97.4456083,1136,0,,0,0,4.1,0.1,147.5,0,1024,1024,1024,1024,24.6063,,322.834656,43.635172,91,7.865,5.157,NW,4.3988736,Calm
118,35.18362642,-97.44560831,1136,0,,0,0,4,-0.3,147.4,0,1024,1024,1024,1024,24.6063,,322.834656,43.635172,91,7.865,5.157,NW,4.3988736,Calm
118.1,35.18362645,-97.4456083,1136,0,,0,0,4.7,1.2,147.4,0,1024,1024,1024,1024,24.6063,,322.834656,43.635172,91,7.865,5.157,NW,4.3988736,Calm
118.2,35.18362647,-97.44560826,1136,0,,0,0,4.7,1.2,147.5,0,1024,1024,1024,1024,24.6063,,322.834656,43.635172,91,7.865,5.157,NW,4.2960544,Calm
118.3,35.18362651,-97.44560826,1136,0,,0,0,4.2,0.9,147.4,0,1024,1024,1024,1024,24.6063,,322.834656,43.635172,91,7.865,5.157,NW,4.2960544,Calm
118.4,35.18362656,-97.44560821,1136,0,,0,0,3.8,1.3,147.4,0,1024,1024,1024,1024,24.6063,,322.834656,43.635172,91,7.865,5.157,NW,4.2960544,Calm
118.5,35.18362661,-97.44560818,1136,0,,0,0,3.8,2.2,147.5,0,1024,1024,1024,1024,24.6063,,322.834656,43.635172,91,7.865,5.157,NW,4.2960544,Calm
118.6,35.18362664,-97.44560814,1136,0,,0,0,3.5,1.7,147.5,0,1024,1024,1024,1024,24.6063,,322.834656,43.635172,91,7.865,5.157,NW,4.1977056,Calm
118.7,35.18362669,-97.44560807,1136,0,,0,0,3.5,2.5,147.4,0,1024,1024,1024,1024,24.6063,,322.834656,43.635172,91,7.865,5.157,NW,4.1977056,Calm
118.8,35.18362669,-97.44560801,1136,0,,0,0,4.6,3.1,147.5,0,1024,1024,1024,1024,24.6063,,322.834656,43.635172,91,7.865,5.158,NW,4.1977056,Calm
118.9,35.1836267,-97.44560795,1136,0,,0,0,5.3,2.7,147.6,0,1024,1024,1024,1024,24.6063,,322.834656,43.635172,91,7.865,5.158,NW,4.1977056,Calm
119,35.1836267,-97.44560789,1136,0,,0,0,5.1,2.4,147.5,0,1024,1024,1024,1024,24.6063,,322.834656,43.635172,91,7.865,5.158,NW,4.0993568,Calm
119.1,35.18362667,-97.4456078,1136,0,,0,0,5.7,3.1,147.7,0,1024,1024,1024,1024,24.6063,,322.834656,43.635172,91,7.865,5.158,NW,4.0993568,Calm
119.2,35.18362666,-97.44560772,1136,0,,0,0,6.1,3.5,147.6,0,1024,1024,1024,1024,24.6063,,322.834656,43.635172,91,7.865,5.158,NW,4.0993568,Calm
119.3,35.18362664,-97.44560766,1136,0,,0,0,5.4,3.3,147.5,0,1024,1024,1024,1024,24.6063,,322.834656,43.307088,91,7.865,5.158,NW,4.0993568,Calm
119.4,35.18362662,-97.44560763,1136,0,,0,0,5.5,2.5,147.6,0,1024,1024,1024,1024,24.6063,,322.834656,43.307088,91,7.865,5.158,NW,4.0993568,Calm
119.5,35.1836266,-97.4456076,1136,0,,0,0,6.4,2.5,147.6,0,1024,1024,1024,1024,23.622048,,322.834656,43.307088,91,7.865,5.158,NW,4.0993568,Calm
119.6,35.18362659,-97.44560759,1136,0,,0,0,5.8,2.6,147.6,0,1024,1024,1024,1024,23.622048,,322.834656,43.307088,91,7.865,5.158,NW,4.0993568,Calm
119.7,35.1836266,-97.44560756,1136,0,,0,0,5.1,3.3,147.5,0,1024,1024,1024,1024,23.622048,,322.834656,43.307088,91,7.863,5.158,NW,4.0993568,Calm
119.8,35.18362661,-97.4456075,1136,0,,0,0,5.5,3.7,147.6,0,1024,1024,1024,1024,23.622048,,322.834656,43.307088,91,7.863,5.217,NW,4.0993568,Calm
119.9,35.18362659,-97.44560747,1136,0,,0,0,6.2,2.9,147.6,0,1024,1024,1024,1024,23.622048,,322.834656,43.307088,91,7.863,5.217,NW,4.0993568,Calm
120,35.18362657,-97.44560745,1136,0,,0,0,6.1,3.2,147.6,0,1024,1024,1024,1024,23.622048,,322.834656,43.307088,91,7.863,5.217,NW,4.0993568,Calm
120.1,35.18362657,-97.44560743,1136,0,,0,0,5.3,3.3,147.6,0,1024,1024,1024,1024,23.622048,,322.834656,43.307088,91,7.863,5.217,NW,4.0993568,Calm
120.2,35.18362657,-97.44560739,1136,0,,0,0,5.8,3.8,147.6,0,1024,1024,1024,1024,24.6063,,322.834656,43.307088,91,7.863,5.217,NW,4.0993568,Calm
120.3,35.18362656,-97.44560736,1136,0,,0,0,6.4,3.8,147.7,0,1024,1024,1024,1024,24.6063,,322.834656,42.979004,91,7.863,5.217,NW,4.0993568,Calm
120.4,35.18362653,-97.4456073,1136,0,,0,0,7.1,4.4,147.6,0,1024,1024,1024,1024,24.6063,,322.834656,42.979004,91,7.863,5.217,NW,4.0993568,Calm
120.5,35.1836265,-97.44560727,1136,0,,0,0,6.8,3.9,147.6,0,1024,1024,1024,1024,24.6063,,322.834656,42.979004,91,7.863,5.217,NW,4.0993568,Calm
120.6,35.1836265,-97.44560728,1136,0,,0,0,6.5,2,147.6,0,1024,1024,1024,1024,24.6063,,322.834656,42.979004,91,7.863,5.217,NW,4.0993568,Calm
120.7,35.1836265,-97.44560727,1136,0,,0,0,5.7,3.5,147.8,0,1024,1024,1024,1024,23.622048,,322.834656,42.979004,91,7.863,5.217,NW,4.1977056,Calm
120.8,35.1836265,-97.44560726,1136,0,,0,0,6.2,4.7,148.3,0,1024,1024,1024,1024,24.6063,,322.834656,42.979004,91,7.863,5.217,NW,4.1977056,Calm
120.9,35.1836265,-97.44560728,1136,0,,0,0,6,3.8,148.2,0,1024,1024,1024,1024,24.6063,,322.834656,42.979004,91,7.863,5.217,NW,4.1977056,Calm
121,35.18362651,-97.44560729,1136,0,,0,0,6.3,3.9,148,0,1024,1024,1024,1024,24.6063,,322.834656,42.979004,91,7.863,5.217,NW,4.1977056,Calm
121.1,35.18362651,-97.44560731,1136,0,,0,0.100000166,6.6,3.4,148.2,0,1024,1024,1024,1024,23.622048,,322.834656,42.979004,91,7.863,5.217,NW,4.2960544,Calm
121.2,35.1836265,-97.44560733,1136,0,,0,0.100000166,5.8,3.6,147.9,0,1024,1024,1024,1024,23.622048,,322.834656,42.979004,91,7.863,5.217,NW,4.2960544,Calm
121.3,35.18362644,-97.44560734,1136,0,,0,0.100000166,5.7,3.2,147.9,0,1024,1024,1024,1024,23.622048,,322.834656,42.979004,91,7.863,5.217,NW,4.2960544,Calm
121.4,35.18362642,-97.44560737,1135,0,,0,0.100000166,5.7,3.2,147.8,0,1024,1024,1024,1024,23.622048,,322.834656,42.979004,91,7.863,5.217,NW,4.2960544,Calm
121.5,35.18362639,-97.4456074,1135,0,,0,0.100000166,5.7,3.3,147.9,0,1024,1024,1024,1024,23.622048,,322.834656,42.979004,91,7.863,5.217,NW,4.2960544,Calm
121.6,35.18362638,-97.4456075,1135,0,,0,0.100000166,5.6,2,147.9,0,1024,1024,1024,1024,23.622048,,322.834656,42.979004,91,7.863,5.217,NW,4.3988736,Calm
121.7,35.18362636,-97.44560759,1135,0,,0,0.200000332,5.8,0.7,147.8,0,1024,1024,1024,1024,22.309712,,322.834656,42.979004,91,7.863,5.217,NW,4.3988736,Calm
121.8,35.18362637,-97.44560767,1135,0,,0,0.200000332,5.5,0.7,147.8,0,1024,1024,1024,1024,22.309712,,322.834656,43.307088,90,7.863,5.205,NW,4.3988736,Calm
121.9,35.18362637,-97.44560775,1135,0,,0,0.200000332,5.1,1.4,147.8,0,1024,1024,1024,1024,22.309712,,322.834656,43.307088,90,7.863,5.205,NW,4.3988736,Calm
122,35.18362642,-97.4456078,1135,0,,0,0.100000166,4.7,1.5,147.9,0,1024,1024,1024,1024,22.309712,,322.834656,43.307088,90,7.863,5.205,NW,4.3988736,Calm
122.1,35.18362641,-97.44560789,1135,0,,0,0.200000332,5.5,1.1,148,0,1024,1024,1024,1024,22.309712,,322.834656,43.307088,90,7.863,5.205,NW,4.3988736,Calm
122.2,35.18362639,-97.44560793,1135,0,,0,0.200000332,4.9,0.4,147.9,0,1024,1024,1024,1024,22.309712,,322.834656,43.307088,90,7.863,5.205,NW,4.3988736,Calm
122.3,35.1836264,-97.44560799,1135,0,,0,0.100000166,3.6,0,147.9,0,1024,1024,1024,1024,21.32546,,322.834656,43.307088,90,7.863,5.205,NW,4.3988736,Calm
122.4,35.18362642,-97.44560801,1135,0,,0,0.100000166,3.6,0.8,147.9,0,1024,1024,1024,1024,21.32546,,322.834656,43.635172,90,7.863,5.205,NW,4.3988736,Calm
122.5,35.18362643,-97.44560802,1135,0,,0,0.100000166,4.6,0.9,147.8,0,1024,1024,1024,1024,21.32546,,322.834656,43.635172,90,7.863,5.205,NW,4.3988736,Calm
122.6,35.18362645,-97.44560812,1135,0,,0,0.200000332,4.4,0.7,147.9,0,1024,1024,1024,1024,21.32546,,322.834656,43.635172,90,7.863,5.205,NW,4.3988736,Calm
122.7,35.18362647,-97.44560816,1135,0,,0,0.200000332,3.7,0.6,147.9,0,1024,1024,1024,1024,21.32546,,322.834656,43.635172,90,7.863,5.205,NW,4.3988736,Calm
122.8,35.18362646,-97.44560818,1135,0,,0,0.100000166,3.8,1,147.8,0,1024,1024,1024,1024,20.341208,,322.834656,43.635172,90,7.867,5.121,NW,4.3988736,Calm
122.9,35.18362647,-97.44560819,1134,0,,0,0.200000332,3.8,1.3,147.7,0,1024,1024,1024,1024,20.341208,,322.834656,43.635172,90,7.867,5.121,NW,4.3988736,Calm
123,35.18362652,-97.44560816,1134,0,,0,0.200000332,4.5,1.3,147.9,0,1024,1024,1024,1024,20.341208,,322.834656,43.635172,90,7.867,5.121,NW,4.3988736,Calm
123.1,35.18362651,-97.44560814,1134,0,,0,0.200000332,5.4,1.5,147.8,0,1024,1024,1024,1024,20.341208,,322.834656,43.635172,90,7.867,5.121,NW,4.2960544,Calm
123.2,35.18362649,-97.44560806,1134,0,,0,0.200000332,6,2.4,147.8,0,1024,1024,1024,1024,20.341208,,322.834656,43.635172,90,7.867,5.121,NW,4.2960544,Calm
123.3,35.18362648,-97.44560802,1134,0,,0,0.200000332,5.7,2.2,147.9,0,1024,1024,1024,1024,19.356956,,322.834656,43.635172,90,7.867,5.121,NW,4.2960544,Calm
123.4,35.1836265,-97.44560797,1134,0,,0,0.100000166,4.9,2.3,147.8,0,1024,1024,1024,1024,19.356956,,322.834656,43.635172,90,7.867,5.121,NW,4.2960544,Calm
123.5,35.18362647,-97.44560796,1134,0,,0,0.100000166,5.1,1.5,147.9,0,1024,1024,1024,1024,19.356956,,322.834656,43.635172,90,7.867,5.121,NW,4.2960544,Calm
123.6,35.18362647,-97.44560798,1134,0,,0,0.100000166,5.9,0.3,147.9,0,1024,1024,1024,1024,19.356956,,322.834656,43.635172,90,7.867,5.121,NW,4.2960544,Calm
123.7,35.18362647,-97.44560796,1134,0,,0,0.200000332,5.2,1.4,147.9,0,1024,1024,1024,1024,19.356956,,322.834656,43.635172,90,7.867,5.121,NW,4.2960544,Calm
123.8,35.18362643,-97.44560794,1134,0,,0,0.200000332,5,1.2,147.9,0,1024,1024,1024,1024,19.356956,,322.834656,43.307088,90,7.867,5.121,NW,4.1977056,Calm
123.9,35.18362644,-97.44560792,1134,0,,0,0.200000332,5.2,1,147.8,0,1024,1024,1024,1024,18.04462,,322.834656,43.307088,90,7.867,5.121,NW,4.1977056,Calm
124,35.18362646,-97.44560788,1134,0,,0,0.200000332,5.1,2.2,148,0,1024,1024,1024,1024,18.04462,,322.834656,43.307088,90,7.867,5.121,NW,4.1977056,Calm
124.1,35.18362646,-97.44560781,1134,0,,0,0.200000332,5.2,2.3,147.9,0,1024,1024,1024,1024,18.04462,,322.834656,43.307088,90,7.867,5.121,NW,4.1977056,Calm
124.2,35.18362648,-97.44560778,1134,0,,0,0.200000332,5.2,2.5,148,0,1024,1024,1024,1024,18.04462,,322.834656,43.307088,90,7.867,5.121,NW,4.1977056,Calm
124.3,35.18362651,-97.44560772,1133,0,,0,0.200000332,5.4,3.1,148,0,1024,1024,1024,1024,18.04462,,322.834656,43.307088,90,7.867,5.121,NW,4.1977056,Calm
124.4,35.18362648,-97.44560774,1133,0,,0,0.100000166,4.5,2.6,148,0,1024,1024,1024,1024,17.060368,,322.834656,43.307088,90,7.867,5.121,NW,4.1977056,Calm
124.5,35.18362647,-97.44560774,1133,0,,0,0.100000166,4.8,2.1,147.9,0,1024,1024,1024,1024,17.060368,,322.834656,43.307088,90,7.867,5.121,NW,4.0993568,Calm
124.6,35.18362646,-97.44560782,1133,0,,0,0.100000166,5.6,1.4,147.8,0,1024,1024,1024,1024,17.060368,,322.834656,43.307088,90,7.867,5.121,NW,4.0993568,Calm
124.7,35.18362643,-97.44560784,1133,0,,0,0.200000332,5.8,0.7,147.8,0,1024,1024,1024,1024,17.060368,,322.834656,43.307088,90,7.867,5.121,NW,4.0993568,Calm
124.8,35.18362645,-97.44560787,1133,0,,0,0.200000332,5.9,1.5,147.7,0,1024,1024,1024,1024,17.060368,,322.834656,43.307088,90,7.867,5.117,NW,4.0993568,Calm
124.9,35.18362645,-97.44560788,1133,0,,0,0.200000332,5.4,1.4,147.7,0,1024,1024,1024,1024,16.076116,,322.834656,43.307088,90,7.867,5.117,NW,4.0993568,Calm
125,35.18362646,-97.44560789,1133,0,,0,0.100000166,4.3,2.1,147.8,0,1024,1024,1024,1024,16.076116,,322.834656,43.307088,90,7.867,5.117,NW,4.0993568,Calm
125.1,35.18362642,-97.44560787,1133,0,,0,0.100000166,4.2,1.7,147.9,0,1024,1024,1024,1024,16.076116,,322.834656,43.307088,90,7.867,5.117,NW,4.0993568,Calm
125.2,35.18362641,-97.44560785,1133,0,,0,0.100000166,4.5,-0.1,147.8,0,1024,1024,1024,1024,16.076116,,322.834656,43.307088,90,7.867,5.117,NW,4.0993568,Calm
125.3,35.1836264,-97.44560785,1133,0,,0,0.200000332,4.9,0.3,147.9,0,1024,1024,1024,1024,16.076116,,322.834656,43.307088,90,7.867,5.117,NW,4.0993568,Calm
125.4,35.18362642,-97.44560782,1133,0,,0,0.200000332,5.2,1.9,148,0,1024,1024,1024,1024,16.076116,,322.834656,43.307088,90,7.867,5.117,NW,4.0993568,Calm
125.5,35.18362645,-97.4456078,1133,0,,0,0.200000332,5.8,2,148,0,1024,1024,1024,1024,14.76378,,322.834656,43.307088,90,7.867,5.117,NW,3.9965376,Calm
125.6,35.18362649,-97.44560776,1133,0,,0,0.200000332,5,2.8,147.7,0,1024,1024,1024,1024,14.76378,,322.834656,43.307088,90,7.867,5.117,NW,3.9965376,Calm
125.7,35.18362652,-97.44560775,1133,0,,0,0.200000332,5.2,3.3,148,0,1024,1024,1024,1024,14.76378,,322.834656,43.307088,90,7.867,5.117,NW,3.9965376,Calm
125.8,35.18362654,-97.44560772,1132,0,,0,0.200000332,5.4,1.8,148,0,1024,1024,1024,1024,14.76378,,322.834656,43.307088,90,7.873,5.168,NW,3.9965376,Calm
125.9,35.18362656,-97.44560771,1132,0,,0,0.200000332,5.9,2.1,148,0,1024,1024,1024,1024,13.779528,,322.834656,43.307088,90,7.873,5.168,NW,3.9965376,Calm
126,35.18362662,-97.44560771,1132,0,,0,0.200000332,4.9,1.4,148,0,1024,1024,1024,1024,13.779528,,322.834656,43.307088,90,7.873,5.168,NW,3.9965376,Calm
126.1,35.18362666,-97.44560767,1132,0,,0,0.100000166,4.4,2.7,148,0,1024,1024,1024,1024,13.779528,,322.834656,43.307088,90,7.873,5.168,NW,3.9965376,Calm
126.2,35.18362672,-97.44560765,1132,0,,0,0.100000166,4.4,4.6,147.9,0,1024,1024,1024,1024,13.779528,,322.834656,43.307088,90,7.873,5.168,NW,3.9965376,Calm
126.3,35.18362671,-97.44560764,1132,0,,0,0.100000166,4.8,3.6,147.8,0,1024,1024,1024,1024,13.779528,,322.834656,43.307088,90,7.873,5.168,NW,3.9965376,Calm
126.4,35.1836266,-97.44560762,1132,0,,0,0.200000332,5.5,1,147.8,0,1024,1024,1024,1024,13.779528,,322.834656,43.307088,90,7.873,5.168,NW,3.9965376,Calm
126.5,35.18362657,-97.44560761,1132,0,,0,0.100000166,5.5,1.9,147.7,0,1024,1024,1024,1024,12.795276,,322.834656,43.307088,90,7.873,5.168,NW,3.9965376,Calm
126.6,35.18362655,-97.44560758,1132,0,,0,0.100000166,5.6,3,147.8,0,1024,1024,1024,1024,12.795276,,322.834656,43.307088,90,7.873,5.168,NW,3.9965376,Calm
126.7,35.18362648,-97.44560753,1132,0,,0,0.100000166,5.9,3.5,147.7,0,1024,1024,1024,1024,12.795276,,322.834656,43.307088,90,7.873,5.168,NW,3.9965376,Calm
126.8,35.18362644,-97.44560754,1132,0,,0,0.100000166,6.1,2.7,147.9,0,1024,1024,1024,1024,12.795276,,322.834656,43.307088,90,7.873,5.168,NW,3.9965376,Calm
126.9,35.1836264,-97.44560751,1132,0,,0,0.100000166,6.2,0.7,147.9,0,1024,1024,1024,1024,12.795276,,322.834656,42.979004,90,7.873,5.168,NW,3.9965376,Calm
127,35.18362635,-97.44560757,1132,0,,0,0.100000166,5.7,0,147.6,0,1024,1024,1024,1024,11.811024,,322.834656,42.979004,90,7.873,5.168,NW,3.9965376,Calm
127.1,35.18362632,-97.44560756,1132,0,,0,0.100000166,6.5,1.7,147.9,0,1024,1024,1024,1024,11.811024,,322.834656,42.979004,90,7.873,5.168,NW,3.9965376,Calm
127.2,35.18362628,-97.44560754,1131,0,,0,0.200000332,7.6,1.7,148.1,0,1024,1024,1024,1024,11.811024,,322.834656,42.979004,90,7.873,5.168,NW,3.9965376,Calm
127.3,35.18362628,-97.44560761,1131,0,,0,0.100000166,6.2,0.7,147.9,0,1024,1024,1024,1024,11.811024,,322.834656,42.979004,90,7.873,5.168,NW,3.9965376,Calm
127.4,35.18362625,-97.44560763,1131,0,,0,0.100000166,7,1.1,147.8,0,1024,1024,1024,1024,11.811024,,322.834656,42.979004,90,7.863,5.041,NW,4.0993568,Calm
127.5,35.1836262,-97.44560763,1131,0,,0,0.200000332,8.5,0.4,148,0,1024,1024,1024,1024,10.498688,,322.834656,42.979004,90,7.863,5.041,NW,4.0993568,Calm
127.6,35.18362615,-97.44560764,1131,0,,0,0.200000332,6.9,0,147.9,0,1024,1024,1024,1024,10.498688,,322.834656,42.979004,90,7.863,5.041,NW,4.0993568,Calm
127.7,35.18362617,-97.44560765,1131,0,,0,0.100000166,6.3,1.3,147.8,0,1024,1024,1024,1024,10.498688,,322.834656,42.979004,90,7.863,5.041,NW,4.0993568,Calm
127.8,35.18362618,-97.44560764,1131,0,,0,0.200000332,6.9,2.4,148,0,1024,1024,1024,1024,10.498688,,322.834656,42.979004,90,7.863,5.041,NW,4.0993568,Calm
127.9,35.18362618,-97.44560767,1131,0,,0,0.200000332,6.2,2.1,148,0,1024,1024,1024,1024,10.498688,,322.834656,42.979004,90,7.863,5.041,NW,4.0993568,Calm
128,35.18362617,-97.44560773,1131,0,,0,0.100000166,5.8,0.3,147.9,0,1024,1024,1024,1024,9.514436,,322.834656,42.979004,90,7.863,5.041,NW,4.0993568,Calm
128.1,35.18362614,-97.44560775,1131,0,,0,0.100000166,6.1,-0.4,147.8,0,1024,1024,1024,1024,9.514436,,322.834656,42.979004,90,7.863,5.041,NW,4.0993568,Calm
128.2,35.18362619,-97.44560771,1131,0,,0,0.100000166,6.5,0.1,147.8,0,1024,1024,1024,1024,9.514436,,322.834656,42.979004,90,7.863,5.041,NW,4.0993568,Calm
128.3,35.18362619,-97.44560771,1131,0,,0,0.100000166,6.4,1.1,147.8,0,1024,1024,1024,1024,9.514436,,322.834656,42.979004,90,7.863,5.041,NW,4.0993568,Calm
128.4,35.18362619,-97.44560769,1131,0,,0,0.100000166,6.4,1.5,147.9,0,1024,1024,1024,1024,9.514436,,322.834656,42.979004,90,7.863,5.041,NW,4.0993568,Calm
128.5,35.18362627,-97.44560769,1131,0,,0,0.200000332,6.5,1.5,147.8,0,1024,1024,1024,1024,8.530184,,322.834656,42.979004,90,7.863,5.041,NW,4.0993568,Calm
128.6,35.18362628,-97.44560768,1131,0,,0,0.100000166,6.5,1.2,147.8,0,1024,1024,1024,1024,8.530184,,322.834656,43.307088,90,7.863,5.041,NW,4.1977056,Calm
128.7,35.18362632,-97.44560766,1130,0,,0,0.200000332,6.7,1.3,147.9,0,1024,1024,1024,1024,8.530184,,322.834656,43.307088,90,7.873,5.041,NW,4.1977056,Calm
128.8,35.18362631,-97.44560767,1130,0,,0,0.200000332,6.7,1.8,148,0,1024,1024,1024,1024,8.530184,,322.834656,43.307088,90,7.873,5.041,NW,4.1977056,Calm
128.9,35.18362631,-97.44560766,1130,0,,0,0.100000166,6.6,1.4,148,0,1024,1024,1024,1024,8.530184,,322.834656,43.307088,90,7.873,5.041,NW,4.1977056,Calm
129,35.1836263,-97.44560761,1130,0,,0,0.200000332,6.6,1.1,147.9,0,1024,1024,1024,1024,7.217848,,322.834656,42.979004,90,7.873,5.041,NW,4.1977056,Calm
129.1,35.18362631,-97.4456076,1130,0,,0,0.200000332,6.6,1.1,147.8,0,1024,1024,1024,1024,7.217848,,322.834656,42.979004,90,7.873,5.041,NW,4.1977056,Calm
129.2,35.18362635,-97.44560759,1130,0,,0,0.200000332,5.9,1.8,147.8,0,1024,1024,1024,1024,7.217848,,322.834656,42.979004,90,7.873,5.041,NW,4.1977056,Calm
129.3,35.18362637,-97.44560755,1130,0,,0,0.200000332,5.3,2.5,147.9,0,1024,1024,1024,1024,7.217848,,322.834656,42.979004,90,7.873,5.041,NW,4.1977056,Calm
129.4,35.1836264,-97.44560755,1130,0,,0,0.200000332,5.3,2.3,148,0,1024,1024,1024,1024,7.217848,,322.834656,42.979004,90,7.873,5.02,NW,4.1977056,Calm
129.5,35.18362643,-97.44560755,1130,0,,0,0.100000166,5.6,1.9,147.9,0,1024,1024,1024,1024,6.233596,,322.834656,43.307088,90,7.873,5.02,NW,4.1977056,Calm
129.6,35.18362646,-97.44560755,1130,0,,0,0.100000166,5.7,2.1,147.9,0,1024,1024,1024,1024,6.233596,,322.834656,43.307088,90,7.873,5.02,NW,4.1977056,Calm
129.7,35.18362652,-97.4456076,1130,0,,0,0.200000332,5.5,1.9,147.9,0,1024,1024,1024,1024,6.233596,,322.834656,43.307088,90,7.873,5.02,NW,4.1977056,Calm
129.8,35.18362655,-97.44560757,1130,0,,0,0.100000166,4.9,1.9,147.9,0,1024,1024,1024,1024,6.233596,,322.834656,43.307088,90,7.873,5.02,NW,4.1977056,Calm
129.9,35.18362657,-97.44560757,1130,0,,0,0.200000332,5.5,1.8,147.9,0,1024,1024,1024,1024,6.233596,,322.834656,43.307088,90,7.873,5.02,NW,4.1977056,Calm
130,35.18362661,-97.44560757,1130,0,,0,0.200000332,5.4,2.3,148,0,1024,1024,1024,1024,5.249344,,322.834656,43.307088,90,7.873,5.02,NW,4.1977056,Calm
130.1,35.18362666,-97.44560756,1129,0,,0,0.100000166,4.7,2.5,148,0,1024,1024,1024,1024,5.249344,,322.834656,43.307088,90,7.873,5.02,NW,4.2960544,Calm
130.2,35.1836267,-97.44560756,1129,0,,0,0.100000166,4.8,2,147.8,0,1024,1024,1024,1024,5.249344,,322.834656,43.307088,90,7.873,5.02,NW,4.2960544,Calm
130.3,35.1836267,-97.44560758,1129,0,,0,0.100000166,5.3,2.1,147.9,0,1024,1024,1024,1024,5.249344,,322.834656,43.307088,90,7.873,5.02,NW,4.2960544,Calm
130.4,35.1836267,-97.4456076,1129,0,,0,0.200000332,6.1,1.5,147.8,0,1024,1024,1024,1024,5.249344,,322.834656,43.307088,90,7.872,5.02,NW,4.2960544,Calm
130.5,35.18362666,-97.44560762,1129,0,,0,0.200000332,5.9,2,147.8,0,1024,1024,1024,1024,4.265092,,322.834656,43.307088,90,7.872,5.02,NW,4.2960544,Calm
130.6,35.1836266,-97.44560767,1129,0,,0,0.100000166,5.4,1.1,147.9,0,1024,1024,1024,1024,4.265092,,322.834656,43.307088,90,7.872,5.02,NW,4.2960544,Calm
130.7,35.18362659,-97.4456077,1129,0,,0,0.200000332,5.3,0.9,147.7,0,1024,1024,1024,1024,4.265092,,322.834656,43.307088,90,7.872,5.02,NW,4.2960544,Calm
130.8,35.18362657,-97.44560774,1129,0,,0,0.200000332,5.1,1.2,147.7,0,1024,1024,1024,1024,4.265092,,322.834656,43.307088,90,7.872,5.02,NW,4.1977056,Calm
130.9,35.18362661,-97.44560783,1129,0,,0,0.100000166,4.7,1.1,147.8,0,1024,1024,1024,1024,4.265092,,322.834656,43.635172,90,7.872,5.02,NW,4.1977056,Calm
131,35.18362666,-97.44560783,1129,0,,0,0.100000166,4.8,0.7,147.8,0,1024,1024,1024,1024,2.952756,,322.834656,43.635172,90,7.872,5.02,NW,4.1977056,Calm
131.1,35.18362665,-97.44560784,1129,0,,0,0.200000332,5.6,0.7,147.9,0,1024,1024,1024,1024,2.952756,,322.834656,43.635172,90,7.872,5.02,NW,4.1977056,Calm
131.2,35.18362666,-97.44560784,1129,0,,0,0.200000332,5.6,1.6,147.8,0,1024,1024,1024,1024,2.952756,,322.834656,43.635172,90,7.872,5.02,NW,4.1977056,Calm
131.3,35.18362665,-97.4456078,1129,0,,0,0.100000166,4.9,1.5,148,0,1024,1024,1024,1024,2.952756,,322.834656,43.635172,90,7.872,5.02,NW,4.1977056,Calm
131.4,35.18362666,-97.44560782,1129,0,,0,0.100000166,4.8,1.2,148,0,1024,1024,1024,1024,2.952756,,322.834656,43.635172,90,7.872,5.065,NW,4.1977056,Calm
131.5,35.18362668,-97.44560784,1129,0,,0,0.100000166,4.8,1.3,148,0,1024,1024,1024,1024,1.968504,,322.834656,43.635172,90,7.872,5.065,NW,4.1977056,Calm
131.6,35.18362669,-97.44560788,1129,0,,0,0.100000166,4.7,1.2,148,0,1024,1024,1024,1024,1.968504,,322.834656,43.635172,90,7.872,5.065,NW,4.1977056,Calm
131.7,35.18362669,-97.44560789,1129,0,,0,0.200000332,4.7,1.4,147.8,0,1024,1024,1024,1024,1.968504,,322.834656,43.635172,90,7.872,5.065,NW,4.1977056,Calm
131.8,35.18362673,-97.44560791,1129,0,,0,0.200000332,4.4,0.9,147.7,0,1024,1024,1024,1024,1.968504,,322.834656,43.635172,90,7.879,5.065,NW,4.1977056,Calm
131.9,35.1836267,-97.44560792,1129,0,,0,0.200000332,5.2,1,147.7,0,1024,1024,1024,1024,1.968504,,322.834656,43.635172,90,7.879,5.065,NW,4.1977056,Calm
132,35.18362667,-97.44560792,1129,0,,0,0.200000332,6.3,0.9,147.9,0,1024,1024,1024,1024,1.968504,,322.834656,43.635172,90,7.879,5.065,NW,4.0993568,Calm
132.1,35.18362663,-97.44560793,1128,0,,0,0.200000332,6.1,1,147.9,0,1024,1024,1024,1024,0.984252,,322.834656,43.635172,90,7.879,5.065,NW,4.0993568,Calm
132.2,35.18362663,-97.44560799,1128,0,,0,0.200000332,4.7,-0.3,147.7,0,1024,1024,1024,1024,0.984252,,322.834656,43.635172,90,7.879,5.065,NW,4.0993568,Calm
132.3,35.18362669,-97.44560807,1128,0,,0,0.100000166,5.1,-0.4,147.6,0,1024,1024,1024,1024,0.984252,,322.834656,43.635172,90,7.879,5.065,NW,4.0993568,Calm
132.4,35.18362675,-97.44560812,1128,0,,0,0.100000166,5,0.8,147.8,0,1024,1024,1024,1024,0.984252,,322.834656,43.963256,90,7.879,5.087,NW,4.0993568,Calm
132.5,35.18362683,-97.44560815,1128,0,,0,0.100000166,2.7,1.3,148,0,1024,1024,1024,1024,0.984252,,322.834656,43.963256,90,7.879,5.087,NW,4.0993568,Calm
132.6,35.18362695,-97.44560812,1128,0,,0,0.100000166,2,1.2,148,0,1024,1024,1024,1024,0.984252,,322.834656,43.963256,90,7.879,5.087,NW,3.9965376,Calm
132.7,35.18362702,-97.44560814,1128,0,,0,0.100000166,1,1.1,147.9,0,1024,1024,1024,1024,0,,322.834656,43.963256,90,7.879,5.087,NW,3.9965376,Calm
132.8,35.18362704,-97.4456081,1128,0,,0,0.100000166,0.8,1.2,148,0,1024,1024,1024,1024,0,,322.834656,43.963256,90,7.879,5.087,NW,3.9965376,Calm
132.9,35.18362706,-97.44560808,1128,0,,0,0,-2.1,0.7,147.6,0,1024,1024,1024,1024,0,,322.834656,43.963256,90,7.879,5.087,NW,3.8981888,Calm
133,35.18362704,-97.44560803,1128,0,,0,0,-1,0.6,147.6,0,1024,1024,1024,1024,0,,322.834656,43.963256,90,7.879,5.087,NW,3.6970208,Calm
133.1,35.18362698,-97.44560798,1128,0,,0,0,-1.3,0.4,147.4,0,1024,1024,1024,1024,0,,322.834656,43.963256,90,7.879,5.087,NW,3.397504,Calm
133.2,35.18362697,-97.44560801,1128,0,,0,0,-1.3,0.4,147.3,0,1024,1024,1024,1024,0,,322.834656,43.963256,90,7.879,5.087,NW,3.0979872,Calm
133.3,35.18362696,-97.445608,1128,0,,0,0,-1.3,0.4,147.3,0,1024,1024,1024,1024,0,,322.834656,43.963256,90,7.879,5.087,NW,2.9996384,Calm
133.4,35.18362699,-97.445608,1128,0,,0,0,-1.3,0.4,147.3,0,1024,1024,1024,1024,0,,322.834656,43.963256,90,7.948,5.087,NW,2.7984704,Calm
133.5,35.18362698,-97.44560799,1128,0,,0,0,-1.3,0.4,147.3,0,1024,1024,1024,1024,0,,322.834656,43.963256,90,7.948,5.087,NW,2.3961344,Calm
133.6,35.18362699,-97.445608,1128,0,,0,0,-1.3,0.4,147.3,0,1024,1024,1024,1024,0,,322.834656,43.963256,90,7.948,5.087,NW,2.45872,Calm
