OSD.flyTime [s],OSD.latitude,OSD.longitude,OSD.altitude [m],Convert MPH to m/s,OSD.xSpeed [m/s],OSD.ySpeed [m/s],OSD.zSpeed [m/s],OSD.roll,OSD.pitch,OSD.yaw,OSD.hSpeed [m/s],RC.aileron,RC.elevator,RC.throttle,RC.rudder,Convert ft to m,OSD.vpsHeight [m],HOME.distance [m],BATTERY.chargeLevel,BATTERY.voltage [V],BATTERY.current [A],WEATHER.windDirection,WEATHER.windSpeed [m/s],WEATHER.windStrength
0,32.82455177,-95.30655847,420,0.44704,0,0,0,-0.3,-0.5,97.8,0,1024,1024,1024,1024,3.28084,0.984252,0,93,8.109,0.913,N,0.0983488,Calm
0.1,32.82455178,-95.3065585,420,,0,0,0,-0.3,-0.5,97.8,0,1024,1024,1024,1024,,0.984252,0,93,8.109,0.913,N,0.0983488,Calm
0.2,32.82455179,-95.30655849,420,,0,0,0,-0.3,-0.5,97.8,0,1024,1024,1024,1024,,0.984252,0,93,8.109,0.913,N,0.0983488,Calm
0.3,32.8245518,-95.30655847,420,,0,0,0,-0.3,-0.5,97.8,0,1024,1024,1024,1024,,0.984252,0,93,8.109,0.913,N,0.0983488,Calm
0.4,32.82455181,-95.30655846,420,,0,0,0,-0.2,-0.5,97.8,0,1024,1024,1024,1024,,0.984252,0,93,8.109,0.913,N,0.0983488,Calm
0.5,32.82455181,-95.30655845,420,,0,0,0,-0.3,-0.5,97.8,0,1024,1024,1024,1024,,0.984252,0,93,8.029,0.913,N,0.0983488,Calm
0.6,32.82455181,-95.30655844,420,,0,0,0,-0.3,-0.5,97.8,0,1024,1024,1024,1024,,0.984252,0,93,8.029,0.913,N,0.0983488,Calm
0.7,32.8245518,-95.30655845,420,,0,0,0,-0.3,-0.5,97.8,0,1024,1024,1024,1024,,0.984252,0,93,8.029,0.913,N,0.0983488,Calm
0.8,32.82455176,-95.30655852,420,,0,0,0,-0.3,-0.5,97.8,0,1024,1024,1024,1024,,0.984252,0,93,8.029,0.913,N,0.0983488,Calm
0.9,32.82455181,-95.30655847,420,,0,0,0,-0.2,-0.5,97.8,0,1024,1024,1024,1024,,0.984252,0,93,8.029,0.913,N,0.0983488,Calm
1,32.8245518,-95.30655848,420,,0,0,0,-0.3,-0.5,97.8,0,1024,1024,1024,1024,,0.984252,0,93,8.029,0.913,N,0.0983488,Calm
1.1,32.82455181,-95.30655844,420,,0,0,0,-0.3,-0.5,97.8,0,1024,1024,1024,1024,,0.984252,0,93,8.029,0.913,N,0.0983488,Calm
1.2,32.82455181,-95.30655844,420,,0,0,0,-0.2,-0.5,97.8,0,1024,1024,1024,1024,,0.984252,0,93,8.029,0.913,N,0.0983488,Calm
1.3,32.82455183,-95.30655844,420,,0,0,0,-0.2,-0.5,97.8,0,1024,1024,1024,1024,,0.984252,0,93,8.029,0.913,N,0.0983488,Calm
1.4,32.82455182,-95.30655844,420,,0,0,0,-0.3,-0.5,97.8,0,1024,1024,1024,1024,,0.984252,0,93,8.029,0.913,N,0.0983488,Calm
1.5,32.82455181,-95.30655844,420,,0,0,0,-0.3,-0.5,97.8,0,1024,1024,1024,1024,,0.984252,0,93,8.029,2.273,N,0.0983488,Calm
1.6,32.82455181,-95.30655844,420,,0,0,0,-0.2,-0.5,97.8,0,1024,1024,1024,1024,,0.984252,0,93,8.029,2.273,N,0.0983488,Calm
1.7,32.82455181,-95.30655845,420,,0,0,0,-0.3,-0.5,97.8,0,1024,1024,1024,1024,,0.984252,0,93,8.029,2.273,N,0.0983488,Calm
1.8,32.82455181,-95.30655845,420,,0,0,0,-0.2,-0.5,97.8,0,1024,1024,1024,1024,,0.984252,0,93,8.029,2.273,N,0.0983488,Calm
1.9,32.82455182,-95.30655844,420,,0,0,0,-0.2,-0.5,97.8,0,1024,1024,1024,1024,,0.984252,0,93,8.029,2.273,N,0.0983488,Calm
2,32.82455182,-95.30655844,420,,0,0,0,-0.2,-0.5,98.2,0,1024,1024,1024,1024,,0.984252,0,93,8.029,2.273,N,0.0983488,Calm
2.1,32.82455181,-95.30655843,420,,0,0,0,-0.8,-1.5,97.7,0,1024,1024,1024,1024,,0.984252,0,93,8.029,2.273,N,0.0983488,Calm
2.2,32.82455177,-95.30655839,420,,0,0,-0.100000166,-0.7,-1.5,96.7,0,1024,1024,1024,1024,,0.984252,0,93,7.99,2.273,N,0.0983488,Calm
2.3,32.82455169,-95.30655835,420,,0,0,-0.400000663,-0.8,0.4,97.5,0,1024,1024,1024,1024,,0.984252,0.328084,93,7.99,2.273,N,0.0983488,Calm
2.4,32.82455161,-95.30655826,420,,0,0,-0.500000829,0.3,0.8,97.7,0,1024,1024,1024,1024,,0.984252,0.328084,93,7.99,2.273,N,0.0983488,Calm
2.5,32.82455151,-95.30655822,420,,-0.100000166,0,-0.600000995,0,1.4,97.9,0.100000166,1024,1024,1024,1024,,1.968504,0.328084,93,7.99,4.137,N,0.0983488,Calm
2.6,32.82455139,-95.30655818,421,,-0.100000166,0,-0.500000829,-1.2,0.7,98,0.100000166,1024,1024,1024,1024,,2.952756,0.328084,93,7.99,4.137,N,0.0983488,Calm
2.7,32.82455133,-95.3065581,421,,-0.100000166,0,-0.500000829,-2.2,0.2,97.9,0.100000166,1024,1024,1024,1024,,2.952756,0.328084,93,7.99,4.137,N,0.0983488,Calm
2.8,32.82455118,-95.30655808,421,,-0.100000166,0,-0.500000829,-2,0.8,97.8,0.100000166,1024,1024,1024,1024,,4.265092,0.656168,93,7.99,4.137,N,0.0983488,Calm
2.9,32.82455099,-95.30655805,421,,-0.100000166,0,-0.500000829,-2.7,0.4,98.1,0.100000166,1024,1024,1024,1024,,4.265092,0.984252,93,7.99,4.137,N,0.0983488,Calm
3,32.82455084,-95.30655808,421,,-0.100000166,0,-0.400000663,-3.9,-0.8,98,0.100000166,1024,1024,1024,1024,,5.249344,0.984252,93,7.99,4.137,N,0.0983488,Calm
3.1,32.82455076,-95.30655809,421,,-0.100000166,0,-0.400000663,-4.3,0.1,97.9,0.100000166,1024,1024,1024,1024,,5.249344,0.984252,93,7.99,4.137,N,0.1966976,Calm
3.2,32.82455062,-95.30655811,422,,-0.100000166,0,-0.400000663,-4.3,0.7,97.9,0.100000166,1024,1024,1024,1024,,5.249344,1.312336,93,7.99,4.137,N,0.1966976,Calm
3.3,32.82455076,-95.30655798,422,,0,0,-0.400000663,-4,-1,97.8,0,1024,1024,1024,1024,,6.233596,0.984252,93,7.99,4.137,N,0.1966976,Calm
3.4,32.82455069,-95.30655797,422,,0,0,-0.400000663,-3.3,-0.7,97.7,0,1024,1024,1024,1024,,6.233596,1.312336,93,7.99,4.137,N,0.1966976,Calm
3.5,32.82455054,-95.30655808,422,,0,0,-0.500000829,-3.4,1.4,97.7,0,1024,1024,1024,1024,,7.217848,1.312336,93,7.99,4.137,N,0.2995168,Calm
3.6,32.82455051,-95.30655805,422,,0,0,-0.500000829,-3.8,2.3,97.5,0,1024,1024,1024,1024,,7.217848,1.312336,93,7.99,4.137,N,0.2995168,Calm
3.7,32.8245505,-95.30655805,422,,0,0,-0.400000663,-3.6,2.2,97.4,0,1024,1024,1024,1024,,8.530184,1.312336,93,7.99,4.137,N,0.2995168,Calm
3.8,32.82455054,-95.30655799,423,,0,0,-0.400000663,-2.9,0.3,97.8,0,1024,1024,1024,1024,,8.530184,1.312336,93,7.99,4.137,N,0.3978656,Calm
3.9,32.82455045,-95.30655809,423,,0,0,-0.500000829,-3,-1.9,97.9,0,1024,1024,1024,1024,,9.514436,1.312336,93,7.99,4.137,N,0.3978656,Calm
4,32.8245504,-95.30655817,423,,0,0,-0.400000663,-3.4,-1.5,97.8,0,1024,1024,1024,1024,,9.514436,1.64042,93,7.99,4.137,N,0.3978656,Calm
4.1,32.82455039,-95.3065583,423,,0,0,-0.400000663,-4.8,-0.6,97.8,0,1024,1024,1024,1024,,10.498688,1.64042,93,7.99,4.137,N,0.3978656,Calm
4.2,32.82455036,-95.30655835,423,,0,0,-0.400000663,-4.3,-0.3,97.8,0,1024,1024,1024,1024,,10.498688,1.64042,93,7.866,4.137,N,0.4962144,Calm
4.3,32.82455033,-95.30655826,423,,0,0,-0.500000829,-4.1,-0.6,97.9,0,1024,1024,1024,1024,,10.498688,1.64042,93,7.866,4.137,N,0.4962144,Calm
4.4,32.82455032,-95.30655828,424,,0,0,-0.500000829,-4.3,-1,98.1,0,1024,1024,1024,1024,,11.811024,1.64042,93,7.866,4.137,N,0.4962144,Calm
4.5,32.82455031,-95.30655835,424,,0,0,-0.300000497,-4.6,-1.2,98.2,0,1024,1024,1024,1024,,11.811024,1.64042,92,7.866,5.038,N,0.4962144,Calm
4.6,32.82455031,-95.30655832,424,,0,0,-0.100000166,-4.1,0.5,97.7,0,1024,1024,1024,1024,,12.795276,1.64042,92,7.866,5.038,N,0.5990336,Calm
4.7,32.82455028,-95.30655826,424,,0,0,0,-3.4,1.3,97.4,0,1024,1024,1024,1024,,12.795276,1.64042,92,7.866,5.038,N,0.5990336,Calm
4.8,32.8245503,-95.30655825,424,,0,0,0,-3.2,0.7,97.6,0,1024,1024,1102,1024,,12.795276,1.64042,92,7.866,5.038,N,0.5990336,Calm
4.9,32.8245503,-95.30655827,424,,0,0,0,-2.9,-0.4,97.8,0,1024,1024,1180,1024,,12.795276,1.64042,92,7.866,5.038,N,0.5990336,Calm
5,32.82455032,-95.30655832,424,,0,0,0,-3.2,-1,97.8,0,1024,1024,1236,1024,,12.795276,1.64042,92,7.866,5.038,N,0.6973824,Calm
5.1,32.82455032,-95.3065584,424,,0,0,-0.100000166,-3.2,-1.2,97.7,0,1024,1024,1239,1024,,12.795276,1.64042,92,7.866,5.038,N,0.6973824,Calm
5.2,32.82455033,-95.30655845,424,,0,0,-0.300000497,-3.5,-1.1,97.6,0,1024,1024,1243,1024,,12.795276,1.64042,92,7.866,5.038,N,0.6973824,Calm
5.3,32.82455038,-95.30655849,424,,0,0,-0.500000829,-3.1,-0.8,97.8,0,1024,1024,1257,1024,,13.779528,1.64042,92,7.866,5.038,N,0.6973824,Calm
5.4,32.82455044,-95.30655852,424,,0,0,-0.600000995,-2.7,-0.9,97.9,0,1024,1024,1303,1024,,13.779528,1.312336,92,7.866,5.038,N,0.6973824,Calm
5.5,32.82455054,-95.30655852,425,,0,0,-0.600000995,-2.2,-1.6,98.1,0,1024,1024,1306,1024,,14.76378,1.312336,92,7.868,5.038,N,0.7957312,Calm
5.6,32.82455058,-95.30655854,425,,0,0,-0.800001326,-1.9,-2.5,98.1,0,1024,1024,1332,1024,,16.076116,1.312336,92,7.868,5.038,N,0.7957312,Calm
5.7,32.82455066,-95.30655862,425,,0,0,-1.000001658,-2.9,-1.6,97.7,0,1024,1024,1356,1024,,17.060368,1.312336,92,7.868,5.038,N,0.7957312,Calm
5.8,32.82455065,-95.30655859,425,,0,0,-1.100001823,-3,-0.5,97.8,0,1024,1024,1350,1024,,18.04462,1.312336,92,7.868,5.038,N,0.7957312,Calm
5.9,32.82455061,-95.30655842,426,,0,0,-1.200001989,-3.2,-0.4,97.8,0,1024,1024,1343,1024,,19.356956,1.312336,92,7.868,5.038,N,0.8985504,Calm
6,32.8245506,-95.3065584,426,,0,0,-1.400002321,-4.1,-0.4,97.7,0,1024,1024,1340,1024,,20.341208,1.312336,92,7.868,5.038,N,0.8985504,Calm
6.1,32.82455056,-95.30655837,427,,0,0,-1.400002321,-4.1,-0.4,97.7,0,1024,1024,1337,1024,,22.309712,1.312336,92,7.868,5.038,N,0.8985504,Calm
6.2,32.82455059,-95.3065584,427,,0,0,-1.300002155,-3.4,-1,97.8,0,1024,1024,1372,1024,,23.622048,1.312336,92,7.868,5.038,NE,0.8985504,Calm
6.3,32.82455062,-95.30655854,427,,0,0,-1.300002155,-3.1,-1.8,97.8,0,1024,1024,1372,1024,,24.6063,1.312336,92,7.868,5.038,NE,0.8985504,Calm
6.4,32.82455067,-95.30655859,428,,0,0,-1.300002155,-2.9,-1.9,97.7,0,1024,1024,1386,1024,,26.902888,1.312336,92,7.868,5.038,NE,0.9968992,Calm
6.5,32.8245507,-95.30655862,428,,0,0,-1.500002486,-2.6,-1.9,97.8,0,1024,1024,1393,1024,,27.88714,1.312336,92,7.868,5.526,NE,0.9968992,Calm
6.6,32.82455069,-95.30655866,429,,0,0,-1.700002818,-2.7,-2.1,97.8,0,1024,1024,1393,1024,,29.855644,1.312336,92,7.868,5.526,NE,0.9968992,Calm
6.7,32.82455063,-95.30655872,430,,0,0,-1.700002818,-3.8,-2,97.9,0,1024,1024,1453,1024,,31.16798,1.312336,92,7.868,5.526,NE,0.9968992,Calm
6.8,32.82455057,-95.30655878,430,,0,0,-1.800002984,-4.8,-2.1,97.8,0,1024,1024,1641,1024,,33.136484,1.312336,92,7.868,5.526,NE,1.0997184,Calm
6.9,32.82455061,-95.30655883,431,,0,0,-2.000003315,-4.9,-1.9,97.7,0,1024,1024,1684,1024,,35.433072,1.312336,92,7.868,5.526,NE,1.0997184,Calm
7,32.82455061,-95.30655886,431,,0,0,-2.400003978,-4.7,-2.5,97.9,0,1024,1024,1684,1024,,37.401576,1.312336,92,7.868,5.526,NE,1.0997184,Calm
7.1,32.82455083,-95.30655888,432,,0,0,-2.700004476,-4.5,-2.8,97.8,0,1024,1024,1684,1024,,40.682416,0.984252,92,7.868,5.526,NE,1.1980672,Calm
7.2,32.82455088,-95.30655889,433,,0,0,-3.100005139,-4.1,-2.2,97.9,0,1024,1024,1684,1024,,43.963256,0.984252,92,7.852,5.526,NE,1.1980672,Calm
7.3,32.82455096,-95.30655889,435,,0,0,-3.400005636,-3.7,-1.9,97.8,0,1024,1024,1684,1024,,47.244096,0.984252,92,7.852,5.526,NE,1.1980672,Calm
7.4,32.82455104,-95.30655891,436,,0,0,-3.800006299,-3.1,-2.5,97.8,0,1024,1024,1684,1024,,50.524936,0.984252,92,7.852,5.526,NE,1.1980672,Calm
7.5,32.82455108,-95.30655894,437,,0,0,-4.100006796,-3,-3,97.8,0,1024,1024,1684,1024,,54.790028,0.984252,92,7.852,7.258,NE,1.296416,Calm
7.6,32.82455099,-95.30655902,439,,0,0,-4.500007459,-3.2,-2.8,97.8,0,1024,1024,1684,1024,,60.039372,0.984252,92,7.852,7.258,NE,1.296416,Calm
7.7,32.82455103,-95.30655904,440,,0,0,-4.700007791,-3.4,-2.9,97.9,0,1024,1024,1684,1024,,64.304464,0.984252,92,7.852,7.258,NE,1.3992352,Calm
7.8,32.82455104,-95.30655904,442,,0,0,-4.800007956,-4,-2.2,97.8,0,1024,1024,1684,1024,,68.569556,0.984252,92,7.852,7.258,NE,1.3992352,Calm
7.9,32.82455102,-95.30655903,444,,0,0,-4.900008122,-4.2,-2.3,97.8,0,1024,1024,1684,1024,,74.146984,0.984252,92,7.852,7.258,NE,1.3992352,Calm
8,32.82455103,-95.30655905,446,,0,0,-4.900008122,-3.9,-2.4,97.8,0,1024,1024,1684,1003,,77.427824,0.984252,92,7.852,7.258,NE,1.497584,Calm
8.1,32.82455109,-95.30655902,447,,0,0,-4.900008122,-3.6,-2.6,97.9,0,1024,1024,1684,1009,,81.692916,0.984252,92,7.852,7.258,NE,1.497584,Calm
8.2,32.8245511,-95.30655902,449,,0,0,-5.000008288,-3.6,-2.8,97.9,0,1024,1024,1684,1024,,86.94226,0.984252,92,7.852,7.258,NE,1.497584,Calm
8.3,32.8245511,-95.30655901,451,,0,0,-5.000008288,-3.4,-2.8,97.9,0,1024,1024,1684,1024,,90.2231,0.984252,92,7.852,7.258,NE,1.5959328,Calm
8.4,32.8245511,-95.30655898,452,,0,0,-5.000008288,-3.7,-2.5,97.9,0,1024,1024,1684,1024,,94.488192,0.984252,92,7.852,7.258,NE,1.5959328,Calm
8.5,32.82455114,-95.30655892,454,,0,0,-5.000008288,-3.9,-2,97.8,0,1024,1024,1684,1024,,98.753284,0.656168,92,7.715,7.258,NE,1.5959328,Calm
8.6,32.82455113,-95.3065589,456,,0,0,-5.000008288,-3.5,-2.1,97.8,0,1024,1024,1510,1024,,102.034124,0.656168,92,7.715,7.258,NE,1.5959328,Calm
8.7,32.82455111,-95.30655886,458,,0,0,-4.900008122,-4.1,-2.6,98,0,1024,1024,1342,1016,,105.314964,0.656168,92,7.715,7.258,NE,1.698752,Calm
8.8,32.82455107,-95.30655884,459,,0,0,-4.900008122,-4.5,-2.6,97.9,0,1024,1024,1597,1024,,109.580056,0.656168,92,7.715,7.258,NE,1.698752,Calm
8.9,32.82455103,-95.30655881,461,,0,0,-4.600007625,-4.6,-2.8,97.9,0,1024,1024,1600,1024,,113.845148,0.984252,92,7.715,7.258,NE,1.698752,Calm
9,32.82455109,-95.30655878,462,,0,0,-4.300007128,-4.6,-2.9,97.9,0,1024,1024,1403,1024,,119.422576,0.656168,92,7.715,7.258,NE,1.698752,Calm
9.1,32.82455116,-95.30655877,464,,0,0,-4.300007128,-4,-2.4,97.9,0,1024,1024,1024,1024,,121.39108,0.656168,92,7.715,7.258,NE,1.698752,Calm
9.2,32.82455121,-95.30655875,465,,0,0,-4.100006796,-3.9,-2.7,97.9,0,1024,1024,1024,1024,,153.871396,0.656168,92,7.715,7.258,NE,1.7971008,Calm
9.3,32.82455117,-95.30655875,467,,0,0,-3.700006133,-4,-3.2,98,0,1024,1024,1024,1024,,159.12074,0.656168,92,7.715,7.258,NE,1.7971008,Calm
9.4,32.82455117,-95.30655877,468,,0,0,-3.400005636,-4.3,-3.4,98,0,1024,1024,1024,1024,,160.104992,0.656168,92,7.715,7.258,NE,1.7971008,Calm
9.5,32.82455116,-95.30655877,469,,0,0,-3.000004973,-4.3,-3.5,98.1,0,1024,1024,1024,1024,,166.666672,0.656168,92,7.715,7.273,NE,1.7971008,Calm
9.6,32.82455115,-95.30655885,469,,0,0,-2.700004476,-4.4,-3.6,98.1,0,1024,1024,1221,1024,,169.947512,0.656168,92,7.715,7.273,NE,1.7971008,Calm
9.7,32.82455108,-95.30655875,470,,0,0,-2.300003812,-4.7,-3.8,98.1,0,1024,1024,1345,1024,,171.916016,0.656168,92,7.715,7.273,NE,1.7971008,Calm
9.8,32.82455107,-95.30655881,471,,0,0,-1.900003149,-4.9,-3.8,98,0,1024,1024,1341,1024,,176.509192,0.656168,92,7.715,7.273,NE,1.7971008,Calm
9.9,32.82455104,-95.30655869,472,,0,0,-1.700002818,-4.6,-3.7,98.1,0,1024,1024,1359,1024,,177.493444,0.656168,92,7.715,7.273,NE,1.7971008,Calm
10,32.82455106,-95.30655874,472,,0,0,-1.500002486,-4,-3.4,98,0,1024,1024,1354,1024,,180.774284,0.656168,92,7.715,7.273,NE,1.7971008,Calm
10.1,32.82455105,-95.30655873,473,,0,0,-1.500002486,-4,-3.4,98,0,1024,1024,1342,1024,,182.742788,0.656168,92,7.715,7.273,NE,1.89992,Calm
10.2,32.82455111,-95.30655874,473,,0,0,-1.400002321,-4.7,-3.5,98,0,1024,1024,1343,1024,,184.055124,0.656168,92,7.885,7.273,NE,1.89992,Calm
10.3,32.82455109,-95.30655862,474,,0,0,-1.400002321,-4.3,-3.2,97.9,0,1024,1024,1336,1024,,185.039376,0.656168,92,7.885,7.273,NE,1.89992,Calm
10.4,32.8245512,-95.30655865,474,,0,0,-1.400002321,-3.3,-3.2,98,0,1024,1024,1343,1024,,186.023628,0.656168,92,7.885,7.273,NE,1.89992,Calm
10.5,32.82455127,-95.30655861,475,,0,0,-1.300002155,-3.3,-3.6,98,0,1024,1024,1302,1024,,187.00788,0.328084,92,7.885,4.587,NE,1.89992,Calm
10.6,32.82455111,-95.30655841,475,,0,0,-1.300002155,-3.1,-3.1,97.9,0,1024,1024,1110,1024,,188.320216,0.656168,92,7.885,4.587,NE,1.89992,Calm
10.7,32.82455112,-95.3065583,475,,0,0,-1.200001989,-3.4,-3.3,97.9,0,1024,1024,1024,1024,,190.28872,0.656168,92,7.885,4.587,NE,1.89992,Calm
10.8,32.82455112,-95.30655817,476,,0,0,-0.800001326,-3.9,-3.3,98,0,1024,1024,1024,1024,,191.272972,0.656168,92,7.885,4.587,NE,1.89992,Calm
10.9,32.82455102,-95.30655802,476,,0,0,-0.500000829,-3.8,-2.6,98,0,1024,1024,1024,1024,,193.56956,0.984252,92,7.885,4.587,NE,1.89992,Calm
11,32.824551,-95.30655792,476,,0,0,-0.200000332,-3.2,-2,97.9,0,1024,1024,1024,1024,,194.553812,0.984252,92,7.885,4.587,NE,1.89992,Calm
11.1,32.82455095,-95.30655792,476,,0,0,-0.100000166,-2.3,-1.7,98,0,1024,1024,1024,1024,,194.553812,0.984252,92,7.885,4.587,NE,1.89992,Calm
11.2,32.8245509,-95.30655782,476,,0,0,0,-3.8,-2,97.9,0,1024,1024,1024,1024,,193.56956,0.984252,92,7.885,4.587,NE,1.89992,Calm
11.3,32.82455083,-95.30655777,476,,0,0,0,-4.7,-2.4,97.9,0,1024,1024,1024,1024,,194.553812,0.984252,92,7.885,4.587,NE,1.89992,Calm
11.4,32.82455077,-95.30655772,476,,0,0,0,-4.9,-2.4,98,0,1024,1024,1024,1024,,196.8504,1.312336,92,7.885,4.587,NE,1.9982688,Calm
11.5,32.82455073,-95.3065577,476,,0,0,0,-4.6,-2.6,98,0,1024,1024,1024,1024,,196.8504,1.312336,92,7.885,4.587,NE,1.9982688,Calm
11.6,32.82455069,-95.30655785,476,,0,0,0,-4.5,-2.9,98,0,1024,1024,1024,1024,,194.553812,1.312336,92,7.885,4.587,NE,1.9982688,Calm
11.7,32.82455065,-95.30655778,476,,0,0,0,-4.7,-2.8,97.9,0,1024,1024,1024,1024,,194.553812,1.312336,92,7.885,4.587,NE,1.9982688,Calm
11.8,32.82455061,-95.30655776,476,,0,0,0,-4.8,-2.7,98,0,1024,1024,1024,1024,,194.553812,1.312336,92,7.885,4.587,NE,1.9982688,Calm
11.9,32.82455058,-95.30655773,476,,0,0,0,-5,-2.6,98,0,1024,1024,1037,1024,,194.553812,1.312336,92,7.885,4.587,NE,1.9982688,Calm
12,32.82455054,-95.30655773,476,,0,0,0,-4.7,-2.6,97.9,0,1024,1024,1205,1024,,192.585308,1.312336,92,7.885,4.587,NE,1.9982688,Calm
12.1,32.82455052,-95.3065577,476,,0,0,0,-4.5,-2.7,98,0,1024,1024,1233,1024,,193.56956,1.64042,92,7.885,4.587,NE,1.9982688,Calm
12.2,32.82455051,-95.30655768,476,,0,0,0,-4.2,-2.6,98,0,1024,1024,1222,1024,,193.56956,1.64042,92,7.85,4.587,NE,1.9982688,Calm
12.3,32.82455052,-95.30655765,476,,0,0,-0.300000497,-3.9,-2.5,98,0,1024,1024,1222,1024,,194.553812,1.64042,92,7.85,4.587,NE,2.0966176,Calm
12.4,32.82455058,-95.30655764,477,,0,0,-0.500000829,-5.1,-3.2,97.9,0,1024,1024,1063,1024,,195.866148,1.312336,92,7.85,4.587,NE,2.0966176,Calm
12.5,32.82455053,-95.30655764,477,,0,0,-0.500000829,-5.4,-3.2,97.9,0,1024,1024,1024,1024,,196.8504,1.64042,92,7.85,4.735,NE,2.0966176,Calm
12.6,32.82455054,-95.30655765,477,,0,0,-0.500000829,-3.9,-2.9,98,0,1024,1024,1024,1024,,198.818904,1.64042,92,7.85,4.735,NE,2.0966176,Calm
12.7,32.82455054,-95.30655764,477,,0,0,-0.300000497,-4.1,-3.6,98,0,1024,1024,1024,1024,,200.13124,1.64042,92,7.85,4.735,NE,2.0966176,Calm
12.8,32.82455057,-95.30655761,477,,0,0,0,-4.1,-2.5,97.9,0,1024,1024,1024,1024,,194.553812,1.64042,92,7.85,4.735,NE,2.0966176,Calm
12.9,32.82455052,-95.30655757,477,,0,0,0,-2.7,-1.6,97.9,0,1024,1024,1024,1024,,194.553812,1.64042,92,7.85,4.735,NE,2.1994368,Calm
13,32.82455047,-95.30655758,477,,0,0,0,-3.8,-2.7,97.9,0,1024,1024,1024,1024,,195.866148,1.64042,92,7.85,4.735,NE,2.1994368,Calm
13.1,32.82455045,-95.30655758,477,,0,0,0,-4.9,-3.3,97.9,0,1024,1024,1024,1024,,195.866148,1.64042,92,7.85,4.735,NE,2.1994368,Calm
13.2,32.8245504,-95.30655758,477,,0,0,0,-5.1,-2.9,98,0,1024,1024,1024,1024,,196.8504,1.64042,92,7.868,4.735,NE,2.1994368,Calm
13.3,32.82455038,-95.30655763,477,,0,0,0,-5.3,-2.7,97.9,0,1024,1024,1024,1024,,198.818904,1.64042,92,7.868,4.735,NE,2.1994368,Calm
13.4,32.82455031,-95.30655762,477,,0,0,0,-5.2,-3,97.9,0,1024,1024,1024,1024,,196.8504,1.64042,92,7.868,4.735,NE,2.1994368,Calm
13.5,32.82455028,-95.30655759,477,,0,0,0,-5,-2.8,97.9,0,1024,1024,1024,1024,,196.8504,1.968504,92,7.868,4.735,NE,2.1994368,Calm
13.6,32.82455031,-95.3065575,477,,0,0,0,-4.9,-2.3,97.9,0,1024,1024,1024,1024,,196.8504,1.968504,92,7.868,4.735,NE,2.2977856,Calm
13.7,32.82455035,-95.30655755,477,,0,0,0,-4.9,-2.5,97.9,0,1024,1024,1024,1024,,196.8504,1.64042,92,7.868,4.735,NE,2.2977856,Calm
13.8,32.82455037,-95.30655753,477,,0,0,0,-4.5,-2.5,97.9,0,1024,1024,1024,1024,,196.8504,1.64042,92,7.868,4.735,NE,2.2977856,Calm
13.9,32.82455041,-95.30655751,477,,0,0,0,-4.4,-2.3,97.9,0,1024,1024,1024,1024,,195.866148,1.64042,92,7.868,4.735,NE,2.2977856,Calm
14,32.82455043,-95.30655754,477,,0,0,0,-4.5,-2.2,97.9,0,1024,1024,1024,1024,,196.8504,1.64042,92,7.868,4.735,NE,2.2977856,Calm
14.1,32.82455041,-95.3065576,477,,0,0,0,-4.6,-2.4,97.9,0,1024,1024,1024,1024,,196.8504,1.64042,92,7.868,4.735,NE,2.2977856,Calm
14.2,32.82455043,-95.3065576,477,,0,0,0,-4.5,-2.8,98,0,1024,1024,1024,704,,197.834652,1.64042,92,7.868,4.735,NE,2.2977856,Calm
14.3,32.82455044,-95.30655765,477,,0,0,0,-4.1,-2.6,97.9,0,1024,1024,1024,646,,195.866148,1.64042,92,7.868,4.735,NE,2.3961344,Calm
14.4,32.82455048,-95.30655765,477,,0,0,0,-4.3,-2.5,97.6,0,1024,1024,1024,647,,198.818904,1.64042,92,7.868,4.735,NE,2.3961344,Calm
14.5,32.8245505,-95.30655771,477,,0,0,0,-4.2,-2.7,95.8,0,1024,1024,1024,647,,198.818904,1.64042,92,7.868,4.64,NE,2.3961344,Calm
14.6,32.82455055,-95.30655773,477,,0,0,0,-4.2,-2.8,92.5,0,1024,1024,1024,646,,201.115492,1.312336,92,7.868,4.64,NE,2.3961344,Calm
14.7,32.82455048,-95.3065578,477,,0,0,0,-4,-2.5,88.7,0,1024,1024,1024,646,,201.115492,1.64042,92,7.868,4.64,NE,2.3961344,Calm
14.8,32.82455051,-95.30655784,477,,0,0,0,-3.6,-2.5,84.9,0,1024,1024,1024,1024,,196.8504,1.312336,92,7.868,4.64,NE,2.3961344,Calm
14.9,32.82455049,-95.30655788,477,,0,0,0,-3,-3.1,80.9,0,1024,1024,1024,1024,,196.8504,1.312336,92,7.868,4.64,NE,2.3961344,Calm
15,32.82455047,-95.30655787,477,,0,0,0,-2.7,-3.4,77.2,0,1024,1024,1024,1024,,196.8504,1.64042,92,7.868,4.64,NE,2.3961344,Calm
15.1,32.82455047,-95.30655787,477,,0,0,0,-2.5,-3.4,74.7,0,1024,1024,1024,1024,,196.8504,1.64042,92,7.868,4.64,NE,2.3961344,Calm
15.2,32.82455056,-95.30655799,477,,0,0,0,-2.2,-3.5,74,0,1024,1024,1024,1024,,196.8504,1.312336,92,7.849,4.64,NE,2.3961344,Calm
15.3,32.82455062,-95.3065582,477,,0,0,0,-2.2,-3.8,73.5,0,1024,1024,1024,1024,,195.866148,1.312336,92,7.849,4.64,NE,2.3961344,Calm
15.4,32.82455065,-95.30655813,477,,0,0,0,-1.8,-3.8,73.2,0,1024,1024,1024,1024,,196.8504,1.312336,92,7.849,4.64,NE,2.3961344,Calm
15.5,32.82455074,-95.30655831,477,,0,0,0,-1.7,-3.6,73.3,0,1024,1024,1684,1024,,196.8504,0.984252,92,7.849,4.614,NE,2.3961344,Calm
15.6,32.82455076,-95.3065583,477,,0,0,0,-1.8,-3.3,73.4,0,1024,1024,1684,1024,,196.8504,0.984252,92,7.849,4.614,NE,2.4989536,Calm
15.7,32.82455075,-95.3065586,477,,0,0,-0.400000663,-1.4,-2.8,73.5,0,1024,1024,1684,1024,,196.8504,0.984252,92,7.849,4.614,NE,2.4989536,Calm
15.8,32.8245507,-95.30655866,477,,0,0,-0.900001492,-2.3,-4.6,73.5,0,1024,1024,1684,1024,,196.8504,1.312336,92,7.849,4.614,NE,2.4989536,Calm
15.9,32.8245507,-95.30655893,478,,0,0,-1.300002155,-2.6,-5.8,73.5,0,1024,1024,1684,1024,,197.834652,1.312336,92,7.849,4.614,NE,2.4989536,Calm
16,32.82455072,-95.30655895,478,,0,0,-1.800002984,-2,-5.2,73.5,0,1024,1024,1684,1024,,200.13124,1.312336,92,7.849,4.614,NE,2.4989536,Calm
16.1,32.82455075,-95.30655912,479,,0,0,-2.200003647,-1.7,-3.8,73.4,0,1024,1024,1684,1024,,200.13124,1.312336,92,7.849,4.614,NE,2.4989536,Calm
16.2,32.82455077,-95.30655913,480,,0,0,-2.700004476,-1.6,-3.2,73.3,0,1024,1024,1684,1024,,202.099744,1.312336,92,7.849,4.614,NE,2.4989536,Calm
16.3,32.82455078,-95.30655911,481,,0,0,-3.100005139,-1.2,-3,73.3,0,1024,1024,1684,1024,,205.380584,1.312336,92,7.849,4.614,NE,2.4989536,Calm
16.4,32.82455077,-95.30655916,482,,0,0,-3.500005802,-1.4,-3,73.3,0,1024,1016,1684,1024,,210.958012,1.312336,92,7.849,4.614,NE,2.5973024,Calm
16.5,32.82455079,-95.30655918,483,,0,0,-3.900006465,-1.4,-3.2,73.3,0,1024,1008,1684,1024,,216.207356,1.312336,92,7.67,4.614,NE,2.5973024,Calm
16.6,32.82455084,-95.30655924,485,,0,0,-4.400007293,-1.4,-3.2,73.3,0,1024,988,1684,1024,,221.4567,1.312336,92,7.67,4.614,NE,2.5973024,Calm
16.7,32.82455083,-95.30655933,486,,0,0,-4.700007791,-1.5,-2.6,73.3,0,1024,1024,1570,845,,225.721792,1.312336,92,7.67,4.614,NE,2.5973024,Calm
16.8,32.82455084,-95.30655942,488,,0,0,-4.800007956,-1.6,-2.3,73.4,0,1024,1117,1226,896,,225.721792,1.312336,92,7.67,4.614,NE,2.5973024,Calm
16.9,32.8245508,-95.30655953,489,,0,0,-4.700007791,-1.8,-3.5,73.3,0,1068,1684,1111,1024,,225.721792,1.312336,92,7.67,4.614,NE,2.5973024,Calm
17,32.8245508,-95.3065597,491,,0,0,-4.400007293,-1.7,-10.4,72.8,0,1024,1684,1024,1024,,225.721792,1.64042,92,7.67,4.614,NE,2.5973024,Calm
17.1,32.82455071,-95.30655981,492,,0,0,-4.00000663,-1.4,-29.6,72.3,0,1024,1684,844,1024,,225.721792,1.64042,92,7.67,4.614,NE,2.5973024,Calm
17.2,32.82455073,-95.30655978,494,,0,0.300000497,-3.600005967,-2.2,-36.6,72.4,0.300000497,1024,1684,460,1024,,225.721792,1.64042,92,7.67,4.614,NE,2.5973024,Calm
17.3,32.82455099,-95.30655924,495,,0.200000332,0.70000116,-3.30000547,-2.2,-35.8,72.5,0.728011793,1024,1684,364,1024,,225.721792,0.984252,92,7.67,4.614,NE,2.6956512,Calm
17.4,32.8245513,-95.30655816,496,,0.300000497,1.100001823,-2.900004807,-1.4,-34.9,72.3,1.140177308,1060,1684,364,1024,,225.721792,0.328084,92,7.67,4.614,NE,2.6956512,Calm
17.5,32.82455184,-95.30655639,497,,0.400000663,1.500002486,-2.60000431,-1.2,-34.4,72.2,1.552419715,1067,1684,364,1024,,225.721792,1.968504,92,7.67,8.893,NE,2.6956512,Calm
17.6,32.82455245,-95.30655457,498,,0.500000829,1.800002984,-2.200003647,-1,-34.3,72.3,1.868156914,1056,1684,364,1024,,225.721792,3.937008,92,7.67,8.893,NE,2.6956512,Calm
17.7,32.82455327,-95.30655227,499,,0.600000995,2.100003481,-1.800002984,-0.7,-34.1,72.2,2.184036272,1036,1684,364,1024,,225.721792,6.233596,92,7.67,8.893,NE,2.6956512,Calm
17.8,32.82455413,-95.30654955,499,,0.70000116,2.400003978,-1.400002321,-0.8,-34,72.1,2.500004144,1035,1684,364,1024,,225.721792,9.186352,92,7.67,8.893,NE,2.6956512,Calm
17.9,32.82455495,-95.30654664,499,,0.800001326,2.700004476,-1.100001823,-1.5,-34,72.3,2.816030131,1035,1684,364,1024,,225.721792,12.139108,92,7.67,8.893,NE,2.6956512,Calm
18,32.82455586,-95.30654368,500,,0.800001326,3.000004973,-0.70000116,-1.9,-34,72.3,3.104839876,1034,1684,364,1024,,225.721792,15.419948,92,7.67,8.893,NE,2.6956512,Calm
18.1,32.8245569,-95.30654028,500,,0.900001492,3.30000547,-0.300000497,-1.8,-34.3,72.4,3.420531924,1034,1684,364,1024,,225.721792,19.028872,92,7.67,8.893,NE,2.6956512,Calm
18.2,32.8245581,-95.30653623,500,,1.000001658,3.500005802,0,-2,-34.5,72.4,3.640060751,1034,1684,364,1024,,225.721792,23.293964,92,7.808,8.893,NE,2.6956512,Calm
18.3,32.82455913,-95.30653296,500,,1.100001823,3.700006133,0.300000497,-1.9,-34.5,72.4,3.860058076,1035,1684,364,1009,,225.721792,26.902888,92,7.808,8.893,NE,2.6956512,Calm
18.4,32.82456039,-95.30652833,499,,1.200001989,4.00000663,0.70000116,-2.2,-34.5,72.5,4.176129214,1035,1684,364,917,,225.721792,31.824148,92,7.808,8.893,NE,2.6956512,Calm
18.5,32.82456181,-95.30652396,499,,1.200001989,4.200006962,1.100001823,-2.6,-34.7,72.5,4.368072991,1034,1684,401,694,,225.721792,36.417324,92,7.808,4.564,NE,2.6956512,Calm
18.6,32.8245628,-95.30651993,499,,1.300002155,4.400007293,1.500002486,-4.2,-34.6,72.7,4.588035447,1024,1684,580,755,,225.721792,40.682416,92,7.808,4.564,NE,2.6956512,Calm
18.7,32.82456457,-95.3065152,498,,1.400002321,4.600007625,1.800002984,-10.3,-33.5,72.8,4.808334076,1024,1684,1024,1024,,225.721792,45.93176,92,7.808,4.564,NE,2.6956512,Calm
18.8,32.82456608,-95.30650961,497,,1.700002818,4.700007791,2.200003647,-11.2,-32.7,70.4,4.998007784,1024,1684,1024,1024,,225.721792,51.837272,92,7.808,4.564,NE,2.6956512,Calm
18.9,32.82456829,-95.30650455,497,,2.100003481,5.000008288,2.000003315,-4.6,-31.1,65.2,5.423107508,1024,1684,1024,1024,,225.721792,57.4147,92,7.808,4.564,NE,2.6956512,Calm
19,32.8245702,-95.30649903,496,,2.500004144,5.500009117,1.500002486,-3.1,-31.9,63.8,6.041532809,1024,1684,1024,1024,,225.721792,63.648296,92,7.808,4.564,NE,2.6956512,Calm
19.1,32.82457311,-95.30649281,495,,2.700004476,5.90000978,1.100001823,-3.8,-33,64.2,6.488461943,1024,1684,1024,1024,,225.721792,70.53806,92,7.808,4.564,NE,2.6956512,Calm
19.2,32.82457557,-95.30648644,495,,3.000004973,6.400010609,0.70000116,-3.7,-33.6,63.9,7.068250471,1024,1684,1024,1024,,225.721792,77.755908,92,7.808,4.564,NE,2.6956512,Calm
19.3,32.82457879,-95.30647932,495,,3.30000547,6.800011272,0.400000663,-3.7,-34.2,63.9,7.558451289,1024,1684,898,1024,,225.721792,85.629924,92,7.808,4.564,NE,2.6956512,Calm
19.4,32.82458219,-95.30647095,495,,3.500005802,7.200011935,0.200000332,-3.7,-35,64,8.00563613,1024,1684,912,1117,,225.721792,95.14436,92,7.808,4.564,NE,2.6956512,Calm
19.5,32.82458548,-95.30646399,495,,3.700006133,7.400012266,0.200000332,-3.1,-36,63.8,8.273464947,1024,1684,1020,1177,,225.721792,103.018376,92,7.808,4.564,NE,2.6956512,Calm
19.6,32.82458916,-95.30645504,495,,3.700006133,7.600012598,0.400000663,-1.5,-36.3,63.5,8.4528241,1024,1684,1024,1057,,225.721792,112.860896,92,7.808,4.564,NE,2.6956512,Calm
19.7,32.82459284,-95.30644701,494,,3.900006465,7.800012929,0.400000663,1.4,-32.8,62.4,8.720679292,1024,1684,1024,1024,,225.721792,122.047248,92,7.808,4.564,NE,2.6956512,Calm
19.8,32.82459639,-95.30643823,494,,4.00000663,8.200013592,0,0,-33.5,63,9.123610749,1024,1684,1024,1024,,225.721792,131.889768,92,7.808,4.564,NE,2.6956512,Calm
19.9,32.82459947,-95.30643057,494,,4.00000663,8.400013924,0,-3.1,-35.5,64.9,9.303777704,1024,1684,1024,1024,,225.721792,140.419952,92,7.808,4.564,NE,2.6956512,Calm
20,32.82460382,-95.30642073,494,,4.100006796,8.600014255,0.100000166,-3,-34.6,65,9.527344644,1024,1684,1024,1024,,225.721792,151.574808,92,7.808,4.564,NE,2.6956512,Calm
20.1,32.82460783,-95.30641173,494,,4.300007128,8.800014587,0,-1.9,-34.3,64.5,9.794402316,1024,1684,1024,1024,,225.721792,161.745412,91,7.646,8.994,NE,2.6956512,Calm
20.2,32.82461209,-95.30640112,494,,4.300007128,8.900014753,0,-1.6,-35.1,64.6,9.884347211,1024,1684,1024,1025,,225.721792,173.88452,91,7.646,8.994,NE,2.6956512,Calm
20.3,32.82461627,-95.30639179,494,,4.400007293,9.100015084,0,-1.7,-34.8,64.6,10.10793427,1024,1684,1024,1025,,225.721792,184.383208,91,7.646,8.994,NE,2.6956512,Calm
20.4,32.82462007,-95.30638235,494,,4.400007293,9.300015416,0,-2.2,-34.5,64.5,10.28835961,1024,1684,794,1028,,225.721792,194.881896,91,7.646,8.994,NE,2.6956512,Calm
20.5,32.8246244,-95.30637265,494,,4.500007459,9.400015581,0,-2.1,-35.1,64.8,10.42162939,1024,1684,365,1024,,225.721792,206.036752,91,7.646,8.994,NE,2.6956512,Calm
20.6,32.82462851,-95.30636254,494,,4.500007459,9.400015581,0.300000497,-1.8,-36.6,64.8,10.42162939,1024,1684,364,1024,,225.721792,217.191608,91,7.646,8.994,NE,2.6956512,Calm
20.7,32.82463274,-95.30635293,494,,4.500007459,9.400015581,0.600000995,-2.1,-36,64.7,10.42162939,1024,1684,364,1024,,225.721792,228.01838,91,7.646,8.994,NE,2.7984704,Calm
20.8,32.82463679,-95.30634288,494,,4.400007293,9.300015416,0.900001492,-2.5,-35.7,64.9,10.28835961,1024,1684,956,1024,,225.721792,239.173236,91,7.646,8.994,NE,2.7984704,Calm
20.9,32.82464083,-95.30633332,493,,4.400007293,9.300015416,1.300002155,-2.8,-35,64.8,10.28835961,1024,1684,1024,1024,,225.721792,250.000008,91,7.646,8.994,NE,2.7984704,Calm
21,32.8246447,-95.30632373,493,,4.500007459,9.500015747,1.100001823,-2.5,-31.7,64.4,10.51191537,749,1684,1024,1024,,225.721792,260.82678,91,7.646,8.994,NE,2.7984704,Calm
21.1,32.82464886,-95.3063136,493,,4.700007791,9.800016244,0.500000829,-3.1,-31.8,64.7,10.86878025,386,1684,1024,1024,,225.721792,271.981636,91,7.646,8.994,NE,2.7984704,Calm
21.2,32.82465294,-95.30630375,492,,4.800007956,9.90001641,0.300000497,-10.3,-32.7,66,11.00229054,470,1684,1024,1024,,225.721792,283.136492,91,7.558,8.994,NE,2.7984704,Calm
21.3,32.8246574,-95.30629344,492,,5.100008454,9.90001641,0.200000332,-18.1,-30.3,68.1,11.13644501,562,1684,1024,1024,,225.721792,294.947516,91,7.558,8.994,NE,2.7984704,Calm
21.4,32.82466249,-95.30628203,492,,5.400008951,9.800016244,0,-20.8,-28.8,69.1,11.18929899,819,1684,1024,364,,225.721792,307.742792,91,7.558,8.994,NE,2.7984704,Calm
21.5,32.8246677,-95.30627148,492,,5.700009448,9.700016079,0,-23.8,-27,68.8,11.25079605,913,1684,1024,364,,225.721792,319.8819,91,7.558,8.994,NE,2.7984704,Calm
21.6,32.82467295,-95.30626125,492,,6.000009946,9.500015747,0,-30.7,-16.8,66.8,11.23612107,930,1684,1024,364,,225.721792,332.021008,91,7.558,8.994,NE,2.7984704,Calm
21.7,32.82467822,-95.30625252,492,,6.500010774,9.000014918,-0.200000332,-33.4,-14.6,61.8,11.10181997,945,1684,1024,364,,225.721792,342.84778,91,7.558,8.994,NE,2.7984704,Calm
21.8,32.82468481,-95.30624226,492,,6.700011106,8.600014255,-0.100000166,-34.3,-17.7,54.9,10.90185272,970,1684,1024,734,,225.721792,355.314972,91,7.558,8.994,NE,2.7984704,Calm
21.9,32.82469107,-95.30623375,492,,7.100011769,8.100013427,0,-32,-16.7,44,10.77127547,980,1684,1035,1024,,225.721792,366.469828,91,7.558,8.994,NE,2.7984704,Calm
22,32.82469695,-95.30622659,492,,7.500012432,7.400012266,-0.100000166,-29.7,-18.2,35.1,10.53614539,981,1684,1037,1504,,225.721792,375.984264,91,7.558,8.994,NE,2.7984704,Calm
22.1,32.82470421,-95.30621876,492,,7.700012764,6.800011272,0,-23.3,-25.5,28.2,10.27279636,991,1684,1032,1684,,225.721792,387.13912,91,7.558,8.519,NE,2.7984704,Calm
22.2,32.82471191,-95.30621127,492,,7.900013095,6.300010443,0.100000166,-11.9,-30.5,22.5,10.10447105,1023,1684,1175,1684,,225.721792,397.965892,91,7.558,8.519,NE,2.7984704,Calm
22.3,32.82471809,-95.30620575,492,,8.200013592,6.000009946,0.100000166,9.1,-25.9,15.4,10.16072522,1024,1684,1259,1684,,225.721792,406.496076,91,7.558,8.519,NE,2.7984704,Calm
22.4,32.82472637,-95.30619856,492,,8.200013592,6.000009946,0,23.3,-17.2,23.1,10.16072522,1024,1684,1270,1684,,225.721792,417.650932,91,7.558,8.519,NE,2.7984704,Calm
22.5,32.82473283,-95.30619262,493,,7.900013095,6.500010774,-0.600000995,30.8,-11.1,37.1,10.23036377,1024,1684,1259,1684,,225.721792,426.837284,91,7.558,8.519,NE,2.7984704,Calm
22.6,32.82473994,-95.30618465,493,,7.100011769,7.100011769,-1.100001823,33.1,-9.6,45.4,10.04093281,1024,1684,1251,1684,,225.721792,437.99214,91,7.558,8.519,NE,2.5973024,Calm
22.7,32.82474606,-95.30617568,493,,6.400010609,7.400012266,-1.200001989,32.3,-14.3,51.7,9.783676038,1024,1684,1234,1684,,225.721792,449.47508,91,7.558,8.519,NE,2.4989536,Calm
22.8,32.82475149,-95.30616737,494,,5.800009614,7.600012598,-1.100001823,30.2,-17.5,60.7,9.560350501,1024,1684,1202,1684,,225.721792,459.973768,91,7.558,8.519,NE,2.2977856,Calm
22.9,32.82475537,-95.30616011,494,,5.100008454,7.900013095,-1.200001989,30,-18.9,70.4,9.403206106,1024,1684,1198,1171,,225.721792,468.832036,91,7.558,8.519,NE,2.1994368,Calm
23,32.82475997,-95.30615036,494,,4.400007293,8.100013427,-1.100001823,29.7,-21.7,79.4,9.217932613,1024,1684,1198,1171,,225.721792,479.986892,91,7.558,8.519,N,2.0966176,Calm
23.1,32.82476328,-95.30614152,494,,3.700006133,8.200013592,-0.900001492,28.2,-23.5,88.9,8.996124776,1024,1684,1200,975,,225.721792,489.501328,91,7.68,8.519,N,1.9982688,Calm
23.2,32.824766,-95.30613294,495,,2.900004807,8.300013758,-0.900001492,23.7,-28.9,94.9,8.792056381,1024,1684,846,558,,225.721792,498.68768,91,7.68,8.519,N,1.9982688,Calm
23.3,32.82476846,-95.30612264,495,,2.200003647,8.400013924,-0.70000116,22.3,-30.7,98.7,8.683331335,1024,1684,846,558,,225.721792,509.186368,91,7.68,8.519,N,1.89992,Calm
23.4,32.82476997,-95.30611407,495,,1.700002818,8.400013924,-0.300000497,14,-34.8,100.1,8.570311577,1024,1684,798,364,,225.721792,517.388468,91,7.68,8.519,N,1.89992,Calm
23.5,32.82477115,-95.30610484,495,,1.300002155,8.300013758,0.200000332,-10.3,-31.2,107.7,8.401203944,1024,1684,776,364,,225.721792,526.246736,91,7.68,8.519,N,1.89992,Calm
23.6,32.82477217,-95.30609628,495,,1.200001989,8.400013924,0.600000995,-23.9,-20.1,104.5,8.485295298,1024,1684,560,364,,225.721792,534.120752,91,7.68,8.519,N,1.89992,Calm
23.7,32.82477338,-95.30608776,495,,1.300002155,8.300013758,0.800001326,-28.6,-14.9,92.9,8.401203944,1024,1684,364,364,,225.721792,542.322852,91,7.68,8.519,N,1.89992,Calm
23.8,32.82477472,-95.30607836,494,,1.500002486,8.200013592,1.100001823,-31.9,-14.5,83.5,8.336079604,1024,1684,364,364,,225.721792,551.509204,91,7.68,8.519,N,1.89992,Calm
23.9,32.82477643,-95.30606993,494,,1.800002984,8.000013261,1.400002321,-32.1,-14.5,74.2,8.200013592,1024,1684,364,364,,225.721792,560.039388,91,7.68,8.519,N,1.7971008,Calm
24,32.82477823,-95.30606152,493,,2.100003481,7.800012929,1.700002818,-30.4,-16.6,65.5,8.077760222,1024,1684,378,364,,225.721792,568.241488,91,7.68,8.519,N,1.497584,Calm
24.1,32.82478075,-95.3060532,493,,2.400003978,7.500012432,2.100003481,-28.9,-18.9,56.6,7.874655645,1024,1684,391,364,,225.721792,577.099756,91,7.68,6.592,N,1.1980672,Calm
24.2,32.8247831,-95.30604564,492,,2.60000431,7.200011935,2.500004144,-27.6,-21,47.3,7.655076303,1024,1684,424,364,,225.721792,585.301856,91,7.68,6.592,N,0.8985504,Calm
24.3,32.82478572,-95.30603809,491,,2.900004807,6.900011437,2.800004641,-26.6,-22.4,37.7,7.484663314,1024,1684,551,364,,225.721792,593.503956,91,7.68,6.592,N,0.5990336,Calm
24.4,32.82478889,-95.30603016,490,,3.100005139,6.500010774,3.200005304,-26,-23.1,28.1,7.201400441,944,1684,773,364,,225.721792,602.03414,91,7.68,6.592,N,0.3978656,Calm
24.5,32.82479206,-95.30602376,489,,3.600005967,6.000009946,3.200005304,-23.7,-21.1,16.7,6.997153676,594,1503,1024,364,,225.721792,609.580072,91,7.68,6.592,N,0.1966976,Calm
24.6,32.82479559,-95.30601807,488,,4.200006962,5.100008454,2.500004144,-26.8,-23.5,8.1,6.606825171,364,965,1344,1097,,225.721792,616.79792,91,7.68,6.592,E,0,Calm
24.7,32.82479953,-95.30601342,487,,4.700007791,4.200006962,2.100003481,-27.3,-23.6,-0.9,6.30318398,579,686,1289,1684,,225.721792,623.031516,91,7.68,6.592,S,0.0983488,Calm
24.8,32.82480452,-95.30600907,486,,5.100008454,3.100005139,1.600002652,-29.1,-19.7,-10.5,5.96825893,1024,745,1315,1684,,225.721792,629.593196,91,7.68,6.592,S,0.2995168,Calm
24.9,32.82480943,-95.30600698,486,,5.20000862,2.000003315,1.100001823,-19.9,-8,-18.2,5.5713643,1182,733,1487,1684,,225.721792,634.514456,91,7.68,6.592,S,0.4962144,Calm
25,32.82481385,-95.30600545,486,,5.100008454,1.200001989,0.600000995,-4.7,-4.9,-15.3,5.239283319,1490,846,1553,1684,,225.721792,638.451464,91,7.68,6.592,S,0.6973824,Calm
25.1,32.8248184,-95.30600447,486,,5.000008288,1.000001658,0.300000497,3.7,-8.3,-8.2,5.099027648,1684,851,1552,1684,,225.721792,642.060388,91,7.904,4.415,S,0.7957312,Calm
25.2,32.8248227,-95.3060035,486,,5.000008288,0.900001492,0,9,-11.5,0.2,5.080362387,1684,769,1551,1684,,225.721792,645.341228,91,7.904,4.415,S,0.9968992,Calm
25.3,32.82482725,-95.30600241,486,,5.000008288,1.100001823,-0.300000497,19.7,-13,8.4,5.119578524,1684,706,1513,1684,,225.721792,648.950152,91,7.904,4.415,S,1.0997184,Calm
25.4,32.82483207,-95.30600071,486,,5.000008288,1.500002486,-0.70000116,28,-12.1,17.3,5.22016163,1684,703,1481,1684,,209.645676,653.543328,91,7.904,4.415,S,1.1980672,Calm
25.5,32.82483628,-95.30599823,486,,4.800007956,2.200003647,-1.200001989,32.2,-8.6,27.5,5.280160209,1684,739,1467,1684,,206.364836,658.136504,91,7.904,4.415,S,1.0997184,Calm
25.6,32.82484004,-95.30599523,487,,4.200006962,3.000004973,-1.700002818,34.5,-5.3,37.4,5.161403586,1684,739,1467,1684,,200.13124,663.057764,91,7.904,4.415,SE,0.9968992,Calm
25.7,32.82484393,-95.30599019,488,,3.400005636,3.800006299,-2.200003647,35.3,-2.8,47.5,5.099027648,1684,878,1024,1390,,202.099744,669.947528,91,7.904,4.415,SE,0.8985504,Calm
25.8,32.82484646,-95.30598549,488,,2.500004144,4.200006962,-2.500004144,35.2,-1.7,56.1,4.887747603,1684,903,1024,1024,,202.099744,675.524956,91,7.904,4.415,SE,0.8985504,Calm
25.9,32.82484814,-95.30598093,489,,1.900003149,4.400007293,-2.200003647,28.5,-3.2,63.8,4.792710476,1684,904,1024,1024,,202.099744,680.446216,91,7.904,4.415,SE,0.8985504,Calm
26,32.82484936,-95.30597572,490,,1.500002486,4.400007293,-1.900003149,26,1.2,72.3,4.648663012,1684,904,1024,1024,,202.099744,685.69556,91,7.904,4.415,E,0.9968992,Calm
26.1,32.82485042,-95.30597091,490,,1.100001823,4.300007128,-1.600002652,31,4.4,77.2,4.438475532,1684,910,1024,1024,,202.099744,690.288736,91,7.829,4.415,E,0.9968992,Calm
26.2,32.82485095,-95.30596718,490,,0.600000995,4.200006962,-1.200001989,32.4,6.2,78.6,4.242647425,1684,928,1102,1024,,202.099744,693.89766,91,7.829,4.415,E,1.0997184,Calm
26.3,32.82485124,-95.30596253,491,,0.100000166,4.100006796,-0.800001326,33.2,8.2,80.2,4.101225874,1684,1024,1386,737,,202.099744,698.162752,91,7.829,4.415,E,1.1980672,Calm
26.4,32.82485099,-95.30595775,491,,-0.400000663,3.900006465,-0.600000995,34.9,11.9,83,3.92046525,1684,1024,1684,443,,202.099744,702.09976,91,7.829,4.415,E,1.296416,Calm
26.5,32.82484994,-95.3059537,491,,-1.300002155,3.600005967,-0.800001326,31.4,14.6,86.5,3.827538151,1684,1024,1684,441,,202.099744,705.052516,91,7.829,4.415,E,1.3992352,Calm
26.6,32.82484802,-95.30595029,492,,-2.300003812,3.000004973,-1.400002321,16.9,6.8,80.2,3.780217626,1024,801,1684,562,,202.099744,706.692936,91,7.829,4.415,E,1.497584,Calm
26.7,32.82484539,-95.3059475,492,,-2.700004476,2.800004641,-1.800002984,7,-12.4,70.3,3.889736168,792,364,1684,672,,202.099744,707.677188,91,7.829,4.415,E,1.5959328,Calm
26.8,32.82484294,-95.30594436,493,,-2.700004476,3.000004973,-2.000003315,-4,-29.5,63.2,4.036093487,790,364,1684,766,,202.099744,708.989524,91,7.829,4.415,NE,1.698752,Calm
26.9,32.82484079,-95.30594106,494,,-2.100003481,3.400005636,-2.300003812,-17,-24.7,60.5,3.996254624,855,364,1684,775,,202.099744,710.629944,91,7.829,4.415,NE,1.7971008,Calm
27,32.82483931,-95.30593762,494,,-1.200001989,3.400005636,-2.900004807,-21.8,-7,57.5,3.605556863,927,364,1684,898,,202.099744,712.926532,91,7.829,4.415,NE,1.89992,Calm
27.1,32.8248393,-95.30593391,496,,-0.600000995,2.900004807,-3.600005967,-19.1,13.6,52.3,2.961423186,978,364,1684,933,,202.099744,716.207372,91,7.829,6.164,NE,1.9982688,Calm
27.2,32.8248389,-95.30593058,497,,-0.500000829,2.000003315,-4.100006796,-8.5,30.9,49,2.061555806,1024,364,1684,944,,202.099744,718.832044,91,7.829,6.164,NE,1.9982688,Calm
27.3,32.82483827,-95.30592911,498,,-1.000001658,1.000001658,-4.500007459,5.2,35.9,51.8,1.41421551,1024,364,1684,984,,202.099744,719.816296,91,7.829,6.164,NE,2.0966176,Calm
27.4,32.82483694,-95.30592811,500,,-1.800002984,0.200000332,-4.700007791,12.1,32.2,52.6,1.811079741,1024,364,1684,1024,,202.099744,719.816296,91,7.829,6.164,NE,2.1994368,Calm
27.5,32.82483432,-95.30592886,502,,-2.500004144,-0.100000166,-4.800007956,10.6,25,49.6,2.502003307,1024,817,1186,1024,,202.099744,717.519708,91,7.829,6.164,NE,2.1994368,Calm
27.6,32.82483189,-95.30592922,503,,-3.000004973,-0.500000829,-4.800007956,6.5,20.8,47.3,3.041386124,1024,1169,525,1225,,202.099744,715.879288,91,7.829,6.164,NE,2.2977856,Calm
27.7,32.82482825,-95.30593038,505,,-3.30000547,-0.70000116,-4.600007625,2.7,12,46.7,3.373430896,1024,1618,364,1234,,202.099744,712.926532,91,7.829,6.164,NE,2.3961344,Calm
27.8,32.82482557,-95.30593131,507,,-3.30000547,-0.800001326,-4.200006962,-0.9,-7.1,47.1,3.395590669,1098,1684,364,1478,,202.099744,710.629944,91,7.829,6.164,NE,2.3961344,Calm
27.9,32.82482261,-95.30593197,508,,-3.200005304,-0.800001326,-3.900006465,-4.6,-26.6,48.9,3.298489557,1338,1684,364,1684,,202.099744,708.333356,91,7.829,6.164,NE,2.4989536,Calm
28,32.8248194,-95.30593283,510,,-2.900004807,-0.600000995,-3.500005802,-12.2,-34.2,52.5,2.961423186,1573,1684,364,1684,,202.099744,706.036768,91,7.829,6.164,NE,2.4989536,Calm
28.1,32.8248175,-95.3059331,511,,-2.400003978,-0.400000663,-3.100005139,-19.4,-21.1,56.8,2.433108631,1684,1684,364,1684,,202.099744,704.724432,91,7.641,6.93,NE,2.1994368,Calm
28.2,32.82481568,-95.30593355,512,,-1.900003149,-0.400000663,-2.800004641,-13.7,-7.1,61.7,1.941651631,1684,1684,364,1512,,202.099744,703.084012,91,7.641,6.93,NE,1.9982688,Calm
28.3,32.82481414,-95.30593353,513,,-1.800002984,-0.400000663,-2.500004144,-7.1,-2,69.3,1.8439117,1684,1684,798,1158,,202.099744,702.427844,91,7.641,6.93,E,1.89992,Calm
28.4,32.82481247,-95.30593397,514,,-1.700002818,-0.500000829,-2.100003481,-1.4,-4,78,1.772007104,1684,1684,1024,1024,,202.099744,701.115508,91,7.641,6.93,E,1.698752,Calm
28.5,32.82481118,-95.3059341,515,,-1.700002818,-0.500000829,-1.700002818,9.3,-15.5,84.1,1.772007104,1684,1684,1024,1024,,202.099744,700.45934,91,7.641,6.93,E,1.5959328,Calm
28.6,32.8248098,-95.30593433,515,,-1.800002984,-0.300000497,-1.300002155,20.9,-24.7,84,1.824831585,1684,1684,1024,1024,,202.099744,699.475088,91,7.641,6.93,E,1.698752,Calm
28.7,32.82480747,-95.30593451,516,,-2.100003481,0,-0.900001492,25.3,-24.3,84,2.100003481,1684,1684,1024,1024,,202.099744,697.834668,91,7.641,6.93,E,1.7971008,Calm
28.8,32.82480551,-95.30593427,516,,-2.400003978,0.200000332,-0.500000829,25.3,-23.5,85,2.408322499,1684,1684,1024,1127,,202.099744,697.1785,91,7.641,6.93,E,1.89992,Calm
28.9,32.8248034,-95.30593369,516,,-2.700004476,0.500000829,-0.200000332,24.7,-23.6,85.7,2.745910566,1684,1684,798,1664,,202.099744,696.522332,91,7.641,6.93,E,1.9982688,Calm
29,32.82480006,-95.30593215,516,,-3.000004973,0.800001326,-0.100000166,24.1,-23.2,85.8,3.104839876,1684,1684,651,1684,,202.099744,696.194248,91,7.641,6.93,E,1.9982688,Calm
29.1,32.82479684,-95.30593133,516,,-3.400005636,1.100001823,0,25.6,-17.2,87.1,3.573519294,1684,1684,467,1684,,202.099744,695.53808,91,7.829,6.93,E,2.0966176,Calm
29.2,32.82479319,-95.30592974,516,,-3.700006133,1.200001989,0.300000497,23,1.9,94.2,3.889736168,1684,1684,467,1684,,202.099744,694.881912,91,7.829,6.93,E,2.1994368,Calm
29.3,32.82478985,-95.30592844,516,,-3.900006465,1.000001658,0.600000995,23.2,17.2,105.2,4.026170988,1684,1684,364,1684,,202.099744,694.553828,91,7.829,6.93,E,2.2977856,Calm
29.4,32.82478561,-95.30592723,515,,-4.100006796,0.70000116,0.900001492,22.8,22,115.7,4.159333475,1684,1684,364,1317,,202.099744,693.569576,91,7.829,6.93,E,2.2977856,Calm
29.5,32.82478227,-95.3059268,515,,-4.200006962,0.300000497,1.300002155,18.6,19.9,123.8,4.210707311,1684,1684,364,767,,202.099744,692.25724,91,7.829,6.93,E,2.3961344,Calm
29.6,32.82477763,-95.30592652,515,,-4.200006962,0,1.600002652,12.4,3.1,129.8,4.200006962,1684,1684,420,364,,202.099744,690.61682,91,7.829,6.93,NE,2.3961344,Calm
29.7,32.82477407,-95.30592663,514,,-4.300007128,0,1.900003149,10.6,-14.8,132.8,4.300007128,1684,1684,711,364,,202.099744,688.648316,91,7.829,6.93,NE,2.4989536,Calm
29.8,32.82477,-95.30592722,513,,-4.500007459,0,2.300003812,1.7,-24.7,129,4.500007459,1684,1684,999,364,,202.099744,686.351728,91,7.829,6.93,NE,2.4989536,Calm
29.9,32.82476608,-95.30592681,512,,-4.700007791,0.200000332,2.400003978,-10.8,-23.8,122.8,4.704260929,1601,1684,1024,364,,202.099744,685.039392,91,7.829,6.93,NE,2.5973024,Calm
30,32.82476165,-95.30592613,512,,-4.600007625,0.800001326,1.900003149,-18.4,-22.9,114.3,4.669054741,1281,1684,1113,367,,202.099744,683.727056,91,7.829,6.93,NE,2.5973024,Calm
30.1,32.82475838,-95.30592484,511,,-4.200006962,1.400002321,1.400002321,-21.3,-25.1,105.8,4.427195819,1216,1684,1024,1024,,202.099744,683.398972,91,7.829,3.923,NE,2.6956512,Calm
30.2,32.82475385,-95.30592237,511,,-3.800006299,2.000003315,1.000001658,-11.3,-21,94.7,4.294188902,1321,1684,1024,1049,,202.099744,683.727056,91,7.829,3.923,NE,2.6956512,Calm
30.3,32.82475097,-95.30591979,510,,-3.500005802,2.400003978,0.500000829,0.7,-28.5,86.3,4.243825823,1375,1684,963,1024,,202.099744,685.039392,91,7.829,3.923,NE,2.7984704,Calm
30.4,32.82474726,-95.30591635,510,,-3.500005802,2.900004807,0.400000663,6.9,-35.1,81.5,4.545334633,1375,1684,831,1024,,202.099744,686.679812,91,7.829,3.923,NE,2.7984704,Calm
30.5,32.82474438,-95.30591264,510,,-3.500005802,3.500005802,0.300000497,9.1,-36.3,79.8,4.949755628,1375,1684,364,1026,,202.099744,688.9764,91,7.829,3.923,NE,2.7984704,Calm
30.6,32.82474117,-95.30590833,510,,-3.500005802,4.00000663,0.400000663,10.1,-37,78.4,5.315081633,1375,1684,400,1627,,202.099744,691.929156,91,7.829,3.923,NE,2.8968192,Calm
30.7,32.82473836,-95.30590425,510,,-3.400005636,4.300007128,0.800001326,12.7,-35.9,77.4,5.481796707,1374,1684,364,1684,,202.099744,694.553828,91,7.829,3.923,NE,2.8968192,Calm
30.8,32.82473505,-95.30589915,510,,-3.500005802,4.500007459,1.100001823,22.2,-19.8,75.9,5.700886541,1374,1684,364,1682,,202.099744,698.162752,91,7.829,3.923,NE,2.8968192,Calm
30.9,32.82473198,-95.30589466,509,,-3.700006133,4.700007791,1.300002155,26.8,-1,80.6,5.981648225,1374,1684,364,1406,,202.099744,701.443592,91,7.829,3.923,NE,2.8968192,Calm
31,32.82472827,-95.30588933,509,,-4.00000663,4.600007625,1.400002321,30.9,10.3,94.3,6.095910308,1374,1684,364,1024,,202.099744,705.052516,91,7.829,3.923,NE,2.9996384,Calm
31.1,32.82472368,-95.3058844,508,,-4.400007293,4.200006962,1.600002652,26.3,9.1,104.7,6.082772249,1374,1684,364,716,,202.099744,708.333356,91,7.759,5.44,NE,2.9996384,Calm
31.2,32.82471888,-95.30587963,508,,-4.700007791,3.900006465,1.800002984,16.6,-8.2,107.8,6.107382695,1374,1684,364,366,,202.099744,711.286112,91,7.759,5.44,NE,2.9996384,Calm
31.3,32.82471524,-95.30587662,507,,-4.800007956,3.900006465,2.200003647,11.5,-23.9,111.6,6.184668311,1374,1684,364,366,,202.099744,712.926532,91,7.759,5.44,NE,2.9996384,Calm
31.4,32.82471021,-95.30587195,506,,-4.900008122,4.00000663,2.60000431,-6.3,-27.8,115.6,6.32535627,1371,1684,550,364,,202.099744,715.879288,91,7.759,5.44,NE,2.9996384,Calm
31.5,32.824706,-95.30586791,505,,-4.900008122,4.100006796,3.000004973,-21,-23.5,112.8,6.389063493,1372,1684,693,364,,202.099744,718.50396,91,7.759,5.44,NE,2.9996384,Calm
31.6,32.8247018,-95.30586379,504,,-4.700007791,4.300007128,3.30000547,-25.1,-21.4,103,6.370253838,1373,1684,1297,519,,202.099744,721.128632,91,7.759,5.44,NE,2.7984704,Calm
31.7,32.8246979,-95.30585931,503,,-4.200006962,4.600007625,3.200005304,-26,-16.1,91.4,6.228974893,1373,1684,1297,519,,202.099744,724.409472,91,7.759,5.44,NE,2.7984704,Calm
31.8,32.82469427,-95.30585362,501,,-3.400005636,4.800007956,2.60000431,-25,-16.7,82.4,5.882185848,1373,1684,987,1024,,202.099744,729.002648,91,7.759,5.44,NE,2.7984704,Calm
31.9,32.82469159,-95.30584781,500,,-2.700004476,5.000008288,2.200003647,-14.7,-25,74.3,5.682438094,1376,1684,919,1024,,202.099744,733.923908,91,7.759,5.44,NE,2.7984704,Calm
32,32.82468956,-95.30584279,499,,-2.200003647,5.300008785,1.900003149,-4.1,-32,67.1,5.738475899,1376,1684,1024,1024,,202.099744,738.189,91,7.759,5.44,NE,2.7984704,Calm
32.1,32.82468818,-95.3058364,499,,-1.800002984,5.700009448,1.500002486,0.8,-33.9,64.8,5.977467507,1380,1684,1024,1024,,202.099744,744.094512,91,7.759,5.44,NE,2.7984704,Calm
32.2,32.82468687,-95.30583012,498,,-1.400002321,6.300010443,1.100001823,3.7,-34.5,63.6,6.453691619,1380,1684,1024,1045,,202.099744,750.000024,91,7.759,5.44,NE,2.8968192,Calm
32.3,32.82468561,-95.30582198,498,,-1.100001823,6.800011272,0.70000116,7.1,-34.1,62.4,6.888407173,1379,1684,1067,1388,,202.099744,757.545956,91,7.759,5.44,NE,2.8968192,Calm
32.4,32.82468487,-95.30581464,497,,-0.900001492,7.400012266,0.300000497,14.8,-31.2,61,7.454540864,1375,1684,1254,1447,,202.099744,764.763804,91,7.759,5.44,NE,2.8968192,Calm
32.5,32.82468412,-95.30580723,497,,-1.000001658,7.800012929,0,23.1,-15.7,61.9,7.863854265,1373,1684,1239,1238,,202.099744,771.653568,91,7.759,5.44,NE,2.9996384,Calm
32.6,32.82468241,-95.30579765,498,,-1.500002486,8.100013427,-0.600000995,22.4,-0.5,68.2,8.237731698,1374,1684,1024,1024,,202.099744,780.83992,91,7.759,5.44,NE,2.9996384,Calm
32.7,32.82468005,-95.30578884,498,,-2.000003315,8.000013261,-1.000001658,12,-12.3,71.1,8.246224564,1374,1684,1024,1024,,202.099744,789.04202,91,7.759,5.44,NE,2.9996384,Calm
32.8,32.82467794,-95.30578036,498,,-2.100003481,7.800012929,-0.600000995,4.9,-33,73.4,8.077760222,1375,1684,1024,1024,,202.099744,796.916036,91,7.759,5.44,NE,3.0979872,Calm
32.9,32.82467602,-95.3057729,498,,-2.100003481,7.700012764,0.100000166,7.3,-35,72.4,7.981241157,1374,1684,1024,1024,,202.099744,803.8058,91,7.759,5.44,NE,3.0979872,Calm
33,32.82467396,-95.3057643,498,,-2.000003315,8.100013427,0,8.9,-29.1,72.1,8.343274266,1374,1684,1024,1024,,202.099744,811.679816,91,7.759,5.44,NE,3.0979872,Calm
33.1,32.82467247,-95.30575581,498,,-2.000003315,8.300013758,-0.200000332,10.2,-30.1,72.5,8.537577967,1374,1684,1024,1024,,202.099744,819.881916,91,7.669,8.708,NE,3.196336,Calm
33.2,32.82467073,-95.30574745,498,,-2.000003315,8.400013924,0,11.5,-32.9,71.6,8.634827495,1374,1684,1024,1024,,202.099744,827.755932,91,7.669,8.708,NE,3.196336,Calm
33.3,32.82466879,-95.30573807,498,,-2.000003315,8.600014255,0.100000166,12.6,-31.5,71.4,8.829510286,1374,1684,1024,1024,,202.099744,836.6142,91,7.669,8.708,NE,3.196336,Calm
33.4,32.82466669,-95.30572764,498,,-2.100003481,8.900014753,0,12.5,-31.6,71.7,9.144411968,1375,1684,1024,1024,,202.099744,846.784804,91,7.669,8.708,NE,3.196336,Calm
33.5,32.82466481,-95.30571795,498,,-2.100003481,9.100015084,0,12.1,-32.6,71.5,9.339180143,1375,1684,1024,1024,,202.099744,855.971156,91,7.669,8.708,NE,3.2991552,Calm
33.6,32.82466321,-95.30570959,498,,-2.100003481,9.300015416,0,11.7,-32.6,71.4,9.534164686,1375,1684,1024,1024,,202.099744,863.845172,91,7.669,8.708,NE,3.2991552,Calm
33.7,32.82466103,-95.30569888,498,,-2.100003481,9.500015747,0,11.6,-32.9,71.5,9.729353079,1375,1684,659,1024,,202.099744,874.015776,91,7.669,8.708,NE,3.2991552,Calm
33.8,32.82465888,-95.30568743,498,,-2.100003481,9.600015913,0,11.8,-33.2,71.4,9.827019696,1375,1684,364,1024,,202.099744,885.170632,91,7.669,8.708,NE,3.2991552,Calm
33.9,32.82465722,-95.30567858,498,,-2.100003481,9.600015913,0.300000497,11.9,-34.4,71,9.827019696,1375,1684,364,1024,,202.099744,893.700816,91,7.669,8.708,NE,3.397504,Calm
34,32.82465497,-95.30566753,498,,-2.100003481,9.600015913,0.600000995,12.9,-33.6,71,9.827019696,1375,1684,364,1024,,202.099744,904.199504,91,7.669,8.708,NE,3.397504,Calm
34.1,32.82465292,-95.30565746,498,,-2.100003481,9.600015913,0.900001492,13.6,-33.1,70.9,9.827019696,1375,1684,364,1024,,202.099744,914.042024,91,7.661,8.708,NE,3.397504,Calm
34.2,32.82465071,-95.30564612,497,,-2.100003481,9.600015913,1.200001989,15,-33.2,70.8,9.827019696,1375,1684,364,1024,,202.099744,924.868796,91,7.661,8.708,NE,3.397504,Calm
34.3,32.82464859,-95.30563764,497,,-2.200003647,9.600015913,1.600002652,14.9,-32.8,70.7,9.848873693,1375,1684,364,1024,,202.099744,933.070896,91,7.661,8.708,NE,3.397504,Calm
34.4,32.8246466,-95.30562769,496,,-2.200003647,9.500015747,1.900003149,14,-32.9,70.6,9.751426126,1375,1684,364,1024,,202.099744,942.913416,91,7.661,8.708,NE,3.397504,Calm
34.5,32.82464438,-95.30561745,495,,-2.200003647,9.500015747,2.300003812,14.5,-33.3,70.4,9.751426126,1369,1684,364,1024,,202.099744,952.755936,91,7.661,8.708,NE,3.397504,Calm
34.6,32.82464218,-95.30560688,494,,-2.300003812,9.500015747,2.60000431,14.7,-32.3,70.7,9.774472379,1369,1684,364,1024,,202.099744,962.92654,91,7.661,8.708,NE,3.4958528,Calm
34.7,32.82464012,-95.30559729,493,,-2.300003812,9.400015581,3.000004973,15.3,-32.2,70.6,9.677308682,1369,1684,364,1024,,202.099744,972.440976,91,7.661,8.708,NE,3.4958528,Calm
34.8,32.8246376,-95.30558608,492,,-2.300003812,9.400015581,3.400005636,15.3,-32.4,70.5,9.677308682,1351,1684,364,1024,,202.099744,983.267748,91,7.661,8.708,NE,3.4958528,Calm
34.9,32.82463574,-95.30557751,490,,-2.400003978,9.400015581,3.700006133,15.1,-32.4,70.5,9.701561943,1335,1684,364,1024,,202.099744,991.469848,91,7.661,8.708,NE,3.4958528,Calm
35,32.82463322,-95.30556655,489,,-2.400003978,9.400015581,4.100006796,15.2,-32.4,70.7,9.701561943,1321,1684,364,1024,,202.099744,1002.29662,91,7.661,8.708,NE,3.4958528,Calm
35.1,32.82463092,-95.30555648,488,,-2.400003978,9.400015581,4.400007293,14.9,-32.2,70.9,9.701561943,1314,1684,364,1024,,202.099744,1012.13914,90,7.661,6.419,NE,3.4958528,Calm
35.2,32.82462875,-95.30554703,486,,-2.500004144,9.500015747,4.700007791,14.4,-31.8,71.2,9.823457234,1314,1684,364,1024,,202.099744,1021.325492,90,7.661,6.419,NE,3.4958528,Calm
35.3,32.82462603,-95.30553519,484,,-2.500004144,9.600015913,4.800007956,13.4,-32,71.4,9.920197584,1308,1684,1024,1024,,202.099744,1032.808432,90,7.661,6.419,NE,3.4958528,Calm
35.4,32.82462378,-95.30552538,482,,-2.500004144,9.800016244,4.700007791,13,-30.3,72.4,10.11386828,1308,1684,1024,1024,,202.099744,1042.322868,90,7.661,6.419,NE,3.4958528,Calm
35.5,32.82462127,-95.30551421,480,,-2.60000431,10.20001691,4.200006962,11.1,-31,72.8,10.52617506,1308,1684,1024,1024,,202.099744,1053.477724,90,7.661,6.419,NE,3.4958528,Calm
35.6,32.82461916,-95.30550476,478,,-2.60000431,10.5000174,3.800006299,8.3,-32.4,72.6,10.81713372,1296,1684,1024,1024,,202.099744,1062.664076,90,7.661,6.419,NE,3.4958528,Calm
35.7,32.82461663,-95.30549227,476,,-2.60000431,10.90001807,3.400005636,7,-32.6,73.1,11.20582025,1290,1684,1024,1024,,202.099744,1074.803184,90,7.661,6.419,NE,3.598672,Calm
35.8,32.82461418,-95.30547983,475,,-2.500004144,11.20001857,2.900004807,6.8,-33,73.2,11.4756451,1287,1684,1024,1024,,202.099744,1087.270376,90,7.661,6.419,NE,3.598672,Calm
35.9,32.82461207,-95.30546846,473,,-2.400003978,11.4000189,2.500004144,6.6,-33.4,72.8,11.64991157,1287,1684,1024,1024,,202.099744,1098.425232,90,7.661,6.419,NE,3.598672,Calm
36,32.82460966,-95.30545464,472,,-2.300003812,11.70001939,2.100003481,6.2,-33.4,72.7,11.92394486,1288,1684,1034,1024,,202.099744,1112.20476,90,7.661,6.419,NE,3.598672,Calm
36.1,32.8246079,-95.30544381,470,,-2.200003647,11.90001973,1.700002818,6.3,-33.1,73.1,12.10167276,1289,1684,1030,1039,,202.099744,1123.031532,90,7.855,6.311,NE,3.598672,Calm
36.2,32.82460536,-95.30542738,469,,-2.100003481,12.20002022,1.300002155,6.8,-33.1,72.8,12.37943883,1288,1684,1034,1117,,202.099744,1139.107648,90,7.855,6.311,NE,3.598672,Calm
36.3,32.82460377,-95.30541627,469,,-2.000003315,12.40002055,0.900001492,7.6,-33.7,72.3,12.56027545,1289,1684,1024,1226,,157.152236,1150.262504,90,7.855,6.311,NE,3.598672,Calm
36.4,32.82460172,-95.30540134,469,,-1.900003149,12.60002089,0.600000995,9.8,-33.2,72.1,12.74246973,1289,1684,1024,1310,,157.152236,1165.026284,90,7.855,6.311,NE,3.598672,Calm
36.5,32.82459987,-95.30538788,469,,-1.900003149,12.70002105,0.200000332,16.1,-30.3,71.1,12.84136035,1289,1684,1024,1311,,166.666672,1178.477728,90,7.855,6.311,NE,3.598672,Calm
36.6,32.82459795,-95.30537412,469,,-2.100003481,12.80002122,0,22.5,-27,70.8,12.97114321,1287,1684,1024,1256,,166.666672,1192.257256,90,7.855,6.311,NE,3.598672,Calm
36.7,32.82459581,-95.3053617,469,,-2.500004144,12.80002122,0,24.4,-26.9,72,13.04187701,1286,1684,1024,1253,,144.028876,1204.724448,90,7.855,6.311,NE,3.598672,Calm
36.8,32.82459318,-95.30534662,469,,-2.700004476,12.70002105,0,21.9,-29.4,74.4,12.98385748,1286,1684,1024,1239,,147.309716,1219.488228,90,7.855,6.311,NE,3.598672,Calm
36.9,32.8245901,-95.30533321,469,,-3.000004973,12.60002089,0,20.9,-29,77,12.95224102,1284,1684,1024,1117,,147.309716,1232.939672,90,7.855,6.311,NE,3.598672,Calm
37,32.82458726,-95.30532024,469,,-3.30000547,12.60002089,0,19.9,-28.8,78.5,13.02499723,1278,1684,1024,1024,,153.871396,1245.734948,90,7.855,6.311,NE,3.598672,Calm
37.1,32.82458391,-95.30530703,469,,-3.500005802,12.60002089,0,14.1,-32.4,80.9,13.07710063,1179,1684,1024,1024,,155.8399,1259.186392,90,7.609,6.311,NE,3.598672,Calm
37.2,32.82458013,-95.30529243,469,,-3.600005967,12.50002072,0,9.9,-33.9,83.4,13.00809554,1024,1684,1024,1024,,162.40158,1273.622088,90,7.609,6.311,NE,3.598672,Calm
37.3,32.82457716,-95.30528101,468,,-3.700006133,12.60002089,0,8.3,-33.9,83.6,13.13204364,1024,1684,1024,1024,,161.417328,1285.105028,90,7.609,6.311,NE,3.598672,Calm
37.4,32.82457324,-95.30526601,469,,-3.800006299,12.70002105,0,3.6,-35.3,84.9,13.25634087,1024,1684,1024,1024,,165.68242,1299.868808,90,7.609,6.311,NE,3.598672,Calm
37.5,32.82457006,-95.3052538,468,,-3.700006133,12.70002105,0,-1,-35.4,86.9,13.22802223,1024,1684,1024,1024,,165.68242,1312.336,90,7.609,6.311,NE,3.598672,Calm
37.6,32.82456689,-95.30524085,468,,-3.600005967,12.70002105,0,-3.3,-34.3,87.4,13.20040052,1024,1684,1024,1024,,165.68242,1325.131276,90,7.609,6.311,NE,3.4958528,Calm
37.7,32.8245632,-95.30522498,468,,-3.400005636,12.80002122,0,-3.4,-34.7,87.4,13.24388813,920,1684,1024,1024,,168.96326,1341.207392,90,7.609,6.311,NE,3.4958528,Calm
37.8,32.82456009,-95.3052112,468,,-3.30000547,12.70002105,0,-3.6,-34.8,87.6,13.12175903,891,1684,1024,1024,,163.385832,1354.98692,90,7.609,6.311,NE,3.4958528,Calm
37.9,32.82455744,-95.30519975,468,,-3.200005304,12.80002122,0,-4.8,-34.6,87.7,13.19395957,821,1684,1024,1024,,163.385832,1366.46986,90,7.609,6.311,NE,3.397504,Calm
38,32.82455423,-95.30518463,468,,-3.100005139,12.80002122,0,-7,-34.1,88.4,13.17006349,785,1684,1024,1024,,163.385832,1381.561724,90,7.609,6.311,NE,3.397504,Calm
38.1,32.82455148,-95.30517115,468,,-2.900004807,12.70002105,0,-9.2,-33.8,89.3,13.02691682,785,1684,1024,1024,,163.385832,1395.013168,90,7.609,10.093,NE,3.397504,Calm
38.2,32.82454859,-95.30515618,469,,-2.700004476,12.70002105,0,-11,-32.8,89.8,12.98385748,789,1684,1024,1024,,162.40158,1410.105032,90,7.609,10.093,NE,3.397504,Calm
38.3,32.8245462,-95.30514253,469,,-2.500004144,12.60002089,0,-12.5,-32.8,90.3,12.84564299,789,1684,1024,1024,,163.385832,1423.88456,90,7.609,10.093,NE,3.397504,Calm
38.4,32.82454409,-95.30512971,469,,-2.300003812,12.50002072,0,-13.3,-32.7,90.5,12.70985951,785,1684,1024,1024,,173.228352,1436.679836,90,7.609,10.093,NE,3.397504,Calm
38.5,32.82454212,-95.30511637,469,,-2.100003481,12.50002072,0,-13.7,-32.3,90.6,12.67519334,785,1684,1024,1024,,163.385832,1450.13128,90,7.609,10.093,NE,3.397504,Calm
38.6,32.82454038,-95.30510297,469,,-1.800002984,12.50002072,0,-13.8,-32.4,90.6,12.62895555,636,1684,1024,1024,,162.40158,1463.910808,90,7.609,10.093,NE,3.397504,Calm
38.7,32.82453892,-95.30509084,469,,-1.600002652,12.50002072,0,-14.9,-31.7,90.7,12.60200485,617,1684,1024,1024,,162.40158,1476.049916,90,7.609,10.093,NE,3.397504,Calm
38.8,32.82453746,-95.30507676,469,,-1.400002321,12.50002072,0,-17.3,-30.6,91.2,12.57817628,616,1684,1024,1024,,160.104992,1490.157528,90,7.609,10.093,NE,3.4958528,Calm
38.9,32.82453627,-95.3050635,469,,-1.100001823,12.40002055,0,-19,-29.9,91.9,12.44871528,671,1684,1024,1024,,160.104992,1503.608972,90,7.609,10.093,NE,3.4958528,Calm
39,32.82453537,-95.30505019,469,,-0.800001326,12.30002039,0,-19.5,-29.8,92.1,12.32600906,800,1684,1024,1024,,167.650924,1517.060416,90,7.609,10.093,NE,3.4958528,Calm
39.1,32.82453457,-95.30503768,469,,-0.600000995,12.30002039,0,-19,-30.2,92,12.31464575,1024,1089,1024,1024,,157.152236,1529.527608,90,7.563,10.111,NE,3.4958528,Calm
39.2,32.824534,-95.30502256,469,,-0.400000663,12.20002022,0,-16.9,-31.5,91.7,12.20657562,1024,1024,1024,1024,,151.574808,1544.619472,90,7.563,10.111,NE,3.4958528,Calm
39.3,32.82453362,-95.30501145,469,,-0.200000332,12.20002022,0,-15.4,-32.6,91.3,12.20165907,1024,1024,1024,1024,,152.55906,1555.774328,90,7.563,10.111,NE,3.4958528,Calm
39.4,32.82453335,-95.30499844,469,,-0.100000166,12.20002022,0,-14.4,-32,90.8,12.20042971,985,1317,1024,1024,,159.12074,1568.897688,90,7.563,10.111,NE,3.4958528,Calm
39.5,32.82453318,-95.30498535,469,,0,12.20002022,0,-13.7,-31.4,90.7,12.20002022,1024,1649,1024,1024,,159.12074,1582.021048,90,7.563,10.111,NE,3.598672,Calm
39.6,32.82453299,-95.30497148,469,,0,12.20002022,0,-13,-33.3,90.9,12.20002022,1018,1684,1024,1024,,159.12074,1596.12866,90,7.563,10.111,NE,3.598672,Calm
39.7,32.82453289,-95.30495777,469,,0,12.10002006,0,-10.3,-34.1,90,12.10002006,831,1684,1024,1024,,158.136488,1609.908188,90,7.563,10.111,NE,3.598672,Calm
39.8,32.8245328,-95.30494667,469,,0,12.20002022,0,-9.9,-33.2,89.4,12.20002022,955,1591,1024,1024,,163.385832,1621.063044,90,7.563,10.111,N,3.598672,Calm
39.9,32.82453272,-95.30493346,469,,0,12.20002022,0,-12.7,-31.9,90.2,12.20002022,1024,1024,1024,1024,,158.136488,1634.514488,90,7.563,10.111,N,3.598672,Calm
40,32.82453264,-95.30491889,469,,0,12.20002022,0,-14.1,-32.4,91.2,12.20002022,1024,1024,1024,1024,,162.40158,1648.950184,90,7.563,10.111,N,3.598672,Calm
40.1,32.82453255,-95.30490579,469,,0.100000166,12.20002022,0,-15.7,-30.9,91.1,12.20042971,1024,986,1024,1024,,166.666672,1662.073544,90,7.563,10.111,N,3.6970208,Calm
40.2,32.82453262,-95.30489325,469,,0.200000332,12.20002022,0,-14.8,-22.2,89.6,12.20165907,1024,1024,1024,1024,,171.916016,1674.86882,90,7.563,10.111,N,3.6970208,Calm
40.3,32.82453278,-95.30488222,469,,0.400000663,12.10002006,-0.400000663,-11.9,-14.4,88.6,12.10662954,1024,1024,1024,1024,,173.228352,1686.023676,90,7.563,10.111,N,3.6970208,Calm
40.4,32.82453321,-95.3048661,469,,0.400000663,11.80001956,-0.400000663,-12.3,0,87.4,11.80679713,1015,1234,1024,1024,,166.666672,1702.099792,90,7.563,10.111,N,3.6970208,Calm
40.5,32.82453348,-95.30485378,469,,0.500000829,11.30001873,-0.500000829,-9.3,17.3,87,11.31107492,988,1394,1024,1024,,164.370084,1714.566984,90,7.563,10.111,NE,3.6970208,Calm
40.6,32.8245338,-95.30484206,469,,0.500000829,10.5000174,-0.600000995,-7.4,24.8,87.6,10.51191537,947,1606,1024,1024,,176.509192,1726.378008,90,7.563,10.111,NE,3.6970208,Calm
40.7,32.82453395,-95.3048314,469,,0.400000663,9.700016079,-0.500000829,-10.7,25.2,84.9,9.708259943,909,1684,1024,1024,,177.493444,1736.876696,90,7.563,10.111,NE,3.6970208,Calm
40.8,32.82453424,-95.30482135,469,,0.400000663,9.100015084,-0.200000332,-11.7,14.9,85.3,9.108801655,886,1684,999,1024,,177.493444,1747.0473,90,7.563,10.111,NE,3.6970208,Calm
40.9,32.82453445,-95.3048133,469,,0.300000497,8.700014421,0,-12.9,-3.4,86.1,8.705184886,863,1684,621,1024,,174.212604,1755.2494,90,7.563,10.111,NE,3.6970208,Calm
41,32.82453471,-95.30480364,469,,0.300000497,8.50001409,0.500000829,-15.6,-14,86.8,8.505306149,801,1684,402,1024,,184.055124,1764.763836,90,7.563,10.111,NE,3.6970208,Calm
41.1,32.82453512,-95.30479611,469,,0.400000663,8.400013924,0.70000116,-16.2,-18,87.5,8.4095323,800,1684,364,1024,,184.055124,1772.309768,90,7.608,7.531,NE,3.6970208,Calm
41.2,32.82453572,-95.30478499,469,,0.600000995,8.400013924,0.600000995,-18.1,-21.8,88.9,8.42141507,799,1684,364,1024,,192.585308,1783.792708,90,7.608,7.531,NE,3.6970208,Calm
41.3,32.82453635,-95.30477693,469,,0.800001326,8.400013924,0.70000116,-19.4,-26.7,90.7,8.438023053,798,1684,364,1024,,186.023628,1791.666724,90,7.608,7.531,NE,3.6970208,Calm
41.4,32.82453711,-95.30476698,468,,0.900001492,8.50001409,0.900001492,-18.2,-28.5,90.8,8.547528183,799,1684,364,1024,,169.947512,1801.837328,90,7.608,7.531,NE,3.6970208,Calm
41.5,32.82453788,-95.30475864,468,,1.100001823,8.600014255,0.900001492,-17.1,-29.1,90.7,8.670077493,799,1684,364,1024,,168.96326,1810.039428,90,7.608,7.531,NE,3.6970208,Calm
41.6,32.82453914,-95.30474796,468,,1.200001989,8.800014587,0.900001492,-16.7,-31,91.4,8.881455887,796,1684,364,1024,,155.8399,1820.8662,90,7.608,7.531,NE,3.79984,Calm
41.7,32.82454022,-95.30473912,467,,1.200001989,8.800014587,1.200001989,-16.8,-32.2,91.8,8.881455887,796,1684,364,1024,,153.871396,1829.724468,90,7.608,7.531,NE,3.79984,Calm
41.8,32.82454119,-95.30473006,467,,1.200001989,8.800014587,1.600002652,-17.6,-32.1,91.9,8.881455887,793,1684,364,1024,,152.55906,1838.91082,90,7.608,7.531,NE,3.79984,Calm
41.9,32.82454234,-95.30471883,466,,1.200001989,8.900014753,1.900003149,-18,-31.3,91.9,8.980549009,789,1684,364,1024,,153.871396,1850.065676,90,7.608,7.531,NE,3.79984,Calm
42,32.82454343,-95.30470944,466,,1.200001989,8.900014753,2.200003647,-18.1,-31.1,92.1,8.980549009,790,1684,364,1024,,149.606304,1859.580112,90,7.608,7.531,NE,3.79984,Calm
42.1,32.82454437,-95.30469991,465,,1.200001989,8.900014753,2.60000431,-18.5,-30.6,91.9,8.980549009,784,1684,891,1222,,147.309716,1869.094548,90,7.785,7.531,NE,3.79984,Calm
42.2,32.82454541,-95.30469075,464,,1.200001989,8.900014753,3.000004973,-18.9,-30.5,91.9,8.980549009,765,1684,1024,1497,,148.293968,1878.2809,90,7.785,7.531,NE,3.79984,Calm
42.3,32.82454653,-95.30468121,463,,1.400002321,9.000014918,2.900004807,-10.5,-30.3,89.7,9.10825269,742,1684,1024,1684,,146.325464,1887.795336,90,7.785,7.531,NE,3.8981888,Calm
42.4,32.82454788,-95.30467007,462,,1.400002321,9.500015747,2.300003812,11.3,-27,84.2,9.602619474,734,1684,1024,1684,,146.325464,1898.950192,90,7.785,7.531,NE,3.8981888,Calm
42.5,32.8245487,-95.30466059,461,,0.800001326,9.90001641,1.700002818,27.7,-18,85.8,9.932286887,708,1684,1024,1493,,137.467196,1908.792712,90,7.785,7.531,NE,3.8981888,Calm
42.6,32.82454874,-95.30464841,461,,-0.100000166,10.00001658,1.100001823,31.6,-14.2,94.7,10.00051637,690,1684,1024,1024,,139.763784,1920.93182,90,7.785,7.531,NE,3.8981888,Calm
42.7,32.82454776,-95.30463829,461,,-1.200001989,9.90001641,0.600000995,27.4,-15,104.2,9.972478465,690,1684,1024,1024,,138.779532,1931.102424,90,7.785,7.531,NE,3.9965376,Calm
42.8,32.82454605,-95.30462696,460,,-2.000003315,9.700016079,0.300000497,9.5,-22.2,115.5,9.904055864,680,1684,1024,1024,,136.482944,1942.585364,90,7.785,7.531,NE,3.9965376,Calm
42.9,32.82454408,-95.30461738,460,,-2.400003978,9.700016079,0.400000663,-5.9,-33.2,122.9,9.992513457,680,1684,1024,745,,136.482944,1952.0998,90,7.785,7.531,NE,3.9965376,Calm
43,32.824541,-95.30460605,460,,-2.700004476,9.800016244,0.600000995,-9.5,-34.7,123,10.16515315,680,1684,1024,402,,131.2336,1963.58274,90,7.785,7.531,NE,3.9965376,Calm
43.1,32.82453838,-95.30459535,460,,-3.100005139,10.30001707,0.200000332,-18.7,-26.2,124,10.75641094,680,1684,1024,364,,150.590556,1974.409512,90,7.785,5.77,NE,3.9965376,Calm
43.2,32.82453515,-95.304583,460,,-3.100005139,10.60001757,0,-27.3,-6.2,123.8,11.04402083,681,1684,1024,364,,146.325464,1986.876704,90,7.785,5.77,NE,4.0993568,Calm
43.3,32.82453314,-95.30457287,460,,-2.60000431,10.5000174,-0.200000332,-31.6,8,115.4,10.81713372,680,1684,1024,364,,146.325464,1997.047308,90,7.785,5.77,NE,3.9965376,Calm
43.4,32.82453081,-95.30456057,460,,-2.100003481,10.30001707,-0.200000332,-33.6,10.7,103.9,10.51191537,680,1684,1024,364,,145.013128,2009.5145,90,7.785,5.77,NE,3.4958528,Calm
43.5,32.82452934,-95.30454945,460,,-1.500002486,9.90001641,-0.100000166,-34.6,8.4,95.3,10.01300801,680,1684,651,941,,137.467196,2020.669356,90,7.785,5.77,NE,3.0979872,Calm
43.6,32.82452831,-95.30453931,460,,-1.000001658,9.600015913,0,-34.3,3.7,87.5,9.651958385,680,1684,364,1024,,144.028876,2030.83996,90,7.785,5.77,NE,2.6956512,Calm
43.7,32.82452799,-95.3045284,460,,-0.500000829,9.300015416,0,-34.4,-3.5,80.6,9.313446285,680,1684,364,1024,,144.028876,2041.666732,90,7.785,5.77,NE,2.2977856,Calm
43.8,32.82452783,-95.30451895,460,,-0.200000332,9.000014918,0.400000663,-32,-17.1,80,9.002236707,680,1684,364,1011,,148.293968,2051.181168,90,7.785,5.77,NE,1.9982688,Calm
43.9,32.82452797,-95.30451021,460,,0,8.900014753,1.000001658,-30.4,-21.4,80,8.900014753,680,1684,364,1011,,146.325464,2060.039436,90,7.785,5.77,NE,1.698752,Calm
44,32.82452824,-95.30450121,459,,0.300000497,8.800014587,1.400002321,-27.1,-21.9,79.1,8.805126489,681,1684,364,1024,,151.574808,2069.225788,90,7.785,5.77,NE,1.497584,Calm
44.1,32.82452874,-95.3044912,459,,0.600000995,8.700014421,1.700002818,-25.8,-22.9,79.2,8.720679292,682,1684,364,1024,,152.55906,2079.068308,90,7.692,6.028,E,1.296416,Calm
44.2,32.82452946,-95.30448229,458,,0.800001326,8.600014255,2.100003481,-26.2,-24.3,79.1,8.637143163,682,1684,364,1126,,142.060372,2088.25466,90,7.692,6.028,E,1.1980672,Calm
44.3,32.82453027,-95.3044716,457,,1.000001658,8.600014255,2.500004144,-25.6,-24.9,79.1,8.657958239,682,1684,559,1411,,146.325464,2098.753348,90,7.692,6.028,E,1.0997184,Calm
44.4,32.82453118,-95.30446377,456,,1.200001989,8.50001409,2.900004807,-21.9,-27.6,79.3,8.58430214,682,1684,636,1593,,143.044624,2106.627364,90,7.692,6.028,SE,1.0997184,Calm
44.5,32.8245324,-95.3044547,455,,1.400002321,8.600014255,3.000004973,-3.7,-30.2,75.9,8.713222665,683,1684,652,1644,,136.482944,2115.813716,90,7.692,6.028,SE,1.1980672,Calm
44.6,32.82453398,-95.30444418,454,,1.500002486,9.100015084,2.400003978,15.8,-23.2,73.3,9.222812949,683,1684,804,1469,,134.51444,2126.312404,90,7.692,6.028,SE,1.1980672,Calm
44.7,32.82453493,-95.30443471,454,,1.100001823,9.400015581,2.000003315,26.6,-13.8,80.9,9.464158222,682,1684,955,1132,,138.779532,2135.82684,90,7.692,6.028,SE,1.3992352,Calm
44.8,32.82453548,-95.304425,453,,0.300000497,9.500015747,1.600002652,8.3,-14.5,93.5,9.504751242,682,1684,1024,1024,,131.2336,2145.66936,90,7.692,6.028,SE,1.497584,Calm
44.9,32.82453567,-95.30441296,453,,0.100000166,9.500015747,1.200001989,-12.8,-18.6,102.7,9.500541913,682,1684,1024,1024,,123.687668,2157.808468,90,7.692,6.028,SE,1.5959328,Calm
45,32.82453581,-95.30440295,453,,0.200000332,9.600015913,1.100001823,-21,-24,103.6,9.602098672,682,1684,1024,979,,113.845148,2167.979072,90,7.692,6.028,S,1.698752,Calm
45.1,32.82453605,-95.30439227,452,,0.400000663,9.90001641,0.800001326,-21.6,-23.2,102.6,9.908093529,683,1684,1075,787,,129.921264,2178.47776,90,7.692,6.028,S,1.89992,Calm
45.2,32.82453652,-95.30438186,452,,0.70000116,10.30001707,0.300000497,-24.2,-22.4,104.2,10.32377591,682,1684,1024,706,,131.2336,2188.976448,90,7.696,6.028,S,1.9982688,Calm
45.3,32.82453769,-95.30437038,452,,1.000001658,10.40001724,0.100000166,-28.3,-20.5,105.3,10.44798329,682,1684,856,613,,118.11024,2200.459388,90,7.696,6.028,S,2.0966176,Calm
45.4,32.8245389,-95.30435792,452,,1.300002155,10.5000174,0.100000166,-32.2,-14.9,103.4,10.58018732,683,1684,535,780,,118.11024,2213.254664,90,7.696,6.028,S,2.2977856,Calm
45.5,32.8245404,-95.30434629,452,,1.600002652,10.5000174,0.100000166,-34.5,-9,100.1,10.62122247,683,1684,364,797,,118.11024,2224.737604,90,7.696,6.028,S,2.3961344,Calm
45.6,32.82454186,-95.30433661,452,,1.900003149,10.30001707,0.400000663,-32.6,-13.8,97.9,10.47379404,683,1684,364,850,,118.11024,2234.580124,90,7.696,6.028,S,2.4989536,Calm
45.7,32.8245438,-95.30432492,452,,2.000003315,10.20001691,0.800001326,-30.5,-18,95,10.39424595,685,1684,364,938,,117.125988,2246.391148,90,7.696,8.003,S,2.5973024,Calm
45.8,32.824546,-95.30431293,451,,2.200003647,10.10001674,1.200001989,-29.3,-21,93.7,10.33684423,688,1684,364,1024,,122.703416,2258.202172,90,7.696,8.003,S,2.6956512,Calm
45.9,32.82454809,-95.30430224,451,,2.400003978,10.00001658,1.600002652,-28.9,-22.7,93.2,10.28398488,695,1684,364,1024,,126.968508,2269.028944,90,7.696,8.003,S,2.7984704,Calm
46,32.82455022,-95.30429213,450,,2.500004144,9.90001641,1.900003149,-27.5,-24,92.8,10.21079549,696,1684,364,1024,,125.656172,2279.199548,90,7.696,8.003,S,2.8968192,Calm
46.1,32.82455251,-95.30428165,449,,2.60000431,9.800016244,2.300003812,-26.3,-24.8,92.7,10.13905004,697,1684,364,1024,,122.703416,2289.698236,90,7.696,8.003,S,2.8968192,Calm
46.2,32.82455513,-95.30427019,448,,2.700004476,9.700016079,2.700004476,-25.5,-25.2,92.3,10.06877982,698,1684,364,1024,,117.125988,2301.181176,90,7.696,8.003,S,2.9996384,Calm
46.3,32.82455728,-95.30426115,448,,2.800004641,9.700016079,3.000004973,-25.6,-25.5,92.1,10.09605552,698,1684,370,1024,,108.595804,2310.367528,90,7.696,8.003,S,3.0979872,Calm
46.4,32.82455986,-95.3042508,447,,2.900004807,9.700016079,3.30000547,-25,-25.5,92.1,10.12424497,698,1684,974,1024,,101.049872,2320.866216,90,7.696,8.003,S,3.196336,Calm
46.5,32.82456252,-95.30424023,446,,3.000004973,9.700016079,3.500005802,-23.2,-24.8,91.6,10.15334101,700,1684,1111,1041,,97.769032,2331.364904,90,7.696,8.003,S,3.196336,Calm
46.6,32.82456565,-95.30422874,445,,3.30000547,9.90001641,3.200005304,-22,-23.5,90.5,10.43553323,706,1684,1351,1030,,101.049872,2343.175928,90,7.696,8.003,S,3.2991552,Calm
46.7,32.82456851,-95.30421891,444,,3.600005967,10.00001658,2.800004641,-22.7,-24.9,90.8,10.62828167,710,1684,1450,1039,,96.78478,2353.018448,90,7.789,8.003,S,3.2991552,Calm
46.8,32.82457176,-95.30420857,443,,3.900006465,10.20001691,2.400003978,-22.2,-26.6,91.6,10.9201827,711,1684,1443,1139,,93.50394,2363.517136,90,7.789,8.003,S,3.397504,Calm
46.9,32.82457596,-95.30419619,442,,4.200006962,10.40001724,2.000003315,-21.4,-27.6,91.6,11.21607848,714,1684,1397,1286,,92.519688,2375.984328,90,7.789,8.003,S,3.4958528,Calm
47,32.82457984,-95.30418478,441,,4.400007293,10.70001774,1.600002652,-18.6,-29.4,91.2,11.56937508,716,1684,1350,1371,,93.50394,2387.467268,90,7.789,8.003,S,3.4958528,Calm
47.1,32.82458389,-95.30417286,440,,4.600007625,11.00001823,1.200001989,-9.2,-32.8,89.9,11.92310621,716,1684,1316,1402,,90.2231,2399.606376,90,7.789,8.003,S,3.4958528,Calm
47.2,32.82458847,-95.30415941,440,,4.500007459,11.4000189,0.800001326,6.8,-33.5,86.5,12.25603881,716,1684,1307,1403,,92.519688,2413.05782,90,7.789,8.003,S,3.598672,Calm
47.3,32.82459207,-95.30414651,440,,4.00000663,11.80001956,0.300000497,19.4,-29.3,86,12.45955511,716,1684,1294,1025,,91.207352,2426.18118,90,7.789,8.003,S,3.598672,Calm
47.4,32.82459492,-95.30413403,440,,3.000004973,12.30002039,-0.300000497,20.6,-27.4,89.1,12.66058944,714,1684,1049,1024,,88.254596,2438.648372,90,7.789,8.003,S,3.6970208,Calm
47.5,32.82459663,-95.30412067,440,,2.300003812,12.40002055,-0.70000116,-0.7,-27.9,100.7,12.61152322,715,1684,1024,1024,,80.708664,2452.4279,90,7.789,8.003,S,3.6970208,Calm
47.6,32.8245985,-95.30410727,440,,2.000003315,12.30002039,-0.300000497,-19.8,-30.7,108,12.46156142,714,1684,1024,1024,,81.692916,2465.879344,90,7.789,8.003,S,3.6970208,Calm
47.7,32.82459984,-95.30409571,440,,1.900003149,12.20002022,0,-21.2,-29.3,105.7,12.34708476,714,1684,1024,1024,,81.692916,2477.362284,89,7.789,8.219,S,3.79984,Calm
47.8,32.82460158,-95.30408175,440,,2.000003315,12.40002055,-0.100000166,-21.3,-27.2,104.8,12.56027545,714,1684,1024,1024,,84.973756,2491.469896,89,7.789,8.219,S,3.79984,Calm
47.9,32.82460323,-95.30406977,440,,2.100003481,12.40002055,-0.100000166,-21.9,-28.5,106.1,12.57658615,713,1684,1024,1025,,82.677168,2503.609004,89,7.789,8.219,S,3.79984,Calm
48,32.82460562,-95.3040555,440,,2.100003481,12.40002055,0,-20.9,-29,105.7,12.57658615,713,1684,1024,1084,,85.958008,2518.0447,89,7.789,8.219,S,3.4958528,Calm
48.1,32.82460742,-95.30404422,440,,2.200003647,12.50002072,0,-19.8,-28.7,105.1,12.69214421,713,1684,1024,1111,,88.254596,2529.52764,89,7.789,8.219,S,2.9996384,Calm
48.2,32.82461009,-95.30402733,440,,2.300003812,12.60002089,0,-18.8,-30,105.2,12.80822172,712,1684,1024,1169,,92.519688,2546.588008,89,7.789,8.219,S,2.5973024,Calm
48.3,32.82461194,-95.30401585,440,,2.300003812,12.60002089,0,-17.2,-31.7,105.2,12.80822172,711,1684,1024,1234,,92.519688,2558.070948,89,7.789,8.219,S,2.1994368,Calm
48.4,32.82461408,-95.3040012,440,,2.200003647,12.60002089,0,-14.4,-31.9,104.7,12.79064277,711,1684,1024,1237,,96.78478,2572.834728,89,7.789,8.219,S,1.7971008,Calm
48.5,32.82461592,-95.30398769,440,,2.100003481,12.60002089,0,-8.5,-33.4,103.7,12.77382244,710,1684,1024,1031,,103.018376,2586.614256,89,7.789,8.219,S,1.497584,Calm
48.6,32.82461775,-95.30397416,440,,1.900003149,12.60002089,0,-6,-34.1,103.7,12.74246973,710,1684,1024,1024,,96.78478,2600.393784,89,7.789,8.219,S,1.296416,Calm
48.7,32.82461885,-95.30396201,440,,1.600002652,12.70002105,0,-14.6,-31.6,107.4,12.80041148,708,1684,1024,1024,,98.753284,2612.532892,89,7.599,9.148,SE,1.1980672,Calm
48.8,32.82462024,-95.30394846,440,,1.500002486,12.70002105,0,-19.2,-29.8,109.8,12.7882967,709,1684,1024,1024,,100.06562,2626.31242,89,7.599,9.148,SE,1.0997184,Calm
48.9,32.82462169,-95.30393358,440,,1.500002486,12.60002089,0,-19.1,-29.7,109.3,12.68899257,709,1684,1024,1024,,100.06562,2641.0762,89,7.599,9.148,SE,0.8985504,Calm
49,32.82462291,-95.30392075,440,,1.500002486,12.60002089,0,-19,-29.8,108.7,12.68899257,709,1684,1024,1024,,90.2231,2654.19956,89,7.599,9.148,SE,0.7957312,Calm
49.1,32.82462422,-95.30390719,440,,1.400002321,12.60002089,0,-18.9,-29.9,109.4,12.67755997,709,1684,1024,1024,,90.2231,2667.979088,89,7.599,9.148,E,0.6973824,Calm
49.2,32.82462558,-95.30389235,440,,1.400002321,12.60002089,0,-19.1,-29.9,109.5,12.67755997,716,1684,972,882,,92.519688,2682.742868,89,7.599,9.148,E,0.6973824,Calm
49.3,32.82462661,-95.30388079,440,,1.300002155,12.60002089,0,-18.7,-29.5,109.3,12.66690656,716,1684,972,882,,91.207352,2694.553892,89,7.599,9.148,E,0.7957312,Calm
49.4,32.82462791,-95.30386594,440,,1.300002155,12.60002089,0,-21.1,-27.7,109.2,12.66690656,716,1684,882,555,,92.519688,2709.317672,89,7.599,9.148,NE,0.7957312,Calm
49.5,32.82462885,-95.30385377,440,,1.300002155,12.50002072,0,-27.9,-22.6,109.1,12.56743882,714,1684,850,494,,92.519688,2721.784864,89,7.599,9.148,NE,0.8985504,Calm
49.6,32.82462997,-95.30384116,440,,1.400002321,12.30002039,0.300000497,-33.2,-10.9,105.1,12.37943883,716,1684,870,518,,97.769032,2734.58014,89,7.599,9.148,NE,0.9968992,Calm
49.7,32.82463176,-95.30382568,440,,1.800002984,12.00001989,0.300000497,-35.2,-6.2,99,12.13426913,716,1684,823,579,,95.472444,2750.000088,89,7.599,9.148,NE,1.0997184,Calm
49.8,32.82463344,-95.30381433,440,,2.200003647,11.60001923,0.400000663,-34,-9.6,94.1,11.80679713,725,1684,622,868,,94.488192,2761.483028,89,7.599,9.148,NE,1.1980672,Calm
49.9,32.82463527,-95.30380333,440,,2.400003978,11.30001873,0.800001326,-31.1,-15.1,90.7,11.55207508,785,1684,364,1024,,93.50394,2772.637884,89,7.599,9.148,NE,1.296416,Calm
50,32.82463795,-95.30379038,439,,2.500004144,11.00001823,1.300002155,-26.8,-22.4,87,11.2805327,858,1684,364,923,,89.238848,2785.761244,89,7.599,9.148,NE,1.497584,Calm
50.1,32.82464045,-95.30377877,439,,2.60000431,10.70001774,1.700002818,-25.5,-25.3,85.1,11.01137573,859,1684,364,470,,86.94226,2797.572268,89,7.599,9.148,NE,1.5959328,Calm
50.2,32.82464293,-95.30376796,438,,2.800004641,10.5000174,2.100003481,-26.8,-23.6,84.7,10.86694024,861,1684,535,364,,91.207352,2808.39904,89,7.71,9.148,NE,1.698752,Calm
50.3,32.82464583,-95.30375512,437,,3.000004973,10.30001707,2.400003978,-30.4,-18,82.8,10.72801809,861,1684,768,364,,88.254596,2821.5224,89,7.71,9.148,NE,1.7971008,Calm
50.4,32.82464827,-95.30374591,436,,3.400005636,10.10001674,2.400003978,-31.5,-15.2,76.4,10.65694007,856,1684,967,364,,88.254596,2831.036836,89,7.71,9.148,NE,1.89992,Calm
50.5,32.8246517,-95.30373507,435,,4.00000663,9.800016244,2.000003315,-30.7,-11.7,65.2,10.58491209,839,1684,1024,364,,89.238848,2842.191692,89,7.71,9.148,NE,1.89992,Calm
50.6,32.8246559,-95.30372438,435,,4.800007956,9.20001525,1.400002321,-30.2,-12.2,57,10.37691421,711,1684,1500,364,,75.131236,2853.018464,89,7.71,9.148,NE,1.9982688,Calm
50.7,32.82466033,-95.30371531,434,,5.400008951,8.600014255,0.900001492,-29.7,-16.3,49.8,10.15481848,711,1684,1684,738,,74.146984,2862.204816,89,7.71,5.978,NE,2.0966176,Calm
50.8,32.82466667,-95.30370537,434,,6.000009946,8.000013261,0.500000829,-28.6,-17.4,40.3,10.00001658,709,1684,1684,746,,71.850396,2872.703504,89,7.71,5.978,N,2.1994368,Calm
50.9,32.82467286,-95.30369723,434,,6.700011106,7.300011653,0,-27.4,-21.4,32.6,9.908598237,709,1684,1684,468,,75.131236,2881.233688,89,7.71,5.978,N,2.1994368,Calm
51,32.824679,-95.30369017,434,,7.200011935,6.60001094,-0.300000497,-27.2,-24,26.8,9.767308116,714,1684,1684,364,,76.115488,2888.77962,89,7.71,5.978,N,2.2977856,Calm
51.1,32.82468588,-95.3036835,434,,7.800012929,5.800009614,-0.70000116,-28.5,-21.4,22.9,9.72009801,1024,1684,1684,364,,76.115488,2895.997468,89,7.71,5.978,N,2.3961344,Calm
51.2,32.82469409,-95.30367741,435,,8.300013758,4.900008122,-1.200001989,-30.1,-19.3,18.8,9.638480576,1558,1618,1684,364,,76.115488,2902.559148,89,7.71,5.978,N,2.3961344,Calm
51.3,32.82470092,-95.30367357,435,,8.700014421,3.900006465,-1.700002818,-29.8,-19.5,11,9.534164686,1684,1471,1684,364,,81.692916,2906.82424,89,7.71,5.978,N,2.4989536,Calm
51.4,32.82470978,-95.3036696,436,,9.000014918,2.900004807,-2.200003647,-30,-20.7,2.2,9.455701566,1684,1436,1684,400,,79.396328,2911.417416,89,7.71,5.978,N,2.4989536,Calm
51.5,32.82471818,-95.30366745,437,,9.20001525,1.700002818,-2.60000431,-30.6,-22.4,-6.8,9.355762198,1684,1436,1684,400,,82.677168,2914.370172,89,7.71,5.978,N,2.5973024,Calm
51.6,32.82472656,-95.30366638,438,,9.20001525,0.500000829,-3.100005139,-30.9,-22.4,-15.7,9.213591855,1684,1460,1684,556,,85.958008,2916.010592,89,7.71,5.978,N,2.5973024,Calm
51.7,32.82473406,-95.30366699,439,,9.100015084,-0.70000116,-3.500005802,-30.9,-22.5,-24.6,9.126898282,1684,1460,1605,1024,,89.238848,2916.010592,89,7.596,5.978,N,2.6956512,Calm
51.8,32.82474184,-95.30366836,440,,8.800014587,-2.000003315,-4.00000663,-29.2,-22.7,-31.5,9.024425985,1684,1460,1605,1024,,93.50394,2915.354424,89,7.596,5.978,N,2.6956512,Calm
51.9,32.82474973,-95.30367115,442,,8.50001409,-3.000004973,-4.100006796,-17.3,-31.1,-35.7,9.013892828,1684,1460,1574,1230,,97.769032,2913.38592,89,7.596,5.978,N,2.6956512,Calm
52,32.82475826,-95.30367564,444,,8.400013924,-3.500005802,-3.800006299,-5.7,-34.8,-41.1,9.100015084,1684,1460,1571,1349,,101.049872,2909.776996,89,7.596,5.978,N,2.7984704,Calm
52.1,32.82476532,-95.30367968,445,,8.50001409,-4.00000663,-3.700006133,2.3,-27,-44.9,9.394162487,1684,1460,1581,1386,,108.595804,2906.496156,89,7.596,5.978,N,2.7984704,Calm
52.2,32.82477275,-95.30368407,447,,8.600014255,-4.300007128,-3.900006465,6.5,-10.5,-44.4,9.615107983,1684,1465,1596,1396,,116.141736,2902.887232,89,7.596,5.978,N,2.7984704,Calm
52.3,32.82478053,-95.30368873,448,,8.50001409,-4.300007128,-4.100006796,8.8,5,-40.3,9.525770169,1684,1478,1636,1397,,113.845148,2898.950224,89,7.596,5.978,N,2.8968192,Calm
52.4,32.82478861,-95.30369347,449,,8.200013592,-3.900006465,-4.200006962,11.7,10,-36.2,9.080213,1684,1478,1665,1394,,119.422576,2895.3413,89,7.596,5.978,N,2.8968192,Calm
52.5,32.82479585,-95.30369734,451,,7.900013095,-3.500005802,-4.300007128,17.4,9.6,-31.9,8.640615769,1684,1491,1684,1383,,122.703416,2892.388544,89,7.596,5.978,N,2.8968192,Calm
52.6,32.82480184,-95.30370022,452,,7.600012598,-2.900004807,-4.500007459,23.1,7.2,-28,8.134507927,1684,1494,1684,1383,,132.217852,2890.091956,89,7.596,5.978,N,2.9996384,Calm
52.7,32.82480964,-95.30370293,454,,7.500012432,-2.200003647,-4.800007956,25.9,0.7,-26,7.816021879,1684,1494,1684,1383,,145.013128,2888.451536,89,7.596,10.046,N,2.9996384,Calm
52.8,32.82481563,-95.30370469,456,,7.400012266,-1.700002818,-4.700007791,28,-6.1,-25.1,7.592771891,1684,1507,1684,1386,,149.606304,2887.467284,89,7.596,10.046,N,2.9996384,Calm
52.9,32.82482148,-95.3037057,457,,7.400012266,-1.200001989,-4.700007791,30.5,-6.4,-21.8,7.496677961,1684,1564,1684,1437,,153.871396,2887.1392,89,7.596,10.046,N,2.9996384,Calm
53,32.82482845,-95.30370652,459,,7.500012432,-0.500000829,-4.800007956,31.7,-3.8,-17.7,7.516660649,1684,1679,1684,1477,,164.370084,2887.1392,89,7.596,10.046,N,2.9996384,Calm
53.1,32.82483441,-95.30370649,461,,7.500012432,0.200000332,-5.000008288,32,-0.7,-13.4,7.502678579,1481,1684,1628,1646,,160.104992,2888.123452,89,7.596,10.046,N,3.0979872,Calm
53.2,32.82484259,-95.30370541,463,,7.300011653,0.900001492,-5.000008288,32.9,1.8,-9,7.355282338,1172,1684,1396,1684,,157.152236,2890.42004,89,7.638,10.046,N,3.0979872,Calm
53.3,32.82484897,-95.30370381,464,,7.000011603,1.600002652,-4.900008122,34.3,6.2,-2.4,7.180541108,1076,1684,1162,1684,,159.12074,2893.044712,89,7.638,10.046,N,3.0979872,Calm
53.4,32.82485467,-95.30370161,466,,6.60001094,2.100003481,-4.700007791,34.5,7.5,4,6.926049282,1046,1684,1060,1684,,165.68242,2895.997468,89,7.638,10.046,N,3.0979872,Calm
53.5,32.82485974,-95.30369912,467,,6.300010443,2.500004144,-4.300007128,34.2,5.3,11.8,6.77791632,1046,1684,1060,1684,,173.228352,2899.278308,89,7.638,10.046,N,3.0979872,Calm
53.6,32.82486529,-95.30369579,469,,5.800009614,2.900004807,-4.00000663,34,3.1,20.7,6.484607564,1040,1684,1049,1684,,174.212604,2903.215316,89,7.638,10.046,N,3.0979872,Calm
53.7,32.82486993,-95.3036925,470,,5.400008951,3.30000547,-3.700006133,33.9,0,29.2,6.32851729,1040,1684,1093,1684,,188.320216,2907.480408,89,7.638,8.148,N,3.0979872,Calm
53.8,32.82487489,-95.30368829,472,,5.000008288,3.500005802,-3.30000547,33.9,-3.8,37.4,6.103287809,1024,1684,1024,1597,,187.00788,2912.401668,89,7.638,8.148,N,3.0979872,Calm
53.9,32.82487886,-95.30368444,473,,4.500007459,3.800006299,-2.900004807,33.9,-7.4,45.6,5.889831126,1024,1684,814,1467,,189.304468,2916.66676,89,7.638,8.148,N,3.196336,Calm
54,32.82488308,-95.30367975,475,,4.100006796,4.00000663,-2.500004144,33.2,-10.8,53.8,5.728010693,1024,1684,469,1322,,189.304468,2922.244188,89,7.638,8.148,N,3.196336,Calm
54.1,32.82488619,-95.30367571,476,,3.700006133,4.300007128,-2.200003647,30.7,-15.4,59.9,5.672751184,1024,1684,364,1151,,188.320216,2926.837364,89,7.638,8.148,N,3.196336,Calm
54.2,32.8248895,-95.30367056,477,,3.30000547,4.400007293,-1.800002984,27.3,-21.8,63.3,5.500009117,1024,1684,364,1024,,188.320216,2932.414792,89,7.638,8.148,N,3.196336,Calm
54.3,32.82489176,-95.30366646,478,,3.000004973,4.600007625,-1.300002155,24,-27,65.7,5.491821132,1024,1684,364,1024,,188.320216,2937.007968,89,7.638,8.148,N,3.196336,Calm
54.4,32.82489456,-95.30366088,478,,2.700004476,4.800007956,-0.900001492,23.2,-27.9,67.5,5.507276646,1024,1684,364,1024,,188.320216,2942.91348,89,7.638,8.148,N,3.196336,Calm
54.5,32.82489674,-95.30365535,479,,2.400003978,5.100008454,-0.500000829,22.1,-27.8,67.9,5.636497581,1024,1684,591,1024,,188.320216,2948.818992,89,7.638,8.148,N,3.196336,Calm
54.6,32.82489879,-95.30364972,479,,2.100003481,5.400008951,-0.200000332,20.3,-28.8,68.2,5.793971892,1024,1684,981,1029,,188.320216,2954.724504,89,7.638,8.148,N,3.196336,Calm
54.7,32.82490027,-95.30364427,479,,1.900003149,5.600009283,0.100000166,18,-30.4,68.6,5.913553304,1024,1684,1024,1039,,188.320216,2960.301932,89,7.801,8.148,N,3.196336,Calm
54.8,32.82490209,-95.30363738,479,,1.700002818,6.000009946,0.200000332,16.1,-27.7,69.8,6.236195036,1024,1684,1024,1024,,188.320216,2967.51978,89,7.801,8.148,N,3.196336,Calm
54.9,32.82490321,-95.30363156,479,,1.400002321,6.500010774,0,12.9,-30.2,70.2,6.649070898,1024,1684,758,1024,,188.320216,2973.425292,89,7.801,8.148,N,3.196336,Calm
55,32.82490432,-95.30362398,479,,1.300002155,6.800011272,0,8.9,-35.3,70.6,6.923160957,1024,1684,364,1076,,188.320216,2981.299308,89,7.801,8.148,N,3.196336,Calm
55.1,32.82490543,-95.30361602,479,,1.200001989,7.000011603,0.400000663,6.7,-36.2,71.3,7.102124033,1024,1684,364,1055,,188.320216,2989.501408,89,7.801,8.148,N,3.196336,Calm
55.2,32.82490646,-95.30360873,478,,1.200001989,7.200011935,0.70000116,5.7,-35,71.9,7.299326788,1024,1684,364,1048,,188.320216,2996.719256,89,7.801,8.148,N,3.2991552,Calm
55.3,32.8249074,-95.3036009,478,,1.100001823,7.400012266,1.100001823,3.6,-35.8,72.4,7.481322137,1024,1684,364,1054,,188.320216,3004.921356,89,7.801,8.148,N,3.2991552,Calm
55.4,32.82490844,-95.30359238,478,,1.100001823,7.600012598,1.500002486,2,-35,73.1,7.679205287,1024,1684,364,1057,,188.320216,3013.45154,89,7.801,8.148,N,3.2991552,Calm
55.5,32.82490939,-95.30358489,477,,1.100001823,7.800012929,1.700002818,1.1,-34,73.4,7.877195279,1024,1684,364,1045,,188.320216,3020.997472,89,7.801,8.148,N,3.2991552,Calm
55.6,32.82491045,-95.30357513,476,,1.200001989,8.100013427,1.800002984,-0.3,-34.2,73.9,8.18841961,1024,1684,364,1050,,188.320216,3030.839992,89,7.801,8.148,N,3.2991552,Calm
55.7,32.82491142,-95.30356705,476,,1.200001989,8.300013758,2.000003315,-1.7,-34.5,74.5,8.386312148,1024,1684,364,1024,,188.320216,3039.042092,89,7.801,5.065,N,3.2991552,Calm
55.8,32.82491262,-95.30355704,475,,1.300002155,8.600014255,2.100003481,-2.9,-34.1,75,8.697714847,1024,1684,419,896,,188.320216,3049.212696,89,7.801,5.065,N,3.2991552,Calm
55.9,32.82491377,-95.30354908,474,,1.300002155,8.800014587,2.200003647,-4.3,-34.5,75.5,8.895518871,1024,1684,608,753,,188.320216,3057.414796,89,7.801,5.065,N,3.2991552,Calm
56,32.82491517,-95.30353851,473,,1.400002321,9.000014918,2.300003812,-8.8,-33.6,76.6,9.10825269,1024,1684,988,1024,,188.320216,3068.241568,89,7.801,5.065,N,3.2991552,Calm
56.1,32.82491629,-95.30353027,472,,1.600002652,9.20001525,2.300003812,-13.7,-30.8,77.4,9.338109482,1024,1684,1024,1024,,188.320216,3076.443668,89,7.801,5.065,N,3.2991552,Calm
56.2,32.82491833,-95.30351778,472,,1.900003149,9.500015747,2.000003315,-6.5,-31.2,74.3,9.688152978,1024,1684,1024,781,,188.320216,3089.238944,89,7.724,5.065,N,3.2991552,Calm
56.3,32.82492035,-95.30350719,471,,2.200003647,9.90001641,1.500002486,-4.5,-32.5,72.1,10.14151546,1024,1684,1023,484,,188.320216,3100.3938,89,7.724,5.065,N,3.2991552,Calm
56.4,32.82492233,-95.30349688,470,,2.400003978,10.20001691,1.100001823,-14.8,-29.1,74.7,10.47856664,1024,1684,798,402,,162.40158,3110.892488,89,7.724,5.065,N,3.2991552,Calm
56.5,32.82492471,-95.30348579,470,,2.800004641,10.30001707,0.70000116,-25,-21.1,75.1,10.67381717,1024,1684,498,581,,162.40158,3122.375428,89,7.724,5.065,N,3.2991552,Calm
56.6,32.8249277,-95.30347472,470,,3.400005636,10.20001691,0.200000332,-29.9,-18.5,70.2,10.75176172,1024,1684,364,702,,162.40158,3133.858368,89,7.724,5.065,N,3.2991552,Calm
56.7,32.82493089,-95.30346516,470,,3.900006465,9.90001641,0.200000332,-30.9,-20.5,63.6,10.64050598,1024,1684,364,769,,162.40158,3144.028972,89,7.724,7.653,N,3.2991552,Calm
56.8,32.82493481,-95.30345414,470,,4.400007293,9.600015913,0.200000332,-29.7,-21.8,57.4,10.56032042,1024,1684,364,1024,,174.212604,3155.511912,89,7.724,7.653,N,3.2991552,Calm
56.9,32.82493931,-95.30344394,469,,4.900008122,9.20001525,0.300000497,-27.9,-24.3,54.3,10.42354808,1024,1684,364,1220,,161.417328,3166.338684,89,7.724,7.653,N,3.2991552,Calm
57,32.82494375,-95.30343486,469,,5.100008454,8.900014753,0.600000995,-22.2,-30.5,52.6,10.25769669,1024,1684,477,1504,,161.417328,3176.181204,89,7.724,7.653,N,3.2991552,Calm
57.1,32.8249485,-95.30342567,469,,5.300008785,8.600014255,1.100001823,-18.3,-31.8,49.7,10.10199668,1024,1684,771,1684,,160.104992,3186.351808,89,7.724,7.653,N,3.2991552,Calm
57.2,32.8249532,-95.30341713,469,,5.500009117,8.400013924,1.400002321,0,-35.2,44.3,10.0404348,1024,1684,914,1684,,159.12074,3195.53816,89,7.724,7.653,N,3.2991552,Calm
57.3,32.82495817,-95.30340816,468,,5.600009283,8.300013758,1.800002984,19,-23.3,40.3,10.01250866,1024,1684,983,1684,,151.574808,3205.38068,89,7.724,7.653,N,3.2991552,Calm
57.4,32.82496323,-95.30339907,468,,5.300008785,8.800014587,1.200001989,29,-11.2,50.2,10.27279636,1024,1684,1028,1536,,157.152236,3215.551284,89,7.724,7.653,N,3.2991552,Calm
57.5,32.82496764,-95.30338781,467,,4.600007625,9.20001525,0.600000995,32.6,-9,60.2,10.2859295,1024,1684,1161,1024,,157.152236,3227.362308,89,7.724,7.653,N,3.196336,Calm
57.6,32.82497127,-95.3033777,467,,3.800006299,9.400015581,0.300000497,32.3,-10,67.8,10.13905004,1024,1684,1099,1024,,155.8399,3238.18908,89,7.724,7.653,N,3.196336,Calm
57.7,32.82497339,-95.30336833,467,,3.000004973,9.500015747,0,24.5,-20.8,74.7,9.962445546,1024,1684,1127,872,,159.12074,3247.703516,89,7.724,7.653,N,3.196336,Calm
57.8,32.82497595,-95.30335677,467,,2.500004144,9.700016079,0,15.6,-28.5,79,10.01700186,1024,1684,1127,872,,158.136488,3259.842624,89,7.724,7.653,N,3.0979872,Calm
57.9,32.82497749,-95.30334689,467,,2.100003481,9.90001641,0,16.1,-30.5,79.5,10.12029314,1024,1684,1107,364,,165.68242,3270.013228,89,7.724,7.653,N,3.0979872,Calm
58,32.82497903,-95.30333596,467,,1.700002818,10.30001707,-0.300000497,-1,-28.2,87.1,10.4393657,1024,1684,999,438,,177.493444,3281.168084,89,7.724,7.653,N,3.0979872,Calm
58.1,32.82498042,-95.30332473,468,,1.700002818,10.5000174,-0.600000995,-17,-18.8,89.1,10.63674638,1024,1684,364,1024,,169.947512,3292.32294,89,7.724,7.653,N,3.0979872,Calm
58.2,32.82498195,-95.30331414,468,,1.900003149,10.40001724,-0.600000995,-28.1,-14.7,79.3,10.57215044,1024,1684,364,1024,,174.212604,3303.149712,89,7.683,7.653,N,3.0979872,Calm
58.3,32.8249837,-95.30330311,468,,2.200003647,10.10001674,-0.200000332,-27.5,-21.3,71.5,10.33684423,1024,1684,364,1024,,171.916016,3314.632652,89,7.683,7.653,N,2.7984704,Calm
58.4,32.824986,-95.30329232,468,,2.500004144,9.90001641,0.100000166,-24.2,-27.2,67.3,10.21079549,1024,1684,364,1024,,173.228352,3325.787508,89,7.683,7.653,N,2.7984704,Calm
58.5,32.82498846,-95.30328176,468,,2.900004807,9.800016244,0.200000332,-24.5,-26.5,66.1,10.22009482,1024,1684,364,1024,,163.385832,3336.61428,89,7.683,7.653,N,2.7984704,Calm
58.6,32.82499189,-95.30327055,468,,3.30000547,9.600015913,0.400000663,-22.6,-28.9,65.4,10.15137136,1024,1684,364,1024,,163.385832,3348.425304,89,7.683,7.653,N,2.8968192,Calm
58.7,32.82499475,-95.3032616,468,,3.500005802,9.400015581,0.900001492,-20.6,-30.8,64.9,10.03046983,1024,1684,364,1024,,163.385832,3357.93974,89,7.683,7.756,N,2.8968192,Calm
58.8,32.82499789,-95.30325213,467,,3.700006133,9.300015416,1.300002155,-19.3,-31.9,64.9,10.00901236,1024,1684,364,1024,,164.370084,3367.78226,89,7.683,7.756,N,2.8968192,Calm
58.9,32.82500139,-95.3032423,467,,3.900006465,9.100015084,1.600002652,-16.7,-32.3,64.2,9.900521118,1024,1684,364,810,,161.417328,3378.280948,89,7.683,7.756,N,2.8968192,Calm
59,32.82500532,-95.30323164,466,,4.100006796,9.000014918,2.000003315,-15.5,-32.3,63.7,9.889910177,1024,1684,364,722,,159.12074,3389.763888,89,7.683,7.756,N,2.9996384,Calm
59.1,32.82500913,-95.30322201,465,,4.300007128,8.900014753,2.400003978,-18.9,-30.2,64.3,9.884347211,1024,1684,364,687,,158.136488,3399.934492,89,7.683,7.756,N,2.9996384,Calm
59.2,32.82501269,-95.30321297,464,,4.500007459,8.800014587,2.700004476,-22,-28.1,63.9,9.883841162,1024,1684,364,706,,152.55906,3409.448928,89,7.683,7.756,N,2.9996384,Calm
59.3,32.82501743,-95.30320212,463,,4.700007791,8.700014421,3.100005139,-23.9,-26.7,61.7,9.88839337,1024,1684,364,1024,,148.293968,3421.259952,89,7.683,7.756,N,2.9996384,Calm
59.4,32.82502155,-95.30319338,462,,4.900008122,8.50001409,3.400005636,-19.8,-30,59.2,9.811234266,1024,1684,364,1024,,149.606304,3430.774388,89,7.683,7.756,N,2.9996384,Calm
59.5,32.82502578,-95.30318519,461,,5.100008454,8.400013924,3.800006299,-14.7,-31.9,55.7,9.827019696,1024,1684,364,1024,,146.325464,3439.632656,89,7.683,7.756,N,3.0979872,Calm
59.6,32.82503075,-95.30317536,459,,5.20000862,8.200013592,4.200006962,-15.2,-31.5,54.7,9.709804914,1024,1684,364,944,,148.293968,3450.459428,89,7.683,7.756,N,3.0979872,Calm
59.7,32.82503501,-95.30316741,457,,5.300008785,8.100013427,4.500007459,-15.3,-30.9,54.6,9.679891679,1024,1684,617,630,,145.013128,3458.989612,89,7.84,7.756,N,3.0979872,Calm
59.8,32.82504057,-95.30315793,455,,5.600009283,8.000013261,4.600007625,-17.8,-27.7,53.5,9.765260673,1024,1684,1023,443,,144.028876,3469.816384,89,7.84,7.756,N,3.0979872,Calm
59.9,32.82504601,-95.30314953,454,,6.200010277,7.900013095,4.100006796,-25.5,-23.9,53.7,10.04242637,1024,1684,1042,364,,143.044624,3479.002736,89,7.84,7.756,N,3.0979872,Calm
60,32.82505161,-95.30314173,452,,6.900011437,7.500012432,3.600005967,-28.9,-18.3,50.3,10.19118921,1024,1684,1159,364,,133.202104,3487.861004,89,7.84,7.756,N,3.0979872,Calm
60.1,32.82505741,-95.30313472,451,,7.500012432,7.000011603,3.100005139,-28.6,-17.7,44.2,10.25915896,1024,1684,1342,364,,125.656172,3496.063104,89,7.84,7.756,N,3.0979872,Calm
60.2,32.82506622,-95.30312598,449,,8.000013261,6.400010609,2.60000431,-28.5,-16.8,35.4,10.24501551,1024,1684,1358,756,,125.656172,3506.561792,89,7.84,7.756,N,3.196336,Calm
60.3,32.82507258,-95.30312049,449,,8.50001409,5.700009448,2.100003481,-28.1,-15.4,26,10.23427314,1024,1684,1358,756,,127.95276,3513.451556,89,7.84,7.756,N,3.196336,Calm
60.4,32.82508083,-95.30311475,448,,8.800014587,4.900008122,1.600002652,-27.4,-18,17.2,10.07225556,1024,1684,1024,1024,,120.406828,3520.669404,89,7.84,7.756,N,3.196336,Calm
60.5,32.82509,-95.30310981,448,,9.20001525,4.100006796,1.200001989,-24,-25.6,12,10.07225556,1024,1684,1024,1024,,122.703416,3527.559168,89,7.84,7.756,N,3.196336,Calm
60.6,32.8250985,-95.30310596,448,,9.600015913,3.30000547,0.900001492,-22.3,-28.2,9.8,10.15137136,1024,1684,1024,1024,,124.67192,3533.46468,89,7.84,7.756,N,3.196336,Calm
60.7,32.82510663,-95.30310332,447,,10.00001658,2.500004144,0.500000829,-22.7,-26.9,8.6,10.30778082,1024,1684,1304,1208,,131.2336,3537.729772,88,7.84,3.594,N,3.196336,Calm
60.8,32.82511693,-95.30310086,447,,10.30001707,1.800002984,0.200000332,-20.8,-27.7,7.6,10.45611584,1024,1684,1413,1568,,119.422576,3542.651032,88,7.84,3.594,N,3.196336,Calm
60.9,32.82512662,-95.3030996,447,,10.70001774,1.200001989,-0.100000166,-5.1,-30.8,2.5,10.76709698,1024,1684,1598,1447,,120.406828,3545.931872,88,7.84,3.594,N,3.196336,Calm
61,32.82513593,-95.30309855,447,,11.00001823,1.000001658,-0.400000663,15,-24.4,-3.6,11.04537894,1024,1684,1665,1394,,124.67192,3549.212712,88,7.84,3.594,N,3.196336,Calm
61.1,32.82514601,-95.30309729,447,,11.1000184,1.300002155,-0.800001326,23.7,-20.3,4,11.17588511,1024,1684,1684,1402,,137.467196,3552.821636,88,7.84,3.594,N,3.196336,Calm
61.2,32.82515726,-95.30309485,448,,11.1000184,1.900003149,-1.400002321,27.7,-18,11.2,11.26145706,1024,1684,1684,1428,,142.060372,3558.07098,88,7.66,3.594,N,3.196336,Calm
61.3,32.82516575,-95.30309198,448,,10.90001807,2.700004476,-1.900003149,31.3,-13.5,14.8,11.22944408,1024,1684,1684,1389,,149.606304,3562.99224,88,7.66,3.594,N,3.196336,Calm
61.4,32.8251765,-95.30308796,449,,10.5000174,3.600005967,-2.400003978,33.2,-11.5,18.2,11.1000184,1024,1684,1684,1383,,139.763784,3569.55392,88,7.66,3.594,N,3.2991552,Calm
61.5,32.82518429,-95.30308327,450,,10.00001658,4.400007293,-2.900004807,32.9,-12.6,22.6,10.92521816,1024,1684,1684,1398,,138.779532,3576.1156,88,7.66,3.594,N,3.2991552,Calm
61.6,32.82519394,-95.30307739,451,,9.500015747,5.20000862,-3.30000547,32.2,-13.4,26.4,10.83006838,1024,1684,1684,1460,,145.013128,3584.3177,88,7.66,3.594,N,3.2991552,Calm
61.7,32.82520186,-95.3030705,452,,8.900014753,5.90000978,-3.800006299,32.7,-12.5,29.6,10.67803231,1024,1684,1684,1459,,148.293968,3593.175968,88,7.66,9.589,N,3.2991552,Calm
61.8,32.82520863,-95.30306417,453,,8.300013758,6.60001094,-4.200006962,33.8,-9.5,33.7,10.60426177,1024,1684,1684,1434,,163.385832,3601.049984,88,7.66,9.589,N,3.2991552,Calm
61.9,32.82521473,-95.30305718,454,,7.500012432,7.300011653,-4.700007791,33.2,-6.8,38.8,10.46615278,1024,1684,1464,1208,,169.947512,3609.580168,88,7.66,9.589,N,3.2991552,Calm
62,32.82522124,-95.3030483,456,,6.700011106,7.800012929,-4.900008122,24.5,-8.7,42.9,10.28252619,1024,1684,799,1040,,164.370084,3620.078856,88,7.66,9.589,N,3.2991552,Calm
62.1,32.82522653,-95.30304009,458,,6.200010277,7.900013095,-4.700007791,6.7,-20,47.8,10.04242637,1024,1684,413,1024,,166.666672,3629.593292,88,7.66,9.589,N,3.2991552,Calm
62.2,32.8252331,-95.30303004,459,,6.000009946,7.700012764,-4.00000663,-7.4,-35.7,54.9,9.761675859,1024,1684,364,1024,,173.228352,3641.076232,88,7.66,9.589,N,3.2991552,Calm
62.3,32.82523857,-95.30302256,461,,6.000009946,7.700012764,-3.30000547,-5,-38.6,54.5,9.761675859,1024,1684,552,1024,,175.196856,3649.9345,88,7.66,9.589,N,3.2991552,Calm
62.4,32.82524357,-95.30301457,462,,6.100010111,7.800012929,-3.000004973,-0.2,-37,52.4,9.902036137,1024,1684,1024,1024,,195.866148,3659.120852,88,7.66,9.589,N,3.2991552,Calm
62.5,32.82524926,-95.30300729,463,,6.100010111,8.000013261,-2.60000431,1.4,-36,52.9,10.06033434,1024,1684,1024,1024,,176.509192,3667.651036,88,7.66,9.589,N,3.2991552,Calm
62.6,32.82525516,-95.30299835,465,,6.100010111,8.100013427,-2.200003647,0.9,-35.2,53.5,10.14003621,1024,1684,1024,1024,,176.509192,3678.149724,88,7.66,9.589,N,3.2991552,Calm
62.7,32.82526045,-95.30298994,466,,6.100010111,8.300013758,-2.000003315,0,-34.8,53,10.30050211,1024,1684,961,1421,,176.509192,3687.66416,88,7.634,9.589,N,3.2991552,Calm
62.8,32.82526659,-95.30297976,466,,6.100010111,8.50001409,-1.600002652,-1.5,-35.2,53.7,10.46233059,1024,1684,1006,1627,,176.509192,3699.475184,88,7.634,9.589,N,3.2991552,Calm
62.9,32.82527224,-95.3029706,467,,6.100010111,8.50001409,-1.300002155,11,-31.9,50.6,10.46233059,1024,1684,1004,1663,,176.509192,3709.973872,88,7.634,9.589,N,3.2991552,Calm
63,32.82527748,-95.30296176,467,,6.000009946,8.700014421,-1.100001823,27.2,-19.2,49.7,10.56836624,1024,1684,1004,1663,,176.509192,3720.144476,88,7.634,9.589,N,3.2991552,Calm
63.1,32.82528183,-95.30295354,467,,5.600009283,9.000014918,-1.000001658,33.3,-12.8,56,10.60001757,1024,1684,985,1639,,176.509192,3729.330828,88,7.634,9.589,N,3.2991552,Calm
63.2,32.82528785,-95.30294133,468,,5.100008454,9.100015084,-0.70000116,34.4,-12.4,63.7,10.43169941,1024,1684,973,1189,,176.509192,3743.110356,88,7.634,9.589,N,3.2991552,Calm
63.3,32.82529129,-95.30293289,468,,4.500007459,9.20001525,-0.400000663,33,-14.8,71.2,10.24159878,1024,1684,583,897,,176.509192,3752.296708,88,7.634,9.589,N,3.2991552,Calm
63.4,32.82529525,-95.3029224,468,,4.00000663,9.300015416,-0.100000166,31.1,-16.8,79.8,10.12375099,1024,1684,583,897,,175.196856,3763.451564,88,7.634,9.589,N,3.2991552,Calm
63.5,32.82529875,-95.30291198,468,,3.500005802,9.400015581,0.100000166,24.7,-24.2,85,10.03046983,1024,1684,454,771,,175.196856,3774.60642,88,7.634,9.589,N,3.2991552,Calm
63.6,32.82530171,-95.302902,468,,3.200005304,9.300015416,0.600000995,20.1,-30.8,88.6,9.835157165,1024,1684,484,763,,175.196856,3785.433192,88,7.634,9.589,N,3.2991552,Calm
63.7,32.825304,-95.30289296,467,,2.800004641,9.300015416,1.100001823,17.9,-30.8,90,9.71237897,1024,1684,593,878,,175.196856,3794.947628,88,7.634,7.57,N,3.2991552,Calm
63.8,32.82530645,-95.30288242,467,,2.400003978,9.400015581,1.400002321,19.8,-29.6,88.2,9.701561943,1024,1684,919,1024,,170.931764,3805.7744,88,7.634,7.57,N,3.2991552,Calm
63.9,32.82530821,-95.30287325,466,,2.000003315,9.500015747,1.700002818,21.9,-27.5,86.3,9.708259943,1024,1684,1024,1024,,170.931764,3815.288836,88,7.634,7.57,N,3.2991552,Calm
64,32.82531009,-95.30286076,466,,1.500002486,9.800016244,1.500002486,21.4,-24.5,86.6,9.914147345,1024,1684,1024,1024,,163.385832,3828.084112,88,7.634,7.57,N,3.2991552,Calm
64.1,32.82531094,-95.3028511,465,,0.800001326,10.10001674,0.900001492,17.8,-26.2,87.5,10.13165019,1024,1684,1024,743,,163.385832,3837.598548,88,7.634,7.57,N,3.2991552,Calm
64.2,32.82531124,-95.30284057,465,,0.300000497,10.40001724,0.600000995,11.1,-30.5,87.8,10.40434325,1024,1684,1024,364,,163.385832,3848.097236,88,7.698,7.57,N,3.2991552,Calm
64.3,32.82531132,-95.30282918,465,,0,10.8000179,0.300000497,-9.1,-29.1,93.7,10.8000179,1024,1684,1024,364,,168.96326,3859.252092,88,7.698,7.57,N,3.2991552,Calm
64.4,32.82531126,-95.30281605,465,,0.200000332,11.00001823,0.100000166,-25.2,-18.1,93.4,11.0018359,1024,1684,1024,364,,176.509192,3872.047368,88,7.698,7.57,N,3.2991552,Calm
64.5,32.82531191,-95.30280393,465,,0.70000116,11.00001823,0,-32.5,-13.9,84.7,11.02226831,1024,1684,1024,364,,178.477696,3884.186476,88,7.698,7.57,N,3.2991552,Calm
64.6,32.82531274,-95.30279387,465,,1.300002155,10.8000179,0,-33.9,-13,75.3,10.87797721,1024,1684,1024,364,,174.212604,3894.028996,88,7.698,7.57,N,3.2991552,Calm
64.7,32.82531484,-95.3027804,465,,2.000003315,10.5000174,-0.100000166,-32.4,-14.3,66.5,10.68879659,1024,1684,1024,364,,174.212604,3907.808524,88,7.698,7.312,N,3.2991552,Calm
64.8,32.82531683,-95.30277042,465,,2.500004144,10.20001691,0,-29.3,-19.1,59.1,10.5019218,1024,1684,1024,364,,158.136488,3918.307212,88,7.698,7.312,N,3.2991552,Calm
64.9,32.8253193,-95.30276089,465,,3.000004973,9.800016244,0,-28.2,-20.6,48.7,10.24891906,1024,1684,1024,364,,158.136488,3928.149732,88,7.698,7.312,N,3.2991552,Calm
65,32.8253226,-95.30275006,465,,3.600005967,9.400015581,0,-27.9,-22,39.1,10.0658003,1024,1684,1024,398,,167.650924,3939.632672,88,7.698,7.312,N,3.2991552,Calm
65.1,32.82532615,-95.30274085,465,,4.200006962,8.800014587,0,-27.7,-24.2,30.1,9.750913371,1024,1684,1024,1024,,170.931764,3949.803276,88,7.698,7.312,N,3.2991552,Calm
65.2,32.82533097,-95.30273003,465,,4.600007625,8.300013758,0,-27.8,-25.2,20.5,9.489483485,1024,1684,1024,1024,,170.931764,3961.6143,88,7.698,7.312,N,3.2991552,Calm
65.3,32.82533538,-95.30272175,465,,5.100008454,7.500012432,0,-25.9,-26.8,12.4,9.069744665,1024,1684,1024,1024,,173.228352,3971.128736,88,7.698,7.312,N,3.2991552,Calm
65.4,32.82534006,-95.30271452,465,,5.500009117,6.800011272,0,-24.2,-29.2,8.5,8.745870443,1024,1684,1024,1024,,173.228352,3979.330836,88,7.698,7.312,N,3.2991552,Calm
65.5,32.82534468,-95.30270867,465,,5.800009614,6.200010277,0.100000166,-23.2,-28.7,7.2,8.490007993,1024,1684,1024,1024,,173.228352,3986.548684,88,7.698,7.312,N,3.2991552,Calm
65.6,32.82535066,-95.30270188,465,,6.200010277,5.500009117,0,-22,-26.7,5.5,8.287956642,1024,1684,1024,1024,,173.228352,3994.750784,88,7.698,7.312,N,3.2991552,Calm
65.7,32.82535596,-95.30269733,465,,6.60001094,4.800007956,0,-21,-27.9,6.1,8.160895804,1024,1684,955,1010,,167.650924,4000.656296,88,7.789,7.312,N,3.2991552,Calm
65.8,32.82536171,-95.30269285,465,,6.800011272,4.300007128,0.100000166,-20.4,-28.8,6.6,8.045508969,1024,1684,737,889,,167.650924,4006.889892,88,7.789,7.312,N,3.2991552,Calm
65.9,32.82536887,-95.30268776,465,,7.000011603,3.900006465,0.300000497,-20.1,-29,6.8,8.013127179,1024,1684,502,772,,167.650924,4013.779656,88,7.789,7.312,N,3.2991552,Calm
66,32.82537492,-95.30268408,465,,7.100011769,3.500005802,0.600000995,-21.4,-28.3,6.6,7.915819982,1024,1684,364,674,,167.650924,4019.029,88,7.789,7.312,N,3.2991552,Calm
66.1,32.82538128,-95.30268048,464,,7.300011653,3.100005139,0.800001326,-22.6,-24.9,5.1,7.930964804,1024,1684,364,627,,167.650924,4024.606428,88,7.789,7.312,N,3.2991552,Calm
66.2,32.82538758,-95.3026776,464,,7.500012432,2.60000431,0.900001492,-25.1,-24.2,3.6,7.937896606,1024,1684,364,613,,167.650924,4029.199604,88,7.789,7.312,N,3.2991552,Calm
66.3,32.82539427,-95.30267504,464,,7.600012598,2.200003647,1.100001823,-26,-23.6,0.6,7.912029083,1024,1684,364,854,,167.650924,4033.79278,88,7.789,7.312,N,3.2991552,Calm
66.4,32.82540185,-95.30267289,463,,7.700012764,1.700002818,1.200001989,-26.1,-22.6,-3.5,7.885442273,1024,1684,364,1024,,167.650924,4038.057872,88,7.789,7.312,N,3.2991552,Calm
66.5,32.82540906,-95.30267154,463,,7.800012929,1.100001823,1.300002155,-23.4,-26.7,-6.2,7.877195279,1024,1684,364,1033,,167.650924,4041.666796,88,7.789,7.312,N,3.2991552,Calm
66.6,32.82541605,-95.30267068,462,,7.900013095,0.70000116,1.600002652,-21.3,-28.7,-8.6,7.930964804,1024,1684,364,1037,,166.666672,4044.619552,88,7.789,7.312,N,3.2991552,Calm
66.7,32.82542246,-95.30267033,462,,8.000013261,0.200000332,1.700002818,-21.4,-28.7,-9,8.002512661,1024,1684,364,1051,,164.370084,4046.91614,88,7.789,4.961,N,3.2991552,Calm
66.8,32.82543028,-95.30267031,461,,8.000013261,0,2.000003315,-20.7,-31,-8.8,8.000013261,1024,1684,364,1073,,164.370084,4049.212728,88,7.789,4.961,N,3.2991552,Calm
66.9,32.82543689,-95.30267042,461,,8.000013261,-0.200000332,2.500004144,-19.4,-30.5,-9.8,8.002512661,1024,1684,364,1148,,164.370084,4051.181232,88,7.789,4.961,N,3.2991552,Calm
67,32.82544496,-95.30267096,460,,8.100013427,-0.500000829,2.800004641,-17.8,-30.6,-10.3,8.115430495,1024,1684,364,1310,,158.136488,4053.149736,88,7.789,4.961,N,3.2991552,Calm
67.1,32.82545225,-95.30267159,459,,8.100013427,-0.800001326,3.200005304,-14.8,-32.3,-10.6,8.139423579,1024,1684,364,1477,,157.152236,4055.11824,88,7.789,4.961,N,3.2991552,Calm
67.2,32.8254593,-95.30267255,458,,8.200013592,-0.900001492,3.600005967,-2.4,-34.5,-13.2,8.249255942,1024,1684,397,1595,,151.574808,4056.430576,88,7.789,4.961,N,3.2991552,Calm
67.3,32.82546674,-95.30267364,457,,8.300013758,-1.000001658,4.00000663,16.9,-29.5,-16.2,8.360037372,1024,1684,580,1571,,145.013128,4057.742912,88,7.789,4.961,N,3.2991552,Calm
67.4,32.82547418,-95.30267452,455,,8.400013924,-0.800001326,4.200006962,26.9,-23.4,-13.4,8.438023053,1024,1684,808,1171,,140.748036,4059.055248,88,7.789,4.961,N,3.2991552,Calm
67.5,32.82548276,-95.30267504,454,,8.600014255,-0.400000663,4.100006796,26.9,-21.1,-6.5,8.609311346,1024,1684,1024,1024,,138.779532,4061.351836,88,7.789,4.961,N,3.2991552,Calm
67.6,32.82549071,-95.302675,453,,8.900014753,0.100000166,3.600005967,10.4,-28.7,2,8.900576235,1024,1684,1024,1024,,142.060372,4064.304592,88,7.789,4.961,N,3.2991552,Calm
67.7,32.82549811,-95.30267468,451,,9.20001525,0.300000497,3.30000547,1.7,-32,6.5,9.204904973,1024,1684,1024,1024,,120.406828,4066.929264,88,7.855,4.961,N,3.2991552,Calm
67.8,32.82550643,-95.30267406,450,,9.600015913,0.400000663,2.900004807,4.8,-32.8,5,9.608345609,1024,1684,1109,986,,118.11024,4070.210104,88,7.855,4.961,N,3.2991552,Calm
67.9,32.82551673,-95.30267328,449,,10.10001674,0.500000829,2.500004144,8.4,-32.3,4.4,10.112385,1024,1684,1393,852,,115.157484,4074.475196,88,7.855,4.961,N,3.2991552,Calm
68,32.82552502,-95.30267252,448,,10.40001724,0.70000116,2.100003481,8.9,-32.2,5.2,10.42354808,1024,1684,1490,716,,128.937012,4078.08412,88,7.855,4.961,N,3.2991552,Calm
68.1,32.82553511,-95.30267146,448,,10.8000179,1.000001658,1.700002818,5.1,-33.4,6.7,10.84621546,1024,1684,1495,690,,126.968508,4082.677296,88,7.855,4.961,N,3.2991552,Calm
68.2,32.8255464,-95.30267018,447,,11.1000184,1.100001823,1.300002155,-6.9,-31.6,10.3,11.15438964,1024,1684,1430,827,,119.422576,4087.598556,88,7.855,4.961,N,3.2991552,Calm
68.3,32.82555674,-95.30266898,446,,11.50001906,0.900001492,0.70000116,-18.4,-26.4,11.6,11.53518233,1024,1684,1466,919,,116.141736,4092.519816,88,7.855,4.961,N,3.2991552,Calm
68.4,32.82556683,-95.30266835,446,,11.80001956,0.400000663,0.200000332,-11.4,-25.7,6.9,11.80679713,1024,1684,1466,919,,119.422576,4096.784908,88,7.855,4.961,N,3.2991552,Calm
68.5,32.82557643,-95.30266816,446,,12.00001989,0.200000332,-0.200000332,-0.4,-30.2,1.3,12.00168601,1024,1684,1236,1024,,118.11024,4100.393832,88,7.855,4.961,N,3.2991552,Calm
68.6,32.82558831,-95.30266786,446,,12.10002006,0.100000166,-0.300000497,4.8,-34.2,-1.4,12.10043312,1024,1684,1024,1024,,120.406828,4104.987008,88,7.855,4.961,N,3.2991552,Calm
68.7,32.82559715,-95.30266764,446,,12.20002022,0.200000332,-0.200000332,3.9,-36.5,-0.7,12.20165907,1024,1684,1024,1024,,120.406828,4108.267848,88,7.855,6.053,N,3.2991552,Calm
68.8,32.82561015,-95.30266748,446,,12.30002039,0.200000332,0,0.7,-36.8,0,12.30164627,1024,1684,1083,1056,,125.656172,4113.189108,88,7.855,6.053,N,3.2991552,Calm
68.9,32.82562046,-95.30266737,446,,12.40002055,0.100000166,0,1.4,-35.5,-0.1,12.40042334,1024,1684,1116,1407,,125.656172,4117.126116,88,7.855,6.053,N,3.2991552,Calm
69,32.82563237,-95.30266725,446,,12.70002105,0.100000166,-0.100000166,12.4,-29.2,-2.7,12.70041445,1024,1684,1105,1546,,113.845148,4121.719292,88,7.855,6.053,N,3.2991552,Calm
69.1,32.82564361,-95.30266679,447,,12.80002122,0.400000663,-0.600000995,25.3,-13.3,-4,12.8062695,1024,1684,1029,1514,,108.595804,4126.312468,88,7.855,6.053,N,3.2991552,Calm
69.2,32.82565432,-95.30266604,447,,12.60002089,1.000001658,-0.800001326,34.7,-4.9,1.7,12.63964115,1024,1684,1024,1062,,119.422576,4131.233728,88,7.665,6.053,N,3.2991552,Calm
69.3,32.82566574,-95.30266414,447,,12.20002022,1.500002486,-0.600000995,33.1,-9.7,5.9,12.29188739,1024,1684,1024,1024,,119.422576,4137.467324,88,7.665,6.053,N,3.2991552,Calm
69.4,32.82567762,-95.30266203,447,,11.90001973,1.800002984,-0.200000332,21.2,-24.7,9.9,12.03538433,1024,1684,1024,1024,,123.687668,4144.029004,88,7.665,6.053,N,3.2991552,Calm
69.5,32.82568795,-95.30265991,447,,11.60001923,1.900003149,0.200000332,14.2,-26.9,13,11.7545927,1024,1684,1024,1024,,123.687668,4149.934516,88,7.665,6.053,N,3.2991552,Calm
69.6,32.82569781,-95.30265763,447,,11.60001923,2.300003812,0,14.6,-23.3,12.4,11.8258388,1024,1684,1088,1024,,124.67192,4156.168112,88,7.665,6.053,N,3.2991552,Calm
69.7,32.8257077,-95.30265516,447,,11.50001906,2.60000431,-0.100000166,14.5,-29.1,12.5,11.79026962,1024,1684,1140,1215,,131.2336,4162.401708,88,7.665,8.656,N,3.2991552,Calm
69.8,32.82571892,-95.30265197,447,,11.4000189,2.800004641,0.100000166,12.9,-31.4,12.9,11.73884392,1024,1684,1173,1475,,135.498692,4169.94764,88,7.665,8.656,N,3.2991552,Calm
69.9,32.82572814,-95.30264901,447,,11.50001906,3.200005304,-0.200000332,21.1,-23.6,12.2,11.93693718,1024,1684,1134,1616,,127.95276,4176.181236,88,7.665,8.656,N,3.2991552,Calm
70,32.82573908,-95.30264487,447,,11.4000189,3.800006299,-0.70000116,31.8,-13.2,13.2,12.01667481,1024,1684,1103,1652,,127.95276,4184.71142,88,7.665,8.656,N,3.2991552,Calm
70.1,32.82574895,-95.30264054,448,,11.00001823,4.200006962,-0.70000116,36.6,-9.9,18.1,11.77456823,1024,1684,1030,1453,,128.937012,4192.91352,88,7.665,8.656,N,3.2991552,Calm
70.2,32.82575831,-95.30263574,448,,10.60001757,4.700007791,-0.400000663,36.2,-9.6,25.9,11.59527658,1024,1684,1024,1024,,116.141736,4201.11562,88,7.665,8.656,N,3.2991552,Calm
70.3,32.82576772,-95.30263016,448,,10.00001658,5.100008454,-0.300000497,33.3,-13.6,32.2,11.22543592,1024,1684,1024,1024,,119.422576,4210.301972,88,7.665,8.656,N,3.2991552,Calm
70.4,32.82577787,-95.30262379,448,,9.600015913,5.400008951,0,25.4,-24.6,36,11.01455374,1024,1684,1024,1024,,121.39108,4220.472576,88,7.665,8.656,N,3.2991552,Calm
70.5,32.82578533,-95.3026185,448,,9.300015416,5.700009448,0.100000166,22.2,-23.9,40,10.9078131,1024,1684,1024,891,,121.39108,4228.674676,88,7.665,8.656,N,3.2991552,Calm
70.6,32.82579439,-95.30261131,448,,9.000014918,6.200010277,0,22.2,-24.1,40,10.92887897,1024,1684,625,787,,126.968508,4239.173364,88,7.665,8.656,N,3.2991552,Calm
70.7,32.82580152,-95.30260509,448,,8.700014421,6.500010774,0,19.2,-30.2,40.1,10.86003615,1024,1684,460,684,,126.968508,4248.031632,88,7.665,8.656,N,3.2991552,Calm
70.8,32.82580977,-95.30259733,448,,8.50001409,6.60001094,0.500000829,13.2,-34.7,41.3,10.76152329,1024,1684,440,618,,118.11024,4258.858404,88,7.665,8.656,N,3.2991552,Calm
70.9,32.82581597,-95.30259117,448,,8.300013758,6.700011106,0.900001492,-0.3,-35.3,45.2,10.66678836,1024,1684,424,530,,120.406828,4267.388588,88,7.665,8.656,N,3.2991552,Calm
71,32.82582407,-95.30258332,447,,8.300013758,6.700011106,1.300002155,-15.8,-31,47.2,10.66678836,1024,1684,502,368,,116.141736,4278.21536,88,7.665,8.656,N,3.2991552,Calm
71.1,32.82583155,-95.30257625,447,,8.400013924,6.500010774,1.500002486,-27.1,-22.4,43.5,10.62122247,1024,1684,559,364,,112.860896,4288.05788,88,7.665,8.656,N,3.2991552,Calm
71.2,32.82584037,-95.30256929,446,,8.600014255,6.100010111,1.700002818,-32,-16.1,37.5,10.54373568,1024,1684,631,364,,106.299216,4298.228484,88,7.701,8.656,N,2.9996384,Calm
71.3,32.82584829,-95.30256306,445,,8.800014587,5.700009448,2.000003315,-32.1,-16.5,30.9,10.48476798,1024,1684,771,364,,106.299216,4307.414836,88,7.701,5.381,N,2.5973024,Calm
71.4,32.82585587,-95.30255757,445,,8.900014753,5.300008785,2.300003812,-30.6,-15.5,19.8,10.35858825,1024,1684,981,364,,101.049872,4315.94502,88,7.701,5.381,N,2.1994368,Calm
71.5,32.8258641,-95.30255246,444,,9.100015084,4.500007459,2.000003315,-30.5,-15,9.7,10.15186355,1024,1684,1024,364,,98.753284,4324.14712,88,7.701,5.381,N,1.89992,Calm
71.6,32.82587274,-95.30254843,444,,9.300015416,3.500005802,1.500002486,-28.4,-16.5,0.2,9.936816743,1024,1684,1024,647,,96.78478,4331.693052,88,7.701,5.381,N,1.497584,Calm
71.7,32.82588043,-95.30254559,443,,9.400015581,2.60000431,1.000001658,-27.1,-18.4,-8.9,9.75296439,1024,1684,1024,1024,,95.472444,4337.926648,88,7.701,5.381,N,1.296416,Calm
71.8,32.8258899,-95.30254365,443,,9.500015747,1.600002652,0.600000995,-26.2,-22.6,-17,9.633810349,1024,1684,1024,1024,,94.488192,4343.83216,88,7.701,5.381,N,0.9968992,Calm
71.9,32.82589852,-95.30254323,443,,9.400015581,0.600000995,0.300000497,-23.3,-27.6,-22.6,9.41914487,1024,1684,1024,1024,,97.769032,4348.097252,88,7.701,5.381,NE,0.7957312,Calm
72,32.82590621,-95.3025432,443,,9.400015581,-0.100000166,0.200000332,-22.4,-29.3,-24.6,9.400547112,1024,1684,1024,1024,,97.769032,4351.378092,88,7.701,5.381,NE,0.6973824,Calm
72.1,32.8259151,-95.30254415,443,,9.400015581,-0.900001492,0.100000166,-22,-28,-25.8,9.443002054,1024,1684,1024,1024,,101.049872,4354.658932,88,7.701,5.381,E,0.5990336,Calm
72.2,32.82592446,-95.30254604,443,,9.300015416,-1.700002818,0,-20.8,-28,-26.6,9.454115021,1024,1684,1024,1024,,100.06562,4356.95552,88,7.728,5.381,E,0.6973824,Calm
72.3,32.82593155,-95.30254801,443,,9.20001525,-2.300003812,0,-20.5,-28,-26.2,9.483158316,1024,1684,1024,1024,,97.769032,4358.267856,88,7.728,5.381,E,0.7957312,Calm
72.4,32.82594072,-95.30255131,443,,9.100015084,-2.900004807,0,-21.2,-28.1,-26.1,9.550931815,1024,1684,1024,1024,,94.488192,4359.580192,88,7.728,5.381,SE,0.8985504,Calm
72.5,32.82594808,-95.3025545,443,,9.000014918,-3.400005636,0,-20.1,-28.8,-26.3,9.620826519,1024,1684,1024,1024,,93.50394,4359.908276,88,7.728,5.381,SE,1.0997184,Calm
72.6,32.8259568,-95.30255875,443,,9.000014918,-4.00000663,0,-17.2,-30.2,-26.8,9.848873693,1024,1684,1024,1024,,91.207352,4359.908276,88,7.728,5.381,SE,1.1980672,Calm
72.7,32.82596458,-95.30256299,443,,9.000014918,-4.400007293,0.100000166,-13.6,-31.6,-27.6,10.0180001,1024,1684,1024,1024,,90.2231,4359.580192,88,7.728,5.381,SE,1.3992352,Calm
72.8,32.82597277,-95.30256809,443,,9.000014918,-4.900008122,0.100000166,-10.4,-32.3,-28.6,10.24745545,1024,1684,1024,1024,,90.2231,4358.59594,88,7.728,5.381,SE,1.497584,Calm
72.9,32.82598185,-95.30257416,443,,9.20001525,-5.20000862,0,-7,-33,-29.5,10.56789328,1024,1684,1024,1024,,91.207352,4357.283604,88,7.728,5.381,SE,1.698752,Calm
73,32.8259898,-95.3025797,443,,9.300015416,-5.500009117,0,-5.2,-34.7,-29.9,10.80464611,1024,1684,1024,1045,,91.207352,4355.971268,88,7.728,5.381,SE,1.7971008,Calm
73.1,32.82599844,-95.30258563,443,,9.400015581,-5.700009448,0,-3.1,-34.9,-30.5,10.99319774,1024,1684,1024,1334,,91.207352,4354.658932,88,7.728,5.381,SE,1.89992,Calm
73.2,32.82600663,-95.3025916,443,,9.600015913,-5.90000978,0,5.7,-33,-32.7,11.26811483,1024,1684,1006,1684,,93.50394,4353.018512,88,7.728,5.381,SE,1.9982688,Calm
73.3,32.82601548,-95.30259802,443,,9.90001641,-5.90000978,0,22.9,-23.8,-35.4,11.5247748,1024,1684,1024,1684,,92.519688,4351.378092,88,7.728,6.497,SE,2.0966176,Calm
73.4,32.82602576,-95.30260447,443,,10.20001691,-5.500009117,-0.200000332,32.7,-16.2,-31.5,11.58837518,1024,1684,1024,1684,,94.488192,4350.39384,88,7.728,6.497,SE,2.1994368,Calm
73.5,32.82603536,-95.30260964,443,,10.40001724,-5.000008288,-0.100000166,34.8,-15.3,-23.7,11.53951639,1024,1684,1024,1684,,93.50394,4350.39384,88,7.728,6.497,SE,2.2977856,Calm
73.6,32.82604484,-95.30261438,443,,10.5000174,-4.300007128,0,33.4,-14.8,-14.6,11.34638348,1024,1684,919,1684,,93.50394,4350.721924,88,7.728,6.497,SE,2.3961344,Calm
73.7,32.82605486,-95.30261823,443,,10.60001757,-3.500005802,-0.100000166,30.7,-17,-5.8,11.16290307,1024,1684,364,1506,,94.488192,4352.03426,88,7.728,6.497,SE,2.4989536,Calm
73.8,32.82606396,-95.30262141,443,,10.5000174,-3.000004973,0,29.3,-23,1.2,10.9201827,1024,1684,364,1167,,97.769032,4353.67468,88,7.728,6.497,SE,2.5973024,Calm
73.9,32.82607193,-95.30262379,443,,10.40001724,-2.60000431,0.500000829,27.4,-26.1,10.5,10.72009207,1024,1684,364,1195,,101.049872,4355.3151,88,7.728,6.497,SE,2.6956512,Calm
74,32.82608201,-95.30262632,442,,10.30001707,-2.100003481,0.800001326,23.4,-27.7,16.7,10.51191537,1024,1684,606,1024,,102.034124,4358.267856,88,7.728,6.497,SE,2.7984704,Calm
74.1,32.82609133,-95.30262804,442,,10.20001691,-1.600002652,1.200001989,22.2,-28.6,18.8,10.32474464,1024,1684,1024,1024,,98.753284,4361.220612,88,7.728,6.497,SE,2.7984704,Calm
74.2,32.8261,-95.30262934,442,,10.20001691,-1.100001823,1.500002486,22,-26.8,20.7,10.25915896,1024,1684,1024,1024,,93.50394,4364.501452,88,7.76,6.497,SE,2.8968192,Calm
74.3,32.82610942,-95.30263007,441,,10.20001691,-0.300000497,1.000001658,21.3,-23.8,22.3,10.2044274,1024,1684,657,1040,,91.207352,4368.766544,87,7.76,5.134,SE,2.9996384,Calm
74.4,32.82611921,-95.30262963,441,,10.20001691,0.400000663,0.500000829,21.2,-26.9,21.5,10.20785665,1024,1684,525,1380,,92.519688,4374.015888,87,7.76,5.134,SE,2.9996384,Calm
74.5,32.82612856,-95.30262835,441,,10.00001658,0.900001492,0.70000116,20.8,-31.4,20.3,10.0404348,1024,1684,364,1296,,88.254596,4379.9214,87,7.76,5.134,SE,3.0979872,Calm
74.6,32.82613732,-95.30262701,440,,9.800016244,1.100001823,1.200001989,23.7,-27.5,21,9.861557559,1024,1684,364,1213,,89.238848,4385.826912,87,7.76,5.134,SE,3.0979872,Calm
74.7,32.82614551,-95.30262543,440,,9.700016079,1.500002486,1.500002486,25.8,-26.1,22.1,9.815310377,1024,1684,447,1596,,86.94226,4391.40434,87,7.76,5.134,SE,3.196336,Calm
74.8,32.82615501,-95.30262317,439,,9.500015747,1.900003149,1.800002984,24.7,-26.7,24.7,9.688152978,1024,1684,621,1620,,84.973756,4398.294104,87,7.76,5.134,SE,3.196336,Calm
74.9,32.8261633,-95.30262122,439,,9.400015581,2.200003647,2.100003481,26.4,-23.6,27,9.654030415,1024,1684,621,1620,,81.692916,4404.5277,87,7.76,5.134,SE,3.2991552,Calm
75,32.82617116,-95.3026186,438,,9.100015084,2.500004144,2.400003978,28,-21.7,30.8,9.437176228,1024,1684,1024,1024,,81.692916,4411.08938,87,7.76,5.134,SE,3.2991552,Calm
75.1,32.82617806,-95.30261595,437,,8.900014753,3.100005139,2.300003812,23.8,-21.5,38.4,9.424451682,1024,1684,1024,1024,,80.708664,4416.994892,87,7.76,5.134,SE,3.2991552,Calm
75.2,32.82618802,-95.30261117,436,,8.600014255,3.900006465,1.800002984,19.9,-26.3,41.9,9.443002054,1024,1684,1024,780,,75.131236,4426.509328,87,7.76,5.134,SE,3.397504,Calm
75.3,32.82619449,-95.30260691,436,,8.400013924,4.600007625,1.400002321,20.4,-26.6,42.3,9.577071585,1024,1684,1024,364,,77.427824,4434.05526,87,7.76,5.134,SE,3.397504,Calm
75.4,32.82620187,-95.3026015,436,,8.100013427,5.20000862,1.000001658,18.8,-27.8,42.8,9.625502557,1024,1684,1024,364,,75.131236,4442.585444,87,7.76,5.134,SE,3.397504,Calm
75.5,32.82620983,-95.30259482,435,,8.000013261,5.800009614,0.70000116,-1.8,-29.3,50.7,9.88131181,1024,1684,1024,364,,73.162732,4453.084132,87,7.76,5.134,SE,3.4958528,Calm
75.6,32.82621597,-95.30258925,435,,8.200013592,6.000009946,0.400000663,-19.5,-21.9,51.7,10.16072522,1024,1684,1030,364,,73.162732,4461.286232,87,7.76,5.134,SE,3.4958528,Calm
75.7,32.8262238,-95.30258239,435,,8.50001409,5.800009614,0,-27.5,-18.5,40.3,10.29030334,1024,1684,1030,364,,64.304464,4471.456836,87,7.76,5.134,SE,3.4958528,Calm
75.8,32.82623233,-95.30257571,435,,8.800014587,5.300008785,0,-31.1,-15.9,30.6,10.27279636,1024,1684,1061,364,,63.320212,4482.283608,87,7.76,5.134,SE,3.598672,Calm
75.9,32.8262403,-95.30257051,435,,9.100015084,4.600007625,-0.100000166,-31.7,-15.2,22.1,10.19658453,1024,1684,1060,364,,63.320212,4491.141876,87,7.76,5.134,SE,3.598672,Calm
76,32.82624804,-95.30256603,435,,9.20001525,4.00000663,-0.100000166,-30.6,-18,13.3,10.03196518,1024,1684,1048,364,,64.304464,4499.343976,87,7.76,5.134,SE,3.598672,Calm
76.1,32.82625677,-95.3025626,435,,9.300015416,3.30000547,-0.100000166,-30.2,-20.1,3.7,9.868146482,1024,1684,1049,364,,64.304464,4507.217992,87,7.76,5.134,SE,3.598672,Calm
76.2,32.82626486,-95.30255971,435,,9.400015581,2.500004144,-0.100000166,-29.2,-22.3,-5.1,9.726783046,1024,1684,1044,364,,64.304464,4514.107756,87,7.731,5.134,SE,3.598672,Calm
76.3,32.82627346,-95.30255747,435,,9.400015581,1.800002984,0,-28.8,-24.1,-14.6,9.570804531,1024,1684,1044,364,,76.115488,4520.669436,87,7.731,7.461,SE,3.6970208,Calm
76.4,32.82628288,-95.30255594,435,,9.400015581,1.000001658,0,-29,-25.2,-24.3,9.453057324,1024,1684,1044,364,,78.412076,4527.231116,87,7.731,7.461,SE,3.6970208,Calm
76.5,32.82629122,-95.30255562,436,,9.20001525,0.100000166,-0.100000166,-28.4,-24.3,-34.4,9.200558404,1024,1684,1048,364,,78.412076,4532.152376,87,7.731,7.461,SE,3.6970208,Calm
76.6,32.8262989,-95.30255609,436,,8.800014587,-0.600000995,-0.100000166,-26.8,-24.4,-43.9,8.820445209,1024,1684,1060,364,,77.427824,4536.089384,87,7.731,7.461,SE,3.6970208,Calm
76.7,32.82630621,-95.30255718,436,,8.400013924,-1.300002155,-0.100000166,-26.9,-24.7,-53.5,8.50001409,1024,1684,1060,364,,78.412076,4539.04214,87,7.731,7.461,SE,3.6970208,Calm
76.8,32.82631425,-95.30255944,436,,7.900013095,-2.000003315,-0.100000166,-27,-25.9,-62.3,8.149246389,1024,1684,1061,364,,76.115488,4541.666812,87,7.731,7.461,SE,3.6970208,Calm
76.9,32.82632105,-95.30256261,436,,7.400012266,-2.700004476,-0.100000166,-27.1,-26.2,-71.7,7.877195279,1024,1684,1024,984,,78.412076,4542.651064,87,7.731,7.461,SE,3.6970208,Calm
77,32.82632703,-95.302566,436,,6.700011106,-3.30000547,-0.100000166,-26.6,-26.3,-81.4,7.468613236,1024,1684,1024,933,,77.427824,4542.979148,87,7.731,7.461,SE,3.6970208,Calm
77.1,32.82633167,-95.30256938,436,,6.100010111,-3.800006299,0,-24.3,-27.5,-89.6,7.186805032,1024,1684,1024,1024,,77.427824,4542.32298,87,7.731,7.461,SE,3.79984,Calm
77.2,32.82633806,-95.30257499,436,,5.400008951,-4.200006962,0,-22.6,-28.5,-94.9,6.841063849,1024,1684,1024,1024,,75.131236,4541.010644,87,7.795,7.461,SE,3.79984,Calm
77.3,32.82634258,-95.30257969,436,,4.700007791,-4.600007625,0,-21.7,-28.4,-96.8,6.576484119,1024,1684,1024,1024,,73.162732,4539.370224,87,7.795,7.461,SE,3.79984,Calm
77.4,32.82634586,-95.30258425,436,,4.00000663,-5.000008288,0,-20.1,-28.9,-97.3,6.403134524,1024,1684,1024,1024,,75.131236,4537.40172,87,7.795,7.461,SE,3.79984,Calm
77.5,32.82634915,-95.30259005,436,,3.400005636,-5.400008951,0,-20,-28.2,-98.3,6.381232693,1024,1684,1024,1024,,75.131236,4534.12088,87,7.795,7.461,SE,3.79984,Calm
77.6,32.82635222,-95.30259677,436,,2.800004641,-5.800009614,0,-20.8,-27.2,-98.6,6.440507515,1024,1684,1024,1024,,77.427824,4529.855788,87,7.795,7.461,SE,3.79984,Calm
77.7,32.82635452,-95.30260353,436,,2.200003647,-6.100010111,0,-19.5,-27.4,-98.3,6.484607564,1024,1684,1024,1024,,73.162732,4524.934528,87,7.795,7.461,SE,3.79984,Calm
77.8,32.82635588,-95.3026094,436,,1.700002818,-6.400010609,0,-19.3,-27.7,-98.1,6.621944064,1024,1684,1024,1024,,77.427824,4520.669436,87,7.795,7.461,SE,3.79984,Calm
77.9,32.82635707,-95.30261614,436,,1.100001823,-6.60001094,0,-19.5,-27.7,-98.4,6.691049742,1024,1684,1024,1024,,75.131236,4515.420092,87,7.795,7.461,SE,3.79984,Calm
78,32.82635793,-95.30262429,436,,0.600000995,-6.900011437,0,-19.7,-27.9,-98.1,6.926049282,1024,1684,1418,629,,75.131236,4508.858412,87,7.795,7.461,SE,3.79984,Calm
78.1,32.82635808,-95.30263185,436,,0.100000166,-7.200011935,0,-21.4,-25.8,-98.8,7.200706188,1024,1684,1555,517,,74.146984,4501.968648,87,7.795,7.461,SE,3.79984,Calm
78.2,32.82635773,-95.30264077,436,,-0.600000995,-7.600012598,-0.500000829,-25.8,-21.3,-100.6,7.623659673,1024,1684,1660,456,,76.115488,4494.094632,87,7.795,7.461,SE,3.79984,Calm
78.3,32.82635661,-95.30264803,436,,-1.400002321,-7.700012764,-0.900001492,-27.7,-20.3,-103.8,7.826250601,1024,1684,1684,467,,75.131236,4486.876784,87,7.795,4.961,SE,3.79984,Calm
78.4,32.82635464,-95.30265729,437,,-2.300003812,-7.800012929,-1.300002155,-28,-20,-109.6,8.13204876,1024,1684,1684,469,,78.412076,4477.690432,87,7.795,4.961,SE,3.8981888,Calm
78.5,32.82635204,-95.30266568,437,,-3.200005304,-7.800012929,-1.800002984,-29.3,-18.8,-116.4,8.430909305,1024,1684,1684,667,,81.692916,4468.832164,87,7.795,4.961,SE,3.8981888,Calm
78.6,32.82634865,-95.30267403,438,,-4.100006796,-7.500012432,-2.200003647,-30.3,-17.6,-123.3,8.547528183,1024,1684,1684,1024,,83.66142,4459.645812,87,7.795,4.961,SE,3.8981888,Calm
78.7,32.82634418,-95.30268235,439,,-5.000008288,-7.200011935,-2.700004476,-26.3,-22.7,-127.8,8.765857155,1024,1684,1684,1060,,85.958008,4449.475208,87,7.795,4.961,SE,3.8981888,Calm
78.8,32.82633938,-95.30268966,440,,-5.700009448,-7.000011603,-2.900004807,-19.1,-30.3,-131.8,9.027195844,1024,1684,1684,1213,,89.238848,4440.288856,87,7.795,4.961,SE,3.8981888,Calm
78.9,32.82633364,-95.30269698,441,,-6.500010774,-7.000011603,-3.200005304,-14.5,-33.6,-134.4,9.552502267,1024,1684,1684,1286,,93.50394,4430.77442,87,7.795,4.961,SE,3.8981888,Calm
79,32.82632764,-95.30270426,442,,-7.200011935,-7.100011769,-3.500005802,-6.8,-33.6,-136.7,10.11189057,1024,1684,1684,1422,,96.78478,4420.603816,87,7.795,4.961,SE,3.8981888,Calm
79.1,32.82632054,-95.30271195,444,,-7.700012764,-7.400012266,-3.800006299,8.5,-24.4,-140.2,10.67943691,1024,1684,1684,1666,,103.018376,4409.777044,87,7.795,4.961,SE,3.8981888,Calm
79.2,32.82631274,-95.3027211,445,,-7.800012929,-7.900013095,-4.400007293,22.5,-9,-140.3,11.10181997,1024,1684,1670,1684,,103.018376,4397.309852,87,7.689,4.961,SE,3.8981888,Calm
79.3,32.82630624,-95.30273024,447,,-7.100011769,-8.300013758,-4.900008122,32.6,3.8,-130.6,10.92247199,1024,1684,1677,1684,,107.611552,4385.498828,87,7.689,11.272,SE,3.8981888,Calm
79.4,32.8263006,-95.30273887,448,,-6.300010443,-8.50001409,-4.900008122,35.2,3.9,-122.2,10.58018732,1024,1684,1684,1684,,113.845148,4374.672056,87,7.689,11.272,SE,3.8981888,Calm
79.5,32.82629553,-95.30274825,450,,-5.400008951,-8.600014255,-4.800007956,35.7,2,-113.2,10.15481848,1045,1684,1684,1684,,121.39108,4363.5172,87,7.689,11.272,SE,3.8981888,Calm
79.6,32.82629121,-95.30275756,452,,-4.400007293,-8.600014255,-4.900008122,35.4,-1.5,-104.1,9.660243377,1199,1684,1668,1684,,125.656172,4352.690428,87,7.689,11.272,SE,3.8981888,Calm
79.7,32.82628867,-95.30276573,454,,-3.500005802,-8.600014255,-4.900008122,34.2,-7.3,-96.4,9.284949274,1165,1684,611,1684,,134.51444,4344.160244,87,7.689,11.272,SE,3.8981888,Calm
79.8,32.82628567,-95.30277577,456,,-2.800004641,-8.600014255,-4.700007791,32.9,-13.2,-89,9.04435011,1111,1684,364,1407,,151.574808,4333.661556,87,7.689,11.272,SE,3.8981888,Calm
79.9,32.82628365,-95.30278435,458,,-2.200003647,-8.50001409,-4.300007128,31.9,-17.9,-80.9,8.78010566,1100,1684,364,1229,,158.136488,4324.803288,87,7.689,11.272,SE,3.8981888,Calm
80,32.82628202,-95.30279333,460,,-1.600002652,-8.400013924,-4.00000663,30.4,-20.5,-72.4,8.551037447,1123,1684,364,1042,,162.40158,4315.94502,87,7.689,11.272,SE,3.8981888,Calm
80.1,32.82628093,-95.30280217,462,,-1.000001658,-8.300013758,-3.600005967,27.5,-24.5,-67.3,8.360037372,1024,1585,364,1024,,152.55906,4307.414836,87,7.689,11.272,SE,3.8981888,Calm
80.2,32.82628027,-95.30281182,464,,-0.500000829,-8.200013592,-3.200005304,23.6,-27.8,-64.6,8.215243351,846,1202,364,1024,,147.309716,4298.556568,87,7.743,11.272,SE,3.8981888,Calm
80.3,32.82628019,-95.30282069,466,,-0.100000166,-8.200013592,-2.800004641,21.5,-28,-63.2,8.200622908,528,1024,364,1024,,153.871396,4290.682552,87,7.743,11.272,SE,3.8981888,Calm
80.4,32.82628036,-95.30282896,467,,0.300000497,-8.100013427,-2.400003978,22.4,-27.1,-62.3,8.105567004,418,921,364,1024,,155.8399,4283.464704,87,7.743,11.272,SE,3.8981888,Calm
80.5,32.82628107,-95.3028367,468,,0.70000116,-8.000013261,-2.100003481,21.3,-27.3,-62.3,8.030579621,364,958,364,1024,,162.40158,4277.231108,87,7.743,11.272,SE,3.8981888,Calm
80.6,32.82628189,-95.3028448,468,,1.000001658,-8.000013261,-1.700002818,13.4,-23.5,-60.1,8.062270733,364,952,364,1024,,160.104992,4270.669428,87,7.743,11.272,SE,3.8981888,Calm
80.7,32.82628324,-95.30285521,469,,1.300002155,-7.900013095,-1.400002321,4.1,-14.7,-57.5,8.006260645,364,954,364,1024,,159.12074,4262.139244,87,7.743,11.272,SE,3.8981888,Calm
80.8,32.82628437,-95.30286322,469,,1.300002155,-7.800012929,-1.100001823,-8.1,-9.9,-56.4,7.907604281,364,936,364,1201,,153.871396,4255.905648,87,7.743,11.272,SE,3.8981888,Calm
80.9,32.8262856,-95.30287161,469,,1.200001989,-7.800012929,-0.600000995,-16.5,-5.9,-56.2,7.891780853,364,930,364,1595,,160.104992,4249.015884,87,7.743,11.272,SE,3.8981888,Calm
81,32.82628654,-95.30287956,470,,1.000001658,-7.800012929,-0.300000497,-14.5,-4.8,-56.5,7.863854265,364,930,364,1684,,160.104992,4242.782288,87,7.743,11.272,SE,3.79984,Calm
81.1,32.82628729,-95.30288793,470,,0.800001326,-7.800012929,-0.100000166,0.9,-11.2,-57,7.840930948,364,931,364,1684,,171.916016,4235.892524,87,7.743,11.272,SE,3.598672,Calm
81.2,32.82628796,-95.30289591,470,,0.800001326,-7.800012929,0.200000332,16.2,-18.3,-55.6,7.840930948,364,931,364,1684,,171.916016,4229.330844,87,7.743,11.272,SE,3.4958528,Calm
81.3,32.82628881,-95.30290418,469,,1.000001658,-7.700012764,0.600000995,25.8,-20.9,-48.1,7.764676205,364,939,448,1684,,171.916016,4222.44108,87,7.743,5.584,SE,3.598672,Calm
81.4,32.82629002,-95.3029132,469,,1.300002155,-7.500012432,1.100001823,27.9,-20.5,-38.8,7.6118453,364,954,410,1259,,174.212604,4215.223232,87,7.743,5.584,SE,3.598672,Calm
81.5,32.8262915,-95.30292121,469,,1.600002652,-7.300011653,1.400002321,27.3,-21.4,-29.5,7.473297769,364,968,467,909,,169.947512,4209.31772,87,7.743,5.584,SE,3.6970208,Calm
81.6,32.82629304,-95.30292856,469,,1.900003149,-7.000011603,1.800002984,27,-23.8,-21,7.253287033,364,975,743,494,,154.855648,4203.740292,87,7.743,5.584,SE,3.6970208,Calm
81.7,32.82629507,-95.30293526,468,,2.200003647,-6.700011106,2.200003647,17,-28.2,-14.2,7.051961675,364,973,1024,364,,152.55906,4199.147116,87,7.743,5.584,SE,3.6970208,Calm
81.8,32.82629752,-95.30294294,467,,2.500004144,-6.400010609,2.500004144,4.9,-13,-7.9,6.870964566,364,973,1328,364,,151.574808,4193.897772,87,7.743,5.584,SE,3.79984,Calm
81.9,32.82629991,-95.30294968,466,,2.700004476,-6.200010277,1.900003149,-1.5,8.7,-10.7,6.762407161,364,973,1668,375,,149.606304,4189.304596,87,7.743,5.584,SE,3.79984,Calm
82,32.82630202,-95.30295592,466,,2.300003812,-6.100010111,1.300002155,-12.8,21.5,-20.5,6.519212931,364,973,1668,375,,139.763784,4185.039504,87,7.743,5.584,SE,3.79984,Calm
82.1,32.82630389,-95.30296189,466,,1.500002486,-6.100010111,1.000001658,-16.3,27.3,-31.6,6.281729636,364,960,1684,854,,138.779532,4181.102496,87,7.743,5.584,SE,3.8981888,Calm
82.2,32.82630482,-95.3029684,465,,0.600000995,-6.000009946,0.500000829,-4.7,16.7,-36.7,6.02993525,364,958,1684,1030,,158.136488,4175.853152,87,7.865,5.584,SE,3.8981888,Calm
82.3,32.82630514,-95.30297476,465,,0.200000332,-5.800009614,0,-6.2,4.5,-42.1,5.80345674,364,959,1684,1193,,167.650924,4170.603808,87,7.865,4.922,SE,3.8981888,Calm
82.4,32.82630539,-95.3029808,465,,0,-5.700009448,-0.100000166,-23.9,-2.6,-45,5.700009448,364,962,1684,1216,,167.650924,4165.682548,87,7.865,4.922,SE,3.8981888,Calm
82.5,32.82630497,-95.30298723,465,,-0.400000663,-6.100010111,-0.400000663,-31.8,-5.9,-44.4,6.113110619,364,980,1684,1327,,182.742788,4159.777036,87,7.865,4.922,SE,3.9965376,Calm
82.6,32.82630406,-95.30299501,466,,-1.100001823,-6.700011106,-0.900001492,-26,-7.2,-42.2,6.789709235,364,981,1684,1403,,177.493444,4152.231104,87,7.865,4.922,SE,3.9965376,Calm
82.7,32.82630274,-95.30300192,466,,-1.400002321,-7.200011935,-1.500002486,-9.4,-14.6,-41.7,7.33486021,364,984,1684,1499,,178.477696,4145.669424,87,7.865,4.922,SE,3.9965376,Calm
82.8,32.82630144,-95.30300972,467,,-1.300002155,-7.400012266,-1.900003149,9.6,-22.9,-43.6,7.513333777,364,984,1684,1595,,162.40158,4138.123492,87,7.865,4.922,SE,3.9965376,Calm
82.9,32.82630057,-95.303019,467,,-0.600000995,-7.400012266,-2.300003812,24.6,-26.7,-42.3,7.424296373,364,991,1684,1635,,164.370084,4129.593308,87,7.865,4.922,SE,3.9965376,Calm
83,32.82630061,-95.30302727,468,,0.300000497,-7.000011603,-2.700004476,29.1,-26,-36.9,7.006436909,364,1099,1684,1684,,166.666672,4122.37546,87,7.865,4.922,SE,4.0993568,Calm
83.1,32.82630187,-95.30303358,469,,1.400002321,-6.500010774,-3.200005304,28.2,-25.5,-30.1,6.649070898,582,1595,1604,1684,,167.650924,4117.4542,87,7.865,4.922,SE,4.0993568,Calm
83.2,32.82630382,-95.30304099,470,,2.200003647,-5.90000978,-3.600005967,27.1,-25.3,-22.1,6.296834671,714,1684,1362,1684,,163.385832,4112.53294,87,7.865,4.922,SE,4.0993568,Calm
83.3,32.82630694,-95.30304611,472,,3.000004973,-5.20000862,-3.900006465,24.8,-27.2,-12.4,6.003342182,786,1684,1159,1684,,164.370084,4109.908268,87,7.865,4.922,SE,4.0993568,Calm
83.4,32.82630982,-95.30305114,473,,3.30000547,-4.700007791,-3.600005967,21.4,-29.1,-2.8,5.742830963,1024,1684,1024,1337,,167.650924,4107.283596,87,7.865,4.922,SE,4.0993568,Calm
83.5,32.82631277,-95.30305537,474,,3.600005967,-4.300007128,-3.200005304,18.6,-30.9,6.7,5.608039015,1024,1684,1024,1024,,177.493444,4105.315092,87,7.865,4.922,SE,4.0993568,Calm
83.6,32.82631664,-95.30305952,475,,3.800006299,-3.800006299,-3.000004973,4.5,-25.7,19.4,5.374020281,1024,1684,1024,1024,,173.228352,4104.33084,87,7.865,4.922,SE,4.1977056,Calm
83.7,32.82632039,-95.30306355,477,,4.00000663,-3.600005967,-2.60000431,0.4,-33.1,25.7,5.381458132,863,1684,1024,1024,,173.228352,4103.018504,87,7.865,4.922,SE,4.1977056,Calm
83.8,32.82632365,-95.30306648,477,,4.200006962,-3.30000547,-2.200003647,3.1,-35.1,25.8,5.341356856,741,1684,1024,1024,,175.196856,4102.69042,87,7.865,4.922,SE,4.1977056,Calm
83.9,32.82632787,-95.3030703,478,,4.400007293,-2.900004807,-1.800002984,1.7,-34.2,26.9,5.269733448,1024,1684,1158,789,,175.196856,4102.034252,87,7.865,4.922,SE,4.1977056,Calm
84,32.8263318,-95.30307302,479,,4.600007625,-2.700004476,-1.400002321,-3.3,-34.1,29.3,5.333862677,1248,1684,1189,574,,188.320216,4102.034252,87,7.865,4.922,SE,4.1977056,Calm
84.1,32.826336,-95.30307596,480,,4.800007956,-2.500004144,-1.000001658,-5.2,-33.7,30.1,5.412032539,1234,1682,1639,426,,189.304468,4102.034252,87,7.865,4.922,SE,4.1977056,Calm
84.2,32.82634092,-95.30307872,480,,5.100008454,-2.200003647,-0.900001492,-10.6,-23.7,29.1,5.554286478,1056,1024,1684,681,,189.304468,4102.69042,87,7.573,4.922,SE,4.1977056,Calm
84.3,32.82634511,-95.30308081,480,,5.500009117,-2.200003647,-1.400002321,-13.1,-8.8,23.8,5.92369083,1054,593,1684,686,,189.304468,4103.674672,87,7.573,8.173,SE,4.1977056,Calm
84.4,32.8263506,-95.30308356,481,,5.600009283,-2.400003978,-2.000003315,-8.8,-1.4,15.8,6.09262814,1038,505,1684,782,,189.304468,4104.658924,87,7.573,8.173,SE,4.1977056,Calm
84.5,32.8263557,-95.30308614,482,,5.300008785,-2.60000431,-2.500004144,-7.4,12.4,10.8,5.903398343,1217,439,1684,951,,189.304468,4105.643176,87,7.573,8.173,SE,4.1977056,Calm
84.6,32.82636018,-95.30308909,483,,4.700007791,-2.800004641,-3.100005139,-0.4,21.4,9,5.470840651,1440,364,1684,1024,,203.41208,4105.97126,87,7.573,8.173,SE,3.9965376,Calm
84.7,32.82636391,-95.30309221,484,,3.900006465,-2.800004641,-3.500005802,8.7,25.8,9.7,4.801049113,1536,364,1684,1024,,213.910768,4105.643176,87,7.573,8.173,SE,3.79984,Calm
84.8,32.82636714,-95.30309529,485,,2.900004807,-2.60000431,-4.00000663,17.6,27.6,11.3,3.894874445,1539,364,1684,1024,,213.910768,4104.987008,87,7.573,8.173,SE,3.598672,Calm
84.9,32.82636872,-95.30309768,487,,1.900003149,-2.100003481,-4.300007128,21.3,21.8,10.8,2.831964872,1536,364,1684,1024,,213.910768,4104.002756,87,7.573,8.173,SE,3.4958528,Calm
85,32.82636992,-95.30309956,488,,1.100001823,-1.600002652,-4.600007625,19.9,15.5,8.9,1.941651631,1537,364,1684,1024,,213.910768,4103.346588,87,7.573,8.173,E,3.397504,Calm
85.1,32.82637053,-95.30310095,490,,0.600000995,-1.100001823,-4.700007791,16.7,13.7,7.5,1.252998134,1537,364,1676,1024,,213.910768,4102.362336,87,7.573,8.173,E,3.2991552,Calm
85.2,32.82637041,-95.30310168,491,,0.100000166,-0.800001326,-4.700007791,15.5,14.8,7.7,0.806226805,1560,364,364,1123,,213.910768,4101.706168,87,7.664,8.173,E,3.196336,Calm
85.3,32.82637026,-95.30310211,493,,-0.200000332,-0.500000829,-4.700007791,17.4,16.7,8.3,0.538517348,1638,364,364,1013,,213.910768,4101.378084,87,7.664,8.173,E,3.196336,Calm
85.4,32.82636972,-95.30310242,495,,-0.600000995,-0.300000497,-4.400007293,19,17.2,8.5,0.670821071,1632,364,364,984,,213.910768,4100.721916,87,7.664,8.173,E,3.0979872,Calm
85.5,32.82636933,-95.30310269,496,,-0.900001492,-0.100000166,-4.00000663,23,19.4,10,0.90553987,1626,364,364,987,,213.910768,4100.065748,87,7.664,8.173,E,3.0979872,Calm
85.6,32.82636821,-95.30310257,498,,-1.200001989,0.100000166,-3.700006133,25.7,20.8,11,1.204161249,1622,364,364,989,,213.910768,4099.40958,87,7.664,8.173,E,3.0979872,Calm
85.7,32.82636684,-95.30310221,499,,-1.600002652,0.400000663,-3.30000547,27.2,21.4,11.2,1.649244555,1617,364,364,991,,213.910768,4099.081496,87,7.664,8.173,E,3.0979872,Calm
85.8,32.8263652,-95.30310155,500,,-2.000003315,0.70000116,-2.900004807,27.2,21.7,11.1,2.11896513,1615,364,364,961,,213.910768,4098.425328,87,7.664,8.173,E,3.0979872,Calm
85.9,32.82636322,-95.30310051,501,,-2.300003812,0.900001492,-2.500004144,27.1,21.9,11,2.469821791,1615,364,364,898,,213.910768,4098.097244,87,7.664,8.173,E,3.196336,Calm
86,32.82636102,-95.30309931,502,,-2.700004476,1.200001989,-2.100003481,26.5,21.8,10.8,2.954662153,1611,364,364,843,,213.910768,4097.76916,87,7.664,8.173,E,3.196336,Calm
86.1,32.82635848,-95.30309784,503,,-3.000004973,1.400002321,-1.700002818,26.6,21.6,10.5,3.310594507,1609,364,364,666,,213.910768,4097.441076,87,7.664,8.173,E,3.196336,Calm
86.2,32.82635575,-95.30309619,504,,-3.30000547,1.700002818,-1.400002321,27.4,20.7,10,3.712148187,1606,364,706,364,,213.910768,4097.112992,87,7.664,8.173,E,3.2991552,Calm
86.3,32.82635214,-95.30309391,505,,-3.600005967,1.900003149,-1.000001658,31,14.1,7.4,4.070633139,1646,761,1041,364,,213.910768,4096.784908,87,7.664,7.72,E,3.2991552,Calm
86.4,32.82634897,-95.30309175,505,,-3.700006133,2.200003647,-0.600000995,32.5,-6.6,-0.4,4.30465545,1684,1024,1213,364,,213.910768,4096.784908,87,7.664,7.72,NE,3.397504,Calm
86.5,32.8263458,-95.30308914,505,,-3.500005802,2.60000431,-0.500000829,29.8,-17.4,-8.8,4.360053093,1684,1304,1443,364,,213.910768,4096.784908,87,7.664,7.72,NE,3.397504,Calm
86.6,32.82634303,-95.30308614,506,,-3.000004973,3.100005139,-0.500000829,29.7,-18.8,-18.7,4.313937788,1684,1399,1425,378,,213.910768,4097.76916,87,7.664,7.72,NE,3.397504,Calm
86.7,32.82634093,-95.30308196,506,,-2.200003647,3.500005802,-0.800001326,29.3,-21,-28.7,4.134011788,1684,1276,1024,880,,213.910768,4100.065748,87,7.664,7.72,NE,3.4958528,Calm
86.8,32.82633953,-95.30307824,506,,-1.300002155,3.700006133,-1.300002155,29.1,-20.2,-37,3.921740655,1684,1276,1024,880,,213.910768,4102.362336,87,7.664,7.72,NE,3.4958528,Calm
86.9,32.82633956,-95.30307377,507,,-0.600000995,3.900006465,-1.400002321,22.8,-12.6,-42.9,3.945890203,1684,1032,1229,1050,,213.910768,4106.299344,87,7.664,7.72,NE,3.598672,Calm
87,32.8263395,-95.30306981,507,,-0.300000497,3.800006299,-1.200001989,28.5,-7.3,-47.5,3.811829613,1684,1026,1432,1420,,213.910768,4109.580184,87,7.664,7.72,NE,3.598672,Calm
87.1,32.82633971,-95.30306565,508,,-0.100000166,3.900006465,-0.800001326,35.2,-4.6,-47.4,3.901288128,1684,1024,1450,1684,,213.910768,4113.189108,87,7.664,7.72,NE,3.6970208,Calm
87.2,32.82634015,-95.30306158,508,,0.300000497,4.100006796,-0.800001326,33.1,0.2,-46.3,4.11096777,1684,1024,1450,1684,,213.910768,4117.126116,87,7.798,7.72,NE,3.6970208,Calm
87.3,32.8263406,-95.30305611,508,,0.900001492,4.600007625,-1.400002321,18.5,10.8,-46.6,4.687224235,1684,1024,1491,1684,,213.910768,4122.047376,86,7.798,6.691,NE,3.6970208,Calm
87.4,32.82634149,-95.30305169,509,,0.800001326,4.900008122,-1.900003149,0.5,19.7,-46.7,4.964884802,1684,1024,1536,1684,,213.910768,4126.312468,86,7.798,6.691,NE,3.79984,Calm
87.5,32.826342,-95.30304533,510,,0.300000497,5.000008288,-2.300003812,-13.6,27.7,-38.7,5.009000051,1684,1024,1564,1684,,213.910768,4132.21798,86,7.798,6.691,NE,3.79984,Calm
87.6,32.82634171,-95.30304002,510,,-0.600000995,4.800007956,-2.60000431,-21.9,30,-30.1,4.837362619,1684,1024,1655,1494,,213.910768,4136.483072,86,7.798,6.691,NE,3.79984,Calm
87.7,32.8263401,-95.30303464,511,,-1.600002652,4.400007293,-2.900004807,-21.3,22.2,-19.4,4.681887471,1684,1024,1489,1024,,213.910768,4140.091996,86,7.798,6.691,NE,3.8981888,Calm
87.8,32.82633831,-95.30303047,513,,-2.300003812,3.700006133,-3.400005636,-9,9.8,-7.2,4.356611332,1684,1024,1024,1024,,213.910768,4142.716668,86,7.798,6.691,NE,3.8981888,Calm
87.9,32.82633598,-95.30302659,514,,-2.500004144,3.400005636,-3.30000547,9.8,0.3,-1,4.220196182,1684,1024,1024,1024,,213.910768,4144.685172,86,7.798,6.691,NE,3.8981888,Calm
88,32.82633301,-95.30302366,515,,-2.400003978,3.500005802,-2.800004641,30.3,-4.8,-1.4,4.243825823,1684,1025,1112,1020,,213.910768,4145.34134,86,7.798,6.691,NE,3.8981888,Calm
88.1,32.82633091,-95.30301996,516,,-2.400003978,3.700006133,-2.300003812,37.1,-6.3,-2,4.410222604,1684,1037,1211,941,,213.910768,4147.309844,86,7.798,6.691,NE,3.9965376,Calm
88.2,32.82632872,-95.30301607,517,,-2.300003812,4.100006796,-2.000003315,37.1,-7.4,-2.6,4.701071299,1684,1059,1216,1024,,213.910768,4149.278348,86,7.811,6.691,NE,3.9965376,Calm
88.3,32.82632692,-95.30301009,518,,-2.100003481,4.400007293,-1.600002652,36.5,-8.3,-2.8,4.875456685,1684,1086,1253,1152,,213.910768,4153.215356,86,7.811,6.691,NE,3.8981888,Calm
88.4,32.82632516,-95.30300528,518,,-2.000003315,4.800007956,-1.300002155,34.9,-6.9,-2,5.20000862,1684,1288,1000,1358,,213.910768,4156.168112,86,7.811,6.691,NE,3.8981888,Calm
88.5,32.82632352,-95.30299937,519,,-1.900003149,5.20000862,-1.200001989,34.5,-4.3,-1.3,5.536253332,1223,1684,459,1356,,213.910768,4160.433204,86,7.811,6.691,NE,3.8981888,Calm
88.6,32.82632194,-95.30299374,519,,-1.800002984,5.400008951,-0.900001492,35,-1.3,0.3,5.69210891,1040,1684,364,1331,,213.910768,4164.370212,86,7.811,6.691,NE,3.9965376,Calm
88.7,32.82632035,-95.30298683,520,,-1.800002984,5.700009448,-0.500000829,33.3,-6.4,1,5.977467507,1024,1684,364,1325,,213.910768,4169.291472,86,7.811,6.691,NE,3.9965376,Calm
88.8,32.82631887,-95.30298075,520,,-1.700002818,5.90000978,-0.100000166,23.5,-14.1,2.7,6.140042543,1024,1684,458,1328,,213.910768,4173.556564,86,7.811,6.691,NE,3.9965376,Calm
88.9,32.82631751,-95.3029743,520,,-1.500002486,6.000009946,0,13.1,-16.2,6.7,6.184668311,1024,1684,945,1024,,213.910768,4178.477824,86,7.811,6.691,NE,3.9965376,Calm
89,32.8263164,-95.30296799,520,,-1.300002155,6.000009946,0.400000663,8.8,-17.1,10.2,6.139228036,1024,1684,1024,1024,,213.910768,4183.399084,86,7.811,6.691,NE,3.9965376,Calm
89.1,32.82631527,-95.30296181,519,,-1.000001658,6.000009946,0.500000829,6.1,-28.7,12.4,6.082772249,1024,1684,1024,1232,,213.910768,4187.99226,86,7.811,6.691,NE,3.9965376,Calm
89.2,32.8263147,-95.30295555,519,,-0.400000663,6.000009946,0.100000166,1.6,-30.8,13.2,6.013328161,1024,1684,1024,1409,,213.910768,4192.91352,86,7.811,6.691,NE,3.9965376,Calm
89.3,32.82631487,-95.30294926,519,,0.100000166,5.90000978,0,2.3,-32.4,13.6,5.900856921,1024,1684,1024,1024,,213.910768,4198.490948,86,7.811,6.153,NE,3.9965376,Calm
89.4,32.82631535,-95.30294282,519,,0.600000995,5.90000978,0,8.5,-15.4,14.3,5.930439793,1024,1684,1024,1024,,213.910768,4204.39646,86,7.811,6.153,NE,3.9965376,Calm
89.5,32.82631621,-95.30293584,519,,0.70000116,5.90000978,0,8.2,-15.7,17.7,5.941390037,1024,1684,1024,1024,,213.910768,4211.286224,86,7.811,6.153,NE,3.9965376,Calm
89.6,32.82631702,-95.30292944,519,,0.900001492,5.90000978,0,3.1,-28.2,20.4,5.96825893,1024,1684,1024,1024,,213.910768,4217.191736,86,7.811,6.153,NE,3.9965376,Calm
89.7,32.82631813,-95.30292377,519,,1.300002155,5.90000978,0.100000166,-0.2,-31.8,21.3,6.041532809,1024,1684,1024,1024,,213.910768,4222.769164,86,7.811,6.153,NE,4.0993568,Calm
89.8,32.82631964,-95.30291727,519,,1.800002984,5.90000978,0,-2.6,-32.7,21.4,6.168478311,1024,1684,1024,1024,,213.910768,4229.330844,86,7.811,6.153,NE,4.0993568,Calm
89.9,32.82632165,-95.30291097,519,,2.400003978,5.90000978,0,-1.1,-33.3,21.8,6.369468836,1024,1684,1024,1024,,213.910768,4235.892524,86,7.811,6.153,NE,4.0993568,Calm
90,32.82632438,-95.30290474,519,,2.800004641,5.800009614,0,0.7,-33.4,21.4,6.440507515,1024,1684,1024,1024,,213.910768,4243.110372,86,7.811,6.153,NE,4.0993568,Calm
90.1,32.82632742,-95.30289827,519,,3.30000547,5.800009614,0,0.2,-33.5,21.3,6.673091251,1024,1684,1024,1024,,213.910768,4250.656304,86,7.811,6.153,NE,4.0993568,Calm
90.2,32.82633059,-95.30289232,519,,3.800006299,5.800009614,0,-0.7,-33.8,21.7,6.933985583,1024,1684,1024,1024,,213.910768,4257.546068,86,7.747,6.153,NE,4.0993568,Calm
90.3,32.82633492,-95.30288503,519,,4.200006962,5.800009614,0,-0.6,-33.6,21.8,7.161017083,1024,1684,1024,1024,,213.910768,4266.73242,86,7.747,6.061,NE,4.0993568,Calm
90.4,32.82633843,-95.30287971,519,,4.600007625,5.800009614,0,-0.8,-33.3,21.7,7.402714176,1024,1684,1024,1024,,213.910768,4273.2941,86,7.747,6.061,NE,4.0993568,Calm
90.5,32.82634272,-95.30287344,519,,5.000008288,5.800009614,0,-1.8,-33.7,21.7,7.657688357,1024,1684,1024,1024,,213.910768,4281.4962,86,7.747,6.061,NE,4.0993568,Calm
90.6,32.82634802,-95.30286653,519,,5.300008785,5.800009614,0,-2.1,-34,21.8,7.856856748,1024,1684,1024,1024,,213.910768,4290.682552,86,7.747,6.061,NE,4.0993568,Calm
90.7,32.82635326,-95.30285998,519,,5.700009448,5.800009614,0,-2.4,-32.6,21.8,8.13204876,1024,1684,1024,1024,,213.910768,4299.212736,86,7.747,6.061,NE,4.0993568,Calm
90.8,32.82635838,-95.30285401,519,,6.000009946,5.800009614,0,-2.5,-32.9,22.1,8.345071814,1024,1684,1024,1024,,213.910768,4307.74292,86,7.747,6.061,NE,4.0993568,Calm
90.9,32.82636403,-95.30284763,519,,6.300010443,5.800009614,0,-2.6,-33.3,21.7,8.563307801,1024,1684,1024,1024,,213.910768,4316.601188,86,7.747,6.061,NE,4.0993568,Calm
91,32.82636961,-95.30284157,519,,6.60001094,5.90000978,0.100000166,-3.6,-34.6,22.1,8.852697804,1024,1684,1024,1024,,213.910768,4325.131372,86,7.747,6.061,NE,4.0993568,Calm
91.1,32.82637574,-95.30283521,519,,6.900011437,5.800009614,0,-4.3,-32.8,22.2,9.013892828,1024,1684,1024,1024,,213.910768,4334.317724,86,7.747,6.061,NE,4.0993568,Calm
91.2,32.82638276,-95.30282842,519,,7.300011653,5.800009614,0,-3.1,-33.5,22.2,9.323641033,1022,1684,1024,1024,,213.910768,4344.488328,86,7.747,6.061,NE,4.0993568,Calm
91.3,32.82638852,-95.30282314,519,,7.500012432,5.800009614,0.100000166,-2.5,-33.9,21.8,9.481049181,997,1684,984,637,,213.910768,4352.690428,86,7.734,6.061,NE,4.0993568,Calm
91.4,32.82639538,-95.30281691,519,,7.800012929,5.800009614,0,-3.3,-33.4,21.9,9.72009801,992,1684,876,388,,213.910768,4362.204864,86,7.734,6.061,NE,4.0993568,Calm
91.5,32.82640322,-95.3028101,519,,8.000013261,5.800009614,0,-18.5,-27.4,25,9.88131181,992,1684,895,364,,213.910768,4372.703552,86,7.734,6.061,NE,4.0993568,Calm
91.6,32.82641063,-95.3028041,519,,8.300013758,5.400008951,0.100000166,-29.8,-17.1,24.5,9.902036137,992,1684,925,364,,213.910768,4382.546072,86,7.734,6.061,NE,4.0993568,Calm
91.7,32.82641741,-95.30279911,519,,8.400013924,4.900008122,0.200000332,-33.2,-15.7,19,9.724726662,992,1684,919,364,,213.910768,4391.076256,86,7.734,6.061,NE,4.0993568,Calm
91.8,32.82642562,-95.30279362,519,,8.50001409,4.400007293,0.400000663,-32.8,-16.6,9.9,9.571327121,992,1684,912,516,,213.910768,4400.590692,86,7.734,6.061,NE,4.0993568,Calm
91.9,32.82643252,-95.30278975,519,,8.600014255,3.700006133,0.400000663,-30.7,-15.7,-1,9.362173198,992,1684,1024,955,,213.910768,4408.464708,86,7.734,6.061,NE,4.0993568,Calm
92,32.82644067,-95.30278636,519,,8.50001409,2.900004807,0.300000497,-29.6,-17.9,-9.2,8.98110602,994,1684,1024,1024,,213.910768,4416.338724,86,7.734,6.061,NE,4.0993568,Calm
92.1,32.8264483,-95.30278378,519,,8.50001409,2.000003315,0.200000332,-27.7,-20.9,-16.6,8.732138716,993,1684,1024,1024,,213.910768,4423.228488,86,7.734,6.061,NE,4.0993568,Calm
92.2,32.82645516,-95.3027826,519,,8.50001409,1.200001989,0,-24.8,-26.9,-19.6,8.58430214,992,1684,912,1024,,213.910768,4428.477832,86,7.734,6.061,NE,4.0993568,Calm
92.3,32.82646449,-95.30278203,519,,8.50001409,0.600000995,0.200000332,-23.3,-29.3,-20.8,8.521163999,992,1684,912,1024,,213.910768,4434.711428,86,7.734,6.589,NE,4.0993568,Calm
92.4,32.8264718,-95.30278223,519,,8.50001409,-0.100000166,0.100000166,-23,-26.7,-22.7,8.500601947,992,1684,522,1024,,213.910768,4438.97652,86,7.734,6.589,NE,4.0993568,Calm
92.5,32.82647864,-95.30278289,519,,8.50001409,-0.800001326,0.100000166,-22.4,-30.5,-20.9,8.537577967,993,1684,364,1024,,213.910768,4442.585444,86,7.734,6.589,NE,4.0993568,Calm
92.6,32.82648701,-95.30278431,519,,8.400013924,-1.100001823,0.600000995,-18.3,-33.7,-21.3,8.471731657,994,1684,364,1024,,213.910768,4446.522452,86,7.734,6.589,NE,4.0993568,Calm
92.7,32.8264948,-95.30278541,518,,8.400013924,-1.400002321,1.000001658,-15.9,-31.3,-23.2,8.515881327,995,1684,364,976,,213.910768,4450.45946,86,7.734,6.589,NE,4.0993568,Calm
92.8,32.82650198,-95.30278708,518,,8.400013924,-1.700002818,1.300002155,-15.5,-31.2,-23.4,8.570311577,998,1684,364,848,,213.910768,4453.7403,86,7.734,6.589,NE,4.0993568,Calm
92.9,32.82650956,-95.30278897,517,,8.400013924,-2.000003315,1.800002984,-15,-32,-23.5,8.634827495,1001,1684,364,592,,213.910768,4456.693056,86,7.734,6.589,NE,4.0993568,Calm
93,32.82651663,-95.3027912,517,,8.300013758,-2.200003647,2.100003481,-18.2,-29.2,-23.4,8.586631666,1005,1684,490,420,,213.910768,4459.317728,86,7.734,6.589,NE,4.0993568,Calm
93.1,32.82652405,-95.30279378,516,,8.200013592,-2.60000431,2.400003978,-25.8,-25,-23.7,8.60233931,1008,1684,591,788,,213.910768,4461.9424,86,7.734,6.589,NE,4.0993568,Calm
93.2,32.82653212,-95.30279711,515,,8.100013427,-2.900004807,2.700004476,-27.4,-23.4,-27.7,8.603501614,1008,1684,847,1024,,213.910768,4463.910904,86,7.771,6.589,NE,4.0993568,Calm
93.3,32.82653825,-95.30279997,514,,7.900013095,-3.500005802,2.60000431,-17.9,-22.8,-35.3,8.640615769,1008,1684,891,1024,,213.910768,4465.551324,86,7.771,4.428,NE,4.0993568,Calm
93.4,32.82654545,-95.30280406,513,,7.800012929,-4.100006796,2.200003647,-15,-29.1,-38.5,8.811938038,1009,1684,1024,1024,,213.910768,4466.535576,86,7.771,4.428,NE,4.0993568,Calm
93.5,32.82655318,-95.30280988,512,,7.800012929,-4.800007956,1.900003149,-16,-30.7,-39.3,9.158617558,1008,1684,1024,1024,,213.910768,4466.535576,86,7.771,4.428,NE,4.1977056,Calm
93.6,32.8265599,-95.30281517,511,,7.700012764,-5.500009117,1.500002486,-13.7,-30.8,-40.2,9.462573465,1008,1684,921,1024,,213.910768,4466.535576,86,7.771,4.428,NE,4.1977056,Calm
93.7,32.82656627,-95.30282175,511,,7.700012764,-6.100010111,1.000001658,-9.7,-32.3,-41.6,9.823457234,1009,1684,627,1024,,213.910768,4464.895156,86,7.771,4.428,NE,4.1977056,Calm
93.8,32.82657385,-95.30282961,510,,7.700012764,-6.60001094,0.800001326,-4.2,-34.3,-43.3,10.14151546,1009,1684,364,1068,,213.910768,4463.254736,86,7.771,4.428,NE,4.1977056,Calm
93.9,32.82658101,-95.30283675,510,,7.700012764,-6.800011272,1.000001658,-0.9,-38.7,-44.1,10.27279636,1008,1684,364,1120,,213.910768,4461.9424,86,7.771,4.428,NE,4.1977056,Calm
94,32.82658735,-95.30284397,510,,7.500012432,-6.900011437,1.600002652,5.2,-37,-45.5,10.19118921,1009,1684,364,1120,,213.910768,4459.973896,86,7.771,4.428,NE,4.1977056,Calm
94.1,32.82659401,-95.30285152,509,,7.400012266,-7.000011603,1.900003149,10,-34.1,-46.7,10.18628205,1008,1684,364,1120,,213.910768,4458.005392,86,7.771,4.428,NE,4.1977056,Calm
94.2,32.82660163,-95.30285918,508,,7.400012266,-7.000011603,2.200003647,12.4,-33.6,-46.9,10.18628205,1008,1684,364,1120,,213.910768,4456.693056,86,7.771,4.428,NE,4.1977056,Calm
94.3,32.82660829,-95.30286633,507,,7.300011653,-6.900011437,2.60000431,12.4,-33.4,-46.9,10.04491549,1008,1684,364,1115,,213.910768,4455.052636,86,7.771,4.428,NE,4.1977056,Calm
94.4,32.82661462,-95.3028732,506,,7.300011653,-6.900011437,2.900004807,13,-33,-46.6,10.04491549,1008,1684,364,1100,,213.910768,4453.412216,86,7.771,4.428,NE,4.0993568,Calm
94.5,32.826621,-95.30288054,505,,7.300011653,-6.900011437,3.30000547,13.4,-33.2,-46.2,10.04491549,1008,1684,364,1031,,213.910768,4451.443712,86,7.771,4.428,NE,4.0993568,Calm
94.6,32.82662658,-95.30288678,504,,7.200011935,-6.900011437,3.700006133,14.4,-33,-46.1,9.972478465,1009,1684,364,1024,,213.910768,4450.131376,86,7.771,4.428,NE,4.0993568,Calm
94.7,32.82663425,-95.30289563,502,,7.200011935,-6.800011272,4.00000663,13.5,-32.9,-45.4,9.903550708,1010,1684,364,1024,,213.910768,4447.834788,86,7.771,4.428,NE,4.0993568,Calm
94.8,32.82664034,-95.30290245,500,,7.200011935,-6.800011272,4.400007293,13.5,-32.7,-45.2,9.903550708,1010,1684,364,1024,,213.910768,4446.194368,86,7.771,4.428,NE,4.0993568,Calm
94.9,32.8266467,-95.30290969,499,,7.200011935,-6.800011272,4.600007625,13.5,-32.7,-45.1,9.903550708,1011,1684,364,1024,,213.910768,4444.553948,86,7.771,4.428,NE,4.0993568,Calm
95,32.8266528,-95.3029166,497,,7.200011935,-6.800011272,4.800007956,13.3,-32.5,-44.9,9.903550708,1011,1684,1024,1024,,213.910768,4442.913528,86,7.771,4.428,NE,4.0993568,Calm
95.1,32.8266593,-95.30292387,495,,7.400012266,-6.800011272,4.900008122,13.2,-32.4,-44.5,10.04989193,1023,1684,1024,1024,,213.910768,4441.273108,86,7.771,4.428,NE,4.0993568,Calm
95.2,32.82666601,-95.30293087,493,,7.700012764,-6.900011437,4.500007459,12.6,-29.2,-43.1,10.33926271,1024,1684,1024,1024,,213.910768,4439.960772,86,7.817,4.428,NE,4.0993568,Calm
95.3,32.82667388,-95.30293875,491,,8.100013427,-7.000011603,3.900006465,10.3,-31.1,-43.5,10.70562362,1024,1684,1024,1024,,213.910768,4438.97652,86,7.817,4.227,NE,4.0993568,Calm
95.4,32.82668167,-95.30294669,490,,8.400013924,-7.100011769,3.600005967,7.4,-33,-43.3,10.99865431,1024,1684,1024,1024,,213.910768,4437.664184,86,7.817,4.227,NE,4.0993568,Calm
95.5,32.82668975,-95.30295447,488,,8.700014421,-7.300011653,3.200005304,5.9,-32.8,-42.7,11.35695464,988,1684,1024,1024,,213.910768,4436.679932,86,7.817,4.227,NE,4.0993568,Calm
95.6,32.82669729,-95.30296202,486,,8.900014753,-7.500012432,2.800004641,5.7,-33.1,-42.9,11.63874764,988,1684,1024,1024,,213.910768,4435.69568,86,7.817,4.227,NE,4.0993568,Calm
95.7,32.82670664,-95.30297107,485,,9.100015084,-7.600012598,2.400003978,6.4,-33.6,-43,11.85624155,951,1684,1024,1024,,213.910768,4435.039512,86,7.817,4.227,NE,4.0993568,Calm
95.8,32.82671464,-95.30297894,483,,9.300015416,-7.700012764,2.100003481,3.9,-33.6,-42.6,12.07395852,950,1684,1024,1024,,213.910768,4434.05526,86,7.817,4.227,NE,4.0993568,Calm
95.9,32.82672351,-95.30298722,482,,9.600015913,-7.900013095,1.500002486,2.9,-33.2,-42.2,12.43263883,950,1684,1024,1024,,213.910768,4433.399092,86,7.817,4.227,NE,4.0993568,Calm
96,32.82673198,-95.30299544,481,,9.700016079,-8.100013427,1.100001823,2.5,-34.2,-42.3,12.63726736,950,1684,1024,1024,,213.910768,4432.742924,86,7.817,4.227,NE,4.0993568,Calm
96.1,32.82674058,-95.30300422,481,,9.800016244,-8.300013758,0.70000116,2.7,-34.8,-42.3,12.84252846,949,1684,1024,1024,,213.910768,4431.758672,86,7.817,4.227,NE,4.0993568,Calm
96.2,32.82675038,-95.30301407,481,,9.90001641,-8.400013924,0.500000829,1.9,-34.7,-42.2,12.98347213,945,1684,1024,1024,,213.910768,4430.77442,86,7.608,4.227,NE,4.0993568,Calm
96.3,32.82675965,-95.30302342,480,,10.00001658,-8.600014255,0.200000332,2.6,-34.8,-42.5,13.18941139,945,1684,1024,1024,,213.910768,4429.790168,86,7.608,4.227,NE,4.0993568,Calm
96.4,32.82676734,-95.30303137,480,,9.90001641,-8.700014421,0.100000166,3.4,-35.1,-42.8,13.17955102,945,1684,1024,1024,,213.910768,4428.805916,86,7.608,4.227,NE,4.0993568,Calm
96.5,32.82677705,-95.30304161,480,,9.90001641,-8.800014587,0,4,-35.1,-42.8,13.24577598,945,1684,1024,1024,,213.910768,4427.49358,86,7.608,4.227,NE,4.0993568,Calm
96.6,32.82678554,-95.30305054,480,,9.800016244,-8.800014587,0,4.3,-34.5,-42.6,13.17120211,945,1684,1024,1024,,213.910768,4426.509328,86,7.608,4.227,NE,4.0993568,Calm
96.7,32.82679383,-95.30305942,480,,9.800016244,-8.900014753,0,5.2,-34.4,-43.2,13.23822413,946,1684,1024,1024,,213.910768,4425.525076,86,7.608,4.227,NE,4.0993568,Calm
96.8,32.82680355,-95.30306995,480,,9.800016244,-8.900014753,-0.100000166,6.1,-35.7,-43.3,13.23822413,947,1684,1024,1024,,213.910768,4424.21274,86,7.608,4.227,NE,4.0993568,Calm
96.9,32.82681246,-95.30307939,480,,9.700016079,-8.900014753,0.100000166,5.5,-35.8,-43.2,13.16436731,948,1684,1024,1024,,213.910768,4423.228488,86,7.608,11.448,NE,4.0993568,Calm
97,32.82682079,-95.30308844,480,,9.700016079,-8.900014753,0,4.9,-32.7,-42.9,13.16436731,951,1684,1024,1024,,213.910768,4421.916152,86,7.608,11.448,NE,4.0993568,Calm
97.1,32.82682968,-95.30309802,480,,9.90001641,-9.100015084,-0.300000497,5.7,-34.4,-43,13.44695471,954,1684,1024,1024,,213.910768,4420.9319,86,7.608,11.448,NE,4.0993568,Calm
97.2,32.82683939,-95.30310857,480,,9.700016079,-9.000014918,0,6.5,-37.1,-43.2,13.2321797,955,1684,1024,1024,,213.910768,4419.947648,86,7.608,11.448,NE,3.9965376,Calm
97.3,32.82684818,-95.303118,480,,9.700016079,-9.000014918,0.200000332,6.6,-34.6,-43,13.2321797,956,1684,1024,1024,,213.910768,4418.963396,86,7.608,11.448,NE,3.9965376,Calm
97.4,32.82685652,-95.3031271,480,,9.800016244,-9.000014918,0,5.7,-32.4,-42.7,13.30565967,956,1684,1024,531,,213.910768,4417.979144,86,7.608,11.448,NE,3.9965376,Calm
97.5,32.82686569,-95.30313681,480,,9.800016244,-9.000014918,0,1.6,-34.6,-42.4,13.30565967,958,1684,1024,364,,213.910768,4417.322976,86,7.608,11.448,NE,3.8981888,Calm
97.6,32.82687451,-95.30314625,480,,9.700016079,-9.000014918,0,-17.1,-28.6,-36.2,13.2321797,965,1684,1024,364,,213.910768,4416.338724,86,7.608,11.448,NE,3.79984,Calm
97.7,32.82688369,-95.30315694,480,,9.400015581,-9.500015747,-0.300000497,-28.6,-19.2,-38.3,13.36452724,968,1684,1024,604,,213.910768,4415.026388,86,7.608,11.448,NE,3.6970208,Calm
97.8,32.8268915,-95.30316698,481,,8.900014753,-9.90001641,-0.400000663,-30.6,-20.9,-46.2,13.31242204,968,1684,1024,1024,,213.910768,4413.057884,86,7.608,11.448,NE,3.598672,Calm
97.9,32.82689895,-95.30317784,481,,8.300013758,-10.10001674,-0.100000166,-29.6,-20.3,-55.5,13.07289399,967,1684,1024,1024,,213.910768,4410.433212,86,7.629,11.448,NE,3.598672,Calm
98,32.82690528,-95.30318766,481,,7.600012598,-10.40001724,-0.100000166,-25.4,-24.5,-60.9,12.88101503,967,1684,1024,994,,213.910768,4407.480456,86,7.629,11.448,NE,3.598672,Calm
98.1,32.82691227,-95.30320005,481,,7.000011603,-10.70001774,0,-23.3,-29.1,-62.9,12.78634179,967,1684,1024,941,,213.910768,4403.543448,86,7.629,11.448,NE,3.598672,Calm
98.2,32.82691891,-95.30321303,481,,6.500010774,-10.90001807,0.100000166,-23.1,-28.6,-64.1,12.69096268,967,1684,1024,891,,213.910768,4398.622188,86,7.629,11.448,NE,3.4958528,Calm
98.3,32.82692423,-95.3032248,481,,5.90000978,-11.30001873,0,-23.5,-27.1,-65.2,12.74756957,968,1684,1024,809,,213.910768,4393.700928,86,7.629,11.448,NE,3.4958528,Calm
98.4,32.82692889,-95.30323662,481,,5.300008785,-11.60001923,0,-23.2,-28.3,-65.3,12.75345172,969,1684,1015,613,,213.910768,4388.1235,86,7.629,11.448,NE,3.4958528,Calm
98.5,32.82693342,-95.30324898,481,,4.800007956,-11.80001956,0.100000166,-22.9,-28.4,-66.4,12.73893767,969,1684,1015,613,,213.910768,4382.217988,86,7.629,11.448,NE,3.4958528,Calm
98.6,32.82693742,-95.30326172,481,,4.300007128,-12.00001989,0,-25.2,-24,-67.6,12.74717751,969,1684,1020,512,,213.910768,4375.656308,86,7.629,11.448,NE,3.397504,Calm
98.7,32.82694062,-95.30327356,481,,3.700006133,-12.30002039,0,-28.1,-20.6,-69.6,12.84447532,970,1684,1024,583,,213.910768,4369.094628,86,7.629,11.448,NE,3.397504,Calm
98.8,32.82694413,-95.30328833,481,,3.100005139,-12.40002055,0,-30.1,-21,-73.7,12.78164832,968,1684,1024,1083,,213.910768,4360.564444,86,7.629,11.448,NE,3.397504,Calm
98.9,32.82694662,-95.30330154,481,,2.400003978,-12.50002072,0,-27.7,-22,-79.5,12.72833567,967,1684,1024,1024,,213.910768,4352.690428,86,7.629,8.455,NE,3.397504,Calm
99,32.82694844,-95.30331435,481,,1.800002984,-12.60002089,0,-23.3,-27.3,-83.6,12.72794272,952,1684,1024,1024,,213.910768,4344.160244,86,7.629,8.455,NE,3.397504,Calm
99.1,32.82694981,-95.30332773,481,,1.300002155,-12.70002105,0.100000166,-21.5,-28,-85.6,12.7663828,927,1684,1024,1024,,213.910768,4335.301976,86,7.629,8.455,NE,3.397504,Calm
99.2,32.82695081,-95.30334279,481,,0.70000116,-12.80002122,0,-21.1,-27.4,-86.2,12.81914738,926,1684,1024,1024,,213.910768,4324.803288,86,7.629,8.455,NE,3.2991552,Calm
99.3,32.82695111,-95.30335658,481,,0.200000332,-12.90002138,0,-18.9,-29.3,-86.8,12.90157127,927,1684,1024,1024,,213.910768,4314.632684,86,7.629,8.455,NE,3.2991552,Calm
99.4,32.82695097,-95.30336985,481,,-0.100000166,-13.00002155,0.100000166,-16.3,-30.4,-87.6,13.000406,927,1684,1024,1024,,213.910768,4304.46208,86,7.629,8.455,NE,3.2991552,Calm
99.5,32.82695061,-95.3033825,481,,-0.500000829,-13.20002188,0,-12.9,-31.4,-88.2,13.20948795,928,1684,1024,1024,,213.910768,4294.947644,86,7.629,8.455,NE,3.2991552,Calm
99.6,32.82695005,-95.30339805,481,,-0.900001492,-13.30002205,0.100000166,-9.4,-33.6,-89,13.3304382,928,1684,1024,1024,,213.910768,4282.808536,86,7.629,8.455,NE,3.2991552,Calm
99.7,32.8269491,-95.30341326,481,,-1.200001989,-13.50002238,0.100000166,-5.8,-33.8,-90.3,13.55325054,929,1684,1024,1024,,213.910768,4270.669428,86,7.629,8.455,NE,3.2991552,Calm
99.8,32.82694793,-95.30342715,480,,-1.500002486,-13.70002271,0,-1.2,-34,-91.7,13.78189496,931,1684,1024,1024,,213.910768,4259.186488,86,7.629,8.455,NE,3.2991552,Calm
99.9,32.82694676,-95.30343993,480,,-1.600002652,-13.90002304,0,4.1,-34.3,-92.8,13.99180616,938,1684,1024,1024,,213.910768,4249.015884,85,7.746,7.082,NE,3.2991552,Calm
100,32.82694516,-95.30345647,480,,-1.700002818,-14.00002321,0.100000166,8.3,-33.3,-93.9,14.10285984,940,1684,1024,1135,,213.910768,4235.236356,85,7.746,7.082,NE,3.2991552,Calm
100.1,32.82694375,-95.30347159,480,,-1.600002652,-14.20002354,0,9.7,-32.9,-94.3,14.28987992,940,1684,1024,1454,,213.910768,4223.097248,85,7.746,7.082,NE,3.196336,Calm
100.2,32.82694241,-95.30348615,480,,-1.600002652,-14.3000237,0,18,-28.8,-94.9,14.38925557,940,1684,1024,1445,,213.910768,4211.286224,85,7.746,7.082,NE,3.196336,Calm
100.3,32.82694114,-95.3035016,480,,-1.200001989,-14.40002387,-0.200000332,29.3,-17.3,-94.3,14.44993723,940,1684,993,1024,,213.910768,4198.819032,85,7.746,7.082,NE,3.196336,Calm
100.4,32.82694045,-95.30351862,481,,-0.600000995,-14.20002354,-0.400000663,32.3,-16.5,-92.6,14.21269355,939,1684,974,1094,,213.910768,4185.695672,85,7.746,7.082,NE,3.196336,Calm
100.5,32.8269404,-95.30353351,481,,-0.300000497,-14.00002321,-0.100000166,22.6,-31,-90.3,14.00323698,940,1684,1024,1328,,213.910768,4174.540816,85,7.746,7.082,NE,3.196336,Calm
100.6,32.8269403,-95.30354759,481,,-0.200000332,-13.80002287,0.300000497,20,-31,-86.7,13.80147173,940,1684,1024,1442,,213.910768,4164.370212,85,7.746,7.082,NE,3.196336,Calm
100.7,32.82694053,-95.30356367,480,,0.200000332,-14.00002321,0.100000166,25.6,-20.1,-86.5,14.0014515,940,1684,1024,1024,,213.910768,4152.887272,85,7.746,7.082,NE,3.196336,Calm
100.8,32.82694123,-95.30357777,481,,0.800001326,-13.80002287,-0.200000332,31.3,-15.1,-85,13.82319162,940,1684,1024,1024,,213.910768,4143.044752,85,7.746,7.082,NE,3.196336,Calm
100.9,32.82694263,-95.3035923,481,,1.100001823,-13.50002238,0,27.2,-25.8,-83.1,13.54476303,940,1684,1024,1024,,213.910768,4133.530316,85,7.721,7.082,NE,3.196336,Calm
101,32.82694374,-95.30360579,481,,1.300002155,-13.30002205,0.200000332,20.3,-29.6,-79.9,13.36340472,941,1684,814,1024,,213.910768,4124.672048,85,7.721,7.082,NE,3.196336,Calm
101.1,32.82694512,-95.30362014,480,,1.600002652,-13.30002205,0.100000166,18.1,-27.4,-79.5,13.39591704,940,1684,595,1068,,213.910768,4115.485696,85,7.721,7.082,NE,3.196336,Calm
101.2,32.82694709,-95.3036358,480,,1.800002984,-13.20002188,0.100000166,18,-31,-80,13.32218405,942,1684,503,1140,,213.910768,4105.97126,85,7.721,7.082,NE,3.196336,Calm
101.3,32.8269484,-95.30364785,480,,1.800002984,-13.00002155,0.600000995,17.3,-33.2,-79.9,13.1240452,947,1684,460,1217,,213.910768,4098.425328,85,7.721,7.082,NE,3.196336,Calm
101.4,32.82695035,-95.30366307,480,,1.900003149,-12.90002138,1.000001658,17.8,-31.7,-79.4,13.03919298,948,1684,389,1316,,213.910768,4088.910892,85,7.721,7.082,NE,3.196336,Calm
101.5,32.82695199,-95.30367707,480,,2.000003315,-12.80002122,1.300002155,20.4,-29.7,-79.7,12.95532917,947,1684,364,1397,,213.910768,4080.380708,85,7.721,7.082,NE,3.196336,Calm
101.6,32.82695398,-95.30369094,479,,2.100003481,-12.70002105,1.600002652,24.2,-26.9,-79.3,12.8724721,947,1684,364,1371,,213.910768,4072.178608,85,7.721,7.082,NE,3.196336,Calm
101.7,32.82695576,-95.30370302,478,,2.300003812,-12.60002089,1.800002984,28.5,-24.2,-77.5,12.80822172,948,1684,364,1304,,213.910768,4065.288844,85,7.721,7.082,NE,3.196336,Calm
101.8,32.82695823,-95.30371762,478,,2.500004144,-12.30002039,2.200003647,29,-23.1,-74.2,12.55151436,947,1684,364,1148,,213.910768,4056.75866,85,7.721,7.082,NE,3.196336,Calm
101.9,32.82696041,-95.30372935,477,,2.700004476,-12.10002006,2.500004144,27.4,-23.2,-70.7,12.39760073,947,1684,364,1024,,213.910768,4050.525064,85,7.721,9.046,NE,3.196336,Calm
102,32.82696347,-95.30374404,476,,2.900004807,-11.80001956,2.900004807,24.3,-27.7,-68.7,12.1511516,947,1684,364,1024,,213.910768,4042.651048,85,7.721,9.046,NE,3.196336,Calm
102.1,32.82696599,-95.30375534,475,,3.000004973,-11.60001923,3.30000547,20.5,-28.8,-66.3,11.98167248,942,1684,939,1024,,213.910768,4036.745536,85,7.721,9.046,NE,3.196336,Calm
102.2,32.82696907,-95.30376846,474,,3.200005304,-11.50001906,3.500005802,20.8,-28.6,-65.3,11.93693718,940,1684,1024,1024,,213.910768,4030.183856,85,7.721,9.046,NE,3.196336,Calm
102.3,32.82697235,-95.30378145,472,,3.600005967,-11.50001906,3.400005636,21,-26.3,-64.1,12.05033111,939,1684,1024,1024,,213.910768,4023.95026,85,7.721,9.046,NE,3.196336,Calm
102.4,32.82697575,-95.30379322,471,,4.200006962,-11.50001906,2.800004641,19.6,-27.1,-63.9,12.24297719,940,1684,971,977,,213.910768,4018.700916,85,7.721,9.046,NE,3.196336,Calm
102.5,32.82698001,-95.30380547,470,,4.500007459,-11.4000189,2.500004144,17.4,-28.5,-64.2,12.25603881,940,1684,921,893,,213.910768,4014.10774,85,7.721,9.046,NE,3.196336,Calm
102.6,32.82698361,-95.30381592,470,,4.900008122,-11.4000189,2.100003481,14.9,-30,-63.8,12.40848526,940,1684,820,938,,213.910768,4009.842648,85,7.721,9.046,NE,3.196336,Calm
102.7,32.82698877,-95.30382886,469,,5.20000862,-11.50001906,1.700002818,10.3,-32.1,-63.2,12.6210349,938,1684,568,1024,,165.68242,4005.249472,85,7.721,9.046,NE,3.196336,Calm
102.8,32.82699419,-95.30384282,468,,5.400008951,-11.70001939,1.300002155,7.9,-33.1,-62.7,12.88605988,935,1684,430,1024,,164.370084,4000.656296,85,7.721,9.046,NE,3.196336,Calm
102.9,32.82699931,-95.30385542,468,,5.500009117,-11.80001956,1.300002155,9.5,-36.6,-64.2,13.018854,933,1684,393,1060,,166.666672,3996.391204,85,7.668,7.485,NE,3.196336,Calm
103,32.82700404,-95.3038673,467,,5.400008951,-11.60001923,1.800002984,8.7,-35.7,-64.3,12.79533266,926,1684,393,1063,,168.96326,3992.454196,85,7.668,7.485,NE,3.196336,Calm
103.1,32.82700877,-95.30387957,466,,5.400008951,-11.60001923,2.000003315,8.3,-35.3,-64.1,12.79533266,919,1684,364,1040,,166.666672,3988.189104,85,7.668,7.485,NE,3.0979872,Calm
103.2,32.82701417,-95.30389321,465,,5.300008785,-11.50001906,2.300003812,9.3,-35.8,-64.2,12.66256402,916,1684,364,1024,,158.136488,3983.595928,85,7.668,7.485,NE,3.0979872,Calm
103.3,32.82701804,-95.30390376,464,,5.300008785,-11.4000189,2.700004476,8.3,-35.2,-63.8,12.57181445,915,1684,364,1024,,149.606304,3979.987004,85,7.668,7.485,NE,3.0979872,Calm
103.4,32.82702323,-95.30391717,463,,5.300008785,-11.4000189,3.000004973,7.3,-34.7,-63.4,12.57181445,915,1684,364,1024,,158.136488,3975.721912,85,7.668,7.485,NE,3.0979872,Calm
103.5,32.8270275,-95.30392813,462,,5.20000862,-11.30001873,3.30000547,7.2,-35.4,-63.2,12.43907173,915,1684,653,1024,,140.748036,3972.112988,85,7.668,7.485,NE,3.0979872,Calm
103.6,32.82703235,-95.30394082,461,,5.20000862,-11.20001857,3.800006299,7,-34.3,-63.2,12.34829937,915,1684,726,1024,,147.309716,3967.847896,85,7.668,7.485,NE,3.0979872,Calm
103.7,32.82703679,-95.3039523,459,,5.300008785,-11.30001873,3.600005967,7.7,-30.2,-62.4,12.48120615,914,1684,1024,1024,,143.044624,3964.238972,85,7.668,7.485,NE,3.0979872,Calm
103.8,32.82704163,-95.30396457,458,,5.500009117,-11.50001906,2.900004807,6.3,-31.6,-62.1,12.74756957,915,1684,1024,1024,,134.51444,3960.630048,85,7.668,7.485,NE,3.0979872,Calm
103.9,32.82704752,-95.30397842,457,,5.600009283,-11.60001923,2.60000431,4.7,-32.7,-62.4,12.88101503,916,1684,1024,1024,,135.498692,3956.69304,85,7.668,7.485,NE,3.0979872,Calm
104,32.82705237,-95.30399033,456,,5.700009448,-11.80001956,2.200003647,3.1,-33,-62.1,13.10460075,917,1684,1024,1024,,132.217852,3953.084116,85,7.668,7.485,NE,3.0979872,Calm
104.1,32.82705766,-95.30400341,455,,5.700009448,-12.00001989,1.800002984,3.2,-33.8,-62.1,13.28497557,916,1684,1019,1417,,136.482944,3949.475192,85,7.668,7.485,NE,3.0979872,Calm
104.2,32.82706268,-95.3040161,454,,5.800009614,-12.20002022,1.400002321,9.9,-32.2,-63,13.50853804,916,1684,968,1607,,132.217852,3945.538184,85,7.667,7.485,NE,3.0979872,Calm
104.3,32.82706894,-95.30403128,454,,6.100010111,-12.30002039,0.900001492,24.6,-21.7,-64.3,13.72955283,916,1684,971,1645,,127.95276,3941.601176,85,7.667,7.485,NE,3.0979872,Calm
104.4,32.82707464,-95.30404361,454,,6.60001094,-11.90001973,0.300000497,31,-18.6,-62.2,13.60774069,916,1684,1024,1498,,125.656172,3938.64842,85,7.667,7.485,NE,3.0979872,Calm
104.5,32.82708115,-95.30405595,453,,7.000011603,-11.50001906,0.200000332,31.8,-20.6,-56.7,13.46293415,916,1684,1024,1024,,128.937012,3936.679916,85,7.667,7.485,NE,3.0979872,Calm
104.6,32.82708675,-95.30406633,453,,7.400012266,-11.00001823,0.100000166,29.8,-21.6,-48.9,13.25747233,916,1684,1024,1024,,126.968508,3935.36758,85,7.667,7.485,NE,3.0979872,Calm
104.7,32.82709527,-95.30407994,453,,7.900013095,-10.5000174,0,24.3,-27.2,-44.1,13.14003671,917,1684,1024,1024,,126.968508,3934.383328,85,7.667,7.485,NE,3.0979872,Calm
104.8,32.8271022,-95.30409046,453,,8.000013261,-10.20001691,0.100000166,21.3,-29.7,-41.9,12.96304553,916,1684,1024,746,,133.202104,3934.383328,85,7.667,7.485,NE,3.0979872,Calm
104.9,32.82710957,-95.30410077,453,,8.300013758,-9.800016244,0.100000166,18.8,-29.7,-41,12.84252846,917,1684,1024,491,,132.217852,3934.711412,85,7.667,9.382,NE,3.0979872,Calm
105,32.82711681,-95.30411044,453,,8.400013924,-9.500015747,0.100000166,4,-31.7,-35.9,12.68110902,917,1684,1024,473,,128.937012,3935.36758,85,7.667,9.382,NE,3.0979872,Calm
105.1,32.82712435,-95.30412066,453,,8.400013924,-9.400015581,0,-14.9,-24.8,-30.9,12.60636841,918,1684,1024,703,,128.937012,3935.695664,85,7.667,9.382,NE,3.0979872,Calm
105.2,32.82713146,-95.30413039,453,,8.100013427,-9.700016079,-0.200000332,-23.5,-23.9,-35.9,12.63726736,919,1684,828,768,,132.217852,3936.351832,85,7.667,9.382,NE,3.0979872,Calm
105.3,32.82713848,-95.30414095,453,,7.700012764,-9.800016244,0,-14.5,-33.7,-45,12.4631663,921,1684,392,974,,132.217852,3936.351832,85,7.667,9.382,NE,3.0979872,Calm
105.4,32.82714585,-95.30415238,453,,7.300011653,-9.700016079,0.400000663,-10.7,-36.2,-49.4,12.1400364,935,1684,364,953,,132.217852,3936.351832,85,7.667,9.382,NE,3.0979872,Calm
105.5,32.82715207,-95.30416328,453,,6.900011437,-9.800016244,0.800001326,-6.8,-35.8,-51.9,11.98542761,976,1684,364,812,,132.217852,3935.36758,85,7.667,9.382,NE,3.0979872,Calm
105.6,32.8271582,-95.30417402,453,,6.700011106,-9.90001641,1.100001823,-7.7,-35.5,-52.2,11.9540986,990,1684,364,733,,134.51444,3934.711412,85,7.667,9.382,NE,2.9996384,Calm
105.7,32.82716418,-95.30418509,452,,6.400010609,-10.00001658,1.400002321,-13,-35,-50.8,11.87267697,1024,1684,364,555,,133.202104,3933.72716,85,7.667,9.382,NE,2.9996384,Calm
105.8,32.82716941,-95.30419527,452,,6.100010111,-10.00001658,1.700002818,-19.5,-32,-50.6,11.7136863,1178,1614,428,425,,120.406828,3932.414824,85,7.667,9.382,N,2.9996384,Calm
105.9,32.82717502,-95.30420629,451,,5.800009614,-10.20001691,2.000003315,-25.9,-24.6,-51.8,11.73373113,1653,1039,801,428,,120.406828,3931.102488,85,7.736,9.382,N,2.9996384,Calm
106,32.82717967,-95.3042169,450,,5.300008785,-10.40001724,2.100003481,-28.9,-20.3,-56.1,11.67263685,1684,937,983,748,,118.11024,3929.133984,85,7.736,9.382,N,2.9996384,Calm
106.1,32.82718438,-95.30422834,450,,4.800007956,-10.70001774,2.200003647,-27.1,-16.3,-65.7,11.72733756,1684,795,1024,1024,,109.580056,3926.837396,85,7.736,9.382,N,2.9996384,Calm
106.2,32.82718865,-95.30424126,449,,3.900006465,-11.1000184,1.600002652,-20.7,-19.8,-73.1,11.76522241,1684,706,1141,1024,,111.876644,3923.228472,85,7.736,9.382,N,2.9996384,Calm
106.3,32.82719152,-95.30425365,449,,3.30000547,-11.30001873,1.200001989,-1.4,-13.8,-82.2,11.7720201,1684,848,1101,1024,,110.564308,3918.635296,85,7.736,9.382,N,2.9996384,Calm
106.4,32.82719416,-95.30426527,448,,3.100005139,-11.30001873,0.70000116,13.4,-2.7,-82.7,11.71752727,1684,925,1024,1024,,112.860896,3914.04212,85,7.736,9.382,N,2.9996384,Calm
106.5,32.82719716,-95.3042774,448,,3.200005304,-10.90001807,0.300000497,22.5,5.1,-81.8,11.36003609,1684,1005,1024,1037,,121.39108,3909.777028,85,7.736,9.382,N,2.9996384,Calm
106.6,32.82720015,-95.30428894,448,,3.400005636,-10.40001724,0.200000332,27.2,7.5,-82.1,10.9416813,1684,1024,1024,1024,,125.656172,3905.84002,85,7.736,9.382,N,2.9996384,Calm
106.7,32.82720388,-95.30430017,448,,3.600005967,-10.00001658,0.200000332,29.9,9.3,-80.7,10.62828167,1684,1024,1024,1024,,124.67192,3902.887264,85,7.736,9.382,N,2.9996384,Calm
106.8,32.82720728,-95.30431015,448,,4.00000663,-9.400015581,0,32.3,9.8,-80.1,10.21569102,1684,1208,1024,1024,,124.67192,3900.590676,85,7.736,9.382,N,2.9996384,Calm
106.9,32.8272114,-95.30431956,448,,4.300007128,-8.900014753,0,33.6,9.6,-80.5,9.884347211,1684,1316,1024,1024,,124.67192,3898.950256,85,7.736,6.179,N,2.9996384,Calm
107,32.82721517,-95.30432782,448,,4.700007791,-8.300013758,0,33.8,9,-80.5,9.538359262,1684,1369,1024,1024,,127.95276,3897.966004,85,7.736,6.179,N,2.9996384,Calm
107.1,32.82721993,-95.30433654,448,,5.000008288,-7.800012929,0,33.3,1.6,-83,9.265002796,1684,1369,1024,1024,,124.67192,3897.63792,85,7.736,6.179,N,2.9996384,Calm
107.2,32.82722444,-95.30434424,448,,5.20000862,-7.500012432,0.100000166,33.3,-6.4,-85.4,9.126350211,1684,1520,1024,1024,,126.968508,3897.63792,85,7.736,6.179,N,2.9996384,Calm
107.3,32.82722909,-95.30435213,448,,5.400008951,-7.300011653,0.100000166,31.8,-11.3,-86.8,9.080213,1626,1684,1024,1389,,120.406828,3897.63792,85,7.736,6.179,N,2.9996384,Calm
107.4,32.82723424,-95.30435995,448,,5.700009448,-7.300011653,0,31.8,-14.9,-87.6,9.261764438,1490,1684,1314,1206,,122.703416,3898.294088,85,7.736,6.179,N,2.9996384,Calm
107.5,32.82724002,-95.30436858,448,,6.000009946,-7.200011935,0,33,-4.7,-84.1,9.372314748,1490,1684,1314,1206,,122.703416,3898.950256,85,7.736,6.179,N,2.9996384,Calm
107.6,32.82724537,-95.30437577,448,,6.400010609,-6.900011437,-0.200000332,31,1.7,-81.1,9.411179064,1421,1684,1597,1024,,122.703416,3900.262592,85,7.736,6.179,N,2.9996384,Calm
107.7,32.8272522,-95.30438379,448,,6.700011106,-6.500010774,-0.600000995,23.5,-15.5,-80.5,9.334896159,1284,1684,1350,1024,,122.703416,3902.55918,85,7.736,6.179,N,2.9996384,Calm
107.8,32.82725812,-95.30439061,448,,6.900011437,-6.60001094,-0.800001326,20,-26.1,-79.6,9.548313949,1149,1684,1024,708,,122.703416,3904.527684,85,7.736,6.179,N,2.9996384,Calm
107.9,32.8272644,-95.30439782,449,,7.000011603,-6.900011437,-0.800001326,13.4,-33.2,-81.4,9.829054622,1024,1684,1024,509,,125.656172,3906.824272,85,7.73,7.7,N,2.9996384,Calm
108,32.82727095,-95.30440595,449,,6.800011272,-7.200011935,-0.600000995,-7.8,-34.3,-73.6,9.903550708,1024,1684,1024,1024,,138.779532,3908.792776,85,7.73,7.7,N,2.9996384,Calm
108.1,32.82727511,-95.30441191,449,,6.400010609,-7.600012598,-0.500000829,-5.6,-27.6,-76.1,9.935810009,1024,1684,1024,1024,,138.779532,3909.448944,85,7.73,7.7,N,2.9996384,Calm
108.2,32.8272821,-95.30442234,449,,6.100010111,-7.700012764,-0.200000332,2.8,-34.4,-84.4,9.823457234,1024,1684,1039,1009,,120.406828,3910.76128,85,7.73,7.7,N,2.9996384,Calm
108.3,32.82728653,-95.30442941,449,,5.800009614,-7.900013095,0.100000166,0.6,-35.8,-84.6,9.800526317,1024,1684,1321,734,,108.595804,3911.089364,85,7.73,7.7,N,2.8968192,Calm
108.4,32.827292,-95.30443912,449,,5.500009117,-8.50001409,-0.100000166,-7.7,-31.3,-81.8,10.12424497,1020,1684,1343,979,,110.564308,3911.417448,85,7.73,7.7,N,2.8968192,Calm
108.5,32.82729665,-95.30444897,449,,4.900008122,-9.100015084,-0.70000116,-10.9,-28.1,-81.7,10.33539314,1008,1684,784,1017,,119.422576,3910.76128,85,7.73,7.7,NE,2.8968192,Calm
108.6,32.8273007,-95.30445926,450,,4.300007128,-9.600015913,-1.000001658,1.8,-26.4,-87.5,10.51904745,1008,1684,364,1005,,119.422576,3909.12086,85,7.73,7.7,NE,2.8968192,Calm
108.7,32.82730404,-95.30446868,450,,4.00000663,-9.600015913,-0.600000995,11.9,-30,-90.8,10.40001724,993,1684,364,856,,117.125988,3907.48044,85,7.73,7.7,NE,2.8968192,Calm
108.8,32.82730762,-95.30447908,450,,3.800006299,-9.600015913,0,11.2,-33.5,-90.5,10.32474464,989,1684,364,864,,120.406828,3905.511936,85,7.73,7.7,NE,2.8968192,Calm
108.9,32.82731123,-95.30449033,450,,3.700006133,-9.700016079,0.200000332,5.7,-34.6,-88.5,10.38173151,988,1684,364,843,,124.67192,3902.887264,85,7.603,7.7,NE,2.8968192,Calm
109,32.82731419,-95.30450063,450,,3.500005802,-9.90001641,0.500000829,3.9,-35.5,-88.3,10.5004935,985,1684,364,845,,124.67192,3900.590676,85,7.603,7.7,NE,2.8968192,Calm
109.1,32.82731733,-95.30451081,450,,3.30000547,-10.00001658,0.800001326,1.1,-35,-88.6,10.53044921,982,1684,364,781,,116.141736,3898.294088,85,7.603,7.7,NE,2.8968192,Calm
109.2,32.82732045,-95.3045227,449,,3.100005139,-10.20001691,1.100001823,-0.7,-34.8,-88.6,10.66069297,981,1684,376,655,,111.876644,3895.013248,85,7.603,7.7,NE,2.8968192,Calm
109.3,32.82732333,-95.30453375,449,,2.900004807,-10.30001707,1.400002321,-10.3,-32.8,-87.1,10.70048489,975,1684,656,1018,,110.564308,3892.388576,85,7.603,7.7,NE,2.8968192,Calm
109.4,32.82732563,-95.30454441,448,,2.60000431,-10.5000174,1.700002818,-18.4,-28.7,-86.4,10.81713372,948,1684,688,1024,,113.845148,3889.107736,85,7.603,7.7,NE,2.8968192,Calm
109.5,32.82732784,-95.30455572,448,,2.100003481,-10.70001774,1.800002984,-4.5,-32.3,-92.7,10.90414559,947,1684,969,1024,,115.157484,3885.498812,85,7.603,7.7,NE,2.8968192,Calm
109.6,32.82732943,-95.30456547,448,,1.900003149,-10.8000179,2.000003315,-2.3,-32.7,-97.2,10.96587421,950,1684,1024,1024,,105.314964,3881.889888,85,7.603,7.7,NE,2.8968192,Calm
109.7,32.8273314,-95.30457974,447,,1.500002486,-11.20001857,1.600002652,-3.8,-32.5,-96.4,11.30001828,990,1684,1052,1024,,104.330712,3876.640544,85,7.603,7.7,NE,2.8968192,Calm
109.8,32.82733245,-95.30459151,447,,1.000001658,-11.70001939,1.200001989,-0.6,-32.2,-96,11.7426764,1024,1684,1024,1024,,105.314964,3871.3912,85,7.603,7.7,NE,2.8968192,Calm
109.9,32.82733306,-95.30460452,446,,0.70000116,-12.10002006,0.800001326,5.2,-29.4,-97.8,12.12025085,1024,1684,1024,1024,,104.330712,3865.485688,85,7.603,7.198,NE,2.8968192,Calm
110,32.82733362,-95.3046171,446,,0.500000829,-12.40002055,0.400000663,10.3,-26.2,-98.8,12.41009684,1000,1684,897,1024,,111.876644,3859.580176,85,7.603,7.198,NE,2.8968192,Calm
110.1,32.82733404,-95.30463069,446,,0.400000663,-12.60002089,0.200000332,11.8,-24.5,-99,12.60636841,954,1684,364,1024,,111.876644,3853.34658,85,7.603,7.198,NE,2.8968192,Calm
110.2,32.82733444,-95.30464574,446,,0.400000663,-12.70002105,0.100000166,11.1,-24.3,-98.7,12.7063185,948,1684,364,1024,,106.299216,3846.128732,85,7.603,7.198,NE,2.9996384,Calm
110.3,32.82733469,-95.30465731,446,,0.200000332,-12.60002089,0.400000663,11.6,-28.5,-99.3,12.60160788,949,1684,364,1024,,109.580056,3840.551304,85,7.603,7.198,NE,2.9996384,Calm
110.4,32.82733492,-95.30467083,446,,0.100000166,-12.50002072,0.900001492,9.4,-30.4,-99.3,12.50042037,950,1684,364,1024,,109.580056,3833.989624,85,7.603,7.198,NE,2.9996384,Calm
110.5,32.82733489,-95.30468516,445,,0,-12.50002072,1.200001989,9.5,-32.2,-99.6,12.50002072,950,1684,548,1024,,106.299216,3826.771776,85,7.603,7.198,NE,2.9996384,Calm
110.6,32.82733483,-95.30469854,445,,-0.100000166,-12.50002072,1.600002652,11.3,-33.6,-99.9,12.50042037,950,1684,548,1024,,101.049872,3820.210096,85,7.603,7.198,NE,2.9996384,Calm
110.7,32.82733447,-95.30471014,444,,-0.200000332,-12.50002072,1.900003149,12.1,-33,-100,12.50162023,950,1684,805,1024,,98.753284,3813.9765,85,7.603,7.198,NE,2.9996384,Calm
110.8,32.82733421,-95.30472353,444,,-0.300000497,-12.70002105,2.000003315,11.7,-31,-99.6,12.70356384,950,1684,910,1024,,100.06562,3807.41482,85,7.603,7.198,NE,2.9996384,Calm
110.9,32.8273339,-95.3047386,443,,-0.300000497,-13.10002171,1.500002486,10.6,-28.7,-98.6,13.10345632,950,1684,1024,1024,,98.753284,3799.540804,85,7.664,6.564,NE,2.9996384,Calm
111,32.82733361,-95.30475206,443,,-0.300000497,-13.40002221,1.000001658,8.8,-25.3,-97.9,13.40337993,950,1684,1024,1024,,96.78478,3792.65104,85,7.664,6.564,NE,2.9996384,Calm
111.1,32.82733327,-95.30476646,443,,-0.300000497,-13.60002254,0.500000829,7.2,-23.5,-97.7,13.60333064,950,1684,1024,1024,,93.50394,3785.433192,85,7.664,6.564,NE,2.9996384,Calm
111.2,32.82733293,-95.30478258,442,,-0.400000663,-13.60002254,0.300000497,6.6,-23.8,-97.7,13.60590335,950,1684,644,1024,,77.427824,3777.559176,85,7.664,6.564,NE,2.9996384,Calm
111.3,32.8273324,-95.30479695,442,,-0.600000995,-13.60002254,0.200000332,7.9,-26,-98.4,13.61325135,950,1684,364,1130,,76.115488,3770.013244,85,7.664,6.564,NE,2.9996384,Calm
111.4,32.82733199,-95.30481078,442,,-0.70000116,-13.50002238,0.600000995,11.1,-31.4,-99.7,13.51815834,951,1684,364,1130,,76.115488,3763.12348,85,7.664,6.564,NE,2.9996384,Calm
111.5,32.82733138,-95.30482372,442,,-0.800001326,-13.30002205,1.100001823,15.3,-32.2,-101.2,13.32406028,956,1684,364,1200,,75.131236,3756.5618,85,7.664,6.564,NE,2.9996384,Calm
111.6,32.82733039,-95.3048369,441,,-0.900001492,-13.30002205,1.400002321,19.4,-29.5,-101.1,13.3304382,971,1684,364,1284,,73.162732,3749.343952,85,7.664,6.564,NE,2.9996384,Calm
111.7,32.82732935,-95.30485368,441,,-0.900001492,-13.20002188,1.700002818,24.5,-26,-101,13.23066781,982,1684,868,1188,,70.866144,3740.485684,85,7.664,6.564,NE,2.9996384,Calm
111.8,32.82732864,-95.30486706,440,,-0.800001326,-13.10002171,2.000003315,27.9,-22.9,-100.4,13.12442608,982,1684,1024,1097,,69.881892,3733.59592,85,7.664,6.564,NE,2.9996384,Calm
111.9,32.82732815,-95.30488098,440,,-0.500000829,-13.20002188,2.000003315,23.7,-23.2,-97.6,13.20948795,982,1684,1024,1024,,67.585304,3726.706156,85,7.664,6.564,NE,3.0979872,Calm
112,32.82732794,-95.30489452,439,,-0.100000166,-13.40002221,1.500002486,17.3,-27.2,-94.7,13.40039504,982,1684,1024,1024,,66.601052,3720.144476,85,7.664,6.564,NE,3.0979872,Calm
112.1,32.82732829,-95.30490885,439,,0,-13.60002254,1.100001823,13.8,-29.3,-93.8,13.60002254,982,1684,1024,1082,,65.6168,3714.238964,85,7.693,6.564,NE,3.0979872,Calm
112.2,32.82732842,-95.30492277,438,,0.100000166,-13.80002287,0.70000116,12.1,-29.9,-94.4,13.80038498,981,1684,1024,1090,,66.601052,3708.005368,85,7.693,6.564,NE,3.196336,Calm
112.3,32.82732879,-95.30493765,438,,0.100000166,-14.00002321,0.400000663,12.9,-29,-94.7,14.00037994,979,1684,1024,1039,,66.601052,3701.771772,85,7.693,6.564,NE,3.196336,Calm
112.4,32.82732912,-95.30495424,438,,0.100000166,-14.20002354,0.100000166,13.3,-27.6,-94.3,14.20037536,979,1684,1024,1024,,66.601052,3694.882008,85,7.693,6.564,NE,3.2991552,Calm
112.5,32.82732932,-95.30496957,438,,0.200000332,-14.20002354,0,12,-27.4,-93.4,14.20143171,979,1684,1024,1215,,66.601052,3688.320328,85,7.693,6.564,NE,3.2991552,Calm
112.6,32.82732964,-95.30498477,438,,0.200000332,-14.20002354,0,11.2,-28,-93,14.20143171,978,1684,1024,1326,,66.601052,3682.086732,85,7.693,6.564,NE,3.397504,Calm
112.7,32.82732961,-95.30499828,438,,0.100000166,-14.20002354,0,18.7,-26.7,-94.7,14.20037536,978,1684,1024,1298,,67.585304,3676.18122,85,7.693,6.564,NE,3.397504,Calm
112.8,32.82732981,-95.30501348,438,,0.200000332,-14.10002337,0,29.1,-16.8,-94.5,14.10144138,978,1684,1024,1024,,67.585304,3669.947624,85,7.693,6.564,NE,3.4958528,Calm
112.9,32.82733043,-95.30502984,438,,0.70000116,-14.00002321,-0.100000166,29.6,-12.7,-91.4,14.01751231,978,1684,1024,1024,,68.569556,3663.714028,84,7.693,8.9,NE,3.4958528,Calm
113,32.82733142,-95.30504369,438,,1.000001658,-13.70002271,-0.100000166,19,-25,-89.2,13.73647033,978,1684,1024,1024,,68.569556,3659.120852,84,7.693,8.9,NE,3.598672,Calm
113.1,32.82733257,-95.30505944,438,,1.000001658,-13.50002238,0.200000332,13.3,-32.7,-87.7,13.53700868,975,1684,1024,1024,,68.569556,3653.543424,84,7.693,8.9,NE,3.6970208,Calm
113.2,32.82733342,-95.30507172,438,,1.100001823,-13.70002271,0.200000332,13.3,-31,-88.7,13.74411203,975,1684,1024,1024,,68.569556,3649.606416,84,7.693,8.9,NE,3.6970208,Calm
113.3,32.82733432,-95.30508648,438,,1.100001823,-13.80002287,0,14.1,-30.8,-89.1,13.8437939,975,1684,1024,1024,,68.569556,3644.357072,84,7.693,8.9,NE,3.79984,Calm
113.4,32.82733543,-95.30510112,438,,1.100001823,-13.80002287,0,13.6,-32.5,-88.9,13.8437939,954,1684,378,803,,68.569556,3639.763896,84,7.693,8.9,NE,3.79984,Calm
113.5,32.82733657,-95.30511766,438,,1.100001823,-13.80002287,0.200000332,13.6,-33.2,-88.8,13.8437939,954,1684,378,803,,68.569556,3634.186468,84,7.693,8.9,N,3.8981888,Calm
113.6,32.82733748,-95.30513019,438,,1.100001823,-13.80002287,0.400000663,3.2,-34.5,-85.6,13.8437939,954,1684,364,740,,67.585304,3630.24946,84,7.693,8.9,N,3.8981888,Calm
113.7,32.82733861,-95.30514786,438,,1.000001658,-13.80002287,0.70000116,-15.9,-30,-79.8,13.83620719,954,1684,364,740,,67.585304,3624.672032,84,7.693,8.9,N,3.8981888,Calm
113.8,32.82733928,-95.3051619,438,,0.600000995,-13.80002287,0.800001326,-23.1,-24.8,-80.7,13.8130599,954,1684,364,797,,66.601052,3619.750772,84,7.693,8.9,N,3.9965376,Calm
113.9,32.82733955,-95.30517547,437,,0.300000497,-13.70002271,1.100001823,-17.8,-26.4,-84.6,13.70330666,954,1684,364,852,,65.6168,3614.829512,84,7.646,8.9,N,3.9965376,Calm
114,32.82733969,-95.30519002,437,,0,-13.50002238,1.500002486,-17.3,-30.5,-86.7,13.50002238,954,1684,759,1024,,64.304464,3609.252084,84,7.646,8.9,N,3.9965376,Calm
114.1,32.82733945,-95.30520448,436,,-0.100000166,-13.40002221,2.000003315,-9.9,-34.3,-90.1,13.40039504,954,1684,854,1024,,63.320212,3603.674656,84,7.646,8.9,N,3.9965376,Calm
114.2,32.82733917,-95.30521817,435,,-0.400000663,-13.60002254,1.900003149,-6.1,-30.8,-93.3,13.60590335,954,1684,871,1024,,61.351708,3598.097228,84,7.646,8.9,N,4.0993568,Calm
114.3,32.82733845,-95.30523517,435,,-0.70000116,-13.90002304,1.300002155,-4.9,-29.4,-92.6,13.91763776,954,1684,873,1020,,60.039372,3590.87938,84,7.646,8.9,N,4.0993568,Calm
114.4,32.82733763,-95.30524943,434,,-0.900001492,-14.00002321,1.000001658,-3,-29.6,-93.4,14.02892166,954,1684,894,959,,60.039372,3584.645784,84,7.646,8.9,N,4.0993568,Calm
114.5,32.82733696,-95.30526459,434,,-1.000001658,-14.10002337,0.900001492,-3.2,-29.4,-93.7,14.13543967,954,1684,891,900,,60.039372,3578.412188,84,7.646,8.9,N,4.0993568,Calm
114.6,32.82733608,-95.30527889,434,,-1.100001823,-14.10002337,0.70000116,-5.8,-28.5,-93.2,14.1428659,954,1684,913,789,,60.039372,3572.178592,84,7.646,8.9,N,4.1977056,Calm
114.7,32.82733473,-95.30529574,434,,-1.300002155,-14.20002354,0.500000829,-12.4,-27.5,-91.9,14.2594061,953,1684,957,614,,60.039372,3564.63266,84,7.646,8.9,N,4.1977056,Calm
114.8,32.82733342,-95.30531024,433,,-1.700002818,-14.20002354,0.400000663,-25.4,-21.4,-91,14.30142204,954,1684,996,442,,60.039372,3558.07098,84,7.646,8.9,N,4.1977056,Calm
114.9,32.82733121,-95.30532519,433,,-2.300003812,-14.10002337,0.100000166,-33,-4.7,-96,14.28638049,954,1684,1003,421,,59.05512,3550.196964,84,7.646,7.282,N,4.1977056,Calm
115,32.82732894,-95.30533778,433,,-3.30000547,-13.60002254,-0.200000332,-35.4,1.3,-98.6,13.99466498,954,1684,1021,431,,60.039372,3543.3072,84,7.646,7.282,N,4.1977056,Calm
115.1,32.82732507,-95.30535328,434,,-3.800006299,-13.10002171,-0.100000166,-36.2,-2.3,-103.3,13.64003709,954,1684,1024,552,,60.039372,3533.46468,84,7.646,7.282,N,4.1977056,Calm
115.2,32.82732092,-95.30536834,434,,-4.200006962,-12.70002105,0.100000166,-35,-2.5,-113.7,13.37649405,954,1684,1024,983,,61.351708,3523.62216,84,7.667,7.282,N,4.1977056,Calm
115.3,32.82731732,-95.30537944,433,,-4.800007956,-12.00001989,0,-31.8,0.4,-124,12.9244168,954,1684,1024,1024,,80.708664,3515.748144,84,7.667,7.282,N,4.2960544,Calm
115.4,32.82731252,-95.30539192,434,,-5.300008785,-11.30001873,0,-29.3,-10.9,-125.3,12.48120615,954,1684,1024,1024,,62.33596,3506.233708,84,7.667,7.282,N,4.2960544,Calm
115.5,32.8273075,-95.30540376,434,,-5.600009283,-10.90001807,0.200000332,-25.7,-20.8,-125.9,12.25440711,955,1684,1024,1024,,62.33596,3496.719272,84,7.667,7.282,N,4.2960544,Calm
115.6,32.82730183,-95.30541548,433,,-6.100010111,-10.60001757,0.200000332,-25.5,-21.5,-126.6,12.22990127,955,1684,1024,1024,,62.33596,3486.220584,84,7.667,7.282,N,4.2960544,Calm
115.7,32.82729603,-95.30542582,433,,-6.800011272,-10.20001691,0,-25.1,-22.8,-126.5,12.2588945,957,1684,1024,1024,,62.33596,3476.378064,84,7.667,7.282,N,4.2960544,Calm
115.8,32.82728961,-95.30543647,433,,-7.200011935,-9.90001641,0.100000166,-24.2,-24.8,-126.9,12.24134371,958,1684,1024,1024,,61.351708,3465.551292,84,7.667,7.282,N,4.2960544,Calm
115.9,32.82728228,-95.30544815,433,,-7.700012764,-9.700016079,0,-21.3,-26.7,-127.2,12.38468842,957,1684,1024,1024,,61.351708,3453.412184,84,7.667,5.718,N,4.2960544,Calm
116,32.82727514,-95.30545843,433,,-8.100013427,-9.500015747,0.100000166,-15.9,-30.6,-127.4,12.48441053,958,1684,1024,1024,,78.412076,3441.929244,84,7.667,5.718,N,4.2960544,Calm
116.1,32.82726776,-95.30546805,433,,-8.400013924,-9.500015747,0.100000166,-11.4,-31.5,-128.7,12.68110902,958,1684,1024,1024,,77.427824,3430.446304,84,7.667,5.718,N,4.2960544,Calm
116.2,32.82725922,-95.30547926,433,,-8.700014421,-9.500015747,0,-7.5,-33.5,-129.1,12.88179109,960,1684,1024,1024,,74.146984,3417.322944,84,7.667,5.718,N,4.2960544,Calm
116.3,32.82725091,-95.30548967,433,,-8.900014753,-9.600015913,0,-4.2,-35.3,-129.6,13.09085784,960,1684,784,1024,,74.146984,3404.527668,84,7.667,5.718,N,4.2960544,Calm
116.4,32.82724312,-95.30549958,433,,-9.100015084,-9.800016244,0.100000166,-2.8,-34.5,-130.1,13.37350335,959,1684,539,1024,,75.131236,3392.38856,84,7.667,5.718,N,4.2960544,Calm
116.5,32.82723485,-95.30551017,433,,-9.20001525,-9.800016244,0.100000166,-3,-35.4,-130.1,13.44174803,959,1684,380,1024,,73.162732,3379.921368,84,7.667,5.718,N,4.3988736,Calm
116.6,32.82722696,-95.30552022,433,,-9.20001525,-9.800016244,0.500000829,-2.6,-36.1,-130.1,13.44174803,961,1684,364,1024,,77.427824,3367.78226,84,7.667,5.718,N,4.3988736,Calm
116.7,32.8272179,-95.30553175,433,,-9.20001525,-9.800016244,0.900001492,-2.1,-35.5,-130,13.44174803,967,1684,364,1024,,71.850396,3353.674648,84,7.667,5.718,N,4.3988736,Calm
116.8,32.82721007,-95.30554174,433,,-9.20001525,-9.800016244,1.200001989,-1.7,-35.7,-130.2,13.44174803,972,1684,364,1024,,70.866144,3341.863624,84,7.667,5.718,N,4.2960544,Calm
116.9,32.82720248,-95.30555111,432,,-9.20001525,-9.700016079,1.500002486,-1.4,-35.8,-130.1,13.36901596,974,1684,364,1024,,69.881892,3330.380684,84,7.694,5.718,NE,4.2960544,Calm
117,32.82719463,-95.30556105,432,,-9.100015084,-9.700016079,1.900003149,-2,-35.2,-130.2,13.30039756,976,1684,364,1024,,67.585304,3318.241576,84,7.694,5.718,NE,4.1977056,Calm
117.1,32.82718559,-95.30557262,431,,-9.100015084,-9.700016079,2.200003647,-2.4,-35,-130.3,13.30039756,976,1684,364,1024,,65.6168,3304.462048,84,7.694,5.718,NE,3.9965376,Calm
117.2,32.82717656,-95.30558413,430,,-9.100015084,-9.700016079,2.60000431,-2.5,-34.8,-130.3,13.30039756,978,1684,566,993,,63.320212,3290.68252,84,7.694,5.718,NE,3.8981888,Calm
117.3,32.82716956,-95.30559303,429,,-9.20001525,-9.700016079,2.700004476,-3.6,-33.8,-130.1,13.36901596,979,1684,955,388,,50.524936,3280.183832,84,7.694,5.718,NE,3.8981888,Calm
117.4,32.82716029,-95.30560466,428,,-9.500015747,-9.90001641,2.500004144,-20.7,-21.7,-128.8,13.72080962,979,1684,1024,364,,47.244096,3266.07622,84,7.694,5.718,NE,3.598672,Calm
117.5,32.8271512,-95.30561493,428,,-10.10001674,-9.400015581,1.600002652,-31.9,-5.4,-132.3,13.79748637,980,1684,1024,364,,46.259844,3252.624776,84,7.694,5.718,NE,3.397504,Calm
117.6,32.82714186,-95.30562443,427,,-10.60001757,-8.600014255,1.100001823,-36.3,-4.4,-138.7,13.64993098,979,1684,1024,364,,44.947508,3239.173332,84,7.694,5.718,NE,3.196336,Calm
117.7,32.82713317,-95.3056322,427,,-11.00001823,-7.600012598,0.70000116,-35.3,-3.5,-148.3,13.37013803,979,1684,1024,364,,43.963256,3226.70614,84,7.694,5.718,NE,2.9996384,Calm
117.8,32.82712184,-95.30564034,427,,-11.20001857,-6.60001094,0.200000332,-32.7,-5.6,-156.1,13.0000211,979,1684,1024,529,,43.963256,3211.614276,84,7.694,5.718,NE,2.8968192,Calm
117.9,32.82711125,-95.30564657,427,,-11.30001873,-5.800009614,0.100000166,-31.5,-11,-163.6,12.70159553,978,1684,1024,1024,,43.963256,3197.506664,84,7.694,6.274,NE,2.7984704,Calm
118,32.8271009,-95.30565238,427,,-11.30001873,-5.100008454,0.100000166,-30.4,-14.9,-171.5,12.39760073,978,1684,1024,1024,,43.963256,3184.05522,84,7.694,6.274,NE,2.6956512,Calm
118.1,32.82709108,-95.30565701,427,,-11.4000189,-4.400007293,0,-27.1,-22.2,-175.9,12.21967612,978,1684,1024,1024,,42.979004,3171.588028,84,7.694,6.274,NE,2.5973024,Calm
118.2,32.82707951,-95.30566181,427,,-11.60001923,-3.800006299,0.100000166,-25.9,-26.3,-177.4,12.20657562,978,1684,1024,1015,,42.979004,3156.824248,84,7.694,6.274,NE,2.4989536,Calm
118.3,32.82706916,-95.3056654,427,,-11.70001939,-3.200005304,0.100000166,-24.8,-25.3,-178.9,12.12973525,978,1684,1024,615,,41.666668,3144.028972,84,7.694,6.274,NE,2.4989536,Calm
118.4,32.82706016,-95.30566802,427,,-11.90001973,-2.60000431,0,-24.4,-24.7,-179.4,12.18074252,979,1684,1052,364,,41.666668,3132.874116,84,7.694,6.274,E,2.3961344,Calm
118.5,32.82704808,-95.30567038,427,,-11.90001973,-2.000003315,0,-26.8,-21.8,-179.9,12.06691674,978,1684,1087,364,,40.682416,3118.43842,84,7.694,6.274,E,2.3961344,Calm
118.6,32.82703729,-95.30567203,427,,-12.00001989,-1.400002321,0,-29.1,-18.6,176.7,12.08141023,978,1684,1109,364,,40.682416,3105.31506,84,7.694,6.274,E,2.3961344,Calm
118.7,32.82702581,-95.30567304,427,,-11.90001973,-0.70000116,-0.100000166,-29.9,-19.2,169.4,11.92058982,978,1684,1120,364,,40.682416,3091.863616,84,7.694,6.274,E,2.3961344,Calm
118.8,32.82701562,-95.30567328,427,,-11.80001956,0,-0.200000332,-29.2,-20.7,160.5,11.80001956,979,1684,1165,364,,40.682416,3080.380676,84,7.694,6.274,E,2.3961344,Calm
118.9,32.82700502,-95.30567281,427,,-11.60001923,0.600000995,-0.300000497,-28.5,-21,151.1,11.6155257,979,1684,1199,585,,40.682416,3068.241568,84,7.763,5.86,E,2.3961344,Calm
119,32.82699624,-95.3056718,427,,-11.30001873,1.400002321,-0.400000663,-27.9,-22.9,142.2,11.38641413,978,1684,1024,1024,,40.682416,3058.399048,84,7.763,5.86,E,2.3961344,Calm
119.1,32.82698516,-95.30566961,427,,-10.90001807,2.100003481,-0.600000995,-27.1,-25.1,133.3,11.10046857,978,1684,1024,1024,,40.682416,3046.588024,84,7.763,5.86,E,2.3961344,Calm
119.2,32.82697453,-95.30566658,427,,-10.5000174,2.700004476,-0.500000829,-24.4,-29.9,127.4,10.84160425,978,1684,1024,1024,,41.666668,3035.105084,84,7.763,5.86,E,2.3961344,Calm
119.3,32.82696659,-95.30566378,427,,-10.20001691,3.100005139,-0.100000166,-21.8,-29.5,123.3,10.66069297,978,1684,1024,1024,,41.666668,3026.902984,84,7.763,5.86,E,2.3961344,Calm
119.4,32.82695667,-95.30565958,427,,-9.800016244,3.700006133,0,-20.6,-27.3,121.7,10.47522591,978,1684,1024,897,,41.666668,3016.73238,84,7.763,5.86,E,2.3961344,Calm
119.5,32.82694785,-95.30565487,428,,-9.500015747,4.200006962,0,-19.8,-27.6,121.1,10.38702804,978,1684,1143,574,,40.682416,3008.202196,84,7.763,5.86,E,2.4989536,Calm
119.6,32.82693983,-95.30565027,427,,-9.100015084,4.600007625,0,-22.2,-26.8,120.3,10.19658453,978,1684,1498,568,,41.666668,3000.32818,84,7.763,5.86,E,2.4989536,Calm
119.7,32.82693189,-95.30564489,428,,-8.600014255,5.20000862,-0.100000166,-25.3,-23.9,119.8,10.04989193,978,1684,1573,491,,41.666668,2993.110332,84,7.763,5.86,E,2.4989536,Calm
119.8,32.82692401,-95.30563855,428,,-8.000013261,5.90000978,-0.500000829,-27.2,-21.7,116.9,9.940338077,978,1684,1684,373,,41.666668,2986.220568,84,7.763,5.86,E,2.4989536,Calm
119.9,32.82691722,-95.30563178,428,,-7.200011935,6.500010774,-0.900001492,-27.3,-22.5,112.5,9.700016079,978,1684,1684,481,,42.979004,2980.315056,84,7.697,5.86,E,2.5973024,Calm
120,32.82691143,-95.30562477,428,,-6.500010774,7.000011603,-1.200001989,-27.2,-21.6,106.7,9.552502267,979,1684,1684,761,,42.979004,2976.049964,84,7.697,5.86,E,2.5973024,Calm
120.1,32.826906,-95.30561678,429,,-5.600009283,7.500012432,-1.700002818,-27.7,-22,99.6,9.360036794,981,1684,1684,1024,,44.947508,2972.44104,84,7.697,5.86,E,2.5973024,Calm
120.2,32.8269016,-95.30560873,430,,-4.700007791,8.000013261,-2.100003481,-26.9,-24,92,9.278485075,987,1684,1684,1030,,47.244096,2970.144452,84,7.697,5.86,E,2.5973024,Calm
120.3,32.82689801,-95.30559944,430,,-3.700006133,8.400013924,-2.500004144,-23.7,-26.8,87.6,9.178794708,988,1684,1684,1146,,49.2126,2969.1602,84,7.697,5.86,E,2.6956512,Calm
120.4,32.8268948,-95.30558919,432,,-2.800004641,8.700014421,-2.900004807,-21.7,-28.4,85.8,9.13948961,988,1684,1684,1146,,51.509188,2968.832116,84,7.697,5.86,E,2.6956512,Calm
120.5,32.8268927,-95.30557906,433,,-2.000003315,9.100015084,-3.200005304,-20.4,-28,84.3,9.317203657,991,1684,1684,1306,,54.790028,2969.816368,84,7.697,5.86,E,2.6956512,Calm
120.6,32.82689136,-95.30556949,434,,-1.200001989,9.500015747,-3.700006133,-17.9,-29.6,83.4,9.575505157,992,1684,1519,1636,,58.070868,2971.456788,84,7.697,5.86,SE,2.6956512,Calm
120.7,32.82689074,-95.30555787,436,,-0.600000995,9.800016244,-3.800006299,-0.9,-33,79,9.818366342,994,1684,1597,1662,,62.33596,2974.737628,84,7.697,5.86,SE,2.7984704,Calm
120.8,32.82689034,-95.30554935,437,,-0.500000829,10.00001658,-3.600005967,16.3,-23.6,74.9,10.01250866,995,1684,1586,1684,,64.304464,2977.034216,84,7.697,5.86,SE,2.7984704,Calm
120.9,32.82688966,-95.30553676,439,,-0.800001326,10.30001707,-3.800006299,26.8,-11.9,85.9,10.33103807,1000,1684,1610,1684,,67.585304,2980.64314,84,7.697,9.098,SE,2.7984704,Calm
121,32.82688857,-95.30552573,440,,-1.400002321,10.10001674,-3.900006465,34.3,-5.7,98.3,10.19658453,1015,1684,1684,1454,,73.162732,2983.267812,84,7.697,9.098,SE,2.7984704,Calm
121.1,32.82688629,-95.30551585,441,,-2.100003481,9.700016079,-3.900006465,36.7,-3.7,107.6,9.924732805,1015,1684,1684,1430,,77.427824,2984.252064,84,7.697,9.098,SE,2.7984704,Calm
121.2,32.82688342,-95.30550482,443,,-3.200005304,9.100015084,-4.200006962,37,-6,116.3,9.646258625,1011,1684,1296,1684,,81.692916,2984.908232,84,7.697,9.098,SE,2.7984704,Calm
121.3,32.82687982,-95.30549558,445,,-4.100006796,8.400013924,-4.500007459,34.4,-11.7,120.7,9.347207193,983,1684,434,1684,,98.753284,2984.252064,84,7.697,9.098,SE,2.8968192,Calm
121.4,32.82687588,-95.30548733,447,,-4.600007625,7.900013095,-4.100006796,34.5,-14,124.3,9.141677871,983,1684,364,1250,,106.299216,2982.939728,84,7.697,9.098,SE,2.8968192,Calm
121.5,32.82687184,-95.30547985,449,,-5.100008454,7.500012432,-3.700006133,33.8,-14.4,132,9.069744665,982,1684,364,1104,,109.580056,2980.971224,84,7.696,9.098,SE,2.8968192,Calm
121.6,32.82686629,-95.30547143,451,,-5.600009283,7.000011603,-3.500005802,32.8,-17.3,139.9,8.964388513,982,1684,364,1063,,109.580056,2978.018468,84,7.696,9.098,SE,2.8968192,Calm
121.7,32.82686054,-95.30546414,453,,-6.000009946,6.500010774,-3.100005139,27.3,-24.3,144,8.845917548,982,1684,364,1063,,112.860896,2974.409544,84,7.696,9.098,SE,2.8968192,Calm
121.8,32.8268551,-95.30545779,455,,-6.400010609,6.200010277,-2.60000431,25.3,-27.7,146.4,8.910682468,981,1684,364,1145,,115.157484,2970.472536,84,7.696,9.098,SE,2.8968192,Calm
121.9,32.82684913,-95.30545136,456,,-6.800011272,5.90000978,-2.200003647,22.9,-27,147.7,9.002791931,982,1684,364,1190,,113.845148,2966.535528,84,7.696,9.098,SE,2.8968192,Calm
122,32.82684276,-95.30544528,457,,-7.100011769,5.600009283,-1.900003149,22,-27.6,147.9,9.042691145,982,1684,364,1304,,116.141736,2961.614268,84,7.696,9.098,SE,2.8968192,Calm
122.1,32.82683636,-95.3054397,458,,-7.400012266,5.400008951,-1.500002486,23.6,-27.2,148.7,9.160800901,1023,1684,364,1543,,118.11024,2956.693008,84,7.696,9.098,SE,2.8968192,Calm
122.2,32.82682875,-95.30543354,459,,-7.800012929,5.100008454,-1.100001823,27.2,-21.7,150.9,9.319349896,1115,1684,364,1601,,116.141736,2950.787496,84,7.696,9.098,SE,2.9996384,Calm
122.3,32.82682248,-95.30542908,459,,-8.100013427,4.700007791,-0.900001492,30.1,-17.5,154.4,9.364842921,1078,1684,364,1668,,117.125988,2945.538152,84,7.696,9.098,SE,2.9996384,Calm
122.4,32.82681505,-95.30542432,459,,-8.300013758,4.300007128,-0.500000829,31.4,-16.4,160,9.3477423,1153,1684,404,1515,,116.141736,2938.976472,84,7.696,9.098,SE,2.9996384,Calm
122.5,32.82680641,-95.30541938,459,,-8.50001409,3.900006465,-0.100000166,31.5,-16.3,167.6,9.352020473,1479,1684,612,1042,,117.125988,2931.43054,84,7.696,5.606,SE,2.9996384,Calm
122.6,32.82679865,-95.3054154,459,,-8.600014255,3.400005636,0.200000332,31.2,-17.5,175.9,9.247717547,1480,1684,708,1024,,120.406828,2924.540776,84,7.696,5.606,SE,2.9996384,Calm
122.7,32.82679168,-95.30541235,459,,-8.700014421,3.000004973,0.500000829,28.6,-22.5,-178.8,9.202731912,1487,1684,840,1024,,120.406828,2917.979096,84,7.696,5.606,SE,2.9996384,Calm
122.8,32.82678371,-95.30540928,459,,-8.800014587,2.60000431,0.900001492,25.6,-24.1,-175.9,9.176070893,1449,1684,1024,1024,,121.39108,2910.433164,84,7.696,5.606,SE,2.9996384,Calm
122.9,32.82677473,-95.3054067,459,,-9.000014918,2.100003481,1.200001989,25.4,-22.5,-174.2,9.241768339,1429,1684,1024,1024,,120.406828,2901.574896,84,7.696,5.606,SE,2.9996384,Calm
123,32.82676644,-95.30540492,458,,-9.300015416,1.200001989,0.800001326,26.9,-20,-172.8,9.377115063,1429,1684,1024,1024,,118.11024,2893.372796,84,7.696,5.606,SE,2.9996384,Calm
123.1,32.82675827,-95.30540473,458,,-9.500015747,0.300000497,0.400000663,27.8,-21.6,-173.2,9.504751242,1418,1684,1024,1024,,119.422576,2884.514528,84,7.696,5.606,SE,2.9996384,Calm
123.2,32.82674871,-95.30540515,458,,-9.700016079,-0.400000663,0.200000332,26.9,-22.2,-174.3,9.708259943,1403,1684,1024,898,,113.845148,2873.687756,84,7.64,5.606,SE,2.9996384,Calm
123.3,32.82673963,-95.30540668,458,,-9.90001641,-1.100001823,0.100000166,26.8,-23.1,-174.3,9.960939916,1321,1684,1054,402,,119.422576,2863.189068,84,7.64,5.606,SE,2.9996384,Calm
123.4,32.82673103,-95.30540837,458,,-10.10001674,-1.700002818,0.100000166,17,-28,-174.2,10.24208695,1262,1684,1072,364,,123.687668,2853.018464,84,7.64,5.606,SE,2.9996384,Calm
123.5,32.82672278,-95.30541046,458,,-10.30001707,-2.000003315,0,-4.9,-25.1,-165.2,10.49239537,1207,1684,1072,364,,125.656172,2843.175944,84,7.64,5.606,SE,2.9996384,Calm
123.6,32.8267123,-95.30541289,458,,-10.60001757,-2.000003315,-0.100000166,-19.7,-14.7,-170.4,10.78704704,1148,1684,1103,364,,123.687668,2830.708752,84,7.64,5.606,SE,2.9996384,Calm
123.7,32.82670211,-95.30541467,458,,-10.70001774,-1.600002652,-0.300000497,-28.7,-10.4,176.8,10.81898268,1114,1684,1116,364,,123.687668,2818.897728,84,7.64,5.606,SE,2.9996384,Calm
123.8,32.82669304,-95.30541595,458,,-10.5000174,-1.000001658,-0.200000332,-31.8,-10.5,167.5,10.54752882,1053,1684,1161,364,,119.422576,2808.39904,84,7.64,5.606,SE,2.9996384,Calm
123.9,32.82668459,-95.30541662,458,,-10.30001707,-0.200000332,-0.300000497,-32.3,-12.3,158.4,10.30195857,1024,1684,1265,364,,119.422576,2798.884604,84,7.64,5.606,SE,3.0979872,Calm
124,32.82667456,-95.30541604,458,,-10.00001658,0.400000663,-0.400000663,-32.5,-14.3,148.3,10.00801323,1024,1684,1306,364,,125.656172,2788.385916,84,7.64,5.606,SE,3.0979872,Calm
124.1,32.82666622,-95.30541491,459,,-9.600015913,1.300002155,-0.800001326,-31.5,-15.4,138.5,9.687636647,1024,1684,1245,787,,126.968508,2779.527648,84,7.64,5.606,SE,3.0979872,Calm
124.2,32.82665841,-95.30541229,459,,-9.000014918,2.200003647,-1.300002155,-30.2,-19.6,131.6,9.265002796,1024,1684,1097,1024,,132.217852,2772.3098,84,7.64,5.606,SE,3.0979872,Calm
124.3,32.82665075,-95.30540915,459,,-8.600014255,2.700004476,-1.100001823,-27.2,-27.8,127.5,9.013892828,1024,1684,1024,1024,,129.921264,2765.091952,84,7.64,5.606,SE,3.0979872,Calm
124.4,32.82664242,-95.3054055,460,,-8.400013924,3.000004973,-0.600000995,-22.5,-30.8,123.5,8.919655902,1024,1684,1024,1024,,131.2336,2757.874104,84,7.64,5.606,SE,3.0979872,Calm
124.5,32.82663522,-95.3054018,460,,-8.100013427,3.500005802,-0.300000497,-22.1,-27.5,120.6,8.823845842,1024,1684,1000,1056,,148.293968,2751.312424,84,7.64,6.527,SE,3.0979872,Calm
124.6,32.82662833,-95.3053975,460,,-7.800012929,4.00000663,-0.200000332,-20.9,-27.7,120.5,8.765857155,1024,1684,574,1126,,123.687668,2745.734996,84,7.64,6.527,SE,3.0979872,Calm
124.7,32.82662088,-95.30539258,460,,-7.500012432,4.400007293,0,-19.3,-29.5,120.6,8.695415274,1024,1684,364,1083,,123.687668,2739.829484,84,7.64,6.527,SE,3.0979872,Calm
124.8,32.8266152,-95.30538837,460,,-7.400012266,4.700007791,0.300000497,-18.5,-30.2,120.1,8.766427578,1024,1684,364,1024,,128.937012,2735.564392,84,7.64,6.527,SE,3.0979872,Calm
124.9,32.8266078,-95.30538253,460,,-7.200011935,4.900008122,0.70000116,-19.3,-29.5,120.3,8.709204669,1024,1684,364,1024,,132.217852,2729.986964,84,7.64,6.527,SE,3.0979872,Calm
125,32.82660149,-95.30537689,459,,-7.100011769,5.20000862,1.100001823,-20.9,-28.5,120.4,8.800582328,1024,1684,364,1024,,124.67192,2725.721872,84,7.64,6.527,SE,3.0979872,Calm
125.1,32.82659567,-95.3053713,459,,-6.900011437,5.500009117,1.400002321,-21.2,-28,120.4,8.823845842,1024,1684,364,1024,,123.687668,2722.112948,84,7.64,6.527,SE,3.0979872,Calm
125.2,32.8265899,-95.30536551,458,,-6.700011106,5.700009448,1.800002984,-21,-28.9,120.8,8.796604566,1024,1684,364,942,,123.687668,2718.17594,84,7.711,6.527,SE,3.0979872,Calm
125.3,32.82658391,-95.30535921,458,,-6.60001094,5.90000978,2.200003647,-21.3,-29,120.8,8.852697804,1024,1684,364,885,,121.39108,2714.567016,84,7.711,6.527,SE,3.0979872,Calm
125.4,32.82657799,-95.30535272,457,,-6.500010774,6.100010111,2.60000431,-21.9,-28.3,120.5,8.914048232,1024,1684,824,885,,120.406828,2711.286176,84,7.711,6.527,SE,3.0979872,Calm
125.5,32.82657215,-95.30534584,456,,-6.400010609,6.300010443,3.000004973,-21.9,-28,120.3,8.980549009,1024,1684,824,885,,112.860896,2708.005336,83,7.711,4.504,SE,3.0979872,Calm
125.6,32.82656672,-95.30533926,455,,-6.300010443,6.500010774,3.200005304,-21.1,-25.5,118.6,9.052086585,1024,1684,1024,1024,,113.845148,2705.380664,83,7.711,4.504,SE,3.0979872,Calm
125.7,32.82656014,-95.30533032,454,,-6.000009946,7.100011769,2.700004476,-20.3,-24.7,117.4,9.295713103,1024,1684,1024,1020,,111.876644,2702.427908,83,7.711,4.504,SE,3.0979872,Calm
125.8,32.82655573,-95.3053236,453,,-5.700009448,7.500012432,2.200003647,-18.4,-28.1,117.4,9.42020659,1024,1684,1024,1020,,107.611552,2700.787488,83,7.711,4.504,SE,3.0979872,Calm
125.9,32.82655066,-95.30531523,452,,-5.600009283,8.000013261,1.900003149,-16.4,-29.9,117.2,9.765260673,1024,1684,1024,845,,104.330712,2699.475152,83,7.711,4.504,SE,3.0979872,Calm
126,32.82654545,-95.30530584,451,,-5.400008951,8.50001409,1.500002486,-16.6,-30.1,117.1,10.07026981,1024,1684,1024,790,,105.314964,2698.162816,83,7.711,4.504,SE,3.0979872,Calm
126.1,32.82654055,-95.30529627,451,,-5.300008785,9.000014918,1.100001823,-19.3,-28.4,117.2,10.44463273,1024,1684,1024,922,,104.330712,2697.506648,83,7.711,4.504,SE,3.0979872,Calm
126.2,32.82653628,-95.30528726,450,,-5.100008454,9.400015581,0.70000116,-18.9,-28.7,116.4,10.69440873,1024,1684,1024,1024,,96.78478,2697.178564,83,7.711,4.504,SE,3.0979872,Calm
126.3,32.82653083,-95.3052747,450,,-4.900008122,9.800016244,0.300000497,-14.1,-32.1,114.4,10.95675102,1024,1684,615,1035,,97.769032,2697.506648,83,7.711,4.504,SE,3.0979872,Calm
126.4,32.82652658,-95.30526443,450,,-4.900008122,10.10001674,0.200000332,-11.6,-34.3,113.3,11.22588117,1024,1684,364,1174,,93.50394,2698.162816,83,7.711,4.504,SE,3.0979872,Calm
126.5,32.82652217,-95.30525368,450,,-4.900008122,10.20001691,0.500000829,-9,-37,113.1,11.31593648,1024,1684,364,1036,,97.769032,2698.818984,83,7.711,4.504,SE,3.0979872,Calm
126.6,32.82651767,-95.30524258,450,,-5.000008288,10.20001691,0.800001326,-9.2,-36.5,112.8,11.3595962,1024,1684,364,1024,,95.472444,2699.475152,83,7.58,4.504,SE,3.0979872,Calm
126.7,32.82651358,-95.30523261,449,,-5.000008288,10.30001707,1.100001823,-12.4,-34.3,114.3,11.4494727,1024,1684,364,1024,,90.2231,2700.13132,83,7.58,4.504,SE,3.0979872,Calm
126.8,32.82650857,-95.30522077,449,,-5.000008288,10.30001707,1.400002321,-12.4,-33.6,114.8,11.4494727,1024,1684,364,1024,,90.2231,2700.787488,83,7.58,4.504,SE,3.0979872,Calm
126.9,32.826504,-95.30520998,448,,-4.900008122,10.30001707,1.800002984,-11.1,-33.5,114.1,11.4061572,1024,1684,364,1024,,90.2231,2701.443656,83,7.58,4.504,SE,2.9996384,Calm
127,32.82649983,-95.30519956,448,,-4.900008122,10.30001707,2.100003481,-11,-34.5,114.1,11.4061572,1024,1684,364,1004,,84.973756,2702.427908,83,7.58,4.504,SE,2.8968192,Calm
127.1,32.82649528,-95.30518858,447,,-4.800007956,10.30001707,2.500004144,-10.7,-34.2,114.2,11.36355697,1024,1684,364,1003,,84.973756,2703.41216,83,7.58,4.504,SE,2.6956512,Calm
127.2,32.82649052,-95.30517645,446,,-4.800007956,10.30001707,2.800004641,-10.3,-34.2,114.1,11.36355697,1024,1684,364,1005,,83.66142,2704.724496,83,7.58,4.504,E,2.5973024,Calm
127.3,32.82648661,-95.30516705,445,,-4.800007956,10.40001724,3.200005304,-10.9,-33.7,114.1,11.45427569,1024,1684,364,1006,,81.692916,2705.708748,83,7.58,4.504,E,2.4989536,Calm
127.4,32.82648227,-95.3051559,444,,-4.800007956,10.5000174,3.30000547,-10.3,-32.8,113.5,11.54514775,1024,1684,364,988,,77.427824,2707.021084,83,7.58,4.504,E,2.3961344,Calm
127.5,32.82647745,-95.30514321,442,,-4.700007791,10.70001774,3.30000547,-10,-32.8,113.4,11.68676376,1024,1684,704,633,,71.850396,2708.661504,83,7.58,8.827,E,2.3961344,Calm
127.6,32.82647342,-95.30513219,441,,-4.700007791,10.90001807,3.30000547,-10,-33.1,113.3,11.87014985,1024,1684,704,633,,68.569556,2710.630008,83,7.58,8.827,E,2.2977856,Calm
127.7,32.82646941,-95.30512093,440,,-4.600007625,11.20001857,3.30000547,-19.1,-27.9,114,12.10786874,1024,1684,1044,364,,63.320212,2712.270428,83,7.58,8.827,E,2.2977856,Calm
127.8,32.82646516,-95.3051086,438,,-4.300007128,11.50001906,2.800004641,-28.3,-17.4,112.1,12.27764201,1024,1684,1217,364,,59.05512,2714.8951,83,7.58,8.827,E,2.2977856,Calm
127.9,32.82646165,-95.30509594,437,,-3.500005802,11.80001956,2.200003647,-31.1,-14.9,106.3,12.30814758,1024,1684,1354,364,,55.77428,2718.17594,83,7.58,8.827,E,2.2977856,Calm
128,32.82645851,-95.30508184,436,,-2.800004641,11.90001973,1.800002984,-31,-14.6,97.9,12.22499456,1024,1684,1495,364,,53.805776,2722.769116,83,7.58,8.827,E,2.2977856,Calm
128.1,32.82645686,-95.30506955,435,,-1.800002984,12.00001989,1.300002155,-30.6,-15.5,89.5,12.13426913,1024,1684,1587,796,,51.509188,2727.690376,83,7.58,8.827,E,2.2977856,Calm
128.2,32.82645561,-95.3050574,435,,-1.000001658,11.90001973,0.900001492,-29.9,-17.7,81.1,11.94196236,1024,1684,1661,1024,,51.509188,2733.267804,83,7.688,8.827,E,2.2977856,Calm
128.3,32.82645574,-95.30504273,434,,-0.100000166,11.80001956,0.400000663,-26.5,-23.6,74.4,11.80044291,1024,1684,1684,1024,,50.524936,2741.469904,83,7.688,8.827,E,2.3961344,Calm
128.4,32.82645619,-95.30503075,434,,0.70000116,11.70001939,0.100000166,-22.7,-27.6,70.6,11.72094087,1024,1684,1640,1024,,50.524936,2748.687752,83,7.688,8.827,NE,2.3961344,Calm
128.5,32.82645739,-95.30501815,434,,1.500002486,11.70001939,-0.200000332,-22.1,-27.1,69.1,11.79578117,1024,1684,1175,1024,,50.524936,2756.889852,83,7.688,7.667,NE,2.3961344,Calm
128.6,32.82645934,-95.30500631,434,,2.200003647,11.60001923,-0.600000995,-21.9,-26.3,68.2,11.80679713,1024,1684,1024,1024,,51.509188,2765.74812,83,7.688,7.667,NE,2.3961344,Calm
128.7,32.82646219,-95.30499281,435,,2.800004641,11.4000189,-0.70000116,-22.7,-30,69.5,11.73884392,1024,1684,1021,1024,,52.49344,2776.246808,83,7.688,7.667,NE,2.4989536,Calm
128.8,32.82646485,-95.3049813,435,,3.000004973,11.1000184,-0.200000332,-23.2,-31.1,70,11.49827963,1024,1684,1021,1024,,52.49344,2785.43316,83,7.688,7.667,NE,2.4989536,Calm
128.9,32.8264675,-95.30497078,435,,3.500005802,11.00001823,-0.100000166,-21.1,-28.9,68.7,11.54341547,1024,1684,1024,1024,,52.49344,2793.963344,83,7.688,7.667,NE,2.4989536,Calm
129,32.82647079,-95.30495957,435,,3.900006465,10.90001807,-0.200000332,-17.8,-30.5,68.4,11.5767195,1024,1684,1178,1684,,52.49344,2803.805864,83,7.688,7.667,NE,2.5973024,Calm
129.1,32.82647485,-95.30494699,435,,4.200006962,10.8000179,0,-1.2,-33.2,63.8,11.58794378,1024,1684,1458,1684,,52.49344,2814.96072,83,7.688,7.667,NE,2.5973024,Calm
129.2,32.82647909,-95.3049342,435,,4.200006962,11.00001823,-0.100000166,18,-21.9,58,11.77456823,1024,1684,1529,1684,,53.805776,2826.44366,83,7.688,7.667,NE,2.5973024,Calm
129.3,32.82648209,-95.30492356,435,,3.700006133,11.30001873,-0.900001492,28.7,-14.6,67.4,11.89035159,1024,1684,1649,1684,,53.805776,2835.630012,83,7.688,7.667,NE,2.6956512,Calm
129.4,32.8264851,-95.30491122,436,,2.800004641,11.50001906,-1.500002486,31.4,-12.6,78.6,11.83598169,1024,1684,1684,1684,,55.77428,2845.800616,83,7.688,7.667,NE,2.5973024,Calm
129.5,32.8264866,-95.30489732,436,,1.700002818,11.50001906,-2.000003315,32.3,-13.7,85.9,11.62499222,1024,1684,1684,1622,,58.070868,2855.315052,83,7.561,7.667,NE,2.4989536,Calm
129.6,32.82648753,-95.30488483,437,,0.70000116,11.50001906,-2.400003978,32,-15.5,94.6,11.52130353,1024,1684,1684,1376,,60.039372,2863.517152,83,7.561,7.667,NE,2.3961344,Calm
129.7,32.82648685,-95.30487211,438,,-0.500000829,11.30001873,-2.900004807,31.9,-17.9,104,11.31107492,1024,1684,1684,833,,63.320212,2870.406916,83,7.561,7.667,NE,2.3961344,Calm
129.8,32.82648568,-95.30486064,439,,-1.600002652,11.1000184,-3.30000547,31.9,-20.1,111.8,11.21474093,1024,1684,1684,567,,66.601052,2876.312428,83,7.561,7.667,NE,2.3961344,Calm
129.9,32.82648312,-95.30484923,440,,-2.800004641,10.8000179,-3.700006133,23.2,-27.9,116.3,11.15707903,1024,1684,1684,447,,70.866144,2880.57752,83,7.561,7.667,NE,2.2977856,Calm
130,32.82647981,-95.30483803,442,,-3.600005967,10.60001757,-3.800006299,3.3,-26.5,125.8,11.1946599,1024,1684,1684,364,,85.958008,2884.186444,83,7.561,7.667,NE,2.2977856,Calm
130.1,32.82647621,-95.30482711,443,,-4.00000663,10.70001774,-3.900006465,-12.5,-17.3,127.3,11.42324084,1024,1684,1684,364,,88.254596,2887.467284,83,7.561,7.667,N,2.2977856,Calm
130.2,32.82647198,-95.30481463,445,,-4.00000663,10.70001774,-4.300007128,-23.9,-4.6,118.4,11.42324084,1024,1684,1684,364,,92.519688,2890.748124,83,7.561,7.667,N,2.2977856,Calm
130.3,32.82646891,-95.30480298,446,,-3.30000547,10.60001757,-4.700007791,-32.5,4.4,104.7,11.10181997,1024,1684,1684,940,,81.692916,2895.013216,83,7.561,7.667,N,2.3961344,Calm
130.4,32.82646632,-95.30479259,447,,-2.500004144,10.30001707,-4.700007791,-35.5,4.5,95.6,10.59907387,1024,1684,1684,1024,,86.94226,2898.950224,83,7.561,7.667,N,2.0966176,Calm
130.5,32.82646526,-95.30478278,448,,-1.800002984,9.800016244,-4.700007791,-33.8,-5.2,90.9,9.963951177,1024,1684,1684,1241,,91.207352,2904.199568,83,7.561,10.429,N,1.7971008,Calm
130.6,32.82646373,-95.30477138,450,,-1.200001989,9.500015747,-4.500007459,-27.1,-20,88.1,9.575505157,1024,1684,1684,1241,,96.78478,2909.776996,83,7.561,10.429,N,1.497584,Calm
130.7,32.82646335,-95.30476072,452,,-0.70000116,9.500015747,-4.300007128,-22.1,-26.8,87.3,9.525770169,1024,1684,1684,1498,,96.78478,2916.010592,83,7.561,10.429,N,1.1980672,Calm
130.8,32.82646319,-95.30475083,453,,-0.300000497,9.700016079,-4.300007128,-9.3,-31.2,84.6,9.704654119,1024,1684,1602,1684,,131.2336,2921.916104,83,7.561,10.429,N,0.8985504,Calm
130.9,32.82646314,-95.30474021,455,,-0.200000332,9.90001641,-4.200006962,7.8,-24.9,79,9.902036137,1214,1684,1636,1684,,132.217852,2928.477784,83,7.561,10.429,N,0.6973824,Calm
131,32.82646292,-95.30472941,457,,-0.500000829,10.10001674,-4.300007128,20.4,-14.2,85.3,10.112385,1472,1684,1675,1684,,134.51444,2935.039464,83,7.561,10.429,N,0.4962144,Calm
131.1,32.82646167,-95.30471897,458,,-1.100001823,10.00001658,-4.400007293,30.5,-5.9,98.4,10.06033434,1684,1684,1684,1684,,131.2336,2940.616892,83,7.589,10.429,N,0.6973824,Calm
131.2,32.82646004,-95.30470742,460,,-2.000003315,9.500015747,-4.600007625,35.2,-3.1,109,9.708259943,1684,1684,1607,1596,,135.498692,2946.522404,83,7.589,10.429,N,0.8985504,Calm
131.3,32.826457,-95.30469762,462,,-2.900004807,9.000014918,-4.600007625,36.3,-3.6,118.2,9.455701566,1681,1684,1391,1172,,143.044624,2949.803244,83,7.589,10.429,N,0.9968992,Calm
131.4,32.82645408,-95.30468879,465,,-3.500005802,8.400013924,-4.300007128,36.1,-6.2,126.1,9.100015084,1658,1684,1226,1051,,153.871396,2952.756,83,7.589,10.429,N,1.1980672,Calm
131.5,32.82645009,-95.30468069,467,,-4.100006796,7.800012929,-3.900006465,34.7,-12.6,129.5,8.811938038,1594,1684,1116,1024,,152.55906,2954.39642,83,7.589,9.265,N,1.296416,Calm
131.6,32.82644596,-95.30467261,469,,-4.600007625,7.400012266,-3.500005802,33.7,-17.8,130.6,8.713222665,1491,1684,1024,1024,,171.916016,2955.708756,83,7.589,9.265,N,1.497584,Calm
131.7,32.82644186,-95.304666,471,,-5.100008454,6.900011437,-3.100005139,31.9,-19.6,130.9,8.580223795,1484,1684,1024,1024,,177.493444,2956.364924,83,7.589,9.265,N,1.5959328,Calm
131.8,32.82643632,-95.30465826,473,,-5.700009448,6.60001094,-2.700004476,29.8,-19.8,131.6,8.720679292,1479,1684,1024,1024,,174.212604,2956.03684,83,7.589,9.265,N,1.698752,Calm
131.9,32.82643083,-95.30465124,474,,-6.100010111,6.200010277,-2.400003978,27.7,-20.3,132.2,8.697714847,1475,1684,1024,1024,,162.40158,2955.708756,83,7.589,9.265,N,1.89992,Calm
132,32.82642523,-95.30464516,474,,-6.500010774,5.90000978,-1.900003149,27.6,-20.6,132.1,8.778397074,1470,1684,980,1170,,165.68242,2954.724504,83,7.589,9.265,N,1.9982688,Calm
132.1,32.82641904,-95.30463886,475,,-6.900011437,5.600009283,-1.500002486,27.2,-21.6,131.8,8.886521297,1462,1684,398,1265,,166.666672,2953.084084,83,7.589,9.265,N,2.0966176,Calm
132.2,32.82641184,-95.30463241,475,,-7.300011653,5.300008785,-1.200001989,27.6,-20.6,132.2,9.021101348,1461,1684,364,1330,,169.947512,2950.787496,83,7.589,9.265,N,2.1994368,Calm
132.3,32.82640613,-95.30462771,475,,-7.700012764,5.100008454,-0.800001326,28.9,-19.5,132.8,9.235815107,1460,1684,364,1423,,166.666672,2948.818992,83,7.589,9.265,N,2.2977856,Calm
132.4,32.826399,-95.3046224,476,,-8.000013261,4.800007956,-0.500000829,31.2,-16.3,134.9,9.329538384,1458,1684,364,1476,,166.666672,2945.866236,83,7.589,9.265,N,2.2977856,Calm
132.5,32.82639109,-95.30461705,476,,-8.400013924,4.500007459,-0.100000166,33.3,-9.7,139.1,9.529443496,1457,1684,364,1502,,166.666672,2942.585396,83,7.589,9.265,N,2.3961344,Calm
132.6,32.82638295,-95.30461223,476,,-8.600014255,4.100006796,0.100000166,34,-4.5,143.9,9.527344644,1456,1684,364,1500,,166.666672,2938.320304,83,7.589,9.265,N,2.4989536,Calm
132.7,32.82637555,-95.30460847,476,,-8.800014587,3.600005967,0.500000829,35.3,-2.6,148.6,9.507906897,1455,1684,364,1425,,166.666672,2934.383296,83,7.589,9.265,N,2.5973024,Calm
132.8,32.82636742,-95.30460471,475,,-9.000014918,3.200005304,0.900001492,35.7,-0.7,154.7,9.551978783,1445,1684,364,1375,,166.666672,2929.462036,83,7.589,9.265,N,2.5973024,Calm
132.9,32.82635924,-95.30460146,475,,-9.100015084,2.700004476,1.200001989,35.2,-0.3,160.3,9.492117444,1428,1684,813,1189,,166.666672,2924.540776,83,7.589,9.265,N,2.6956512,Calm
133,32.82635029,-95.30459863,474,,-9.100015084,2.300003812,1.600002652,34.4,-1.5,164.3,9.386175223,1417,1684,1024,1024,,166.666672,2918.635264,83,7.589,9.265,N,2.7984704,Calm
133.1,32.8263421,-95.30459652,474,,-9.20001525,1.800002984,1.900003149,33.8,-3.5,168,9.37444847,1321,1684,1024,1024,,166.666672,2912.729752,83,7.589,9.265,N,2.7984704,Calm
133.2,32.82633463,-95.30459523,473,,-9.300015416,0.900001492,1.500002486,32.4,-6.2,171.7,9.343462339,1246,1620,1024,1024,,166.666672,2907.152324,83,7.792,9.265,N,2.8968192,Calm
133.3,32.82632475,-95.30459509,473,,-9.500015747,0,1.000001658,29.4,-10.5,170,9.500015747,1024,1024,1024,1024,,166.666672,2898.62214,83,7.792,9.265,N,2.8968192,Calm
133.4,32.82631653,-95.30459555,472,,-9.700016079,-0.70000116,0.600000995,28.3,-19.6,166.5,9.725240758,1024,1024,1024,1024,,166.666672,2891.076208,83,7.792,9.265,N,2.9996384,Calm
133.5,32.82630843,-95.30459655,472,,-10.10001674,-1.300002155,0.400000663,25,-14.3,169.1,10.1833365,1024,1024,1024,1024,,166.666672,2883.202192,83,7.792,4.281,N,2.9996384,Calm
133.6,32.82629937,-95.30459889,472,,-10.30001707,-1.800002984,0,15.6,1.4,170.9,10.45611584,1024,1096,1024,1024,,166.666672,2873.687756,83,7.792,4.281,N,2.9996384,Calm
133.7,32.82628812,-95.30460189,472,,-10.10001674,-2.100003481,-0.100000166,5,10.5,170.8,10.31602379,1024,1490,1024,1024,,166.666672,2861.876732,83,7.792,4.281,N,3.0979872,Calm
133.8,32.82627958,-95.30460428,472,,-9.800016244,-2.200003647,0,-2.3,11.1,171.1,10.04391993,1024,1638,1024,1024,,173.228352,2852.69038,83,7.792,4.281,N,3.0979872,Calm
133.9,32.82627162,-95.30460654,472,,-9.500015747,-2.100003481,0,-5.8,-0.3,172,9.729353079,1024,1024,1024,1024,,173.228352,2844.48828,83,7.792,4.281,N,3.196336,Calm
134,32.82626221,-95.30460868,472,,-9.400015581,-2.000003315,0.100000166,-9.8,-6.6,172.2,9.61042658,1024,1024,1024,1024,,193.56956,2834.64576,83,7.792,4.281,N,3.196336,Calm
134.1,32.82625493,-95.30461043,472,,-9.400015581,-1.800002984,0,-11.1,6.2,171.2,9.570804531,1024,1024,1024,1024,,192.585308,2827.099828,83,7.792,4.281,N,3.196336,Calm
134.2,32.82624545,-95.30461197,472,,-9.000014918,-1.600002652,0,-9.3,17.8,171.1,9.141130694,1024,1024,1024,1024,,192.585308,2817.913476,83,7.792,4.281,N,3.196336,Calm
134.3,32.82623879,-95.30461323,472,,-8.50001409,-1.400002321,0,-15,30.2,168.6,8.614536797,1024,1101,1024,1024,,186.023628,2811.351796,83,7.792,4.281,N,3.2991552,Calm
134.4,32.82623151,-95.30461462,472,,-7.900013095,-1.200001989,0,-21.6,30.5,164.7,7.990632573,1024,1464,960,1015,,181.758536,2804.133948,83,7.792,4.281,N,3.2991552,Calm
134.5,32.82622413,-95.30461601,472,,-7.100011769,-1.000001658,0.100000166,-21.6,35.1,163,7.170088418,1024,1684,695,885,,191.272972,2796.9161,83,7.742,4.281,N,3.2991552,Calm
134.6,32.8262185,-95.30461687,472,,-6.300010443,-0.70000116,0.100000166,-20.8,32.8,165.5,6.338779987,1035,1684,482,738,,191.272972,2791.338672,83,7.742,4.281,N,3.397504,Calm
134.7,32.82621349,-95.30461755,472,,-5.600009283,-0.500000829,0.300000497,-16.8,8.9,171.4,5.62228618,1077,1684,364,704,,191.272972,2786.745496,83,7.742,4.281,N,3.397504,Calm
134.8,32.82620879,-95.30461801,472,,-5.500009117,-0.400000663,0.600000995,-18.7,-13.2,173.5,5.514535235,1141,1684,364,583,,191.272972,2782.15232,83,7.742,4.281,N,3.397504,Calm
134.9,32.82620344,-95.30461805,472,,-5.600009283,-0.200000332,1.100001823,-22.3,-9.3,171.5,5.603579344,1152,1684,513,364,,191.272972,2777.559144,83,7.742,4.281,N,3.397504,Calm
135,32.8261985,-95.3046181,471,,-5.600009283,0,1.400002321,-29.2,-1.4,167.4,5.600009283,1153,1684,617,364,,191.272972,2773.622136,83,7.742,4.281,N,3.397504,Calm
135.1,32.82619404,-95.30461795,471,,-5.500009117,0.200000332,1.800002984,-33.3,-0.3,162.5,5.503643999,1176,1684,638,541,,195.866148,2769.685128,83,7.742,4.281,N,3.4958528,Calm
135.2,32.8261879,-95.3046174,470,,-5.400008951,0.600000995,2.200003647,-33.6,-1.7,155.7,5.433239669,1205,1684,560,983,,195.866148,2765.091952,83,7.742,4.281,N,3.4958528,Calm
135.3,32.82618281,-95.30461623,469,,-5.100008454,1.100001823,2.200003647,-32.8,-1.3,146,5.21728761,1210,1684,426,1024,,169.947512,2761.483028,83,7.742,4.281,N,3.4958528,Calm
135.4,32.82617856,-95.30461488,469,,-4.800007956,1.400002321,2.300003812,-24.7,-7.6,140.5,5.000008288,1211,1684,931,1024,,169.947512,2758.858356,83,7.742,4.281,N,3.4958528,Calm
135.5,32.82617406,-95.30461316,468,,-4.700007791,1.600002652,2.60000431,-20.7,-24.4,139.5,4.964884802,1260,1684,1024,1024,,169.947512,2756.233684,83,7.742,5.198,N,3.4958528,Calm
135.6,32.82616961,-95.30461089,467,,-4.800007956,2.100003481,2.700004476,-17.5,-24.2,137.1,5.239283319,1260,1684,1024,1024,,159.12074,2754.26518,83,7.742,5.198,N,3.4958528,Calm
135.7,32.82616503,-95.30460796,466,,-4.900008122,2.800004641,2.200003647,-12.4,-26,136.5,5.643589424,1326,1684,1024,1024,,157.152236,2752.296676,83,7.742,5.198,N,3.4958528,Calm
135.8,32.82616102,-95.30460448,466,,-5.100008454,3.30000547,1.800002984,-3.1,-31.1,135.9,6.074546713,1321,1684,1013,1024,,153.871396,2751.640508,83,7.742,5.198,N,3.4958528,Calm
135.9,32.82615659,-95.30460109,465,,-5.600009283,3.700006133,1.300002155,4.9,-31.3,133.7,6.711940368,1301,1684,940,1024,,145.013128,2750.328172,83,7.742,5.198,N,3.598672,Calm
136,32.82615098,-95.30459694,465,,-6.200010277,4.00000663,0.800001326,7.2,-27.9,133.3,7.378358543,1266,1684,891,1024,,144.028876,2748.687752,83,7.742,5.198,N,3.598672,Calm
136.1,32.82614415,-95.30459174,465,,-6.60001094,4.200006962,0.600000995,5,-26.1,133.9,7.823055606,1266,1684,768,1024,,143.044624,2746.719248,83,7.742,5.198,N,3.598672,Calm
136.2,32.82613859,-95.30458713,465,,-6.900011437,4.300007128,0.600000995,2.9,-27.3,134.5,8.130203826,1267,1684,621,883,,136.482944,2745.406912,83,7.704,5.198,N,3.598672,Calm
136.3,32.82613218,-95.30458256,464,,-7.100011769,4.400007293,0.900001492,0.1,-28.5,135.3,8.352857462,1268,1684,520,833,,136.482944,2743.438408,83,7.704,5.198,N,3.598672,Calm
136.4,32.82612486,-95.30457729,464,,-7.300011653,4.500007459,1.300002155,-7.9,-27.9,136.6,8.57556072,1272,1684,487,781,,139.763784,2741.14182,83,7.704,5.198,N,3.598672,Calm
136.5,32.82611853,-95.30457234,463,,-7.400012266,4.600007625,1.600002652,-13.6,-25.6,137.1,8.713222665,1275,1684,600,690,,140.748036,2739.5014,83,7.704,6.398,N,3.598672,Calm
136.6,32.82611194,-95.30456721,463,,-7.400012266,4.800007956,2.000003315,-20,-23.3,136.8,8.820445209,1278,1684,794,672,,142.060372,2738.189064,83,7.704,6.398,N,3.598672,Calm
136.7,32.82610508,-95.30456152,462,,-7.300011653,5.100008454,2.200003647,-27.4,-16.7,134.4,8.905069434,1278,1684,983,731,,135.498692,2736.548644,83,7.704,6.398,N,3.598672,Calm
136.8,32.82609909,-95.30455588,461,,-6.900011437,5.700009448,1.800002984,-25.4,-8.2,130,8.949874912,1278,1684,996,919,,128.937012,2735.892476,83,7.704,6.398,N,3.598672,Calm
136.9,32.82609283,-95.30454902,461,,-6.400010609,6.100010111,1.100001823,-11.3,-10.9,127.3,8.841394397,1278,1684,955,922,,128.937012,2735.892476,83,7.704,6.398,N,3.598672,Calm
137,32.82608745,-95.3045427,460,,-6.400010609,6.200010277,0.800001326,4.3,-23.2,122.8,8.910682468,1278,1684,870,891,,131.2336,2736.22056,83,7.704,6.398,N,3.598672,Calm
137.1,32.82608186,-95.30453626,460,,-6.700011106,6.300010443,0.70000116,7.3,-30.5,120.2,9.196753646,1278,1684,877,894,,135.498692,2736.548644,83,7.704,6.398,N,3.598672,Calm
137.2,32.82607465,-95.30452797,460,,-7.000011603,6.500010774,0.70000116,0.2,-30.1,122,9.552502267,1278,1684,847,1024,,135.498692,2737.204812,83,7.704,6.398,N,3.6970208,Calm
137.3,32.82606825,-95.30452074,460,,-7.200011935,6.800011272,0.70000116,-1.1,-28.3,122.2,9.903550708,1280,1684,866,1024,,137.467196,2737.532896,83,7.704,6.398,N,3.6970208,Calm
137.4,32.82606271,-95.3045144,459,,-7.400012266,7.000011603,0.70000116,1,-27.4,120.8,10.18628205,1283,1684,871,1024,,134.51444,2737.86098,83,7.704,6.398,N,3.6970208,Calm
137.5,32.82605576,-95.30450683,459,,-7.500012432,7.100011769,0.70000116,1.4,-26.8,120.4,10.32764951,1296,1684,626,1237,,134.51444,2738.189064,83,7.729,6.398,N,3.6970208,Calm
137.6,32.82604837,-95.30449831,459,,-7.700012764,7.300011653,0.600000995,2.4,-26.9,120.4,10.61038979,1296,1684,486,1377,,121.39108,2738.845232,83,7.729,6.398,N,3.6970208,Calm
137.7,32.82604189,-95.30449125,459,,-7.800012929,7.300011653,1.000001658,16.2,-22.2,118.6,10.68318176,1296,1684,500,1463,,121.39108,2739.173316,83,7.729,6.398,N,3.6970208,Calm
137.8,32.82603401,-95.30448268,458,,-8.000013261,7.200011935,1.200001989,28.1,-6.6,121,10.76291671,1296,1684,554,1630,,122.703416,2739.5014,83,7.729,6.398,N,3.6970208,Calm
137.9,32.82602658,-95.30447519,458,,-8.400013924,6.800011272,1.300002155,33.7,5.3,125.2,10.80742267,1296,1684,714,1684,,124.67192,2739.5014,83,7.729,6.398,N,3.6970208,Calm
138,32.826019,-95.30446832,457,,-8.600014255,6.200010277,1.600002652,32.7,10.1,129.7,10.60190408,1296,1684,911,1684,,123.687668,2738.845232,83,7.729,6.398,N,3.6970208,Calm
138.1,32.82601123,-95.30446196,457,,-8.700014421,5.700009448,1.800002984,32.3,12.3,138.8,10.40097838,1296,1684,1103,1024,,120.406828,2737.86098,83,7.729,6.398,N,3.6970208,Calm
138.2,32.82600399,-95.30445704,456,,-8.800014587,4.800007956,1.500002486,33.4,15.4,150.7,10.02398775,1296,1684,1103,1024,,134.51444,2736.22056,83,7.729,6.398,N,3.6970208,Calm
138.3,32.82599429,-95.30445247,456,,-8.900014753,3.800006299,1.000001658,30.9,6.6,156.6,9.677308682,1296,1684,1286,926,,133.202104,2732.611636,83,7.729,6.398,N,3.6970208,Calm
138.4,32.82598652,-95.30444927,455,,-9.000014918,2.900004807,0.70000116,28.3,-7.4,159.7,9.455701566,1296,1684,1656,848,,139.763784,2729.002712,83,7.729,6.398,N,3.6970208,Calm
138.5,32.82597851,-95.30444679,455,,-9.300015416,2.200003647,0.400000663,23.8,-14.4,157.6,9.556688796,1296,1684,1684,859,,151.574808,2725.065704,82,7.729,4.951,N,3.6970208,Calm
138.6,32.82597117,-95.3044451,455,,-9.700016079,1.700002818,0,21.4,-24.8,154.3,9.847858465,1296,1684,1684,885,,132.217852,2720.800612,82,7.729,4.951,N,3.6970208,Calm
138.7,32.82596057,-95.30444333,455,,-10.30001707,1.400002321,-0.200000332,17.7,-30.2,153.5,10.39472741,1295,1684,1684,885,,137.467196,2714.238932,82,7.729,4.951,N,3.6970208,Calm
138.8,32.82595152,-95.30444211,455,,-10.90001807,1.300002155,-0.600000995,10.5,-28.6,155,10.97726703,1290,1684,1684,885,,134.51444,2708.661504,82,7.729,4.951,N,3.6970208,Calm
138.9,32.82594054,-95.30444051,456,,-11.50001906,1.300002155,-1.100001823,2.3,-24.4,156.3,11.57326388,1289,1684,1684,944,,126.968508,2701.77174,82,7.729,4.951,N,3.6970208,Calm
139,32.82593154,-95.30443932,456,,-11.80001956,1.500002486,-1.600002652,-4.6,-19.2,156.9,11.89497622,1290,1684,1603,935,,122.703416,2696.194312,82,7.729,4.951,N,3.6970208,Calm
139.1,32.82591994,-95.30443753,457,,-12.00001989,1.700002818,-2.100003481,-4.8,-15.3,155.7,12.11983823,1290,1684,1660,799,,124.67192,2688.976464,82,7.729,4.951,N,3.6970208,Calm
139.2,32.82590738,-95.30443536,458,,-12.00001989,1.900003149,-2.500004144,-2.3,-14.8,154.3,12.1495056,1289,1684,1684,780,,122.703416,2681.758616,82,7.575,4.951,N,3.6970208,Calm
139.3,32.82589823,-95.3044332,458,,-12.00001989,2.100003481,-3.100005139,-9.5,-16,155.2,12.18238449,1289,1684,1684,780,,124.67192,2676.837356,82,7.575,4.951,N,3.6970208,Calm
139.4,32.82588741,-95.30443082,459,,-11.90001973,2.400003978,-3.400005636,-18.1,-16,155.2,12.13962467,1281,1684,1684,598,,133.202104,2670.931844,82,7.575,4.951,N,3.6970208,Calm
139.5,32.82587599,-95.30442698,461,,-11.70001939,3.000004973,-3.800006299,-30.5,-11.2,153.4,12.07851296,1274,1684,1684,642,,140.748036,2666.010584,82,7.575,10.607,N,3.6970208,Calm
139.6,32.82586641,-95.30442319,462,,-11.1000184,3.900006465,-4.400007293,-35.2,-2.7,148.7,11.76522241,1274,1684,1684,642,,145.013128,2662.073576,82,7.575,10.607,N,3.6970208,Calm
139.7,32.82585721,-95.30441814,463,,-10.20001691,4.700007791,-4.800007956,-29.1,-1,144.6,11.23077983,1268,1684,1684,873,,147.309716,2659.776988,82,7.575,10.607,N,3.6970208,Calm
139.8,32.82584892,-95.30441307,465,,-9.600015913,5.000008288,-4.900008122,-12.8,-8.4,141.5,10.82406508,1262,1684,1684,929,,158.136488,2658.136568,82,7.575,10.607,N,3.6970208,Calm
139.9,32.82583946,-95.30440711,466,,-9.400015581,5.100008454,-4.700007791,2.4,-20.5,136.6,10.69440873,1262,1684,1684,929,,168.96326,2656.496148,82,7.575,10.607,N,3.6970208,Calm
140,32.82583155,-95.30440176,468,,-9.500015747,5.100008454,-4.500007459,8.5,-29.5,131.7,10.78241078,1260,1684,1684,856,,173.228352,2655.183812,82,7.575,10.607,N,3.6970208,Calm
140.1,32.82582273,-95.30439602,469,,-9.800016244,5.300008785,-4.500007459,2.3,-33.3,132.4,11.14138256,1246,1684,1542,789,,178.477696,2653.871476,82,7.575,10.607,N,3.6970208,Calm
140.2,32.82581433,-95.30439028,471,,-10.20001691,5.700009448,-4.700007791,-11,-31.1,136,11.68462423,1241,1684,796,945,,179.461948,2652.887224,82,7.575,10.607,N,3.6970208,Calm
140.3,32.82580311,-95.30438318,473,,-10.20001691,6.000009946,-4.500007459,-11.2,-22.8,135.5,11.83386898,1243,1684,399,890,,171.916016,2651.246804,82,7.575,10.607,N,3.6970208,Calm
140.4,32.82579442,-95.30437697,474,,-10.10001674,6.200010277,-4.300007128,-7.3,-22,132.6,11.85117971,1245,1684,364,705,,175.196856,2650.590636,82,7.575,10.607,N,3.6970208,Calm
140.5,32.82578523,-95.30437031,475,,-10.00001658,6.300010443,-4.00000663,-16.2,-24.8,133.6,11.81907196,1245,1684,416,603,,178.477696,2649.934468,82,7.575,10.607,N,3.6970208,Calm
140.6,32.82577618,-95.30436351,476,,-9.800016244,6.500010774,-3.600005967,-26.2,-18.4,134.1,11.7596961,1246,1684,535,504,,180.774284,2649.606384,82,7.575,10.607,N,3.6970208,Calm
140.7,32.82576725,-95.30435598,477,,-9.500015747,6.800011272,-3.500005802,-31.3,-13.6,130.9,11.68291251,1256,1684,545,540,,184.055124,2649.934468,82,7.575,10.607,N,3.6970208,Calm
140.8,32.82575935,-95.30434885,478,,-9.000014918,7.100011769,-3.200005304,-33.2,-13.4,125.5,11.46343867,1266,1684,709,539,,195.866148,2650.91872,82,7.575,10.607,N,3.6970208,Calm
140.9,32.8257522,-95.30434195,479,,-8.50001409,7.300011653,-2.900004807,-33.1,-14.5,120.2,11.20448181,1274,1684,1024,934,,198.818904,2651.902972,82,7.575,10.607,N,3.6970208,Calm
141,32.82574408,-95.3043334,480,,-8.100013427,7.400012266,-2.500004144,-32.2,-15.7,115.1,10.97134419,1275,1684,1024,1024,,198.818904,2653.871476,82,7.575,10.607,N,3.6970208,Calm
141.1,32.82573815,-95.3043266,481,,-7.600012598,7.600012598,-2.200003647,-26.7,-22.7,112,10.74804056,1278,1684,1110,946,,198.818904,2655.83998,82,7.575,10.607,N,3.6970208,Calm
141.2,32.82573139,-95.30431784,482,,-7.300011653,7.700012764,-1.700002818,-22.6,-27.8,109.6,10.61038979,1280,1684,1122,951,,198.818904,2659.12082,82,7.593,10.607,N,3.6970208,Calm
141.3,32.82572392,-95.30430819,483,,-7.000011603,7.800012929,-1.300002155,-21.2,-28.9,109.2,10.48047505,1281,1684,1146,901,,198.818904,2662.729744,82,7.593,10.607,N,3.6970208,Calm
141.4,32.82571865,-95.30430095,483,,-6.700011106,8.000013261,-0.900001492,-19.7,-29.5,109,10.435054,1281,1684,1215,1024,,198.818904,2665.354416,82,7.593,10.607,N,3.6970208,Calm
141.5,32.82571212,-95.30429141,483,,-6.500010774,8.200013592,-0.600000995,-17.1,-29.1,107.6,10.46376425,1281,1684,1306,1442,,198.818904,2669.619508,82,7.593,7.711,N,3.6970208,Calm
141.6,32.82570646,-95.30428239,483,,-6.200010277,8.50001409,-0.70000116,-11.2,-29.4,105.5,10.52094871,1281,1684,1304,1667,,198.818904,2673.8846,82,7.593,7.711,N,3.6970208,Calm
141.7,32.82570157,-95.30427387,484,,-6.000009946,8.900014753,-1.000001658,6.8,-26.6,99.8,10.73360966,1281,1684,1304,1667,,198.818904,2678.149692,82,7.593,7.711,N,3.6970208,Calm
141.8,32.82569548,-95.30426317,484,,-6.300010443,9.100015084,-1.400002321,20.7,-11.6,100.6,11.06798977,1280,1684,1038,1684,,198.818904,2683.72712,82,7.593,7.711,N,3.6970208,Calm
141.9,32.82568928,-95.3042534,485,,-6.700011106,8.900014753,-1.800002984,31.7,0.2,110.6,11.14003608,1280,1684,460,1684,,198.818904,2688.320296,82,7.593,7.711,N,3.6970208,Calm
142,32.82568299,-95.3042442,485,,-7.100011769,8.400013924,-1.600002652,33.6,3.6,120.6,10.99865431,1280,1684,364,1684,,198.818904,2692.585388,82,7.593,7.711,N,3.6970208,Calm
142.1,32.82567607,-95.30423525,486,,-7.400012266,7.900013095,-1.200001989,33.4,5,130,10.82452687,1281,1684,364,1684,,198.818904,2696.194312,82,7.593,7.711,N,3.6970208,Calm
142.2,32.82566987,-95.30422785,486,,-7.600012598,7.400012266,-0.900001492,33.5,2.7,139.6,10.60756182,1280,1684,364,1654,,198.818904,2698.818984,82,7.593,7.711,N,3.79984,Calm
142.3,32.82566186,-95.30421994,486,,-7.700012764,6.800011272,-0.500000829,34,-0.8,148.7,10.27279636,1280,1684,364,1550,,198.818904,2701.115572,82,7.593,7.711,N,3.79984,Calm
142.4,32.82565531,-95.30421334,486,,-7.800012929,6.300010443,-0.100000166,34.4,-6.1,156.7,10.02648134,1280,1684,364,1399,,198.818904,2703.084076,82,7.593,7.711,N,3.79984,Calm
142.5,32.82564784,-95.30420728,486,,-8.000013261,5.800009614,0.200000332,34.2,-10.3,164.5,9.88131181,1280,1684,364,1230,,198.818904,2704.068328,82,7.769,7.711,N,3.79984,Calm
142.6,32.82564161,-95.30420232,486,,-8.100013427,5.300008785,0.600000995,33.6,-14.2,169.9,9.679891679,1280,1684,364,1146,,198.818904,2704.724496,82,7.769,7.711,N,3.79984,Calm
142.7,32.82563275,-95.30419601,486,,-8.300013758,4.700007791,1.000001658,30.8,-19.3,172.7,9.538359262,1279,1684,364,1092,,198.818904,2705.380664,82,7.769,7.711,N,3.79984,Calm
142.8,32.82562544,-95.30419155,485,,-8.50001409,4.300007128,1.400002321,27.4,-22.6,174.6,9.525770169,1277,1684,364,1024,,198.818904,2705.05258,82,7.769,7.711,N,3.79984,Calm
142.9,32.82561757,-95.30418746,485,,-8.600014255,3.800006299,1.900003149,25.8,-24,175.6,9.402142598,1274,1684,364,722,,198.818904,2704.396412,82,7.769,7.711,N,3.8981888,Calm
143,32.82561078,-95.30418423,484,,-8.800014587,3.400005636,2.200003647,24.5,-24.5,176.1,9.433996433,1274,1684,528,364,,198.818904,2703.41216,82,7.769,7.711,N,3.8981888,Calm
143.1,32.82560154,-95.3041802,483,,-9.100015084,3.000004973,2.60000431,19.4,-28.2,176,9.581769081,1274,1684,632,364,,198.818904,2701.77174,82,7.769,7.711,N,3.8981888,Calm
143.2,32.82559407,-95.3041775,483,,-9.400015581,2.700004476,2.800004641,-0.7,-22.8,-177.8,9.78009793,1272,1684,636,364,,198.818904,2700.13132,82,7.769,7.711,N,3.8981888,Calm
143.3,32.82558532,-95.30417458,482,,-9.600015913,2.700004476,2.900004807,-14.3,-8.6,-179.1,9.972478465,1269,1684,572,364,,198.818904,2697.834732,82,7.769,7.711,N,3.8981888,Calm
143.4,32.82557579,-95.30417125,481,,-9.500015747,2.900004807,2.60000431,-26.3,4.5,166.7,9.932790254,1269,1684,567,364,,198.818904,2695.538144,82,7.769,7.711,N,3.8981888,Calm
143.5,32.82556726,-95.30416794,480,,-9.20001525,3.30000547,2.500004144,-34.3,5.2,154.9,9.773960965,1269,1684,625,364,,198.818904,2693.897724,82,7.769,3.071,N,3.79984,Calm
143.6,32.8255591,-95.30416417,479,,-8.900014753,3.500005802,2.800004641,-35.4,0.9,147.9,9.563487828,1269,1684,976,364,,198.818904,2692.913472,82,7.769,3.071,N,3.6970208,Calm
143.7,32.82555145,-95.30415983,478,,-8.50001409,3.900006465,3.000004973,-35,-2.1,137.9,9.352020473,1268,1684,1380,599,,198.818904,2692.585388,82,7.769,3.071,N,3.598672,Calm
143.8,32.82554441,-95.30415557,477,,-7.900013095,4.400007293,2.700004476,-33.1,-4.8,126.3,9.042691145,1268,1684,1380,599,,198.818904,2692.913472,82,7.769,3.071,N,3.598672,Calm
143.9,32.82553792,-95.30415023,477,,-7.100011769,4.900008122,2.200003647,-32.3,-7.2,118.4,8.626716849,1267,1684,1632,932,,198.818904,2694.225808,82,7.769,3.071,N,3.4958528,Calm
144,32.82553233,-95.30414502,476,,-6.300010443,5.300008785,1.800002984,-27.1,-16.9,115.2,8.232874609,1267,1684,1684,912,,198.818904,2695.866228,82,7.769,3.071,NW,3.4958528,Calm
144.1,32.82552746,-95.30413963,476,,-5.800009614,5.800009614,1.400002321,-17.1,-28.2,112.4,8.202452196,1267,1684,1684,861,,198.818904,2698.4909,82,7.769,3.071,NW,3.397504,Calm
144.2,32.82552136,-95.30413127,475,,-5.600009283,6.400010609,1.000001658,-13.4,-31.9,110.7,8.504130434,1266,1684,1684,915,,198.818904,2702.755992,82,7.787,3.071,NW,3.397504,Calm
144.3,32.82551732,-95.30412475,475,,-5.500009117,7.000011603,0.600000995,-12.7,-32.8,110.5,8.902261576,1267,1684,1684,1024,,198.818904,2706.693,82,7.787,3.071,NW,3.397504,Calm
144.4,32.82551245,-95.30411674,475,,-5.400008951,7.700012764,0.200000332,-7.9,-34.1,107.9,9.404801592,1266,1684,1684,1024,,198.818904,2711.61426,82,7.787,3.071,NW,3.397504,Calm
144.5,32.82550751,-95.30410814,475,,-5.400008951,8.300013758,-0.100000166,-3.9,-34.6,105.5,9.902036137,1267,1684,1684,1024,,198.818904,2716.863604,82,7.787,7.476,NW,3.4958528,Calm
144.6,32.82550182,-95.30409779,475,,-5.500009117,8.900014753,-0.500000829,-1.9,-33.5,105.3,10.46233059,1267,1684,1684,1024,,173.228352,2723.425284,82,7.787,7.476,NW,3.4958528,Calm
144.7,32.82549742,-95.30408862,475,,-5.600009283,9.400015581,-0.900001492,-0.6,-28,105.2,10.9416813,1267,1684,1684,1024,,173.228352,2729.65888,82,7.787,7.476,NW,3.4958528,Calm
144.8,32.82549171,-95.30407711,476,,-5.800009614,9.800016244,-1.500002486,0,-21.7,104.9,11.38773111,1267,1684,1684,1024,,173.228352,2737.204812,82,7.787,7.476,NW,3.4958528,Calm
144.9,32.82548635,-95.30406649,476,,-5.800009614,9.90001641,-2.000003315,0.1,-19.2,104.8,11.47390209,1266,1684,1396,1024,,175.196856,2744.42266,82,7.787,7.476,NW,3.598672,Calm
145,32.825481,-95.30405573,477,,-5.90000978,10.00001658,-2.500004144,0,-20.8,104.9,11.61078976,1266,1684,1024,1024,,189.304468,2751.640508,82,7.787,7.476,NW,3.598672,Calm
145.1,32.82547562,-95.30404488,478,,-5.90000978,10.00001658,-2.400003978,-0.4,-25.6,105.1,11.61078976,1266,1684,655,1108,,192.585308,2759.18644,82,7.787,7.476,NW,3.6970208,Calm
145.2,32.82547078,-95.30403563,479,,-6.000009946,9.90001641,-2.000003315,-0.1,-29.8,105.1,11.57628766,1266,1684,364,1254,,203.41208,2765.420036,82,7.787,7.476,NW,3.6970208,Calm
145.3,32.8254647,-95.30402397,479,,-6.000009946,9.800016244,-1.600002652,7.6,-29.1,103.6,11.49088469,1266,1684,364,1509,,205.380584,2773.294052,82,7.787,7.476,NW,3.4958528,Calm
145.4,32.82545944,-95.30401393,480,,-6.200010277,9.800016244,-1.400002321,22.3,-17.6,101.9,11.59657031,1266,1684,364,1666,,205.380584,2780.183816,82,7.787,7.476,NW,3.397504,Calm
145.5,32.82545359,-95.30400349,480,,-6.60001094,9.600015913,-1.400002321,30.6,-0.4,104.8,11.64991157,1266,1684,364,1684,,205.380584,2787.07358,82,7.694,7.476,NW,3.2991552,Calm
145.6,32.8254485,-95.30399537,480,,-7.100011769,9.100015084,-1.300002155,34.6,10.1,114,11.54211593,1266,1684,364,1684,,205.380584,2792.322924,82,7.694,7.476,NW,3.2991552,Calm
145.7,32.82544023,-95.30398446,481,,-7.400012266,8.400013924,-1.200001989,32.3,9.3,122.5,11.1946599,1266,1684,389,1103,,205.380584,2798.55652,82,7.694,7.476,NW,3.2991552,Calm
145.8,32.82543386,-95.30397633,481,,-7.600012598,7.800012929,-0.800001326,33.7,7.9,132.2,10.89038033,1266,1684,587,1024,,205.380584,2803.149696,82,7.694,7.476,NW,3.2991552,Calm
145.9,32.82542727,-95.30396945,481,,-7.700012764,7.200011935,-0.500000829,35,-4,136.3,10.54183889,1267,1684,1024,1024,,205.380584,2806.75862,82,7.694,7.476,NW,3.2991552,Calm
146,32.82541941,-95.30396144,481,,-7.900013095,6.800011272,0,31.6,-14.1,137.1,10.42354808,1268,1684,1024,1024,,205.380584,2810.695628,82,7.694,7.476,NW,3.2991552,Calm
146.1,32.82541275,-95.3039552,481,,-8.400013924,6.300010443,0,27.1,-10.4,139.5,10.5000174,1269,1684,1024,671,,205.380584,2813.648384,82,7.694,7.476,NW,3.397504,Calm
146.2,32.82540394,-95.30394813,481,,-8.700014421,5.700009448,-0.100000166,25.8,-15,138.3,10.40097838,1269,1684,963,364,,205.380584,2816.273056,82,7.694,7.476,N,3.397504,Calm
146.3,32.82539672,-95.30394317,481,,-9.000014918,5.400008951,0,10.1,-23.7,141.6,10.49573074,1269,1684,569,931,,205.380584,2817.913476,82,7.694,7.476,N,3.397504,Calm
146.4,32.82538763,-95.30393694,481,,-9.20001525,5.300008785,0.200000332,-8.4,-18.9,144.6,10.61745571,1268,1684,391,1024,,205.380584,2819.88198,82,7.694,7.476,N,3.4958528,Calm
146.5,32.82537947,-95.30393097,481,,-9.20001525,5.400008951,0.300000497,-4.1,-17.5,132.2,10.6677258,1268,1684,364,1024,,205.380584,2822.178568,82,7.694,5.708,N,3.4958528,Calm
146.6,32.82537114,-95.30392526,481,,-9.100015084,5.400008951,0.600000995,0.1,-29.4,124.9,10.58160489,1268,1684,364,1024,,205.380584,2823.818988,82,7.694,5.708,N,3.598672,Calm
146.7,32.8253638,-95.30391958,481,,-9.100015084,5.500009117,1.100001823,-6.5,-35,129.2,10.63298498,1268,1684,364,1024,,205.380584,2826.44366,82,7.694,5.708,N,3.598672,Calm
146.8,32.82535561,-95.30391362,480,,-9.100015084,5.600009283,1.700002818,-7.8,-33,130.2,10.68505397,1268,1684,364,1024,,205.380584,2828.412164,82,7.694,5.708,N,3.6970208,Calm
146.9,32.82534683,-95.30390665,479,,-9.100015084,5.700009448,2.100003481,-6.6,-31.7,128.5,10.73780111,1268,1684,364,1024,,205.380584,2831.693004,82,7.694,5.708,N,3.6970208,Calm
147,32.82533872,-95.30390031,479,,-9.100015084,5.90000978,2.400003978,-5.4,-32.4,128.4,10.84529322,1268,1684,364,1024,,205.380584,2834.317676,82,7.694,5.708,N,3.6970208,Calm
147.1,32.82533047,-95.30389384,478,,-9.100015084,6.000009946,2.800004641,-4.2,-34.3,128.1,10.90001762,1269,1684,364,1024,,205.380584,2837.270432,82,7.763,5.708,N,3.6970208,Calm
147.2,32.825322,-95.30388689,477,,-9.100015084,6.200010277,3.200005304,-2.4,-34.8,127.7,11.01137573,1269,1684,364,1024,,205.380584,2840.551272,82,7.763,5.708,N,3.79984,Calm
147.3,32.82531353,-95.30388,476,,-9.100015084,6.300010443,3.600005967,-1.5,-34.9,127.2,11.06798977,1269,1684,364,1024,,205.380584,2843.832112,82,7.763,5.708,N,3.79984,Calm
147.4,32.82530572,-95.30387343,474,,-9.20001525,6.400010609,3.900006465,-0.4,-35.1,126.9,11.20715914,1272,1684,364,973,,205.380584,2847.112952,82,7.763,5.708,N,3.8981888,Calm
147.5,32.82529709,-95.30386639,473,,-9.20001525,6.60001094,4.300007128,0,-35.1,126.6,11.32256251,1272,1684,364,1008,,205.380584,2850.721876,82,7.763,5.708,N,3.8981888,Calm
147.6,32.82528993,-95.30386032,472,,-9.300015416,6.700011106,4.700007791,-0.2,-34.1,126.9,11.46213019,1274,1684,580,1024,,205.380584,2853.674632,82,7.763,5.708,N,3.8981888,Calm
147.7,32.8252809,-95.30385251,470,,-9.400015581,6.900011437,4.800007956,1.2,-32.6,126.6,11.66063651,1276,1684,1024,1024,,205.380584,2857.939724,82,7.763,5.708,N,3.9965376,Calm
147.8,32.82527131,-95.30384416,468,,-9.600015913,7.100011769,4.700007791,1.3,-33,126,11.94028775,1276,1684,1024,1024,,205.380584,2862.5329,82,7.763,5.708,N,3.9965376,Calm
147.9,32.82526356,-95.30383674,467,,-9.90001641,7.500012432,4.300007128,3.3,-31,125.9,12.42016507,1276,1684,1024,1024,,205.380584,2866.797992,82,7.763,5.708,N,3.9965376,Calm
148,32.82525368,-95.30382757,465,,-10.10001674,7.800012929,3.800006299,4.1,-32.7,125.6,12.76129057,1276,1684,1024,966,,157.152236,2872.047336,82,7.763,5.708,N,3.9965376,Calm
148.1,32.82524407,-95.30381872,463,,-10.40001724,8.100013427,3.500005802,3.1,-33.3,125.5,13.18220644,1276,1684,1024,966,,153.871396,2877.29668,82,7.763,3.381,N,4.0993568,Calm
148.2,32.82523505,-95.30381013,462,,-10.60001757,8.400013924,3.000004973,1.8,-33.2,125.8,13.52481432,1277,1684,1024,680,,149.606304,2882.546024,82,7.763,3.381,N,4.0993568,Calm
148.3,32.82522583,-95.30380119,461,,-10.8000179,8.700014421,2.60000431,-11.5,-31.2,128.7,13.86833193,1277,1684,1143,364,,152.55906,2888.123452,82,7.763,3.381,N,4.0993568,Calm
148.4,32.82521585,-95.30379144,460,,-10.70001774,9.300015416,2.000003315,-25.4,-16.8,129.4,14.17676494,1279,1684,1195,364,,145.013128,2894.028964,82,7.763,3.381,N,4.0993568,Calm
148.5,32.8252056,-95.30378009,459,,-9.90001641,9.800016244,1.200001989,-32.4,-11.4,125.5,13.93020584,1280,1684,1254,364,,148.293968,2901.574896,82,7.763,3.381,N,4.0993568,Calm
148.6,32.82519709,-95.30376922,458,,-9.100015084,10.20001691,0.800001326,-33.8,-11.5,117.8,13.66933118,1279,1684,1478,495,,150.590556,2909.448912,82,7.763,3.381,N,4.1977056,Calm
148.7,32.82518983,-95.30375854,458,,-8.100013427,10.5000174,0.300000497,-32.6,-12.8,108.8,13.26124356,1279,1684,1325,1024,,150.590556,2917.651012,82,7.763,3.381,N,4.1977056,Calm
148.8,32.82518324,-95.30374768,458,,-7.200011935,10.70001774,-0.100000166,-32.2,-11.4,99.5,12.89691982,1278,1684,1024,1024,,150.590556,2926.181196,82,7.763,3.381,N,4.1977056,Calm
148.9,32.82517726,-95.30373492,458,,-6.200010277,10.8000179,-0.500000829,-30.2,-23.1,98,12.45313248,1278,1684,1024,1024,,157.152236,2936.679884,82,7.763,3.381,N,4.1977056,Calm
149,32.82517202,-95.30372338,458,,-5.800009614,10.70001774,0,-25.6,-36,97.1,12.17088663,1279,1684,888,1132,,162.40158,2946.19432,82,7.763,3.381,N,4.1977056,Calm
149.1,32.82516749,-95.30371301,458,,-5.400008951,10.8000179,0.300000497,-22.1,-28.6,91.1,12.07478688,1278,1684,462,1427,,165.68242,2955.052588,82,7.609,8.01,N,4.1977056,Calm
149.2,32.82516286,-95.30370066,458,,-4.700007791,11.1000184,0,-15.3,-26.5,90.2,12.05406479,1279,1684,364,1465,,165.68242,2965.87936,82,7.609,8.01,N,4.1977056,Calm
149.3,32.82515826,-95.30368776,458,,-4.400007293,11.00001823,0.200000332,4.6,-21.8,85.8,11.84738211,1279,1684,364,1290,,149.606304,2977.034216,82,7.609,8.01,N,4.2960544,Calm
149.4,32.82515446,-95.30367667,458,,-4.400007293,10.8000179,0.600000995,12.4,-12.8,88.4,11.66192309,1280,1684,364,1224,,146.325464,2986.548652,82,7.609,8.01,N,4.2960544,Calm
149.5,32.82515036,-95.30366619,457,,-4.600007625,10.70001774,0.600000995,5.1,-19.4,94.6,11.64690702,1279,1684,364,1150,,164.370084,2995.735004,82,7.609,8.01,N,4.2960544,Calm
149.6,32.82514583,-95.30365359,457,,-4.500007459,10.5000174,1.100001823,2.1,-29.4,97,11.42367849,1280,1684,364,1068,,163.385832,3006.88986,82,7.609,8.01,N,4.2960544,Calm
149.7,32.82514108,-95.30364253,457,,-4.500007459,10.30001707,1.800002984,5.2,-33,95.9,11.24012521,1280,1684,364,1024,,152.55906,3016.076212,82,7.609,8.01,N,4.2960544,Calm
149.8,32.82513701,-95.30363224,456,,-4.500007459,10.10001674,2.300003812,5.3,-32.3,96.4,11.05714235,1281,1684,364,1024,,154.855648,3025.262564,82,7.609,8.01,N,4.2960544,Calm
149.9,32.82513339,-95.30362271,455,,-4.500007459,10.10001674,2.60000431,7.3,-32.4,96.9,11.05714235,1281,1684,364,1024,,144.028876,3033.464664,82,7.609,8.01,N,4.2960544,Calm
150,32.82512939,-95.30361254,454,,-4.600007625,10.00001658,3.000004973,8.9,-33,96.6,11.00728845,1281,1684,364,1328,,142.060372,3042.322932,82,7.609,8.01,N,4.2960544,Calm
150.1,32.82512445,-95.30360019,453,,-4.700007791,10.00001658,3.400005636,9.5,-33.1,96.3,11.04945236,1282,1684,614,1633,,129.921264,3053.149704,82,7.609,8.01,N,4.1977056,Calm
150.2,32.82512032,-95.30359015,452,,-4.800007956,10.00001658,3.500005802,19.6,-27.9,95,11.09235792,1283,1684,726,1673,,129.921264,3061.679888,82,7.609,8.01,N,4.0993568,Calm
150.3,32.8251152,-95.30357799,450,,-5.20000862,10.00001658,3.400005636,33.3,-10.6,99.2,11.27122086,1281,1684,891,1127,,129.921264,3072.50666,82,7.609,8.01,N,3.6970208,Calm
150.4,32.82511069,-95.30356907,449,,-6.100010111,9.600015913,2.700004476,35.5,-1.2,106.5,11.37411203,1281,1684,1024,1024,,125.656172,3080.052592,82,7.609,8.01,N,3.2991552,Calm
150.5,32.82510369,-95.30355785,449,,-6.900011437,9.100015084,2.100003481,25.6,-14.3,109.7,11.42017638,1281,1684,1024,1024,,120.406828,3089.238944,82,7.609,8.01,N,2.8968192,Calm
150.6,32.82509746,-95.30354865,448,,-7.300011653,8.900014753,1.800002984,15.3,-22.7,119.7,11.51088348,1281,1684,1024,1024,,127.95276,3096.784876,82,7.609,8.01,N,2.4989536,Calm
150.7,32.8250895,-95.30353826,448,,-7.800012929,8.800014587,1.500002486,15.8,-22,117.2,11.75927097,1280,1684,1024,1024,,125.656172,3104.986976,82,7.609,8.01,N,2.0966176,Calm
150.8,32.82508244,-95.30352918,447,,-8.200013592,8.700014421,1.200001989,18.4,-24,115.9,11.955353,1280,1684,1024,1024,,137.467196,3112.204824,82,7.609,8.01,N,1.7971008,Calm
150.9,32.82507495,-95.30352019,447,,-8.600014255,8.700014421,0.800001326,16.9,-27.2,117.3,12.23317182,1280,1684,1024,1024,,137.467196,3119.094588,82,7.609,8.01,NW,1.497584,Calm
151,32.82506688,-95.30351093,446,,-9.000014918,8.700014421,0.500000829,14.2,-29.5,117.5,12.51760817,1280,1684,1024,1024,,129.921264,3126.312436,82,7.609,8.01,NW,1.296416,Calm
151.1,32.82505843,-95.30350147,446,,-9.400015581,8.700014421,0.300000497,10.4,-32.4,117.4,12.80822172,1280,1684,984,1024,,125.656172,3133.530284,82,7.759,5.459,NW,1.0997184,Calm
151.2,32.82505027,-95.30349253,446,,-9.600015913,8.800014587,0.200000332,6.1,-33.9,118.8,13.02307764,1280,1684,952,1024,,123.687668,3140.748132,82,7.759,5.459,NW,0.9968992,Calm
151.3,32.82504192,-95.3034834,446,,-9.700016079,8.900014753,0.100000166,3.4,-34.6,119.4,13.16436731,1280,1684,948,1024,,116.141736,3147.637896,82,7.759,5.459,W,0.8985504,Calm
151.4,32.82503208,-95.30347281,446,,-9.800016244,9.000014918,0.200000332,2.3,-35.6,119.1,13.30565967,1280,1684,1024,1269,,122.703416,3156.16808,82,7.759,5.459,W,0.8985504,Calm
151.5,32.8250233,-95.30346303,446,,-9.90001641,9.100015084,0.200000332,1.7,-35.3,119.4,13.44695471,1280,1684,1311,1564,,122.703416,3163.714012,82,7.759,5.459,W,0.8985504,Calm
151.6,32.82501466,-95.30345366,446,,-10.00001658,9.300015416,0.100000166,13.3,-30.1,117.2,13.65615646,1280,1684,1343,1684,,113.845148,3171.259944,82,7.759,5.459,W,0.9968992,Calm
151.7,32.82500584,-95.3034441,446,,-10.40001724,9.300015416,-0.300000497,24.2,-11.7,117.2,13.95172545,1279,1684,1423,1684,,118.11024,3178.805876,82,7.759,5.459,SW,1.0997184,Calm
151.8,32.82499533,-95.30343327,446,,-11.00001823,8.800014587,-1.100001823,30.6,7.5,124.4,14.08689649,1279,1684,1494,1684,,118.11024,3187.664144,82,7.759,5.459,SW,1.296416,Calm
151.9,32.82498482,-95.30342478,447,,-11.30001873,7.600012598,-1.700002818,34.9,14.3,135.7,13.61802529,1279,1684,1494,1684,,117.125988,3193.89774,82,7.759,5.459,SW,1.3992352,Calm
152,32.82497464,-95.30341754,448,,-11.4000189,6.400010609,-2.200003647,34.6,15.7,145.2,13.07365887,1279,1684,1245,1684,,126.968508,3199.147084,82,7.759,5.459,SW,1.497584,Calm
152.1,32.82496398,-95.3034122,448,,-11.30001873,5.000008288,-2.700004476,33.1,15.4,154.8,12.35679983,1280,1684,1024,1240,,131.2336,3202.427924,82,7.56,5.459,SW,1.5959328,Calm
152.2,32.82495421,-95.30340776,449,,-11.1000184,3.900006465,-2.900004807,29.3,7.1,159.3,11.76522241,1281,1684,1024,1134,,148.293968,3205.052596,82,7.56,5.459,SW,1.7971008,Calm
152.3,32.82494385,-95.30340431,450,,-10.90001807,3.500005802,-2.60000431,28.4,-2.7,165,11.44816287,1284,1684,1024,1128,,151.574808,3206.693016,82,7.56,5.459,SW,1.89992,Calm
152.4,32.8249346,-95.30340129,451,,-10.8000179,3.100005139,-2.000003315,29.7,-13,170,11.23612107,1284,1684,1024,1128,,165.68242,3208.005352,82,7.56,5.459,SW,1.9982688,Calm
152.5,32.82492503,-95.30339748,451,,-10.70001774,2.700004476,-1.400002321,29,-18.2,171.8,11.03541575,1289,1684,1024,1236,,151.574808,3210.30194,82,7.56,5.459,SW,2.0966176,Calm
152.6,32.82491545,-95.30339531,452,,-10.70001774,2.300003812,-1.100001823,28.9,-18.7,172.4,10.944423,1296,1684,1024,1550,,153.871396,3210.958108,82,7.56,5.459,SW,2.1994368,Calm
152.7,32.82490525,-95.30339233,452,,-10.8000179,1.800002984,-0.70000116,30.4,-16.8,173.3,10.94899041,1296,1684,571,1684,,154.855648,3212.270444,82,7.56,5.459,SW,2.2977856,Calm
152.8,32.82489605,-95.30339067,453,,-10.8000179,1.400002321,-0.400000663,32.6,-12.7,176.5,10.89038033,1298,1684,364,1647,,138.779532,3212.598528,82,7.56,5.459,SW,2.3961344,Calm
152.9,32.82488699,-95.30338949,453,,-10.8000179,0.900001492,-0.100000166,32.4,-12,-177.3,10.83745303,1298,1684,364,1651,,138.779532,3212.270444,82,7.56,5.459,SW,2.4989536,Calm
153,32.82487644,-95.30338863,453,,-10.70001774,0.500000829,0.100000166,32.4,-14.4,-169.7,10.71169353,1307,1684,364,1684,,144.028876,3211.614276,82,7.56,5.459,SW,2.5973024,Calm
153.1,32.82486659,-95.30338831,452,,-10.60001757,0.100000166,0.600000995,31,-17.2,-160.9,10.6004892,1310,1684,364,1684,,144.028876,3210.630024,81,7.56,7.273,SW,2.5973024,Calm
153.2,32.82485754,-95.30338839,452,,-10.5000174,-0.200000332,1.000001658,29.8,-19.2,-151.8,10.5019218,1311,1684,364,1684,,139.763784,3208.989604,81,7.56,7.273,SW,2.6956512,Calm
153.3,32.82484863,-95.30338884,452,,-10.30001707,-0.600000995,1.300002155,28.4,-21.7,-142.6,10.31747801,1316,1684,364,1684,,134.51444,3207.349184,81,7.56,7.273,SW,2.7984704,Calm
153.4,32.82483851,-95.30338955,451,,-10.10001674,-1.000001658,1.700002818,27.8,-23.9,-133.4,10.1494008,1320,1684,364,1684,,136.482944,3205.38068,81,7.56,7.273,SW,2.8968192,Calm
153.5,32.82482934,-95.30339086,451,,-9.800016244,-1.400002321,2.100003481,26.8,-25,-123.7,9.899511255,1323,1684,364,1684,,143.044624,3203.084092,81,7.56,7.273,SW,2.8968192,Calm
153.6,32.82482053,-95.3033927,450,,-9.500015747,-1.900003149,2.400003978,26.3,-25.6,-114.6,9.688152978,1324,1684,364,1684,,125.656172,3200.131336,81,7.56,7.273,SW,2.9996384,Calm
153.7,32.82481293,-95.30339474,449,,-9.100015084,-2.300003812,2.700004476,25.1,-26.7,-106,9.386175223,1325,1684,364,1684,,118.11024,3197.17858,81,7.56,7.273,SW,2.9996384,Calm
153.8,32.82480399,-95.30339765,448,,-8.700014421,-2.60000431,3.100005139,24.6,-28,-97.2,9.080213,1336,1684,364,1684,,116.141736,3193.241572,81,7.56,7.273,SW,3.0979872,Calm
153.9,32.82479669,-95.30340119,448,,-8.300013758,-2.900004807,3.400005636,24.3,-28.4,-87.5,8.792056381,1338,1684,364,1684,,112.860896,3188.97648,81,7.56,7.273,SW,3.0979872,Calm
154,32.82478963,-95.30340464,447,,-7.700012764,-3.200005304,3.600005967,23.7,-29.5,-77.9,8.338478868,1345,1684,443,1379,,109.580056,3184.711388,81,7.56,7.273,SW,3.196336,Calm
154.1,32.82478296,-95.30340841,446,,-7.100011769,-3.500005802,3.600005967,21.5,-29.7,-68.1,7.915819982,1347,1684,814,887,,106.299216,3180.118212,81,7.803,2.924,SW,3.196336,Calm
154.2,32.82477755,-95.30341199,445,,-6.400010609,-3.700006133,3.700006133,24.1,-27.8,-59.1,7.392575756,1353,1684,1024,1024,,98.753284,3175.85312,81,7.803,2.924,SW,3.2991552,Calm
154.3,32.82477154,-95.30341682,444,,-5.400008951,-3.900006465,3.30000547,28.5,-26.5,-55.1,6.661091804,1356,1684,1024,1024,,95.472444,3170.603776,81,7.803,2.924,SW,3.2991552,Calm
154.4,32.82476756,-95.30342085,443,,-4.300007128,-3.900006465,2.900004807,29.7,-24.9,-53.5,5.805179632,1360,1684,1024,1024,,93.50394,3166.0106,81,7.803,2.924,SW,3.2991552,Calm
154.5,32.82476518,-95.30342479,443,,-3.200005304,-3.900006465,2.500004144,28.2,-23.5,-53.2,5.044807508,1359,1684,1024,1024,,88.254596,3162.073592,81,7.803,2.924,SW,3.397504,Calm
154.6,32.82476305,-95.30342887,443,,-2.100003481,-3.800006299,2.100003481,25,-22.1,-51.6,4.341665444,1359,1684,1024,1024,,86.94226,3157.480416,81,7.803,2.924,SW,3.397504,Calm
154.7,32.82476175,-95.30343388,443,,-1.100001823,-3.800006299,1.600002652,21.1,-19.6,-49.3,3.956014318,1359,1684,1024,1024,,84.973756,3152.559156,81,7.803,2.924,SW,3.397504,Calm
154.8,32.82476136,-95.30343779,443,,-0.400000663,-3.700006133,1.100001823,18,-19.6,-50.8,3.721564637,1359,1684,1024,1024,,88.254596,3148.622148,81,7.803,2.924,SW,3.397504,Calm
154.9,32.82476148,-95.3034415,443,,0.200000332,-3.700006133,0.70000116,16.6,-22.2,-51.5,3.70540727,1360,1684,1163,1117,,86.94226,3144.68514,81,7.803,2.924,SW,3.4958528,Calm
155,32.82476184,-95.3034452,443,,0.70000116,-3.700006133,0.300000497,18.7,-26.3,-52.1,3.765640099,1359,1684,1310,1186,,86.94226,3141.076216,81,7.803,2.924,SW,3.4958528,Calm
155.1,32.82476301,-95.30344983,443,,1.400002321,-3.800006299,0,21.2,-27.3,-53,4.049697809,1359,1684,1406,1224,,86.94226,3136.48304,81,7.653,2.924,SW,3.4958528,Calm
155.2,32.82476471,-95.30345386,443,,2.200003647,-3.900006465,-0.400000663,22.4,-26.4,-52.8,4.477729668,1358,1684,1409,1233,,89.238848,3132.874116,81,7.653,2.924,SW,3.4958528,Calm
155.3,32.82476702,-95.30345807,443,,3.000004973,-3.900006465,-0.800001326,23.4,-26.8,-52.4,4.920373924,1355,1684,1450,1233,,88.254596,3128.609024,81,7.653,2.924,SW,3.598672,Calm
155.4,32.82477011,-95.30346242,443,,3.800006299,-4.00000663,-1.200001989,24.4,-26.3,-51.1,5.517254579,1353,1684,1491,1227,,86.94226,3124.672016,81,7.653,2.924,SW,3.598672,Calm
155.5,32.82477442,-95.30346727,444,,4.500007459,-3.900006465,-1.600002652,24.9,-25.6,-49.8,5.954839683,1352,1684,1577,1086,,88.254596,3120.406924,81,7.653,2.924,SW,3.598672,Calm
155.6,32.82477886,-95.3034716,445,,5.20000862,-3.900006465,-1.900003149,25.1,-25.2,-48.7,6.500010774,1353,1684,1588,1024,,91.207352,3116.469916,81,7.653,2.924,SW,3.598672,Calm
155.7,32.82478339,-95.30347542,445,,5.90000978,-3.800006299,-2.300003812,24,-25.5,-47.3,7.017845817,1353,1684,1344,909,,89.238848,3113.189076,81,7.653,2.924,SW,3.598672,Calm
155.8,32.82478986,-95.30348002,446,,6.500010774,-3.800006299,-2.700004476,23,-25.8,-46.1,7.529288635,1338,1684,978,994,,96.78478,3109.252068,81,7.653,2.924,SW,3.598672,Calm
155.9,32.82479626,-95.30348413,447,,7.000011603,-3.700006133,-2.900004807,23.2,-26.9,-46.1,7.917714538,1345,1684,679,1024,,101.049872,3105.643144,81,7.653,2.924,SW,3.6970208,Calm
156,32.8248027,-95.30348828,448,,7.300011653,-3.700006133,-2.700004476,23.7,-28.2,-46.5,8.184144119,1378,1684,678,1024,,104.330712,3102.362304,81,7.653,2.924,SW,3.6970208,Calm
156.1,32.82480834,-95.30349173,448,,7.400012266,-3.700006133,-2.300003812,23.6,-27.6,-46.4,8.273464947,1384,1684,722,1024,,106.299216,3099.409548,81,7.653,8.823,SW,3.6970208,Calm
156.2,32.82481558,-95.30349585,449,,7.600012598,-3.700006133,-2.000003315,24.1,-27,-46.4,8.4528241,1383,1684,914,1024,,109.580056,3096.128708,81,7.653,8.823,SW,3.6970208,Calm
156.3,32.8248225,-95.30349984,449,,7.700012764,-3.600005967,-1.700002818,23.9,-26.5,-45.9,8.50001409,1377,1684,903,1024,,111.876644,3093.175952,81,7.653,8.823,SW,3.6970208,Calm
156.4,32.82483023,-95.30350418,450,,7.900013095,-3.600005967,-1.300002155,23.8,-26.6,-46.1,8.681603973,1377,1684,903,1024,,117.125988,3089.895112,81,7.653,8.823,SW,3.6970208,Calm
156.5,32.82483669,-95.30350769,450,,8.000013261,-3.500005802,-1.000001658,23.6,-26.2,-46,8.732138716,1325,1684,972,1024,,118.11024,3087.27044,81,7.653,8.823,SW,3.6970208,Calm
156.6,32.82484471,-95.30351186,450,,8.100013427,-3.400005636,-0.70000116,23.5,-26.9,-46.3,8.784660104,1324,1684,998,1024,,116.141736,3083.9896,81,7.653,8.823,SW,3.6970208,Calm
156.7,32.82485136,-95.30351517,450,,8.200013592,-3.400005636,-0.400000663,23,-27.4,-46.4,8.876951065,1322,1684,1024,1024,,119.422576,3081.693012,81,7.653,8.823,SW,3.6970208,Calm
156.8,32.82485883,-95.30351884,451,,8.300013758,-3.400005636,-0.100000166,23.3,-27.5,-46.4,8.969406984,1322,1684,1024,1024,,125.656172,3079.06834,81,7.653,8.823,SW,3.6970208,Calm
156.9,32.82486722,-95.30352295,451,,8.50001409,-3.30000547,0,22.5,-25.9,-45.5,9.118128698,1323,1684,1024,1024,,125.656172,3076.115584,81,7.653,8.823,SW,3.79984,Calm
157,32.82487502,-95.30352651,451,,8.800014587,-3.30000547,0,22,-25.8,-45.4,9.398419649,1322,1684,1024,1024,,112.860896,3073.818996,81,7.653,8.823,SW,3.79984,Calm
157.1,32.82488308,-95.30353004,451,,8.900014753,-3.200005304,0,21.8,-28.2,-46.4,9.457816512,1305,1684,1101,891,,117.125988,3071.522408,81,7.689,6.588,SW,3.79984,Calm
157.2,32.82489081,-95.30353337,451,,9.100015084,-3.200005304,0.100000166,20.9,-28.4,-46.3,9.646258625,1219,1684,1154,778,,122.703416,3069.22582,81,7.689,6.588,SW,3.79984,Calm
157.3,32.82490011,-95.30353735,451,,9.400015581,-3.30000547,-0.100000166,17.5,-30,-45.8,9.962445546,1097,1684,1199,690,,122.703416,3066.929232,81,7.689,6.588,SW,3.79984,Calm
157.4,32.82490834,-95.30354089,451,,9.600015913,-3.500005802,-0.300000497,8.5,-33.5,-45,10.21813767,1024,1684,1229,615,,119.422576,3064.632644,81,7.689,6.588,SW,3.79984,Calm
157.5,32.82491731,-95.30354505,451,,9.700016079,-4.00000663,-0.500000829,-7.2,-34.9,-42,10.49239537,1024,1684,1173,716,,119.422576,3062.007972,81,7.689,6.588,SW,3.79984,Calm
157.6,32.82492561,-95.30354962,451,,9.700016079,-4.800007956,-0.900001492,-14.2,-32.9,-41.4,10.82267925,993,1684,1171,775,,125.656172,3059.055216,81,7.689,6.588,SW,3.79984,Calm
157.7,32.82493517,-95.30355631,451,,9.400015581,-5.300008785,-0.900001492,-5.6,-36.2,-47.4,10.79121792,886,1684,1273,802,,121.39108,3054.133956,81,7.689,6.588,SW,3.79984,Calm
157.8,32.82494316,-95.30356207,452,,9.20001525,-5.700009448,-0.600000995,-1.6,-35.7,-53.4,10.82267925,798,1684,1355,1024,,115.157484,3049.868864,81,7.689,6.588,SW,3.79984,Calm
157.9,32.82495158,-95.30356894,452,,9.20001525,-6.400010609,-0.900001492,-2.9,-33.5,-54.4,11.20715914,740,1684,1398,1071,,116.141736,3044.291436,81,7.689,6.588,SW,3.79984,Calm
158,32.82495989,-95.30357642,452,,9.100015084,-7.100011769,-1.400002321,0.3,-33.8,-56.4,11.54211593,645,1684,1430,1386,,124.67192,3038.714008,81,7.689,6.588,SW,3.79984,Calm
158.1,32.82496795,-95.30358477,453,,9.000014918,-7.600012598,-1.600002652,3.2,-34.6,-58.3,11.7796627,562,1684,1472,1544,,128.937012,3031.824244,81,7.689,6.588,SW,3.79984,Calm
158.2,32.82497578,-95.30359295,453,,9.000014918,-8.100013427,-1.800002984,16.6,-25.5,-61.1,12.10828136,476,1684,1547,1632,,129.921264,3025.262564,81,7.689,6.588,SW,3.79984,Calm
158.3,32.82498358,-95.30360148,454,,9.300015416,-8.200013592,-2.400003978,25.9,-7,-59.7,12.39881042,384,1684,1675,1605,,133.202104,3018.3728,81,7.689,6.588,SW,3.79984,Calm
158.4,32.82499322,-95.30361109,455,,9.500015747,-7.700012764,-2.900004807,33.1,6.3,-49.4,12.22867504,364,1684,1684,1417,,128.937012,3010.826868,81,7.689,6.588,SW,3.79984,Calm
158.5,32.82500209,-95.30361846,456,,9.700016079,-6.60001094,-3.500005802,37.3,10.3,-37.1,11.73245304,364,1684,1684,978,,137.467196,3005.577524,81,7.689,6.588,SW,3.79984,Calm
158.6,32.82501085,-95.3036247,457,,9.600015913,-5.300008785,-4.00000663,37.9,8.7,-30,10.96587421,364,1684,1684,484,,140.748036,3001.312432,81,7.689,6.588,SW,3.6970208,Calm
158.7,32.82501846,-95.30362821,458,,9.500015747,-4.200006962,-4.200006962,25.5,-4.2,-27.5,10.38702804,364,1684,1684,484,,154.855648,2999.343928,81,7.689,6.588,SW,3.6970208,Calm
158.8,32.82502782,-95.30363295,459,,9.300015416,-3.800006299,-4.00000663,8.6,-13.3,-24.6,10.0464086,364,1684,1684,364,,161.417328,2996.719256,81,7.689,6.588,SW,3.6970208,Calm
158.9,32.82503576,-95.30363638,460,,9.20001525,-3.800006299,-4.100006796,-8.9,-16.4,-26.3,9.953909764,364,1684,859,716,,175.196856,2995.40692,81,7.689,6.588,SW,3.598672,Calm
159,32.82504382,-95.30364045,462,,8.900014753,-4.100006796,-4.300007128,-23.1,-20,-32.4,9.798995652,364,1684,364,1024,,168.96326,2993.110332,81,7.689,6.588,SW,3.598672,Calm
159.1,32.82505183,-95.30364581,463,,8.50001409,-4.600007625,-4.00000663,-28.1,-25.2,-38.2,9.66490064,364,1684,364,1024,,182.742788,2989.829492,81,7.572,12.143,SW,3.598672,Calm
159.2,32.82505891,-95.30365077,465,,8.100013427,-5.100008454,-3.600005967,-29.7,-25,-42.3,9.571849264,364,1684,364,1024,,173.228352,2986.548652,81,7.572,12.143,SW,3.598672,Calm
159.3,32.82506593,-95.30365731,466,,7.600012598,-5.700009448,-3.30000547,-30.9,-23.1,-43.9,9.500015747,364,1684,364,1024,,173.228352,2981.955476,81,7.572,12.143,SW,3.598672,Calm
159.4,32.82507288,-95.30366418,468,,7.100011769,-6.200010277,-3.000004973,-30.6,-21.7,-45.6,9.426043144,364,1684,364,1024,,177.493444,2977.034216,81,7.572,12.143,SW,3.598672,Calm
159.5,32.82507844,-95.3036706,469,,6.60001094,-6.700011106,-2.60000431,-29.2,-20.9,-46.7,9.404801592,364,1684,364,1024,,170.931764,2972.112956,81,7.572,12.143,SW,3.598672,Calm
159.6,32.82508462,-95.30367915,469,,6.200010277,-7.000011603,-2.300003812,-28.7,-20.7,-46.5,9.350951153,364,1684,364,1024,,174.212604,2965.223192,81,7.572,12.143,SW,3.598672,Calm
159.7,32.8250902,-95.30368737,470,,5.800009614,-7.300011653,-1.900003149,-28.5,-21.2,-46.3,9.323641033,364,1684,364,1036,,174.212604,2958.661512,81,7.572,12.143,SW,3.598672,Calm
159.8,32.825095,-95.30369511,470,,5.500009117,-7.600012598,-1.600002652,-28.2,-21.9,-46.3,9.381379825,364,1684,364,1068,,174.212604,2952.099832,81,7.572,12.143,SW,3.598672,Calm
159.9,32.82509921,-95.30370257,471,,5.20000862,-7.800012929,-1.200001989,-27.8,-22.5,-46,9.37444847,364,1684,364,1077,,174.212604,2945.866236,81,7.572,12.143,SW,3.598672,Calm
160,32.82510353,-95.30371073,471,,4.900008122,-8.100013427,-0.800001326,-27.4,-23,-45.8,9.466799334,635,1684,364,1076,,174.212604,2939.304556,81,7.572,12.143,SW,3.598672,Calm
160.1,32.82510847,-95.30372093,471,,4.600007625,-8.300013758,-0.500000829,-27,-23.2,-45.7,9.489483485,1369,1684,364,1066,,175.196856,2930.446288,81,7.699,12.143,SW,3.598672,Calm
160.2,32.82511231,-95.30372961,471,,4.400007293,-8.50001409,-0.100000166,-25.6,-25.7,-45.2,9.571327121,1596,1684,364,1053,,175.196856,2922.900356,81,7.699,12.143,SW,3.598672,Calm
160.3,32.82511624,-95.30373874,471,,4.200006962,-8.700014421,0.200000332,-16.3,-32.1,-45.7,9.660761049,1490,1684,364,1030,,175.196856,2915.02634,81,7.699,12.143,SW,3.598672,Calm
160.4,32.82511979,-95.30374768,471,,4.100006796,-8.800014587,0.600000995,1.4,-35.5,-50.9,9.708259943,1498,1684,364,1024,,175.196856,2907.480408,81,7.699,12.143,SW,3.598672,Calm
160.5,32.82512436,-95.3037582,471,,4.200006962,-8.800014587,1.000001658,9.7,-33.1,-54.1,9.750913371,1472,1684,364,1024,,175.196856,2898.294056,81,7.699,12.143,SW,3.598672,Calm
160.6,32.82512834,-95.30376768,470,,4.400007293,-8.800014587,1.200001989,14,-31.7,-54.9,9.838715156,1472,1684,364,1024,,175.196856,2890.42004,81,7.699,12.143,SW,3.598672,Calm
160.7,32.82513241,-95.30377625,470,,4.700007791,-8.800014587,1.400002321,17.2,-30.9,-55.4,9.976488414,1466,1684,364,1024,,175.196856,2883.202192,81,7.699,12.143,SW,3.196336,Calm
160.8,32.82513731,-95.3037867,469,,4.900008122,-8.800014587,1.600002652,19.1,-29.6,-55.6,10.07225556,1463,1684,364,1024,,175.196856,2874.343924,81,7.699,12.143,SW,2.7984704,Calm
160.9,32.82514215,-95.30379597,469,,5.20000862,-8.800014587,1.700002818,20.4,-28.4,-55.9,10.22156245,1449,1684,364,1024,,175.196856,2866.797992,81,7.699,12.143,SW,2.3961344,Calm
161,32.82514699,-95.30380487,468,,5.500009117,-8.700014421,1.900003149,20.8,-29.5,-56.4,10.29273256,1449,1684,364,1024,,175.196856,2859.580144,81,7.699,12.143,SW,2.0966176,Calm
161.1,32.82515172,-95.30381329,468,,5.800009614,-8.600014255,2.000003315,20.4,-28.7,-56.4,10.37305894,1432,1684,364,1024,,175.196856,2852.69038,81,7.699,4.929,W,1.698752,Calm
161.2,32.82515745,-95.30382299,467,,6.100010111,-8.50001409,2.100003481,20.6,-27.9,-55.9,10.46233059,1432,1684,364,1024,,161.417328,2845.144448,81,7.699,4.929,W,1.497584,Calm
161.3,32.82516422,-95.30383322,466,,6.300010443,-8.400013924,2.400003978,21.1,-29.8,-56.9,10.5000174,1429,1684,364,1176,,161.417328,2837.270432,81,7.699,4.929,W,1.1980672,Calm
161.4,32.82516986,-95.30384179,465,,6.400010609,-8.300013758,2.800004641,21.9,-29.1,-56.8,10.48095204,1428,1684,364,1582,,164.370084,2830.708752,81,7.699,4.929,W,0.9968992,Calm
161.5,32.82517561,-95.30385042,464,,6.500010774,-8.200013592,3.100005139,27.5,-23.3,-55.9,10.46376425,1423,1684,364,1684,,161.417328,2824.147072,81,7.699,4.929,W,0.7957312,Calm
161.6,32.82518174,-95.30385905,463,,6.700011106,-8.000013261,3.400005636,31.6,-18.5,-52.8,10.435054,1394,1684,551,1684,,158.136488,2817.585392,81,7.699,4.929,NW,0.7957312,Calm
161.7,32.82518791,-95.30386773,461,,6.800011272,-7.700012764,3.800006299,32.3,-16.9,-46,10.27279636,1375,1684,690,1684,,158.136488,2811.023712,81,7.699,4.929,NW,0.6973824,Calm
161.8,32.82519394,-95.30387525,460,,7.100011769,-7.300011653,3.700006133,32.7,-13.5,-34.7,10.1833365,1366,1684,1024,1684,,148.293968,2805.774368,81,7.699,4.929,NW,0.7957312,Calm
161.9,32.82520001,-95.30388177,459,,7.700012764,-6.400010609,3.100005139,29.5,-15,-26.3,10.01250866,1333,1684,1542,750,,145.013128,2801.509276,81,7.699,4.929,N,0.8985504,Calm
162,32.82520782,-95.30388888,457,,8.000013261,-5.700009448,2.60000431,25.7,-19,-19.3,9.822948502,1326,1684,1684,364,,145.013128,2797.244184,81,7.699,4.929,N,0.9968992,Calm
162.1,32.82521537,-95.30389433,456,,8.200013592,-5.100008454,2.300003812,8.2,-25.3,-7.5,9.656619671,1246,1684,1581,364,,143.044624,2794.619512,81,7.777,5.073,N,1.0997184,Calm
162.2,32.82522258,-95.30389945,455,,8.400013924,-4.900008122,2.000003315,-12.7,-19.3,-0.1,9.724726662,1024,1684,1394,364,,144.028876,2791.99484,81,7.777,5.073,N,1.296416,Calm
162.3,32.82523036,-95.30390471,455,,8.50001409,-5.20000862,1.500002486,-25.8,-8.2,-10.4,9.964453203,788,1684,1345,364,,142.060372,2789.698252,81,7.777,5.073,N,1.3992352,Calm
162.4,32.8252382,-95.30391093,454,,8.000013261,-5.800009614,0.800001326,-32.3,0.3,-23.3,9.88131181,659,1684,1354,364,,142.060372,2786.417412,81,7.777,5.073,N,1.497584,Calm
162.5,32.82524495,-95.30391773,454,,7.200011935,-6.500010774,0.300000497,-34,4,-32.9,9.700016079,564,1684,1418,364,,142.060372,2782.480404,81,7.777,5.073,N,1.5959328,Calm
162.6,32.82524995,-95.30392448,454,,6.200010277,-7.100011769,-0.100000166,-32.1,2.5,-41.2,9.426043144,483,1684,1601,364,,144.028876,2777.559144,81,7.777,5.073,NE,1.698752,Calm
162.7,32.82525588,-95.30393451,454,,5.20000862,-7.600012598,-0.600000995,-31,0.3,-49.9,9.208706602,364,1684,1684,364,,145.013128,2770.341296,81,7.777,5.073,NE,1.7971008,Calm
162.8,32.82525984,-95.3039426,454,,4.200006962,-8.000013261,-1.100001823,-31.9,-2.1,-59.2,9.035500507,364,1684,1684,611,,154.855648,2763.779616,81,7.777,5.073,NE,1.89992,Calm
162.9,32.82526237,-95.30395147,455,,3.100005139,-8.300013758,-1.600002652,-34.3,-4.3,-67.8,8.86003686,364,1684,1684,651,,157.152236,2756.233684,81,7.777,5.073,NE,1.9982688,Calm
163,32.82526432,-95.30396018,455,,2.000003315,-8.50001409,-2.000003315,-31.8,-7.7,-75.3,8.732138716,364,1684,1684,739,,161.417328,2748.687752,81,7.777,5.073,NE,2.0966176,Calm
163.1,32.82526522,-95.30396838,456,,0.900001492,-8.700014421,-2.400003978,-27.3,-8.1,-81.6,8.746442207,364,1684,1684,756,,168.96326,2741.14182,81,7.649,5.073,NE,2.1994368,Calm
163.2,32.82526544,-95.30397862,457,,0,-8.700014421,-2.900004807,-23,-8.8,-85.4,8.700014421,364,1684,1684,745,,171.916016,2731.627384,81,7.649,5.073,NE,2.2977856,Calm
163.3,32.8252651,-95.30398792,458,,-0.70000116,-8.700014421,-3.30000547,-21.6,-10.1,-88.5,8.728129661,364,1684,1684,428,,175.196856,2722.441032,81,7.649,5.073,NE,2.3961344,Calm
163.4,32.82526396,-95.30399726,460,,-1.400002321,-8.700014421,-3.700006133,-25.5,-7.6,-91.5,8.811938038,364,1684,1684,364,,173.228352,2713.25468,81,7.649,5.073,NE,2.4989536,Calm
163.5,32.82526234,-95.30400605,461,,-2.300003812,-8.50001409,-4.200006962,-31.8,4.8,-97.3,8.80569423,364,1684,1684,364,,177.493444,2704.068328,81,7.649,5.073,NE,2.4989536,Calm
163.6,32.82525938,-95.30401523,463,,-3.400005636,-7.900013095,-4.700007791,-33.1,13.5,-104.9,8.600595407,364,1684,1684,364,,182.742788,2694.225808,81,7.649,5.073,NE,2.5973024,Calm
163.7,32.8252555,-95.30402393,465,,-4.100006796,-7.100011769,-4.900008122,-32.4,13.2,-112.8,8.19879362,364,1684,1684,437,,181.758536,2684.383288,81,7.649,5.073,NE,2.6956512,Calm
163.8,32.82525211,-95.30403002,466,,-4.700007791,-6.400010609,-4.900008122,-32.5,11.4,-122.1,7.940416123,364,1684,1024,1024,,179.461948,2677.493524,81,7.649,5.073,NE,2.7984704,Calm
163.9,32.82524705,-95.30403692,468,,-5.100008454,-5.600009283,-4.900008122,-33.2,9,-131,7.574310927,364,1684,364,1053,,179.461948,2668.96334,81,7.649,5.073,NE,2.7984704,Calm
164,32.82524208,-95.30404242,470,,-5.500009117,-4.900008122,-4.800007956,-22,-2.3,-134.7,7.366150774,364,1684,364,1035,,179.461948,2661.745492,81,7.649,5.073,NE,2.8968192,Calm
164.1,32.82523711,-95.30404708,472,,-5.600009283,-4.600007625,-4.300007128,-24,-16.8,-136.2,7.247080329,364,1684,364,1234,,179.461948,2655.511896,81,7.649,8.717,NE,2.8968192,Calm
164.2,32.82523234,-95.3040514,474,,-6.000009946,-4.400007293,-3.800006299,-30.4,-19,-135,7.440442117,364,1684,364,1323,,179.461948,2649.606384,81,7.649,8.717,NE,2.9996384,Calm
164.3,32.82522637,-95.30405607,476,,-6.400010609,-4.100006796,-3.400005636,-31.7,-18,-134.3,7.600670194,364,1684,364,1388,,179.461948,2643.044704,81,7.649,8.717,NE,3.0979872,Calm
164.4,32.82521998,-95.30406047,477,,-6.900011437,-3.900006465,-3.000004973,-25.3,-17.5,-135.5,7.925919957,364,1684,364,1396,,179.461948,2636.483024,81,7.649,8.717,NE,3.0979872,Calm
164.5,32.82521429,-95.30406417,478,,-7.200011935,-3.700006133,-2.700004476,-9.9,-14.4,-136.5,8.095073635,364,1684,364,1416,,179.461948,2630.905596,81,7.649,8.717,NE,3.0979872,Calm
164.6,32.82520783,-95.30406825,480,,-7.300011653,-3.700006133,-2.300003812,4.8,-12.2,-135.3,8.184144119,364,1684,364,1458,,179.461948,2624.672,81,7.649,8.717,NE,3.196336,Calm
164.7,32.82520022,-95.3040731,481,,-7.200011935,-3.800006299,-1.900003149,15.6,-12.4,-132.9,8.141266278,364,1684,364,1544,,179.461948,2617.126068,81,7.649,8.717,NE,3.196336,Calm
164.8,32.82519407,-95.30407716,482,,-7.100011769,-4.00000663,-1.600002652,24.7,-14.1,-130.4,8.149246389,364,1684,364,1669,,179.461948,2611.220556,81,7.649,8.717,NE,3.2991552,Calm
164.9,32.82518855,-95.3040815,482,,-6.900011437,-4.200006962,-1.200001989,31.4,-15.2,-127.2,8.077760222,364,1684,364,1684,,179.461948,2604.98696,81,7.649,8.717,NE,3.2991552,Calm
165,32.82518192,-95.30408694,483,,-6.60001094,-4.600007625,-0.800001326,32.8,-15.2,-122,8.044887136,364,1684,364,1684,,179.461948,2597.441028,81,7.649,8.717,NE,3.2991552,Calm
165.1,32.82517632,-95.30409224,483,,-6.300010443,-4.900008122,-0.500000829,31.7,-16.3,-114.9,7.981241157,364,1684,364,1684,,179.461948,2590.551264,80,7.702,4.719,NE,3.397504,Calm
165.2,32.8251712,-95.30409752,483,,-5.90000978,-5.100008454,-0.100000166,29.9,-17.7,-106.3,7.798730372,364,1684,364,1684,,179.461948,2583.6615,80,7.702,4.719,NE,3.397504,Calm
165.3,32.82516608,-95.30410313,483,,-5.600009283,-5.300008785,0.200000332,28.6,-19.5,-97.2,7.710395268,364,1684,364,1684,,179.461948,2576.443652,80,7.702,4.719,NE,3.397504,Calm
165.4,32.82516154,-95.30410877,483,,-5.20000862,-5.500009117,0.500000829,27,-21.8,-88.2,7.569028255,364,1684,364,1684,,179.461948,2569.553888,80,7.702,4.719,NE,3.397504,Calm
165.5,32.82515665,-95.30411564,483,,-4.800007956,-5.600009283,0.900001492,25.6,-24.1,-79.1,7.375647692,364,1684,364,1684,,179.461948,2561.023704,80,7.702,4.719,NE,3.4958528,Calm
165.6,32.82515262,-95.3041219,482,,-4.500007459,-5.800009614,1.300002155,24.8,-25.6,-69.8,7.340992704,364,1684,679,1046,,179.461948,2553.805856,80,7.702,4.719,NE,3.4958528,Calm
165.7,32.82514926,-95.30412771,482,,-4.00000663,-5.800009614,1.600002652,23.9,-26,-60.2,7.045577496,364,1684,679,1046,,179.461948,2546.916092,80,7.702,4.719,NE,3.4958528,Calm
165.8,32.82514591,-95.30413413,481,,-3.600005967,-5.90000978,1.900003149,21.4,-26.8,-51.1,6.911595585,364,1684,1024,1024,,179.461948,2539.698244,80,7.702,4.719,NE,3.4958528,Calm
165.9,32.82514272,-95.30414089,481,,-3.000004973,-5.90000978,1.900003149,15,-29.4,-44.9,6.618922967,364,1684,1024,1024,,179.461948,2532.152312,80,7.702,4.719,NE,3.598672,Calm
166,32.82514051,-95.30414732,480,,-2.100003481,-6.000009946,1.500002486,12.4,-31.5,-42,6.356896283,364,1684,1024,1024,,179.461948,2525.262548,80,7.702,4.719,NE,3.598672,Calm
166.1,32.82513948,-95.30415362,480,,-1.300002155,-6.100010111,1.000001658,10,-32.9,-40.5,6.236996579,364,1684,1024,1024,,179.461948,2518.700868,80,7.702,4.719,NE,3.598672,Calm
166.2,32.82513881,-95.30416028,480,,-0.600000995,-6.300010443,0.600000995,3.3,-33.9,-38.2,6.32851729,364,1684,1024,1024,,179.461948,2512.139188,80,7.702,4.719,NE,3.598672,Calm
166.3,32.82513873,-95.30416758,479,,0,-6.60001094,0.300000497,-3.8,-34.8,-36.4,6.60001094,364,1684,1024,1024,,179.461948,2504.92134,80,7.702,4.719,NE,3.598672,Calm
166.4,32.82513922,-95.30417487,479,,0.400000663,-7.000011603,0.200000332,-9,-34.5,-35.2,7.011430793,364,1684,1024,1024,,179.461948,2498.031576,80,7.702,4.719,NE,3.598672,Calm
166.5,32.82513982,-95.30418185,479,,0.70000116,-7.400012266,0.100000166,-11.3,-33.7,-34.4,7.433046287,364,1684,1024,1024,,179.461948,2491.469896,80,7.702,4.719,NE,3.6970208,Calm
166.6,32.82514092,-95.30418938,479,,1.000001658,-7.800012929,0,-12.6,-33.3,-33.9,7.863854265,364,1684,1024,1034,,179.461948,2484.580132,80,7.702,4.719,NE,3.6970208,Calm
166.7,32.82514213,-95.30420026,479,,1.300002155,-8.200013592,0,-13.6,-32.6,-33.8,8.302422857,364,1684,1024,1043,,179.461948,2474.737612,80,7.702,4.719,NE,3.6970208,Calm
166.8,32.8251434,-95.30420887,479,,1.500002486,-8.50001409,0,-14.8,-31.8,-33.4,8.631352206,364,1684,1024,1048,,179.461948,2466.863596,80,7.702,4.719,NE,3.6970208,Calm
166.9,32.82514475,-95.30421836,479,,1.600002652,-8.900014753,0,-15.4,-31.3,-33.3,9.042691145,364,1684,976,1363,,179.461948,2458.005328,80,7.702,4.719,NE,3.6970208,Calm
167,32.82514628,-95.30422766,479,,1.800002984,-9.20001525,0,-12.8,-32.4,-33.4,9.37444847,364,1684,963,1428,,179.461948,2449.803228,80,7.702,4.719,NE,3.6970208,Calm
167.1,32.82514806,-95.30423822,479,,2.000003315,-9.400015581,0,6.4,-33.4,-38.2,9.61042658,364,1684,687,1151,,179.461948,2440.288792,80,7.667,7.08,NE,3.6970208,Calm
167.2,32.82514996,-95.30424784,479,,2.400003978,-9.400015581,0,18.9,-29.8,-40.6,9.701561943,364,1684,364,1024,,179.461948,2431.430524,80,7.667,7.08,NE,3.6970208,Calm
167.3,32.82515254,-95.30425752,479,,2.700004476,-9.20001525,0.200000332,0.8,-31.8,-31.8,9.588028982,364,1684,364,1024,,179.461948,2423.228424,80,7.667,7.08,NE,3.79984,Calm
167.4,32.82515519,-95.30426779,479,,2.800004641,-9.100015084,0.70000116,-15,-32.2,-24.3,9.521044956,364,1684,364,996,,179.461948,2414.370156,80,7.667,7.08,NE,3.79984,Calm
167.5,32.82515758,-95.30427733,478,,2.800004641,-9.100015084,1.200001989,-17.4,-31.2,-24.4,9.521044956,364,1684,364,920,,179.461948,2405.839972,80,7.667,7.08,NE,3.79984,Calm
167.6,32.82516015,-95.30428664,478,,2.900004807,-9.20001525,1.500002486,-19.5,-30.9,-24.5,9.646258625,364,1684,364,918,,179.461948,2397.965956,80,7.667,7.08,NE,3.79984,Calm
167.7,32.8251624,-95.30429597,477,,2.900004807,-9.300015416,1.900003149,-21.1,-29.9,-23.7,9.741678866,364,1684,398,792,,179.461948,2389.763856,80,7.667,7.08,NE,3.79984,Calm
167.8,32.82516517,-95.30430702,477,,2.900004807,-9.400015581,2.200003647,-22,-29.2,-23.6,9.837190303,364,1684,557,595,,179.461948,2380.24942,80,7.667,7.08,NE,3.6970208,Calm
167.9,32.8251678,-95.30431699,476,,2.900004807,-9.500015747,2.60000431,-25,-25.5,-24.2,9.932790254,364,1684,616,479,,179.461948,2371.719236,80,7.667,7.08,NE,3.598672,Calm
168,32.82517039,-95.3043272,475,,2.800004641,-9.700016079,2.800004641,-31.1,-11.6,-28.6,10.09605552,364,1684,648,405,,179.461948,2362.860968,80,7.667,7.08,NE,3.4958528,Calm
168.1,32.82517243,-95.30433614,474,,2.400003978,-10.10001674,2.60000431,-32.8,6.1,-36.4,10.38125005,364,1684,655,364,,179.461948,2355.315036,80,7.738,7.08,NE,3.2991552,Calm
168.2,32.8251743,-95.30434764,473,,1.600002652,-10.40001724,2.200003647,-29.6,15.3,-41.6,10.52237432,364,1684,867,364,,179.461948,2344.816348,80,7.738,7.08,NE,3.0979872,Calm
168.3,32.8251754,-95.30435944,472,,0.900001492,-10.30001707,2.100003481,-26.7,15.9,-48,10.33926271,364,1684,947,364,,179.461948,2333.989576,80,7.738,7.08,NE,2.9996384,Calm
168.4,32.82517591,-95.30436976,472,,0.300000497,-10.20001691,1.900003149,-29.8,17,-60.8,10.2044274,364,1684,980,370,,179.461948,2324.47514,80,7.738,7.08,N,2.8968192,Calm
168.5,32.82517533,-95.30438175,471,,-0.600000995,-9.90001641,1.600002652,-28.7,20.1,-72.1,9.918181434,364,1684,993,638,,179.461948,2312.664116,80,7.738,7.08,N,2.7984704,Calm
168.6,32.82517408,-95.30439217,470,,-1.600002652,-9.400015581,1.000001658,-28.1,21.4,-81.5,9.535213442,364,1684,993,638,,179.461948,2302.493512,80,7.738,7.08,N,2.6956512,Calm
168.7,32.82517165,-95.30440196,470,,-2.400003978,-8.800014587,0.70000116,-29.6,20.3,-91,9.121418465,364,1684,994,819,,179.461948,2291.994824,80,7.738,7.08,N,2.6956512,Calm
168.8,32.82516906,-95.30441044,470,,-3.100005139,-8.200013592,0.400000663,-32.5,16.6,-97.6,8.766427578,364,1684,1024,1024,,179.461948,2283.136556,80,7.738,7.08,N,2.6956512,Calm
168.9,32.82516612,-95.30441798,470,,-3.800006299,-7.600012598,0.300000497,-33.5,6.5,-99,8.497072119,364,1684,1024,1024,,179.461948,2274.606372,80,7.738,7.08,N,2.6956512,Calm
169,32.82516172,-95.30442629,470,,-4.500007459,-7.200011935,0.200000332,-33.4,-2.4,-98.4,8.490596745,364,1684,1024,1024,,179.461948,2265.091936,80,7.738,7.08,N,2.5973024,Calm
169.1,32.82515677,-95.30443382,470,,-5.100008454,-7.000011603,0.200000332,-33.9,-9.1,-95.7,8.66084567,364,1684,1024,1024,,179.461948,2255.905584,80,7.738,4.707,N,2.6956512,Calm
169.2,32.82515187,-95.30444084,469,,-5.800009614,-6.900011437,0.100000166,-33.1,-11.9,-95.1,9.013892828,364,1684,1024,1024,,179.461948,2247.3754,80,7.738,4.707,N,2.6956512,Calm
169.3,32.82514644,-95.30444809,469,,-6.400010609,-6.900011437,0,-32.2,-14.1,-94.2,9.411179064,364,1684,1024,1024,,179.461948,2238.517132,80,7.738,4.707,N,2.6956512,Calm
169.4,32.82513964,-95.30445625,469,,-7.000011603,-6.900011437,0,-31.7,-16.3,-93.4,9.829054622,364,1684,1024,1024,,179.461948,2228.018444,80,7.738,4.707,N,2.6956512,Calm
169.5,32.82513295,-95.30446386,469,,-7.500012432,-7.000011603,0,-30.8,-17.7,-93.1,10.25915896,364,1684,1024,1024,,179.461948,2218.504008,80,7.738,4.707,N,2.6956512,Calm
169.6,32.8251262,-95.30447104,469,,-8.000013261,-7.000011603,0,-30.4,-19,-92.7,10.63016327,364,1684,1024,1024,,179.461948,2208.989572,80,7.738,4.707,N,2.7984704,Calm
169.7,32.82511772,-95.30447944,469,,-8.400013924,-7.100011769,0,-29.5,-20,-92.7,10.99865431,364,1684,1024,1024,,179.461948,2197.834716,80,7.738,4.707,N,2.7984704,Calm
169.8,32.82511101,-95.30448605,469,,-8.800014587,-7.200011935,0,-28.4,-21,-92.5,11.37015484,364,1684,1024,1024,,179.461948,2188.976448,80,7.738,4.707,NW,2.7984704,Calm
169.9,32.82510203,-95.30449471,469,,-9.20001525,-7.400012266,0,-25.9,-21.6,-92.6,11.80679713,364,1684,1024,1024,,179.461948,2177.493508,80,7.738,4.707,NW,2.8968192,Calm
170,32.82509484,-95.30450152,469,,-9.500015747,-7.500012432,0,-23,-20.6,-93.5,12.10373809,364,1684,1024,1024,,179.461948,2168.307156,80,7.738,4.707,NW,2.8968192,Calm
170.1,32.8250849,-95.30451108,470,,-9.700016079,-7.600012598,0,-19.8,-19.3,-94.4,12.32276355,364,1684,1024,1024,,179.461948,2155.51188,80,7.691,6.656,NW,2.8968192,Calm
170.2,32.82507648,-95.30451893,470,,-9.800016244,-7.700012764,0,-18.6,-19.1,-94.7,12.4631663,364,1684,1024,1024,,179.461948,2145.013192,80,7.691,6.656,NW,2.9996384,Calm
170.3,32.82506763,-95.30452713,470,,-9.90001641,-7.700012764,0,-18.3,-19.4,-94.7,12.54195039,364,1684,1024,1024,,179.461948,2134.18642,80,7.691,6.656,NW,2.9996384,Calm
170.4,32.82505818,-95.30453596,470,,-10.00001658,-7.800012929,0,-18.4,-19.1,-94.7,12.68229189,364,1684,1024,1024,,179.461948,2122.375396,80,7.691,6.656,NW,2.9996384,Calm
170.5,32.82504916,-95.30454436,470,,-10.10001674,-7.900013095,0,-19.1,-19.2,-94.6,12.82265709,364,1684,1024,1024,,179.461948,2111.22054,80,7.691,6.656,NW,3.0979872,Calm
170.6,32.82504008,-95.30455286,470,,-10.20001691,-8.000013261,0,-19,-19.1,-94.6,12.96304553,364,1684,1024,1024,,185.039376,2100.065684,80,7.691,6.656,NW,3.0979872,Calm
170.7,32.82503164,-95.30456063,470,,-10.30001707,-8.100013427,0,-18.6,-18.6,-94.7,13.10345632,364,1684,1024,1024,,185.039376,2089.566996,80,7.691,6.656,NW,3.0979872,Calm
170.8,32.82502225,-95.30456929,470,,-10.40001724,-8.100013427,0,-18.7,-18.2,-94.7,13.18220644,364,1684,1024,1024,,188.320216,2078.084056,80,7.691,6.656,NW,3.196336,Calm
170.9,32.82501285,-95.30457814,470,,-10.5000174,-8.200013592,0,-19,-18.2,-94.8,13.32255912,364,1684,1045,1024,,188.320216,2066.601116,80,7.691,6.656,NW,3.196336,Calm
171,32.82500297,-95.30458731,470,,-10.5000174,-8.200013592,0,-19.4,-18.3,-94.7,13.32255912,364,1684,1027,1080,,180.774284,2054.462008,80,7.691,6.656,NW,3.196336,Calm
171.1,32.82499292,-95.30459667,470,,-10.60001757,-8.300013758,0,-18.1,-18,-94.9,13.46293415,364,1684,423,1024,,185.039376,2042.3229,80,7.696,6.656,NW,3.0979872,Calm
171.2,32.82498387,-95.30460527,470,,-10.70001774,-8.300013758,0,-15.6,-22,-94.6,13.54180944,364,1684,364,1024,,185.039376,2031.168044,80,7.696,6.656,NW,2.9996384,Calm
171.3,32.82497421,-95.30461422,470,,-10.60001757,-8.300013758,0.300000497,-20.9,-20.2,-93.8,13.46293415,364,1684,364,1024,,185.039376,2019.685104,80,7.696,6.656,NW,2.8968192,Calm
171.4,32.82496528,-95.30462266,469,,-10.5000174,-8.300013758,0.800001326,-23.4,-20.5,-93,13.38434094,364,1684,364,1024,,185.039376,2008.858332,80,7.696,6.656,N,2.7984704,Calm
171.5,32.82495459,-95.30463254,469,,-10.5000174,-8.300013758,1.100001823,-24.6,-22.3,-92.4,13.38434094,364,1684,364,1024,,187.00788,1996.063056,80,7.696,6.656,N,2.6956512,Calm
171.6,32.82494555,-95.30464106,469,,-10.5000174,-8.300013758,1.500002486,-25.1,-23.9,-91.8,13.38434094,364,1684,364,1024,,186.023628,1984.9082,80,7.696,6.656,N,2.6956512,Calm
171.7,32.82493518,-95.30465052,468,,-10.5000174,-8.300013758,1.900003149,-25.1,-24.4,-91.5,13.38434094,364,1684,364,1035,,186.023628,1972.769092,80,7.696,6.656,N,2.6956512,Calm
171.8,32.82492612,-95.30465897,468,,-10.5000174,-8.300013758,2.200003647,-25.3,-24.8,-91.3,13.38434094,364,1684,364,1053,,186.023628,1961.94232,80,7.696,6.656,N,2.5973024,Calm
171.9,32.82491682,-95.30466791,467,,-10.5000174,-8.400013924,2.60000431,-25.4,-25,-90.9,13.44658277,364,1684,364,1177,,186.023628,1950.787464,80,7.696,6.656,N,2.5973024,Calm
172,32.82490737,-95.30467685,466,,-10.5000174,-8.400013924,2.900004807,-23.1,-27.3,-90.9,13.44658277,364,1684,364,1401,,186.023628,1939.632608,80,7.696,6.656,N,2.5973024,Calm
172.1,32.82489767,-95.30468601,465,,-10.5000174,-8.50001409,3.30000547,-17.2,-30.8,-91.3,13.50927834,364,1684,364,1684,,186.023628,1928.149668,80,7.696,5.972,N,2.5973024,Calm
172.2,32.82488774,-95.3046957,464,,-10.40001724,-8.600014255,3.500005802,6.8,-32.2,-97.2,13.49520642,364,1684,385,1684,,186.023628,1916.01056,80,7.696,5.972,N,2.4989536,Calm
172.3,32.82487955,-95.30470437,462,,-10.10001674,-8.900014753,3.700006133,24.1,-24.5,-98.4,13.46181968,364,1684,606,1684,,186.023628,1905.511872,80,7.696,5.972,N,2.4989536,Calm
172.4,32.82487038,-95.30471464,461,,-9.500015747,-9.20001525,3.600005967,23.7,-24.4,-90.3,13.22461981,364,1684,874,1684,,186.023628,1893.04468,80,7.696,5.972,N,2.3961344,Calm
172.5,32.8248625,-95.3047249,460,,-8.900014753,-9.400015581,3.700006133,23.3,-24.2,-79.2,12.9449042,364,1684,1024,1442,,144.028876,1881.233656,80,7.696,5.972,NE,2.3961344,Calm
172.6,32.82485507,-95.30473524,459,,-8.000013261,-9.600015913,3.30000547,23.7,-23.7,-70.1,12.49641981,1152,1684,1170,663,,139.763784,1869.094548,80,7.696,5.972,NE,2.3961344,Calm
172.7,32.82484931,-95.30474459,458,,-7.000011603,-9.700016079,2.800004641,22.4,-25.9,-61.4,11.96204295,1248,1684,1258,578,,136.482944,1858.59586,80,7.752,5.972,NE,2.3961344,Calm
172.8,32.82484369,-95.30475516,457,,-6.000009946,-9.800016244,2.400003978,20.3,-24,-53.4,11.49088469,1071,1684,1179,718,,128.937012,1846.784836,80,7.752,5.972,NE,2.3961344,Calm
172.9,32.82483824,-95.30476665,456,,-5.000008288,-9.700016079,1.800002984,22.7,-10.2,-52.3,10.91285437,1024,1684,1024,887,,124.67192,1834.317644,80,7.752,5.972,NE,2.4989536,Calm
173,32.82483433,-95.30477671,456,,-4.300007128,-9.300015416,1.400002321,21.1,-17.3,-58.5,10.2459914,1024,1684,1024,941,,124.67192,1823.490872,80,7.752,5.972,NE,2.4989536,Calm
173.1,32.82483104,-95.30478594,456,,-3.700006133,-9.20001525,1.100001823,15.4,-25.2,-58.8,9.916164836,1024,1684,1024,1024,,125.656172,1813.648352,80,7.752,5.972,NE,2.4989536,Calm
173.2,32.82482841,-95.30479543,455,,-3.000004973,-9.300015416,0.70000116,10.5,-28.6,-60,9.771914416,1024,1684,1084,1024,,124.67192,1803.805832,80,7.752,5.972,NE,2.5973024,Calm
173.3,32.82482561,-95.30480701,455,,-2.400003978,-9.500015747,0.400000663,7.2,-31.6,-61.3,9.798485132,1024,1684,1084,1024,,129.921264,1791.666724,80,7.752,5.972,NE,2.5973024,Calm
173.4,32.82482396,-95.30481683,455,,-1.900003149,-9.800016244,0.300000497,4.2,-33.4,-61.2,9.982501102,1024,1684,1371,1223,,126.968508,1781.49612,80,7.752,5.972,NE,2.6956512,Calm
173.5,32.82482217,-95.30482775,455,,-1.500002486,-10.10001674,0,5.2,-33,-61.5,10.21079549,1024,1684,1578,1246,,126.968508,1770.341264,80,7.752,5.972,NE,2.6956512,Calm
173.6,32.82482127,-95.30483713,455,,-1.000001658,-10.40001724,-0.300000497,9.6,-31.5,-62.8,10.44798329,1024,1684,1645,1294,,118.11024,1760.826828,80,7.752,5.972,NE,2.7984704,Calm
173.7,32.82482044,-95.30485107,455,,-0.300000497,-10.70001774,-0.800001326,13.2,-30.8,-62.8,10.70422215,1024,1684,1684,1299,,118.11024,1747.0473,80,7.752,5.868,NE,2.7984704,Calm
173.8,32.82482045,-95.3048622,456,,0.200000332,-10.90001807,-1.200001989,15.9,-29.6,-61.6,10.90185272,1024,1684,1684,1331,,119.422576,1735.892444,80,7.752,5.868,NE,2.8968192,Calm
173.9,32.82482096,-95.30487291,456,,0.900001492,-11.00001823,-1.600002652,18.5,-28.4,-59.8,11.03677476,1024,1684,1684,1334,,123.687668,1725.393756,80,7.752,5.868,NE,2.8968192,Calm
174,32.8248222,-95.30488598,457,,1.600002652,-11.00001823,-2.000003315,20.9,-27.1,-57.8,11.11577298,1024,1684,1684,1327,,123.687668,1712.926564,80,7.752,5.868,NE,2.9996384,Calm
174.1,32.8248241,-95.30489759,457,,2.300003812,-10.8000179,-2.500004144,22.3,-26.1,-55.6,11.04220987,1024,1684,1684,1302,,125.656172,1701.771708,80,7.752,5.868,NE,2.9996384,Calm
174.2,32.82482637,-95.30490858,458,,3.100005139,-10.60001757,-2.900004807,21.6,-26.6,-52.9,11.04402083,1024,1684,1684,1274,,126.968508,1691.601104,80,7.507,5.868,NE,3.0979872,Calm
174.3,32.82482985,-95.30491939,459,,3.700006133,-10.30001707,-3.200005304,19.5,-28.4,-50.4,10.944423,1024,1684,955,1466,,133.202104,1681.758584,80,7.507,5.868,NE,3.0979872,Calm
174.4,32.82483326,-95.30492983,460,,4.300007128,-10.10001674,-3.400005636,22.3,-27.3,-48.2,10.97726703,1024,1684,519,1426,,136.482944,1672.244148,80,7.507,5.868,NE,3.0979872,Calm
174.5,32.82483795,-95.3049412,461,,4.700007791,-9.800016244,-3.30000547,27.4,-24.1,-46.6,10.86878025,1013,1684,364,1314,,142.060372,1662.073544,80,7.507,5.868,NE,3.196336,Calm
174.6,32.82484228,-95.30495128,462,,5.100008454,-9.300015416,-3.200005304,28.3,-23.4,-42.6,10.60661901,983,1684,364,1171,,145.013128,1653.215276,80,7.507,5.868,NE,3.196336,Calm
174.7,32.82484661,-95.30495981,463,,5.400008951,-8.800014587,-2.900004807,23.9,-28.4,-38.7,10.32474464,949,1684,364,1152,,148.293968,1645.997428,80,7.507,13.256,NE,3.196336,Calm
174.8,32.82485134,-95.30496836,463,,5.500009117,-8.50001409,-2.400003978,17.9,-33.1,-34.5,10.12424497,947,1684,364,1095,,144.028876,1638.77958,80,7.507,13.256,E,3.2991552,Calm
174.9,32.8248567,-95.30497875,464,,5.700009448,-8.200013592,-2.000003315,14.7,-33.9,-32.8,9.986507027,944,1684,364,1024,,150.590556,1629.921312,80,7.507,13.256,E,3.2991552,Calm
175,32.82486166,-95.30498678,464,,5.800009614,-8.000013261,-1.600002652,11.9,-33.7,-31.5,9.88131181,906,1684,364,892,,151.574808,1623.359632,80,7.507,13.256,E,3.2991552,Calm
175.1,32.82486626,-95.30499423,465,,5.90000978,-7.800012929,-1.300002155,8.6,-33.7,-30.1,9.78009793,892,1684,364,884,,152.55906,1617.45412,80,7.507,13.256,E,3.397504,Calm
175.2,32.82487202,-95.30500313,465,,6.000009946,-7.600012598,-0.900001492,5,-34.2,-28.8,9.68299056,891,1684,364,967,,160.104992,1610.236272,80,7.507,13.256,E,3.397504,Calm
175.3,32.82487736,-95.30501124,465,,6.000009946,-7.500012432,-0.500000829,3.6,-34.6,-28.6,9.604702233,891,1684,403,1001,,148.293968,1604.002676,80,7.507,13.256,E,3.397504,Calm
175.4,32.82488254,-95.30501896,465,,6.000009946,-7.400012266,-0.100000166,4.4,-34.8,-29.7,9.526819819,891,1684,493,840,,159.12074,1598.097164,80,7.507,13.256,E,3.397504,Calm
175.5,32.82488793,-95.30502692,465,,6.000009946,-7.300011653,0.100000166,3.2,-34.7,-29.7,9.449354045,891,1684,499,669,,159.12074,1591.863568,80,7.507,13.256,E,3.397504,Calm
175.6,32.82489394,-95.30503546,465,,6.100010111,-7.300011653,0.500000829,-5.4,-34.5,-27.5,9.513164535,889,1684,450,577,,152.55906,1585.301888,80,7.507,13.256,E,3.4958528,Calm
175.7,32.82489876,-95.30504249,464,,6.000009946,-7.300011653,0.800001326,-18.5,-30.1,-25.4,9.449354045,890,1684,364,646,,152.55906,1580.052544,80,7.507,13.256,E,3.397504,Calm
175.8,32.82490424,-95.30505052,464,,5.90000978,-7.600012598,1.000001658,-24.8,-25.6,-26.7,9.62134598,890,1684,364,644,,154.855648,1574.147032,80,7.507,13.256,NE,3.2991552,Calm
175.9,32.82490941,-95.30505882,464,,5.600009283,-7.800012929,1.300002155,-23.5,-27.7,-30.4,9.602098672,889,1684,364,640,,152.55906,1567.585352,80,7.507,13.256,NE,3.196336,Calm
176,32.824915,-95.30506824,463,,5.400008951,-8.000013261,1.700002818,-24.2,-27.1,-34.8,9.651958385,889,1684,364,600,,151.574808,1560.367504,80,7.507,13.256,NE,3.0979872,Calm
176.1,32.82491971,-95.305077,462,,5.20000862,-8.200013592,2.000003315,-26.6,-24.3,-38.4,9.709804914,889,1684,364,613,,144.028876,1553.47774,80,7.507,13.256,NE,2.9996384,Calm
176.2,32.82492401,-95.30508553,462,,4.900008122,-8.50001409,2.300003812,-29.1,-21.5,-41.8,9.811234266,889,1684,364,706,,152.55906,1546.91606,80,7.682,13.256,NE,2.9996384,Calm
176.3,32.82492828,-95.30509497,461,,4.600007625,-8.700014421,2.60000431,-30.2,-20,-46.3,9.841255684,889,1684,364,742,,150.590556,1539.042044,80,7.682,13.256,NE,2.8968192,Calm
176.4,32.82493239,-95.30510494,460,,4.200006962,-8.900014753,3.000004973,-28.7,-21.3,-50.6,9.841255684,889,1684,364,671,,146.325464,1531.168028,80,7.682,13.256,NE,2.8968192,Calm
176.5,32.82493578,-95.30511481,458,,3.900006465,-9.100015084,3.400005636,-28.2,-21.9,-54.1,9.900521118,889,1684,364,570,,144.028876,1522.637844,80,7.682,13.256,NE,2.8968192,Calm
176.6,32.82493901,-95.30512475,457,,3.500005802,-9.300015416,3.800006299,-28.7,-19.7,-57.2,9.936816743,889,1684,364,562,,139.763784,1514.435744,80,7.682,13.256,NE,2.8968192,Calm
176.7,32.8249421,-95.30513536,456,,3.100005139,-9.400015581,4.100006796,-30.8,-14.1,-61.4,9.897995789,889,1684,364,584,,135.498692,1505.577476,80,7.682,5.593,NE,2.8968192,Calm
176.8,32.82494447,-95.30514515,454,,2.60000431,-9.500015747,4.300007128,-32.5,-12.2,-65.8,9.849381531,889,1684,364,611,,132.217852,1497.047292,80,7.682,5.593,NE,2.8968192,Calm
176.9,32.82494652,-95.30515537,453,,2.100003481,-9.600015913,4.500007459,-33.5,-12.5,-70.9,9.827019696,889,1684,364,564,,129.921264,1487.86094,80,7.682,5.593,NE,2.8968192,Calm
177,32.82494801,-95.30516522,451,,1.400002321,-9.700016079,4.700007791,-33.5,-12.2,-76.4,9.800526317,889,1684,364,511,,127.95276,1479.002672,80,7.682,5.593,NE,2.9996384,Calm
177.1,32.82494859,-95.30517467,450,,0.70000116,-9.800016244,4.600007625,-34.6,-10.7,-81,9.824984323,891,1684,364,493,,123.687668,1470.472488,80,7.682,5.593,N,2.9996384,Calm
177.2,32.82494891,-95.30518625,448,,0,-9.800016244,4.600007625,-34.5,-7.4,-87.1,9.800016244,889,1684,364,494,,112.860896,1459.645716,80,7.682,5.593,N,2.9996384,Calm
177.3,32.8249481,-95.30519686,447,,-1.000001658,-9.800016244,4.200006962,-33.9,-4.8,-93.8,9.850904596,891,1684,364,495,,108.595804,1449.147028,80,7.682,5.593,N,3.0979872,Calm
177.4,32.82494686,-95.30520684,446,,-1.800002984,-9.600015913,4.100006796,-33.7,-2.8,-100.3,9.767308116,891,1684,364,495,,109.580056,1438.976424,80,7.682,5.593,N,3.0979872,Calm
177.5,32.82494404,-95.30521791,444,,-2.60000431,-9.400015581,4.00000663,-34,-2.2,-106.8,9.75296439,891,1684,419,583,,109.580056,1427.493484,80,7.682,5.593,N,3.0979872,Calm
177.6,32.82494129,-95.30522777,443,,-3.200005304,-9.000014918,4.00000663,-34.6,-1.3,-113.9,9.551978783,891,1684,419,583,,108.595804,1416.994796,80,7.682,5.593,N,3.196336,Calm
177.7,32.82493832,-95.30523629,441,,-3.900006465,-8.600014255,3.900006465,-35,-0.1,-121,9.443002054,891,1684,606,771,,98.753284,1407.808444,80,7.75,5.593,N,3.196336,Calm
177.8,32.82493413,-95.30524515,440,,-4.600007625,-8.100013427,3.700006133,-33.7,-2.1,-125.6,9.315056971,894,1684,888,1024,,104.330712,1397.63784,80,7.75,5.593,N,3.196336,Calm
177.9,32.82492941,-95.30525335,439,,-5.300008785,-7.600012598,3.400005636,-31.7,-11,-127.2,9.26554282,893,1684,1024,1024,,95.472444,1388.123404,80,7.75,5.593,N,3.2991552,Calm
178,32.82492386,-95.30526163,438,,-6.100010111,-7.200011935,2.900004807,-29.1,-13.7,-129.8,9.436646039,893,1684,1024,1024,,91.207352,1377.9528,80,7.75,5.593,N,3.2991552,Calm
178.1,32.82491729,-95.30526919,437,,-6.900011437,-6.800011272,2.500004144,-27.7,-15.4,-129.2,9.687636647,894,1684,1024,1024,,88.254596,1368.438364,80,7.75,5.593,N,3.397504,Calm
178.2,32.82491076,-95.30527587,437,,-7.600012598,-6.500010774,2.100003481,-24.5,-21.4,-128.3,10.00051637,894,1684,1024,1024,,96.78478,1359.580096,80,7.75,5.593,N,3.397504,Calm
178.3,32.82490313,-95.30528245,436,,-8.300013758,-6.400010609,1.700002818,-19.7,-27.2,-128.6,10.48095204,894,1684,1024,1024,,96.78478,1350.393744,80,7.75,5.593,N,3.397504,Calm
178.4,32.82489465,-95.30528964,436,,-9.100015084,-6.400010609,1.200001989,-10.6,-25.7,-130.7,11.12521491,894,1684,1024,861,,53.805776,1340.22314,80,7.75,5.593,N,3.4958528,Calm
178.5,32.82488606,-95.30529664,435,,-9.500015747,-6.60001094,0.70000116,-3.9,-21,-132.2,11.56764638,906,1684,1137,612,,53.805776,1330.38062,80,7.75,5.593,N,3.4958528,Calm
178.6,32.82487858,-95.30530279,435,,-9.800016244,-6.700011106,0.300000497,-12.7,-10.2,-131.5,11.87141364,920,1684,1335,687,,53.805776,1321.850436,80,7.75,5.593,N,3.4958528,Calm
178.7,32.82486793,-95.30531128,435,,-10.00001658,-6.400010609,-0.100000166,-23.3,7.1,-134.4,11.87267697,928,1684,1375,875,,55.77428,1310.039412,79,7.75,5.033,N,3.4958528,Calm
178.8,32.8248592,-95.30531729,435,,-10.10001674,-5.600009283,-0.70000116,-17.5,13.4,-140.1,11.54861186,932,1684,1109,929,,56.758532,1301.181144,79,7.75,5.033,N,3.598672,Calm
178.9,32.82485049,-95.30532245,436,,-9.90001641,-5.000008288,-1.100001823,-4.9,-1.3,-139.9,11.09100563,932,1684,1024,1024,,59.05512,1293.307128,79,7.75,5.033,N,3.598672,Calm
179,32.82484161,-95.30532766,436,,-9.90001641,-4.900008122,-0.800001326,8.4,-26.8,-143.3,11.04628464,934,1684,1024,1024,,61.351708,1285.433112,79,7.75,5.033,N,3.598672,Calm
179.1,32.82483397,-95.30533215,436,,-9.90001641,-5.000008288,-0.200000332,12.5,-34.4,-145.8,11.09100563,935,1684,1043,1024,,62.33596,1278.543348,79,7.75,5.033,N,3.598672,Calm
179.2,32.82482394,-95.30533796,436,,-10.00001658,-5.400008951,0,9.4,-28.9,-144.1,11.36487664,937,1684,1143,1024,,61.351708,1269.68508,79,7.645,5.033,N,3.6970208,Calm
179.3,32.8248148,-95.30534396,436,,-10.20001691,-5.800009614,-0.200000332,4.4,-22.9,-142.6,11.73373113,937,1684,1138,1230,,61.351708,1261.154896,79,7.645,5.033,N,3.6970208,Calm
179.4,32.82480498,-95.30535048,437,,-10.30001707,-6.000009946,-0.300000497,1.4,-20.5,-142.2,11.9201705,942,1684,1153,1380,,61.351708,1251.968544,79,7.645,5.033,N,3.6970208,Calm
179.5,32.82479563,-95.30535747,437,,-10.5000174,-6.100010111,-0.500000829,13.8,-21.7,-144.7,12.14333063,943,1684,1157,1467,,62.33596,1242.454108,79,7.645,5.033,N,3.6970208,Calm
179.6,32.82478674,-95.30536398,437,,-10.40001724,-6.400010609,-0.300000497,28.7,-12.3,-144.5,12.21148993,943,1684,1024,1373,,62.33596,1233.59584,79,7.645,5.033,N,3.6970208,Calm
179.7,32.82477807,-95.3053709,437,,-9.90001641,-6.900011437,-0.600000995,34.3,0.1,-137.5,12.06733115,942,1684,1024,1180,,62.33596,1224.409488,79,7.645,6.877,N,3.6970208,Calm
179.8,32.82476916,-95.30537909,437,,-9.20001525,-7.300011653,-0.600000995,33.7,0.3,-135.2,11.74437962,943,1684,1024,1454,,62.33596,1214.238884,79,7.645,6.877,N,3.6970208,Calm
179.9,32.82476081,-95.30538751,437,,-8.800014587,-7.400012266,-0.400000663,21.6,-13,-135.5,11.49784466,943,1684,1024,1646,,62.33596,1203.740196,79,7.645,6.877,N,3.6970208,Calm
180,32.8247533,-95.30539521,437,,-8.600014255,-7.500012432,0,24.7,-19.5,-133.1,11.41097853,943,1684,1024,1684,,62.33596,1194.22576,79,7.645,6.877,N,3.6970208,Calm
180.1,32.82474651,-95.30540267,437,,-8.400013924,-7.900013095,0.100000166,31.9,-6.2,-126.4,11.53128057,943,1684,1024,1684,,61.351708,1185.367492,79,7.645,6.877,N,3.79984,Calm
180.2,32.82473883,-95.30541222,437,,-7.500012432,-8.200013592,-0.100000166,36,-0.4,-119.2,11.11262359,945,1684,1024,1684,,61.351708,1174.212636,79,7.645,6.877,N,3.79984,Calm
180.3,32.8247324,-95.30542113,437,,-6.900011437,-8.400013924,0,34.9,-7.9,-114.4,10.87062027,945,1684,1024,1684,,60.039372,1164.042032,79,7.645,6.877,N,3.79984,Calm
180.4,32.82472669,-95.30542973,437,,-6.400010609,-8.50001409,0.100000166,29.8,-10,-104.8,10.64003614,948,1684,1070,1374,,59.05512,1154.199512,79,7.645,6.877,N,3.79984,Calm
180.5,32.82472142,-95.30543911,437,,-5.800009614,-8.600014255,0,30.1,-14,-96.2,10.37305894,948,1684,1024,1024,,59.05512,1143.700824,79,7.645,6.877,N,3.79984,Calm
180.6,32.82471691,-95.30544807,437,,-5.100008454,-8.700014421,0,28.8,-20.2,-89.3,10.08465824,948,1684,1024,1024,,59.05512,1133.858304,79,7.645,6.877,N,3.79984,Calm
180.7,32.82471164,-95.30545939,437,,-4.500007459,-8.900014753,0,24.4,-24.3,-82.1,9.972979597,948,1684,1024,1024,,58.070868,1121.719196,79,7.668,6.877,N,3.79984,Calm
180.8,32.82470814,-95.30546858,437,,-3.900006465,-9.000014918,0,21.9,-28,-78.8,9.808685691,948,1684,1024,1024,,58.070868,1111.876676,79,7.668,6.877,N,3.79984,Calm
180.9,32.82470542,-95.30547743,437,,-3.400005636,-9.20001525,0,21.3,-28.7,-77.9,9.808176066,950,1684,1024,1024,,56.758532,1102.36224,79,7.668,6.877,N,3.79984,Calm
181,32.82470278,-95.30548741,437,,-2.800004641,-9.400015581,0,20.5,-29.1,-77.3,9.808176066,952,1684,1024,1024,,56.758532,1092.191636,79,7.668,6.877,N,3.79984,Calm
181.1,32.82470035,-95.30549862,437,,-2.300003812,-9.600015913,0,20.5,-28.9,-76.8,9.87169285,951,1684,1024,1024,,55.77428,1080.380612,79,7.668,6.877,N,3.79984,Calm
181.2,32.82469882,-95.30550844,437,,-1.700002818,-9.800016244,0,20.5,-28.6,-77,9.946372223,952,1684,1024,1113,,55.77428,1070.538092,79,7.668,6.877,N,3.79984,Calm
181.3,32.82469738,-95.30551906,437,,-1.300002155,-9.90001641,0,20.4,-28.9,-77.3,9.985004973,952,1684,1187,1210,,55.77428,1059.71132,79,7.668,6.877,N,3.8981888,Calm
181.4,32.82469635,-95.30553088,437,,-0.800001326,-10.10001674,0,21.4,-26.9,-76.7,10.13165019,950,1684,1254,1338,,55.77428,1047.572212,79,7.668,6.877,N,3.8981888,Calm
181.5,32.82469587,-95.30554118,437,,-0.200000332,-10.20001691,-0.300000497,23.7,-22.9,-75.3,10.20197718,949,1684,1347,1336,,55.77428,1037.401608,79,7.668,6.877,N,3.8981888,Calm
181.6,32.82469603,-95.30555221,438,,0.400000663,-10.30001707,-0.70000116,26.5,-20.9,-74,10.30778082,948,1684,1425,1201,,56.758532,1026.574836,79,7.668,6.877,N,3.8981888,Calm
181.7,32.8246969,-95.30556205,438,,1.100001823,-10.30001707,-1.100001823,26,-22.4,-72.3,10.35858825,948,1684,1444,1172,,58.070868,1017.0604,79,7.668,5.709,N,3.8981888,Calm
181.8,32.82469844,-95.30557413,438,,1.800002984,-10.30001707,-1.500002486,22.8,-26.3,-70.1,10.45611584,948,1684,1221,1380,,59.05512,1005.249376,79,7.668,5.709,N,3.8981888,Calm
181.9,32.82470065,-95.30558541,439,,2.400003978,-10.30001707,-1.800002984,22.7,-27.9,-69.2,10.57593329,949,1684,744,1313,,61.351708,994.422604,79,7.668,5.709,N,3.8981888,Calm
182,32.82470317,-95.30559654,440,,2.900004807,-10.30001707,-1.700002818,27.7,-24,-68.4,10.70048489,948,1684,364,1178,,62.33596,984.252,79,7.668,5.709,N,3.8981888,Calm
182.1,32.82470531,-95.30560537,440,,3.200005304,-10.10001674,-1.500002486,26.1,-26.9,-66.1,10.59482744,947,1684,364,1024,,63.320212,975.721816,79,7.668,5.709,N,3.8981888,Calm
182.2,32.82470867,-95.30561716,440,,3.400005636,-10.00001658,-1.000001658,21.1,-31,-62.7,10.56221408,947,1684,364,1024,,64.304464,964.895044,79,7.653,5.709,N,3.8981888,Calm
182.3,32.82471188,-95.3056279,441,,3.600005967,-9.90001641,-0.600000995,18.5,-31.6,-61,10.53424726,947,1684,364,1024,,64.304464,955.052524,79,7.653,5.709,N,3.8981888,Calm
182.4,32.82471564,-95.30563956,441,,3.800006299,-9.90001641,-0.300000497,17.7,-31.2,-60.5,10.60426177,947,1684,364,984,,64.304464,944.553836,79,7.653,5.709,N,3.8981888,Calm
182.5,32.82471886,-95.30564842,441,,4.00000663,-9.800016244,0,16.3,-31.8,-60.1,10.58491209,946,1684,364,893,,63.320212,936.67982,79,7.653,5.709,N,3.8981888,Calm
182.6,32.82472293,-95.30565985,441,,4.100006796,-9.700016079,0.300000497,14.8,-32,-59.2,10.53092396,946,1684,364,807,,62.33596,926.509216,79,7.653,5.709,N,3.8981888,Calm
182.7,32.82472637,-95.30566882,441,,4.200006962,-9.600015913,0.70000116,10.9,-33.7,-58.4,10.47856664,945,1684,364,761,,61.351708,918.6352,79,7.653,6.925,N,3.8981888,Calm
182.8,32.82473062,-95.30568015,440,,4.300007128,-9.600015913,1.000001658,6.3,-34.8,-57.6,10.51904745,945,1684,364,745,,60.039372,908.79268,79,7.653,6.925,N,3.8981888,Calm
182.9,32.82473429,-95.30569018,440,,4.300007128,-9.600015913,1.400002321,-0.8,-35.9,-56.9,10.51904745,945,1684,364,761,,59.05512,899.934412,79,7.653,6.925,N,3.8981888,Calm
183,32.82473749,-95.30569887,439,,4.200006962,-9.600015913,1.900003149,-5.7,-35.1,-57.1,10.47856664,946,1684,364,758,,58.070868,892.38848,79,7.653,6.925,N,3.8981888,Calm
183.1,32.82474128,-95.30571046,438,,4.00000663,-9.700016079,2.200003647,-7.3,-34.6,-58.8,10.49239537,947,1684,364,683,,55.77428,882.217876,79,7.653,6.925,N,3.8981888,Calm
183.2,32.82474474,-95.3057209,438,,3.800006299,-9.800016244,2.500004144,-11.6,-33.2,-59.8,10.51096407,946,1684,364,646,,53.805776,873.359608,79,7.653,6.925,N,3.8981888,Calm
183.3,32.82474749,-95.30573023,437,,3.600005967,-10.10001674,2.500004144,-19.1,-28.8,-60.5,10.72242383,947,1684,364,602,,51.509188,865.157508,79,7.653,6.925,N,3.79984,Calm
183.4,32.82475122,-95.30574415,436,,3.200005304,-10.40001724,2.400003978,-22.9,-25.9,-62.7,10.88119411,946,1684,364,474,,49.2126,853.0184,79,7.653,6.925,N,3.79984,Calm
183.5,32.82475347,-95.30575507,435,,2.800004641,-10.70001774,2.400003978,-25.7,-22,-66.1,11.06030739,946,1684,406,364,,48.228348,843.17588,79,7.653,6.925,N,3.79984,Calm
183.6,32.82475521,-95.30576496,434,,2.200003647,-11.00001823,2.300003812,-29.2,-12.9,-72.8,11.21786127,947,1684,543,364,,46.259844,834.317612,79,7.653,6.925,N,3.6970208,Calm
183.7,32.82475712,-95.30577923,433,,1.400002321,-11.1000184,2.100003481,-33.3,-12.5,-77.7,11.18795832,946,1684,693,417,,44.947508,821.194252,79,7.741,6.925,N,3.6970208,Calm
183.8,32.82475791,-95.30579051,432,,0.800001326,-11.1000184,2.200003647,-33.8,-11.4,-87,11.12880956,945,1684,895,949,,43.963256,810.695564,79,7.741,6.925,N,3.6970208,Calm
183.9,32.82475844,-95.30580093,432,,0,-10.90001807,2.200003647,-33.5,-10.8,-97,10.90001807,945,1684,905,1024,,42.979004,800.853044,79,7.741,6.925,N,3.6970208,Calm
184,32.82475784,-95.30581366,431,,-1.000001658,-10.8000179,1.800002984,-29.6,-17.8,-102.8,10.84621546,946,1684,872,1024,,41.666668,788.385852,79,7.741,6.925,N,3.6970208,Calm
184.1,32.82475649,-95.30582335,431,,-1.900003149,-10.8000179,1.300002155,-24.8,-21.1,-106.3,10.96587421,946,1684,868,1024,,40.682416,778.543332,79,7.741,6.925,N,3.6970208,Calm
184.2,32.82475411,-95.30583604,430,,-2.700004476,-10.8000179,1.000001658,-23.5,-22,-106.2,11.13240332,947,1684,865,1024,,39.698164,765.748056,79,7.741,6.925,N,3.6970208,Calm
184.3,32.824751,-95.30584766,430,,-3.30000547,-10.8000179,0.900001492,-22.8,-24.6,-106.3,11.29293672,949,1684,825,1024,,39.698164,753.280864,79,7.741,6.925,N,3.6970208,Calm
184.4,32.82474785,-95.30585861,430,,-3.900006465,-10.8000179,0.800001326,-22.2,-27.3,-107.1,11.48261445,957,1684,458,1024,,39.698164,741.797924,79,7.741,6.925,N,3.598672,Calm
184.5,32.82474333,-95.30587152,429,,-4.400007293,-10.8000179,0.900001492,-19,-29.3,-106.9,11.66192309,957,1684,364,1024,,38.713912,727.690312,79,7.741,6.925,N,3.598672,Calm
184.6,32.824739,-95.30588314,429,,-4.700007791,-10.8000179,1.200001989,-15.7,-33.7,-107.2,11.77838953,957,1684,364,1024,,37.401576,714.895036,79,7.741,6.925,N,3.598672,Calm
184.7,32.82473504,-95.30589349,429,,-5.000008288,-10.8000179,1.600002652,-11.4,-33.3,-108.9,11.90127993,959,1684,364,1024,,36.417324,703.74018,79,7.741,5.835,N,3.598672,Calm
184.8,32.82473016,-95.30590503,428,,-5.400008951,-10.90001807,1.600002652,-6.8,-32.8,-110,12.16431201,960,1684,364,1024,,35.433072,690.944904,79,7.741,5.835,N,3.598672,Calm
184.9,32.82472529,-95.30591713,427,,-5.600009283,-11.1000184,1.600002652,-1.7,-34,-111.3,12.43263883,960,1684,788,1072,,34.120736,677.49346,79,7.741,5.835,N,3.598672,Calm
185,32.82471954,-95.30593043,427,,-5.800009614,-11.30001873,1.600002652,3.1,-34.5,-112.6,12.70159553,962,1684,1059,1057,,33.136484,662.72968,79,7.741,5.835,N,3.598672,Calm
185.1,32.82471453,-95.3059428,427,,-5.800009614,-11.50001906,1.600002652,6.1,-33.2,-113.7,12.87985049,977,1684,1024,1154,,32.152232,648.950152,79,7.741,5.835,N,3.598672,Calm
185.2,32.82470955,-95.30595474,426,,-5.90000978,-11.80001956,1.300002155,6.8,-29,-113.5,13.19282275,979,1684,886,1684,,29.855644,635.826792,79,7.741,5.835,N,3.6970208,Calm
185.3,32.8247042,-95.3059677,425,,-5.90000978,-12.10002006,0.800001326,14.4,-24,-113.8,13.46181968,978,1684,976,1684,,28.871392,621.391096,79,7.741,5.835,N,3.6970208,Calm
185.4,32.82469917,-95.3059802,425,,-5.700009448,-12.30002039,0.500000829,28.7,-11.2,-114.5,13.5565707,978,1684,1024,1684,,29.855644,607.611568,79,7.741,5.835,N,3.6970208,Calm
185.5,32.82469481,-95.30599327,425,,-5.100008454,-12.30002039,0.300000497,34.4,-1.4,-106.9,13.3154266,979,1684,1024,1684,,28.871392,593.503956,79,7.741,5.835,N,3.6970208,Calm
185.6,32.8246907,-95.3060064,425,,-4.200006962,-12.20002022,0,35.9,-1.3,-97.2,12.90273402,979,1684,1024,1684,,28.871392,579.396344,79,7.741,5.835,N,3.6970208,Calm
185.7,32.82468748,-95.30602116,425,,-3.400005636,-11.90001973,0,34.6,-7.6,-90.8,12.37620718,979,1684,1024,1684,,28.871392,563.976396,79,7.577,5.835,N,3.6970208,Calm
185.8,32.82468505,-95.30603319,425,,-2.800004641,-11.70001939,0,29.9,-13.6,-83.6,12.03039805,978,1684,1024,1233,,28.871392,551.509204,79,7.577,5.835,N,3.6970208,Calm
185.9,32.82468316,-95.30604416,425,,-2.200003647,-11.60001923,0,28.2,-15.8,-73.8,11.80679713,979,1684,1024,1024,,28.871392,540.354348,79,7.577,5.835,N,3.6970208,Calm
186,32.82468168,-95.30605577,425,,-1.600002652,-11.4000189,0,26.1,-23.1,-67.9,11.51175207,981,1684,1024,1024,,28.871392,528.871408,79,7.577,5.835,N,3.6970208,Calm
186.1,32.82468035,-95.30606942,425,,-1.100001823,-11.20001857,0.100000166,22.9,-28.9,-64.5,11.25390655,968,1684,1024,1024,,28.871392,515.09188,79,7.577,5.835,N,3.6970208,Calm
186.2,32.82467979,-95.30608068,425,,-0.400000663,-11.1000184,0.100000166,22.4,-27.3,-62.1,11.1072229,949,1684,1024,1024,,27.88714,504.265108,79,7.577,5.835,N,3.6970208,Calm
186.3,32.82468021,-95.30609242,425,,0.200000332,-11.00001823,0,21.9,-28.3,-61.7,11.0018359,949,1684,1024,1024,,27.88714,493.110252,79,7.577,5.835,N,3.6970208,Calm
186.4,32.82468091,-95.30610525,425,,0.70000116,-10.90001807,0,21.5,-30.8,-62.7,10.92247199,947,1684,1024,1024,,27.88714,480.971144,79,7.577,5.835,N,3.6970208,Calm
186.5,32.82468164,-95.30611633,425,,1.200001989,-10.8000179,0.100000166,20.4,-28.4,-61.6,10.86647979,936,1684,1024,1024,,26.902888,470.80054,79,7.577,5.835,N,3.6970208,Calm
186.6,32.82468309,-95.30612729,425,,1.800002984,-10.8000179,0,19.9,-27.5,-61.2,10.94899041,931,1684,1024,413,,26.902888,460.95802,79,7.577,5.835,N,3.6970208,Calm
186.7,32.82468511,-95.30613828,425,,2.200003647,-10.70001774,0,16,-30,-61.1,10.92384485,929,1684,1024,364,,26.902888,451.443584,79,7.577,7.534,N,3.6970208,Calm
186.8,32.82468761,-95.30615086,425,,2.500004144,-10.70001774,0.100000166,-3.3,-26.7,-52.9,10.98819358,924,1684,1024,364,,26.902888,440.944896,79,7.577,7.534,N,3.6970208,Calm
186.9,32.82468993,-95.30616258,425,,2.60000431,-10.8000179,0,-17.3,-14,-55.4,11.1085734,914,1684,1024,583,,27.88714,430.774292,79,7.577,7.534,N,3.6970208,Calm
187,32.8246921,-95.30617378,425,,2.200003647,-11.00001823,-0.200000332,-28.5,-6,-68.1,11.21786127,907,1684,1024,738,,28.871392,421.58794,79,7.577,7.534,N,3.6970208,Calm
187.1,32.82469342,-95.30618416,425,,1.600002652,-11.00001823,-0.100000166,-32.9,-9.2,-75.4,11.11577298,906,1684,1024,1024,,28.871392,412.729672,79,7.577,7.534,N,3.598672,Calm
187.2,32.82469468,-95.30619717,425,,1.000001658,-11.00001823,0,-27.3,-16.4,-81.2,11.04537894,907,1684,1024,1024,,28.871392,401.246732,79,7.639,7.534,N,3.4958528,Calm
187.3,32.82469533,-95.30620889,425,,0.400000663,-11.1000184,0,-18.3,-26.5,-85.6,11.1072229,911,1684,1024,1024,,28.871392,391.076128,79,7.639,7.534,N,3.4958528,Calm
187.4,32.82469556,-95.30622031,425,,0,-11.30001873,0.100000166,-16.9,-27.3,-87.4,11.30001873,912,1684,1024,1024,,28.871392,380.905524,79,7.639,7.534,N,3.397504,Calm
187.5,32.82469524,-95.30623388,425,,-0.400000663,-11.50001906,0.100000166,-16.9,-29.1,-86.8,11.50697322,912,1684,1024,1024,,28.871392,368.766416,79,7.639,7.534,N,3.397504,Calm
187.6,32.82469459,-95.30624645,425,,-0.800001326,-11.80001956,0,-13.9,-31.3,-87.9,11.82710705,912,1684,1024,1024,,27.88714,357.283476,79,7.639,7.534,N,3.397504,Calm
187.7,32.82469345,-95.30625815,425,,-1.100001823,-12.00001989,0,-8.5,-32.8,-89.4,12.05033111,916,1684,1024,1112,,27.88714,346.12862,79,7.639,6.645,N,3.397504,Calm
187.8,32.82469217,-95.3062712,425,,-1.300002155,-12.30002039,0,-2.1,-31.9,-90.9,12.36852882,920,1684,1024,1329,,28.871392,333.989512,79,7.639,6.645,N,3.397504,Calm
187.9,32.82469081,-95.30628466,425,,-1.400002321,-12.50002072,0,5,-29.3,-92.2,12.57817628,920,1684,1024,1329,,28.871392,321.52232,79,7.639,6.645,N,3.397504,Calm
188,32.82468917,-95.30629965,425,,-1.400002321,-12.70002105,0,18.4,-25.7,-94.6,12.77695351,932,1684,747,1627,,29.855644,307.742792,79,7.639,6.645,N,3.397504,Calm
188.1,32.82468814,-95.30631322,425,,-1.100001823,-12.70002105,0,31.3,-11.8,-93.1,12.74756957,934,1684,744,1449,,29.855644,295.603684,79,7.639,6.645,N,3.397504,Calm
188.2,32.82468739,-95.30632606,425,,-0.600000995,-12.60002089,0.100000166,36.2,-5.4,-88.5,12.61429845,937,1684,985,1024,,29.855644,284.448828,79,7.639,6.645,N,3.397504,Calm
188.3,32.82468744,-95.30633933,425,,-0.100000166,-12.30002039,0.400000663,32.2,-6.8,-82.9,12.30042675,940,1684,1024,1036,,28.871392,273.622056,79,7.639,6.645,N,3.397504,Calm
188.4,32.82468757,-95.30635176,425,,0.400000663,-12.10002006,0.200000332,26.5,-15.1,-78.4,12.10662954,941,1684,1024,1080,,28.871392,263.779536,79,7.639,6.645,N,3.397504,Calm
188.5,32.82468895,-95.30636582,425,,0.900001492,-11.90001973,0.100000166,22.8,-22.4,-77,11.9340046,942,1684,1024,1090,,28.871392,253.608932,79,7.639,6.645,N,3.4958528,Calm
188.6,32.82468997,-95.3063767,425,,1.300002155,-11.90001973,0.200000332,22.3,-27,-78.5,11.97081745,944,1684,934,1497,,28.871392,246.391084,79,7.639,6.645,N,3.4958528,Calm
188.7,32.82469178,-95.3063918,424,,1.700002818,-11.90001973,0.200000332,23,-25.8,-77.9,12.02083497,952,1684,801,1684,,27.88714,236.876648,79,7.748,6.645,N,3.4958528,Calm
188.8,32.82469369,-95.3064039,424,,2.200003647,-11.90001973,0.100000166,29.4,-17.8,-77.1,12.10167276,958,1684,769,1684,,27.88714,229.986884,79,7.748,6.645,N,3.4958528,Calm
188.9,32.82469594,-95.30641646,424,,2.500004144,-11.70001939,0.300000497,33.3,-15.2,-73.4,11.96413241,959,1684,908,1597,,27.88714,223.753288,79,7.748,6.645,N,3.598672,Calm
189,32.82469828,-95.30642813,424,,2.700004476,-11.4000189,0.600000995,33.3,-15.9,-64.5,11.71539355,1024,1684,1024,1078,,26.902888,218.832028,79,7.748,6.645,NE,3.598672,Calm
189.1,32.82470141,-95.30644076,424,,3.200005304,-11.1000184,0.70000116,32,-13.6,-53,11.55207508,1024,1458,1024,1024,,25.590552,214.566936,79,7.748,6.645,NE,3.598672,Calm
189.2,32.82470472,-95.30645168,424,,3.900006465,-10.40001724,0.200000332,29.6,-12.8,-44.1,11.1072229,1024,1024,1024,1024,,24.6063,211.942264,79,7.748,6.645,NE,3.598672,Calm
189.3,32.82470846,-95.30646164,424,,4.400007293,-9.90001641,0,26,-25.4,-44.8,10.83376138,1024,1024,1024,1024,,25.590552,210.958012,79,7.748,6.645,NE,3.6970208,Calm
189.4,32.82471231,-95.30647152,424,,4.600007625,-9.600015913,0.400000663,26.1,-28.3,-45.1,10.64520393,1024,1024,1024,1024,,25.590552,210.958012,79,7.748,6.645,NE,3.6970208,Calm
189.5,32.82471769,-95.3064824,423,,5.20000862,-9.300015416,0.200000332,29.4,-17.6,-40.7,10.65506339,1024,1024,1024,1024,,24.6063,212.598432,79,7.748,6.645,NE,3.6970208,Calm
189.6,32.82472264,-95.3064913,424,,5.800009614,-8.600014255,-0.200000332,32.7,-6.1,-37.4,10.37305894,1024,1024,1024,1056,,24.6063,215.223104,79,7.748,6.645,NE,3.6970208,Calm
189.7,32.82472787,-95.30649968,424,,6.000009946,-7.900013095,-0.300000497,31.2,14,-34.4,9.920197584,1024,1024,1024,1164,,25.590552,218.832028,79,7.748,6.411,NE,3.79984,Calm
189.8,32.82473376,-95.30650837,424,,5.800009614,-7.100011769,-0.300000497,25.8,19.6,-35.6,9.167893638,1024,1024,1042,1109,,26.902888,223.425204,79,7.748,6.411,NE,3.79984,Calm
189.9,32.82473939,-95.3065153,424,,5.600009283,-6.500010774,-0.200000332,24.6,20.7,-33.6,8.579640854,1024,1024,1024,1024,,26.902888,228.674548,79,7.748,6.411,NE,3.79984,Calm
190,32.82474423,-95.30652162,424,,5.300008785,-5.90000978,0,26,24.9,-29.6,7.930964804,1024,1265,1024,1024,,26.902888,233.267724,79,7.748,6.411,NE,3.79984,Calm
190.1,32.82474847,-95.30652714,424,,5.000008288,-5.20000862,0,23.2,26.4,-29.8,7.213887162,1024,1504,1024,1024,,26.902888,237.204732,79,7.748,6.411,NE,3.79984,Calm
190.2,32.82475257,-95.30653192,424,,4.600007625,-4.500007459,0,21.3,28.4,-29.9,6.435070615,1040,1615,1024,1024,,26.902888,241.469824,79,7.731,6.411,NE,3.79984,Calm
190.3,32.82475632,-95.30653611,424,,4.200006962,-3.900006465,0,18.9,24.4,-31,5.731501181,1041,1684,831,1024,,26.902888,245.734916,79,7.731,6.411,NE,3.8981888,Calm
190.4,32.82476027,-95.30654029,424,,3.900006465,-3.400005636,0,15.4,16.6,-32.7,5.173981504,1047,1684,441,944,,26.902888,250.000008,79,7.731,6.411,NE,3.8981888,Calm
190.5,32.82476343,-95.30654347,424,,3.700006133,-3.100005139,0.200000332,14.9,6.8,-34.8,4.827014984,1041,1684,364,940,,27.88714,253.608932,79,7.731,6.411,NE,3.8981888,Calm
190.6,32.82476624,-95.30654616,424,,3.600005967,-3.000004973,0.600000995,12.7,-5.1,-35.7,4.68615715,1040,1684,364,921,,27.88714,256.889772,79,7.731,6.411,NE,3.8981888,Calm
190.7,32.82476989,-95.30654999,423,,3.600005967,-2.900004807,1.000001658,8.8,-14.5,-35.8,4.62277716,1040,1684,364,905,,27.88714,261.154864,79,7.731,4.692,NE,3.8981888,Calm
190.8,32.82477296,-95.30655299,423,,3.700006133,-3.000004973,1.200001989,7,-20.2,-36.5,4.763409686,1040,1684,364,922,,26.902888,264.763788,79,7.731,4.692,NE,3.8981888,Calm
190.9,32.82477638,-95.3065565,423,,3.900006465,-3.100005139,1.100001823,6.1,-24.6,-37.2,4.981975588,1039,1684,877,1024,,25.590552,268.700796,79,7.731,4.692,NE,3.8981888,Calm
191,32.82478034,-95.30656034,422,,4.100006796,-3.30000547,1.200001989,6,-27.5,-37.8,5.263087305,1039,1684,877,1024,,24.6063,273.293972,79,7.731,4.692,NE,3.9965376,Calm
191.1,32.82478423,-95.30656383,422,,4.300007128,-3.500005802,1.100001823,7.5,-29.1,-38.7,5.544375602,1038,1684,1024,1024,,23.622048,278.215232,79,7.731,4.692,NE,3.9965376,Calm
191.2,32.82478859,-95.30656802,422,,4.700007791,-3.700006133,0.900001492,7.4,-28.6,-39,5.981648225,1037,1684,1024,1024,,22.309712,283.464576,79,7.731,4.692,NE,3.9965376,Calm
191.3,32.82479386,-95.30657233,421,,5.20000862,-4.00000663,0.400000663,6.2,-27,-38.6,6.560498416,1036,1684,962,1024,,21.32546,290.026256,79,7.731,4.692,NE,3.9965376,Calm
191.4,32.82479857,-95.30657669,421,,5.500009117,-4.200006962,0.200000332,5.7,-26.5,-38.3,6.92027129,1038,1684,438,1066,,22.309712,295.931768,79,7.731,4.692,NE,3.9965376,Calm
191.5,32.8248044,-95.3065817,421,,5.700009448,-4.400007293,0.100000166,5.9,-27.6,-38.5,7.200706188,1038,1684,364,1024,,22.309712,303.149616,79,7.731,4.692,NE,3.9965376,Calm
191.6,32.82480992,-95.30658669,421,,5.90000978,-4.500007459,0.300000497,7.3,-31,-39.2,7.420254684,1038,1684,364,1024,,22.309712,310.03938,79,7.731,4.692,NE,3.9965376,Calm
191.7,32.82481497,-95.3065912,421,,6.000009946,-4.600007625,0.70000116,6.1,-32.8,-39.2,7.5604357,1038,1684,364,1024,,22.309712,316.60106,79,7.705,4.692,NE,3.9965376,Calm
191.8,32.82482111,-95.30659691,421,,6.200010277,-4.800007956,0.800001326,6.2,-32.3,-39.1,7.840930948,1044,1684,460,1024,,21.32546,324.475076,79,7.705,4.692,NE,3.9965376,Calm
191.9,32.82482676,-95.306602,420,,6.400010609,-5.000008288,0.800001326,7,-32.1,-39.1,8.121589365,1044,1684,460,1024,,20.341208,332.021008,79,7.705,4.692,NE,3.9965376,Calm
192,32.82483265,-95.3066075,420,,6.60001094,-5.100008454,0.800001326,7.9,-32.6,-39.5,8.34087679,1043,1684,743,1024,,20.341208,339.56694,79,7.705,4.692,NE,3.9965376,Calm
192.1,32.82483904,-95.3066131,420,,6.800011272,-5.300008785,0.800001326,8.5,-32.6,-39.6,8.621498998,1041,1684,1002,1024,,19.356956,348.097124,79,7.705,4.692,NE,3.9965376,Calm
192.2,32.82484508,-95.30661866,420,,7.100011769,-5.500009117,0.800001326,8.3,-32.4,-39.5,8.98110602,1040,1684,1024,1024,,19.356956,355.97114,79,7.705,4.692,NE,3.9965376,Calm
192.3,32.82485176,-95.30662457,420,,7.400012266,-5.700009448,0.500000829,7.7,-30.4,-39.1,9.340785911,1034,1684,914,1024,,19.356956,364.829408,79,7.705,4.692,NE,3.9965376,Calm
192.4,32.82485832,-95.30663052,419,,7.700012764,-5.90000978,0.100000166,6.9,-29.2,-38.8,9.700531516,1024,1684,364,1126,,20.341208,373.687676,79,7.705,4.692,NE,4.0993568,Calm
192.5,32.82486635,-95.3066374,419,,7.900013095,-6.000009946,0.100000166,8,-31.5,-39.4,9.920197584,1024,1684,458,1288,,20.341208,384.514448,79,7.705,4.692,NE,4.0993568,Calm
192.6,32.82487243,-95.30664285,419,,7.800012929,-6.000009946,0.500000829,11.1,-33.8,-40.5,9.840747847,1024,1684,763,1621,,20.341208,393.044632,79,7.705,4.692,NE,4.0993568,Calm
192.7,32.82488083,-95.30665078,419,,8.000013261,-6.000009946,0.70000116,21.4,-25.5,-40.7,10.00001658,1024,1684,715,1684,,19.356956,404.527572,79,7.705,6.745,NE,4.0993568,Calm
192.8,32.82488714,-95.30665625,419,,8.400013924,-5.800009614,0.500000829,31.9,-8.1,-37,10.20785665,1024,1684,461,1669,,19.356956,413.057756,79,7.705,6.745,NE,4.0993568,Calm
192.9,32.82489466,-95.30666162,419,,8.50001409,-5.20000862,0.400000663,36.8,-1.8,-30.5,9.964453203,1024,1574,563,1185,,19.356956,423.22836,79,7.705,6.745,NE,4.0993568,Calm
193,32.82490301,-95.30666727,419,,8.50001409,-4.600007625,0.600000995,37.5,-5,-24.2,9.66490064,1024,1024,364,1029,,19.356956,434.383216,79,7.705,6.745,NE,4.0993568,Calm
193.1,32.82491125,-95.30667171,418,,8.600014255,-3.900006465,0.70000116,33,-7.1,-14.9,9.443002054,1024,1024,434,1024,,18.04462,444.881904,79,7.705,6.745,NE,4.0993568,Calm
193.2,32.8249187,-95.30667533,418,,8.50001409,-3.200005304,0.600000995,29.1,-12.9,-11.5,9.082415566,1024,1024,434,1024,,18.04462,454.39634,79,7.705,6.745,NE,4.0993568,Calm
193.3,32.82492588,-95.30667804,418,,8.50001409,-2.800004641,0.800001326,30.6,-8.2,-10,8.949316112,1024,1024,1024,1024,,17.060368,463.582692,79,7.705,6.745,NE,4.0993568,Calm
193.4,32.82493428,-95.30668072,418,,8.400013924,-2.100003481,0.600000995,32.4,-1.7,-6.7,8.658535815,1024,1024,1024,1024,,17.060368,473.753296,79,7.705,6.745,NE,4.0993568,Calm
193.5,32.8249412,-95.30668194,417,,8.100013427,-1.100001823,0.100000166,28.6,16.9,-0.2,8.174363331,1024,1038,1024,1024,,17.060368,482.28348,79,7.705,6.745,N,4.0993568,Calm
193.6,32.82494753,-95.30668235,417,,7.300011653,-0.300000497,-0.200000332,11.3,26.2,-6.2,7.306173653,1024,1390,1024,1024,,17.060368,489.501328,79,7.705,6.745,N,4.0993568,Calm
193.7,32.82495475,-95.30668304,418,,6.500010774,-0.100000166,-0.300000497,1.1,26.4,-9.6,6.500779683,1024,1596,1024,1024,,18.04462,498.031512,79,7.692,6.745,N,4.0993568,Calm
193.8,32.82496003,-95.30668322,418,,5.800009614,-0.200000332,-0.300000497,1.2,24.2,-5.5,5.80345674,1031,1684,1024,1024,,19.356956,504.265108,79,7.692,6.745,N,4.0993568,Calm
193.9,32.82496472,-95.30668356,418,,5.300008785,-0.200000332,-0.100000166,2.5,5.4,-4.1,5.303780909,1044,1684,1024,1024,,19.356956,509.842536,79,7.692,6.745,N,4.0993568,Calm
194,32.82496927,-95.30668377,418,,5.100008454,-0.200000332,0.200000332,3.2,-11.2,-4.6,5.1039281,1055,1568,921,1024,,20.341208,515.09188,79,7.692,6.745,N,4.0993568,Calm
194.1,32.82497371,-95.30668388,418,,5.100008454,-0.200000332,0.400000663,3.6,-20.7,-4.9,5.1039281,1055,1391,364,1024,,19.356956,520.341224,79,7.692,6.745,N,4.0993568,Calm
194.2,32.82497787,-95.30668406,418,,5.300008785,-0.200000332,0.300000497,2.5,-23.2,-5.1,5.303780909,1053,1380,364,988,,19.356956,525.262484,79,7.692,6.745,N,4.0993568,Calm
194.3,32.82498365,-95.3066844,417,,5.400008951,-0.300000497,0.500000829,1.2,-21.7,-5.2,5.408335518,1061,1283,747,1024,,18.04462,532.152248,79,7.692,6.745,N,4.0993568,Calm
194.4,32.82498833,-95.30668468,417,,5.500009117,-0.300000497,0.600000995,2,-19.4,-5.1,5.508184584,1024,1024,1024,1024,,17.060368,537.401592,79,7.692,6.745,N,4.0993568,Calm
194.5,32.82499385,-95.3066852,417,,5.600009283,-0.400000663,0.500000829,2.9,-12.6,-5.1,5.614276564,1024,1024,1024,1024,,17.060368,543.963272,79,7.692,6.745,NE,4.0993568,Calm
194.6,32.82499947,-95.3066858,417,,5.600009283,-0.400000663,0.200000332,3.6,-1.3,-4.6,5.614276564,1024,1024,1024,1024,,17.060368,550.853036,79,7.692,6.745,NE,4.0993568,Calm
194.7,32.82500455,-95.30668589,417,,5.400008951,-0.400000663,0,4.9,1.2,-4.6,5.414803293,1024,1195,1024,1024,,17.060368,556.758548,78,7.692,5.59,NE,4.0993568,Calm
194.8,32.82500967,-95.30668633,417,,5.20000862,-0.400000663,0,4.6,19.2,-4,5.215370255,1024,1492,1024,1024,,18.04462,562.66406,78,7.692,5.59,NE,4.0993568,Calm
194.9,32.82501347,-95.30668694,417,,4.500007459,-0.300000497,0,1.4,25.9,-5,4.509996121,1024,1492,1024,1024,,18.04462,567.257236,78,7.692,5.59,NE,4.0993568,Calm
195,32.82501754,-95.3066874,417,,4.00000663,-0.300000497,0,1.2,14.8,-4.9,4.011240746,1024,1674,1024,1024,,17.060368,572.178496,78,7.692,5.59,NE,4.0993568,Calm
195.1,32.82502111,-95.30668778,417,,3.700006133,-0.300000497,0.100000166,4.2,-2.9,-4.9,3.712148187,1034,1684,1024,1024,,17.060368,576.443588,78,7.692,5.59,NE,4.0993568,Calm
195.2,32.82502445,-95.30668815,417,,3.700006133,-0.300000497,0.100000166,3.6,-20.8,-5.3,3.712148187,1040,1684,1024,1024,,18.04462,580.380596,78,7.721,5.59,NE,4.0993568,Calm
195.3,32.82502743,-95.30668842,417,,4.00000663,-0.300000497,0.200000332,3.4,-29.8,-6,4.011240746,1041,1684,1024,1024,,17.060368,583.98952,78,7.721,5.59,NE,4.0993568,Calm
195.4,32.82503152,-95.30668887,417,,4.400007293,-0.400000663,0.100000166,4.1,-31.2,-6.4,4.418151306,1052,1684,1024,1024,,16.076116,588.91078,78,7.721,5.59,NE,4.0993568,Calm
195.5,32.82503605,-95.30668937,417,,4.900008122,-0.400000663,0,4.8,-32.6,-6.5,4.916307201,1055,1684,1024,1024,,16.076116,594.160124,78,7.721,5.59,NE,4.0993568,Calm
195.6,32.82503999,-95.3066898,417,,5.300008785,-0.500000829,0,5.4,-34,-6.8,5.323541418,1055,1684,1024,1024,,16.076116,599.081384,78,7.721,5.59,NE,4.0993568,Calm
195.7,32.82504545,-95.30669068,417,,5.800009614,-0.500000829,0,6.2,-34.2,-6.9,5.821521179,1055,1684,1027,1024,,14.76378,605.643064,78,7.721,4.976,NE,4.0993568,Calm
195.8,32.82505148,-95.30669141,417,,6.100010111,-0.600000995,0,6.7,-33.7,-7,6.129447248,1055,1684,1043,1024,,14.76378,612.532828,78,7.721,4.976,NE,4.0993568,Calm
195.9,32.82505698,-95.30669212,417,,6.60001094,-0.600000995,0,6.9,-33.5,-7.2,6.627227182,1055,1684,1062,1024,,14.76378,619.422592,78,7.721,4.976,NE,4.0993568,Calm
196,32.82506284,-95.30669285,417,,6.900011437,-0.600000995,0,7.5,-33.4,-7.2,6.926049282,1054,1684,1298,1176,,14.76378,626.312356,78,7.721,4.976,NE,4.0993568,Calm
196.1,32.82506952,-95.30669352,417,,7.300011653,-0.600000995,0,8.5,-33.5,-7.6,7.324627911,1048,1684,1427,1239,,14.76378,634.186372,78,7.721,4.976,NE,4.0993568,Calm
196.2,32.82507679,-95.30669434,417,,7.800012929,-0.600000995,-0.300000497,12.7,-30.8,-8.4,7.823055606,1038,1684,1534,1259,,14.76378,643.04464,78,7.721,4.976,NE,4.0993568,Calm
196.3,32.82508482,-95.30669491,417,,8.300013758,-0.500000829,-0.70000116,16.9,-23.7,-7.9,8.31506023,1024,1684,1544,1316,,14.76378,652.559076,78,7.721,4.976,NE,4.1977056,Calm
196.4,32.82509331,-95.30669528,417,,8.600014255,-0.100000166,-1.300002155,18.1,-16.2,-5.3,8.600595407,1024,1684,1459,1472,,16.076116,662.401596,78,7.721,4.976,NE,4.1977056,Calm
196.5,32.8251009,-95.30669487,418,,8.600014255,0.200000332,-1.900003149,22.4,-10.5,-2.9,8.60233931,1024,1684,1359,1538,,18.04462,671.259864,78,7.721,4.976,NE,4.1977056,Calm
196.6,32.82510872,-95.30669427,419,,8.50001409,0.70000116,-2.200003647,31.3,-4.5,0.3,8.528788713,1024,1684,1299,1543,,20.341208,680.446216,78,7.721,4.976,NE,4.1977056,Calm
196.7,32.82511525,-95.30669291,419,,8.200013592,1.200001989,-2.200003647,35.3,-1.8,4.3,8.287353138,1024,1684,1144,1684,,22.309712,687.664064,78,7.541,4.976,NE,4.1977056,Calm
196.8,32.82512312,-95.30669116,420,,7.800012929,1.600002652,-1.900003149,36.1,-4,9.2,7.962424796,1024,1684,1097,1684,,24.6063,696.522332,78,7.541,4.976,NE,4.1977056,Calm
196.9,32.82513018,-95.30668858,420,,7.500012432,2.000003315,-1.600002652,34.4,-4.7,16.2,7.762099914,1024,1684,1078,1684,,24.6063,704.396348,78,7.541,4.976,NE,4.1977056,Calm
197,32.82513683,-95.30668602,421,,7.100011769,2.300003812,-1.300002155,33.5,-8.2,23,7.463255462,1024,1684,1092,1684,,25.590552,711.614196,78,7.541,4.976,NE,4.1977056,Calm
197.1,32.82514296,-95.30668325,421,,6.800011272,2.60000431,-0.900001492,33.2,-10.9,31.9,7.28012195,1024,1684,1024,1163,,25.590552,718.50396,78,7.541,4.976,NE,4.1977056,Calm
197.2,32.8251486,-95.30668028,421,,6.400010609,3.000004973,-0.600000995,31.2,-13.7,40.6,7.068250471,1024,1684,588,1241,,26.902888,724.737556,78,7.541,4.976,NE,4.1977056,Calm
197.3,32.82515407,-95.30667676,422,,6.100010111,3.200005304,-0.300000497,27.7,-21.2,46.3,6.888407173,1024,1684,364,1232,,25.590552,730.314984,78,7.541,4.976,NE,4.1977056,Calm
197.4,32.82515916,-95.30667333,422,,5.800009614,3.400005636,0.100000166,25.1,-26.2,50.3,6.723105639,1024,1684,364,1172,,25.590552,735.892412,78,7.541,4.976,NE,4.1977056,Calm
197.5,32.82516421,-95.30666952,421,,5.500009117,3.600005967,0.600000995,24.8,-26.3,52.6,6.573442012,1024,1684,364,1128,,24.6063,741.46984,78,7.541,4.976,NE,4.1977056,Calm
197.6,32.82516878,-95.30666564,421,,5.100008454,4.00000663,0.800001326,23.5,-25.1,54.5,6.481522541,1024,1684,484,1125,,23.622048,746.063016,78,7.541,4.976,NE,4.1977056,Calm
197.7,32.82517382,-95.30665968,421,,4.800007956,4.400007293,0.800001326,21.9,-25.1,55.9,6.511538595,1024,1684,1024,1119,,22.309712,751.31236,78,7.541,7.935,NE,4.1977056,Calm
197.8,32.82517767,-95.30665485,420,,4.500007459,4.800007956,0.900001492,19.9,-26.9,56.6,6.579524438,1024,1684,1024,1178,,21.32546,755.249368,78,7.541,7.935,NE,4.1977056,Calm
197.9,32.82518164,-95.30664895,420,,4.200006962,5.300008785,0.800001326,18,-27.2,57.4,6.762407161,1024,1684,1085,1586,,21.32546,759.186376,78,7.541,7.935,NE,4.1977056,Calm
198,32.82518474,-95.30664372,420,,3.900006465,5.90000978,0.400000663,18.1,-26.9,58.1,7.072493328,1024,1684,1177,1684,,21.32546,762.139132,78,7.541,7.935,NE,4.1977056,Calm
198.1,32.82518893,-95.30663537,420,,3.700006133,6.400010609,0.100000166,24.5,-23.4,58.7,7.392575756,1024,1684,1225,1684,,21.32546,766.404224,78,7.678,7.935,NE,4.1977056,Calm
198.2,32.82519185,-95.3066284,420,,3.100005139,7.000011603,-0.100000166,29.7,-17.7,62.8,7.655729428,1024,1684,1200,1684,,21.32546,769.028896,78,7.678,7.935,NE,4.1977056,Calm
198.3,32.82519429,-95.30662002,420,,2.300003812,7.500012432,-0.70000116,31.8,-15.1,71.5,7.844756269,1024,1684,1210,1684,,21.32546,771.325484,78,7.678,7.935,NE,4.1977056,Calm
198.4,32.82519619,-95.30661086,420,,1.500002486,7.700012764,-1.000001658,32.5,-15.5,80.3,7.844756269,1024,1684,1210,1684,,22.309712,772.965904,78,7.678,7.935,NE,4.1977056,Calm
198.5,32.82519703,-95.3066027,421,,0.900001492,7.800012929,-0.900001492,32,-15.5,88.6,7.851764068,1024,1684,1274,1471,,23.622048,773.293988,78,7.678,7.935,NE,4.1977056,Calm
198.6,32.8251975,-95.30659456,421,,0.100000166,7.900013095,-0.900001492,32,-15.8,98.2,7.900645657,1024,1684,1200,1024,,24.6063,773.622072,78,7.678,7.935,NE,4.1977056,Calm
198.7,32.82519691,-95.30658516,421,,-0.800001326,7.800012929,-1.200001989,30,-20.3,105.6,7.840930948,1024,1684,1143,861,,25.590552,772.309736,78,7.678,7.935,NE,4.1977056,Calm
198.8,32.82519588,-95.30657678,422,,-1.300002155,7.700012764,-0.900001492,24.4,-29.2,108.8,7.808981893,1051,1684,1164,713,,26.902888,770.9974,78,7.678,7.935,NE,4.1977056,Calm
198.9,32.82519451,-95.30656842,422,,-1.800002984,7.700012764,-0.500000829,19.3,-30.9,112.7,7.907604281,1050,1684,1109,1024,,26.902888,769.028896,78,7.678,7.935,NE,4.1977056,Calm
199,32.82519268,-95.3065604,422,,-2.400003978,7.900013095,-0.70000116,20.4,-27.5,113.3,8.256526154,1051,1684,1046,1024,,26.902888,767.060392,78,7.678,7.935,NE,4.1977056,Calm
199.1,32.82519006,-95.30655249,423,,-3.000004973,7.900013095,-0.70000116,20,-29.3,109.9,8.45045747,1028,1684,1099,709,,27.88714,763.779552,78,7.678,7.935,NE,4.1977056,Calm
199.2,32.82518688,-95.30654314,423,,-3.30000547,7.900013095,-0.200000332,15.9,-33.6,110.5,8.561555851,1026,1684,1112,529,,27.88714,760.170628,78,7.678,7.935,NE,4.1977056,Calm
199.3,32.82518379,-95.30653441,423,,-3.700006133,8.000013261,-0.100000166,0.8,-31.7,116.5,8.81420766,1029,1684,1069,840,,27.88714,756.561704,78,7.678,7.859,NE,4.1977056,Calm
199.4,32.8251805,-95.30652596,423,,-3.900006465,8.400013924,-0.300000497,-16.7,-23.4,120.5,9.261224414,1031,1684,1143,686,,28.871392,752.95278,78,7.678,7.859,NE,4.1977056,Calm
199.5,32.82517689,-95.30651658,423,,-3.700006133,8.600014255,-0.300000497,-15.8,-24.2,113.5,9.362173198,1032,1684,1312,428,,28.871392,749.343856,78,7.678,7.859,NE,4.1977056,Calm
199.6,32.82517326,-95.30650629,423,,-3.600005967,8.700014421,-0.100000166,-22.3,-25.3,110.4,9.41542818,1029,1684,1393,364,,29.855644,745.406848,78,7.678,7.859,NE,4.1977056,Calm
199.7,32.82517064,-95.30649733,423,,-3.000004973,9.100015084,-0.400000663,-29.6,-11.1,107.4,9.581769081,1026,1684,1405,364,,29.855644,743.11026,78,7.678,7.859,NE,4.1977056,Calm
199.8,32.82516836,-95.30648735,423,,-2.100003481,9.20001525,-1.100001823,-33.8,-4.3,100.8,9.436646039,1027,1684,1423,366,,31.16798,741.141756,78,7.678,7.859,NE,4.1977056,Calm
199.9,32.82516725,-95.30647662,424,,-1.200001989,9.100015084,-1.400002321,-35.1,-3.9,91,9.178794708,1026,1684,1430,372,,32.152232,741.141756,78,7.678,7.859,NE,4.1977056,Calm
200,32.82516671,-95.30646707,424,,-0.200000332,8.800014587,-1.800002984,-34,-4.5,82,8.802286891,1026,1684,1297,803,,34.120736,741.46984,78,7.678,7.859,NE,4.1977056,Calm
200.1,32.82516733,-95.30645777,425,,0.500000829,8.50001409,-2.000003315,-33.5,-8.9,74.8,8.514706953,1025,1684,1149,1024,,36.417324,743.438344,78,7.678,7.859,NE,4.1977056,Calm
200.2,32.8251681,-95.30644936,426,,1.000001658,8.100013427,-1.900003149,-32.1,-14.8,68.4,8.161508249,1024,1684,1174,1108,,37.401576,745.734932,78,7.603,7.859,NE,4.1977056,Calm
200.3,32.82516949,-95.30644078,427,,1.500002486,7.900013095,-1.700002818,-27.7,-26.1,65.4,8.041157481,1024,1684,1177,1206,,39.698164,748.687688,78,7.603,8.22,NE,4.1977056,Calm
200.4,32.82517094,-95.30643287,427,,1.800002984,7.700012764,-1.200001989,-23.1,-31,62.8,7.907604281,1034,1684,1333,1313,,39.698164,751.640444,78,7.603,8.22,NE,4.1977056,Calm
200.5,32.82517291,-95.30642474,427,,2.200003647,7.600012598,-0.800001326,-20.2,-29.2,59.5,7.912029083,1033,1684,1385,1437,,39.698164,755.249368,78,7.603,8.22,NE,4.1977056,Calm
200.6,32.82517502,-95.30641712,427,,2.700004476,7.500012432,-0.800001326,-18,-27.8,58.2,7.971210921,1031,1684,1024,1684,,39.698164,759.186376,78,7.603,8.22,NE,4.1977056,Calm
200.7,32.82517804,-95.30640847,428,,3.400005636,7.500012432,-1.200001989,-7.4,-29,57.5,8.234696297,1032,1684,657,1684,,40.682416,764.43572,78,7.603,8.22,NE,4.1977056,Calm
200.8,32.82518165,-95.30639956,428,,3.700006133,7.600012598,-1.500002486,12.1,-23.9,53.2,8.4528241,1034,1684,364,1684,,42.979004,770.341232,78,7.603,8.22,NE,4.1977056,Calm
200.9,32.8251849,-95.30639095,429,,3.600005967,7.700012764,-1.300002155,26.5,-19.1,57.2,8.50001409,1034,1684,364,1684,,43.963256,776.246744,78,7.603,8.22,NE,4.1977056,Calm
201,32.82518781,-95.30638301,429,,3.200005304,7.800012929,-1.000001658,32.6,-14.4,68.4,8.430909305,1035,1684,364,1684,,44.947508,781.168004,78,7.603,8.22,NE,4.1977056,Calm
201.1,32.82519007,-95.30637504,429,,2.60000431,7.900013095,-0.800001326,33.3,-12.5,78.1,8.316864037,1035,1684,364,1684,,44.947508,785.76118,78,7.603,8.22,NE,3.9965376,Calm
201.2,32.82519234,-95.30636605,430,,2.100003481,7.900013095,-0.400000663,32.1,-15.1,86.4,8.174363331,1034,1684,364,1684,,44.947508,790.68244,78,7.603,8.22,NE,3.8981888,Calm
201.3,32.82519357,-95.30635712,430,,1.600002652,7.800012929,0,30.8,-17.5,96.4,7.962424796,1035,1684,364,1684,,43.963256,794.291364,78,7.743,8.22,N,3.6970208,Calm
201.4,32.82519487,-95.30634786,430,,1.200001989,7.700012764,0.300000497,30.7,-20.3,105.8,7.792958191,1035,1684,364,1654,,43.963256,798.228372,78,7.743,8.22,N,3.598672,Calm
201.5,32.82519529,-95.30634011,429,,0.600000995,7.600012598,0.600000995,30,-22.8,115,7.623659673,1035,1684,364,1630,,41.666668,800.853044,78,7.743,8.22,N,3.598672,Calm
201.6,32.82519546,-95.3063325,429,,0,7.400012266,1.000001658,28.9,-24.8,124.3,7.400012266,1035,1684,749,1328,,40.682416,803.149632,78,7.743,8.22,N,3.4958528,Calm
201.7,32.82519502,-95.30632589,429,,-0.500000829,7.100011769,1.300002155,27.9,-26.6,133,7.11759564,1035,1684,887,1224,,38.713912,804.461968,78,7.743,8.22,N,3.4958528,Calm
201.8,32.82519415,-95.30631854,428,,-1.200001989,6.700011106,1.400002321,27.1,-24.7,139.3,6.806625676,1035,1684,1024,1086,,36.417324,805.774304,78,7.743,8.22,N,3.397504,Calm
201.9,32.82519186,-95.30631099,428,,-2.400003978,6.200010277,0.900001492,23.2,-23.3,142.8,6.648318977,1035,1684,1024,1024,,35.433072,805.44622,78,7.743,8.22,N,3.397504,Calm
202,32.82518928,-95.30630488,428,,-3.200005304,5.90000978,0.600000995,20.7,-26.3,143.3,6.711940368,1035,1684,995,1179,,35.433072,804.461968,78,7.743,8.22,N,3.397504,Calm
202.1,32.82518584,-95.30629882,428,,-3.900006465,5.600009283,0.400000663,21,-28.3,143.7,6.824232793,1033,1684,687,1307,,35.433072,802.493464,78,7.743,8.22,N,3.397504,Calm
202.2,32.82518178,-95.30629307,428,,-4.700007791,5.300008785,0.300000497,23.2,-27.8,144,7.08379584,1033,1684,364,1298,,35.433072,799.540708,78,7.743,8.22,N,3.397504,Calm
202.3,32.82517662,-95.30628791,427,,-5.100008454,5.000008288,0.600000995,23.1,-27.7,144.5,7.142140372,1034,1684,364,1284,,35.433072,795.6037,78,7.743,3.734,N,3.4958528,Calm
202.4,32.82517112,-95.30628229,427,,-5.500009117,4.800007956,1.000001658,22.2,-26.5,147.4,7.300011653,1032,1684,364,1288,,34.120736,791.338608,78,7.743,3.734,N,3.4958528,Calm
202.5,32.82516652,-95.30627785,427,,-5.90000978,4.500007459,1.300002155,22,-26.5,149.8,7.420254684,1028,1684,364,1304,,33.136484,787.729684,78,7.743,3.734,N,3.4958528,Calm
202.6,32.82516115,-95.30627333,427,,-6.300010443,4.200006962,1.400002321,22.4,-25.8,152.1,7.571669815,1027,1684,364,1304,,33.136484,783.464592,78,7.743,3.734,N,3.598672,Calm
202.7,32.82515408,-95.30626804,426,,-6.800011272,3.900006465,1.400002321,22.2,-25.3,154.2,7.839017616,1026,1684,364,1291,,32.152232,777.55908,78,7.743,3.734,N,3.598672,Calm
202.8,32.82514795,-95.3062643,426,,-7.300011653,3.500005802,1.400002321,22.5,-25.9,155.9,8.095690997,1025,1684,364,1245,,31.16798,772.309736,78,7.743,3.734,N,3.598672,Calm
202.9,32.82514089,-95.30626071,425,,-7.800012929,3.100005139,1.400002321,21.1,-27.4,158.1,8.393463447,1025,1684,364,1024,,29.855644,765.748056,78,7.743,3.734,N,3.6970208,Calm
203,32.82513478,-95.30625795,425,,-8.200013592,2.800004641,1.400002321,16.9,-30.3,160.5,8.664885571,1025,1684,674,1024,,28.871392,760.170628,78,7.743,3.734,NW,3.6970208,Calm
203.1,32.82512563,-95.30625461,425,,-8.700014421,2.60000431,1.400002321,11.9,-32.6,162.8,9.080213,1028,1684,1024,1024,,27.88714,751.640444,78,7.743,3.734,NW,3.6970208,Calm
203.2,32.82511794,-95.30625202,424,,-9.20001525,2.400003978,1.400002321,10.9,-33.1,164.3,9.507906897,1034,1684,1024,1133,,27.88714,744.094512,78,7.709,3.734,NW,3.79984,Calm
203.3,32.82510883,-95.30624955,424,,-9.800016244,2.200003647,1.000001658,10.3,-31.4,165,10.04391993,1036,1684,1024,1363,,27.88714,735.236244,78,7.709,5.776,NW,3.79984,Calm
203.4,32.82509874,-95.30624715,424,,-10.30001707,1.900003149,0.500000829,12.3,-30.8,164.9,10.47379404,1038,1684,1024,1631,,27.88714,725.393724,78,7.709,5.776,NW,3.79984,Calm
203.5,32.82508862,-95.30624496,423,,-10.8000179,1.600002652,0.300000497,25.3,-20.3,164.3,10.91789296,1038,1684,1029,1629,,27.88714,715.551204,78,7.709,5.776,NW,3.8981888,Calm
203.6,32.82507915,-95.30624362,423,,-11.1000184,0.900001492,0,33.1,-4.1,169.9,11.13644501,1037,1684,1024,1300,,27.88714,706.036768,78,7.709,5.776,NW,3.8981888,Calm
203.7,32.82506972,-95.30624336,423,,-10.90001807,0.100000166,-0.200000332,35.4,1,177.2,10.90047673,1037,1684,1024,1024,,28.871392,696.194248,78,7.709,5.776,NW,3.8981888,Calm
203.8,32.82505994,-95.30624351,424,,-10.70001774,-0.400000663,-0.100000166,23.8,-4.5,-176.7,10.70749135,1037,1684,1024,1024,,29.855644,685.69556,78,7.709,5.776,NW,3.9965376,Calm
203.9,32.82504943,-95.30624432,424,,-10.60001757,-0.70000116,0,14.4,-17.3,-172.7,10.6231054,1036,1684,1024,1024,,31.16798,674.21262,78,7.709,5.776,NW,3.9965376,Calm
204,32.82504031,-95.30624525,423,,-10.60001757,-1.000001658,0.200000332,14.1,-24.8,-172.1,10.64708284,1035,1684,1002,1167,,31.16798,664.042016,78,7.709,5.776,NW,3.9965376,Calm
204.1,32.82503174,-95.30624635,423,,-10.8000179,-1.400002321,0.100000166,17.2,-26.5,-173.2,10.89038033,1036,1684,905,1188,,31.16798,654.52758,78,7.709,5.776,NW,3.9965376,Calm
204.2,32.82502104,-95.30624836,423,,-11.00001823,-1.900003149,0,19.5,-26.9,-172.9,11.16290307,1035,1684,501,1242,,31.16798,642.388472,78,7.709,5.776,NW,4.0993568,Calm
204.3,32.82501212,-95.30625027,423,,-11.1000184,-2.200003647,0.200000332,20.6,-26.2,-172.2,11.31593648,1035,1684,364,1233,,29.855644,631.889784,78,7.709,5.776,NW,4.0993568,Calm
204.4,32.82500112,-95.30625307,423,,-11.1000184,-2.500004144,0.500000829,22.7,-25.2,-171.9,11.37806789,1035,1684,364,1233,,28.871392,619.094508,78,7.709,5.776,NW,4.0993568,Calm
204.5,32.82499082,-95.30625619,423,,-11.1000184,-2.800004641,0.800001326,21,-23.1,-170.3,11.44772611,1038,1684,1024,1108,,27.88714,606.9554,78,7.709,5.776,NW,4.0993568,Calm
204.6,32.82497976,-95.30625985,423,,-11.1000184,-3.200005304,1.000001658,13.5,-22.5,-167.2,11.55207508,1038,1684,1024,1141,,27.88714,593.503956,78,7.709,5.776,NW,4.0993568,Calm
204.7,32.8249688,-95.3062637,422,,-11.20001857,-3.500005802,0.900001492,5,-22.9,-164.4,11.7341576,1038,1684,1024,1141,,26.902888,580.380596,78,7.709,5.776,NW,4.1977056,Calm
204.8,32.82495894,-95.30626737,422,,-11.50001906,-3.700006133,0.500000829,4.4,-23.3,-163.5,12.08058276,1038,1684,1119,1201,,26.902888,568.241488,78,7.709,5.776,NW,4.1977056,Calm
204.9,32.82494825,-95.3062713,422,,-11.70001939,-3.900006465,0.200000332,8.4,-22.5,-163.9,12.33290331,1038,1684,1161,1176,,26.902888,555.446212,78,7.709,5.776,NW,4.1977056,Calm
205,32.82493772,-95.30627564,422,,-11.80001956,-4.100006796,0,11.2,-19.5,-163.6,12.49201781,1038,1684,1161,1176,,26.902888,542.322852,78,7.709,5.776,NW,4.1977056,Calm
205.1,32.82492678,-95.30628017,422,,-11.80001956,-4.400007293,-0.300000497,8.2,-17.9,-162.2,12.59366979,1038,1684,1294,1024,,27.88714,528.871408,78,7.673,5.776,NW,4.1977056,Calm
205.2,32.82491665,-95.30628481,422,,-11.80001956,-4.600007625,-0.500000829,-2.7,-21.3,-159.7,12.66493288,1038,1684,1136,1034,,27.88714,516.076132,78,7.673,5.776,NW,4.1977056,Calm
205.3,32.82490598,-95.30628948,422,,-11.90001973,-4.600007625,-0.800001326,-4.6,-21.8,-158.5,12.75815547,1038,1684,1024,1024,,28.871392,502.624688,78,7.673,5.959,NW,4.2960544,Calm
205.4,32.8248958,-95.30629413,423,,-12.00001989,-4.500007459,-0.70000116,-2.4,-26.2,-158.6,12.81602659,1025,1684,1195,930,,29.855644,489.829412,78,7.673,5.959,NW,4.2960544,Calm
205.5,32.82488322,-95.30629969,423,,-11.90001973,-4.500007459,-0.200000332,-2.3,-27.7,-158.8,12.7224419,1024,1684,1403,933,,29.855644,474.409464,78,7.673,5.959,NW,4.0993568,Calm
205.6,32.824873,-95.30630435,423,,-12.00001989,-4.600007625,-0.300000497,-5,-22.5,-158.8,12.85147999,1024,1684,1452,1009,,28.871392,461.614188,78,7.673,5.959,NW,3.8981888,Calm
205.7,32.82486272,-95.30630885,423,,-12.30002039,-4.600007625,-1.000001658,-3,-17.7,-159.1,13.13204364,1024,1684,1422,1024,,29.855644,448.818912,78,7.673,5.959,NW,3.6970208,Calm
205.8,32.82485046,-95.30631425,424,,-12.40002055,-4.500007459,-1.500002486,0.3,-17.7,-159.7,13.19130684,1024,1684,1414,1024,,31.16798,433.398964,78,7.673,5.959,NW,3.4958528,Calm
205.9,32.82483901,-95.30631881,424,,-12.40002055,-4.600007625,-1.800002984,0.4,-19.3,-160,13.2257544,1024,1684,1398,1024,,33.136484,419.619436,78,7.673,5.959,N,3.397504,Calm
206,32.82482839,-95.30632352,425,,-12.40002055,-4.600007625,-2.000003315,-0.7,-21.1,-159.7,13.2257544,1024,1684,1396,1024,,35.433072,406.496076,78,7.673,5.959,N,3.2991552,Calm
206.1,32.82481679,-95.30632801,426,,-12.40002055,-4.600007625,-2.000003315,-1.5,-22.8,-159.5,13.2257544,1037,1485,1376,1024,,37.401576,392.716548,78,7.673,5.959,N,3.2991552,Calm
206.2,32.82480559,-95.30633294,426,,-12.50002072,-4.600007625,-2.000003315,-1.9,-23.2,-159.4,13.31955635,1024,1024,1299,1024,,39.698164,378.93702,78,7.612,5.959,N,3.196336,Calm
206.3,32.82479403,-95.30633802,427,,-12.50002072,-4.700007791,-2.000003315,-2.1,-14.3,-159.7,13.3544219,1024,1024,1124,1024,,40.682416,364.829408,78,7.612,5.959,N,3.0979872,Calm
206.4,32.8247834,-95.30634276,427,,-12.30002039,-4.600007625,-2.100003481,-1.8,4.7,-159.8,13.13204364,1024,1024,1082,1024,,42.979004,351.706048,78,7.612,5.959,N,3.0979872,Calm
206.5,32.82477078,-95.30634824,428,,-11.90001973,-4.400007293,-2.100003481,-2.1,13.6,-159.6,12.68741631,1024,1024,1182,1136,,46.259844,336.614184,78,7.612,5.959,N,3.0979872,Calm
206.6,32.82476078,-95.30635262,429,,-11.50001906,-4.200006962,-1.900003149,-1.6,24.9,-160.7,12.24297719,1024,1024,1190,1271,,48.228348,324.475076,78,7.612,5.959,N,3.196336,Calm
206.7,32.82475169,-95.30635687,429,,-10.90001807,-4.00000663,-1.800002984,-0.6,28.7,-159.9,11.61078976,1024,1024,1024,1290,,50.524936,313.32022,78,7.612,5.959,N,3.196336,Calm
206.8,32.82474207,-95.30636113,430,,-10.40001724,-3.800006299,-1.400002321,0.2,31.4,-159.3,11.07250666,1024,1024,1024,1065,,51.509188,301.83728,78,7.612,5.959,N,3.196336,Calm
206.9,32.82473214,-95.30636546,431,,-9.90001641,-3.600005967,-0.900001492,2.5,32.6,-157.5,10.53424726,1024,1024,1024,1031,,51.509188,290.026256,78,7.612,5.959,N,3.196336,Calm
207,32.82472339,-95.30636929,431,,-9.500015747,-3.500005802,-0.400000663,6.6,33.1,-154.2,10.12424497,1024,1024,1024,1028,,51.509188,279.855652,78,7.612,5.959,N,3.2991552,Calm
207.1,32.82471546,-95.30637284,431,,-8.900014753,-3.30000547,-0.100000166,9.6,34.8,-152.1,9.492117444,1024,1024,1024,1036,,51.509188,270.341216,78,7.612,5.959,N,3.2991552,Calm
207.2,32.82470829,-95.30637615,431,,-8.200013592,-3.100005139,0,10.3,37.5,-151.8,8.766427578,1024,1024,1024,1053,,50.524936,261.811032,78,7.612,5.959,N,3.2991552,Calm
207.3,32.82470137,-95.30637946,431,,-7.400012266,-3.000004973,0,8.4,38.6,-152.3,7.984998975,1024,1024,1024,1024,,49.2126,253.608932,78,7.612,7.901,N,3.2991552,Calm
207.4,32.82469449,-95.30638292,431,,-6.700011106,-2.800004641,0,7.2,39.3,-153,7.261554143,1024,1024,1024,1024,,48.228348,245.406832,78,7.612,7.901,N,3.2991552,Calm
207.5,32.82468995,-95.30638525,431,,-5.800009614,-2.500004144,0,6.2,38.7,-153.6,6.315863375,1024,1024,1024,1024,,48.228348,240.157488,78,7.612,7.901,N,3.397504,Calm
207.6,32.82468467,-95.30638817,431,,-5.000008288,-2.300003812,0,1.7,36.3,-154.6,5.503643999,1024,1024,1024,1024,,47.244096,233.595808,78,7.612,7.901,N,3.397504,Calm
207.7,32.82468061,-95.3063905,431,,-4.300007128,-2.000003315,0,-0.8,33.9,-155.6,4.742369748,1024,1024,1024,1024,,47.244096,228.674548,78,7.612,7.901,N,3.397504,Calm
207.8,32.82467747,-95.30639237,431,,-3.600005967,-1.700002818,0,0,31.5,-155.4,3.981212175,1024,1024,1024,1024,,47.244096,224.73754,78,7.612,7.901,N,3.397504,Calm
207.9,32.82467459,-95.30639391,431,,-3.000004973,-1.400002321,0,0,31.5,-155.2,3.310594507,1024,1024,1024,1024,,48.228348,221.128616,78,7.612,7.901,N,3.397504,Calm
208,32.82467265,-95.30639509,431,,-2.500004144,-1.200001989,0,-0.7,31.6,-155.5,2.773089257,1024,1024,1024,1024,,48.228348,218.832028,78,7.612,7.901,N,3.397504,Calm
208.1,32.8246704,-95.30639632,431,,-1.900003149,-0.900001492,0,-1.1,31.5,-155.6,2.102383075,1024,1024,1024,1024,,48.228348,215.879272,78,7.612,7.901,N,3.4958528,Calm
208.2,32.82466913,-95.30639718,431,,-1.400002321,-0.70000116,0,-0.9,27.5,-155.4,1.565249763,1024,1024,1024,1024,,48.228348,214.238852,78,7.684,7.901,N,3.4958528,Calm
208.3,32.82466777,-95.30639791,431,,-1.000001658,-0.500000829,0,-0.8,21.5,-155.3,1.118035417,1024,1024,1119,1024,,49.2126,212.598432,77,7.684,6.207,N,3.4958528,Calm
208.4,32.82466704,-95.30639842,431,,-0.800001326,-0.400000663,0,-0.8,17.2,-155.3,0.894428244,1024,1024,1302,1024,,49.2126,211.942264,77,7.684,6.207,N,3.4958528,Calm
208.5,32.82466606,-95.3063987,431,,-0.600000995,-0.300000497,0,-0.7,14.5,-155.3,0.670821071,1024,1024,1330,1024,,50.524936,210.958012,77,7.684,6.207,N,3.4958528,Calm
208.6,32.82466558,-95.30639895,431,,-0.400000663,-0.200000332,-0.300000497,0.5,11,-155.4,0.447213899,1024,1024,1330,1024,,51.509188,210.301844,77,7.684,6.207,N,3.4958528,Calm
208.7,32.82466496,-95.3063991,431,,-0.300000497,-0.100000166,-0.800001326,0.4,8.4,-155.3,0.316228049,1024,1024,1321,1024,,52.49344,209.645676,77,7.684,6.207,N,3.4958528,Calm
208.8,32.82466465,-95.30639923,432,,-0.200000332,-0.100000166,-1.200001989,0,7.6,-155.3,0.223606726,1024,1024,1326,1024,,54.790028,209.317592,77,7.684,6.207,N,3.4958528,Calm
208.9,32.82466407,-95.30639928,432,,-0.200000332,0,-1.500002486,0.3,7.9,-155.3,0.200000332,1024,1024,1305,1024,,55.77428,208.989508,77,7.684,6.207,N,3.4958528,Calm
209,32.82466373,-95.30639937,433,,-0.200000332,0,-1.600002652,1.5,8.2,-155.1,0.200000332,1024,1024,1306,1051,,59.05512,208.661424,77,7.684,6.207,N,3.4958528,Calm
209.1,32.82466364,-95.30639925,433,,-0.100000166,0,-1.600002652,1.4,7.3,-155.1,0.100000166,1024,1024,1153,1149,,60.039372,208.661424,77,7.684,6.207,N,3.4958528,Calm
209.2,32.82466334,-95.30639935,434,,-0.100000166,0,-1.600002652,0.7,7.1,-155.2,0.100000166,1024,988,1024,1030,,62.33596,208.33334,77,7.684,6.207,N,3.4958528,Calm
209.3,32.82466336,-95.30639945,435,,-0.100000166,0,-1.300002155,0.4,7.6,-154.9,0.100000166,1252,837,749,1058,,64.304464,208.005256,77,7.662,6.207,N,3.4958528,Calm
209.4,32.82466319,-95.30639953,435,,-0.100000166,0,-0.900001492,0.9,9.7,-154.6,0.100000166,1459,738,662,1024,,65.6168,208.005256,77,7.662,6.207,N,3.4958528,Calm
209.5,32.82466292,-95.30639977,436,,-0.100000166,0,-0.500000829,7,13.7,-153.7,0.100000166,1546,794,869,1024,,65.6168,207.677172,77,7.662,6.207,N,3.4958528,Calm
209.6,32.8246628,-95.30639986,436,,0,0,-0.200000332,20.3,19,-150.9,0,1492,737,1009,1024,,65.6168,207.349088,77,7.662,6.207,N,3.4958528,Calm
209.7,32.82466297,-95.30640006,436,,0.200000332,-0.200000332,0.100000166,29.1,18.3,-149.5,0.282843102,1484,725,1024,1024,,64.304464,207.349088,77,7.662,6.207,N,3.4958528,Calm
209.8,32.82466342,-95.30640057,436,,0.70000116,-0.600000995,0,29.5,15.4,-150.9,0.921955626,1487,829,1024,1024,,62.33596,207.349088,77,7.662,6.207,N,3.4958528,Calm
209.9,32.82466442,-95.30640174,436,,1.100001823,-1.000001658,-0.100000166,27.5,17.8,-150.3,1.486609168,1024,1024,1024,1024,,61.351708,207.349088,77,7.662,6.207,N,3.4958528,Calm
210,32.82466582,-95.30640325,436,,1.500002486,-1.300002155,0,23.6,17.2,-150.9,1.984946561,1024,1024,1024,1024,,60.039372,207.021004,77,7.662,6.207,N,3.4958528,Calm
210.1,32.82466741,-95.30640499,436,,1.800002984,-1.500002486,0,9.4,9.3,-153.7,2.343078352,1024,1024,1024,1024,,60.039372,207.021004,77,7.662,6.207,N,3.4958528,Calm
210.2,32.82466911,-95.30640672,436,,1.800002984,-1.500002486,-0.100000166,-2.8,2,-155,2.343078352,1024,1024,1024,1024,,60.039372,207.349088,77,7.662,6.207,N,3.4958528,Calm
210.3,32.82467068,-95.30640844,436,,1.600002652,-1.400002321,0,-7.3,-0.5,-154.5,2.126032385,1024,1024,1024,1024,,61.351708,207.349088,77,7.662,5.509,N,3.4958528,Calm
210.4,32.82467227,-95.30641013,436,,1.500002486,-1.300002155,0,-13.5,-1.4,-154,1.984946561,1024,1024,1024,1024,,62.33596,207.349088,77,7.662,5.509,N,3.4958528,Calm
210.5,32.82467344,-95.30641139,436,,1.200001989,-1.100001823,0,-17.2,-4.1,-153.5,1.627884537,1024,1024,1024,1024,,63.320212,207.349088,77,7.662,5.509,N,3.4958528,Calm
210.6,32.82467428,-95.30641235,436,,0.900001492,-0.800001326,0,-15.4,-4.1,-153.8,1.204161249,1024,1024,1024,1024,,62.33596,207.349088,77,7.662,5.509,N,3.4958528,Calm
210.7,32.82467492,-95.30641312,436,,0.600000995,-0.600000995,0,-11.9,-1.3,-154.2,0.848529306,1024,1024,1024,1024,,62.33596,207.349088,77,7.662,5.509,N,3.4958528,Calm
210.8,32.82467533,-95.30641372,436,,0.400000663,-0.500000829,0,-8.9,1.8,-154.6,0.640313274,1024,1024,1024,1024,,62.33596,207.349088,77,7.662,5.509,N,3.4958528,Calm
210.9,32.82467549,-95.3064142,436,,0.200000332,-0.400000663,0,-8.1,3,-154.8,0.447213899,1024,1024,1024,1024,,63.320212,207.021004,77,7.662,5.509,N,3.4958528,Calm
211,32.82467567,-95.30641454,436,,0.100000166,-0.300000497,0,-7.2,3.4,-154.8,0.316228049,1024,1024,1024,1024,,63.320212,207.021004,77,7.662,5.509,N,3.4958528,Calm
211.1,32.82467565,-95.30641495,436,,0,-0.200000332,0,-5.1,3.3,-154.7,0.200000332,1024,1024,1024,1024,,63.320212,206.69292,77,7.662,5.509,N,3.598672,Calm
211.2,32.82467569,-95.30641516,436,,0,-0.100000166,0,-3,2.9,-154.5,0.100000166,1024,1133,1024,1024,,64.304464,206.69292,77,7.705,5.509,N,3.598672,Calm
211.3,32.82467556,-95.30641548,436,,0,-0.100000166,0,-3.3,3.4,-154.4,0.100000166,1024,1429,1024,1024,,64.304464,206.364836,77,7.705,5.128,N,3.598672,Calm
211.4,32.82467553,-95.3064157,436,,0,-0.100000166,0,-3.7,3.4,-154.5,0.100000166,1024,1513,1024,1024,,65.6168,206.036752,77,7.705,5.128,N,3.4958528,Calm
211.5,32.82467541,-95.30641592,436,,-0.100000166,-0.100000166,0,-3.8,-0.4,-154.4,0.141421551,1024,1537,1024,1024,,65.6168,205.708668,77,7.705,5.128,N,3.397504,Calm
211.6,32.82467529,-95.30641613,436,,-0.200000332,-0.200000332,0,-2.5,-7.1,-154.4,0.282843102,1024,1550,1024,1024,,65.6168,205.708668,77,7.705,5.128,N,3.397504,Calm
211.7,32.8246749,-95.30641653,436,,-0.400000663,-0.300000497,0,-2.5,-8.1,-154.3,0.500000829,1024,1576,1024,1024,,65.6168,205.0525,77,7.705,5.128,N,3.2991552,Calm
211.8,32.82467449,-95.30641696,436,,-0.500000829,-0.300000497,0,-3.6,-7.4,-154.1,0.58309573,1024,1614,1024,1024,,65.6168,204.396332,77,7.705,5.128,N,3.2991552,Calm
211.9,32.82467374,-95.30641734,436,,-0.70000116,-0.400000663,0,-4.3,-7.3,-154.1,0.806226805,1024,1650,1024,1024,,65.6168,203.41208,77,7.705,5.128,N,3.2991552,Calm
212,32.82467288,-95.30641795,436,,-0.900001492,-0.400000663,0,-3.2,-8.5,-154.2,0.984887235,1024,1661,1024,1024,,65.6168,202.099744,77,7.705,5.128,N,3.196336,Calm
212.1,32.82467179,-95.30641851,436,,-1.100001823,-0.500000829,0,-2.7,-10,-154.2,1.208306204,1024,1291,1024,1024,,65.6168,200.787408,77,7.705,5.128,N,3.196336,Calm
212.2,32.82467077,-95.30641917,436,,-1.300002155,-0.600000995,0,-2.6,-11.8,-154.2,1.431784182,1024,1024,1024,1024,,64.304464,199.475072,77,7.705,5.128,N,3.196336,Calm
212.3,32.82466943,-95.30641998,436,,-1.600002652,-0.70000116,0,-2.6,-11.2,-154.2,1.746427475,1024,1024,1024,1024,,64.304464,197.834652,77,7.705,5.128,NE,3.196336,Calm
212.4,32.8246676,-95.30642107,436,,-1.700002818,-0.800001326,0,-2.1,1.6,-154.5,1.878832229,1024,1024,1024,1024,,64.304464,195.538064,77,7.705,5.128,NE,3.196336,Calm
212.5,32.82466608,-95.30642183,436,,-1.700002818,-0.800001326,0,-2.8,7.1,-154.6,1.878832229,1024,1024,1024,1024,,64.304464,193.56956,77,7.705,5.128,NE,3.196336,Calm
212.6,32.82466446,-95.30642279,436,,-1.600002652,-0.70000116,0,-2.4,10.4,-154.6,1.746427475,1024,1024,1024,1024,,64.304464,191.601056,77,7.705,5.128,NE,3.196336,Calm
212.7,32.82466302,-95.30642376,436,,-1.400002321,-0.600000995,0,-1.8,14.9,-154.5,1.523156923,1024,1024,1024,1024,,64.304464,189.632552,77,7.705,5.128,NE,3.2991552,Calm
212.8,32.82466187,-95.30642441,436,,-1.200001989,-0.500000829,0,-1.4,17.1,-154.5,1.300002155,1024,1024,1024,1024,,64.304464,188.320216,77,7.705,5.128,NE,3.2991552,Calm
212.9,32.82466084,-95.30642488,436,,-1.000001658,-0.400000663,0,-1.1,16.9,-154.6,1.077034696,1024,1024,1024,1024,,64.304464,187.00788,77,7.705,5.128,NE,3.2991552,Calm
213,32.82466016,-95.30642525,436,,-0.800001326,-0.300000497,0,-1.1,15.7,-154.6,0.854401624,1024,1024,1024,1024,,63.320212,186.351712,77,7.705,5.128,NE,3.2991552,Calm
213.1,32.82465946,-95.30642566,436,,-0.600000995,-0.200000332,0,-1.5,13.7,-154.6,0.632456546,1024,1024,1024,1024,,63.320212,185.36746,77,7.705,5.128,NE,3.2991552,Calm
213.2,32.82465901,-95.30642594,436,,-0.400000663,-0.200000332,0,-1.6,11.5,-154.5,0.447213899,1024,1024,1024,1024,,63.320212,184.711292,77,7.708,5.128,NE,3.2991552,Calm
213.3,32.82465855,-95.30642601,436,,-0.300000497,-0.100000166,0,-1.8,10.3,-154.5,0.316228049,1024,1024,1024,1024,,63.320212,184.383208,77,7.708,5.211,NE,3.2991552,Calm
213.4,32.82465823,-95.30642616,436,,-0.300000497,-0.100000166,0,-1.6,9.5,-154.5,0.316228049,1024,1024,1024,1024,,63.320212,184.055124,77,7.708,5.211,NE,3.2991552,Calm
213.5,32.82465797,-95.30642629,436,,-0.200000332,0,0,-0.8,9.1,-154.5,0.200000332,1024,1024,1024,1024,,63.320212,183.72704,77,7.708,5.211,NE,3.397504,Calm
213.6,32.8246578,-95.30642635,436,,-0.200000332,0,0,-0.7,8.2,-154.4,0.200000332,1024,1024,1024,1024,,63.320212,183.398956,77,7.708,5.211,NE,3.397504,Calm
213.7,32.8246575,-95.30642634,436,,-0.100000166,0,0,-1,7.5,-154.5,0.100000166,1024,1024,1024,1024,,64.304464,183.398956,77,7.708,5.211,NE,3.397504,Calm
213.8,32.82465735,-95.30642636,436,,-0.100000166,0,0,-1.3,6.9,-154.4,0.100000166,1024,1024,1024,1024,,64.304464,183.070872,77,7.708,5.211,NE,3.397504,Calm
213.9,32.82465722,-95.30642628,436,,-0.100000166,0,0,-0.8,6.3,-154.5,0.100000166,1024,1024,1024,1024,,64.304464,183.070872,77,7.708,5.211,NE,3.397504,Calm
214,32.82465712,-95.30642626,436,,-0.100000166,0,0,-0.7,6.3,-154.4,0.100000166,1024,1024,1024,1024,,64.304464,183.070872,77,7.708,5.211,NE,3.397504,Calm
214.1,32.82465702,-95.30642638,436,,-0.100000166,0,0,-0.9,6.9,-154.5,0.100000166,1024,1024,1024,1024,,64.304464,182.742788,77,7.713,5.211,NE,3.397504,Calm
214.2,32.82465692,-95.30642637,436,,0,0,0,-0.7,7.4,-154.5,0,1024,1024,1024,1024,,64.304464,182.742788,77,7.713,5.211,NE,3.397504,Calm
214.3,32.82465684,-95.30642638,436,,0,0,0,-0.2,6.4,-154.5,0,1024,1024,1024,1024,,64.304464,182.742788,77,7.713,5.211,NE,3.397504,Calm
214.4,32.82465674,-95.30642636,436,,0,0,0,0.4,7.2,-154.6,0,1024,1024,1024,1024,,64.304464,182.742788,77,7.713,5.211,NE,3.397504,Calm
214.5,32.82465667,-95.30642635,436,,0,0,0,0.9,7.4,-154.4,0,1024,1024,1024,1024,,64.304464,182.742788,77,7.713,5.211,NE,3.397504,Calm
214.6,32.82465661,-95.30642631,436,,0,0,0,1.6,6.5,-154.3,0,1024,1024,1024,1024,,64.304464,182.742788,77,7.713,5.211,NE,3.397504,Calm
214.7,32.82465659,-95.30642636,436,,0,0,0,1.4,6.4,-154.3,0,1024,1024,1024,1024,,64.304464,182.414704,77,7.713,5.211,NE,3.397504,Calm
214.8,32.82465657,-95.30642636,436,,0,0,0,0.4,6.5,-154.4,0,1024,1024,1024,1024,,64.304464,182.414704,77,7.713,5.211,NE,3.397504,Calm
214.9,32.82465663,-95.30642639,436,,0,0,0,0.1,6.3,-154.4,0,1024,1024,1024,1024,,64.304464,182.414704,77,7.713,5.211,NE,3.397504,Calm
215,32.82465663,-95.30642641,436,,0,0,0,0.3,6.6,-154.5,0,1024,1024,1024,1024,,64.304464,182.414704,77,7.713,5.211,NE,3.397504,Calm
215.1,32.82465665,-95.30642651,436,,0,0,0,-0.4,6.3,-154.5,0,1024,1024,1024,1024,,64.304464,182.414704,77,7.713,5.211,NE,3.397504,Calm
215.2,32.82465666,-95.30642655,436,,0,0,0,-0.4,6.5,-154.5,0,1024,1024,1024,1024,,64.304464,182.414704,77,7.713,5.211,NE,3.397504,Calm
215.3,32.82465666,-95.30642651,436,,0,0,0,-0.2,7.1,-151.6,0,1024,1024,1024,1024,,64.304464,182.414704,77,7.713,5.027,NE,3.397504,Calm
215.4,32.82465666,-95.30642652,436,,0,0,0,0.3,7,-148.9,0,1024,1024,1024,1024,,64.304464,182.414704,77,7.713,5.027,NE,3.397504,Calm
215.5,32.82465665,-95.30642659,436,,0,0,0,0.2,6.6,-147.1,0,1024,1024,1024,1024,,64.304464,182.414704,77,7.713,5.027,NE,3.397504,Calm
215.6,32.82465665,-95.3064266,436,,0,0,0,0.1,7.1,-145.6,0,1024,1024,1024,1024,,64.304464,182.414704,77,7.713,5.027,NE,3.397504,Calm
215.7,32.82465664,-95.30642658,436,,0,0,0,0.7,6.9,-144.1,0,1024,1024,1024,1024,,64.304464,182.414704,77,7.713,5.027,NE,3.397504,Calm
215.8,32.82465663,-95.30642657,436,,0,0,0,0.6,6.5,-142.7,0,1024,1024,1024,1024,,64.304464,182.414704,77,7.713,5.027,NE,3.4958528,Calm
215.9,32.82465664,-95.30642667,436,,0,0,0,0.3,6.3,-141.5,0,1024,1024,1024,1024,,64.304464,182.414704,77,7.713,5.027,NE,3.4958528,Calm
216,32.82465664,-95.30642668,436,,0,0,0,-1,4.1,-140.7,0,1024,1024,1024,1024,,65.6168,182.414704,77,7.713,5.027,NE,3.4958528,Calm
216.1,32.82465659,-95.30642665,436,,0,0,0,-0.1,2.4,-139.9,0,1024,1024,1024,1024,,65.6168,182.414704,77,7.729,5.027,NE,3.4958528,Calm
216.2,32.82465644,-95.30642665,436,,-0.100000166,0,0,1.7,1.7,-139.2,0.100000166,1024,1024,1024,1024,,65.6168,182.08662,77,7.729,5.027,NE,3.4958528,Calm
216.3,32.82465634,-95.30642678,436,,-0.200000332,0,0,3,1.4,-138.4,0.200000332,1024,1024,1024,1024,,65.6168,182.08662,77,7.729,5.082,NE,3.4958528,Calm
216.4,32.8246561,-95.30642688,436,,-0.200000332,-0.100000166,0,3.8,1,-137.8,0.223606726,1024,1024,1024,1024,,65.6168,181.758536,77,7.729,5.082,NE,3.4958528,Calm
216.5,32.8246557,-95.30642715,436,,-0.300000497,-0.200000332,0,4.1,0.5,-137.3,0.360555642,1024,1024,1024,1024,,65.6168,181.102368,77,7.729,5.082,NE,3.4958528,Calm
216.6,32.82465538,-95.30642743,436,,-0.300000497,-0.200000332,0,4.2,-0.2,-136.8,0.360555642,1024,1024,1024,1024,,65.6168,180.774284,77,7.729,5.082,NE,3.598672,Calm
216.7,32.8246549,-95.30642795,436,,-0.400000663,-0.300000497,0,4.4,-1.8,-136.6,0.500000829,1024,1024,1024,1024,,65.6168,180.118116,77,7.729,5.082,NE,3.598672,Calm
216.8,32.82465446,-95.30642842,436,,-0.500000829,-0.400000663,0,4.6,-2.5,-136.1,0.640313274,1024,1024,1024,1024,,65.6168,179.133864,77,7.729,5.082,NE,3.598672,Calm
216.9,32.8246539,-95.30642927,436,,-0.600000995,-0.600000995,0,4.5,-3.2,-135.9,0.848529306,1024,1024,1024,1024,,65.6168,178.149612,77,7.729,5.082,NE,3.6970208,Calm
217,32.82465332,-95.30643003,436,,-0.600000995,-0.70000116,0,3.5,-4,-135.7,0.921955626,1024,1024,1024,1024,,65.6168,177.16536,77,7.729,5.082,NE,3.6970208,Calm
217.1,32.82465276,-95.30643116,436,,-0.70000116,-0.800001326,0,3,-4.7,-135.5,1.063015969,1024,1024,1024,1024,,65.6168,175.853024,77,7.713,5.082,NE,3.6970208,Calm
217.2,32.82465205,-95.30643213,436,,-0.800001326,-0.900001492,0,3,-5.1,-135.4,1.204161249,1024,1024,1024,1024,,65.6168,174.540688,77,7.713,5.082,NE,3.79984,Calm
217.3,32.82465133,-95.30643336,436,,-0.900001492,-1.000001658,0,2.6,-5.3,-135.2,1.345364198,1024,1024,1024,1024,,64.304464,173.228352,77,7.713,5.082,NE,3.79984,Calm
217.4,32.8246503,-95.30643475,436,,-1.000001658,-1.100001823,0,2.4,-5.6,-135,1.486609168,1024,1024,1024,1024,,64.304464,171.259848,77,7.713,5.082,NE,3.79984,Calm
217.5,32.82464924,-95.30643635,436,,-1.100001823,-1.300002155,0,2.6,-6,-135,1.702941212,1024,1024,1024,1024,,64.304464,169.291344,77,7.713,5.082,NE,3.79984,Calm
217.6,32.82464823,-95.3064377,436,,-1.200001989,-1.400002321,0,2.2,-5.8,-134.9,1.8439117,1024,1024,1024,1024,,64.304464,167.32284,77,7.713,5.082,NE,3.8981888,Calm
217.7,32.82464691,-95.30643958,436,,-1.300002155,-1.500002486,0,2.2,-6.3,-134.8,1.984946561,1024,1024,1024,1024,,64.304464,165.026252,77,7.713,5.082,NE,3.8981888,Calm
217.8,32.82464564,-95.30644121,436,,-1.500002486,-1.600002652,0,1.8,-6.1,-134.7,2.193174664,1024,1024,1024,1024,,64.304464,162.729664,77,7.713,5.082,NE,3.8981888,Calm
217.9,32.82464437,-95.30644301,436,,-1.600002652,-1.700002818,0,1.8,-6,-134.8,2.334527371,1024,1024,1024,1024,,64.304464,160.433076,77,7.713,5.082,NE,3.8981888,Calm
218,32.82464294,-95.30644482,436,,-1.700002818,-1.700002818,0,2.6,-6,-134.7,2.404166815,1024,1024,1024,1024,,64.304464,157.808404,77,7.713,5.082,NE,3.9965376,Calm
218.1,32.82464142,-95.306447,436,,-1.700002818,-1.800002984,0,3.3,-6.4,-134.7,2.475887677,1024,1024,1024,1024,,64.304464,154.855648,77,7.713,5.082,NE,3.9965376,Calm
218.2,32.82463986,-95.30644898,436,,-1.800002984,-1.900003149,0,3.3,-6.8,-134.7,2.617254689,1024,1024,1024,1024,,64.304464,152.230976,77,7.713,5.082,NE,3.9965376,Calm
218.3,32.82463814,-95.3064513,436,,-1.900003149,-2.000003315,0,2.9,-7,-134.6,2.758627066,1024,1024,1024,1024,,64.304464,149.27822,77,7.713,5.191,NE,3.9965376,Calm
218.4,32.82463617,-95.30645383,436,,-2.000003315,-2.100003481,0,2.8,-7.1,-134.5,2.900004807,1024,1024,1024,1024,,64.304464,145.669296,77,7.713,5.191,NE,3.9965376,Calm
218.5,32.82463458,-95.30645589,436,,-2.100003481,-2.200003647,0,2.5,-7.1,-134.4,3.041386124,1024,1024,1024,1024,,64.304464,142.71654,77,7.713,5.191,NE,3.9965376,Calm
218.6,32.82463263,-95.30645838,436,,-2.200003647,-2.300003812,0,2.5,-6.8,-134.5,3.182771018,1024,1024,1024,1024,,64.304464,139.4357,77,7.713,5.191,NE,4.0993568,Calm
218.7,32.82463032,-95.30646143,436,,-2.200003647,-2.400003978,0,2.2,-6.6,-134.4,3.255769074,1024,1024,1024,1024,,64.304464,135.170608,77,7.713,5.191,NE,4.0993568,Calm
218.8,32.82462831,-95.30646396,436,,-2.300003812,-2.400003978,0,1.9,-5.2,-134.3,3.324159488,1024,1024,1024,1024,,64.304464,131.889768,77,7.713,5.191,N,4.0993568,Calm
218.9,32.82462653,-95.30646627,436,,-2.400003978,-2.500004144,0,2.1,-3,-134.1,3.465550194,1024,1024,1024,1024,,64.304464,128.608928,77,7.713,5.191,N,4.0993568,Calm
219,32.82462447,-95.30646884,436,,-2.400003978,-2.500004144,0,2.2,-1.6,-134.1,3.465550194,1024,1024,1024,1024,,64.304464,125.000004,77,7.713,5.191,N,4.0993568,Calm
219.1,32.82462205,-95.30647208,436,,-2.400003978,-2.500004144,0,2.5,-0.6,-134.1,3.465550194,1024,1024,1024,1024,,63.320212,120.734912,77,7.715,5.191,N,4.0993568,Calm
219.2,32.82461998,-95.30647462,436,,-2.400003978,-2.500004144,0,3.2,-0.4,-134.1,3.465550194,1024,1024,1024,1024,,64.304464,117.125988,77,7.715,5.191,N,4.0993568,Calm
219.3,32.82461801,-95.3064774,436,,-2.400003978,-2.500004144,0,3.1,-1.1,-134,3.465550194,1024,1024,1024,1024,,63.320212,113.517064,77,7.715,5.105,N,4.0993568,Calm
219.4,32.82461597,-95.30647994,436,,-2.400003978,-2.500004144,0,3,-1.1,-134.1,3.465550194,1024,1024,1024,1024,,63.320212,109.90814,77,7.715,5.105,N,3.9965376,Calm
219.5,32.82461347,-95.30648319,436,,-2.400003978,-2.500004144,0,2.9,-0.4,-134.1,3.465550194,1024,1024,1024,1024,,64.304464,105.643048,77,7.715,5.105,N,3.9965376,Calm
219.6,32.82461164,-95.30648548,436,,-2.300003812,-2.500004144,0,2.6,0.5,-134.1,3.397062772,1024,1024,1024,1024,,63.320212,102.362208,77,7.715,5.105,N,3.9965376,Calm
219.7,32.82460953,-95.3064883,436,,-2.300003812,-2.400003978,0,2.3,0.4,-134.1,3.324159488,1024,1024,1024,1024,,64.304464,98.4252,77,7.715,5.105,N,3.9965376,Calm
219.8,32.82460741,-95.30649097,436,,-2.300003812,-2.400003978,0,1.9,0.1,-134.1,3.324159488,1024,1024,1024,1024,,63.320212,94.816276,77,7.715,5.105,N,3.9965376,Calm
219.9,32.82460514,-95.30649383,436,,-2.300003812,-2.400003978,0,2.2,0.9,-134,3.324159488,1024,1024,1024,1024,,64.304464,90.879268,77,7.715,5.105,N,3.9965376,Calm
220,32.82460304,-95.30649645,436,,-2.300003812,-2.400003978,0,2.2,2.4,-134,3.324159488,1024,1024,1024,1024,,63.320212,87.270344,77,7.715,5.105,N,3.9965376,Calm
220.1,32.82460129,-95.3064986,436,,-2.200003647,-2.300003812,0,2.3,3.9,-134,3.182771018,1024,1024,1024,1024,,64.304464,84.317588,77,7.715,5.105,N,3.8981888,Calm
220.2,32.82459917,-95.30650128,436,,-2.200003647,-2.300003812,0,2.1,4.9,-134,3.182771018,1024,1024,1024,1024,,63.320212,80.708664,77,7.715,5.105,N,3.8981888,Calm
220.3,32.82459706,-95.30650382,436,,-2.100003481,-2.200003647,0,1.9,5.3,-134,3.041386124,1024,1024,1024,1024,,63.320212,77.09974,77,7.719,5.105,N,3.8981888,Calm
220.4,32.82459527,-95.30650605,436,,-2.100003481,-2.100003481,0,2,5.6,-134,2.969853019,1024,1024,1024,1024,,63.320212,73.8189,77,7.719,5.105,N,3.8981888,Calm
220.5,32.8245931,-95.30650866,436,,-2.000003315,-2.100003481,0,2.1,5.8,-133.9,2.900004807,1024,1024,1024,1024,,63.320212,70.209976,77,7.719,5.105,N,3.8981888,Calm
220.6,32.82459139,-95.30651075,436,,-1.900003149,-2.000003315,0,2.1,5.3,-133.9,2.758627066,1024,1024,1024,1024,,63.320212,67.25722,77,7.719,5.105,N,3.8981888,Calm
220.7,32.82458977,-95.30651269,436,,-1.900003149,-1.900003149,0,2.2,5,-133.9,2.687009917,1024,1024,1024,1024,,63.320212,64.632548,77,7.719,5.105,N,3.8981888,Calm
220.8,32.82458809,-95.30651477,436,,-1.800002984,-1.900003149,0,2.2,5.1,-133.9,2.617254689,1024,1024,1024,1024,,63.320212,61.679792,77,7.719,5.105,N,3.79984,Calm
220.9,32.82458611,-95.30651698,436,,-1.700002818,-1.800002984,0,2.1,5.3,-133.9,2.475887677,1024,1024,1024,1024,,63.320212,58.398952,77,7.719,5.105,N,3.79984,Calm
221,32.82458452,-95.30651895,436,,-1.700002818,-1.800002984,0,1.8,5.3,-133.9,2.475887677,1024,1024,1024,1024,,63.320212,55.446196,77,7.719,5.105,N,3.79984,Calm
221.1,32.82458282,-95.30652085,436,,-1.600002652,-1.700002818,0,2,5.6,-133.9,2.334527371,1024,1024,1024,1024,,63.320212,52.821524,77,7.719,5.105,N,3.79984,Calm
221.2,32.82458141,-95.30652261,436,,-1.600002652,-1.600002652,0,1.5,5.6,-133.9,2.262745264,1024,1024,1024,1024,,63.320212,50.524936,77,7.719,5.105,N,3.79984,Calm
221.3,32.82457975,-95.30652449,436,,-1.500002486,-1.600002652,0,1.3,6,-134,2.193174664,1024,1024,1024,1024,,63.320212,47.57218,77,7.719,5.065,N,3.79984,Calm
221.4,32.82457819,-95.30652642,436,,-1.500002486,-1.500002486,0,2,5.8,-133.9,2.121323713,1024,1024,1024,1024,,63.320212,44.947508,77,7.719,5.065,N,3.6970208,Calm
221.5,32.82457704,-95.30652801,436,,-1.400002321,-1.500002486,0,1.4,5.3,-133.9,2.051831792,1024,1024,1024,1024,,63.320212,42.979004,77,7.719,5.065,N,3.6970208,Calm
221.6,32.82457582,-95.30652954,436,,-1.400002321,-1.400002321,0,1.5,4.5,-134.1,1.979902162,1024,1024,1024,1024,,63.320212,40.682416,77,7.719,5.065,N,3.6970208,Calm
221.7,32.82457468,-95.30653105,436,,-1.300002155,-1.400002321,0,1.6,4.6,-134.1,1.910500096,1024,1024,1024,1024,,63.320212,38.713912,77,7.719,5.065,N,3.6970208,Calm
221.8,32.82457363,-95.30653242,436,,-1.300002155,-1.300002155,0,1.1,4.2,-134.1,1.838480611,1024,1024,1024,1024,,62.33596,36.745408,77,7.719,5.065,N,3.6970208,Calm
221.9,32.82457244,-95.30653374,436,,-1.300002155,-1.300002155,0,0.9,3.4,-134.1,1.838480611,1024,1024,1024,1024,,62.33596,34.776904,77,7.719,5.065,N,3.598672,Calm
222,32.8245715,-95.30653485,436,,-1.200001989,-1.200001989,0,1.1,3.2,-134.1,1.69705906,1024,1024,1024,1024,,62.33596,33.136484,77,7.719,5.065,N,3.598672,Calm
222.1,32.82456997,-95.30653652,436,,-1.200001989,-1.200001989,0,1.7,2.8,-134.1,1.69705906,1024,1024,1024,1024,,62.33596,30.839896,77,7.719,5.065,N,3.598672,Calm
222.2,32.8245689,-95.30653775,436,,-1.200001989,-1.200001989,0,2.2,2.5,-134.1,1.69705906,1024,1024,1024,1024,,62.33596,28.871392,77,7.727,5.065,N,3.598672,Calm
222.3,32.82456764,-95.30653945,436,,-1.200001989,-1.200001989,0,2.1,2.7,-134.1,1.69705906,1024,1024,1024,1024,,62.33596,26.574804,77,7.727,5.065,N,3.598672,Calm
222.4,32.82456649,-95.30654081,436,,-1.200001989,-1.200001989,0,2,3.8,-134.1,1.69705906,1024,1024,1024,1024,,62.33596,24.934384,77,7.727,5.065,N,3.598672,Calm
222.5,32.8245654,-95.30654226,436,,-1.200001989,-1.200001989,0,2.1,5.2,-134,1.69705906,1024,1024,1024,1024,,62.33596,22.96588,77,7.727,5.065,N,3.4958528,Calm
222.6,32.82456437,-95.30654352,436,,-1.100001823,-1.100001823,0,1.9,5.7,-134,1.555637061,1024,1024,1024,1024,,61.351708,20.997376,77,7.727,5.065,N,3.4958528,Calm
222.7,32.82456344,-95.30654476,436,,-1.100001823,-1.100001823,0,1.6,5.5,-134,1.555637061,1024,1024,1024,1024,,61.351708,19.356956,77,7.727,5.065,N,3.4958528,Calm
222.8,32.8245623,-95.30654615,436,,-1.100001823,-1.100001823,0,1.6,5.7,-134,1.555637061,1024,1024,1024,1024,,62.33596,17.388452,77,7.727,5.065,N,3.4958528,Calm
222.9,32.82456122,-95.30654747,436,,-1.000001658,-1.000001658,0,1.9,5.6,-134.1,1.41421551,1024,1024,1024,1024,,62.33596,15.748032,77,7.727,5.065,N,3.4958528,Calm
223,32.82456021,-95.30654864,436,,-1.000001658,-1.000001658,0,1.9,6.4,-134,1.41421551,1024,1024,1024,1024,,62.33596,13.779528,77,7.727,5.065,N,3.4958528,Calm
223.1,32.82455943,-95.30654971,436,,-0.900001492,-1.000001658,0,1.7,7.4,-134,1.345364198,1024,1024,1024,1024,,62.33596,12.467192,77,7.727,5.065,N,3.4958528,Calm
223.2,32.82455861,-95.30655068,436,,-0.900001492,-0.900001492,0,1.5,7.6,-134.1,1.272793959,1024,1024,1024,1024,,62.33596,11.154856,77,7.727,5.065,N,3.4958528,Calm
223.3,32.82455784,-95.30655169,436,,-0.800001326,-0.900001492,0,2.1,6.9,-134.1,1.204161249,1024,1024,1024,1024,,62.33596,9.84252,77,7.727,4.959,N,3.4958528,Calm
223.4,32.82455692,-95.30655275,436,,-0.800001326,-0.800001326,0,2.2,8.1,-134,1.131372408,1024,1024,1024,1024,,62.33596,8.2021,77,7.727,4.959,N,3.4958528,Calm
223.5,32.82455636,-95.30655348,436,,-0.70000116,-0.800001326,0,1.6,9.8,-134,1.063015969,1024,1024,1024,1024,,62.33596,7.217848,77,7.727,4.959,NE,3.4958528,Calm
223.6,32.82455574,-95.3065542,436,,-0.70000116,-0.70000116,0,1.5,9.6,-134,0.989950857,1024,1024,1024,1024,,62.33596,6.233596,77,7.727,4.959,NE,3.4958528,Calm
223.7,32.82455512,-95.30655529,436,,-0.600000995,-0.600000995,0,1.6,8.9,-133.9,0.848529306,1024,1024,1024,1024,,62.33596,4.92126,77,7.727,4.959,NE,3.4958528,Calm
223.8,32.82455453,-95.30655597,436,,-0.600000995,-0.600000995,0,2.1,8.7,-134,0.848529306,1024,1024,1024,1024,,62.33596,3.937008,77,7.727,4.959,NE,3.4958528,Calm
223.9,32.82455403,-95.3065567,436,,-0.500000829,-0.500000829,0,2.7,9.8,-133.9,0.707107755,1024,1024,1024,1024,,61.351708,2.952756,77,7.725,5.033,NE,3.4958528,Calm
224,32.82455354,-95.30655732,436,,-0.500000829,-0.500000829,0,2.5,10.5,-133.9,0.707107755,1024,1024,1024,1024,,62.33596,2.296588,77,7.725,5.033,NE,3.4958528,Calm
224.1,32.82455315,-95.30655772,436,,-0.400000663,-0.400000663,0,1.9,10.4,-134,0.565686204,1024,1024,1024,1024,,61.351708,1.64042,77,7.725,5.033,NE,3.4958528,Calm
224.2,32.82455279,-95.30655814,436,,-0.300000497,-0.300000497,0,1.9,9.9,-133.9,0.424264653,1024,1024,1024,1024,,61.351708,0.984252,77,7.725,5.033,NE,3.4958528,Calm
224.3,32.82455248,-95.30655847,436,,-0.300000497,-0.200000332,0,2.3,10,-133.9,0.360555642,1024,1024,1024,1024,,62.33596,0.656168,77,7.725,5.033,NE,3.4958528,Calm
224.4,32.82455217,-95.30655881,436,,-0.200000332,-0.200000332,0,2.4,9.7,-133.9,0.282843102,1024,1024,1024,1024,,61.351708,0.328084,77,7.725,5.033,NE,3.4958528,Calm
224.5,32.82455217,-95.30655916,436,,-0.200000332,-0.100000166,0,2.8,9.7,-133.9,0.223606726,1024,1024,1024,1024,,61.351708,0.656168,77,7.725,5.033,NE,3.4958528,Calm
224.6,32.824552,-95.30655937,436,,-0.100000166,-0.100000166,0,2.7,10.1,-133.9,0.141421551,1024,1024,1024,1024,,62.33596,0.984252,77,7.725,5.033,NE,3.4958528,Calm
224.7,32.82455208,-95.30655942,436,,-0.100000166,0,0,2.4,9,-134,0.100000166,1024,1024,1024,1024,,62.33596,0.984252,77,7.725,5.033,N,3.4958528,Calm
224.8,32.82455201,-95.30655949,436,,0,0,0,2.2,6.8,-134,0,1024,1024,1024,1024,,61.351708,0.984252,77,7.725,5.033,N,3.4958528,Calm
224.9,32.82455196,-95.3065595,436,,0,0,0,2.4,5.8,-133.9,0,1024,1024,1024,1024,,61.351708,0.984252,77,7.725,5.033,N,3.598672,Calm
225,32.8245519,-95.30655951,436,,0,0,0,2.8,5.6,-134.2,0,1024,1024,1024,1024,,62.33596,0.984252,77,7.725,5.033,N,3.598672,Calm
225.1,32.82455186,-95.30655946,436,,0,0,0,2.9,5.7,-139.5,0,1024,1024,1024,1024,,62.33596,0.984252,77,7.721,5.033,N,3.598672,Calm
225.2,32.8245518,-95.30655949,436,,0,0,0,2,5.5,-147.2,0,1024,1024,1024,1024,,62.33596,0.984252,77,7.721,5.033,N,3.598672,Calm
225.3,32.82455188,-95.30655962,436,,0,0,0,2.2,6.3,-153,0,1024,1024,1024,1024,,62.33596,0.984252,77,7.721,5.033,N,3.598672,Calm
225.4,32.82455181,-95.30655971,436,,0,0,0,2.3,7.6,-158.7,0,1024,1024,1024,1024,,62.33596,0.984252,77,7.721,5.033,N,3.598672,Calm
225.5,32.8245519,-95.30655978,436,,0,0,0,1.6,7.1,-164.9,0,1024,1024,1024,1024,,62.33596,1.312336,77,7.721,5.033,N,3.598672,Calm
225.6,32.8245519,-95.30655993,436,,0,-0.100000166,0,0.8,6.2,-170.9,0.100000166,1024,1024,1024,1024,,62.33596,1.312336,77,7.721,5.033,N,3.598672,Calm
225.7,32.82455184,-95.30656011,436,,0,-0.100000166,0,-0.9,5.3,-177,0.100000166,1024,1024,1024,1024,,62.33596,1.64042,77,7.721,5.033,N,3.6970208,Calm
225.8,32.82455183,-95.30656033,436,,0,-0.100000166,0,-3,6.3,176.8,0.100000166,1024,1024,1024,1024,,62.33596,1.64042,77,7.721,5.033,N,3.6970208,Calm
225.9,32.82455184,-95.30656056,436,,0,-0.100000166,0,-3.7,6.4,170.5,0.100000166,1024,1024,1024,1024,,62.33596,1.968504,76,7.721,5.026,N,3.6970208,Calm
226,32.82455184,-95.30656083,436,,0,-0.100000166,0,-3.6,4.8,164.6,0.100000166,1024,1024,1024,1024,,62.33596,2.296588,76,7.721,5.026,NE,3.6970208,Calm
226.1,32.82455185,-95.30656101,436,,0,-0.200000332,0,-4.1,3.8,158.7,0.200000332,1024,1024,1024,1024,,62.33596,2.296588,76,7.721,5.026,NE,3.6970208,Calm
226.2,32.82455186,-95.30656124,436,,0,-0.200000332,0,-5,2.8,152.7,0.200000332,1024,1024,1024,1024,,62.33596,2.624672,76,7.721,5.026,NE,3.6970208,Calm
226.3,32.82455184,-95.30656154,436,,0,-0.200000332,0,-5.5,1.6,146.8,0.200000332,1024,1024,1024,1024,,62.33596,2.952756,76,7.721,5.026,NE,3.6970208,Calm
226.4,32.82455184,-95.30656182,436,,0,-0.200000332,0,-5.4,0.8,140.8,0.200000332,1024,1024,1024,1024,,62.33596,3.28084,76,7.721,5.026,NE,3.6970208,Calm
226.5,32.82455192,-95.30656208,436,,0,-0.200000332,0,-5.4,-0.6,135.1,0.200000332,1024,1024,1024,1024,,62.33596,3.608924,76,7.721,5.026,NE,3.6970208,Calm
226.6,32.82455186,-95.30656233,436,,0,-0.200000332,0,-5.9,-2.7,129.2,0.200000332,1024,1024,1024,1024,,62.33596,3.937008,76,7.721,5.026,NE,3.6970208,Calm
226.7,32.82455172,-95.30656256,436,,-0.100000166,-0.100000166,0,-5.4,-3,123,0.141421551,1024,1024,1024,1024,,62.33596,3.937008,76,7.721,5.026,NE,3.6970208,Calm
226.8,32.82455158,-95.30656274,436,,-0.100000166,-0.100000166,0,-7.1,-2.5,117.1,0.141421551,1024,1024,1024,1024,,62.33596,4.265092,76,7.721,5.026,NE,3.6970208,Calm
226.9,32.82455135,-95.3065628,436,,-0.100000166,-0.100000166,0,-7.9,-3.1,111.1,0.141421551,1024,1024,1024,1024,,62.33596,4.265092,76,7.721,5.026,NE,3.6970208,Calm
227,32.82455121,-95.30656294,436,,-0.100000166,0,0,-7.6,-5,105,0.100000166,1024,1024,1024,1024,,62.33596,4.593176,76,7.721,5.026,NE,3.6970208,Calm
227.1,32.82455117,-95.30656303,436,,-0.100000166,0,0,-7.2,-4.8,99,0.100000166,1024,1024,1024,1024,,62.33596,4.593176,76,7.721,5.026,NE,3.6970208,Calm
227.2,32.82455106,-95.30656311,436,,0,0,0,-7.2,-4.7,93.7,0,1024,1024,1024,1024,,61.351708,4.593176,76,7.721,5.026,NE,3.598672,Calm
227.3,32.82455123,-95.30656306,436,,0,0,0,-6.4,-5.1,92.8,0,1024,1024,1024,1024,,60.039372,4.593176,76,7.721,5.026,NE,3.598672,Calm
227.4,32.82455122,-95.30656305,436,,0,0,0,-5.6,-5.1,93.7,0,1024,1024,1024,1024,,59.05512,4.593176,76,7.721,5.026,NE,3.598672,Calm
227.5,32.8245512,-95.30656289,436,,0,0,0.100000166,-5.5,-5.6,93.9,0,1024,1024,1024,1024,,58.070868,4.265092,76,7.721,5.026,NE,3.598672,Calm
227.6,32.82455122,-95.3065628,436,,0,0.100000166,0.200000332,-4.9,-5.2,93.7,0.100000166,1024,1024,1024,1024,,55.77428,4.265092,76,7.721,5.026,NE,3.598672,Calm
227.7,32.82455132,-95.30656259,436,,0,0.100000166,0.300000497,-4.2,-4,93.7,0.100000166,1024,1024,1024,1024,,55.77428,3.937008,76,7.721,5.026,NE,3.4958528,Calm
227.8,32.82455136,-95.30656244,435,,0,0.100000166,0.400000663,-4.2,-3.5,93.6,0.100000166,1024,1024,1024,1024,,55.77428,3.937008,76,7.721,5.026,NE,3.4958528,Calm
227.9,32.82455161,-95.30656224,435,,0,0.100000166,0.500000829,-4.1,-3.5,93.7,0.100000166,1024,1024,1024,1024,,55.77428,3.608924,76,7.721,5.118,NE,3.4958528,Calm
228,32.82455163,-95.30656205,435,,0,0.100000166,0.600000995,-4.4,-2.8,93.7,0.100000166,1024,1024,1024,1024,,55.77428,3.608924,76,7.721,5.118,NE,3.4958528,Calm
228.1,32.82455175,-95.30656183,435,,0,0.100000166,0.70000116,-4.7,-1.9,93.6,0.100000166,1024,1024,1024,1024,,54.790028,3.28084,76,7.721,5.118,NE,3.397504,Calm
228.2,32.82455181,-95.30656164,435,,0,0.100000166,0.800001326,-4.2,-1.7,93.6,0.100000166,1024,1024,1024,1024,,55.77428,2.952756,76,7.721,5.118,NE,3.397504,Calm
228.3,32.82455202,-95.30656132,434,,0,0.100000166,0.900001492,-3.7,-2.1,93.5,0.100000166,1024,1024,1024,1024,,54.790028,2.624672,76,7.721,5.118,NE,3.397504,Calm
228.4,32.82455207,-95.3065611,434,,0,0.100000166,0.900001492,-3.7,-1.6,93.6,0.100000166,1024,1024,1024,1024,,54.790028,2.624672,76,7.721,5.118,NE,3.2991552,Calm
228.5,32.82455241,-95.30656091,434,,0,0.100000166,0.800001326,-3.1,-0.5,93.5,0.100000166,1024,1024,1024,1024,,54.790028,2.296588,76,7.721,5.118,NE,3.2991552,Calm
228.6,32.82455247,-95.30656076,434,,0,0.100000166,0.800001326,-3.8,-0.5,93.4,0.100000166,1024,1024,1024,1024,,54.790028,2.296588,76,7.721,5.118,NE,3.196336,Calm
228.7,32.82455211,-95.30656056,433,,0,0.100000166,0.800001326,-4.4,-1.1,93.4,0.100000166,1024,1024,1024,1024,,53.805776,1.968504,76,7.721,5.118,NE,3.196336,Calm
228.8,32.82455212,-95.30656045,433,,0,0.100000166,0.800001326,-4.2,-1.5,93.4,0.100000166,1024,1024,1024,1024,,52.49344,1.968504,76,7.721,5.118,NE,3.196336,Calm
228.9,32.82455197,-95.30656042,433,,0,0.100000166,0.800001326,-4.6,-1.5,93.5,0.100000166,1024,1024,1024,1024,,52.49344,1.968504,76,7.753,4.324,NE,3.0979872,Calm
229,32.82455192,-95.30656038,432,,0,0.100000166,0.800001326,-2.5,-10,93.3,0.100000166,1024,1024,1024,1024,,52.49344,1.968504,76,7.753,4.324,NE,3.0979872,Calm
229.1,32.82455216,-95.3065602,432,,0,0.200000332,0.800001326,-0.3,-15.4,93.5,0.200000332,1024,1024,1024,1024,,51.509188,1.64042,76,7.753,4.324,NE,2.9996384,Calm
229.2,32.82455204,-95.30655978,432,,-0.100000166,0.400000663,0.800001326,-1.5,-12.4,93.7,0.412310804,1024,1024,1024,1024,,50.524936,1.312336,76,7.753,4.324,NE,2.9996384,Calm
229.3,32.824552,-95.30655921,432,,-0.200000332,0.600000995,0.800001326,-2.9,-8.7,93.7,0.632456546,1024,1024,1024,1024,,49.2126,0.656168,76,7.753,4.324,NE,2.8968192,Calm
229.4,32.8245518,-95.30655857,431,,-0.200000332,0.600000995,0.800001326,-3.6,-4.6,93.5,0.632456546,1024,1024,1024,1024,,48.228348,0,76,7.753,4.324,NE,2.8968192,Calm
229.5,32.82455177,-95.30655786,431,,-0.200000332,0.600000995,0.800001326,-4.1,-2.3,93.4,0.632456546,1024,1024,1024,1024,,48.228348,0.328084,76,7.753,4.324,NE,2.8968192,Calm
229.6,32.82455153,-95.30655711,431,,-0.200000332,0.600000995,0.800001326,-4.3,-1.3,93.3,0.632456546,1024,1024,1024,1024,,47.244096,1.312336,76,7.753,4.324,NE,2.8968192,Calm
229.7,32.8245516,-95.3065564,430,,-0.200000332,0.600000995,0.70000116,-4.2,-1.4,93.3,0.632456546,1024,1024,1024,1024,,47.244096,1.968504,76,7.753,4.324,NE,2.7984704,Calm
229.8,32.82455144,-95.30655576,430,,-0.100000166,0.500000829,0.70000116,-4.5,0.3,93.1,0.509902765,1024,1024,1024,1024,,46.259844,2.624672,76,7.753,4.324,NE,2.7984704,Calm
229.9,32.82455124,-95.30655507,430,,-0.100000166,0.400000663,0.600000995,-4,6,92.9,0.412310804,1024,1024,1024,1024,,46.259844,3.28084,76,7.739,4.324,NE,2.7984704,Calm
230,32.82455112,-95.30655468,430,,-0.100000166,0.200000332,0.500000829,-3.6,0,93.4,0.223606726,1024,1024,1024,1024,,44.947508,3.608924,76,7.739,4.324,NE,2.6956512,Calm
230.1,32.82455108,-95.30655441,430,,-0.100000166,0.200000332,0.70000116,-3.9,-5.9,93.9,0.223606726,1024,1024,1024,1024,,44.947508,3.937008,76,7.739,4.324,NE,2.5973024,Calm
230.2,32.82455099,-95.30655411,429,,0,0.300000497,0.70000116,-3.7,-2.2,93.3,0.300000497,1024,1024,1024,1024,,43.963256,4.265092,76,7.739,4.324,NE,2.5973024,Calm
230.3,32.82455103,-95.30655403,429,,0,0.200000332,0.500000829,-2.7,1.4,93,0.200000332,1024,1024,1024,1024,,43.963256,4.265092,76,7.739,4.324,NE,2.5973024,Calm
230.4,32.82455096,-95.30655384,429,,0,0.100000166,0.500000829,-3.5,-2.2,93.5,0.100000166,1024,1024,1024,1024,,42.979004,4.593176,76,7.739,4.324,NE,2.5973024,Calm
230.5,32.82455099,-95.30655375,429,,-0.100000166,0.100000166,0.500000829,-3.2,-3.8,93.6,0.141421551,1024,1024,1024,1024,,42.979004,4.593176,76,7.739,4.324,NE,2.5973024,Calm
230.6,32.8245509,-95.30655357,429,,-0.100000166,0.100000166,0.400000663,-2.8,-2,93.5,0.141421551,1024,1024,1024,1024,,42.979004,4.92126,76,7.739,4.324,NE,2.5973024,Calm
230.7,32.82455099,-95.30655337,428,,-0.100000166,0.100000166,0.300000497,-2.9,-1.2,93.4,0.141421551,1024,1024,1024,1024,,41.666668,4.92126,76,7.739,4.324,NE,2.5973024,Calm
230.8,32.8245509,-95.30655326,428,,-0.100000166,0,0.300000497,-4.8,-1.9,93.5,0.100000166,1024,1024,1024,1024,,41.666668,5.249344,76,7.739,4.324,NE,2.5973024,Calm
230.9,32.82455067,-95.30655312,428,,-0.100000166,0,0.400000663,-5,-2.5,93.4,0.100000166,1024,1024,1024,1024,,41.666668,5.249344,76,7.739,4.743,NE,2.5973024,Calm
231,32.82455061,-95.30655304,428,,0,0,0.300000497,-3,-1.7,93.4,0,1024,1024,1024,1024,,40.682416,5.577428,76,7.739,4.743,NE,2.5973024,Calm
231.1,32.82455062,-95.30655296,428,,0,0,0.200000332,-3.2,-1.9,93.6,0,1024,1024,1024,1024,,40.682416,5.577428,76,7.739,4.743,NE,2.5973024,Calm
231.2,32.82455055,-95.30655294,428,,0,0,0.200000332,-4.4,-3,93.5,0,1024,1024,1024,1024,,40.682416,5.577428,76,7.739,4.743,NE,2.5973024,Calm
231.3,32.82455052,-95.30655279,428,,0,0,0.200000332,-4.4,-3,93.6,0,1024,1024,1024,1024,,40.682416,5.577428,76,7.739,4.743,NE,2.5973024,Calm
231.4,32.82455048,-95.30655277,428,,0,0,0.200000332,-4.4,-3.1,93.7,0,1024,1024,1024,1024,,40.682416,5.577428,76,7.739,4.743,NE,2.5973024,Calm
231.5,32.82455045,-95.30655271,428,,0,0,0.200000332,-3.9,-3.7,93.8,0,1024,1024,1024,1024,,39.698164,5.905512,76,7.739,4.743,NE,2.5973024,Calm
231.6,32.82455038,-95.3065527,428,,0,0,0.200000332,-3.5,-3.1,93.6,0,1024,1024,1024,1024,,39.698164,5.905512,76,7.739,4.743,NE,2.5973024,Calm
231.7,32.82455043,-95.30655272,428,,0,0,0.100000166,-4.3,-3.1,93.5,0,1024,1024,1024,1024,,39.698164,5.905512,76,7.739,4.743,NE,2.5973024,Calm
231.8,32.8245504,-95.30655273,428,,0,0,0.200000332,-4.4,-3.1,93.5,0,1024,1024,1024,1024,,39.698164,5.905512,76,7.739,4.743,NE,2.5973024,Calm
231.9,32.82455048,-95.30655273,427,,0,0,0.200000332,-4.2,-3.5,93.5,0,1024,1024,1024,1024,,39.698164,5.905512,76,7.748,4.896,NE,2.5973024,Calm
232,32.8245505,-95.30655275,427,,0,0,0.200000332,-2.6,-1.6,93.5,0,1024,1024,1024,1024,,39.698164,5.577428,76,7.748,4.896,NE,2.5973024,Calm
232.1,32.82455061,-95.30655275,427,,0,0,0.100000166,-2.2,-1.1,93.5,0,1024,1024,1024,1024,,38.713912,5.577428,76,7.748,4.896,NE,2.5973024,Calm
232.2,32.8245506,-95.30655284,427,,0,0,0.200000332,-3.8,-4.8,93.5,0,1024,1024,1024,1024,,38.713912,5.577428,76,7.748,4.896,NE,2.5973024,Calm
232.3,32.82455069,-95.30655289,427,,0,0,0.200000332,-4.3,-4.8,93.6,0,1024,1024,1024,1024,,38.713912,5.577428,76,7.748,4.896,NE,2.5973024,Calm
232.4,32.82455069,-95.30655291,427,,0,0,0.200000332,-4.3,-4,93.5,0,1024,1024,1024,1024,,38.713912,5.577428,76,7.748,4.896,NE,2.5973024,Calm
232.5,32.8245508,-95.30655283,427,,0,0,0.200000332,-3.3,-3.8,93.6,0,1024,1024,1024,1024,,38.713912,5.577428,76,7.748,4.896,NE,2.5973024,Calm
232.6,32.82455083,-95.30655282,427,,0,0,0.200000332,-3.2,-3.2,93.6,0,1024,1024,1024,1024,,37.401576,5.577428,76,7.748,4.896,NE,2.5973024,Calm
232.7,32.82455082,-95.30655281,427,,0,0,0.200000332,-2.8,-1.2,93.5,0,1024,1024,1024,1024,,37.401576,5.577428,76,7.748,4.896,NE,2.5973024,Calm
232.8,32.82455084,-95.30655284,427,,0,0,0.200000332,-2.8,-3.2,93.4,0,1024,1024,1024,1024,,37.401576,5.577428,76,7.748,4.896,NE,2.5973024,Calm
232.9,32.8245509,-95.30655273,427,,0,0,0.200000332,-3.1,-4.9,93.5,0,1024,1024,1024,1024,,37.401576,5.577428,76,7.748,4.896,NE,2.5973024,Calm
233,32.82455089,-95.30655271,427,,0,0,0.200000332,-3.3,-4.4,93.6,0,1024,1024,1024,1024,,37.401576,5.577428,76,7.748,4.896,NE,2.5973024,Calm
233.1,32.82455088,-95.30655257,427,,0,0,0.200000332,-3.5,-3.2,93.6,0,1024,1024,1024,1024,,36.417324,5.905512,76,7.733,4.896,NE,2.5973024,Calm
233.2,32.82455086,-95.30655249,427,,0,0,0.200000332,-3.4,-3.6,93.6,0,1024,1024,1024,1024,,36.417324,5.905512,76,7.733,4.896,NE,2.5973024,Calm
233.3,32.82455085,-95.30655223,427,,0,0,0.200000332,-4,-2.4,93.6,0,1024,1024,1024,1024,,36.417324,6.233596,76,7.733,4.896,NE,2.5973024,Calm
233.4,32.82455082,-95.30655215,427,,0,0,0.100000166,-4.6,-2.2,93.5,0,1024,1024,1024,1024,,36.417324,6.233596,76,7.733,4.896,NE,2.5973024,Calm
233.5,32.82455064,-95.30655204,427,,0,0,0.100000166,-4.9,-2.4,93.6,0,1024,1024,1024,1024,,36.417324,6.233596,76,7.733,4.896,NE,2.5973024,Calm
233.6,32.8245506,-95.30655199,427,,0,0,0.100000166,-4.7,-2.5,93.5,0,1024,1024,1024,1024,,36.417324,6.56168,76,7.733,4.896,NE,2.5973024,Calm
233.7,32.82455055,-95.30655197,426,,0,0,0.100000166,-4.9,-2.4,93.5,0,1024,1024,1024,1024,,36.417324,6.56168,76,7.733,4.896,NE,2.5973024,Calm
233.8,32.82455053,-95.30655193,426,,0,0,0.100000166,-4.8,-2.7,93.6,0,1024,1024,1024,1024,,35.433072,6.56168,76,7.733,4.896,NE,2.5973024,Calm
233.9,32.82455055,-95.30655186,426,,0,0,0.200000332,-4.8,-2.7,93.5,0,1024,1024,1024,1024,,35.433072,6.56168,76,7.733,4.952,NE,2.5973024,Calm
234,32.82455055,-95.30655181,426,,0,0,0.100000166,-3.9,-1.6,93.4,0,1024,1024,1024,1024,,35.433072,6.56168,76,7.733,4.952,NE,2.5973024,Calm
234.1,32.82455061,-95.30655179,426,,0,0,0.100000166,-2.8,-0.3,93.4,0,1024,1024,1024,1024,,35.433072,6.56168,76,7.733,4.952,NE,2.5973024,Calm
234.2,32.82455063,-95.30655181,426,,0,0,0.100000166,-2.9,-0.7,93.4,0,1024,1024,1024,1024,,35.433072,6.56168,76,7.733,4.952,NE,2.5973024,Calm
234.3,32.8245506,-95.30655187,426,,0,0,0.200000332,-3.5,-2.1,93.5,0,1024,1024,1024,1024,,35.433072,6.56168,76,7.733,4.952,NE,2.5973024,Calm
234.4,32.8245506,-95.30655194,426,,0,0,0.200000332,-3.7,-4.4,93.6,0,1024,1024,1024,1024,,35.433072,6.56168,76,7.733,4.952,NE,2.5973024,Calm
234.5,32.8245507,-95.30655197,426,,0,0,0.200000332,-3.7,-4.4,93.5,0,1024,1024,1024,1024,,34.120736,6.56168,76,7.733,4.952,NE,2.5973024,Calm
234.6,32.8245507,-95.30655199,426,,0,0,0.100000166,-3.9,-3.7,93.5,0,1024,1024,1024,1024,,34.120736,6.56168,76,7.733,4.952,NE,2.5973024,Calm
234.7,32.82455069,-95.30655192,426,,0,0,0.100000166,-4.1,-3.6,93.7,0,1024,1024,1024,1024,,34.120736,6.56168,76,7.733,4.952,NE,2.5973024,Calm
234.8,32.82455068,-95.30655189,426,,0,0,0.200000332,-4.2,-3.3,93.7,0,1024,1024,1024,1024,,34.120736,6.56168,76,7.733,4.952,NE,2.5973024,Calm
234.9,32.82455067,-95.30655178,426,,0,0,0.200000332,-3.9,-1,93.6,0,1024,1024,1024,1024,,33.136484,6.56168,76,7.733,4.952,NE,2.5973024,Calm
235,32.82455063,-95.30655178,426,,0,0,0.100000166,-4.8,-2.2,93.4,0,1024,1024,1024,1024,,33.136484,6.56168,76,7.733,4.952,NE,2.5973024,Calm
235.1,32.82455067,-95.30655172,426,,0,0,0.100000166,-5.1,-3.2,93.5,0,1024,1024,1024,1024,,33.136484,6.56168,76,7.733,4.952,NE,2.5973024,Calm
235.2,32.82455068,-95.30655172,426,,0,0,0.200000332,-4.5,-3.6,93.6,0,1024,1024,1024,1024,,33.136484,6.56168,76,7.733,4.952,NE,2.5973024,Calm
235.3,32.82455061,-95.3065516,425,,0,0,0.200000332,-4,-3,93.5,0,1024,1024,1024,1024,,33.136484,6.889764,76,7.733,4.952,NE,2.5973024,Calm
235.4,32.82455064,-95.30655155,425,,0,0,0.100000166,-3,-0.7,93.5,0,1024,1024,1024,1024,,33.136484,6.889764,76,7.733,4.952,NE,2.5973024,Calm
235.5,32.82455072,-95.3065515,425,,0,0,0.100000166,-2.9,-1.5,93.5,0,1024,1024,1024,1024,,32.152232,6.889764,76,7.733,4.952,NE,2.4989536,Calm
235.6,32.82455075,-95.30655152,425,,0,0,0.100000166,-3.1,-3.9,93.3,0,1024,1024,1024,1024,,32.152232,6.889764,76,7.733,4.952,NE,2.4989536,Calm
235.7,32.82455083,-95.30655152,425,,0,0,0.100000166,-2.7,-3.7,93.6,0,1024,1024,1024,1024,,32.152232,6.889764,76,7.733,4.952,NE,2.4989536,Calm
235.8,32.82455086,-95.3065515,425,,0,0,0.200000332,-2.9,-3.3,93.6,0,1024,1024,1024,1024,,32.152232,6.889764,76,7.733,4.952,NE,2.4989536,Calm
235.9,32.82455092,-95.30655136,425,,0,0,0.200000332,-2.6,-2.2,93.5,0,1024,1024,1024,1024,,32.152232,6.889764,76,7.733,4.827,NE,2.4989536,Calm
236,32.82455093,-95.30655128,425,,0,0,0.100000166,-2.9,-1.7,93.7,0,1024,1024,1024,1024,,32.152232,7.217848,76,7.733,4.827,NE,2.4989536,Calm
236.1,32.82455086,-95.30655112,425,,0,0,0.100000166,-5.3,-1.6,93.5,0,1024,1024,1024,1024,,32.152232,7.217848,76,7.733,4.827,NE,2.4989536,Calm
236.2,32.82455084,-95.30655105,425,,0,0,0.200000332,-5.6,-1.7,93.4,0,1024,1024,1024,1024,,32.152232,7.217848,76,7.733,4.827,NE,2.4989536,Calm
236.3,32.82455077,-95.30655095,425,,0,0,0.200000332,-3.8,-1,93.5,0,1024,1024,1024,1024,,31.16798,7.545932,76,7.733,4.827,NE,2.4989536,Calm
236.4,32.82455078,-95.30655092,425,,0,0,0.200000332,-4.2,-1.1,93.5,0,1024,1024,1024,1024,,31.16798,7.545932,76,7.733,4.827,NE,2.3961344,Calm
236.5,32.82455079,-95.30655094,425,,0,0,0.200000332,-4.2,-2.6,93.5,0,1024,1024,1024,1024,,31.16798,7.545932,76,7.733,4.827,NE,2.3961344,Calm
236.6,32.82455082,-95.30655099,425,,0,0,0.200000332,-3.4,-3.6,93.6,0,1024,1024,1024,1024,,31.16798,7.545932,76,7.733,4.827,NE,2.3961344,Calm
236.7,32.82455092,-95.30655111,425,,0,0,0.200000332,-3.1,-3.2,93.5,0,1024,1024,1024,1024,,31.16798,7.217848,76,7.733,4.827,NE,2.3961344,Calm
236.8,32.82455095,-95.3065512,425,,0,0,0.100000166,-3.4,-4.3,93.6,0,1024,1024,1024,1024,,29.855644,7.217848,76,7.733,4.827,NE,2.3961344,Calm
236.9,32.82455102,-95.30655131,424,,0,0,0.200000332,-2.4,-4.8,93.8,0,1024,1024,1024,1024,,29.855644,6.889764,76,7.736,4.753,NE,2.3961344,Calm
237,32.82455103,-95.30655138,424,,0,0,0.100000166,-2.7,-4.6,93.6,0,1024,1024,1024,1024,,29.855644,6.889764,76,7.736,4.753,NE,2.3961344,Calm
237.1,32.82455098,-95.30655127,424,,0,0,0.100000166,-3.7,-3.7,93.4,0,1024,1024,1024,1024,,29.855644,7.217848,76,7.736,4.753,NE,2.3961344,Calm
237.2,32.82455097,-95.30655129,424,,0,0,0.100000166,-4.2,-2.2,93.4,0,1024,1024,1024,1024,,29.855644,7.217848,76,7.736,4.753,NE,2.3961344,Calm
237.3,32.824551,-95.30655126,424,,0,0,0.100000166,-3.5,-3.7,93.6,0,1024,1024,1024,1024,,28.871392,7.217848,76,7.736,4.753,NE,2.3961344,Calm
237.4,32.82455102,-95.3065513,424,,0,0,0.200000332,-3.1,-4.1,93.6,0,1024,1024,1024,1024,,28.871392,6.889764,76,7.736,4.753,NE,2.3961344,Calm
237.5,32.82455101,-95.30655135,424,,0,0,0.200000332,-2.8,-4.2,93.7,0,1024,1024,1024,1024,,28.871392,6.889764,76,7.736,4.753,NE,2.3961344,Calm
237.6,32.82455103,-95.30655135,424,,0,0,0.100000166,-2.4,-4.5,93.5,0,1024,1024,1024,1024,,28.871392,6.889764,76,7.736,4.753,NE,2.3961344,Calm
237.7,32.82455102,-95.3065513,424,,0,0,0.100000166,-2.5,-3.9,93.5,0,1024,1024,1024,1024,,28.871392,6.889764,76,7.736,4.753,NE,2.3961344,Calm
237.8,32.82455104,-95.30655125,424,,0,0,0.200000332,-2.9,-1.6,93.5,0,1024,1024,1024,1024,,27.88714,7.217848,76,7.736,4.753,NE,2.3961344,Calm
237.9,32.82455112,-95.3065512,424,,0,0,0.100000166,-1.1,-2.4,93.4,0,1024,1024,1024,1024,,27.88714,7.217848,76,7.731,4.753,NE,2.3961344,Calm
238,32.82455112,-95.30655121,424,,0,0,0.100000166,-2.2,-4.7,93.3,0,1024,1024,1024,1024,,27.88714,7.217848,76,7.731,4.753,NE,2.3961344,Calm
238.1,32.82455106,-95.30655098,424,,0,0,0.200000332,-3.4,-3.6,93.3,0,1024,1024,1024,1024,,27.88714,7.217848,76,7.731,4.753,NE,2.3961344,Calm
238.2,32.82455103,-95.3065509,424,,0,0.100000166,0.200000332,-4,-2.6,93.5,0.100000166,1024,1024,1024,1024,,27.88714,7.545932,76,7.731,4.753,NE,2.3961344,Calm
238.3,32.82455095,-95.30655074,424,,0,0.100000166,0.200000332,-4.1,-2.2,93.5,0.100000166,1024,1024,1024,1024,,27.88714,7.545932,76,7.731,4.753,NE,2.3961344,Calm
238.4,32.82455092,-95.30655064,423,,0,0,0.200000332,-3.6,-1.2,93.4,0,1024,1024,1024,1024,,26.902888,7.874016,76,7.731,4.753,NE,2.3961344,Calm
238.5,32.82455085,-95.30655054,423,,0,0,0.100000166,-3,-1.7,93.4,0,1024,1024,1024,1024,,26.902888,7.874016,76,7.731,4.753,NE,2.3961344,Calm
238.6,32.82455081,-95.3065505,423,,0,0,0.100000166,-3.5,-2.1,93.4,0,1024,1024,1024,1024,,26.902888,7.874016,76,7.731,4.753,NE,2.3961344,Calm
238.7,32.82455085,-95.30655037,423,,0,0,0.100000166,-4.3,-1.6,93.5,0,1024,1024,1024,1024,,26.902888,7.874016,76,7.731,4.753,NE,2.3961344,Calm
238.8,32.82455083,-95.30655033,423,,0,0,0.100000166,-4.6,-2,93.5,0,1024,1024,1024,1024,,26.902888,8.2021,76,7.731,4.753,NE,2.3961344,Calm
238.9,32.82455078,-95.30655028,423,,0,0,0.200000332,-3.8,-2.4,93.4,0,1024,1024,1024,1024,,26.902888,8.2021,76,7.731,4.855,NE,2.3961344,Calm
239,32.82455081,-95.30655023,423,,0,0,0.100000166,-2.9,-1.8,93.5,0,1024,1024,1024,1024,,26.902888,8.2021,76,7.731,4.855,NE,2.3961344,Calm
239.1,32.82455082,-95.30655018,423,,0,0,0.100000166,-2.5,-2,93.6,0,1024,1024,1024,1024,,26.902888,8.2021,76,7.731,4.855,NE,2.3961344,Calm
239.2,32.82455082,-95.30655015,423,,0,0,0.200000332,-2.2,-3.3,93.5,0,1024,1024,1024,1024,,25.590552,8.2021,76,7.731,4.855,NE,2.3961344,Calm
239.3,32.82455078,-95.30655008,423,,0,0,0.200000332,-3,-2.4,93.4,0,1024,1024,1024,1024,,25.590552,8.2021,76,7.731,4.855,NE,2.3961344,Calm
239.4,32.82455076,-95.30655003,423,,0,0,0.100000166,-3.9,-0.6,93.5,0,1024,1024,1024,1024,,25.590552,8.2021,76,7.731,4.855,NE,2.3961344,Calm
239.5,32.8245508,-95.30654988,423,,0,0,0.100000166,-2.8,-1.7,93.5,0,1024,1024,1024,1024,,25.590552,8.530184,76,7.731,4.855,NE,2.3961344,Calm
239.6,32.8245508,-95.30654988,423,,0,0,0.100000166,-2.4,-3.3,93.4,0,1024,1024,1024,1024,,25.590552,8.530184,76,7.731,4.855,NE,2.3961344,Calm
239.7,32.82455079,-95.30654991,423,,0,0,0.100000166,-2.7,-2.6,93.4,0,1024,1024,1024,1024,,24.6063,8.530184,76,7.731,4.855,NE,2.3961344,Calm
239.8,32.82455079,-95.30654988,423,,0,0,0.100000166,-2.3,-2.6,93.4,0,1024,1024,1024,1024,,24.6063,8.530184,76,7.731,4.855,NE,2.3961344,Calm
239.9,32.82455078,-95.30654989,423,,0,0,0.100000166,-2.6,-2.4,93.5,0,1024,1024,1024,1024,,24.6063,8.530184,76,7.728,4.906,NE,2.3961344,Calm
240,32.82455076,-95.30654987,422,,0,0,0.200000332,-3.1,-1.7,93.5,0,1024,1024,1024,1024,,24.6063,8.530184,76,7.728,4.906,NE,2.3961344,Calm
240.1,32.82455066,-95.30654981,422,,0,0,0.100000166,-4,-1.3,93.5,0,1024,1024,1024,1024,,24.6063,8.530184,76,7.728,4.906,NE,2.2977856,Calm
240.2,32.82455065,-95.30654981,422,,0,0,0.200000332,-3.3,-2,93.5,0,1024,1024,1024,1024,,24.6063,8.530184,76,7.728,4.906,NE,2.2977856,Calm
240.3,32.8245507,-95.30654971,422,,0,0,0.100000166,-3.1,-2,93.5,0,1024,1024,1024,1024,,23.622048,8.530184,76,7.728,4.906,NE,2.2977856,Calm
240.4,32.82455074,-95.30654971,422,,0,0,0.100000166,-2,-2.4,93.6,0,1024,1024,1024,1024,,23.622048,8.530184,76,7.728,4.906,NE,2.2977856,Calm
240.5,32.82455077,-95.30654962,422,,0,0,0.100000166,-1.4,-2.8,93.4,0,1024,1024,1024,1024,,23.622048,8.858268,76,7.728,4.906,NE,2.2977856,Calm
240.6,32.82455084,-95.30654961,422,,0,0,0.100000166,-2,-2.2,93.4,0,1024,1024,1024,1024,,23.622048,8.858268,76,7.728,4.906,NE,2.2977856,Calm
240.7,32.82455097,-95.30654972,422,,0,0,0.200000332,-1.6,-1.3,93.3,0,1024,1024,1024,1024,,23.622048,8.530184,76,7.728,4.906,NE,2.1994368,Calm
240.8,32.82455107,-95.30654973,422,,0,0,0.200000332,0.9,-2.5,93.5,0,1024,1024,1024,1024,,23.622048,8.530184,76,7.728,4.906,NE,2.1994368,Calm
240.9,32.82455107,-95.3065497,422,,0,0,0.100000166,1.6,-2.3,93.5,0,1024,1024,1024,1024,,22.309712,8.530184,76,7.728,4.906,NE,2.1994368,Calm
241,32.82455107,-95.30654967,422,,0,0,0.100000166,0.1,-1.7,93.3,0,1024,1024,1024,1024,,22.309712,8.530184,76,7.728,4.906,NE,2.1994368,Calm
241.1,32.82455107,-95.30654958,422,,0,0,0.100000166,-0.5,-1.6,93.3,0,1024,1024,1024,1024,,22.309712,8.858268,76,7.737,4.906,NE,2.1994368,Calm
241.2,32.82455103,-95.30654956,422,,0,0,0.100000166,-1.1,-1.8,93.4,0,1024,1024,1024,1024,,22.309712,8.858268,76,7.737,4.906,NE,2.1994368,Calm
241.3,32.82455084,-95.30654962,422,,0,0,0.100000166,-1,-1.5,93.3,0,1024,1024,1024,1024,,22.309712,8.858268,76,7.737,4.906,NE,2.0966176,Calm
241.4,32.82455079,-95.30654963,422,,0,0,0.200000332,-1.4,-1.9,93.5,0,1024,1024,1024,1024,,22.309712,8.858268,76,7.737,4.906,NE,2.0966176,Calm
241.5,32.82455073,-95.30654963,422,,0,0,0.200000332,-1.2,-2.2,93.5,0,1024,1024,1024,1024,,21.32546,8.858268,76,7.737,4.906,NE,2.0966176,Calm
241.6,32.82455067,-95.30654966,421,,0,0,0.200000332,-1.8,-2.9,93.4,0,1024,1024,1024,1024,,21.32546,8.858268,76,7.737,4.906,NE,2.0966176,Calm
241.7,32.82455053,-95.30654975,421,,0,0,0.100000166,-2.6,-2.9,93.4,0,1024,1024,1024,1024,,21.32546,8.530184,76,7.737,4.906,NE,2.0966176,Calm
241.8,32.82455049,-95.30654975,421,,0,0,0.200000332,-2,-3.2,93.5,0,1024,1024,1024,1024,,21.32546,8.530184,76,7.737,4.906,NE,2.0966176,Calm
241.9,32.82455054,-95.30654969,421,,0,0,0.100000166,-1,-3.4,93.6,0,1024,1024,1024,1024,,21.32546,8.858268,76,7.737,4.824,NE,1.9982688,Calm
242,32.82455047,-95.30654964,421,,-0.100000166,0,0.100000166,-1.7,-1.8,93.5,0.100000166,1024,1024,1024,1024,,20.341208,8.858268,76,7.737,4.824,NE,1.9982688,Calm
242.1,32.82455041,-95.30654957,421,,-0.100000166,0,0.100000166,-3.2,-1.3,93.4,0.100000166,1024,1024,1024,1024,,20.341208,8.858268,76,7.737,4.824,NE,1.9982688,Calm
242.2,32.82455034,-95.30654953,421,,0,0,0.200000332,-2.4,-2,93.4,0,1024,1024,1024,1024,,20.341208,8.858268,76,7.737,4.824,NE,1.9982688,Calm
242.3,32.82455012,-95.30654947,421,,0,0,0.200000332,-2.8,-1.3,93.5,0,1024,1024,1024,1024,,20.341208,9.186352,76,7.737,4.824,NE,1.9982688,Calm
242.4,32.82455004,-95.30654944,421,,0,0,0.100000166,-3.6,-0.4,93.4,0,1024,1024,1024,1024,,20.341208,9.186352,76,7.737,4.824,NE,1.9982688,Calm
242.5,32.82454994,-95.30654942,421,,0,0,0.100000166,-3.3,-2,93.6,0,1024,1024,1024,1024,,20.341208,9.186352,76,7.737,4.824,NE,1.9982688,Calm
242.6,32.8245499,-95.30654945,421,,0,0,0.100000166,-3.2,-2.5,93.6,0,1024,1024,1024,1024,,19.356956,9.186352,76,7.737,4.824,NE,1.89992,Calm
242.7,32.82454988,-95.30654945,421,,0,0,0.100000166,-3.5,-2.2,93.5,0,1024,1024,1024,1024,,19.356956,9.186352,76,7.737,4.824,NE,1.89992,Calm
242.8,32.82454989,-95.30654946,421,,0,0,0.100000166,-2.3,-1.9,93.4,0,1024,1024,1024,1024,,19.356956,9.186352,76,7.737,4.824,NE,1.89992,Calm
242.9,32.82454979,-95.30654931,421,,0,0,0.100000166,-1.9,-2.3,93.5,0,1024,1024,1024,1024,,19.356956,9.186352,76,7.733,4.824,NE,1.89992,Calm
243,32.82454977,-95.3065493,421,,0,0,0.200000332,-2.3,-2.2,93.4,0,1024,1024,1024,1024,,19.356956,9.186352,76,7.733,4.824,NE,1.89992,Calm
243.1,32.82454966,-95.30654929,421,,0,0,0.200000332,-2.4,-2.2,93.3,0,1024,1024,1024,1024,,18.04462,9.514436,76,7.733,4.824,NE,1.89992,Calm
243.2,32.82454962,-95.30654927,420,,0,0,0.200000332,-3,-1.6,93.3,0,1024,1024,1024,1024,,18.04462,9.514436,76,7.733,4.824,NE,1.89992,Calm
243.3,32.82454965,-95.30654929,420,,0,0,0.200000332,-3.3,-0.8,93.5,0,1024,1024,1024,1024,,18.04462,9.514436,76,7.733,4.824,NE,1.89992,Calm
243.4,32.82454963,-95.3065493,420,,0,0,0.100000166,-2.6,-2,93.6,0,1024,1024,1024,1024,,18.04462,9.514436,76,7.733,4.824,NE,1.89992,Calm
243.5,32.82454965,-95.30654924,420,,0,0,0.100000166,-2.8,-2.7,93.6,0,1024,1024,1024,1024,,18.04462,9.514436,76,7.733,4.824,NE,1.89992,Calm
243.6,32.82454962,-95.30654924,420,,0,0,0.200000332,-3.8,-2.3,93.5,0,1024,1024,1024,1024,,17.060368,9.514436,76,7.733,4.824,NE,1.89992,Calm
243.7,32.82454956,-95.30654923,420,,0,0,0.200000332,-3.1,-2,93.7,0,1024,1024,1024,1024,,17.060368,9.514436,76,7.733,4.824,NE,1.89992,Calm
243.8,32.82454953,-95.30654926,420,,0,0,0.100000166,-3.5,-2.4,93.6,0,1024,1024,1024,1024,,17.060368,9.514436,76,7.733,4.824,NE,1.89992,Calm
243.9,32.82454948,-95.30654914,420,,0,0,0.100000166,-2.3,-1.7,94,0,1024,1024,1024,1024,,17.060368,9.514436,75,7.733,4.788,NE,1.89992,Calm
244,32.82454945,-95.30654914,420,,0,0,0,-2.1,-1.8,94.6,0,1024,1024,1024,1024,,17.060368,9.514436,75,7.733,4.788,NE,1.89992,Calm
244.1,32.82454956,-95.30654921,420,,0,0,0,-2.8,-2.5,94.2,0,1024,1024,1024,1024,,17.060368,9.514436,75,7.733,4.788,NE,1.89992,Calm
244.2,32.82454954,-95.30654922,420,,0,0,0,-2.8,-1.9,94,0,1024,1024,1024,1024,,17.060368,9.514436,75,7.729,4.788,NE,1.89992,Calm
244.3,32.82454959,-95.30654936,420,,0,0,0,-1.9,-2.3,94.2,0,1024,1024,1024,1024,,17.060368,9.186352,75,7.729,4.788,NE,1.89992,Calm
244.4,32.8245496,-95.30654943,420,,0,0,0,-2,-3.3,94.3,0,1024,1024,1024,1024,,17.060368,9.186352,75,7.729,4.788,NE,1.89992,Calm
244.5,32.82454962,-95.30654948,420,,0,0,0,-2.1,-3.3,94,0,1024,1024,1024,1024,,17.060368,9.186352,75,7.729,4.788,NE,1.89992,Calm
244.6,32.82454965,-95.30654954,420,,0,0,0,-2,-3.8,94.2,0,1024,1024,1024,1024,,17.060368,9.186352,75,7.729,4.788,NE,1.89992,Calm
244.7,32.82454961,-95.30654955,420,,0,0,0,-1.5,-4.2,94.3,0,1024,1024,1024,1024,,17.060368,9.186352,75,7.729,4.788,NE,1.89992,Calm
244.8,32.82454958,-95.30654957,420,,0,0,0,-2,-2.9,94.2,0,1024,1024,1024,1024,,17.060368,9.186352,75,7.729,4.788,NE,1.89992,Calm
244.9,32.82454955,-95.30654955,420,,0,0,0,-3.7,-2.3,94.2,0,1024,1024,1024,1024,,17.060368,9.186352,75,7.729,4.883,NE,1.89992,Calm
245,32.82454952,-95.30654957,420,,0,0,0,-4,-2.5,94.5,0,1024,1024,1024,1024,,17.060368,9.186352,75,7.729,4.883,NE,1.89992,Calm
245.1,32.82454957,-95.30654952,420,,0,0,0,-2.7,-2.8,94.5,0,1024,1024,1024,1024,,17.060368,9.186352,75,7.729,4.883,NE,1.89992,Calm
245.2,32.82454954,-95.3065495,420,,0,0,0,-3.2,-2.2,94.3,0,1024,1024,1024,1024,,17.060368,9.186352,75,7.729,4.883,NE,1.89992,Calm
245.3,32.82454945,-95.30654951,420,,0,0,0,-3.6,-1.7,94.2,0,1024,1024,1024,1024,,17.060368,9.186352,75,7.729,4.883,NE,1.89992,Calm
245.4,32.82454942,-95.3065495,420,,0,0,0,-2.8,-3,94.1,0,1024,1024,1024,1024,,17.060368,9.186352,75,7.729,4.883,NE,1.89992,Calm
245.5,32.82454946,-95.30654951,420,,0,0,0,-3.3,-2.3,94.1,0,1024,1024,1024,1024,,17.060368,9.186352,75,7.729,4.883,NE,1.89992,Calm
245.6,32.82454942,-95.30654946,420,,0,0,0,-3.9,-1,94.1,0,1024,1024,916,1024,,17.060368,9.186352,75,7.729,4.883,NE,1.89992,Calm
245.7,32.82454937,-95.30654938,420,,0,0,0,-3.6,-0.1,94.1,0,1024,1024,811,1024,,17.060368,9.514436,75,7.729,4.883,NE,1.89992,Calm
245.8,32.82454938,-95.30654937,420,,0,0,0,-3.7,-0.5,94.2,0,1024,1024,811,1024,,17.060368,9.514436,75,7.729,4.883,NE,1.89992,Calm
245.9,32.82454939,-95.30654945,420,,0,0,0.400000663,-3.8,-2.4,94.2,0,1024,1024,741,1024,,17.060368,9.186352,75,7.732,4.883,NE,1.89992,Calm
246,32.82454939,-95.30654949,420,,0,0,0.500000829,-3.3,-2.3,94.1,0,1024,1024,729,1024,,16.076116,9.186352,75,7.732,4.883,NE,1.89992,Calm
246.1,32.82454939,-95.30654934,420,,0,0,0.500000829,-2.2,-1.4,94,0,1024,1024,757,1024,,14.76378,9.514436,75,7.732,4.883,NE,1.89992,Calm
246.2,32.82454939,-95.30654939,420,,0,0,0.500000829,-2,-2.6,94.2,0,1024,1024,758,1024,,14.76378,9.514436,75,7.732,4.883,NE,1.9982688,Calm
246.3,32.82454937,-95.30654937,420,,0,0,0.500000829,-2.8,-3.6,94.2,0,1024,1024,762,1024,,13.779528,9.514436,75,7.732,4.883,NE,1.9982688,Calm
246.4,32.82454933,-95.30654942,419,,0,0,0.400000663,-3.3,-3.7,94.2,0,1024,1024,768,1024,,13.779528,9.186352,75,7.732,4.883,NE,1.9982688,Calm
246.5,32.82454936,-95.30654965,419,,0,0,0.400000663,-3.8,-3.7,94.2,0,1024,1024,763,1024,,13.779528,9.186352,75,7.732,4.883,NE,1.9982688,Calm
246.6,32.82454933,-95.30654962,419,,0,0,0.400000663,-3.8,-2.7,94.2,0,1024,1024,744,1024,,12.795276,9.186352,75,7.732,4.883,NE,1.9982688,Calm
246.7,32.82454928,-95.30654949,419,,0,0,0.300000497,-4,-1.5,94.1,0,1024,1024,742,1024,,12.795276,9.186352,75,7.732,4.883,NE,1.9982688,Calm
246.8,32.82454929,-95.30654945,419,,0,0,0.300000497,-3.6,-2,94.3,0,1024,1024,714,1024,,12.795276,9.186352,75,7.732,4.883,NE,1.9982688,Calm
246.9,32.82454942,-95.30654928,419,,0,0,0.300000497,-3.2,-1.8,94.2,0,1024,1024,700,1024,,11.811024,9.514436,75,7.732,4.582,NE,1.9982688,Calm
247,32.82454946,-95.30654924,419,,0,0,0.300000497,-2.6,-1.4,94.2,0,1024,1024,701,1024,,11.811024,9.514436,75,7.732,4.582,NE,1.9982688,Calm
247.1,32.82454945,-95.30654929,419,,0,0,0.200000332,-1.6,-1.9,94.3,0,1024,1024,700,1024,,11.811024,9.514436,75,7.732,4.582,NE,1.9982688,Calm
247.2,32.82454949,-95.30654926,418,,0,0,0.200000332,-1.6,-1.6,94.2,0,1024,1024,698,1024,,10.498688,9.514436,75,7.732,4.582,NE,1.9982688,Calm
247.3,32.82454942,-95.3065492,418,,0,0,0.200000332,-0.6,-2,94.3,0,1024,1024,677,1024,,10.498688,9.514436,75,7.732,4.582,NE,1.9982688,Calm
247.4,32.82454941,-95.3065492,418,,0,0,0.200000332,-1.1,-2.4,94.3,0,1024,1024,627,1024,,10.498688,9.514436,75,7.732,4.582,NE,1.9982688,Calm
247.5,32.82454936,-95.30654911,418,,0,0,0.200000332,-2.9,-3,94.2,0,1024,1024,588,1024,,10.498688,9.514436,75,7.732,4.582,NE,1.9982688,Calm
247.6,32.82454932,-95.30654907,418,,0,0,0.200000332,-3.9,-1.4,94.2,0,1024,1024,546,1024,,9.514436,9.84252,75,7.732,4.582,NE,1.9982688,Calm
247.7,32.82454937,-95.30654897,418,,0,0,0.100000166,-3.2,-1.1,94.2,0,1024,1024,462,1024,,9.514436,9.84252,75,7.732,4.582,NE,1.9982688,Calm
247.8,32.82454936,-95.30654891,418,,0,0,0.200000332,-3.4,-1.5,94.1,0,1024,1024,462,1024,,9.514436,9.84252,75,7.732,4.582,NE,1.9982688,Calm
247.9,32.82454929,-95.30654895,418,,0,0,0.200000332,-3.7,-0.5,94,0,1024,1024,391,1024,,9.514436,9.84252,75,7.728,4.98,NE,1.9982688,Calm
248,32.82454933,-95.30654888,418,,0,0,0.100000166,-1.6,1,94.4,0,1024,1024,364,1024,,9.514436,9.84252,75,7.728,4.98,NE,1.9982688,Calm
248.1,32.82454943,-95.30654888,418,,0,0,0.100000166,-0.9,1.2,94.4,0,1024,1024,364,1024,,9.514436,9.84252,75,7.728,4.98,NE,1.9982688,Calm
248.2,32.82454945,-95.3065489,418,,0,0,0.100000166,-2,-0.6,94.1,0,1024,1024,364,1024,,8.530184,9.84252,75,7.728,4.98,NE,1.9982688,Calm
248.3,32.82454942,-95.30654884,418,,0,0,0.100000166,-2.7,-0.8,94.1,0,1024,1024,364,1024,,8.530184,9.84252,75,7.728,4.98,NE,1.9982688,Calm
248.4,32.82454947,-95.30654887,418,,0,0,0.100000166,-2.1,-0.8,94,0,1024,1024,364,1024,,8.530184,9.84252,75,7.728,4.98,NE,1.9982688,Calm
248.5,32.82454958,-95.30654898,418,,0,0,0.100000166,-0.5,-1.6,94.2,0,1024,1024,364,1024,,8.530184,9.84252,75,7.728,4.98,NE,1.89992,Calm
248.6,32.82454964,-95.30654904,418,,0,0,0.100000166,0.3,-2.2,94.1,0,1024,1024,364,1024,,8.530184,9.514436,75,7.728,4.98,NE,1.89992,Calm
248.7,32.82454953,-95.30654907,417,,0,0,0.100000166,-0.8,-2.1,94,0,1024,1024,364,1024,,8.530184,9.514436,75,7.728,4.98,NE,1.89992,Calm
248.8,32.82454954,-95.30654913,417,,0,0,0,-0.7,-2.7,93.9,0,1024,1024,364,1024,,8.530184,9.514436,75,7.728,4.98,NE,1.89992,Calm
248.9,32.8245494,-95.30654908,417,,0,0,0,-0.9,-2.3,94.1,0,1024,1024,364,1024,,7.217848,9.514436,75,7.729,4.98,NE,1.89992,Calm
249,32.8245494,-95.30654912,417,,0,0,0,-0.6,-2.4,94.3,0,1024,1024,364,1024,,7.217848,9.514436,75,7.729,4.98,NE,1.89992,Calm
249.1,32.82454929,-95.30654916,417,,0,0,0,-1.4,-2.5,94.2,0,1024,1024,364,1024,,7.217848,9.514436,75,7.729,4.98,NE,1.89992,Calm
249.2,32.82454927,-95.3065492,417,,0,0,0,-1.4,-2.7,94.2,0,1024,1024,364,1024,,7.217848,9.514436,75,7.729,4.98,NE,1.7971008,Calm
249.3,32.82454918,-95.30654924,417,,0,0,0,-1.3,-2.6,94.3,0,1024,1024,364,1024,,7.217848,9.514436,75,7.729,4.98,NE,1.7971008,Calm
249.4,32.82454915,-95.30654922,417,,0,0,0,-1.3,-2.5,94.1,0,1024,1024,364,1024,,7.217848,9.514436,75,7.729,4.98,NE,1.7971008,Calm
249.5,32.82454907,-95.30654907,417,,0,0,0,-2.3,-1.5,94,0,1024,1024,364,1024,,7.217848,9.84252,75,7.729,4.949,NE,1.7971008,Calm
249.6,32.82454905,-95.30654902,417,,0,0,0,-2.6,-1.1,94,0,1024,1024,364,1024,,7.217848,9.84252,75,7.729,4.949,NE,1.7971008,Calm
249.7,32.8245491,-95.30654895,417,,0,0,0.100000166,-1.5,0.2,94.1,0,1024,1024,364,1024,,7.217848,9.84252,75,7.729,4.949,NE,1.7971008,Calm
249.8,32.82454912,-95.30654892,417,,0,0,0,-0.4,-0.6,94.1,0,1024,1024,364,1024,,7.217848,9.84252,75,7.729,4.949,NE,1.7971008,Calm
249.9,32.82454901,-95.30654889,417,,0,0,0,-0.3,-1.6,94,0,1024,1024,364,1024,,7.217848,9.84252,75,7.729,4.949,NE,1.7971008,Calm
250,32.82454899,-95.30654888,417,,0,0,0,-1.2,-1.7,94.1,0,1024,1024,364,1024,,7.217848,9.84252,75,7.729,4.949,NE,1.698752,Calm
250.1,32.82454898,-95.3065488,417,,0,0,0,-1.2,-1,94.1,0,1024,1024,364,1024,,7.217848,10.170604,75,7.729,4.949,NE,1.698752,Calm
250.2,32.82454896,-95.30654877,417,,0,0,0,-1.7,-1.6,94.2,0,1024,1024,364,1024,,7.217848,10.170604,75,7.729,4.949,NE,1.698752,Calm
250.3,32.82454895,-95.30654868,417,,0,0,0,-2.4,-0.9,94.1,0,1024,1024,364,1024,,7.217848,10.170604,75,7.729,4.949,NE,1.698752,Calm
250.4,32.82454888,-95.30654865,417,,0,0,0,-3.2,0.1,93.9,0,1024,1024,364,1024,,7.217848,10.170604,75,7.729,4.949,NE,1.698752,Calm
250.5,32.82454872,-95.30654861,417,,0,0,0,-4.1,-0.2,93.9,0,1024,1024,364,1024,,7.217848,10.498688,75,7.735,4.949,NE,1.5959328,Calm
250.6,32.82454866,-95.30654864,417,,0,0,0,-3.6,-2,94.1,0,1024,1024,364,1024,,6.233596,10.498688,75,7.735,4.949,NE,1.5959328,Calm
250.7,32.82454865,-95.30654865,417,,0,0,0,-3.7,-2,94.1,0,1024,1024,364,1024,,6.233596,10.498688,75,7.735,4.949,NE,1.5959328,Calm
250.8,32.82454864,-95.30654867,417,,0,0,0,-3.4,-1.1,94.2,0,1024,1024,364,1024,,6.233596,10.170604,75,7.735,4.949,NE,1.5959328,Calm
250.9,32.82454859,-95.30654877,417,,0,0,0,-1.4,-1.5,94.1,0,1024,1024,364,1024,,6.233596,10.170604,75,7.735,4.949,NE,1.5959328,Calm
251,32.82454856,-95.30654884,417,,0,0,0,-2.6,-2.5,94.1,0,1024,1024,364,1024,,6.233596,10.170604,75,7.735,4.949,NE,1.5959328,Calm
251.1,32.82454845,-95.30654898,417,,0,0,0,-3.9,-3.2,94.2,0,1024,1024,364,1024,,6.233596,10.170604,75,7.735,4.949,NE,1.5959328,Calm
251.2,32.82454842,-95.30654904,417,,0,0,0,-3.6,-3.8,94.4,0,1024,1024,364,1024,,6.233596,10.170604,75,7.735,4.949,NE,1.5959328,Calm
251.3,32.82454837,-95.30654916,417,,0,0,0,-2.7,-3.8,94.5,0,1024,1024,364,1024,,6.233596,9.84252,75,7.735,4.949,NE,1.5959328,Calm
251.4,32.82454834,-95.30654916,417,,0,0,0,-3.4,-2.5,94.3,0,1024,1024,364,1024,,6.233596,10.170604,75,7.735,4.949,NE,1.5959328,Calm
251.5,32.82454826,-95.3065491,417,,0,0,0,-3.8,-1.8,94.2,0,1024,1024,364,1024,,6.233596,10.170604,75,7.735,4.976,NE,1.5959328,Calm
251.6,32.82454826,-95.30654908,417,,0,0,0,-4,-1.8,94.2,0,1024,1024,364,1024,,6.233596,10.170604,75,7.735,4.976,NE,1.5959328,Calm
251.7,32.82454821,-95.30654909,417,,0,0,0,-4.2,-1.8,94.2,0,1024,1024,364,1024,,6.233596,10.170604,75,7.735,4.976,NE,1.5959328,Calm
251.8,32.8245483,-95.30654905,417,,0,0,0,-2.3,-0.8,94.1,0,1024,1024,364,1024,,6.233596,10.170604,75,7.735,4.976,NE,1.5959328,Calm
251.9,32.82454829,-95.30654898,417,,0,0,0,0.7,-1.6,94.2,0,1024,1024,364,1024,,6.233596,10.170604,75,7.735,4.976,NE,1.5959328,Calm
252,32.82454836,-95.30654896,417,,0,0,0,0.8,-2.4,94.2,0,1024,1024,364,1024,,6.233596,10.170604,75,7.735,4.976,NE,1.5959328,Calm
252.1,32.82454833,-95.30654898,417,,0,0,0,-0.7,-1.1,94.2,0,1024,1024,364,1024,,6.233596,10.170604,75,7.735,4.976,NE,1.5959328,Calm
252.2,32.82454832,-95.30654894,417,,0,0,0.200000332,-1.5,-0.3,94.2,0,1024,1024,364,1024,,6.233596,10.170604,75,7.725,4.976,NE,1.5959328,Calm
252.3,32.82454839,-95.30654887,417,,0,0,0.400000663,-2.7,-0.3,94.2,0,1024,1024,364,1024,,5.249344,10.170604,75,7.725,4.976,NE,1.5959328,Calm
252.4,32.82454841,-95.30654885,417,,0,0,0.300000497,-1.1,-1.1,94.3,0,1024,1024,602,1024,,5.249344,10.170604,75,7.725,4.976,NE,1.5959328,Calm
252.5,32.82454831,-95.30654899,416,,0,0,0.300000497,-0.3,-1.5,94.3,0,1024,1024,844,1024,,5.249344,10.170604,75,7.725,4.976,NE,1.5959328,Calm
252.6,32.82454829,-95.30654896,416,,0,0,0.400000663,-0.9,-1,94.3,0,1024,1024,903,1024,,4.265092,10.170604,75,7.725,4.976,NE,1.5959328,Calm
252.7,32.82454826,-95.30654887,416,,0,0,0.300000497,-1.3,-0.7,94.4,0,1024,1024,1024,1024,,4.265092,10.170604,75,7.725,4.976,NE,1.5959328,Calm
252.8,32.82454821,-95.30654882,416,,0,0,0.300000497,-1.6,0.3,94.1,0,1024,1024,1024,1024,,2.952756,10.498688,75,7.725,4.976,NE,1.5959328,Calm
252.9,32.82454813,-95.30654875,416,,0,0,0.300000497,-2.7,1.1,93.7,0,1024,1024,1024,1024,,2.952756,10.498688,75,7.725,4.976,NE,1.5959328,Calm
253,32.82454807,-95.30654872,416,,0,0,0.300000497,-4.3,-0.6,93.9,0,1024,1024,1024,1024,,2.952756,10.498688,75,7.725,4.976,NE,1.497584,Calm
253.1,32.82454785,-95.30654878,416,,0,0,0.300000497,-3.9,-0.1,93.9,0,1024,1024,1024,1024,,1.968504,10.498688,75,7.725,4.976,NE,1.497584,Calm
253.2,32.82454784,-95.30654876,416,,0,0,0.300000497,-3,0.8,93.9,0,1024,1024,1024,1024,,1.968504,10.498688,75,7.725,4.976,NE,1.497584,Calm
253.3,32.82454799,-95.30654892,416,,0,0,0.200000332,-2.7,0.5,94,0,1024,1024,1024,1024,,1.968504,10.498688,75,7.725,4.976,NE,1.497584,Calm
253.4,32.82454802,-95.30654898,415,,0,0,0.200000332,-1.5,-1.6,93.9,0,1024,1024,1024,1024,,1.968504,10.498688,75,7.725,4.976,NE,1.497584,Calm
253.5,32.82454813,-95.30654908,415,,0,0,0.200000332,-0.3,-2.1,94,0,1024,1024,1024,1024,,0.984252,10.170604,75,7.725,4.985,NE,1.497584,Calm
253.6,32.82454814,-95.30654913,415,,0,0,0.200000332,-0.6,-2,94.2,0,1024,1024,1024,1024,,0.984252,10.170604,75,7.725,4.985,NE,1.497584,Calm
253.7,32.82454808,-95.30654904,415,,0,0,0.200000332,-3.2,-2.4,94.2,0,1024,1024,1024,1024,,0.984252,10.170604,75,7.725,4.985,NE,1.497584,Calm
253.8,32.82454808,-95.30654903,415,,0,0,0.200000332,-3.2,-1.1,94.1,0,1024,1024,1024,1024,,0.984252,10.170604,75,7.725,4.985,NE,1.3992352,Calm
253.9,32.82454813,-95.30654885,415,,0,0,0.100000166,-1.3,0.9,94,0,1024,1024,1024,1024,,0.984252,10.498688,75,7.725,4.985,NE,1.296416,Calm
254,32.82454819,-95.30654881,415,,0,0,0.100000166,0.3,-0.1,94.1,0,1024,1024,1024,1024,,0.984252,10.498688,75,7.725,4.985,NE,1.1980672,Calm
254.1,32.82454827,-95.30654874,415,,0,0,0.100000166,0.2,0,94.1,0,1024,1024,1024,1024,,0,10.498688,75,7.725,4.985,NE,1.0997184,Calm
254.2,32.82454831,-95.30654868,415,,0,0,0.100000166,0.5,0.8,93.9,0,1024,1024,1024,1024,,0,10.498688,75,7.721,4.985,NE,1.0997184,Calm
254.3,32.82454834,-95.30654844,415,,0,0,0.100000166,-0.1,-1.7,94,0,1024,1024,1024,1024,,0,10.826772,75,7.721,4.985,NE,1.0997184,Calm
254.4,32.82454836,-95.30654836,415,,0,0,0,-1.9,-2.6,93.6,0,1024,1024,1024,1024,,0,10.826772,75,7.721,4.985,N,0.9968992,Calm
254.5,32.8245483,-95.30654813,415,,0,0,0,-0.3,-2.7,93.6,0,1024,1024,1024,1024,,0,10.826772,75,7.721,4.796,N,0.8985504,Calm
254.6,32.8245483,-95.3065481,415,,0,0,0,-0.2,-0.9,93.7,0,1024,1024,1024,1024,,0,11.154856,75,7.721,4.796,N,0.8985504,Calm
254.7,32.82454819,-95.3065482,415,,0,0,0,-0.2,-0.8,93.8,0,1024,1024,1024,1024,,0,10.826772,75,7.721,4.796,N,0.7957312,Calm
254.8,32.82454819,-95.3065482,415,,0,0,0,-0.2,-0.8,93.8,0,1024,1024,1024,1024,,0,10.826772,75,7.721,4.796,N,0.7957312,Calm
254.9,32.82454821,-95.30654823,415,,0,0,0,-0.2,-0.8,93.8,0,1024,1024,1024,1024,,0,10.826772,75,7.721,4.796,N,0.7957312,Calm
255,32.82454822,-95.30654824,415,,0,0,0,-0.2,-0.8,93.8,0,1024,1024,1024,1024,,0,10.826772,75,7.721,4.796,N,0.7957312,Calm
,,,,,,,,,,,,,,,,,,,,,,,,
