Filter,OSD.flyTime [s],OSD.latitude,OSD.longitude,OSD.altitude [m],Convert MPH to m/s,OSD.xSpeed [m/s],OSD.ySpeed [m/s],OSD.zSpeed [m/s],OSD.roll,OSD.pitch,OSD.yaw,OSD.hSpeed [m/s],RC.elevator,RC.throttle,RC.rudder,RC.aileron,Convert ft to m,OSD.vpsHeight [m],HOME.distance [m],BATTERY.chargeLevel,BATTERY.voltage [V],BATTERY.current [A],WEATHER.windDirection,WEATHER.windSpeed [m/s],WEATHER.windStrength,
0,0,32.82455606,-95.30655262,420,0.44704,0,0,0,0,-0.3,89.9,0,1024,1024,1024,1024,3.28084,0.984252,4.112768,95,8.147,0.882,N,0.0983488,Calm,
1,0.1,32.82455605,-95.30655261,420,,0,0,0,0,-0.3,89.9,0,1024,1024,1024,1024,,0.984252,4.112768,95,8.147,0.882,N,0.0983488,Calm,
2,0.2,32.82455606,-95.30655262,420,,0,0,0,0,-0.3,89.9,0,1024,1024,1024,1024,,0.984252,4.112768,95,8.147,0.882,N,0.0983488,Calm,
3,0.3,32.82455604,-95.30655258,420,,0,0,0,0,-0.3,89.9,0,1024,1024,1024,1024,,0.984252,4.112768,95,8.147,0.882,N,0.0983488,Calm,
4,0.4,32.82455604,-95.3065526,420,,0,0,0,0,-0.3,89.9,0,1024,1024,1024,1024,,0.984252,4.112768,95,8.147,0.882,N,0.0983488,Calm,
0,0.5,32.82455604,-95.30655261,420,,0,0,0,0,-0.3,90,0,1024,1024,1024,1024,,0.984252,4.112768,95,8.147,0.882,N,0.0983488,Calm,
1,0.6,32.82455606,-95.30655259,420,,0,0,0,0,-0.3,90,0,1024,1024,1024,1024,,0.984252,4.112768,95,8.147,0.882,N,0.0983488,Calm,
2,0.7,32.82455607,-95.30655259,420,,0,0,0,0,-0.3,90,0,1024,1024,1024,1024,,0.984252,4.112768,95,8.147,0.882,N,0.0983488,Calm,
3,0.8,32.82455605,-95.30655259,420,,0,0,0,0,-0.3,90,0,1024,1024,1024,1024,,0.984252,4.112768,95,8.147,0.882,N,0.0983488,Calm,
4,0.9,32.82455603,-95.30655259,420,,0,0,0,0,-0.3,90,0,1024,1024,1024,1024,,0.984252,4.112768,95,8.147,0.882,N,0.0983488,Calm,
0,1,32.82455602,-95.3065526,420,,0,0,0,0,-0.3,90,0,1024,1024,1024,1024,,0.984252,4.112768,95,8.018,0.882,N,0.0983488,Calm,
1,1.1,32.82455602,-95.3065526,420,,0,0,0,0,-0.3,90,0,1024,1024,1024,1024,,0.984252,4.112768,95,8.018,0.882,N,0.0983488,Calm,
2,1.2,32.82455601,-95.3065526,420,,0,0,0,0,-0.4,90,0,1024,1024,1024,1024,,0.984252,4.112768,95,8.018,0.882,N,0.0983488,Calm,
3,1.3,32.82455605,-95.30655255,420,,0,0,0,0,-0.3,90,0,1024,1024,1024,1024,,0.984252,4.112768,95,8.018,0.882,N,0.0983488,Calm,
4,1.4,32.82455606,-95.30655254,420,,0,0,0,0,-0.3,90,0,1024,1024,1024,1024,,0.984252,4.112768,95,8.018,0.882,N,0.0983488,Calm,
0,1.5,32.82455606,-95.30655253,420,,0,0,0,0,-0.4,90,0,1024,1024,1024,1024,,0.984252,4.112768,95,8.018,0.882,N,0.0983488,Calm,
1,1.6,32.82455606,-95.30655256,420,,0,0,0,0,-0.4,90,0,1024,1024,1024,1024,,0.984252,4.112768,95,8.018,0.882,N,0.0983488,Calm,
2,1.7,32.82455605,-95.30655256,420,,0,0,0,0,-0.4,90,0,1024,1024,1024,1024,,0.984252,4.112768,95,8.018,0.882,NE,0.0983488,Calm,
3,1.8,32.82455603,-95.30655258,420,,0,0,0,0,-0.4,90,0,1024,1024,1024,1024,,0.984252,4.112768,95,8.018,0.882,NE,0.0983488,Calm,
4,1.9,32.82455603,-95.30655258,420,,0,0,0,0,-0.4,90,0,1024,1024,1024,1024,,0.984252,4.112768,95,8.018,0.882,NE,0.0983488,Calm,
0,2,32.82455605,-95.30655257,420,,0,0,0,0,-0.5,89.9,0,1024,1024,1024,1024,,0.984252,4.112768,95,8.018,3.026,NE,0.0983488,Calm,
1,2.1,32.82455604,-95.30655255,420,,0,0,0,-0.1,-1.7,89.5,0,1024,1024,1024,1024,,0.984252,4.112768,95,8.018,3.026,NE,0.0983488,Calm,
2,2.2,32.82455603,-95.30655252,420,,0,0,-0.200000332,-0.4,-1.4,89,0,1024,1024,1024,1024,,0.984252,4.157472,95,8.018,3.026,NE,0.0983488,Calm,
3,2.3,32.82455604,-95.30655243,420,,0,0,-0.400000663,-0.3,0.3,89.6,0,1024,1024,1024,1024,,0.984252,0,95,8.018,3.026,NE,0.0983488,Calm,
4,2.4,32.82455601,-95.30655234,420,,0,0,-0.600000995,0.5,1.4,89.9,0,1024,1024,1024,1024,,1.968504,0,95,8.018,3.026,NE,0.0983488,Calm,
0,2.5,32.82455602,-95.30655227,420,,0,0,-0.500000829,0.4,1.6,89.9,0,1024,1024,1024,1024,,1.968504,0,95,8.018,3.026,NE,0.0983488,Calm,
1,2.6,32.82455606,-95.30655225,421,,0,0,-0.500000829,0,0.8,89.7,0,1024,1024,1024,1024,,2.952756,0,95,8.018,3.026,NE,0.0983488,Calm,
2,2.7,32.82455598,-95.30655216,421,,0,0,-0.500000829,-0.2,0.2,89.8,0,1024,1024,1024,1024,,2.952756,0.044704,95,8.018,3.026,NE,0.0983488,Calm,
3,2.8,32.82455597,-95.30655215,421,,0,0,-0.500000829,-0.2,0,90,0,1024,1024,1024,1024,,4.265092,0.044704,95,8.018,3.026,NE,0.0983488,Calm,
4,2.9,32.82455595,-95.30655214,421,,0,0,-0.500000829,-0.1,0,90,0,1024,1024,1024,1024,,4.265092,0.044704,95,8.018,3.026,NE,0.0983488,Calm,
0,3,32.82455598,-95.3065521,421,,0,0,-0.500000829,-0.5,-0.2,89.9,0,1024,1024,1024,1024,,5.249344,0.044704,94,7.921,5.061,NE,0.0983488,Calm,
1,3.1,32.8245559,-95.30655224,421,,0,0,-0.400000663,-1.1,-0.4,89.9,0,1024,1024,1024,1024,,5.249344,0.044704,94,7.921,5.061,NE,0.0983488,Calm,
2,3.2,32.82455587,-95.30655227,422,,0,0,-0.400000663,-1.4,-0.6,89.8,0,1024,1024,1024,1024,,6.233596,0.044704,94,7.921,5.061,NE,0.0983488,Calm,
3,3.3,32.82455592,-95.30655234,422,,0,0,-0.500000829,-0.9,-0.8,89.8,0,1024,1024,1024,1024,,6.233596,0,94,7.921,5.061,NE,0.0983488,Calm,
4,3.4,32.82455592,-95.30655238,422,,0,0,-0.500000829,-0.6,-0.8,89.8,0,1024,1024,1024,1024,,7.217848,0,94,7.921,5.061,NE,0.0983488,Calm,
0,3.5,32.82455587,-95.30655248,422,,0,0,-0.500000829,-0.4,-0.9,89.8,0,1024,1024,1024,1024,,7.217848,0,94,7.921,5.061,NE,0.0983488,Calm,
1,3.6,32.82455588,-95.30655254,422,,0,0,-0.500000829,-0.2,-0.8,89.9,0,1024,1024,1024,1024,,8.530184,0,94,7.921,5.061,NE,0.0983488,Calm,
2,3.7,32.82455589,-95.30655259,422,,0,0,-0.500000829,-0.1,-1,90,0,1024,1024,1024,1024,,8.530184,0,94,7.921,5.061,NE,0.0983488,Calm,
3,3.8,32.82455587,-95.30655271,423,,0,0,-0.500000829,0,-1.7,90,0,1024,1024,1024,1024,,9.514436,0,94,7.921,5.061,NE,0.0983488,Calm,
4,3.9,32.82455586,-95.30655277,423,,0,0,-0.500000829,0,-1.9,89.9,0,1024,1024,1024,1024,,9.514436,0,94,7.921,5.061,NE,0.1966976,Calm,
0,4,32.82455585,-95.30655278,423,,0,0,-0.500000829,-0.3,-1.9,89.9,0,1024,1024,1024,1024,,10.498688,0.044704,94,7.89,5.061,NE,0.1966976,Calm,
1,4.1,32.82455591,-95.30655279,423,,0,0,-0.400000663,-0.3,-2,89.9,0,1024,1024,1024,1024,,10.498688,0,94,7.89,5.061,NE,0.1966976,Calm,
2,4.2,32.8245559,-95.30655279,423,,0,0,-0.400000663,-0.7,-1.6,89.9,0,1024,1024,1024,1024,,10.498688,0,94,7.89,5.061,NE,0.1966976,Calm,
3,4.3,32.82455584,-95.30655277,423,,0,0,-0.400000663,-1.2,-0.9,89.9,0,1024,1024,1024,1024,,11.811024,0.044704,94,7.89,5.061,NE,0.1966976,Calm,
4,4.4,32.82455583,-95.30655277,424,,0,0,-0.400000663,-1.1,-0.8,89.9,0,1024,1024,1024,1024,,11.811024,0.044704,94,7.89,5.061,NE,0.1966976,Calm,
0,4.5,32.82455584,-95.30655272,424,,0,0,-0.100000166,-0.8,-0.7,89.8,0,1024,1024,1024,1024,,12.795276,0,94,7.89,5.061,NE,0.2995168,Calm,
1,4.6,32.82455582,-95.30655273,424,,0,0,0,-0.1,-0.2,89.8,0,1024,1024,1024,1024,,12.795276,0,94,7.89,5.061,NE,0.2995168,Calm,
2,4.7,32.82455583,-95.30655274,424,,0,0,0,0.1,-0.9,89.9,0,1024,1024,1024,1024,,12.795276,0,94,7.89,5.061,NE,0.2995168,Calm,
3,4.8,32.82455578,-95.30655274,424,,0,0,0,-0.4,-1.4,89.9,0,1024,1024,1024,1024,,12.795276,0.044704,94,7.89,5.061,NE,0.2995168,Calm,
4,4.9,32.8245558,-95.30655275,424,,0,0,0,-0.6,-1.2,89.9,0,1024,1024,1024,1024,,12.795276,0.044704,94,7.89,5.061,NE,0.2995168,Calm,
0,5,32.82455578,-95.30655276,424,,0,0,0,-0.4,-1.1,89.9,0,1024,1024,1024,1024,,12.795276,0.044704,94,7.89,5.075,NE,0.2995168,Calm,
1,5.1,32.82455573,-95.30655275,424,,0,0,0,-0.7,-0.9,90,0,1024,1024,1024,1024,,12.795276,0.044704,94,7.89,5.075,NE,0.2995168,Calm,
2,5.2,32.82455562,-95.30655269,424,,0,0,0,-1.4,-0.6,89.9,0,1024,1024,1024,1024,,12.795276,0.044704,94,7.89,5.075,NE,0.3978656,Calm,
3,5.3,32.82455563,-95.30655266,424,,0,0,0,-1.8,-0.6,89.8,0,1024,1044,1024,1024,,12.795276,0.044704,94,7.89,5.075,NE,0.3978656,Calm,
4,5.4,32.82455562,-95.30655263,424,,0,0,0,-1.2,-0.7,89.9,0,1024,1141,1024,1024,,12.795276,0.044704,94,7.89,5.075,NE,0.3978656,Calm,
0,5.5,32.82455558,-95.30655261,424,,0,0,0,-0.8,-0.5,89.9,0,1024,1141,1024,1024,,12.795276,0.044704,94,7.89,5.075,NE,0.3978656,Calm,
1,5.6,32.8245556,-95.30655262,424,,0,0,0,-1.3,-0.4,89.9,0,1024,1151,1024,1024,,12.795276,0.044704,94,7.89,5.075,NE,0.3978656,Calm,
2,5.7,32.82455561,-95.30655261,424,,0,0,-0.100000166,-1.6,-0.8,89.9,0,1024,1153,1024,1024,,12.795276,0.044704,94,7.89,5.075,NE,0.3978656,Calm,
3,5.8,32.8245557,-95.30655255,424,,0,0,-0.200000332,-0.6,-0.8,90,0,1024,1152,1024,1024,,12.795276,0.044704,94,7.89,5.075,NE,0.3978656,Calm,
4,5.9,32.82455573,-95.30655252,424,,0,0,-0.200000332,0,-0.9,90,0,1024,1151,1024,1024,,12.795276,0.044704,94,7.89,5.075,NE,0.3978656,Calm,
0,6,32.82455579,-95.30655254,424,,0,0,-0.200000332,-0.4,-0.8,89.9,0,1024,1151,1024,1024,,13.779528,0,94,7.886,5.123,NE,0.3978656,Calm,
1,6.1,32.82455583,-95.30655252,424,,0,0,-0.200000332,-0.6,-0.5,89.9,0,1024,1153,1024,1024,,13.779528,0,94,7.886,5.123,NE,0.4962144,Calm,
2,6.2,32.82455595,-95.30655253,424,,0,0,-0.200000332,-0.2,-0.6,90,0,1024,1163,1024,1024,,13.779528,0,94,7.886,5.123,NE,0.4962144,Calm,
3,6.3,32.82455599,-95.30655248,424,,0,0,-0.200000332,0,-0.7,90,0,1024,1185,1024,1024,,13.779528,0,94,7.886,5.123,NE,0.4962144,Calm,
4,6.4,32.82455595,-95.30655245,424,,0,0,-0.300000497,-0.1,-0.2,90.1,0,1024,1185,1024,1024,,14.76378,0,94,7.886,5.123,NE,0.4962144,Calm,
0,6.5,32.82455596,-95.30655243,424,,0,0,-0.400000663,0,-0.3,90.1,0,1024,1190,1024,1024,,14.76378,0,94,7.886,5.123,NE,0.4962144,Calm,
1,6.6,32.82455596,-95.30655241,425,,0,0,-0.400000663,0,-0.7,90.1,0,1024,1192,1024,1024,,16.076116,0,94,7.886,5.123,NE,0.4962144,Calm,
2,6.7,32.82455587,-95.30655255,425,,0,0,-0.400000663,-0.5,-0.4,90.2,0,1024,1217,1024,1024,,16.076116,0,94,7.886,5.123,NE,0.4962144,Calm,
3,6.8,32.82455585,-95.30655253,425,,0,0,-0.400000663,-0.8,0,90.1,0,1024,1226,1024,1024,,16.076116,0,94,7.886,5.123,NE,0.4962144,Calm,
4,6.9,32.82455586,-95.30655246,425,,0,0,-0.500000829,-0.9,-0.2,90.1,0,1024,1232,1024,1024,,17.060368,0,94,7.886,5.123,NE,0.4962144,Calm,
0,7,32.82455584,-95.30655247,425,,0,0,-0.600000995,-1,-0.7,90.1,0,1024,1256,1024,1024,,17.060368,0,94,7.886,5.123,NE,0.4962144,Calm,
1,7.1,32.82455582,-95.30655248,425,,0,0,-0.600000995,-1.3,-0.8,90,0,1024,1249,1024,1024,,18.04462,0,94,7.886,5.123,NE,0.4962144,Calm,
2,7.2,32.8245558,-95.30655246,426,,0,0,-0.600000995,-1.4,-0.1,90,0,1024,1233,1024,1024,,19.356956,0,94,7.886,5.123,NE,0.4962144,Calm,
3,7.3,32.82455577,-95.30655244,426,,0,0,-0.70000116,-0.9,0,89.9,0,1024,1226,1024,1024,,19.356956,0.044704,94,7.886,5.123,NE,0.4962144,Calm,
4,7.4,32.82455579,-95.3065523,426,,0,0,-0.70000116,-1.1,-0.3,89.9,0,1024,1233,1024,1024,,20.341208,0.044704,94,7.886,5.123,NE,0.4962144,Calm,
0,7.5,32.82455577,-95.30655228,426,,0,0,-0.600000995,-1.4,0,90,0,1024,1233,1024,1024,,21.32546,0.044704,94,7.886,5.123,NE,0.4962144,Calm,
1,7.6,32.82455567,-95.30655217,427,,0,0,-0.600000995,-1.4,0,90,0,1024,1260,1024,1024,,21.32546,0.044704,94,7.886,5.123,NE,0.4962144,Calm,
2,7.7,32.82455567,-95.30655209,427,,0,0,-0.600000995,-1.4,0,90,0,1024,1260,1024,1024,,22.309712,0.044704,94,7.886,5.123,NE,0.4962144,Calm,
3,7.8,32.82455571,-95.30655212,427,,0,0,-0.600000995,-1.3,-0.1,90,0,1024,1255,1024,1024,,23.622048,0.044704,94,7.886,5.123,NE,0.4962144,Calm,
4,7.9,32.82455572,-95.30655207,427,,0,0,-0.70000116,-1,-0.1,90.1,0,1024,1265,1024,1024,,23.622048,0.044704,94,7.886,5.123,NE,0.4962144,Calm,
0,8,32.8245558,-95.30655206,427,,0,0,-0.70000116,-1.3,0.1,90,0,1068,1268,1024,1024,,24.6063,0.044704,94,7.852,5.187,NE,0.4962144,Calm,
1,8.1,32.82455582,-95.30655203,428,,0,0,-0.70000116,-1.3,0.2,90,0,1114,1268,1024,1024,,25.590552,0.044704,94,7.852,5.187,NE,0.4962144,Calm,
2,8.2,32.82455595,-95.30655212,428,,0,0,-0.800001326,-0.9,0.1,90,0,1187,1265,1024,1024,,26.902888,0.044704,94,7.852,5.187,NE,0.4962144,Calm,
3,8.3,32.82455599,-95.30655205,428,,0,0,-0.800001326,-0.3,-0.1,90,0,1187,1265,1024,1024,,27.88714,0.044704,94,7.852,5.187,NE,0.4962144,Calm,
4,8.4,32.82455597,-95.3065521,428,,0,0,-0.800001326,-0.2,-0.2,89.9,0,1257,1257,1024,1024,,27.88714,0.044704,94,7.852,5.187,N,0.4962144,Calm,
0,8.5,32.82455599,-95.30655201,429,,0,0,-0.800001326,-0.1,-1.3,89.8,0,1305,1241,1024,1024,,28.871392,0.044704,94,7.852,5.187,N,0.3978656,Calm,
1,8.6,32.82455585,-95.30655185,429,,0,0,-0.800001326,-0.5,-3,89.9,0,1397,1246,1024,1024,,29.855644,0.089408,94,7.852,5.187,N,0.3978656,Calm,
2,8.7,32.82455585,-95.30655168,429,,0,0.100000166,-0.70000116,-0.8,-4.7,90,0.100000166,1451,1246,1024,1024,,31.16798,0.089408,94,7.852,5.187,N,0.3978656,Calm,
3,8.8,32.82455583,-95.30655156,429,,0,0.200000332,-0.70000116,-1,-8.2,90,0.200000332,1494,1245,1024,1024,,31.16798,0.134112,94,7.852,5.187,N,0.3978656,Calm,
4,8.9,32.82455582,-95.30655129,430,,0,0.400000663,-0.70000116,-0.7,-12,90,0.400000663,1515,1246,1024,1024,,32.152232,0.134112,94,7.852,5.187,N,0.3978656,Calm,
0,9,32.82455605,-95.30655075,430,,0,0.600000995,-0.70000116,-0.5,-14.4,90,0.600000995,1537,1246,1024,1024,,32.152232,0.22352,94,7.859,5.187,N,0.3978656,Calm,
1,9.1,32.82455606,-95.30655,430,,0,0.800001326,-0.70000116,-0.7,-15.2,90.1,0.800001326,1547,1248,1024,1024,,33.136484,0.312928,94,7.859,5.187,N,0.3978656,Calm,
2,9.2,32.82455601,-95.30654874,430,,0,1.100001823,-0.70000116,-1.1,-16.4,90,1.100001823,1569,1248,1024,1024,,33.136484,0.491744,94,7.859,5.187,N,0.2995168,Calm,
3,9.3,32.8245561,-95.30654737,431,,0,1.400002321,-0.70000116,-0.9,-17.3,90.1,1.400002321,1614,1251,1024,1024,,33.136484,0.67056,94,7.859,5.187,N,0.2995168,Calm,
4,9.4,32.82455606,-95.30654534,431,,0,1.700002818,-0.70000116,-0.2,-18.1,90,1.700002818,1663,1258,1024,1024,,34.120736,0.983488,94,7.859,5.187,N,0.2995168,Calm,
0,9.5,32.82455615,-95.30654318,431,,0,2.000003315,-0.70000116,0,-20.2,89.8,2.000003315,1684,1265,1024,1041,,34.120736,1.251712,94,7.859,5.187,N,0.2995168,Calm,
1,9.6,32.82455607,-95.30654053,431,,0,2.300003812,-0.70000116,0,-22.7,89.9,2.300003812,1684,1268,1024,1041,,35.433072,1.609344,94,7.859,5.187,NW,0.2995168,Calm,
2,9.7,32.82455614,-95.30653786,432,,0,2.700004476,-0.800001326,0.1,-23.9,90,2.700004476,1684,1263,1024,1042,,35.433072,2.01168,94,7.859,5.187,NW,0.3978656,Calm,
3,9.8,32.82455618,-95.30653464,432,,0,3.100005139,-0.800001326,-0.8,-23.5,90,3.100005139,1684,1269,1024,1042,,36.417324,2.414016,94,7.859,5.187,NW,0.3978656,Calm,
4,9.9,32.82455624,-95.30653085,432,,0,3.500005802,-0.800001326,-0.7,-23.4,90.1,3.500005802,1684,1356,1024,1039,,36.417324,2.950464,94,7.859,5.187,NW,0.3978656,Calm,
0,10,32.82455628,-95.30652708,432,,0,3.800006299,-0.800001326,-0.2,-23.7,90.1,3.800006299,1684,1403,1024,1040,,37.401576,3.486912,94,7.859,5.083,NW,0.3978656,Calm,
1,10.1,32.82455622,-95.30652328,433,,0,4.200006962,-1.000001658,0,-21.6,89.9,4.200006962,1684,1433,1024,1038,,38.713912,3.978656,94,7.859,5.083,NW,0.3978656,Calm,
2,10.2,32.82455623,-95.3065185,433,,0,4.600007625,-1.400002321,-0.4,-19.2,90,4.600007625,1684,1437,1024,1034,,39.698164,4.649216,94,7.859,5.083,NW,0.3978656,Calm,
3,10.3,32.82455619,-95.30651209,434,,0,4.900008122,-1.700002818,-1.2,-17.8,90.1,4.900008122,1684,1404,1024,1024,,41.666668,5.543296,94,7.859,5.083,NW,0.3978656,Calm,
4,10.4,32.82455619,-95.30650769,434,,0,5.20000862,-1.900003149,-1.2,-18.1,90.1,5.20000862,1684,1166,1024,1024,,43.963256,6.124448,94,7.859,5.083,NW,0.3978656,Calm,
0,10.5,32.82455611,-95.3065008,435,,-0.100000166,5.400008951,-2.000003315,-1.2,-18.6,91.5,5.400934771,1684,1024,1024,1024,,46.259844,7.063232,94,7.859,5.083,NW,0.3978656,Calm,
1,10.6,32.824556,-95.30649573,436,,-0.100000166,5.600009283,-1.800002984,-0.9,-20.3,91.9,5.600902021,1684,1024,1024,1024,,48.228348,7.778496,94,7.859,5.083,NW,0.3978656,Calm,
2,10.7,32.82455582,-95.30648906,436,,-0.200000332,5.700009448,-1.400002321,-1.6,-22.4,92.2,5.703516924,1684,970,1024,1024,,49.2126,8.672576,94,7.859,5.083,NW,0.3978656,Calm,
3,10.8,32.82455555,-95.30648258,437,,-0.200000332,5.800009614,-1.100001823,-1.8,-24.1,92.3,5.80345674,1684,914,1024,1024,,50.524936,9.566656,94,7.859,5.083,NW,0.3978656,Calm,
4,10.9,32.82455532,-95.30647657,437,,-0.200000332,5.90000978,-0.70000116,-2.1,-25.4,92.4,5.903398343,1684,1024,1024,1024,,51.509188,10.371328,94,7.859,5.083,NW,0.3978656,Calm,
0,11,32.82455518,-95.30646993,437,,-0.300000497,6.000009946,-0.300000497,-2.6,-26.8,92.5,6.007505018,1684,1024,1024,1024,,51.509188,11.310112,94,7.746,6.174,NW,0.3978656,Calm,
1,11.1,32.82455493,-95.30646396,437,,-0.300000497,6.300010443,-0.100000166,-3.1,-26.8,92.6,6.307149225,1684,1024,1024,1024,,51.509188,12.114784,94,7.746,6.174,NW,0.3978656,Calm,
2,11.2,32.82455477,-95.30645712,437,,-0.300000497,6.60001094,-0.100000166,-2.4,-25.2,92.4,6.606825171,1684,1024,1024,1024,,51.509188,13.053568,94,7.746,6.174,NW,0.3978656,Calm,
3,11.3,32.82455446,-95.30644918,437,,-0.300000497,6.800011272,0,-2.2,-24.7,92.4,6.806625676,1684,1024,1024,1024,,51.509188,14.126464,94,7.746,6.174,NW,0.3978656,Calm,
4,11.4,32.82455444,-95.3064421,437,,-0.300000497,7.000011603,0,-2.3,-24.5,92.3,7.006436909,1684,1024,1024,1024,,51.509188,15.109952,94,7.746,6.174,NW,0.3978656,Calm,
0,11.5,32.82455433,-95.30643404,437,,-0.300000497,7.200011935,0,-2.5,-23.8,92.3,7.206258872,1684,1024,1024,1024,,50.524936,16.227552,94,7.746,6.174,NW,0.3978656,Calm,
1,11.6,32.82455405,-95.30642731,437,,-0.300000497,7.500012432,0,-2.9,-23.3,92.4,7.506009921,1684,1024,1024,1024,,51.509188,17.121632,94,7.746,6.174,NW,0.3978656,Calm,
2,11.7,32.82455369,-95.30641836,437,,-0.300000497,7.700012764,0,-3.1,-23.1,92.4,7.705854682,1684,1024,1024,1024,,51.509188,18.373344,94,7.746,6.174,NW,0.4962144,Calm,
3,11.8,32.82455362,-95.30640959,437,,-0.300000497,7.800012929,0,-3,-22.4,92.3,7.805779745,1684,1024,1024,1024,,51.509188,19.580352,94,7.746,6.174,NW,0.4962144,Calm,
4,11.9,32.82455331,-95.30640149,437,,-0.300000497,8.000013261,0,-2.3,-22,92.3,8.00563613,1684,1024,1024,1024,,51.509188,20.697952,94,7.746,6.174,NW,0.4962144,Calm,
0,12,32.8245533,-95.30639378,437,,-0.300000497,8.200013592,0,-3.2,-22.4,92.3,8.20549922,1684,1024,1024,1024,,51.509188,21.726144,94,7.826,6.174,NW,0.4962144,Calm,
1,12.1,32.82455295,-95.30638448,437,,-0.300000497,8.300013758,0,-3.2,-22.3,92.4,8.305433671,1684,1083,1024,1024,,51.509188,23.02256,94,7.826,6.174,NW,0.4962144,Calm,
2,12.2,32.82455288,-95.30637596,437,,-0.300000497,8.50001409,0,-3.4,-21.5,92.4,8.505306149,1684,1024,1024,1024,,51.509188,24.184864,94,7.826,6.174,NW,0.4962144,Calm,
3,12.3,32.8245525,-95.30636539,437,,-0.300000497,8.600014255,0,-2.7,-20.9,92.1,8.60524507,1684,893,1024,1024,,52.49344,25.615392,94,7.826,6.174,NW,0.4962144,Calm,
4,12.4,32.82455247,-95.30635797,437,,-0.300000497,8.700014421,0,-2,-21.6,92.2,8.705184886,1684,681,1024,1024,,52.49344,26.643584,94,7.826,6.174,NW,0.4962144,Calm,
0,12.5,32.8245521,-95.30634762,437,,-0.300000497,8.800014587,0.100000166,-2.7,-19.6,92.4,8.805126489,1684,778,1024,1024,,52.49344,28.074112,94,7.826,6.174,NW,0.4962144,Calm,
1,12.6,32.82455191,-95.3063368,437,,-0.300000497,8.800014587,0.400000663,-4.2,-4.8,92.1,8.805126489,1684,875,1024,1024,,52.49344,29.549344,94,7.826,6.174,NW,0.4962144,Calm,
2,12.7,32.82455161,-95.30632793,437,,-0.300000497,8.600014255,0.400000663,-3.2,6.4,91.2,8.60524507,1684,979,1024,1024,,52.49344,30.756352,94,7.826,6.174,NW,0.4962144,Calm,
3,12.8,32.82455151,-95.30631986,437,,-0.200000332,8.300013758,0.200000332,-1.8,1.1,91.6,8.302422857,1684,1024,1024,1024,,53.805776,31.873952,94,7.826,6.174,NW,0.4962144,Calm,
4,12.9,32.82455125,-95.30631076,437,,-0.200000332,8.100013427,0.200000332,-1.8,-8.7,91.5,8.102481981,1684,1024,1024,1024,,53.805776,33.125664,94,7.826,6.174,NW,0.4962144,Calm,
0,13,32.82455132,-95.30630184,437,,-0.200000332,8.000013261,0.200000332,-2,-13.7,91.5,8.002512661,1684,1024,1002,1024,,54.790028,34.332672,94,7.826,5.645,NW,0.4962144,Calm,
1,13.1,32.82455114,-95.30629443,437,,-0.200000332,8.100013427,0.100000166,-1.8,-17.2,91.5,8.102481981,1684,1024,927,1024,,54.790028,35.360864,94,7.826,5.645,NW,0.4962144,Calm,
2,13.2,32.82455121,-95.30628628,437,,-0.100000166,8.100013427,0,-2.3,-20.1,91.2,8.100630342,1684,1024,938,1024,,53.805776,36.478464,94,7.826,5.645,NW,0.4962144,Calm,
3,13.3,32.82455101,-95.30627677,436,,-0.100000166,8.200013592,0.100000166,-3.4,-21.9,91.2,8.200622908,1684,1024,830,1024,,53.805776,37.77488,94,7.826,5.645,NW,0.4962144,Calm,
4,13.4,32.82455095,-95.30626853,436,,-0.100000166,8.400013924,0,-3.8,-22.4,91.4,8.400608934,1684,1024,843,1024,,53.805776,38.89248,94,7.826,5.645,NW,0.4962144,Calm,
0,13.5,32.82455075,-95.3062585,436,,-0.100000166,8.50001409,0,-6.8,-22.6,91.9,8.500601947,1684,1024,846,1024,,52.49344,40.278304,94,7.826,5.645,NW,0.5990336,Calm,
1,13.6,32.82455052,-95.30624934,436,,-0.100000166,8.600014255,0,-7.6,-22.7,91.9,8.600595407,1684,1024,692,1024,,52.49344,41.530016,94,7.826,5.645,NW,0.5990336,Calm,
2,13.7,32.8245504,-95.30624043,436,,-0.100000166,8.800014587,0,-8.2,-22.9,91.5,8.800582328,1684,1024,727,1024,,52.49344,42.781728,94,7.826,5.645,NW,0.5990336,Calm,
3,13.8,32.82455028,-95.30622943,436,,0,8.900014753,0,-13.1,-20.7,91.9,8.900014753,1684,1024,728,1024,,52.49344,44.25696,94,7.826,5.645,NW,0.5990336,Calm,
4,13.9,32.8245503,-95.3062203,436,,0,9.000014918,0,-13.4,-18.4,91.2,9.000014918,1684,1024,727,1024,,52.49344,45.508672,94,7.826,5.645,N,0.6973824,Calm,
0,14,32.82455046,-95.30621021,436,,0.200000332,9.000014918,0,-12.6,-19.2,90.1,9.002236707,1684,1024,727,1024,,52.49344,46.894496,94,7.818,5.881,N,0.6973824,Calm,
1,14.1,32.82455077,-95.30620052,436,,0.300000497,9.000014918,0,-12.5,-19.5,89.1,9.005013273,1684,1024,734,1024,,52.49344,48.235616,94,7.818,5.881,N,0.6973824,Calm,
2,14.2,32.82455116,-95.30619172,436,,0.500000829,9.100015084,0,-12.6,-19.4,88.1,9.113741,1684,1024,808,1024,,52.49344,49.442624,94,7.818,5.881,N,0.7957312,Calm,
3,14.3,32.8245518,-95.30618095,436,,0.600000995,9.100015084,0,-12.4,-19.7,87.2,9.119773805,1684,1024,831,1024,,52.49344,50.917856,94,7.818,5.881,N,0.7957312,Calm,
4,14.4,32.82455247,-95.30617175,436,,0.800001326,9.100015084,0,-10,-20.6,86,9.135112195,1684,1024,888,1024,,52.49344,52.169568,94,7.818,5.881,N,0.8985504,Calm,
0,14.5,32.82455323,-95.30616224,436,,0.900001492,9.20001525,0,-8,-22.7,84.9,9.243932012,1684,1024,888,1024,,52.49344,53.465984,94,7.818,5.881,N,0.8985504,Calm,
1,14.6,32.82455401,-95.30615228,436,,0.900001492,9.300015416,0,-7.4,-23.9,84.3,9.343462339,1684,1024,1024,1024,,52.49344,54.851808,94,7.818,5.881,N,0.9968992,Calm,
2,14.7,32.82455501,-95.30614186,436,,1.000001658,9.400015581,0,-6.1,-23.6,83.6,9.453057324,1684,1024,1024,1024,,52.49344,56.282336,94,7.818,5.881,N,0.9968992,Calm,
3,14.8,32.82455592,-95.30613217,436,,1.100001823,9.500015747,0,-5.4,-24.4,83.5,9.563487828,1684,1024,1024,1024,,52.49344,57.578752,94,7.818,5.881,N,1.0997184,Calm,
4,14.9,32.82455688,-95.30612197,436,,1.100001823,9.500015747,0,-6,-24.8,83.6,9.563487828,1684,1024,1024,1024,,52.49344,58.964576,94,7.818,5.881,N,1.0997184,Calm,
0,15,32.82455783,-95.30611217,436,,1.100001823,9.600015913,0,-6.8,-24,83.2,9.662831292,1684,1024,1024,1024,,52.49344,60.3504,94,7.818,5.881,N,1.1980672,Calm,
1,15.1,32.82455908,-95.30610025,436,,1.200001989,9.700016079,0,-6.7,-23.3,83.2,9.773960965,1684,1024,1024,1024,,52.49344,61.959744,94,7.818,5.881,N,1.1980672,Calm,
2,15.2,32.82456014,-95.30609031,436,,1.200001989,9.800016244,0,-5.8,-23.7,83.2,9.873212339,1684,1024,1024,1024,,52.49344,63.345568,94,7.818,5.881,N,1.296416,Calm,
3,15.3,32.82456129,-95.30607976,436,,1.200001989,9.90001641,0,-5.4,-24,83.1,9.972478465,1684,1024,1024,1024,,52.49344,64.776096,94,7.818,5.881,N,1.296416,Calm,
4,15.4,32.82456247,-95.30606909,436,,1.300002155,9.90001641,0,-5.4,-23.7,83,9.985004973,1684,1024,1136,1024,,52.49344,66.251328,94,7.818,5.881,N,1.3992352,Calm,
0,15.5,32.82456372,-95.30605769,436,,1.300002155,10.00001658,0,-4.8,-23.4,83,10.08416247,1684,1024,1178,1024,,52.49344,67.815968,94,7.818,5.881,N,1.3992352,Calm,
1,15.6,32.82456495,-95.30604637,436,,1.300002155,10.10001674,0,-3.5,-23.5,82.7,10.1833365,1684,1024,1233,1024,,52.49344,69.380608,94,7.818,5.881,N,1.497584,Calm,
2,15.7,32.8245659,-95.30603768,436,,1.300002155,10.10001674,0,-2.2,-23.3,82.6,10.1833365,1684,1024,1279,1024,,52.49344,70.542912,94,7.818,5.881,N,1.497584,Calm,
3,15.8,32.82456727,-95.30602516,436,,1.200001989,10.20001691,0,0,-23,82.3,10.27036267,1684,1024,1281,1024,,52.49344,72.286368,94,7.818,5.881,N,1.497584,Calm,
4,15.9,32.82456832,-95.30601466,436,,1.100001823,10.30001707,0,1.4,-22,82.4,10.35858825,1684,1024,1286,1024,,52.49344,73.716896,94,7.818,5.881,N,1.5959328,Calm,
0,16,32.8245693,-95.30600304,437,,1.000001658,10.30001707,0,1.6,-21.2,82.7,10.3484467,1684,1024,1286,1024,,53.805776,75.32624,94,7.74,6.41,N,1.5959328,Calm,
1,16.1,32.82457013,-95.305993,437,,0.900001492,10.40001724,0,1.6,-21.1,83.4,10.43888692,1684,1024,1286,1024,,52.49344,76.712064,94,7.74,6.41,N,1.698752,Calm,
2,16.2,32.82457083,-95.30598129,437,,0.800001326,10.40001724,0,1.4,-20.9,84.2,10.43074096,1684,1024,1311,1024,,53.805776,78.321408,94,7.74,6.41,N,1.698752,Calm,
3,16.3,32.82457158,-95.30596945,437,,0.70000116,10.5000174,0,2.1,-20.4,84.8,10.52332473,1684,1024,1402,1024,,53.805776,79.930752,94,7.74,6.41,N,1.698752,Calm,
4,16.4,32.82457221,-95.30595886,437,,0.600000995,10.5000174,0,5.5,-20.1,85.1,10.51714619,1684,1024,1547,1024,,54.790028,81.36128,94,7.74,6.41,N,1.7971008,Calm,
0,16.5,32.82457269,-95.30594698,437,,0.400000663,10.5000174,0,12.7,-16.7,85.3,10.50763363,1684,1024,1547,1024,,54.790028,83.015328,94,7.74,6.41,N,1.7971008,Calm,
1,16.6,32.82457275,-95.30593525,437,,0.100000166,10.5000174,-0.100000166,25.2,-9.1,86.7,10.5004935,1684,1024,1642,1024,,53.805776,84.624672,94,7.74,6.41,N,1.7971008,Calm,
2,16.7,32.82457249,-95.30592459,437,,-0.400000663,10.40001724,-0.100000166,30.3,-2.5,89.7,10.40770633,1684,1024,1642,1024,,54.790028,86.099904,94,7.74,6.41,N,1.89992,Calm,
3,16.8,32.82457169,-95.30591458,437,,-1.000001658,10.20001691,0,31.2,-0.3,93.7,10.24891906,1684,1024,1126,1024,,54.790028,87.441024,94,7.74,6.41,N,1.89992,Calm,
4,16.9,32.82457033,-95.30590322,437,,-1.600002652,9.90001641,0,20.9,0,99.2,10.02847604,1684,661,364,1024,,54.790028,89.005664,94,7.74,6.41,N,1.89992,Calm,
0,17,32.82456836,-95.30589265,437,,-2.000003315,9.600015913,0,4.1,-5.8,103.6,9.806136669,1684,661,364,1024,,63.320212,90.436192,94,7.806,6.41,N,1.89992,Calm,
1,17.1,32.82456658,-95.3058829,437,,-2.000003315,9.400015581,0.300000497,-11.6,-7.9,105.9,9.61042658,1684,511,364,1024,,54.790028,91.777312,94,7.806,6.41,N,1.9982688,Calm,
2,17.2,32.82456459,-95.30587261,436,,-1.900003149,9.400015581,0.800001326,-24.6,-4.3,102.8,9.590114871,1684,535,364,1024,,53.805776,93.163136,94,7.806,6.41,N,1.9982688,Calm,
3,17.3,32.82456285,-95.30586212,436,,-1.700002818,9.300015416,1.100001823,-29.3,-0.9,97.4,9.454115021,1684,824,364,1024,,52.49344,94.593664,94,7.806,6.41,N,1.9982688,Calm,
4,17.4,32.8245619,-95.30585315,436,,-1.300002155,9.100015084,1.300002155,-30.7,0,91.9,9.192403053,1684,852,364,1024,,50.524936,95.845376,94,7.806,6.41,N,1.9982688,Calm,
0,17.5,32.82456107,-95.30584294,435,,-0.600000995,8.900014753,1.100001823,-31.3,3,83.8,8.92021649,1684,696,364,1024,,48.228348,97.2312,94,7.806,6.41,N,1.9982688,Calm,
1,17.6,32.82456106,-95.30583471,435,,0,8.50001409,0.800001326,-29.9,-1.3,80.1,8.50001409,1684,714,364,1024,,46.259844,98.3488,94,7.806,6.41,N,2.0966176,Calm,
2,17.7,32.82456145,-95.30582431,435,,0.400000663,8.300013758,1.100001823,-30,-10.4,78.9,8.309646576,1684,855,417,1024,,44.947508,99.779328,94,7.806,6.41,N,2.0966176,Calm,
3,17.8,32.82456228,-95.3058158,434,,0.70000116,8.200013592,1.400002321,-28.5,-8.3,71.3,8.229837419,1570,1024,1024,1024,,42.979004,100.941632,94,7.806,6.41,N,2.0966176,Calm,
4,17.9,32.82456323,-95.3058077,434,,1.300002155,7.800012929,1.100001823,-28.5,-3.8,62.6,7.907604281,1024,1024,1024,1024,,41.666668,102.059232,94,7.806,6.41,N,2.0966176,Calm,
0,18,32.82456453,-95.30580075,433,,1.900003149,7.400012266,0.600000995,-25.2,-12,61,7.640038771,1024,1024,1024,1024,,40.682416,102.998016,94,7.806,4.412,N,2.0966176,Calm,
1,18.1,32.82456651,-95.30579309,433,,2.400003978,7.100011769,0.500000829,-25.8,-11.6,59.5,7.49467701,1024,1024,1024,1024,,40.682416,104.070912,94,7.806,4.412,N,2.0966176,Calm,
2,18.2,32.82456939,-95.30578453,433,,2.900004807,6.800011272,0.200000332,-28.1,-6.8,57.6,7.392575756,1024,1024,1024,1024,,39.698164,105.233216,94,7.806,4.412,N,2.0966176,Calm,
3,18.3,32.82457234,-95.30577702,433,,3.30000547,6.400010609,0,-26.1,3.6,54.1,7.200706188,1024,1024,1024,1024,,39.698164,106.306112,94,7.806,4.412,N,2.0966176,Calm,
4,18.4,32.82457556,-95.30577108,433,,3.500005802,5.800009614,-0.100000166,-20.8,17.7,53.4,6.774226899,1024,1024,1024,1024,,39.698164,107.110784,94,7.806,4.412,N,2.0966176,Calm,
0,18.5,32.82457862,-95.3057656,433,,3.500005802,5.20000862,-0.100000166,-14.5,21.3,54.1,6.268183877,1024,1024,1024,1024,,39.698164,107.870752,94,7.806,4.412,N,2.1994368,Calm,
1,18.6,32.8245816,-95.30576006,433,,3.30000547,4.700007791,0,-10.5,24.4,53.5,5.742830963,1024,1024,1024,1024,,40.682416,108.675424,94,7.811,4.412,N,2.1994368,Calm,
2,18.7,32.82458484,-95.30575483,433,,3.100005139,4.200006962,0,-7.5,27.4,53,5.22016163,1024,1024,1024,1024,,39.698164,109.390688,94,7.811,4.412,N,2.1994368,Calm,
3,18.8,32.82458709,-95.30575081,433,,2.800004641,3.600005967,0,-4.3,28.4,53.8,4.560709233,1024,1024,1024,1024,,40.682416,109.97184,94,7.811,4.412,N,2.1994368,Calm,
4,18.9,32.8245896,-95.30574684,433,,2.500004144,3.200005304,0,-3,29.1,54,4.060794683,1024,1024,1024,1024,,40.682416,110.552992,94,7.811,4.412,N,2.1994368,Calm,
0,19,32.82459133,-95.30574387,433,,2.100003481,2.700004476,0,-2.8,29.8,53.6,3.420531924,1024,1024,1024,1024,,40.682416,110.955328,94,7.811,4.412,N,2.1994368,Calm,
1,19.1,32.82459331,-95.30574104,433,,1.700002818,2.200003647,0,-2.2,29.6,53.6,2.780291965,1024,1024,1024,1024,,40.682416,111.357664,94,7.811,4.412,N,2.1994368,Calm,
2,19.2,32.82459459,-95.30573895,433,,1.400002321,1.700002818,0,-1.6,29.8,53.6,2.202275057,1024,1024,1024,1024,,40.682416,111.670592,94,7.811,4.412,N,2.1994368,Calm,
3,19.3,32.82459562,-95.30573742,433,,1.000001658,1.300002155,0.100000166,-1.4,29.5,53.6,1.640124492,1024,1024,1024,1024,,40.682416,111.894112,94,7.811,4.412,N,2.1994368,Calm,
4,19.4,32.82459619,-95.3057363,433,,0.600000995,0.900001492,0.100000166,-3.2,22.3,53.3,1.081666925,1024,1024,1024,1024,,40.682416,112.028224,94,7.811,4.412,N,2.1994368,Calm,
0,19.5,32.82459655,-95.3057355,433,,0.300000497,0.500000829,0,-4.2,13.5,53.5,0.58309573,1024,1024,1024,1024,,40.682416,112.162336,94,7.811,4.412,N,2.1994368,Calm,
1,19.6,32.82459675,-95.30573534,433,,0.100000166,0.300000497,0,-4.8,8.2,54,0.316228049,1024,1024,1024,1024,,40.682416,112.162336,94,7.811,5.788,N,2.1994368,Calm,
2,19.7,32.82459688,-95.305735,433,,0,0.200000332,0,-5.3,5.8,54.1,0.200000332,1024,1024,1024,1024,,41.666668,112.20704,94,7.811,5.788,N,2.1994368,Calm,
3,19.8,32.82459703,-95.30573506,433,,0,0,0,-5.2,3.4,54.3,0,1024,1024,1024,1024,,42.979004,112.20704,94,7.811,5.788,N,2.1994368,Calm,
4,19.9,32.82459703,-95.30573506,433,,0,0,0,-4.7,1.4,54.4,0,1024,1024,1024,1024,,42.979004,112.20704,94,7.811,5.788,N,2.1994368,Calm,
0,20,32.82459703,-95.30573503,433,,0,0,0,-4.3,0.2,54.4,0,1024,1024,1024,1024,,42.979004,112.20704,94,7.811,5.788,N,2.1994368,Calm,
1,20.1,32.82459703,-95.30573506,433,,0,0,0,-3.7,-0.8,54.4,0,1268,948,1024,1024,,43.963256,112.20704,94,7.819,5.788,N,2.1994368,Calm,
2,20.2,32.82459703,-95.30573515,433,,0,0,0,-3.9,-1.5,54.5,0,1588,847,1024,1025,,43.963256,112.20704,94,7.819,5.788,N,2.2977856,Calm,
3,20.3,32.82459697,-95.30573524,433,,0,0,0.200000332,-5,-14,55,0,1684,770,1024,1079,,43.963256,112.162336,94,7.819,5.788,N,2.2977856,Calm,
4,20.4,32.82459697,-95.30573533,433,,0,0,0.500000829,-4.4,-32.7,55.8,0,1684,721,1024,1024,,43.963256,112.162336,94,7.819,5.788,N,2.2977856,Calm,
0,20.5,32.8245971,-95.3057351,432,,0.200000332,0.300000497,1.000001658,-3.1,-33.7,55.1,0.360555642,1684,692,1024,1024,,40.682416,112.20704,94,7.819,5.788,N,2.1994368,Calm,
1,20.6,32.82459761,-95.30573437,432,,0.400000663,0.70000116,1.200001989,-3.5,-32.3,55.2,0.806226805,1684,741,1024,1028,,38.713912,112.296448,93,7.819,4.666,N,2.1994368,Calm,
2,20.7,32.82459811,-95.30573345,432,,0.600000995,1.000001658,1.500002486,-4.6,-32.8,55.5,1.166191907,1684,1024,1024,1024,,36.417324,112.43056,93,7.819,4.666,N,2.1994368,Calm,
3,20.8,32.8245992,-95.30573163,431,,1.000001658,1.400002321,1.500002486,-3.4,-31.2,55.2,1.720467862,1684,1102,999,1024,,34.120736,112.698784,93,7.819,4.666,N,2.2977856,Calm,
4,20.9,32.82460034,-95.30572968,431,,1.400002321,2.100003481,1.000001658,-2.2,-31.1,55.6,2.523889938,1684,1413,1024,1024,,32.152232,112.967008,93,7.819,4.666,N,2.2977856,Calm,
0,21,32.82460164,-95.30572729,430,,1.800002984,2.700004476,0.600000995,-4.1,-32.3,55.6,3.245001221,1684,1279,1024,1024,,32.152232,113.32464,93,7.819,4.666,N,2.2977856,Calm,
1,21.1,32.82460361,-95.30572383,430,,2.300003812,3.30000547,0.200000332,-6.4,-33.2,55.8,4.022443568,1684,1024,1024,1024,,31.16798,113.816384,93,7.819,4.666,N,2.2977856,Calm,
2,21.2,32.82460583,-95.30571993,430,,2.700004476,3.800006299,-0.100000166,-6.9,-34.4,56,4.661552516,1684,1024,1024,1024,,31.16798,114.352832,93,7.819,4.666,N,2.2977856,Calm,
3,21.3,32.82460894,-95.30571505,430,,3.000004973,4.200006962,0,-5.5,-35.4,55.7,5.161403586,1684,1141,1040,1024,,31.16798,115.068096,93,7.819,4.666,N,2.2977856,Calm,
4,21.4,32.8246117,-95.30571054,430,,3.30000547,4.500007459,0.100000166,-4.1,-34.3,55.3,5.580331476,1684,1051,1464,1024,,31.16798,115.738656,93,7.819,4.666,N,2.2977856,Calm,
0,21.5,32.82461477,-95.30570562,430,,3.700006133,5.000008288,-0.100000166,-1.8,-30.7,54.8,6.2201387,1684,1024,1631,1024,,31.16798,116.45392,93,7.819,4.666,N,2.2977856,Calm,
1,21.6,32.8246188,-95.30569903,430,,3.900006465,5.400008951,-0.400000663,12.9,-22.3,52,6.661091804,1684,1024,1684,1024,,32.152232,117.392704,93,7.854,4.666,N,2.2977856,Calm,
2,21.7,32.82462212,-95.30569321,430,,3.700006133,5.700009448,-0.300000497,24.9,-8,51.9,6.795597646,1684,1024,1684,1024,,33.136484,118.24208,93,7.854,4.666,N,2.2977856,Calm,
3,21.8,32.82462505,-95.30568714,431,,3.30000547,6.000009946,-0.200000332,32.5,2.3,61.7,6.847638466,1684,1061,1344,1024,,33.136484,119.091456,93,7.854,4.666,N,2.2977856,Calm,
4,21.9,32.82462784,-95.30568031,431,,2.60000431,6.100010111,-0.100000166,34.9,2.9,71.9,6.630998412,1684,1041,1024,1024,,34.120736,120.074944,93,7.854,4.666,N,2.2977856,Calm,
0,22,32.82462947,-95.30567409,431,,1.900003149,6.100010111,0,31,3.1,81.5,6.389063493,1684,1024,1024,1024,,34.120736,120.969024,93,7.854,4.666,N,2.2977856,Calm,
1,22.1,32.82463096,-95.30566687,431,,1.200001989,6.100010111,-0.200000332,20.1,-7.4,86.7,6.216922694,1684,1144,815,1024,,34.120736,121.952512,93,7.854,4.666,N,2.2977856,Calm,
2,22.2,32.82463131,-95.30566093,431,,0.800001326,6.100010111,0,12.9,-29.6,87.3,6.152245394,1684,1340,748,1024,,34.120736,122.801888,93,7.854,4.666,N,2.2977856,Calm,
3,22.3,32.82463195,-95.30565387,431,,0.600000995,6.400010609,0.300000497,11.5,-33.9,87.8,6.428073992,1684,1024,979,1024,,34.120736,123.740672,93,7.854,4.666,N,2.2977856,Calm,
4,22.4,32.82463212,-95.30564805,431,,0.200000332,7.100011769,0,4.2,-24.6,91.9,7.102827674,1684,993,1007,1024,,33.136484,124.545344,93,7.854,4.666,N,2.2977856,Calm,
0,22.5,32.82463225,-95.30563896,431,,0,7.500012432,-0.500000829,4.9,-21.3,90.5,7.500012432,1684,861,763,1024,,34.120736,125.797056,93,7.854,4.666,N,2.2977856,Calm,
1,22.6,32.82463202,-95.30563201,431,,0,7.600012598,-0.100000166,2.7,-29,88.6,7.600012598,1684,438,894,1024,,35.433072,126.73584,93,7.854,6.717,N,2.2977856,Calm,
2,22.7,32.82463185,-95.30562257,431,,0,7.800012929,0.200000332,-9.2,-31.1,91.7,7.800012929,1684,438,894,1024,,35.433072,128.032256,93,7.854,6.717,N,2.2977856,Calm,
3,22.8,32.82463182,-95.3056151,431,,0,8.000013261,0.400000663,-12.9,-26.4,92.5,8.000013261,1684,364,891,1024,,34.120736,129.060448,93,7.854,6.717,N,2.2977856,Calm,
4,22.9,32.82463179,-95.30560585,430,,0.100000166,8.200013592,0.70000116,-7.7,-30,89.3,8.200622908,1684,399,640,1024,,33.136484,130.31216,93,7.854,6.717,N,2.2977856,Calm,
0,23,32.82463189,-95.30559653,430,,0.100000166,8.300013758,1.100001823,-13.7,-31.5,89.6,8.300615921,1684,597,438,1024,,32.152232,131.563872,93,7.854,6.717,N,2.2977856,Calm,
1,23.1,32.82463208,-95.30558742,430,,0.300000497,8.600014255,1.300002155,-25.5,-18.6,89.4,8.60524507,1684,591,373,1024,,29.855644,132.815584,93,7.854,6.717,N,2.2977856,Calm,
2,23.2,32.82463275,-95.30557923,429,,0.800001326,8.700014421,1.100001823,-32,-5.7,84.2,8.73671864,1684,364,840,1024,,28.871392,133.933184,93,7.854,6.717,N,2.2977856,Calm,
3,23.3,32.82463381,-95.30557009,429,,1.400002321,8.50001409,1.100001823,-35.7,-4.2,76.6,8.614536797,1684,1024,1024,1024,,27.88714,135.2296,93,7.854,6.717,N,2.2977856,Calm,
4,23.4,32.82463546,-95.3055609,428,,1.900003149,8.200013592,1.300002155,-28.7,-13.3,71.5,8.417258045,1374,1024,1024,1193,,26.902888,136.481312,93,7.854,6.717,N,2.2977856,Calm,
0,23.5,32.82463776,-95.30555174,428,,2.400003978,8.100013427,1.200001989,-20.6,-22.9,67.3,8.448090394,1498,1024,1024,1649,,25.590552,137.777728,93,7.854,6.717,N,2.2977856,Calm,
1,23.6,32.8246401,-95.30554378,428,,3.000004973,8.200013592,0.800001326,-14.5,-20.9,65.6,8.731566057,1684,1024,1024,1345,,24.6063,138.895328,93,7.83,5.063,N,2.2977856,Calm,
2,23.7,32.82464344,-95.30553399,427,,3.400005636,8.300013758,0.200000332,2.7,-17,63.5,8.969406984,1684,1024,1024,1479,,24.6063,140.281152,93,7.83,5.063,N,2.2977856,Calm,
3,23.8,32.82464665,-95.30552527,427,,3.30000547,8.400013924,0.100000166,14.2,-24.5,59.8,9.024980314,1684,1024,1024,1474,,25.590552,141.532864,93,7.83,5.063,N,2.2977856,Calm,
4,23.9,32.82464928,-95.30551695,427,,3.200005304,8.700014421,0.200000332,16.2,-28.3,59.1,9.269858544,1684,1024,1024,1024,,25.590552,142.695168,93,7.83,5.063,N,2.2977856,Calm,
0,24,32.82465223,-95.30550673,427,,3.000004973,9.20001525,0,16.8,-25.7,59.8,9.676792351,1684,1024,1024,1142,,25.590552,144.1704,93,7.83,5.063,N,2.2977856,Calm,
1,24.1,32.82465488,-95.30549601,427,,2.800004641,9.600015913,0,5.7,-26.6,62.5,10.00001658,1684,1086,1347,1024,,24.6063,145.645632,93,7.83,5.063,N,2.2977856,Calm,
2,24.2,32.8246572,-95.30548675,427,,2.800004641,9.800016244,0,-5.6,-29.5,66,10.19217046,1684,1086,1347,1024,,25.590552,146.986752,93,7.83,5.063,N,2.2977856,Calm,
3,24.3,32.82466011,-95.30547535,427,,3.000004973,9.90001641,0.100000166,2,-26.2,64.2,10.3445807,1684,1149,1471,1024,,25.590552,148.596096,93,7.83,5.063,N,2.2977856,Calm,
4,24.4,32.82466276,-95.30546507,427,,3.000004973,10.20001691,-0.300000497,17.6,-10.5,61.6,10.63204441,1684,1435,1299,1024,,25.590552,150.026624,93,7.83,5.063,N,2.2977856,Calm,
0,24.5,32.82466515,-95.30545456,427,,2.500004144,10.30001707,-0.800001326,27.2,4.2,67.3,10.59907387,1684,1517,1412,1024,,26.902888,151.501856,93,7.83,5.063,N,2.2977856,Calm,
1,24.6,32.82466711,-95.30544223,428,,1.600002652,10.20001691,-1.200001989,16.4,0.3,71,10.32474464,1684,1487,1655,1024,,28.871392,153.200608,93,7.83,5.063,N,2.2977856,Calm,
2,24.7,32.82466824,-95.30543256,428,,1.200001989,10.00001658,-1.600002652,24.2,-1.7,74.3,10.07175934,1684,1550,1653,1024,,31.16798,154.541728,93,7.83,5.063,N,2.2977856,Calm,
3,24.8,32.82466906,-95.30542274,429,,0.400000663,9.90001641,-2.000003315,31.3,7.4,81.7,9.908093529,1684,1684,1024,1024,,33.136484,155.927552,93,7.83,5.063,N,2.2977856,Calm,
4,24.9,32.82466833,-95.30541076,430,,-0.500000829,9.400015581,-2.60000431,31.9,9.3,89,9.413303845,1684,1684,600,1024,,35.433072,157.536896,93,7.83,5.063,N,2.2977856,Calm,
0,25,32.82466726,-95.30540161,431,,-1.400002321,8.900014753,-3.000004973,17.2,-2.6,93.2,9.009454168,1684,1628,364,1024,,38.713912,158.743904,93,7.83,5.063,N,2.2977856,Calm,
1,25.1,32.82466554,-95.30539228,432,,-1.800002984,8.700014421,-3.30000547,0,-14.1,97.1,8.884270451,1684,1200,364,1024,,41.666668,159.995616,93,7.757,5.063,N,2.2977856,Calm,
2,25.2,32.82466395,-95.30538327,433,,-1.800002984,8.800014587,-3.400005636,-16.8,-18.7,96.1,8.98221915,1684,976,364,1024,,46.259844,161.202624,93,7.757,5.063,N,2.2977856,Calm,
3,25.3,32.82466235,-95.3053733,434,,-1.500002486,8.900014753,-3.30000547,-26.8,-19.8,90.2,9.025534197,1684,605,364,1024,,49.2126,162.49904,93,7.757,5.063,N,2.2977856,Calm,
4,25.4,32.82466122,-95.30536553,435,,-1.000001658,8.900014753,-3.000004973,-30.9,-19.2,82.7,8.956018136,1684,468,364,1024,,51.509188,163.571936,93,7.757,5.063,N,2.1994368,Calm,
0,25.5,32.82466042,-95.30535477,436,,-0.400000663,8.800014587,-2.800004641,-31.1,-20,73.7,8.809100675,1684,440,366,1024,,54.790028,165.002464,93,7.757,5.063,N,1.9982688,Calm,
1,25.6,32.82466028,-95.30534638,436,,0,8.700014421,-2.500004144,-29.5,-21.9,64.3,8.700014421,1684,364,536,1024,,55.77428,166.164768,93,7.757,8.39,N,1.7971008,Calm,
2,25.7,32.82466057,-95.30533613,437,,0.400000663,8.50001409,-2.100003481,-27.9,-23.1,54.6,8.509420258,1684,364,575,1024,,56.758532,167.550592,93,7.757,8.39,NW,1.497584,Calm,
3,25.8,32.82466132,-95.30532707,437,,0.900001492,8.200013592,-1.800002984,-26.8,-24.3,45.1,8.249255942,1684,364,698,1024,,59.05512,168.802304,93,7.757,8.39,NW,1.296416,Calm,
4,25.9,32.82466234,-95.305319,438,,1.300002155,7.900013095,-1.400002321,-26,-25.6,37.9,8.006260645,1565,364,843,1024,,59.05512,169.919904,93,7.757,8.39,NW,1.1980672,Calm,
0,26,32.82466385,-95.30531025,438,,1.700002818,7.600012598,-1.000001658,-25.6,-25.9,32.1,7.78782349,1565,364,843,1024,,60.039372,171.126912,93,7.757,8.39,NW,0.9968992,Calm,
1,26.1,32.82466563,-95.30530232,439,,2.100003481,7.200011935,-0.70000116,-23.2,-26.9,27.8,7.500012432,720,364,777,1024,,61.351708,172.244512,93,7.757,8.39,NW,0.8985504,Calm,
2,26.2,32.8246676,-95.3052951,439,,2.400003978,6.900011437,-0.300000497,-23.4,-26.7,25.1,7.305489235,675,364,732,1024,,61.351708,173.272704,93,7.757,8.39,NW,0.7957312,Calm,
3,26.3,32.82467008,-95.30528754,439,,2.700004476,6.60001094,0,-25.7,-24.5,23.6,7.130930396,499,364,736,1024,,61.351708,174.3456,93,7.757,8.39,W,0.7957312,Calm,
4,26.4,32.82467259,-95.30528116,439,,2.900004807,6.200010277,0.400000663,-27,-21.7,22,6.84471706,499,364,736,1024,,61.351708,175.23968,93,7.757,8.39,W,0.7957312,Calm,
0,26.5,32.82467514,-95.30527539,439,,3.200005304,5.800009614,0.70000116,-28.7,-20.6,20,6.624208768,364,364,778,1024,,70.866144,176.089056,93,7.757,8.39,W,0.7957312,Calm,
1,26.6,32.82467805,-95.3052693,438,,3.400005636,5.500009117,1.200001989,-31.4,-15.7,16.4,6.466075968,364,364,840,1101,,71.850396,176.983136,93,7.872,8.39,W,0.7957312,Calm,
2,26.7,32.82468164,-95.30526292,438,,3.500005802,5.000008288,1.500002486,-35,-5.2,10.9,6.103287809,593,364,1038,1138,,68.569556,177.877216,93,7.872,8.39,W,0.8985504,Calm,
3,26.8,32.82468452,-95.30525846,437,,3.500005802,4.400007293,1.800002984,-34.1,9.4,5.6,5.62228618,1278,1024,1398,1162,,67.585304,178.547776,93,7.872,8.39,SW,0.8985504,Calm,
4,26.9,32.8246878,-95.30525387,437,,3.30000547,3.800006299,2.000003315,-29.2,13.4,6.2,5.03290015,1684,1500,1472,1206,,68.569556,179.26304,93,7.872,8.39,SW,0.9968992,Calm,
0,27,32.82469085,-95.30524991,436,,3.000004973,3.100005139,1.900003149,-22.4,7.9,6.6,4.313937788,1684,1589,1550,1024,,66.601052,179.844192,93,7.872,8.39,SW,0.9968992,Calm,
1,27.1,32.82469351,-95.30524691,435,,2.900004807,2.500004144,1.500002486,-13,2.9,8.9,3.828843955,1684,1592,1684,1024,,84.973756,180.291232,93,7.872,8.39,SW,1.0997184,Calm,
2,27.2,32.82469583,-95.30524486,435,,2.800004641,2.200003647,1.100001823,0.1,-3.8,16.2,3.560904273,1684,1590,1684,1024,,79.396328,180.648864,93,7.872,8.39,SW,1.1980672,Calm,
3,27.3,32.82469843,-95.30524265,434,,2.700004476,2.200003647,0.70000116,14.9,-8.4,22.9,3.48282069,1684,1684,1684,1024,,58.070868,181.006496,93,7.872,8.39,SW,1.296416,Calm,
4,27.4,32.82470077,-95.30524001,434,,2.60000431,2.60000431,0.300000497,21.4,-9.5,30.3,3.676961221,1684,1684,1266,1073,,56.758532,181.408832,93,7.872,8.39,SW,1.296416,Calm,
0,27.5,32.82470273,-95.30523708,434,,2.300003812,3.200005304,-0.100000166,18,-7.5,39.4,3.940818534,1684,1684,1224,1111,,56.758532,181.855872,93,7.872,8.39,SW,1.1980672,Calm,
1,27.6,32.82470488,-95.30523281,434,,2.000003315,3.500005802,-0.600000995,3.2,-13,48.1,4.031135367,1684,1184,1024,1134,,56.758532,182.481728,93,7.872,3.342,SW,1.0997184,Calm,
2,27.7,32.82470662,-95.30522909,435,,2.000003315,3.700006133,-1.000001658,-4.5,-26.9,54.4,4.205954829,1684,1024,1024,1125,,58.070868,183.018176,93,7.872,3.342,SW,0.9968992,Calm,
3,27.8,32.82470872,-95.30522501,435,,2.300003812,4.00000663,-1.100001823,-2.4,-36.1,55.6,4.614116207,1684,1024,1024,1110,,58.070868,183.599328,93,7.872,3.342,W,0.9968992,Calm,
4,27.9,32.82471076,-95.3052209,435,,2.500004144,4.400007293,-0.800001326,2.5,-38.8,54.2,5.060640323,1684,1024,1411,1126,,59.05512,184.225184,93,7.872,3.342,W,0.9968992,Calm,
0,28,32.82471349,-95.30521567,436,,2.700004476,4.700007791,-0.500000829,4.4,-37.6,54.2,5.420340777,1684,1024,1684,1127,,60.039372,184.985152,93,7.872,3.342,W,0.9968992,Calm,
1,28.1,32.82471578,-95.30521095,436,,2.800004641,5.100008454,-0.200000332,14.2,-31.6,53.1,5.818084782,1684,1024,1684,1126,,60.039372,185.655712,93,7.693,3.342,W,0.9968992,Calm,
2,28.2,32.82471831,-95.30520506,436,,2.700004476,5.600009283,-0.200000332,25.9,-13.6,54.2,6.216922694,1684,1032,1684,1127,,60.039372,186.549792,93,7.693,3.342,W,0.9968992,Calm,
3,28.3,32.82472048,-95.30519794,436,,2.300003812,5.90000978,-0.300000497,32.5,-1.9,62.8,6.332466441,1684,1032,1684,1127,,60.039372,187.53328,93,7.693,3.342,W,1.0997184,Calm,
4,28.4,32.82472196,-95.30519249,436,,1.700002818,6.000009946,-0.100000166,34.3,-0.3,72.9,6.236195036,1684,1024,1176,1127,,60.039372,188.337952,93,7.693,3.342,NW,1.1980672,Calm,
0,28.5,32.82472337,-95.30518498,436,,1.000001658,6.000009946,0,35.4,1.5,83.7,6.082772249,1684,1024,1176,1127,,63.320212,189.366144,93,7.693,3.342,NW,1.1980672,Calm,
1,28.6,32.82472357,-95.30517932,436,,0.200000332,6.000009946,0,34.8,0.9,93.5,6.003342182,1684,1024,1024,1125,,73.162732,190.126112,93,7.693,6.05,NW,1.296416,Calm,
2,28.7,32.82472341,-95.30517236,436,,-0.400000663,5.800009614,0,25.2,-15.2,96,5.813786046,1684,1447,926,1125,,70.866144,191.064896,93,7.693,6.05,NW,1.296416,Calm,
3,28.8,32.82472217,-95.3051663,436,,-0.800001326,5.90000978,0.100000166,17.9,-28.2,98.1,5.953999695,1684,1619,606,1112,,73.162732,191.869568,93,7.693,6.05,NW,1.3992352,Calm,
4,28.9,32.82472105,-95.30516047,436,,-1.400002321,6.300010443,-0.100000166,9.3,-27.7,102,6.453691619,1684,1312,404,1074,,78.412076,192.629536,93,7.693,6.05,NW,1.497584,Calm,
0,29,32.82471953,-95.30515381,436,,-1.800002984,6.800011272,-0.600000995,-8.1,-19.2,107.5,7.03421374,1684,1024,364,1067,,76.115488,193.523616,93,7.693,6.05,NW,1.497584,Calm,
1,29.1,32.8247176,-95.30514495,437,,-1.800002984,7.100011769,-0.800001326,-23.3,-10.7,103.4,7.324627911,1684,1024,372,1065,,70.866144,194.68592,93,7.693,6.05,NW,1.5959328,Calm,
2,29.2,32.82471613,-95.3051377,437,,-1.500002486,7.100011769,-0.500000829,-33.2,-6.7,92.1,7.256732817,1684,1097,788,1061,,69.881892,195.624704,93,7.693,6.05,NW,1.5959328,Calm,
3,29.3,32.82471474,-95.30513001,437,,-1.100001823,7.000011603,-0.200000332,-35.7,-3.2,80.7,7.085913021,1684,1024,1024,1058,,69.881892,196.652896,93,7.693,6.05,NW,1.698752,Calm,
4,29.4,32.82471407,-95.30512369,437,,-0.300000497,6.700011106,-0.300000497,-33.3,-3.4,72.9,6.706723859,1684,1024,1024,1058,,73.162732,197.502272,93,7.693,6.05,NW,1.698752,Calm,
0,29.5,32.82471394,-95.30511564,437,,0.100000166,6.400010609,-0.200000332,-25.7,-23.1,74.3,6.400791588,1684,1024,1024,1058,,74.146984,198.575168,93,7.693,6.05,NW,1.7971008,Calm,
1,29.6,32.82471456,-95.30510993,437,,0.400000663,6.400010609,0.200000332,-20.7,-30.1,73.8,6.412498224,1684,1262,1684,1075,,75.131236,199.37984,93,7.754,6.05,NW,1.7971008,Calm,
2,29.7,32.82471522,-95.30510257,437,,0.900001492,6.700011106,0,-12.4,-27.2,70.3,6.760188501,1684,1684,1596,1077,,79.396328,200.363328,93,7.754,6.05,NW,1.89992,Calm,
3,29.8,32.8247166,-95.30509498,437,,1.400002321,7.100011769,-0.500000829,6.1,-16.8,63.1,7.236723754,1684,1684,1444,1073,,71.850396,201.436224,93,7.754,6.05,NW,1.89992,Calm,
4,29.9,32.82471777,-95.30508771,438,,1.200001989,7.300011653,-1.000001658,21,-4.8,69.5,7.39798494,1684,1643,1676,1074,,66.601052,202.464416,93,7.754,6.05,NW,1.9982688,Calm,
0,30,32.82471865,-95.30507879,438,,0.500000829,7.300011653,-1.600002652,27.3,0.1,82.3,7.317114957,1684,1152,1684,1080,,69.881892,203.671424,93,7.754,6.05,NW,1.9982688,Calm,
1,30.1,32.82471855,-95.30507104,439,,-0.300000497,7.100011769,-2.000003315,31.3,1.7,88.4,7.106346773,1684,702,1024,1083,,71.850396,204.74432,93,7.754,6.05,NW,1.9982688,Calm,
2,30.2,32.82471799,-95.30506394,439,,-1.100001823,6.900011437,-2.200003647,33.7,2.2,93.6,6.987142216,1684,397,848,1084,,83.66142,205.683104,93,7.754,6.05,NW,2.0966176,Calm,
3,30.3,32.8247165,-95.30505582,440,,-1.700002818,6.700011106,-2.000003315,19.9,-6.4,98.6,6.912318896,1684,364,840,1086,,85.958008,206.756,93,7.754,6.05,NW,2.0966176,Calm,
4,30.4,32.82471451,-95.30504906,441,,-1.900003149,6.60001094,-1.600002652,4.3,-24.4,107,6.868052995,1684,364,848,1093,,92.519688,207.65008,93,7.754,6.05,NW,2.0966176,Calm,
0,30.5,32.82471285,-95.30504227,441,,-2.000003315,6.60001094,-0.900001492,0,-35.7,110.1,6.896387284,1684,364,794,1092,,93.50394,208.54416,93,7.754,6.05,NW,2.1994368,Calm,
1,30.6,32.82471072,-95.30503466,441,,-2.200003647,6.800011272,-0.400000663,4.5,-35.2,107.4,7.147039036,1684,364,794,1092,,94.488192,209.527648,93,7.754,6.981,NW,2.1994368,Calm,
2,30.7,32.82470868,-95.30502752,441,,-2.400003978,7.100011769,-0.200000332,1.9,-34.1,106.7,7.49467701,1684,391,706,1024,,86.94226,210.466432,93,7.754,6.981,NW,2.1994368,Calm,
3,30.8,32.82470658,-95.30501969,441,,-2.60000431,7.300011653,0.100000166,-9,-33.4,109,7.749205939,1684,792,425,1024,,78.412076,211.494624,93,7.754,6.981,NW,2.2977856,Calm,
4,30.9,32.82470416,-95.30501112,441,,-2.60000431,7.500012432,0.500000829,-21.7,-25.7,110.3,7.937896606,1684,1036,516,1024,,77.427824,212.612224,93,7.754,6.981,NW,2.2977856,Calm,
0,31,32.82470238,-95.30500444,441,,-2.300003812,7.800012929,0.500000829,-29.4,-11.1,104.5,8.13204876,1684,1024,1024,1024,,77.427824,213.4616,93,7.754,6.981,NW,2.2977856,Calm,
1,31.1,32.82470061,-95.30499541,441,,-1.500002486,8.000013261,0,-28.2,-5.2,95.8,8.139423579,1684,1024,1024,1024,,80.708664,214.668608,93,7.754,6.981,NW,2.2977856,Calm,
2,31.2,32.82469962,-95.30498673,441,,-0.900001492,7.900013095,-0.100000166,-14.2,-17.2,92.2,7.951113343,1684,1165,430,1024,,80.708664,215.830912,93,7.754,6.981,NW,2.2977856,Calm,
3,31.3,32.82469879,-95.30497774,441,,-0.800001326,7.900013095,0.200000332,-12.6,-32.6,91.8,7.940416123,1684,1253,932,1024,,80.708664,217.03792,93,7.754,6.981,NW,2.3961344,Calm,
4,31.4,32.82469838,-95.30497033,441,,-0.600000995,8.200013592,0.300000497,-24.5,-18.8,91.3,8.22193554,1684,1562,1024,1024,,89.238848,218.066112,93,7.754,6.981,NW,2.3961344,Calm,
0,31.5,32.82469818,-95.30496082,441,,0.100000166,8.50001409,-0.400000663,-20,-12,86.4,8.500601947,1684,1684,942,1024,,91.207352,219.362528,93,7.754,6.981,NW,2.3961344,Calm,
1,31.6,32.82469883,-95.30495205,441,,0.500000829,8.400013924,-0.900001492,-10.3,-23.3,81.6,8.41488158,1684,1684,891,1024,,78.412076,220.569536,93,7.84,7.508,NW,2.3961344,Calm,
2,31.7,32.8246996,-95.30494198,442,,0.70000116,8.700014421,-1.000001658,-9.4,-31.4,81.2,8.728129661,1684,1684,936,1024,,80.708664,221.95536,93,7.84,7.508,NW,2.3961344,Calm,
3,31.8,32.82470028,-95.30493212,442,,1.000001658,9.100015084,-1.200001989,-12.8,-31.2,82.8,9.154794919,1684,1684,936,1024,,89.238848,223.29648,93,7.84,7.508,NW,2.3961344,Calm,
4,31.9,32.82470124,-95.30492301,442,,1.300002155,9.600015913,-1.800002984,-11.1,-26.5,81.4,9.687636647,1024,1684,929,1024,,86.94226,224.548192,93,7.84,7.508,NW,2.3961344,Calm,
0,32,32.82470294,-95.30491192,443,,1.700002818,9.90001641,-2.400003978,-7.2,-18.3,79,10.04491549,973,1684,922,1024,,85.958008,226.112832,93,7.84,7.508,NW,2.4989536,Calm,
1,32.1,32.82470457,-95.30490177,444,,1.800002984,10.00001658,-3.100005139,-4.5,0.7,77.8,10.16072522,622,1684,926,1024,,89.238848,227.498656,93,7.84,7.508,NW,2.4989536,Calm,
2,32.2,32.82470609,-95.30489048,445,,1.800002984,9.500015747,-3.800006299,-4.2,12.1,77.6,9.669038442,432,1684,887,1024,,94.488192,229.063296,93,7.84,7.508,NW,2.4989536,Calm,
3,32.3,32.82470773,-95.30488013,446,,1.700002818,9.000014918,-3.900006465,-5.1,12.9,76.8,9.159163394,432,1684,887,1024,,101.049872,230.493824,93,7.84,7.508,NW,2.4989536,Calm,
4,32.4,32.82470905,-95.304872,448,,1.600002652,8.400013924,-4.100006796,-6.8,27,75.1,8.551037447,405,1684,845,1024,,111.876644,231.656128,93,7.84,7.508,NW,2.4989536,Calm,
0,32.5,32.8247105,-95.30486341,449,,1.500002486,7.300011653,-4.600007625,-10.8,35.2,72.9,7.45252829,405,1684,845,1024,,126.968508,232.818432,93,7.84,7.508,NW,2.4989536,Calm,
1,32.6,32.82471168,-95.30485685,450,,1.400002321,6.200010277,-4.700007791,-10.7,32.4,73,6.35610994,375,1684,847,1024,,127.95276,233.757216,93,7.84,7.508,NW,2.4989536,Calm,
2,32.7,32.82471317,-95.30484982,452,,1.400002321,5.300008785,-4.700007791,-4.9,32.1,73.5,5.481796707,364,1684,880,1024,,158.136488,234.740704,93,7.84,7.508,NW,2.4989536,Calm,
3,32.8,32.82471414,-95.30484519,453,,1.100001823,4.300007128,-4.800007956,-0.3,31.4,73.7,4.438475532,364,1684,907,1024,,167.650924,235.36656,93,7.84,7.508,NW,2.4989536,Calm,
4,32.9,32.82471497,-95.30484151,455,,0.800001326,3.500005802,-4.800007956,0.2,29.3,72.6,3.59027033,385,1684,1024,1024,,169.947512,235.903008,93,7.84,7.508,NW,2.4989536,Calm,
0,33,32.82471559,-95.30483872,457,,0.500000829,2.800004641,-4.800007956,-0.5,29,71.2,2.844296917,516,1684,1024,1024,,176.509192,236.305344,93,7.84,7.508,NW,2.4989536,Calm,
1,33.1,32.82471593,-95.30483644,459,,0.300000497,2.100003481,-4.900008122,-1.4,27.9,70.9,2.121323713,1007,1684,1024,1024,,177.493444,236.618272,93,7.782,7.508,NW,2.4989536,Calm,
2,33.2,32.8247159,-95.30483417,460,,0,1.500002486,-4.900008122,-3,17.9,70.8,1.500002486,1190,1684,1024,1024,,196.8504,236.9312,93,7.782,7.508,NW,2.5973024,Calm,
3,33.3,32.82471585,-95.30483288,462,,0,1.200001989,-4.800007956,-4.3,-3.1,71.2,1.200001989,1434,1684,1024,1024,,198.818904,237.110016,93,7.782,7.508,NW,2.5973024,Calm,
4,33.4,32.82471586,-95.3048316,464,,0,1.200001989,-4.700007791,-4.3,-16.6,71.7,1.200001989,1447,1684,1024,1024,,198.818904,237.244128,93,7.782,7.508,NW,2.5973024,Calm,
0,33.5,32.82471595,-95.30483008,467,,0.100000166,1.500002486,-4.800007956,-4.1,-24.6,72,1.50333204,1428,1684,1024,1024,,198.818904,237.467648,93,7.782,7.508,NW,2.5973024,Calm,
1,33.6,32.82471641,-95.30482807,469,,0.300000497,2.000003315,-4.900008122,-3.7,-27.2,72,2.022378114,1456,1684,1024,1024,,195.866148,237.735872,93,7.782,6.892,NW,2.4989536,Calm,
2,33.7,32.82471684,-95.30482579,470,,0.500000829,2.400003978,-4.900008122,-2.8,-24.4,71.6,2.451533832,1577,1684,1141,1024,,182.742788,238.0488,93,7.782,6.892,NW,2.3961344,Calm,
3,33.8,32.82471767,-95.30482215,472,,0.70000116,2.800004641,-5.000008288,-1.4,-21.4,71.3,2.886178307,1673,1684,1115,1055,,179.461948,238.585248,93,7.782,6.892,NW,2.3961344,Calm,
4,33.9,32.82471836,-95.30481906,474,,0.800001326,3.100005139,-4.900008122,-0.8,-23.5,71.5,3.201567262,1684,1684,1024,1047,,185.039376,239.032288,93,7.782,6.892,NW,2.2977856,Calm,
0,34,32.82471921,-95.30481462,476,,0.900001492,3.400005636,-4.900008122,-0.8,-29.4,71.6,3.51710687,1684,1684,1024,1036,,190.28872,239.61344,93,7.782,6.892,NW,2.2977856,Calm,
1,34.1,32.82472003,-95.30481087,478,,1.000001658,3.900006465,-4.800007956,-1.8,-33.5,72,4.026170988,1684,1684,1024,1039,,201.115492,240.149888,93,7.782,6.892,NW,2.2977856,Calm,
2,34.2,32.82472129,-95.30480592,480,,1.200001989,4.500007459,-4.800007956,-2.4,-34.5,72.2,4.657260038,1684,1267,1024,1044,,198.818904,240.865152,93,7.782,6.892,NW,2.2977856,Calm,
3,34.3,32.82472253,-95.30480085,482,,1.400002321,5.000008288,-4.900008122,-1.7,-32.9,72.3,5.192310591,1684,1024,1024,1040,,201.115492,241.580416,93,7.782,6.892,NW,2.2977856,Calm,
4,34.4,32.82472404,-95.30479495,483,,1.600002652,5.400008951,-4.700007791,-0.7,-30.7,72.4,5.632060262,1684,1024,1024,1024,,201.115492,242.385088,93,7.782,6.892,NW,2.2977856,Calm,
0,34.5,32.82472545,-95.30478848,485,,1.600002652,5.700009448,-4.300007128,-1,-31.4,72.3,5.920313443,1684,1024,806,1024,,201.115492,243.323872,93,7.782,6.892,NW,2.2977856,Calm,
1,34.6,32.8247268,-95.30478302,486,,1.700002818,5.90000978,-4.00000663,-1.7,-33.3,72.4,6.140042543,1684,1024,568,1024,,201.115492,244.08384,93,7.6,6.892,NW,2.2977856,Calm,
2,34.7,32.82472867,-95.30477536,487,,1.800002984,6.200010277,-3.600005967,-9.2,-33,74.2,6.456015333,1684,833,533,1024,,201.115492,245.156736,93,7.6,6.892,NW,2.2977856,Calm,
3,34.8,32.82473016,-95.30476867,488,,2.000003315,6.400010609,-3.30000547,-23.1,-22.2,75,6.705232533,1684,542,618,1024,,201.115492,246.09552,93,7.6,6.892,NW,2.2977856,Calm,
4,34.9,32.82473213,-95.30476205,488,,2.400003978,6.400010609,-3.100005139,-30.9,-7.6,70.3,6.835213884,1684,542,618,1024,,201.115492,247.034304,93,7.6,6.892,W,2.3961344,Calm,
0,35,32.82473447,-95.30475523,489,,2.800004641,6.100010111,-2.900004807,-28.8,-7.2,65.4,6.711940368,1684,547,418,1024,,201.115492,248.017792,93,7.6,6.892,W,2.3961344,Calm,
1,35.1,32.82473686,-95.30474952,489,,3.000004973,5.800009614,-2.500004144,-32.1,-9.1,60.9,6.529941891,1684,627,706,1024,,201.115492,248.822464,93,7.6,6.892,W,2.3961344,Calm,
2,35.2,32.82473984,-95.30474312,489,,3.30000547,5.500009117,-2.100003481,-33.3,-8.2,55.1,6.4140575,1684,803,1032,1024,,201.115492,249.761248,93,7.6,6.892,W,2.3961344,Calm,
3,35.3,32.82474288,-95.3047377,490,,3.600005967,5.100008454,-1.800002984,-22.4,-18.7,50,6.242605589,1684,801,1024,1024,,201.115492,250.56592,93,7.6,6.892,W,2.4989536,Calm,
4,35.4,32.82474681,-95.30473205,490,,3.700006133,5.000008288,-1.300002155,-15.8,-30.5,46.3,6.2201387,1684,813,1124,1024,,201.115492,251.415296,93,7.6,6.892,W,2.4989536,Calm,
0,35.5,32.82474998,-95.30472725,490,,3.900006465,4.900008122,-0.800001326,-15,-31.9,46.1,6.262597665,1684,646,1684,1024,,201.115492,252.13056,93,7.6,6.892,W,2.4989536,Calm,
1,35.6,32.82475361,-95.30472203,491,,4.200006962,4.900008122,-0.400000663,0,-31.8,41,6.453691619,1684,720,1684,1024,,201.115492,252.890528,92,7.6,9.009,W,2.4989536,Calm,
2,35.7,32.82475789,-95.30471621,491,,4.300007128,5.000008288,-0.100000166,19.9,-22.5,37,6.594705469,1684,687,1535,1024,,201.115492,253.784608,92,7.6,9.009,W,2.5973024,Calm,
3,35.8,32.82476131,-95.30471127,491,,4.200006962,5.20000862,0.100000166,30.2,-16,45.8,6.684320896,1684,631,1024,1024,,201.115492,254.544576,92,7.6,9.009,W,2.5973024,Calm,
4,35.9,32.82476512,-95.30470521,491,,3.900006465,5.500009117,0.300000497,20,-23,56.3,6.742414191,1684,364,1024,1024,,201.115492,255.438656,92,7.6,9.009,W,2.5973024,Calm,
0,36,32.82476887,-95.30469849,490,,3.700006133,5.600009283,0.70000116,9.5,-34,62.7,6.711940368,1684,364,983,1024,,201.115492,256.422144,92,7.6,9.009,W,2.5973024,Calm,
1,36.1,32.82477223,-95.30469227,490,,3.600005967,5.800009614,1.200001989,13.1,-32.8,61.6,6.826430442,1684,364,956,1024,,201.115492,257.360928,92,7.842,9.009,W,2.6956512,Calm,
2,36.2,32.82477512,-95.3046865,490,,3.500005802,6.000009946,1.600002652,12.5,-30.8,62.7,6.946233138,1684,1017,1024,1024,,201.115492,258.210304,92,7.842,9.009,W,2.6956512,Calm,
3,36.3,32.82477841,-95.30467964,489,,3.400005636,6.200010277,1.900003149,10.7,-32,64.1,7.07107934,1684,1371,1024,1024,,201.115492,259.193792,92,7.842,9.009,W,2.7984704,Calm,
4,36.4,32.82478145,-95.30467283,488,,3.30000547,6.500010774,2.100003481,9.7,-28.7,64.7,7.289730628,1684,1582,1024,1024,,201.115492,260.17728,92,7.842,9.009,W,2.7984704,Calm,
0,36.5,32.82478448,-95.30466554,488,,3.200005304,7.000011603,1.500002486,8.6,-28,65.4,7.696765018,1684,1678,929,1024,,201.115492,261.250176,92,7.842,9.009,W,2.8968192,Calm,
1,36.6,32.82478693,-95.3046582,487,,3.200005304,7.500012432,1.100001823,6.8,-31.3,65.9,8.154153547,1684,1684,848,1024,,201.115492,262.323072,92,7.842,4.366,W,2.8968192,Calm,
2,36.7,32.8247901,-95.30464903,487,,3.200005304,8.000013261,0.800001326,1.9,-33.1,66.8,8.616277571,1684,1684,707,1024,,201.115492,263.619488,92,7.842,4.366,W,2.8968192,Calm,
3,36.8,32.82479261,-95.30464068,487,,3.30000547,8.400013924,0.400000663,-5.4,-33,68.9,9.024980314,1684,1684,364,1024,,201.115492,264.826496,92,7.842,4.366,W,2.9996384,Calm,
4,36.9,32.82479587,-95.30463086,487,,3.600005967,8.800014587,0,-17,-28.6,70.2,9.507906897,1684,1521,364,1024,,201.115492,266.21232,92,7.842,4.366,W,2.9996384,Calm,
0,37,32.82479905,-95.30462195,487,,4.200006962,8.900014753,-0.400000663,-27.9,-13.1,67.5,9.841255684,1684,1615,364,1024,,201.115492,267.508736,92,7.842,4.366,W,2.9996384,Calm,
1,37.1,32.82480316,-95.30461251,487,,5.000008288,8.400013924,-1.200001989,-34.3,-2.5,59,9.775495653,1684,1684,364,1024,,201.115492,268.89456,92,7.842,4.366,W,3.0979872,Calm,
2,37.2,32.8248086,-95.30460311,488,,5.700009448,7.500012432,-1.800002984,-35.5,-2.2,50,9.42020659,1684,1684,364,1024,,201.115492,270.280384,92,7.842,4.366,W,3.0979872,Calm,
3,37.3,32.82481435,-95.30459525,488,,6.300010443,6.500010774,-2.300003812,-35.1,-4.8,42.1,9.052086585,1684,1684,1024,1024,,201.115492,271.487392,92,7.842,4.366,W,3.0979872,Calm,
4,37.4,32.82482022,-95.3045894,489,,6.800011272,5.500009117,-2.700004476,-34.3,-7.8,34.1,8.745870443,1684,1684,1024,1024,,201.115492,272.426176,92,7.842,4.366,NW,3.0979872,Calm,
0,37.5,32.82482693,-95.3045837,490,,7.200011935,4.500007459,-3.200005304,-30,-16,27.5,8.490596745,1684,1684,1024,1024,,201.115492,273.409664,92,7.842,4.366,NW,3.196336,Calm,
1,37.6,32.82483301,-95.3045806,491,,7.600012598,3.800006299,-3.400005636,-22.2,-28.1,21.8,8.497072119,1684,1640,1024,1024,,201.115492,273.990816,92,7.625,4.366,NW,3.196336,Calm,
2,37.7,32.82483978,-95.30457708,492,,8.000013261,3.30000547,-3.500005802,-17.9,-32.5,19.4,8.653914762,1684,455,1331,1024,,201.115492,274.616672,92,7.625,4.366,NW,3.196336,Calm,
3,37.8,32.82484767,-95.30457393,493,,8.50001409,2.900004807,-3.500005802,-5.1,-35.3,16.1,8.98110602,1684,364,1024,1024,,201.115492,275.287232,92,7.625,4.366,NW,3.196336,Calm,
4,37.9,32.8248558,-95.30457076,494,,8.600014255,2.800004641,-3.100005139,-4.8,-36.6,15.5,9.04435011,1684,364,1024,1024,,201.115492,275.957792,92,7.625,4.366,NW,3.196336,Calm,
0,38,32.82486272,-95.30456793,495,,8.800014587,2.700004476,-2.700004476,-7.4,-36.2,19.2,9.204904973,1684,364,1024,1024,,201.115492,276.538944,92,7.625,4.366,NW,3.2991552,Calm,
1,38.1,32.82487231,-95.30456464,496,,9.000014918,2.60000431,-2.400003978,-4.5,-35.9,18.2,9.368045963,1684,364,1024,1024,,201.115492,277.254208,92,7.625,4.366,NW,3.2991552,Calm,
2,38.2,32.82487897,-95.30456198,497,,9.100015084,2.60000431,-2.100003481,-1.6,-35.3,16.4,9.464158222,1684,364,1024,1024,,201.115492,277.83536,92,7.625,4.366,NW,3.2991552,Calm,
3,38.3,32.82488798,-95.30455887,497,,9.20001525,2.60000431,-1.800002984,-0.3,-35,16.6,9.560350501,1684,901,1189,1024,,201.115492,278.50592,92,7.625,4.366,NW,3.2991552,Calm,
4,38.4,32.82489625,-95.30455567,498,,9.300015416,2.60000431,-1.400002321,1.4,-34.7,16.4,9.656619671,1684,1498,1024,1024,,201.115492,279.221184,92,7.625,4.366,NW,3.2991552,Calm,
0,38.5,32.82490464,-95.30455267,498,,9.500015747,2.700004476,-1.400002321,3.1,-32.7,15.5,9.876250423,1684,1645,1024,1024,,201.115492,279.891744,92,7.625,4.366,NW,3.2991552,Calm,
1,38.6,32.82491232,-95.30454964,498,,9.800016244,2.900004807,-1.700002818,0.7,-31.3,16.6,10.22009482,1684,1684,1024,1024,,201.115492,280.562304,92,7.625,10.025,NW,3.2991552,Calm,
2,38.7,32.82492215,-95.30454594,499,,10.10001674,3.000004973,-2.000003315,-1,-31.6,17.1,10.53614539,1684,1684,1024,1024,,201.115492,281.366976,92,7.625,10.025,NW,3.2991552,Calm,
3,38.8,32.82493136,-95.30454253,499,,10.30001707,3.100005139,-2.300003812,-1.2,-32.7,17.2,10.75641094,1684,1684,1024,1024,,201.115492,282.171648,92,7.625,10.025,NW,3.397504,Calm,
4,38.9,32.82494018,-95.30453919,499,,10.60001757,3.200005304,-2.500004144,-0.7,-33.3,17.1,11.07250666,1684,1684,1024,1024,,201.115492,282.931616,92,7.625,10.025,NW,3.397504,Calm,
0,39,32.824949,-95.30453594,500,,10.8000179,3.30000547,-2.60000431,-1,-32.7,16.9,11.29293672,1684,1684,1024,1024,,201.115492,283.691584,92,7.625,10.025,NW,3.397504,Calm,
1,39.1,32.82495921,-95.30453206,500,,10.90001807,3.400005636,-2.800004641,-1.8,-31.8,17.2,11.41798678,1684,1684,1024,1024,,201.115492,284.585664,92,7.385,10.025,NW,3.397504,Calm,
2,39.2,32.82496976,-95.30452824,501,,11.1000184,3.400005636,-3.100005139,-2.2,-29.1,17.6,11.60906732,1684,1684,1024,1024,,201.115492,285.479744,92,7.385,10.025,NW,3.397504,Calm,
3,39.3,32.82498022,-95.30452425,501,,11.20001857,3.500005802,-3.400005636,-2.3,-26.7,17.4,11.7341576,1684,1024,1684,1024,,201.115492,286.418528,92,7.385,10.025,NW,3.397504,Calm,
4,39.4,32.82498891,-95.30452103,502,,11.20001857,3.500005802,-3.700006133,8.4,-23,15.4,11.7341576,1684,1024,1684,1247,,201.115492,287.178496,92,7.385,10.025,NW,3.397504,Calm,
0,39.5,32.82499941,-95.30451689,502,,11.00001823,3.800006299,-4.100006796,23.3,-12.2,13.1,11.63788843,1175,1299,1324,1409,,201.115492,288.161984,92,7.385,10.025,NW,3.397504,Calm,
1,39.6,32.82501066,-95.30451164,503,,10.5000174,4.400007293,-4.400007293,31.5,-7.1,20.5,11.38465726,442,1343,1289,1202,,201.115492,289.324288,92,7.385,16.533,NW,3.397504,Calm,
2,39.7,32.82501929,-95.30450677,504,,9.90001641,4.900008122,-4.300007128,34.3,-7.1,28.5,11.04628464,364,1445,1290,1183,,201.115492,290.35248,92,7.385,16.533,NW,3.397504,Calm,
3,39.8,32.82502778,-95.30450097,506,,9.20001525,5.300008785,-4.100006796,33.9,1.2,35.1,10.61745571,364,1660,1132,1254,,201.115492,291.47008,92,7.385,16.533,NW,3.397504,Calm,
4,39.9,32.82503518,-95.30449531,508,,8.400013924,5.600009283,-4.00000663,31.2,12.1,39.4,10.0955602,364,1684,1024,1251,,201.115492,292.542976,92,7.385,16.533,NW,3.397504,Calm,
0,40,32.82504116,-95.30448967,510,,7.300011653,5.800009614,-4.100006796,26.6,22.9,44.2,9.323641033,364,1640,1024,1187,,201.115492,293.526464,92,7.385,16.533,NW,3.397504,Calm,
1,40.1,32.82504698,-95.30448352,512,,5.800009614,5.600009283,-4.600007625,19.4,28.6,46.1,8.062270733,364,1024,1024,1177,,201.115492,294.59936,92,7.385,16.533,NW,3.397504,Calm,
2,40.2,32.8250521,-95.30447683,514,,4.800007956,5.300008785,-4.700007791,13.1,27.7,43.6,7.15053623,1024,364,1069,1469,,201.115492,295.71696,92,7.385,16.533,NW,3.4958528,Calm,
3,40.3,32.82505627,-95.304471,517,,4.300007128,5.000008288,-4.200006962,8.9,27.9,43.5,6.594705469,1660,364,1024,1320,,201.115492,296.700448,92,7.385,16.533,NW,3.4958528,Calm,
4,40.4,32.82505977,-95.30446619,518,,3.800006299,4.700007791,-3.800006299,13.9,28.6,46,6.044015222,1684,364,1024,1268,,201.115492,297.460416,92,7.385,16.533,NW,3.4958528,Calm,
0,40.5,32.8250628,-95.30446137,520,,3.200005304,4.400007293,-3.400005636,15.1,13,46,5.440597054,1684,364,1059,1278,,201.115492,298.265088,92,7.385,16.533,NW,3.4958528,Calm,
1,40.6,32.82506523,-95.30445736,522,,2.900004807,4.300007128,-2.900004807,14.8,-8.3,44.8,5.186529469,1684,364,1061,1277,,201.115492,298.890944,92,7.385,16.533,NW,3.4958528,Calm,
2,40.7,32.82506758,-95.30445299,524,,2.800004641,4.300007128,-2.200003647,15.4,-25,41.5,5.131284713,1684,364,1069,1278,,201.115492,299.561504,92,7.385,16.533,NW,3.4958528,Calm,
3,40.8,32.82507098,-95.30444801,525,,2.700004476,4.500007459,-1.600002652,14,-29.9,40,5.247865146,1684,364,1105,1276,,201.115492,300.366176,92,7.385,16.533,NW,3.4958528,Calm,
4,40.9,32.82507368,-95.30444278,526,,2.800004641,4.700007791,-1.200001989,13.1,-31,40.1,5.470840651,1684,364,1105,1276,,201.115492,301.170848,92,7.385,16.533,NW,3.4958528,Calm,
0,41,32.82507635,-95.30443799,527,,2.800004641,5.000008288,-0.900001492,12.6,-31.6,40.4,5.730629006,1024,364,1176,1024,,201.115492,301.930816,92,7.385,16.533,NW,3.4958528,Calm,
1,41.1,32.82507961,-95.30443141,527,,2.900004807,5.20000862,-0.500000829,12.6,-31.8,40.4,5.953999695,1024,364,1135,1024,,201.115492,302.959008,92,7.83,16.533,NW,3.4958528,Calm,
2,41.2,32.82508231,-95.30442584,527,,3.000004973,5.400008951,-0.200000332,9.7,-25.5,42.3,6.177388265,1024,364,1118,1024,,201.115492,303.808384,92,7.83,16.533,NW,3.4958528,Calm,
3,41.3,32.82508529,-95.30441961,527,,3.000004973,5.500009117,0,3.5,-15.7,44.6,6.264992012,1024,364,1120,1024,,201.115492,304.747168,92,7.83,16.533,NW,3.4958528,Calm,
4,41.4,32.82508754,-95.30441435,527,,3.000004973,5.500009117,0.100000166,-2.3,3.2,45.8,6.264992012,1024,364,1126,1024,,201.115492,305.55184,92,7.83,16.533,NW,3.2991552,Calm,
0,41.5,32.82509023,-95.30440853,527,,2.800004641,5.20000862,0.200000332,-8.9,19.9,45.1,5.905938871,1024,364,1126,1024,,201.115492,306.44592,92,7.83,16.533,NW,2.9996384,Calm,
1,41.6,32.82509355,-95.30440164,527,,2.700004476,4.800007956,0.500000829,-15.8,24.9,42.6,5.507276646,1513,364,1107,1024,,201.115492,307.518816,92,7.83,4.863,NW,2.6956512,Calm,
2,41.7,32.82509603,-95.30439683,526,,2.500004144,4.400007293,0.900001492,-16.4,27.9,42.3,5.060640323,1684,364,1063,1140,,201.115492,308.23408,92,7.83,4.863,NW,2.4989536,Calm,
3,41.8,32.82509802,-95.30439281,526,,2.400003978,4.00000663,1.400002321,-13.2,26.4,44.3,4.664768969,1684,364,1061,1150,,201.115492,308.859936,92,7.83,4.863,NW,2.1994368,Calm,
4,41.9,32.82510029,-95.30438844,526,,2.200003647,3.700006133,1.800002984,-9.7,14.2,46.3,4.30465545,1684,364,1056,1162,,201.115492,309.5752,92,7.83,4.863,NW,1.9982688,Calm,
0,42,32.82510221,-95.30438486,525,,2.200003647,3.500005802,2.300003812,-6.5,-3.3,47.6,4.134011788,1684,364,1054,1175,,201.115492,310.111648,92,7.83,4.863,NW,1.89992,Calm,
1,42.1,32.82510403,-95.30438156,524,,2.200003647,3.400005636,2.700004476,-3.2,-14.8,47.6,4.049697809,1684,364,1053,1197,,201.115492,310.648096,92,7.83,4.863,N,1.698752,Calm,
2,42.2,32.82510598,-95.3043783,523,,2.200003647,3.400005636,3.200005304,0,-22,47.5,4.049697809,1684,364,1046,1195,,201.115492,311.13984,92,7.83,4.863,N,1.5959328,Calm,
3,42.3,32.82510857,-95.30437392,522,,2.300003812,3.500005802,3.600005967,2.4,-28.1,47.2,4.188084852,1684,364,1030,1191,,201.115492,311.855104,92,7.83,4.863,N,1.5959328,Calm,
4,42.4,32.82511113,-95.30436973,521,,2.400003978,3.700006133,4.00000663,4.2,-31.5,46.6,4.410222604,1684,364,1030,1192,,201.115492,312.525664,92,7.83,4.863,N,1.698752,Calm,
0,42.5,32.82511351,-95.30436566,519,,2.500004144,3.800006299,4.400007293,5.2,-32.6,46.3,4.548633341,1684,364,1033,1561,,201.115492,313.15152,92,7.83,4.863,N,1.7971008,Calm,
1,42.6,32.82511623,-95.30436062,518,,2.700004476,4.100006796,4.700007791,6,-32.9,46.2,4.909183171,1684,364,1103,1597,,201.115492,313.956192,92,7.887,4.863,N,1.89992,Calm,
2,42.7,32.82511833,-95.30435693,516,,2.800004641,4.400007293,4.800007956,12.9,-30.8,45.2,5.215370255,1684,364,1141,1548,,201.115492,314.537344,92,7.887,4.863,N,1.9982688,Calm,
3,42.8,32.82512111,-95.30435142,515,,2.900004807,4.800007956,4.800007956,22.3,-27,43.2,5.608039015,1684,364,1169,1468,,201.115492,315.38672,92,7.887,4.863,N,2.0966176,Calm,
4,42.9,32.82512392,-95.3043456,513,,2.800004641,5.20000862,4.900008122,25.1,-26.4,42.3,5.905938871,1684,364,1235,1286,,201.115492,316.2808,92,7.887,4.863,N,2.0966176,Calm,
0,43,32.82512674,-95.30433892,511,,2.700004476,5.600009283,5.000008288,24.4,-25.9,43.3,6.216922694,1684,364,1354,1266,,201.115492,317.308992,92,7.887,4.863,N,2.1994368,Calm,
1,43.1,32.82512896,-95.30433308,510,,2.60000431,6.100010111,4.900008122,23.2,-26.3,44.5,6.630998412,1684,364,1424,1246,,201.115492,318.158368,92,7.887,4.863,N,2.2977856,Calm,
2,43.2,32.82513146,-95.30432561,509,,2.500004144,6.500010774,4.900008122,24.2,-24.3,45.9,6.964205487,1684,364,1432,1231,,201.115492,319.275968,92,7.887,4.863,N,2.2977856,Calm,
3,43.3,32.82513386,-95.30431777,507,,2.400003978,6.900011437,4.900008122,27.1,-13.1,49.9,7.305489235,1684,364,1406,1248,,201.115492,320.393568,92,7.887,4.863,N,2.3961344,Calm,
4,43.4,32.82513537,-95.30431147,506,,2.000003315,7.200011935,4.800007956,26,-6.6,52.5,7.472628997,1684,364,1296,1262,,201.115492,321.332352,92,7.887,4.863,N,2.3961344,Calm,
0,43.5,32.82513723,-95.30430238,504,,1.700002818,7.300011653,4.800007956,23.3,-5.9,55.7,7.495343993,1684,364,1296,1262,,201.115492,322.584064,92,7.887,4.863,N,2.4989536,Calm,
1,43.6,32.82513857,-95.30429399,502,,1.400002321,7.400012266,4.900008122,19.1,-9.9,60.7,7.531280198,1684,734,1053,1216,,201.115492,323.746368,92,7.887,3.414,N,2.4989536,Calm,
2,43.7,32.82513963,-95.30428629,501,,1.200001989,7.500012432,4.900008122,14.3,-21.2,64.5,7.595405851,1684,1024,1024,1196,,201.115492,324.819264,92,7.887,3.414,N,2.4989536,Calm,
3,43.8,32.82514095,-95.304279,499,,1.100001823,7.800012929,4.600007625,12.6,-24.4,66.6,7.877195279,1684,1024,1003,1149,,201.115492,325.847456,92,7.887,3.414,N,2.5973024,Calm,
4,43.9,32.82514193,-95.30426976,498,,0.900001492,8.300013758,4.100006796,8.6,-26.5,66.5,8.348666015,1684,838,364,1142,,201.115492,327.099168,92,7.887,3.414,N,2.5973024,Calm,
0,44,32.82514295,-95.30426181,496,,1.000001658,8.700014421,3.700006133,-11,-24.1,71.4,8.757296786,1684,825,364,1142,,201.115492,328.172064,92,7.887,3.414,N,2.6956512,Calm,
1,44.1,32.82514436,-95.30425045,495,,1.400002321,8.800014587,3.100005139,-27.6,-13.6,69.7,8.910682468,1684,933,364,1142,,201.115492,329.736704,92,7.883,3.414,N,2.6956512,Calm,
2,44.2,32.82514612,-95.30424186,494,,2.200003647,8.50001409,2.60000431,-33.4,-10.3,60.8,8.78010566,1684,1024,364,1142,,201.115492,330.943712,92,7.883,3.414,N,2.6956512,Calm,
3,44.3,32.82514881,-95.3042325,493,,3.000004973,8.000013261,2.100003481,-33.2,-9.5,51.5,8.544017578,1684,1478,364,1141,,201.115492,332.284832,92,7.883,3.414,N,2.6956512,Calm,
4,44.4,32.8251523,-95.30422455,492,,3.700006133,7.400012266,1.600002652,-31,-10.2,42.9,8.273464947,1684,1684,801,1139,,201.115492,333.49184,92,7.883,3.414,N,2.7984704,Calm,
0,44.5,32.82515615,-95.30421707,492,,4.300007128,6.700011106,1.200001989,-30.5,-12.4,34.3,7.961168614,1684,1684,960,1110,,201.115492,334.654144,92,7.883,3.414,N,2.7984704,Calm,
1,44.6,32.82516022,-95.30421131,492,,4.800007956,6.000009946,0.70000116,-29.8,-16.6,27.4,7.683761518,1684,1684,1024,1107,,201.115492,335.637632,92,7.883,3.414,N,2.7984704,Calm,
2,44.7,32.82516551,-95.30420481,491,,5.400008951,5.20000862,0.300000497,-25.3,-25.4,24.1,7.496677961,1684,1113,1684,1106,,201.115492,336.710528,92,7.883,3.414,N,2.7984704,Calm,
3,44.8,32.82517013,-95.30420047,491,,6.000009946,4.700007791,0,-19.1,-30.2,21.5,7.621691803,1684,1041,1684,1107,,201.115492,337.5152,92,7.883,3.414,N,2.8968192,Calm,
4,44.9,32.82517629,-95.30419566,491,,6.60001094,4.300007128,-0.200000332,-0.9,-29.5,13.5,7.877195279,1684,1226,1684,1116,,201.115492,338.453984,92,7.883,3.414,N,2.8968192,Calm,
0,45,32.82518275,-95.30419125,491,,6.700011106,4.300007128,0,13.5,-19.5,11.2,7.961168614,1684,1221,1684,1118,,201.115492,339.348064,92,7.883,3.414,N,2.8968192,Calm,
1,45.1,32.82518831,-95.30418717,491,,6.700011106,4.500007459,-0.200000332,24.9,-5.6,22.8,8.070948674,1684,1039,1684,1136,,201.115492,340.152736,92,7.883,3.414,N,2.8968192,Calm,
2,45.2,32.82519417,-95.30418107,492,,6.100010111,5.100008454,-0.900001492,33.1,5.3,38.8,7.951113343,1684,522,1527,1140,,201.115492,341.225632,92,7.883,6.116,N,2.8968192,Calm,
3,45.3,32.82519941,-95.30417503,492,,5.20000862,5.500009117,-1.100001823,31.2,1,43.4,7.569028255,1684,364,997,1140,,201.115492,342.298528,92,7.883,6.116,N,2.8968192,Calm,
4,45.4,32.825203,-95.30416943,492,,4.800007956,5.600009283,-0.800001326,29,-4.9,49.7,7.375647692,1684,364,997,1140,,201.115492,343.192608,92,7.883,6.116,N,2.7984704,Calm,
0,45.5,32.82520737,-95.30416301,493,,4.400007293,5.800009614,-0.400000663,29.3,-13.3,57.8,7.28012195,1684,364,750,1141,,201.115492,344.265504,92,7.883,6.116,N,2.7984704,Calm,
1,45.6,32.82521085,-95.30415619,493,,4.100006796,5.90000978,0,26.5,-23.9,62.3,7.184717802,1684,528,516,1140,,201.115492,345.293696,92,7.883,6.116,NW,2.7984704,Calm,
2,45.7,32.82521472,-95.30414892,492,,3.800006299,6.100010111,0.600000995,16.1,-24.9,65.8,7.186805032,1684,690,746,1140,,201.115492,346.456,92,7.883,6.116,NW,2.6956512,Calm,
3,45.8,32.82521776,-95.30414343,492,,3.600005967,6.300010443,0.900001492,10.5,-14.9,65.4,7.256043928,1684,994,1024,1140,,201.115492,347.305376,92,7.883,6.116,NW,2.6956512,Calm,
4,45.9,32.82522103,-95.30413621,492,,3.400005636,6.400010609,0.800001326,18.7,-15.6,58.9,7.247080329,1684,568,1024,1140,,201.115492,348.422976,92,7.883,6.116,NW,2.6956512,Calm,
0,46,32.825224,-95.30412869,492,,3.000004973,6.800011272,0.600000995,20,-21.8,57.9,7.432373939,1684,364,839,1141,,201.115492,349.58528,92,7.883,6.116,NW,2.6956512,Calm,
1,46.1,32.82522633,-95.30412198,491,,2.800004641,7.000011603,0.900001492,13.2,-32.8,57.2,7.539242874,1684,364,749,1140,,201.115492,350.568768,92,7.58,6.116,NW,2.7984704,Calm,
2,46.2,32.82522891,-95.3041141,491,,2.700004476,7.100011769,1.500002486,0.9,-35.8,59.7,7.596063893,1684,364,870,1140,,201.115492,351.731072,92,7.58,5.355,NW,2.7984704,Calm,
3,46.3,32.8252317,-95.30410551,490,,2.800004641,7.200011935,1.900003149,-3.5,-33.8,60.2,7.725295558,1684,364,1010,1140,,201.115492,352.982784,92,7.58,5.355,NW,2.7984704,Calm,
4,46.4,32.82523401,-95.30409948,490,,2.900004807,7.300011653,2.200003647,1,-34.6,56.9,7.85494744,1684,364,1015,1143,,201.115492,353.876864,92,7.58,5.355,NW,2.7984704,Calm,
0,46.5,32.8252371,-95.30409042,489,,3.000004973,7.400012266,2.60000431,1.7,-35.1,55.2,7.984998975,1684,364,1014,1148,,201.115492,355.217984,92,7.58,5.355,NW,2.7984704,Calm,
1,46.6,32.82524019,-95.30408224,488,,3.000004973,7.500012432,3.000004973,0.1,-34.8,55.5,8.077760222,1684,364,1024,1148,,201.115492,356.424992,92,7.58,5.355,NW,2.7984704,Calm,
2,46.7,32.82524291,-95.30407458,487,,3.100005139,7.600012598,3.400005636,0,-34.9,56.2,8.207936482,1684,364,1024,1146,,201.115492,357.587296,92,7.58,5.355,NW,2.8968192,Calm,
3,46.8,32.82524559,-95.30406684,486,,3.200005304,7.700012764,3.700006133,-0.9,-35.1,55.9,8.338478868,1684,364,1024,1146,,201.115492,358.704896,92,7.58,5.355,NW,2.8968192,Calm,
4,46.9,32.82524883,-95.30405807,484,,3.30000547,7.800012929,4.100006796,-0.9,-35.4,55.9,8.469370392,1684,364,1024,1146,,201.115492,360.001312,92,7.58,5.355,NW,2.8968192,Calm,
0,47,32.82525148,-95.30405042,483,,3.30000547,7.900013095,4.500007459,-0.6,-34.9,55.8,8.561555851,1684,364,1024,1147,,201.115492,361.163616,92,7.58,5.355,NW,2.8968192,Calm,
1,47.1,32.82525524,-95.30404019,481,,3.400005636,8.000013261,4.700007791,-0.2,-33.9,55.6,8.692539912,1684,364,1024,1147,,201.115492,362.683552,92,7.885,5.355,NW,2.8968192,Calm,
2,47.2,32.82525785,-95.30403285,480,,3.600005967,8.200013592,4.800007956,0.8,-34,55.7,8.955459783,1684,364,1024,1147,,201.115492,363.756448,92,7.885,5.355,NW,2.9996384,Calm,
3,47.3,32.82526146,-95.30402308,478,,3.700006133,8.400013924,4.900008122,0.1,-34.4,55.5,9.178794708,1684,364,1024,1147,,201.115492,365.23168,92,7.885,5.355,NW,2.9996384,Calm,
4,47.4,32.8252644,-95.30401531,476,,3.800006299,8.600014255,4.900008122,-0.1,-34.6,55.6,9.402142598,1684,364,1024,1149,,201.115492,366.393984,92,7.885,5.355,NW,2.9996384,Calm,
0,47.5,32.82526809,-95.30400553,474,,4.00000663,8.800014587,4.900008122,-0.5,-34.3,55.7,9.666452763,1684,364,1024,1150,,201.115492,367.824512,92,7.885,5.355,NW,2.9996384,Calm,
1,47.6,32.825272,-95.30399581,472,,4.100006796,9.000014918,4.900008122,-1.6,-34.5,55.5,9.889910177,1684,364,1178,1151,,201.115492,369.299744,92,7.885,5.355,NW,2.9996384,Calm,
2,47.7,32.82527624,-95.30398512,470,,4.200006962,9.100015084,5.000008288,-0.6,-34.6,55.7,10.02249106,1684,364,1684,1151,,201.115492,370.909088,92,7.885,5.355,NW,3.0979872,Calm,
3,47.8,32.82528019,-95.30397513,469,,4.400007293,9.300015416,4.900008122,9.5,-32.6,53.9,10.28835961,1684,364,1684,1151,,201.115492,372.429024,92,7.885,5.355,NW,3.0979872,Calm,
4,47.9,32.82528393,-95.30396543,467,,4.300007128,9.600015913,4.900008122,28.5,-19.5,52.8,10.51904745,1684,364,1684,1150,,201.115492,373.859552,92,7.885,5.355,NW,3.0979872,Calm,
0,48,32.82528728,-95.30395598,465,,3.800006299,9.90001641,4.700007791,34.5,-12.3,57.6,10.60426177,1684,364,1684,1150,,201.115492,375.29008,92,7.885,5.355,NW,3.0979872,Calm,
1,48.1,32.82529094,-95.30394367,464,,3.30000547,10.10001674,4.700007791,33.8,-12.3,65.6,10.62545862,1684,544,1024,1150,,201.115492,377.07824,92,7.885,5.355,NW,3.0979872,Calm,
2,48.2,32.82529325,-95.30393368,462,,2.800004641,10.10001674,4.900008122,33.1,-12.8,75.2,10.48095204,1684,441,871,1151,,201.115492,378.464064,91,7.885,4.107,NW,3.0979872,Calm,
3,48.3,32.82529569,-95.30392182,461,,2.200003647,10.00001658,5.000008288,29.2,-17.1,83.9,10.23915749,1684,845,616,1152,,201.115492,380.162816,91,7.885,4.107,NW,3.196336,Calm,
4,48.4,32.82529739,-95.30391114,459,,1.400002321,10.20001691,4.600007625,21.3,-23.4,90.9,10.29564681,1684,1024,1033,1137,,201.115492,381.638048,91,7.885,4.107,NW,3.196336,Calm,
0,48.5,32.82529839,-95.3039001,458,,0.800001326,10.40001724,4.300007128,13.5,-25.9,96,10.43074096,1684,1024,1024,1118,,201.115492,383.11328,91,7.885,4.107,NW,3.196336,Calm,
1,48.6,32.82529858,-95.30389003,456,,0.300000497,10.60001757,3.800006299,21.2,-21.3,92.6,10.60426177,1684,1024,863,1118,,201.115492,384.4544,91,7.885,4.107,NW,3.196336,Calm,
2,48.7,32.82529854,-95.30387912,455,,-0.300000497,10.8000179,3.30000547,23.9,-22,90.1,10.80418342,1684,1024,493,1117,,153.871396,385.840224,91,7.885,4.107,NW,3.196336,Calm,
3,48.8,32.82529755,-95.30386679,454,,-1.000001658,10.90001807,3.000004973,17.8,-26.6,91.5,10.94579318,1684,1024,493,1117,,145.013128,387.404864,91,7.885,4.107,NW,3.196336,Calm,
4,48.9,32.82529624,-95.30385432,453,,-1.400002321,11.1000184,2.700004476,-6,-27.2,100,11.18795832,1684,1024,1024,1118,,139.763784,388.969504,91,7.885,4.107,NW,3.196336,Calm,
0,49,32.82529486,-95.30384139,452,,-1.400002321,11.4000189,2.200003647,-2.2,-27.3,94.2,11.48566193,1684,1024,1024,1117,,139.763784,390.578848,91,7.885,4.107,NW,3.196336,Calm,
1,49.1,32.8252936,-95.30383019,451,,-1.500002486,11.60001923,1.800002984,3.4,-30.4,85.5,11.69659998,1684,1037,801,1117,,131.2336,391.964672,91,7.769,4.107,NW,3.196336,Calm,
2,49.2,32.82529199,-95.30381721,450,,-1.500002486,11.90001973,1.500002486,-6.9,-30.8,89.7,11.99418513,1684,1037,801,1117,,129.921264,393.574016,91,7.769,7.308,NW,3.196336,Calm,
3,49.3,32.82529049,-95.30380358,450,,-1.300002155,12.20002022,1.000001658,-19.6,-24.7,93.5,12.26908701,1684,1024,935,1118,,132.217852,395.272768,91,7.769,7.308,NW,3.2991552,Calm,
4,49.4,32.82528983,-95.30379217,449,,-0.900001492,12.40002055,0.500000829,-15.4,-26.2,90.2,12.43263883,1684,1169,536,1119,,132.217852,396.748,91,7.769,7.308,NW,3.2991552,Calm,
0,49.5,32.825289,-95.30377682,449,,-0.600000995,12.40002055,0.300000497,-22.1,-24.2,88.3,12.4145279,1684,1067,658,1118,,132.217852,398.714976,91,7.769,7.308,NW,3.2991552,Calm,
1,49.6,32.82528927,-95.30376495,449,,0,12.50002072,-0.100000166,-30.1,-9.6,87,12.50002072,1684,993,1024,1118,,133.202104,400.279616,91,7.769,7.308,NW,3.2991552,Calm,
2,49.7,32.82528988,-95.30375051,449,,0.800001326,12.20002022,-0.500000829,-26.2,-6.9,83,12.22622124,1684,1024,1024,1117,,132.217852,402.201888,91,7.769,7.308,NW,3.2991552,Calm,
3,49.8,32.82529117,-95.30373917,450,,1.100001823,11.80001956,-0.300000497,-11.4,-22.3,79.2,11.85117971,1684,1024,1024,1119,,134.51444,403.766528,91,7.769,7.308,NW,3.2991552,Calm,
4,49.9,32.82529235,-95.30372604,450,,1.100001823,11.60001923,0.300000497,-6.6,-32.6,76.7,11.65205737,1684,1024,1024,1119,,140.748036,405.509984,91,7.769,7.308,NW,3.2991552,Calm,
0,50,32.82529325,-95.3037148,449,,1.200001989,11.70001939,0.400000663,-8.2,-29.2,76.6,11.76139664,1684,1024,1024,1120,,159.12074,407.02992,91,7.769,7.308,NW,3.2991552,Calm,
1,50.1,32.82529487,-95.30369952,449,,1.500002486,11.90001973,0,-7.6,-26.2,77.3,11.99418513,1684,1206,984,1120,,145.013128,409.131008,91,7.769,7.308,NW,3.2991552,Calm,
2,50.2,32.82529598,-95.3036889,449,,1.600002652,11.80001956,0,-5.1,-28.7,76.6,11.90799984,1684,1302,792,1120,,129.921264,410.561536,91,7.75,7.308,NW,3.2991552,Calm,
3,50.3,32.8252977,-95.30367498,449,,1.700002818,11.90001973,0,-8.7,-28.1,77.2,12.02083497,1684,972,943,1120,,133.202104,412.483808,91,7.75,7.308,NW,3.2991552,Calm,
4,50.4,32.82529927,-95.30366265,449,,2.000003315,12.00001989,-0.500000829,-10.4,-24.8,77.9,12.16554494,1684,717,720,1133,,139.763784,414.137856,91,7.75,7.308,NW,3.2991552,Calm,
0,50.5,32.82530124,-95.30364921,450,,2.100003481,11.90001973,-0.500000829,-15.3,-29.6,78.6,12.08389354,1684,421,711,1137,,140.748036,416.015424,91,7.75,7.308,NW,3.2991552,Calm,
1,50.6,32.82530301,-95.3036379,450,,2.100003481,11.60001923,0,-26.4,-24.6,79,11.7885731,1684,364,838,1138,,136.482944,417.580064,91,7.75,7.308,NW,3.2991552,Calm,
2,50.7,32.82530524,-95.30362482,450,,2.500004144,11.50001906,0.100000166,-23.7,-27.1,77.5,11.76862171,1684,364,808,1140,,139.763784,419.412928,91,7.75,7.308,NW,3.2991552,Calm,
3,50.8,32.82530755,-95.30361178,450,,2.700004476,11.30001873,0.500000829,-19.5,-33,74.2,11.61810825,1684,364,832,1140,,132.217852,421.201088,91,7.75,7.308,NW,3.2991552,Calm,
4,50.9,32.82530977,-95.30360042,449,,2.700004476,11.1000184,1.000001658,-19.4,-31.7,72.3,11.42367849,1684,383,905,1140,,136.482944,422.810432,91,7.75,7.308,NW,3.2991552,Calm,
0,51,32.82531264,-95.30358856,449,,3.000004973,10.90001807,1.300002155,-17.1,-31.4,71.1,11.30532688,1684,508,1023,1140,,135.498692,424.509184,91,7.75,7.308,NW,3.2991552,Calm,
1,51.1,32.82531497,-95.30357872,448,,3.100005139,10.70001774,1.700002818,-11.5,-33.6,68.4,11.14003608,1684,461,971,1141,,137.467196,425.895008,91,7.75,7.308,NW,3.2991552,Calm,
2,51.2,32.82531825,-95.30356665,448,,3.100005139,10.60001757,2.100003481,-8.6,-34.4,66.3,11.04402083,1684,364,822,1141,,128.937012,427.638464,91,7.75,8.292,NW,3.2991552,Calm,
3,51.3,32.82532146,-95.30355424,447,,3.200005304,10.5000174,2.400003978,-10.6,-34.1,66.7,10.97681149,1684,364,840,1141,,123.687668,429.426624,91,7.75,8.292,NW,3.2991552,Calm,
4,51.4,32.8253243,-95.30354318,446,,3.30000547,10.40001724,2.800004641,-13.8,-32.9,67.6,10.91102151,1684,364,890,1140,,126.968508,430.991264,91,7.75,8.292,NW,3.2991552,Calm,
0,51.5,32.82532748,-95.30353209,445,,3.500005802,10.30001707,3.000004973,-12.4,-32.4,66.6,10.87843676,1684,595,1024,1139,,125.656172,432.600608,91,7.75,8.292,NW,3.397504,Calm,
1,51.6,32.82533052,-95.30352224,444,,3.700006133,10.20001691,3.200005304,-8.6,-34.6,64.6,10.85036355,1684,845,1024,1129,,121.39108,434.031136,91,7.75,8.292,NW,3.397504,Calm,
2,51.7,32.82533431,-95.30351017,443,,3.800006299,10.30001707,3.30000547,-6.6,-32.3,62.3,10.97863363,1684,952,1024,1129,,116.141736,435.819296,91,7.75,8.292,NW,3.397504,Calm,
3,51.8,32.82533754,-95.30350012,442,,4.200006962,10.5000174,2.800004641,-5.1,-31.1,61.8,11.30886476,1684,966,1209,1127,,108.595804,437.294528,91,7.75,8.292,NW,3.397504,Calm,
4,51.9,32.82534168,-95.30348819,441,,4.500007459,10.70001774,2.400003978,-3.4,-32.8,61.4,11.60777493,1684,1024,1426,1122,,107.611552,439.037984,91,7.75,8.292,NW,3.397504,Calm,
0,52,32.82534593,-95.30347585,440,,4.700007791,10.90001807,2.000003315,4,-32.9,59.4,11.87014985,1684,1024,1498,1117,,106.299216,440.870848,91,7.75,8.292,NW,3.397504,Calm,
1,52.1,32.82534974,-95.3034651,439,,4.700007791,11.20001857,1.500002486,21.5,-24.8,56.6,12.1462127,1684,1024,1024,1116,,107.611552,442.435488,91,7.729,8.292,NW,3.397504,Calm,
2,52.2,32.82535411,-95.30345177,438,,4.200006962,11.70001939,0.900001492,31.3,-14.5,59.2,12.43102993,1684,1024,1136,1117,,105.314964,444.402464,91,7.729,8.292,NW,3.397504,Calm,
3,52.3,32.82535754,-95.30343832,438,,3.400005636,12.00001989,0.300000497,18.1,-24.1,64.3,12.47239007,1684,1024,1136,1117,,103.018376,446.324736,91,7.729,8.292,NW,3.397504,Calm,
4,52.4,32.82535994,-95.30342703,438,,3.100005139,12.10002006,0.400000663,2.4,-34.4,73.3,12.49081706,1684,1024,1232,1117,,103.018376,447.93408,91,7.729,8.292,NW,3.397504,Calm,
0,52.5,32.82536321,-95.3034119,438,,3.000004973,12.20002022,0.400000663,9.1,-33,69,12.56345972,1684,1024,1024,1117,,106.299216,450.079872,91,7.729,8.292,NW,3.397504,Calm,
1,52.6,32.82536609,-95.30339806,438,,2.900004807,12.50002072,0.100000166,8.4,-32,68.1,12.83201229,1684,1024,1024,1114,,106.299216,452.002144,91,7.729,8.292,NW,3.397504,Calm,
2,52.7,32.82536856,-95.30338509,438,,2.800004641,12.60002089,0,0.4,-35.1,73.8,12.90738324,1684,1024,1024,1111,,104.330712,453.835008,91,7.729,8.292,NW,3.397504,Calm,
3,52.8,32.82537087,-95.30337206,438,,2.700004476,12.60002089,0.200000332,-1.2,-35.2,74.1,12.88605988,1684,1024,1024,1112,,104.330712,455.667872,91,7.729,8.292,NW,3.397504,Calm,
4,52.9,32.82537323,-95.30335923,438,,2.700004476,12.80002122,0.100000166,0.3,-34.1,72.6,13.08168816,1684,1024,722,1113,,108.595804,457.456032,91,7.729,8.292,NW,3.397504,Calm,
0,53,32.82537593,-95.30334477,438,,2.700004476,12.90002138,0,-2,-34.1,73.5,13.17955102,1684,463,572,1113,,107.611552,459.467712,91,7.729,8.292,NW,3.397504,Calm,
1,53.1,32.82537822,-95.30333236,438,,2.800004641,12.90002138,0,-18.6,-25.3,78.2,13.20040052,1684,364,704,1114,,103.018376,461.211168,91,7.729,8.292,NW,3.2991552,Calm,
2,53.2,32.82538088,-95.30331864,438,,3.100005139,12.70002105,0,-29.2,-20.1,77.4,13.07289399,1684,548,762,1114,,105.314964,463.13344,91,7.729,8.667,NW,3.0979872,Calm,
3,53.3,32.82538419,-95.30330393,438,,3.400005636,12.40002055,0.200000332,-29.6,-23.6,73.6,12.85770368,1684,922,877,1115,,105.314964,465.234528,91,7.729,8.667,NW,2.8968192,Calm,
4,53.4,32.82538728,-95.3032908,437,,3.600005967,12.10002006,0.600000995,-26,-26.5,70,12.62420396,1684,1024,1024,1114,,101.049872,467.112096,91,7.729,8.667,NW,2.8968192,Calm,
0,53.5,32.82539087,-95.30327797,437,,4.100006796,11.90001973,0.500000829,-20.6,-25,64.9,12.58652117,1684,1070,1024,1110,,101.049872,468.94496,91,7.729,8.667,NW,2.8968192,Calm,
1,53.6,32.82539465,-95.30326669,437,,4.700007791,11.70001939,0,-16.2,-28,63.7,12.608748,1684,1044,1296,1111,,102.034124,470.599008,91,7.729,8.667,NW,2.8968192,Calm,
2,53.7,32.82539951,-95.30325301,437,,4.900008122,11.50001906,0.100000166,-11.7,-33.4,63.1,12.50042037,1684,1024,1596,1111,,100.06562,472.610688,91,7.729,8.667,NW,2.7984704,Calm,
3,53.8,32.82540379,-95.30324207,437,,5.100008454,11.4000189,0.200000332,2.7,-32,58.4,12.48881566,1684,1024,1126,1111,,100.06562,474.264736,91,7.729,8.667,NW,2.7984704,Calm,
4,53.9,32.82540874,-95.30322906,437,,5.100008454,11.60001923,0,18.8,-19.4,54.7,12.67164251,1684,1024,1024,1111,,103.018376,476.187008,91,7.729,8.667,NW,2.7984704,Calm,
0,54,32.82541348,-95.30321575,437,,4.700007791,11.80001956,-0.400000663,23.1,-17.9,59.9,12.70159553,1684,1024,1209,1111,,101.049872,478.153984,91,7.729,8.667,NW,2.8968192,Calm,
1,54.1,32.8254177,-95.30320233,437,,4.300007128,11.70001939,-0.200000332,12.3,-33.1,67.4,12.46517172,1684,1141,1483,1112,,102.034124,480.12096,91,7.696,8.667,NW,2.8968192,Calm,
2,54.2,32.82542048,-95.30319169,437,,4.100006796,11.50001906,0.400000663,16.3,-30.9,67.5,12.209033,1684,1234,1414,1113,,101.049872,481.640896,91,7.696,8.882,NW,2.4989536,Calm,
3,54.3,32.82542435,-95.30317785,437,,3.700006133,11.90001973,0,26.3,-13.5,67.5,12.46196242,1684,1424,984,1113,,101.049872,483.652576,91,7.696,8.882,NW,2.1994368,Calm,
4,54.4,32.82542654,-95.30316736,437,,2.700004476,12.10002006,-0.800001326,32.6,-8.2,71.5,12.39760073,1684,1024,787,1113,,102.034124,485.127808,91,7.696,8.882,NW,1.89992,Calm,
0,54.5,32.82542864,-95.30315387,438,,1.900003149,12.00001989,-1.000001658,21.6,-21.8,75.3,12.1495056,1684,1024,787,1113,,106.299216,487.005376,91,7.696,8.882,W,1.698752,Calm,
1,54.6,32.8254299,-95.3031387,438,,1.500002486,12.00001989,-1.000001658,2.9,-31.1,82.7,12.09340655,1684,364,766,1117,,105.314964,489.06176,91,7.696,8.882,W,1.497584,Calm,
2,54.7,32.82543106,-95.30312655,438,,1.400002321,11.90001973,-0.500000829,-3.5,-36.7,82.2,11.98208956,1684,364,511,1121,,111.876644,490.715808,91,7.696,8.882,W,1.296416,Calm,
3,54.8,32.82543272,-95.30311376,438,,1.400002321,11.80001956,0,-15.9,-31.8,83.7,11.88278007,1684,364,364,1121,,111.876644,492.459264,91,7.696,8.882,W,1.1980672,Calm,
4,54.9,32.82543412,-95.30310169,438,,1.700002818,11.80001956,0,-25.6,-20.8,82.6,11.92184824,1684,364,364,1123,,102.034124,494.113312,91,7.696,8.882,W,1.0997184,Calm,
0,55,32.82543575,-95.30309031,438,,2.100003481,11.70001939,0.100000166,-31.4,-18.8,76.7,11.88698717,1684,364,364,1123,,98.753284,495.677952,91,7.696,8.882,SW,1.1980672,Calm,
1,55.1,32.82543793,-95.30307731,438,,2.400003978,11.4000189,0.400000663,-30.6,-19.6,67.8,11.64991157,1684,364,364,1122,,98.753284,497.466112,91,7.789,8.882,SW,1.1980672,Calm,
2,55.2,32.82544051,-95.3030645,438,,2.800004641,11.1000184,0.70000116,-29.3,-21.1,58.6,11.44772611,1684,410,500,1125,,106.299216,499.298976,91,7.789,8.882,SW,1.3992352,Calm,
3,55.3,32.82544343,-95.30305212,438,,3.100005139,10.8000179,1.100001823,-28.7,-22.7,48.8,11.23612107,1684,364,737,1125,,105.314964,501.042432,91,7.789,8.882,SW,1.497584,Calm,
4,55.4,32.82544625,-95.30304217,437,,3.400005636,10.5000174,1.500002486,-27.8,-23.6,39.7,11.03677476,1684,364,847,1127,,102.034124,502.47296,91,7.789,8.882,SW,1.5959328,Calm,
0,55.5,32.82545014,-95.30302951,437,,3.800006299,10.00001658,1.800002984,-24.1,-25.8,32.8,10.69768061,1684,364,801,1135,,100.06562,504.350528,91,7.789,8.882,SW,1.698752,Calm,
1,55.6,32.82545305,-95.30302005,436,,4.100006796,9.600015913,2.100003481,-22.2,-27.1,29.2,10.43888692,1684,364,672,1140,,93.50394,505.691648,91,7.789,8.882,SW,1.7971008,Calm,
2,55.7,32.82545731,-95.30300871,435,,4.400007293,9.20001525,2.500004144,-22.5,-27.6,27.7,10.19805574,1684,364,541,1140,,92.519688,507.3904,91,7.789,8.882,SW,1.9982688,Calm,
3,55.8,32.82546177,-95.30299929,434,,4.800007956,8.800014587,2.700004476,-23,-23.7,25.7,10.02398775,1684,1024,839,1135,,96.78478,508.865632,91,7.789,8.882,S,2.0966176,Calm,
4,55.9,32.82546599,-95.30299053,434,,5.100008454,8.400013924,2.900004807,-24.2,-23.4,22.9,9.827019696,1684,1111,1024,1115,,90.2231,510.206752,91,7.789,8.882,S,2.1994368,Calm,
0,56,32.82547071,-95.30298297,433,,5.400008951,7.800012929,2.900004807,-23.2,-22.5,17.6,9.486848631,1684,1024,1024,1111,,82.677168,511.41376,91,7.789,8.882,S,2.2977856,Calm,
1,56.1,32.8254762,-95.30297456,432,,6.100010111,7.100011769,2.300003812,-21.2,-25,14.4,9.360571007,1684,1024,1024,1099,,85.958008,512.75488,91,7.789,8.882,S,2.3961344,Calm,
2,56.2,32.82548159,-95.30296802,432,,6.60001094,6.400010609,1.900003149,-20.4,-26.6,14.5,9.193491148,1684,1024,1024,1099,,82.677168,513.87248,91,7.789,4.197,S,2.4989536,Calm,
3,56.3,32.82548907,-95.30296008,431,,7.100011769,5.800009614,1.500002486,-21.5,-26.7,13.9,9.167893638,1684,1024,932,1071,,80.708664,515.303008,91,7.789,4.197,S,2.5973024,Calm,
4,56.4,32.82549601,-95.30295471,431,,7.700012764,5.100008454,1.000001658,-20.8,-26.4,13.1,9.235815107,1684,1106,801,1053,,81.692916,516.3312,91,7.789,4.197,S,2.6956512,Calm,
0,56.5,32.82550322,-95.30294964,431,,8.100013427,4.500007459,0.600000995,-21.6,-26.1,13.1,9.266082397,1684,1392,542,1051,,77.427824,517.359392,91,7.789,4.197,S,2.6956512,Calm,
1,56.6,32.82551149,-95.30294538,431,,8.50001409,3.800006299,0.200000332,-24.6,-23.1,12.2,9.31076181,1684,1549,687,1050,,79.396328,518.298176,91,7.789,4.197,S,2.7984704,Calm,
2,56.7,32.82551909,-95.302942,431,,8.900014753,3.100005139,-0.200000332,-26.5,-22,9.9,9.424451682,1684,1621,706,1050,,77.427824,519.102848,91,7.789,4.197,S,2.8968192,Calm,
3,56.8,32.82552659,-95.3029394,431,,9.300015416,2.300003812,-0.70000116,-24.7,-24.6,6.4,9.580203547,1684,1588,528,1037,,79.396328,519.818112,91,7.789,4.197,S,2.9996384,Calm,
4,56.9,32.82553564,-95.30293726,431,,9.600015913,1.500002486,-1.100001823,-25.5,-23.2,2.5,9.716496655,1684,1401,404,1024,,80.708664,520.57808,91,7.789,4.197,S,2.9996384,Calm,
0,57,32.82554489,-95.30293625,432,,9.800016244,0.70000116,-1.500002486,-28.9,-19.1,-1.6,9.824984323,1572,1214,613,1024,,81.692916,521.159232,91,7.789,4.197,S,3.0979872,Calm,
1,57.1,32.82555371,-95.3029361,432,,9.800016244,0,-1.800002984,-30.2,-20.9,-5.9,9.800016244,1512,1101,711,1024,,84.973756,521.606272,91,7.71,4.197,S,3.0979872,Calm,
2,57.2,32.82556205,-95.30293648,433,,9.600015913,-0.400000663,-1.400002321,-28.4,-25.5,-10.9,9.608345609,1675,1252,614,1024,,84.973756,522.008608,91,7.71,8.657,S,3.196336,Calm,
3,57.3,32.82557107,-95.30293712,433,,9.500015747,-0.800001326,-0.900001492,-27.4,-22.5,-18.3,9.533640308,1684,1110,769,1024,,86.94226,522.36624,91,7.71,8.657,S,3.196336,Calm,
4,57.4,32.82557826,-95.30293828,434,,9.300015416,-1.700002818,-1.200001989,-29.3,-18.7,-22.9,9.454115021,1684,1024,1024,1024,,86.94226,522.58976,91,7.71,8.657,S,3.2991552,Calm,
0,57.5,32.8255876,-95.30294078,434,,9.000014918,-2.200003647,-1.100001823,-24.8,-26.2,-23.5,9.265002796,1676,1024,1024,1024,,86.94226,522.768576,91,7.71,8.657,S,3.2991552,Calm,
1,57.6,32.82559599,-95.3029434,434,,8.800014587,-2.500004144,-0.500000829,-21.4,-30.7,-26.5,9.14823863,1660,1024,1024,1024,,86.94226,522.857984,91,7.71,8.657,S,3.397504,Calm,
2,57.7,32.82560308,-95.302946,435,,8.700014421,-2.800004641,-0.200000332,-20.1,-27.9,-28.5,9.13948961,1684,1024,1024,1024,,91.207352,522.902688,91,7.71,8.657,S,3.397504,Calm,
3,57.8,32.82561131,-95.30294962,435,,8.600014255,-3.400005636,-0.200000332,-20.2,-28.1,-28.3,9.247717547,1684,1024,1024,1024,,89.238848,522.857984,91,7.71,8.657,S,3.4958528,Calm,
4,57.9,32.8256185,-95.30295329,435,,8.50001409,-3.700006133,0,-18,-31.3,-28.5,9.270398122,1684,1024,1024,1024,,90.2231,522.768576,91,7.71,8.657,S,3.4958528,Calm,
0,58,32.82562634,-95.30295781,435,,8.400013924,-4.100006796,0.100000166,-16.1,-31.1,-29.6,9.347207193,1684,1024,1024,1024,,89.238848,522.634464,91,7.71,8.657,S,3.4958528,Calm,
1,58.1,32.82563386,-95.30296256,435,,8.400013924,-4.600007625,0,-12.7,-29.9,-30.7,9.577071585,1684,1024,1024,1024,,88.254596,522.410944,91,7.71,8.657,S,3.598672,Calm,
2,58.2,32.82564136,-95.30296766,435,,8.400013924,-4.900008122,0,-8.7,-33.9,-30.7,9.724726662,1684,1054,1024,1024,,90.2231,522.187424,91,7.738,8.657,S,3.598672,Calm,
3,58.3,32.82564929,-95.30297343,435,,8.300013758,-5.100008454,0.100000166,-5.5,-34.4,-32.2,9.741678866,1684,1223,694,1024,,89.238848,521.874496,91,7.738,8.657,S,3.598672,Calm,
4,58.4,32.82565649,-95.30297885,435,,8.50001409,-5.400008951,0,-4.7,-32.7,-32.7,10.07026981,1684,1194,364,1024,,88.254596,521.561568,91,7.738,8.657,S,3.598672,Calm,
0,58.5,32.82566464,-95.30298529,435,,8.600014255,-5.90000978,-0.300000497,-19.8,-23.9,-30.2,10.42930283,1684,1163,364,1024,,67.585304,521.203936,91,7.738,8.657,S,3.6970208,Calm,
1,58.6,32.82567269,-95.30299252,435,,8.400013924,-6.60001094,-0.800001326,-29.9,-17.1,-31.4,10.68271371,1684,1127,364,1024,,68.569556,520.756896,91,7.738,8.657,S,3.6970208,Calm,
2,58.7,32.8256794,-95.30299939,435,,8.000013261,-7.000011603,-0.70000116,-30.4,-20,-38.4,10.63016327,1684,1035,364,1024,,68.569556,520.265152,91,7.738,8.657,S,3.6970208,Calm,
3,58.8,32.8256856,-95.30300623,435,,7.500012432,-7.300011653,-0.400000663,-31.3,-19.3,-48.2,10.46615278,1684,1083,648,1024,,69.881892,519.728704,91,7.738,8.657,S,3.6970208,Calm,
4,58.9,32.82569257,-95.30301492,435,,7.000011603,-7.700012764,-0.300000497,-32,-18.8,-57.6,10.40626507,1684,1024,1111,1024,,92.519688,519.01344,91,7.738,8.657,S,3.6970208,Calm,
0,59,32.82569801,-95.30302249,435,,6.400010609,-8.000013261,-0.300000497,-29.7,-21.9,-66,10.24501551,1684,1024,1131,1024,,92.519688,518.387584,91,7.738,8.657,S,3.79984,Calm,
1,59.1,32.82570432,-95.30303256,436,,5.800009614,-8.300013758,-0.100000166,-23.8,-28.5,-73.4,10.12572646,1684,402,959,1024,,86.94226,517.4488,91,7.738,8.657,S,3.79984,Calm,
2,59.2,32.82570908,-95.3030411,436,,5.300008785,-8.600014255,0,-20.6,-30.3,-76.5,10.10199668,1684,364,701,1024,,85.958008,516.644128,91,7.738,8.039,S,3.79984,Calm,
3,59.3,32.82571387,-95.30305105,435,,4.900008122,-9.000014918,0.100000166,-22.5,-28.7,-76,10.24745545,1684,364,866,1024,,88.254596,515.66064,91,7.738,8.039,S,3.79984,Calm,
4,59.4,32.82571739,-95.30305931,435,,4.500007459,-9.20001525,0.400000663,-26.2,-27.3,-77,10.24159878,1684,364,1019,1024,,86.94226,514.811264,91,7.738,8.039,S,3.79984,Calm,
0,59.5,32.82572175,-95.30307074,435,,4.00000663,-9.300015416,0.800001326,-24.5,-27.5,-79,10.12375099,1684,364,949,1024,,83.66142,513.604256,91,7.738,8.039,S,3.79984,Calm,
1,59.6,32.82572482,-95.30307976,435,,3.600005967,-9.500015747,1.200001989,-21.7,-28.9,-81.6,10.15924865,1684,364,859,1032,,82.677168,512.665472,91,7.738,8.039,S,3.79984,Calm,
2,59.7,32.8257281,-95.30309101,434,,3.200005304,-9.600015913,1.600002652,-21.7,-28.7,-82.3,10.11930518,1684,364,838,1026,,80.708664,511.41376,91,7.738,8.039,S,3.8981888,Calm,
3,59.8,32.82573053,-95.30310025,434,,2.800004641,-9.800016244,2.000003315,-22.4,-27.9,-82.4,10.19217046,1684,364,834,1024,,77.427824,510.385568,91,7.738,8.039,S,3.8981888,Calm,
4,59.9,32.82573298,-95.30311132,433,,2.400003978,-9.90001641,2.400003978,-22.6,-27.1,-82.8,10.1867729,1684,364,750,1024,,75.131236,509.133856,91,7.738,8.039,S,3.8981888,Calm,
0,60,32.82573513,-95.30312259,432,,2.000003315,-10.10001674,2.60000431,-22,-27.5,-83.7,10.29613274,1684,426,364,1024,,69.881892,507.83744,91,7.738,8.039,S,3.8981888,Calm,
1,60.1,32.82573679,-95.30313403,431,,1.600002652,-10.20001691,3.000004973,-23.3,-26.3,-85.1,10.32474464,1684,611,364,1024,,68.569556,506.49632,91,7.853,8.039,S,3.8981888,Calm,
2,60.2,32.82573786,-95.30314409,430,,1.000001658,-10.40001724,2.900004807,-28.2,-20.1,-88.1,10.44798329,1684,676,364,1024,,68.569556,505.289312,91,7.853,8.039,S,3.8981888,Calm,
3,60.3,32.82573845,-95.30315599,429,,0.400000663,-10.60001757,2.900004807,-29.4,-19.4,-93,10.60756182,1684,755,425,1024,,62.33596,503.81408,91,7.853,8.039,S,3.8981888,Calm,
4,60.4,32.82573833,-95.30316744,429,,-0.300000497,-10.70001774,2.700004476,-26.5,-17.5,-102.8,10.70422215,1684,1024,1024,1024,,61.351708,502.383552,91,7.853,8.039,S,3.8981888,Calm,
0,60.5,32.82573744,-95.30317895,428,,-1.300002155,-10.70001774,2.200003647,-28.1,-17.5,-111.8,10.77870035,1684,1024,1024,1024,,59.05512,500.863616,91,7.853,8.039,S,3.8981888,Calm,
1,60.6,32.82573562,-95.30319097,428,,-2.200003647,-10.60001757,1.700002818,-26.1,-23.5,-118.2,10.82591269,1684,1110,1011,1024,,58.070868,499.209568,91,7.853,8.039,S,3.8981888,Calm,
2,60.7,32.8257332,-95.30320173,427,,-3.100005139,-10.5000174,1.400002321,-24.3,-26.8,-121.8,10.9480771,1684,1677,1024,1024,,56.758532,497.689632,91,7.853,8.039,S,3.8981888,Calm,
3,60.8,32.82572995,-95.30321188,427,,-4.100006796,-10.40001724,0.900001492,-24.3,-26.2,-123.8,11.17901663,1684,1684,1065,1024,,55.77428,496.2144,91,7.853,8.039,S,3.8981888,Calm,
4,60.9,32.82572554,-95.30322354,427,,-5.000008288,-10.20001691,0.500000829,-24,-25.8,-124.6,11.3595962,1684,1684,1051,1024,,55.77428,494.470944,91,7.853,8.039,S,3.8981888,Calm,
0,61,32.82571989,-95.30323485,427,,-5.800009614,-10.00001658,0,-22.4,-25.2,-125.8,11.5602957,1684,1684,1024,1024,,55.77428,492.682784,91,7.853,8.039,S,3.9965376,Calm,
1,61.1,32.82571471,-95.3032445,427,,-6.60001094,-9.90001641,-0.300000497,-19.6,-27.1,-126.5,11.89833886,1684,1684,1024,1024,,56.758532,491.118144,91,7.853,8.039,S,3.9965376,Calm,
2,61.2,32.82570777,-95.30325549,427,,-7.300011653,-9.800016244,-0.70000116,-15.6,-30.1,-127.1,12.22008561,1684,1684,1024,1024,,55.77428,489.329984,90,7.853,4.271,S,3.9965376,Calm,
3,61.3,32.8257004,-95.30326657,428,,-7.900013095,-9.800016244,-1.000001658,-11.5,-32.4,-127.9,12.58771298,1684,1684,1024,1024,,56.758532,487.452416,90,7.853,4.271,S,3.9965376,Calm,
4,61.4,32.82569288,-95.30327721,428,,-8.400013924,-10.00001658,-1.400002321,-6.9,-32.7,-129.3,13.05988378,1684,1684,1024,1024,,59.05512,485.619552,90,7.853,4.271,S,3.9965376,Calm,
0,61.5,32.82568491,-95.30328802,429,,-8.900014753,-10.10001674,-1.800002984,-1.6,-28.7,-130.8,13.46181968,1684,1684,1004,1024,,61.351708,483.786688,90,7.853,4.271,S,3.9965376,Calm,
1,61.6,32.82567635,-95.30329973,429,,-9.20001525,-10.30001707,-2.300003812,1.6,-22.9,-131.5,13.81052608,1684,1684,1024,1024,,62.33596,481.730304,90,7.853,4.271,S,3.9965376,Calm,
2,61.7,32.82566843,-95.3033103,430,,-9.300015416,-10.40001724,-2.800004641,3.1,-18.5,-131.6,13.95172545,1684,1684,1024,1024,,69.881892,479.942144,90,7.853,4.271,S,3.9965376,Calm,
3,61.8,32.82566114,-95.30332063,431,,-9.20001525,-10.40001724,-3.200005304,3.8,-15.5,-131.6,13.8852667,1684,1684,986,1025,,70.866144,478.153984,90,7.853,4.271,S,3.9965376,Calm,
4,61.9,32.82565162,-95.30333363,432,,-9.20001525,-10.5000174,-3.600005967,2.9,-15.1,-131.8,13.96032382,1684,1684,986,1025,,75.131236,475.918784,90,7.853,4.271,S,3.9965376,Calm,
0,62,32.8256439,-95.30334444,434,,-9.100015084,-10.5000174,-4.00000663,0.3,-17.1,-131.7,13.89462593,1684,1684,364,1024,,79.396328,474.08592,90,7.853,4.271,S,3.9965376,Calm,
1,62.1,32.82563646,-95.30335464,435,,-9.300015416,-10.5000174,-4.400007293,-15.3,-13,-129.6,14.02642673,1684,1391,364,1026,,84.973756,472.342464,90,7.63,4.271,S,3.9965376,Calm,
2,62.2,32.8256289,-95.30336461,436,,-9.600015913,-10.10001674,-4.800007956,-26.6,-0.2,-131.5,13.93451262,1684,1391,364,1027,,92.519688,470.599008,90,7.63,11.636,S,3.9965376,Calm,
3,62.3,32.82561837,-95.30337708,438,,-9.800016244,-9.300015416,-4.900008122,-32.5,4.2,-139.6,13.51038834,1684,1481,364,1028,,97.769032,468.363808,90,7.63,11.636,S,3.9965376,Calm,
4,62.4,32.82560946,-95.3033865,440,,-10.00001658,-8.600014255,-4.700007791,-33.9,0.1,-147.7,13.18941139,1684,1622,364,1026,,102.034124,466.665056,90,7.63,11.636,S,3.9965376,Calm,
0,62.5,32.82560047,-95.30339539,441,,-10.00001658,-8.000013261,-4.200006962,-33,-5.1,-155.7,12.8062695,1684,1668,995,1025,,116.141736,464.966304,90,7.63,11.636,S,3.9965376,Calm,
1,62.6,32.82559095,-95.30340392,443,,-10.20001691,-7.300011653,-4.200006962,-34.7,-6.3,-166.8,12.54314622,1684,1038,1115,1025,,124.67192,463.312256,90,7.63,11.636,S,3.9965376,Calm,
2,62.7,32.82558217,-95.30341059,445,,-10.30001707,-6.200010277,-4.400007293,-34.5,-11.2,-171.5,12.02208266,1684,805,1024,1025,,139.763784,461.926432,90,7.63,11.636,S,3.9965376,Calm,
3,62.8,32.82557375,-95.30341593,447,,-10.30001707,-5.500009117,-4.00000663,-30.3,-24.2,-172.7,11.67649123,1684,410,1024,1025,,135.498692,460.764128,90,7.63,11.636,S,3.9965376,Calm,
4,62.9,32.82556391,-95.30342187,448,,-10.40001724,-5.000008288,-3.400005636,-24.6,-28.2,-175.2,11.53951639,1684,364,1024,1026,,136.482944,459.423008,90,7.63,11.636,S,3.9965376,Calm,
0,63,32.82555441,-95.3034268,450,,-10.60001757,-4.500007459,-3.100005139,-22.2,-27.6,-176.8,11.51566054,1684,364,914,1025,,136.482944,458.260704,90,7.63,11.636,S,3.9965376,Calm,
1,63.1,32.82554522,-95.30343127,451,,-10.8000179,-4.100006796,-2.700004476,-21.9,-27.4,-177.2,11.55207508,1684,364,808,1028,,138.779532,457.143104,90,7.739,11.636,S,3.9965376,Calm,
2,63.2,32.82553545,-95.30343537,452,,-10.90001807,-3.600005967,-2.300003812,-23.2,-26.6,-177.8,11.47913022,1684,364,869,1037,,133.202104,456.070208,90,7.739,11.636,S,3.9965376,Calm,
3,63.3,32.82552455,-95.30343943,453,,-11.00001823,-3.200005304,-1.900003149,-24.1,-25.1,-178.5,11.45602139,1684,364,904,1038,,132.217852,454.907904,90,7.739,11.636,S,3.9965376,Calm,
4,63.4,32.82551455,-95.3034425,454,,-11.1000184,-2.800004641,-1.600002652,-23.6,-25.2,-179.9,11.44772611,1684,364,843,1046,,139.763784,453.96912,90,7.739,11.636,S,3.9965376,Calm,
0,63.5,32.82550447,-95.30344521,454,,-11.20001857,-2.400003978,-1.200001989,-22.9,-26.3,179,11.45427569,1684,364,597,1046,,137.467196,453.030336,90,7.739,11.636,S,3.9965376,Calm,
1,63.6,32.82549394,-95.30344776,455,,-11.20001857,-2.000003315,-0.800001326,-24,-25.7,178.2,11.37718856,1684,364,428,1046,,138.779532,452.136256,90,7.739,11.636,S,3.9965376,Calm,
2,63.7,32.8254843,-95.30344954,455,,-11.30001873,-1.600002652,-0.500000829,-27.3,-22,176.7,11.41273093,1684,364,364,1046,,143.044624,451.376288,90,7.739,11.636,S,3.9965376,Calm,
3,63.8,32.82547504,-95.30345092,455,,-11.30001873,-1.200001989,-0.100000166,-29.1,-19.8,173.6,11.36355697,1684,364,486,1049,,143.044624,450.705728,90,7.739,11.636,S,3.9965376,Calm,
4,63.9,32.82546437,-95.30345201,455,,-11.30001873,-0.800001326,0.100000166,-28.8,-20.2,167.7,11.32830161,1684,364,565,1051,,142.060372,449.990464,90,7.739,11.636,S,3.9965376,Calm,
0,64,32.82545354,-95.30345304,455,,-11.20001857,-0.400000663,0.500000829,-28.1,-21.6,160.3,11.20715914,1684,364,565,1051,,148.293968,449.2752,90,7.739,11.636,S,3.9965376,Calm,
1,64.1,32.82544442,-95.30345328,455,,-11.1000184,0,0.800001326,-27,-23,153,11.1000184,1684,887,1024,1062,,145.013128,448.738752,90,7.739,11.636,S,3.9965376,Calm,
2,64.2,32.82543396,-95.30345327,454,,-11.00001823,0.300000497,1.200001989,-23.3,-26.8,147.6,11.0041082,1684,1024,1024,1061,,150.590556,448.202304,90,7.739,6.05,S,3.9965376,Calm,
3,64.3,32.82542452,-95.30345255,454,,-10.90001807,1.000001658,1.100001823,-21.7,-25.6,142.7,10.94579318,1684,1024,1024,1061,,149.606304,447.799968,90,7.739,6.05,S,3.9965376,Calm,
4,64.4,32.82541523,-95.3034508,454,,-10.8000179,2.000003315,0.500000829,-22.1,-25.3,142.3,10.98364226,1684,642,1024,1061,,142.060372,447.576448,90,7.739,6.05,S,3.9965376,Calm,
0,64.5,32.82540412,-95.30344778,453,,-10.60001757,2.700004476,0.300000497,-21,-27.9,143.2,10.93848228,1684,364,1024,1064,,142.060372,447.397632,90,7.739,6.05,S,3.9965376,Calm,
1,64.6,32.82539408,-95.30344418,453,,-10.5000174,3.100005139,0.600000995,-19.5,-31.5,143.9,10.9480771,1684,364,1024,1068,,145.013128,447.352928,90,7.739,6.05,S,3.9965376,Calm,
2,64.7,32.82538507,-95.30344079,453,,-10.40001724,3.30000547,1.000001658,-19.9,-30.6,143.3,10.91102151,1684,364,1024,1073,,145.013128,447.352928,90,7.739,6.05,S,3.9965376,Calm,
3,64.8,32.82537677,-95.30343728,453,,-10.30001707,3.700006133,1.300002155,-20.1,-29.6,143.2,10.944423,1684,364,1024,1076,,136.482944,447.397632,90,7.739,6.05,S,3.9965376,Calm,
4,64.9,32.82536701,-95.30343281,452,,-10.20001691,4.00000663,1.700002818,-20.2,-29.8,143.4,10.95629459,1684,364,1015,1076,,135.498692,447.531744,90,7.739,6.05,S,3.9965376,Calm,
0,65,32.82535873,-95.30342927,451,,-10.20001691,4.200006962,2.100003481,-20.2,-29.6,143.1,11.03088366,1684,1024,1024,1068,,131.2336,447.576448,90,7.739,6.05,S,3.9965376,Calm,
1,65.1,32.82534834,-95.30342377,451,,-10.10001674,4.500007459,2.400003978,-20.6,-28.4,142.8,11.05714235,1684,1024,837,1074,,124.67192,447.799968,90,7.782,6.05,S,3.9965376,Calm,
2,65.2,32.82533965,-95.30341919,450,,-10.00001658,5.100008454,2.200003647,-22.2,-24.6,140.8,11.22543592,1684,1024,364,1076,,128.937012,448.023488,90,7.782,5.547,S,3.9965376,Calm,
3,65.3,32.82533033,-95.303413,449,,-9.800016244,5.800009614,1.700002818,-24.5,-21.7,140.8,11.38773111,1684,1024,947,1076,,122.703416,448.38112,90,7.782,5.547,S,3.9965376,Calm,
4,65.4,32.82532147,-95.30340639,448,,-9.500015747,6.400010609,1.200001989,-28.4,-17.8,139.5,11.45471201,1684,1024,1024,1075,,122.703416,448.872864,90,7.782,5.547,S,3.9965376,Calm,
0,65.5,32.82531315,-95.30339913,448,,-9.100015084,7.000011603,0.70000116,-26.1,-21.8,135.2,11.48087234,1684,608,1024,1075,,122.703416,449.454016,90,7.782,5.547,S,3.9965376,Calm,
1,65.6,32.82530465,-95.30339083,448,,-8.700014421,7.600012598,0.400000663,-21.8,-27.3,130.6,11.55207508,1684,364,1024,1079,,122.703416,450.16928,90,7.782,5.547,S,3.9965376,Calm,
2,65.7,32.82529729,-95.30338283,448,,-8.50001409,8.000013261,0.400000663,-21.4,-30.7,130.9,11.67263685,1684,396,1024,1079,,124.67192,450.884544,90,7.782,5.547,S,3.9965376,Calm,
3,65.8,32.82529045,-95.30337481,448,,-8.300013758,8.100013427,0.900001492,-21.6,-32.5,130.4,11.59743265,1684,1204,1224,1077,,123.687668,451.644512,90,7.782,5.547,S,3.9965376,Calm,
4,65.9,32.82528267,-95.30336558,447,,-8.100013427,8.300013758,1.300002155,-20.2,-31,128.5,11.59743265,1684,1564,1198,1077,,121.39108,452.538592,90,7.782,5.547,S,3.9965376,Calm,
0,66,32.82527507,-95.30335612,447,,-7.900013095,8.700014421,1.100001823,-17,-27.8,125.6,11.75161496,1684,1684,1233,1068,,115.157484,453.477376,90,7.782,5.547,S,3.9965376,Calm,
1,66.1,32.82526879,-95.30334739,447,,-7.600012598,9.20001525,0.600000995,-13.3,-28.1,124.9,11.93316685,1684,1655,1380,1067,,120.406828,454.371456,90,7.782,5.547,S,3.9965376,Calm,
2,66.2,32.82526263,-95.30333861,447,,-7.500012432,9.500015747,0.300000497,-3.3,-31.4,123.8,12.10373809,1684,1641,1409,1066,,111.876644,455.265536,90,7.59,5.547,S,3.9965376,Calm,
3,66.3,32.8252545,-95.30332622,446,,-7.600012598,9.700016079,0,14.7,-28.8,120.4,12.32276355,1684,1684,1302,1066,,111.876644,456.561952,90,7.59,5.547,S,3.9965376,Calm,
4,66.4,32.82524698,-95.30331579,447,,-8.200013592,9.700016079,-0.500000829,25.5,-21.1,122.4,12.70159553,1684,1684,1259,1059,,118.11024,457.634848,90,7.59,5.547,S,3.9965376,Calm,
0,66.5,32.82523987,-95.30330672,447,,-9.000014918,9.300015416,-1.200001989,21.8,-17.6,127,12.94181381,1684,1684,1260,1060,,121.39108,458.573632,90,7.59,5.547,S,3.9965376,Calm,
1,66.6,32.82522977,-95.30329578,447,,-9.500015747,8.900014753,-1.800002984,10.8,-20.6,132.2,13.01770153,1684,1684,1256,1060,,122.703416,459.646528,90,7.59,5.547,S,3.9965376,Calm,
2,66.7,32.82522145,-95.30328688,448,,-9.700016079,8.700014421,-2.100003481,8.7,-23,134.8,13.02998664,1684,1684,1197,1067,,122.703416,460.495904,90,7.59,5.547,S,3.9965376,Calm,
3,66.8,32.82521307,-95.30327889,448,,-10.00001658,8.50001409,-2.400003978,10.7,-21.4,135.4,13.12442608,1684,1684,1157,1071,,128.937012,461.255872,90,7.59,5.547,S,3.9965376,Calm,
4,66.9,32.82520343,-95.30326939,449,,-10.30001707,8.300013758,-2.900004807,8.4,-20,137.4,13.22802223,1684,1684,1132,1072,,133.202104,462.149952,90,7.59,5.547,S,3.9965376,Calm,
0,67,32.82519487,-95.30326199,450,,-10.40001724,8.100013427,-3.30000547,3.7,-20.9,140.2,13.18220644,1684,1684,1123,1071,,137.467196,462.820512,90,7.59,5.547,S,3.9965376,Calm,
1,67.1,32.82518491,-95.30325306,451,,-10.5000174,8.000013261,-3.600005967,0.8,-21.9,141.4,13.20040052,1684,1344,1129,1070,,144.028876,463.625184,90,7.59,5.547,S,3.9965376,Calm,
2,67.2,32.82517499,-95.30324387,452,,-10.60001757,8.000013261,-4.00000663,1.1,-22.5,141.6,13.28008183,1684,1024,1024,1067,,148.293968,464.519264,90,7.59,10.301,S,3.9965376,Calm,
3,67.3,32.82516493,-95.30323492,453,,-10.70001774,8.000013261,-4.200006962,2.2,-24.4,141.9,13.36003672,1684,1024,1024,1069,,153.871396,465.36864,90,7.59,10.301,S,3.9965376,Calm,
4,67.4,32.82515659,-95.30322775,455,,-10.60001757,7.800012929,-3.900006465,-0.3,-28.2,143.1,13.16056881,1684,1024,1024,1070,,154.855648,466.0392,90,7.59,10.301,S,3.9965376,Calm,
0,67.5,32.82514655,-95.30321899,456,,-10.60001757,7.700012764,-3.500005802,-0.1,-31.3,143.3,13.10154791,1684,1024,1162,1071,,161.417328,466.888576,90,7.59,10.301,S,3.79984,Calm,
1,67.6,32.82513531,-95.30320978,457,,-10.60001757,7.700012764,-3.100005139,1.1,-32.6,143,13.10154791,1684,1024,1162,1071,,162.40158,467.737952,90,7.59,10.301,S,3.2991552,Calm,
2,67.7,32.82512626,-95.30320203,457,,-10.60001757,7.600012598,-2.800004641,9.9,-32.5,141.3,13.04302724,1684,715,1515,1071,,162.40158,468.453216,90,7.59,10.301,S,2.8968192,Calm,
3,67.8,32.82511648,-95.30319421,458,,-10.8000179,7.500012432,-2.60000431,23.4,-18.5,139.8,13.14878573,1684,364,1393,1071,,161.417328,469.213184,90,7.59,10.301,S,2.6956512,Calm,
4,67.9,32.82510604,-95.30318628,459,,-11.1000184,6.900011437,-2.700004476,32.7,-6,143.8,13.069834,1684,364,1024,1077,,173.228352,469.928448,90,7.59,10.301,S,2.2977856,Calm,
0,68,32.82509603,-95.30317991,459,,-11.20001857,6.200010277,-2.60000431,24.2,-12.2,148.2,12.80158362,1684,364,1024,1079,,175.196856,470.5096,90,7.59,10.301,S,1.9982688,Calm,
1,68.1,32.82508696,-95.3031742,460,,-11.1000184,5.800009614,-2.100003481,12.4,-28.5,152.2,12.52399771,1684,364,1316,1079,,167.650924,471.001344,90,7.609,10.301,S,1.698752,Calm,
2,68.2,32.82507767,-95.30316878,460,,-11.00001823,5.600009283,-1.300002155,14.9,-31.4,151.3,12.3434396,1684,364,1458,1079,,168.96326,471.448384,90,7.609,10.301,S,1.3992352,Calm,
3,68.3,32.82506567,-95.30316179,461,,-11.1000184,5.300008785,-0.900001492,25.8,-21.5,149.9,12.30042675,1684,364,1587,1080,,168.96326,472.029536,90,7.609,10.301,S,1.1980672,Calm,
4,68.4,32.82505604,-95.30315695,461,,-11.30001873,4.800007956,-0.900001492,32.9,-12.7,153.1,12.27723476,1684,364,1592,1080,,177.493444,472.431872,90,7.609,10.301,SE,0.9968992,Calm,
0,68.5,32.82504538,-95.30315208,461,,-11.30001873,4.300007128,-0.70000116,36.3,-11.3,158.5,12.09051196,1684,383,1657,1080,,167.650924,472.789504,90,7.609,10.301,SE,0.7957312,Calm,
1,68.6,32.82503465,-95.30314757,461,,-11.30001873,3.800006299,-0.300000497,35.7,-10.3,165.7,11.92184824,1684,468,1684,1083,,168.96326,473.102432,90,7.609,10.301,SE,0.6973824,Calm,
2,68.7,32.82502493,-95.30314414,461,,-11.30001873,3.200005304,0,32.6,-11.9,172.9,11.74437962,1684,602,1553,1087,,176.509192,473.325952,90,7.609,10.301,E,0.5990336,Calm,
3,68.8,32.82501533,-95.30314096,461,,-11.20001857,2.800004641,0.300000497,30.6,-15.5,-178.9,11.54471457,1684,973,1053,1090,,176.509192,473.504768,90,7.609,10.301,E,0.6973824,Calm,
4,68.9,32.82500464,-95.30313798,461,,-11.20001857,2.400003978,0.70000116,29.3,-17.2,-169.9,11.45427569,1684,1024,1024,1090,,176.509192,473.594176,90,7.609,10.301,E,0.7957312,Calm,
0,69,32.82499398,-95.30313594,461,,-11.20001857,1.500002486,0.400000663,25.1,-19.8,-163.2,11.30001828,1684,766,1024,1089,,176.509192,473.63888,90,7.609,10.301,NE,0.8985504,Calm,
1,69.1,32.82498386,-95.3031349,461,,-11.1000184,0.600000995,0,23.5,-25.6,-163.5,11.11622271,1684,364,1024,1097,,176.509192,473.504768,90,7.609,10.301,NE,0.9968992,Calm,
2,69.2,32.82497423,-95.30313422,461,,-11.1000184,0.300000497,0.400000663,22.5,-30.5,-163.5,11.10407171,1684,364,1024,1098,,176.509192,473.370656,90,7.609,8.133,NE,1.0997184,Calm,
3,69.3,32.82496386,-95.30313433,460,,-11.00001823,0,1.000001658,21.7,-29.4,-161.5,11.00001823,1684,364,1044,1100,,178.477696,473.147136,90,7.609,8.133,NE,1.1980672,Calm,
4,69.4,32.82495537,-95.30313448,460,,-11.00001823,-0.300000497,1.300002155,21.6,-28,-160.5,11.0041082,1684,364,1233,1100,,178.477696,472.923616,90,7.609,8.133,NE,1.3992352,Calm,
0,69.5,32.82494401,-95.30313556,459,,-11.00001823,-0.70000116,1.600002652,22,-28.2,-160.5,11.02226831,1684,364,1374,1101,,154.855648,472.52128,90,7.609,8.133,NE,1.497584,Calm,
1,69.6,32.8249337,-95.3031367,459,,-10.90001807,-1.000001658,2.100003481,24.2,-26.6,-160.1,10.94579318,1684,364,1549,1101,,157.152236,472.118944,90,7.609,8.133,NE,1.5959328,Calm,
2,69.7,32.82492441,-95.30313807,458,,-10.90001807,-1.400002321,2.400003978,26.7,-24.1,-159.2,10.98955839,1684,364,1669,1100,,160.104992,471.761312,90,7.609,8.133,NE,1.698752,Calm,
3,69.8,32.82491566,-95.30313963,457,,-10.8000179,-1.800002984,2.700004476,28.6,-22.4,-156.5,10.94899041,1684,364,1684,1100,,152.55906,471.358976,90,7.807,8.133,NE,1.7971008,Calm,
4,69.9,32.82490454,-95.30314207,456,,-10.70001774,-2.100003481,3.100005139,27.8,-22.4,-151.2,10.90414559,1684,364,1684,1100,,150.590556,470.822528,90,7.807,8.133,NE,1.89992,Calm,
0,70,32.82489548,-95.30314445,455,,-10.5000174,-2.500004144,3.400005636,27.7,-22.9,-143.2,10.79353403,1684,549,1684,1101,,147.309716,470.330784,90,7.807,8.133,NE,1.9982688,Calm,
1,70.1,32.82488612,-95.3031475,454,,-10.30001707,-2.800004641,3.800006299,26.7,-22.5,-133.3,10.67381717,1684,919,1024,1099,,144.028876,469.704928,90,7.807,8.133,NE,2.0966176,Calm,
2,70.2,32.82487745,-95.30315075,453,,-9.90001641,-3.400005636,3.800006299,25.4,-21.2,-123.4,10.46758599,1684,567,1418,1095,,145.013128,469.123776,90,7.807,8.133,NE,2.1994368,Calm,
3,70.3,32.82486838,-95.30315518,452,,-9.400015581,-4.200006962,3.200005304,22.4,-24.4,-114.8,10.29564681,1684,962,1684,1097,,142.060372,468.363808,90,7.807,8.133,NE,2.2977856,Calm,
4,70.4,32.82486146,-95.30315949,451,,-8.900014753,-4.900008122,2.900004807,23.6,-26.5,-109.4,10.15974084,1684,1024,1081,1097,,136.482944,467.648544,90,7.807,8.133,NE,2.2977856,Calm,
0,70.5,32.82485255,-95.30316594,451,,-8.300013758,-5.500009117,2.700004476,25.4,-23,-106.2,9.956923261,1684,1024,1024,1098,,134.51444,466.620352,90,7.807,8.133,NE,2.3961344,Calm,
1,70.6,32.82484611,-95.30317217,450,,-7.600012598,-6.100010111,2.300003812,23.9,-23.1,-99.3,9.745271279,1684,1024,1171,1098,,132.217852,465.636864,90,7.807,8.133,NE,2.4989536,Calm,
2,70.7,32.8248389,-95.30317985,450,,-6.900011437,-6.700011106,1.800002984,21.3,-25.4,-93.4,9.617707968,1684,1326,1509,1098,,126.968508,464.47456,90,7.807,8.133,NE,2.4989536,Calm,
3,70.8,32.82483372,-95.30318718,450,,-6.200010277,-7.200011935,1.500002486,22.1,-24.8,-92.1,9.501594245,1684,1596,1514,1098,,117.125988,463.401664,90,7.807,3.88,NE,2.5973024,Calm,
4,70.9,32.82482847,-95.30319543,450,,-5.400008951,-7.700012764,1.000001658,25.1,-22.7,-90.8,9.404801592,1684,1684,1417,1098,,123.687668,462.194656,90,7.807,3.88,NE,2.5973024,Calm,
0,71,32.82482451,-95.30320362,449,,-4.600007625,-8.100013427,0.500000829,26.3,-22.6,-87.7,9.315056971,1684,1684,1417,1098,,125.656172,461.032352,90,7.807,3.88,NE,2.6956512,Calm,
1,71.1,32.82482033,-95.30321395,449,,-3.700006133,-8.400013924,0.100000166,26.5,-24,-82.8,9.178794708,1684,1684,1442,1099,,128.937012,459.55712,90,7.735,3.88,NE,2.6956512,Calm,
2,71.2,32.82481775,-95.30322264,449,,-2.800004641,-8.700014421,-0.200000332,26.5,-24.1,-77.6,9.13948961,1684,1684,1550,1099,,124.67192,458.305408,90,7.735,3.88,NE,2.7984704,Calm,
3,71.3,32.8248157,-95.30323248,450,,-1.800002984,-8.800014587,-0.70000116,27,-23.6,-73.3,8.98221915,1684,1620,1684,1100,,125.656172,456.964288,90,7.735,3.88,NE,2.7984704,Calm,
4,71.4,32.82481462,-95.30324221,450,,-0.800001326,-8.900014753,-1.100001823,27.5,-22.7,-68.1,8.935897312,1684,1679,1684,1101,,125.656172,455.623168,90,7.735,3.88,NE,2.8968192,Calm,
0,71.5,32.82481442,-95.30325088,450,,0.100000166,-8.900014753,-1.500002486,27.1,-22.6,-60.8,8.900576235,1684,1684,1024,1099,,122.703416,454.41616,90,7.735,3.88,NE,2.8968192,Calm,
1,71.6,32.82481552,-95.30326137,451,,1.100001823,-8.700014421,-2.000003315,25,-24.6,-52.7,8.769278799,1684,1684,996,1100,,124.67192,452.985632,90,7.735,3.88,NE,2.8968192,Calm,
2,71.7,32.82481704,-95.3032701,452,,2.000003315,-8.50001409,-2.300003812,21.8,-28.5,-47.3,8.732138716,1684,1684,558,1100,,127.95276,451.823328,90,7.735,3.88,NE,2.9996384,Calm,
3,71.8,32.82481918,-95.30327808,453,,2.900004807,-8.300013758,-2.700004476,17.1,-30.7,-44.9,8.792056381,1684,1684,364,1101,,134.51444,450.795136,90,7.735,8.461,NE,2.9996384,Calm,
4,71.9,32.82482276,-95.30328829,454,,3.700006133,-8.300013758,-3.000004973,-1.6,-26.6,-37.9,9.08736877,1684,1684,364,1100,,138.779532,449.454016,90,7.735,8.461,NE,2.9996384,Calm,
0,72,32.82482617,-95.3032967,455,,4.00000663,-8.50001409,-3.500005802,-15.6,-12.9,-37.2,9.394162487,1684,1684,364,1099,,137.467196,448.336416,90,7.735,8.461,NE,3.0979872,Calm,
1,72.1,32.82482935,-95.30330512,456,,3.800006299,-8.800014587,-4.100006796,-26.2,1.3,-51,9.585421398,1684,1684,494,1098,,139.763784,447.26352,90,7.735,8.461,NE,3.0979872,Calm,
2,72.2,32.82483204,-95.30331373,457,,2.800004641,-9.000014918,-4.700007791,-32.7,11.1,-66.8,9.425512955,1684,1684,767,1099,,151.574808,446.101216,90,7.735,8.461,NE,3.0979872,Calm,
3,72.3,32.82483433,-95.30332513,459,,1.700002818,-8.700014421,-5.000008288,-19.3,8.1,-72.3,8.864550622,1684,1684,1024,1108,,158.136488,444.625984,90,7.735,8.461,NE,3.0979872,Calm,
4,72.4,32.82483543,-95.3033329,461,,1.200001989,-8.400013924,-4.900008122,-3.8,-4.9,-76.6,8.485295298,1024,1684,1074,1425,,194.553812,443.553088,90,7.735,8.461,NE,3.196336,Calm,
0,72.5,32.82483659,-95.30334281,462,,1.200001989,-8.300013758,-4.600007625,9.7,-20.4,-82.5,8.386312148,442,1684,1176,1261,,195.866148,442.211968,90,7.735,8.461,NE,3.196336,Calm,
1,72.6,32.8248377,-95.303353,464,,1.300002155,-8.50001409,-4.400007293,21,-22.6,-85.4,8.598851057,364,1684,1301,1202,,195.866148,440.870848,90,7.735,8.461,NE,3.196336,Calm,
2,72.7,32.82483939,-95.30336185,466,,1.900003149,-8.600014255,-4.700007791,25.7,-4.5,-84.4,8.807397452,364,1684,1429,1237,,209.645676,439.66384,90,7.735,8.461,NE,2.8968192,Calm,
3,72.8,32.82484124,-95.30336996,467,,2.60000431,-8.300013758,-5.100008454,26.1,16,-81.1,8.697714847,364,1684,1532,1208,,201.115492,438.590944,90,7.64,8.461,NE,2.5973024,Calm,
4,72.9,32.82484389,-95.30337885,469,,2.900004807,-7.600012598,-5.100008454,28.2,21.1,-75.6,8.134507927,364,1684,1684,1141,,184.055124,437.42864,90,7.64,8.461,NE,2.2977856,Calm,
0,73,32.82484687,-95.30338705,470,,3.200005304,-7.000011603,-4.900008122,30.3,20.8,-69.6,7.696765018,364,1684,1684,1138,,190.28872,436.400448,90,7.64,8.461,NE,1.9982688,Calm,
1,73.1,32.8248497,-95.30339333,472,,3.600005967,-6.100010111,-4.900008122,31.1,20.5,-62.5,7.083089964,364,1684,1684,1321,,192.585308,435.595776,90,7.64,8.461,NE,1.7971008,Calm,
2,73.2,32.82485354,-95.30339961,474,,3.900006465,-5.20000862,-4.900008122,30.2,18.5,-55.4,6.500010774,558,1684,1184,1684,,192.585308,434.791104,90,7.64,8.461,NE,1.5959328,Calm,
3,73.3,32.82485744,-95.30340504,475,,4.100006796,-4.400007293,-4.900008122,30.6,15.9,-47.3,6.014159656,635,1684,1024,1684,,192.585308,434.120544,90,7.64,8.461,NE,1.497584,Calm,
4,73.4,32.82486118,-95.30340855,477,,4.200006962,-3.600005967,-4.900008122,28.4,17.2,-39,5.531735546,725,1684,1007,1684,,192.585308,433.718208,90,7.64,8.461,E,1.3992352,Calm,
0,73.5,32.82486494,-95.30341187,479,,4.100006796,-2.800004641,-4.900008122,29.2,18.5,-34.9,4.964884802,746,1684,1042,1684,,192.585308,433.315872,90,7.64,8.461,E,1.296416,Calm,
1,73.6,32.82486871,-95.30341394,481,,4.00000663,-2.000003315,-4.900008122,30.7,15.3,-33.1,4.472143009,784,1684,1206,1684,,192.585308,433.137056,90,7.64,8.461,E,1.296416,Calm,
2,73.7,32.82487213,-95.30341544,483,,3.900006465,-1.200001989,-4.900008122,32.5,11.5,-32.1,4.080447902,831,1684,847,1684,,192.585308,433.002944,90,7.64,8.461,E,1.296416,Calm,
3,73.8,32.82487531,-95.30341604,485,,3.900006465,-0.500000829,-4.800007956,33.2,9.1,-31.8,3.931926909,884,1520,364,1684,,192.585308,432.95824,89,7.64,9.327,E,1.296416,Calm,
4,73.9,32.8248791,-95.30341624,487,,4.00000663,0.100000166,-4.800007956,33.3,5.8,-32.4,4.001256107,921,1333,364,1684,,192.585308,433.002944,89,7.64,9.327,SE,1.3992352,Calm,
0,74,32.82488296,-95.30341551,489,,4.100006796,0.600000995,-4.700007791,19.6,-9.1,-35.6,4.143676346,964,1479,364,1684,,192.585308,433.18176,89,7.64,9.327,SE,1.497584,Calm,
1,74.1,32.8248867,-95.30341473,491,,4.200006962,0.600000995,-4.300007128,4,-23.2,-38.6,4.242647425,1007,1024,364,1684,,192.585308,433.360576,89,7.64,9.327,SE,1.5959328,Calm,
2,74.2,32.82489027,-95.30341414,493,,4.300007128,0.400000663,-3.900006465,-8.4,-33.1,-44.7,4.318571358,1024,657,364,1684,,192.585308,433.539392,89,7.744,9.327,SE,1.5959328,Calm,
3,74.3,32.82489436,-95.30341405,495,,4.300007128,-0.100000166,-3.700006133,-15.2,-35.5,-52,4.301169432,1183,364,953,1684,,192.585308,433.6288,89,7.744,9.327,SE,1.698752,Calm,
4,74.4,32.82489821,-95.30341499,497,,4.200006962,-0.800001326,-3.400005636,-16.5,-32.8,-61,4.275518724,1409,364,1007,1684,,192.585308,433.584096,89,7.744,9.327,SE,1.7971008,Calm,
0,74.5,32.82490186,-95.30341629,498,,4.00000663,-1.300002155,-3.100005139,-1,-22.5,-76.4,4.205954829,1431,364,1024,1684,,192.585308,433.494688,89,7.744,9.327,SE,1.89992,Calm,
1,74.6,32.82490593,-95.30341862,500,,3.900006465,-1.500002486,-2.700004476,17.1,-16.6,-85.5,4.178523114,1264,364,1065,1684,,192.585308,433.226464,89,7.744,9.327,SE,1.9982688,Calm,
2,74.7,32.82490938,-95.30342051,501,,3.900006465,-1.700002818,-2.100003481,27,-17.1,-85.2,4.2544162,1024,364,1033,1684,,192.585308,433.047648,89,7.744,9.327,SE,2.0966176,Calm,
3,74.8,32.82491297,-95.30342257,501,,4.00000663,-1.800002984,-1.700002818,31.3,-15.2,-83.8,4.386349327,1024,364,1104,1684,,192.585308,432.868832,89,7.744,6.164,SE,2.1994368,Calm,
4,74.9,32.82491704,-95.30342486,502,,4.300007128,-1.900003149,-1.300002155,34,-9.3,-83.7,4.701071299,1032,364,1024,1684,,192.585308,432.645312,89,7.744,6.164,SE,2.1994368,Calm,
0,75,32.82492124,-95.30342705,502,,4.600007625,-2.000003315,-0.900001492,34.7,-3.7,-82.7,5.015982368,1078,364,953,1684,,192.585308,432.421792,89,7.744,6.164,SE,2.2977856,Calm,
1,75.1,32.8249257,-95.30342916,503,,4.800007956,-1.900003149,-0.600000995,34.8,-1.4,-81.7,5.162372322,1059,364,1233,1684,,192.585308,432.242976,89,7.744,6.164,E,2.3961344,Calm,
2,75.2,32.82492983,-95.30343109,503,,5.100008454,-1.900003149,-0.200000332,35.2,-1.2,-81.3,5.442434835,1044,364,1589,1684,,192.585308,432.06416,89,7.744,6.164,E,2.4989536,Calm,
3,75.3,32.82493506,-95.30343337,503,,5.300008785,-1.800002984,0.100000166,35.5,-0.2,-81.1,5.597329725,1031,364,1636,1684,,192.585308,431.885344,89,7.744,6.164,E,2.5973024,Calm,
4,75.4,32.82493938,-95.30343491,503,,5.500009117,-1.700002818,0.500000829,32.9,11.9,-76.9,5.756744636,1033,364,1032,1684,,192.585308,431.795936,89,7.744,6.164,E,2.5973024,Calm,
0,75.5,32.82494538,-95.30343696,502,,5.700009448,-1.500002486,0.70000116,29.7,18.9,-72.5,5.89407443,1033,364,951,1684,,192.585308,431.661824,89,7.744,6.164,E,2.6956512,Calm,
1,75.6,32.82495088,-95.30343845,502,,5.700009448,-1.100001823,1.100001823,31.7,13.3,-67.4,5.805179632,1033,364,1024,1684,,192.585308,431.572416,89,7.744,6.164,E,2.7984704,Calm,
2,75.7,32.82495589,-95.30343952,502,,5.800009614,-0.900001492,1.500002486,34,8,-63,5.869421962,1034,364,1024,1684,,192.585308,431.572416,89,7.744,6.164,E,2.7984704,Calm,
3,75.8,32.82496127,-95.30344025,501,,5.90000978,-0.70000116,1.900003149,33.5,11.3,-59.8,5.941390037,1034,364,1024,1684,,192.585308,431.61712,89,7.83,6.164,E,2.8968192,Calm,
4,75.9,32.82496643,-95.30344077,500,,6.000009946,-0.400000663,2.200003647,32.8,12.1,-59.9,6.013328161,1130,364,1024,1684,,192.585308,431.661824,89,7.83,6.164,E,2.8968192,Calm,
0,76,32.82497214,-95.30344097,499,,6.000009946,-0.100000166,2.60000431,32.8,10.2,-60.3,6.000842781,1247,364,1024,1684,,192.585308,431.751232,89,7.83,6.164,E,2.9996384,Calm,
1,76.1,32.82497759,-95.30344097,498,,6.100010111,0,3.000004973,33.5,8,-60.6,6.100010111,1566,364,1069,1684,,192.585308,431.930048,89,7.83,6.164,E,2.9996384,Calm,
2,76.2,32.82498276,-95.30344081,498,,6.200010277,0.200000332,3.30000547,33.9,4.2,-61.5,6.203235224,1684,553,1481,1596,,192.585308,432.06416,89,7.83,6.164,E,3.0979872,Calm,
3,76.3,32.82498902,-95.30344039,496,,6.300010443,0.400000663,3.500005802,32.3,3.9,-61.3,6.312696097,1684,728,1530,1490,,192.585308,432.28768,89,7.83,6.164,E,3.0979872,Calm,
4,76.4,32.82499487,-95.30343967,495,,6.500010774,0.70000116,3.400005636,27.1,13.5,-58.2,6.537594321,1684,776,1509,1404,,192.585308,432.555904,89,7.83,6.164,E,3.196336,Calm,
0,76.5,32.8250008,-95.3034384,494,,6.60001094,1.300002155,2.800004641,26.1,15.7,-54,6.726822777,1684,910,1436,1243,,192.585308,432.868832,89,7.83,6.164,E,3.196336,Calm,
1,76.6,32.82500728,-95.30343645,494,,6.60001094,1.800002984,2.400003978,29.7,13.7,-47.3,6.841063849,1684,979,1454,1244,,192.585308,433.315872,89,7.83,6.164,E,3.196336,Calm,
2,76.7,32.82501282,-95.30343419,493,,6.60001094,2.400003978,2.000003315,30.4,15.2,-41.1,7.022831207,1684,1024,1344,1244,,192.585308,433.762912,89,7.83,6.164,E,3.2991552,Calm,
3,76.8,32.82501858,-95.3034313,493,,6.500010774,3.100005139,1.500002486,32.8,12.8,-38,7.201400441,1684,1076,1347,1235,,192.585308,434.344064,89,7.83,3.691,E,3.2991552,Calm,
4,76.9,32.82502479,-95.30342739,492,,6.400010609,3.700006133,1.100001823,32.4,3.9,-36.1,7.392575756,1684,1024,1386,1232,,192.585308,435.014624,89,7.83,3.691,E,3.2991552,Calm,
0,77,32.82503016,-95.30342331,492,,6.500010774,4.100006796,0.70000116,27.9,1,-33.3,7.685062852,1684,681,1236,1235,,192.585308,435.729888,89,7.83,3.691,E,3.2991552,Calm,
1,77.1,32.82503705,-95.30341787,492,,6.500010774,4.500007459,0.200000332,21.4,-0.9,-32.2,7.905707044,1684,364,989,1238,,192.585308,436.668672,89,7.83,3.691,E,3.397504,Calm,
2,77.2,32.8250425,-95.30341304,492,,6.400010609,4.500007459,0.200000332,16.6,-21.3,-32.4,7.823694873,1684,364,928,1239,,192.585308,437.473344,89,7.83,3.691,E,3.397504,Calm,
3,77.3,32.8250488,-95.30340802,492,,6.500010774,4.300007128,0.600000995,12.2,-36.2,-30.8,7.793599693,1684,364,848,1239,,192.585308,438.367424,89,7.83,3.691,E,3.397504,Calm,
4,77.4,32.82505447,-95.30340373,491,,6.60001094,4.100006796,1.200001989,11.9,-34,-29.7,7.769826106,1684,364,458,1239,,192.585308,439.082688,89,7.83,3.691,E,3.2991552,Calm,
0,77.5,32.82506059,-95.30339955,491,,6.700011106,3.800006299,1.500002486,4,-32.9,-28.6,7.702609619,1684,539,364,1239,,192.585308,439.842656,89,7.83,3.691,E,3.196336,Calm,
1,77.6,32.82506679,-95.30339564,490,,6.900011437,3.400005636,1.700002818,-10.9,-31.1,-26.5,7.692216386,1684,1024,829,1184,,192.585308,440.55792,89,7.83,3.691,E,3.196336,Calm,
2,77.7,32.82507265,-95.30339245,490,,6.900011437,2.900004807,2.000003315,-16.4,-29.1,-30.3,7.484663314,1684,1024,1024,1056,,192.585308,441.183776,89,7.83,3.691,E,3.196336,Calm,
3,77.8,32.82507846,-95.30339003,489,,7.100011769,2.100003481,1.800002984,-9.7,-31.5,-39.9,7.404065131,1684,918,1024,1024,,192.585308,441.67552,89,7.66,5.659,E,3.196336,Calm,
4,77.9,32.82508526,-95.30338816,489,,7.300011653,1.200001989,1.300002155,-2.2,-34,-48.5,7.39798494,1684,1024,1024,1040,,192.585308,442.167264,89,7.66,5.659,E,3.196336,Calm,
0,78,32.82509248,-95.30338774,488,,7.400012266,0.400000663,1.000001658,-4.5,-34.5,-48.4,7.410814988,1684,1024,1024,1051,,192.585308,442.435488,89,7.66,5.659,E,3.2991552,Calm,
1,78.1,32.82509861,-95.30338782,488,,7.500012432,-0.400000663,0.600000995,-3.6,-32.8,-48.1,7.510671207,1684,1024,1024,1053,,192.585308,442.614304,89,7.66,5.659,E,3.2991552,Calm,
2,78.2,32.82510588,-95.30338933,488,,7.600012598,-1.100001823,0.200000332,0.6,-33.6,-50.2,7.679205287,1684,1024,1024,1053,,192.585308,442.659008,89,7.66,5.659,E,3.2991552,Calm,
3,78.3,32.82511322,-95.30339113,488,,7.700012764,-1.700002818,0.200000332,4.2,-34.9,-51.1,7.885442273,1684,1024,1024,1052,,192.585308,442.659008,89,7.66,5.659,E,3.2991552,Calm,
4,78.4,32.8251192,-95.30339336,488,,7.900013095,-2.200003647,0.100000166,6.2,-33.1,-50.8,8.200622908,1684,938,1024,1062,,192.585308,442.5696,89,7.66,5.659,E,3.2991552,Calm,
0,78.5,32.82512765,-95.30339648,488,,8.100013427,-2.60000431,0,7.2,-33.1,-50.9,8.507069722,1684,364,1024,1096,,192.585308,442.435488,89,7.66,5.659,E,3.2991552,Calm,
1,78.6,32.82513528,-95.30339999,488,,8.200013592,-2.900004807,0.200000332,8.4,-34.7,-51.5,8.697714847,1684,364,1024,1099,,192.585308,442.211968,89,7.66,5.659,SE,3.2991552,Calm,
2,78.7,32.82514221,-95.30340332,488,,8.200013592,-3.100005139,0.600000995,7.9,-35.1,-51.7,8.766427578,1684,364,1024,1104,,192.585308,442.033152,89,7.66,5.659,SE,3.397504,Calm,
3,78.8,32.82514977,-95.30340652,487,,8.200013592,-3.400005636,1.000001658,7.5,-34.8,-51.8,8.876951065,1684,364,1024,1107,,192.585308,441.854336,89,7.66,5.659,SE,3.397504,Calm,
4,78.9,32.82515683,-95.30341016,487,,8.200013592,-3.600005967,1.300002155,7.9,-34.6,-51.8,8.955459783,1684,364,1307,1109,,192.585308,441.630816,89,7.66,5.659,SE,3.397504,Calm,
0,79,32.82516356,-95.30341339,486,,8.200013592,-3.800006299,1.700002818,7.9,-34.3,-51.7,9.037713802,1684,404,1329,1122,,192.585308,441.452,89,7.66,5.659,SE,3.397504,Calm,
1,79.1,32.82517143,-95.30341775,486,,8.200013592,-4.00000663,2.000003315,15.5,-31.6,-53,9.123610749,1684,1024,1380,1123,,192.585308,441.139072,89,7.811,5.659,SE,3.397504,Calm,
2,79.2,32.82517888,-95.3034224,485,,8.200013592,-4.100006796,2.400003978,24.1,-26.1,-53.7,9.167893638,1684,1024,1260,1122,,192.585308,440.826144,89,7.811,5.659,SE,3.397504,Calm,
3,79.3,32.8251868,-95.30342689,484,,8.50001409,-4.00000663,2.400003978,28,-17.2,-50.8,9.394162487,1684,1000,1024,1122,,192.585308,440.513216,89,7.811,5.659,SE,3.4958528,Calm,
4,79.4,32.82519477,-95.30343114,483,,9.000014918,-3.800006299,1.800002984,21.6,-20.4,-47.9,9.769355559,1684,991,1373,1122,,192.585308,440.244992,89,7.811,5.659,SE,3.4958528,Calm,
0,79.5,32.82520221,-95.30343473,482,,9.300015416,-3.800006299,1.400002321,9.8,-29.7,-42.7,10.0464086,1684,1024,1640,1123,,192.585308,440.066176,89,7.811,5.659,SE,3.4958528,Calm,
1,79.6,32.82521234,-95.30343953,482,,9.500015747,-4.00000663,1.100001823,15.5,-27.3,-42.6,10.30778082,1684,1024,1492,1123,,192.585308,439.842656,89,7.811,5.659,SE,3.4958528,Calm,
2,79.7,32.82522069,-95.30344362,481,,9.800016244,-4.00000663,0.70000116,25,-7.7,-43.8,10.58491209,1684,1024,1492,1123,,192.585308,439.619136,89,7.811,5.659,SE,3.4958528,Calm,
3,79.8,32.82522981,-95.30344759,481,,10.00001658,-3.400005636,0,33.2,5.1,-36,10.56221408,1684,1024,1024,1122,,192.585308,439.44032,89,7.811,5.708,SE,3.4958528,Calm,
4,79.9,32.8252395,-95.30345086,481,,9.90001641,-2.700004476,-0.100000166,28.1,-8.2,-31.2,10.26159577,1684,1024,1024,1122,,192.585308,439.44032,89,7.811,5.708,SE,3.4958528,Calm,
0,80,32.82524792,-95.30345346,481,,9.800016244,-2.500004144,0.200000332,20.3,-24.6,-28.9,10.11386828,1684,1024,1024,1122,,192.585308,439.44032,89,7.811,5.708,SE,3.598672,Calm,
1,80.1,32.82525721,-95.30345618,481,,9.800016244,-2.300003812,0.500000829,18.1,-24.4,-28.4,10.06629696,1684,1024,1024,1122,,192.585308,439.44032,89,7.811,5.708,SE,3.598672,Calm,
2,80.2,32.82526517,-95.30345829,481,,10.20001691,-2.100003481,0,18,-23.6,-28.5,10.41395013,1684,1024,1024,1123,,192.585308,439.529728,89,7.811,5.708,SE,3.598672,Calm,
3,80.3,32.82527488,-95.30346057,481,,10.30001707,-2.000003315,0,15.2,-28.9,-28.7,10.49239537,1684,1024,1024,1122,,192.585308,439.619136,89,7.811,5.708,SE,3.598672,Calm,
4,80.4,32.82528432,-95.30346282,481,,10.40001724,-2.000003315,0.100000166,12.4,-33.4,-28.9,10.59057922,1684,1024,1024,1122,,192.585308,439.753248,89,7.811,5.708,SE,3.598672,Calm,
0,80.5,32.82529281,-95.30346482,481,,10.60001757,-2.100003481,0.100000166,10,-33.7,-28.2,10.80603461,1684,1024,1024,1125,,192.585308,439.88736,89,7.811,5.708,SE,3.598672,Calm,
1,80.6,32.82530434,-95.30346765,481,,10.90001807,-2.200003647,0,8.9,-33.2,-27.8,11.11982048,1684,1158,1024,1125,,192.585308,440.021472,89,7.811,5.708,SE,3.598672,Calm,
2,80.7,32.82531378,-95.30347007,481,,11.00001823,-2.400003978,0,8.6,-32.8,-28.1,11.2587927,1684,1234,1024,1125,,192.585308,440.11088,89,7.811,5.708,SE,3.598672,Calm,
3,80.8,32.82532261,-95.30347291,481,,11.20001857,-2.500004144,-0.100000166,9,-31.8,-28.1,11.4756451,1684,1641,1024,1124,,192.585308,440.155584,89,7.771,5.708,SE,3.598672,Calm,
4,80.9,32.8253333,-95.30347609,481,,11.4000189,-2.700004476,-0.400000663,9.1,-29.9,-27.9,11.71539355,1684,1684,1024,1125,,192.585308,440.244992,89,7.771,5.708,SE,3.598672,Calm,
0,81,32.82534451,-95.30347953,481,,11.60001923,-2.900004807,-0.900001492,8.5,-27.8,-27.9,11.95702582,1684,1684,1024,1122,,192.585308,440.3344,89,7.771,5.708,SE,3.598672,Calm,
1,81.1,32.82535406,-95.30348257,481,,11.70001939,-3.000004973,-1.300002155,9.3,-27.7,-27.9,12.07851296,1684,1684,1024,1117,,192.585308,440.379104,89,7.771,5.708,SE,3.6970208,Calm,
2,81.2,32.82536525,-95.30348607,482,,11.80001956,-3.100005139,-1.600002652,9.9,-26.9,-27.7,12.20042971,1684,1684,1024,1117,,192.585308,440.468512,89,7.771,5.708,SE,3.6970208,Calm,
3,81.3,32.8253755,-95.30348948,482,,12.00001989,-3.200005304,-2.000003315,9.6,-26.3,-28.1,12.41935995,1684,1684,1024,1116,,192.585308,440.513216,89,7.771,5.708,SE,3.6970208,Calm,
4,81.4,32.82538545,-95.30349272,483,,12.00001989,-3.400005636,-2.300003812,10.2,-26.2,-28.4,12.47239007,1447,1684,1024,1140,,192.585308,440.602624,89,7.771,5.708,SE,3.6970208,Calm,
0,81.5,32.82539674,-95.30349667,484,,12.10002006,-3.400005636,-2.700004476,11,-25,-28,12.56863242,1024,1684,1023,1024,,192.585308,440.647328,89,7.771,5.708,SE,3.6970208,Calm,
1,81.6,32.82540963,-95.30350088,485,,12.10002006,-3.500005802,-3.100005139,10.9,-19.8,-27.2,12.59605162,1024,1684,1017,1024,,192.585308,440.736736,89,7.771,5.708,SE,3.6970208,Calm,
2,81.7,32.82542006,-95.30350443,485,,12.10002006,-3.400005636,-3.900006465,9.3,-0.5,-24.7,12.56863242,1024,1684,1017,1024,,192.585308,440.826144,89,7.771,5.708,SE,3.4958528,Calm,
3,81.8,32.82542957,-95.30350752,487,,11.50001906,-3.000004973,-4.800007956,7.2,5.6,-24.5,11.88488385,1024,1684,1009,1024,,192.585308,440.915552,89,7.771,11.009,SE,3.0979872,Calm,
4,81.9,32.82544111,-95.3035111,488,,10.90001807,-2.800004641,-4.600007625,5,3.3,-26.4,11.25390655,1024,1684,964,1024,,192.585308,441.094368,89,7.771,11.009,SE,2.6956512,Calm,
0,82,32.82545035,-95.30351395,489,,10.40001724,-2.700004476,-4.500007459,-2,19,-26.5,10.74478387,1024,1684,966,1024,,192.585308,441.22848,89,7.771,11.009,SE,2.3961344,Calm,
1,82.1,32.82545788,-95.30351633,490,,9.400015581,-2.500004144,-4.900008122,-11.4,26.2,-28.4,9.726783046,1024,1684,978,1024,,192.585308,441.317888,89,7.683,11.009,SE,1.9982688,Calm,
2,82.2,32.82546608,-95.30351917,491,,8.50001409,-2.500004144,-4.700007791,-15.3,27.3,-30.3,8.86003686,1024,1684,953,1024,,192.585308,441.407296,89,7.683,11.009,SE,1.698752,Calm,
3,82.3,32.82547348,-95.30352205,493,,7.500012432,-2.60000431,-4.600007625,-14.8,31.5,-30.3,7.937896606,1024,1684,827,1024,,192.585308,441.407296,89,7.683,11.009,SE,1.497584,Calm,
4,82.4,32.82547955,-95.30352471,495,,6.300010443,-2.500004144,-4.900008122,-10,34.3,-28.8,6.77791632,1024,1684,848,1024,,192.585308,441.407296,89,7.683,11.009,SE,1.1980672,Calm,
0,82.5,32.8254842,-95.30352703,496,,5.300008785,-2.300003812,-4.800007956,-5.4,35.5,-27.3,5.777552113,1024,1684,853,1024,,192.585308,441.362592,89,7.683,11.009,S,1.0997184,Calm,
1,82.6,32.82548853,-95.30352937,498,,4.400007293,-2.000003315,-4.800007956,-5.3,37.9,-28.4,4.833226158,1024,1684,861,1024,,192.585308,441.317888,89,7.683,11.009,S,0.8985504,Calm,
2,82.7,32.82549226,-95.30353158,500,,3.30000547,-1.700002818,-4.900008122,-4.3,37,-29.4,3.712148187,1024,1684,880,1024,,192.585308,441.22848,89,7.683,11.009,S,0.8985504,Calm,
3,82.8,32.82549415,-95.30353302,502,,2.400003978,-1.400002321,-4.900008122,-2.3,34.7,-29.6,2.778493076,1024,1684,888,1024,,192.585308,441.183776,89,7.683,8.437,SW,0.7957312,Calm,
4,82.9,32.82549593,-95.3035344,504,,1.500002486,-1.100001823,-4.800007956,0.3,32.3,-29.4,1.860110194,1024,1684,891,1024,,192.585308,441.094368,89,7.683,8.437,SW,0.8985504,Calm,
0,83,32.8254969,-95.30353535,506,,0.800001326,-0.800001326,-4.800007956,3.1,22.3,-30.2,1.131372408,1024,1684,923,1024,,192.585308,441.00496,89,7.683,8.437,SW,0.9968992,Calm,
1,83.1,32.8254974,-95.30353597,507,,0.400000663,-0.500000829,-4.800007956,4.7,11.8,-31.4,0.640313274,1024,1684,931,1024,,192.585308,440.960256,89,7.683,8.437,SW,1.0997184,Calm,
2,83.2,32.8254975,-95.30353644,509,,0.200000332,-0.400000663,-4.800007956,5.2,7.2,-32.2,0.447213899,1024,1684,940,1024,,192.585308,440.915552,89,7.683,8.437,SW,1.1980672,Calm,
3,83.3,32.82549769,-95.3035369,511,,0,-0.300000497,-4.800007956,5.3,5,-32.7,0.300000497,1024,1684,958,1024,,192.585308,440.870848,89,7.683,8.437,W,1.296416,Calm,
4,83.4,32.82549753,-95.30353713,513,,0,-0.200000332,-4.900008122,4.6,2.6,-33.2,0.200000332,1024,1684,957,1024,,192.585308,440.826144,89,7.683,8.437,W,1.3992352,Calm,
0,83.5,32.82549782,-95.30353737,515,,-0.100000166,-0.200000332,-4.900008122,4.8,0.9,-33.8,0.223606726,1024,1597,984,1024,,192.585308,440.826144,89,7.683,8.437,W,1.5959328,Calm,
1,83.6,32.82549787,-95.30353756,518,,-0.100000166,-0.200000332,-4.900008122,4.9,0.9,-33.9,0.223606726,1438,1024,1024,1213,,192.585308,440.78144,89,7.683,8.437,W,1.698752,Calm,
2,83.7,32.82549788,-95.30353787,520,,-0.100000166,-0.100000166,-4.900008122,5.2,0.8,-34.1,0.141421551,1684,1024,1024,1214,,192.585308,440.736736,89,7.683,8.437,W,1.7971008,Calm,
3,83.8,32.82549787,-95.30353799,522,,-0.100000166,-0.100000166,-4.600007625,8.6,-9.9,-35,0.141421551,1684,1024,1024,1211,,192.585308,440.736736,89,7.701,8.437,W,1.89992,Calm,
4,83.9,32.82549795,-95.30353821,524,,0,-0.200000332,-4.200006962,13.2,-29.1,-37.8,0.200000332,1684,1024,1024,1213,,192.585308,440.736736,89,7.701,8.437,W,1.5959328,Calm,
0,84,32.8254984,-95.30353849,525,,0.400000663,-0.300000497,-3.800006299,13.4,-34.3,-38.7,0.500000829,1684,1024,1004,1240,,192.585308,440.692032,89,7.701,8.437,W,1.296416,Calm,
1,84.1,32.82549923,-95.30353904,526,,0.900001492,-0.600000995,-3.500005802,12.6,-33.3,-38.3,1.081666925,1684,1024,887,1247,,192.585308,440.692032,89,7.701,8.437,W,1.0997184,Calm,
2,84.2,32.82550034,-95.30353977,528,,1.300002155,-0.70000116,-3.100005139,13,-32.2,-38.1,1.476484606,1684,796,739,1253,,192.585308,440.647328,89,7.701,8.437,SW,0.9968992,Calm,
3,84.3,32.82550201,-95.30354082,529,,1.600002652,-0.900001492,-2.800004641,13.3,-31.5,-38.3,1.835758584,1684,691,528,1247,,192.585308,440.602624,89,7.701,8.437,SW,0.8985504,Calm,
4,84.4,32.82550405,-95.30354212,529,,2.000003315,-1.000001658,-2.400003978,11.6,-31.9,-38.4,2.236071281,1684,725,364,1256,,192.585308,440.55792,89,7.701,8.437,SW,0.7957312,Calm,
0,84.5,32.82550619,-95.30354344,530,,2.300003812,-1.200001989,-2.000003315,2.3,-30.9,-37.6,2.594228553,1684,936,364,1261,,192.585308,440.513216,89,7.701,8.437,S,0.7957312,Calm,
1,84.6,32.82550868,-95.3035452,530,,2.500004144,-1.500002486,-1.700002818,-11.6,-24.9,-38.9,2.915480438,1684,1001,364,1262,,192.585308,440.423808,89,7.701,8.437,S,0.8985504,Calm,
2,84.7,32.82551103,-95.30354714,531,,2.500004144,-1.900003149,-1.400002321,-19.4,-20.1,-45.3,3.140068863,1684,1001,364,1262,,192.585308,440.3344,89,7.701,8.437,S,0.9968992,Calm,
3,84.8,32.82551287,-95.30354946,531,,2.300003812,-2.200003647,-1.100001823,-22.8,-18.1,-54.2,3.182771018,1684,1024,544,1266,,192.585308,440.11088,89,7.701,6.175,S,1.0997184,Calm,
4,84.9,32.82551519,-95.30355234,531,,2.100003481,-2.500004144,-0.70000116,-18.7,-16.6,-64.1,3.264970945,1684,1024,711,1271,,192.585308,439.88736,89,7.701,6.175,S,1.1980672,Calm,
0,85,32.82551701,-95.30355512,531,,1.900003149,-2.800004641,-0.300000497,-11.6,-17.4,-72.3,3.383790154,1684,657,1024,1274,,192.585308,439.66384,89,7.701,6.175,SE,1.3992352,Calm,
1,85.1,32.82551859,-95.3035581,531,,1.700002818,-3.100005139,-0.100000166,-3,-24.7,-78.4,3.53553967,1684,364,1006,1274,,192.585308,439.350912,89,7.701,6.175,SE,1.497584,Calm,
2,85.2,32.82551988,-95.30356157,531,,1.600002652,-3.30000547,0.200000332,4.8,-33.6,-83.5,3.667429881,1684,364,841,1277,,192.585308,438.99328,89,7.701,6.175,SE,1.5959328,Calm,
3,85.3,32.82552145,-95.30356547,531,,1.600002652,-3.700006133,0.70000116,6,-34,-84.4,4.031135367,1684,626,896,1277,,192.585308,438.590944,89,7.701,6.175,SE,1.698752,Calm,
4,85.4,32.82552248,-95.30356955,531,,1.600002652,-4.100006796,1.000001658,6.5,-33.7,-84.6,4.401143222,1684,871,1010,1289,,192.585308,438.0992,89,7.701,6.175,SE,1.7971008,Calm,
0,85.5,32.82552402,-95.30357451,531,,1.600002652,-4.500007459,1.300002155,9.1,-32.4,-85.7,4.775989391,1684,981,1024,1296,,192.585308,437.562752,89,7.701,6.175,SE,1.9982688,Calm,
1,85.6,32.82552564,-95.30358045,530,,1.700002818,-5.20000862,0.900001492,10.3,-29.2,-87.1,5.470840651,1684,1024,425,1295,,192.585308,436.892192,89,7.701,6.175,SE,2.0966176,Calm,
2,85.7,32.82552711,-95.30358588,530,,1.800002984,-5.800009614,0.500000829,10.9,-30.5,-87.4,6.072900265,1684,1042,364,1296,,192.585308,436.31104,89,7.701,6.175,SE,2.1994368,Calm,
3,85.8,32.82552903,-95.30359319,530,,1.900003149,-6.300010443,0.300000497,-8.8,-27.9,-81.4,6.580284406,1684,1024,412,1296,,192.585308,435.461664,88,7.82,5.222,SE,2.1994368,Calm,
4,85.9,32.82553063,-95.30360095,530,,1.500002486,-6.900011437,0,-23.3,-13.9,-82.9,7.061172934,1684,597,945,1295,,192.585308,434.567584,88,7.82,5.222,SE,2.2977856,Calm,
0,86,32.8255318,-95.30360792,530,,0.900001492,-7.100011769,-0.100000166,-27.1,-3.3,-95.1,7.15682653,1684,364,1024,1296,,192.585308,433.762912,88,7.82,5.222,SE,2.3961344,Calm,
1,86.1,32.82553232,-95.30361478,530,,0.400000663,-7.000011603,0,-10.8,-4.7,-103.5,7.011430793,1684,364,1024,1296,,192.585308,432.913536,88,7.82,5.222,SE,2.4989536,Calm,
2,86.2,32.82553268,-95.30362241,530,,0.300000497,-7.000011603,0.300000497,3.2,-19.9,-107.8,7.006436909,1684,697,1161,1297,,192.585308,431.974752,88,7.82,5.222,SE,2.5973024,Calm,
3,86.3,32.82553294,-95.30362962,530,,0.200000332,-7.100011769,0.900001492,3.7,-32.3,-109.5,7.102827674,1684,739,1336,1298,,192.585308,431.080672,88,7.82,5.222,SE,2.5973024,Calm,
4,86.4,32.82553286,-95.30363842,529,,0,-7.300011653,1.400002321,4.2,-32.5,-109.5,7.300011653,1684,364,1241,1313,,192.585308,429.963072,88,7.82,5.222,SE,2.6956512,Calm,
0,86.5,32.82553282,-95.30364582,529,,0,-7.800012929,1.400002321,12.2,-22.1,-111,7.800012929,1684,364,1184,1312,,192.585308,429.024288,88,7.82,5.222,SE,2.7984704,Calm,
1,86.6,32.8255326,-95.30365386,528,,0,-8.000013261,1.400002321,15.4,-13.9,-110.3,8.000013261,1684,364,1558,1311,,192.585308,427.951392,88,7.82,5.222,SE,2.7984704,Calm,
2,86.7,32.8255325,-95.30366332,528,,0,-8.100013427,1.600002652,16.2,-20.7,-108.9,8.100013427,1684,408,1684,1310,,192.585308,426.744384,88,7.82,5.222,SE,2.8968192,Calm,
3,86.8,32.8255327,-95.30367145,527,,0,-8.300013758,1.800002984,28.2,-11.7,-107.1,8.300013758,1684,1024,1684,1316,,192.585308,425.716192,88,7.82,5.222,SE,2.8968192,Calm,
4,86.9,32.82553283,-95.30368083,526,,0.200000332,-8.300013758,2.200003647,32.8,5.6,-101,8.302422857,1684,1300,1438,1321,,192.585308,424.553888,88,7.82,5.222,SE,2.9996384,Calm,
0,87,32.82553338,-95.30369029,526,,0.600000995,-8.200013592,2.300003812,33,11.1,-90.1,8.22193554,1684,1497,1261,1321,,192.585308,423.391584,88,7.82,5.222,SE,2.9996384,Calm,
1,87.1,32.82553428,-95.30369799,525,,1.300002155,-7.700012764,1.900003149,33.9,11.8,-78.5,7.808981893,1684,1518,1024,1320,,192.585308,422.4528,88,7.836,5.222,SE,2.9996384,Calm,
2,87.2,32.82553634,-95.30370627,524,,2.000003315,-7.200011935,1.400002321,33.9,3.7,-73.1,7.472628997,1684,1518,1024,1320,,192.585308,421.55872,88,7.836,5.222,SE,3.0979872,Calm,
3,87.3,32.8255388,-95.3037141,524,,2.700004476,-6.800011272,1.100001823,30.2,-9.4,-72.4,7.31643188,1684,1656,634,1320,,192.585308,420.709344,88,7.836,5.222,SE,3.0979872,Calm,
4,87.4,32.82554165,-95.30372073,524,,3.30000547,-6.60001094,0.70000116,24.5,-20,-72.8,7.379036255,1684,1684,364,1321,,192.585308,420.038784,88,7.836,5.222,SE,3.196336,Calm,
0,87.5,32.8255447,-95.30372724,524,,3.800006299,-6.800011272,0.300000497,7.1,-23.9,-69.4,7.789749338,1684,1684,364,1321,,192.585308,419.412928,88,7.836,5.222,SE,3.196336,Calm,
1,87.6,32.82554883,-95.30373536,524,,3.900006465,-7.300011653,-0.200000332,-11.8,-18.1,-66,8.276486043,1684,1684,711,1321,,192.585308,418.65296,88,7.836,5.222,SE,3.196336,Calm,
2,87.7,32.8255521,-95.30374287,524,,3.500005802,-7.700012764,-0.70000116,-24.9,-10.2,-75.5,8.458146111,1684,1348,912,1321,,192.585308,417.892992,88,7.836,5.222,SE,3.2991552,Calm,
3,87.8,32.82555472,-95.30375074,524,,2.700004476,-7.900013095,-1.300002155,-12.9,-4.5,-86.7,8.348666015,1684,411,1024,1321,,192.585308,417.08832,88,7.836,5.531,SE,3.2991552,Calm,
4,87.9,32.82555704,-95.3037606,525,,2.300003812,-7.800012929,-1.500002486,5.8,-15.9,-91.5,8.13204876,1684,364,1024,1326,,192.585308,415.97072,88,7.836,5.531,SE,3.2991552,Calm,
0,88,32.8255592,-95.30376844,525,,2.200003647,-7.800012929,-0.900001492,16.8,-30.6,-96.9,8.104333174,1684,364,1024,1326,,192.585308,415.121344,88,7.836,5.531,SE,3.2991552,Calm,
1,88.1,32.82556111,-95.303776,525,,2.200003647,-7.900013095,-0.300000497,16.6,-32.6,-97.5,8.200622908,1684,364,1024,1333,,192.585308,414.271968,88,7.836,5.531,SE,3.397504,Calm,
2,88.2,32.82556267,-95.30378558,525,,2.300003812,-8.200013592,0,14.9,-31.9,-97.2,8.516468738,1684,364,1024,1342,,192.585308,413.199072,88,7.836,5.531,SE,3.397504,Calm,
3,88.3,32.82556457,-95.30379415,525,,2.200003647,-8.400013924,0.200000332,15.3,-32,-97.3,8.683331335,1684,364,1066,1342,,192.585308,412.215584,88,7.836,5.531,SE,3.397504,Calm,
4,88.4,32.82556687,-95.30380368,525,,2.200003647,-8.600014255,0.600000995,16.8,-31,-97.6,8.876951065,1684,364,1453,1343,,192.585308,411.187392,88,7.836,5.531,SE,3.397504,Calm,
0,88.5,32.82556896,-95.30381346,525,,2.200003647,-8.800014587,1.000001658,20.7,-28.9,-97.8,9.070847065,1684,364,1595,1342,,192.585308,410.114496,88,7.836,5.531,SE,3.397504,Calm,
1,88.6,32.82557073,-95.30382115,524,,2.300003812,-8.900014753,1.300002155,29.7,-14.6,-95.2,9.192403053,1684,364,1196,1343,,192.585308,409.26512,88,7.836,5.531,SE,3.397504,Calm,
2,88.7,32.82557325,-95.30383208,524,,2.500004144,-8.900014753,1.600002652,35.4,0.4,-89.2,9.244472931,1684,364,914,1345,,192.585308,408.058112,88,7.836,5.531,SE,3.4958528,Calm,
3,88.8,32.82557562,-95.30384062,523,,2.900004807,-8.600014255,1.700002818,32.3,-9.7,-89.5,9.075806974,1684,364,989,1346,,192.585308,407.119328,88,7.813,5.531,SE,3.397504,Calm,
4,88.9,32.82557859,-95.30385032,523,,3.200005304,-8.600014255,1.900003149,22.9,-24.9,-85,9.176070893,1684,940,1024,1344,,192.585308,406.13584,88,7.813,5.531,SE,3.397504,Calm,
0,89,32.82558185,-95.30386011,522,,3.200005304,-8.600014255,2.400003978,25,-24.7,-83.1,9.176070893,1684,1024,1024,1344,,192.585308,405.107648,88,7.813,5.531,SE,3.397504,Calm,
1,89.1,32.82558463,-95.30386846,521,,3.500005802,-8.700014421,2.500004144,25.9,-18.9,-83.7,9.377648382,1684,1024,835,1345,,192.585308,404.258272,88,7.813,5.531,SE,3.397504,Calm,
2,89.2,32.82558807,-95.30387808,520,,4.00000663,-8.800014587,2.000003315,25.2,-19,-83.1,9.666452763,1684,1024,533,1346,,192.585308,403.319488,88,7.813,5.531,SE,3.397504,Calm,
3,89.3,32.82559175,-95.3038871,519,,4.400007293,-8.900014753,1.600002652,19.4,-24.9,-83.1,9.928258609,1684,1024,892,1345,,192.585308,402.425408,88,7.813,5.531,SE,3.397504,Calm,
4,89.4,32.82559661,-95.30389803,519,,4.700007791,-9.20001525,1.200001989,-1.4,-27.6,-77.4,10.33103807,1684,1024,1024,1346,,192.585308,401.397216,88,7.813,5.531,SE,3.397504,Calm,
0,89.5,32.82560035,-95.30390729,518,,4.400007293,-9.800016244,0.600000995,1.6,-20.3,-80.9,10.74245658,1684,1024,644,1345,,192.585308,400.503136,88,7.813,5.531,SE,3.397504,Calm,
1,89.6,32.8256049,-95.30391967,518,,4.300007128,-9.90001641,0.300000497,16.6,-22.1,-90.3,10.79353403,1684,1024,364,1345,,192.585308,399.296128,88,7.813,5.531,SE,3.397504,Calm,
2,89.7,32.82560873,-95.30392986,518,,4.300007128,-10.00001658,0.400000663,5.5,-29.9,-89.3,10.88532923,1684,1024,364,1348,,192.585308,398.31264,88,7.813,5.531,SE,3.397504,Calm,
3,89.8,32.82561196,-95.30393963,518,,4.00000663,-10.40001724,0.100000166,-16.1,-20.9,-81.7,11.14272905,1684,632,760,1350,,192.585308,397.329152,88,7.813,4.54,SE,3.397504,Calm,
4,89.9,32.82561547,-95.30395155,518,,3.400005636,-10.70001774,-0.400000663,-25.9,-17,-87.5,11.22721737,1684,632,760,1350,,192.585308,396.07744,88,7.813,4.54,SE,3.397504,Calm,
0,90,32.82561778,-95.3039638,518,,2.700004476,-10.70001774,-0.300000497,-29.8,-16.7,-97.4,11.03541575,1684,364,975,1351,,192.585308,394.73632,88,7.813,4.54,SE,3.397504,Calm,
1,90.1,32.82561967,-95.30397413,518,,2.100003481,-10.60001757,0,-30.8,-22.6,-101.9,10.80603461,1684,364,975,1351,,192.585308,393.61872,88,7.701,4.54,SE,3.397504,Calm,
2,90.2,32.82562171,-95.30398588,518,,1.500002486,-10.60001757,0.300000497,-24.4,-30.5,-103.6,10.70562362,1684,364,1006,1353,,192.585308,392.322304,88,7.701,4.54,SE,3.4958528,Calm,
3,90.3,32.82562289,-95.30399663,518,,1.100001823,-10.60001757,0.70000116,-16.1,-33.5,-106.9,10.65694007,1684,364,1024,1353,,192.585308,391.070592,88,7.701,4.54,SE,3.4958528,Calm,
4,90.4,32.82562355,-95.30400902,518,,0.70000116,-10.60001757,1.300002155,-9,-34.9,-109,10.6231054,1684,364,1065,1353,,192.585308,389.59536,88,7.701,4.54,SE,3.4958528,Calm,
0,90.5,32.82562412,-95.30402092,517,,0.500000829,-10.60001757,1.800002984,-2.4,-33.7,-110.7,10.61180333,1684,364,1089,1354,,192.585308,388.209536,88,7.701,4.54,SE,3.4958528,Calm,
1,90.6,32.82562401,-95.30403062,516,,0.200000332,-10.60001757,2.200003647,3.3,-32.8,-112.6,10.60190408,1684,364,1024,1354,,192.585308,387.002528,88,7.701,4.54,SE,3.4958528,Calm,
2,90.7,32.82562405,-95.30404318,515,,0,-10.70001774,2.60000431,6.4,-33.2,-113.5,10.70001774,1684,364,1024,1354,,192.585308,385.482592,88,7.701,4.54,SE,3.4958528,Calm,
3,90.8,32.82562415,-95.30405464,515,,0,-10.70001774,3.000004973,9.5,-33.2,-114,10.70001774,1684,364,1024,1353,,192.585308,384.096768,88,7.701,4.748,SE,3.4958528,Calm,
4,90.9,32.825624,-95.30406563,513,,-0.200000332,-10.8000179,3.400005636,12.3,-32.5,-114.7,10.80186954,1684,364,1083,1354,,192.585308,382.710944,88,7.701,4.748,S,3.4958528,Calm,
0,91,32.8256238,-95.30407791,512,,-0.300000497,-10.90001807,3.800006299,15.6,-31.5,-115.2,10.90414559,1684,364,1147,1358,,192.585308,381.191008,88,7.701,4.748,S,3.4958528,Calm,
1,91.1,32.82562349,-95.30409026,511,,-0.300000497,-11.00001823,4.100006796,18.6,-30.4,-115.9,11.0041082,1684,768,1151,1358,,192.585308,379.671072,88,7.701,4.748,S,3.598672,Calm,
2,91.2,32.82562337,-95.30410104,510,,-0.400000663,-11.1000184,4.500007459,21.6,-27.7,-116.1,11.1072229,1684,921,1024,1358,,192.585308,378.374656,88,7.701,4.748,S,3.598672,Calm,
3,91.3,32.82562315,-95.30411255,508,,-0.300000497,-11.4000189,4.300007128,19.9,-26.2,-115.5,11.40396537,1684,975,1024,1357,,192.585308,376.944128,88,7.701,4.748,S,3.598672,Calm,
4,91.4,32.82562274,-95.3041245,507,,-0.200000332,-11.90001973,3.800006299,18.2,-28,-114.5,11.90170015,1684,975,1024,1357,,192.585308,375.468896,88,7.701,4.748,S,3.598672,Calm,
0,91.5,32.82562255,-95.30414019,505,,-0.200000332,-12.30002039,3.400005636,19.2,-28.4,-114.5,12.30164627,1684,952,1024,1358,,192.585308,373.546624,88,7.701,4.748,S,3.598672,Calm,
1,91.6,32.82562232,-95.30415378,504,,-0.200000332,-12.70002105,3.000004973,20.5,-27.6,-114.8,12.70159553,1684,915,1024,1359,,192.585308,371.892576,88,7.701,4.748,S,3.598672,Calm,
2,91.7,32.82562223,-95.30416712,503,,-0.100000166,-13.10002171,2.60000431,21.3,-26.8,-114.4,13.10040304,1684,912,1024,1360,,192.585308,370.238528,88,7.701,4.748,S,3.598672,Calm,
3,91.8,32.82562201,-95.30418172,501,,0,-13.50002238,2.200003647,20,-22.9,-113.2,13.50002238,1684,964,702,1360,,192.585308,368.495072,88,7.711,4.748,S,3.598672,Calm,
4,91.9,32.82562203,-95.30419572,500,,0,-13.70002271,1.600002652,6.5,-23,-111.4,13.70002271,1684,1145,364,1359,,192.585308,366.79632,88,7.711,4.748,S,3.598672,Calm,
0,92,32.82562175,-95.3042104,500,,-0.200000332,-13.90002304,0.900001492,-15.2,-20.2,-105.2,13.90146162,1684,1294,655,1359,,192.585308,365.00816,88,7.711,4.748,S,3.598672,Calm,
1,92.1,32.82562095,-95.30422677,499,,-1.000001658,-13.80002287,0.300000497,-28.3,-14.2,-109.3,13.83620719,1684,1247,1238,1359,,192.585308,362.951776,88,7.711,4.748,S,3.598672,Calm,
2,92.2,32.82561938,-95.30423954,499,,-2.100003481,-13.40002221,-0.200000332,-18.4,-3.5,-121.5,13.56357627,1684,1195,1473,1360,,192.585308,361.297728,88,7.711,4.748,S,3.598672,Calm,
3,92.3,32.82561724,-95.30425284,500,,-2.60000431,-12.80002122,-0.70000116,0,-4.2,-125.1,13.06141489,1684,1389,1445,1360,,192.585308,359.554272,88,7.711,4.748,S,3.598672,Calm,
4,92.4,32.82561425,-95.30426756,500,,-2.60000431,-12.60002089,-0.500000829,14.2,1.2,-124,12.8654786,1684,1510,1133,1362,,192.585308,357.542592,88,7.711,4.748,S,3.598672,Calm,
0,92.5,32.8256118,-95.30428156,500,,-2.300003812,-12.30002039,-0.70000116,25.4,11.1,-116.9,12.51321376,1684,1024,1228,1358,,192.585308,355.665024,88,7.711,4.748,S,3.6970208,Calm,
1,92.6,32.82561029,-95.30429292,500,,-1.600002652,-12.00001989,-1.300002155,22.3,-2,-116.4,12.10621648,1684,621,1385,1358,,192.585308,354.189792,88,7.711,4.748,S,3.6970208,Calm,
2,92.7,32.82560871,-95.30430713,501,,-1.400002321,-11.80001956,-0.900001492,27.3,-18.3,-119.6,11.88278007,1684,364,1351,1357,,192.585308,352.356928,88,7.711,4.748,S,3.6970208,Calm,
3,92.8,32.82560775,-95.30431956,501,,-1.400002321,-11.70001939,-0.200000332,32.5,-8.2,-117.3,11.78348221,1684,364,1200,1359,,192.585308,350.792288,88,7.711,7.94,S,3.6970208,Calm,
4,92.9,32.8256067,-95.30433161,501,,-1.000001658,-11.70001939,-0.100000166,34.2,-1.8,-112.8,11.7426764,1684,364,1085,1359,,192.585308,349.272352,88,7.711,7.94,S,3.6970208,Calm,
0,93,32.82560602,-95.30434387,501,,-0.70000116,-11.60001923,0.100000166,33.6,-13,-111.8,11.62112041,1684,364,1157,1359,,192.585308,347.752416,88,7.711,7.94,S,3.6970208,Calm,
1,93.1,32.82560551,-95.30435665,501,,-0.600000995,-11.4000189,0.70000116,30.2,-19.8,-111.8,11.41579717,1684,557,1548,1359,,192.585308,346.187776,88,7.711,7.94,S,3.6970208,Calm,
2,93.2,32.82560494,-95.30436788,500,,-0.400000663,-11.4000189,1.100001823,31.5,-15.4,-110.4,11.40703385,1684,617,1684,1365,,192.585308,344.801952,88,7.711,7.94,S,3.6970208,Calm,
3,93.3,32.82560474,-95.30437955,500,,-0.100000166,-11.50001906,1.300002155,33.8,-0.1,-105.2,11.50045359,1684,393,1684,1385,,192.585308,343.416128,88,7.711,7.94,S,3.6970208,Calm,
4,93.4,32.82560446,-95.30439185,500,,0.200000332,-11.30001873,1.500002486,34.6,6.9,-99.5,11.30178812,1684,364,1684,1387,,192.585308,341.896192,88,7.711,7.94,S,3.6970208,Calm,
0,93.5,32.82560489,-95.30440435,499,,0.600000995,-11.00001823,1.700002818,34.6,5.6,-91.2,11.01636962,1684,387,1684,1388,,192.585308,340.465664,88,7.711,7.94,S,3.6970208,Calm,
1,93.6,32.82560587,-95.30441744,498,,0.900001492,-10.70001774,2.000003315,35,3.7,-80.2,10.73780111,1684,593,1684,1400,,192.585308,338.990432,88,7.711,7.94,S,3.6970208,Calm,
2,93.7,32.82560679,-95.30442826,498,,1.200001989,-10.40001724,2.300003812,35.1,0.2,-71.7,10.4690192,1684,627,1024,1403,,192.585308,337.783424,88,7.711,7.94,S,3.6970208,Calm,
3,93.8,32.82560793,-95.30443733,497,,1.500002486,-10.10001674,2.60000431,34.1,-4.6,-63.8,10.21079549,1684,364,944,1403,,192.585308,336.799936,88,7.797,3.833,S,3.6970208,Calm,
4,93.9,32.82560959,-95.30444838,496,,2.000003315,-9.600015913,2.500004144,32.9,-11.6,-57.4,9.806136669,1684,364,811,1403,,192.585308,335.637632,88,7.797,3.833,S,3.6970208,Calm,
0,94,32.82561165,-95.30445931,495,,2.400003978,-9.300015416,2.700004476,28.8,-20.5,-53.4,9.604702233,1684,364,1024,1405,,192.585308,334.520032,88,7.797,3.833,S,3.6970208,Calm,
1,94.1,32.82561407,-95.30446962,494,,2.60000431,-9.100015084,3.100005139,25.7,-23.2,-51.1,9.464158222,1684,364,1100,1405,,192.585308,333.536544,88,7.797,3.833,S,3.6970208,Calm,
2,94.2,32.82561636,-95.30447822,493,,2.800004641,-8.900014753,3.600005967,26.1,-23.2,-52,9.330074385,1684,364,1112,1408,,192.585308,332.731872,88,7.797,3.833,S,3.6970208,Calm,
3,94.3,32.82561924,-95.30448819,491,,3.000004973,-8.800014587,4.100006796,25.2,-23,-51.9,9.29732647,1684,364,1111,1422,,192.585308,331.793088,88,7.797,3.833,S,3.6970208,Calm,
4,94.4,32.82562175,-95.304497,490,,3.200005304,-8.600014255,4.500007459,24.1,-23.3,-51.4,9.176070893,1684,364,1407,1422,,192.585308,330.988416,88,7.797,3.833,S,3.6970208,Calm,
0,94.5,32.82562456,-95.3045057,489,,3.500005802,-8.50001409,4.700007791,24.6,-23.6,-51.1,9.192403053,1684,364,1684,1423,,192.585308,330.228448,88,7.797,3.833,S,3.6970208,Calm,
1,94.6,32.82562896,-95.30451605,487,,3.800006299,-8.300013758,4.800007956,25.7,-22.1,-50.4,9.128541601,1684,621,1684,1423,,192.585308,329.379072,88,7.797,3.833,S,3.6970208,Calm,
2,94.7,32.82563236,-95.30452396,485,,4.200006962,-8.100013427,4.900008122,27.9,-20.8,-48.9,9.12415882,1684,839,1595,1423,,192.585308,328.753216,88,7.797,3.833,S,3.6970208,Calm,
3,94.8,32.82563657,-95.30453321,483,,4.600007625,-7.900013095,4.800007956,27.9,-19.5,-42.9,9.141677871,1684,963,1164,1424,,192.585308,328.082656,88,7.797,3.833,S,3.6970208,Calm,
4,94.9,32.82564091,-95.30454103,482,,5.20000862,-7.400012266,4.300007128,27.5,-19.1,-34.1,9.04435011,1684,1016,1137,1422,,192.585308,327.546208,88,7.797,3.833,S,3.6970208,Calm,
0,95,32.82564612,-95.30454905,480,,5.800009614,-6.900011437,3.800006299,25.6,-23,-27.3,9.013892828,1684,1024,1089,1401,,192.585308,327.099168,88,7.797,3.833,S,3.6970208,Calm,
1,95.1,32.82565198,-95.30455655,479,,6.300010443,-6.400010609,3.500005802,22.7,-22.5,-22.6,8.980549009,1567,1166,1113,1142,,192.585308,326.741536,88,7.861,3.833,S,3.6970208,Calm,
2,95.2,32.82565757,-95.30456228,478,,6.800011272,-5.90000978,3.000004973,23.5,-22.4,-21.9,9.002791931,1494,1414,1024,1142,,192.585308,326.56272,88,7.861,3.833,S,3.6970208,Calm,
3,95.3,32.82566363,-95.30456801,477,,7.200011935,-5.400008951,2.60000431,24.8,-24.4,-21.1,9.000014918,1643,1264,1024,1152,,192.585308,326.473312,88,7.861,3.833,S,3.6970208,Calm,
4,95.4,32.82567126,-95.30457375,475,,7.600012598,-4.900008122,2.200003647,23.9,-24.6,-20,9.042691145,1643,1264,1024,1152,,192.585308,326.518016,88,7.861,5.436,S,3.6970208,Calm,
0,95.5,32.82567775,-95.30457814,475,,8.100013427,-4.300007128,1.700002818,23.7,-25.1,-20.4,9.170620135,1684,1127,1024,1219,,192.585308,326.607424,88,7.861,5.436,S,3.6970208,Calm,
1,95.6,32.82568554,-95.3045827,474,,8.50001409,-3.800006299,1.300002155,23.9,-26.8,-20.6,9.31076181,1684,1547,1024,1192,,192.585308,326.78624,88,7.861,5.436,S,3.6970208,Calm,
2,95.7,32.8256936,-95.30458654,474,,9.000014918,-3.30000547,0.900001492,23.4,-26.7,-20.1,9.585942647,1684,1525,1024,1213,,192.585308,327.099168,88,7.861,5.436,S,3.6970208,Calm,
3,95.8,32.82570229,-95.30458988,473,,9.400015581,-2.800004641,0.400000663,23.4,-25.6,-19.6,9.808176066,1684,1423,1024,1220,,192.585308,327.546208,88,7.861,5.436,S,3.6970208,Calm,
4,95.9,32.82571057,-95.30459239,473,,9.800016244,-2.300003812,0,23.4,-25.6,-19.8,10.06629696,1684,1481,1083,1221,,192.585308,328.037952,88,7.861,5.436,S,3.6970208,Calm,
0,96,32.82571955,-95.30459457,473,,10.10001674,-1.900003149,-0.300000497,23.9,-26,-20.4,10.27717601,1684,1547,1239,1248,,192.585308,328.619104,88,7.861,5.436,S,3.6970208,Calm,
1,96.1,32.82572836,-95.30459628,474,,10.40001724,-1.500002486,-0.600000995,24.4,-25.1,-20.1,10.50763363,1684,1376,1597,1248,,192.585308,329.24496,88,7.861,5.436,S,3.6970208,Calm,
2,96.2,32.8257384,-95.30459788,474,,10.70001774,-1.000001658,-1.000001658,28.4,-19.9,-18.6,10.7466449,1684,1375,1678,1247,,192.585308,330.049632,88,7.861,5.436,S,3.6970208,Calm,
3,96.3,32.82574769,-95.30459861,474,,10.90001807,-0.400000663,-1.500002486,33.1,-10.2,-13.9,10.90735489,1684,1461,1684,1247,,192.585308,330.854304,88,7.861,5.436,S,3.6970208,Calm,
4,96.4,32.82575831,-95.30459841,475,,10.8000179,0.400000663,-2.000003315,35.3,-4.6,-6.7,10.80742267,1684,1684,1333,1247,,192.585308,331.882496,88,7.861,5.436,S,3.6970208,Calm,
0,96.5,32.82576688,-95.30459742,476,,10.40001724,1.300002155,-2.500004144,35,-5.3,1.8,10.48095204,1684,1684,1171,1247,,192.585308,332.82128,88,7.861,5.436,S,3.6970208,Calm,
1,96.6,32.82577653,-95.30459523,476,,10.00001658,2.200003647,-3.000004973,31.8,-12.4,7.8,10.23915749,1684,1684,1151,1247,,192.585308,333.983584,88,7.861,5.436,S,3.6970208,Calm,
2,96.7,32.82578589,-95.30459216,478,,9.700016079,3.000004973,-3.30000547,27.5,-19.1,11.4,10.15334101,1684,1684,1033,1247,,192.585308,335.235296,88,7.861,5.436,S,3.6970208,Calm,
3,96.8,32.82579412,-95.30458831,479,,9.500015747,3.600005967,-3.500005802,25.8,-23.1,12,10.15924865,1684,1684,1024,1247,,192.585308,336.487008,88,7.861,5.436,S,3.6970208,Calm,
4,96.9,32.82580219,-95.30458427,480,,9.400015581,4.100006796,-3.700006133,24.6,-25.4,11.9,10.25525943,1684,1684,1024,1247,,192.585308,337.694016,88,7.861,5.436,S,3.6970208,Calm,
0,97,32.82581087,-95.30457926,481,,9.400015581,4.600007625,-3.900006465,23.4,-25.7,12.8,10.46519746,1684,1684,1024,1249,,192.585308,339.124544,88,7.861,5.436,S,3.6970208,Calm,
1,97.1,32.82581957,-95.30457355,482,,9.300015416,5.100008454,-4.100006796,22.3,-26.3,13.2,10.60661901,1684,1684,1024,1260,,192.585308,340.599776,88,7.612,5.436,S,3.6970208,Calm,
2,97.2,32.82582688,-95.30456841,483,,9.300015416,5.500009117,-4.200006962,20.6,-27.2,13.7,10.80464611,1684,1024,1024,1278,,192.585308,341.896192,88,7.612,5.436,S,3.6970208,Calm,
3,97.3,32.82583553,-95.30456198,485,,9.300015416,5.700009448,-4.200006962,19.4,-28.7,13.5,10.9078131,1684,738,1024,1284,,192.585308,343.416128,88,7.612,5.436,S,3.6970208,Calm,
4,97.4,32.82584426,-95.3045558,486,,9.300015416,6.000009946,-4.200006962,18.5,-31.5,12.7,11.06753826,1684,364,1024,1296,,192.585308,344.980768,88,7.612,11.978,S,3.6970208,Calm,
0,97.5,32.82585271,-95.30454966,488,,9.300015416,6.100010111,-4.00000663,17.7,-33.5,12.4,11.1220682,1684,364,1024,1296,,192.585308,346.456,88,7.612,11.978,S,3.6970208,Calm,
1,97.6,32.82586158,-95.30454281,489,,9.400015581,6.100010111,-3.700006133,17.9,-33.4,12.9,11.20582025,1684,364,1024,1296,,192.585308,348.110048,88,7.612,11.978,S,3.6970208,Calm,
2,97.7,32.82586963,-95.30453653,490,,9.400015581,6.200010277,-3.400005636,17.7,-32,13.3,11.26056924,1684,364,1094,1297,,192.585308,349.58528,88,7.612,11.978,S,3.6970208,Calm,
3,97.8,32.82587797,-95.30453008,491,,9.300015416,6.200010277,-3.200005304,17.6,-31.3,13.7,11.17722712,1684,364,1155,1297,,192.585308,351.105216,88,7.612,11.978,S,3.6970208,Calm,
4,97.9,32.8258859,-95.30452373,491,,9.300015416,6.200010277,-2.900004807,18,-31.1,13.6,11.17722712,1684,364,1155,1297,,192.585308,352.580448,88,7.612,11.978,S,3.6970208,Calm,
0,98,32.82589425,-95.30451712,492,,9.20001525,6.200010277,-2.60000431,19.6,-30.2,13.4,11.09416083,1684,364,1396,1296,,192.585308,354.145088,88,7.612,11.978,S,3.4958528,Calm,
1,98.1,32.82590335,-95.30450983,493,,9.100015084,6.200010277,-2.300003812,22.2,-27.9,13.9,11.01137573,1684,364,1517,1296,,192.585308,355.84384,88,7.539,11.978,S,3.2991552,Calm,
2,98.2,32.82591068,-95.304504,493,,8.900014753,6.300010443,-2.100003481,26.7,-23.5,15.2,10.90414559,1684,364,1554,1297,,192.585308,357.229664,88,7.539,11.978,SE,3.196336,Calm,
3,98.3,32.82591901,-95.30449692,493,,8.700014421,6.500010774,-1.900003149,30.6,-17.5,18.4,10.86003615,1684,364,1554,1297,,192.585308,358.839008,88,7.539,11.978,SE,2.9996384,Calm,
4,98.4,32.8259266,-95.30448973,493,,8.300013758,6.700011106,-1.700002818,32.8,-15.1,22.3,10.66678836,1684,364,1209,1298,,192.585308,360.358944,88,7.539,11.978,SE,2.9996384,Calm,
0,98.5,32.82593421,-95.30448207,492,,7.900013095,6.900011437,-1.400002321,31.1,-18.4,26.6,10.48905911,1684,511,1024,1296,,192.585308,361.968288,88,7.539,11.978,SE,2.8968192,Calm,
1,98.6,32.82594006,-95.30447509,492,,7.500012432,7.000011603,-1.000001658,25.7,-25.4,31.1,10.25915896,1684,998,1024,1297,,192.585308,363.309408,88,7.539,11.978,SE,2.7984704,Calm,
2,98.7,32.82594698,-95.30446713,493,,7.200011935,7.100011769,-0.600000995,23.9,-26.8,33.5,10.11189057,1684,1024,1024,1296,,192.585308,364.874048,88,7.539,11.978,SE,2.7984704,Calm,
3,98.8,32.82595312,-95.30445945,493,,6.900011437,7.300011653,-0.400000663,24,-25,34.2,10.04491549,1684,1003,1024,1296,,192.585308,366.304576,88,7.539,11.978,SE,2.7984704,Calm,
4,98.9,32.82595882,-95.30445186,493,,6.60001094,7.500012432,-0.300000497,24.1,-26.6,33.7,9.990511612,1684,993,927,1297,,192.585308,367.6904,88,7.539,11.978,SE,2.7984704,Calm,
0,99,32.82596474,-95.30444336,493,,6.300010443,7.600012598,0,23.7,-26.4,34.2,9.87169285,1684,688,769,1297,,192.585308,369.210336,88,7.539,11.978,SE,2.7984704,Calm,
1,99.1,32.82597051,-95.30443466,493,,6.100010111,7.900013095,0,22.4,-25.6,34.9,9.980998153,1684,365,846,1296,,192.585308,370.730272,88,7.539,11.978,SE,2.7984704,Calm,
2,99.2,32.82597548,-95.30442679,493,,5.90000978,8.000013261,0.200000332,19.6,-30.9,34,9.940338077,1684,364,732,1296,,192.585308,372.071392,88,7.539,11.978,SE,2.7984704,Calm,
3,99.3,32.8259804,-95.30441868,493,,5.700009448,7.900013095,0.70000116,18.6,-32.1,33.1,9.741678866,1684,364,716,1296,,192.585308,373.457216,88,7.539,11.978,SE,2.7984704,Calm,
4,99.4,32.82598529,-95.30441048,492,,5.600009283,7.900013095,1.000001658,13.6,-33.4,32.9,9.683506892,1684,364,716,1298,,192.585308,374.84304,87,7.539,9.614,SE,2.7984704,Calm,
0,99.5,32.82599047,-95.30440155,492,,5.500009117,7.800012929,1.400002321,6.5,-35.3,33.8,9.544123843,1684,364,838,1297,,192.585308,376.318272,87,7.539,9.614,E,2.8968192,Calm,
1,99.6,32.82599585,-95.30439273,491,,5.500009117,7.700012764,1.700002818,2.1,-35.9,32.8,9.462573465,1684,364,1024,1302,,192.585308,377.793504,87,7.539,9.614,E,2.8968192,Calm,
2,99.7,32.82600112,-95.30438408,491,,5.600009283,7.600012598,2.000003315,6.7,-35.7,28.7,9.440354236,1684,364,1024,1301,,192.585308,379.268736,87,7.539,9.614,E,2.7984704,Calm,
3,99.8,32.82600649,-95.30437609,490,,5.600009283,7.400012266,2.400003978,13,-33.7,24.3,9.280101572,1684,364,1024,1301,,192.585308,380.65456,87,7.539,9.614,E,2.6956512,Calm,
4,99.9,32.82601132,-95.30436855,490,,5.600009283,7.300011653,2.700004476,14.6,-33.2,23.5,9.200558404,1684,364,1024,1301,,192.585308,381.950976,87,7.539,9.614,E,2.6956512,Calm,
0,100,32.82601681,-95.30436032,489,,5.600009283,7.200011935,3.100005139,14.7,-33,23.4,9.121418465,1684,855,1024,1303,,192.585308,383.381504,87,7.539,9.614,E,2.6956512,Calm,
1,100.1,32.82602212,-95.30435222,488,,5.600009283,7.200011935,3.400005636,15.5,-31.5,23.3,9.121418465,1684,1024,1024,1303,,192.585308,384.812032,87,7.713,9.614,E,2.7984704,Calm,
2,100.2,32.82602685,-95.30434515,487,,5.700009448,7.300011653,3.200005304,14.9,-28.4,24.4,9.261764438,1684,1024,1024,1303,,192.585308,386.063744,87,7.713,9.614,E,2.7984704,Calm,
3,100.3,32.82603184,-95.30433752,486,,5.90000978,7.600012598,2.700004476,14.3,-29.6,24.5,9.62134598,1684,1024,1024,1303,,192.585308,387.36016,87,7.713,9.614,E,2.7984704,Calm,
4,100.4,32.82603819,-95.30432813,485,,6.100010111,7.700012764,2.300003812,14,-31.1,23.7,9.823457234,1684,1024,1024,1302,,192.585308,389.014208,87,7.713,5.129,E,2.8968192,Calm,
0,100.5,32.82604422,-95.3043191,484,,6.300010443,7.900013095,2.000003315,13.2,-31.3,23.9,10.10447105,1684,1024,1024,1302,,192.585308,390.623552,87,7.713,5.129,E,2.8968192,Calm,
1,100.6,32.8260497,-95.30431119,484,,6.500010774,8.100013427,1.500002486,12.6,-31.8,24.2,10.38558411,1684,1024,1024,1304,,192.585308,392.009376,87,7.713,5.129,E,2.8968192,Calm,
2,100.7,32.82605603,-95.30430191,483,,6.700011106,8.200013592,1.100001823,12,-32.3,24.2,10.58916255,1684,1024,1010,1304,,192.585308,393.663424,87,7.713,5.129,E,2.9996384,Calm,
3,100.8,32.82606238,-95.30429302,483,,7.000011603,8.300013758,0.800001326,11.7,-32.4,24.2,10.8577339,1684,1024,990,1304,,192.585308,395.228064,87,7.713,5.129,E,2.9996384,Calm,
4,100.9,32.82606854,-95.30428442,483,,7.200011935,8.400013924,0.400000663,11.7,-32.8,24.1,11.06347154,1684,1024,938,1304,,192.585308,396.792704,87,7.713,5.129,E,2.9996384,Calm,
0,101,32.82607568,-95.30427483,483,,7.400012266,8.400013924,0.200000332,11.7,-33.2,24,11.1946599,1684,1024,680,1304,,192.585308,398.53616,87,7.713,5.129,E,3.0979872,Calm,
1,101.1,32.82608288,-95.3042652,483,,7.500012432,8.400013924,0,7.1,-34.2,24.6,11.26101315,1684,1024,532,1304,,192.585308,400.32432,87,7.713,5.129,E,3.0979872,Calm,
2,101.2,32.82608916,-95.30425699,483,,7.800012929,8.300013758,0,-11.6,-32.4,30.1,11.38992652,1684,799,1024,1304,,192.585308,401.844256,87,7.713,5.129,E,3.0979872,Calm,
3,101.3,32.82609684,-95.3042478,483,,8.200013592,7.900013095,-0.300000497,-15.9,-32.4,30.5,11.38641413,1684,779,1058,1306,,192.585308,403.587712,87,7.713,5.129,NE,3.196336,Calm,
4,101.4,32.82610417,-95.30423986,483,,8.300013758,7.400012266,0,6.3,-38.7,17.9,11.11982048,1684,364,1024,1306,,192.585308,405.197056,87,7.572,5.129,NE,3.196336,Calm,
0,101.5,32.82611113,-95.30423244,483,,8.000013261,7.100011769,0.70000116,12.2,-35.2,11.8,10.69627869,1684,364,1024,1305,,192.585308,406.672288,87,7.572,5.129,NE,3.2991552,Calm,
1,101.6,32.82611838,-95.30422493,483,,8.100013427,6.900011437,0.900001492,10.2,-32.8,14,10.64050598,1684,364,1024,1306,,192.585308,408.236928,87,7.572,5.129,NE,3.2991552,Calm,
2,101.7,32.82612497,-95.30421826,482,,8.100013427,6.700011106,1.200001989,11.6,-33.6,14.2,10.51191537,1684,364,1024,1306,,192.585308,409.622752,87,7.572,5.129,NE,3.2991552,Calm,
3,101.8,32.82613347,-95.30420979,482,,8.000013261,6.500010774,1.600002652,14.7,-33.5,12.5,10.30778082,1684,364,1024,1306,,192.585308,411.410912,87,7.572,5.129,NE,3.397504,Calm,
4,101.9,32.82614035,-95.3042031,481,,7.900013095,6.400010609,1.900003149,15.8,-32.3,12.4,10.16712058,1684,364,1123,1307,,192.585308,412.796736,87,7.572,5.129,NE,3.397504,Calm,
0,102,32.82614764,-95.30419629,480,,7.900013095,6.300010443,2.200003647,16.1,-32.3,12.1,10.10447105,1684,513,1505,1307,,192.585308,414.271968,87,7.572,5.129,NE,3.397504,Calm,
1,102.1,32.82615509,-95.30418927,480,,7.800012929,6.100010111,2.60000431,19.3,-30.5,11.8,9.902036137,1684,531,1647,1307,,192.585308,415.791904,87,7.572,5.129,NE,3.397504,Calm,
2,102.2,32.82616124,-95.30418342,479,,7.700012764,6.000009946,2.900004807,28.3,-19.8,13.5,9.761675859,1684,468,1684,1307,,192.585308,417.043616,87,7.572,5.129,NE,3.4958528,Calm,
3,102.3,32.82616772,-95.30417709,478,,7.500012432,6.200010277,2.900004807,32.8,-10.3,19,9.730894473,1684,364,1522,1306,,192.585308,418.384736,87,7.572,5.129,NE,3.397504,Calm,
4,102.4,32.8261748,-95.30416955,477,,7.100011769,6.400010609,2.900004807,34.5,-9.6,24.2,9.55878139,1684,364,1264,1307,,192.585308,419.904672,87,7.572,10.219,NE,3.0979872,Calm,
0,102.5,32.82618129,-95.30416215,476,,6.800011272,6.500010774,3.200005304,33.3,-15.2,31,9.406927714,1684,364,1230,1307,,192.585308,421.379904,87,7.572,10.219,NE,2.7984704,Calm,
1,102.6,32.8261866,-95.30415559,475,,6.500010774,6.60001094,3.600005967,28.8,-21.9,38.7,9.263384064,1684,364,1230,1307,,192.585308,422.631616,87,7.572,10.219,NE,2.5973024,Calm,
2,102.7,32.82619251,-95.30414798,474,,6.200010277,6.60001094,4.100006796,26.5,-23.4,43.5,9.055400045,1684,364,1224,1307,,192.585308,424.01744,87,7.572,10.219,NE,2.3961344,Calm,
3,102.8,32.82619788,-95.30414099,472,,5.90000978,6.700011106,4.500007459,27,-21.2,45.2,8.927500113,1684,422,713,1306,,192.585308,425.313856,87,7.572,10.219,NE,2.1994368,Calm,
4,102.9,32.8262027,-95.30413394,471,,5.600009283,6.900011437,4.700007791,22,-23.3,47.7,8.886521297,1684,664,426,1307,,192.585308,426.565568,87,7.572,10.219,NE,2.0966176,Calm,
0,103,32.82620779,-95.3041261,469,,5.300008785,7.200011935,4.400007293,4.3,-26.8,52,8.94037263,1684,725,542,1307,,192.585308,427.951392,87,7.572,10.219,N,1.9982688,Calm,
1,103.1,32.82621281,-95.30411772,468,,5.400008951,7.400012266,3.900006465,-10.4,-27.1,52.6,9.160800901,1684,962,954,1307,,192.585308,429.337216,87,7.856,10.219,N,1.89992,Calm,
2,103.2,32.82621762,-95.30411051,467,,5.700009448,7.400012266,3.500005802,8.8,-26.5,39.5,9.340785911,1684,998,996,1309,,192.585308,430.588928,87,7.856,10.219,N,1.89992,Calm,
3,103.3,32.82622252,-95.30410274,466,,5.700009448,7.700012764,3.100005139,18.9,-24.6,32.3,9.580203547,1684,1024,944,1308,,192.585308,431.930048,87,7.856,10.219,N,1.9982688,Calm,
4,103.4,32.82622837,-95.3040932,465,,5.700009448,8.000013261,2.60000431,18.4,-28.9,32.3,9.822948502,1684,1024,937,1308,,163.385832,433.539392,87,7.856,5.466,N,1.9982688,Calm,
0,103.5,32.82623329,-95.30408488,464,,5.700009448,8.200013592,2.300003812,16.4,-29.9,32.7,9.986507027,1684,1024,979,1311,,168.96326,434.925216,87,7.856,5.466,NE,2.0966176,Calm,
1,103.6,32.82623879,-95.30407564,463,,5.800009614,8.50001409,1.900003149,15,-30.2,32.2,10.29030334,1684,1024,1024,1316,,166.666672,436.489856,87,7.856,5.466,NE,2.1994368,Calm,
2,103.7,32.82624439,-95.30406571,463,,5.90000978,8.700014421,1.500002486,14.4,-31,31.3,10.51191537,1684,1024,1024,1317,,165.68242,438.0992,87,7.856,5.466,NE,2.1994368,Calm,
3,103.8,32.82625001,-95.3040565,462,,6.100010111,8.900014753,1.100001823,13.7,-31.7,31,10.78982763,1684,1024,1024,1316,,165.68242,439.66384,87,7.856,5.466,NE,2.2977856,Calm,
4,103.9,32.82625535,-95.30404727,462,,6.200010277,9.100015084,0.70000116,13.2,-31.6,31.1,11.01137573,1684,1024,999,1316,,165.68242,441.183776,87,7.856,5.466,NE,2.3961344,Calm,
0,104,32.82626131,-95.30403679,462,,6.400010609,9.20001525,0.300000497,13.4,-31.6,31,11.20715914,1684,1024,878,1316,,166.666672,442.927232,87,7.856,5.466,NE,2.4989536,Calm,
1,104.1,32.82626742,-95.30402621,462,,6.400010609,9.300015416,0.100000166,13.1,-32.9,30.9,11.28939393,1684,1168,600,1312,,162.40158,444.670688,87,7.856,5.466,NE,2.4989536,Calm,
2,104.2,32.82627222,-95.30401823,462,,6.500010774,9.300015416,0.100000166,3.7,-34.9,32.4,11.34638348,1684,1269,531,1312,,162.40158,446.011808,87,7.856,5.466,NE,2.5973024,Calm,
3,104.3,32.82627935,-95.30400727,462,,6.900011437,9.20001525,-0.100000166,-15.5,-30,37.6,11.50001906,1684,1259,731,1311,,168.96326,447.93408,87,7.856,5.466,NE,2.6956512,Calm,
4,104.4,32.82628615,-95.3039977,462,,7.600012598,8.700014421,-0.900001492,-24.7,-24.3,36.6,11.55207508,1684,1080,1024,1311,,168.96326,449.632832,87,7.856,5.466,NE,2.7984704,Calm,
0,104.5,32.826293,-95.30398946,462,,8.100013427,8.000013261,-1.200001989,-9.9,-34,29.4,11.38465726,1684,1024,1024,1311,,158.136488,451.242176,87,7.856,5.466,NE,2.7984704,Calm,
1,104.6,32.82630021,-95.30398167,463,,8.000013261,7.500012432,-0.500000829,10.9,-36.6,16.3,10.96587421,1684,1024,1024,1311,,159.12074,452.806816,87,7.856,5.466,NE,2.8968192,Calm,
2,104.7,32.82630776,-95.30397344,463,,7.900013095,7.300011653,-0.100000166,12,-34.6,14.8,10.75641094,1684,962,1024,1311,,160.104992,454.460864,87,7.856,5.466,NE,2.8968192,Calm,
3,104.8,32.82631525,-95.30396537,463,,8.200013592,7.200011935,-0.200000332,10.4,-33,17.2,10.91239616,1684,962,1024,1311,,171.916016,456.070208,87,7.856,5.466,NE,2.9996384,Calm,
4,104.9,32.82632239,-95.30395809,463,,8.300013758,7.000011603,-0.100000166,12.7,-33.2,16.3,10.8577339,1684,364,1017,1311,,162.40158,457.590144,87,7.856,5.466,NE,3.0979872,Calm,
0,105,32.82632997,-95.30395064,463,,8.200013592,6.800011272,0.100000166,15.3,-32.9,15.2,10.65271643,1684,364,901,1311,,162.40158,459.154784,87,7.856,5.466,NE,3.0979872,Calm,
1,105.1,32.82633771,-95.30394311,463,,8.200013592,6.700011106,0.400000663,16.7,-32.2,15.2,10.58916255,1684,364,940,1311,,162.40158,460.764128,87,7.606,5.466,NE,3.196336,Calm,
2,105.2,32.82634447,-95.30393661,462,,8.100013427,6.500010774,0.800001326,17.1,-32.1,15.4,10.38558411,1684,364,1024,1311,,162.40158,462.149952,87,7.606,5.466,NE,3.196336,Calm,
3,105.3,32.82635108,-95.30393029,462,,8.100013427,6.400010609,1.100001823,17.7,-31.4,15.1,10.32329176,1684,783,1024,1310,,162.40158,463.491072,87,7.606,5.466,NE,3.196336,Calm,
4,105.4,32.82635917,-95.30392241,462,,8.000013261,6.400010609,1.400002321,19.4,-30.1,14.5,10.24501551,1684,1024,1024,1311,,162.40158,465.14512,87,7.606,11.034,NE,3.2991552,Calm,
0,105.5,32.82636558,-95.30391627,461,,7.900013095,6.300010443,1.700002818,19.7,-29.2,14.3,10.10447105,1684,1024,1024,1311,,162.40158,466.48624,87,7.606,11.034,NE,3.2991552,Calm,
1,105.6,32.82637318,-95.3039086,461,,8.000013261,6.60001094,1.500002486,18.9,-26.8,15.3,10.37113086,1684,1024,1024,1311,,162.40158,468.095584,87,7.606,11.034,NE,3.2991552,Calm,
2,105.7,32.8263809,-95.30390081,460,,8.200013592,6.900011437,1.000001658,18.2,-27.6,15.4,10.71682689,1684,1024,1024,1311,,162.40158,469.704928,87,7.606,11.034,NE,3.397504,Calm,
3,105.8,32.82638843,-95.30389317,460,,8.300013758,7.000011603,0.600000995,17.5,-29.7,14.9,10.8577339,1684,1024,1024,1311,,166.666672,471.269568,87,7.606,11.034,NE,3.397504,Calm,
4,105.9,32.82639522,-95.30388613,460,,8.400013924,7.200011935,0.400000663,16.8,-30.6,14.8,11.06347154,1684,1024,1024,1311,,170.931764,472.7448,87,7.606,11.034,NE,3.397504,Calm,
0,106,32.82640368,-95.30387764,460,,8.600014255,7.200011935,0.200000332,16.6,-31.3,14.5,11.21607848,1684,1024,1024,1310,,170.931764,474.488256,87,7.606,11.034,NE,3.4958528,Calm,
1,106.1,32.82641183,-95.30386936,460,,8.700014421,7.300011653,0.100000166,16.7,-31.5,14.3,11.35695464,1684,1024,1024,1311,,170.931764,476.231712,87,7.545,11.034,NE,3.4958528,Calm,
2,106.2,32.82641896,-95.30386246,459,,8.800014587,7.300011653,0,17.3,-31.3,14.3,11.43374091,1684,1024,1024,1311,,165.68242,477.706944,87,7.545,11.034,NE,3.4958528,Calm,
3,106.3,32.82642648,-95.30385499,459,,8.800014587,7.300011653,0,17.7,-30.7,14.5,11.43374091,1684,1024,1024,1311,,168.96326,479.271584,87,7.545,11.034,NE,3.4958528,Calm,
4,106.4,32.82643542,-95.30384646,459,,8.900014753,7.300011653,0,18.2,-30.2,14.6,11.51088348,1684,1024,1024,1311,,160.104992,481.104448,87,7.545,11.034,NE,3.4958528,Calm,
0,106.5,32.82644261,-95.30383942,459,,8.800014587,7.200011935,0,18.8,-30.1,14.3,11.37015484,1684,1024,1024,1311,,160.104992,482.57968,87,7.545,11.034,NE,3.4958528,Calm,
1,106.6,32.8264511,-95.30383149,459,,8.800014587,7.200011935,0,19,-29.9,14.3,11.37015484,1684,1024,1024,1311,,168.96326,484.323136,87,7.545,11.034,NE,3.598672,Calm,
2,106.7,32.82645947,-95.30382333,459,,8.800014587,7.200011935,0,18.9,-29.4,14.6,11.37015484,1684,1024,1024,1311,,168.96326,486.021888,87,7.545,11.034,E,3.598672,Calm,
3,106.8,32.82646736,-95.30381569,459,,8.800014587,7.200011935,0,19.3,-28.9,14.8,11.37015484,1684,942,1009,1311,,164.370084,487.675936,87,7.545,11.034,E,3.598672,Calm,
4,106.9,32.82647486,-95.3038083,459,,8.800014587,7.200011935,0,19.1,-29.4,14.6,11.37015484,1684,364,1024,1311,,164.370084,489.240576,87,7.545,11.034,E,3.598672,Calm,
0,107,32.82648326,-95.30380024,459,,8.700014421,7.200011935,0,19.2,-30.6,14.1,11.29293672,1684,364,1006,1310,,162.40158,490.939328,87,7.545,11.034,E,3.598672,Calm,
1,107.1,32.82649146,-95.30379229,459,,8.600014255,7.000011603,0.200000332,20,-31.3,13.9,11.0887512,1684,364,1006,1310,,166.666672,492.63808,87,7.545,11.034,E,3.598672,Calm,
2,107.2,32.82649846,-95.30378558,459,,8.50001409,6.900011437,0.500000829,20.2,-29.7,14.1,10.9480771,1684,364,1010,1308,,165.68242,494.068608,87,7.545,11.034,E,3.598672,Calm,
3,107.3,32.82650571,-95.3037785,459,,8.400013924,6.900011437,0.70000116,21.2,-30,13.6,10.87062027,1684,364,1010,1310,,169.947512,495.588544,87,7.545,11.034,E,3.598672,Calm,
4,107.4,32.82651283,-95.30377143,459,,8.300013758,6.800011272,1.000001658,22.5,-30.2,13.5,10.72988224,1684,364,1024,1309,,164.370084,497.063776,87,7.545,11.563,E,3.598672,Calm,
0,107.5,32.82652068,-95.30376379,458,,8.200013592,6.700011106,1.400002321,22,-29.3,13.4,10.58916255,1684,408,1222,1307,,160.104992,498.717824,87,7.545,11.563,E,3.598672,Calm,
1,107.6,32.82652835,-95.30375641,458,,8.100013427,6.60001094,1.700002818,23.1,-28.8,13.4,10.44846207,1684,724,1684,1306,,158.136488,500.282464,87,7.545,11.563,E,3.598672,Calm,
2,107.7,32.82653554,-95.30374943,457,,8.000013261,6.500010774,2.100003481,28,-18.5,16,10.30778082,1684,809,1684,1307,,155.8399,501.757696,87,7.545,11.563,E,3.598672,Calm,
3,107.8,32.82654312,-95.30374192,456,,7.700012764,6.900011437,1.700002818,32.8,-5.6,22.2,10.33926271,1684,831,1487,1307,,161.417328,503.36704,87,7.545,11.563,E,3.598672,Calm,
4,107.9,32.82654953,-95.30373447,456,,7.100011769,7.500012432,1.100001823,35.1,-6.7,28.7,10.32764951,1684,902,1024,1307,,162.40158,504.797568,87,7.545,11.563,E,3.598672,Calm,
0,108,32.82655604,-95.30372552,456,,6.60001094,7.800012929,1.000001658,34.1,-15.4,34.7,10.21764861,1684,1024,1024,1308,,160.104992,506.406912,87,7.545,11.563,E,3.598672,Calm,
1,108.1,32.82656122,-95.30371781,455,,6.100010111,8.100013427,0.900001492,25.2,-21.4,43,10.14003621,1684,1024,1024,1308,,148.293968,507.792736,87,7.74,11.563,E,3.4958528,Calm,
2,108.2,32.82656667,-95.30370828,455,,5.700009448,8.600014255,0.400000663,23.1,-21,44.6,10.31747801,1684,1024,852,1307,,152.55906,509.357376,87,7.74,11.563,E,3.4958528,Calm,
3,108.3,32.82657149,-95.30369929,455,,5.400008951,8.900014753,0.200000332,23.8,-25.5,42.3,10.41010827,1684,1024,904,1307,,151.574808,510.787904,87,7.74,11.563,E,3.4958528,Calm,
4,108.4,32.82657635,-95.30368857,455,,5.20000862,9.000014918,0.300000497,22.1,-27.3,43.5,10.39424595,1684,1024,1024,1307,,168.96326,512.441952,87,7.74,6.693,E,3.4958528,Calm,
0,108.5,32.82658084,-95.30367867,455,,4.900008122,9.300015416,0,21.9,-26.9,44.7,10.51191537,1684,1024,941,1308,,150.590556,513.961888,87,7.74,6.693,E,3.4958528,Calm,
1,108.6,32.82658508,-95.30366909,455,,4.700007791,9.400015581,0,23.4,-26.9,43,10.50953667,1684,1024,629,1308,,146.325464,515.392416,87,7.74,6.693,E,3.4958528,Calm,
2,108.7,32.82658934,-95.30365826,455,,4.400007293,9.500015747,0.100000166,22.7,-27,43,10.46949664,1684,1280,814,1308,,145.013128,516.957056,87,7.74,6.693,E,3.4958528,Calm,
3,108.8,32.82659323,-95.30364818,455,,4.200006962,9.700016079,0,11.7,-32.2,44.9,10.57025856,1684,1187,1024,1307,,139.763784,518.432288,87,7.74,6.693,E,3.4958528,Calm,
4,108.9,32.82659682,-95.30363835,455,,4.200006962,9.600015913,0.100000166,11.8,-31.8,44.3,10.47856664,1684,403,1024,1308,,139.763784,519.862816,87,7.74,6.693,E,3.598672,Calm,
0,109,32.82660107,-95.30362764,455,,4.300007128,9.800016244,-0.100000166,19,-27,38.6,10.70188636,1684,364,780,1308,,147.309716,521.427456,87,7.74,6.693,E,3.598672,Calm,
1,109.1,32.82660512,-95.30361661,455,,4.200006962,9.800016244,-0.100000166,19,-31.6,36.7,10.6620998,1684,364,707,1308,,145.013128,522.992096,87,7.74,6.693,E,3.598672,Calm,
2,109.2,32.82660878,-95.30360725,455,,4.100006796,9.600015913,0.200000332,12,-36.1,38.2,10.43888692,1684,364,870,1307,,146.325464,524.37792,87,7.74,6.693,E,3.598672,Calm,
3,109.3,32.82661243,-95.30359756,455,,4.200006962,9.500015747,0.500000829,3.7,-37,40.4,10.38702804,1684,364,914,1308,,138.779532,525.763744,87,7.74,6.693,E,3.4958528,Calm,
4,109.4,32.8266167,-95.30358654,455,,4.300007128,9.300015416,0.800001326,7.2,-35.9,37.3,10.2459914,1684,364,922,1307,,136.482944,527.373088,87,7.505,6.693,E,3.4958528,Calm,
0,109.5,32.82662032,-95.30357761,454,,4.400007293,9.100015084,1.200001989,12.8,-34.5,33.2,10.10793427,1684,364,953,1307,,144.028876,528.714208,87,7.505,6.693,E,3.397504,Calm,
1,109.6,32.82662458,-95.30356784,454,,4.400007293,8.900014753,1.600002652,13.6,-33.1,32.3,9.928258609,1684,390,956,1307,,140.748036,530.18944,87,7.505,6.693,E,3.397504,Calm,
2,109.7,32.82662878,-95.30355799,453,,4.400007293,8.800014587,1.800002984,13.9,-33.1,32.1,9.838715156,1684,760,1024,1307,,138.779532,531.664672,87,7.505,6.693,E,3.397504,Calm,
3,109.8,32.8266331,-95.30354868,452,,4.400007293,8.600014255,2.200003647,14.6,-32.7,31.6,9.660243377,1684,1024,1024,1307,,134.51444,533.0952,87,7.505,6.693,E,3.397504,Calm,
4,109.9,32.82663698,-95.30353997,452,,4.400007293,8.50001409,2.500004144,16.5,-30.8,31.1,9.571327121,1684,1024,1024,1308,,137.467196,534.43632,87,7.505,6.693,E,3.397504,Calm,
0,110,32.82664109,-95.30353025,451,,4.500007459,8.700014421,2.200003647,15.7,-28.6,31.7,9.794912836,1684,1024,1024,1308,,132.217852,535.866848,87,7.505,6.693,E,3.397504,Calm,
1,110.1,32.82664549,-95.30352025,450,,4.600007625,8.900014753,1.800002984,14.3,-30,31.6,10.01849944,1684,1024,1024,1307,,127.95276,537.386784,87,7.505,6.693,E,3.397504,Calm,
2,110.2,32.82664926,-95.30351156,450,,4.800007956,9.000014918,1.400002321,13.2,-31.2,31.6,10.20001691,1684,1024,830,1307,,121.39108,538.6832,87,7.505,6.693,E,3.397504,Calm,
3,110.3,32.82665347,-95.3035023,449,,5.000008288,9.20001525,1.000001658,9.6,-32.3,32,10.47092941,1684,1024,524,1307,,123.687668,540.113728,87,7.505,6.693,E,3.397504,Calm,
4,110.4,32.826659,-95.30349145,449,,5.300008785,9.20001525,0.600000995,-8.6,-32.2,36.2,10.61745571,1684,1024,435,1308,,121.39108,541.857184,86,7.505,8.414,E,3.4958528,Calm,
0,110.5,32.82666372,-95.30348278,449,,6.000009946,8.900014753,0,-22.9,-26.6,38.3,10.73360966,1684,1024,516,1308,,121.39108,543.243008,86,7.505,8.414,E,3.4958528,Calm,
1,110.6,32.82666994,-95.30347287,449,,6.500010774,8.200013592,-0.200000332,-24.8,-29.5,35,10.46376425,1684,1024,630,1308,,116.141736,544.94176,86,7.505,8.414,E,3.4958528,Calm,
2,110.7,32.82667617,-95.30346386,449,,6.800011272,7.700012764,0,-20.8,-32.8,27.1,10.27279636,1684,1024,760,1307,,116.141736,546.551104,86,7.505,8.414,E,3.4958528,Calm,
3,110.8,32.82668246,-95.3034561,449,,7.100011769,7.100011769,0,-20.6,-31.2,19.6,10.04093281,1684,1024,737,1307,,119.422576,548.026336,86,7.505,8.414,NE,3.4958528,Calm,
4,110.9,32.82668885,-95.30344931,449,,7.700012764,6.300010443,-0.100000166,-19.2,-31.8,16.1,9.948885482,1684,1024,863,1307,,120.406828,549.367456,86,7.505,8.414,NE,3.4958528,Calm,
0,111,32.82669667,-95.30344316,449,,7.900013095,5.700009448,0,-14.9,-36.3,13.5,9.741678866,1684,1024,1024,1308,,120.406828,550.842688,86,7.505,8.414,NE,3.4958528,Calm,
1,111.1,32.82670405,-95.3034375,449,,8.100013427,5.20000862,0.200000332,-2.6,-36.2,7,9.625502557,1684,1024,1024,1307,,116.141736,552.228512,86,7.689,8.414,NE,3.4958528,Calm,
2,111.2,32.82671115,-95.30343245,449,,8.400013924,4.800007956,0.200000332,5.2,-33.7,2.5,9.674725238,1684,1024,1024,1306,,119.422576,553.480224,86,7.689,8.414,NE,3.4958528,Calm,
3,111.3,32.82671847,-95.30342768,449,,8.700014421,4.500007459,0,8.3,-32,1.9,9.794912836,1684,1024,1024,1307,,119.422576,554.731936,86,7.689,8.414,NE,3.4958528,Calm,
4,111.4,32.82672711,-95.30342228,449,,8.800014587,4.300007128,0,11.4,-32.3,1.3,9.794402316,1684,1024,1009,1307,,116.141736,556.207168,86,7.689,9.447,NE,3.4958528,Calm,
0,111.5,32.82673429,-95.3034182,449,,8.900014753,4.100006796,0.100000166,14.1,-30.9,0.5,9.798995652,1684,1024,687,1307,,118.11024,557.369472,86,7.689,9.447,NE,3.598672,Calm,
1,111.6,32.82674282,-95.30341346,449,,9.000014918,4.100006796,0,13.3,-30.5,0.7,9.889910177,1684,1024,553,1307,,122.703416,558.755296,86,7.689,9.447,NE,3.598672,Calm,
2,111.7,32.82675137,-95.3034088,449,,9.100015084,4.00000663,-0.100000166,0.1,-34.6,3.7,9.940338077,1684,1024,535,1307,,123.687668,560.14112,86,7.689,9.447,NE,3.598672,Calm,
3,111.8,32.8267598,-95.30340476,449,,9.300015416,3.600005967,0,-15.5,-31.8,6.8,9.972478465,1684,1024,540,1306,,119.422576,561.48224,86,7.689,9.447,NE,3.598672,Calm,
4,111.9,32.82676795,-95.30340145,449,,9.600015913,2.900004807,-0.200000332,-20.5,-29.8,4.1,10.02847604,1684,1024,574,1306,,125.656172,562.644544,86,7.689,9.447,NE,3.598672,Calm,
0,112,32.82677684,-95.30339866,449,,9.600015913,2.300003812,-0.100000166,-21.9,-31.4,-0.8,9.87169285,1684,1024,664,1306,,121.39108,563.896256,86,7.689,9.447,NE,3.598672,Calm,
1,112.1,32.82678591,-95.30339657,449,,9.700016079,1.600002652,0,-22,-30.5,-7,9.831089101,1684,1024,768,1307,,117.125988,565.05856,86,7.689,9.447,NE,3.598672,Calm,
2,112.2,32.82679372,-95.30339567,449,,9.700016079,0.800001326,-0.100000166,-18.9,-30.9,-12.3,9.732949516,1684,1024,768,1307,,122.703416,565.95264,86,7.689,9.447,NE,3.598672,Calm,
3,112.3,32.82680286,-95.30339524,449,,9.700016079,0.100000166,0,-11.5,-34.2,-17.6,9.700531516,1684,1024,1024,1305,,122.703416,566.980832,86,7.689,9.447,NE,3.598672,Calm,
4,112.4,32.82681188,-95.30339558,449,,9.700016079,-0.300000497,0.200000332,3.5,-35.2,-26.1,9.704654119,1684,1024,1024,1305,,118.11024,567.874912,86,7.705,9.447,NE,3.598672,Calm,
0,112.5,32.82682025,-95.30339619,449,,9.800016244,-0.70000116,0.200000332,9.5,-33.4,-30.7,9.824984323,1684,1024,1024,1305,,122.703416,568.724288,86,7.705,9.447,NE,3.598672,Calm,
1,112.6,32.82682921,-95.3033974,449,,10.00001658,-1.100001823,0.100000166,10.7,-32.7,-30.5,10.06033434,1684,1024,1024,1304,,126.968508,569.52896,86,7.705,9.447,NE,3.598672,Calm,
2,112.7,32.82683882,-95.303399,449,,10.10001674,-1.400002321,0,13,-32,-30.9,10.19658453,1684,1024,1024,1305,,125.656172,570.378336,86,7.705,9.447,NE,3.6970208,Calm,
3,112.8,32.82684793,-95.30340067,449,,10.20001691,-1.600002652,0,15.5,-31.1,-31.9,10.32474464,1684,1024,1024,1305,,121.39108,571.183008,86,7.705,9.447,NE,3.6970208,Calm,
4,112.9,32.82685673,-95.30340249,449,,10.30001707,-1.800002984,0,17.2,-30.4,-32.2,10.45611584,1684,1024,1024,1305,,132.217852,571.942976,86,7.705,9.447,NE,3.6970208,Calm,
0,113,32.82686668,-95.30340461,449,,10.40001724,-2.000003315,0,18.4,-29.7,-32.2,10.59057922,1684,1024,1024,1306,,124.67192,572.792352,86,7.705,9.447,NE,3.6970208,Calm,
1,113.1,32.82687527,-95.30340663,449,,10.60001757,-2.100003481,0,19.3,-28.9,-32.3,10.80603461,1684,1024,1024,1305,,124.67192,573.507616,86,7.705,9.447,NE,3.6970208,Calm,
2,113.2,32.82688528,-95.30340902,449,,10.70001774,-2.200003647,0,19.8,-28.6,-32.3,10.92384485,1684,1024,1024,1305,,131.2336,574.356992,86,7.705,9.447,NE,3.6970208,Calm,
3,113.3,32.82689447,-95.30341133,449,,10.70001774,-2.200003647,0,20.7,-28.4,-32.3,10.92384485,1684,1024,1024,1305,,131.2336,575.11696,86,7.705,9.447,NE,3.6970208,Calm,
4,113.4,32.82690518,-95.3034141,449,,10.8000179,-2.300003812,0,20.8,-27.9,-32.2,11.04220987,1684,978,1024,1307,,128.937012,575.966336,86,7.705,8.151,NE,3.6970208,Calm,
0,113.5,32.82691502,-95.30341664,449,,10.90001807,-2.300003812,0,21.5,-28,-32.5,11.14003608,1684,603,957,1307,,133.202104,576.771008,86,7.705,8.151,NE,3.6970208,Calm,
1,113.6,32.82692441,-95.30341881,449,,10.8000179,-2.300003812,0.100000166,21.2,-28.4,-32.7,11.04220987,1684,397,824,1310,,129.921264,577.57568,86,7.705,8.151,NE,3.6970208,Calm,
2,113.7,32.8269332,-95.30342113,449,,10.8000179,-2.400003978,0.300000497,20.7,-29.4,-33,11.06347154,1684,364,708,1308,,135.498692,578.290944,86,7.705,8.151,NE,3.6970208,Calm,
3,113.8,32.82694414,-95.303424,449,,10.60001757,-2.400003978,0.70000116,17.4,-31.4,-32.8,10.86832025,1684,364,704,1308,,138.779532,579.229728,86,7.705,8.151,NE,3.6970208,Calm,
4,113.9,32.82695324,-95.30342657,448,,10.60001757,-2.500004144,1.000001658,10.7,-34.3,-32.2,10.89083944,1684,364,799,1310,,132.217852,579.944992,86,7.705,8.151,NE,3.6970208,Calm,
0,114,32.82696284,-95.30342959,448,,10.5000174,-2.700004476,1.300002155,11.3,-34.2,-33.9,10.84160425,1684,364,715,1313,,132.217852,580.70496,86,7.705,8.151,NE,3.79984,Calm,
1,114.1,32.82697204,-95.30343262,448,,10.40001724,-2.900004807,1.700002818,13.2,-33.6,-37.4,10.79677642,1684,364,669,1316,,136.482944,581.420224,86,7.684,8.151,NE,3.79984,Calm,
2,114.2,32.82698075,-95.30343586,447,,10.30001707,-3.100005139,2.000003315,7.6,-35.3,-37.9,10.75641094,1684,364,593,1317,,121.39108,582.04608,86,7.684,8.151,NE,3.79984,Calm,
3,114.3,32.82699075,-95.30343989,447,,10.20001691,-3.400005636,2.200003647,-3.4,-35.3,-36.3,10.75176172,1684,364,594,1320,,117.125988,582.761344,86,7.684,8.151,NE,3.79984,Calm,
4,114.4,32.82700001,-95.30344388,446,,10.10001674,-3.800006299,2.400003978,-14.2,-32.9,-36.2,10.79121792,1684,555,942,1322,,117.125988,583.3872,86,7.684,6.515,NE,3.79984,Calm,
0,114.5,32.82700913,-95.30344838,445,,9.90001641,-4.300007128,2.60000431,-16.1,-32.1,-39.5,10.79353403,1684,1024,1024,1323,,113.845148,583.968352,86,7.684,6.515,NE,3.79984,Calm,
1,114.6,32.82701755,-95.30345315,444,,9.700016079,-4.700007791,2.900004807,5,-34.7,-48.8,10.77870035,1684,1024,1024,1323,,106.299216,584.415392,86,7.684,6.515,NE,3.79984,Calm,
2,114.7,32.82702676,-95.30345877,444,,9.700016079,-5.000008288,2.900004807,11.7,-30.7,-55.8,10.91285437,1684,1024,1024,1324,,103.018376,584.907136,86,7.684,6.515,NE,3.79984,Calm,
3,114.8,32.82703552,-95.30346464,443,,9.90001641,-5.500009117,2.500004144,9.8,-30.5,-55,11.32521167,1684,966,1024,1324,,102.034124,585.309472,86,7.684,6.515,NE,3.79984,Calm,
4,114.9,32.82704403,-95.30347063,443,,10.00001658,-6.000009946,2.000003315,10.4,-30.9,-54.2,11.66192309,1684,969,824,1326,,95.472444,585.667104,86,7.684,6.515,NE,3.8981888,Calm,
0,115,32.82705398,-95.30347787,442,,10.10001674,-6.400010609,1.700002818,12.8,-30.8,-55.7,11.95702582,1684,969,824,1326,,98.753284,586.06944,86,7.684,6.515,NE,3.8981888,Calm,
1,115.1,32.82706386,-95.30348547,442,,10.30001707,-6.800011272,1.300002155,10.5,-31.7,-56.2,12.34222409,1684,1024,538,1325,,97.769032,586.427072,86,7.684,6.515,NE,3.8981888,Calm,
2,115.2,32.82707238,-95.30349241,442,,10.40001724,-7.300011653,0.800001326,-9.9,-29.3,-50,12.7063185,1684,1024,364,1326,,94.488192,586.74,86,7.684,6.515,NE,3.8981888,Calm,
3,115.3,32.82708213,-95.30350132,442,,10.10001674,-8.200013592,0,-24.4,-21.6,-48.5,13.00963336,1684,1024,364,1326,,97.769032,586.96352,86,7.684,6.515,NE,3.8981888,Calm,
4,115.4,32.82709058,-95.3035105,442,,9.500015747,-8.900014753,-0.200000332,-29.2,-23.7,-53.1,13.01770153,1684,1180,364,1326,,95.472444,587.052928,86,7.684,6.515,NE,3.8981888,Calm,
0,115.5,32.82709842,-95.30351967,442,,9.000014918,-9.20001525,0,-29,-22.7,-64.4,12.87014168,1684,1617,364,1324,,93.50394,587.052928,86,7.684,6.515,NE,3.8981888,Calm,
1,115.6,32.827106,-95.30352992,442,,8.000013261,-9.90001641,-0.300000497,-31,-19.9,-75.2,12.72833567,1684,1684,364,1323,,58.070868,586.96352,86,7.684,6.515,NE,3.8981888,Calm,
2,115.7,32.82711247,-95.30354097,442,,6.700011106,-10.5000174,-0.900001492,-31.2,-19.6,-83.8,12.45554113,1684,1684,426,1323,,59.05512,586.605888,86,7.684,6.515,NE,3.8981888,Calm,
3,115.8,32.8271181,-95.30355332,443,,5.400008951,-10.90001807,-1.300002155,-30.7,-20.2,-92.9,12.16431201,1684,1684,604,1323,,60.039372,586.114144,86,7.684,6.515,NE,3.8981888,Calm,
4,115.9,32.82712207,-95.3035647,443,,4.100006796,-11.1000184,-1.700002818,-30,-21.7,-101.4,11.83302408,1684,1684,685,1323,,61.351708,585.443584,86,7.684,6.515,NE,3.8981888,Calm,
0,116,32.82712536,-95.30357737,444,,2.800004641,-11.20001857,-2.100003481,-31,-22.5,-108.6,11.54471457,1684,1684,743,1323,,85.958008,584.638912,86,7.684,6.515,NE,3.9965376,Calm,
1,116.1,32.82712649,-95.30358911,445,,1.400002321,-11.1000184,-2.500004144,-31.6,-23.5,-113.2,11.18795832,1684,1684,1024,1323,,95.472444,583.655424,86,7.76,6.515,NE,3.9965376,Calm,
2,116.2,32.82712699,-95.30360048,446,,0,-10.90001807,-2.900004807,-29.4,-24.9,-116.2,10.90001807,1684,1684,1024,1323,,94.488192,582.627232,86,7.76,6.515,NE,3.9965376,Calm,
3,116.3,32.82712564,-95.30361268,448,,-1.200001989,-10.8000179,-3.30000547,-21.5,-28.5,-118.9,10.86647979,1684,1563,1024,1324,,97.769032,581.286112,86,7.76,6.515,NE,3.9965376,Calm,
4,116.4,32.82712389,-95.30362371,449,,-2.100003481,-10.8000179,-3.600005967,-9.4,-32.2,-122.2,11.00229054,1684,949,1024,1325,,108.595804,580.0344,86,7.76,9.145,NE,3.9965376,Calm,
0,116.5,32.82712151,-95.30363635,450,,-2.800004641,-11.1000184,-3.700006133,-1.2,-34.3,-124.7,11.44772611,1684,619,748,1326,,128.937012,578.559168,86,7.76,9.145,NE,3.9965376,Calm,
1,116.6,32.82711893,-95.30364783,452,,-3.100005139,-11.20001857,-3.30000547,-0.3,-34.8,-125.8,11.62112041,1684,364,769,1326,,113.845148,577.173344,86,7.76,9.145,NE,3.9965376,Calm,
2,116.7,32.82711569,-95.30366064,453,,-3.400005636,-11.4000189,-3.000004973,-14.6,-30.5,-122.7,11.89623732,1684,364,526,1326,,117.125988,575.608704,86,7.76,9.145,NE,3.9965376,Calm,
3,116.8,32.82711223,-95.30367294,454,,-3.900006465,-11.4000189,-2.800004641,-24.6,-23.1,-122.1,12.04867125,1684,364,364,1336,,111.876644,573.99936,86,7.76,9.145,NE,3.9965376,Calm,
4,116.9,32.82710848,-95.30368439,456,,-4.500007459,-11.20001857,-2.60000431,-30.1,-15.9,-125.5,12.0702311,1684,402,364,1337,,119.422576,572.479424,86,7.76,9.145,NE,3.9965376,Calm,
0,117,32.82710392,-95.30369673,457,,-4.900008122,-10.8000179,-2.400003978,-32.1,-14,-131.3,11.85961491,1684,535,364,1338,,122.703416,570.780672,86,7.76,9.145,NE,3.9965376,Calm,
1,117.1,32.82709946,-95.30370788,458,,-5.300008785,-10.40001724,-2.000003315,-31.6,-15.7,-139,11.67263685,1684,546,364,1338,,128.937012,569.216032,86,7.76,9.145,NE,3.9965376,Calm,
2,117.2,32.82709474,-95.3037182,459,,-5.700009448,-10.00001658,-1.700002818,-30.3,-18.3,-147.5,11.51044895,1684,364,706,1341,,139.763784,567.696096,86,7.76,9.145,NE,3.9965376,Calm,
3,117.3,32.82708948,-95.303728,460,,-6.000009946,-9.600015913,-1.300002155,-29.1,-20.9,-156.7,11.32079581,1684,364,801,1347,,142.060372,566.131456,86,7.76,9.145,NE,3.9965376,Calm,
4,117.4,32.82708334,-95.30373897,461,,-6.300010443,-9.20001525,-0.900001492,-28,-22.6,-165.2,11.15035466,1684,364,838,1351,,154.855648,564.388,86,7.75,9.145,NE,3.9965376,Calm,
0,117.5,32.82707781,-95.303748,461,,-6.500010774,-8.700014421,-0.600000995,-24.8,-26,-170.4,10.86003615,1684,364,1024,1352,,161.417328,562.868064,86,7.75,9.145,NE,3.9965376,Calm,
1,117.6,32.82707183,-95.30375682,461,,-6.800011272,-8.300013758,-0.100000166,-21.7,-28.7,-173.5,10.72988224,1684,364,1120,1352,,162.40158,561.348128,86,7.75,9.145,NE,3.9965376,Calm,
2,117.7,32.82706527,-95.30376587,461,,-7.000011603,-7.900013095,0.200000332,-18.2,-30.2,-175.7,10.55511061,1684,364,1024,1352,,155.8399,559.738784,86,7.75,9.145,NE,3.9965376,Calm,
3,117.8,32.82705882,-95.30377395,461,,-7.300011653,-7.600012598,0.600000995,-15.5,-31.4,-177.4,10.53804352,1684,364,834,1360,,169.947512,558.174144,86,7.75,9.145,NE,3.9965376,Calm,
4,117.9,32.82705251,-95.30378145,461,,-7.500012432,-7.300011653,0.900001492,-15.3,-31.3,-178,10.46615278,1684,364,644,1361,,150.590556,556.743616,86,7.75,9.145,NE,3.9965376,Calm,
0,118,32.8270453,-95.30378939,461,,-7.700012764,-7.000011603,1.300002155,-17.4,-30.2,-177.8,10.40626507,1684,364,644,1361,,150.590556,555.134272,86,7.75,9.145,NE,3.9965376,Calm,
1,118.1,32.82703818,-95.30379658,460,,-8.000013261,-6.700011106,1.700002818,-21.4,-27.3,-178.1,10.435054,1684,460,364,1359,,142.060372,553.614336,86,7.75,9.145,NE,3.9965376,Calm,
2,118.2,32.82703135,-95.30380314,459,,-8.100013427,-6.300010443,2.000003315,-24.7,-24.8,-179.9,10.26159577,1684,460,364,1359,,148.293968,552.183808,86,7.75,9.145,NE,3.9965376,Calm,
3,118.3,32.82702361,-95.30381004,459,,-8.300013758,-5.90000978,2.400003978,-25.3,-25.1,175.1,10.1833365,1684,619,364,1360,,145.013128,550.619168,86,7.75,9.145,NE,3.9965376,Calm,
4,118.4,32.827016,-95.30381611,458,,-8.400013924,-5.600009283,2.700004476,-25.4,-24.7,166.5,10.0955602,1684,1015,364,1360,,137.467196,549.143936,86,7.75,4.188,NE,3.9965376,Calm,
0,118.5,32.82700793,-95.30382183,457,,-8.600014255,-4.700007791,2.500004144,-25.3,-21.4,155.2,9.800526317,1684,1474,602,1359,,135.498692,547.668704,86,7.75,4.188,NE,3.9965376,Calm,
1,118.6,32.82700087,-95.30382553,456,,-8.600014255,-3.700006133,1.900003149,-24.7,-23.3,147.7,9.362173198,1684,1641,1024,1356,,133.202104,546.461696,86,7.75,4.188,NE,3.9965376,Calm,
2,118.7,32.82699281,-95.30382899,456,,-8.50001409,-2.700004476,1.500002486,-22.4,-26.6,140.5,8.918534726,1684,1684,1034,1353,,132.217852,545.16528,86,7.75,4.188,NE,3.9965376,Calm,
3,118.8,32.82698502,-95.30383111,456,,-8.400013924,-1.800002984,1.100001823,-18.8,-30.2,135.4,8.590706436,1684,1684,1223,1353,,134.51444,544.04768,86,7.75,4.188,NE,3.9965376,Calm,
4,118.9,32.82697781,-95.30383243,455,,-8.400013924,-0.900001492,0.70000116,-18.1,-30.9,133.2,8.448090394,1684,1624,1507,1360,,132.217852,543.064192,86,7.75,4.188,NE,3.9965376,Calm,
0,119,32.82696974,-95.30383231,455,,-8.300013758,0,0.200000332,-16.5,-31.3,131.7,8.300013758,1684,1473,1684,1371,,137.467196,542.125408,86,7.75,4.188,NE,3.9965376,Calm,
1,119.1,32.82696186,-95.30383156,455,,-8.300013758,0.70000116,-0.100000166,-5.8,-20,129,8.329479506,1684,1439,1684,1371,,127.95276,541.276032,86,7.663,4.188,NE,3.9965376,Calm,
2,119.2,32.82695508,-95.30383021,455,,-8.300013758,1.100001823,-0.70000116,8.5,-4.5,131.9,8.37258802,1684,1365,1684,1371,,133.202104,540.605472,86,7.663,4.188,NE,3.9965376,Calm,
3,119.3,32.82694797,-95.30382907,456,,-8.300013758,0.900001492,-1.300002155,26.2,1,141.5,8.348666015,1684,1343,1684,1370,,135.498692,539.845504,86,7.663,4.188,NE,3.9965376,Calm,
4,119.4,32.82693948,-95.30382848,456,,-8.50001409,0.200000332,-1.500002486,33.3,3.5,152.3,8.502366414,1684,1340,1684,1370,,129.921264,538.90672,86,7.663,7.627,NE,3.9965376,Calm,
0,119.5,32.82693213,-95.30382877,457,,-8.600014255,-0.600000995,-1.800002984,34.6,8.8,162.2,8.62091874,1684,1342,1684,1370,,145.013128,538.01264,86,7.663,7.627,NE,4.0993568,Calm,
1,119.6,32.82692426,-95.30383043,458,,-8.400013924,-1.400002321,-1.800002984,34.6,10.8,171.6,8.515881327,1684,1345,1684,1369,,159.12074,536.939744,86,7.663,7.627,NE,4.0993568,Calm,
2,119.7,32.82691644,-95.30383259,458,,-8.100013427,-2.200003647,-1.800002984,33.8,11,-178.2,8.393463447,1684,1343,1684,1369,,161.417328,535.822144,86,7.663,7.627,NE,4.0993568,Calm,
3,119.8,32.82690923,-95.30383608,459,,-7.700012764,-2.900004807,-1.800002984,33.3,10.1,-169,8.22801439,1684,1338,1684,1369,,169.947512,534.65984,86,7.663,7.627,NE,4.0993568,Calm,
4,119.9,32.82690287,-95.30383954,460,,-7.200011935,-3.500005802,-1.900003149,33.5,7.4,-160.5,8.00563613,1684,1241,1684,1370,,168.96326,533.586944,86,7.663,7.627,NE,4.0993568,Calm,
0,120,32.82689645,-95.30384421,460,,-6.800011272,-4.100006796,-1.800002984,34,3.9,-152.4,7.940416123,1684,1184,1684,1375,,169.947512,532.379936,86,7.663,7.627,NE,4.0993568,Calm,
1,120.1,32.82689034,-95.30384922,461,,-6.300010443,-4.500007459,-1.600002652,34.6,0.6,-144.2,7.742105156,1684,1184,1684,1375,,177.493444,531.172928,86,7.663,7.627,NE,4.0993568,Calm,
2,120.2,32.82688543,-95.30385391,462,,-6.000009946,-4.800007956,-1.300002155,34.4,-1.6,-135.7,7.683761518,1684,1024,1024,1374,,173.228352,530.144736,86,7.663,7.627,NE,4.0993568,Calm,
3,120.3,32.8268805,-95.30385907,462,,-5.600009283,-5.100008454,-0.900001492,34.6,-4.2,-127,7.574310927,1684,1024,1024,1374,,175.196856,529.07184,86,7.663,7.627,NE,4.0993568,Calm,
4,120.4,32.82687518,-95.30386515,462,,-5.20000862,-5.400008951,-0.600000995,30.6,-16.2,-123.5,7.496677961,1684,1024,1024,1684,,175.196856,527.909536,86,7.797,7.627,NE,4.0993568,Calm,
0,120.5,32.8268709,-95.30387087,463,,-4.900008122,-5.700009448,-0.200000332,28.5,-20.5,-120.9,7.516660649,1684,1024,891,1684,,176.509192,526.83664,86,7.797,7.627,NE,4.0993568,Calm,
1,120.6,32.82686639,-95.30387717,463,,-4.500007459,-6.200010277,0,30.3,-17.2,-118.4,7.660952196,1684,1098,583,1684,,176.509192,525.71904,86,7.797,7.627,NE,4.0993568,Calm,
2,120.7,32.82686224,-95.30388436,463,,-4.100006796,-6.60001094,-0.100000166,29.2,-15.4,-116.9,7.769826106,1684,1273,618,1684,,160.104992,524.556736,86,7.797,7.627,NE,4.0993568,Calm,
3,120.8,32.82685884,-95.30389198,463,,-3.600005967,-7.000011603,-0.200000332,18.4,-7.9,-115.6,7.87148032,1684,1662,776,1684,,171.916016,523.394432,86,7.797,7.627,NE,4.0993568,Calm,
4,120.9,32.82685585,-95.30389926,463,,-3.200005304,-7.200011935,-0.70000116,26,-5.5,-119.6,7.879099223,1676,1684,702,1684,,170.931764,522.36624,86,7.797,7.627,NE,4.0993568,Calm,
0,121,32.8268534,-95.3039079,463,,-2.60000431,-7.500012432,-1.100001823,30.4,-11.5,-124.1,7.937896606,1651,1684,1024,1684,,166.666672,521.24864,85,7.797,4.797,NE,4.0993568,Calm,
1,121.1,32.82685142,-95.30391549,464,,-2.100003481,-8.100013427,-1.400002321,32.1,-14.7,-127.5,8.367809162,1629,1681,1379,1684,,174.212604,520.309856,85,7.797,4.797,NE,4.0993568,Calm,
2,121.2,32.82684988,-95.30392525,464,,-1.600002652,-8.800014587,-1.700002818,33.1,-12.8,-129.9,8.944286465,1643,1479,1684,1684,,179.461948,519.192256,85,7.797,4.797,NE,4.0993568,Calm,
3,121.3,32.82684858,-95.30393561,465,,-1.100001823,-9.400015581,-2.200003647,32.5,2.7,-125.9,9.464158222,1648,1500,1684,1684,,179.461948,518.074656,85,7.797,4.797,NE,4.0993568,Calm,
4,121.4,32.82684821,-95.30394595,466,,-0.300000497,-9.600015913,-2.60000431,30.8,16,-118.8,9.604702233,1653,1514,1684,1684,,166.666672,517.046464,85,7.797,4.797,NE,4.0993568,Calm,
0,121.5,32.82684839,-95.30395506,467,,0.500000829,-9.300015416,-2.900004807,31.3,19.7,-107.4,9.313446285,1654,1529,1684,1684,,178.477696,516.197088,85,7.797,4.797,NE,4.0993568,Calm,
1,121.6,32.82684958,-95.3039655,468,,1.300002155,-8.800014587,-3.200005304,31,20.8,-96.9,8.895518871,1653,1573,1684,1684,,188.320216,515.347712,85,7.797,4.797,NE,4.0993568,Calm,
2,121.7,32.82685132,-95.3039751,469,,2.000003315,-8.200013592,-3.400005636,30.5,21.1,-88.1,8.440392812,1654,1684,1461,1684,,189.304468,514.632448,85,7.797,4.797,NE,4.0993568,Calm,
3,121.8,32.82685377,-95.3039833,470,,2.700004476,-7.500012432,-3.600005967,31,19.1,-79.4,7.971210921,1656,1684,1156,1684,,189.304468,514.185408,85,7.797,4.797,NE,4.0993568,Calm,
4,121.9,32.82685651,-95.30399045,471,,3.30000547,-6.60001094,-4.00000663,32.2,12.9,-72.1,7.379036255,1684,1684,694,1684,,189.304468,513.827776,85,7.797,4.797,NE,4.0993568,Calm,
0,122,32.82686021,-95.30399677,473,,3.900006465,-5.90000978,-4.400007293,31.7,-1.3,-71,7.072493328,1684,1684,364,1684,,189.304468,513.693664,85,7.616,4.797,NE,4.0993568,Calm,
1,122.1,32.82686432,-95.30400319,474,,4.400007293,-5.600009283,-4.500007459,21.5,-17.4,-72.4,7.121808992,1684,1393,364,1217,,189.304468,513.559552,85,7.616,4.797,NE,4.0993568,Calm,
2,122.2,32.82686797,-95.30400834,476,,4.700007791,-5.800009614,-4.500007459,3.1,-25.7,-70.1,7.465264907,1684,1474,364,1024,,189.304468,513.514848,85,7.616,4.797,NE,4.0993568,Calm,
3,122.3,32.82687207,-95.30401447,478,,4.700007791,-6.200010277,-4.400007293,-13.1,-28.2,-74.5,7.780115626,1684,1437,364,1024,,189.304468,513.470144,85,7.616,4.797,NE,4.0993568,Calm,
4,122.4,32.82687623,-95.30402202,480,,4.300007128,-6.60001094,-4.200006962,-25.5,-27,-82.9,7.877195279,1684,1256,364,1024,,189.304468,513.246624,85,7.616,4.797,NE,4.0993568,Calm,
0,122.5,32.82687949,-95.30402903,482,,3.500005802,-7.000011603,-4.00000663,-32.7,-24.6,-91.8,7.826250601,1684,940,364,1024,,189.304468,512.9784,85,7.616,4.797,NE,3.9965376,Calm,
1,122.6,32.8268821,-95.30403674,484,,2.700004476,-7.200011935,-3.700006133,-33.4,-22.7,-101.8,7.689615954,1684,364,533,1122,,189.304468,512.576064,85,7.616,4.797,NE,3.9965376,Calm,
2,122.7,32.82688398,-95.30404461,486,,1.900003149,-7.200011935,-3.400005636,-31.2,-21.8,-112.2,7.446487886,1684,364,548,1145,,189.304468,512.08432,85,7.616,4.797,NE,3.9965376,Calm,
3,122.8,32.82688529,-95.30405287,487,,1.200001989,-7.200011935,-3.100005139,-29.5,-21.5,-121.7,7.299326788,1684,364,457,1146,,189.304468,511.503168,85,7.616,4.797,NE,3.9965376,Calm,
4,122.9,32.82688577,-95.3040603,489,,0.600000995,-7.000011603,-2.700004476,-27.6,-23,-128.8,7.025678852,1684,364,524,1155,,189.304468,510.877312,85,7.616,4.797,NE,3.9965376,Calm,
0,123,32.82688588,-95.3040683,490,,0.100000166,-6.900011437,-2.300003812,-26.1,-23.9,-135.3,6.900735642,1684,364,648,1240,,189.304468,510.162048,85,7.616,10.143,NE,3.9965376,Calm,
1,123.1,32.82688554,-95.30407597,491,,-0.300000497,-6.700011106,-1.900003149,-25.6,-24.5,-141.9,6.706723859,1684,364,702,1244,,189.304468,509.40208,85,7.616,10.143,NE,3.9965376,Calm,
2,123.2,32.82688481,-95.30408245,491,,-0.800001326,-6.500010774,-1.500002486,-25,-25.8,-147.6,6.549056427,1684,364,801,1246,,189.304468,508.73152,85,7.616,10.143,NE,3.9965376,Calm,
3,123.3,32.82688394,-95.30408891,492,,-1.300002155,-6.300010443,-1.100001823,-23.5,-26.7,-152,6.432739301,1684,364,746,1266,,189.304468,508.016256,85,7.616,10.143,NE,3.9965376,Calm,
4,123.4,32.82688226,-95.30409622,492,,-1.700002818,-6.100010111,-0.70000116,-21.7,-27.1,-155.5,6.332466441,1684,364,704,1269,,189.304468,507.16688,85,7.616,10.143,NE,3.9965376,Calm,
0,123.5,32.82688047,-95.30410231,492,,-2.100003481,-5.800009614,-0.300000497,-20.9,-27.3,-157.8,6.168478311,1684,364,660,1269,,189.304468,506.406912,85,7.616,10.143,NE,3.9965376,Calm,
1,123.6,32.82687812,-95.30410828,492,,-2.500004144,-5.600009283,0,-20.8,-26.3,-159.9,6.132709299,1684,364,612,1276,,189.304468,505.557536,85,7.616,10.143,NE,3.9965376,Calm,
2,123.7,32.82687512,-95.30411428,492,,-2.900004807,-5.400008951,0.400000663,-20.9,-26.1,-162.4,6.129447248,1684,364,628,1284,,189.304468,504.663456,85,7.616,10.143,NE,3.9965376,Calm,
3,123.8,32.82687219,-95.30411988,492,,-3.200005304,-5.20000862,0.800001326,-21.5,-25.8,-165.6,6.10574474,1684,364,646,1286,,189.304468,503.769376,85,7.616,10.143,NE,3.9965376,Calm,
4,123.9,32.82686908,-95.30412477,492,,-3.500005802,-4.900008122,1.200001989,-21.9,-25.7,-169.3,6.021637294,1684,364,684,1284,,189.304468,502.964704,85,7.616,10.143,NE,3.9965376,Calm,
0,124,32.82686547,-95.30412997,491,,-3.800006299,-4.700007791,1.500002486,-21.7,-25.1,-173.4,6.044015222,1684,364,822,1284,,189.304468,502.070624,85,7.804,3.791,NE,4.0993568,Calm,
1,124.1,32.82686186,-95.30413478,491,,-4.100006796,-4.400007293,1.900003149,-21.9,-25.2,-177.4,6.014159656,1684,419,1024,1284,,189.304468,501.176544,85,7.804,3.791,NE,4.0993568,Calm,
2,124.2,32.82685823,-95.3041391,490,,-4.300007128,-4.100006796,2.200003647,-20.7,-27.5,179.4,5.941390037,1684,419,1024,1284,,189.304468,500.327168,85,7.804,3.791,NE,4.0993568,Calm,
3,124.3,32.82685399,-95.30414359,489,,-4.600007625,-3.800006299,2.500004144,-16,-28.9,176.8,5.966583424,1684,841,1024,1285,,189.304468,499.433088,85,7.804,3.791,NE,4.0993568,Calm,
4,124.4,32.82684962,-95.30414732,488,,-5.000008288,-3.400005636,2.60000431,-13.2,-29.6,175.3,6.046496294,1684,1024,1024,1287,,189.304468,498.539008,85,7.804,3.791,NE,4.0993568,Calm,
0,124.5,32.82684457,-95.30415099,488,,-5.600009283,-3.000004973,2.200003647,-12.7,-31.1,173.6,6.352962331,1684,1024,1024,1288,,189.304468,497.600224,85,7.804,3.791,NE,4.0993568,Calm,
1,124.6,32.82683952,-95.30415336,487,,-6.200010277,-2.60000431,1.700002818,-8.5,-32.9,173.1,6.723105639,1684,1024,1024,1287,,189.304468,496.750848,85,7.804,3.791,NE,4.0993568,Calm,
2,124.7,32.82683322,-95.30415605,486,,-6.900011437,-2.200003647,1.300002155,-3.9,-34.9,172.4,7.242249168,1684,979,1024,1284,,189.304468,495.722656,85,7.804,3.791,NE,4.0993568,Calm,
3,124.8,32.82682622,-95.30415802,486,,-7.700012764,-2.000003315,0.800001326,-0.7,-35.4,171.2,7.955514005,1684,1021,1038,1283,,189.304468,494.694464,85,7.804,3.791,NE,4.0993568,Calm,
4,124.9,32.82681927,-95.30416006,486,,-8.400013924,-1.900003149,0.500000829,0.4,-35.8,170.7,8.612214871,1684,1024,1091,1284,,189.304468,493.666272,85,7.804,3.791,NE,4.0993568,Calm,
0,125,32.82681067,-95.30416199,486,,-9.000014918,-1.800002984,0.300000497,2.1,-35.5,170.4,9.178250213,1684,948,1161,1284,,189.304468,492.459264,85,7.804,3.791,NE,4.0993568,Calm,
1,125.1,32.82680299,-95.30416368,486,,-9.600015913,-1.700002818,0.100000166,5.7,-35.2,169.4,9.749375106,1684,573,1024,1283,,189.304468,491.386368,85,7.661,3.791,NE,4.0993568,Calm,
2,125.2,32.82679358,-95.30416563,485,,-10.00001658,-1.800002984,0.200000332,4.4,-34.5,169.4,10.16072522,1684,364,868,1284,,189.304468,490.045248,85,7.661,3.791,NE,4.0993568,Calm,
3,125.3,32.82678391,-95.30416774,485,,-10.20001691,-1.800002984,0.500000829,-0.2,-35,171.3,10.35762265,1684,364,720,1284,,189.304468,488.659424,85,7.661,3.791,NE,4.0993568,Calm,
4,125.4,32.82677481,-95.30416954,485,,-10.40001724,-1.700002818,0.900001492,-11.7,-33.6,174.6,10.53804352,1684,364,748,1293,,189.304468,487.407712,85,7.661,3.791,NE,4.0993568,Calm,
0,125.5,32.82676487,-95.30417128,485,,-10.60001757,-1.500002486,1.200001989,-22.4,-27.3,176.5,10.70562362,1684,364,759,1296,,189.304468,486.066592,85,7.661,3.791,NE,4.1977056,Calm,
1,125.6,32.82675646,-95.30417243,484,,-10.60001757,-1.200001989,1.500002486,-22.5,-24.4,174.6,10.6677258,1684,364,927,1296,,189.304468,484.904288,85,7.661,3.791,NE,4.1977056,Calm,
2,125.7,32.82674685,-95.30417354,484,,-10.70001774,-0.900001492,1.800002984,-15.6,-25,170.5,10.73780111,1684,364,1024,1296,,189.304468,483.652576,85,7.661,3.791,NE,4.1977056,Calm,
3,125.8,32.82673701,-95.30417441,483,,-10.70001774,-0.800001326,2.200003647,-3.4,-29.8,165.7,10.72988224,1684,364,1051,1296,,189.304468,482.400864,85,7.661,3.791,NE,4.1977056,Calm,
4,125.9,32.82672796,-95.30417501,482,,-10.70001774,-0.70000116,2.60000431,1.1,-33.5,163.5,10.72289009,1684,477,1339,1296,,189.304468,481.23856,85,7.661,3.791,NE,4.1977056,Calm,
0,126,32.82671768,-95.3041759,481,,-10.90001807,-0.70000116,3.000004973,4.4,-33.9,162.7,10.92247199,1684,602,1375,1297,,189.304468,479.942144,85,7.661,7.733,NE,4.1977056,Calm,
1,126.1,32.82670733,-95.30417661,479,,-11.00001823,-0.70000116,3.30000547,18.5,-24.1,159.8,11.02226831,1684,987,1024,1298,,189.304468,478.645728,85,7.661,7.733,NE,4.1977056,Calm,
2,126.2,32.82669811,-95.3041779,478,,-11.30001873,-1.000001658,3.000004973,17.2,-10.8,163.8,11.34418002,1684,974,1024,1297,,189.304468,477.394016,85,7.661,7.733,NE,4.1977056,Calm,
3,126.3,32.82668835,-95.30417929,477,,-11.50001906,-1.400002321,2.300003812,2.1,-20.4,168.6,11.58492313,1684,717,1024,1298,,189.304468,476.142304,85,7.661,7.733,NE,4.1977056,Calm,
4,126.4,32.82667686,-95.30418151,476,,-11.60001923,-1.400002321,2.200003647,-1.1,-26.7,170,11.68419641,1684,764,1024,1298,,189.304468,474.53296,85,7.661,7.733,NE,4.1977056,Calm,
0,126.5,32.82666732,-95.30418293,475,,-11.90001973,-1.300002155,1.900003149,1.3,-28.3,168.5,11.97081745,1684,808,1141,1298,,189.304468,473.281248,85,7.661,7.733,NE,4.1977056,Calm,
1,126.6,32.82665583,-95.3041845,474,,-12.10002006,-1.300002155,1.900003149,3.5,-27.5,168.2,12.16965414,1684,1019,1327,1298,,195.866148,471.761312,85,7.661,7.733,NE,4.1977056,Calm,
2,126.7,32.82664426,-95.30418615,473,,-12.50002072,-1.300002155,1.500002486,7.5,-22.5,167.6,12.56743882,1684,1038,1500,1299,,195.866148,470.241376,85,7.661,7.733,NE,4.1977056,Calm,
3,126.8,32.82663265,-95.30418773,472,,-12.70002105,-1.500002486,0.900001492,19.1,-10.8,167.5,12.7882967,1684,1024,1440,1299,,195.866148,468.72144,85,7.661,7.733,NE,4.1977056,Calm,
4,126.9,32.82662178,-95.30418972,472,,-12.70002105,-2.100003481,0.300000497,28,6,171.7,12.8724721,1684,1008,1024,1299,,195.866148,467.246208,85,7.661,7.733,NE,4.1977056,Calm,
0,127,32.82660964,-95.30419273,472,,-12.30002039,-2.900004807,0,27.7,10.5,175.8,12.63726736,1684,1024,1024,1299,,189.304468,465.547456,85,7.702,7.733,NE,4.1977056,Calm,
1,127.1,32.82659822,-95.30419645,472,,-11.90001973,-3.400005636,0,13.2,0.9,178.1,12.37620718,1684,1024,1024,1299,,191.272972,463.848704,85,7.702,7.733,NE,4.1977056,Calm,
2,127.2,32.82658846,-95.30419996,472,,-11.70001939,-3.500005802,0.200000332,5.8,-16.6,-178.7,12.21230891,1684,1024,1024,1299,,191.272972,462.373472,85,7.702,7.733,NE,4.1977056,Calm,
3,127.3,32.82657726,-95.30420396,472,,-11.70001939,-3.500005802,0.400000663,10.7,-17.2,-178,12.21230891,1684,1024,1024,1299,,191.272972,460.67472,85,7.702,7.733,NE,4.1977056,Calm,
4,127.4,32.8265673,-95.30420787,472,,-11.80001956,-3.900006465,0,14.4,-15.7,-178.3,12.42781169,1684,1024,845,1298,,191.272972,459.154784,85,7.702,7.733,NE,4.1977056,Calm,
0,127.5,32.82655783,-95.30421186,472,,-11.80001956,-4.100006796,0,10.2,-23.4,-178.6,12.49201781,1684,1024,1024,1296,,194.553812,457.679552,85,7.702,7.733,NE,4.1977056,Calm,
1,127.6,32.82654622,-95.30421642,472,,-11.80001956,-4.200006962,0.100000166,6.2,-25.2,-177.3,12.52519533,1684,1024,1024,1297,,186.023628,455.891392,85,7.702,7.733,NE,4.1977056,Calm,
2,127.7,32.82653652,-95.3042205,472,,-12.00001989,-4.400007293,0,9.1,-22.2,-178.6,12.78125716,1684,1024,1024,1296,,186.023628,454.371456,85,7.702,7.733,NE,4.1977056,Calm,
3,127.8,32.82652375,-95.30422602,472,,-12.10002006,-4.500007459,0,7.9,-22.8,-178.9,12.9097074,1684,949,1024,1297,,192.585308,452.359776,85,7.702,7.733,NE,4.1977056,Calm,
4,127.9,32.82651329,-95.30423072,472,,-12.20002022,-4.600007625,0,5.6,-25,-178.4,13.03842631,1684,441,1024,1298,,179.461948,450.705728,85,7.702,7.733,NE,4.1977056,Calm,
0,128,32.82650171,-95.30423588,472,,-12.20002022,-4.700007791,0.200000332,2.3,-27.3,-178.1,13.07404154,1684,364,962,1298,,186.023628,448.82816,85,7.702,6.303,NE,4.1977056,Calm,
1,128.1,32.82649012,-95.30424109,472,,-12.20002022,-4.700007791,0.600000995,2.3,-29.2,-178.2,13.07404154,1684,364,946,1299,,181.758536,446.995296,85,7.702,6.303,NE,4.1977056,Calm,
2,128.2,32.82648012,-95.30424547,471,,-12.20002022,-4.600007625,0.900001492,0.4,-30,-177.9,13.03842631,1684,364,946,1298,,182.742788,445.430656,85,7.702,6.303,NE,4.1977056,Calm,
3,128.3,32.82646961,-95.30425011,471,,-12.30002039,-4.600007625,1.300002155,0.1,-30.9,-177.8,13.13204364,1684,364,936,1299,,181.758536,443.776608,85,7.702,6.303,NE,4.1977056,Calm,
4,128.4,32.82645732,-95.30425557,470,,-12.30002039,-4.600007625,1.700002818,0.2,-32.1,-178.1,13.13204364,1684,364,893,1301,,174.212604,441.854336,85,7.702,6.303,NE,4.1977056,Calm,
0,128.5,32.82644561,-95.30426063,470,,-12.30002039,-4.500007459,2.100003481,-1.1,-33.4,-178.2,13.09734931,1684,364,882,1302,,170.931764,440.021472,85,7.702,6.303,NE,4.1977056,Calm,
1,128.6,32.82643559,-95.30426499,469,,-12.40002055,-4.500007459,2.500004144,-4.8,-34.4,-177.4,13.19130684,1684,379,678,1316,,168.96326,438.412128,85,7.702,6.303,NE,4.1977056,Calm,
2,128.7,32.82642379,-95.30426998,468,,-12.50002072,-4.400007293,2.800004641,-14.5,-31.9,-175.8,13.25181415,1684,657,495,1322,,167.650924,436.579264,85,7.702,6.303,NE,4.1977056,Calm,
3,128.8,32.8264125,-95.30427478,467,,-12.60002089,-4.200006962,3.100005139,-27.1,-21.4,-175.9,13.2815879,1684,914,949,1321,,160.104992,434.835808,85,7.702,6.303,NE,4.1977056,Calm,
4,128.9,32.82640227,-95.30427842,466,,-12.70002105,-3.500005802,2.800004641,-29.5,-12.7,179.7,13.17347977,1684,1024,1024,1321,,152.55906,433.315872,85,7.702,6.303,NE,4.1977056,Calm,
0,129,32.82638984,-95.30428178,465,,-12.70002105,-2.60000431,2.100003481,-15.4,-18.4,174.1,12.96343132,1684,1024,808,1323,,150.590556,431.572416,85,7.806,4.397,NE,4.1977056,Calm,
1,129.1,32.82637786,-95.30428448,464,,-12.70002105,-2.300003812,1.900003149,-2,-30.3,169.4,12.90660852,1684,1178,364,1323,,151.574808,429.963072,85,7.806,4.397,NE,4.1977056,Calm,
2,129.2,32.82636717,-95.30428662,463,,-13.00002155,-2.200003647,1.800002984,-15.1,-27,171.6,13.18486141,1684,1165,364,1322,,158.136488,428.532544,85,7.806,4.397,E,4.1977056,Calm,
3,129.3,32.82635601,-95.30428868,463,,-13.20002188,-1.600002652,1.100001823,-26.5,-17.2,172.5,13.29663795,1684,1275,1024,1308,,155.8399,427.102016,85,7.806,4.397,E,4.1977056,Calm,
4,129.4,32.82634249,-95.30428938,462,,-13.10002171,-0.70000116,0.500000829,-31.3,-14.5,164.6,13.11871067,1684,1357,1033,1308,,146.325464,425.492672,85,7.806,4.397,E,4.1977056,Calm,
0,129.5,32.82633193,-95.30428948,462,,-12.80002122,0.100000166,0,-29.2,-18.6,158.2,12.80041148,1684,1024,1030,1309,,146.325464,424.330368,85,7.806,4.397,E,4.1977056,Calm,
1,129.6,32.82632,-95.30428889,462,,-12.60002089,0.900001492,-0.300000497,-22.8,-28.7,155.9,12.63212283,1684,914,1024,1310,,146.325464,423.078656,85,7.806,4.397,E,4.1977056,Calm,
2,129.7,32.82630813,-95.3042875,462,,-12.50002072,1.300002155,-0.100000166,-19.8,-35.4,155,12.56743882,1684,1024,1334,1310,,147.309716,421.871648,85,7.806,4.397,E,4.1977056,Calm,
3,129.8,32.82629669,-95.3042857,462,,-12.40002055,1.600002652,0.200000332,-17.4,-35.2,153.2,12.50282008,1684,1024,1684,1306,,150.590556,420.798752,85,7.806,4.397,E,4.1977056,Calm,
4,129.9,32.82628599,-95.30428363,462,,-12.50002072,2.100003481,0.200000332,-2.5,-30.9,148,12.67519334,1684,1111,1684,1304,,153.871396,419.859968,85,7.806,4.397,E,4.1977056,Calm,
0,130,32.82627422,-95.3042811,462,,-12.70002105,2.300003812,-0.100000166,11.9,-14.1,142.7,12.90660852,1684,1199,1684,1305,,144.028876,418.831776,85,7.66,4.397,E,4.1977056,Calm,
1,130.1,32.82626218,-95.30427859,462,,-12.70002105,2.000003315,-0.400000663,22.1,-1.4,152.4,12.85653691,1684,1524,1655,1306,,134.51444,417.75888,85,7.66,4.397,E,4.1977056,Calm,
2,130.2,32.8262517,-95.30427754,462,,-12.60002089,1.400002321,-0.600000995,29.2,7.1,165.2,12.67755997,1684,1684,1571,1295,,140.748036,416.730688,85,7.66,4.397,E,4.1977056,Calm,
3,130.3,32.82624113,-95.30427681,463,,-12.30002039,0.400000663,-1.100001823,33.1,11.1,175.6,12.30652259,1684,1684,1624,1278,,143.044624,415.657792,85,7.66,4.397,E,4.1977056,Calm,
4,130.4,32.82622865,-95.30427726,463,,-11.80001956,-0.600000995,-1.600002652,34.1,10.3,-174.7,11.81526362,1684,1312,1684,1281,,169.947512,414.271968,85,7.66,4.397,E,4.1977056,Calm,
0,130.5,32.82621927,-95.30427855,464,,-11.20001857,-1.600002652,-2.000003315,33.3,9.2,-165.7,11.31372721,1684,440,1684,1280,,184.055124,413.109664,85,7.66,4.397,NE,4.1977056,Calm,
1,130.6,32.82620902,-95.30428123,465,,-10.5000174,-2.500004144,-2.300003812,32.7,4.7,-159.1,10.79353403,1684,364,1273,1263,,184.055124,411.768544,85,7.66,4.397,NE,4.1977056,Calm,
2,130.7,32.82619983,-95.30428448,465,,-10.10001674,-3.000004973,-2.000003315,31.7,-5.3,-155.7,10.53614539,1684,364,1024,1262,,184.055124,410.427424,85,7.66,4.397,NE,4.1977056,Calm,
3,130.8,32.8261908,-95.30428846,466,,-9.90001641,-3.30000547,-1.600002652,31.9,-7.3,-146.1,10.43553323,1684,364,1024,1262,,184.055124,409.086304,85,7.66,4.397,NE,4.2960544,Calm,
4,130.9,32.82618208,-95.30429229,466,,-9.600015913,-3.700006133,-1.200001989,31.5,-14.9,-141.4,10.28835961,1684,364,1024,1261,,184.055124,407.745184,85,7.66,4.397,NE,4.2960544,Calm,
0,131,32.82617336,-95.30429703,467,,-9.300015416,-4.100006796,-0.70000116,29.2,-19.7,-139.8,10.16367747,1684,364,1024,1261,,184.055124,406.314656,85,7.66,7.829,NE,4.2960544,Calm,
1,131.1,32.82616548,-95.30430139,467,,-9.100015084,-4.500007459,-0.300000497,27,-21.4,-139.3,10.15186355,1684,565,908,1249,,184.055124,405.01824,85,7.66,7.829,NE,4.2960544,Calm,
2,131.2,32.82615679,-95.30430689,467,,-8.900014753,-4.900008122,0,25.7,-22.4,-139.2,10.15974084,1684,1024,1089,1236,,184.055124,403.543008,85,7.66,7.829,NE,4.2960544,Calm,
3,131.3,32.82614912,-95.30431223,467,,-8.700014421,-5.300008785,0.300000497,25.9,-21.9,-138.5,10.18726375,1684,1024,1024,1256,,184.055124,402.157184,85,7.66,7.829,NE,4.2960544,Calm,
4,131.4,32.8261405,-95.30431891,467,,-8.400013924,-6.000009946,0.100000166,26.1,-18.9,-136.4,10.32280717,1684,1024,1024,1256,,184.055124,400.592544,85,7.66,7.829,NE,4.2960544,Calm,
0,131.5,32.8261341,-95.30432548,467,,-8.100013427,-6.60001094,0,27.1,-21.4,-137.8,10.44846207,1684,1024,1023,1256,,169.947512,399.20672,85,7.66,7.829,NE,4.2960544,Calm,
1,131.6,32.82612646,-95.30433309,467,,-7.900013095,-7.000011603,0.100000166,25.5,-23.6,-138.9,10.55511061,1569,1066,597,1631,,169.947512,397.597376,85,7.66,7.829,NE,4.2960544,Calm,
2,131.7,32.82611896,-95.30434168,467,,-7.700012764,-7.500012432,0.100000166,22.1,-24.8,-138.2,10.74897085,1463,1105,420,1684,,176.509192,395.943328,85,7.66,7.829,NE,4.2960544,Calm,
3,131.8,32.82611205,-95.3043502,467,,-7.600012598,-8.000013261,0,2.4,-24.4,-133,11.0345096,1566,1445,423,1684,,176.509192,394.28928,85,7.66,7.829,NE,4.2960544,Calm,
4,131.9,32.82610531,-95.30435845,467,,-7.700012764,-8.100013427,-0.100000166,-15,-15.3,-131.5,11.17588511,1608,1684,364,1684,,176.509192,392.72464,85,7.66,7.829,NE,4.2960544,Calm,
0,132,32.82609763,-95.30436747,467,,-8.100013427,-7.900013095,-0.70000116,-28,-6.7,-142.5,11.31461101,1663,1684,364,1684,,177.493444,390.981184,85,7.82,4.909,NE,4.2960544,Calm,
1,132.1,32.82608979,-95.30437559,467,,-8.50001409,-7.100011769,-1.200001989,-33.7,-5.4,-153.3,11.07521573,1684,1684,366,1684,,171.916016,389.282432,85,7.82,4.909,NE,4.3988736,Calm,
2,132.2,32.82608275,-95.30438187,468,,-8.800014587,-6.000009946,-1.700002818,-34.6,-7.3,-161.1,10.65083887,1684,1684,830,1684,,178.477696,387.896608,85,7.82,4.909,NE,4.3988736,Calm,
3,132.3,32.82607488,-95.30438697,468,,-9.100015084,-5.000008288,-2.100003481,-32.7,-10.2,-169.7,10.38317635,1684,1684,940,1684,,181.758536,386.555488,85,7.82,4.909,NE,4.3988736,Calm,
4,132.4,32.82606571,-95.3043922,469,,-9.20001525,-4.00000663,-2.60000431,-17.7,-13.7,-177.8,10.03196518,1684,1684,966,1684,,182.742788,385.035552,85,7.82,4.909,NE,4.3988736,Calm,
0,132.5,32.8260566,-95.30439591,470,,-9.300015416,-3.500005802,-2.900004807,0.6,-21.3,174.6,9.936816743,1684,1684,1024,1684,,182.742788,383.694432,85,7.82,4.909,NE,4.3988736,Calm,
1,132.6,32.82604886,-95.30439919,471,,-9.600015913,-3.500005802,-3.000004973,16,-26.8,170.6,10.21813767,1684,1667,1339,1684,,182.742788,382.532128,85,7.82,4.909,NE,4.3988736,Calm,
2,132.7,32.82604063,-95.30440255,472,,-10.00001658,-3.800006299,-3.200005304,23,-26.5,170.2,10.69768061,1684,1372,1684,1684,,202.099744,381.32512,85,7.82,4.909,NE,4.3988736,Calm,
3,132.8,32.82602976,-95.3044072,473,,-10.5000174,-4.300007128,-3.600005967,28,-10.3,172.6,11.34638348,1684,1375,1684,1684,,206.364836,379.715776,85,7.82,4.909,NE,4.3988736,Calm,
4,132.9,32.82602084,-95.30441284,474,,-10.40001724,-4.900008122,-3.800006299,30,9.6,176.8,11.4965402,1684,1372,1684,1684,,195.866148,378.19584,85,7.82,4.909,NE,4.3988736,Calm,
0,133,32.82601128,-95.30441877,476,,-10.00001658,-5.400008951,-3.700006133,32.2,16.4,-170.8,11.36487664,1684,693,1605,1684,,196.8504,376.586496,85,7.521,4.909,NE,4.3988736,Calm,
1,133.1,32.8260028,-95.30442541,477,,-9.400015581,-5.800009614,-3.400005636,31.8,18,-160.3,11.04537894,1684,381,1169,1684,,196.8504,375.021856,85,7.521,4.909,NE,4.3988736,Calm,
2,133.2,32.82599504,-95.30443171,478,,-8.800014587,-6.100010111,-3.100005139,29.9,17.5,-152,10.70749135,1684,364,1131,1684,,196.8504,373.546624,85,7.521,4.909,NE,4.3988736,Calm,
3,133.3,32.82598804,-95.30443809,479,,-8.200013592,-6.300010443,-2.800004641,30.6,13,-145.6,10.34071336,1684,364,1233,1684,,196.8504,372.1608,85,7.521,4.909,NE,4.3988736,Calm,
4,133.4,32.82598018,-95.30444581,480,,-7.800012929,-6.400010609,-2.400003978,31.8,5,-143.8,10.08961502,1684,364,1335,1684,,196.8504,370.506752,85,7.521,4.909,NE,4.3988736,Calm,
0,133.5,32.82597445,-95.30445207,480,,-7.400012266,-6.60001094,-1.900003149,33.2,1.2,-143.6,9.915660575,1684,364,1399,1684,,196.8504,369.25504,85,7.521,4.909,NE,4.3988736,Calm,
1,133.6,32.82596782,-95.30445979,481,,-7.000011603,-6.900011437,-1.500002486,34.4,3.7,-141.7,9.829054622,1684,364,1393,1684,,196.8504,367.779808,85,7.521,4.909,NE,4.3988736,Calm,
2,133.7,32.82596158,-95.30446779,482,,-6.500010774,-7.100011769,-1.200001989,34.9,7.8,-138.1,9.626022018,1684,364,1391,1684,,196.8504,366.259872,85,7.521,4.909,NE,4.3988736,Calm,
3,133.8,32.82595621,-95.30447549,482,,-6.000009946,-7.300011653,-0.800001326,35.1,8.3,-135.1,9.449354045,1684,364,1467,1684,,196.8504,364.918752,85,7.521,4.909,NE,4.3988736,Calm,
4,133.9,32.82595135,-95.30448303,483,,-5.600009283,-7.400012266,-0.400000663,34.4,7.8,-131.7,9.280101572,1684,364,1576,1684,,196.8504,363.577632,85,7.521,4.909,NE,4.3988736,Calm,
0,134,32.82594632,-95.30449153,483,,-5.100008454,-7.500012432,0,34.4,8.9,-127.4,9.069744665,1684,364,1243,1684,,196.8504,362.191808,85,7.521,7.408,NE,4.3988736,Calm,
1,134.1,32.82594194,-95.3044997,483,,-4.700007791,-7.600012598,0.300000497,34.5,10.3,-122.5,8.935897312,1684,364,1024,1684,,196.8504,360.850688,85,7.521,7.408,NE,4.3988736,Calm,
2,134.2,32.82593834,-95.30450737,482,,-4.200006962,-7.600012598,0.600000995,34.5,8.8,-118,8.683331335,1684,364,1024,1684,,196.8504,359.688384,85,7.521,7.408,NE,4.3988736,Calm,
3,134.3,32.82593495,-95.30451519,482,,-3.800006299,-7.700012764,1.000001658,34,-1.6,-117.9,8.586631666,1684,364,1024,1684,,196.8504,358.481376,85,7.521,7.408,NE,4.3988736,Calm,
4,134.4,32.82593127,-95.30452438,482,,-3.500005802,-7.800012929,1.500002486,34.2,-7.7,-117.1,8.549282815,1684,426,1024,1684,,196.8504,357.140256,85,7.521,7.408,NE,4.3988736,Calm,
0,134.5,32.82592814,-95.30453333,481,,-3.200005304,-7.900013095,1.900003149,33.8,-8.3,-116.4,8.523510959,1684,963,803,1684,,196.8504,355.84384,85,7.521,7.408,NE,4.3988736,Calm,
1,134.6,32.82592588,-95.30454086,480,,-2.800004641,-8.100013427,2.100003481,32.1,-7.8,-115.5,8.570311577,1684,1083,548,1684,,196.8504,354.815648,85,7.521,7.408,NE,4.3988736,Calm,
2,134.7,32.82592372,-95.30455025,480,,-2.100003481,-8.50001409,1.700002818,22,-5.1,-114,8.755583728,1684,1252,564,1684,,196.8504,353.60864,85,7.521,7.408,NE,4.3988736,Calm,
3,134.8,32.82592205,-95.30455951,479,,-1.700002818,-8.600014255,1.000001658,6.2,-3.2,-116.6,8.766427578,1684,1607,364,1684,,196.8504,352.446336,85,7.521,7.408,NE,4.3988736,Calm,
4,134.9,32.82592067,-95.30456824,479,,-1.700002818,-8.50001409,0.600000995,-9.4,-10.5,-120.3,8.668347449,1684,1684,364,1684,,196.8504,351.37344,85,7.521,7.408,NE,4.3988736,Calm,
0,135,32.82591922,-95.30457654,479,,-2.100003481,-8.400013924,0.200000332,-23.3,-18.1,-124.4,8.658535815,1684,1684,364,1684,,196.8504,350.345248,84,7.845,5.192,NE,4.3988736,Calm,
1,135.1,32.82591682,-95.30458596,479,,-2.900004807,-8.200013592,-0.100000166,-28.8,-19.7,-131.6,8.697714847,1684,1684,674,1684,,196.8504,349.093536,84,7.845,5.192,NE,4.3988736,Calm,
2,135.2,32.82591345,-95.30459493,479,,-3.900006465,-7.800012929,-0.500000829,-21.6,-14.6,-143,8.720679292,1684,1684,737,1684,,196.8504,347.79712,84,7.845,5.192,NE,4.2960544,Calm,
3,135.3,32.8259095,-95.3046035,479,,-4.500007459,-7.300011653,-1.100001823,-5.4,-9,-152.9,8.57556072,1684,1684,894,1329,,196.8504,346.500704,84,7.845,5.192,NE,4.2960544,Calm,
4,135.4,32.82590497,-95.30461113,480,,-4.600007625,-7.200011935,-1.500002486,13.7,-11.9,-159.2,8.544017578,1684,1684,1024,1248,,196.8504,345.204288,84,7.845,5.192,NE,4.2960544,Calm,
0,135.5,32.82590101,-95.30461864,481,,-4.700007791,-7.400012266,-1.700002818,23.4,-22.6,-164.5,8.766427578,1684,1359,1024,1269,,196.8504,343.99728,84,7.845,5.192,NE,4.1977056,Calm,
1,135.6,32.82589627,-95.30462716,481,,-5.000008288,-8.000013261,-1.900003149,17.5,-31.9,-165.1,9.433996433,1684,1024,1024,1268,,196.8504,342.611456,84,7.845,5.192,NE,4.1977056,Calm,
2,135.7,32.82589112,-95.30463673,482,,-5.600009283,-8.400013924,-2.100003481,5.9,-34.4,-161.3,10.0955602,1684,1024,1024,1269,,196.8504,341.046816,84,7.845,5.192,NE,4.1977056,Calm,
3,135.8,32.82588598,-95.30464538,483,,-6.000009946,-8.50001409,-1.900003149,-0.8,-32.5,-159.4,10.40434325,1684,1069,986,1278,,196.8504,339.616288,84,7.845,5.192,E,4.1977056,Calm,
4,135.9,32.82588069,-95.30465398,483,,-6.300010443,-8.400013924,-1.600002652,-1.7,-30.8,-159.9,10.5000174,1684,1420,790,1278,,196.8504,338.141056,84,7.845,5.192,E,4.1977056,Calm,
0,136,32.82587472,-95.30466329,484,,-6.60001094,-8.400013924,-1.300002155,-2,-30.1,-160.3,10.68271371,1684,651,1024,1323,,196.8504,336.576416,84,7.845,5.192,E,4.1977056,Calm,
1,136.1,32.82586925,-95.30467131,484,,-7.000011603,-8.300013758,-1.300002155,-8.6,-27.3,-159.4,10.8577339,1684,364,925,1383,,196.8504,335.145888,84,7.845,5.192,E,4.1977056,Calm,
2,136.2,32.82586211,-95.30468053,485,,-7.400012266,-8.100013427,-1.400002321,0.6,-21.2,-161.2,10.97134419,1684,364,720,1423,,196.8504,333.447136,84,7.845,5.192,E,4.1977056,Calm,
3,136.3,32.825855,-95.30468957,485,,-7.500012432,-8.000013261,-1.000001658,4.5,-25.8,-163.2,10.96587421,1684,364,704,1427,,196.8504,331.748384,84,7.845,5.192,E,4.1977056,Calm,
4,136.4,32.82584824,-95.30469811,486,,-7.600012598,-8.000013261,-0.500000829,-9.2,-29.2,-160.5,11.0345096,1684,364,560,1441,,196.8504,330.13904,84,7.845,5.192,E,4.1977056,Calm,
0,136.5,32.82584085,-95.30470695,486,,-7.900013095,-7.800012929,-0.200000332,-19.1,-24.7,-159.1,11.10181997,1684,443,364,1445,,196.8504,328.440288,84,7.845,5.192,E,4.1977056,Calm,
1,136.6,32.82583421,-95.30471412,486,,-8.200013592,-7.500012432,0,-25.3,-20.8,-161.1,11.11262359,1684,449,364,1455,,196.8504,326.965056,84,7.845,5.192,E,4.1977056,Calm,
2,136.7,32.82582628,-95.30472214,486,,-8.400013924,-7.100011769,0.200000332,-28.5,-20.1,-165.8,10.99865431,1684,364,646,1456,,196.8504,325.311008,84,7.845,5.192,E,4.1977056,Calm,
3,136.8,32.82581904,-95.30472933,486,,-8.50001409,-6.700011106,0.600000995,-28.8,-20.6,-173.6,10.82314105,1684,364,1002,1457,,196.8504,323.791072,84,7.845,5.192,E,4.1977056,Calm,
4,136.9,32.82581172,-95.30473582,485,,-8.600014255,-6.300010443,1.000001658,-28.9,-20.4,177.4,10.66069297,1684,486,1053,1460,,196.8504,322.360544,84,7.845,5.192,E,4.1977056,Calm,
0,137,32.82580352,-95.30474288,485,,-8.700014421,-5.800009614,1.300002155,-25.5,-25.4,172,10.45611584,1684,633,1024,1472,,196.8504,320.7512,84,7.701,7.001,E,4.1977056,Calm,
1,137.1,32.82579527,-95.30474917,484,,-8.800014587,-5.400008951,1.800002984,-18.5,-30.5,167.7,10.32474464,1684,636,1024,1490,,196.8504,319.231264,84,7.701,7.001,E,4.1977056,Calm,
2,137.2,32.82578808,-95.304754,484,,-8.900014753,-5.000008288,2.100003481,-15.5,-30.9,164.6,10.2083466,1684,452,1241,1489,,196.8504,317.979552,84,7.701,7.001,E,4.1977056,Calm,
3,137.3,32.82577951,-95.30475933,483,,-9.20001525,-4.500007459,2.200003647,-14.1,-30.6,163.9,10.24159878,1684,364,1322,1490,,196.8504,316.549024,84,7.701,7.001,E,4.1977056,Calm,
4,137.4,32.82577115,-95.30476377,482,,-9.300015416,-4.100006796,2.400003978,-9.5,-34.3,163.1,10.16367747,1684,364,1056,1490,,196.8504,315.207904,84,7.701,7.001,E,4.1977056,Calm,
0,137.5,32.82576354,-95.30476767,481,,-9.400015581,-3.900006465,2.900004807,-5.6,-35.2,161.4,10.17695143,1684,364,1163,1491,,196.8504,314.000896,84,7.701,7.001,E,4.1977056,Calm,
1,137.6,32.82575445,-95.30477197,480,,-9.600015913,-3.700006133,3.200005304,-7.1,-34,163.5,10.28835961,1684,364,1420,1490,,196.8504,312.615072,84,7.701,7.001,E,4.1977056,Calm,
2,137.7,32.82574528,-95.30477602,479,,-9.800016244,-3.400005636,3.600005967,2,-34.4,162.4,10.37305894,1684,364,1300,1490,,196.8504,311.273952,84,7.701,7.001,E,4.2960544,Calm,
3,137.8,32.82573642,-95.30477952,478,,-9.90001641,-3.30000547,4.00000663,21.4,-25.8,158.9,10.43553323,1684,364,1024,1489,,196.8504,309.977536,84,7.701,7.001,E,4.2960544,Calm,
4,137.9,32.82572785,-95.30478311,477,,-10.10001674,-3.500005802,4.200006962,19.4,-17.6,161.4,10.68926464,1684,364,1024,1489,,196.8504,308.725824,84,7.701,7.001,E,4.2960544,Calm,
0,138,32.82571822,-95.30478717,475,,-10.30001707,-3.700006133,3.900006465,8,-28.7,166.6,10.944423,1684,641,1163,1489,,196.8504,307.295296,84,7.81,7.001,E,4.2960544,Calm,
1,138.1,32.8257098,-95.30479074,474,,-10.5000174,-3.700006133,4.100006796,10.3,-31.1,169.4,11.13285259,1684,967,1024,1491,,196.8504,306.088288,84,7.81,7.001,E,4.2960544,Calm,
2,138.2,32.8256998,-95.3047949,473,,-10.70001774,-3.700006133,4.400007293,19.6,-27.2,165.5,11.32167916,1684,1024,1024,1490,,196.8504,304.613056,84,7.81,7.001,E,4.2960544,Calm,
3,138.3,32.82569055,-95.30479885,471,,-11.00001823,-4.00000663,4.200006962,19.4,-24.5,166.4,11.70471913,1684,1024,1024,1490,,196.8504,303.271936,84,7.81,7.001,E,4.2960544,Calm,
4,138.4,32.82567928,-95.30480388,470,,-11.4000189,-4.200006962,3.700006133,14.6,-25.4,168.2,12.14909387,1684,1024,1024,1462,,196.8504,301.617888,84,7.81,7.001,E,4.2960544,Calm,
0,138.5,32.82566934,-95.30480833,469,,-11.80001956,-4.400007293,3.30000547,11.7,-24.6,168.5,12.59366979,1684,1024,1024,1438,,196.8504,300.142656,84,7.81,7.001,E,4.2960544,Calm,
1,138.6,32.8256584,-95.30481331,468,,-12.10002006,-4.500007459,2.800004641,10.2,-22.4,168.7,12.9097074,1684,1024,1024,1427,,167.650924,298.533312,84,7.81,7.001,E,4.2960544,Calm,
2,138.7,32.82564684,-95.30481845,467,,-12.30002039,-4.500007459,2.300003812,8.4,-19.7,169.3,13.09734931,1684,1024,1024,1403,,165.68242,296.83456,84,7.81,7.001,E,4.2960544,Calm,
3,138.8,32.82563545,-95.30482354,466,,-12.50002072,-4.600007625,1.800002984,6.8,-18.4,169.6,13.31955635,1684,1024,1024,1400,,174.212604,295.180512,84,7.81,7.001,E,4.2960544,Calm,
4,138.9,32.82562468,-95.30482828,465,,-12.60002089,-4.600007625,1.300002155,5.5,-18,169.8,13.41344816,1684,1024,1024,1345,,171.916016,293.615872,84,7.81,7.001,E,4.2960544,Calm,
0,139,32.82561252,-95.30483341,465,,-12.80002122,-4.500007459,0.900001492,5.3,-18.1,169.9,13.56799928,1684,1024,1024,1335,,170.931764,291.872416,84,7.81,4.37,E,4.2960544,Calm,
1,139.1,32.82560216,-95.30483787,464,,-12.80002122,-4.500007459,0.500000829,4,-18.7,170,13.56799928,1684,1024,1024,1344,,170.931764,290.35248,84,7.81,4.37,E,4.2960544,Calm,
2,139.2,32.82558996,-95.3048428,464,,-12.90002138,-4.400007293,0.200000332,3.1,-20.5,170,13.62976903,1684,1024,1024,1356,,166.666672,288.653728,84,7.81,4.37,E,4.2960544,Calm,
3,139.3,32.8255789,-95.30484732,464,,-13.00002155,-4.300007128,0.100000166,4,-21.6,169.9,13.6927212,1684,1024,1024,1383,,169.947512,287.089088,84,7.81,4.37,E,4.2960544,Calm,
4,139.4,32.82556604,-95.30485232,464,,-13.00002155,-4.300007128,0.100000166,5.4,-21.4,169.6,13.6927212,1684,1024,1024,1403,,169.947512,285.345632,84,7.81,4.37,E,4.2960544,Calm,
0,139.5,32.82555488,-95.30485669,464,,-13.10002171,-4.200006962,0,7.2,-21.5,169.3,13.75683926,1684,1024,1024,1428,,164.370084,283.780992,84,7.81,4.37,E,4.1977056,Calm,
1,139.6,32.82554303,-95.30486103,464,,-13.10002171,-4.200006962,0,9.2,-21.6,168.8,13.75683926,1684,1023,1024,1456,,162.40158,282.216352,84,7.81,4.37,E,4.0993568,Calm,
2,139.7,32.82553066,-95.30486581,464,,-13.20002188,-4.200006962,0,10.6,-21.4,168.6,13.85209856,1684,1024,1024,1448,,162.40158,280.5176,84,7.81,4.37,E,3.9965376,Calm,
3,139.8,32.82551863,-95.30487038,464,,-13.20002188,-4.300007128,0,11.9,-21.4,168.3,13.88274584,1684,1024,1024,1417,,166.666672,278.908256,84,7.81,4.37,E,3.9965376,Calm,
4,139.9,32.8255073,-95.30487479,464,,-13.30002205,-4.300007128,0,12.1,-21.6,168.1,13.97786254,1684,1024,1024,1414,,169.947512,277.343616,84,7.81,4.37,E,3.8981888,Calm,
0,140,32.8254948,-95.30487965,464,,-13.30002205,-4.400007293,0,10.9,-22,168.4,14.00894881,1684,1024,1024,1414,,164.370084,275.644864,84,7.723,6.511,E,3.79984,Calm,
1,140.1,32.82548225,-95.30488457,464,,-13.40002221,-4.400007293,0,9.6,-23.3,168.6,14.10392335,1684,1024,1024,1417,,168.96326,273.946112,84,7.723,6.511,E,3.79984,Calm,
2,140.2,32.82547124,-95.3048887,464,,-13.40002221,-4.400007293,0,9.8,-23.6,168.6,14.10392335,1684,1024,1024,1415,,180.774284,272.515584,84,7.723,6.511,E,3.6970208,Calm,
3,140.3,32.82545974,-95.30489313,464,,-13.50002238,-4.400007293,0,10.4,-23.2,168.4,14.19896674,1684,1024,1024,1414,,178.477696,270.995648,84,7.723,6.511,NE,3.6970208,Calm,
4,140.4,32.82544624,-95.30489854,464,,-13.60002254,-4.400007293,0,10.7,-23.1,168.4,14.29407807,1684,1024,1194,1412,,169.947512,269.162784,84,7.723,6.511,NE,3.6970208,Calm,
0,140.5,32.82543459,-95.30490306,464,,-13.60002254,-4.400007293,0,12.3,-22.1,168.4,14.29407807,1684,803,1684,1414,,165.68242,267.598144,84,7.723,6.511,NE,3.598672,Calm,
1,140.6,32.82542223,-95.30490772,464,,-13.70002271,-4.500007459,0,22.4,-11.2,169.1,14.42014872,1684,364,1299,1412,,170.931764,265.9888,84,7.723,6.511,NE,3.4958528,Calm,
2,140.7,32.82540937,-95.30491299,464,,-13.60002254,-4.800007956,-0.100000166,27.1,9.2,172.5,14.42222879,1684,364,1246,1412,,170.931764,264.290048,84,7.723,6.511,NE,3.4958528,Calm,
3,140.8,32.82539716,-95.3049186,464,,-13.10002171,-5.300008785,-0.300000497,29.8,14.8,178.4,14.13154819,1684,364,1529,1413,,165.68242,262.591296,84,7.723,6.511,NE,3.598672,Calm,
4,140.9,32.82538622,-95.30492432,464,,-12.60002089,-5.700009448,-0.200000332,33.3,4.3,-177.6,13.82933931,1684,364,1644,1414,,164.370084,260.981952,84,7.723,6.511,NE,3.598672,Calm,
0,141,32.82537429,-95.30493142,464,,-12.30002039,-6.100010111,0,35.4,8.7,-170.5,13.72955283,1684,364,1502,1418,,164.370084,259.149088,84,7.813,6.511,NE,3.598672,Calm,
1,141.1,32.82536449,-95.3049376,464,,-11.80001956,-6.500010774,0.300000497,31.2,18.7,-166.3,13.47184455,1684,364,1321,1420,,164.370084,257.584448,84,7.813,6.511,NE,3.598672,Calm,
2,141.2,32.82535397,-95.30494499,464,,-11.20001857,-6.700011106,0.500000829,28.8,17.3,-161.9,13.05107486,1684,364,1299,1420,,164.370084,255.840992,84,7.813,6.511,NE,3.598672,Calm,
3,141.3,32.82534374,-95.30495273,464,,-10.60001757,-6.900011437,0.600000995,32.7,14.5,-153.2,12.64794536,1684,364,1540,1419,,164.370084,254.097536,84,7.813,6.511,NE,3.598672,Calm,
4,141.4,32.8253343,-95.30496046,464,,-10.10001674,-7.100011769,0.900001492,34.3,10.8,-148.6,12.3458697,1684,679,1684,1420,,164.370084,252.398784,84,7.813,6.511,NE,3.598672,Calm,
0,141.5,32.82532583,-95.30496791,463,,-9.700016079,-7.300011653,1.200001989,33.7,12,-146.6,12.1400364,1684,633,1625,1420,,164.370084,250.834144,84,7.813,6.511,NE,3.598672,Calm,
1,141.6,32.82531753,-95.30497552,463,,-9.20001525,-7.400012266,1.600002652,33,15.4,-141.7,11.80679713,1684,794,1095,1419,,164.370084,249.2248,84,7.813,6.511,NE,3.598672,Calm,
2,141.7,32.82530924,-95.30498388,462,,-8.50001409,-7.500012432,1.700002818,33,13.5,-135.5,11.33580249,1684,913,1037,1420,,164.370084,247.570752,84,7.813,6.511,NE,3.598672,Calm,
3,141.8,32.82530202,-95.30499194,462,,-7.900013095,-7.600012598,1.800002984,32.9,8.4,-128.4,10.96222592,1684,958,1024,1420,,164.370084,246.050816,84,7.813,6.511,NE,3.598672,Calm,
4,141.9,32.82529571,-95.30499978,461,,-7.100011769,-7.800012929,1.500002486,34,1.2,-124.3,10.54752882,1684,972,1024,1421,,164.370084,244.575584,84,7.813,6.511,NE,3.598672,Calm,
0,142,32.82528955,-95.30500881,461,,-6.200010277,-8.200013592,1.100001823,35,-5.3,-123.8,10.28009474,1684,974,1024,1420,,164.370084,243.010944,84,7.813,4.064,NE,3.6970208,Calm,
1,142.1,32.82528488,-95.30501693,461,,-5.500009117,-8.600014255,0.70000116,32.1,-11.7,-127.6,10.2083466,1684,982,1024,1420,,164.370084,241.669824,84,7.813,4.064,NE,3.6970208,Calm,
2,142.2,32.82528028,-95.30502701,460,,-5.000008288,-9.000014918,0.400000663,30.1,-17.2,-130.5,10.29564681,1684,982,1024,1420,,164.370084,240.105184,84,7.813,4.064,NE,3.6970208,Calm,
3,142.3,32.82527623,-95.30503648,460,,-4.700007791,-9.500015747,0.400000663,29.1,-20.7,-131.2,10.59907387,1684,1024,921,1419,,164.370084,238.629952,84,7.813,4.064,NE,3.6970208,Calm,
4,142.4,32.82527173,-95.3050481,460,,-4.400007293,-9.90001641,0.200000332,28.5,-21.1,-131.1,10.83376138,1684,747,1024,1420,,171.916016,236.886496,84,7.813,4.064,NE,3.6970208,Calm,
0,142.5,32.82526813,-95.30505854,460,,-4.200006962,-10.40001724,0.100000166,29.2,-20.3,-131.3,11.21607848,1684,364,1024,1420,,168.96326,235.36656,84,7.813,4.064,NE,3.6970208,Calm,
1,142.6,32.82526407,-95.30506993,460,,-4.00000663,-10.60001757,0.300000497,30.1,-21.8,-132.9,11.32962574,1684,364,1033,1420,,150.590556,233.667808,84,7.813,4.064,NE,3.6970208,Calm,
2,142.7,32.82526031,-95.30508203,460,,-3.900006465,-10.70001774,0.70000116,30,-22.3,-133,11.38860954,1684,364,1186,1419,,150.590556,231.924352,84,7.813,4.064,NE,3.6970208,Calm,
3,142.8,32.82525675,-95.30509347,459,,-3.800006299,-10.90001807,1.000001658,29.6,-21.1,-131.9,11.54341547,1684,364,1400,1420,,164.370084,230.270304,84,7.813,4.064,NE,3.6970208,Calm,
4,142.9,32.82525355,-95.3051047,459,,-3.700006133,-11.00001823,1.400002321,32.5,-15.7,-130,11.60562109,1684,414,1487,1420,,163.385832,228.705664,84,7.813,4.064,NE,3.6970208,Calm,
0,143,32.82524987,-95.30511714,458,,-3.400005636,-11.1000184,1.700002818,34.8,-4.2,-125.1,11.60906732,1684,678,1024,1420,,164.370084,226.917504,84,7.724,5.558,NE,3.6970208,Calm,
1,143.1,32.82524717,-95.30512789,458,,-3.100005139,-11.20001857,1.900003149,35.2,-3.3,-123.5,11.62112041,1684,982,1024,1420,,164.370084,225.397568,84,7.724,5.558,NE,3.6970208,Calm,
2,143.2,32.82524425,-95.30514069,457,,-2.60000431,-11.30001873,2.000003315,31.5,-13.1,-121.2,11.59527658,1684,1024,1024,1418,,163.385832,223.654112,84,7.724,5.558,NE,3.6970208,Calm,
3,143.3,32.82524188,-95.30515377,457,,-2.200003647,-11.70001939,1.500002486,28.5,-14.7,-118,11.90506055,1684,914,933,1417,,163.385832,221.910656,84,7.724,5.558,NE,3.6970208,Calm,
4,143.4,32.82524035,-95.30516609,456,,-1.700002818,-12.00001989,1.100001823,28.8,-15.4,-119.5,12.11983823,1684,592,697,1418,,159.12074,220.346016,84,7.724,5.558,NE,3.6970208,Calm,
0,143.5,32.82523905,-95.30517844,456,,-1.300002155,-12.20002022,0.900001492,25.6,-22.7,-121.5,12.26908701,1684,524,510,1419,,154.855648,218.781376,84,7.724,5.558,NE,3.6970208,Calm,
1,143.6,32.82523812,-95.30519141,455,,-1.300002155,-12.20002022,1.300002155,13.3,-31.8,-120.8,12.26908701,1684,923,364,1418,,151.574808,217.172032,84,7.724,5.558,NE,3.6970208,Calm,
2,143.7,32.82523686,-95.30520518,455,,-1.400002321,-12.30002039,1.600002652,-11.1,-29.9,-114.2,12.37943883,1684,1046,364,1419,,149.606304,215.428576,84,7.724,5.558,NE,3.6970208,Calm,
3,143.8,32.82523501,-95.30521822,454,,-2.200003647,-12.40002055,1.100001823,-24,-19.7,-117.8,12.59366979,1684,1343,364,1418,,145.013128,213.774528,84,7.724,5.558,NE,3.6970208,Calm,
4,143.9,32.82523251,-95.3052307,454,,-3.200005304,-12.10002006,0.400000663,-26.4,-18.8,-128.7,12.51601045,1684,1684,575,1418,,135.498692,212.075776,84,7.724,5.558,NE,3.6970208,Calm,
0,144,32.82522852,-95.30524358,454,,-4.00000663,-11.70001939,0.100000166,-28.5,-20.7,-137.9,12.36488992,1684,1684,1024,1420,,134.51444,210.242912,84,7.724,5.558,NE,3.6970208,Calm,
1,144.1,32.82522475,-95.3052545,454,,-5.000008288,-11.00001823,-0.200000332,-30.2,-19,-146.5,12.08306562,1684,1684,1069,1422,,135.498692,208.633568,84,7.724,5.558,NE,3.6970208,Calm,
2,144.2,32.82521898,-95.30526624,454,,-5.90000978,-10.20001691,-0.800001326,-25,-25.1,-151,11.78348221,1684,1684,1347,1422,,140.748036,206.756,84,7.724,5.558,NE,3.6970208,Calm,
3,144.3,32.82521286,-95.30527726,455,,-6.60001094,-9.600015913,-1.000001658,-13.6,-33.5,-156.8,11.64991157,1684,1659,1592,1421,,142.060372,204.96784,84,7.724,5.558,NE,3.6970208,Calm,
4,144.4,32.82520602,-95.30528686,455,,-7.300011653,-9.300015416,-1.100001823,4.3,-29.6,-165.1,11.8228785,1684,1636,1684,1420,,146.325464,203.269088,84,7.724,5.558,NE,3.6970208,Calm,
0,144.5,32.82519973,-95.30529579,456,,-7.800012929,-9.300015416,-1.600002652,14.5,-12.3,-166.5,12.13797688,1684,1640,1684,1418,,146.325464,201.659744,84,7.724,5.558,NE,3.6970208,Calm,
1,144.6,32.82519215,-95.3053062,456,,-7.800012929,-9.500015747,-2.100003481,22.8,5,-157.7,12.29188739,1684,1640,1684,1418,,160.104992,199.82688,84,7.724,5.558,NE,3.6970208,Calm,
2,144.7,32.82518495,-95.30531688,457,,-7.000011603,-9.700016079,-2.700004476,31.5,19.1,-140.9,11.96204295,1684,1478,1684,1417,,161.417328,197.949312,84,7.724,5.558,NE,3.6970208,Calm,
3,144.8,32.82517944,-95.30532762,458,,-5.600009283,-9.800016244,-3.30000547,33.1,25.5,-129.1,11.2871793,1684,1478,1684,1417,,155.8399,196.25056,84,7.724,5.558,E,3.598672,Calm,
4,144.9,32.82517539,-95.30533744,459,,-4.100006796,-9.600015913,-3.800006299,32.2,23.7,-122.4,10.43888692,1684,973,1684,1412,,167.650924,194.730624,84,7.724,5.558,E,3.598672,Calm,
0,145,32.82517267,-95.30534868,461,,-3.400005636,-9.400015581,-3.700006133,30.2,10.8,-118.5,9.996015568,1684,364,1467,1405,,173.228352,193.210688,84,7.679,8.828,E,3.4958528,Calm,
1,145.1,32.82516998,-95.30535778,462,,-3.000004973,-9.300015416,-3.100005139,30.5,7.1,-109.8,9.771914416,1684,364,1068,1384,,175.196856,191.914272,84,7.679,8.828,E,3.4958528,Calm,
2,145.2,32.82516803,-95.30536813,463,,-2.500004144,-9.20001525,-2.800004641,32.7,3.3,-102.3,9.533640308,1684,364,1024,1383,,175.196856,190.528448,84,7.679,8.828,E,3.397504,Calm,
3,145.3,32.82516624,-95.30537757,464,,-2.100003481,-9.100015084,-2.500004144,32.7,-11.1,-102.9,9.339180143,1684,364,1024,1383,,175.196856,189.276736,84,7.679,8.828,E,3.397504,Calm,
4,145.4,32.8251642,-95.30538786,464,,-1.800002984,-9.100015084,-2.000003315,31.6,-17.1,-102.7,9.276329001,1684,509,1024,1385,,175.196856,187.890912,84,7.679,8.828,E,3.397504,Calm,
0,145.5,32.8251629,-95.30539721,465,,-1.400002321,-9.20001525,-1.600002652,30.9,-17.9,-102.2,9.30592752,1684,668,1024,1386,,175.196856,186.683904,84,7.679,8.828,E,3.397504,Calm,
1,145.6,32.82516144,-95.30540723,466,,-1.100001823,-9.300015416,-1.200001989,30.9,-18.8,-101.9,9.364842921,1684,1024,1024,1386,,175.196856,185.387488,84,7.679,8.828,E,3.397504,Calm,
2,145.7,32.82516064,-95.3054173,466,,-0.800001326,-9.400015581,-0.800001326,29.9,-19.5,-102.2,9.433996433,1684,1024,1024,1385,,175.196856,184.18048,84,7.679,8.828,E,3.397504,Calm,
3,145.8,32.82515981,-95.30542821,466,,-0.500000829,-9.500015747,-0.400000663,29.2,-20.2,-102.3,9.513164535,1684,1024,594,1384,,175.196856,182.83936,84,7.679,8.828,E,3.397504,Calm,
4,145.9,32.82515952,-95.30543807,466,,-0.100000166,-9.700016079,-0.200000332,26.9,-22.1,-102.5,9.700531516,1684,833,444,1386,,175.196856,181.677056,84,7.679,8.828,E,3.397504,Calm,
0,146,32.8251595,-95.30544924,466,,0,-9.90001641,-0.100000166,7.2,-29.1,-98.9,9.90001641,1684,455,584,1385,,175.196856,180.38064,84,7.804,8.828,E,3.397504,Calm,
1,146.1,32.82515947,-95.30546066,466,,0,-10.20001691,0.100000166,-14.1,-25.7,-94,10.20001691,1684,364,729,1386,,175.196856,179.084224,84,7.804,8.828,E,3.397504,Calm,
2,146.2,32.82515942,-95.3054705,466,,-0.200000332,-10.30001707,0.300000497,-5.3,-17.2,-105.8,10.30195857,1684,364,766,1384,,175.196856,177.966624,84,7.804,8.828,E,3.397504,Calm,
3,146.3,32.82515901,-95.305481,466,,-0.400000663,-10.30001707,0.500000829,8.2,-15.4,-116.9,10.30778082,1684,364,1024,1386,,176.509192,176.714912,84,7.804,8.828,E,3.397504,Calm,
4,146.4,32.82515866,-95.30549267,466,,-0.500000829,-10.30001707,0.900001492,9.2,-23.5,-119.6,10.31214572,1684,364,1024,1386,,182.742788,175.373792,84,7.804,8.828,E,3.397504,Calm,
0,146.5,32.82515808,-95.30550486,465,,-0.600000995,-10.30001707,1.400002321,16.7,-28.7,-122.4,10.31747801,1684,364,1088,1385,,181.758536,173.89856,84,7.804,8.828,E,3.397504,Calm,
1,146.6,32.82515743,-95.30551507,465,,-0.600000995,-10.5000174,1.700002818,19.4,-26.4,-124.2,10.51714619,1684,364,1209,1386,,180.774284,172.691552,84,7.804,4.861,E,3.397504,Calm,
2,146.7,32.82515676,-95.30552722,464,,-0.70000116,-10.90001807,1.500002486,19.4,-24.8,-124.8,10.92247199,1684,364,1156,1387,,179.461948,171.261024,84,7.804,4.861,E,3.397504,Calm,
3,146.8,32.82515622,-95.30553889,464,,-0.70000116,-11.1000184,1.400002321,22.3,-26.9,-126.1,11.1220682,1684,364,1440,1387,,160.104992,169.919904,84,7.804,4.861,E,3.397504,Calm,
4,146.9,32.82515555,-95.30555015,463,,-0.800001326,-11.1000184,1.900003149,24.2,-27,-125.5,11.12880956,1684,544,1684,1386,,169.947512,168.578784,84,7.804,4.861,E,3.397504,Calm,
0,147,32.82515465,-95.30556291,463,,-0.70000116,-11.1000184,2.200003647,28.7,-7.9,-121,11.1220682,1684,962,1684,1385,,167.650924,167.103552,84,7.804,4.861,E,3.397504,Calm,
1,147.1,32.82515423,-95.3055737,462,,-0.400000663,-11.1000184,2.200003647,31.4,10.7,-113.8,11.1072229,1684,1119,1684,1386,,167.650924,165.85184,84,7.804,4.861,E,3.397504,Calm,
2,147.2,32.82515403,-95.30558626,462,,0.300000497,-10.8000179,1.800002984,32.9,15.3,-102.6,10.80418342,1684,1450,1528,1387,,167.650924,164.421312,84,7.804,4.861,E,3.397504,Calm,
3,147.3,32.82515485,-95.30559817,461,,1.200001989,-10.30001707,1.200001989,32.9,15.1,-92,10.36968423,1684,1684,1021,1386,,169.947512,163.214304,84,7.804,4.861,E,3.397504,Calm,
4,147.4,32.82515662,-95.30560888,461,,2.000003315,-9.700016079,0.800001326,33.2,11.4,-84.5,9.904055864,1684,1684,1004,1386,,169.947512,162.186112,84,7.804,4.861,E,3.397504,Calm,
0,147.5,32.82515869,-95.30561848,461,,2.60000431,-9.20001525,0.300000497,32.2,-5,-80.4,9.560350501,1684,1684,940,1386,,169.947512,161.38144,84,7.804,4.861,E,3.397504,Calm,
1,147.6,32.82516169,-95.30562794,461,,3.200005304,-9.000014918,0.100000166,27.5,-13.2,-77.8,9.551978783,1684,1684,755,1382,,169.947512,160.621472,84,7.82,4.861,NE,3.397504,Calm,
2,147.7,32.82516515,-95.30563804,461,,3.800006299,-8.900014753,-0.200000332,27.1,-14.9,-78,9.677308682,1684,1641,711,1386,,169.947512,159.906208,84,7.82,4.861,NE,3.397504,Calm,
3,147.8,32.82516915,-95.30564734,461,,4.400007293,-8.800014587,-0.600000995,26.6,-18.9,-79.1,9.838715156,1684,1124,666,1386,,169.947512,159.325056,84,7.82,4.861,NE,3.397504,Calm,
4,147.9,32.82517327,-95.30565632,461,,4.900008122,-8.800014587,-0.900001492,24.7,-23.3,-81,10.07225556,1684,635,845,1386,,176.509192,158.788608,84,7.82,4.861,NE,3.4958528,Calm,
0,148,32.82517828,-95.30566618,461,,5.300008785,-8.900014753,-1.100001823,15.1,-27,-82.3,10.35858825,1684,364,942,1384,,173.228352,158.25216,84,7.82,4.861,NE,3.4958528,Calm,
1,148.1,32.82518262,-95.30567486,462,,5.20000862,-9.000014918,-0.800001326,17.2,-29.8,-86,10.39424595,1684,364,942,1384,,174.212604,157.80512,84,7.82,4.861,NE,3.4958528,Calm,
2,148.2,32.82518759,-95.30568512,462,,5.20000862,-9.000014918,-0.400000663,22,-30.3,-89.9,10.39424595,1684,364,885,1384,,163.385832,157.268672,84,7.82,4.861,NE,3.598672,Calm,
3,148.3,32.82519208,-95.30569441,462,,5.20000862,-9.100015084,0,20.1,-31.3,-90.4,10.48095204,1684,364,570,1386,,163.385832,156.776928,84,7.82,4.861,NE,3.598672,Calm,
4,148.4,32.82519715,-95.30570503,462,,5.100008454,-9.20001525,0.200000332,10,-34.5,-88,10.51904745,1684,364,364,1385,,161.417328,156.24048,84,7.82,4.861,NE,3.598672,Calm,
0,148.5,32.82520188,-95.30571552,462,,5.000008288,-9.400015581,0.500000829,-9.5,-32.8,-82.3,10.64708284,1684,364,364,1386,,161.417328,155.704032,84,7.82,4.861,NE,3.598672,Calm,
1,148.6,32.82520535,-95.30572474,462,,4.500007459,-9.600015913,0.600000995,-23.4,-25.7,-82.5,10.60237571,1684,364,364,1385,,163.385832,155.167584,84,7.82,6.968,NE,3.598672,Calm,
2,148.7,32.82520911,-95.30573521,461,,4.00000663,-9.800016244,0.800001326,-28.1,-24.7,-88.6,10.58491209,1684,364,364,1385,,161.417328,154.541728,84,7.82,6.968,NE,3.598672,Calm,
3,148.8,32.82521242,-95.30574606,461,,3.500005802,-9.800016244,1.200001989,-28.4,-25.5,-98.7,10.40626507,1684,364,364,1385,,146.325464,153.826464,84,7.82,6.968,NE,3.6970208,Calm,
4,148.9,32.82521504,-95.30575601,460,,2.900004807,-9.700016079,1.600002652,-27.9,-25.4,-108.3,10.12424497,1684,364,364,1386,,158.136488,153.155904,84,7.82,6.968,NE,3.6970208,Calm,
0,149,32.82521758,-95.3057669,460,,2.300003812,-9.600015913,1.900003149,-27.7,-26,-118.1,9.87169285,1684,364,364,1394,,157.152236,152.395936,84,7.82,6.968,NE,3.6970208,Calm,
1,149.1,32.82521908,-95.30577613,459,,1.700002818,-9.500015747,2.200003647,-27.5,-26.9,-127.8,9.650922593,1684,1164,654,1402,,148.293968,151.680672,84,7.837,6.968,NE,3.79984,Calm,
2,149.2,32.82522042,-95.30578656,458,,0.900001492,-9.20001525,2.400003978,-27.3,-27.7,-136.3,9.243932012,1684,1525,1024,1402,,159.12074,150.831296,84,7.837,6.968,NE,3.79984,Calm,
3,149.3,32.82522087,-95.30579579,458,,0.100000166,-8.900014753,2.400003978,-25.7,-26.6,-144.4,8.900576235,1684,1609,1260,1402,,154.855648,150.026624,84,7.837,6.968,NE,3.79984,Calm,
4,149.4,32.82522021,-95.30580595,457,,-0.900001492,-8.50001409,1.900003149,-20.8,-29.1,-151.9,8.547528183,1684,1581,1495,1402,,159.12074,148.998432,84,7.837,6.968,NE,3.8981888,Calm,
0,149.5,32.82521881,-95.30581437,457,,-1.900003149,-8.200013592,1.500002486,-16.2,-30.1,-156.9,8.417258045,1684,1501,1684,1402,,150.590556,148.014944,84,7.837,6.968,NE,3.8981888,Calm,
1,149.6,32.82521638,-95.30582291,456,,-2.800004641,-7.800012929,1.100001823,-9.1,-21.3,-160.7,8.287353138,1684,1391,1684,1403,,144.028876,146.942048,84,7.837,4.575,NE,3.8981888,Calm,
2,149.7,32.82521339,-95.30583095,456,,-3.400005636,-7.500012432,0.600000995,3,-6.9,-158.8,8.234696297,1684,1255,1684,1402,,144.028876,145.824448,84,7.837,4.575,NE,3.8981888,Calm,
3,149.8,32.82521003,-95.30583948,456,,-3.400005636,-7.400012266,0.200000332,20.5,2,-150.4,8.143722316,1684,1277,1684,1400,,139.763784,144.61744,84,7.837,4.575,NE,3.8981888,Calm,
4,149.9,32.8252072,-95.3058471,456,,-3.100005139,-7.500012432,0,31.3,8.8,-137.5,8.115430495,1684,1387,1684,1389,,134.51444,143.589248,84,7.837,4.575,NE,3.9965376,Calm,
0,150,32.82520497,-95.30585609,456,,-2.200003647,-7.700012764,-0.400000663,33.9,13.5,-126.8,8.008133742,1684,1296,1684,1382,,151.574808,142.471648,84,7.837,4.575,NE,3.8981888,Calm,
1,150.1,32.82520365,-95.30586363,456,,-1.200001989,-7.700012764,-0.900001492,34.2,14.3,-117.3,7.792958191,1684,1024,1190,1384,,158.136488,141.622272,84,7.837,4.575,NE,3.6970208,Calm,
2,150.2,32.82520337,-95.30587209,457,,-0.100000166,-7.600012598,-1.400002321,34.9,11.3,-108.7,7.600670194,1684,1024,1024,1383,,149.606304,140.8176,84,7.837,4.575,NE,3.598672,Calm,
3,150.3,32.82520359,-95.30587972,457,,0.400000663,-7.400012266,-1.300002155,34.4,-6.6,-106.3,7.410814988,1684,959,567,1383,,152.55906,140.191744,84,7.837,4.575,NE,3.4958528,Calm,
4,150.4,32.82520487,-95.30588847,458,,0.500000829,-7.400012266,-0.70000116,27.9,-23,-103,7.416884897,1684,806,364,1383,,153.871396,139.565888,84,7.837,4.575,NE,3.397504,Calm,
0,150.5,32.82520556,-95.30589619,458,,0.70000116,-7.500012432,-0.200000332,17.9,-27.9,-100.2,7.532607907,1684,364,482,1384,,153.871396,138.940032,84,7.837,4.575,N,3.2991552,Calm,
1,150.6,32.82520629,-95.30590403,458,,0.800001326,-7.800012929,-0.100000166,-4.1,-28.9,-92.8,7.840930948,1684,364,482,1384,,173.228352,138.35888,84,7.782,4.575,N,3.196336,Calm,
2,150.7,32.82520717,-95.30591294,458,,0.600000995,-8.000013261,0,-18,-26.2,-96.4,8.022481491,1684,364,364,1387,,170.931764,137.68832,84,7.782,4.575,N,3.196336,Calm,
3,150.8,32.8252072,-95.30592154,458,,0.200000332,-8.100013427,0.300000497,-25.4,-25.2,-105.1,8.102481981,1684,364,364,1388,,148.293968,136.928352,84,7.782,4.575,N,3.2991552,Calm,
4,150.9,32.8252072,-95.30592984,458,,-0.100000166,-8.100013427,0.600000995,-28.2,-22,-113.7,8.100630342,1684,364,438,1388,,142.060372,136.213088,84,7.782,4.575,N,3.2991552,Calm,
0,151,32.82520629,-95.30593869,457,,-0.600000995,-8.000013261,1.000001658,-29.1,-21.5,-122.7,8.022481491,1684,364,816,1403,,140.748036,135.319008,84,7.782,4.575,N,3.397504,Calm,
1,151.1,32.82520549,-95.30594632,457,,-1.100001823,-7.800012929,1.300002155,-28.1,-24.2,-131,7.877195279,1684,364,863,1423,,135.498692,134.603744,84,7.782,4.575,N,3.4958528,Calm,
2,151.2,32.82520404,-95.30595493,456,,-1.600002652,-7.600012598,1.800002984,-23.1,-28.9,-136.7,7.766607865,1684,364,984,1423,,138.779532,133.66496,84,7.782,4.575,N,3.4958528,Calm,
3,151.3,32.82520236,-95.30596261,456,,-2.000003315,-7.500012432,2.200003647,-15.5,-31.9,-140.7,7.762099914,1684,364,1024,1423,,137.467196,132.815584,84,7.782,4.575,N,3.598672,Calm,
4,151.4,32.82520002,-95.30597101,455,,-2.400003978,-7.400012266,2.60000431,-6.9,-33.7,-143.7,7.779472782,1684,364,1024,1423,,147.309716,131.832096,84,7.782,4.575,N,3.6970208,Calm,
0,151.5,32.82519766,-95.30597849,454,,-2.800004641,-7.400012266,3.000004973,-0.9,-34.1,-145.6,7.912029083,1684,364,1024,1423,,137.467196,130.893312,84,7.782,4.575,N,3.6970208,Calm,
1,151.6,32.82519502,-95.30598689,453,,-3.100005139,-7.400012266,3.30000547,2.7,-34.1,-147,8.023104665,1684,364,1024,1423,,133.202104,129.86512,83,7.782,5.041,NE,3.79984,Calm,
2,151.7,32.82519204,-95.30599489,452,,-3.400005636,-7.500012432,3.700006133,5.7,-34.6,-148.1,8.234696297,1684,364,1036,1425,,128.937012,128.836928,83,7.782,5.041,NE,3.79984,Calm,
3,151.8,32.82518871,-95.30600339,451,,-3.600005967,-7.500012432,4.100006796,8.6,-33.7,-148.7,8.319268218,1684,659,1024,1427,,112.860896,127.674624,83,7.782,5.041,NE,3.8981888,Calm,
4,151.9,32.82518541,-95.30601121,449,,-4.00000663,-7.700012764,4.100006796,11.2,-31.8,-148.9,8.67699499,1684,1310,1024,1425,,112.860896,126.601728,83,7.782,5.041,NE,3.8981888,Calm,
0,152,32.82518146,-95.30601986,448,,-4.500007459,-8.100013427,3.700006133,11.7,-31.1,-149.2,9.266082397,1684,1684,766,1412,,110.564308,125.39472,83,7.782,5.041,NE,3.9965376,Calm,
1,152.1,32.82517672,-95.30602985,447,,-5.000008288,-8.50001409,3.200005304,7,-32.8,-149.2,9.861557559,1684,1684,828,1368,,106.299216,123.964192,83,7.782,5.041,NE,3.9965376,Calm,
2,152.2,32.82517239,-95.30603842,446,,-5.500009117,-8.800014587,2.800004641,-0.3,-34,-147,10.37739612,1684,1684,884,1345,,102.034124,122.71248,83,7.782,5.041,NE,3.9965376,Calm,
3,152.3,32.82516735,-95.30604748,446,,-6.200010277,-8.900014753,2.300003812,4.2,-31.8,-148.3,10.84667636,1684,1684,885,1347,,100.06562,121.326656,83,7.782,5.041,NE,4.0993568,Calm,
4,152.4,32.8251606,-95.30605816,445,,-6.60001094,-9.100015084,1.900003149,9.9,-27.7,-151.3,11.24145962,1684,1684,931,1347,,93.50394,119.627904,83,7.782,5.041,NE,4.0993568,Calm,
0,152.5,32.82515411,-95.30606866,444,,-7.000011603,-9.300015416,1.400002321,10.2,-24,-152.1,11.64003646,1684,1684,1024,1349,,94.488192,117.929152,83,7.782,5.041,NE,4.0993568,Calm,
1,152.6,32.82514819,-95.30607776,443,,-7.200011935,-9.500015747,0.900001492,11.6,-20,-152.3,11.9201705,1684,1684,1033,1348,,94.488192,116.409216,83,7.713,5.041,NE,4.1977056,Calm,
2,152.7,32.8251412,-95.30608862,443,,-7.400012266,-9.600015913,0.500000829,12.3,-17.6,-152.6,12.12107609,1684,1684,1034,1347,,92.519688,114.66576,83,7.713,5.041,NE,4.1977056,Calm,
3,152.8,32.82513437,-95.30609895,443,,-7.400012266,-9.700016079,0,12,-16.9,-152.6,12.20042971,1684,1583,1024,1348,,91.207352,112.922304,83,7.713,5.041,NE,4.1977056,Calm,
4,152.9,32.82512791,-95.30610896,443,,-7.500012432,-9.800016244,-0.300000497,11.3,-17.7,-152.6,12.34060357,1684,1041,1024,1348,,94.488192,111.31296,83,7.713,5.041,NE,4.2960544,Calm,
0,153,32.82512085,-95.30611991,443,,-7.600012598,-9.90001641,-0.70000116,10.8,-19,-152.6,12.4808056,1684,1024,1024,1345,,94.488192,109.5248,83,7.713,5.041,NE,4.2960544,Calm,
1,153.1,32.82511463,-95.30612942,443,,-7.600012598,-9.800016244,-0.600000995,12.2,-22.8,-153.6,12.40163303,1684,925,1024,1346,,97.769032,107.96016,83,7.713,5.041,NE,4.2960544,Calm,
2,153.2,32.82510773,-95.30614017,443,,-7.600012598,-9.700016079,-0.100000166,14.8,-25.6,-154.6,12.32276355,1684,393,1024,1348,,97.769032,106.216704,83,7.713,5.041,NE,4.2960544,Calm,
3,153.3,32.82510049,-95.30615102,443,,-7.700012764,-9.700016079,0,15.5,-24.6,-154.6,12.38468842,1684,364,884,1354,,98.753284,104.428544,83,7.713,5.041,NE,4.1977056,Calm,
4,153.4,32.82509369,-95.30616112,443,,-7.800012929,-9.700016079,0.200000332,16.5,-26,-155.1,12.44710862,1684,364,991,1360,,100.06562,102.774496,83,7.713,5.041,N,4.1977056,Calm,
0,153.5,32.82508708,-95.30617076,443,,-7.800012929,-9.600015913,0.600000995,13.9,-29.2,-155.4,12.36933707,1684,364,991,1360,,92.519688,101.165152,83,7.713,5.041,N,4.0993568,Calm,
1,153.6,32.82508016,-95.30618081,443,,-7.800012929,-9.500015747,0.900001492,16.9,-30.1,-155.7,12.29188739,1684,1024,1024,1353,,91.207352,99.4664,83,7.713,8.552,N,4.0993568,Calm,
2,153.7,32.82507272,-95.30619147,442,,-8.000013261,-9.600015913,1.200001989,20.1,-26.9,-156.6,12.49641981,1684,1024,1024,1356,,90.2231,97.67824,83,7.713,8.552,N,3.9965376,Calm,
3,153.8,32.82506529,-95.30620211,442,,-8.200013592,-10.00001658,0.70000116,17.1,-22.7,-155.4,12.93215194,1684,841,1024,1356,,92.519688,95.934784,83,7.713,8.552,N,3.8981888,Calm,
4,153.9,32.82505821,-95.30621247,442,,-8.300013758,-10.30001707,0.100000166,13.2,-19.3,-153.7,13.22802223,1684,364,809,1359,,85.958008,94.191328,83,7.713,8.552,N,3.8981888,Calm,
0,154,32.82505018,-95.30622434,442,,-8.300013758,-10.20001691,0.200000332,14.1,-24.1,-155,13.15030656,1684,364,616,1364,,90.2231,92.269056,83,7.713,8.552,N,3.79984,Calm,
1,154.1,32.82504348,-95.3062341,442,,-8.300013758,-10.10001674,0.600000995,-2.2,-30.2,-150.5,13.07289399,1684,975,444,1363,,91.207352,90.659712,83,7.775,8.552,N,3.79984,Calm,
2,154.2,32.82503544,-95.30624572,441,,-8.50001409,-9.90001641,1.000001658,-21.1,-22.1,-147,13.04839306,1684,1036,749,1360,,93.50394,88.73744,83,7.775,8.552,N,3.6970208,Calm,
3,154.3,32.82502787,-95.3062556,441,,-9.000014918,-9.400015581,0.70000116,-28.2,-13.8,-153.4,13.01386012,1684,1024,787,1361,,92.519688,87.038688,83,7.775,8.552,N,3.4958528,Calm,
4,154.4,32.82501916,-95.30626514,441,,-9.500015747,-8.50001409,0.100000166,-18.4,-14.8,-160.4,12.74756957,1684,1024,780,1362,,82.677168,85.16112,83,7.775,8.552,N,3.2991552,Calm,
0,154.5,32.82501049,-95.30627392,441,,-9.700016079,-8.000013261,0.100000166,-13.6,-23.9,-161.5,12.57340502,1684,983,782,1362,,83.66142,83.37296,83,7.775,8.552,N,3.0979872,Calm,
1,154.6,32.82500149,-95.30628212,441,,-9.90001641,-7.700012764,0.300000497,-14.1,-24.8,-163.5,12.54195039,1684,969,559,1358,,83.66142,81.540096,83,7.775,6.713,NE,2.9996384,Calm,
2,154.7,32.8249919,-95.30629038,441,,-10.30001707,-7.200011935,0.100000166,-19.1,-24.2,-164.8,12.56704096,1684,364,950,1360,,83.66142,79.617824,83,7.775,6.713,NE,2.8968192,Calm,
3,154.8,32.82498195,-95.30629774,441,,-10.60001757,-6.700011106,0,-27.3,-19.6,-165.3,12.53995659,1684,483,484,1361,,85.958008,77.740256,83,7.775,6.713,NE,2.7984704,Calm,
4,154.9,32.82497268,-95.30630411,441,,-10.70001774,-6.100010111,0.100000166,-13.6,-20.7,-170.9,12.31667576,1684,974,694,1360,,81.692916,75.9968,83,7.775,6.713,NE,2.6956512,Calm,
0,155,32.82496292,-95.30631106,441,,-10.8000179,-5.800009614,0.300000497,-19.6,-25.2,-173,12.2588945,1684,998,1024,1360,,80.708664,74.119232,83,7.775,6.713,NE,2.6956512,Calm,
1,155.1,32.82495399,-95.30631651,441,,-11.00001823,-5.400008951,0.500000829,-26.1,-18.6,-173.9,12.25399896,1684,1024,1024,1359,,82.677168,72.509888,83,7.775,6.713,NE,2.6956512,Calm,
2,155.2,32.82494349,-95.30632209,440,,-11.1000184,-4.600007625,0.200000332,-9.6,-15.5,179.3,12.01542668,1684,766,810,1341,,82.677168,70.63232,83,7.775,6.713,NE,2.6956512,Calm,
3,155.3,32.82493294,-95.30632707,440,,-11.20001857,-4.300007128,0.100000166,6.8,-24.3,173.8,11.99710251,1684,1001,364,1334,,81.692916,68.754752,83,7.775,6.713,NE,2.6956512,Calm,
4,155.4,32.82492301,-95.30633152,440,,-11.1000184,-4.200006962,0.70000116,0.1,-32,174.7,11.86804385,1684,1550,436,1323,,80.708664,67.056,83,7.775,6.713,NE,2.6956512,Calm,
0,155.5,32.82491399,-95.30633552,440,,-11.20001857,-4.00000663,0.900001492,-19.1,-22.9,179,11.89287469,1684,1684,918,1323,,83.66142,65.49136,83,7.775,6.713,NE,2.6956512,Calm,
1,155.6,32.82490289,-95.30633953,440,,-11.50001906,-3.200005304,0.300000497,-27.2,-17,174,11.93693718,1684,1684,1024,1325,,83.66142,63.613792,83,7.798,6.713,NE,2.6956512,Calm,
2,155.7,32.82489365,-95.30634188,440,,-11.50001906,-2.200003647,-0.100000166,-29,-20.5,166,11.70856322,1684,1159,1349,1326,,82.677168,62.13856,83,7.798,6.713,NE,2.7984704,Calm,
3,155.8,32.82488206,-95.3063438,440,,-11.4000189,-1.200001989,-0.500000829,-22.1,-28.4,161.3,11.46300281,1684,1159,1349,1326,,82.677168,60.3504,83,7.798,6.713,E,2.7984704,Calm,
4,155.9,32.82487182,-95.30634429,440,,-11.60001923,-0.300000497,-0.800001326,-6.3,-32.3,156,11.60389775,1684,462,1684,1488,,81.692916,58.875168,83,7.798,6.713,E,2.7984704,Calm,
0,156,32.82486067,-95.30634466,440,,-11.70001939,0,-0.600000995,11.6,-22.9,148.6,11.70001939,1684,1019,1684,1428,,82.677168,57.265824,83,7.798,6.713,E,2.8968192,Calm,
1,156.1,32.82485116,-95.30634477,440,,-11.70001939,0,-0.300000497,22.4,-7.2,153.3,11.70001939,1684,1000,1684,1427,,81.692916,55.88,83,7.798,6.713,E,2.8968192,Calm,
2,156.2,32.82484006,-95.30634488,441,,-11.60001923,-0.500000829,-0.600000995,32.5,8.2,168.6,11.61078976,1684,906,1684,1442,,77.427824,54.360064,83,7.798,6.713,E,2.9996384,Calm,
3,156.3,32.82482924,-95.30634591,441,,-11.30001873,-1.200001989,-0.600000995,36.2,11,179.7,11.36355697,1684,818,1403,1478,,80.708664,52.75072,83,7.798,6.713,E,2.9996384,Calm,
4,156.4,32.82481977,-95.30634749,441,,-10.90001807,-1.700002818,-0.300000497,33.3,9.5,-175,11.03179026,1684,514,1024,1521,,85.958008,51.364896,83,7.798,6.713,E,3.0979872,Calm,
0,156.5,32.82481037,-95.30634992,441,,-10.60001757,-2.000003315,0,31.6,6.8,-166.6,10.78704704,1684,364,900,1560,,93.50394,49.889664,83,7.798,6.713,E,3.196336,Calm,
1,156.6,32.82480037,-95.30635263,441,,-10.30001707,-2.300003812,0.400000663,32.6,-2.1,-161.7,10.55368947,1505,364,706,1354,,92.519688,48.325024,83,7.798,7.161,E,3.196336,Calm,
2,156.7,32.82479088,-95.30635581,441,,-10.10001674,-2.60000431,0.900001492,33.1,-8.4,-160.1,10.42930283,1254,679,1024,1024,,92.519688,46.805088,83,7.798,7.161,E,3.2991552,Calm,
3,156.8,32.82478201,-95.30635905,440,,-9.90001641,-2.900004807,1.400002321,31.4,-6.2,-159.1,10.31602379,1024,1024,1031,1024,,101.049872,45.37456,83,7.798,7.161,E,3.397504,Calm,
4,156.9,32.82477342,-95.30636229,440,,-9.600015913,-3.30000547,1.700002818,33.5,0.1,-159.1,10.15137136,1024,1024,1024,1024,,92.519688,43.988736,83,7.798,7.161,E,3.397504,Calm,
0,157,32.82476455,-95.30636659,439,,-9.100015084,-3.900006465,1.400002321,32.1,13.5,-154.2,9.900521118,688,1024,1003,1024,,83.66142,42.4688,83,7.798,7.161,E,3.4958528,Calm,
1,157.1,32.82475701,-95.30637177,439,,-8.200013592,-4.600007625,0.800001326,32.6,13.7,-156.2,9.402142598,505,1040,1193,1192,,78.412076,41.082976,83,7.83,7.161,E,3.4958528,Calm,
2,157.2,32.82475018,-95.30637689,439,,-7.500012432,-5.100008454,0.600000995,34.2,9.4,-156.8,9.069744665,1024,1024,1024,1073,,83.66142,39.741856,83,7.83,7.161,E,3.598672,Calm,
3,157.3,32.82474447,-95.30638259,438,,-6.800011272,-5.600009283,0.300000497,29,22.3,-153,8.809100675,1024,971,1024,1024,,86.94226,38.534848,83,7.83,7.161,E,3.598672,Calm,
4,157.4,32.82473849,-95.30638972,438,,-5.800009614,-5.90000978,-0.100000166,13,20.2,-158.4,8.273464947,1024,1004,1024,1024,,89.238848,37.193728,83,7.83,7.161,E,3.6970208,Calm,
0,157.5,32.82473455,-95.30639517,438,,-5.300008785,-5.90000978,-0.200000332,0,-3,-162.2,7.930964804,1024,1024,1024,1024,,94.488192,36.21024,83,7.83,7.161,E,3.6970208,Calm,
1,157.6,32.82472958,-95.30640177,439,,-5.400008951,-5.700009448,0,-2.4,-5,-160.1,7.851764068,1024,1024,1024,1024,,97.769032,35.003232,83,7.83,5.721,E,3.79984,Calm,
2,157.7,32.82472478,-95.3064079,438,,-5.400008951,-5.600009283,0,-8.3,11.7,-159.2,7.779472782,1024,1024,1024,1024,,96.78478,33.885632,83,7.83,5.721,E,3.79984,Calm,
3,157.8,32.82472048,-95.30641403,438,,-5.100008454,-5.300008785,0.100000166,-19.6,21.8,-163,7.355282338,1024,1024,1024,1024,,85.958008,32.812736,83,7.83,5.721,E,3.79984,Calm,
4,157.9,32.8247155,-95.30641896,438,,-4.800007956,-4.700007791,0.100000166,-25.7,25.8,-166.4,6.717897623,1024,1024,1024,1024,,79.396328,31.784544,83,7.83,5.721,NE,3.8981888,Calm,
0,158,32.82471099,-95.30642386,438,,-4.400007293,-3.900006465,0,-26.2,27.7,-165.9,5.879635485,1024,1024,1024,1024,,84.973756,30.801056,83,7.83,5.721,NE,3.8981888,Calm,
1,158.1,32.82470763,-95.3064266,438,,-4.00000663,-3.200005304,0.100000166,-26.1,29.4,-165.6,5.12250753,1024,1024,1024,1024,,89.238848,30.130496,83,7.83,5.721,NE,3.8981888,Calm,
2,158.2,32.82470381,-95.30642985,438,,-3.700006133,-2.60000431,0.100000166,-24.5,30.3,-165,4.522174832,1024,1024,1024,1024,,90.2231,29.370528,83,7.83,5.721,NE,3.8981888,Calm,
3,158.3,32.8247011,-95.30643168,438,,-3.200005304,-1.900003149,0.100000166,-15.9,34.2,-166.2,3.721564637,1024,1024,1024,1024,,90.2231,28.878784,83,7.83,5.721,NE,3.9965376,Calm,
4,158.4,32.82469845,-95.30643326,438,,-2.60000431,-1.300002155,0,-8.3,33.2,-162.3,2.906892799,1024,1024,1024,1024,,91.207352,28.38704,83,7.83,5.721,NE,3.9965376,Calm,
0,158.5,32.82469668,-95.30643418,438,,-2.100003481,-0.900001492,0,-7.2,32.1,-160.4,2.284735608,1024,1024,1024,1024,,92.519688,28.074112,83,7.83,5.721,NE,3.9965376,Calm,
1,158.6,32.82469507,-95.3064349,438,,-1.500002486,-0.500000829,0,-4.4,27.3,-160.4,1.58114114,1024,1024,1024,1024,,92.519688,27.805888,83,7.83,5.721,NE,3.9965376,Calm,
2,158.7,32.82469427,-95.30643504,438,,-1.000001658,-0.200000332,0,-0.3,19.5,-159.8,1.01980553,1024,1024,1024,1024,,92.519688,27.671776,83,7.83,5.721,NE,4.0993568,Calm,
3,158.8,32.82469347,-95.30643512,438,,-0.800001326,-0.100000166,0,1.9,13.9,-159.5,0.806226805,1024,1024,1024,1024,,101.049872,27.582368,83,7.83,5.721,NE,4.0993568,Calm,
4,158.9,32.8246927,-95.30643531,438,,-0.600000995,0,0,2.1,11,-159.5,0.600000995,1024,1024,1024,1024,,98.753284,27.448256,83,7.83,5.721,NE,4.0993568,Calm,
0,159,32.82469225,-95.30643536,438,,-0.400000663,0,0,1.7,8.9,-159.4,0.400000663,1024,1024,1024,1024,,91.207352,27.403552,83,7.83,5.721,NE,4.0993568,Calm,
1,159.1,32.82469186,-95.30643525,438,,-0.300000497,0,0,1.3,7.3,-159.3,0.300000497,1024,1024,1024,1024,,96.78478,27.358848,83,7.733,5.721,NE,4.0993568,Calm,
2,159.2,32.82469158,-95.30643523,438,,-0.200000332,0,0,1.8,6.4,-159.2,0.200000332,1024,1024,1024,1024,,92.519688,27.314144,83,7.733,5.721,NE,4.0993568,Calm,
3,159.3,32.82469133,-95.30643524,438,,-0.200000332,0,0,2,5.8,-159.2,0.200000332,1024,1024,1024,1024,,89.238848,27.26944,83,7.733,5.721,NE,4.1977056,Calm,
4,159.4,32.8246911,-95.30643527,438,,-0.100000166,0,0,1.6,5.3,-159.3,0.100000166,1024,1024,1024,1024,,84.973756,27.224736,83,7.733,5.721,NE,4.1977056,Calm,
0,159.5,32.82469092,-95.30643528,438,,-0.100000166,0,0,1.6,4.8,-159.4,0.100000166,1024,1024,1024,1024,,83.66142,27.224736,83,7.733,5.721,NE,4.1977056,Calm,
1,159.6,32.82469077,-95.30643517,438,,-0.100000166,0,0,1.7,4.6,-159.4,0.100000166,1024,1024,1024,1024,,84.973756,27.224736,83,7.733,6.019,NE,3.9965376,Calm,
2,159.7,32.82469064,-95.30643518,438,,0,0,0,1.1,4.7,-159.4,0,1024,1024,1024,1024,,84.973756,27.180032,83,7.733,6.019,NE,3.9965376,Calm,
3,159.8,32.82469064,-95.30643511,438,,0,0,0,0.9,4.6,-159.2,0,1024,1024,1024,1024,,84.973756,27.180032,83,7.733,6.019,NE,3.8981888,Calm,
4,159.9,32.82469058,-95.3064351,438,,0,0,0,0,3.3,-159.1,0,1024,1024,1024,1024,,84.973756,27.180032,83,7.733,6.019,NE,3.8981888,Calm,
0,160,32.82469057,-95.30643508,438,,0,0,0,0.5,3.4,-159.4,0,1024,1024,1024,1024,,85.958008,27.180032,83,7.733,6.019,NE,3.79984,Calm,
1,160.1,32.82469052,-95.30643506,438,,0,0,0,1,4.3,-159.4,0,1024,1024,1024,1024,,85.958008,27.180032,83,7.733,6.019,NE,3.6970208,Calm,
2,160.2,32.82469056,-95.30643502,438,,0,0,0,0.9,3.9,-159.4,0,1024,1024,1024,1024,,84.973756,27.180032,83,7.733,6.019,NE,3.6970208,Calm,
3,160.3,32.82469055,-95.30643498,438,,0,0,0,1,3.3,-159.4,0,1024,1024,1024,1024,,84.973756,27.180032,83,7.733,6.019,NE,3.598672,Calm,
4,160.4,32.8246906,-95.30643495,438,,0,0,0,1.1,3.1,-159.4,0,1024,1024,1024,1024,,84.973756,27.224736,83,7.733,6.019,NE,3.4958528,Calm,
0,160.5,32.82469062,-95.30643493,438,,0,0,0,1,2.8,-159.4,0,1024,1024,1024,1024,,83.66142,27.224736,83,7.733,6.019,NE,3.4958528,Calm,
1,160.6,32.82469067,-95.30643489,438,,0,0,0,1.1,2.8,-159.4,0,1024,1024,1024,1024,,83.66142,27.224736,83,7.784,6.019,NE,3.4958528,Calm,
2,160.7,32.82469069,-95.30643489,438,,0,0,0,0.6,3,-159.4,0,1024,1024,1024,1024,,83.66142,27.224736,83,7.784,6.019,NE,3.397504,Calm,
3,160.8,32.82469075,-95.30643487,438,,0,0,0,0.6,2.7,-159.3,0,1024,1024,1024,1024,,83.66142,27.224736,83,7.784,6.019,NE,3.397504,Calm,
4,160.9,32.82469078,-95.30643486,438,,0,0,0,0.1,2.6,-159.3,0,1024,1024,1024,1024,,83.66142,27.224736,83,7.784,6.019,NE,3.397504,Calm,
0,161,32.82469084,-95.30643485,438,,0,0,0,0.2,2.9,-159.3,0,1024,1024,1024,1024,,83.66142,27.224736,83,7.784,6.019,NE,3.2991552,Calm,
1,161.1,32.82469085,-95.30643484,438,,0,0,0,0.6,2.8,-159.4,0,1024,1024,1024,1024,,84.973756,27.224736,83,7.784,6.019,NE,3.2991552,Calm,
2,161.2,32.8246909,-95.30643485,438,,0,0,0,0.9,2.9,-159.4,0,1024,1024,1024,1024,,84.973756,27.26944,83,7.784,6.019,NE,3.2991552,Calm,
3,161.3,32.82469094,-95.30643489,438,,0,0,0,0.5,3.1,-159.4,0,1024,1024,1024,1024,,84.973756,27.26944,83,7.784,6.019,NE,3.196336,Calm,
4,161.4,32.82469101,-95.3064349,438,,0,0,0,0.1,3,-159.4,0,1024,1024,1024,1024,,84.973756,27.26944,83,7.784,6.019,NE,3.196336,Calm,
0,161.5,32.82469104,-95.30643495,438,,0,0,0,-0.3,2.9,-159.5,0,1024,1024,1024,1024,,83.66142,27.26944,83,7.784,6.019,NE,3.196336,Calm,
1,161.6,32.8246911,-95.30643499,438,,0,0,0,-0.7,2.9,-159.4,0,1024,1024,1024,1024,,83.66142,27.26944,83,7.784,4.941,NE,3.0979872,Calm,
2,161.7,32.82469114,-95.30643505,438,,0,0,0,-1.2,3.1,-159.4,0,1024,1024,1024,1024,,83.66142,27.26944,83,7.784,4.941,NE,3.0979872,Calm,
3,161.8,32.82469118,-95.30643504,438,,0,0,0,-1.2,3.3,-159.4,0,1024,1024,1024,1024,,84.973756,27.26944,83,7.784,4.941,NE,3.0979872,Calm,
4,161.9,32.8246912,-95.30643505,438,,0,0,0,-1,3.2,-159.4,0,1024,1024,1024,1024,,85.958008,27.26944,83,7.784,4.941,NE,3.0979872,Calm,
0,162,32.8246911,-95.30643503,438,,0,0,0,-0.5,3.3,-159.4,0,1024,1024,1024,1024,,85.958008,27.26944,83,7.784,4.941,NE,2.9996384,Calm,
1,162.1,32.82469111,-95.30643503,438,,0,0,0,0.3,3.3,-159.5,0,1024,1024,1024,1024,,84.973756,27.26944,83,7.785,4.941,NE,2.9996384,Calm,
2,162.2,32.82469112,-95.30643505,438,,0,0,0,-0.4,3.2,-159.4,0,1024,1024,1024,1024,,85.958008,27.26944,83,7.785,4.941,NE,2.9996384,Calm,
3,162.3,32.82469114,-95.30643507,438,,0,0,0,-0.8,3.1,-159.4,0,1024,1024,1024,1024,,84.973756,27.26944,83,7.785,4.941,NE,2.8968192,Calm,
4,162.4,32.82469114,-95.30643509,438,,0,0,0,-0.5,2.8,-159.5,0,1024,1024,1024,1024,,84.973756,27.26944,83,7.785,4.941,NE,2.8968192,Calm,
0,162.5,32.82469114,-95.30643513,438,,0,0,0,-0.9,3.8,-159.5,0,1024,1024,1024,1024,,84.973756,27.26944,83,7.785,4.941,NE,2.8968192,Calm,
1,162.6,32.82469113,-95.30643519,438,,0,0,0,-1.5,4.4,-159.5,0,1024,1024,1024,1024,,84.973756,27.26944,83,7.785,4.995,NE,2.8968192,Calm,
2,162.7,32.82469113,-95.30643521,438,,0,0,0,-1,3.8,-159.5,0,1024,1024,1024,1024,,84.973756,27.26944,83,7.785,4.995,NE,2.7984704,Calm,
3,162.8,32.8246911,-95.30643522,438,,0,0,0,-1.1,3.4,-159.6,0,1024,1024,1024,1024,,85.958008,27.26944,83,7.785,4.995,NE,2.7984704,Calm,
4,162.9,32.8246911,-95.30643522,439,,0,0,0,-0.9,3.6,-159.6,0,1024,1024,1024,1024,,85.958008,27.26944,83,7.785,4.995,NE,2.7984704,Calm,
0,163,32.82469111,-95.30643519,439,,0,0,0,-1.1,3.6,-159.4,0,1024,1024,1024,1024,,85.958008,27.26944,83,7.785,4.995,NE,2.7984704,Calm,
1,163.1,32.82469109,-95.30643514,439,,0,0,0,-0.7,3.7,-159.2,0,1024,1024,1024,1024,,84.973756,27.26944,83,7.785,4.995,NE,2.6956512,Calm,
2,163.2,32.82469105,-95.30643503,439,,0,0,0,0.5,4.1,-159.2,0,1024,1024,1024,1024,,83.66142,27.26944,83,7.785,4.995,NE,2.6956512,Calm,
3,163.3,32.82469103,-95.30643497,438,,0,0,0,0.8,5.5,-159.3,0,1024,1024,1024,1024,,83.66142,27.26944,83,7.785,4.995,NE,2.6956512,Calm,
4,163.4,32.82469099,-95.30643489,438,,0,0,0,0.9,3.6,-159.4,0,1024,1024,1024,1024,,84.973756,27.26944,83,7.785,4.995,NE,2.6956512,Calm,
0,163.5,32.82469099,-95.30643481,439,,0,0,0,1.6,2.6,-159.3,0,1024,1024,1024,1024,,85.958008,27.26944,83,7.785,4.995,NE,2.5973024,Calm,
1,163.6,32.82469096,-95.30643476,439,,0,0,0,2,3.3,-159.4,0,1024,1024,1024,1024,,85.958008,27.26944,83,7.782,4.995,NE,2.5973024,Calm,
2,163.7,32.82469094,-95.30643475,439,,0,0,0,1.1,4.1,-159.4,0,1024,1024,1024,1024,,85.958008,27.26944,83,7.782,4.995,NE,2.5973024,Calm,
3,163.8,32.8246909,-95.30643475,439,,0,0,0,0.7,4.5,-159.3,0,1024,1024,1024,1024,,83.66142,27.26944,83,7.782,4.995,N,2.5973024,Calm,
4,163.9,32.82469087,-95.30643477,439,,0,0,0,0.6,4.7,-159.2,0,1024,1024,1024,1024,,84.973756,27.26944,83,7.782,4.995,N,2.5973024,Calm,
0,164,32.82469089,-95.3064348,439,,0,0,0,0.5,4.1,-156.6,0,1024,1024,1024,1024,,85.958008,27.26944,83,7.782,4.995,N,2.5973024,Calm,
1,164.1,32.82469088,-95.30643481,439,,0,0,0,0,3.7,-154.7,0,1024,1024,1024,1024,,85.958008,27.26944,83,7.782,4.995,N,2.5973024,Calm,
2,164.2,32.82469089,-95.30643485,439,,0,0,0,-0.2,3.9,-153.5,0,1024,1024,1024,1024,,85.958008,27.26944,83,7.782,4.995,N,2.5973024,Calm,
3,164.3,32.82469088,-95.30643484,439,,0,0,0,0.4,3.8,-152.4,0,1024,1024,1024,1024,,84.973756,27.26944,83,7.782,4.995,N,2.5973024,Calm,
4,164.4,32.82469085,-95.30643481,439,,0,0,0,0.6,3.4,-151.4,0,1024,1024,1024,1024,,84.973756,27.26944,83,7.782,4.995,N,2.5973024,Calm,
0,164.5,32.82469084,-95.30643481,439,,0,0,0,0.5,3.3,-150.5,0,1024,1024,1024,1024,,84.973756,27.26944,83,7.782,4.995,N,2.4989536,Calm,
1,164.6,32.82469082,-95.30643476,439,,0,0,0,1,2.3,-149.6,0,1024,1024,1024,1024,,84.973756,27.26944,83,7.782,5.079,N,2.4989536,Calm,
2,164.7,32.82469077,-95.30643474,439,,0,0,0,1.7,0.8,-149,0,1024,1024,1024,1024,,84.973756,27.224736,83,7.782,5.079,N,2.4989536,Calm,
3,164.8,32.8246907,-95.30643473,439,,-0.100000166,0,0,2.1,1.2,-148.4,0.100000166,1024,1024,1024,1024,,83.66142,27.224736,83,7.782,5.079,N,2.4989536,Calm,
4,164.9,32.8246906,-95.30643477,439,,-0.100000166,0,0,1.7,2.7,-147.8,0.100000166,1024,1024,1024,1024,,84.973756,27.224736,83,7.782,5.079,N,2.4989536,Calm,
0,165,32.82469047,-95.30643486,439,,-0.100000166,0,0,1.1,2.5,-147.3,0.100000166,1024,1024,1024,1024,,84.973756,27.180032,83,7.782,5.079,N,2.4989536,Calm,
1,165.1,32.82469035,-95.30643493,439,,-0.100000166,0,0,1.7,1.3,-146.9,0.100000166,1024,1024,1024,1024,,84.973756,27.180032,83,7.782,5.079,N,2.4989536,Calm,
2,165.2,32.82469018,-95.30643507,439,,-0.100000166,-0.100000166,0,2.1,-0.1,-146.5,0.141421551,1024,1024,1024,1024,,84.973756,27.135328,83,7.782,5.079,N,2.4989536,Calm,
3,165.3,32.82469001,-95.30643523,439,,-0.200000332,-0.100000166,0,1.7,-1.5,-146.1,0.223606726,1024,1024,1024,1024,,84.973756,27.090624,83,7.782,5.079,N,2.4989536,Calm,
4,165.4,32.82468978,-95.30643545,439,,-0.200000332,-0.200000332,0,1.5,-2.5,-145.8,0.282843102,1024,1024,1024,1024,,82.677168,27.04592,83,7.782,5.079,N,2.5973024,Calm,
0,165.5,32.82468951,-95.3064357,439,,-0.300000497,-0.200000332,0,1.3,-4,-145.7,0.360555642,1024,1024,1024,1024,,83.66142,27.001216,83,7.782,5.079,N,2.5973024,Calm,
1,165.6,32.82468912,-95.30643598,439,,-0.400000663,-0.300000497,0,1.2,-5,-145.6,0.500000829,1024,1024,1024,1024,,83.66142,26.911808,83,7.79,5.079,N,2.4989536,Calm,
2,165.7,32.82468872,-95.3064363,439,,-0.500000829,-0.300000497,0,1.8,-5.6,-145.3,0.58309573,1024,1024,1024,1024,,83.66142,26.867104,83,7.79,5.079,N,2.4989536,Calm,
3,165.8,32.82468808,-95.30643684,439,,-0.600000995,-0.400000663,0,2.7,-6.4,-145.3,0.721111283,1024,1024,1024,1024,,83.66142,26.732992,83,7.79,5.079,N,2.4989536,Calm,
4,165.9,32.82468748,-95.30643732,439,,-0.70000116,-0.400000663,0,2.2,-6.9,-145.4,0.806226805,1024,1024,1024,1024,,82.677168,26.59888,83,7.79,5.079,N,2.4989536,Calm,
0,166,32.82468668,-95.30643792,439,,-0.800001326,-0.500000829,0,2,-6.9,-145.3,0.943399241,1024,1024,1024,1024,,84.973756,26.464768,83,7.79,5.079,N,2.4989536,Calm,
1,166.1,32.82468595,-95.3064385,439,,-0.900001492,-0.600000995,0,3,-6.4,-145.1,1.081666925,1024,1024,1024,1024,,83.66142,26.285952,83,7.79,5.079,N,2.4989536,Calm,
2,166.2,32.82468505,-95.30643927,439,,-1.000001658,-0.600000995,0,4.1,-6.4,-144.9,1.166191907,1024,1024,1024,1024,,83.66142,26.107136,83,7.79,5.079,N,2.3961344,Calm,
3,166.3,32.82468418,-95.30644003,439,,-1.000001658,-0.70000116,0,3.7,-6.9,-144.9,1.220657472,1024,1024,1024,1024,,83.66142,25.92832,83,7.79,5.079,N,2.3961344,Calm,
4,166.4,32.82468304,-95.30644104,439,,-1.100001823,-0.800001326,0,2.9,-7.1,-144.8,1.360149152,1024,1024,1024,1024,,82.677168,25.7048,83,7.79,5.079,N,2.3961344,Calm,
0,166.5,32.82468204,-95.30644196,439,,-1.200001989,-0.900001492,0,2.6,-6.6,-144.6,1.500002486,1024,1024,1024,1024,,82.677168,25.525984,83,7.79,5.079,N,2.3961344,Calm,
1,166.6,32.82468098,-95.30644301,439,,-1.200001989,-0.900001492,0,2.1,-6.9,-144.6,1.500002486,1024,1024,1024,1024,,82.677168,25.302464,82,7.79,4.994,N,2.3961344,Calm,
2,166.7,32.8246798,-95.30644412,439,,-1.300002155,-1.000001658,0,2,-7.1,-144.6,1.640124492,1024,1024,1024,1024,,82.677168,25.03424,82,7.79,4.994,N,2.3961344,Calm,
3,166.8,32.8246784,-95.30644534,439,,-1.400002321,-1.100001823,0,1.7,-6.4,-144.7,1.780452136,1024,1024,1024,1024,,83.66142,24.766016,82,7.79,4.994,N,2.3961344,Calm,
4,166.9,32.82467715,-95.30644651,439,,-1.500002486,-1.100001823,0,1.5,-5.7,-144.6,1.860110194,1024,1024,1024,1024,,82.677168,24.497792,82,7.79,4.994,N,2.3961344,Calm,
0,167,32.82467561,-95.30644782,439,,-1.500002486,-1.100001823,0,1.4,-6,-144.5,1.860110194,1024,1024,1024,1024,,82.677168,24.184864,82,7.79,4.994,N,2.2977856,Calm,
1,167.1,32.8246741,-95.3064492,439,,-1.600002652,-1.200001989,0,1.6,-6.4,-144.6,2.000003315,1024,1024,1024,1024,,82.677168,23.871936,82,7.797,4.994,N,2.2977856,Calm,
2,167.2,32.82467271,-95.30645041,439,,-1.700002818,-1.200001989,0,1.3,-6,-144.6,2.080868381,1024,1024,1024,1024,,82.677168,23.603712,82,7.797,4.994,N,2.2977856,Calm,
3,167.3,32.82467123,-95.30645174,439,,-1.700002818,-1.300002155,0,1.3,-6.1,-144.6,2.14009671,1024,1024,1024,1024,,81.692916,23.290784,82,7.797,4.994,N,2.2977856,Calm,
4,167.4,32.82466942,-95.30645333,439,,-1.800002984,-1.300002155,0,1.2,-6.2,-144.5,2.220363636,1024,1024,1024,1024,,82.677168,22.933152,82,7.797,4.994,N,2.2977856,Calm,
0,167.5,32.82466783,-95.30645474,439,,-1.800002984,-1.300002155,0,1.4,-6.2,-144.5,2.220363636,1024,1024,1024,1024,,82.677168,22.620224,82,7.797,4.994,N,2.2977856,Calm,
1,167.6,32.82466609,-95.30645627,439,,-1.900003149,-1.400002321,0,1.2,-5.8,-144.5,2.360088224,1024,1024,1024,1024,,81.692916,22.262592,82,7.797,4.858,N,2.2977856,Calm,
2,167.7,32.82466422,-95.3064579,439,,-2.000003315,-1.400002321,0,1.2,-5.7,-144.6,2.441314945,1024,1024,1024,1024,,82.677168,21.860256,82,7.797,4.858,N,2.1994368,Calm,
3,167.8,32.82466232,-95.30645946,439,,-2.000003315,-1.400002321,0,2,-5.7,-144.6,2.441314945,1024,1024,1024,1024,,82.677168,21.502624,82,7.797,4.858,N,2.1994368,Calm,
4,167.9,32.82466054,-95.30646101,439,,-2.100003481,-1.500002486,0,1.4,-5.4,-144.5,2.58070157,1024,1024,1024,1024,,82.677168,21.144992,82,7.797,4.858,N,2.1994368,Calm,
0,168,32.82465851,-95.30646271,439,,-2.100003481,-1.500002486,0,1.5,-5.4,-144.5,2.58070157,1024,1024,1024,1024,,81.692916,20.742656,82,7.797,4.858,N,2.1994368,Calm,
1,168.1,32.82465644,-95.30646446,439,,-2.200003647,-1.500002486,0,2,-5.7,-144.6,2.662709716,1024,1024,1024,1024,,81.692916,20.34032,82,7.797,4.858,N,2.1994368,Calm,
2,168.2,32.82465454,-95.30646604,439,,-2.200003647,-1.600002652,0,2.3,-5.6,-144.5,2.720298303,1024,1024,1024,1024,,82.677168,19.937984,82,7.797,4.858,N,2.1994368,Calm,
3,168.3,32.82465235,-95.30646788,439,,-2.300003812,-1.600002652,0,2.2,-4.8,-144.3,2.801789672,1024,1024,1024,1024,,82.677168,19.490944,82,7.797,4.858,N,2.1994368,Calm,
4,168.4,32.82465023,-95.3064695,439,,-2.300003812,-1.600002652,0,3.3,-4,-144.2,2.801789672,1024,1024,1024,1024,,81.692916,19.088608,82,7.797,4.858,N,2.1994368,Calm,
0,168.5,32.82464785,-95.30647147,439,,-2.300003812,-1.600002652,0,3.7,-3.1,-144.3,2.801789672,1024,1024,1024,1024,,82.677168,18.641568,82,7.797,4.858,N,2.0966176,Calm,
1,168.6,32.82464595,-95.3064731,439,,-2.300003812,-1.700002818,0,3.4,-2.6,-144.2,2.8600743,1024,1024,1024,1024,,81.692916,18.239232,82,7.795,4.858,N,2.0966176,Calm,
2,168.7,32.8246437,-95.30647501,439,,-2.300003812,-1.700002818,0,3.4,-3.4,-144.2,2.8600743,1024,1024,1024,1024,,81.692916,17.792192,82,7.795,4.858,N,2.0966176,Calm,
3,168.8,32.82464155,-95.30647692,439,,-2.300003812,-1.700002818,0,3.1,-3,-144.2,2.8600743,1024,1024,1024,1024,,81.692916,17.345152,82,7.795,4.858,N,2.0966176,Calm,
4,168.9,32.82463952,-95.30647873,439,,-2.300003812,-1.700002818,0,2.7,-3.5,-144.2,2.8600743,1024,1024,1024,1024,,83.66142,16.942816,82,7.795,4.858,N,2.0966176,Calm,
0,169,32.82463727,-95.30648079,439,,-2.300003812,-1.700002818,0,1.9,-4,-144.2,2.8600743,1024,1024,1024,1024,,82.677168,16.495776,82,7.795,4.858,N,2.0966176,Calm,
1,169.1,32.82463501,-95.30648282,439,,-2.400003978,-1.800002984,0,2.1,-4.5,-144.1,3.000004973,1024,1024,1024,1024,,82.677168,16.004032,82,7.795,4.858,N,2.0966176,Calm,
2,169.2,32.82463332,-95.30648423,439,,-2.400003978,-1.800002984,0,3,-4.7,-144.1,3.000004973,1024,1024,1024,1024,,82.677168,15.691104,82,7.795,4.858,N,2.0966176,Calm,
3,169.3,32.82463095,-95.30648644,439,,-2.400003978,-1.800002984,0,2.2,-5.2,-144.2,3.000004973,1024,1024,1024,1024,,83.66142,15.19936,82,7.795,4.858,N,2.0966176,Calm,
4,169.4,32.82462844,-95.30648869,439,,-2.400003978,-1.900003149,0,1,-5.1,-144.3,3.06105052,1024,1024,1024,1024,,83.66142,14.662912,82,7.795,4.858,N,2.0966176,Calm,
0,169.5,32.82462629,-95.30649069,439,,-2.500004144,-1.900003149,0,-0.1,-4.7,-144.3,3.140068863,1024,1024,1024,1024,,82.677168,14.215872,82,7.795,4.858,N,2.0966176,Calm,
1,169.6,32.82462382,-95.30649282,439,,-2.500004144,-1.900003149,0,-0.1,-4.3,-144.2,3.140068863,1024,1024,1024,1024,,81.692916,13.724128,82,7.795,4.876,N,1.9982688,Calm,
2,169.7,32.82462136,-95.30649504,439,,-2.500004144,-1.900003149,0,0.1,-4,-144.2,3.140068863,1024,1024,1024,1024,,69.881892,13.232384,82,7.795,4.876,N,1.9982688,Calm,
3,169.8,32.82461907,-95.30649714,439,,-2.60000431,-1.900003149,0,0,-4,-144.1,3.220253534,1024,1024,1024,1024,,69.881892,12.74064,82,7.795,4.876,N,1.9982688,Calm,
4,169.9,32.82461683,-95.30649917,439,,-2.60000431,-1.900003149,0,-0.2,-3.1,-144.1,3.220253534,1024,1024,1024,1024,,69.881892,12.2936,82,7.795,4.876,N,1.89992,Calm,
0,170,32.8246144,-95.30650137,439,,-2.60000431,-1.900003149,0,-0.5,-2.2,-144.1,3.220253534,1024,1024,1024,1024,,69.881892,11.801856,82,7.795,4.876,N,1.89992,Calm,
1,170.1,32.82461192,-95.30650361,439,,-2.60000431,-1.900003149,0,-0.8,-1.6,-144.1,3.220253534,1024,1024,1024,1024,,69.881892,11.310112,82,7.804,4.876,N,1.7971008,Calm,
2,170.2,32.82460978,-95.30650548,439,,-2.60000431,-1.900003149,0,-1.3,-1,-144.2,3.220253534,1024,1024,1024,1024,,68.569556,10.863072,82,7.804,4.876,N,1.7971008,Calm,
3,170.3,32.82460732,-95.30650768,439,,-2.60000431,-1.900003149,0,-0.9,-0.6,-144.1,3.220253534,1024,1024,1024,1024,,68.569556,10.371328,82,7.804,4.876,N,1.7971008,Calm,
4,170.4,32.82460487,-95.30650975,439,,-2.500004144,-1.900003149,0,-0.9,-0.1,-144.1,3.140068863,1024,1024,1024,1024,,68.569556,9.879584,82,7.804,4.876,N,1.7971008,Calm,
0,170.5,32.82460265,-95.3065117,439,,-2.500004144,-1.800002984,0,-1.4,1.5,-144.1,3.080589297,1024,1024,1024,1024,,68.569556,9.432544,82,7.804,4.876,N,1.7971008,Calm,
1,170.6,32.82460024,-95.3065137,439,,-2.500004144,-1.800002984,0,-0.8,2.5,-144,3.080589297,1024,1024,1024,1024,,68.569556,8.9408,82,7.804,4.85,N,1.7971008,Calm,
2,170.7,32.82459801,-95.30651556,439,,-2.500004144,-1.700002818,0,0,2.6,-143.9,3.023247924,1024,1024,1024,1024,,68.569556,8.49376,82,7.804,4.85,N,1.7971008,Calm,
3,170.8,32.82459548,-95.30651762,439,,-2.400003978,-1.700002818,0,0.6,3.2,-143.9,2.9410927,1024,1024,1024,1024,,67.585304,8.002016,82,7.804,4.85,N,1.7971008,Calm,
4,170.9,32.82459337,-95.30651935,439,,-2.300003812,-1.600002652,0,1,3.3,-143.9,2.801789672,1024,1024,1024,1024,,67.585304,7.59968,82,7.804,4.85,N,1.7971008,Calm,
0,171,32.82459128,-95.30652103,439,,-2.300003812,-1.600002652,0,1.2,3.2,-143.9,2.801789672,1024,1024,1024,1024,,67.585304,7.15264,82,7.804,4.85,N,1.7971008,Calm,
1,171.1,32.82458943,-95.30652256,439,,-2.200003647,-1.500002486,0,1.8,2.8,-144,2.662709716,1024,1024,1024,1024,,67.585304,6.795008,82,7.804,4.85,N,1.7971008,Calm,
2,171.2,32.82458738,-95.30652418,439,,-2.100003481,-1.500002486,0,1.8,2.6,-144,2.58070157,1024,1024,1024,1024,,67.585304,6.392672,82,7.804,4.85,N,1.7971008,Calm,
3,171.3,32.82458536,-95.30652587,439,,-2.100003481,-1.400002321,0,2,2.3,-144.1,2.523889938,1024,1024,1024,1024,,66.601052,5.990336,82,7.804,4.85,N,1.7971008,Calm,
4,171.4,32.82458339,-95.30652736,439,,-2.000003315,-1.400002321,0,2.1,2.6,-144,2.441314945,1024,1024,1024,1024,,66.601052,5.632704,82,7.804,4.85,N,1.7971008,Calm,
0,171.5,32.8245816,-95.30652884,439,,-2.000003315,-1.400002321,0,2.1,3.2,-143.9,2.441314945,1024,1024,1024,1024,,66.601052,5.275072,82,7.804,4.85,N,1.7971008,Calm,
1,171.6,32.8245799,-95.30653026,439,,-1.900003149,-1.300002155,0,2.1,3.6,-143.9,2.302176427,1024,1024,1024,1024,,66.601052,4.91744,82,7.804,4.85,N,1.7971008,Calm,
2,171.7,32.82457813,-95.30653177,439,,-1.800002984,-1.300002155,0,2.1,3.8,-143.9,2.220363636,1024,1024,1024,1024,,66.601052,4.559808,82,7.804,4.85,N,1.698752,Calm,
3,171.8,32.82457634,-95.30653329,439,,-1.700002818,-1.300002155,0,2.2,3.9,-143.9,2.14009671,1024,1024,1024,1024,,66.601052,4.202176,82,7.804,4.85,N,1.698752,Calm,
4,171.9,32.82457481,-95.30653464,439,,-1.700002818,-1.200001989,0,2,4,-143.8,2.080868381,1024,1024,1024,1024,,66.601052,3.889248,82,7.804,4.85,N,1.698752,Calm,
0,172,32.82457317,-95.30653608,439,,-1.600002652,-1.200001989,0,2,4.4,-143.8,2.000003315,1024,1024,1024,1024,,66.601052,3.57632,82,7.804,4.85,N,1.698752,Calm,
1,172.1,32.82457184,-95.30653726,439,,-1.500002486,-1.100001823,0,2.2,4.8,-143.8,1.860110194,1024,1024,1024,1024,,66.601052,3.308096,82,7.795,4.85,N,1.698752,Calm,
2,172.2,32.82457044,-95.30653847,439,,-1.400002321,-1.100001823,0,1.8,4.8,-143.8,1.780452136,1024,1024,1024,1024,,66.601052,2.995168,82,7.795,4.905,N,1.698752,Calm,
3,172.3,32.82456918,-95.30653961,439,,-1.400002321,-1.000001658,0,1.4,5,-143.8,1.720467862,1024,1024,1024,1024,,66.601052,2.771648,82,7.795,4.905,N,1.698752,Calm,
4,172.4,32.82456798,-95.3065407,439,,-1.300002155,-1.000001658,0,1.7,5.1,-143.9,1.640124492,1024,1024,1024,1024,,66.601052,2.503424,82,7.795,4.905,N,1.698752,Calm,
0,172.5,32.8245668,-95.30654177,439,,-1.200001989,-0.900001492,0,1.9,5,-143.9,1.500002486,1024,1024,1024,1024,,65.6168,2.279904,82,7.795,4.905,N,1.698752,Calm,
1,172.6,32.82456564,-95.30654278,439,,-1.100001823,-0.900001492,0,1.9,4.9,-143.9,1.421269355,1024,1024,1024,1024,,65.6168,2.056384,82,7.795,4.905,N,1.7971008,Calm,
2,172.7,32.82456464,-95.30654367,439,,-1.100001823,-0.800001326,0,2.1,4.9,-143.9,1.360149152,1024,1024,1024,1024,,65.6168,1.832864,82,7.795,4.905,N,1.7971008,Calm,
3,172.8,32.82456357,-95.30654466,439,,-1.000001658,-0.800001326,0,2,4.6,-143.8,1.280626547,1024,1024,1024,1024,,65.6168,1.609344,82,7.795,4.905,N,1.7971008,Calm,
4,172.9,32.82456268,-95.30654548,439,,-0.900001492,-0.70000116,0,1.7,4.8,-143.8,1.140177308,1024,1024,1024,1024,,65.6168,1.430528,82,7.795,4.905,N,1.7971008,Calm,
0,173,32.82456173,-95.30654622,439,,-0.900001492,-0.70000116,0,1.6,5.2,-143.7,1.140177308,1024,1024,1024,1024,,65.6168,1.251712,82,7.795,4.905,N,1.7971008,Calm,
1,173.1,32.82456098,-95.30654692,439,,-0.800001326,-0.600000995,0,1.6,5.5,-143.7,1.000001658,1024,1024,1024,1024,,65.6168,1.072896,82,7.795,4.905,N,1.7971008,Calm,
2,173.2,32.82456036,-95.30654749,439,,-0.70000116,-0.600000995,0,1.5,5.3,-143.7,0.921955626,1024,1024,1024,1024,,65.6168,0.983488,82,7.795,4.905,N,1.7971008,Calm,
3,173.3,32.82455957,-95.30654823,439,,-0.70000116,-0.500000829,0,1.5,4.9,-143.7,0.860233708,1024,1024,1024,1024,,65.6168,0.804672,82,7.795,4.905,N,1.7971008,Calm,
4,173.4,32.82455893,-95.30654885,439,,-0.600000995,-0.500000829,0,1.4,4.9,-143.6,0.781025819,1024,1024,1024,1024,,65.6168,0.67056,82,7.795,4.905,N,1.7971008,Calm,
0,173.5,32.82455836,-95.30654938,439,,-0.600000995,-0.400000663,0,1.5,5.3,-143.5,0.721111283,1024,1024,1024,1024,,65.6168,0.536448,82,7.795,4.905,N,1.7971008,Calm,
1,173.6,32.8245578,-95.30654985,439,,-0.500000829,-0.400000663,0,1.6,5.6,-143.5,0.640313274,1024,1024,1024,1024,,65.6168,0.44704,82,7.795,4.905,N,1.7971008,Calm,
2,173.7,32.82455733,-95.30655029,439,,-0.500000829,-0.400000663,0,2.1,5.8,-143.5,0.640313274,1024,1024,1024,1024,,65.6168,0.357632,82,7.795,4.905,N,1.7971008,Calm,
3,173.8,32.82455682,-95.30655073,439,,-0.400000663,-0.300000497,0,2.3,6.3,-143.5,0.500000829,1024,1024,1024,1024,,64.304464,0.268224,82,7.795,4.905,N,1.7971008,Calm,
4,173.9,32.82455644,-95.30655109,439,,-0.300000497,-0.300000497,0,1.5,6.9,-143.5,0.424264653,1024,1024,1024,1024,,64.304464,0.178816,82,7.795,4.905,N,1.7971008,Calm,
0,174,32.8245561,-95.30655139,439,,-0.300000497,-0.200000332,0,1.2,7,-143.5,0.360555642,1024,1024,1024,1024,,64.304464,0.134112,82,7.795,4.905,N,1.7971008,Calm,
1,174.1,32.82455586,-95.30655165,439,,-0.200000332,-0.200000332,0,1,7,-143.4,0.282843102,1024,1024,1024,1024,,64.304464,0.089408,82,7.791,4.905,N,1.7971008,Calm,
2,174.2,32.82455572,-95.30655188,439,,-0.200000332,-0.100000166,0,0.8,7.2,-143.4,0.223606726,1024,1024,1024,1024,,64.304464,0.089408,82,7.791,4.99,N,1.7971008,Calm,
3,174.3,32.82455555,-95.30655206,439,,-0.100000166,-0.100000166,0,1.2,7.5,-143.4,0.141421551,1024,1024,1024,1024,,64.304464,0.089408,82,7.791,4.99,N,1.7971008,Calm,
4,174.4,32.82455547,-95.30655212,439,,0,0,0,1.3,6.3,-143.3,0,1024,1024,1024,1024,,64.304464,0.089408,82,7.791,4.99,N,1.7971008,Calm,
0,174.5,32.82455539,-95.30655218,439,,0,0,0,1.2,4.2,-143.4,0,1024,1024,1024,1024,,64.304464,0.089408,82,7.791,4.99,N,1.7971008,Calm,
1,174.6,32.82455531,-95.30655214,439,,0,0,0,1.7,3.4,-143.4,0,1024,1024,1024,1024,,64.304464,0.089408,82,7.791,4.99,N,1.7971008,Calm,
2,174.7,32.82455524,-95.30655215,439,,0,0,0,1.6,3.6,-143.5,0,1024,1024,1024,1024,,64.304464,0.134112,82,7.791,4.99,N,1.7971008,Calm,
3,174.8,32.82455523,-95.30655211,439,,0,0,0,1.3,3.7,-148.3,0,1024,1024,1024,1024,,64.304464,0.134112,82,7.791,4.99,N,1.89992,Calm,
4,174.9,32.8245552,-95.30655212,439,,0,0,0,1.3,3.3,-156.2,0,1024,1024,1024,1024,,64.304464,0.134112,82,7.791,4.99,N,1.89992,Calm,
0,175,32.8245552,-95.30655219,439,,0,0,0,1.9,3.7,-162.6,0,1024,1024,1024,1024,,64.304464,0.134112,82,7.791,4.99,N,1.89992,Calm,
1,175.1,32.82455519,-95.30655221,439,,0,0,0,1.8,3.9,-168.3,0,1024,1024,1024,1024,,64.304464,0.134112,82,7.79,4.99,N,1.89992,Calm,
2,175.2,32.8245552,-95.30655231,439,,0,0,0,1.4,3.2,-174.2,0,1024,1024,1024,1024,,64.304464,0.134112,82,7.79,4.99,N,1.89992,Calm,
3,175.3,32.82455522,-95.3065524,439,,0,0,0,0.4,2.7,179.6,0,1024,1024,1024,1024,,64.304464,0.089408,82,7.79,4.99,N,1.89992,Calm,
4,175.4,32.8245551,-95.3065526,439,,0,0,0,-0.2,2.9,173.6,0,1024,1024,1024,1024,,64.304464,0.134112,82,7.79,4.99,N,1.89992,Calm,
0,175.5,32.82455511,-95.30655272,439,,0,-0.100000166,0,-1.5,2.6,167.7,0.100000166,1024,1024,1024,1024,,64.304464,0.134112,82,7.79,4.99,N,1.89992,Calm,
1,175.6,32.82455505,-95.30655285,439,,0,0,0,-1.5,2.3,161.5,0,1024,1024,1024,1024,,64.304464,0.134112,82,7.79,4.99,N,1.89992,Calm,
2,175.7,32.82455503,-95.30655295,439,,0,0,0,-1.2,2.1,155.5,0,1024,1024,1024,1024,,65.6168,0.134112,82,7.79,4.99,N,1.9982688,Calm,
3,175.8,32.82455491,-95.30655311,439,,0,-0.100000166,0,-1.4,1.9,149.5,0.100000166,1024,1024,1024,1024,,65.6168,0.178816,82,7.79,4.99,N,1.9982688,Calm,
4,175.9,32.82455486,-95.30655323,439,,0,-0.100000166,0,-1.7,1.8,143.3,0.100000166,1024,1024,1024,1024,,64.304464,0.178816,82,7.79,4.99,N,1.9982688,Calm,
0,176,32.82455474,-95.30655341,439,,0,-0.100000166,0,-2.5,1.4,137.5,0.100000166,1024,1024,1024,1024,,65.6168,0.22352,82,7.79,4.99,N,1.9982688,Calm,
1,176.1,32.82455466,-95.30655354,439,,0,-0.100000166,0,-3.3,0.6,131.7,0.100000166,1024,1024,1024,1024,,65.6168,0.22352,82,7.79,4.99,N,1.9982688,Calm,
2,176.2,32.82455458,-95.30655364,439,,0,-0.100000166,0,-3.4,0,125.6,0.100000166,1024,1024,1024,1024,,65.6168,0.268224,82,7.79,5.045,N,1.9982688,Calm,
3,176.3,32.82455447,-95.30655374,439,,0,0,0,-3.3,-0.1,119.7,0,1024,1024,1024,1024,,65.6168,0.268224,82,7.79,5.045,N,1.9982688,Calm,
4,176.4,32.82455441,-95.30655383,439,,0,0,0,-3.6,-0.7,113.7,0,1024,1024,1024,1024,,64.304464,0.312928,82,7.79,5.045,N,1.9982688,Calm,
0,176.5,32.82455428,-95.3065539,439,,0,0,0,-3.7,-1.4,107.6,0,1024,1024,1024,1024,,64.304464,0.312928,82,7.79,5.045,N,1.9982688,Calm,
1,176.6,32.82455422,-95.30655392,439,,0,0,0,-3.7,-1.2,101.6,0,1024,1024,1024,1024,,64.304464,0.312928,82,7.79,5.045,N,1.9982688,Calm,
2,176.7,32.82455413,-95.30655396,439,,0,0,0,-3.6,-1.3,95.5,0,1024,1024,1024,1024,,64.304464,0.357632,82,7.79,5.045,N,1.9982688,Calm,
3,176.8,32.82455413,-95.30655397,439,,0,0,0,-3.5,-1.6,90.6,0,1024,1024,1024,1024,,64.304464,0.357632,82,7.79,5.045,N,1.9982688,Calm,
4,176.9,32.8245541,-95.30655399,439,,0,0,0,-3.5,-1.8,90.2,0,1024,1024,1024,1024,,65.6168,0.357632,82,7.79,5.045,N,1.9982688,Calm,
0,177,32.8245541,-95.30655404,439,,0,0,0,-3.2,-2.6,91,0,1024,1024,1024,1024,,65.6168,0.357632,82,7.79,5.045,N,1.89992,Calm,
1,177.1,32.8245541,-95.30655404,438,,0,0,0.100000166,-2.8,-2.4,91,0,1024,1024,1024,1024,,65.6168,0.357632,82,7.791,5.045,N,1.89992,Calm,
2,177.2,32.82455414,-95.306554,438,,0,0,0.200000332,-2.4,-2.2,90.9,0,1024,1024,1024,1024,,64.304464,0.357632,82,7.791,5.08,N,1.89992,Calm,
3,177.3,32.82455412,-95.30655398,438,,0,0,0.300000497,-2.5,-2.1,90.9,0,1024,1024,1024,1024,,64.304464,0.357632,82,7.791,5.08,N,1.89992,Calm,
4,177.4,32.82455417,-95.30655391,438,,0,0,0.400000663,-3.1,-1.6,90.9,0,1024,1024,1024,1024,,64.304464,0.357632,82,7.791,5.08,N,1.89992,Calm,
0,177.5,32.82455415,-95.30655387,438,,0,0,0.500000829,-3.5,-1.6,90.9,0,1024,1024,1024,1024,,63.320212,0.312928,82,7.791,5.08,N,1.89992,Calm,
1,177.6,32.82455419,-95.3065538,438,,0,0,0.600000995,-3.1,-1.9,90.9,0,1024,1024,1024,1024,,62.33596,0.312928,82,7.791,5.08,N,1.89992,Calm,
2,177.7,32.82455418,-95.30655376,438,,0,0,0.70000116,-3.3,-1.4,90.9,0,1024,1024,1024,1024,,61.351708,0.312928,82,7.791,5.08,N,1.89992,Calm,
3,177.8,32.82455425,-95.30655365,437,,0,0,0.800001326,-3.3,-1.5,90.8,0,1024,1024,1024,1024,,61.351708,0.312928,82,7.791,5.08,N,1.89992,Calm,
4,177.9,32.82455424,-95.30655359,437,,0,0,0.900001492,-3.8,-1,90.7,0,1024,1024,1024,1024,,60.039372,0.312928,82,7.791,5.08,N,1.89992,Calm,
0,178,32.82455424,-95.30655364,437,,0,0,0.900001492,-3,-1.2,90.7,0,1024,1024,1024,1024,,59.05512,0.312928,82,7.791,5.08,N,1.7971008,Calm,
1,178.1,32.82455423,-95.30655365,436,,0,0,0.900001492,-3.4,-1.1,90.8,0,1024,1024,1024,1024,,58.070868,0.312928,82,7.791,5.08,N,1.7971008,Calm,
2,178.2,32.82455412,-95.30655376,436,,0,0,0.900001492,-4.2,-2.3,90.8,0,1024,1024,1024,1024,,58.070868,0.312928,82,7.789,5.08,N,1.7971008,Calm,
3,178.3,32.82455411,-95.30655382,436,,0,0,0.900001492,-4.1,-2.6,90.6,0,1024,1024,1024,1024,,56.758532,0.357632,82,7.789,5.08,N,1.7971008,Calm,
4,178.4,32.82455411,-95.30655366,435,,0,0,1.000001658,-3.5,-1.8,90.6,0,1024,1024,1024,1024,,55.77428,0.312928,82,7.789,5.08,N,1.7971008,Calm,
0,178.5,32.82455412,-95.30655363,435,,0,0,0.900001492,-3.4,-1.3,90.7,0,1024,1024,1024,1024,,54.790028,0.312928,82,7.789,5.08,N,1.7971008,Calm,
1,178.6,32.82455418,-95.30655342,435,,0,0,1.000001658,-3.6,-1.8,90.6,0,1024,1024,1024,1024,,54.790028,0.312928,82,7.789,5.08,N,1.7971008,Calm,
2,178.7,32.82455416,-95.30655336,434,,0,0,1.000001658,-4.5,-0.8,90.7,0,1024,1024,1024,1024,,53.805776,0.312928,82,7.789,5.08,N,1.7971008,Calm,
3,178.8,32.82455415,-95.30655327,434,,0,0,0.900001492,-4.2,-1.7,90.8,0,1024,1024,1024,1024,,52.49344,0.312928,82,7.789,5.08,N,1.7971008,Calm,
4,178.9,32.82455415,-95.30655319,434,,0,0,0.900001492,-3.2,-2.2,90.9,0,1024,1024,1024,1024,,51.509188,0.312928,82,7.789,5.08,N,1.7971008,Calm,
0,179,32.82455413,-95.3065531,433,,0,0,1.000001658,-3.7,-1,90.9,0,1024,1024,1024,1024,,50.524936,0.312928,82,7.789,5.08,N,1.7971008,Calm,
1,179.1,32.82455434,-95.30655278,433,,0,0,0.800001326,-3.9,-1.4,90.8,0,1024,1024,1024,1024,,50.524936,0.268224,82,7.789,5.08,N,1.7971008,Calm,
2,179.2,32.82455435,-95.3065527,433,,0,0,0.70000116,-4.4,-1.8,91.1,0,1024,1024,1024,1024,,49.2126,0.268224,82,7.789,5.032,N,1.7971008,Calm,
3,179.3,32.82455436,-95.30655251,433,,0,0,0.70000116,-4.4,-1.3,91.1,0,1024,1024,1024,1024,,48.228348,0.268224,82,7.789,5.032,N,1.7971008,Calm,
4,179.4,32.82455441,-95.30655243,432,,0,0,0.800001326,-3.8,-0.7,91,0,1024,1024,1024,1024,,48.228348,0.22352,82,7.789,5.032,N,1.7971008,Calm,
0,179.5,32.82455446,-95.3065524,432,,0,0,0.70000116,-3.1,-1.4,90.9,0,1024,1024,1024,1024,,47.244096,0.22352,82,7.789,5.032,N,1.7971008,Calm,
1,179.6,32.82455448,-95.30655239,432,,0,0,0.600000995,-3.6,-2,91.1,0,1024,1024,1024,1024,,47.244096,0.22352,82,7.789,5.032,NE,1.7971008,Calm,
2,179.7,32.82455451,-95.30655237,432,,0,0,0.600000995,-4.3,-1.9,91.1,0,1024,1024,1024,1024,,46.259844,0.22352,82,7.789,5.032,NE,1.7971008,Calm,
3,179.8,32.82455456,-95.30655236,431,,0,0,0.600000995,-3.7,-1.3,91,0,1024,1024,1024,1024,,46.259844,0.22352,82,7.789,5.032,NE,1.7971008,Calm,
4,179.9,32.82455463,-95.30655235,431,,0,0,0.500000829,-3,-1.6,91.1,0,1024,1024,1024,1024,,44.947508,0.22352,82,7.789,5.032,NE,1.89992,Calm,
0,180,32.82455472,-95.30655237,431,,0,0,0.400000663,-3.4,-1.8,91.1,0,1024,1024,1024,1024,,44.947508,0.178816,82,7.789,5.032,NE,1.89992,Calm,
1,180.1,32.82455477,-95.30655238,431,,0,0,0.400000663,-3.9,-1.6,91,0,1024,1024,1024,1024,,44.947508,0.178816,82,7.772,5.032,NE,1.89992,Calm,
2,180.2,32.82455483,-95.30655239,431,,0,0,0.500000829,-3,-1.5,91.1,0,1024,1024,1024,1024,,43.963256,0.178816,82,7.772,5.153,NE,1.89992,Calm,
3,180.3,32.82455489,-95.30655239,431,,0,0,0.500000829,-2.6,-1.5,91.1,0,1024,1024,1024,1024,,43.963256,0.178816,82,7.772,5.153,NE,1.89992,Calm,
4,180.4,32.82455494,-95.30655237,430,,0,0,0.400000663,-2.8,-2,91,0,1024,1024,1024,1024,,42.979004,0.178816,82,7.772,5.153,NE,1.89992,Calm,
0,180.5,32.82455498,-95.30655218,430,,0,0,0.400000663,-2.8,-1.8,91,0,1024,1024,1024,1024,,42.979004,0.134112,82,7.772,5.153,NE,1.89992,Calm,
1,180.6,32.82455502,-95.30655216,430,,0,0,0.300000497,-2.8,-1.2,91.1,0,1024,1024,1024,1024,,42.979004,0.134112,82,7.772,5.153,NE,1.89992,Calm,
2,180.7,32.82455519,-95.30655208,430,,0,0,0.300000497,-3.2,-1.6,91,0,1024,1024,1024,1024,,41.666668,0.134112,82,7.772,5.153,NE,1.89992,Calm,
3,180.8,32.82455524,-95.30655207,430,,0,0,0.400000663,-2.8,-1.3,91,0,1024,1024,1024,1024,,41.666668,0.134112,82,7.772,5.153,NE,1.89992,Calm,
4,180.9,32.82455539,-95.30655199,430,,0,0,0.400000663,-1.7,-0.7,91.2,0,1024,1024,1024,1024,,40.682416,0.089408,82,7.772,5.153,NE,1.89992,Calm,
0,181,32.82455544,-95.30655199,430,,0,0,0.300000497,-1.4,-1.2,91.2,0,1024,1024,1024,1024,,40.682416,0.089408,82,7.772,5.153,NE,1.89992,Calm,
1,181.1,32.82455538,-95.30655189,430,,0,0,0.200000332,-2.6,-2.1,91.1,0,1024,1024,1024,1024,,40.682416,0.134112,82,7.772,5.153,NE,1.89992,Calm,
2,181.2,32.8245554,-95.30655189,429,,0,0,0.200000332,-3.5,-2.3,91.1,0,1024,1024,1024,1024,,40.682416,0.134112,82,7.772,5.153,NE,1.89992,Calm,
3,181.3,32.82455549,-95.30655178,429,,0,0,0.200000332,-2.9,-2.1,91.2,0,1024,1024,1024,1024,,40.682416,0.134112,82,7.772,5.153,NE,1.89992,Calm,
4,181.4,32.82455556,-95.30655174,429,,0,0,0.200000332,-1.9,-1.6,91.3,0,1024,1024,1024,1024,,39.698164,0.134112,82,7.772,5.153,NE,1.89992,Calm,
0,181.5,32.82455563,-95.3065517,429,,0,0,0.100000166,-1.1,-1.5,91.3,0,1024,1024,1024,1024,,39.698164,0.089408,82,7.772,5.153,NE,1.89992,Calm,
1,181.6,32.82455576,-95.30655163,429,,0,0,0.200000332,-1.1,-2.2,91.1,0,1024,1024,1024,1024,,39.698164,0.089408,82,7.772,5.153,NE,1.89992,Calm,
2,181.7,32.82455587,-95.30655165,429,,0,0,0.200000332,-2.2,-1.5,91,0,1024,1024,1024,1024,,39.698164,0.089408,82,7.772,5.153,NE,1.89992,Calm,
3,181.8,32.82455588,-95.30655156,429,,0,0,0.200000332,-2.7,-0.6,91,0,1024,1024,1024,1024,,39.698164,0.134112,82,7.772,5.153,NE,1.89992,Calm,
4,181.9,32.82455585,-95.30655143,429,,0,0,0.200000332,-2.1,-0.6,90.9,0,1024,1024,1024,1024,,38.713912,0.134112,82,7.772,5.153,NE,1.89992,Calm,
0,182,32.82455585,-95.30655137,429,,0,0,0.200000332,-2.2,-0.7,90.9,0,1024,1024,1024,1024,,38.713912,0.134112,82,7.772,5.153,NE,1.89992,Calm,
1,182.1,32.82455584,-95.30655126,429,,0,0,0.200000332,-2.9,-0.4,90.9,0,1024,1024,1024,1024,,38.713912,0.178816,82,7.802,5.153,NE,1.89992,Calm,
2,182.2,32.82455583,-95.3065512,429,,0,0,0.200000332,-2.9,-0.3,90.9,0,1024,1024,1024,1024,,38.713912,0.178816,82,7.802,5.132,NE,1.89992,Calm,
3,182.3,32.82455596,-95.30655115,429,,0,0,0.200000332,-2.4,-0.9,91,0,1024,1024,1024,1024,,38.713912,0.178816,82,7.802,5.132,NE,1.7971008,Calm,
4,182.4,32.82455596,-95.3065511,429,,0,0,0.200000332,-2.7,-0.5,91,0,1024,1024,1024,1024,,37.401576,0.178816,82,7.802,5.132,NE,1.7971008,Calm,
0,182.5,32.82455606,-95.30655107,428,,0,0,0.200000332,-3.1,-0.4,91,0,1024,1024,1024,1024,,37.401576,0.178816,82,7.802,5.132,NE,1.7971008,Calm,
1,182.6,32.82455608,-95.30655106,428,,0,0,0.200000332,-2.6,-1,91,0,1024,1024,1024,1024,,37.401576,0.178816,82,7.802,5.132,NE,1.7971008,Calm,
2,182.7,32.82455626,-95.30655109,428,,0,0,0.200000332,-1.9,-0.7,90.9,0,1024,1024,1024,1024,,37.401576,0.178816,82,7.802,5.132,NE,1.7971008,Calm,
3,182.8,32.82455626,-95.30655111,428,,0,0,0.100000166,-2.1,-0.7,90.9,0,1024,1024,1024,1024,,37.401576,0.178816,82,7.802,5.132,NE,1.7971008,Calm,
4,182.9,32.82455635,-95.3065511,428,,0,0,0.100000166,-2.4,-1.4,90.9,0,1024,1024,1024,1024,,37.401576,0.178816,82,7.802,5.132,NE,1.7971008,Calm,
0,183,32.82455635,-95.30655113,428,,0,0,0.200000332,-2.9,-1.2,90.9,0,1024,1024,1024,1024,,36.417324,0.178816,82,7.802,5.132,NE,1.7971008,Calm,
1,183.1,32.82455647,-95.3065511,428,,0,0,0.200000332,-2.4,-1.3,90.9,0,1024,1024,1024,1024,,36.417324,0.178816,82,7.786,5.132,NE,1.7971008,Calm,
2,183.2,32.8245565,-95.30655113,428,,0,0,0.100000166,-1.7,-1.8,91,0,1024,1024,1024,1024,,36.417324,0.178816,82,7.786,5.132,NE,1.698752,Calm,
3,183.3,32.82455647,-95.30655119,428,,0,0,0.100000166,-1.8,-1.3,90.9,0,1024,1024,1024,1024,,36.417324,0.178816,82,7.786,5.132,NE,1.698752,Calm,
4,183.4,32.82455648,-95.30655119,428,,0,0,0.100000166,-1.7,-1.1,90.9,0,1024,1024,1024,1024,,36.417324,0.178816,82,7.786,5.132,NE,1.698752,Calm,
0,183.5,32.82455648,-95.30655119,428,,0,0,0.100000166,-2,-1,90.8,0,1024,1024,1024,1024,,36.417324,0.178816,82,7.786,5.132,NE,1.698752,Calm,
1,183.6,32.82455656,-95.30655118,428,,0,0,0.200000332,-2.6,-0.8,90.9,0,1024,1024,1024,1024,,35.433072,0.178816,82,7.786,5.132,NE,1.698752,Calm,
2,183.7,32.82455657,-95.30655119,428,,0,0,0.100000166,-2.4,-1,90.9,0,1024,1024,1024,1024,,35.433072,0.178816,82,7.786,5.132,NE,1.698752,Calm,
3,183.8,32.8245566,-95.30655119,428,,0,0,0.100000166,-1.7,-1.3,90.9,0,1024,1024,1024,1024,,35.433072,0.178816,82,7.786,5.132,NE,1.698752,Calm,
4,183.9,32.82455667,-95.30655109,428,,0,0,0.200000332,-1.7,-1.3,90.9,0,1024,1024,1024,1024,,35.433072,0.22352,82,7.786,5.132,NE,1.698752,Calm,
0,184,32.82455668,-95.30655112,427,,0,0,0.200000332,-2.1,-1.2,90.9,0,1024,1024,1024,1024,,35.433072,0.178816,82,7.786,5.132,NE,1.5959328,Calm,
1,184.1,32.82455666,-95.3065511,427,,0,0,0.200000332,-2.4,-1.5,91,0,1024,1024,1024,1024,,34.120736,0.178816,82,7.786,5.132,NE,1.5959328,Calm,
2,184.2,32.82455667,-95.30655111,427,,0,0,0.100000166,-2.3,-1.8,91,0,1024,1024,1024,1024,,34.120736,0.178816,81,7.786,5.031,NE,1.5959328,Calm,
3,184.3,32.82455666,-95.30655099,427,,0,0,0.200000332,-2,-1.6,91,0,1024,1024,1024,1024,,34.120736,0.22352,81,7.786,5.031,NE,1.5959328,Calm,
4,184.4,32.82455666,-95.30655097,427,,0,0,0.200000332,-2,-1.4,91,0,1024,1024,1024,1024,,34.120736,0.22352,81,7.786,5.031,NE,1.5959328,Calm,
0,184.5,32.82455664,-95.30655094,427,,0,0,0.200000332,-2,-1.4,91,0,1024,1024,1024,1024,,34.120736,0.22352,81,7.786,5.031,NE,1.5959328,Calm,
1,184.6,32.82455663,-95.30655095,427,,0,0,0.100000166,-2.3,-1.5,91,0,1024,1024,1024,1024,,33.136484,0.22352,81,7.786,5.031,NE,1.5959328,Calm,
2,184.7,32.82455665,-95.30655088,427,,0,0,0.100000166,-2.9,-1.2,91,0,1024,1024,1024,1024,,33.136484,0.22352,81,7.786,5.031,NE,1.5959328,Calm,
3,184.8,32.82455664,-95.30655085,427,,0,0,0.200000332,-2.9,-0.8,90.9,0,1024,1024,1024,1024,,33.136484,0.22352,81,7.786,5.031,NE,1.5959328,Calm,
4,184.9,32.82455666,-95.30655078,427,,0,0,0.100000166,-2.5,-1.1,91,0,1024,1024,1024,1024,,33.136484,0.22352,81,7.786,5.031,NE,1.5959328,Calm,
0,185,32.82455668,-95.30655076,427,,0,0,0.100000166,-2.2,-1.1,91,0,1024,1024,1024,1024,,33.136484,0.22352,81,7.786,5.031,NE,1.5959328,Calm,
1,185.1,32.82455675,-95.30655068,427,,0,0,0.200000332,-2.2,-0.8,90.9,0,1024,1024,1024,1024,,32.152232,0.268224,81,7.789,5.031,NE,1.497584,Calm,
2,185.2,32.82455674,-95.30655066,427,,0,0,0.100000166,-2.4,-0.9,90.8,0,1024,1024,1024,1024,,32.152232,0.268224,81,7.789,5.032,NE,1.497584,Calm,
3,185.3,32.82455675,-95.30655069,427,,0,0,0.100000166,-2.6,-1.2,90.9,0,1024,1024,1024,1024,,32.152232,0.268224,81,7.789,5.032,NE,1.497584,Calm,
4,185.4,32.82455674,-95.30655069,427,,0,0,0.100000166,-2.5,-1.3,91,0,1024,1024,1024,1024,,32.152232,0.268224,81,7.789,5.032,NE,1.497584,Calm,
0,185.5,32.82455676,-95.30655077,427,,0,0,0.100000166,-2.6,-1.4,90.9,0,1024,1024,1024,1024,,32.152232,0.268224,81,7.789,5.032,NE,1.497584,Calm,
1,185.6,32.82455678,-95.30655074,427,,0,0,0.100000166,-2.4,-1.1,91,0,1024,1024,1024,1024,,31.16798,0.268224,81,7.789,5.032,NE,1.497584,Calm,
2,185.7,32.82455686,-95.30655079,427,,0,0,0.100000166,-2,-1.1,91,0,1024,1024,1024,1024,,31.16798,0.268224,81,7.789,5.032,NE,1.497584,Calm,
3,185.8,32.82455687,-95.3065508,427,,0,0,0.200000332,-1.9,-1.3,90.9,0,1024,1024,1024,1024,,31.16798,0.268224,81,7.789,5.032,NE,1.497584,Calm,
4,185.9,32.82455687,-95.3065507,427,,0,0,0.200000332,-2.2,-1.5,90.9,0,1024,1024,1024,1024,,31.16798,0.268224,81,7.789,5.032,NE,1.497584,Calm,
0,186,32.82455687,-95.30655071,426,,0,0,0.200000332,-2.4,-1.5,90.9,0,1024,1024,1024,1024,,31.16798,0.268224,81,7.789,5.032,NE,1.497584,Calm,
1,186.1,32.82455686,-95.3065507,426,,0,0,0.200000332,-2.2,-1.3,91,0,1024,1024,1024,1024,,31.16798,0.268224,81,7.789,5.032,NE,1.497584,Calm,
2,186.2,32.82455688,-95.30655071,426,,0,0,0.200000332,-2.1,-1.3,90.9,0,1024,1024,1024,1024,,31.16798,0.268224,81,7.789,5.032,NE,1.497584,Calm,
3,186.3,32.82455688,-95.30655079,426,,0,0,0.100000166,-2.1,-1.5,90.9,0,1024,1024,1024,1024,,29.855644,0.268224,81,7.789,5.032,NE,1.497584,Calm,
4,186.4,32.8245569,-95.3065508,426,,0,0,0.100000166,-2.1,-1.4,91,0,1024,1024,1024,1024,,29.855644,0.268224,81,7.789,5.032,NE,1.497584,Calm,
0,186.5,32.82455687,-95.30655081,426,,0,0,0.100000166,-2.1,-1.3,90.9,0,1024,1024,1024,1024,,29.855644,0.268224,81,7.789,5.032,NE,1.497584,Calm,
1,186.6,32.82455688,-95.30655082,426,,0,0,0.100000166,-2,-1.5,90.9,0,1024,1024,1024,1024,,29.855644,0.268224,81,7.789,5.032,NE,1.497584,Calm,
2,186.7,32.82455684,-95.3065508,426,,0,0,0.200000332,-2,-1.4,90.9,0,1024,1024,1024,1024,,29.855644,0.268224,81,7.789,5.032,NE,1.497584,Calm,
3,186.8,32.82455681,-95.30655081,426,,0,0,0.200000332,-2.5,-1.3,90.9,0,1024,1024,1024,1024,,28.871392,0.268224,81,7.789,5.032,NE,1.497584,Calm,
4,186.9,32.82455684,-95.30655069,426,,0,0,0.100000166,-2.5,-0.9,90.8,0,1024,1024,1024,1024,,28.871392,0.268224,81,7.789,5.032,NE,1.497584,Calm,
0,187,32.82455684,-95.30655071,426,,0,0,0.100000166,-2.3,-1.2,91,0,1024,1024,1024,1024,,28.871392,0.268224,81,7.789,5.032,NE,1.497584,Calm,
1,187.1,32.82455676,-95.30655061,426,,0,0,0.100000166,1.4,-3.3,91,0,1024,1024,1024,1024,,28.871392,0.268224,81,7.788,5.032,NE,1.497584,Calm,
2,187.2,32.82455671,-95.30655059,426,,-0.100000166,0,0.200000332,1.2,-3.1,90.9,0.100000166,1024,1024,1024,1024,,28.871392,0.268224,81,7.788,4.991,NE,1.497584,Calm,
3,187.3,32.82455658,-95.30655057,426,,-0.100000166,0,0.100000166,-0.5,-2.4,90.9,0.100000166,1024,1024,1024,1024,,27.88714,0.268224,81,7.788,4.991,NE,1.497584,Calm,
4,187.4,32.82455643,-95.30655051,426,,-0.100000166,0,0.200000332,-1.9,-2.3,91,0.100000166,1024,1024,1024,1024,,27.88714,0.268224,81,7.788,4.991,NE,1.497584,Calm,
0,187.5,32.82455626,-95.30655043,425,,-0.100000166,0,0.100000166,-3.4,-1.8,91,0.100000166,1024,1024,1024,1024,,27.88714,0.268224,81,7.788,4.991,NE,1.497584,Calm,
1,187.6,32.82455612,-95.30655034,425,,-0.100000166,0,0.100000166,-5.7,0,90.9,0.100000166,1024,1024,1024,1024,,27.88714,0.268224,81,7.788,4.991,NE,1.497584,Calm,
2,187.7,32.82455599,-95.30655035,425,,0,0,0.100000166,-2.3,-2.2,91.1,0,1024,1024,1024,1024,,27.88714,0.268224,81,7.788,4.991,NE,1.497584,Calm,
3,187.8,32.82455593,-95.30655027,425,,0,0,0.100000166,-0.7,-2.6,91.2,0,1024,1024,1024,1024,,26.902888,0.268224,81,7.788,4.991,NE,1.497584,Calm,
4,187.9,32.82455579,-95.30655021,425,,-0.100000166,0.100000166,0.200000332,-0.8,-1.5,91,0.141421551,1024,1024,1024,1024,,26.902888,0.312928,81,7.788,4.991,NE,1.497584,Calm,
0,188,32.8245557,-95.30655012,425,,-0.100000166,0.100000166,0.200000332,-2,-0.8,90.9,0.141421551,1024,1024,1024,1024,,26.902888,0.312928,81,7.788,4.991,NE,1.497584,Calm,
1,188.1,32.82455569,-95.30655003,425,,-0.100000166,0,0.100000166,-2.1,-1,90.9,0.100000166,1024,1024,1024,1024,,26.902888,0.312928,81,7.792,4.991,NE,1.497584,Calm,
2,188.2,32.82455558,-95.30654995,425,,-0.100000166,0,0.100000166,-1.8,-1.1,90.9,0.100000166,1024,1024,1024,1024,,26.902888,0.357632,81,7.792,4.991,NE,1.497584,Calm,
3,188.3,32.82455538,-95.30654972,425,,-0.100000166,0,0.200000332,-1.8,-1,90.9,0.100000166,1024,1024,1024,1024,,26.902888,0.357632,81,7.792,4.991,NE,1.497584,Calm,
4,188.4,32.82455526,-95.30654964,425,,-0.100000166,0,0.200000332,-1.9,-1,91,0.100000166,1024,1024,1024,1024,,25.590552,0.402336,81,7.792,4.991,NE,1.497584,Calm,
0,188.5,32.82455514,-95.30654956,425,,-0.100000166,0,0.100000166,-2.6,-1,90.9,0.100000166,1024,1024,1024,1024,,25.590552,0.402336,81,7.792,4.991,NE,1.497584,Calm,
1,188.6,32.82455516,-95.30654956,425,,-0.100000166,0,0.100000166,-3.8,0,90.9,0.100000166,1024,1024,1024,1024,,25.590552,0.402336,81,7.792,4.991,NE,1.497584,Calm,
2,188.7,32.82455508,-95.30654945,425,,-0.100000166,0,0.200000332,-4.2,0.6,90.8,0.100000166,1024,1024,1024,1024,,25.590552,0.44704,81,7.792,4.991,NE,1.497584,Calm,
3,188.8,32.82455502,-95.30654944,425,,0,0,0.100000166,-3.4,-0.4,90.9,0,1024,1024,1024,1024,,25.590552,0.44704,81,7.792,4.991,NE,1.497584,Calm,
4,188.9,32.82455502,-95.3065495,425,,0,0,0.100000166,-3.3,-0.9,91,0,1024,1024,1024,1024,,24.6063,0.44704,81,7.792,4.991,NE,1.497584,Calm,
0,189,32.82455497,-95.30654953,424,,0,0,0.200000332,-3.4,-0.9,91,0,1024,1024,1024,1024,,24.6063,0.44704,81,7.792,4.991,NE,1.497584,Calm,
1,189.1,32.82455503,-95.30654961,424,,0,0,0.200000332,-3.3,-1.1,91,0,1024,1024,1024,1024,,24.6063,0.402336,81,7.792,4.991,NE,1.497584,Calm,
2,189.2,32.82455502,-95.30654964,424,,0,0,0.100000166,-2.9,-1.5,91,0,1024,1024,1024,1024,,24.6063,0.402336,81,7.792,4.99,NE,1.497584,Calm,
3,189.3,32.82455505,-95.30654962,424,,0,0,0.100000166,-2.7,-1.4,91,0,1024,1024,1024,1024,,24.6063,0.402336,81,7.792,4.99,NE,1.497584,Calm,
4,189.4,32.82455505,-95.30654966,424,,0,0,0.100000166,-2.9,-1.5,91,0,1024,1024,1024,1024,,23.622048,0.402336,81,7.792,4.99,NE,1.497584,Calm,
0,189.5,32.82455505,-95.3065497,424,,0,0,0.200000332,-2.7,-1.6,91,0,1024,1024,1024,1024,,23.622048,0.402336,81,7.792,4.99,NE,1.497584,Calm,
1,189.6,32.82455505,-95.30654965,424,,0,0,0.100000166,-2.9,-1.7,91,0,1024,1024,1024,1024,,23.622048,0.402336,81,7.792,4.99,NE,1.497584,Calm,
2,189.7,32.82455505,-95.30654961,424,,0,0,0.200000332,-2.9,-1.5,91,0,1024,1024,1024,1024,,23.622048,0.402336,81,7.792,4.99,NE,1.497584,Calm,
3,189.8,32.82455506,-95.30654965,424,,0,0,0.100000166,-2.9,-1.9,91,0,1024,1024,1024,1024,,23.622048,0.402336,81,7.792,4.99,NE,1.497584,Calm,
4,189.9,32.82455516,-95.30654972,424,,0,0,0.100000166,-2.8,-2.2,90.9,0,1024,1024,1024,1024,,22.309712,0.402336,81,7.792,4.99,NE,1.497584,Calm,
0,190,32.82455518,-95.30654976,424,,0,0,0.200000332,-1.7,-2.8,91,0,1024,1024,1024,1024,,22.309712,0.402336,81,7.792,4.99,NE,1.497584,Calm,
1,190.1,32.82455516,-95.3065498,424,,0,0,0.100000166,-1.5,-2.9,91.1,0,1024,1024,1024,1024,,22.309712,0.357632,81,7.792,4.99,NE,1.497584,Calm,
2,190.2,32.82455514,-95.30654979,424,,0,0,0.200000332,-1.9,-2.7,91,0,1024,1024,1024,1024,,22.309712,0.402336,81,7.792,4.979,NE,1.497584,Calm,
3,190.3,32.82455513,-95.30654968,424,,0,0,0.200000332,-2,-2,91,0,1024,1024,1024,1024,,22.309712,0.402336,81,7.792,4.979,NE,1.497584,Calm,
4,190.4,32.82455509,-95.30654966,424,,0,0,0.100000166,-2.7,-2,91,0,1024,1024,1024,1024,,22.309712,0.402336,81,7.792,4.979,NE,1.497584,Calm,
0,190.5,32.82455502,-95.30654959,423,,0,0,0.100000166,-3.5,-1.6,91,0,1024,1024,1024,1024,,21.32546,0.402336,81,7.792,4.979,NE,1.497584,Calm,
1,190.6,32.82455497,-95.30654959,423,,0,0,0.200000332,-3.8,-1,90.9,0,1024,1024,1024,1024,,21.32546,0.402336,81,7.792,4.979,NE,1.497584,Calm,
2,190.7,32.82455491,-95.30654949,423,,0,0,0.100000166,-3.3,-2.8,91.2,0,1024,1024,1024,1024,,21.32546,0.44704,81,7.792,4.979,NE,1.5959328,Calm,
3,190.8,32.82455484,-95.30654949,423,,-0.100000166,0,0.100000166,-3.5,-3.5,91.2,0.100000166,1024,1024,1024,1024,,21.32546,0.44704,81,7.792,4.979,NE,1.5959328,Calm,
4,190.9,32.82455469,-95.30654947,423,,-0.100000166,0,0.100000166,-4,-2.7,91,0.100000166,1024,1024,1024,1024,,20.341208,0.44704,81,7.792,4.979,NE,1.5959328,Calm,
0,191,32.82455459,-95.30654941,423,,-0.100000166,0,0.100000166,-4.6,-1.9,91,0.100000166,1024,1024,1024,1024,,20.341208,0.44704,81,7.792,4.979,NE,1.5959328,Calm,
1,191.1,32.82455459,-95.30654936,423,,-0.100000166,0,0.100000166,-4.3,-1.7,91,0.100000166,1024,1024,1024,1024,,20.341208,0.491744,81,7.792,4.979,NE,1.5959328,Calm,
2,191.2,32.82455449,-95.30654932,423,,-0.100000166,0,0.100000166,-3.9,-0.7,91,0.100000166,1024,1024,1024,1024,,20.341208,0.491744,81,7.793,4.979,NE,1.5959328,Calm,
3,191.3,32.82455437,-95.30654929,423,,-0.100000166,0,0.100000166,-4.5,-1.1,91,0.100000166,1024,1024,1024,1024,,20.341208,0.491744,81,7.793,4.979,NE,1.5959328,Calm,
4,191.4,32.82455426,-95.3065493,423,,-0.100000166,0,0.200000332,-5.6,-2.6,91,0.100000166,1024,1024,1024,1024,,19.356956,0.491744,81,7.793,4.979,NE,1.698752,Calm,
0,191.5,32.82455417,-95.3065493,423,,0,0,0.200000332,-5.3,-2.9,91.1,0,1024,1024,1024,1024,,19.356956,0.536448,81,7.793,4.979,NE,1.698752,Calm,
1,191.6,32.82455411,-95.30654917,423,,0,0,0.100000166,-5,-2.6,91.1,0,1024,1024,1024,1024,,19.356956,0.536448,81,7.793,4.979,NE,1.698752,Calm,
2,191.7,32.82455411,-95.30654916,423,,0,0,0.100000166,-5.3,-2.2,91.1,0,1024,1024,1024,1024,,19.356956,0.536448,81,7.793,4.979,NE,1.698752,Calm,
3,191.8,32.82455406,-95.30654909,423,,0,0,0.200000332,-5.2,-1.9,91,0,1024,1024,1024,1024,,19.356956,0.536448,81,7.793,4.979,NE,1.7971008,Calm,
4,191.9,32.82455403,-95.30654906,423,,0,0,0.100000166,-3.8,-0.8,91,0,1024,1024,1024,1024,,18.04462,0.536448,81,7.793,4.979,NE,1.7971008,Calm,
0,192,32.82455401,-95.30654903,422,,0,0,0.100000166,-3.3,-0.3,91,0,1024,1024,1024,1024,,18.04462,0.581152,81,7.793,4.979,NE,1.7971008,Calm,
1,192.1,32.82455399,-95.30654899,422,,0,0,0.200000332,-4,-1.2,91,0,1024,1024,1024,1024,,18.04462,0.581152,81,7.793,4.979,NE,1.7971008,Calm,
2,192.2,32.82455391,-95.30654901,422,,0,0,0.200000332,-4.7,-1.4,91,0,1024,1024,1024,1024,,18.04462,0.581152,81,7.793,5.055,NE,1.7971008,Calm,
3,192.3,32.8245539,-95.30654901,422,,0,0,0.100000166,-5.1,-1.5,91,0,1024,1024,1024,1024,,18.04462,0.581152,81,7.793,5.055,NE,1.89992,Calm,
4,192.4,32.82455384,-95.30654904,422,,0,0,0.100000166,-5.2,-1.7,91,0,1024,1024,1024,1024,,18.04462,0.581152,81,7.793,5.055,NE,1.89992,Calm,
0,192.5,32.8245538,-95.30654907,422,,0,0,0.100000166,-5.1,-2.1,91,0,1024,1024,1024,1024,,17.060368,0.581152,81,7.793,5.055,NE,1.89992,Calm,
1,192.6,32.82455379,-95.30654916,422,,0,0,0.200000332,-4.9,-2.1,91,0,1024,1024,1024,1024,,17.060368,0.581152,81,7.793,5.055,NE,1.89992,Calm,
2,192.7,32.82455384,-95.30654912,422,,0,0,0.100000166,-4.5,-2.3,91.1,0,1024,1024,1024,1024,,17.060368,0.581152,81,7.793,5.055,NE,1.9982688,Calm,
3,192.8,32.82455384,-95.30654915,422,,0,0,0.100000166,-4.6,-2,91,0,1024,1024,1024,1024,,17.060368,0.581152,81,7.793,5.055,NE,1.9982688,Calm,
4,192.9,32.82455385,-95.30654899,422,,0,0,0.200000332,-4.5,-1.2,91,0,1024,1024,1024,1024,,17.060368,0.581152,81,7.793,5.055,NE,1.9982688,Calm,
0,193,32.82455386,-95.30654898,422,,0,0,0.200000332,-4.5,-1.4,90.9,0,1024,1024,1024,1024,,16.076116,0.581152,81,7.793,5.055,NE,1.9982688,Calm,
1,193.1,32.82455385,-95.30654897,422,,0,0,0.200000332,-3.5,-0.8,91,0,1024,1024,1024,1024,,16.076116,0.581152,81,7.789,5.055,NE,1.9982688,Calm,
2,193.2,32.82455385,-95.30654894,422,,0,0,0,-3.2,-1.4,91.5,0,1024,1024,1024,1024,,16.076116,0.581152,81,7.789,5.055,NE,1.9982688,Calm,
3,193.3,32.82455384,-95.30654887,422,,0,0,0,-3.6,-1.7,91.6,0,1024,1024,1024,1024,,16.076116,0.581152,81,7.789,5.055,N,1.9982688,Calm,
4,193.4,32.82455383,-95.30654884,422,,0,0,0,-3.6,-1.6,91.6,0,1024,1024,1024,1024,,16.076116,0.581152,81,7.789,5.055,N,2.0966176,Calm,
0,193.5,32.82455384,-95.30654876,422,,0,0,0,-3.7,-0.9,91.5,0,1024,1024,1024,1024,,16.076116,0.625856,81,7.789,5.055,N,2.0966176,Calm,
1,193.6,32.82455383,-95.30654869,422,,0,0,0,-4,-0.9,91.6,0,1024,1024,1024,1024,,16.076116,0.625856,81,7.789,5.055,N,2.0966176,Calm,
2,193.7,32.82455384,-95.30654863,422,,0,0,0,-4.4,-0.1,91.6,0,1024,1024,1024,1024,,16.076116,0.625856,81,7.789,5.055,N,2.0966176,Calm,
3,193.8,32.82455384,-95.30654856,422,,0,0,0,-4.3,0.4,91.6,0,1024,1024,1024,1024,,16.076116,0.625856,81,7.789,5.055,N,2.0966176,Calm,
4,193.9,32.82455376,-95.30654844,422,,0,0,0,-3.8,0.4,91.7,0,1024,1024,1024,1024,,16.076116,0.67056,81,7.789,5.055,N,2.0966176,Calm,
0,194,32.82455378,-95.30654839,422,,0,0,0,-3,0.8,91.6,0,1024,1024,1024,1024,,16.076116,0.67056,81,7.789,5.055,N,2.0966176,Calm,
1,194.1,32.82455386,-95.30654835,422,,0,0,0,-3.4,1.7,91.4,0,1024,1024,1024,1024,,16.076116,0.67056,81,7.789,5.055,N,2.0966176,Calm,
2,194.2,32.82455387,-95.30654834,422,,0,0,0,-4.1,0.8,91.4,0,1024,1024,1024,1024,,16.076116,0.67056,81,7.789,5.244,N,1.9982688,Calm,
3,194.3,32.82455388,-95.30654831,422,,0,0,0,-3.4,-0.2,91.6,0,1024,1024,1024,1024,,16.076116,0.67056,81,7.789,5.244,N,1.9982688,Calm,
4,194.4,32.82455393,-95.30654834,422,,0,0,0,-1.9,-1,91.5,0,1024,1024,1024,1024,,16.076116,0.625856,81,7.789,5.244,N,1.9982688,Calm,
0,194.5,32.82455399,-95.3065484,422,,0,0,0,-1.7,-0.9,91.6,0,1024,1024,1024,1024,,16.076116,0.625856,81,7.789,5.244,N,1.9982688,Calm,
1,194.6,32.82455401,-95.30654844,422,,0,0,0,-1.9,-0.6,91.5,0,1024,1024,1024,1024,,16.076116,0.625856,81,7.789,5.244,N,1.9982688,Calm,
2,194.7,32.82455396,-95.30654851,422,,0,0,0,-2.3,-1.3,91.5,0,1024,1024,1024,1024,,16.076116,0.625856,81,7.789,5.244,N,1.9982688,Calm,
3,194.8,32.82455397,-95.30654854,422,,0,0,0,-2.5,-1.9,91.7,0,1024,1024,1024,1024,,16.076116,0.625856,81,7.789,5.244,N,1.9982688,Calm,
4,194.9,32.82455395,-95.30654849,422,,0,0,0,-2.7,-0.8,91.7,0,1024,1024,1024,1024,,16.076116,0.625856,81,7.789,5.244,N,1.9982688,Calm,
0,195,32.82455394,-95.3065485,422,,0,0,0,-2.9,0,91.6,0,1024,1024,1024,1024,,16.076116,0.625856,81,7.789,5.244,N,1.9982688,Calm,
1,195.1,32.82455395,-95.30654849,422,,0,0,0,-2.7,0,91.5,0,1024,1024,1024,1024,,16.076116,0.625856,81,7.787,5.244,N,1.89992,Calm,
2,195.2,32.82455395,-95.3065485,422,,0,0,0,-2.5,-0.8,91.6,0,1024,1024,1024,1024,,16.076116,0.625856,81,7.787,4.967,N,1.89992,Calm,
3,195.3,32.82455395,-95.30654848,422,,0,0,0,-2.4,-0.3,91.6,0,1024,1024,1024,1024,,16.076116,0.625856,81,7.787,4.967,N,1.89992,Calm,
4,195.4,32.82455395,-95.30654847,422,,0,0,0,-2.2,0,91.6,0,1024,1024,1024,1024,,16.076116,0.625856,81,7.787,4.967,N,1.89992,Calm,
0,195.5,32.82455395,-95.30654846,422,,0,0,0,-2,-0.1,91.5,0,1024,1024,1024,1024,,16.076116,0.625856,81,7.787,4.967,N,1.89992,Calm,
1,195.6,32.82455396,-95.30654848,422,,0,0,0,-2.4,-0.1,91.6,0,1024,1024,1024,1024,,16.076116,0.625856,81,7.787,4.967,N,1.7971008,Calm,
2,195.7,32.82455394,-95.30654838,422,,0,0,0,-2.7,0,91.4,0,1024,1024,1024,1024,,16.076116,0.625856,81,7.787,4.967,N,1.7971008,Calm,
3,195.8,32.82455392,-95.30654837,422,,0,0,0,-2.5,-0.1,91.3,0,1024,1024,1024,1024,,16.076116,0.625856,81,7.787,4.967,N,1.7971008,Calm,
4,195.9,32.82455394,-95.30654839,422,,0,0,0,-3,0,91.5,0,1024,1024,1024,1024,,16.076116,0.625856,81,7.787,4.967,N,1.7971008,Calm,
0,196,32.82455393,-95.30654842,422,,0,0,0,-3.3,-0.5,91.5,0,1024,1024,1024,1024,,16.076116,0.625856,81,7.787,4.967,N,1.698752,Calm,
1,196.1,32.82455395,-95.3065484,422,,0,0,0,-2.9,-1.3,91.6,0,1024,1024,1024,1024,,16.076116,0.625856,81,7.787,4.967,N,1.698752,Calm,
2,196.2,32.82455396,-95.30654842,422,,0,0,0,-2.4,-0.8,91.6,0,1024,1024,1024,1024,,16.076116,0.625856,81,7.787,4.967,N,1.698752,Calm,
3,196.3,32.82455386,-95.30654839,422,,0,0,0,-2.4,-0.3,91.6,0,1024,1024,1024,1024,,16.076116,0.67056,81,7.787,4.967,N,1.698752,Calm,
4,196.4,32.82455387,-95.30654838,422,,0,0,0,-2.4,-0.4,91.5,0,1024,1024,1024,1024,,16.076116,0.625856,81,7.787,4.967,N,1.698752,Calm,
0,196.5,32.82455397,-95.30654837,422,,0,0,0,-1.9,-0.2,91.5,0,1024,1024,1024,1024,,16.076116,0.625856,81,7.787,4.967,N,1.5959328,Calm,
1,196.6,32.82455397,-95.30654835,422,,0,0,0,-1.5,0.2,91.6,0,1024,1024,1024,1024,,16.076116,0.625856,81,7.787,4.967,N,1.5959328,Calm,
2,196.7,32.82455395,-95.30654827,422,,0,0,0,-1.8,0.1,91.6,0,1024,1024,1024,1024,,16.076116,0.67056,81,7.787,4.967,N,1.5959328,Calm,
3,196.8,32.82455393,-95.30654823,422,,0,0,0,-2.3,0.4,91.5,0,1024,1024,1024,1024,,16.076116,0.67056,81,7.787,4.967,N,1.497584,Calm,
4,196.9,32.82455384,-95.30654817,422,,0,0,0,-2.4,0.8,91.5,0,1024,1024,1024,1024,,16.076116,0.67056,81,7.787,4.967,N,1.497584,Calm,
0,197,32.8245538,-95.30654815,422,,0,0,0,-2.7,0.8,91.6,0,1024,1024,1024,1024,,16.076116,0.67056,81,7.787,4.967,N,1.497584,Calm,
1,197.1,32.82455373,-95.30654796,422,,0,0,0,-3.5,1.1,91.6,0,1024,1024,1024,1024,,16.076116,0.715264,81,7.787,4.967,N,1.497584,Calm,
2,197.2,32.8245537,-95.30654794,422,,0,0,0,-3.5,1.2,91.7,0,1024,1024,1024,1024,,16.076116,0.715264,81,7.787,4.986,N,1.497584,Calm,
3,197.3,32.82455374,-95.30654787,422,,0,0,0,-3,0.6,91.6,0,1024,1024,1024,1024,,16.076116,0.715264,81,7.787,4.986,N,1.3992352,Calm,
4,197.4,32.82455374,-95.30654787,422,,0,0,0,-2.4,0.2,91.6,0,1024,1024,1024,1024,,16.076116,0.715264,81,7.787,4.986,N,1.3992352,Calm,
0,197.5,32.82455375,-95.30654787,422,,0,0,0,-2.5,0.7,91.6,0,1024,1024,1024,1024,,16.076116,0.715264,81,7.787,4.986,N,1.3992352,Calm,
1,197.6,32.82455374,-95.30654785,422,,0,0,0,-2.6,1.3,91.6,0,1024,1024,1024,1024,,16.076116,0.715264,81,7.787,4.986,N,1.3992352,Calm,
2,197.7,32.82455375,-95.30654788,422,,0,0,0,-2.8,1,91.5,0,1024,1024,1024,1024,,16.076116,0.715264,81,7.787,4.986,N,1.3992352,Calm,
3,197.8,32.82455375,-95.30654791,422,,0,0,0,-2.7,0.3,91.5,0,1024,1024,1024,1024,,16.076116,0.715264,81,7.787,4.986,N,1.3992352,Calm,
4,197.9,32.82455376,-95.30654791,422,,0,0,0,-2.4,0,91.4,0,1024,1024,1024,1024,,16.076116,0.715264,81,7.787,4.986,N,1.296416,Calm,
0,198,32.82455376,-95.30654796,422,,0,0,0,-2.3,-0.2,91.6,0,1024,1024,1024,1024,,16.076116,0.715264,81,7.787,4.986,N,1.296416,Calm,
1,198.1,32.82455375,-95.30654792,422,,0,0,0,-2.6,-0.9,91.5,0,1024,1024,1024,1024,,16.076116,0.715264,81,7.787,4.986,N,1.296416,Calm,
2,198.2,32.82455374,-95.30654796,422,,0,0,0,-2.7,-0.8,91.6,0,1024,1024,1024,1024,,16.076116,0.715264,81,7.787,4.986,N,1.296416,Calm,
3,198.3,32.82455365,-95.30654801,422,,0,0,0,-2.7,-0.7,91.6,0,1024,1024,1024,1024,,16.076116,0.715264,81,7.787,4.986,N,1.296416,Calm,
4,198.4,32.82455364,-95.30654804,422,,0,0,0,-2.9,-0.8,91.6,0,1024,1024,1024,1024,,16.076116,0.715264,81,7.787,4.986,N,1.296416,Calm,
0,198.5,32.82455375,-95.30654801,422,,0,0,0,-3,-1.1,91.6,0,1024,1024,1024,1024,,16.076116,0.715264,81,7.787,4.986,N,1.296416,Calm,
1,198.6,32.82455375,-95.30654803,422,,0,0,0,-2.9,-0.9,91.6,0,1024,1024,1024,1024,,16.076116,0.715264,81,7.787,4.986,N,1.296416,Calm,
2,198.7,32.82455375,-95.30654809,422,,0,0,0,-2.9,0,91.5,0,1024,1024,1024,1024,,16.076116,0.67056,81,7.787,4.986,N,1.296416,Calm,
3,198.8,32.82455374,-95.30654811,422,,0,0,0,-2.8,-0.6,91.5,0,1024,1024,1024,1024,,16.076116,0.67056,81,7.787,5.01,N,1.296416,Calm,
4,198.9,32.82455374,-95.30654811,422,,0,0,0,-3.1,-1.1,91.5,0,1024,1024,1024,1024,,16.076116,0.67056,81,7.787,5.01,N,1.1980672,Calm,
0,199,32.82455372,-95.30654812,422,,0,0,0,-3.3,-0.8,91.5,0,1024,1024,1024,1024,,16.076116,0.67056,81,7.787,5.01,N,1.1980672,Calm,
1,199.1,32.82455384,-95.30654809,422,,0,0,0,-3.3,-0.7,91.6,0,1024,1024,1024,1024,,16.076116,0.67056,81,7.787,5.01,N,1.1980672,Calm,
2,199.2,32.82455382,-95.30654809,422,,0,0,0,-3.3,-0.6,91.6,0,1024,1024,1024,1024,,16.076116,0.67056,81,7.787,5.01,N,1.1980672,Calm,
3,199.3,32.82455383,-95.30654819,422,,0,0,0,-3.8,-0.7,91.6,0,1024,1024,1024,1024,,16.076116,0.67056,81,7.787,5.01,N,1.1980672,Calm,
4,199.4,32.82455381,-95.3065482,422,,0,0,0,-4.2,-0.9,91.5,0,1024,1024,1024,1024,,16.076116,0.67056,81,7.787,5.01,N,1.1980672,Calm,
0,199.5,32.82455379,-95.30654821,422,,0,0,0,-3.9,-0.6,91.5,0,1024,1024,1024,1024,,16.076116,0.67056,81,7.787,5.01,N,1.1980672,Calm,
1,199.6,32.82455373,-95.3065481,422,,0,0,0,-3.6,-0.5,91.5,0,1024,1024,1024,1024,,16.076116,0.67056,81,7.787,5.01,N,1.1980672,Calm,
2,199.7,32.82455375,-95.30654819,422,,0,0,0,-3.4,-0.8,91.5,0,1024,1024,1024,1024,,16.076116,0.67056,81,7.787,5.01,N,1.1980672,Calm,
3,199.8,32.82455375,-95.30654821,422,,0,0,0,-3.5,-0.7,91.6,0,1024,1024,1024,1024,,16.076116,0.67056,81,7.785,5.093,N,1.1980672,Calm,
4,199.9,32.82455385,-95.30654819,422,,0,0,0,-3.5,-0.7,91.6,0,1024,1024,1024,1024,,16.076116,0.67056,81,7.785,5.093,N,1.1980672,Calm,
0,200,32.82455385,-95.3065482,422,,0,0,0,-3.5,-0.7,91.6,0,1024,1024,1024,1024,,16.076116,0.67056,81,7.785,5.093,N,1.1980672,Calm,
1,200.1,32.82455385,-95.30654818,422,,0,0,0,-3.4,-0.7,91.6,0,1024,1024,1024,1024,,16.076116,0.67056,81,7.785,5.093,N,1.1980672,Calm,
2,200.2,32.82455385,-95.30654818,422,,0,0,0,-3.5,-0.5,91.5,0,1024,1024,1024,1024,,16.076116,0.67056,81,7.785,5.093,N,1.1980672,Calm,
3,200.3,32.82455385,-95.30654808,422,,0,0,0,-3.2,-0.5,91.5,0,1024,1024,1024,1024,,16.076116,0.67056,81,7.785,5.093,N,1.1980672,Calm,
4,200.4,32.82455386,-95.30654806,422,,0,0,0,-3.1,-0.4,91.4,0,1024,1024,1024,1024,,16.076116,0.67056,81,7.785,5.093,N,1.1980672,Calm,
0,200.5,32.82455386,-95.30654805,422,,0,0,0,-3.3,-0.4,91.5,0,1024,1024,1024,1024,,16.076116,0.67056,81,7.785,5.093,N,1.296416,Calm,
1,200.6,32.82455385,-95.30654796,422,,0,0,0,-3.4,-0.3,91.5,0,1024,1024,1024,1024,,16.076116,0.715264,81,7.785,5.093,N,1.296416,Calm,
2,200.7,32.82455395,-95.30654798,422,,0,0,0,-3.4,-0.4,91.5,0,1024,1024,1024,1024,,16.076116,0.67056,81,7.785,5.093,N,1.296416,Calm,
3,200.8,32.82455395,-95.30654799,422,,0,0,0,-3.4,-0.5,91.5,0,1024,1024,1024,1024,,16.076116,0.67056,81,7.785,5.093,N,1.296416,Calm,
4,200.9,32.82455395,-95.30654799,422,,0,0,0,-3.5,-0.7,91.5,0,1024,1024,1024,1024,,16.076116,0.67056,81,7.785,5.093,N,1.296416,Calm,
0,201,32.82455396,-95.30654799,422,,0,0,0,-3.3,-0.6,91.5,0,1024,1024,1024,1024,,16.076116,0.67056,81,7.785,5.093,N,1.296416,Calm,
1,201.1,32.82455397,-95.30654799,422,,0,0,0,-3,-0.4,91.5,0,1024,922,1024,1024,,16.076116,0.67056,81,7.782,5.093,N,1.296416,Calm,
2,201.2,32.82455399,-95.30654799,422,,0,0,0,-3,-0.5,91.5,0,1024,701,1024,1024,,16.076116,0.67056,81,7.782,5.093,N,1.296416,Calm,
3,201.3,32.82455407,-95.30654799,422,,0,0,0,-3.1,-0.5,91.5,0,1024,643,1024,1024,,16.076116,0.67056,81,7.782,5.093,N,1.296416,Calm,
4,201.4,32.82455409,-95.30654799,422,,0,0,0.200000332,-3.7,-0.7,91.6,0,1024,643,1024,1024,,16.076116,0.67056,81,7.782,5.093,N,1.296416,Calm,
0,201.5,32.82455417,-95.30654789,421,,0,0,0.500000829,-2.7,-0.3,91.5,0,1024,716,1024,1024,,16.076116,0.67056,81,7.782,5.093,N,1.296416,Calm,
1,201.6,32.8245542,-95.3065479,421,,0,0,0.500000829,-1.8,-0.6,91.5,0,1024,895,1024,1024,,14.76378,0.67056,81,7.782,5.093,N,1.296416,Calm,
2,201.7,32.82455416,-95.30654779,421,,0,0,0.500000829,-2.6,-1.3,91.6,0,1024,862,1024,1024,,14.76378,0.715264,81,7.782,5.093,N,1.296416,Calm,
3,201.8,32.82455416,-95.30654778,421,,0,0,0.400000663,-3.2,-0.8,91.5,0,1024,717,1024,1024,,13.779528,0.715264,80,7.782,5.062,N,1.296416,Calm,
4,201.9,32.82455435,-95.30654778,421,,0,0,0.400000663,-3,-0.7,91.5,0,1024,661,1024,1024,,13.779528,0.67056,80,7.782,5.062,N,1.296416,Calm,
0,202,32.82455436,-95.30654777,421,,0,0,0.400000663,-3.1,-0.6,91.5,0,1024,720,1024,1024,,12.795276,0.67056,80,7.782,5.062,N,1.296416,Calm,
1,202.1,32.82455436,-95.30654763,420,,0,0,0.400000663,-3.2,-0.8,91.5,0,1024,669,1024,1024,,12.795276,0.715264,80,7.782,5.062,N,1.296416,Calm,
2,202.2,32.82455439,-95.30654753,420,,0,0,0.400000663,-2.8,-0.2,91.5,0,1024,576,1024,1024,,11.811024,0.715264,80,7.782,5.062,N,1.296416,Calm,
3,202.3,32.82455425,-95.30654775,420,,0,0,0.300000497,-2.6,0.2,91.5,0,1024,588,1024,1024,,11.811024,0.715264,80,7.782,5.062,N,1.296416,Calm,
4,202.4,32.82455424,-95.30654774,420,,0,0,0.300000497,-3.2,0,91.6,0,1024,589,1024,1024,,11.811024,0.715264,80,7.782,5.062,N,1.296416,Calm,
0,202.5,32.82455424,-95.30654774,420,,0,0,0.300000497,-3.2,-0.3,91.5,0,1024,568,1024,1024,,10.498688,0.715264,80,7.782,5.062,N,1.296416,Calm,
1,202.6,32.82455436,-95.30654772,420,,0,0,0.300000497,-2.5,-0.2,91.5,0,1024,496,1024,1024,,10.498688,0.67056,80,7.782,5.062,N,1.296416,Calm,
2,202.7,32.82455435,-95.30654781,420,,0,0,0.300000497,-2.6,-0.4,91.5,0,1024,487,1024,1024,,10.498688,0.67056,80,7.782,5.062,N,1.296416,Calm,
3,202.8,32.82455436,-95.30654784,420,,0,0,0.200000332,-2.5,-1,91.5,0,1024,445,1024,1024,,9.514436,0.67056,80,7.781,5.062,N,1.296416,Calm,
4,202.9,32.82455446,-95.30654779,420,,0,0,0.200000332,-2.2,-1.1,91.5,0,1024,387,1024,1024,,9.514436,0.67056,80,7.781,5.062,N,1.296416,Calm,
0,203,32.82455448,-95.30654778,420,,0,0,0.200000332,-2.6,-0.3,91.5,0,1024,364,1024,1024,,9.514436,0.67056,80,7.781,5.062,N,1.296416,Calm,
1,203.1,32.82455458,-95.30654776,420,,0,0,0.200000332,-2.5,0,91.5,0,1024,364,1024,1024,,9.514436,0.67056,80,7.781,5.062,N,1.296416,Calm,
2,203.2,32.82455462,-95.30654774,420,,0,0,0.200000332,-1.9,-0.4,91.5,0,1024,364,1024,1024,,8.530184,0.67056,80,7.781,5.062,N,1.296416,Calm,
3,203.3,32.82455468,-95.30654767,419,,0,0,0.200000332,-1.6,-0.5,91.5,0,1024,364,1024,1024,,8.530184,0.67056,80,7.781,5.062,N,1.296416,Calm,
4,203.4,32.8245547,-95.30654764,419,,0,0,0.200000332,-1.7,-0.3,91.5,0,1024,364,1024,1024,,8.530184,0.67056,80,7.781,5.062,N,1.296416,Calm,
0,203.5,32.8245547,-95.30654761,419,,0,0,0.200000332,-2.1,0.1,91.5,0,1024,364,1024,1024,,8.530184,0.67056,80,7.781,5.062,N,1.296416,Calm,
1,203.6,32.82455465,-95.30654755,419,,0,0,0.200000332,-2.1,0.1,91.5,0,1024,364,1024,1024,,7.217848,0.715264,80,7.781,5.062,N,1.296416,Calm,
2,203.7,32.82455464,-95.30654759,419,,0,0,0.200000332,-1.9,-0.1,91.5,0,1024,364,1024,1024,,7.217848,0.67056,80,7.781,5.062,N,1.296416,Calm,
3,203.8,32.82455463,-95.3065476,419,,0,0,0.200000332,-2.1,-0.5,91.5,0,1024,364,1024,1024,,7.217848,0.67056,80,7.781,5.118,N,1.1980672,Calm,
4,203.9,32.82455466,-95.30654748,419,,0,0,0.100000166,-2,-0.1,91.5,0,1024,364,1024,1024,,7.217848,0.715264,80,7.781,5.118,N,1.1980672,Calm,
0,204,32.82455467,-95.30654747,419,,0,0,0.100000166,-1.8,0.4,91.5,0,1024,364,1024,1024,,6.233596,0.715264,80,7.781,5.118,N,1.1980672,Calm,
1,204.1,32.82455477,-95.30654747,419,,0,0,0.100000166,-1.5,0.3,91.5,0,1024,364,1024,1024,,6.233596,0.715264,80,7.785,5.118,N,1.1980672,Calm,
2,204.2,32.8245548,-95.30654746,419,,0,0,0.100000166,-1.1,-0.3,91.6,0,1024,364,1024,1024,,6.233596,0.715264,80,7.785,5.118,N,1.1980672,Calm,
3,204.3,32.82455475,-95.30654747,419,,0,0,0.100000166,-1.3,-0.1,91.7,0,1024,364,1024,1024,,6.233596,0.715264,80,7.785,5.118,N,1.1980672,Calm,
4,204.4,32.82455474,-95.30654745,419,,0,0,0.100000166,-2.1,0.4,91.6,0,1024,364,1024,1024,,6.233596,0.715264,80,7.785,5.118,N,1.1980672,Calm,
0,204.5,32.82455474,-95.30654747,419,,0,0,0.100000166,-2.1,0.6,91.5,0,1024,752,1024,1024,,6.233596,0.715264,80,7.785,5.118,N,1.1980672,Calm,
1,204.6,32.82455474,-95.30654745,419,,0,0,0,-1.6,0.6,91.6,0,1024,1024,1024,1024,,6.233596,0.715264,80,7.785,5.118,N,1.1980672,Calm,
2,204.7,32.82455466,-95.30654738,419,,0,0,0,-1.5,0.3,91.6,0,1024,1024,1024,1024,,6.233596,0.715264,80,7.785,5.118,N,1.0997184,Calm,
3,204.8,32.82455464,-95.30654738,419,,0,0,0,-1.9,0,91.6,0,1024,1024,1024,1024,,6.233596,0.715264,80,7.785,5.078,N,1.0997184,Calm,
4,204.9,32.82455464,-95.30654718,419,,0,0,0,-2.2,0.5,91.6,0,1024,1024,1024,1024,,5.249344,0.759968,80,7.785,5.078,N,1.0997184,Calm,
0,205,32.82455462,-95.30654716,419,,0,0,0,-2.1,0.7,91.6,0,1024,1024,1024,1024,,5.249344,0.759968,80,7.785,5.078,N,1.0997184,Calm,
1,205.1,32.82455465,-95.30654717,419,,0,0,0,-2.2,0.7,91.5,0,1024,1024,1024,1024,,5.249344,0.759968,80,7.785,5.078,N,1.0997184,Calm,
2,205.2,32.82455466,-95.30654717,419,,0,0,0,-2,0.5,91.5,0,1024,1024,1024,1024,,5.249344,0.759968,80,7.785,5.078,N,1.0997184,Calm,
3,205.3,32.82455467,-95.30654707,419,,0,0,0,-1.3,0.5,91.5,0,1024,1024,1024,1024,,5.249344,0.759968,80,7.785,5.078,N,1.0997184,Calm,
4,205.4,32.82455468,-95.30654706,419,,0,0,0,-1,0.5,91.5,0,1024,1024,1024,1024,,5.249344,0.759968,80,7.785,5.078,N,0.9968992,Calm,
0,205.5,32.82455466,-95.30654698,419,,0,0,0,-1.7,0.4,91.4,0,1024,1024,1024,1024,,5.249344,0.759968,80,7.785,5.078,N,0.9968992,Calm,
1,205.6,32.82455464,-95.30654699,419,,0,0,0,-1.7,0.6,91.4,0,1024,1024,1024,1024,,5.249344,0.759968,80,7.785,5.078,N,0.9968992,Calm,
2,205.7,32.82455455,-95.30654699,419,,0,0,0,-1.7,0.3,91.5,0,1024,1024,1024,1024,,5.249344,0.759968,80,7.785,5.078,N,0.9968992,Calm,
3,205.8,32.82455455,-95.306547,419,,0,0,0,-1.6,0,91.5,0,1024,1024,1024,1024,,5.249344,0.759968,80,7.782,5.078,N,0.9968992,Calm,
4,205.9,32.82455456,-95.30654699,419,,0,0,0,-1.6,0.2,91.5,0,1024,1024,1024,1024,,5.249344,0.759968,80,7.782,5.078,N,0.9968992,Calm,
0,206,32.82455456,-95.30654702,419,,0,0,0,-1.5,0,91.5,0,1024,1024,1024,1024,,5.249344,0.759968,80,7.782,5.078,N,0.9968992,Calm,
1,206.1,32.82455466,-95.306547,419,,0,0,0,-1.8,-0.6,91.4,0,1024,1024,1024,1024,,5.249344,0.759968,80,7.782,5.078,N,0.9968992,Calm,
2,206.2,32.82455466,-95.30654703,419,,0,0,0,-1.8,-0.4,91.4,0,1024,1024,1024,1024,,5.249344,0.759968,80,7.782,5.078,N,0.9968992,Calm,
3,206.3,32.82455467,-95.3065469,419,,0,0,0,-1.3,0.1,91.5,0,1024,1024,1024,1024,,5.249344,0.759968,80,7.782,5.078,N,0.9968992,Calm,
4,206.4,32.82455468,-95.30654692,419,,0,0,0,-1.3,-0.2,91.5,0,1024,1024,1024,1024,,5.249344,0.759968,80,7.782,5.078,N,0.8985504,Calm,
0,206.5,32.82455466,-95.306547,419,,0,0,0,-1.2,-0.3,91.5,0,1024,1024,1024,1024,,5.249344,0.759968,80,7.782,5.078,N,0.8985504,Calm,
1,206.6,32.82455468,-95.30654703,419,,0,0,0,-1.1,-0.1,91.5,0,1024,1024,1024,1024,,5.249344,0.759968,80,7.782,5.078,N,0.8985504,Calm,
2,206.7,32.82455467,-95.306547,419,,0,0,0,-1.2,-0.3,91.5,0,1024,1024,1024,1024,,5.249344,0.759968,80,7.782,5.078,N,0.8985504,Calm,
3,206.8,32.82455468,-95.30654703,419,,0,0,0,-0.9,-0.5,91.5,0,1024,1024,1024,1024,,5.249344,0.759968,80,7.782,5.084,N,0.8985504,Calm,
4,206.9,32.82455466,-95.3065469,419,,0,0,0,-1,-0.5,91.5,0,1024,1024,1024,1024,,5.249344,0.804672,80,7.782,5.084,N,0.8985504,Calm,
0,207,32.82455465,-95.30654691,419,,0,0,0,-1,-0.6,91.6,0,1024,1024,1024,1024,,5.249344,0.759968,80,7.782,5.084,N,0.8985504,Calm,
1,207.1,32.82455465,-95.30654679,419,,0,0,0,-1.4,-0.1,91.6,0,1024,1024,1024,1024,,5.249344,0.804672,80,7.782,5.084,N,0.8985504,Calm,
2,207.2,32.82455463,-95.30654679,419,,0,0,0,-1.7,0,91.5,0,1024,1024,1024,1024,,5.249344,0.804672,80,7.782,5.084,N,0.7957312,Calm,
3,207.3,32.82455454,-95.3065468,419,,0,0,0,-2.1,-0.7,91.5,0,1024,1024,1024,1024,,5.249344,0.804672,80,7.782,5.084,N,0.7957312,Calm,
4,207.4,32.82455454,-95.30654681,419,,0,0,0,-1.6,-1,91.5,0,1024,1024,1024,1024,,5.249344,0.804672,80,7.782,5.084,N,0.7957312,Calm,
0,207.5,32.82455456,-95.3065468,419,,0,0,0,-1.3,-0.5,91.6,0,1024,1024,1024,1024,,5.249344,0.804672,80,7.782,5.084,N,0.7957312,Calm,
1,207.6,32.82455456,-95.3065468,419,,0,0,0,-1.2,-0.4,91.6,0,1024,1024,1024,1024,,5.249344,0.804672,80,7.782,5.084,N,0.7957312,Calm,
2,207.7,32.82455456,-95.30654679,419,,0,0,0,-1.5,-0.6,91.6,0,1024,1024,1024,1024,,5.249344,0.804672,80,7.782,5.084,N,0.7957312,Calm,
3,207.8,32.82455456,-95.30654679,419,,0,0,0,-1.5,-0.5,91.6,0,1024,1024,1024,1024,,5.249344,0.804672,80,7.782,5.131,N,0.7957312,Calm,
4,207.9,32.82455466,-95.30654678,419,,0,0,0,-1.5,-0.4,91.7,0,1024,1024,1024,1024,,5.249344,0.804672,80,7.782,5.131,N,0.7957312,Calm,
0,208,32.82455466,-95.30654676,419,,0,0,0,-1.6,-0.6,91.5,0,1024,1024,1024,1024,,5.249344,0.804672,80,7.782,5.131,N,0.7957312,Calm,
1,208.1,32.82455456,-95.30654666,419,,0,0,0,-1.2,0,91.4,0,1024,1024,1024,1024,,5.249344,0.804672,80,7.782,5.131,N,0.7957312,Calm,
2,208.2,32.82455457,-95.30654662,419,,0,0,0,-1,0.4,91.4,0,1024,1024,1024,1024,,5.249344,0.804672,80,7.782,5.131,N,0.6973824,Calm,
3,208.3,32.82455457,-95.30654646,419,,0,0,0,-0.6,0.5,91.5,0,1024,1024,1024,1024,,5.249344,0.849376,80,7.782,5.131,N,0.6973824,Calm,
4,208.4,32.82455459,-95.30654643,419,,0,0,0,-0.4,0.7,91.4,0,1024,1024,1024,1024,,5.249344,0.849376,80,7.782,5.131,N,0.6973824,Calm,
0,208.5,32.82455457,-95.30654636,419,,0,0,0,-0.5,0.7,91.3,0,1024,1024,1024,1024,,5.249344,0.849376,80,7.782,5.131,N,0.6973824,Calm,
1,208.6,32.82455456,-95.30654634,419,,0,0,0,-0.2,0.5,91.4,0,1024,1024,1024,1024,,5.249344,0.849376,80,7.782,5.131,N,0.6973824,Calm,
2,208.7,32.82455465,-95.30654627,419,,0,0,0,-0.8,0.4,91.4,0,1024,1024,1024,1024,,5.249344,0.849376,80,7.782,5.131,N,0.6973824,Calm,
3,208.8,32.82455464,-95.30654627,419,,0,0,0,-1,0.4,91.3,0,1024,1024,1024,1024,,5.249344,0.849376,80,7.782,5.131,N,0.6973824,Calm,
4,208.9,32.82455455,-95.30654628,419,,0,0,0,-1.3,0.4,91.4,0,1024,1024,1024,1024,,5.249344,0.849376,80,7.782,5.131,N,0.6973824,Calm,
0,209,32.82455455,-95.30654629,419,,0,0,0,-1.2,0,91.4,0,1024,1024,1024,1024,,5.249344,0.849376,80,7.782,5.131,N,0.6973824,Calm,
1,209.1,32.82455456,-95.30654629,419,,0,0,0,-0.7,-0.2,91.5,0,1024,1024,1024,1024,,5.249344,0.849376,80,7.779,5.131,N,0.6973824,Calm,
2,209.2,32.82455456,-95.30654631,419,,0,0,0,-0.9,-0.3,91.6,0,1024,1024,1024,1024,,5.249344,0.849376,80,7.779,5.131,N,0.6973824,Calm,
3,209.3,32.82455455,-95.30654629,419,,0,0,0,-1.4,-0.1,91.6,0,1024,1024,1024,1024,,5.249344,0.849376,80,7.779,5.131,N,0.5990336,Calm,
4,209.4,32.82455454,-95.30654631,419,,0,0,0,-1.2,-0.2,91.7,0,1024,1024,1024,1024,,5.249344,0.849376,80,7.779,5.131,N,0.5990336,Calm,
0,209.5,32.82455444,-95.30654629,419,,0,0,0,-1.2,-0.2,91.7,0,1024,1024,1024,1024,,5.249344,0.89408,80,7.779,5.131,N,0.5990336,Calm,
1,209.6,32.82455441,-95.30654628,419,,0,0,0,-2.1,0.2,91.6,0,1024,1024,1024,1024,,5.249344,0.89408,80,7.779,5.131,N,0.5990336,Calm,
2,209.7,32.82455445,-95.30654626,419,,0,0,0,-2.2,0.6,91.4,0,1024,1024,1024,1024,,5.249344,0.89408,80,7.779,5.131,N,0.5990336,Calm,
3,209.8,32.82455445,-95.30654623,419,,0,0,0,-1.4,0.5,91.4,0,1024,1024,1024,1024,,5.249344,0.89408,80,7.779,5.111,N,0.5990336,Calm,
4,209.9,32.82455446,-95.30654615,419,,0,0,0,-0.9,0.5,91.4,0,1024,1024,1024,1024,,5.249344,0.89408,80,7.779,5.111,N,0.5990336,Calm,
0,210,32.82455446,-95.30654611,419,,0,0,0,-0.8,1.1,91.4,0,1024,1024,1024,1024,,5.249344,0.89408,80,7.779,5.111,N,0.5990336,Calm,
1,210.1,32.82455445,-95.30654606,419,,0,0,0.100000166,-1.1,1.3,91.3,0,1024,1024,1024,1024,,5.249344,0.89408,80,7.779,5.111,N,0.5990336,Calm,
2,210.2,32.82455445,-95.30654604,419,,0,0,0.200000332,-1.2,1,91.3,0,1024,1024,1024,1024,,5.249344,0.89408,80,7.779,5.111,N,0.5990336,Calm,
3,210.3,32.82455435,-95.30654598,418,,0,0,0.300000497,-1.4,0.1,91.3,0,1024,1024,1024,1024,,5.249344,0.938784,80,7.779,5.111,N,0.5990336,Calm,
4,210.4,32.82455434,-95.30654598,418,,0,0,0.300000497,-1.7,0,91.4,0,1024,1024,1024,1024,,4.265092,0.938784,80,7.779,5.111,N,0.5990336,Calm,
0,210.5,32.82455435,-95.30654599,418,,0,0,0.300000497,-1.1,0.2,91.5,0,1024,1024,1024,1024,,4.265092,0.938784,80,7.779,5.111,N,0.5990336,Calm,
1,210.6,32.82455433,-95.30654601,418,,0,0,0.300000497,-1,0.3,91.6,0,1024,1024,1024,1024,,2.952756,0.89408,80,7.779,5.111,N,0.5990336,Calm,
2,210.7,32.82455434,-95.30654599,418,,0,0,0.300000497,-1.7,0.3,91.7,0,1024,1024,1024,1024,,2.952756,0.938784,80,7.779,5.111,N,0.5990336,Calm,
3,210.8,32.82455431,-95.30654601,418,,0,0,0.300000497,-2.1,0,91.7,0,1024,1024,1024,1024,,2.952756,0.89408,80,7.779,5.111,N,0.5990336,Calm,
4,210.9,32.82455434,-95.306546,418,,0,0,0.200000332,-2.1,-0.2,91.7,0,1024,1024,1024,1024,,2.952756,0.89408,80,7.782,5.111,N,0.5990336,Calm,
0,211,32.82455434,-95.30654602,418,,0,0,0.200000332,-1.6,-0.6,91.7,0,1024,1024,1024,1024,,1.968504,0.89408,80,7.782,5.111,N,0.5990336,Calm,
1,211.1,32.82455436,-95.30654599,418,,0,0,0.200000332,-0.7,-0.3,91.7,0,1024,1024,1024,1024,,1.968504,0.89408,80,7.782,5.111,N,0.5990336,Calm,
2,211.2,32.82455435,-95.30654599,417,,0,0,0.200000332,-1.2,0.3,91.6,0,1024,1024,1024,1024,,1.968504,0.938784,80,7.782,5.111,N,0.5990336,Calm,
3,211.3,32.82455435,-95.30654589,417,,0,0,0.200000332,-2,0.1,91.5,0,1024,1024,1024,1024,,1.968504,0.938784,80,7.782,5.111,N,0.5990336,Calm,
4,211.4,32.82455435,-95.30654588,417,,0,0,0.200000332,-2,-0.3,91.3,0,1024,1024,1024,1024,,0.984252,0.938784,80,7.782,5.111,N,0.5990336,Calm,
0,211.5,32.82455436,-95.30654587,417,,0,0,0.200000332,-1.2,-0.1,91.4,0,1024,1024,1024,1024,,0.984252,0.938784,80,7.782,5.111,N,0.5990336,Calm,
1,211.6,32.82455437,-95.30654594,417,,0,0,0.200000332,-0.9,0,91.5,0,1024,1024,1024,1024,,0.984252,0.938784,80,7.782,5.111,N,0.5990336,Calm,
2,211.7,32.82455427,-95.30654574,417,,0,0,0.100000166,-1.7,1.4,91.5,0,1024,1024,1024,1024,,0.984252,0.938784,80,7.782,5.111,N,0.4962144,Calm,
3,211.8,32.8245543,-95.30654569,417,,0,0,0.200000332,-1.4,1.6,91.4,0,1024,1024,1024,1024,,0.984252,0.938784,80,7.782,5.047,N,0.4962144,Calm,
4,211.9,32.8245543,-95.30654564,417,,0,0,0.100000166,-0.2,1.3,91.5,0,1024,1024,1024,1024,,0,0.983488,80,7.782,5.047,N,0.4962144,Calm,
0,212,32.82455435,-95.30654559,417,,0,0,0.100000166,0.7,1.3,91.4,0,1024,1024,1024,1024,,0,0.983488,80,7.782,5.047,N,0.4962144,Calm,
1,212.1,32.82455438,-95.30654565,417,,0,0,0,0.6,-0.4,91.2,0,1024,1024,1024,1024,,0,0.938784,80,7.782,5.047,N,0.4962144,Calm,
2,212.2,32.82455438,-95.3065456,417,,0,0,0,0.1,0.1,91.2,0,1024,1024,1024,1024,,0,0.983488,80,7.782,5.047,N,0.4962144,Calm,
3,212.3,32.82455436,-95.30654555,417,,0,0,0,-0.1,-0.7,91,0,1024,1024,1024,1024,,0,0.983488,80,7.782,5.047,N,0.3978656,Calm,
4,212.4,32.82455435,-95.30654555,417,,0,0,0,0,-0.8,90.9,0,1024,1024,1024,1024,,0,0.983488,80,7.782,5.047,N,0.3978656,Calm,
0,212.5,32.82455426,-95.30654559,417,,0,0,0,0,-0.7,90.9,0,1024,1024,1024,1024,,0,0.983488,80,7.782,5.047,N,0.3978656,Calm,
1,212.6,32.82455427,-95.30654559,417,,0,0,0,-0.1,-0.8,90.9,0,1024,1024,1024,1024,,0,0.983488,80,7.782,5.047,N,0.2995168,Calm,
2,212.7,32.82455427,-95.30654568,417,,0,0,0,-0.1,-0.8,90.9,0,1024,1024,1024,1024,,0,0.938784,80,7.782,5.047,N,0.2995168,Calm,
3,212.8,32.82455429,-95.30654567,417,,0,0,0,-0.1,-0.7,90.9,0,1024,1024,1024,1024,,0,0.938784,80,7.769,3.778,N,0,Calm,
